timestamp,container_fs_usage_bytes,container_memory_rss,container_memory_usage_bytes,container_memory_working_set_bytes,container_cpu_system_seconds_total,container_cpu_usage_seconds_total,container_cpu_user_seconds_total,container_network_receive_bytes_total,container_network_receive_errors_total,container_network_receive_packets_dropped_total,container_network_receive_packets_total,container_network_transmit_bytes_total,container_network_transmit_errors_total,container_network_transmit_packets_dropped_total,container_network_transmit_packets_total,container_fs_io_time_seconds_total,container_memory_failures_total,container_memory_failcnt,container_fs_write_seconds_total
2023-03-28 12:40:03.987000+00:00,966656.0,32165888.0,36491264.0,36491264.0,1.72,0.024090557,8.2,926728.0,0.0,0.0,5639.0,1376696.0,0.0,0.0,6033.0,0.0,0.0,0.0,0.0
2023-03-28 12:40:08.596000+00:00,966656.0,32165888.0,36491264.0,36552704.0,1.74,0.024090557,8.26,927531.0,0.0,0.0,5643.0,1381237.0,0.0,0.0,6038.0,0.0,0.0,0.0,0.0
2023-03-28 12:40:14.563000+00:00,966656.0,32489472.0,36892672.0,36892672.0,1.74,0.024090557,8.35,946024.0,0.0,0.0,5757.0,1406247.0,0.0,0.0,6163.0,0.0,0.0,0.0,0.0
2023-03-28 12:40:18.853000+00:00,966656.0,32489472.0,36892672.0,36249600.0,1.78,0.024090557,8.45,955202.0,0.0,0.0,5813.0,1420734.0,0.0,0.0,6222.0,0.0,0.0,0.0,0.0
2023-03-28 12:40:24.231000+00:00,966656.0,32092160.0,36405248.0,36405248.0,1.79,0.024090557,8.49,971961.0,0.0,0.0,5911.0,1443449.0,0.0,0.0,6331.0,0.0,0.0,0.0,0.0
2023-03-28 12:40:29.051000+00:00,966656.0,32092160.0,36405248.0,36405248.0,1.82,0.024090557,8.58,971961.0,0.0,0.0,5911.0,1443449.0,0.0,0.0,6331.0,0.0,0.0,0.0,0.0
2023-03-28 12:40:33.966000+00:00,966656.0,32309248.0,36630528.0,36630528.0,1.82,0.024090557,8.62,988623.0,0.0,0.0,6009.0,1470041.0,0.0,0.0,6437.0,0.0,0.0,0.0,0.0
2023-03-28 12:40:39.504000+00:00,966656.0,32874496.0,37195776.0,37195776.0,1.86,0.024090557,8.72,998639.0,0.0,0.0,6069.0,1485116.0,0.0,0.0,6504.0,0.0,0.0,0.0,0.0
2023-03-28 12:40:43.811000+00:00,966656.0,32542720.0,36737024.0,36737024.0,1.87,0.024090557,8.76,1007692.0,0.0,0.0,6125.0,1499470.0,0.0,0.0,6563.0,0.0,0.0,0.0,0.0
2023-03-28 12:40:48.810000+00:00,966656.0,32202752.0,36515840.0,36515840.0,1.9,0.024090557,8.87,1016158.0,0.0,0.0,6175.0,1512845.0,0.0,0.0,6618.0,0.0,0.0,0.0,0.0
2023-03-28 12:40:53.516000+00:00,1105920.0,32399360.0,36651008.0,36651008.0,1.92,0.024090557,8.89,1017015.0,0.0,0.0,6180.0,1517461.0,0.0,0.0,6624.0,0.0,0.0,0.0,0.0
2023-03-28 12:40:59.077000+00:00,1105920.0,32399360.0,36790272.0,36790272.0,1.97,0.024090557,8.99,1034226.0,0.0,0.0,6286.0,1541016.0,0.0,0.0,6739.0,0.0,0.0,0.0,0.0
2023-03-28 12:41:04.271000+00:00,1105920.0,32702464.0,36925440.0,36925440.0,1.97,0.024090557,9.0,1035465.0,0.0,0.0,6292.0,1545874.0,0.0,0.0,6748.0,0.0,0.0,0.0,0.0
2023-03-28 12:41:09.726000+00:00,1105920.0,31997952.0,36233216.0,36233216.0,1.99,0.024090557,9.06,1036268.0,0.0,0.0,6296.0,1550416.0,0.0,0.0,6753.0,0.0,0.0,0.0,0.0
2023-03-28 12:41:14.358000+00:00,1105920.0,32559104.0,36843520.0,36843520.0,2.0,0.024090557,9.1,1045630.0,0.0,0.0,6354.0,1564964.0,0.0,0.0,6816.0,0.0,0.0,0.0,0.0
2023-03-28 12:41:19.073000+00:00,1105920.0,32559104.0,36950016.0,36950016.0,2.04,0.024090557,9.1,1062288.0,0.0,0.0,6457.0,1588072.0,0.0,0.0,6926.0,0.0,0.0,0.0,0.0
2023-03-28 12:41:24.498000+00:00,1105920.0,32452608.0,36642816.0,36642816.0,2.05,0.024090557,9.25,1071297.0,0.0,0.0,6510.0,1601763.0,0.0,0.0,6985.0,0.0,0.0,0.0,0.0
2023-03-28 12:41:29.713000+00:00,1105920.0,32452608.0,36642816.0,36642816.0,2.07,0.024090557,9.36,1071297.0,0.0,0.0,6510.0,1601763.0,0.0,0.0,6985.0,0.0,0.0,0.0,0.0
2023-03-28 12:41:34.525000+00:00,1105920.0,32378880.0,36646912.0,36646912.0,2.08,0.024090557,9.39,1096827.0,0.0,0.0,6665.0,1638345.0,0.0,0.0,7151.0,0.0,0.0,0.0,0.0
2023-03-28 12:41:38.600000+00:00,1105920.0,32378880.0,36646912.0,36687872.0,2.12,0.024090557,9.6,1137434.0,0.0,0.0,6913.0,1689138.0,0.0,0.0,7417.0,0.0,0.0,0.0,0.0
2023-03-28 12:41:44.378000+00:00,1105920.0,32694272.0,36925440.0,36925440.0,2.13,0.024090557,9.68,1162664.0,0.0,0.0,7065.0,1721627.0,0.0,0.0,7582.0,0.0,0.0,0.0,0.0
2023-03-28 12:41:49.787000+00:00,1273856.0,32182272.0,36405248.0,36405248.0,2.18,0.024090557,9.83,1180904.0,0.0,0.0,7179.0,1746432.0,0.0,0.0,7704.0,0.0,0.0,0.0,0.0
2023-03-28 12:41:54.665000+00:00,1273856.0,32690176.0,36880384.0,36880384.0,2.2,0.024090557,9.9,1205910.0,0.0,0.0,7331.0,1778892.0,0.0,0.0,7868.0,0.0,0.0,0.0,0.0
2023-03-28 12:41:59.348000+00:00,1273856.0,32690176.0,36880384.0,36880384.0,2.23,0.024090557,10.01,1205910.0,0.0,0.0,7331.0,1778892.0,0.0,0.0,7868.0,0.0,0.0,0.0,0.0
2023-03-28 12:42:04.250000+00:00,1273856.0,32141312.0,36360192.0,36360192.0,2.23,0.024090557,10.03,1224737.0,0.0,0.0,7448.0,1807961.0,0.0,0.0,7993.0,0.0,0.0,0.0,0.0
2023-03-28 12:42:08.097000+00:00,1273856.0,32239616.0,36474880.0,36474880.0,2.23,0.024090557,10.03,1225104.0,0.0,0.0,7450.0,1812188.0,0.0,0.0,7994.0,0.0,0.0,0.0,0.0
2023-03-28 12:42:13.800000+00:00,1273856.0,32174080.0,36552704.0,36552704.0,2.29,0.024090557,10.14,1251548.0,0.0,0.0,7616.0,1846679.0,0.0,0.0,8173.0,0.0,0.0,0.0,0.0
2023-03-28 12:42:18.194000+00:00,1273856.0,32174080.0,37036032.0,37036032.0,2.3,0.024090557,10.22,1278359.0,0.0,0.0,7783.0,1881450.0,0.0,0.0,8351.0,0.0,0.0,0.0,0.0
2023-03-28 12:42:24.914000+00:00,1273856.0,32612352.0,36806656.0,36806656.0,2.34,0.024090557,10.35,1304593.0,0.0,0.0,7943.0,1915304.0,0.0,0.0,8525.0,0.0,0.0,0.0,0.0
2023-03-28 12:42:29.006000+00:00,1273856.0,32612352.0,36806656.0,36806656.0,2.34,0.024090557,10.35,1304593.0,0.0,0.0,7943.0,1915304.0,0.0,0.0,8525.0,0.0,0.0,0.0,0.0
2023-03-28 12:42:34.606000+00:00,1273856.0,32436224.0,36765696.0,36765696.0,2.35,0.024090557,10.47,1314052.0,0.0,0.0,7997.0,1933415.0,0.0,0.0,8585.0,0.0,0.0,0.0,0.0
2023-03-28 12:42:38.703000+00:00,1273856.0,32436224.0,36765696.0,36769792.0,2.35,0.024090557,10.48,1314419.0,0.0,0.0,7999.0,1937642.0,0.0,0.0,8586.0,0.0,0.0,0.0,0.0
2023-03-28 12:42:43.148000+00:00,1273856.0,32686080.0,36945920.0,36945920.0,2.36,0.024090557,10.54,1315222.0,0.0,0.0,8003.0,1942185.0,0.0,0.0,8591.0,0.0,0.0,0.0,0.0
2023-03-28 12:42:49.651000+00:00,1273856.0,32530432.0,37195776.0,37195776.0,2.38,0.024090557,10.54,1324252.0,0.0,0.0,8057.0,1955879.0,0.0,0.0,8650.0,0.0,0.0,0.0,0.0
2023-03-28 12:42:54.404000+00:00,1421312.0,32677888.0,36986880.0,36986880.0,2.39,0.024090557,10.64,1325139.0,0.0,0.0,8063.0,1960506.0,0.0,0.0,8657.0,0.0,0.0,0.0,0.0
2023-03-28 12:42:58.874000+00:00,1421312.0,32677888.0,36986880.0,36986880.0,2.39,0.024090557,10.68,1325139.0,0.0,0.0,8063.0,1960506.0,0.0,0.0,8657.0,0.0,0.0,0.0,0.0
2023-03-28 12:43:04.516000+00:00,1421312.0,32645120.0,36872192.0,36872192.0,2.41,0.024090557,10.8,1351777.0,0.0,0.0,8225.0,1998677.0,0.0,0.0,8833.0,0.0,0.0,0.0,0.0
2023-03-28 12:43:08.967000+00:00,1421312.0,32317440.0,36749312.0,36749312.0,2.43,0.024090557,10.82,1359939.0,0.0,0.0,8273.0,2011873.0,0.0,0.0,8884.0,0.0,0.0,0.0,0.0
2023-03-28 12:43:13.364000+00:00,1421312.0,32993280.0,37240832.0,37240832.0,2.46,0.024090557,10.92,1369331.0,0.0,0.0,8331.0,2026443.0,0.0,0.0,8947.0,0.0,0.0,0.0,0.0
2023-03-28 12:43:19.553000+00:00,1421312.0,32362496.0,36679680.0,36679680.0,2.46,0.024090557,10.98,1387642.0,0.0,0.0,8445.0,2051260.0,0.0,0.0,9072.0,0.0,0.0,0.0,0.0
2023-03-28 12:43:24.155000+00:00,1421312.0,32497664.0,36913152.0,36913152.0,2.49,0.024090557,11.05,1388009.0,0.0,0.0,8447.0,2055487.0,0.0,0.0,9073.0,0.0,0.0,0.0,0.0
2023-03-28 12:43:29.805000+00:00,1421312.0,33062912.0,37253120.0,36913152.0,2.49,0.024090557,11.08,1388009.0,0.0,0.0,8447.0,2055487.0,0.0,0.0,9073.0,0.0,0.0,0.0,0.0
2023-03-28 12:43:34.861000+00:00,1421312.0,32362496.0,36560896.0,36560896.0,2.52,0.024090557,11.14,1398591.0,0.0,0.0,8511.0,2074864.0,0.0,0.0,9145.0,0.0,0.0,0.0,0.0
2023-03-28 12:43:39.373000+00:00,1421312.0,32919552.0,37203968.0,37203968.0,2.53,0.024090557,11.17,1408029.0,0.0,0.0,8569.0,2089490.0,0.0,0.0,9208.0,0.0,0.0,0.0,0.0
2023-03-28 12:43:44.157000+00:00,1421312.0,33103872.0,37474304.0,37474304.0,2.55,0.024090557,11.29,1424856.0,0.0,0.0,8671.0,2112786.0,0.0,0.0,9317.0,0.0,0.0,0.0,0.0
2023-03-28 12:43:49.258000+00:00,1548288.0,33103872.0,37208064.0,37208064.0,2.58,0.024090557,11.36,1442637.0,0.0,0.0,8778.0,2136826.0,0.0,0.0,9435.0,0.0,0.0,0.0,0.0
2023-03-28 12:43:54.499000+00:00,1548288.0,32817152.0,37130240.0,37130240.0,2.59,0.024090557,11.46,1459766.0,0.0,0.0,8884.0,2160294.0,0.0,0.0,9550.0,0.0,0.0,0.0,0.0
2023-03-28 12:43:59.350000+00:00,1548288.0,32817152.0,37130240.0,37130240.0,2.61,0.024090557,11.54,1459766.0,0.0,0.0,8884.0,2160294.0,0.0,0.0,9550.0,0.0,0.0,0.0,0.0
2023-03-28 12:44:03.296000+00:00,1548288.0,32874496.0,37216256.0,37216256.0,2.63,0.024090557,11.59,1477129.0,0.0,0.0,8990.0,2187878.0,0.0,0.0,9664.0,0.0,0.0,0.0,0.0
2023-03-28 12:44:08.795000+00:00,1548288.0,32874496.0,37216256.0,37216256.0,2.64,0.024090557,11.62,1477129.0,0.0,0.0,9056.0,2203848.0,0.0,0.0,9735.0,0.0,0.0,0.0,0.0
2023-03-28 12:44:13.254000+00:00,1548288.0,32927744.0,37785600.0,37785600.0,2.65,0.024090557,11.69,1488434.0,0.0,0.0,9060.0,2208391.0,0.0,0.0,9740.0,0.0,0.0,0.0,0.0
2023-03-28 12:44:19.648000+00:00,1548288.0,32927744.0,37785600.0,37261312.0,2.66,0.024090557,11.69,1489673.0,0.0,0.0,9066.0,2213250.0,0.0,0.0,9749.0,0.0,0.0,0.0,0.0
2023-03-28 12:44:24.331000+00:00,1548288.0,32808960.0,37339136.0,37339136.0,2.68,0.024090557,11.78,1499083.0,0.0,0.0,9124.0,2227843.0,0.0,0.0,9812.0,0.0,0.0,0.0,0.0
2023-03-28 12:44:29.146000+00:00,1548288.0,32808960.0,37339136.0,37339136.0,2.68,0.024090557,11.81,1499083.0,0.0,0.0,9124.0,2227843.0,0.0,0.0,9812.0,0.0,0.0,0.0,0.0
2023-03-28 12:44:33.594000+00:00,1548288.0,32571392.0,36802560.0,36802560.0,2.68,0.024090557,11.82,1508825.0,0.0,0.0,9184.0,2246623.0,0.0,0.0,9876.0,0.0,0.0,0.0,0.0
2023-03-28 12:44:39.713000+00:00,1548288.0,32673792.0,36986880.0,36986880.0,2.7,0.024090557,11.98,1540718.0,0.0,0.0,9375.0,2286456.0,0.0,0.0,10081.0,0.0,0.0,0.0,0.0
2023-03-28 12:44:44.120000+00:00,1548288.0,32808960.0,37601280.0,37601280.0,2.72,0.024090557,12.05,1541085.0,0.0,0.0,9377.0,2290683.0,0.0,0.0,10082.0,0.0,0.0,0.0,0.0
2023-03-28 12:44:48.622000+00:00,1662976.0,32555008.0,36769792.0,36769792.0,2.72,0.024090557,12.07,1550435.0,0.0,0.0,9435.0,2305216.0,0.0,0.0,10145.0,0.0,0.0,0.0,0.0
2023-03-28 12:44:54.794000+00:00,1662976.0,32796672.0,37421056.0,37421056.0,2.76,0.024090557,12.13,1551812.0,0.0,0.0,9444.0,2310233.0,0.0,0.0,10157.0,0.0,0.0,0.0,0.0
2023-03-28 12:44:58.986000+00:00,1662976.0,32796672.0,37421056.0,37421056.0,2.77,0.024090557,12.2,1551812.0,0.0,0.0,9444.0,2310233.0,0.0,0.0,10157.0,0.0,201219.0,0.0,0.0
2023-03-28 12:45:04.013000+00:00,1662976.0,33189888.0,37470208.0,37470208.0,2.78,0.024090557,12.25,1585689.0,0.0,0.0,9650.0,2356863.0,0.0,0.0,10378.0,0.0,0.0,0.0,0.0
2023-03-28 12:45:08.126000+00:00,1662976.0,33189888.0,37322752.0,37322752.0,2.8,0.024090557,12.36,1594243.0,0.0,0.0,9701.0,2370249.0,0.0,0.0,10433.0,0.0,0.0,0.0,0.0
2023-03-28 12:45:14.168000+00:00,1662976.0,33271808.0,37531648.0,37531648.0,2.82,0.024090557,12.4,1612419.0,0.0,0.0,9813.0,2395052.0,0.0,0.0,10554.0,0.0,0.0,0.0,0.0
2023-03-28 12:45:19.655000+00:00,1662976.0,33271808.0,37556224.0,37556224.0,2.84,0.024090557,12.52,1622271.0,0.0,0.0,9873.0,2409967.0,0.0,0.0,10621.0,0.0,0.0,0.0,0.0
2023-03-28 12:45:24.827000+00:00,1662976.0,33763328.0,37986304.0,37986304.0,2.84,0.024090557,12.55,1631697.0,0.0,0.0,9931.0,2424581.0,0.0,0.0,10684.0,0.0,0.0,0.0,0.0
2023-03-28 12:45:29.808000+00:00,1662976.0,33587200.0,37998592.0,37998592.0,2.86,0.025484829,12.65,1631697.0,0.0,0.0,9931.0,2424581.0,0.0,0.0,10684.0,0.0,0.0,0.0,0.0
2023-03-28 12:45:33.090000+00:00,1662976.0,33861632.0,38096896.0,38096896.0,2.87,0.025484829,12.72,1657947.0,0.0,0.0,10092.0,2462352.0,0.0,0.0,10855.0,0.0,0.0,0.0,0.0
2023-03-28 12:45:39.388000+00:00,1662976.0,33849344.0,38338560.0,38338560.0,2.92,0.025484829,12.86,1683445.0,0.0,0.0,10245.0,2495113.0,0.0,0.0,11021.0,0.0,0.0,0.0,0.0
2023-03-28 12:45:44.459000+00:00,1662976.0,33861632.0,38121472.0,38121472.0,2.92,0.025484829,12.91,1691953.0,0.0,0.0,10295.0,2508517.0,0.0,0.0,11076.0,0.0,0.0,0.0,0.0
2023-03-28 12:45:48.578000+00:00,1662976.0,33861632.0,38305792.0,38305792.0,2.93,0.025484829,12.91,1692320.0,0.0,0.0,10297.0,2512744.0,0.0,0.0,11077.0,0.0,0.0,0.0,0.0
2023-03-28 12:45:54.698000+00:00,1810432.0,34676736.0,38973440.0,38973440.0,2.95,0.025484829,13.02,1702334.0,0.0,0.0,10360.0,2527847.0,0.0,0.0,11147.0,0.0,0.0,0.0,0.0
2023-03-28 12:45:58.873000+00:00,1810432.0,34676736.0,38973440.0,38973440.0,2.98,0.025484829,13.11,1702334.0,0.0,0.0,10360.0,2527847.0,0.0,0.0,11147.0,0.0,0.0,0.0,0.0
2023-03-28 12:46:04.461000+00:00,1810432.0,33685504.0,38039552.0,38039552.0,3.0,0.025484829,13.23,1719342.0,0.0,0.0,10460.0,2554667.0,0.0,0.0,11257.0,0.0,0.0,0.0,0.0
2023-03-28 12:46:09.431000+00:00,1810432.0,33837056.0,38219776.0,38219776.0,3.02,0.025484829,13.29,1720145.0,0.0,0.0,10464.0,2559210.0,0.0,0.0,11262.0,0.0,0.0,0.0,0.0
2023-03-28 12:46:14.706000+00:00,1810432.0,33947648.0,38207488.0,38207488.0,3.02,0.025484829,13.3,1720948.0,0.0,0.0,10468.0,2563753.0,0.0,0.0,11267.0,0.0,0.0,0.0,0.0
2023-03-28 12:46:19.321000+00:00,1810432.0,33947648.0,38207488.0,38055936.0,3.07,0.025484829,13.4,1730352.0,0.0,0.0,10526.0,2578339.0,0.0,0.0,11330.0,0.0,0.0,0.0,0.0
2023-03-28 12:46:24.619000+00:00,1810432.0,33718272.0,37986304.0,37986304.0,3.07,0.025484829,13.4,1731155.0,0.0,0.0,10530.0,2582882.0,0.0,0.0,11335.0,0.0,0.0,0.0,0.0
2023-03-28 12:46:29.013000+00:00,1810432.0,33861632.0,37986304.0,37986304.0,3.08,0.025484829,13.48,1731155.0,0.0,0.0,10530.0,2582882.0,0.0,0.0,11335.0,0.0,0.0,0.0,0.0
2023-03-28 12:46:33.619000+00:00,1810432.0,33964032.0,38268928.0,38268928.0,3.08,0.025484829,13.48,1732325.0,0.0,0.0,10536.0,2591652.0,0.0,0.0,11341.0,0.0,0.0,0.0,0.0
2023-03-28 12:46:39.199000+00:00,1810432.0,33800192.0,38043648.0,38043648.0,3.11,0.025484829,13.6,1750226.0,0.0,0.0,10648.0,2616151.0,0.0,0.0,11462.0,0.0,0.0,0.0,0.0
2023-03-28 12:46:43.599000+00:00,1810432.0,33394688.0,37666816.0,37666816.0,3.11,0.025484829,13.63,1758720.0,0.0,0.0,10698.0,2629551.0,0.0,0.0,11517.0,0.0,0.0,0.0,0.0
2023-03-28 12:46:49.182000+00:00,1810432.0,33566720.0,39993344.0,39993344.0,3.16,0.025484829,13.78,1795603.0,0.0,0.0,10913.0,2674827.0,0.0,0.0,11746.0,0.0,0.0,0.0,0.0
2023-03-28 12:46:54.254000+00:00,1912832.0,33980416.0,38223872.0,38223872.0,3.19,0.025484829,13.9,1834063.0,0.0,0.0,11157.0,2723327.0,0.0,0.0,12008.0,0.0,0.0,0.0,0.0
2023-03-28 12:46:59.844000+00:00,1912832.0,33656832.0,38223872.0,38223872.0,3.22,0.025484829,13.99,1834063.0,0.0,0.0,11157.0,2723327.0,0.0,0.0,12008.0,0.0,0.0,0.0,0.0
2023-03-28 12:47:04.864000+00:00,1912832.0,34299904.0,38653952.0,38653952.0,3.24,0.025484829,14.02,1851089.0,0.0,0.0,11259.0,2750157.0,0.0,0.0,12120.0,0.0,0.0,0.0,0.0
2023-03-28 12:47:08.987000+00:00,1912832.0,34299904.0,38371328.0,38371328.0,3.26,0.025484829,14.11,1860015.0,0.0,0.0,11315.0,2764390.0,0.0,0.0,12179.0,0.0,0.0,0.0,0.0
2023-03-28 12:47:14.266000+00:00,1912832.0,33640448.0,38002688.0,38002688.0,3.28,0.025484829,14.14,1868941.0,0.0,0.0,11367.0,2778096.0,0.0,0.0,12238.0,0.0,0.0,0.0,0.0
2023-03-28 12:47:19.521000+00:00,1912832.0,34263040.0,38944768.0,38944768.0,3.3,0.025484829,14.23,1878264.0,0.0,0.0,11425.0,2792590.0,0.0,0.0,12301.0,0.0,0.0,0.0,0.0
2023-03-28 12:47:24.107000+00:00,1912832.0,34279424.0,38514688.0,38514688.0,3.32,0.025484829,14.31,1895029.0,0.0,0.0,11527.0,2815828.0,0.0,0.0,12410.0,0.0,0.0,0.0,0.0
2023-03-28 12:47:29.423000+00:00,1912832.0,35893248.0,38600704.0,38514688.0,3.33,0.025484829,14.42,1895029.0,0.0,0.0,11527.0,2815828.0,0.0,0.0,12410.0,0.0,0.0,0.0,0.0
2023-03-28 12:47:33.600000+00:00,1912832.0,34058240.0,38338560.0,38338560.0,3.33,0.025484829,14.42,1904364.0,0.0,0.0,11581.0,2833805.0,0.0,0.0,12470.0,0.0,0.0,0.0,0.0
2023-03-28 12:47:38.458000+00:00,1912832.0,33722368.0,37998592.0,37998592.0,3.33,0.025484829,14.44,1912834.0,0.0,0.0,11631.0,2847181.0,0.0,0.0,12525.0,0.0,0.0,0.0,0.0
2023-03-28 12:47:44.579000+00:00,1912832.0,33886208.0,38305792.0,38305792.0,3.35,0.025484829,14.51,1914073.0,0.0,0.0,11637.0,2852040.0,0.0,0.0,12534.0,0.0,0.0,0.0,0.0
2023-03-28 12:47:48.881000+00:00,1912832.0,33886208.0,37765120.0,37765120.0,3.36,0.025484829,14.56,1922217.0,0.0,0.0,11686.0,2865074.0,0.0,0.0,12584.0,0.0,0.0,0.0,0.0
2023-03-28 12:47:54.429000+00:00,2043904.0,33783808.0,38154240.0,38154240.0,3.4,0.025484829,14.69,1940402.0,0.0,0.0,11796.0,2889380.0,0.0,0.0,12703.0,0.0,0.0,0.0,0.0
2023-03-28 12:47:58.594000+00:00,2043904.0,33783808.0,38154240.0,38154240.0,3.4,0.025484829,14.72,1940402.0,0.0,0.0,11796.0,2889380.0,0.0,0.0,12703.0,0.0,0.0,0.0,0.0
2023-03-28 12:48:03.942000+00:00,2043904.0,34037760.0,38400000.0,38400000.0,3.41,0.025484829,14.8,1958012.0,0.0,0.0,11902.0,2917196.0,0.0,0.0,12817.0,0.0,0.0,0.0,0.0
2023-03-28 12:48:08.282000+00:00,2043904.0,34037760.0,38400000.0,38416384.0,3.41,0.025484829,14.81,1958815.0,0.0,0.0,11906.0,2921739.0,0.0,0.0,12822.0,0.0,0.0,0.0,0.0
2023-03-28 12:48:14.480000+00:00,2043904.0,34332672.0,38699008.0,38699008.0,3.43,0.025484829,14.9,1976339.0,0.0,0.0,12012.0,2945498.0,0.0,0.0,12939.0,0.0,0.0,0.0,0.0
2023-03-28 12:48:19.557000+00:00,2043904.0,34332672.0,37937152.0,37937152.0,3.44,0.025484829,14.9,1977142.0,0.0,0.0,12016.0,2950051.0,0.0,0.0,12944.0,0.0,0.0,0.0,0.0
2023-03-28 12:48:24.116000+00:00,2043904.0,34095104.0,38379520.0,38379520.0,3.47,0.025484829,15.0,1985150.0,0.0,0.0,12064.0,2963095.0,0.0,0.0,12995.0,0.0,0.0,0.0,0.0
2023-03-28 12:48:29.814000+00:00,2043904.0,33869824.0,38109184.0,38109184.0,3.47,0.025484829,15.03,1994996.0,0.0,0.0,12124.0,2978013.0,0.0,0.0,13062.0,0.0,0.0,0.0,0.0
2023-03-28 12:48:34.738000+00:00,2043904.0,33648640.0,38174720.0,38174720.0,3.49,0.025484829,15.12,2004347.0,0.0,0.0,12182.0,2992543.0,0.0,0.0,13125.0,0.0,0.0,0.0,0.0
2023-03-28 12:48:38.920000+00:00,2043904.0,33648640.0,38174720.0,38477824.0,3.5,0.025484829,15.12,2012531.0,0.0,0.0,12230.0,3005765.0,0.0,0.0,13176.0,0.0,0.0,0.0,0.0
2023-03-28 12:48:43.624000+00:00,2043904.0,33832960.0,38146048.0,38146048.0,3.52,0.025484829,15.23,2020989.0,0.0,0.0,12280.0,3019141.0,0.0,0.0,13231.0,0.0,0.0,0.0,0.0
2023-03-28 12:48:48.244000+00:00,2162688.0,33832960.0,38146048.0,38088704.0,3.53,0.025484829,15.26,2034414.0,0.0,0.0,12354.0,3037690.0,0.0,0.0,13309.0,0.0,0.0,0.0,0.0
2023-03-28 12:48:54.306000+00:00,2162688.0,33718272.0,38105088.0,38105088.0,3.57,0.025484829,15.44,2049155.0,0.0,0.0,12454.0,3058909.0,0.0,0.0,13419.0,0.0,0.0,0.0,0.0
2023-03-28 12:48:59.762000+00:00,2162688.0,33824768.0,38105088.0,38105088.0,3.57,0.025484829,15.44,2049155.0,0.0,0.0,12454.0,3058909.0,0.0,0.0,13419.0,0.0,0.0,0.0,0.0
2023-03-28 12:49:04.652000+00:00,2162688.0,33972224.0,38338560.0,38338560.0,3.58,0.025484829,15.51,2050845.0,0.0,0.0,12464.0,3068099.0,0.0,0.0,13431.0,0.0,0.0,0.0,0.0
2023-03-28 12:49:09.869000+00:00,2162688.0,33886208.0,38121472.0,38121472.0,3.6,0.025484829,15.59,2077550.0,0.0,0.0,12630.0,3102884.0,0.0,0.0,13610.0,0.0,0.0,0.0,0.0
2023-03-28 12:49:13.696000+00:00,2162688.0,33566720.0,37986304.0,37986304.0,3.63,0.025484829,15.67,2085584.0,0.0,0.0,12678.0,3115946.0,0.0,0.0,13661.0,0.0,0.0,0.0,0.0
2023-03-28 12:49:18.456000+00:00,2162688.0,33566720.0,37986304.0,37986304.0,3.64,0.025484829,15.72,2085584.0,0.0,0.0,12736.0,3130559.0,0.0,0.0,13724.0,0.0,0.0,0.0,0.0
2023-03-28 12:49:24.175000+00:00,2162688.0,34344960.0,38838272.0,38838272.0,3.65,0.025484829,15.78,2095813.0,0.0,0.0,12740.0,3135112.0,0.0,0.0,13729.0,0.0,0.0,0.0,0.0
2023-03-28 12:49:28.659000+00:00,2162688.0,34344960.0,38838272.0,38838272.0,3.66,0.025484829,15.82,2095813.0,0.0,0.0,12740.0,3135112.0,0.0,0.0,13729.0,0.0,0.0,0.0,0.0
2023-03-28 12:49:34.835000+00:00,2162688.0,33796096.0,38158336.0,38158336.0,3.7,0.025484829,15.9,2114086.0,0.0,0.0,12850.0,3163388.0,0.0,0.0,13851.0,0.0,0.0,0.0,0.0
2023-03-28 12:49:39.311000+00:00,2162688.0,33902592.0,38170624.0,38170624.0,3.7,0.025484829,15.9,2114889.0,0.0,0.0,12854.0,3167942.0,0.0,0.0,13856.0,0.0,0.0,0.0,0.0
2023-03-28 12:49:44.433000+00:00,2162688.0,34050048.0,38555648.0,38555648.0,3.71,0.025484829,15.97,2115692.0,0.0,0.0,12858.0,3172496.0,0.0,0.0,13861.0,0.0,0.0,0.0,0.0
2023-03-28 12:49:49.211000+00:00,2256896.0,34148352.0,38408192.0,38408192.0,3.71,0.025484829,15.98,2116059.0,0.0,0.0,12860.0,3176734.0,0.0,0.0,13862.0,0.0,0.0,0.0,0.0
2023-03-28 12:49:53.829000+00:00,2256896.0,33959936.0,38330368.0,38330368.0,3.73,0.025484829,16.01,2125632.0,0.0,0.0,12920.0,3191418.0,0.0,0.0,13926.0,0.0,0.0,0.0,0.0
2023-03-28 12:49:59.399000+00:00,2256896.0,33959936.0,38330368.0,38330368.0,3.76,0.025484829,16.12,2125632.0,0.0,0.0,12920.0,3191418.0,0.0,0.0,13926.0,0.0,0.0,0.0,0.0
2023-03-28 12:50:03.579000+00:00,2256896.0,34209792.0,38518784.0,38518784.0,3.78,0.037249153,16.18,2162665.0,0.0,0.0,13154.0,3241952.0,0.0,0.0,14177.0,0.0,0.0,0.0,0.0
2023-03-28 12:50:09.305000+00:00,2256896.0,33570816.0,37937152.0,37937152.0,3.8,0.039967682,16.3,2181198.0,0.0,0.0,13268.0,3266990.0,0.0,0.0,14302.0,0.0,0.0,0.0,0.0
2023-03-28 12:50:14.215000+00:00,2256896.0,33665024.0,38031360.0,38031360.0,3.81,0.039967682,16.31,2181565.0,0.0,0.0,13270.0,3271235.0,0.0,0.0,14303.0,0.0,0.0,0.0,0.0
2023-03-28 12:50:18.727000+00:00,2256896.0,34283520.0,38768640.0,38768640.0,3.86,0.046987637,16.45,2205371.0,0.0,0.0,13412.0,3302287.0,0.0,0.0,14458.0,0.0,0.0,0.0,0.0
2023-03-28 12:50:23.844000+00:00,2256896.0,33599488.0,38068224.0,38068224.0,3.89,0.047833491,16.49,2223740.0,0.0,0.0,13525.0,3327183.0,0.0,0.0,14578.0,0.0,0.0,0.0,0.0
2023-03-28 12:50:28.505000+00:00,2256896.0,33599488.0,38068224.0,38068224.0,3.9,0.047833491,16.58,2223740.0,0.0,0.0,13525.0,3327183.0,0.0,0.0,14578.0,0.0,0.0,0.0,0.0
2023-03-28 12:50:33.348000+00:00,2256896.0,33918976.0,38154240.0,38154240.0,3.91,0.04786765,16.6,2242599.0,0.0,0.0,13642.0,3356363.0,0.0,0.0,14704.0,0.0,0.0,0.0,0.0
2023-03-28 12:50:39.640000+00:00,2256896.0,33918976.0,38039552.0,38039552.0,3.93,0.049904404,16.68,2252449.0,0.0,0.0,13702.0,3371293.0,0.0,0.0,14771.0,0.0,0.0,0.0,0.0
2023-03-28 12:50:43.683000+00:00,2256896.0,33718272.0,37998592.0,37998592.0,3.93,0.049904404,16.69,2252816.0,0.0,0.0,13704.0,3375538.0,0.0,0.0,14772.0,0.0,0.0,0.0,0.0
2023-03-28 12:50:49.271000+00:00,2400256.0,33718272.0,38539264.0,38539264.0,3.97,0.049904404,16.69,2262321.0,0.0,0.0,13762.0,3390252.0,0.0,0.0,14835.0,0.0,0.0,0.0,0.0
2023-03-28 12:50:54.342000+00:00,2400256.0,34086912.0,38359040.0,38359040.0,3.98,0.049952402,16.8,2271269.0,0.0,0.0,13815.0,3404021.0,0.0,0.0,14895.0,0.0,0.0,0.0,0.0
2023-03-28 12:50:58.670000+00:00,2400256.0,34185216.0,38580224.0,38359040.0,4.02,0.050552495,16.89,2271269.0,0.0,0.0,13815.0,3404021.0,0.0,0.0,14895.0,0.0,0.0,0.0,0.0
2023-03-28 12:51:03.775000+00:00,2400256.0,34287616.0,38539264.0,38539264.0,4.02,0.050552495,16.89,2287907.0,0.0,0.0,13915.0,3430159.0,0.0,0.0,14996.0,0.0,0.0,0.0,0.0
2023-03-28 12:51:09.171000+00:00,2400256.0,34287616.0,38862848.0,38862848.0,4.04,0.051729623,16.97,2288710.0,0.0,0.0,13919.0,3434721.0,0.0,0.0,15001.0,0.0,0.0,0.0,0.0
2023-03-28 12:51:13.438000+00:00,2400256.0,34127872.0,38363136.0,38363136.0,4.04,0.05217616,17.02,2298207.0,0.0,0.0,13977.0,3449412.0,0.0,0.0,15064.0,0.0,0.0,0.0,0.0
2023-03-28 12:51:18.594000+00:00,2400256.0,34127872.0,38326272.0,38326272.0,4.06,0.052498274,17.02,2306883.0,0.0,0.0,14028.0,3462883.0,0.0,0.0,15118.0,0.0,0.0,0.0,0.0
2023-03-28 12:51:24.208000+00:00,2400256.0,34304000.0,38621184.0,38621184.0,4.06,0.052498274,17.13,2315353.0,0.0,0.0,14078.0,3476280.0,0.0,0.0,15173.0,0.0,0.0,0.0,0.0
2023-03-28 12:51:28.695000+00:00,2400256.0,34304000.0,38621184.0,38797312.0,4.08,0.053363855,17.23,2331488.0,0.0,0.0,14174.0,3498378.0,0.0,0.0,15276.0,0.0,0.0,0.0,0.0
2023-03-28 12:51:34.389000+00:00,2400256.0,33996800.0,38363136.0,38363136.0,4.09,0.053859237,17.27,2340372.0,0.0,0.0,14226.0,3512063.0,0.0,0.0,15335.0,0.0,0.0,0.0,0.0
2023-03-28 12:51:39.894000+00:00,2400256.0,33996800.0,38363136.0,38494208.0,4.13,0.053859237,17.34,2341175.0,0.0,0.0,14230.0,3516625.0,0.0,0.0,15340.0,0.0,0.0,0.0,0.0
2023-03-28 12:51:43.470000+00:00,2400256.0,33972224.0,38256640.0,38256640.0,4.14,0.059288483,17.38,2351237.0,0.0,0.0,14294.0,3532298.0,0.0,0.0,15407.0,0.0,0.0,0.0,0.0
2023-03-28 12:51:49.689000+00:00,2510848.0,33972224.0,38494208.0,38494208.0,4.16,0.059324796,17.48,2360201.0,0.0,0.0,14347.0,3546085.0,0.0,0.0,15467.0,0.0,0.0,0.0,0.0
2023-03-28 12:51:54.336000+00:00,2510848.0,34295808.0,38531072.0,38531072.0,4.18,0.059324796,17.5,2369132.0,0.0,0.0,14403.0,3560341.0,0.0,0.0,15526.0,0.0,0.0,0.0,0.0
2023-03-28 12:51:58.949000+00:00,2510848.0,34295808.0,38531072.0,38531072.0,4.21,0.059400886,17.58,2369132.0,0.0,0.0,14403.0,3560341.0,0.0,0.0,15526.0,0.0,0.0,0.0,0.0
2023-03-28 12:52:04.451000+00:00,2510848.0,34172928.0,38420480.0,38420480.0,4.21,0.059400886,17.58,2379832.0,0.0,0.0,14469.0,3579884.0,0.0,0.0,15600.0,0.0,0.0,0.0,0.0
2023-03-28 12:52:09.472000+00:00,2510848.0,34172928.0,38420480.0,38731776.0,4.22,0.059400886,17.66,2380635.0,0.0,0.0,14473.0,3584446.0,0.0,0.0,15605.0,0.0,0.0,0.0,0.0
2023-03-28 12:52:13.883000+00:00,2510848.0,34406400.0,38670336.0,38670336.0,4.22,0.059400886,17.66,2381002.0,0.0,0.0,14475.0,3588692.0,0.0,0.0,15606.0,0.0,0.0,0.0,0.0
2023-03-28 12:52:18.840000+00:00,2510848.0,34406400.0,38383616.0,38383616.0,4.22,0.059662702,17.66,2389604.0,0.0,0.0,14525.0,3602223.0,0.0,0.0,15661.0,0.0,0.0,0.0,0.0
2023-03-28 12:52:23.762000+00:00,2510848.0,33837056.0,38260736.0,38260736.0,4.25,0.059695598,17.78,2398152.0,0.0,0.0,14576.0,3615494.0,0.0,0.0,15714.0,0.0,0.0,0.0,0.0
2023-03-28 12:52:29.689000+00:00,2510848.0,33837056.0,38260736.0,38260736.0,4.27,0.059695598,17.84,2398152.0,0.0,0.0,14576.0,3615494.0,0.0,0.0,15714.0,0.0,0.0,0.0,0.0
2023-03-28 12:52:34.274000+00:00,2510848.0,34463744.0,38735872.0,38735872.0,4.27,0.059695598,17.87,2407459.0,0.0,0.0,14630.0,3633421.0,0.0,0.0,15773.0,0.0,0.0,0.0,0.0
2023-03-28 12:52:38.396000+00:00,2510848.0,34463744.0,38735872.0,38735872.0,4.27,0.059972037,17.88,2407459.0,0.0,0.0,14634.0,3637983.0,0.0,0.0,15778.0,0.0,0.0,0.0,0.0
2023-03-28 12:52:44.618000+00:00,2510848.0,33820672.0,38166528.0,38166528.0,4.28,0.097591722,17.98,2409501.0,0.0,0.0,14640.0,3642861.0,0.0,0.0,15787.0,0.0,0.0,0.0,0.0
2023-03-28 12:52:49.274000+00:00,2510848.0,33820672.0,38166528.0,38719488.0,4.28,0.097591722,17.98,2418398.0,0.0,0.0,14696.0,3657083.0,0.0,0.0,15846.0,0.0,0.0,0.0,0.0
2023-03-28 12:52:54.544000+00:00,2576384.0,34246656.0,38608896.0,38608896.0,4.33,0.098144638,18.15,2443848.0,0.0,0.0,14851.0,3689712.0,0.0,0.0,16012.0,0.0,0.0,0.0,0.0
2023-03-28 12:52:58.424000+00:00,2576384.0,34246656.0,38608896.0,38608896.0,4.34,0.098471564,18.17,2443848.0,0.0,0.0,14851.0,3689712.0,0.0,0.0,16012.0,0.0,0.0,0.0,0.0
2023-03-28 12:53:04.689000+00:00,2576384.0,34467840.0,38703104.0,38703104.0,4.36,0.098831111,18.33,2494474.0,0.0,0.0,15160.0,3755294.0,0.0,0.0,16341.0,0.0,0.0,0.0,0.0
2023-03-28 12:53:09.668000+00:00,2576384.0,34467840.0,38703104.0,38703104.0,4.37,0.099489941,18.38,2494474.0,0.0,0.0,15310.0,3787201.0,0.0,0.0,16497.0,0.0,0.0,0.0,0.0
2023-03-28 12:53:14.635000+00:00,2576384.0,34086912.0,38440960.0,38440960.0,4.38,0.118436425,18.56,2545369.0,0.0,0.0,15469.0,3820562.0,0.0,0.0,16661.0,0.0,0.0,0.0,0.0
2023-03-28 12:53:18.974000+00:00,2576384.0,34086912.0,38440960.0,39014400.0,4.39,0.118436425,18.61,2554260.0,0.0,0.0,15525.0,3834759.0,0.0,0.0,16720.0,0.0,0.0,0.0,0.0
2023-03-28 12:53:23.821000+00:00,2576384.0,34762752.0,39026688.0,39026688.0,4.41,0.118436425,18.67,2555063.0,0.0,0.0,15529.0,3839321.0,0.0,0.0,16725.0,0.0,0.0,0.0,0.0
2023-03-28 12:53:28.337000+00:00,2576384.0,34762752.0,39026688.0,39026688.0,4.42,0.119069367,18.71,2555063.0,0.0,0.0,15529.0,3839321.0,0.0,0.0,16725.0,0.0,0.0,0.0,0.0
2023-03-28 12:53:34.849000+00:00,2576384.0,34742272.0,39137280.0,39137280.0,4.45,0.120061474,18.8,2581346.0,0.0,0.0,15685.0,3876671.0,0.0,0.0,16895.0,0.0,0.0,0.0,0.0
2023-03-28 12:53:39.809000+00:00,2576384.0,34742272.0,39137280.0,39137280.0,4.45,0.120061474,18.8,2581346.0,0.0,0.0,15685.0,3881233.0,0.0,0.0,16900.0,0.0,0.0,0.0,0.0
2023-03-28 12:53:44.584000+00:00,2576384.0,34983936.0,39559168.0,39559168.0,4.46,0.120061474,18.88,2582952.0,0.0,0.0,15693.0,3885795.0,0.0,0.0,16905.0,0.0,0.0,0.0,0.0
2023-03-28 12:53:49.693000+00:00,2576384.0,34983936.0,39559168.0,39309312.0,4.5,0.156669674,19.06,2600131.0,0.0,0.0,15799.0,3908829.0,0.0,0.0,17012.0,0.0,0.0,0.0,0.0
2023-03-28 12:53:53.253000+00:00,2748416.0,34242560.0,38989824.0,38989824.0,4.52,0.157065169,19.12,2600498.0,0.0,0.0,15801.0,3913075.0,0.0,0.0,17013.0,0.0,0.0,0.0,0.0
2023-03-28 12:53:59.463000+00:00,2748416.0,34869248.0,39305216.0,39305216.0,4.54,0.157065169,19.16,2610423.0,0.0,0.0,15863.0,3928093.0,0.0,0.0,17013.0,0.0,0.0,0.0,0.0
2023-03-28 12:54:04.756000+00:00,2748416.0,34918400.0,39215104.0,39215104.0,4.55,0.15797639,19.24,2627603.0,0.0,0.0,15967.0,3951443.0,0.0,0.0,17192.0,0.0,0.0,0.0,0.0
2023-03-28 12:54:09.354000+00:00,2748416.0,34955264.0,39321600.0,39321600.0,4.55,0.158145178,19.29,2644350.0,0.0,0.0,16069.0,3974684.0,0.0,0.0,17301.0,0.0,0.0,0.0,0.0
2023-03-28 12:54:14.735000+00:00,2748416.0,34619392.0,39182336.0,39182336.0,4.57,0.158359508,19.38,2653252.0,0.0,0.0,16121.0,3988385.0,0.0,0.0,17360.0,0.0,0.0,0.0,0.0
2023-03-28 12:54:19.868000+00:00,2748416.0,34619392.0,39182336.0,39002112.0,4.57,0.158359508,19.39,2654055.0,0.0,0.0,16125.0,3992947.0,0.0,0.0,17365.0,0.0,0.0,0.0,0.0
2023-03-28 12:54:23.627000+00:00,2748416.0,34865152.0,39415808.0,39415808.0,4.59,0.158359508,19.46,2654422.0,0.0,0.0,16127.0,3997193.0,0.0,0.0,17366.0,0.0,0.0,0.0,0.0
2023-03-28 12:54:28.148000+00:00,2748416.0,34865152.0,39415808.0,39415808.0,4.6,0.162520728,19.5,2654422.0,0.0,0.0,16127.0,3997193.0,0.0,0.0,17366.0,0.0,0.0,0.0,0.0
2023-03-28 12:54:33.605000+00:00,2748416.0,34246656.0,39051264.0,39051264.0,4.62,0.162555087,19.58,2673241.0,0.0,0.0,16243.0,4026418.0,0.0,0.0,17492.0,0.0,0.0,0.0,0.0
2023-03-28 12:54:39.855000+00:00,2748416.0,34246656.0,39051264.0,39051264.0,4.64,0.162591828,19.6,2673241.0,0.0,0.0,16349.0,4050023.0,0.0,0.0,17607.0,0.0,0.0,0.0,0.0
2023-03-28 12:54:44.887000+00:00,2748416.0,34947072.0,39219200.0,39219200.0,4.66,0.162591828,19.72,2701360.0,0.0,0.0,16416.0,4066006.0,0.0,0.0,17677.0,0.0,0.0,0.0,0.0
2023-03-28 12:54:49.647000+00:00,2887680.0,34947072.0,39219200.0,39518208.0,4.68,0.164027976,19.8,2734980.0,0.0,0.0,16621.0,4108510.0,0.0,0.0,17897.0,0.0,0.0,0.0,0.0
2023-03-28 12:54:54.460000+00:00,2887680.0,34631680.0,39231488.0,39231488.0,4.74,0.187785638,19.94,2760679.0,0.0,0.0,16781.0,4141564.0,0.0,0.0,18063.0,0.0,0.0,0.0,0.0
2023-03-28 12:54:59.418000+00:00,2887680.0,34631680.0,39231488.0,39231488.0,4.76,0.188110088,19.99,2760679.0,0.0,0.0,16781.0,4141564.0,0.0,0.0,18063.0,0.0,0.0,0.0,0.0
2023-03-28 12:55:03.866000+00:00,2887680.0,35082240.0,39370752.0,39370752.0,4.76,0.188143709,20.05,2797098.0,0.0,0.0,17011.0,4191597.0,0.0,0.0,18308.0,0.0,0.0,0.0,0.0
2023-03-28 12:55:09.114000+00:00,2887680.0,34910208.0,39227392.0,39227392.0,4.78,0.188679068,20.13,2807656.0,0.0,0.0,17077.0,4207646.0,0.0,0.0,18379.0,0.0,0.0,0.0,0.0
2023-03-28 12:55:14.641000+00:00,2887680.0,34570240.0,38936576.0,38936576.0,4.78,0.188713153,20.16,2816544.0,0.0,0.0,17129.0,4221275.0,0.0,0.0,18437.0,0.0,0.0,0.0,0.0
2023-03-28 12:55:18.289000+00:00,2887680.0,34570240.0,38936576.0,39100416.0,4.8,0.188884472,20.16,2816911.0,0.0,0.0,17131.0,4225521.0,0.0,0.0,18438.0,0.0,0.0,0.0,0.0
2023-03-28 12:55:24.577000+00:00,2887680.0,34684928.0,39055360.0,39055360.0,4.83,0.189388413,20.32,2849733.0,0.0,0.0,17329.0,4266004.0,0.0,0.0,18641.0,0.0,0.0,0.0,0.0
2023-03-28 12:55:29.346000+00:00,2887680.0,34684928.0,39055360.0,39055360.0,4.85,0.189388413,20.38,2849733.0,0.0,0.0,17329.0,4266004.0,0.0,0.0,18641.0,0.0,0.0,0.0,0.0
2023-03-28 12:55:33.613000+00:00,2887680.0,34930688.0,39227392.0,39227392.0,4.85,0.189388413,20.38,2850903.0,0.0,0.0,17335.0,4274812.0,0.0,0.0,18647.0,0.0,0.0,0.0,0.0
2023-03-28 12:55:39.720000+00:00,2887680.0,34930688.0,39227392.0,39227392.0,4.88,0.189422128,20.45,2850903.0,0.0,0.0,17395.0,4289723.0,0.0,0.0,18714.0,0.0,0.0,0.0,0.0
2023-03-28 12:55:43.957000+00:00,2887680.0,34795520.0,39055360.0,39055360.0,4.88,0.189422128,20.46,2861102.0,0.0,0.0,17397.0,4293969.0,0.0,0.0,18715.0,0.0,0.0,0.0,0.0
2023-03-28 12:55:49.148000+00:00,3047424.0,34795520.0,38735872.0,38735872.0,4.91,0.189707608,20.46,2869642.0,0.0,0.0,17448.0,4307290.0,0.0,0.0,18769.0,0.0,0.0,0.0,0.0
2023-03-28 12:55:53.528000+00:00,3047424.0,34676736.0,38993920.0,38993920.0,4.92,0.189707608,20.56,2870499.0,0.0,0.0,17453.0,4311926.0,0.0,0.0,18775.0,0.0,0.0,0.0,0.0
2023-03-28 12:55:59.832000+00:00,3047424.0,34836480.0,39084032.0,39084032.0,4.95,0.189707608,20.63,2871822.0,0.0,0.0,17461.0,4316888.0,0.0,0.0,18786.0,0.0,0.0,0.0,0.0
2023-03-28 12:56:03.337000+00:00,3047424.0,34357248.0,39088128.0,39088128.0,4.96,0.190123198,20.64,2878044.0,0.0,0.0,17495.0,4327553.0,0.0,0.0,18819.0,0.0,0.0,0.0,0.0
2023-03-28 12:56:08.832000+00:00,3047424.0,34357248.0,39088128.0,38633472.0,5.0,0.190428956,20.72,2891088.0,0.0,0.0,17584.0,4346830.0,0.0,0.0,18915.0,0.0,0.0,0.0,0.0
2023-03-28 12:56:13.314000+00:00,3047424.0,34471936.0,38731776.0,38731776.0,5.0,0.190428956,20.72,2891891.0,0.0,0.0,17588.0,4351392.0,0.0,0.0,18920.0,0.0,0.0,0.0,0.0
2023-03-28 12:56:18.062000+00:00,3047424.0,34471936.0,39383040.0,39383040.0,5.01,0.190638255,20.82,2901429.0,0.0,0.0,17646.0,4366137.0,0.0,0.0,18983.0,0.0,0.0,0.0,0.0
2023-03-28 12:56:23.358000+00:00,3047424.0,34312192.0,38645760.0,38645760.0,5.02,0.190704111,20.87,2918454.0,0.0,0.0,17750.0,4389513.0,0.0,0.0,19096.0,0.0,0.0,0.0,0.0
2023-03-28 12:56:29.360000+00:00,3047424.0,34312192.0,38645760.0,38645760.0,5.03,0.191286052,20.94,2918454.0,0.0,0.0,17750.0,4389513.0,0.0,0.0,19096.0,0.0,0.0,0.0,0.0
2023-03-28 12:56:33.089000+00:00,3047424.0,34508800.0,38846464.0,38846464.0,5.04,0.192169035,20.98,2936282.0,0.0,0.0,17858.0,4417388.0,0.0,0.0,19213.0,0.0,0.0,0.0,0.0
2023-03-28 12:56:39.505000+00:00,3047424.0,34639872.0,39026688.0,39026688.0,5.08,0.193197811,21.06,2952853.0,0.0,0.0,17956.0,4439926.0,0.0,0.0,19322.0,0.0,0.0,0.0,0.0
2023-03-28 12:56:43.862000+00:00,3047424.0,34734080.0,39034880.0,39034880.0,5.08,0.193197811,21.06,2953220.0,0.0,0.0,17958.0,4444172.0,0.0,0.0,19323.0,0.0,0.0,0.0,0.0
2023-03-28 12:56:48.757000+00:00,3153920.0,34734080.0,39088128.0,39088128.0,5.12,0.193197811,21.06,2979685.0,0.0,0.0,18124.0,4478654.0,0.0,0.0,19501.0,0.0,0.0,0.0,0.0
2023-03-28 12:56:53.296000+00:00,3153920.0,34660352.0,39145472.0,39145472.0,5.14,0.193197811,21.23,2996042.0,0.0,0.0,18221.0,4501062.0,0.0,0.0,19606.0,0.0,0.0,0.0,0.0
2023-03-28 12:56:58.250000+00:00,3153920.0,34312192.0,38965248.0,39145472.0,5.16,0.193197811,21.32,2996042.0,0.0,0.0,18221.0,4501062.0,0.0,0.0,19606.0,0.0,0.0,0.0,0.0
2023-03-28 12:57:04.430000+00:00,3153920.0,34848768.0,39231488.0,39231488.0,5.16,0.193197811,21.33,3013946.0,0.0,0.0,18331.0,4529082.0,0.0,0.0,19726.0,0.0,0.0,0.0,0.0
2023-03-28 12:57:09.678000+00:00,3153920.0,34848768.0,39301120.0,39301120.0,5.19,0.193197811,21.46,3032328.0,0.0,0.0,18445.0,4553982.0,0.0,0.0,19851.0,0.0,0.0,0.0,0.0
2023-03-28 12:57:13.405000+00:00,3153920.0,34107392.0,38395904.0,38395904.0,5.19,0.193197811,21.47,3032695.0,0.0,0.0,18447.0,4558228.0,0.0,0.0,19852.0,0.0,0.0,0.0,0.0
2023-03-28 12:57:19.046000+00:00,3153920.0,34107392.0,39473152.0,39473152.0,5.21,0.193197811,21.55,3045240.0,0.0,0.0,18513.0,4575790.0,0.0,0.0,19922.0,0.0,0.0,0.0,0.0
2023-03-28 12:57:24.660000+00:00,3153920.0,34746368.0,39120896.0,39120896.0,5.23,0.193197811,21.59,3058795.0,0.0,0.0,18603.0,4595431.0,0.0,0.0,20023.0,0.0,0.0,0.0,0.0
2023-03-28 12:57:29.355000+00:00,3153920.0,34746368.0,39120896.0,39120896.0,5.27,0.193197811,21.71,3058795.0,0.0,0.0,18603.0,4595431.0,0.0,0.0,20023.0,0.0,0.0,0.0,0.0
2023-03-28 12:57:33.801000+00:00,3153920.0,34111488.0,38412288.0,38412288.0,5.27,0.193197811,21.72,3092503.0,0.0,0.0,18809.0,4641118.0,0.0,0.0,20232.0,0.0,0.0,0.0,0.0
2023-03-28 12:57:39.184000+00:00,3153920.0,34217984.0,38498304.0,38498304.0,5.27,0.193197811,21.73,3093306.0,0.0,0.0,18813.0,4645680.0,0.0,0.0,20237.0,0.0,0.0,0.0,0.0
2023-03-28 12:57:44.126000+00:00,3153920.0,34385920.0,38633472.0,38633472.0,5.28,0.194428866,21.83,3111296.0,0.0,0.0,18926.0,4670171.0,0.0,0.0,20357.0,0.0,0.0,0.0,0.0
2023-03-28 12:57:49.514000+00:00,3153920.0,34127872.0,39067648.0,39067648.0,5.3,0.194428866,21.83,3120252.0,0.0,0.0,18979.0,4683948.0,0.0,0.0,20417.0,0.0,0.0,0.0,0.0
2023-03-28 12:57:53.865000+00:00,3309568.0,34713600.0,39022592.0,39022592.0,5.31,0.194428866,21.96,3128414.0,0.0,0.0,19027.0,4697087.0,0.0,0.0,20467.0,0.0,0.0,0.0,0.0
2023-03-28 12:57:59.161000+00:00,3309568.0,34713600.0,39022592.0,39022592.0,5.31,0.194428866,21.97,3128414.0,0.0,0.0,19027.0,4697087.0,0.0,0.0,20467.0,0.0,0.0,0.0,0.0
2023-03-28 12:58:04.322000+00:00,3309568.0,34951168.0,39260160.0,39260160.0,5.34,0.194794809,22.02,3130104.0,0.0,0.0,19037.0,4706295.0,0.0,0.0,20479.0,0.0,0.0,0.0,0.0
2023-03-28 12:58:09.313000+00:00,3309568.0,34951168.0,38903808.0,38903808.0,5.35,0.194794809,22.04,3139548.0,0.0,0.0,19095.0,4720943.0,0.0,0.0,20542.0,0.0,0.0,0.0,0.0
2023-03-28 12:58:14.464000+00:00,3309568.0,34820096.0,39141376.0,39141376.0,5.37,0.194794809,22.18,3156351.0,0.0,0.0,19194.0,4743583.0,0.0,0.0,20650.0,0.0,0.0,0.0,0.0
2023-03-28 12:58:18.804000+00:00,3309568.0,34820096.0,39141376.0,39141376.0,5.37,0.194794809,22.21,3156351.0,0.0,0.0,19242.0,4756664.0,0.0,0.0,20701.0,0.0,0.0,0.0,0.0
2023-03-28 12:58:23.912000+00:00,3309568.0,34582528.0,38985728.0,38985728.0,5.4,0.194794809,22.32,3181794.0,0.0,0.0,19346.0,4780449.0,0.0,0.0,20814.0,0.0,0.0,0.0,0.0
2023-03-28 12:58:28.796000+00:00,3309568.0,34582528.0,38985728.0,38985728.0,5.4,0.194794809,22.36,3181794.0,0.0,0.0,19346.0,4780449.0,0.0,0.0,20814.0,0.0,0.0,0.0,0.0
2023-03-28 12:58:34.899000+00:00,3309568.0,34873344.0,39129088.0,39129088.0,5.44,0.194794809,22.45,3201934.0,0.0,0.0,19472.0,4811156.0,0.0,0.0,20952.0,0.0,0.0,0.0,0.0
2023-03-28 12:58:39.099000+00:00,3309568.0,34959360.0,39206912.0,39206912.0,5.44,0.194794809,22.46,3202301.0,0.0,0.0,19474.0,4815402.0,0.0,0.0,20953.0,0.0,0.0,0.0,0.0
2023-03-28 12:58:43.551000+00:00,3309568.0,34775040.0,39321600.0,39321600.0,5.49,0.194794809,22.56,3228801.0,0.0,0.0,19640.0,4849940.0,0.0,0.0,21131.0,0.0,0.0,0.0,0.0
2023-03-28 12:58:49.083000+00:00,3440640.0,34775040.0,39321600.0,39321600.0,5.5,0.194794809,22.61,3228801.0,0.0,0.0,19752.0,4874499.0,0.0,0.0,21252.0,0.0,0.0,0.0,0.0
2023-03-28 12:58:54.011000+00:00,3440640.0,34557952.0,39059456.0,39059456.0,5.53,0.194794809,22.72,3256155.0,0.0,0.0,19811.0,4889140.0,0.0,0.0,21316.0,0.0,0.0,0.0,0.0
2023-03-28 12:58:59.224000+00:00,3440640.0,34557952.0,39059456.0,39059456.0,5.54,0.194794809,22.72,3256155.0,0.0,0.0,19811.0,4889140.0,0.0,0.0,21316.0,0.0,0.0,0.0,0.0
2023-03-28 12:59:04.780000+00:00,3440640.0,34418688.0,38924288.0,38924288.0,5.56,0.194794809,22.81,3266821.0,0.0,0.0,19877.0,4908641.0,0.0,0.0,21390.0,0.0,0.0,0.0,0.0
2023-03-28 12:59:08.908000+00:00,3440640.0,34418688.0,38924288.0,38924288.0,5.57,0.194794809,22.82,3266821.0,0.0,0.0,19933.0,4923141.0,0.0,0.0,21449.0,0.0,0.0,0.0,0.0
2023-03-28 12:59:14.518000+00:00,3440640.0,34603008.0,39100416.0,39100416.0,5.57,0.267055922,22.91,3284925.0,0.0,0.0,19985.0,4936866.0,0.0,0.0,21508.0,0.0,0.0,0.0,0.0
2023-03-28 12:59:18.419000+00:00,3440640.0,34603008.0,39100416.0,38989824.0,5.57,0.267055922,22.92,3285292.0,0.0,0.0,19987.0,4941112.0,0.0,0.0,21509.0,0.0,0.0,0.0,0.0
2023-03-28 12:59:24.233000+00:00,3440640.0,34385920.0,38838272.0,38838272.0,5.59,0.267055922,23.0,3293986.0,0.0,0.0,20038.0,4954537.0,0.0,0.0,21562.0,0.0,0.0,0.0,0.0
2023-03-28 12:59:29.822000+00:00,3440640.0,34385920.0,38838272.0,38838272.0,5.61,0.267055922,23.1,3293986.0,0.0,0.0,20038.0,4954537.0,0.0,0.0,21562.0,0.0,0.0,0.0,0.0
2023-03-28 12:59:34.836000+00:00,3440640.0,34287616.0,38678528.0,38678528.0,5.61,0.267055922,23.18,3321803.0,0.0,0.0,20210.0,4994063.0,0.0,0.0,21750.0,0.0,0.0,0.0,0.0
2023-03-28 12:59:39.021000+00:00,3440640.0,34185216.0,38473728.0,38473728.0,5.63,0.267055922,23.26,3338788.0,0.0,0.0,20312.0,5017540.0,0.0,0.0,21859.0,0.0,0.0,0.0,0.0
2023-03-28 12:59:44.438000+00:00,3440640.0,34693120.0,38989824.0,38989824.0,5.66,0.267055922,23.34,3347416.0,0.0,0.0,20362.0,5031097.0,0.0,0.0,21914.0,0.0,0.0,0.0,0.0
2023-03-28 12:59:49.704000+00:00,3563520.0,34693120.0,38731776.0,38731776.0,5.68,0.267055922,23.34,3365225.0,0.0,0.0,20469.0,5055110.0,0.0,0.0,22031.0,0.0,0.0,0.0,0.0
2023-03-28 12:59:54.775000+00:00,3563520.0,34242560.0,38682624.0,38682624.0,5.72,0.267055922,23.46,3384294.0,0.0,0.0,20591.0,5081113.0,0.0,0.0,22162.0,0.0,0.0,0.0,0.0
2023-03-28 12:59:59.656000+00:00,3563520.0,34242560.0,38682624.0,38682624.0,5.73,0.267055922,23.49,3384294.0,0.0,0.0,20591.0,5081113.0,0.0,0.0,22162.0,0.0,0.0,0.0,0.0
2023-03-28 13:00:04.103000+00:00,3563520.0,34414592.0,38801408.0,38801408.0,5.73,0.267055922,23.51,3402672.0,0.0,0.0,20705.0,5110005.0,0.0,0.0,22284.0,0.0,0.0,0.0,0.0
2023-03-28 13:00:08.625000+00:00,3563520.0,34553856.0,38830080.0,38830080.0,5.76,0.267055922,23.56,3403475.0,0.0,0.0,20709.0,5114567.0,0.0,0.0,22289.0,0.0,0.0,0.0,0.0
2023-03-28 13:00:14.266000+00:00,3563520.0,34783232.0,39079936.0,39079936.0,5.76,0.267055922,23.64,3420550.0,0.0,0.0,20813.0,5138018.0,0.0,0.0,22402.0,0.0,0.0,0.0,0.0
2023-03-28 13:00:19.853000+00:00,3563520.0,34783232.0,39280640.0,39280640.0,5.79,0.267055922,23.64,3437259.0,0.0,0.0,20911.0,5160690.0,0.0,0.0,22511.0,0.0,0.0,0.0,0.0
2023-03-28 13:00:24.377000+00:00,3563520.0,34545664.0,39149568.0,39149568.0,5.8,0.267055922,23.78,3456085.0,0.0,0.0,21029.0,5186369.0,0.0,0.0,22633.0,0.0,0.0,0.0,0.0
2023-03-28 13:00:29.777000+00:00,3563520.0,34697216.0,39124992.0,39124992.0,5.82,0.267055922,23.85,3457324.0,0.0,0.0,21035.0,5191247.0,0.0,0.0,22642.0,0.0,0.0,0.0,0.0
2023-03-28 13:00:34.381000+00:00,3563520.0,35160064.0,39428096.0,39428096.0,5.82,0.267055922,23.87,3465336.0,0.0,0.0,21083.0,5204290.0,0.0,0.0,22693.0,0.0,0.0,0.0,0.0
2023-03-28 13:00:39.795000+00:00,3563520.0,35344384.0,39694336.0,39694336.0,5.88,0.267574224,24.09,3486960.0,0.0,0.0,21206.0,5231836.0,0.0,0.0,22822.0,0.0,0.0,0.0,0.0
2023-03-28 13:00:44.335000+00:00,3563520.0,35110912.0,39411712.0,39411712.0,5.89,0.267574224,24.12,3497752.0,0.0,0.0,21276.0,5248536.0,0.0,0.0,22899.0,0.0,0.0,0.0,0.0
2023-03-28 13:00:48.327000+00:00,3706880.0,35254272.0,39825408.0,39825408.0,5.9,0.268006817,24.2,3498555.0,0.0,0.0,21280.0,5253098.0,0.0,0.0,22904.0,0.0,0.0,0.0,0.0
2023-03-28 13:00:54.787000+00:00,3706880.0,35426304.0,39706624.0,39706624.0,5.93,0.268006817,24.26,3519337.0,0.0,0.0,21397.0,5279967.0,0.0,0.0,23031.0,0.0,0.0,0.0,0.0
2023-03-28 13:00:59.498000+00:00,3706880.0,35426304.0,39706624.0,39706624.0,5.97,0.268006817,24.36,3519337.0,0.0,0.0,21397.0,5279967.0,0.0,0.0,23031.0,0.0,439336.0,0.0,0.0
2023-03-28 13:01:03.492000+00:00,3706880.0,35082240.0,39489536.0,39489536.0,5.98,0.268006817,24.53,3558521.0,0.0,0.0,21649.0,5333563.0,0.0,0.0,23303.0,0.0,0.0,0.0,0.0
2023-03-28 13:01:08.724000+00:00,3706880.0,35082240.0,39395328.0,39395328.0,6.02,0.268006817,24.63,3575034.0,0.0,0.0,21745.0,5356043.0,0.0,0.0,23406.0,0.0,0.0,0.0,0.0
2023-03-28 13:01:14.401000+00:00,3706880.0,34783232.0,39170048.0,39170048.0,6.02,0.268006817,24.66,3585513.0,0.0,0.0,21811.0,5372017.0,0.0,0.0,23477.0,0.0,0.0,0.0,0.0
2023-03-28 13:01:19.146000+00:00,3706880.0,35217408.0,39591936.0,39591936.0,6.05,0.268006817,24.81,3610408.0,0.0,0.0,21962.0,5404313.0,0.0,0.0,23639.0,0.0,0.0,0.0,0.0
2023-03-28 13:01:24.218000+00:00,3706880.0,35323904.0,39604224.0,39604224.0,6.05,0.268006817,24.82,3611211.0,0.0,0.0,21966.0,5408875.0,0.0,0.0,23644.0,0.0,0.0,0.0,0.0
2023-03-28 13:01:29.300000+00:00,3706880.0,35323904.0,39604224.0,39604224.0,6.07,0.268006817,24.9,3611211.0,0.0,0.0,21966.0,5408875.0,0.0,0.0,23644.0,0.0,0.0,0.0,0.0
2023-03-28 13:01:33.767000+00:00,3706880.0,35483648.0,39886848.0,39886848.0,6.07,0.268006817,24.92,3629241.0,0.0,0.0,22074.0,5437033.0,0.0,0.0,23762.0,0.0,0.0,0.0,0.0
2023-03-28 13:01:39.628000+00:00,3706880.0,35483648.0,39444480.0,39444480.0,6.1,0.26841587,25.01,3638163.0,0.0,0.0,22126.0,5450758.0,0.0,0.0,23821.0,0.0,0.0,0.0,0.0
2023-03-28 13:01:44.053000+00:00,3706880.0,35241984.0,39530496.0,39530496.0,6.1,0.26841587,25.02,3638530.0,0.0,0.0,22128.0,5455004.0,0.0,0.0,23822.0,0.0,0.0,0.0,0.0
2023-03-28 13:01:49.357000+00:00,3706880.0,35241984.0,39530496.0,39530496.0,6.14,0.26841587,25.1,3638530.0,0.0,0.0,22178.0,5468407.0,0.0,0.0,23877.0,0.0,0.0,0.0,0.0
2023-03-28 13:01:53.522000+00:00,3862528.0,35545088.0,39825408.0,39825408.0,6.16,0.26841587,25.13,3657379.0,0.0,0.0,22245.0,5484287.0,0.0,0.0,23949.0,0.0,0.0,0.0,0.0
2023-03-28 13:01:59.901000+00:00,3862528.0,34873344.0,39825408.0,39825408.0,6.2,0.26841587,25.22,3657379.0,0.0,0.0,22245.0,5484287.0,0.0,0.0,23949.0,0.0,0.0,0.0,0.0
2023-03-28 13:02:03.576000+00:00,3862528.0,34967552.0,39301120.0,39301120.0,6.2,0.26841587,25.23,3676304.0,0.0,0.0,22364.0,5513491.0,0.0,0.0,24076.0,0.0,0.0,0.0,0.0
2023-03-28 13:02:09.370000+00:00,3862528.0,34967552.0,39301120.0,39301120.0,6.22,0.26841587,25.3,3676304.0,0.0,0.0,22364.0,5518053.0,0.0,0.0,24081.0,0.0,0.0,0.0,0.0
2023-03-28 13:02:13.872000+00:00,3862528.0,34902016.0,39378944.0,39378944.0,6.24,0.26841587,25.38,3704820.0,0.0,0.0,22542.0,5554080.0,0.0,0.0,24267.0,0.0,0.0,0.0,0.0
2023-03-28 13:02:18.230000+00:00,3862528.0,34902016.0,39378944.0,39256064.0,6.24,0.26841587,25.4,3721875.0,0.0,0.0,22646.0,5577493.0,0.0,0.0,24380.0,0.0,0.0,0.0,0.0
2023-03-28 13:02:23.595000+00:00,3862528.0,35196928.0,39481344.0,39481344.0,6.28,0.26841587,25.51,3740677.0,0.0,0.0,22766.0,5603221.0,0.0,0.0,24509.0,0.0,0.0,0.0,0.0
2023-03-28 13:02:29.264000+00:00,3862528.0,35196928.0,39481344.0,39481344.0,6.3,0.26841587,25.59,3740677.0,0.0,0.0,22824.0,5617765.0,0.0,0.0,24572.0,0.0,0.0,0.0,0.0
2023-03-28 13:02:33.242000+00:00,3862528.0,35049472.0,39370752.0,39370752.0,6.3,0.26841587,25.6,3750825.0,0.0,0.0,22828.0,5622327.0,0.0,0.0,24577.0,0.0,0.0,0.0,0.0
2023-03-28 13:02:39.610000+00:00,3862528.0,35205120.0,39665664.0,39665664.0,6.31,0.26841587,25.66,3752064.0,0.0,0.0,22834.0,5627205.0,0.0,0.0,24586.0,0.0,0.0,0.0,0.0
2023-03-28 13:02:44.525000+00:00,3862528.0,35299328.0,39591936.0,39591936.0,6.32,0.26841587,25.67,3752431.0,0.0,0.0,22836.0,5631451.0,0.0,0.0,24587.0,0.0,0.0,0.0,0.0
2023-03-28 13:02:49.549000+00:00,3862528.0,35299328.0,39559168.0,39559168.0,6.35,0.26841587,25.74,3778143.0,0.0,0.0,22991.0,5664198.0,0.0,0.0,24751.0,0.0,0.0,0.0,0.0
2023-03-28 13:02:53.186000+00:00,3989504.0,35500032.0,39800832.0,39800832.0,6.38,0.26841587,25.81,3786223.0,0.0,0.0,23039.0,5677261.0,0.0,0.0,24801.0,0.0,0.0,0.0,0.0
2023-03-28 13:02:59.233000+00:00,3989504.0,34725888.0,39145472.0,39145472.0,6.38,0.26841587,25.81,3787152.0,0.0,0.0,23046.0,5681949.0,0.0,0.0,24809.0,0.0,0.0,0.0,0.0
2023-03-28 13:03:04.620000+00:00,3989504.0,34877440.0,39317504.0,39317504.0,6.4,0.26841587,25.88,3788391.0,0.0,0.0,23052.0,5686827.0,0.0,0.0,24818.0,0.0,0.0,0.0,0.0
2023-03-28 13:03:09.135000+00:00,3989504.0,35340288.0,39620608.0,39620608.0,6.4,0.26841587,25.9,3796403.0,0.0,0.0,23100.0,5699880.0,0.0,0.0,24869.0,0.0,0.0,0.0,0.0
2023-03-28 13:03:13.931000+00:00,3989504.0,35328000.0,39747584.0,39747584.0,6.44,0.26841587,25.98,3813907.0,0.0,0.0,23190.0,5722617.0,0.0,0.0,24962.0,0.0,0.0,0.0,0.0
2023-03-28 13:03:19.480000+00:00,3989504.0,35328000.0,39731200.0,39731200.0,6.44,0.26841587,26.03,3828853.0,0.0,0.0,23292.0,5743900.0,0.0,0.0,25070.0,0.0,0.0,0.0,0.0
2023-03-28 13:03:24.594000+00:00,3989504.0,35471360.0,39845888.0,39845888.0,6.48,0.26841587,26.11,3845422.0,0.0,0.0,23390.0,5766428.0,0.0,0.0,25179.0,0.0,0.0,0.0,0.0
2023-03-28 13:03:28.736000+00:00,3989504.0,35659776.0,40329216.0,39845888.0,6.48,0.26841587,26.17,3845422.0,0.0,0.0,23390.0,5766428.0,0.0,0.0,25179.0,0.0,0.0,0.0,0.0
2023-03-28 13:03:34.392000+00:00,3989504.0,35000320.0,39440384.0,39440384.0,6.51,0.26841587,26.28,3883463.0,0.0,0.0,23612.0,5817051.0,0.0,0.0,25413.0,0.0,0.0,0.0,0.0
2023-03-28 13:03:39.027000+00:00,3989504.0,35000320.0,39239680.0,39239680.0,6.52,0.26841587,26.32,3895670.0,0.0,0.0,23693.0,5835273.0,0.0,0.0,25502.0,0.0,0.0,0.0,0.0
2023-03-28 13:03:44.865000+00:00,3989504.0,35106816.0,39403520.0,39403520.0,6.55,0.26841587,26.41,3914181.0,0.0,0.0,23807.0,5860298.0,0.0,0.0,25627.0,0.0,0.0,0.0,0.0
2023-03-28 13:03:49.602000+00:00,4149248.0,35106816.0,39403520.0,39403520.0,6.58,0.26841587,26.44,3914181.0,0.0,0.0,23858.0,5874005.0,0.0,0.0,25682.0,0.0,0.0,0.0,0.0
2023-03-28 13:03:54.882000+00:00,4149248.0,34975744.0,39477248.0,39477248.0,6.61,0.26841587,26.5,3923882.0,0.0,0.0,23864.0,5878651.0,0.0,0.0,25689.0,0.0,0.0,0.0,0.0
2023-03-28 13:03:58.284000+00:00,4149248.0,35495936.0,39477248.0,39477248.0,6.61,0.26841587,26.53,3923882.0,0.0,0.0,23864.0,5878651.0,0.0,0.0,25689.0,0.0,0.0,0.0,0.0
2023-03-28 13:04:04.721000+00:00,4149248.0,35250176.0,39714816.0,39714816.0,6.65,0.26841587,26.62,3942868.0,0.0,0.0,23980.0,5908050.0,0.0,0.0,25815.0,0.0,0.0,0.0,0.0
2023-03-28 13:04:09.906000+00:00,4149248.0,35074048.0,39477248.0,39477248.0,6.65,0.26841587,26.64,3952207.0,0.0,0.0,24038.0,5922597.0,0.0,0.0,25878.0,0.0,0.0,0.0,0.0
2023-03-28 13:04:14.281000+00:00,4149248.0,36212736.0,40738816.0,40738816.0,6.7,0.26841587,26.76,3973867.0,0.0,0.0,24164.0,5950959.0,0.0,0.0,26010.0,0.0,0.0,0.0,0.0
2023-03-28 13:04:19.422000+00:00,4149248.0,36212736.0,40738816.0,39944192.0,6.7,0.26841587,26.82,3994789.0,0.0,0.0,24299.0,5979336.0,0.0,0.0,26157.0,0.0,0.0,0.0,0.0
2023-03-28 13:04:23.142000+00:00,4149248.0,34922496.0,39337984.0,39337984.0,6.7,0.26841587,26.84,3995592.0,0.0,0.0,24303.0,5983898.0,0.0,0.0,26162.0,0.0,0.0,0.0,0.0
2023-03-28 13:04:28.818000+00:00,4149248.0,34922496.0,39337984.0,39337984.0,6.72,0.26841587,26.9,3995592.0,0.0,0.0,24303.0,5983898.0,0.0,0.0,26162.0,0.0,0.0,0.0,0.0
2023-03-28 13:04:33.594000+00:00,4149248.0,35143680.0,39542784.0,39542784.0,6.74,0.26841587,26.93,4013732.0,0.0,0.0,24412.0,6012041.0,0.0,0.0,26279.0,0.0,0.0,0.0,0.0
2023-03-28 13:04:38.853000+00:00,4149248.0,35143680.0,39542784.0,39936000.0,6.75,0.26841587,27.03,4022252.0,0.0,0.0,24462.0,6025420.0,0.0,0.0,26333.0,0.0,0.0,0.0,0.0
2023-03-28 13:04:44.046000+00:00,4149248.0,35622912.0,40026112.0,40026112.0,6.76,0.26841587,27.07,4038401.0,0.0,0.0,24558.0,6047528.0,0.0,0.0,26436.0,0.0,0.0,0.0,0.0
2023-03-28 13:04:48.255000+00:00,4149248.0,35332096.0,39665664.0,39665664.0,6.8,0.26841587,27.07,4046879.0,0.0,0.0,24608.0,6060925.0,0.0,0.0,26491.0,0.0,0.0,0.0,0.0
2023-03-28 13:04:53.315000+00:00,4276224.0,35061760.0,39428096.0,39428096.0,6.82,0.26841587,27.16,4055373.0,0.0,0.0,24659.0,6074358.0,0.0,0.0,26547.0,0.0,0.0,0.0,0.0
2023-03-28 13:04:58.632000+00:00,4276224.0,35061760.0,39428096.0,39428096.0,6.84,0.26841587,27.22,4055373.0,0.0,0.0,24659.0,6074358.0,0.0,0.0,26547.0,0.0,0.0,0.0,0.0
2023-03-28 13:05:04.632000+00:00,4276224.0,35729408.0,40103936.0,40103936.0,6.84,0.26841587,27.26,4083117.0,0.0,0.0,24833.0,6113676.0,0.0,0.0,26735.0,0.0,0.0,0.0,0.0
2023-03-28 13:05:09.316000+00:00,4276224.0,35028992.0,39370752.0,39370752.0,6.87,0.26841587,27.33,4083484.0,0.0,0.0,24835.0,6117922.0,0.0,0.0,26736.0,0.0,0.0,0.0,0.0
2023-03-28 13:05:13.036000+00:00,4276224.0,35123200.0,39460864.0,39460864.0,6.87,0.26841587,27.33,4084287.0,0.0,0.0,24839.0,6122484.0,0.0,0.0,26741.0,0.0,0.0,0.0,0.0
2023-03-28 13:05:18.699000+00:00,4276224.0,35266560.0,39608320.0,39608320.0,6.88,0.26841587,27.4,4085090.0,0.0,0.0,24843.0,6127046.0,0.0,0.0,26746.0,0.0,0.0,0.0,0.0
2023-03-28 13:05:24.316000+00:00,4276224.0,34844672.0,39190528.0,39190528.0,6.91,0.26841587,27.44,4094501.0,0.0,0.0,24902.0,6141524.0,0.0,0.0,26808.0,0.0,0.0,0.0,0.0
2023-03-28 13:05:28.872000+00:00,4276224.0,34844672.0,39190528.0,39190528.0,6.93,0.26841587,27.54,4094501.0,0.0,0.0,24902.0,6141524.0,0.0,0.0,26808.0,0.0,0.0,0.0,0.0
2023-03-28 13:05:33.699000+00:00,4276224.0,35098624.0,39374848.0,39374848.0,6.93,0.26841587,27.56,4112338.0,0.0,0.0,25010.0,6169475.0,0.0,0.0,26926.0,0.0,0.0,0.0,0.0
2023-03-28 13:05:39.279000+00:00,4276224.0,35233792.0,39555072.0,39555072.0,6.96,0.26841587,27.62,4113141.0,0.0,0.0,25014.0,6174037.0,0.0,0.0,26931.0,0.0,0.0,0.0,0.0
2023-03-28 13:05:44.298000+00:00,4276224.0,35213312.0,39514112.0,39514112.0,6.96,0.26841587,27.65,4129488.0,0.0,0.0,25110.0,6196415.0,0.0,0.0,27035.0,0.0,0.0,0.0,0.0
2023-03-28 13:05:48.734000+00:00,4366336.0,35213312.0,39514112.0,39727104.0,6.99,0.26841587,27.71,4130291.0,0.0,0.0,25114.0,6200977.0,0.0,0.0,27040.0,0.0,0.0,0.0,0.0
2023-03-28 13:05:53.696000+00:00,4366336.0,35532800.0,39903232.0,39903232.0,7.01,0.26841587,27.72,4131148.0,0.0,0.0,25119.0,6205613.0,0.0,0.0,27046.0,0.0,0.0,0.0,0.0
2023-03-28 13:05:58.879000+00:00,4366336.0,35532800.0,39903232.0,39903232.0,7.03,0.26841587,27.82,4131148.0,0.0,0.0,25119.0,6205613.0,0.0,0.0,27046.0,0.0,0.0,0.0,0.0
2023-03-28 13:06:03.953000+00:00,4366336.0,35356672.0,39677952.0,39677952.0,7.03,0.26841587,27.83,4157868.0,0.0,0.0,25283.0,6243842.0,0.0,0.0,27223.0,0.0,0.0,0.0,0.0
2023-03-28 13:06:09.868000+00:00,4366336.0,35504128.0,39964672.0,39964672.0,7.05,0.268965167,27.9,4159107.0,0.0,0.0,25289.0,6248720.0,0.0,0.0,27232.0,0.0,0.0,0.0,0.0
2023-03-28 13:06:14.791000+00:00,4366336.0,35602432.0,39936000.0,39936000.0,7.05,0.268965167,27.9,4159910.0,0.0,0.0,25293.0,6253282.0,0.0,0.0,27237.0,0.0,0.0,0.0,0.0
2023-03-28 13:06:19.772000+00:00,4366336.0,35602432.0,39288832.0,39288832.0,7.09,0.268965167,27.96,4160713.0,0.0,0.0,25297.0,6257844.0,0.0,0.0,27242.0,0.0,0.0,0.0,0.0
2023-03-28 13:06:23.869000+00:00,4366336.0,35422208.0,39829504.0,39829504.0,7.09,0.268965167,27.99,4169805.0,0.0,0.0,25353.0,6272258.0,0.0,0.0,27301.0,0.0,0.0,0.0,0.0
2023-03-28 13:06:29.120000+00:00,4366336.0,35119104.0,39526400.0,39829504.0,7.1,0.268965167,28.08,4169805.0,0.0,0.0,25353.0,6272258.0,0.0,0.0,27301.0,0.0,0.0,0.0,0.0
2023-03-28 13:06:33.386000+00:00,4366336.0,35119104.0,39432192.0,39432192.0,7.11,0.268965167,28.11,4194556.0,0.0,0.0,25499.0,6307953.0,0.0,0.0,27460.0,0.0,0.0,0.0,0.0
2023-03-28 13:06:39.719000+00:00,4366336.0,35119104.0,39694336.0,39694336.0,7.12,0.268965167,28.21,4212235.0,0.0,0.0,25605.0,6331742.0,0.0,0.0,27575.0,0.0,0.0,0.0,0.0
2023-03-28 13:06:43.798000+00:00,4366336.0,34877440.0,39153664.0,39153664.0,7.12,0.268965167,28.24,4221156.0,0.0,0.0,25661.0,6345975.0,0.0,0.0,27634.0,0.0,0.0,0.0,0.0
2023-03-28 13:06:49.113000+00:00,4481024.0,34877440.0,39718912.0,39718912.0,7.15,0.270717802,28.24,4239172.0,0.0,0.0,25774.0,6370034.0,0.0,0.0,27747.0,0.0,0.0,0.0,0.0
2023-03-28 13:06:54.806000+00:00,4481024.0,35254272.0,39550976.0,39550976.0,7.17,0.270717802,28.37,4256023.0,0.0,0.0,25875.0,6392814.0,0.0,0.0,27858.0,0.0,0.0,0.0,0.0
2023-03-28 13:06:59.458000+00:00,4481024.0,35782656.0,39550976.0,39550976.0,7.2,0.270717802,28.48,4256023.0,0.0,0.0,25875.0,6392814.0,0.0,0.0,27858.0,0.0,0.0,0.0,0.0
2023-03-28 13:07:03.438000+00:00,4481024.0,35188736.0,39612416.0,39612416.0,7.2,0.270717802,28.49,4287981.0,0.0,0.0,26068.0,6436919.0,0.0,0.0,28062.0,0.0,0.0,0.0,0.0
2023-03-28 13:07:09.053000+00:00,4481024.0,35573760.0,39886848.0,39886848.0,7.22,0.270717802,28.54,4308641.0,0.0,0.0,26202.0,6465112.0,0.0,0.0,28209.0,0.0,0.0,0.0,0.0
2023-03-28 13:07:14.775000+00:00,4481024.0,35278848.0,39927808.0,39927808.0,7.23,0.270717802,28.63,4317687.0,0.0,0.0,26254.0,6478960.0,0.0,0.0,28268.0,0.0,0.0,0.0,0.0
2023-03-28 13:07:19.409000+00:00,4481024.0,35430400.0,39710720.0,39710720.0,7.25,0.270717802,28.68,4336333.0,0.0,0.0,26372.0,6504645.0,0.0,0.0,28393.0,0.0,0.0,0.0,0.0
2023-03-28 13:07:24.716000+00:00,4481024.0,35119104.0,39555072.0,39555072.0,7.3,0.270717802,28.75,4345243.0,0.0,0.0,26424.0,6518365.0,0.0,0.0,28452.0,0.0,0.0,0.0,0.0
2023-03-28 13:07:29.250000+00:00,4481024.0,35119104.0,39555072.0,39555072.0,7.31,0.270717802,28.77,4345243.0,0.0,0.0,26424.0,6518365.0,0.0,0.0,28452.0,0.0,0.0,0.0,0.0
2023-03-28 13:07:34.094000+00:00,4481024.0,35033088.0,39321600.0,39321600.0,7.32,0.270717802,28.84,4356178.0,0.0,0.0,26493.0,6538536.0,0.0,0.0,28523.0,0.0,0.0,0.0,0.0
2023-03-28 13:07:38.656000+00:00,4481024.0,35033088.0,39518208.0,39518208.0,7.35,0.270717802,29.0,4374681.0,0.0,0.0,26606.0,6563571.0,0.0,0.0,28643.0,0.0,0.0,0.0,0.0
2023-03-28 13:07:44.318000+00:00,4481024.0,35704832.0,40148992.0,40148992.0,7.36,0.270717802,29.08,4383181.0,0.0,0.0,26656.0,6576921.0,0.0,0.0,28697.0,0.0,0.0,0.0,0.0
2023-03-28 13:07:49.109000+00:00,4481024.0,35704832.0,40148992.0,40148992.0,7.36,0.270717802,29.09,4383181.0,0.0,0.0,26656.0,6576921.0,0.0,0.0,28702.0,0.0,0.0,0.0,0.0
2023-03-28 13:07:54.736000+00:00,4632576.0,35565568.0,39985152.0,39985152.0,7.39,0.270717802,29.2,4393118.0,0.0,0.0,26716.0,6595306.0,0.0,0.0,28763.0,0.0,0.0,0.0,0.0
2023-03-28 13:07:59.455000+00:00,4632576.0,36036608.0,39985152.0,39985152.0,7.4,0.270717802,29.22,4393118.0,0.0,0.0,26716.0,6595306.0,0.0,0.0,28763.0,0.0,0.0,0.0,0.0
2023-03-28 13:08:04.861000+00:00,4632576.0,36028416.0,40321024.0,40321024.0,7.42,0.270717802,29.33,4417623.0,0.0,0.0,26863.0,6630872.0,0.0,0.0,28922.0,0.0,0.0,0.0,0.0
2023-03-28 13:08:09.734000+00:00,4632576.0,36028416.0,40321024.0,40321024.0,7.43,0.270717802,29.34,4420279.0,0.0,0.0,26882.0,6637785.0,0.0,0.0,28944.0,0.0,0.0,0.0,0.0
2023-03-28 13:08:14.201000+00:00,4632576.0,35860480.0,40202240.0,40202240.0,7.46,0.270717802,29.41,4428367.0,0.0,0.0,26930.0,6650923.0,0.0,0.0,28995.0,0.0,0.0,0.0,0.0
2023-03-28 13:08:19.751000+00:00,4632576.0,35860480.0,40198144.0,40198144.0,7.47,0.270717802,29.41,4444998.0,0.0,0.0,27029.0,6673450.0,0.0,0.0,29104.0,0.0,0.0,0.0,0.0
2023-03-28 13:08:24.243000+00:00,4632576.0,35962880.0,40378368.0,40378368.0,7.5,0.270717802,29.51,4445365.0,0.0,0.0,27031.0,6677697.0,0.0,0.0,29105.0,0.0,0.0,0.0,0.0
2023-03-28 13:08:28.869000+00:00,4632576.0,35577856.0,40378368.0,40378368.0,7.5,0.270717802,29.54,4445365.0,0.0,0.0,27031.0,6677697.0,0.0,0.0,29105.0,0.0,0.0,0.0,0.0
2023-03-28 13:08:34.580000+00:00,4632576.0,35721216.0,40042496.0,40042496.0,7.52,0.270717802,29.6,4454792.0,0.0,0.0,27085.0,6695686.0,0.0,0.0,29163.0,0.0,0.0,0.0,0.0
2023-03-28 13:08:38.550000+00:00,4632576.0,36139008.0,40427520.0,40427520.0,7.53,0.270717802,29.66,4480377.0,0.0,0.0,27243.0,6728767.0,0.0,0.0,29329.0,0.0,0.0,0.0,0.0
2023-03-28 13:08:43.945000+00:00,4632576.0,35819520.0,40161280.0,40161280.0,7.56,0.270717802,29.75,4489744.0,0.0,0.0,27301.0,6743332.0,0.0,0.0,29392.0,0.0,0.0,0.0,0.0
2023-03-28 13:08:48.869000+00:00,4632576.0,35819520.0,39751680.0,39751680.0,7.57,0.270717802,29.75,4499136.0,0.0,0.0,27359.0,6757929.0,0.0,0.0,29455.0,0.0,0.0,0.0,0.0
2023-03-28 13:08:53.114000+00:00,4755456.0,36175872.0,40927232.0,40927232.0,7.6,0.270717802,29.86,4509677.0,0.0,0.0,27426.0,6773978.0,0.0,0.0,29527.0,0.0,0.0,0.0,0.0
2023-03-28 13:08:59.825000+00:00,4755456.0,36175872.0,40927232.0,40927232.0,7.62,0.270717802,29.9,4509677.0,0.0,0.0,27426.0,6773978.0,0.0,0.0,29527.0,0.0,0.0,0.0,0.0
2023-03-28 13:09:04.614000+00:00,4755456.0,35962880.0,40480768.0,40480768.0,7.64,0.270717802,29.98,4537967.0,0.0,0.0,27606.0,6814406.0,0.0,0.0,29721.0,0.0,0.0,0.0,0.0
2023-03-28 13:09:08.983000+00:00,4755456.0,35962880.0,40407040.0,40407040.0,7.64,0.270717802,29.99,4538770.0,0.0,0.0,27610.0,6818969.0,0.0,0.0,29726.0,0.0,0.0,0.0,0.0
2023-03-28 13:09:14.252000+00:00,4755456.0,35680256.0,40341504.0,40341504.0,7.68,0.270717802,30.06,4547306.0,0.0,0.0,27660.0,6832423.0,0.0,0.0,29781.0,0.0,0.0,0.0,0.0
2023-03-28 13:09:19.561000+00:00,4755456.0,35786752.0,40103936.0,40103936.0,7.68,0.270717802,30.06,4548109.0,0.0,0.0,27664.0,6836986.0,0.0,0.0,29786.0,0.0,0.0,0.0,0.0
2023-03-28 13:09:24.814000+00:00,4755456.0,35844096.0,40534016.0,40534016.0,7.7,0.270717802,30.17,4564966.0,0.0,0.0,27762.0,6859743.0,0.0,0.0,29894.0,0.0,0.0,0.0,0.0
2023-03-28 13:09:29.742000+00:00,4755456.0,35844096.0,40534016.0,40534016.0,7.7,0.270717802,30.17,4564966.0,0.0,0.0,27762.0,6859743.0,0.0,0.0,29894.0,0.0,0.0,0.0,0.0
2023-03-28 13:09:34.466000+00:00,4755456.0,36085760.0,40800256.0,40800256.0,7.7,0.270717802,30.24,4566136.0,0.0,0.0,27768.0,6868553.0,0.0,0.0,29900.0,0.0,0.0,0.0,0.0
2023-03-28 13:09:39.519000+00:00,4755456.0,36085760.0,39616512.0,39616512.0,7.7,0.270717802,30.26,4566939.0,0.0,0.0,27772.0,6873116.0,0.0,0.0,29905.0,0.0,0.0,0.0,0.0
2023-03-28 13:09:44.218000+00:00,4755456.0,35405824.0,39690240.0,39690240.0,7.7,0.270717802,30.26,4567742.0,0.0,0.0,27776.0,6877679.0,0.0,0.0,29910.0,0.0,0.0,0.0,0.0
2023-03-28 13:09:49.797000+00:00,4829184.0,35291136.0,39690240.0,39690240.0,7.75,0.270717802,30.36,4567742.0,0.0,0.0,27776.0,6877679.0,0.0,0.0,29978.0,0.0,0.0,0.0,0.0
2023-03-28 13:09:54.047000+00:00,4829184.0,35344384.0,39714816.0,39714816.0,7.76,0.270717802,30.39,4594189.0,0.0,0.0,27939.0,6915706.0,0.0,0.0,30087.0,0.0,0.0,0.0,0.0
2023-03-28 13:09:59.808000+00:00,4829184.0,35344384.0,39714816.0,39714816.0,7.79,0.270717802,30.44,4594189.0,0.0,0.0,27939.0,6915706.0,0.0,0.0,30087.0,0.0,0.0,0.0,0.0
2023-03-28 13:10:03.873000+00:00,4829184.0,35594240.0,39915520.0,39915520.0,7.79,0.270717802,30.44,4595879.0,0.0,0.0,27949.0,6924916.0,0.0,0.0,30099.0,0.0,0.0,0.0,0.0
2023-03-28 13:10:09.783000+00:00,4829184.0,35274752.0,39694336.0,39694336.0,7.8,0.270717802,30.54,4604771.0,0.0,0.0,28001.0,6938618.0,0.0,0.0,30158.0,0.0,0.0,0.0,0.0
2023-03-28 13:10:13.813000+00:00,4829184.0,35729408.0,40112128.0,40112128.0,7.8,0.270717802,30.54,4612841.0,0.0,0.0,28049.0,6951728.0,0.0,0.0,30209.0,0.0,0.0,0.0,0.0
2023-03-28 13:10:19.224000+00:00,4829184.0,35729408.0,40177664.0,40177664.0,7.81,0.270717802,30.54,4613644.0,0.0,0.0,28053.0,6956291.0,0.0,0.0,30214.0,0.0,0.0,0.0,0.0
2023-03-28 13:10:23.389000+00:00,4829184.0,35893248.0,40214528.0,40214528.0,7.81,0.270717802,30.66,4629781.0,0.0,0.0,28149.0,6978446.0,0.0,0.0,30318.0,0.0,0.0,0.0,0.0
2023-03-28 13:10:29.162000+00:00,4829184.0,36012032.0,40214528.0,40214528.0,7.84,0.270717802,30.81,4629781.0,0.0,0.0,28149.0,6978446.0,0.0,0.0,30318.0,0.0,0.0,0.0,0.0
2023-03-28 13:10:34.253000+00:00,4829184.0,35999744.0,40312832.0,40312832.0,7.85,0.270717802,30.86,4680318.0,0.0,0.0,28459.0,7043937.0,0.0,0.0,30648.0,0.0,0.0,0.0,0.0
2023-03-28 13:10:39.012000+00:00,4829184.0,35999744.0,40312832.0,40312832.0,7.88,0.270717802,30.92,4680318.0,0.0,0.0,28459.0,7048500.0,0.0,0.0,30653.0,0.0,0.0,0.0,0.0
2023-03-28 13:10:44.636000+00:00,4829184.0,35876864.0,40259584.0,40259584.0,7.88,0.270717802,30.96,4691600.0,0.0,0.0,28529.0,7064475.0,0.0,0.0,30724.0,0.0,0.0,0.0,0.0
2023-03-28 13:10:49.669000+00:00,4980736.0,35876864.0,40333312.0,40333312.0,7.93,0.270717802,31.06,4715482.0,0.0,0.0,28673.0,7095031.0,0.0,0.0,30872.0,0.0,0.0,0.0,0.0
2023-03-28 13:10:53.427000+00:00,4980736.0,35672064.0,40067072.0,40067072.0,7.94,0.270717802,31.11,4733566.0,0.0,0.0,28785.0,7119646.0,0.0,0.0,30991.0,0.0,0.0,0.0,0.0
2023-03-28 13:10:59.226000+00:00,4980736.0,35287040.0,39591936.0,40067072.0,7.98,0.271419657,31.18,4733566.0,0.0,0.0,28785.0,7119646.0,0.0,0.0,30991.0,0.0,0.0,0.0,0.0
2023-03-28 13:11:04.693000+00:00,4980736.0,35753984.0,40116224.0,40116224.0,7.98,0.271419657,31.19,4750730.0,0.0,0.0,28887.0,7146592.0,0.0,0.0,31102.0,0.0,0.0,0.0,0.0
2023-03-28 13:11:09.422000+00:00,4980736.0,35897344.0,40308736.0,40308736.0,7.99,0.271419657,31.26,4751533.0,0.0,0.0,28891.0,7151155.0,0.0,0.0,31107.0,0.0,0.0,0.0,0.0
2023-03-28 13:11:14.294000+00:00,4980736.0,35999744.0,40349696.0,40349696.0,7.99,0.271419657,31.26,4752336.0,0.0,0.0,28895.0,7155718.0,0.0,0.0,31112.0,0.0,0.0,0.0,0.0
2023-03-28 13:11:18.992000+00:00,4980736.0,35999744.0,40349696.0,39809024.0,8.01,0.271419657,31.34,4753139.0,0.0,0.0,28899.0,7160281.0,0.0,0.0,31117.0,0.0,0.0,0.0,0.0
2023-03-28 13:11:24.250000+00:00,4980736.0,35463168.0,39763968.0,39763968.0,8.02,0.271419657,31.34,4753942.0,0.0,0.0,28903.0,7164844.0,0.0,0.0,31122.0,0.0,0.0,0.0,0.0
2023-03-28 13:11:29.173000+00:00,4980736.0,35463168.0,39763968.0,39763968.0,8.04,0.271419657,31.41,4753942.0,0.0,0.0,28903.0,7164844.0,0.0,0.0,31122.0,0.0,0.0,0.0,0.0
2023-03-28 13:11:34.660000+00:00,4980736.0,35151872.0,39579648.0,39579648.0,8.04,0.271419657,31.44,4763409.0,0.0,0.0,28957.0,7182929.0,0.0,0.0,31181.0,0.0,0.0,0.0,0.0
2023-03-28 13:11:39.111000+00:00,4980736.0,35151872.0,39768064.0,39768064.0,8.06,0.293310247,31.51,4764296.0,0.0,0.0,28963.0,7187576.0,0.0,0.0,31188.0,0.0,0.0,0.0,0.0
2023-03-28 13:11:44.316000+00:00,4980736.0,35385344.0,39702528.0,39702528.0,8.06,0.293310247,31.51,4765099.0,0.0,0.0,28967.0,7192139.0,0.0,0.0,31193.0,0.0,0.0,0.0,0.0
2023-03-28 13:11:48.845000+00:00,4980736.0,35385344.0,39702528.0,39702528.0,8.1,0.293310247,31.61,4765099.0,0.0,0.0,29072.0,7215497.0,0.0,0.0,31305.0,0.0,0.0,0.0,0.0
2023-03-28 13:11:53.639000+00:00,5054464.0,35651584.0,39944192.0,39944192.0,8.12,0.293310247,31.69,4799407.0,0.0,0.0,29177.0,7239056.0,0.0,0.0,31419.0,0.0,0.0,0.0,0.0
2023-03-28 13:11:59.437000+00:00,5054464.0,35356672.0,39944192.0,39944192.0,8.14,0.293310247,31.77,4808824.0,0.0,0.0,29237.0,7239056.0,0.0,0.0,31419.0,0.0,0.0,0.0,0.0
2023-03-28 13:12:04.804000+00:00,5054464.0,35434496.0,39735296.0,39735296.0,8.15,0.293310247,31.81,4826309.0,0.0,0.0,29343.0,7277411.0,0.0,0.0,31601.0,0.0,0.0,0.0,0.0
2023-03-28 13:12:09.542000+00:00,5054464.0,35434496.0,39735296.0,39677952.0,8.18,0.293310247,31.95,4853307.0,0.0,0.0,29515.0,7312900.0,0.0,0.0,31784.0,0.0,0.0,0.0,0.0
2023-03-28 13:12:13.551000+00:00,5054464.0,35168256.0,39710720.0,39710720.0,8.18,0.293310247,31.99,4868642.0,0.0,0.0,29605.0,7333972.0,0.0,0.0,31879.0,0.0,0.0,0.0,0.0
2023-03-28 13:12:19.524000+00:00,5054464.0,35930112.0,40427520.0,40427520.0,8.22,0.293310247,32.13,4898001.0,0.0,0.0,29794.0,7372059.0,0.0,0.0,32081.0,0.0,0.0,0.0,0.0
2023-03-28 13:12:23.410000+00:00,5054464.0,35516416.0,39878656.0,39878656.0,8.23,0.293310247,32.19,4923201.0,0.0,0.0,29944.0,7404794.0,0.0,0.0,32244.0,0.0,0.0,0.0,0.0
2023-03-28 13:12:28.730000+00:00,5054464.0,35516416.0,39878656.0,39878656.0,8.24,0.293310247,32.21,4923201.0,0.0,0.0,29944.0,7404794.0,0.0,0.0,32299.0,0.0,0.0,0.0,0.0
2023-03-28 13:12:34.199000+00:00,5054464.0,35524608.0,39849984.0,39849984.0,8.27,0.293310247,32.34,4956923.0,0.0,0.0,30145.0,7450751.0,0.0,0.0,32459.0,0.0,0.0,0.0,0.0
2023-03-28 13:12:39.719000+00:00,5054464.0,35700736.0,39989248.0,39989248.0,8.27,0.293310247,32.35,4958580.0,0.0,0.0,30156.0,7456610.0,0.0,0.0,32474.0,0.0,0.0,0.0,0.0
2023-03-28 13:12:43.297000+00:00,5054464.0,35422208.0,39723008.0,39723008.0,8.3,0.293310247,32.42,4967020.0,0.0,0.0,30206.0,7469980.0,0.0,0.0,32529.0,0.0,0.0,0.0,0.0
2023-03-28 13:12:49.419000+00:00,5054464.0,35422208.0,39825408.0,39825408.0,8.3,0.293310247,32.42,4967823.0,0.0,0.0,30210.0,7474543.0,0.0,0.0,32534.0,0.0,0.0,0.0,0.0
2023-03-28 13:12:54.237000+00:00,5246976.0,35348480.0,39866368.0,39866368.0,8.34,0.293310247,32.53,4977553.0,0.0,0.0,30270.0,7489376.0,0.0,0.0,32597.0,0.0,0.0,0.0,0.0
2023-03-28 13:12:59.913000+00:00,5246976.0,35713024.0,39866368.0,39866368.0,8.36,0.293310247,32.58,4977553.0,0.0,0.0,30270.0,7489376.0,0.0,0.0,32597.0,0.0,0.0,0.0,0.0
2023-03-28 13:13:03.800000+00:00,5246976.0,35840000.0,40222720.0,40222720.0,8.39,0.293310247,32.62,5002270.0,0.0,0.0,30419.0,7524985.0,0.0,0.0,32758.0,0.0,0.0,0.0,0.0
2023-03-28 13:13:09.200000+00:00,5246976.0,35840000.0,40222720.0,40222720.0,8.4,0.293310247,32.67,5002270.0,0.0,0.0,30419.0,7524985.0,0.0,0.0,32862.0,0.0,0.0,0.0,0.0
2023-03-28 13:13:13.643000+00:00,5246976.0,35991552.0,40321024.0,40321024.0,8.42,0.293310247,32.73,5019338.0,0.0,0.0,30519.0,7551913.0,0.0,0.0,32868.0,0.0,0.0,0.0,0.0
2023-03-28 13:13:19.750000+00:00,5246976.0,35991552.0,40091648.0,40091648.0,8.43,0.293310247,32.77,5029208.0,0.0,0.0,30579.0,7566868.0,0.0,0.0,32935.0,0.0,0.0,0.0,0.0
2023-03-28 13:13:24.541000+00:00,5246976.0,35352576.0,39833600.0,39833600.0,8.45,0.293310247,32.88,5054338.0,0.0,0.0,30735.0,7599864.0,0.0,0.0,33101.0,0.0,0.0,0.0,0.0
2023-03-28 13:13:29.697000+00:00,5246976.0,35450880.0,39743488.0,39833600.0,8.45,0.293310247,32.88,5054338.0,0.0,0.0,30735.0,7599864.0,0.0,0.0,33101.0,0.0,0.0,0.0,0.0
2023-03-28 13:13:34.345000+00:00,5246976.0,35954688.0,40304640.0,40304640.0,8.47,0.293624829,32.98,5063619.0,0.0,0.0,30789.0,7617815.0,0.0,0.0,33161.0,0.0,0.0,0.0,0.0
2023-03-28 13:13:38.941000+00:00,5246976.0,35176448.0,39469056.0,39469056.0,8.47,0.293624829,32.98,5064422.0,0.0,0.0,30793.0,7622378.0,0.0,0.0,33166.0,0.0,0.0,0.0,0.0
2023-03-28 13:13:43.760000+00:00,5246976.0,35237888.0,39559168.0,39559168.0,8.52,0.293624829,33.07,5080555.0,0.0,0.0,30889.0,7644533.0,0.0,0.0,33270.0,0.0,0.0,0.0,0.0
2023-03-28 13:13:48.838000+00:00,5365760.0,35237888.0,39559168.0,39677952.0,8.52,0.293624829,33.08,5081358.0,0.0,0.0,30893.0,7649096.0,0.0,0.0,33275.0,0.0,0.0,0.0,0.0
2023-03-28 13:13:53.395000+00:00,5365760.0,35975168.0,40361984.0,40361984.0,8.55,0.293624829,33.17,5090830.0,0.0,0.0,30952.0,7663794.0,0.0,0.0,33339.0,0.0,0.0,0.0,0.0
2023-03-28 13:13:59.079000+00:00,5365760.0,35975168.0,40361984.0,40361984.0,8.56,0.293624829,33.21,5090830.0,0.0,0.0,30952.0,7663794.0,0.0,0.0,33339.0,0.0,0.0,0.0,0.0
2023-03-28 13:14:04.311000+00:00,5365760.0,35667968.0,40251392.0,40251392.0,8.57,0.293624829,33.31,5115673.0,0.0,0.0,31100.0,7699669.0,0.0,0.0,33501.0,0.0,0.0,0.0,0.0
2023-03-28 13:14:08.820000+00:00,5365760.0,35770368.0,40087552.0,40087552.0,8.57,0.293624829,33.32,5116476.0,0.0,0.0,31104.0,7704232.0,0.0,0.0,33506.0,0.0,0.0,0.0,0.0
2023-03-28 13:14:14.853000+00:00,5365760.0,35991552.0,40472576.0,40472576.0,8.62,0.293624829,33.45,5153411.0,0.0,0.0,31334.0,7750677.0,0.0,0.0,33752.0,0.0,0.0,0.0,0.0
2023-03-28 13:14:19.857000+00:00,5365760.0,35991552.0,40472576.0,40472576.0,8.63,0.293624829,33.48,5153411.0,0.0,0.0,31392.0,7765232.0,0.0,0.0,33815.0,0.0,0.0,0.0,0.0
2023-03-28 13:14:24.007000+00:00,5365760.0,35827712.0,40280064.0,40280064.0,8.63,0.293624829,33.56,5163135.0,0.0,0.0,31394.0,7769479.0,0.0,0.0,33816.0,0.0,0.0,0.0,0.0
2023-03-28 13:14:29.329000+00:00,5365760.0,35827712.0,40280064.0,40280064.0,8.64,0.293624829,33.59,5163135.0,0.0,0.0,31394.0,7769479.0,0.0,0.0,33816.0,0.0,0.0,0.0,0.0
2023-03-28 13:14:34.254000+00:00,5365760.0,35184640.0,39936000.0,39936000.0,8.68,0.293624829,33.66,5181035.0,0.0,0.0,31502.0,7797491.0,0.0,0.0,33934.0,0.0,0.0,0.0,0.0
2023-03-28 13:14:39.666000+00:00,5365760.0,35287040.0,39600128.0,39600128.0,8.68,0.293624829,33.66,5181838.0,0.0,0.0,31506.0,7802054.0,0.0,0.0,33939.0,0.0,0.0,0.0,0.0
2023-03-28 13:14:44.204000+00:00,5365760.0,37560320.0,42143744.0,42143744.0,8.7,0.293624829,33.72,5198077.0,0.0,0.0,31604.0,7823713.0,0.0,0.0,34036.0,0.0,0.0,0.0,0.0
2023-03-28 13:14:49.606000+00:00,5488640.0,35414016.0,39702528.0,39702528.0,8.71,0.293624829,33.77,5198880.0,0.0,0.0,31608.0,7828276.0,0.0,0.0,34041.0,0.0,0.0,0.0,0.0
2023-03-28 13:14:53.952000+00:00,5488640.0,35594240.0,39890944.0,39890944.0,8.72,0.293624829,33.78,5199737.0,0.0,0.0,31613.0,7832913.0,0.0,0.0,34047.0,0.0,0.0,0.0,0.0
2023-03-28 13:14:58.880000+00:00,5488640.0,35594240.0,39890944.0,39890944.0,8.75,0.293624829,33.89,5199737.0,0.0,0.0,31613.0,7832913.0,0.0,0.0,34047.0,0.0,0.0,0.0,0.0
2023-03-28 13:15:03.711000+00:00,5488640.0,35901440.0,40226816.0,40226816.0,8.75,0.293624829,33.9,5219503.0,0.0,0.0,31739.0,7863363.0,0.0,0.0,34183.0,0.0,0.0,0.0,0.0
2023-03-28 13:15:08.581000+00:00,5488640.0,35901440.0,40226816.0,39796736.0,8.76,0.293624829,33.9,5220306.0,0.0,0.0,31743.0,7867926.0,0.0,0.0,34188.0,0.0,0.0,0.0,0.0
2023-03-28 13:15:14.832000+00:00,5488640.0,35647488.0,39960576.0,39960576.0,8.76,0.293624829,33.99,5229216.0,0.0,0.0,31795.0,7881646.0,0.0,0.0,34247.0,0.0,0.0,0.0,0.0
2023-03-28 13:15:18.951000+00:00,5488640.0,35647488.0,40099840.0,40099840.0,8.78,0.293624829,33.99,5246251.0,0.0,0.0,31897.0,7905180.0,0.0,0.0,34356.0,0.0,0.0,0.0,0.0
2023-03-28 13:15:23.820000+00:00,5488640.0,35885056.0,40218624.0,40218624.0,8.79,0.293624829,34.08,5247054.0,0.0,0.0,31901.0,7909743.0,0.0,0.0,34361.0,0.0,0.0,0.0,0.0
2023-03-28 13:15:29.838000+00:00,5488640.0,35885056.0,40218624.0,40218624.0,8.83,0.293624829,34.28,5247054.0,0.0,0.0,31901.0,7909743.0,0.0,0.0,34361.0,0.0,0.0,0.0,0.0
2023-03-28 13:15:33.949000+00:00,5488640.0,36163584.0,40525824.0,40525824.0,8.87,0.293624829,34.44,5314051.0,0.0,0.0,32310.0,7994172.0,0.0,0.0,34796.0,0.0,0.0,0.0,0.0
2023-03-28 13:15:38.657000+00:00,5488640.0,36163584.0,40525824.0,40525824.0,8.9,0.293624829,34.55,5314051.0,0.0,0.0,32310.0,7994172.0,0.0,0.0,34859.0,0.0,0.0,0.0,0.0
2023-03-28 13:15:44.051000+00:00,5488640.0,26300416.0,30388224.0,30388224.0,8.93,0.293624829,34.8,5342292.0,0.0,0.0,32488.0,8033998.0,0.0,0.0,34980.0,0.0,0.0,0.0,0.0
2023-03-28 13:15:49.804000+00:00,5488640.0,27090944.0,31322112.0,31322112.0,9.0,0.293624829,34.91,5368388.0,0.0,0.0,32649.0,8067796.0,0.0,0.0,35156.0,0.0,0.0,0.0,0.0
2023-03-28 13:15:54.037000+00:00,5648384.0,26386432.0,30441472.0,30441472.0,9.0,0.293624829,34.91,5368755.0,0.0,0.0,32651.0,8072043.0,0.0,0.0,35157.0,0.0,0.0,0.0,0.0
2023-03-28 13:15:58.915000+00:00,5648384.0,26558464.0,30654464.0,30441472.0,9.03,0.293624829,34.97,5368755.0,0.0,0.0,32651.0,8072043.0,0.0,0.0,35157.0,0.0,0.0,0.0,0.0
2023-03-28 13:16:03.680000+00:00,5648384.0,26873856.0,30973952.0,30973952.0,9.04,0.293624829,35.04,5387525.0,0.0,0.0,32769.0,8101205.0,0.0,0.0,35285.0,0.0,0.0,0.0,0.0
2023-03-28 13:16:09.702000+00:00,5648384.0,26873856.0,31223808.0,31223808.0,9.06,0.293624829,35.16,5405645.0,0.0,0.0,32881.0,8125961.0,0.0,0.0,35406.0,0.0,0.0,0.0,0.0
2023-03-28 13:16:13.897000+00:00,5648384.0,27373568.0,31367168.0,31367168.0,9.06,0.293624829,35.17,5406448.0,0.0,0.0,32885.0,8130524.0,0.0,0.0,35411.0,0.0,0.0,0.0,0.0
2023-03-28 13:16:18.868000+00:00,5648384.0,27373568.0,31367168.0,31363072.0,9.08,0.293624829,35.17,5415803.0,0.0,0.0,32943.0,8145078.0,0.0,0.0,35474.0,0.0,0.0,0.0,0.0
2023-03-28 13:16:24.538000+00:00,5648384.0,27279360.0,31260672.0,31260672.0,9.1,0.293624829,35.35,5441894.0,0.0,0.0,33101.0,8178601.0,0.0,0.0,35639.0,0.0,0.0,0.0,0.0
2023-03-28 13:16:29.447000+00:00,5648384.0,27279360.0,31260672.0,31260672.0,9.12,0.293624829,35.44,5441894.0,0.0,0.0,33101.0,8178601.0,0.0,0.0,35639.0,0.0,0.0,0.0,0.0
2023-03-28 13:16:33.162000+00:00,5648384.0,27766784.0,31752192.0,31752192.0,9.14,0.293624829,35.5,5460807.0,0.0,0.0,33217.0,8207805.0,0.0,0.0,35763.0,0.0,0.0,0.0,0.0
2023-03-28 13:16:39.524000+00:00,5648384.0,27766784.0,31924224.0,31924224.0,9.19,0.293624829,35.59,5470251.0,0.0,0.0,33275.0,8222454.0,0.0,0.0,35826.0,0.0,0.0,0.0,0.0
2023-03-28 13:16:43.553000+00:00,5648384.0,28024832.0,32059392.0,32059392.0,9.2,0.293624829,35.66,5488320.0,0.0,0.0,33387.0,8247109.0,0.0,0.0,35946.0,0.0,0.0,0.0,0.0
2023-03-28 13:16:48.906000+00:00,5795840.0,28024832.0,32059392.0,32059392.0,9.21,0.293624829,35.67,5489123.0,0.0,0.0,33391.0,8251672.0,0.0,0.0,35951.0,0.0,0.0,0.0,0.0
2023-03-28 13:16:53.545000+00:00,5795840.0,27648000.0,31821824.0,31821824.0,9.25,0.293624829,35.76,5489980.0,0.0,0.0,33396.0,8256309.0,0.0,0.0,35957.0,0.0,0.0,0.0,0.0
2023-03-28 13:16:59.724000+00:00,5795840.0,27648000.0,31821824.0,31821824.0,9.28,0.293624829,35.91,5489980.0,0.0,0.0,33396.0,8256309.0,0.0,0.0,35957.0,0.0,0.0,0.0,0.0
2023-03-28 13:17:03.097000+00:00,5795840.0,28098560.0,32329728.0,32329728.0,9.28,0.293624829,35.98,5507972.0,0.0,0.0,33506.0,8284433.0,0.0,0.0,36077.0,0.0,0.0,0.0,0.0
2023-03-28 13:17:09.619000+00:00,5795840.0,27885568.0,31924224.0,31924224.0,9.28,0.293624829,36.02,5516574.0,0.0,0.0,33556.0,8297955.0,0.0,0.0,36132.0,0.0,0.0,0.0,0.0
2023-03-28 13:17:14.216000+00:00,5795840.0,28057600.0,32137216.0,32137216.0,9.28,0.293624829,36.1,5517377.0,0.0,0.0,33560.0,8302518.0,0.0,0.0,36137.0,0.0,0.0,0.0,0.0
2023-03-28 13:17:19.239000+00:00,5795840.0,28057600.0,32137216.0,32137216.0,9.28,0.293624829,36.12,5517377.0,0.0,0.0,33610.0,8315848.0,0.0,0.0,36191.0,0.0,0.0,0.0,0.0
2023-03-28 13:17:23.383000+00:00,5795840.0,28422144.0,32464896.0,32464896.0,9.3,0.293624829,36.22,5535208.0,0.0,0.0,33668.0,8330406.0,0.0,0.0,36254.0,0.0,0.0,0.0,0.0
2023-03-28 13:17:29.728000+00:00,5795840.0,28422144.0,32464896.0,32464896.0,9.32,0.293624829,36.27,5535208.0,0.0,0.0,33668.0,8330406.0,0.0,0.0,36254.0,0.0,0.0,0.0,0.0
2023-03-28 13:17:33.798000+00:00,5795840.0,28053504.0,32215040.0,32215040.0,9.35,0.293624829,36.34,5553258.0,0.0,0.0,33776.0,8358584.0,0.0,0.0,36372.0,0.0,0.0,0.0,0.0
2023-03-28 13:17:39.526000+00:00,5795840.0,28557312.0,32595968.0,32595968.0,9.35,0.293624829,36.36,5561766.0,0.0,0.0,33826.0,8372020.0,0.0,0.0,36427.0,0.0,0.0,0.0,0.0
2023-03-28 13:17:43.667000+00:00,5795840.0,28459008.0,32587776.0,32587776.0,9.38,0.293624829,36.42,5571101.0,0.0,0.0,33884.0,8386534.0,0.0,0.0,36490.0,0.0,0.0,0.0,0.0
2023-03-28 13:17:48.310000+00:00,5795840.0,28459008.0,32587776.0,32587776.0,9.38,0.293624829,36.48,5571101.0,0.0,0.0,33884.0,8386534.0,0.0,0.0,36595.0,0.0,0.0,0.0,0.0
2023-03-28 13:17:54.427000+00:00,5898240.0,28975104.0,33128448.0,33128448.0,9.42,0.293624829,36.6,5604280.0,0.0,0.0,34085.0,8432156.0,0.0,0.0,36709.0,0.0,0.0,0.0,0.0
2023-03-28 13:17:58.991000+00:00,5898240.0,29351936.0,33128448.0,33128448.0,9.42,0.293624829,36.65,5604280.0,0.0,0.0,34085.0,8432156.0,0.0,0.0,36709.0,0.0,0.0,0.0,0.0
2023-03-28 13:18:04.393000+00:00,5898240.0,29184000.0,33304576.0,33304576.0,9.45,0.293624829,36.72,5632244.0,0.0,0.0,34257.0,8471991.0,0.0,0.0,36895.0,0.0,0.0,0.0,0.0
2023-03-28 13:18:08.601000+00:00,5898240.0,28950528.0,33120256.0,33120256.0,9.45,0.293624829,36.76,5640772.0,0.0,0.0,34307.0,8485437.0,0.0,0.0,36950.0,0.0,0.0,0.0,0.0
2023-03-28 13:18:13.258000+00:00,5898240.0,29122560.0,33386496.0,33386496.0,9.47,0.293624829,36.83,5641575.0,0.0,0.0,34311.0,8490000.0,0.0,0.0,36955.0,0.0,0.0,0.0,0.0
2023-03-28 13:18:19.286000+00:00,5898240.0,29097984.0,33239040.0,33239040.0,9.47,0.293624829,36.86,5655043.0,0.0,0.0,34385.0,8508606.0,0.0,0.0,37033.0,0.0,0.0,0.0,0.0
2023-03-28 13:18:24.665000+00:00,5898240.0,29188096.0,33337344.0,33337344.0,9.51,0.293624829,37.01,5668121.0,0.0,0.0,34473.0,8528114.0,0.0,0.0,37131.0,0.0,0.0,0.0,0.0
2023-03-28 13:18:29.782000+00:00,5898240.0,29827072.0,33337344.0,33337344.0,9.51,0.293624829,37.06,5668121.0,0.0,0.0,34473.0,8528114.0,0.0,0.0,37131.0,0.0,0.0,0.0,0.0
2023-03-28 13:18:33.580000+00:00,5898240.0,29761536.0,33976320.0,33976320.0,9.52,0.293624829,37.15,5688862.0,0.0,0.0,34605.0,8559827.0,0.0,0.0,37273.0,0.0,0.0,0.0,0.0
2023-03-28 13:18:38.513000+00:00,5898240.0,29761536.0,33976320.0,34086912.0,9.55,0.293624829,37.18,5706079.0,0.0,0.0,34709.0,8583412.0,0.0,0.0,37386.0,0.0,0.0,0.0,0.0
2023-03-28 13:18:44.377000+00:00,5898240.0,29949952.0,34172928.0,34172928.0,9.6,0.293624829,37.32,5730824.0,0.0,0.0,34860.0,8615731.0,0.0,0.0,37548.0,0.0,0.0,0.0,0.0
2023-03-28 13:18:48.940000+00:00,5898240.0,29949952.0,33947648.0,33947648.0,9.61,0.293624829,37.37,5754654.0,0.0,0.0,35003.0,8646804.0,0.0,0.0,37701.0,0.0,0.0,0.0,0.0
2023-03-28 13:18:54.758000+00:00,6062080.0,30638080.0,34791424.0,34791424.0,9.63,0.293624829,37.53,5775432.0,0.0,0.0,35138.0,8675025.0,0.0,0.0,37850.0,0.0,0.0,0.0,0.0
2023-03-28 13:18:58.341000+00:00,6062080.0,30638080.0,34791424.0,34791424.0,9.63,0.293624829,37.54,5775432.0,0.0,0.0,35138.0,8675025.0,0.0,0.0,37850.0,0.0,0.0,0.0,0.0
2023-03-28 13:19:03.321000+00:00,6062080.0,30597120.0,35045376.0,35045376.0,9.66,0.293624829,37.58,5785711.0,0.0,0.0,35202.0,8694268.0,0.0,0.0,37920.0,0.0,0.0,0.0,0.0
2023-03-28 13:19:09.120000+00:00,6062080.0,30597120.0,35045376.0,35045376.0,9.69,0.293624829,37.72,5785711.0,0.0,0.0,35298.0,8716611.0,0.0,0.0,38024.0,0.0,0.0,0.0,0.0
2023-03-28 13:19:13.687000+00:00,6062080.0,30679040.0,34983936.0,34983936.0,9.7,0.293624829,37.73,5810500.0,0.0,0.0,35348.0,8730001.0,0.0,0.0,38079.0,0.0,0.0,0.0,0.0
2023-03-28 13:19:18.457000+00:00,6062080.0,30679040.0,35381248.0,35381248.0,9.74,0.293624829,37.81,5819102.0,0.0,0.0,35398.0,8743539.0,0.0,0.0,38134.0,0.0,0.0,0.0,0.0
2023-03-28 13:19:24.745000+00:00,6062080.0,31150080.0,35307520.0,35307520.0,9.75,0.293624829,37.83,5828732.0,0.0,0.0,35456.0,8758386.0,0.0,0.0,38197.0,0.0,0.0,0.0,0.0
2023-03-28 13:19:29.034000+00:00,6062080.0,31150080.0,35307520.0,35307520.0,9.77,0.293624829,37.9,5828732.0,0.0,0.0,35456.0,8758386.0,0.0,0.0,38197.0,0.0,0.0,0.0,0.0
2023-03-28 13:19:33.784000+00:00,6062080.0,31457280.0,35680256.0,35680256.0,9.79,0.293624829,37.96,5848404.0,0.0,0.0,35581.0,8788540.0,0.0,0.0,38329.0,0.0,0.0,0.0,0.0
2023-03-28 13:19:39.559000+00:00,6062080.0,31457280.0,35680256.0,35680256.0,9.84,0.293624829,38.06,5848404.0,0.0,0.0,35581.0,8788540.0,0.0,0.0,38540.0,0.0,0.0,0.0,0.0
2023-03-28 13:19:43.855000+00:00,6062080.0,31252480.0,35409920.0,35409920.0,9.85,0.293624829,38.13,5898215.0,0.0,0.0,35883.0,8852490.0,0.0,0.0,38643.0,0.0,0.0,0.0,0.0
2023-03-28 13:19:49.632000+00:00,6221824.0,31252480.0,35500032.0,35500032.0,9.87,0.293624829,38.26,5899018.0,0.0,0.0,35887.0,8857053.0,0.0,0.0,38648.0,0.0,0.0,0.0,0.0
2023-03-28 13:19:53.312000+00:00,6221824.0,31924224.0,36126720.0,36126720.0,9.9,0.293624829,38.29,5907512.0,0.0,0.0,35938.0,8870487.0,0.0,0.0,38704.0,0.0,0.0,0.0,0.0
2023-03-28 13:19:59.444000+00:00,6221824.0,31559680.0,35753984.0,36126720.0,9.92,0.294152276,38.43,5907512.0,0.0,0.0,35938.0,8870487.0,0.0,0.0,38704.0,0.0,0.0,0.0,0.0
2023-03-28 13:20:03.534000+00:00,6221824.0,32227328.0,36392960.0,36392960.0,9.92,0.294152276,38.48,5935156.0,0.0,0.0,36110.0,8909989.0,0.0,0.0,38890.0,0.0,0.0,0.0,0.0
2023-03-28 13:20:08.651000+00:00,6221824.0,32227328.0,36728832.0,36728832.0,9.95,0.294152276,38.61,5943602.0,0.0,0.0,36160.0,8923293.0,0.0,0.0,38944.0,0.0,0.0,0.0,0.0
2023-03-28 13:20:14.697000+00:00,6221824.0,32780288.0,37031936.0,37031936.0,9.96,0.294152276,38.69,5968325.0,0.0,0.0,36310.0,8955541.0,0.0,0.0,39107.0,0.0,0.0,0.0,0.0
2023-03-28 13:20:19.463000+00:00,6221824.0,32354304.0,36573184.0,36573184.0,10.0,0.294152276,38.86,5985598.0,0.0,0.0,36414.0,8979193.0,0.0,0.0,39220.0,0.0,0.0,0.0,0.0
2023-03-28 13:20:23.483000+00:00,6221824.0,32456704.0,36806656.0,36806656.0,10.0,0.294152276,38.87,5986401.0,0.0,0.0,36418.0,8983756.0,0.0,0.0,39225.0,0.0,0.0,0.0,0.0
2023-03-28 13:20:29.139000+00:00,6221824.0,32456704.0,36806656.0,36806656.0,10.02,0.294152276,38.92,5986401.0,0.0,0.0,36418.0,8983756.0,0.0,0.0,39225.0,0.0,0.0,0.0,0.0
2023-03-28 13:20:33.796000+00:00,6221824.0,33239040.0,37552128.0,37552128.0,10.03,0.294152276,38.95,5996792.0,0.0,0.0,36480.0,9003126.0,0.0,0.0,39293.0,0.0,0.0,0.0,0.0
2023-03-28 13:20:39.541000+00:00,6221824.0,33079296.0,37281792.0,37281792.0,10.06,0.294152276,39.08,6021520.0,0.0,0.0,36630.0,9035389.0,0.0,0.0,39456.0,0.0,0.0,0.0,0.0
2023-03-28 13:20:44.648000+00:00,6221824.0,33181696.0,37425152.0,37425152.0,10.07,0.294152276,39.08,6022323.0,0.0,0.0,36634.0,9039952.0,0.0,0.0,39461.0,0.0,0.0,0.0,0.0
2023-03-28 13:20:49.520000+00:00,6221824.0,32829440.0,37388288.0,37388288.0,10.1,0.294152276,39.15,6027942.0,0.0,0.0,36662.0,9049700.0,0.0,0.0,39489.0,0.0,0.0,0.0,0.0
2023-03-28 13:20:53.765000+00:00,6352896.0,32927744.0,37220352.0,37220352.0,10.13,0.294152276,39.31,6058246.0,0.0,0.0,36859.0,9089112.0,0.0,0.0,39703.0,0.0,0.0,0.0,0.0
2023-03-28 13:20:59.042000+00:00,6352896.0,32927744.0,37220352.0,37220352.0,10.15,0.294152276,39.38,6058246.0,0.0,0.0,36859.0,9089112.0,0.0,0.0,39703.0,0.0,0.0,0.0,0.0
2023-03-28 13:21:03.191000+00:00,6352896.0,33615872.0,37875712.0,37875712.0,10.15,0.294152276,39.39,6068480.0,0.0,0.0,36923.0,9108248.0,0.0,0.0,39772.0,0.0,0.0,0.0,0.0
2023-03-28 13:21:09.638000+00:00,6352896.0,33615872.0,37486592.0,37486592.0,10.17,0.294152276,39.5,6085606.0,0.0,0.0,37028.0,9131547.0,0.0,0.0,39883.0,0.0,0.0,0.0,0.0
2023-03-28 13:21:14.885000+00:00,6352896.0,33705984.0,38010880.0,38010880.0,10.18,0.294152276,39.53,6095803.0,0.0,0.0,37094.0,9147097.0,0.0,0.0,39954.0,0.0,0.0,0.0,0.0
2023-03-28 13:21:19.564000+00:00,6352896.0,33861632.0,38092800.0,38092800.0,10.18,0.294152276,39.6,6112117.0,0.0,0.0,37190.0,9169484.0,0.0,0.0,40057.0,0.0,0.0,0.0,0.0
2023-03-28 13:21:23.416000+00:00,6352896.0,33656832.0,37892096.0,37892096.0,10.21,0.294152276,39.69,6120731.0,0.0,0.0,37240.0,9183032.0,0.0,0.0,40112.0,0.0,0.0,0.0,0.0
2023-03-28 13:21:29.179000+00:00,6352896.0,33656832.0,37892096.0,37892096.0,10.22,0.294152276,39.78,6120731.0,0.0,0.0,37240.0,9183032.0,0.0,0.0,40112.0,0.0,0.0,0.0,0.0
2023-03-28 13:21:33.745000+00:00,6352896.0,33841152.0,38084608.0,38084608.0,10.24,0.294152276,39.86,6146256.0,0.0,0.0,37394.0,9219847.0,0.0,0.0,40280.0,0.0,0.0,0.0,0.0
2023-03-28 13:21:39.233000+00:00,6352896.0,33943552.0,38309888.0,38309888.0,10.24,0.294152276,39.86,6147059.0,0.0,0.0,37398.0,9224410.0,0.0,0.0,40285.0,0.0,0.0,0.0,0.0
2023-03-28 13:21:44.035000+00:00,6352896.0,34086912.0,38379520.0,38379520.0,10.24,0.294152276,39.94,6147862.0,0.0,0.0,37402.0,9228973.0,0.0,0.0,40290.0,0.0,0.0,0.0,0.0
2023-03-28 13:21:48.796000+00:00,6483968.0,34086912.0,38379520.0,38379520.0,10.24,0.294152276,40.0,6147862.0,0.0,0.0,37402.0,9233536.0,0.0,0.0,40295.0,0.0,0.0,0.0,0.0
2023-03-28 13:21:54.662000+00:00,6483968.0,34455552.0,38920192.0,38920192.0,10.29,0.294152276,40.14,6174593.0,0.0,0.0,37566.0,9267167.0,0.0,0.0,40466.0,0.0,0.0,0.0,0.0
2023-03-28 13:21:58.401000+00:00,6483968.0,34455552.0,38920192.0,38920192.0,10.3,0.294152276,40.17,6174593.0,0.0,0.0,37566.0,9267167.0,0.0,0.0,40466.0,0.0,0.0,0.0,0.0
2023-03-28 13:22:03.440000+00:00,6483968.0,31514624.0,35762176.0,35762176.0,10.34,0.294152276,40.39,6192723.0,0.0,0.0,37676.0,9295430.0,0.0,0.0,40586.0,0.0,0.0,0.0,0.0
2023-03-28 13:22:09.236000+00:00,6483968.0,31514624.0,35762176.0,35885056.0,10.35,0.294152276,40.47,6211894.0,0.0,0.0,37796.0,9321536.0,0.0,0.0,40715.0,0.0,0.0,0.0,0.0
2023-03-28 13:22:13.410000+00:00,6483968.0,31334400.0,35528704.0,35528704.0,10.38,0.294152276,40.56,6222185.0,0.0,0.0,37862.0,9337313.0,0.0,0.0,40786.0,0.0,0.0,0.0,0.0
2023-03-28 13:22:19.485000+00:00,6483968.0,31440896.0,35528704.0,35528704.0,10.39,0.294152276,40.57,6222185.0,0.0,0.0,37862.0,9337313.0,0.0,0.0,40791.0,0.0,0.0,0.0,0.0
2023-03-28 13:22:24.708000+00:00,6483968.0,31580160.0,35786752.0,35786752.0,10.41,0.294152276,40.63,6223791.0,0.0,0.0,37870.0,9346439.0,0.0,0.0,40796.0,0.0,0.0,0.0,0.0
2023-03-28 13:22:29.165000+00:00,6483968.0,31580160.0,35786752.0,35786752.0,10.43,0.294152276,40.69,6223791.0,0.0,0.0,37870.0,9346439.0,0.0,0.0,40796.0,0.0,0.0,0.0,0.0
2023-03-28 13:22:34.264000+00:00,6483968.0,31780864.0,35962880.0,35962880.0,10.43,0.294152276,40.76,6242817.0,0.0,0.0,37987.0,9375346.0,0.0,0.0,40915.0,0.0,0.0,0.0,0.0
2023-03-28 13:22:39.059000+00:00,6483968.0,31879168.0,36012032.0,36012032.0,10.43,0.294152276,40.76,6243620.0,0.0,0.0,37991.0,9379909.0,0.0,0.0,40920.0,0.0,0.0,0.0,0.0
2023-03-28 13:22:44.412000+00:00,6483968.0,31506432.0,35811328.0,35811328.0,10.46,0.294152276,40.85,6252132.0,0.0,0.0,38041.0,9393345.0,0.0,0.0,40975.0,0.0,0.0,0.0,0.0
2023-03-28 13:22:48.707000+00:00,6594560.0,31506432.0,35778560.0,35778560.0,10.46,0.294152276,40.86,6252977.0,0.0,0.0,38046.0,9397950.0,0.0,0.0,40981.0,0.0,0.0,0.0,0.0
2023-03-28 13:22:54.140000+00:00,6594560.0,31813632.0,36352000.0,36352000.0,10.52,0.294152276,40.97,6270057.0,0.0,0.0,38151.0,9421212.0,0.0,0.0,41092.0,0.0,0.0,0.0,0.0
2023-03-28 13:22:59.257000+00:00,6594560.0,31813632.0,36352000.0,36352000.0,10.52,0.294152276,41.02,6270057.0,0.0,0.0,38151.0,9421212.0,0.0,0.0,41092.0,0.0,0.0,0.0,0.0
2023-03-28 13:23:03.799000+00:00,6594560.0,31535104.0,35733504.0,35733504.0,10.55,0.294152276,41.07,6279606.0,0.0,0.0,38208.0,9439449.0,0.0,0.0,41155.0,0.0,0.0,0.0,0.0
2023-03-28 13:23:08.944000+00:00,6594560.0,31535104.0,35733504.0,36155392.0,10.58,0.294152276,41.07,6306371.0,0.0,0.0,38374.0,9473441.0,0.0,0.0,41321.0,0.0,0.0,0.0,0.0
2023-03-28 13:23:13.459000+00:00,6594560.0,31600640.0,35848192.0,35848192.0,10.58,0.294152276,41.16,6315035.0,0.0,0.0,38424.0,9487029.0,0.0,0.0,41376.0,0.0,0.0,0.0,0.0
2023-03-28 13:23:18.327000+00:00,6594560.0,32104448.0,36274176.0,36274176.0,10.61,0.294152276,41.24,6323481.0,0.0,0.0,38474.0,9500399.0,0.0,0.0,41431.0,0.0,0.0,0.0,0.0
2023-03-28 13:23:23.313000+00:00,6594560.0,32124928.0,36253696.0,36253696.0,10.62,0.294152276,41.29,6340822.0,0.0,0.0,38578.0,9524120.0,0.0,0.0,41544.0,0.0,0.0,0.0,0.0
2023-03-28 13:23:28.907000+00:00,6594560.0,31744000.0,36253696.0,36253696.0,10.63,0.294152276,41.38,6340822.0,0.0,0.0,38578.0,9524120.0,0.0,0.0,41544.0,0.0,0.0,0.0,0.0
2023-03-28 13:23:34.670000+00:00,6594560.0,31887360.0,36335616.0,36335616.0,10.68,0.294152276,41.43,6350103.0,0.0,0.0,38632.0,9541949.0,0.0,0.0,41602.0,0.0,0.0,0.0,0.0
2023-03-28 13:23:39.035000+00:00,6594560.0,31887360.0,36335616.0,36114432.0,10.68,0.294152276,41.5,6367099.0,0.0,0.0,38736.0,9565296.0,0.0,0.0,41715.0,0.0,0.0,0.0,0.0
2023-03-28 13:23:44.470000+00:00,6594560.0,31477760.0,35643392.0,35643392.0,10.69,0.294152276,41.52,6375643.0,0.0,0.0,38787.0,9578634.0,0.0,0.0,41769.0,0.0,0.0,0.0,0.0
2023-03-28 13:23:48.125000+00:00,6725632.0,31477760.0,35790848.0,35790848.0,10.7,0.294152276,41.6,6376446.0,0.0,0.0,38791.0,9583197.0,0.0,0.0,41774.0,0.0,0.0,0.0,0.0
2023-03-28 13:23:53.786000+00:00,6725632.0,31768576.0,35942400.0,35942400.0,10.72,0.294152276,41.66,6393539.0,0.0,0.0,38896.0,9606683.0,0.0,0.0,41888.0,0.0,0.0,0.0,0.0
2023-03-28 13:23:59.616000+00:00,6725632.0,31768576.0,35942400.0,35942400.0,10.74,0.294152276,41.76,6393539.0,0.0,0.0,38896.0,9606683.0,0.0,0.0,41888.0,0.0,0.0,0.0,0.0
2023-03-28 13:24:03.834000+00:00,6725632.0,31571968.0,35696640.0,35696640.0,10.74,0.294152276,41.78,6420110.0,0.0,0.0,39060.0,9644826.0,0.0,0.0,42066.0,0.0,0.0,0.0,0.0
2023-03-28 13:24:08.354000+00:00,6725632.0,31715328.0,35942400.0,35942400.0,10.77,0.294152276,41.84,6420913.0,0.0,0.0,39064.0,9649389.0,0.0,0.0,42071.0,0.0,0.0,0.0,0.0
2023-03-28 13:24:13.343000+00:00,6725632.0,31821824.0,35995648.0,35995648.0,10.77,0.294152276,41.84,6421716.0,0.0,0.0,39068.0,9653952.0,0.0,0.0,42076.0,0.0,0.0,0.0,0.0
2023-03-28 13:24:19.315000+00:00,6725632.0,31821824.0,35942400.0,35942400.0,10.79,0.294485412,41.84,6431168.0,0.0,0.0,39126.0,9668609.0,0.0,0.0,42139.0,0.0,0.0,0.0,0.0
2023-03-28 13:24:24.834000+00:00,6725632.0,31494144.0,35655680.0,35655680.0,10.8,0.294485412,42.01,6463456.0,0.0,0.0,39322.0,9709577.0,0.0,0.0,42352.0,0.0,0.0,0.0,0.0
2023-03-28 13:24:29.554000+00:00,6725632.0,31641600.0,35655680.0,35655680.0,10.83,0.294485412,42.08,6463456.0,0.0,0.0,39322.0,9709577.0,0.0,0.0,42352.0,0.0,0.0,0.0,0.0
2023-03-28 13:24:34.223000+00:00,6725632.0,31965184.0,36093952.0,36093952.0,10.84,0.294485412,42.12,6483379.0,0.0,0.0,39446.0,9740189.0,0.0,0.0,42486.0,0.0,0.0,0.0,0.0
2023-03-28 13:24:38.715000+00:00,6725632.0,31965184.0,36093952.0,36093952.0,10.85,0.294485412,42.23,6483379.0,0.0,0.0,39446.0,9762582.0,0.0,0.0,42589.0,0.0,0.0,0.0,0.0
2023-03-28 13:24:44.654000+00:00,6725632.0,31784960.0,35983360.0,35983360.0,10.86,0.294485412,42.26,6510130.0,0.0,0.0,39609.0,9778314.0,0.0,0.0,42660.0,0.0,0.0,0.0,0.0
2023-03-28 13:24:48.036000+00:00,6864896.0,31784960.0,36225024.0,36225024.0,10.88,0.294485412,42.26,6510933.0,0.0,0.0,39613.0,9782877.0,0.0,0.0,42665.0,0.0,0.0,0.0,0.0
2023-03-28 13:24:53.797000+00:00,6864896.0,32116736.0,36261888.0,36261888.0,10.9,0.294485412,42.32,6511790.0,0.0,0.0,39618.0,9787514.0,0.0,0.0,42671.0,0.0,0.0,0.0,0.0
2023-03-28 13:24:59.066000+00:00,6864896.0,32116736.0,36261888.0,36261888.0,10.92,0.294485412,42.41,6511790.0,0.0,0.0,39618.0,9787514.0,0.0,0.0,42671.0,0.0,0.0,0.0,0.0
2023-03-28 13:25:04.418000+00:00,6864896.0,31481856.0,35741696.0,35741696.0,10.93,0.294485412,42.45,6528776.0,0.0,0.0,39720.0,9814342.0,0.0,0.0,42783.0,0.0,0.0,0.0,0.0
2023-03-28 13:25:08.893000+00:00,6864896.0,31621120.0,35778560.0,35778560.0,10.96,0.294485412,42.57,6546091.0,0.0,0.0,39825.0,9837891.0,0.0,0.0,42895.0,0.0,0.0,0.0,0.0
2023-03-28 13:25:14.040000+00:00,6864896.0,32088064.0,36216832.0,36216832.0,10.97,0.294485412,42.58,6554615.0,0.0,0.0,39875.0,9851337.0,0.0,0.0,42950.0,0.0,0.0,0.0,0.0
2023-03-28 13:25:19.380000+00:00,6864896.0,32088064.0,36024320.0,36024320.0,10.98,0.294485412,42.68,6563169.0,0.0,0.0,39926.0,9864677.0,0.0,0.0,43004.0,0.0,0.0,0.0,0.0
2023-03-28 13:25:23.623000+00:00,6864896.0,32219136.0,36347904.0,36347904.0,10.99,0.294485412,42.7,6571619.0,0.0,0.0,39976.0,9878047.0,0.0,0.0,43059.0,0.0,0.0,0.0,0.0
2023-03-28 13:25:27.991000+00:00,6864896.0,31490048.0,35799040.0,36347904.0,10.99,0.294485412,42.7,6571619.0,0.0,0.0,39976.0,9878047.0,0.0,0.0,43059.0,0.0,0.0,0.0,0.0
2023-03-28 13:25:34.394000+00:00,6864896.0,32112640.0,36294656.0,36294656.0,11.02,0.294485412,42.78,6582731.0,0.0,0.0,40046.0,9898393.0,0.0,0.0,43135.0,0.0,0.0,0.0,0.0
2023-03-28 13:25:38.730000+00:00,6864896.0,32112640.0,36294656.0,36294656.0,11.05,0.294485412,42.78,6582731.0,0.0,0.0,40046.0,9898393.0,0.0,0.0,43140.0,0.0,0.0,0.0,0.0
2023-03-28 13:25:43.963000+00:00,6864896.0,31862784.0,35991552.0,35991552.0,11.06,0.294485412,42.84,6592190.0,0.0,0.0,40100.0,9916544.0,0.0,0.0,43195.0,0.0,0.0,0.0,0.0
2023-03-28 13:25:48.587000+00:00,6864896.0,31604736.0,35774464.0,35774464.0,11.06,0.294485412,42.84,6601615.0,0.0,0.0,40159.0,9931042.0,0.0,0.0,43257.0,0.0,0.0,0.0,0.0
2023-03-28 13:25:53.576000+00:00,6959104.0,31834112.0,36020224.0,36020224.0,11.1,0.294485412,42.94,6602472.0,0.0,0.0,40164.0,9935679.0,0.0,0.0,43263.0,0.0,0.0,0.0,0.0
2023-03-28 13:25:59.009000+00:00,6959104.0,31834112.0,36020224.0,36020224.0,11.1,0.294485412,42.95,6602472.0,0.0,0.0,40164.0,9935679.0,0.0,0.0,43263.0,0.0,0.0,0.0,0.0
2023-03-28 13:26:04.522000+00:00,6959104.0,32014336.0,36139008.0,36139008.0,11.12,0.294485412,43.06,6620599.0,0.0,0.0,40275.0,9963810.0,0.0,0.0,43382.0,0.0,0.0,0.0,0.0
2023-03-28 13:26:09.174000+00:00,6959104.0,32014336.0,36139008.0,36139008.0,11.12,0.294485412,43.08,6620599.0,0.0,0.0,40275.0,9963810.0,0.0,0.0,43382.0,0.0,0.0,0.0,0.0
2023-03-28 13:26:14.542000+00:00,6959104.0,32256000.0,36405248.0,36405248.0,11.13,0.294485412,43.14,6622205.0,0.0,0.0,40283.0,9972936.0,0.0,0.0,43392.0,0.0,0.0,0.0,0.0
2023-03-28 13:26:19.272000+00:00,6959104.0,32256000.0,36007936.0,36007936.0,11.18,0.294485412,43.25,6664072.0,0.0,0.0,40541.0,10025076.0,0.0,0.0,43669.0,0.0,0.0,0.0,0.0
2023-03-28 13:26:24.717000+00:00,6959104.0,31617024.0,35880960.0,35880960.0,11.2,0.294485412,43.33,6672554.0,0.0,0.0,40591.0,10038414.0,0.0,0.0,43723.0,0.0,0.0,0.0,0.0
2023-03-28 13:26:29.476000+00:00,6959104.0,32071680.0,36208640.0,36208640.0,11.2,0.294485412,43.36,6681004.0,0.0,0.0,40641.0,10051728.0,0.0,0.0,43777.0,0.0,0.0,0.0,0.0
2023-03-28 13:26:33.144000+00:00,6959104.0,32210944.0,36392960.0,36392960.0,11.22,0.294485412,43.42,6681807.0,0.0,0.0,40645.0,10056291.0,0.0,0.0,43782.0,0.0,0.0,0.0,0.0
2023-03-28 13:26:39.226000+00:00,6959104.0,32210944.0,36446208.0,36446208.0,11.22,0.294485412,43.42,6682610.0,0.0,0.0,40649.0,10060854.0,0.0,0.0,43787.0,0.0,0.0,0.0,0.0
2023-03-28 13:26:44.444000+00:00,6959104.0,32067584.0,36208640.0,36208640.0,11.24,0.294485412,43.52,6691058.0,0.0,0.0,40699.0,10074224.0,0.0,0.0,43842.0,0.0,0.0,0.0,0.0
2023-03-28 13:26:49.491000+00:00,6959104.0,31842304.0,35999744.0,35999744.0,11.24,0.294485412,43.55,6699540.0,0.0,0.0,40749.0,10087630.0,0.0,0.0,43897.0,0.0,0.0,0.0,0.0
2023-03-28 13:26:54.716000+00:00,7057408.0,32063488.0,36229120.0,36229120.0,11.29,0.294485412,43.6,6700397.0,0.0,0.0,40754.0,10092267.0,0.0,0.0,43903.0,0.0,0.0,0.0,0.0
2023-03-28 13:26:58.189000+00:00,7057408.0,32030720.0,36380672.0,36380672.0,11.29,0.294485412,43.65,6714811.0,0.0,0.0,40838.0,10112106.0,0.0,0.0,43991.0,0.0,0.0,0.0,0.0
2023-03-28 13:27:04.314000+00:00,7057408.0,32514048.0,36663296.0,36663296.0,11.32,0.294485412,43.76,6736414.0,0.0,0.0,40981.0,10141243.0,0.0,0.0,44143.0,0.0,0.0,0.0,0.0
2023-03-28 13:27:09.499000+00:00,7057408.0,32514048.0,36962304.0,36962304.0,11.36,0.294485412,43.76,6768177.0,0.0,0.0,41169.0,10181040.0,0.0,0.0,44342.0,0.0,0.0,0.0,0.0
2023-03-28 13:27:13.642000+00:00,7057408.0,32694272.0,36864000.0,36864000.0,11.39,0.294485412,43.96,6785264.0,0.0,0.0,41273.0,10204428.0,0.0,0.0,44454.0,0.0,0.0,0.0,0.0
2023-03-28 13:27:18.989000+00:00,7057408.0,32796672.0,37003264.0,37003264.0,11.39,0.294485412,43.96,6786067.0,0.0,0.0,41277.0,10208991.0,0.0,0.0,44459.0,0.0,0.0,0.0,0.0
2023-03-28 13:27:23.515000+00:00,7057408.0,32722944.0,36913152.0,36913152.0,11.41,0.294485412,44.05,6796328.0,0.0,0.0,41343.0,10224738.0,0.0,0.0,44530.0,0.0,0.0,0.0,0.0
2023-03-28 13:27:29.089000+00:00,7057408.0,32481280.0,36671488.0,36671488.0,11.41,0.294485412,44.07,6805723.0,0.0,0.0,41401.0,10239333.0,0.0,0.0,44593.0,0.0,0.0,0.0,0.0
2023-03-28 13:27:34.020000+00:00,7057408.0,32620544.0,36843520.0,36843520.0,11.43,0.294485412,44.13,6806526.0,0.0,0.0,41405.0,10243896.0,0.0,0.0,44598.0,0.0,0.0,0.0,0.0
2023-03-28 13:27:39.704000+00:00,7057408.0,33083392.0,37384192.0,37384192.0,11.46,0.294485412,44.19,6831698.0,0.0,0.0,41555.0,10276489.0,0.0,0.0,44759.0,0.0,0.0,0.0,0.0
2023-03-28 13:27:44.409000+00:00,7057408.0,33308672.0,37543936.0,37543936.0,11.49,0.294485412,44.28,6848973.0,0.0,0.0,41659.0,10300005.0,0.0,0.0,44870.0,0.0,0.0,0.0,0.0
2023-03-28 13:27:49.047000+00:00,7229440.0,33308672.0,37543936.0,37240832.0,11.51,0.294485412,44.32,6857417.0,0.0,0.0,41709.0,10313369.0,0.0,0.0,44925.0,0.0,0.0,0.0,0.0
2023-03-28 13:27:54.108000+00:00,7229440.0,32911360.0,37257216.0,37257216.0,11.55,0.294485412,44.4,6866239.0,0.0,0.0,41760.0,10327011.0,0.0,0.0,44979.0,0.0,0.0,0.0,0.0
2023-03-28 13:27:59.885000+00:00,7229440.0,33431552.0,37863424.0,37863424.0,11.56,0.294485412,44.42,6878588.0,0.0,0.0,41826.0,10344506.0,0.0,0.0,45051.0,0.0,0.0,0.0,0.0
2023-03-28 13:28:04.733000+00:00,7229440.0,33665024.0,38096896.0,38096896.0,11.58,0.294485412,44.53,6892796.0,0.0,0.0,41924.0,10365136.0,0.0,0.0,45157.0,0.0,0.0,0.0,0.0
2023-03-28 13:28:08.950000+00:00,7229440.0,33665024.0,37670912.0,37670912.0,11.6,0.294485412,44.55,6901260.0,0.0,0.0,41974.0,10378522.0,0.0,0.0,45212.0,0.0,0.0,0.0,0.0
2023-03-28 13:28:13.781000+00:00,7229440.0,33550336.0,37867520.0,37867520.0,11.61,0.294485412,44.62,6902063.0,0.0,0.0,41978.0,10383085.0,0.0,0.0,45217.0,0.0,0.0,0.0,0.0
2023-03-28 13:28:19.729000+00:00,7229440.0,33550336.0,37867520.0,37453824.0,11.61,0.294485412,44.64,6910677.0,0.0,0.0,42028.0,10396633.0,0.0,0.0,45272.0,0.0,0.0,0.0,0.0
2023-03-28 13:28:23.711000+00:00,7229440.0,33816576.0,38400000.0,38400000.0,11.62,0.294485412,44.72,6920024.0,0.0,0.0,42086.0,10411181.0,0.0,0.0,45335.0,0.0,0.0,0.0,0.0
2023-03-28 13:28:28.967000+00:00,7229440.0,33583104.0,37920768.0,37920768.0,11.62,0.294485412,44.74,6928476.0,0.0,0.0,42136.0,10424567.0,0.0,0.0,45390.0,0.0,0.0,0.0,0.0
2023-03-28 13:28:34.601000+00:00,7229440.0,33726464.0,38162432.0,38162432.0,11.66,0.294485412,44.8,6929279.0,0.0,0.0,42140.0,10429130.0,0.0,0.0,45395.0,0.0,0.0,0.0,0.0
2023-03-28 13:28:38.538000+00:00,7229440.0,33374208.0,37765120.0,37765120.0,11.68,0.294485412,44.86,6938782.0,0.0,0.0,42198.0,10443837.0,0.0,0.0,45458.0,0.0,0.0,0.0,0.0
2023-03-28 13:28:43.444000+00:00,7229440.0,33837056.0,38055936.0,38055936.0,11.68,0.294485412,44.88,6947240.0,0.0,0.0,42248.0,10457157.0,0.0,0.0,45512.0,0.0,0.0,0.0,0.0
2023-03-28 13:28:48.127000+00:00,7331840.0,33837056.0,38055936.0,37961728.0,11.7,0.294485412,44.96,6955794.0,0.0,0.0,42299.0,10470507.0,0.0,0.0,45566.0,0.0,0.0,0.0,0.0
2023-03-28 13:28:54.147000+00:00,7331840.0,33841152.0,38268928.0,38268928.0,11.73,0.294673767,45.04,6956651.0,0.0,0.0,42304.0,10475144.0,0.0,0.0,45572.0,0.0,0.0,0.0,0.0
2023-03-28 13:28:59.767000+00:00,7331840.0,33943552.0,38187008.0,38187008.0,11.73,0.294673767,45.04,6957538.0,0.0,0.0,42310.0,10479791.0,0.0,0.0,45579.0,0.0,0.0,0.0,0.0
2023-03-28 13:29:04.326000+00:00,7331840.0,33734656.0,38133760.0,38133760.0,11.76,0.294673767,45.15,6966036.0,0.0,0.0,42360.0,10493211.0,0.0,0.0,45634.0,0.0,0.0,0.0,0.0
2023-03-28 13:29:09.651000+00:00,7331840.0,34201600.0,38514688.0,38514688.0,11.77,0.294673767,45.16,6974646.0,0.0,0.0,42410.0,10506743.0,0.0,0.0,45689.0,0.0,0.0,0.0,0.0
2023-03-28 13:29:14.071000+00:00,7331840.0,34304000.0,38539264.0,38539264.0,11.77,0.294673767,45.16,6975449.0,0.0,0.0,42414.0,10511306.0,0.0,0.0,45694.0,0.0,0.0,0.0,0.0
2023-03-28 13:29:18.856000+00:00,7331840.0,34304000.0,38539264.0,37986304.0,11.78,0.294673767,45.22,6976252.0,0.0,0.0,42418.0,10515869.0,0.0,0.0,45699.0,0.0,0.0,0.0,0.0
2023-03-28 13:29:23.160000+00:00,7331840.0,33755136.0,38035456.0,38035456.0,11.78,0.294673767,45.23,6977055.0,0.0,0.0,42422.0,10520432.0,0.0,0.0,45704.0,0.0,0.0,0.0,0.0
2023-03-28 13:29:29.043000+00:00,7331840.0,33755136.0,38035456.0,38035456.0,11.82,0.296279469,45.33,6977055.0,0.0,0.0,42422.0,10520432.0,0.0,0.0,45704.0,0.0,0.0,0.0,0.0
2023-03-28 13:29:34.772000+00:00,7331840.0,34189312.0,38465536.0,38465536.0,11.84,0.296279469,45.38,7011081.0,0.0,0.0,42630.0,10567162.0,0.0,0.0,45930.0,0.0,0.0,0.0,0.0
2023-03-28 13:29:38.955000+00:00,7331840.0,34398208.0,38719488.0,38719488.0,11.87,0.296279469,45.46,7028241.0,0.0,0.0,42734.0,10590671.0,0.0,0.0,46043.0,0.0,0.0,0.0,0.0
2023-03-28 13:29:43.080000+00:00,7331840.0,34684928.0,39010304.0,39010304.0,11.87,0.296279469,45.47,7034074.0,0.0,0.0,42762.0,10600480.0,0.0,0.0,46071.0,0.0,0.0,0.0,0.0
2023-03-28 13:29:49.409000+00:00,7331840.0,34684928.0,39010304.0,38715392.0,11.9,0.296279469,45.58,7055632.0,0.0,0.0,42897.0,10629460.0,0.0,0.0,46217.0,0.0,0.0,0.0,0.0
2023-03-28 13:29:54.444000+00:00,7438336.0,34738176.0,39075840.0,39075840.0,11.92,0.296279469,45.63,7072745.0,0.0,0.0,43002.0,10652953.0,0.0,0.0,46331.0,0.0,0.0,0.0,0.0
2023-03-28 13:29:57.956000+00:00,7438336.0,34873344.0,39198720.0,39198720.0,11.93,0.296279469,45.69,7073632.0,0.0,0.0,43008.0,10657600.0,0.0,0.0,46338.0,0.0,0.0,0.0,0.0
2023-03-28 13:30:04.186000+00:00,7438336.0,32751616.0,37146624.0,37146624.0,11.95,0.296279469,45.83,7083238.0,0.0,0.0,43066.0,10672417.0,0.0,0.0,46401.0,0.0,0.0,0.0,0.0
2023-03-28 13:30:08.930000+00:00,7438336.0,32751616.0,37285888.0,37285888.0,11.96,0.296279469,45.89,7084128.0,0.0,0.0,43071.0,10676980.0,0.0,0.0,46406.0,0.0,0.0,0.0,0.0
2023-03-28 13:30:14.561000+00:00,7438336.0,32997376.0,37261312.0,37261312.0,11.96,0.296279469,45.9,7084931.0,0.0,0.0,43075.0,10681543.0,0.0,0.0,46411.0,0.0,0.0,0.0,0.0
2023-03-28 13:30:19.340000+00:00,7438336.0,32997376.0,37261312.0,37396480.0,11.98,0.296279469,45.96,7085734.0,0.0,0.0,43079.0,10686106.0,0.0,0.0,46416.0,0.0,0.0,0.0,0.0
2023-03-28 13:30:24.391000+00:00,7438336.0,33243136.0,37494784.0,37494784.0,11.99,0.296279469,45.96,7086537.0,0.0,0.0,43083.0,10690669.0,0.0,0.0,46421.0,0.0,0.0,0.0,0.0
2023-03-28 13:30:29.484000+00:00,7438336.0,33390592.0,37736448.0,37736448.0,12.0,0.296279469,46.02,7087340.0,0.0,0.0,43087.0,10695232.0,0.0,0.0,46426.0,0.0,0.0,0.0,0.0
2023-03-28 13:30:33.333000+00:00,7438336.0,33026048.0,37269504.0,37269504.0,12.01,0.296279469,46.05,7096757.0,0.0,0.0,43145.0,10709851.0,0.0,0.0,46489.0,0.0,0.0,0.0,0.0
2023-03-28 13:30:38.272000+00:00,7438336.0,33169408.0,37572608.0,37572608.0,12.04,0.296918084,46.1,7097644.0,0.0,0.0,43151.0,10714498.0,0.0,0.0,46496.0,0.0,0.0,0.0,0.0
2023-03-28 13:30:44.725000+00:00,7438336.0,32817152.0,37154816.0,37154816.0,12.04,0.296918084,46.13,7107062.0,0.0,0.0,43209.0,10729121.0,0.0,0.0,46559.0,0.0,0.0,0.0,0.0
2023-03-28 13:30:49.255000+00:00,7495680.0,32817152.0,37154816.0,37339136.0,12.06,0.296918084,46.19,7107865.0,0.0,0.0,43213.0,10733684.0,0.0,0.0,46564.0,0.0,0.0,0.0,0.0
2023-03-28 13:30:54.407000+00:00,7495680.0,33161216.0,37380096.0,37380096.0,12.07,0.296918084,46.21,7108722.0,0.0,0.0,43218.0,10738321.0,0.0,0.0,46570.0,0.0,0.0,0.0,0.0
2023-03-28 13:30:58.736000+00:00,7495680.0,33161216.0,37380096.0,37380096.0,12.09,0.296918084,46.27,7108722.0,0.0,0.0,43218.0,10738321.0,0.0,0.0,46570.0,0.0,0.0,0.0,0.0
2023-03-28 13:31:03.254000+00:00,7495680.0,33067008.0,37318656.0,37318656.0,12.12,0.296918084,46.39,7137125.0,0.0,0.0,43398.0,10778848.0,0.0,0.0,46764.0,0.0,0.0,0.0,0.0
2023-03-28 13:31:08.510000+00:00,7495680.0,33468416.0,37863424.0,37863424.0,12.16,0.365043113,46.51,7161827.0,0.0,0.0,43548.0,10810880.0,0.0,0.0,46924.0,0.0,0.0,0.0,0.0
2023-03-28 13:31:13.154000+00:00,7495680.0,32980992.0,37396480.0,37396480.0,12.17,0.365043113,46.63,7204742.0,0.0,0.0,43815.0,10864275.0,0.0,0.0,47209.0,0.0,0.0,0.0,0.0
2023-03-28 13:31:19.737000+00:00,7495680.0,32980992.0,37396480.0,37462016.0,12.22,0.365043113,46.83,7244885.0,0.0,0.0,44057.0,10914158.0,0.0,0.0,47470.0,0.0,0.0,0.0,0.0
2023-03-28 13:31:24.174000+00:00,7495680.0,33361920.0,37568512.0,37568512.0,12.22,0.365043113,46.84,7245688.0,0.0,0.0,44061.0,10918721.0,0.0,0.0,47475.0,0.0,0.0,0.0,0.0
2023-03-28 13:31:28.719000+00:00,7495680.0,33288192.0,37548032.0,37548032.0,12.24,0.365208085,46.97,7261935.0,0.0,0.0,44157.0,10941066.0,0.0,0.0,47580.0,0.0,0.0,0.0,0.0
2023-03-28 13:31:34.547000+00:00,7495680.0,33808384.0,38014976.0,38014976.0,12.24,0.365208085,47.0,7271345.0,0.0,0.0,44215.0,10955670.0,0.0,0.0,47643.0,0.0,0.0,0.0,0.0
2023-03-28 13:31:39.556000+00:00,7495680.0,33808384.0,37736448.0,37736448.0,12.26,0.365208085,47.1,7277364.0,0.0,0.0,44246.0,10965632.0,0.0,0.0,47674.0,0.0,0.0,0.0,0.0
2023-03-28 13:31:43.940000+00:00,7495680.0,33181696.0,37511168.0,37511168.0,12.27,0.365208085,47.13,7290102.0,0.0,0.0,44331.0,10984831.0,0.0,0.0,47769.0,0.0,0.0,0.0,0.0
2023-03-28 13:31:48.289000+00:00,7495680.0,33181696.0,37511168.0,37900288.0,12.27,0.365208085,47.16,7299615.0,0.0,0.0,44389.0,10999562.0,0.0,0.0,47832.0,0.0,0.0,0.0,0.0
2023-03-28 13:31:54.775000+00:00,7692288.0,33538048.0,37879808.0,37879808.0,12.31,0.365208085,47.26,7309115.0,0.0,0.0,44448.0,11014282.0,0.0,0.0,47896.0,0.0,0.0,0.0,0.0
2023-03-28 13:31:59.312000+00:00,7692288.0,33538048.0,37879808.0,37879808.0,12.34,0.365208085,47.34,7309115.0,0.0,0.0,44448.0,11014282.0,0.0,0.0,47896.0,0.0,0.0,0.0,0.0
2023-03-28 13:32:03.350000+00:00,7692288.0,33714176.0,37994496.0,37994496.0,12.35,0.365208085,47.37,7327173.0,0.0,0.0,44559.0,11042320.0,0.0,0.0,48015.0,0.0,0.0,0.0,0.0
2023-03-28 13:32:08.974000+00:00,7692288.0,32948224.0,37150720.0,37150720.0,12.36,0.365208085,47.38,7327976.0,0.0,0.0,44563.0,11046883.0,0.0,0.0,48020.0,0.0,0.0,0.0,0.0
2023-03-28 13:32:13.775000+00:00,7692288.0,33452032.0,37695488.0,37695488.0,12.38,0.365208085,47.46,7336594.0,0.0,0.0,44613.0,11060431.0,0.0,0.0,48075.0,0.0,0.0,0.0,0.0
2023-03-28 13:32:19.373000+00:00,7692288.0,33452032.0,37695488.0,37347328.0,12.38,0.365208085,47.49,7345038.0,0.0,0.0,44663.0,11073791.0,0.0,0.0,48130.0,0.0,0.0,0.0,0.0
2023-03-28 13:32:24.766000+00:00,7692288.0,33300480.0,37597184.0,37597184.0,12.42,0.365208085,47.62,7362299.0,0.0,0.0,44767.0,11097422.0,0.0,0.0,48243.0,0.0,0.0,0.0,0.0
2023-03-28 13:32:29.493000+00:00,7692288.0,33300480.0,37597184.0,38051840.0,12.43,0.365208085,47.68,7371640.0,0.0,0.0,44825.0,11111962.0,0.0,0.0,48306.0,0.0,0.0,0.0,0.0
2023-03-28 13:32:34.041000+00:00,7692288.0,33161216.0,37486592.0,37486592.0,12.45,0.365208085,47.79,7390471.0,0.0,0.0,44945.0,11137653.0,0.0,0.0,48434.0,0.0,0.0,0.0,0.0
2023-03-28 13:32:39.147000+00:00,7692288.0,33161216.0,37818368.0,37818368.0,12.46,0.365208085,47.81,7398941.0,0.0,0.0,44995.0,11151033.0,0.0,0.0,48489.0,0.0,0.0,0.0,0.0
2023-03-28 13:32:43.768000+00:00,7692288.0,33603584.0,37826560.0,37826560.0,12.5,0.365956333,47.91,7415941.0,0.0,0.0,45099.0,11174390.0,0.0,0.0,48602.0,0.0,0.0,0.0,0.0
2023-03-28 13:32:49.890000+00:00,7831552.0,33603584.0,37826560.0,37781504.0,12.51,0.365956333,47.94,7432290.0,0.0,0.0,45195.0,11196699.0,0.0,0.0,48705.0,0.0,0.0,0.0,0.0
2023-03-28 13:32:53.940000+00:00,7831552.0,32997376.0,37212160.0,37212160.0,12.54,0.365956333,48.02,7433147.0,0.0,0.0,45200.0,11201336.0,0.0,0.0,48711.0,0.0,0.0,0.0,0.0
2023-03-28 13:32:59.702000+00:00,7831552.0,32997376.0,37212160.0,37212160.0,12.54,0.365956333,48.09,7433147.0,0.0,0.0,45200.0,11201336.0,0.0,0.0,48711.0,0.0,0.0,0.0,0.0
2023-03-28 13:33:04.518000+00:00,7831552.0,33591296.0,37789696.0,37789696.0,12.55,0.365956333,48.16,7459657.0,0.0,0.0,45365.0,11238957.0,0.0,0.0,48883.0,0.0,0.0,0.0,0.0
2023-03-28 13:33:08.958000+00:00,7831552.0,33591296.0,37457920.0,37457920.0,12.55,0.365956333,48.18,7468141.0,0.0,0.0,45415.0,11252305.0,0.0,0.0,48937.0,0.0,0.0,0.0,0.0
2023-03-28 13:33:13.832000+00:00,7831552.0,33128448.0,37376000.0,37376000.0,12.58,0.365956333,48.26,7478665.0,0.0,0.0,45481.0,11268244.0,0.0,0.0,49007.0,0.0,0.0,0.0,0.0
2023-03-28 13:33:19.440000+00:00,7831552.0,33128448.0,37376000.0,37429248.0,12.58,0.365956333,48.27,7479468.0,0.0,0.0,45485.0,11272807.0,0.0,0.0,49012.0,0.0,0.0,0.0,0.0
2023-03-28 13:33:24.536000+00:00,7831552.0,33308672.0,37564416.0,37564416.0,12.62,0.365956333,48.36,7496468.0,0.0,0.0,45589.0,11296162.0,0.0,0.0,49125.0,0.0,0.0,0.0,0.0
2023-03-28 13:33:28.902000+00:00,7831552.0,33308672.0,37564416.0,37265408.0,12.62,0.365956333,48.39,7506800.0,0.0,0.0,45655.0,11311984.0,0.0,0.0,49196.0,0.0,0.0,0.0,0.0
2023-03-28 13:33:34.826000+00:00,7831552.0,33685504.0,37982208.0,37982208.0,12.67,0.365956333,48.5,7534205.0,0.0,0.0,45829.0,11347752.0,0.0,0.0,49383.0,0.0,0.0,0.0,0.0
2023-03-28 13:33:39.424000+00:00,7831552.0,33333248.0,37548032.0,37548032.0,12.68,0.365956333,48.52,7542729.0,0.0,0.0,45879.0,11361198.0,0.0,0.0,49438.0,0.0,0.0,0.0,0.0
2023-03-28 13:33:43.600000+00:00,7831552.0,33476608.0,37785600.0,37785600.0,12.69,0.365956333,48.6,7543532.0,0.0,0.0,45883.0,11365761.0,0.0,0.0,49443.0,0.0,0.0,0.0,0.0
2023-03-28 13:33:49.113000+00:00,7958528.0,33452032.0,37720064.0,37720064.0,12.7,0.365956333,48.64,7559827.0,0.0,0.0,45979.0,11388078.0,0.0,0.0,49547.0,0.0,0.0,0.0,0.0
2023-03-28 13:33:54.899000+00:00,7958528.0,33677312.0,37900288.0,37900288.0,12.73,0.365956333,48.72,7560684.0,0.0,0.0,45984.0,11392715.0,0.0,0.0,49553.0,0.0,0.0,0.0,0.0
2023-03-28 13:33:58.104000+00:00,7958528.0,33677312.0,37900288.0,37900288.0,12.74,0.365956333,48.75,7560684.0,0.0,0.0,45984.0,11392715.0,0.0,0.0,49553.0,0.0,0.0,0.0,0.0
2023-03-28 13:34:03.279000+00:00,7958528.0,34402304.0,39186432.0,39186432.0,12.75,0.365956333,48.82,7570047.0,0.0,0.0,46040.0,11410768.0,0.0,0.0,49615.0,0.0,0.0,0.0,0.0
2023-03-28 13:34:09.028000+00:00,7958528.0,34402304.0,37588992.0,37588992.0,12.76,0.365956333,48.84,7570850.0,0.0,0.0,46044.0,11415331.0,0.0,0.0,49620.0,0.0,0.0,0.0,0.0
2023-03-28 13:34:14.809000+00:00,7958528.0,33472512.0,37871616.0,37871616.0,12.78,0.365956333,48.94,7588059.0,0.0,0.0,46148.0,11438912.0,0.0,0.0,49733.0,0.0,0.0,0.0,0.0
2023-03-28 13:34:19.054000+00:00,7958528.0,33570816.0,37842944.0,37842944.0,12.78,0.365956333,48.94,7588904.0,0.0,0.0,46153.0,11443517.0,0.0,0.0,49739.0,0.0,0.0,0.0,0.0
2023-03-28 13:34:23.690000+00:00,7958528.0,32813056.0,37015552.0,37015552.0,12.8,0.365956333,49.0,7606241.0,0.0,0.0,46258.0,11467091.0,0.0,0.0,49851.0,0.0,0.0,0.0,0.0
2023-03-28 13:34:29.474000+00:00,7958528.0,33361920.0,37695488.0,37015552.0,12.82,0.365956333,49.11,7606241.0,0.0,0.0,46258.0,11467091.0,0.0,0.0,49851.0,0.0,0.0,0.0,0.0
2023-03-28 13:34:33.810000+00:00,7958528.0,32960512.0,37404672.0,37404672.0,12.84,0.365956333,49.16,7639463.0,0.0,0.0,46458.0,11512635.0,0.0,0.0,50067.0,0.0,0.0,0.0,0.0
2023-03-28 13:34:38.253000+00:00,7958528.0,32874496.0,37392384.0,37392384.0,12.86,0.365956333,49.25,7654252.0,0.0,0.0,46544.0,11532926.0,0.0,0.0,50159.0,0.0,0.0,0.0,0.0
2023-03-28 13:34:44.103000+00:00,7958528.0,32985088.0,37314560.0,37314560.0,12.87,0.365956333,49.35,7689303.0,0.0,0.0,46759.0,11577410.0,0.0,0.0,50392.0,0.0,0.0,0.0,0.0
2023-03-28 13:34:48.899000+00:00,7958528.0,32985088.0,37314560.0,37740544.0,12.89,0.365956333,49.42,7698657.0,0.0,0.0,46817.0,11591973.0,0.0,0.0,50455.0,0.0,0.0,0.0,0.0
2023-03-28 13:34:53.593000+00:00,8110080.0,33071104.0,37277696.0,37277696.0,12.91,0.365956333,49.5,7717850.0,0.0,0.0,46939.0,11617973.0,0.0,0.0,50584.0,0.0,0.0,0.0,0.0
2023-03-28 13:34:58.679000+00:00,8110080.0,33071104.0,37277696.0,37277696.0,12.93,0.365956333,49.59,7717850.0,0.0,0.0,46939.0,11617973.0,0.0,0.0,50584.0,0.0,0.0,0.0,0.0
2023-03-28 13:35:04.278000+00:00,8110080.0,33259520.0,37560320.0,37560320.0,12.94,0.365956333,49.62,7735980.0,0.0,0.0,47049.0,11646178.0,0.0,0.0,50703.0,0.0,0.0,0.0,0.0
2023-03-28 13:35:08.905000+00:00,8110080.0,33259520.0,37187584.0,37187584.0,12.96,0.365956333,49.7,7745372.0,0.0,0.0,47107.0,11660774.0,0.0,0.0,50766.0,0.0,0.0,0.0,0.0
2023-03-28 13:35:14.765000+00:00,8110080.0,33411072.0,37613568.0,37613568.0,12.98,0.365956333,49.73,7753812.0,0.0,0.0,47157.0,11674128.0,0.0,0.0,50821.0,0.0,0.0,0.0,0.0
2023-03-28 13:35:19.009000+00:00,8110080.0,33505280.0,37830656.0,37830656.0,12.99,0.365956333,49.84,7770905.0,0.0,0.0,47261.0,11697593.0,0.0,0.0,50934.0,0.0,0.0,0.0,0.0
2023-03-28 13:35:23.596000+00:00,8110080.0,33599488.0,37842944.0,37842944.0,12.99,0.365956333,49.85,7771708.0,0.0,0.0,47265.0,11702156.0,0.0,0.0,50939.0,0.0,0.0,0.0,0.0
2023-03-28 13:35:29.069000+00:00,8110080.0,33366016.0,37572608.0,37572608.0,13.0,0.365956333,49.96,7780156.0,0.0,0.0,47315.0,11715526.0,0.0,0.0,50994.0,0.0,0.0,0.0,0.0
2023-03-28 13:35:34.677000+00:00,8110080.0,33472512.0,37806080.0,37806080.0,13.0,0.365956333,49.96,7780959.0,0.0,0.0,47319.0,11720089.0,0.0,0.0,50999.0,0.0,0.0,0.0,0.0
2023-03-28 13:35:38.593000+00:00,8110080.0,33603584.0,38031360.0,38031360.0,13.02,0.365956333,50.03,7781762.0,0.0,0.0,47323.0,11724652.0,0.0,0.0,51004.0,0.0,0.0,0.0,0.0
2023-03-28 13:35:43.315000+00:00,8110080.0,33710080.0,37965824.0,37965824.0,13.02,0.365956333,50.04,7782565.0,0.0,0.0,47327.0,11729215.0,0.0,0.0,51009.0,0.0,0.0,0.0,0.0
2023-03-28 13:35:48.742000+00:00,8110080.0,33710080.0,37965824.0,38215680.0,13.05,0.365956333,50.14,7800668.0,0.0,0.0,47439.0,11753965.0,0.0,0.0,51130.0,0.0,0.0,0.0,0.0
2023-03-28 13:35:54.912000+00:00,8220672.0,34074624.0,38420480.0,38420480.0,13.08,0.365956333,50.26,7827488.0,0.0,0.0,47607.0,11788640.0,0.0,0.0,51307.0,0.0,0.0,0.0,0.0
2023-03-28 13:35:59.273000+00:00,8220672.0,34181120.0,38424576.0,38424576.0,13.1,0.365956333,50.37,7828375.0,0.0,0.0,47613.0,11793287.0,0.0,0.0,51314.0,0.0,0.0,0.0,0.0
2023-03-28 13:36:03.412000+00:00,8220672.0,34410496.0,38723584.0,38723584.0,13.1,0.365956333,50.4,7846485.0,0.0,0.0,47726.0,11817930.0,0.0,0.0,51435.0,0.0,0.0,0.0,0.0
2023-03-28 13:36:09.582000+00:00,8220672.0,34410496.0,38612992.0,38612992.0,13.12,0.365956333,50.48,7854993.0,0.0,0.0,47776.0,11831362.0,0.0,0.0,51490.0,0.0,0.0,0.0,0.0
2023-03-28 13:36:14.908000+00:00,8220672.0,33890304.0,38264832.0,38264832.0,13.13,0.365956333,50.52,7863471.0,0.0,0.0,47826.0,11844760.0,0.0,0.0,51545.0,0.0,0.0,0.0,0.0
2023-03-28 13:36:19.423000+00:00,8220672.0,33890304.0,38264832.0,38289408.0,13.15,0.365956333,50.58,7864274.0,0.0,0.0,47830.0,11849323.0,0.0,0.0,51550.0,0.0,0.0,0.0,0.0
2023-03-28 13:36:24.353000+00:00,8220672.0,34267136.0,38670336.0,38670336.0,13.16,0.365956333,50.64,7882321.0,0.0,0.0,47942.0,11873956.0,0.0,0.0,51670.0,0.0,0.0,0.0,0.0
2023-03-28 13:36:29.358000+00:00,8220672.0,34267136.0,38670336.0,38670336.0,13.19,0.365956333,50.71,7882321.0,0.0,0.0,47942.0,11873956.0,0.0,0.0,51670.0,0.0,0.0,0.0,0.0
2023-03-28 13:36:34.715000+00:00,8220672.0,34275328.0,38694912.0,38694912.0,13.2,0.365956333,50.76,7908922.0,0.0,0.0,48105.0,11911930.0,0.0,0.0,51844.0,0.0,0.0,0.0,0.0
2023-03-28 13:36:39.386000+00:00,8220672.0,34791424.0,39104512.0,39104512.0,13.23,0.365956333,50.84,7917366.0,0.0,0.0,48155.0,11925300.0,0.0,0.0,51899.0,0.0,0.0,0.0,0.0
2023-03-28 13:36:44.386000+00:00,8220672.0,34889728.0,39198720.0,39198720.0,13.23,0.365956333,50.85,7918169.0,0.0,0.0,48159.0,11929863.0,0.0,0.0,51904.0,0.0,0.0,0.0,0.0
2023-03-28 13:36:48.210000+00:00,8220672.0,34889728.0,39198720.0,39329792.0,13.23,0.365956333,50.85,7918972.0,0.0,0.0,48163.0,11934426.0,0.0,0.0,51909.0,0.0,0.0,0.0,0.0
2023-03-28 13:36:54.462000+00:00,8343552.0,34488320.0,38772736.0,38772736.0,13.28,0.365956333,50.9,7919829.0,0.0,0.0,48168.0,11939063.0,0.0,0.0,51915.0,0.0,0.0,0.0,0.0
2023-03-28 13:36:59.079000+00:00,8343552.0,34631680.0,38961152.0,38961152.0,13.31,0.365956333,50.97,7920716.0,0.0,0.0,48174.0,11943710.0,0.0,0.0,51922.0,0.0,0.0,0.0,0.0
2023-03-28 13:37:04.486000+00:00,8343552.0,35291136.0,39550976.0,39550976.0,13.32,0.365956333,51.0,7929272.0,0.0,0.0,48224.0,11957186.0,0.0,0.0,51977.0,0.0,0.0,0.0,0.0
2023-03-28 13:37:08.631000+00:00,8343552.0,34992128.0,39448576.0,39448576.0,13.32,0.365956333,51.03,7937788.0,0.0,0.0,48274.0,11970632.0,0.0,0.0,52032.0,0.0,0.0,0.0,0.0
2023-03-28 13:37:13.628000+00:00,8343552.0,33873920.0,38260736.0,38260736.0,13.36,0.365956333,51.25,7962717.0,0.0,0.0,48425.0,12002905.0,0.0,0.0,52193.0,0.0,0.0,0.0,0.0
2023-03-28 13:37:19.093000+00:00,8343552.0,33873920.0,38260736.0,38940672.0,13.37,0.365956333,51.28,7978824.0,0.0,0.0,48521.0,12024964.0,0.0,0.0,52296.0,0.0,0.0,0.0,0.0
2023-03-28 13:37:23.689000+00:00,8343552.0,34742272.0,39055360.0,39055360.0,13.4,0.365956333,51.38,7995814.0,0.0,0.0,48625.0,12048189.0,0.0,0.0,52407.0,0.0,0.0,0.0,0.0
2023-03-28 13:37:29.604000+00:00,8343552.0,34742272.0,39055360.0,39055360.0,13.4,0.365956333,51.39,7995814.0,0.0,0.0,48625.0,12048189.0,0.0,0.0,52407.0,0.0,0.0,0.0,0.0
2023-03-28 13:37:34.834000+00:00,8343552.0,34447360.0,38756352.0,38756352.0,13.43,0.365956333,51.45,8005117.0,0.0,0.0,48679.0,12066176.0,0.0,0.0,52467.0,0.0,0.0,0.0,0.0
2023-03-28 13:37:39.736000+00:00,8343552.0,34447360.0,38887424.0,38887424.0,13.44,0.365956333,51.48,8022127.0,0.0,0.0,48783.0,12089549.0,0.0,0.0,52580.0,0.0,0.0,0.0,0.0
2023-03-28 13:37:43.900000+00:00,8343552.0,34181120.0,38518784.0,38518784.0,13.48,0.365956333,51.57,8048673.0,0.0,0.0,48949.0,12124107.0,0.0,0.0,52758.0,0.0,0.0,0.0,0.0
2023-03-28 13:37:48.667000+00:00,8503296.0,34181120.0,38518784.0,38903808.0,13.5,0.365956333,51.67,8090657.0,0.0,0.0,49208.0,12175946.0,0.0,0.0,53030.0,0.0,0.0,0.0,0.0
2023-03-28 13:37:53.715000+00:00,8503296.0,34578432.0,38879232.0,38879232.0,13.54,0.365956333,51.79,8106898.0,0.0,0.0,49305.0,12198151.0,0.0,0.0,53134.0,0.0,0.0,0.0,0.0
2023-03-28 13:37:58.531000+00:00,8503296.0,34680832.0,38948864.0,38948864.0,13.54,0.365956333,51.8,8107785.0,0.0,0.0,49311.0,12202798.0,0.0,0.0,53141.0,0.0,0.0,0.0,0.0
2023-03-28 13:38:04.251000+00:00,8503296.0,34721792.0,39034880.0,39034880.0,13.57,0.365956333,51.9,8124949.0,0.0,0.0,49415.0,12226347.0,0.0,0.0,53254.0,0.0,0.0,0.0,0.0
2023-03-28 13:38:09.689000+00:00,8503296.0,34721792.0,38887424.0,38887424.0,13.58,0.365956333,51.94,8141094.0,0.0,0.0,49511.0,12248574.0,0.0,0.0,53359.0,0.0,0.0,0.0,0.0
2023-03-28 13:38:13.356000+00:00,8503296.0,34263040.0,38514688.0,38514688.0,13.58,0.365956333,52.12,8165767.0,0.0,0.0,49661.0,12280636.0,0.0,0.0,53520.0,0.0,0.0,0.0,0.0
2023-03-28 13:38:18.949000+00:00,8503296.0,34263040.0,38514688.0,38543360.0,13.59,0.365956333,52.17,8182008.0,0.0,0.0,49758.0,12302829.0,0.0,0.0,53624.0,0.0,0.0,0.0,0.0
2023-03-28 13:38:24.123000+00:00,8503296.0,34697216.0,39079936.0,39079936.0,13.62,0.365956333,52.24,8190660.0,0.0,0.0,49808.0,12316351.0,0.0,0.0,53678.0,0.0,0.0,0.0,0.0
2023-03-28 13:38:29.201000+00:00,8503296.0,34709504.0,38948864.0,38948864.0,13.64,0.365956333,52.28,8207963.0,0.0,0.0,49913.0,12339767.0,0.0,0.0,53788.0,0.0,0.0,0.0,0.0
2023-03-28 13:38:34.618000+00:00,8503296.0,34852864.0,39202816.0,39202816.0,13.66,0.365956333,52.36,8208766.0,0.0,0.0,49917.0,12344330.0,0.0,0.0,53793.0,0.0,0.0,0.0,0.0
2023-03-28 13:38:38.262000+00:00,8503296.0,34852864.0,38854656.0,38854656.0,13.66,0.365956333,52.39,8218202.0,0.0,0.0,49975.0,12358969.0,0.0,0.0,53856.0,0.0,0.0,0.0,0.0
2023-03-28 13:38:43.526000+00:00,8503296.0,34230272.0,38752256.0,38752256.0,13.7,0.365956333,52.5,8227557.0,0.0,0.0,50033.0,12373533.0,0.0,0.0,53919.0,0.0,0.0,0.0,0.0
2023-03-28 13:38:49.558000+00:00,8503296.0,34230272.0,38752256.0,38932480.0,13.7,0.365956333,52.52,8235993.0,0.0,0.0,50083.0,12386893.0,0.0,0.0,53974.0,0.0,0.0,0.0,0.0
2023-03-28 13:38:53.507000+00:00,8663040.0,34451456.0,38977536.0,38977536.0,13.74,0.365956333,52.62,8244543.0,0.0,0.0,50134.0,12400391.0,0.0,0.0,54030.0,0.0,0.0,0.0,0.0
2023-03-28 13:38:59.358000+00:00,8663040.0,34451456.0,38977536.0,38977536.0,13.75,0.365956333,52.62,8244543.0,0.0,0.0,50134.0,12400391.0,0.0,0.0,54030.0,0.0,0.0,0.0,0.0
2023-03-28 13:39:03.585000+00:00,8663040.0,34226176.0,38625280.0,38625280.0,13.78,0.365956333,52.7,8253946.0,0.0,0.0,50190.0,12418474.0,0.0,0.0,54092.0,0.0,0.0,0.0,0.0
2023-03-28 13:39:08.835000+00:00,8663040.0,34684928.0,38924288.0,38924288.0,13.79,0.365956333,52.71,8262398.0,0.0,0.0,50240.0,12431712.0,0.0,0.0,54145.0,0.0,0.0,0.0,0.0
2023-03-28 13:39:14.824000+00:00,8663040.0,34357248.0,38666240.0,38666240.0,13.82,0.365956333,52.83,8288521.0,0.0,0.0,50398.0,12465649.0,0.0,0.0,54316.0,0.0,0.0,0.0,0.0
2023-03-28 13:39:19.119000+00:00,8663040.0,34357248.0,38666240.0,39112704.0,13.82,0.365956333,52.85,8297868.0,0.0,0.0,50456.0,12480204.0,0.0,0.0,54379.0,0.0,0.0,0.0,0.0
2023-03-28 13:39:24.332000+00:00,8663040.0,34521088.0,38899712.0,38899712.0,13.85,0.366514787,52.94,8306358.0,0.0,0.0,50506.0,12493558.0,0.0,0.0,54433.0,0.0,0.0,0.0,0.0
2023-03-28 13:39:28.860000+00:00,8663040.0,34623488.0,38903808.0,38903808.0,13.85,0.366514787,52.94,8307161.0,0.0,0.0,50510.0,12498121.0,0.0,0.0,54438.0,0.0,0.0,0.0,0.0
2023-03-28 13:39:34.390000+00:00,8663040.0,34312192.0,38703104.0,38703104.0,13.88,0.366514787,53.02,8315689.0,0.0,0.0,50560.0,12511509.0,0.0,0.0,54492.0,0.0,0.0,0.0,0.0
2023-03-28 13:39:39.442000+00:00,8663040.0,34426880.0,38821888.0,38821888.0,13.88,0.366514787,53.06,8333636.0,0.0,0.0,50672.0,12536104.0,0.0,0.0,54613.0,0.0,0.0,0.0,0.0
2023-03-28 13:39:43.420000+00:00,8663040.0,34144256.0,38395904.0,38395904.0,13.9,0.366514787,53.11,8343895.0,0.0,0.0,50738.0,12551842.0,0.0,0.0,54684.0,0.0,0.0,0.0,0.0
2023-03-28 13:39:48.635000+00:00,8785920.0,34144256.0,38395904.0,38998016.0,13.93,0.366514787,53.18,8354172.0,0.0,0.0,50804.0,12567595.0,0.0,0.0,54755.0,0.0,0.0,0.0,0.0
2023-03-28 13:39:53.856000+00:00,8785920.0,34500608.0,38756352.0,38756352.0,13.96,0.366514787,53.21,8362714.0,0.0,0.0,50855.0,12581075.0,0.0,0.0,54811.0,0.0,0.0,0.0,0.0
2023-03-28 13:39:58.751000+00:00,8785920.0,34639872.0,38895616.0,38895616.0,13.98,0.366514787,53.27,8363601.0,0.0,0.0,50861.0,12585722.0,0.0,0.0,54818.0,0.0,0.0,0.0,0.0
2023-03-28 13:40:03.521000+00:00,8785920.0,34746368.0,39002112.0,39002112.0,13.99,0.366514787,53.28,8364404.0,0.0,0.0,50865.0,12590285.0,0.0,0.0,54823.0,0.0,0.0,0.0,0.0
2023-03-28 13:40:09.694000+00:00,8785920.0,34746368.0,38776832.0,38776832.0,14.03,0.366514787,53.36,8372894.0,0.0,0.0,50915.0,12603705.0,0.0,0.0,54878.0,0.0,0.0,0.0,0.0
2023-03-28 13:40:14.174000+00:00,8785920.0,34938880.0,39182336.0,39182336.0,14.04,0.366514787,53.43,8400003.0,0.0,0.0,51081.0,12638926.0,0.0,0.0,55057.0,0.0,0.0,0.0,0.0
2023-03-28 13:40:19.039000+00:00,8785920.0,34631680.0,38907904.0,38907904.0,14.06,0.366514787,53.5,8408451.0,0.0,0.0,51131.0,12652240.0,0.0,0.0,55111.0,0.0,0.0,0.0,0.0
2023-03-28 13:40:24.266000+00:00,8785920.0,34738176.0,39014400.0,39014400.0,14.06,0.366514787,53.51,8409254.0,0.0,0.0,51135.0,12656803.0,0.0,0.0,55116.0,0.0,0.0,0.0,0.0
2023-03-28 13:40:29.379000+00:00,8785920.0,34754560.0,39137280.0,39137280.0,14.08,0.366514787,53.61,8425483.0,0.0,0.0,51232.0,12678912.0,0.0,0.0,55219.0,0.0,0.0,0.0,0.0
2023-03-28 13:40:33.327000+00:00,8785920.0,34385920.0,38625280.0,38625280.0,14.09,0.366514787,53.65,8433931.0,0.0,0.0,51282.0,12692292.0,0.0,0.0,55274.0,0.0,0.0,0.0,0.0
2023-03-28 13:40:39.750000+00:00,8785920.0,34398208.0,38645760.0,38645760.0,14.12,0.366514787,53.75,8451124.0,0.0,0.0,51386.0,12715866.0,0.0,0.0,55387.0,0.0,0.0,0.0,0.0
2023-03-28 13:40:43.524000+00:00,8785920.0,34455552.0,38825984.0,38825984.0,14.13,0.366514787,53.77,8468361.0,0.0,0.0,51491.0,12739480.0,0.0,0.0,55501.0,0.0,0.0,0.0,0.0
2023-03-28 13:40:49.895000+00:00,8929280.0,34455552.0,38825984.0,38350848.0,14.17,0.366514787,53.9,8493258.0,0.0,0.0,51642.0,12771650.0,0.0,0.0,55661.0,0.0,0.0,0.0,0.0
2023-03-28 13:40:53.400000+00:00,8929280.0,34263040.0,38559744.0,38559744.0,14.19,0.366514787,53.9,8494115.0,0.0,0.0,51647.0,12776287.0,0.0,0.0,55667.0,0.0,0.0,0.0,0.0
2023-03-28 13:40:59.779000+00:00,8929280.0,34263040.0,38559744.0,38752256.0,14.22,0.366514787,54.0,8511303.0,0.0,0.0,51753.0,12799847.0,0.0,0.0,55782.0,0.0,0.0,0.0,0.0
2023-03-28 13:41:04.208000+00:00,8929280.0,34578432.0,38928384.0,38928384.0,14.24,0.366514787,54.12,8553515.0,0.0,0.0,52012.0,12851891.0,0.0,0.0,56054.0,0.0,0.0,0.0,0.0
2023-03-28 13:41:08.593000+00:00,8929280.0,34250752.0,38600704.0,38600704.0,14.26,0.366514787,54.2,8561981.0,0.0,0.0,52062.0,12865287.0,0.0,0.0,56109.0,0.0,0.0,0.0,0.0
2023-03-28 13:41:13.747000+00:00,8929280.0,34349056.0,38617088.0,38617088.0,14.26,0.366514787,54.22,8562784.0,0.0,0.0,52066.0,12869850.0,0.0,0.0,56114.0,0.0,0.0,0.0,0.0
2023-03-28 13:41:19.427000+00:00,8929280.0,34349056.0,38617088.0,38744064.0,14.28,0.366514787,54.27,8563587.0,0.0,0.0,52070.0,12874413.0,0.0,0.0,56119.0,0.0,0.0,0.0,0.0
2023-03-28 13:41:24.195000+00:00,8929280.0,34586624.0,38965248.0,38965248.0,14.28,0.366514787,54.28,8564390.0,0.0,0.0,52074.0,12878976.0,0.0,0.0,56124.0,0.0,0.0,0.0,0.0
2023-03-28 13:41:28.638000+00:00,8929280.0,34299904.0,38588416.0,38588416.0,14.28,0.366514787,54.38,8573725.0,0.0,0.0,52132.0,12893448.0,0.0,0.0,56186.0,0.0,0.0,0.0,0.0
2023-03-28 13:41:34.033000+00:00,8929280.0,33996800.0,38346752.0,38346752.0,14.29,0.366514787,54.41,8583181.0,0.0,0.0,52191.0,12908113.0,0.0,0.0,56250.0,0.0,0.0,0.0,0.0
2023-03-28 13:41:38.664000+00:00,8929280.0,33996800.0,38768640.0,38768640.0,14.32,0.366514787,54.48,8591665.0,0.0,0.0,52241.0,12921527.0,0.0,0.0,56305.0,0.0,0.0,0.0,0.0
2023-03-28 13:41:43.227000+00:00,8929280.0,34537472.0,38830080.0,38830080.0,14.33,0.366514787,54.5,8608916.0,0.0,0.0,52345.0,12944951.0,0.0,0.0,56415.0,0.0,0.0,0.0,0.0
2023-03-28 13:41:48.834000+00:00,9060352.0,34537472.0,38830080.0,38944768.0,14.34,0.366514787,54.56,8609719.0,0.0,0.0,52349.0,12949514.0,0.0,0.0,56420.0,0.0,0.0,0.0,0.0
2023-03-28 13:41:54.167000+00:00,9060352.0,34435072.0,38801408.0,38801408.0,14.35,0.366514787,54.6,8619379.0,0.0,0.0,52408.0,12964405.0,0.0,0.0,56484.0,0.0,0.0,0.0,0.0
2023-03-28 13:41:59.066000+00:00,9060352.0,34631680.0,38989824.0,38989824.0,14.37,0.366514787,54.69,8638308.0,0.0,0.0,52530.0,12990268.0,0.0,0.0,56615.0,0.0,0.0,0.0,0.0
2023-03-28 13:42:04.596000+00:00,9060352.0,33882112.0,38125568.0,38125568.0,14.37,0.366514787,54.7,8639111.0,0.0,0.0,52534.0,12994831.0,0.0,0.0,56620.0,0.0,0.0,0.0,0.0
2023-03-28 13:42:08.617000+00:00,9060352.0,33980416.0,38215680.0,38215680.0,14.37,0.366514787,54.7,8639914.0,0.0,0.0,52538.0,12999394.0,0.0,0.0,56625.0,0.0,0.0,0.0,0.0
2023-03-28 13:42:14.776000+00:00,9060352.0,34254848.0,38494208.0,38494208.0,14.4,0.366514787,54.79,8659604.0,0.0,0.0,52666.0,13026301.0,0.0,0.0,56762.0,0.0,0.0,0.0,0.0
2023-03-28 13:42:18.927000+00:00,9060352.0,34254848.0,38600704.0,38600704.0,14.42,0.366514787,54.82,8678564.0,0.0,0.0,52786.0,13052194.0,0.0,0.0,56891.0,0.0,0.0,0.0,0.0
2023-03-28 13:42:24.726000+00:00,9060352.0,34152448.0,38432768.0,38432768.0,14.44,0.366514787,54.9,8687986.0,0.0,0.0,52844.0,13066817.0,0.0,0.0,56954.0,0.0,0.0,0.0,0.0
2023-03-28 13:42:29.844000+00:00,9060352.0,34725888.0,39079936.0,39079936.0,14.46,0.366514787,54.99,8697620.0,0.0,0.0,52902.0,13081664.0,0.0,0.0,57017.0,0.0,0.0,0.0,0.0
2023-03-28 13:42:34.850000+00:00,9060352.0,33972224.0,38207488.0,38207488.0,14.47,0.366514787,55.02,8714941.0,0.0,0.0,53006.0,13105226.0,0.0,0.0,57128.0,0.0,0.0,0.0,0.0
2023-03-28 13:42:38.742000+00:00,9060352.0,34590720.0,38871040.0,38871040.0,14.48,0.366514787,55.07,8723409.0,0.0,0.0,53056.0,13118622.0,0.0,0.0,57183.0,0.0,0.0,0.0,0.0
2023-03-28 13:42:43.346000+00:00,9060352.0,34725888.0,39014400.0,39014400.0,14.51,0.366514787,55.13,8724212.0,0.0,0.0,53060.0,13123185.0,0.0,0.0,57188.0,0.0,0.0,0.0,0.0
2023-03-28 13:42:49.810000+00:00,9060352.0,34725888.0,38998016.0,38998016.0,14.51,0.366514787,55.13,8741268.0,0.0,0.0,53164.0,13146605.0,0.0,0.0,57301.0,0.0,0.0,0.0,0.0
2023-03-28 13:42:54.249000+00:00,9199616.0,34500608.0,38744064.0,38744064.0,14.54,0.366514787,55.27,8749770.0,0.0,0.0,53215.0,13160049.0,0.0,0.0,57357.0,0.0,0.0,0.0,0.0
2023-03-28 13:42:59.192000+00:00,9199616.0,34938880.0,39186432.0,39186432.0,14.56,0.366514787,55.27,8773702.0,0.0,0.0,53359.0,13191047.0,0.0,0.0,57511.0,0.0,0.0,0.0,0.0
2023-03-28 13:43:03.549000+00:00,9199616.0,34775040.0,39030784.0,39030784.0,14.59,0.366514787,55.38,8783102.0,0.0,0.0,53417.0,13205653.0,0.0,0.0,57574.0,0.0,0.0,0.0,0.0
2023-03-28 13:43:08.309000+00:00,9199616.0,35078144.0,39030784.0,39030784.0,14.6,0.366514787,55.43,8783102.0,0.0,0.0,53417.0,13205653.0,0.0,0.0,57711.0,0.0,0.0,0.0,0.0
2023-03-28 13:43:14.201000+00:00,9199616.0,35217408.0,39616512.0,39616512.0,14.63,0.366514787,55.49,8803672.0,0.0,0.0,53549.0,13237165.0,0.0,0.0,57716.0,0.0,0.0,0.0,0.0
2023-03-28 13:43:19.738000+00:00,9199616.0,35217408.0,39616512.0,38805504.0,14.63,0.366514787,55.49,8804475.0,0.0,0.0,53553.0,13241728.0,0.0,0.0,57721.0,0.0,0.0,0.0,0.0
2023-03-28 13:43:24.875000+00:00,9199616.0,34656256.0,38998016.0,38998016.0,14.66,0.366514787,55.54,8805278.0,0.0,0.0,53557.0,13246291.0,0.0,0.0,57726.0,0.0,0.0,0.0,0.0
2023-03-28 13:43:28.866000+00:00,9199616.0,35287040.0,39612416.0,38998016.0,14.67,0.366514787,55.6,8805278.0,0.0,0.0,53557.0,13246291.0,0.0,0.0,57726.0,0.0,0.0,0.0,0.0
2023-03-28 13:43:34.837000+00:00,9199616.0,35422208.0,39690240.0,39690240.0,14.7,0.366514787,55.66,8831932.0,0.0,0.0,53720.0,13284367.0,0.0,0.0,57901.0,0.0,0.0,0.0,0.0
2023-03-28 13:43:39.374000+00:00,9199616.0,35422208.0,39690240.0,39690240.0,14.72,0.366514787,55.7,8831932.0,0.0,0.0,53720.0,13284367.0,0.0,0.0,58030.0,0.0,0.0,0.0,0.0
2023-03-28 13:43:43.914000+00:00,9199616.0,35115008.0,39452672.0,39452672.0,14.75,0.366514787,55.75,8851584.0,0.0,0.0,53844.0,13314702.0,0.0,0.0,58035.0,0.0,0.0,0.0,0.0
2023-03-28 13:43:48.690000+00:00,9326592.0,35115008.0,39849984.0,39849984.0,14.75,0.366514787,55.77,8860108.0,0.0,0.0,53894.0,13328156.0,0.0,0.0,58090.0,0.0,0.0,0.0,0.0
2023-03-28 13:43:54.136000+00:00,9326592.0,35504128.0,40128512.0,40128512.0,14.81,0.366514787,55.88,8869513.0,0.0,0.0,53953.0,13342785.0,0.0,0.0,58154.0,0.0,0.0,0.0,0.0
2023-03-28 13:43:59.670000+00:00,9326592.0,35504128.0,40128512.0,40128512.0,14.81,0.366514787,55.89,8869513.0,0.0,0.0,53953.0,13342785.0,0.0,0.0,58154.0,0.0,0.0,0.0,0.0
2023-03-28 13:44:03.774000+00:00,9326592.0,34717696.0,39026688.0,39026688.0,14.89,0.367681355,56.07,8878958.0,0.0,0.0,54010.0,13360782.0,0.0,0.0,58215.0,0.0,0.0,0.0,0.0
2023-03-28 13:44:07.939000+00:00,9326592.0,34717696.0,39026688.0,39026688.0,14.89,0.367681355,56.08,8878958.0,0.0,0.0,54060.0,13374046.0,0.0,0.0,58268.0,0.0,0.0,0.0,0.0
2023-03-28 13:44:14.612000+00:00,9326592.0,34775040.0,39591936.0,39591936.0,14.91,0.367681355,56.16,8895890.0,0.0,0.0,54110.0,13387442.0,0.0,0.0,58323.0,0.0,0.0,0.0,0.0
2023-03-28 13:44:19.152000+00:00,9326592.0,34775040.0,39567360.0,39567360.0,14.91,0.367681355,56.19,8904378.0,0.0,0.0,54160.0,13400856.0,0.0,0.0,58378.0,0.0,0.0,0.0,0.0
2023-03-28 13:44:24.248000+00:00,9326592.0,35373056.0,39825408.0,39825408.0,14.93,0.367681355,56.25,8905181.0,0.0,0.0,54164.0,13405419.0,0.0,0.0,58383.0,0.0,0.0,0.0,0.0
2023-03-28 13:44:29.759000+00:00,9326592.0,34988032.0,39825408.0,39825408.0,14.94,0.367681355,56.27,8905181.0,0.0,0.0,54164.0,13405419.0,0.0,0.0,58383.0,0.0,0.0,0.0,0.0
2023-03-28 13:44:34.231000+00:00,9326592.0,35540992.0,39940096.0,39940096.0,14.96,0.367681355,56.36,8923961.0,0.0,0.0,54280.0,13434477.0,0.0,0.0,58507.0,0.0,0.0,0.0,0.0
2023-03-28 13:44:39.800000+00:00,9326592.0,35540992.0,39940096.0,39940096.0,14.99,0.367681355,56.42,8923961.0,0.0,0.0,54492.0,13478313.0,0.0,0.0,58736.0,0.0,0.0,0.0,0.0
2023-03-28 13:44:44.846000+00:00,9326592.0,35336192.0,39768064.0,39768064.0,15.04,0.367681355,56.55,8991034.0,0.0,0.0,54690.0,13518821.0,0.0,0.0,58940.0,0.0,0.0,0.0,0.0
2023-03-28 13:44:48.434000+00:00,9461760.0,35336192.0,39714816.0,39714816.0,15.04,0.367681355,56.56,8991837.0,0.0,0.0,54694.0,13523397.0,0.0,0.0,58945.0,0.0,0.0,0.0,0.0
2023-03-28 13:44:54.008000+00:00,9461760.0,34770944.0,39034880.0,39034880.0,15.05,0.367681355,56.58,8992694.0,0.0,0.0,54699.0,13528047.0,0.0,0.0,58951.0,0.0,0.0,0.0,0.0
2023-03-28 13:44:59.764000+00:00,9461760.0,35319808.0,39034880.0,39034880.0,15.06,0.367681355,56.65,8992694.0,0.0,0.0,54699.0,13528047.0,0.0,0.0,58951.0,0.0,0.0,0.0,0.0
2023-03-28 13:45:03.385000+00:00,9461760.0,35340288.0,39604224.0,39604224.0,15.08,0.367681355,56.71,9020189.0,0.0,0.0,54871.0,13567426.0,0.0,0.0,59137.0,0.0,0.0,0.0,0.0
2023-03-28 13:45:09.624000+00:00,9461760.0,35487744.0,39768064.0,39768064.0,15.09,0.367681355,56.78,9020992.0,0.0,0.0,54875.0,13572002.0,0.0,0.0,59142.0,0.0,0.0,0.0,0.0
2023-03-28 13:45:13.077000+00:00,9461760.0,35454976.0,39759872.0,39759872.0,15.1,0.367681355,56.8,9038024.0,0.0,0.0,54979.0,13595400.0,0.0,0.0,59255.0,0.0,0.0,0.0,0.0
2023-03-28 13:45:18.380000+00:00,9461760.0,35454976.0,39157760.0,39157760.0,15.13,0.367681355,56.86,9038827.0,0.0,0.0,54983.0,13599976.0,0.0,0.0,59260.0,0.0,0.0,0.0,0.0
2023-03-28 13:45:24.362000+00:00,9461760.0,35291136.0,39559168.0,39559168.0,15.13,0.367681355,56.9,9049241.0,0.0,0.0,55050.0,13615811.0,0.0,0.0,59331.0,0.0,0.0,0.0,0.0
2023-03-28 13:45:29.149000+00:00,9461760.0,35434496.0,39559168.0,39559168.0,15.15,0.367681355,56.96,9049241.0,0.0,0.0,55050.0,13615811.0,0.0,0.0,59331.0,0.0,0.0,0.0,0.0
2023-03-28 13:45:34.147000+00:00,9461760.0,35033088.0,39297024.0,39297024.0,15.15,0.367681355,56.98,9058514.0,0.0,0.0,55104.0,13633736.0,0.0,0.0,59390.0,0.0,0.0,0.0,0.0
2023-03-28 13:45:39.617000+00:00,9461760.0,35033088.0,39297024.0,39342080.0,15.18,0.367681355,56.98,9075787.0,0.0,0.0,55208.0,13657319.0,0.0,0.0,59502.0,0.0,0.0,0.0,0.0
2023-03-28 13:45:44.492000+00:00,9461760.0,34807808.0,39198720.0,39198720.0,15.19,0.367681355,57.13,9085283.0,0.0,0.0,55267.0,13671897.0,0.0,0.0,59564.0,0.0,0.0,0.0,0.0
2023-03-28 13:45:48.943000+00:00,9564160.0,34807808.0,39198720.0,39198720.0,15.22,0.367681355,57.19,9085283.0,0.0,0.0,55267.0,13671897.0,0.0,0.0,59569.0,0.0,0.0,0.0,0.0
2023-03-28 13:45:54.164000+00:00,9564160.0,35315712.0,39665664.0,39665664.0,15.24,0.367681355,57.21,9091767.0,0.0,0.0,55300.0,13686320.0,0.0,0.0,59598.0,0.0,0.0,0.0,0.0
2023-03-28 13:45:59.637000+00:00,9564160.0,35315712.0,39665664.0,39665664.0,15.25,0.367681355,57.29,9091767.0,0.0,0.0,55300.0,13686320.0,0.0,0.0,59598.0,0.0,0.0,0.0,0.0
2023-03-28 13:46:03.853000+00:00,9564160.0,35328000.0,39755776.0,39755776.0,15.26,0.367681355,57.34,9104870.0,0.0,0.0,55386.0,13709219.0,0.0,0.0,59695.0,0.0,0.0,0.0,0.0
2023-03-28 13:46:09.422000+00:00,9564160.0,35041280.0,39313408.0,39313408.0,15.28,0.367681355,57.42,9114290.0,0.0,0.0,55444.0,13723853.0,0.0,0.0,59758.0,0.0,0.0,0.0,0.0
2023-03-28 13:46:14.075000+00:00,9564160.0,35155968.0,39514112.0,39514112.0,15.28,0.367681355,57.47,9132833.0,0.0,0.0,55556.0,13749071.0,0.0,0.0,59879.0,0.0,0.0,0.0,0.0
2023-03-28 13:46:19.377000+00:00,9564160.0,35155968.0,39514112.0,39514112.0,15.32,0.367681355,57.58,9132833.0,0.0,0.0,55556.0,13749071.0,0.0,0.0,60050.0,0.0,0.0,0.0,0.0
2023-03-28 13:46:24.287000+00:00,9564160.0,34930688.0,39247872.0,39247872.0,15.32,0.367681355,57.58,9159219.0,0.0,0.0,55718.0,13787030.0,0.0,0.0,60055.0,0.0,0.0,0.0,0.0
2023-03-28 13:46:28.412000+00:00,9564160.0,34930688.0,39247872.0,39247872.0,15.32,0.367681355,57.59,9159219.0,0.0,0.0,55718.0,13787030.0,0.0,0.0,60055.0,0.0,0.0,0.0,0.0
2023-03-28 13:46:34.441000+00:00,9564160.0,34643968.0,39043072.0,39043072.0,15.34,0.367681355,57.67,9168632.0,0.0,0.0,55772.0,13805089.0,0.0,0.0,60114.0,0.0,0.0,0.0,0.0
2023-03-28 13:46:39.399000+00:00,9564160.0,34643968.0,39747584.0,39747584.0,15.38,0.367681355,57.74,9177242.0,0.0,0.0,55822.0,13818576.0,0.0,0.0,60168.0,0.0,0.0,0.0,0.0
2023-03-28 13:46:44.760000+00:00,9564160.0,35241984.0,39518208.0,39518208.0,15.38,0.367681355,57.74,9178045.0,0.0,0.0,55826.0,13823154.0,0.0,0.0,60173.0,0.0,0.0,0.0,0.0
2023-03-28 13:46:49.598000+00:00,9662464.0,35241984.0,39518208.0,39518208.0,15.4,0.367681355,57.82,9178045.0,0.0,0.0,55830.0,13827732.0,0.0,0.0,60178.0,0.0,0.0,0.0,0.0
2023-03-28 13:46:54.300000+00:00,9662464.0,34697216.0,39145472.0,39145472.0,15.46,0.368207717,57.9,9212310.0,0.0,0.0,56036.0,13870079.0,0.0,0.0,60399.0,0.0,0.0,0.0,0.0
2023-03-28 13:46:58.885000+00:00,9662464.0,34697216.0,39145472.0,39145472.0,15.46,0.368207717,57.94,9212310.0,0.0,0.0,56036.0,13870079.0,0.0,0.0,60399.0,0.0,0.0,0.0,0.0
2023-03-28 13:47:04.543000+00:00,9662464.0,35348480.0,39727104.0,39727104.0,15.5,0.368207717,57.99,9222540.0,0.0,0.0,56100.0,13889304.0,0.0,0.0,60469.0,0.0,0.0,0.0,0.0
2023-03-28 13:47:09.604000+00:00,9662464.0,35012608.0,39276544.0,39276544.0,15.52,0.368207717,58.05,9249209.0,0.0,0.0,56266.0,13923997.0,0.0,0.0,60647.0,0.0,0.0,0.0,0.0
2023-03-28 13:47:13.587000+00:00,9662464.0,34693120.0,39104512.0,39104512.0,15.54,0.368207717,58.13,9257827.0,0.0,0.0,56316.0,13937494.0,0.0,0.0,60701.0,0.0,0.0,0.0,0.0
2023-03-28 13:47:18.675000+00:00,9662464.0,34693120.0,39104512.0,39104512.0,15.54,0.368207717,58.14,9257827.0,0.0,0.0,56320.0,13942072.0,0.0,0.0,60706.0,0.0,0.0,0.0,0.0
2023-03-28 13:47:23.998000+00:00,9662464.0,34979840.0,39337984.0,39337984.0,15.56,0.368207717,58.3,9295514.0,0.0,0.0,56556.0,13989063.0,0.0,0.0,60959.0,0.0,0.0,0.0,0.0
2023-03-28 13:47:29.478000+00:00,9662464.0,34586624.0,38854656.0,38854656.0,15.57,0.368207717,58.32,9304002.0,0.0,0.0,56606.0,14002494.0,0.0,0.0,61014.0,0.0,0.0,0.0,0.0
2023-03-28 13:47:34.759000+00:00,9662464.0,35196928.0,39604224.0,39604224.0,15.6,0.368207717,58.41,9314277.0,0.0,0.0,56672.0,14018271.0,0.0,0.0,61085.0,0.0,0.0,0.0,0.0
2023-03-28 13:47:39.183000+00:00,9662464.0,35196928.0,39604224.0,39604224.0,15.6,0.368207717,58.41,9315080.0,0.0,0.0,56676.0,14022849.0,0.0,0.0,61090.0,0.0,0.0,0.0,0.0
2023-03-28 13:47:44.010000+00:00,9662464.0,34582528.0,39194624.0,39194624.0,15.62,0.368207717,58.47,9315883.0,0.0,0.0,56680.0,14027427.0,0.0,0.0,61095.0,0.0,0.0,0.0,0.0
2023-03-28 13:47:49.175000+00:00,9662464.0,34582528.0,39194624.0,38969344.0,15.62,0.368207717,58.48,9316686.0,0.0,0.0,56684.0,14032005.0,0.0,0.0,61100.0,0.0,0.0,0.0,0.0
2023-03-28 13:47:54.679000+00:00,9809920.0,34942976.0,39366656.0,39366656.0,15.66,0.368207717,58.6,9335059.0,0.0,0.0,56797.0,14057070.0,0.0,0.0,61222.0,0.0,0.0,0.0,0.0
2023-03-28 13:47:59.670000+00:00,9809920.0,35045376.0,39350272.0,39350272.0,15.66,0.368207717,58.6,9335946.0,0.0,0.0,56803.0,14061732.0,0.0,0.0,61229.0,0.0,0.0,0.0,0.0
2023-03-28 13:48:04.457000+00:00,9809920.0,34455552.0,38948864.0,38948864.0,15.73,0.368723526,58.74,9376919.0,0.0,0.0,57054.0,14112717.0,0.0,0.0,61499.0,0.0,0.0,0.0,0.0
2023-03-28 13:48:08.698000+00:00,9809920.0,34963456.0,39231488.0,39231488.0,15.73,0.368723526,58.76,9386359.0,0.0,0.0,57112.0,14127371.0,0.0,0.0,61562.0,0.0,0.0,0.0,0.0
2023-03-28 13:48:14.071000+00:00,9809920.0,35098624.0,39686144.0,39686144.0,15.74,0.368723526,58.82,9387162.0,0.0,0.0,57116.0,14131949.0,0.0,0.0,61567.0,0.0,0.0,0.0,0.0
2023-03-28 13:48:19.719000+00:00,9809920.0,35098624.0,39055360.0,39055360.0,15.74,0.368723526,58.82,9395624.0,0.0,0.0,57166.0,14145284.0,0.0,0.0,61621.0,0.0,0.0,0.0,0.0
2023-03-28 13:48:23.975000+00:00,9809920.0,35266560.0,39829504.0,39829504.0,15.77,0.368723526,58.95,9404992.0,0.0,0.0,57224.0,14159867.0,0.0,0.0,61684.0,0.0,0.0,0.0,0.0
2023-03-28 13:48:28.918000+00:00,9809920.0,34512896.0,38785024.0,39829504.0,15.78,0.368723526,59.01,9404992.0,0.0,0.0,57224.0,14159867.0,0.0,0.0,61684.0,0.0,0.0,0.0,0.0
2023-03-28 13:48:34.759000+00:00,9809920.0,35000320.0,39342080.0,39342080.0,15.82,0.368723526,59.08,9431460.0,0.0,0.0,57386.0,14197857.0,0.0,0.0,61859.0,0.0,0.0,0.0,0.0
2023-03-28 13:48:39.039000+00:00,9809920.0,35000320.0,39342080.0,39342080.0,15.82,0.368723526,59.09,9431460.0,0.0,0.0,57386.0,14197857.0,0.0,0.0,61913.0,0.0,0.0,0.0,0.0
2023-03-28 13:48:43.155000+00:00,9809920.0,34791424.0,39206912.0,39206912.0,15.84,0.368723526,59.17,9440761.0,0.0,0.0,57440.0,14215810.0,0.0,0.0,61918.0,0.0,0.0,0.0,0.0
2023-03-28 13:48:49.557000+00:00,9940992.0,34791424.0,39170048.0,39170048.0,15.84,0.368723526,59.17,9441564.0,0.0,0.0,57444.0,14220388.0,0.0,0.0,61923.0,0.0,0.0,0.0,0.0
2023-03-28 13:48:53.798000+00:00,9940992.0,34803712.0,39358464.0,39358464.0,15.86,0.368723526,59.27,9450072.0,0.0,0.0,57495.0,14233857.0,0.0,0.0,61979.0,0.0,0.0,0.0,0.0
2023-03-28 13:48:58.896000+00:00,9940992.0,34803712.0,39358464.0,39358464.0,15.86,0.368723526,59.28,9450072.0,0.0,0.0,57495.0,14233857.0,0.0,0.0,61979.0,0.0,0.0,0.0,0.0
2023-03-28 13:49:04.385000+00:00,9940992.0,35057664.0,39653376.0,39653376.0,15.89,0.368723526,59.38,9467991.0,0.0,0.0,57605.0,14261946.0,0.0,0.0,62099.0,0.0,0.0,0.0,0.0
2023-03-28 13:49:08.682000+00:00,9940992.0,35057664.0,39653376.0,39653376.0,15.9,0.368723526,59.41,9477654.0,0.0,0.0,57666.0,14276710.0,0.0,0.0,62163.0,0.0,0.0,0.0,0.0
2023-03-28 13:49:13.752000+00:00,9940992.0,34816000.0,39120896.0,39120896.0,15.9,0.368723526,59.41,9478457.0,0.0,0.0,57670.0,14281288.0,0.0,0.0,62168.0,0.0,0.0,0.0,0.0
2023-03-28 13:49:19.322000+00:00,9940992.0,34816000.0,39358464.0,39358464.0,15.92,0.368723526,59.41,9479260.0,0.0,0.0,57674.0,14285866.0,0.0,0.0,62173.0,0.0,0.0,0.0,0.0
2023-03-28 13:49:24.165000+00:00,9940992.0,35397632.0,39747584.0,39747584.0,15.93,0.368723526,59.49,9487784.0,0.0,0.0,57724.0,14299327.0,0.0,0.0,62228.0,0.0,0.0,0.0,0.0
2023-03-28 13:49:28.589000+00:00,9940992.0,35155968.0,39747584.0,39747584.0,15.97,0.368723526,59.57,9487784.0,0.0,0.0,57724.0,14299327.0,0.0,0.0,62228.0,0.0,0.0,0.0,0.0
2023-03-28 13:49:33.887000+00:00,9940992.0,34902016.0,39251968.0,39251968.0,15.97,0.368723526,59.6,9507534.0,0.0,0.0,57848.0,14329783.0,0.0,0.0,62362.0,0.0,0.0,0.0,0.0
2023-03-28 13:49:38.436000+00:00,9940992.0,34902016.0,39251968.0,39395328.0,15.98,0.368723526,59.66,9508337.0,0.0,0.0,57852.0,14334361.0,0.0,0.0,62367.0,0.0,0.0,0.0,0.0
2023-03-28 13:49:44.748000+00:00,9940992.0,35139584.0,39419904.0,39419904.0,15.99,0.368723526,59.66,9509140.0,0.0,0.0,57856.0,14338939.0,0.0,0.0,62372.0,0.0,0.0,0.0,0.0
2023-03-28 13:49:49.403000+00:00,10022912.0,35139584.0,39419904.0,39419904.0,16.03,0.368723526,59.73,9509140.0,0.0,0.0,57856.0,14338939.0,0.0,0.0,62372.0,0.0,0.0,0.0,0.0
2023-03-28 13:49:54.284000+00:00,10022912.0,35078144.0,39399424.0,39399424.0,16.05,0.368723526,59.74,9519366.0,0.0,0.0,57919.0,14358185.0,0.0,0.0,62441.0,0.0,0.0,0.0,0.0
2023-03-28 13:49:59.859000+00:00,10022912.0,34922496.0,39399424.0,39399424.0,16.09,0.368723526,59.81,9519366.0,0.0,0.0,57919.0,14358185.0,0.0,0.0,62441.0,0.0,0.0,0.0,0.0
2023-03-28 13:50:04.068000+00:00,10022912.0,35020800.0,39329792.0,39329792.0,16.09,0.368723526,59.82,9529833.0,0.0,0.0,57983.0,14377643.0,0.0,0.0,62511.0,0.0,0.0,0.0,0.0
2023-03-28 13:50:09.032000+00:00,10022912.0,35020800.0,39329792.0,39968768.0,16.14,0.368723526,59.91,9556580.0,0.0,0.0,58149.0,14412417.0,0.0,0.0,62689.0,0.0,0.0,0.0,0.0
2023-03-28 13:50:13.273000+00:00,10022912.0,35258368.0,39624704.0,39624704.0,16.16,0.368723526,59.96,9582452.0,0.0,0.0,58308.0,14445980.0,0.0,0.0,62859.0,0.0,0.0,0.0,0.0
2023-03-28 13:50:18.384000+00:00,10022912.0,35258368.0,39624704.0,39624704.0,16.19,0.368723526,60.06,9582452.0,0.0,0.0,58466.0,14479410.0,0.0,0.0,63028.0,0.0,0.0,0.0,0.0
2023-03-28 13:50:24.254000+00:00,10022912.0,35631104.0,39944192.0,39944192.0,16.21,0.368723526,60.13,9640650.0,0.0,0.0,58662.0,14520442.0,0.0,0.0,63239.0,0.0,0.0,0.0,0.0
2023-03-28 13:50:29.450000+00:00,10022912.0,35631104.0,39944192.0,39944192.0,16.22,0.368723526,60.2,9640650.0,0.0,0.0,58662.0,14520442.0,0.0,0.0,63239.0,0.0,0.0,0.0,0.0
2023-03-28 13:50:34.206000+00:00,10022912.0,35627008.0,39997440.0,39997440.0,16.26,0.368723526,60.26,9675246.0,0.0,0.0,58871.0,14567086.0,0.0,0.0,63455.0,0.0,0.0,0.0,0.0
2023-03-28 13:50:38.331000+00:00,10022912.0,35643392.0,39972864.0,39972864.0,16.28,0.368723526,60.36,9691657.0,0.0,0.0,58967.0,14589146.0,0.0,0.0,63553.0,0.0,0.0,0.0,0.0
2023-03-28 13:50:44.816000+00:00,10022912.0,35336192.0,39600128.0,39600128.0,16.28,0.368723526,60.38,9701045.0,0.0,0.0,59025.0,14603757.0,0.0,0.0,63616.0,0.0,0.0,0.0,0.0
2023-03-28 13:50:48.321000+00:00,10211328.0,35336192.0,39600128.0,39600128.0,16.31,0.368723526,60.45,9701045.0,0.0,0.0,59029.0,14608335.0,0.0,0.0,63621.0,0.0,0.0,0.0,0.0
2023-03-28 13:50:54.235000+00:00,10211328.0,35655680.0,39931904.0,39931904.0,16.32,0.368723526,60.46,9702705.0,0.0,0.0,59034.0,14612987.0,0.0,0.0,63627.0,0.0,0.0,0.0,0.0
2023-03-28 13:50:59.793000+00:00,10211328.0,35655680.0,39931904.0,39653376.0,16.36,0.368723526,60.57,9713270.0,0.0,0.0,59102.0,14629052.0,0.0,0.0,63700.0,0.0,0.0,0.0,0.0
2023-03-28 13:51:04.575000+00:00,10211328.0,35078144.0,39342080.0,39342080.0,16.36,0.368723526,60.59,9722666.0,0.0,0.0,59160.0,14643663.0,0.0,0.0,63763.0,0.0,0.0,0.0,0.0
2023-03-28 13:51:09.366000+00:00,10211328.0,35577856.0,39989248.0,39989248.0,16.37,0.368723526,60.67,9731156.0,0.0,0.0,59210.0,14657092.0,0.0,0.0,63818.0,0.0,0.0,0.0,0.0
2023-03-28 13:51:14.524000+00:00,10211328.0,35737600.0,40034304.0,40034304.0,16.38,0.368723526,60.7,9748471.0,0.0,0.0,59314.0,14680607.0,0.0,0.0,63928.0,0.0,0.0,0.0,0.0
2023-03-28 13:51:18.486000+00:00,10211328.0,35737600.0,40034304.0,39690240.0,16.4,0.368723526,60.76,9749274.0,0.0,0.0,59318.0,14685185.0,0.0,0.0,63933.0,0.0,0.0,0.0,0.0
2023-03-28 13:51:24.087000+00:00,10211328.0,35319808.0,39735296.0,39735296.0,16.41,0.368723526,60.78,9766339.0,0.0,0.0,59422.0,14708630.0,0.0,0.0,64046.0,0.0,0.0,0.0,0.0
2023-03-28 13:51:28.458000+00:00,10211328.0,35835904.0,40116224.0,40116224.0,16.41,0.368723526,60.8,9775736.0,0.0,0.0,59480.0,14723242.0,0.0,0.0,64109.0,0.0,0.0,0.0,0.0
2023-03-28 13:51:34.577000+00:00,10211328.0,35704832.0,40062976.0,40062976.0,16.44,0.368723526,61.04,9791855.0,0.0,0.0,59576.0,14745470.0,0.0,0.0,64214.0,0.0,0.0,0.0,0.0
2023-03-28 13:51:39.572000+00:00,10211328.0,36200448.0,40062976.0,40062976.0,16.45,0.368723526,61.11,9791855.0,0.0,0.0,59576.0,14745470.0,0.0,0.0,64214.0,0.0,0.0,0.0,0.0
2023-03-28 13:51:43.302000+00:00,10211328.0,35414016.0,39702528.0,39702528.0,16.46,0.368723526,61.11,9801094.0,0.0,0.0,59630.0,14763423.0,0.0,0.0,64274.0,0.0,0.0,0.0,0.0
2023-03-28 13:51:48.754000+00:00,10211328.0,35414016.0,40153088.0,40153088.0,16.46,0.368723526,61.11,9809608.0,0.0,0.0,59680.0,14776874.0,0.0,0.0,64329.0,0.0,0.0,0.0,0.0
2023-03-28 13:51:53.418000+00:00,10326016.0,35618816.0,39964672.0,39964672.0,16.5,0.368723526,61.21,9819020.0,0.0,0.0,59739.0,14791526.0,0.0,0.0,64393.0,0.0,0.0,0.0,0.0
2023-03-28 13:51:58.264000+00:00,10326016.0,35721216.0,40026112.0,39964672.0,16.5,0.368723526,61.21,9819020.0,0.0,0.0,59739.0,14791526.0,0.0,0.0,64393.0,0.0,0.0,0.0,0.0
2023-03-28 13:52:03.280000+00:00,10326016.0,35790848.0,40120320.0,40120320.0,16.53,0.368723526,61.31,9837770.0,0.0,0.0,59857.0,14820572.0,0.0,0.0,64519.0,0.0,0.0,0.0,0.0
2023-03-28 13:52:08.425000+00:00,10326016.0,35790848.0,40120320.0,40120320.0,16.53,0.368723526,61.33,9837770.0,0.0,0.0,59857.0,14834119.0,0.0,0.0,64574.0,0.0,0.0,0.0,0.0
2023-03-28 13:52:14.331000+00:00,10326016.0,35483648.0,39768064.0,39768064.0,16.56,0.368723526,61.39,9847183.0,0.0,0.0,59911.0,14838697.0,0.0,0.0,64579.0,0.0,0.0,0.0,0.0
2023-03-28 13:52:19.664000+00:00,10326016.0,35483648.0,40345600.0,40345600.0,16.56,0.368723526,61.39,9855681.0,0.0,0.0,59961.0,14852138.0,0.0,0.0,64634.0,0.0,0.0,0.0,0.0
2023-03-28 13:52:24.277000+00:00,10326016.0,35495936.0,39862272.0,39862272.0,16.59,0.368723526,61.53,9880467.0,0.0,0.0,60111.0,14884346.0,0.0,0.0,64795.0,0.0,0.0,0.0,0.0
2023-03-28 13:52:28.615000+00:00,10326016.0,35495936.0,39862272.0,39862272.0,16.59,0.368723526,61.54,9880467.0,0.0,0.0,60111.0,14884346.0,0.0,0.0,64795.0,0.0,0.0,0.0,0.0
2023-03-28 13:52:34.920000+00:00,10326016.0,35381248.0,39780352.0,39780352.0,16.62,0.368723526,61.65,9912829.0,0.0,0.0,60304.0,14928592.0,0.0,0.0,65001.0,0.0,0.0,0.0,0.0
2023-03-28 13:52:39.099000+00:00,10326016.0,35381248.0,39780352.0,39780352.0,16.62,0.368723526,61.66,9912829.0,0.0,0.0,60308.0,14933170.0,0.0,0.0,65006.0,0.0,0.0,0.0,0.0
2023-03-28 13:52:43.319000+00:00,10326016.0,35504128.0,39903232.0,39903232.0,16.64,0.368723526,61.78,9930700.0,0.0,0.0,60412.0,14956608.0,0.0,0.0,65119.0,0.0,0.0,0.0,0.0
2023-03-28 13:52:48.720000+00:00,10469376.0,35504128.0,39792640.0,39792640.0,16.65,0.368723526,61.82,9947782.0,0.0,0.0,60516.0,14980064.0,0.0,0.0,65232.0,0.0,0.0,0.0,0.0
2023-03-28 13:52:53.805000+00:00,10469376.0,36225024.0,40787968.0,40787968.0,16.71,0.368723526,61.9,9957314.0,0.0,0.0,60576.0,14994706.0,0.0,0.0,65295.0,0.0,0.0,0.0,0.0
2023-03-28 13:52:59.886000+00:00,10469376.0,35975168.0,40787968.0,40787968.0,16.71,0.368723526,61.94,9957314.0,0.0,0.0,60576.0,14994706.0,0.0,0.0,65295.0,0.0,0.0,0.0,0.0
2023-03-28 13:53:04.405000+00:00,10469376.0,35540992.0,39837696.0,39837696.0,16.73,0.368723526,62.04,9975351.0,0.0,0.0,60686.0,15022900.0,0.0,0.0,65415.0,0.0,0.0,0.0,0.0
2023-03-28 13:53:08.998000+00:00,10469376.0,35540992.0,39837696.0,40013824.0,16.74,0.368723526,62.04,9992349.0,0.0,0.0,60790.0,15046287.0,0.0,0.0,65528.0,0.0,0.0,0.0,0.0
2023-03-28 13:53:13.457000+00:00,10469376.0,36139008.0,40480768.0,40480768.0,16.76,0.368955967,62.16,10001712.0,0.0,0.0,60848.0,15060881.0,0.0,0.0,65591.0,0.0,0.0,0.0,0.0
2023-03-28 13:53:18.350000+00:00,10469376.0,36241408.0,40480768.0,40480768.0,16.76,0.368955967,62.16,10001712.0,0.0,0.0,60848.0,15060881.0,0.0,0.0,65596.0,0.0,0.0,0.0,0.0
2023-03-28 13:53:24.841000+00:00,10469376.0,35536896.0,40189952.0,40189952.0,16.77,0.368955967,62.24,10003318.0,0.0,0.0,60856.0,15070037.0,0.0,0.0,65601.0,0.0,0.0,0.0,0.0
2023-03-28 13:53:29.342000+00:00,10469376.0,35475456.0,40189952.0,40189952.0,16.77,0.368955967,62.28,10003318.0,0.0,0.0,60856.0,15070037.0,0.0,0.0,65601.0,0.0,0.0,0.0,0.0
2023-03-28 13:53:33.566000+00:00,10469376.0,36143104.0,40505344.0,40505344.0,16.78,0.368955967,62.36,10030103.0,0.0,0.0,61018.0,15108234.0,0.0,0.0,65774.0,0.0,0.0,0.0,0.0
2023-03-28 13:53:39.501000+00:00,10469376.0,35651584.0,39936000.0,39936000.0,16.78,0.368955967,62.42,10054045.0,0.0,0.0,61161.0,15139183.0,0.0,0.0,65926.0,0.0,0.0,0.0,0.0
2023-03-28 13:53:44.305000+00:00,10469376.0,36085760.0,40435712.0,40435712.0,16.82,0.368955967,62.52,10079175.0,0.0,0.0,61311.0,15171421.0,0.0,0.0,66082.0,0.0,0.0,0.0,0.0
2023-03-28 13:53:49.065000+00:00,10612736.0,36085760.0,40435712.0,40435712.0,16.84,0.368955967,62.54,10079175.0,0.0,0.0,61407.0,15193591.0,0.0,0.0,66185.0,0.0,0.0,0.0,0.0
2023-03-28 13:53:54.702000+00:00,10612736.0,35753984.0,40366080.0,40366080.0,16.88,0.370002376,62.67,10120260.0,0.0,0.0,61559.0,15225723.0,0.0,0.0,66345.0,0.0,0.0,0.0,0.0
2023-03-28 13:53:59.163000+00:00,10612736.0,35753984.0,40366080.0,40366080.0,16.88,0.370002376,62.69,10120260.0,0.0,0.0,61559.0,15225723.0,0.0,0.0,66345.0,0.0,0.0,0.0,0.0
2023-03-28 13:54:04.232000+00:00,10612736.0,35995648.0,40456192.0,40456192.0,16.9,0.370002376,62.78,10139355.0,0.0,0.0,61678.0,15255126.0,0.0,0.0,66472.0,0.0,0.0,0.0,0.0
2023-03-28 13:54:08.570000+00:00,10612736.0,35995648.0,40075264.0,40075264.0,16.91,0.370002376,62.8,10149640.0,0.0,0.0,61744.0,15270906.0,0.0,0.0,66543.0,0.0,0.0,0.0,0.0
2023-03-28 13:54:13.238000+00:00,10612736.0,35852288.0,40169472.0,40169472.0,16.91,0.370002376,62.81,10150443.0,0.0,0.0,61748.0,15275484.0,0.0,0.0,66548.0,0.0,0.0,0.0,0.0
2023-03-28 13:54:18.690000+00:00,10612736.0,35852288.0,40169472.0,40169472.0,16.92,0.370002376,62.89,10159871.0,0.0,0.0,61806.0,15290138.0,0.0,0.0,66611.0,0.0,0.0,0.0,0.0
2023-03-28 13:54:24.087000+00:00,10612736.0,35672064.0,39956480.0,39956480.0,16.93,0.370002376,62.9,10160674.0,0.0,0.0,61810.0,15294716.0,0.0,0.0,66616.0,0.0,0.0,0.0,0.0
2023-03-28 13:54:28.741000+00:00,10612736.0,35672064.0,39956480.0,39956480.0,16.95,0.370002376,62.96,10160674.0,0.0,0.0,61810.0,15294716.0,0.0,0.0,66616.0,0.0,0.0,0.0,0.0
2023-03-28 13:54:34.645000+00:00,10612736.0,35737600.0,40153088.0,40153088.0,16.96,0.370002376,63.0,10177494.0,0.0,0.0,61910.0,15321463.0,0.0,0.0,66724.0,0.0,0.0,0.0,0.0
2023-03-28 13:54:38.391000+00:00,10612736.0,36048896.0,40464384.0,40464384.0,16.98,0.370002376,63.07,10180216.0,0.0,0.0,61930.0,15328457.0,0.0,0.0,66747.0,0.0,0.0,0.0,0.0
2023-03-28 13:54:44.644000+00:00,10612736.0,35778560.0,40062976.0,40062976.0,16.98,0.370002376,63.11,10190586.0,0.0,0.0,61996.0,15344321.0,0.0,0.0,66818.0,0.0,0.0,0.0,0.0
2023-03-28 13:54:48.266000+00:00,10735616.0,35450880.0,39743488.0,39743488.0,17.0,0.370002376,63.2,10199982.0,0.0,0.0,62054.0,15358930.0,0.0,0.0,66881.0,0.0,0.0,0.0,0.0
2023-03-28 13:54:54.826000+00:00,10735616.0,35639296.0,39972864.0,39972864.0,17.01,0.370002376,63.21,10200839.0,0.0,0.0,62059.0,15363582.0,0.0,0.0,66887.0,0.0,0.0,0.0,0.0
2023-03-28 13:54:59.262000+00:00,10735616.0,35782656.0,40087552.0,40087552.0,17.04,0.370002376,63.26,10201726.0,0.0,0.0,62065.0,15368244.0,0.0,0.0,66894.0,0.0,0.0,0.0,0.0
2023-03-28 13:55:03.715000+00:00,10735616.0,35885056.0,40177664.0,40177664.0,17.04,0.370002376,63.27,10202529.0,0.0,0.0,62069.0,15372822.0,0.0,0.0,66899.0,0.0,0.0,0.0,0.0
2023-03-28 13:55:09.831000+00:00,10735616.0,35885056.0,40177664.0,40177664.0,17.06,0.370002376,63.36,10202529.0,0.0,0.0,62069.0,15372822.0,0.0,0.0,66962.0,0.0,0.0,0.0,0.0
2023-03-28 13:55:13.051000+00:00,10735616.0,35676160.0,39989248.0,39989248.0,17.06,0.370002376,63.37,10212746.0,0.0,0.0,62131.0,15392031.0,0.0,0.0,66967.0,0.0,0.0,0.0,0.0
2023-03-28 13:55:19.628000+00:00,10735616.0,35676160.0,39669760.0,39669760.0,17.08,0.370002376,63.45,10222205.0,0.0,0.0,62190.0,15406707.0,0.0,0.0,67031.0,0.0,0.0,0.0,0.0
2023-03-28 13:55:24.213000+00:00,10735616.0,35934208.0,40304640.0,40304640.0,17.08,0.370002376,63.47,10232480.0,0.0,0.0,62256.0,15422460.0,0.0,0.0,67102.0,0.0,0.0,0.0,0.0
2023-03-28 13:55:29.414000+00:00,10735616.0,35934208.0,40304640.0,40304640.0,17.12,0.37107986,63.6,10232480.0,0.0,0.0,62256.0,15422460.0,0.0,0.0,67102.0,0.0,0.0,0.0,0.0
2023-03-28 13:55:34.264000+00:00,10735616.0,35577856.0,40120320.0,40120320.0,17.12,0.37107986,63.64,10273493.0,0.0,0.0,62502.0,15477040.0,0.0,0.0,67369.0,0.0,0.0,0.0,0.0
2023-03-28 13:55:38.182000+00:00,10735616.0,35577856.0,40120320.0,40120320.0,17.14,0.37107986,63.72,10274296.0,0.0,0.0,62506.0,15481618.0,0.0,0.0,67374.0,0.0,0.0,0.0,0.0
2023-03-28 13:55:44.477000+00:00,10735616.0,36171776.0,40574976.0,40574976.0,17.14,0.37107986,63.74,10282740.0,0.0,0.0,62556.0,15495003.0,0.0,0.0,67429.0,0.0,0.0,0.0,0.0
2023-03-28 13:55:49.070000+00:00,10846208.0,36171776.0,40079360.0,40079360.0,17.17,0.37107986,63.84,10307778.0,0.0,0.0,62706.0,15527611.0,0.0,0.0,67592.0,0.0,0.0,0.0,0.0
2023-03-28 13:55:54.619000+00:00,10846208.0,35524608.0,39858176.0,39858176.0,17.18,0.37107986,63.87,10317219.0,0.0,0.0,62765.0,15542295.0,0.0,0.0,67656.0,0.0,0.0,0.0,0.0
2023-03-28 13:55:59.621000+00:00,10846208.0,35524608.0,39858176.0,39858176.0,17.22,0.37107986,63.87,10317219.0,0.0,0.0,62765.0,15542295.0,0.0,0.0,67656.0,0.0,0.0,0.0,0.0
2023-03-28 13:56:04.756000+00:00,10846208.0,35696640.0,39981056.0,39981056.0,17.22,0.37107986,63.98,10335134.0,0.0,0.0,62875.0,15570348.0,0.0,0.0,67776.0,0.0,0.0,0.0,0.0
2023-03-28 13:56:09.211000+00:00,10846208.0,35696640.0,39981056.0,40562688.0,17.26,0.37107986,64.08,10360188.0,0.0,0.0,63025.0,15602906.0,0.0,0.0,67938.0,0.0,0.0,0.0,0.0
2023-03-28 13:56:13.658000+00:00,10846208.0,35368960.0,39657472.0,39657472.0,17.26,0.37107986,64.09,10360991.0,0.0,0.0,63029.0,15607484.0,0.0,0.0,67943.0,0.0,0.0,0.0,0.0
2023-03-28 13:56:19.583000+00:00,10846208.0,35524608.0,39657472.0,39657472.0,17.27,0.37107986,64.19,10360991.0,0.0,0.0,63029.0,15607484.0,0.0,0.0,68064.0,0.0,0.0,0.0,0.0
2023-03-28 13:56:23.990000+00:00,10846208.0,35745792.0,40030208.0,40030208.0,17.27,0.37107986,64.2,10383768.0,0.0,0.0,63161.0,15640874.0,0.0,0.0,68085.0,0.0,0.0,0.0,0.0
2023-03-28 13:56:29.382000+00:00,10846208.0,35643392.0,40030208.0,40030208.0,17.29,0.37107986,64.3,10383768.0,0.0,0.0,63161.0,15640874.0,0.0,0.0,68085.0,0.0,0.0,0.0,0.0
2023-03-28 13:56:34.356000+00:00,10846208.0,35606528.0,40017920.0,40017920.0,17.29,0.37107986,64.34,10412189.0,0.0,0.0,63337.0,15681031.0,0.0,0.0,68274.0,0.0,0.0,0.0,0.0
2023-03-28 13:56:39.050000+00:00,10846208.0,35635200.0,40099840.0,40099840.0,17.3,0.37107986,64.39,10429395.0,0.0,0.0,63441.0,15704494.0,0.0,0.0,68385.0,0.0,0.0,0.0,0.0
2023-03-28 13:56:43.432000+00:00,10846208.0,35651584.0,39972864.0,39972864.0,17.32,0.37107986,64.5,10445676.0,0.0,0.0,63537.0,15726884.0,0.0,0.0,68490.0,0.0,0.0,0.0,0.0
2023-03-28 13:56:49.239000+00:00,10846208.0,35651584.0,39972864.0,39972864.0,17.32,0.37107986,64.52,10445676.0,0.0,0.0,63633.0,15748708.0,0.0,0.0,68589.0,0.0,0.0,0.0,0.0
2023-03-28 13:56:54.296000+00:00,11005952.0,35741696.0,40132608.0,40132608.0,17.38,0.37107986,64.63,10478150.0,0.0,0.0,63730.0,15771132.0,0.0,0.0,68694.0,0.0,0.0,0.0,0.0
2023-03-28 13:56:59.191000+00:00,11005952.0,35741696.0,40132608.0,40132608.0,17.38,0.37107986,64.64,10478150.0,0.0,0.0,63730.0,15771132.0,0.0,0.0,68694.0,0.0,0.0,0.0,0.0
2023-03-28 13:57:04.392000+00:00,11005952.0,35700736.0,40185856.0,40185856.0,17.44,0.37107986,64.78,10527007.0,0.0,0.0,64024.0,15834485.0,0.0,0.0,69009.0,0.0,0.0,0.0,0.0
2023-03-28 13:57:09.792000+00:00,11005952.0,35700736.0,40562688.0,40562688.0,17.45,0.37107986,64.8,10535523.0,0.0,0.0,64074.0,15847870.0,0.0,0.0,69063.0,0.0,0.0,0.0,0.0
2023-03-28 13:57:13.752000+00:00,11005952.0,35409920.0,39854080.0,39854080.0,17.46,0.371564917,64.86,10536326.0,0.0,0.0,64078.0,15852448.0,0.0,0.0,69068.0,0.0,0.0,0.0,0.0
2023-03-28 13:57:19.721000+00:00,11005952.0,35409920.0,39854080.0,39694336.0,17.47,0.371564917,64.89,10553377.0,0.0,0.0,64182.0,15875888.0,0.0,0.0,69181.0,0.0,0.0,0.0,0.0
2023-03-28 13:57:24.471000+00:00,11005952.0,35545088.0,39829504.0,39829504.0,17.48,0.371564917,64.97,10554180.0,0.0,0.0,64186.0,15880466.0,0.0,0.0,69186.0,0.0,0.0,0.0,0.0
2023-03-28 13:57:29.139000+00:00,11005952.0,35573760.0,40062976.0,40062976.0,17.48,0.371564917,65.0,10570689.0,0.0,0.0,64282.0,15903094.0,0.0,0.0,69291.0,0.0,0.0,0.0,0.0
2023-03-28 13:57:34.771000+00:00,11005952.0,35708928.0,39997440.0,39997440.0,17.51,0.371564917,65.06,10571492.0,0.0,0.0,64286.0,15907672.0,0.0,0.0,69296.0,0.0,0.0,0.0,0.0
2023-03-28 13:57:39.113000+00:00,11005952.0,35405824.0,39997440.0,39997440.0,17.51,0.371564917,65.08,10571492.0,0.0,0.0,64286.0,15907672.0,0.0,0.0,69296.0,0.0,0.0,0.0,0.0
2023-03-28 13:57:43.576000+00:00,11005952.0,35946496.0,40243200.0,40243200.0,17.54,0.371564917,65.16,10590242.0,0.0,0.0,64402.0,15936863.0,0.0,0.0,69422.0,0.0,0.0,0.0,0.0
2023-03-28 13:57:49.602000+00:00,11137024.0,35946496.0,40243200.0,40329216.0,17.54,0.371564917,65.16,10591045.0,0.0,0.0,64406.0,15941441.0,0.0,0.0,69427.0,0.0,0.0,0.0,0.0
2023-03-28 13:57:54.785000+00:00,11137024.0,35807232.0,40157184.0,40157184.0,17.57,0.371564917,65.26,10599567.0,0.0,0.0,64457.0,15954926.0,0.0,0.0,69483.0,0.0,0.0,0.0,0.0
2023-03-28 13:57:59.019000+00:00,11137024.0,35405824.0,39743488.0,40157184.0,17.58,0.371564917,65.28,10599567.0,0.0,0.0,64457.0,15954926.0,0.0,0.0,69483.0,0.0,0.0,0.0,0.0
2023-03-28 13:58:04.176000+00:00,11137024.0,35893248.0,40333312.0,40333312.0,17.6,0.371564917,65.35,10616631.0,0.0,0.0,64559.0,15981728.0,0.0,0.0,69593.0,0.0,0.0,0.0,0.0
2023-03-28 13:58:09.699000+00:00,11137024.0,36114432.0,40464384.0,40464384.0,17.62,0.371564917,65.4,10636328.0,0.0,0.0,64687.0,16008650.0,0.0,0.0,69730.0,0.0,0.0,0.0,0.0
2023-03-28 13:58:14.825000+00:00,11137024.0,35852288.0,40148992.0,40148992.0,17.64,0.371564917,65.51,10644848.0,0.0,0.0,64737.0,16022111.0,0.0,0.0,69785.0,0.0,0.0,0.0,0.0
2023-03-28 13:58:19.186000+00:00,11137024.0,35852288.0,40226816.0,40226816.0,17.65,0.371564917,65.55,10663020.0,0.0,0.0,64849.0,16046962.0,0.0,0.0,69906.0,0.0,0.0,0.0,0.0
2023-03-28 13:58:23.871000+00:00,11137024.0,35803136.0,40394752.0,40394752.0,17.67,0.371564917,65.63,10677299.0,0.0,0.0,64930.0,16066854.0,0.0,0.0,69994.0,0.0,0.0,0.0,0.0
2023-03-28 13:58:28.600000+00:00,11137024.0,35803136.0,40394752.0,40394752.0,17.68,0.371564917,65.65,10677299.0,0.0,0.0,64930.0,16066854.0,0.0,0.0,69994.0,0.0,0.0,0.0,0.0
2023-03-28 13:58:33.602000+00:00,11137024.0,36151296.0,40718336.0,40718336.0,17.68,0.371564917,65.71,10680765.0,0.0,0.0,64953.0,16078376.0,0.0,0.0,70021.0,0.0,0.0,0.0,0.0
2023-03-28 13:58:39.211000+00:00,11137024.0,36151296.0,40718336.0,40718336.0,17.69,0.371564917,65.75,10697953.0,0.0,0.0,65057.0,16101889.0,0.0,0.0,70133.0,0.0,0.0,0.0,0.0
2023-03-28 13:58:43.863000+00:00,11137024.0,35561472.0,40247296.0,40247296.0,17.71,0.371564917,65.81,10698756.0,0.0,0.0,65061.0,16106467.0,0.0,0.0,70138.0,0.0,0.0,0.0,0.0
2023-03-28 13:58:48.924000+00:00,11268096.0,35561472.0,40247296.0,40247296.0,17.74,0.371564917,65.93,10698756.0,0.0,0.0,65061.0,16106467.0,0.0,0.0,70138.0,0.0,0.0,0.0,0.0
2023-03-28 13:58:54.452000+00:00,11268096.0,36495360.0,41115648.0,41115648.0,17.82,0.371564917,66.01,10731322.0,0.0,0.0,65254.0,16151189.0,0.0,0.0,70348.0,0.0,0.0,0.0,0.0
2023-03-28 13:58:59.238000+00:00,11268096.0,36143104.0,40443904.0,40443904.0,17.83,0.371564917,66.04,10740986.0,0.0,0.0,65314.0,16151189.0,0.0,0.0,70348.0,0.0,0.0,0.0,0.0
2023-03-28 13:59:04.703000+00:00,11268096.0,35790848.0,40525824.0,40525824.0,17.86,0.371564917,66.1,10750347.0,0.0,0.0,65372.0,16180644.0,0.0,0.0,70476.0,0.0,0.0,0.0,0.0
2023-03-28 13:59:09.414000+00:00,11268096.0,35790848.0,40525824.0,40210432.0,17.86,0.371564917,66.1,10751150.0,0.0,0.0,65376.0,16185222.0,0.0,0.0,70481.0,0.0,0.0,0.0,0.0
2023-03-28 13:59:14.794000+00:00,11268096.0,36388864.0,41111552.0,41111552.0,17.89,0.371564917,66.21,10776897.0,0.0,0.0,65534.0,16218609.0,0.0,0.0,70649.0,0.0,0.0,0.0,0.0
2023-03-28 13:59:19.381000+00:00,11268096.0,36380672.0,40689664.0,40689664.0,17.9,0.371564917,66.22,10793992.0,0.0,0.0,65638.0,16241948.0,0.0,0.0,70760.0,0.0,0.0,0.0,0.0
2023-03-28 13:59:24.358000+00:00,11268096.0,36483072.0,40816640.0,40816640.0,17.9,0.371564917,66.23,10794795.0,0.0,0.0,65642.0,16246526.0,0.0,0.0,70765.0,0.0,0.0,0.0,0.0
2023-03-28 13:59:28.262000+00:00,11268096.0,36093952.0,40472576.0,40472576.0,17.96,0.371564917,66.34,10819456.0,0.0,0.0,65792.0,16278676.0,0.0,0.0,70927.0,0.0,0.0,0.0,0.0
2023-03-28 13:59:34.314000+00:00,11268096.0,36196352.0,40493056.0,40493056.0,17.96,0.371564917,66.35,10820259.0,0.0,0.0,65796.0,16283254.0,0.0,0.0,70932.0,0.0,0.0,0.0,0.0
2023-03-28 13:59:38.990000+00:00,11268096.0,36196352.0,40710144.0,40710144.0,17.98,0.371564917,66.41,10821062.0,0.0,0.0,65800.0,16287832.0,0.0,0.0,70937.0,0.0,0.0,0.0,0.0
2023-03-28 13:59:43.872000+00:00,11268096.0,36454400.0,40792064.0,40792064.0,17.99,0.371564917,66.46,10840102.0,0.0,0.0,65921.0,16313484.0,0.0,0.0,71062.0,0.0,0.0,0.0,0.0
2023-03-28 13:59:48.877000+00:00,11268096.0,36454400.0,40792064.0,40792064.0,18.03,0.371564917,66.46,10858109.0,0.0,0.0,66034.0,16337821.0,0.0,0.0,71179.0,0.0,0.0,0.0,0.0
2023-03-28 13:59:54.518000+00:00,11419648.0,36155392.0,40624128.0,40624128.0,18.05,0.371564917,66.61,10866603.0,0.0,0.0,66085.0,16351280.0,0.0,0.0,71235.0,0.0,0.0,0.0,0.0
2023-03-28 13:59:59.547000+00:00,11419648.0,36294656.0,40615936.0,40615936.0,18.08,0.371564917,66.67,10867490.0,0.0,0.0,66091.0,16355942.0,0.0,0.0,71242.0,0.0,0.0,0.0,0.0
2023-03-28 14:00:04.409000+00:00,11419648.0,35921920.0,40218624.0,40218624.0,18.09,0.371564917,66.76,10894034.0,0.0,0.0,66257.0,16390570.0,0.0,0.0,71421.0,0.0,0.0,0.0,0.0
2023-03-28 14:00:09.835000+00:00,11419648.0,36311040.0,40615936.0,40615936.0,18.12,0.371564917,66.87,10918892.0,0.0,0.0,66407.0,16422851.0,0.0,0.0,71582.0,0.0,0.0,0.0,0.0
2023-03-28 14:00:14.543000+00:00,11419648.0,36392960.0,40796160.0,40796160.0,18.14,0.371564917,66.91,10936954.0,0.0,0.0,66520.0,16447381.0,0.0,0.0,71701.0,0.0,0.0,0.0,0.0
2023-03-28 14:00:19.154000+00:00,11419648.0,36392960.0,40374272.0,40374272.0,18.16,0.371564917,67.0,10945408.0,0.0,0.0,66570.0,16460832.0,0.0,0.0,71757.0,0.0,0.0,0.0,0.0
2023-03-28 14:00:24.598000+00:00,11419648.0,36040704.0,40468480.0,40468480.0,18.17,0.371564917,67.04,10961572.0,0.0,0.0,66667.0,16482875.0,0.0,0.0,71859.0,0.0,0.0,0.0,0.0
2023-03-28 14:00:29.556000+00:00,11419648.0,36241408.0,40558592.0,40468480.0,18.18,0.371564917,67.1,10961572.0,0.0,0.0,66667.0,16482875.0,0.0,0.0,71859.0,0.0,0.0,0.0,0.0
2023-03-28 14:00:33.330000+00:00,11419648.0,36339712.0,40656896.0,40656896.0,18.18,0.371564917,67.11,10964032.0,0.0,0.0,66682.0,16493327.0,0.0,0.0,71879.0,0.0,0.0,0.0,0.0
2023-03-28 14:00:39.001000+00:00,11419648.0,36339712.0,40656896.0,40656896.0,18.21,0.371564917,67.23,10964032.0,0.0,0.0,66778.0,16515529.0,0.0,0.0,71983.0,0.0,0.0,0.0,0.0
2023-03-28 14:00:44.251000+00:00,11419648.0,35995648.0,40402944.0,40402944.0,18.22,0.371564917,67.25,10988765.0,0.0,0.0,66829.0,16528904.0,0.0,0.0,72037.0,0.0,0.0,0.0,0.0
2023-03-28 14:00:49.391000+00:00,11554816.0,35995648.0,42991616.0,42991616.0,18.22,0.371564917,67.28,10989568.0,0.0,0.0,66833.0,16533482.0,0.0,0.0,72042.0,0.0,0.0,0.0,0.0
2023-03-28 14:00:54.476000+00:00,11554816.0,36679680.0,41136128.0,41136128.0,18.26,0.371564917,67.32,10998246.0,0.0,0.0,66884.0,16547119.0,0.0,0.0,72098.0,0.0,0.0,0.0,0.0
2023-03-28 14:00:59.622000+00:00,11554816.0,36679680.0,41136128.0,41136128.0,18.27,0.371564917,67.37,10998246.0,0.0,0.0,66884.0,16547119.0,0.0,0.0,72098.0,0.0,0.0,0.0,0.0
2023-03-28 14:01:04.357000+00:00,11554816.0,35983360.0,40337408.0,40337408.0,18.3,0.371564917,67.43,11015458.0,0.0,0.0,66986.0,16574017.0,0.0,0.0,72207.0,0.0,0.0,0.0,0.0
2023-03-28 14:01:09.176000+00:00,11554816.0,35983360.0,40337408.0,40382464.0,18.3,0.371564917,67.43,11016261.0,0.0,0.0,66990.0,16578595.0,0.0,0.0,72212.0,0.0,0.0,0.0,0.0
2023-03-28 14:01:13.941000+00:00,11554816.0,36229120.0,40562688.0,40562688.0,18.32,0.371564917,67.49,11017064.0,0.0,0.0,66994.0,16583173.0,0.0,0.0,72217.0,0.0,0.0,0.0,0.0
2023-03-28 14:01:19.066000+00:00,11554816.0,36229120.0,40562688.0,40562688.0,18.32,0.371564917,67.5,11017064.0,0.0,0.0,66994.0,16583173.0,0.0,0.0,72222.0,0.0,0.0,0.0,0.0
2023-03-28 14:01:24.363000+00:00,11554816.0,35979264.0,40517632.0,40517632.0,18.36,0.371564917,67.57,11026369.0,0.0,0.0,67049.0,16600994.0,0.0,0.0,72275.0,0.0,0.0,0.0,0.0
2023-03-28 14:01:29.203000+00:00,11554816.0,35979264.0,40517632.0,40517632.0,18.36,0.371564917,67.6,11026369.0,0.0,0.0,67049.0,16600994.0,0.0,0.0,72275.0,0.0,0.0,0.0,0.0
2023-03-28 14:01:34.367000+00:00,11554816.0,35885056.0,40210432.0,40210432.0,18.4,0.371564917,67.7,11054638.0,0.0,0.0,67228.0,16641291.0,0.0,0.0,72466.0,0.0,0.0,0.0,0.0
2023-03-28 14:01:38.276000+00:00,11554816.0,35885056.0,40652800.0,40652800.0,18.42,0.371564917,67.74,11080649.0,0.0,0.0,67387.0,16674909.0,0.0,0.0,72634.0,0.0,0.0,0.0,0.0
2023-03-28 14:01:43.598000+00:00,11554816.0,36532224.0,40890368.0,40890368.0,18.44,0.371564917,67.81,11082302.0,0.0,0.0,67398.0,16680779.0,0.0,0.0,72649.0,0.0,0.0,0.0,0.0
2023-03-28 14:01:49.358000+00:00,11554816.0,36532224.0,40890368.0,40890368.0,18.44,0.371564917,67.85,11082302.0,0.0,0.0,67510.0,16705398.0,0.0,0.0,72770.0,0.0,0.0,0.0,0.0
2023-03-28 14:01:54.235000+00:00,11673600.0,35979264.0,40542208.0,40542208.0,18.5,0.371564917,67.95,11117542.0,0.0,0.0,67615.0,16728947.0,0.0,0.0,72882.0,0.0,0.0,0.0,0.0
2023-03-28 14:01:59.144000+00:00,11673600.0,35979264.0,40542208.0,40542208.0,18.5,0.371564917,67.98,11117542.0,0.0,0.0,67615.0,16728947.0,0.0,0.0,72882.0,0.0,0.0,0.0,0.0
2023-03-28 14:02:03.332000+00:00,11673600.0,36052992.0,40509440.0,40509440.0,18.52,0.371564917,68.04,11134734.0,0.0,0.0,67717.0,16755897.0,0.0,0.0,72992.0,0.0,0.0,0.0,0.0
2023-03-28 14:02:09.419000+00:00,11673600.0,36052992.0,40910848.0,40910848.0,18.53,0.371564917,68.05,11144127.0,0.0,0.0,67775.0,16770516.0,0.0,0.0,73055.0,0.0,0.0,0.0,0.0
2023-03-28 14:02:14.031000+00:00,11673600.0,36274176.0,40632320.0,40632320.0,18.56,0.371564917,68.12,11152621.0,0.0,0.0,67825.0,16783945.0,0.0,0.0,73110.0,0.0,0.0,0.0,0.0
2023-03-28 14:02:19.823000+00:00,11673600.0,36274176.0,40632320.0,40681472.0,18.56,0.371564917,68.12,11153424.0,0.0,0.0,67829.0,16788523.0,0.0,0.0,73115.0,0.0,0.0,0.0,0.0
2023-03-28 14:02:24.128000+00:00,11673600.0,36102144.0,40415232.0,40415232.0,18.6,0.371564917,68.2,11162782.0,0.0,0.0,67887.0,16803091.0,0.0,0.0,73178.0,0.0,0.0,0.0,0.0
2023-03-28 14:02:28.796000+00:00,11673600.0,36556800.0,40902656.0,40902656.0,18.6,0.371564917,68.2,11171248.0,0.0,0.0,67937.0,16816494.0,0.0,0.0,73233.0,0.0,0.0,0.0,0.0
2023-03-28 14:02:33.829000+00:00,11673600.0,35872768.0,40415232.0,40415232.0,18.61,0.371564917,68.27,11172051.0,0.0,0.0,67941.0,16821072.0,0.0,0.0,73238.0,0.0,0.0,0.0,0.0
2023-03-28 14:02:38.408000+00:00,11673600.0,35872768.0,40415232.0,40415232.0,18.63,0.371564917,68.29,11172051.0,0.0,0.0,67941.0,16821072.0,0.0,0.0,73293.0,0.0,0.0,0.0,0.0
2023-03-28 14:02:44.527000+00:00,11673600.0,36421632.0,40869888.0,40869888.0,18.66,0.371564917,68.38,11197996.0,0.0,0.0,68096.0,16858210.0,0.0,0.0,73405.0,0.0,0.0,0.0,0.0
2023-03-28 14:02:49.654000+00:00,11673600.0,36421632.0,40448000.0,40448000.0,18.66,0.371564917,68.38,11206490.0,0.0,0.0,68146.0,16871635.0,0.0,0.0,73460.0,0.0,0.0,0.0,0.0
2023-03-28 14:02:54.339000+00:00,11776000.0,36274176.0,41021440.0,41021440.0,18.69,0.371564917,68.5,11207347.0,0.0,0.0,68151.0,16876287.0,0.0,0.0,73466.0,0.0,0.0,0.0,0.0
2023-03-28 14:02:58.876000+00:00,11776000.0,35909632.0,41021440.0,41021440.0,18.7,0.371564917,68.52,11207347.0,0.0,0.0,68151.0,16876287.0,0.0,0.0,73466.0,0.0,0.0,0.0,0.0
2023-03-28 14:03:04.469000+00:00,11776000.0,36462592.0,40828928.0,40828928.0,18.72,0.371564917,68.56,11241524.0,0.0,0.0,68361.0,16923219.0,0.0,0.0,73694.0,0.0,0.0,0.0,0.0
2023-03-28 14:03:09.855000+00:00,11776000.0,36462592.0,40828928.0,40828928.0,18.74,0.372661337,68.62,11242327.0,0.0,0.0,68365.0,16927797.0,0.0,0.0,73699.0,0.0,0.0,0.0,0.0
2023-03-28 14:03:14.531000+00:00,11776000.0,36696064.0,41054208.0,41054208.0,18.75,0.372661337,68.62,11243130.0,0.0,0.0,68369.0,16932375.0,0.0,0.0,73704.0,0.0,0.0,0.0,0.0
2023-03-28 14:03:19.105000+00:00,11776000.0,36696064.0,40423424.0,40423424.0,18.77,0.372661337,68.68,11243933.0,0.0,0.0,68373.0,16936953.0,0.0,0.0,73709.0,0.0,0.0,0.0,0.0
2023-03-28 14:03:24.907000+00:00,11776000.0,36429824.0,40730624.0,40730624.0,18.78,0.372661337,68.71,11252429.0,0.0,0.0,68423.0,16950392.0,0.0,0.0,73764.0,0.0,0.0,0.0,0.0
2023-03-28 14:03:29.159000+00:00,11776000.0,36524032.0,40845312.0,40845312.0,18.81,0.372661337,68.82,11269436.0,0.0,0.0,68527.0,16973727.0,0.0,0.0,73876.0,0.0,0.0,0.0,0.0
2023-03-28 14:03:33.287000+00:00,11776000.0,36216832.0,40591360.0,40591360.0,18.82,0.372661337,68.83,11278824.0,0.0,0.0,68585.0,16988332.0,0.0,0.0,73939.0,0.0,0.0,0.0,0.0
2023-03-28 14:03:39.573000+00:00,11776000.0,36216832.0,40591360.0,40464384.0,18.86,0.372661337,68.92,11289244.0,0.0,0.0,68652.0,17004118.0,0.0,0.0,74009.0,0.0,0.0,0.0,0.0
2023-03-28 14:03:43.876000+00:00,11776000.0,36495360.0,40796160.0,40796160.0,18.86,0.372661337,68.94,11298601.0,0.0,0.0,68710.0,17018697.0,0.0,0.0,74072.0,0.0,0.0,0.0,0.0
2023-03-28 14:03:49.368000+00:00,11907072.0,36495360.0,40796160.0,40796160.0,18.89,0.372661337,69.04,11298601.0,0.0,0.0,68710.0,17018697.0,0.0,0.0,74233.0,0.0,0.0,0.0,0.0
2023-03-28 14:03:54.919000+00:00,11907072.0,36102144.0,40587264.0,40587264.0,18.93,0.372661337,69.11,11356601.0,0.0,0.0,69058.0,17092609.0,0.0,0.0,74444.0,0.0,0.0,0.0,0.0
2023-03-28 14:03:58.947000+00:00,11907072.0,36102144.0,40587264.0,40587264.0,18.96,0.372661337,69.2,11356601.0,0.0,0.0,69058.0,17092609.0,0.0,0.0,74444.0,0.0,0.0,0.0,0.0
2023-03-28 14:04:03.640000+00:00,11907072.0,36679680.0,41111552.0,41111552.0,18.97,0.372661337,69.24,11383430.0,0.0,0.0,69223.0,17130845.0,0.0,0.0,74620.0,0.0,0.0,0.0,0.0
2023-03-28 14:04:08.837000+00:00,11907072.0,36679680.0,41054208.0,41054208.0,19.01,0.372661337,69.32,11400598.0,0.0,0.0,69327.0,17154269.0,0.0,0.0,74731.0,0.0,0.0,0.0,0.0
2023-03-28 14:04:13.588000+00:00,11907072.0,35987456.0,40464384.0,40464384.0,19.01,0.372661337,69.33,11401401.0,0.0,0.0,69331.0,17158847.0,0.0,0.0,74736.0,0.0,0.0,0.0,0.0
2023-03-28 14:04:18.737000+00:00,11907072.0,35987456.0,40464384.0,40464384.0,19.03,0.372661337,69.39,11402204.0,0.0,0.0,69335.0,17163425.0,0.0,0.0,74741.0,0.0,0.0,0.0,0.0
2023-03-28 14:04:24.801000+00:00,11907072.0,36220928.0,40525824.0,40525824.0,19.03,0.372661337,69.4,11403007.0,0.0,0.0,69339.0,17168003.0,0.0,0.0,74746.0,0.0,0.0,0.0,0.0
2023-03-28 14:04:28.967000+00:00,11907072.0,35975168.0,40345600.0,40345600.0,19.06,0.372661337,69.48,11412379.0,0.0,0.0,69397.0,17182597.0,0.0,0.0,74809.0,0.0,0.0,0.0,0.0
2023-03-28 14:04:34.412000+00:00,11907072.0,36483072.0,40816640.0,40816640.0,19.07,0.372661337,69.5,11421797.0,0.0,0.0,69455.0,17197235.0,0.0,0.0,74872.0,0.0,0.0,0.0,0.0
2023-03-28 14:04:39.319000+00:00,11907072.0,36483072.0,40816640.0,40816640.0,19.09,0.372661337,69.56,11421797.0,0.0,0.0,69455.0,17197235.0,0.0,0.0,74877.0,0.0,0.0,0.0,0.0
2023-03-28 14:04:43.466000+00:00,11907072.0,36302848.0,40607744.0,40607744.0,19.09,0.372661337,69.58,11431935.0,0.0,0.0,69517.0,17216342.0,0.0,0.0,74940.0,0.0,0.0,0.0,0.0
2023-03-28 14:04:49.792000+00:00,12021760.0,36302848.0,40607744.0,40833024.0,19.11,0.372661337,69.58,11432738.0,0.0,0.0,69521.0,17220920.0,0.0,0.0,74945.0,0.0,0.0,0.0,0.0
2023-03-28 14:04:53.379000+00:00,12021760.0,36151296.0,40624128.0,40624128.0,19.12,0.372661337,69.66,11441452.0,0.0,0.0,69572.0,17234531.0,0.0,0.0,75000.0,0.0,0.0,0.0,0.0
2023-03-28 14:04:59.207000+00:00,12021760.0,36151296.0,40624128.0,40624128.0,19.13,0.372661337,69.68,11441452.0,0.0,0.0,69572.0,17234531.0,0.0,0.0,75000.0,0.0,1339492.0,0.0,0.0
2023-03-28 14:05:04.471000+00:00,12021760.0,36622336.0,40927232.0,40927232.0,19.16,0.372661337,69.83,11468829.0,0.0,0.0,69744.0,17273761.0,0.0,0.0,75186.0,0.0,0.0,0.0,0.0
2023-03-28 14:05:09.607000+00:00,12021760.0,36622336.0,40927232.0,40927232.0,19.16,0.372661337,69.89,11468829.0,0.0,0.0,69848.0,17297451.0,0.0,0.0,75299.0,0.0,0.0,0.0,0.0
2023-03-28 14:05:14.616000+00:00,12021760.0,36372480.0,40685568.0,40685568.0,19.18,0.372661337,69.97,11495513.0,0.0,0.0,69906.0,17312045.0,0.0,0.0,75362.0,0.0,0.0,0.0,0.0
2023-03-28 14:05:18.760000+00:00,12021760.0,36372480.0,40763392.0,40763392.0,19.18,0.372661337,69.97,11496316.0,0.0,0.0,69910.0,17316623.0,0.0,0.0,75367.0,0.0,0.0,0.0,0.0
2023-03-28 14:05:23.898000+00:00,12021760.0,36212736.0,40562688.0,40562688.0,19.21,0.372661337,70.04,11505704.0,0.0,0.0,69968.0,17331232.0,0.0,0.0,75430.0,0.0,0.0,0.0,0.0
2023-03-28 14:05:28.758000+00:00,12021760.0,36311040.0,40562688.0,40562688.0,19.21,0.372661337,70.05,11505704.0,0.0,0.0,69968.0,17331232.0,0.0,0.0,75430.0,0.0,0.0,0.0,0.0
2023-03-28 14:05:33.904000+00:00,12021760.0,35962880.0,40337408.0,40337408.0,19.24,0.372661337,70.12,11515013.0,0.0,0.0,70023.0,17349113.0,0.0,0.0,75489.0,0.0,0.0,0.0,0.0
2023-03-28 14:05:38.428000+00:00,12021760.0,35962880.0,40337408.0,40312832.0,19.24,0.372661337,70.19,11532171.0,0.0,0.0,70127.0,17372652.0,0.0,0.0,75602.0,0.0,0.0,0.0,0.0
2023-03-28 14:05:44.453000+00:00,12021760.0,36151296.0,40513536.0,40513536.0,19.26,0.372661337,70.26,11532974.0,0.0,0.0,70131.0,17377230.0,0.0,0.0,75607.0,0.0,0.0,0.0,0.0
2023-03-28 14:05:49.349000+00:00,12128256.0,36151296.0,40513536.0,40513536.0,19.26,0.372661337,70.28,11532974.0,0.0,0.0,70131.0,17377230.0,0.0,0.0,75670.0,0.0,0.0,0.0,0.0
2023-03-28 14:05:54.431000+00:00,12128256.0,36438016.0,40992768.0,40992768.0,19.3,0.372661337,70.38,11551989.0,0.0,0.0,70248.0,17406714.0,0.0,0.0,75734.0,0.0,0.0,0.0,0.0
2023-03-28 14:05:58.555000+00:00,12128256.0,36438016.0,40992768.0,40992768.0,19.3,0.372661337,70.38,11551989.0,0.0,0.0,70248.0,17406714.0,0.0,0.0,75734.0,0.0,0.0,0.0,0.0
2023-03-28 14:06:04.407000+00:00,12128256.0,36245504.0,40636416.0,40636416.0,19.32,0.372661337,70.47,11562205.0,0.0,0.0,70312.0,17425920.0,0.0,0.0,75804.0,0.0,0.0,0.0,0.0
2023-03-28 14:06:09.501000+00:00,12128256.0,36245504.0,40247296.0,40247296.0,19.33,0.372661337,70.48,11571604.0,0.0,0.0,70371.0,17440398.0,0.0,0.0,75866.0,0.0,0.0,0.0,0.0
2023-03-28 14:06:13.685000+00:00,12128256.0,36405248.0,40734720.0,40734720.0,19.36,0.372661337,70.56,11597359.0,0.0,0.0,70529.0,17473846.0,0.0,0.0,76035.0,0.0,0.0,0.0,0.0
2023-03-28 14:06:18.421000+00:00,12128256.0,36405248.0,40734720.0,40890368.0,19.37,0.372661337,70.63,11598162.0,0.0,0.0,70533.0,17478424.0,0.0,0.0,76040.0,0.0,0.0,0.0,0.0
2023-03-28 14:06:23.153000+00:00,12128256.0,35995648.0,40497152.0,40497152.0,19.38,0.372661337,70.64,11603806.0,0.0,0.0,70561.0,17488275.0,0.0,0.0,76069.0,0.0,0.0,0.0,0.0
2023-03-28 14:06:29.090000+00:00,12128256.0,35995648.0,40497152.0,40497152.0,19.41,0.372661337,70.74,11603806.0,0.0,0.0,70561.0,17488275.0,0.0,0.0,76069.0,0.0,0.0,0.0,0.0
2023-03-28 14:06:34.669000+00:00,12128256.0,36073472.0,40452096.0,40452096.0,19.42,0.372661337,70.8,11617771.0,0.0,0.0,70653.0,17512235.0,0.0,0.0,76171.0,0.0,0.0,0.0,0.0
2023-03-28 14:06:38.705000+00:00,12128256.0,36581376.0,40955904.0,40955904.0,19.44,0.372661337,70.81,11627355.0,0.0,0.0,70711.0,17527031.0,0.0,0.0,76234.0,0.0,0.0,0.0,0.0
2023-03-28 14:06:43.932000+00:00,12128256.0,35549184.0,39956480.0,39956480.0,19.47,0.372661337,71.01,11658876.0,0.0,0.0,70901.0,17566649.0,0.0,0.0,76433.0,0.0,0.0,0.0,0.0
2023-03-28 14:06:48.554000+00:00,12271616.0,35278848.0,39571456.0,39571456.0,19.5,0.372661337,71.08,11669290.0,0.0,0.0,70966.0,17582512.0,0.0,0.0,76505.0,0.0,0.0,0.0,0.0
2023-03-28 14:06:54.611000+00:00,12271616.0,35479552.0,39899136.0,39899136.0,19.52,0.372661337,71.1,11670147.0,0.0,0.0,70971.0,17587164.0,0.0,0.0,76511.0,0.0,0.0,0.0,0.0
2023-03-28 14:06:59.739000+00:00,12271616.0,36028416.0,40312832.0,39899136.0,19.54,0.372661337,71.17,11670147.0,0.0,0.0,70971.0,17587164.0,0.0,0.0,76511.0,0.0,0.0,0.0,0.0
2023-03-28 14:07:03.781000+00:00,12271616.0,35540992.0,39825408.0,39825408.0,19.56,0.372661337,71.23,11707055.0,0.0,0.0,71205.0,17637682.0,0.0,0.0,76763.0,0.0,0.0,0.0,0.0
2023-03-28 14:07:08.568000+00:00,12271616.0,35540992.0,39825408.0,39825408.0,19.6,0.372661337,71.33,11707055.0,0.0,0.0,71317.0,17662395.0,0.0,0.0,76884.0,0.0,0.0,0.0,0.0
2023-03-28 14:07:13.394000+00:00,12271616.0,35676160.0,40026112.0,40026112.0,19.62,0.372661337,71.35,11743097.0,0.0,0.0,71429.0,17686983.0,0.0,0.0,77004.0,0.0,0.0,0.0,0.0
2023-03-28 14:07:19.046000+00:00,12271616.0,35676160.0,40095744.0,40095744.0,19.63,0.372661337,71.35,11743900.0,0.0,0.0,71433.0,17691561.0,0.0,0.0,77009.0,0.0,0.0,0.0,0.0
2023-03-28 14:07:23.685000+00:00,12271616.0,35815424.0,40132608.0,40132608.0,19.64,0.372661337,71.46,11761011.0,0.0,0.0,71537.0,17715053.0,0.0,0.0,77122.0,0.0,0.0,0.0,0.0
2023-03-28 14:07:29.632000+00:00,12271616.0,35958784.0,40374272.0,40374272.0,19.65,0.372661337,71.53,11761814.0,0.0,0.0,71541.0,17719631.0,0.0,0.0,77127.0,0.0,0.0,0.0,0.0
2023-03-28 14:07:34.779000+00:00,12271616.0,35164160.0,39677952.0,39677952.0,19.65,0.372661337,71.54,11762617.0,0.0,0.0,71545.0,17724209.0,0.0,0.0,77132.0,0.0,0.0,0.0,0.0
2023-03-28 14:07:39.712000+00:00,12271616.0,35303424.0,39653376.0,39653376.0,19.67,0.372661337,71.54,11763420.0,0.0,0.0,71549.0,17728787.0,0.0,0.0,77137.0,0.0,0.0,0.0,0.0
2023-03-28 14:07:43.851000+00:00,12271616.0,35815424.0,40206336.0,40206336.0,19.68,0.372661337,71.62,11772769.0,0.0,0.0,71607.0,17743347.0,0.0,0.0,77200.0,0.0,0.0,0.0,0.0
2023-03-28 14:07:48.373000+00:00,12271616.0,35827712.0,40169472.0,40169472.0,19.71,0.372661337,71.72,11789904.0,0.0,0.0,71711.0,17766800.0,0.0,0.0,77312.0,0.0,0.0,0.0,0.0
2023-03-28 14:07:54.402000+00:00,12394496.0,35790848.0,40079360.0,40079360.0,19.74,0.372661337,71.75,11805272.0,0.0,0.0,71801.0,17787903.0,0.0,0.0,77409.0,0.0,0.0,0.0,0.0
2023-03-28 14:07:58.651000+00:00,12394496.0,35790848.0,40079360.0,40079360.0,19.77,0.372661337,71.83,11805272.0,0.0,0.0,71801.0,17787903.0,0.0,0.0,77409.0,0.0,0.0,0.0,0.0
2023-03-28 14:08:04.554000+00:00,12394496.0,35508224.0,39784448.0,39784448.0,19.77,0.372661337,71.85,11831729.0,0.0,0.0,71964.0,17826037.0,0.0,0.0,77588.0,0.0,0.0,0.0,0.0
2023-03-28 14:08:08.154000+00:00,12394496.0,35508224.0,40206336.0,40206336.0,19.79,0.372661337,71.91,11832532.0,0.0,0.0,71968.0,17830615.0,0.0,0.0,77593.0,0.0,0.0,0.0,0.0
2023-03-28 14:08:14.519000+00:00,12394496.0,35315712.0,39587840.0,39587840.0,19.79,0.372661337,71.93,11841887.0,0.0,0.0,72026.0,17845194.0,0.0,0.0,77656.0,0.0,0.0,0.0,0.0
2023-03-28 14:08:19.193000+00:00,12394496.0,35315712.0,39587840.0,39587840.0,19.81,0.372661337,71.99,11842690.0,0.0,0.0,72030.0,17849772.0,0.0,0.0,77661.0,0.0,0.0,0.0,0.0
2023-03-28 14:08:23.545000+00:00,12394496.0,35561472.0,39890944.0,39890944.0,19.81,0.372661337,72.0,11843493.0,0.0,0.0,72034.0,17854350.0,0.0,0.0,77666.0,0.0,0.0,0.0,0.0
2023-03-28 14:08:29.006000+00:00,12394496.0,35561472.0,39890944.0,39890944.0,19.83,0.372661337,72.06,11843493.0,0.0,0.0,72034.0,17854350.0,0.0,0.0,77666.0,0.0,0.0,0.0,0.0
2023-03-28 14:08:34.421000+00:00,12394496.0,35311616.0,39596032.0,39596032.0,19.84,0.372661337,72.08,11852746.0,0.0,0.0,72088.0,17872323.0,0.0,0.0,77726.0,0.0,0.0,0.0,0.0
2023-03-28 14:08:39.170000+00:00,12394496.0,35348480.0,39821312.0,39821312.0,19.86,0.372661337,72.17,11869051.0,0.0,0.0,72184.0,17894525.0,0.0,0.0,77828.0,0.0,0.0,0.0,0.0
2023-03-28 14:08:43.519000+00:00,12394496.0,35454976.0,39763968.0,39763968.0,19.86,0.372661337,72.18,11869854.0,0.0,0.0,72188.0,17899103.0,0.0,0.0,77833.0,0.0,0.0,0.0,0.0
2023-03-28 14:08:49.622000+00:00,12492800.0,35454976.0,39763968.0,39460864.0,19.89,0.372661337,72.25,11878328.0,0.0,0.0,72238.0,17912506.0,0.0,0.0,77888.0,0.0,0.0,0.0,0.0
2023-03-28 14:08:54.815000+00:00,12492800.0,35303424.0,39821312.0,39821312.0,19.91,0.372661337,72.26,11879185.0,0.0,0.0,72243.0,17917158.0,0.0,0.0,77894.0,0.0,0.0,0.0,0.0
2023-03-28 14:08:59.182000+00:00,12492800.0,35409920.0,39964672.0,39964672.0,19.91,0.372661337,72.27,11880072.0,0.0,0.0,72249.0,17921820.0,0.0,0.0,77901.0,0.0,0.0,0.0,0.0
2023-03-28 14:09:03.377000+00:00,12492800.0,35549184.0,39866368.0,39866368.0,19.92,0.372661337,72.34,11880875.0,0.0,0.0,72253.0,17926398.0,0.0,0.0,77906.0,0.0,0.0,0.0,0.0
2023-03-28 14:09:09.024000+00:00,12492800.0,35549184.0,39866368.0,39866368.0,19.92,0.372661337,72.34,11880875.0,0.0,0.0,72257.0,17930976.0,0.0,0.0,77911.0,0.0,0.0,0.0,0.0
2023-03-28 14:09:13.525000+00:00,12492800.0,35307520.0,39682048.0,39682048.0,19.94,0.372661337,72.42,11890118.0,0.0,0.0,72307.0,17944345.0,0.0,0.0,77966.0,0.0,0.0,0.0,0.0
2023-03-28 14:09:19.300000+00:00,12492800.0,35307520.0,40148992.0,40148992.0,19.95,0.372661337,72.46,11914907.0,0.0,0.0,72457.0,17976677.0,0.0,0.0,78129.0,0.0,0.0,0.0,0.0
2023-03-28 14:09:24.230000+00:00,12492800.0,35704832.0,40108032.0,40108032.0,19.98,0.372661337,72.58,11948122.0,0.0,0.0,72661.0,18018800.0,0.0,0.0,78349.0,0.0,0.0,0.0,0.0
2023-03-28 14:09:29.382000+00:00,12492800.0,35704832.0,40108032.0,40108032.0,19.99,0.372661337,72.61,11948122.0,0.0,0.0,72661.0,18018800.0,0.0,0.0,78349.0,0.0,0.0,0.0,0.0
2023-03-28 14:09:34.519000+00:00,12492800.0,35708928.0,40271872.0,40271872.0,20.03,0.372661337,72.75,11997876.0,0.0,0.0,72962.0,18083351.0,0.0,0.0,78671.0,0.0,0.0,0.0,0.0
2023-03-28 14:09:38.529000+00:00,12492800.0,35708928.0,40271872.0,40259584.0,20.03,0.372661337,72.8,12015213.0,0.0,0.0,73067.0,18106888.0,0.0,0.0,78782.0,0.0,0.0,0.0,0.0
2023-03-28 14:09:44.689000+00:00,12492800.0,35426304.0,39718912.0,39718912.0,20.04,0.372661337,72.88,12023675.0,0.0,0.0,73117.0,18120299.0,0.0,0.0,78837.0,0.0,0.0,0.0,0.0
2023-03-28 14:09:48.847000+00:00,12660736.0,35426304.0,39718912.0,39718912.0,20.06,0.372661337,72.92,12023675.0,0.0,0.0,73117.0,18120299.0,0.0,0.0,78837.0,0.0,0.0,0.0,0.0
2023-03-28 14:09:54.854000+00:00,12660736.0,35155968.0,39522304.0,39522304.0,20.09,0.372661337,73.01,12049552.0,0.0,0.0,73273.0,18157331.0,0.0,0.0,79004.0,0.0,0.0,0.0,0.0
2023-03-28 14:09:59.136000+00:00,12660736.0,35155968.0,39522304.0,39522304.0,20.09,0.372661337,73.02,12049552.0,0.0,0.0,73273.0,18157331.0,0.0,0.0,79004.0,0.0,0.0,0.0,0.0
2023-03-28 14:10:04.045000+00:00,12660736.0,35397632.0,39698432.0,39698432.0,20.12,0.372661337,73.08,12051242.0,0.0,0.0,73283.0,18166571.0,0.0,0.0,79016.0,0.0,0.0,0.0,0.0
2023-03-28 14:10:09.674000+00:00,12660736.0,35397632.0,39383040.0,39383040.0,20.12,0.372661337,73.1,12061484.0,0.0,0.0,73349.0,18182309.0,0.0,0.0,79087.0,0.0,0.0,0.0,0.0
2023-03-28 14:10:13.965000+00:00,12660736.0,35606528.0,39976960.0,39976960.0,20.14,0.372661337,73.18,12069930.0,0.0,0.0,73399.0,18195694.0,0.0,0.0,79142.0,0.0,0.0,0.0,0.0
2023-03-28 14:10:18.132000+00:00,12660736.0,35606528.0,39976960.0,39976960.0,20.14,0.372661337,73.19,12069930.0,0.0,0.0,73403.0,18200272.0,0.0,0.0,79147.0,0.0,0.0,0.0,0.0
2023-03-28 14:10:23.161000+00:00,12660736.0,35422208.0,39714816.0,39714816.0,20.16,0.372661337,73.33,12095431.0,0.0,0.0,73553.0,18232514.0,0.0,0.0,79310.0,0.0,0.0,0.0,0.0
2023-03-28 14:10:29.020000+00:00,12660736.0,35422208.0,39714816.0,39714816.0,20.17,0.372661337,73.38,12095431.0,0.0,0.0,73553.0,18232514.0,0.0,0.0,79310.0,0.0,0.0,0.0,0.0
2023-03-28 14:10:33.578000+00:00,12660736.0,35512320.0,39809024.0,39809024.0,20.2,0.372661337,73.46,12129641.0,0.0,0.0,73761.0,18279467.0,0.0,0.0,79536.0,0.0,0.0,0.0,0.0
2023-03-28 14:10:38.338000+00:00,12660736.0,35614720.0,39940096.0,39940096.0,20.2,0.372661337,73.46,12130444.0,0.0,0.0,73765.0,18284045.0,0.0,0.0,79541.0,0.0,0.0,0.0,0.0
2023-03-28 14:10:44.796000+00:00,12660736.0,35282944.0,39563264.0,39563264.0,20.23,0.372661337,73.56,12138962.0,0.0,0.0,73816.0,18297370.0,0.0,0.0,79595.0,0.0,0.0,0.0,0.0
2023-03-28 14:10:49.133000+00:00,12771328.0,35733504.0,40087552.0,40087552.0,20.23,0.372661337,73.6,12147450.0,0.0,0.0,73866.0,18310801.0,0.0,0.0,79650.0,0.0,0.0,0.0,0.0
2023-03-28 14:10:54.602000+00:00,12771328.0,35954688.0,40235008.0,40235008.0,20.26,0.373164083,73.67,12148307.0,0.0,0.0,73871.0,18315453.0,0.0,0.0,79656.0,0.0,0.0,0.0,0.0
2023-03-28 14:10:59.516000+00:00,12771328.0,35954688.0,40235008.0,40235008.0,20.26,0.373164083,73.72,12148307.0,0.0,0.0,73871.0,18315453.0,0.0,0.0,79656.0,0.0,0.0,0.0,0.0
2023-03-28 14:11:04.862000+00:00,12771328.0,35307520.0,39596032.0,39596032.0,20.26,0.373164083,73.8,12166350.0,0.0,0.0,73982.0,18343649.0,0.0,0.0,79777.0,0.0,0.0,0.0,0.0
2023-03-28 14:11:08.727000+00:00,12771328.0,35307520.0,39596032.0,39596032.0,20.26,0.373164083,73.81,12166350.0,0.0,0.0,73986.0,18348227.0,0.0,0.0,79782.0,0.0,0.0,0.0,0.0
2023-03-28 14:11:13.458000+00:00,12771328.0,35426304.0,39743488.0,39743488.0,20.26,0.373164083,73.84,12184129.0,0.0,0.0,74090.0,18371497.0,0.0,0.0,79894.0,0.0,0.0,0.0,0.0
2023-03-28 14:11:19.405000+00:00,12771328.0,35426304.0,40017920.0,40017920.0,20.32,0.373164083,73.84,12220407.0,0.0,0.0,74318.0,18417432.0,0.0,0.0,80136.0,0.0,0.0,0.0,0.0
2023-03-28 14:11:24.285000+00:00,12771328.0,35733504.0,40132608.0,40132608.0,20.34,0.373164083,74.02,12221210.0,0.0,0.0,74322.0,18422010.0,0.0,0.0,80141.0,0.0,0.0,0.0,0.0
2023-03-28 14:11:28.806000+00:00,12771328.0,35348480.0,39628800.0,39628800.0,20.35,0.373164083,74.04,12229712.0,0.0,0.0,74373.0,18435319.0,0.0,0.0,80141.0,0.0,0.0,0.0,0.0
2023-03-28 14:11:34.173000+00:00,12771328.0,35446784.0,39763968.0,39763968.0,20.35,0.373164083,74.05,12230515.0,0.0,0.0,74377.0,18439897.0,0.0,0.0,80200.0,0.0,0.0,0.0,0.0
2023-03-28 14:11:38.405000+00:00,12771328.0,35446784.0,39763968.0,40165376.0,20.38,0.373164083,74.05,12255041.0,0.0,0.0,74512.0,18470104.0,0.0,0.0,80330.0,0.0,0.0,0.0,0.0
2023-03-28 14:11:44.522000+00:00,12771328.0,35270656.0,39833600.0,39833600.0,20.4,0.373164083,74.19,12275148.0,0.0,0.0,74656.0,18497827.0,0.0,0.0,80479.0,0.0,0.0,0.0,0.0
2023-03-28 14:11:48.139000+00:00,12935168.0,35270656.0,39833600.0,39833600.0,20.42,0.373164083,74.31,12275148.0,0.0,0.0,74656.0,18532068.0,0.0,0.0,80650.0,0.0,0.0,0.0,0.0
2023-03-28 14:11:53.752000+00:00,12935168.0,35131392.0,39653376.0,39653376.0,20.44,0.373164083,74.32,12302674.0,0.0,0.0,74827.0,18536720.0,0.0,0.0,80656.0,0.0,0.0,0.0,0.0
2023-03-28 14:11:59.315000+00:00,12935168.0,35131392.0,39653376.0,39653376.0,20.47,0.373164083,74.43,12302674.0,0.0,0.0,74827.0,18536720.0,0.0,0.0,80656.0,0.0,0.0,0.0,0.0
2023-03-28 14:12:04.424000+00:00,12935168.0,35442688.0,39751680.0,39751680.0,20.47,0.373164083,74.44,12322607.0,0.0,0.0,74953.0,18567368.0,0.0,0.0,80792.0,0.0,0.0,0.0,0.0
2023-03-28 14:12:09.483000+00:00,12935168.0,35442688.0,40017920.0,40017920.0,20.49,0.373164083,74.49,12323410.0,0.0,0.0,74957.0,18571946.0,0.0,0.0,80797.0,0.0,0.0,0.0,0.0
2023-03-28 14:12:13.997000+00:00,12935168.0,35135488.0,39456768.0,39456768.0,20.51,0.373164083,74.5,12332032.0,0.0,0.0,75007.0,18585509.0,0.0,0.0,80852.0,0.0,0.0,0.0,0.0
2023-03-28 14:12:18.218000+00:00,12935168.0,35135488.0,39456768.0,39763968.0,20.53,0.373164083,74.56,12332835.0,0.0,0.0,75011.0,18590087.0,0.0,0.0,80857.0,0.0,0.0,0.0,0.0
2023-03-28 14:12:24.127000+00:00,12935168.0,35364864.0,39768064.0,39768064.0,20.53,0.373164083,74.6,12349844.0,0.0,0.0,75115.0,18613478.0,0.0,0.0,80970.0,0.0,0.0,0.0,0.0
2023-03-28 14:12:29.089000+00:00,12935168.0,35852288.0,40189952.0,40189952.0,20.56,0.373164083,74.66,12358322.0,0.0,0.0,75165.0,18626881.0,0.0,0.0,81025.0,0.0,0.0,0.0,0.0
2023-03-28 14:12:33.803000+00:00,12935168.0,35401728.0,39718912.0,39718912.0,20.57,0.373164083,74.73,12383051.0,0.0,0.0,75316.0,18658699.0,0.0,0.0,81182.0,0.0,0.0,0.0,0.0
2023-03-28 14:12:39.092000+00:00,12935168.0,35401728.0,39718912.0,39718912.0,20.58,0.373164083,74.8,12383051.0,0.0,0.0,75316.0,18658699.0,0.0,0.0,81187.0,0.0,0.0,0.0,0.0
2023-03-28 14:12:43.748000+00:00,12935168.0,35635200.0,39981056.0,39981056.0,20.58,0.373164083,74.8,12384657.0,0.0,0.0,75324.0,18667855.0,0.0,0.0,81192.0,0.0,0.0,0.0,0.0
2023-03-28 14:12:49.281000+00:00,13037568.0,35635200.0,39940096.0,39940096.0,20.6,0.373164083,74.9,12400856.0,0.0,0.0,75420.0,18689961.0,0.0,0.0,81294.0,0.0,0.0,0.0,0.0
2023-03-28 14:12:54.540000+00:00,13037568.0,35352576.0,39624704.0,39624704.0,20.63,0.373164083,74.96,12426533.0,0.0,0.0,75579.0,18723467.0,0.0,0.0,81466.0,0.0,0.0,0.0,0.0
2023-03-28 14:12:59.806000+00:00,13037568.0,35352576.0,39624704.0,39624704.0,20.64,0.445216088,74.96,12426533.0,0.0,0.0,75579.0,18723467.0,0.0,0.0,81466.0,0.0,0.0,0.0,0.0
2023-03-28 14:13:04.303000+00:00,13037568.0,35864576.0,40267776.0,40267776.0,20.65,0.445216088,75.09,12452283.0,0.0,0.0,75735.0,18760402.0,0.0,0.0,81634.0,0.0,0.0,0.0,0.0
2023-03-28 14:13:08.848000+00:00,13037568.0,35864576.0,40267776.0,42889216.0,20.66,0.445295943,75.15,12460719.0,0.0,0.0,75785.0,18773781.0,0.0,0.0,81689.0,0.0,0.0,0.0,0.0
2023-03-28 14:13:14.792000+00:00,13037568.0,35135488.0,39546880.0,39546880.0,20.68,0.445295943,75.18,12469231.0,0.0,0.0,75835.0,18787100.0,0.0,0.0,81742.0,0.0,0.0,0.0,0.0
2023-03-28 14:13:19.869000+00:00,13037568.0,35266560.0,39546880.0,39546880.0,20.69,0.445295943,75.24,12469231.0,0.0,0.0,75835.0,18787100.0,0.0,0.0,81747.0,0.0,0.0,0.0,0.0
2023-03-28 14:13:24.385000+00:00,13037568.0,35774464.0,40128512.0,40128512.0,20.7,0.445295943,75.27,12479415.0,0.0,0.0,75897.0,18806273.0,0.0,0.0,81810.0,0.0,0.0,0.0,0.0
2023-03-28 14:13:29.078000+00:00,13037568.0,35516416.0,39792640.0,39792640.0,20.7,0.445295943,75.29,12489674.0,0.0,0.0,75963.0,18806273.0,0.0,0.0,81810.0,0.0,0.0,0.0,0.0
2023-03-28 14:13:34.462000+00:00,13037568.0,35651584.0,39923712.0,39923712.0,20.72,0.445295943,75.42,12507682.0,0.0,0.0,76075.0,18846687.0,0.0,0.0,82002.0,0.0,0.0,0.0,0.0
2023-03-28 14:13:38.679000+00:00,13037568.0,35385344.0,39845888.0,39845888.0,20.73,0.445295943,75.43,12516144.0,0.0,0.0,76125.0,18860022.0,0.0,0.0,82056.0,0.0,0.0,0.0,0.0
2023-03-28 14:13:44.137000+00:00,13037568.0,36052992.0,40464384.0,40464384.0,20.76,0.445295943,75.5,12529418.0,0.0,0.0,76199.0,18878605.0,0.0,0.0,82134.0,0.0,0.0,0.0,0.0
2023-03-28 14:13:48.997000+00:00,13037568.0,36052992.0,40464384.0,40464384.0,20.78,0.445295943,75.54,12529418.0,0.0,0.0,76279.0,18897014.0,0.0,0.0,82224.0,0.0,0.0,0.0,0.0
2023-03-28 14:13:54.035000+00:00,13185024.0,35811328.0,40357888.0,40357888.0,20.81,0.445295943,75.61,12550318.0,0.0,0.0,76330.0,18910479.0,0.0,0.0,82280.0,0.0,0.0,0.0,0.0
2023-03-28 14:13:59.066000+00:00,13185024.0,36188160.0,40529920.0,40529920.0,20.85,0.445295943,75.75,12575332.0,0.0,0.0,76482.0,18943037.0,0.0,0.0,82445.0,0.0,0.0,0.0,0.0
2023-03-28 14:14:04.120000+00:00,13185024.0,35921920.0,40325120.0,40325120.0,20.88,0.445295943,75.83,12585823.0,0.0,0.0,76548.0,18959042.0,0.0,0.0,82516.0,0.0,0.0,0.0,0.0
2023-03-28 14:14:08.283000+00:00,13185024.0,35921920.0,40374272.0,40374272.0,20.88,0.445295943,75.83,12586626.0,0.0,0.0,76552.0,18963620.0,0.0,0.0,82521.0,0.0,0.0,0.0,0.0
2023-03-28 14:14:13.422000+00:00,13185024.0,36089856.0,40435712.0,40435712.0,20.9,0.445548112,75.92,12604513.0,0.0,0.0,76664.0,18988166.0,0.0,0.0,82642.0,0.0,0.0,0.0,0.0
2023-03-28 14:14:19.211000+00:00,13185024.0,36192256.0,40529920.0,40529920.0,20.9,0.445548112,75.92,12605316.0,0.0,0.0,76668.0,18992744.0,0.0,0.0,82647.0,0.0,0.0,0.0,0.0
2023-03-28 14:14:24.638000+00:00,13185024.0,36151296.0,40480768.0,40480768.0,20.93,0.445548112,76.0,12621697.0,0.0,0.0,76764.0,19015238.0,0.0,0.0,82752.0,0.0,0.0,0.0,0.0
2023-03-28 14:14:29.450000+00:00,13185024.0,35729408.0,40030208.0,40480768.0,20.93,0.445548112,76.01,12621697.0,0.0,0.0,76764.0,19015238.0,0.0,0.0,82752.0,0.0,0.0,0.0,0.0
2023-03-28 14:14:33.792000+00:00,13185024.0,35872768.0,40316928.0,40316928.0,20.96,0.445548112,76.07,12630956.0,0.0,0.0,76818.0,19033217.0,0.0,0.0,82812.0,0.0,0.0,0.0,0.0
2023-03-28 14:14:39.029000+00:00,13185024.0,35872768.0,40316928.0,40316928.0,20.96,0.445548112,76.12,12630956.0,0.0,0.0,76922.0,19056531.0,0.0,0.0,82924.0,0.0,0.0,0.0,0.0
2023-03-28 14:14:44.671000+00:00,13185024.0,35983360.0,40484864.0,40484864.0,20.98,0.445548112,76.18,12648780.0,0.0,0.0,76926.0,19061109.0,0.0,0.0,82929.0,0.0,0.0,0.0,0.0
2023-03-28 14:14:49.740000+00:00,13185024.0,35983360.0,40493056.0,40493056.0,20.98,0.445548112,76.18,12649583.0,0.0,0.0,76930.0,19065687.0,0.0,0.0,82934.0,0.0,0.0,0.0,0.0
2023-03-28 14:14:53.898000+00:00,13299712.0,36327424.0,40767488.0,40767488.0,21.02,0.445548112,76.25,12650440.0,0.0,0.0,76935.0,19070339.0,0.0,0.0,82940.0,0.0,0.0,0.0,0.0
2023-03-28 14:14:59.846000+00:00,13299712.0,35917824.0,40271872.0,40271872.0,21.03,0.445548112,76.3,12660118.0,0.0,0.0,76995.0,19085245.0,0.0,0.0,82940.0,0.0,0.0,0.0,0.0
2023-03-28 14:15:04.872000+00:00,13299712.0,35958784.0,40304640.0,40304640.0,21.07,0.445548112,76.43,12695398.0,0.0,0.0,77215.0,19130011.0,0.0,0.0,83241.0,0.0,0.0,0.0,0.0
2023-03-28 14:15:09.892000+00:00,13299712.0,35958784.0,40304640.0,40636416.0,21.08,0.445548112,76.43,12721510.0,0.0,0.0,77373.0,19163975.0,0.0,0.0,83412.0,0.0,0.0,0.0,0.0
2023-03-28 14:15:14.327000+00:00,13299712.0,35590144.0,40198144.0,40198144.0,21.1,0.445548112,76.55,12722313.0,0.0,0.0,77377.0,19168553.0,0.0,0.0,83417.0,0.0,0.0,0.0,0.0
2023-03-28 14:15:19.275000+00:00,13299712.0,35590144.0,40198144.0,40198144.0,21.11,0.445548112,76.57,12722313.0,0.0,0.0,77377.0,19168553.0,0.0,0.0,83480.0,0.0,0.0,0.0,0.0
2023-03-28 14:15:24.020000+00:00,13299712.0,36200448.0,40546304.0,40546304.0,21.11,0.445548112,76.58,12732520.0,0.0,0.0,77439.0,19187752.0,0.0,0.0,83485.0,0.0,0.0,0.0,0.0
2023-03-28 14:15:28.979000+00:00,13299712.0,36200448.0,40546304.0,40546304.0,21.13,0.445548112,76.58,12732520.0,0.0,0.0,77439.0,19187752.0,0.0,0.0,83485.0,0.0,0.0,0.0,0.0
2023-03-28 14:15:33.953000+00:00,13299712.0,35848192.0,40230912.0,40230912.0,21.14,0.445548112,76.7,12758131.0,0.0,0.0,77594.0,19224550.0,0.0,0.0,83652.0,0.0,0.0,0.0,0.0
2023-03-28 14:15:38.463000+00:00,13299712.0,35987456.0,40292352.0,40292352.0,21.16,0.446055651,76.77,12758934.0,0.0,0.0,77598.0,19229128.0,0.0,0.0,83657.0,0.0,0.0,0.0,0.0
2023-03-28 14:15:44.763000+00:00,13299712.0,35561472.0,39890944.0,39890944.0,21.17,0.446055651,76.82,12783928.0,0.0,0.0,77749.0,19261421.0,0.0,0.0,83817.0,0.0,0.0,0.0,0.0
2023-03-28 14:15:49.030000+00:00,13443072.0,35561472.0,39890944.0,40009728.0,21.18,0.446114687,76.88,12784731.0,0.0,0.0,77753.0,19265999.0,0.0,0.0,83822.0,0.0,0.0,0.0,0.0
2023-03-28 14:15:54.715000+00:00,13443072.0,35950592.0,40464384.0,40464384.0,21.22,0.446114687,76.96,12820841.0,0.0,0.0,77982.0,19311978.0,0.0,0.0,84068.0,0.0,0.0,0.0,0.0
2023-03-28 14:15:58.227000+00:00,13443072.0,35950592.0,40464384.0,40464384.0,21.23,0.446114687,77.06,12820841.0,0.0,0.0,77982.0,19311978.0,0.0,0.0,84068.0,0.0,0.0,0.0,0.0
2023-03-28 14:16:03.617000+00:00,13443072.0,36126720.0,40435712.0,40435712.0,21.24,0.446114687,77.07,12839034.0,0.0,0.0,78092.0,19340332.0,0.0,0.0,84188.0,0.0,0.0,0.0,0.0
2023-03-28 14:16:09.466000+00:00,13443072.0,36126720.0,40435712.0,40435712.0,21.28,0.446114687,77.19,12839034.0,0.0,0.0,78313.0,19384503.0,0.0,0.0,84417.0,0.0,0.0,0.0,0.0
2023-03-28 14:16:14.141000+00:00,13443072.0,35885056.0,40189952.0,40189952.0,21.28,0.446114687,77.21,12882769.0,0.0,0.0,78363.0,19397942.0,0.0,0.0,84472.0,0.0,0.0,0.0,0.0
2023-03-28 14:16:18.923000+00:00,13443072.0,35885056.0,40329216.0,40329216.0,21.31,0.446114687,77.27,12883572.0,0.0,0.0,78367.0,19402520.0,0.0,0.0,84477.0,0.0,0.0,0.0,0.0
2023-03-28 14:16:22.965000+00:00,13443072.0,35598336.0,40157184.0,40157184.0,21.32,0.446114687,77.28,12892042.0,0.0,0.0,78417.0,19415931.0,0.0,0.0,84532.0,0.0,0.0,0.0,0.0
2023-03-28 14:16:28.990000+00:00,13443072.0,35737600.0,40075264.0,40075264.0,21.33,0.446114687,77.35,12892845.0,0.0,0.0,78421.0,19420509.0,0.0,0.0,84532.0,0.0,0.0,0.0,0.0
2023-03-28 14:16:33.872000+00:00,13443072.0,35758080.0,40161280.0,40161280.0,21.33,0.446114687,77.38,12909172.0,0.0,0.0,78517.0,19442945.0,0.0,0.0,84642.0,0.0,0.0,0.0,0.0
2023-03-28 14:16:39.717000+00:00,13443072.0,35758080.0,40161280.0,40611840.0,21.35,0.446114687,77.46,12918578.0,0.0,0.0,78575.0,19457566.0,0.0,0.0,84705.0,0.0,0.0,0.0,0.0
2023-03-28 14:16:44.660000+00:00,13443072.0,35561472.0,40030208.0,40030208.0,21.35,0.446114687,77.47,12919381.0,0.0,0.0,78579.0,19462144.0,0.0,0.0,84710.0,0.0,0.0,0.0,0.0
2023-03-28 14:16:48.870000+00:00,13443072.0,35561472.0,40030208.0,40030208.0,21.38,0.446114687,77.55,12919381.0,0.0,0.0,78579.0,19462144.0,0.0,0.0,84797.0,0.0,0.0,0.0,0.0
2023-03-28 14:16:54.842000+00:00,13590528.0,36073472.0,40452096.0,40452096.0,21.41,0.446114687,77.62,12960497.0,0.0,0.0,78827.0,19516440.0,0.0,0.0,84973.0,0.0,0.0,0.0,0.0
2023-03-28 14:16:59.290000+00:00,13590528.0,36073472.0,40452096.0,40452096.0,21.44,0.446114687,77.73,12960497.0,0.0,0.0,78827.0,19516440.0,0.0,0.0,84973.0,0.0,0.0,0.0,0.0
2023-03-28 14:17:04.407000+00:00,13590528.0,36319232.0,40628224.0,40628224.0,21.44,0.446114687,77.73,12979571.0,0.0,0.0,78945.0,19545891.0,0.0,0.0,85100.0,0.0,0.0,0.0,0.0
2023-03-28 14:17:09.867000+00:00,13590528.0,36319232.0,40333312.0,40333312.0,21.47,0.446114687,77.8,12988970.0,0.0,0.0,79003.0,19560501.0,0.0,0.0,85163.0,0.0,0.0,0.0,0.0
2023-03-28 14:17:13.678000+00:00,13590528.0,36282368.0,40656896.0,40656896.0,21.47,0.446114687,77.82,12994725.0,0.0,0.0,79031.0,19570249.0,0.0,0.0,85191.0,0.0,0.0,0.0,0.0
2023-03-28 14:17:18.711000+00:00,13590528.0,36282368.0,40656896.0,40611840.0,21.51,0.446114687,77.89,13005880.0,0.0,0.0,79103.0,19587215.0,0.0,0.0,85272.0,0.0,0.0,0.0,0.0
2023-03-28 14:17:23.930000+00:00,13590528.0,35835904.0,40181760.0,40181760.0,21.52,0.446114687,77.91,13015316.0,0.0,0.0,79162.0,19601743.0,0.0,0.0,85334.0,0.0,0.0,0.0,0.0
2023-03-28 14:17:29.623000+00:00,13590528.0,35835904.0,40181760.0,40181760.0,21.57,0.446114687,78.04,13015316.0,0.0,0.0,79162.0,19601743.0,0.0,0.0,85334.0,0.0,0.0,0.0,0.0
2023-03-28 14:17:33.429000+00:00,13590528.0,35991552.0,40312832.0,40312832.0,21.57,0.446114687,78.04,13049614.0,0.0,0.0,79371.0,19648217.0,0.0,0.0,85552.0,0.0,0.0,0.0,0.0
2023-03-28 14:17:39.117000+00:00,13590528.0,35991552.0,40312832.0,40312832.0,21.58,0.446114687,78.07,13049614.0,0.0,0.0,79375.0,19652795.0,0.0,0.0,85557.0,0.0,0.0,0.0,0.0
2023-03-28 14:17:43.857000+00:00,13590528.0,36233216.0,40583168.0,40583168.0,21.58,0.446114687,78.12,13051220.0,0.0,0.0,79379.0,19657373.0,0.0,0.0,85562.0,0.0,0.0,0.0,0.0
2023-03-28 14:17:48.692000+00:00,13729792.0,36233216.0,40341504.0,40341504.0,21.58,0.446114687,78.14,13059830.0,0.0,0.0,79429.0,19670926.0,0.0,0.0,85617.0,0.0,0.0,0.0,0.0
2023-03-28 14:17:53.695000+00:00,13729792.0,36057088.0,40411136.0,40411136.0,21.62,0.446114687,78.24,13060729.0,0.0,0.0,79435.0,19675620.0,0.0,0.0,85624.0,0.0,0.0,0.0,0.0
2023-03-28 14:17:59.871000+00:00,13729792.0,36057088.0,40411136.0,40411136.0,21.62,0.446114687,78.27,13060729.0,0.0,0.0,79435.0,19675620.0,0.0,0.0,85624.0,0.0,0.0,0.0,0.0
2023-03-28 14:18:04.443000+00:00,13729792.0,35782656.0,40087552.0,40087552.0,21.64,0.446114687,78.36,13086471.0,0.0,0.0,79591.0,19712618.0,0.0,0.0,85793.0,0.0,0.0,0.0,0.0
2023-03-28 14:18:09.735000+00:00,13729792.0,35782656.0,40087552.0,40591360.0,21.65,0.446114687,78.36,13095820.0,0.0,0.0,79649.0,19727173.0,0.0,0.0,85856.0,0.0,0.0,0.0,0.0
2023-03-28 14:18:14.024000+00:00,13729792.0,36012032.0,40337408.0,40337408.0,21.67,0.446114687,78.48,13105258.0,0.0,0.0,79707.0,19741827.0,0.0,0.0,85919.0,0.0,0.0,0.0,0.0
2023-03-28 14:18:18.597000+00:00,13729792.0,36012032.0,40337408.0,40337408.0,21.68,0.446114687,78.5,13105258.0,0.0,0.0,79707.0,19741827.0,0.0,0.0,85974.0,0.0,0.0,0.0,0.0
2023-03-28 14:18:24.180000+00:00,13729792.0,35700736.0,40005632.0,40005632.0,21.68,0.446114687,78.6,13130911.0,0.0,0.0,79861.0,19778679.0,0.0,0.0,86085.0,0.0,0.0,0.0,0.0
2023-03-28 14:18:28.935000+00:00,13729792.0,35700736.0,40005632.0,40005632.0,21.68,0.446114687,78.62,13130911.0,0.0,0.0,79861.0,19778679.0,0.0,0.0,86085.0,0.0,0.0,0.0,0.0
2023-03-28 14:18:34.155000+00:00,13729792.0,35823616.0,40140800.0,40140800.0,21.71,0.446114687,78.7,13147991.0,0.0,0.0,79961.0,19805571.0,0.0,0.0,86194.0,0.0,0.0,0.0,0.0
2023-03-28 14:18:39.063000+00:00,13729792.0,36335616.0,40751104.0,40751104.0,21.72,0.446114687,78.72,13157334.0,0.0,0.0,80019.0,19820126.0,0.0,0.0,86257.0,0.0,0.0,0.0,0.0
2023-03-28 14:18:44.543000+00:00,13729792.0,36339712.0,40751104.0,40751104.0,21.73,0.446114687,78.81,13173607.0,0.0,0.0,80115.0,19842430.0,0.0,0.0,86361.0,0.0,0.0,0.0,0.0
2023-03-28 14:18:49.047000+00:00,13864960.0,36339712.0,40751104.0,40411136.0,21.74,0.446114687,78.88,13200336.0,0.0,0.0,80281.0,19877254.0,0.0,0.0,86540.0,0.0,0.0,0.0,0.0
2023-03-28 14:18:54.743000+00:00,13864960.0,36200448.0,40501248.0,40501248.0,21.79,0.446114687,78.99,13217516.0,0.0,0.0,80386.0,19900779.0,0.0,0.0,86653.0,0.0,0.0,0.0,0.0
2023-03-28 14:18:59.216000+00:00,13864960.0,35823616.0,40333312.0,40333312.0,21.8,0.446114687,79.01,13226036.0,0.0,0.0,80438.0,19914238.0,0.0,0.0,86710.0,0.0,0.0,0.0,0.0
2023-03-28 14:19:04.334000+00:00,13864960.0,36200448.0,40521728.0,40521728.0,21.83,0.446114687,79.13,13249850.0,0.0,0.0,80580.0,19945253.0,0.0,0.0,86864.0,0.0,0.0,0.0,0.0
2023-03-28 14:19:08.881000+00:00,13864960.0,36200448.0,40521728.0,40521728.0,21.84,0.446114687,79.16,13249850.0,0.0,0.0,80685.0,19968724.0,0.0,0.0,86975.0,0.0,0.0,0.0,0.0
2023-03-28 14:19:14.421000+00:00,13864960.0,36020224.0,40439808.0,40439808.0,21.88,0.446114687,79.27,13294789.0,0.0,0.0,80859.0,20004758.0,0.0,0.0,87162.0,0.0,0.0,0.0,0.0
2023-03-28 14:19:19.462000+00:00,13864960.0,36114432.0,40435712.0,40435712.0,21.88,0.446114687,79.27,13295592.0,0.0,0.0,80863.0,20009336.0,0.0,0.0,87167.0,0.0,0.0,0.0,0.0
2023-03-28 14:19:24.109000+00:00,13864960.0,36253696.0,40587264.0,40587264.0,21.91,0.446114687,79.33,13296395.0,0.0,0.0,80867.0,20013914.0,0.0,0.0,87172.0,0.0,0.0,0.0,0.0
2023-03-28 14:19:28.560000+00:00,13864960.0,35872768.0,40177664.0,40177664.0,21.92,0.446114687,79.36,13304939.0,0.0,0.0,80918.0,20027185.0,0.0,0.0,87172.0,0.0,0.0,0.0,0.0
2023-03-28 14:19:34.346000+00:00,13864960.0,36012032.0,40476672.0,40476672.0,21.94,0.446114687,79.42,13305742.0,0.0,0.0,80922.0,20031763.0,0.0,0.0,87230.0,0.0,0.0,0.0,0.0
2023-03-28 14:19:38.906000+00:00,13864960.0,36012032.0,40476672.0,40402944.0,21.94,0.446114687,79.44,13321919.0,0.0,0.0,81018.0,20053967.0,0.0,0.0,87334.0,0.0,0.0,0.0,0.0
2023-03-28 14:19:44.746000+00:00,13864960.0,36458496.0,40931328.0,40931328.0,21.96,0.446114687,79.51,13330393.0,0.0,0.0,81068.0,20067378.0,0.0,0.0,87389.0,0.0,0.0,0.0,0.0
2023-03-28 14:19:49.014000+00:00,14020608.0,36458496.0,40931328.0,40931328.0,21.97,0.446114687,79.53,13330393.0,0.0,0.0,81068.0,20067378.0,0.0,0.0,87443.0,0.0,0.0,0.0,0.0
2023-03-28 14:19:54.472000+00:00,14020608.0,36356096.0,40890368.0,40890368.0,22.02,0.446114687,79.62,13355358.0,0.0,0.0,81217.0,20102687.0,0.0,0.0,87541.0,0.0,0.0,0.0,0.0
2023-03-28 14:19:59.349000+00:00,14020608.0,36356096.0,40890368.0,40890368.0,22.02,0.446114687,79.64,13355358.0,0.0,0.0,81217.0,20102687.0,0.0,0.0,87541.0,0.0,0.0,0.0,0.0
2023-03-28 14:20:04.726000+00:00,14020608.0,36618240.0,41107456.0,41107456.0,22.04,0.446114687,79.72,13374143.0,0.0,0.0,81335.0,20131894.0,0.0,0.0,87669.0,0.0,0.0,0.0,0.0
2023-03-28 14:20:08.395000+00:00,14020608.0,36618240.0,40992768.0,40992768.0,22.04,0.446114687,79.76,13391211.0,0.0,0.0,81439.0,20155354.0,0.0,0.0,87782.0,0.0,0.0,0.0,0.0
2023-03-28 14:20:13.265000+00:00,14020608.0,35876864.0,40353792.0,40353792.0,22.04,0.446114687,79.77,13392014.0,0.0,0.0,81443.0,20159932.0,0.0,0.0,87787.0,0.0,0.0,0.0,0.0
2023-03-28 14:20:19.338000+00:00,14020608.0,35876864.0,40353792.0,40972288.0,22.09,0.446114687,79.9,13418739.0,0.0,0.0,81609.0,20194405.0,0.0,0.0,87961.0,0.0,0.0,0.0,0.0
2023-03-28 14:20:24.002000+00:00,14020608.0,36253696.0,40554496.0,40554496.0,22.09,0.446114687,79.92,13428152.0,0.0,0.0,81668.0,20208892.0,0.0,0.0,88023.0,0.0,0.0,0.0,0.0
2023-03-28 14:20:29.262000+00:00,14020608.0,36384768.0,40697856.0,40697856.0,22.12,0.446114687,79.98,13428955.0,0.0,0.0,81672.0,20213470.0,0.0,0.0,88028.0,0.0,0.0,0.0,0.0
2023-03-28 14:20:34.356000+00:00,14020608.0,36397056.0,40783872.0,40783872.0,22.13,0.446114687,80.0,13446164.0,0.0,0.0,81776.0,20237011.0,0.0,0.0,88140.0,0.0,0.0,0.0,0.0
2023-03-28 14:20:39.607000+00:00,14020608.0,36397056.0,40783872.0,40783872.0,22.14,0.446114687,80.07,13446164.0,0.0,0.0,81780.0,20241589.0,0.0,0.0,88145.0,0.0,0.0,0.0,0.0
2023-03-28 14:20:44.146000+00:00,14020608.0,36630528.0,40943616.0,40943616.0,22.14,0.446114687,80.08,13447770.0,0.0,0.0,81784.0,20246167.0,0.0,0.0,88150.0,0.0,0.0,0.0,0.0
2023-03-28 14:20:49.519000+00:00,14020608.0,36630528.0,41078784.0,41078784.0,22.16,0.446114687,80.08,13448573.0,0.0,0.0,81788.0,20250745.0,0.0,0.0,88155.0,0.0,0.0,0.0,0.0
2023-03-28 14:20:54.446000+00:00,14135296.0,36478976.0,40833024.0,40833024.0,22.18,0.446114687,80.18,13457089.0,0.0,0.0,81839.0,20264224.0,0.0,0.0,88211.0,0.0,0.0,0.0,0.0
2023-03-28 14:20:59.299000+00:00,14135296.0,36204544.0,40833024.0,40833024.0,22.21,0.446114687,80.25,13457089.0,0.0,0.0,81839.0,20264224.0,0.0,0.0,88211.0,0.0,0.0,0.0,0.0
2023-03-28 14:21:04.127000+00:00,14135296.0,36302848.0,40775680.0,40775680.0,22.21,0.446114687,80.25,13467353.0,0.0,0.0,81903.0,20283480.0,0.0,0.0,88281.0,0.0,0.0,0.0,0.0
2023-03-28 14:21:08.671000+00:00,14135296.0,36302848.0,40775680.0,40943616.0,22.25,0.446114687,80.33,13484434.0,0.0,0.0,82007.0,20306802.0,0.0,0.0,88392.0,0.0,0.0,0.0,0.0
2023-03-28 14:21:13.545000+00:00,14135296.0,35876864.0,40542208.0,40542208.0,22.28,0.446114687,80.44,13492978.0,0.0,0.0,82058.0,20320149.0,0.0,0.0,88446.0,0.0,0.0,0.0,0.0
2023-03-28 14:21:19.396000+00:00,14135296.0,35876864.0,40542208.0,40542208.0,22.3,0.446114687,80.53,13492978.0,0.0,0.0,82108.0,20333562.0,0.0,0.0,88501.0,0.0,0.0,0.0,0.0
2023-03-28 14:21:24.771000+00:00,14135296.0,36483072.0,40783872.0,40783872.0,22.3,0.446114687,80.54,13502251.0,0.0,0.0,82112.0,20338140.0,0.0,0.0,88506.0,0.0,0.0,0.0,0.0
2023-03-28 14:21:29.460000+00:00,14135296.0,36483072.0,40783872.0,40783872.0,22.31,0.446114687,80.61,13502251.0,0.0,0.0,82112.0,20338140.0,0.0,0.0,88506.0,0.0,0.0,0.0,0.0
2023-03-28 14:21:33.872000+00:00,14135296.0,36605952.0,40960000.0,40960000.0,22.32,0.446114687,80.65,13520291.0,0.0,0.0,82220.0,20366225.0,0.0,0.0,88622.0,0.0,0.0,0.0,0.0
2023-03-28 14:21:38.862000+00:00,14135296.0,36622336.0,41086976.0,41086976.0,22.35,0.446114687,80.74,13537370.0,0.0,0.0,82325.0,20389679.0,0.0,0.0,88736.0,0.0,0.0,0.0,0.0
2023-03-28 14:21:44.634000+00:00,14135296.0,36601856.0,41074688.0,41074688.0,22.35,0.446114687,80.76,13554413.0,0.0,0.0,82429.0,20413032.0,0.0,0.0,88848.0,0.0,0.0,0.0,0.0
2023-03-28 14:21:49.130000+00:00,14135296.0,36601856.0,41074688.0,40542208.0,22.38,0.446114687,80.76,13580215.0,0.0,0.0,82587.0,20446524.0,0.0,0.0,89017.0,0.0,0.0,0.0,0.0
2023-03-28 14:21:54.667000+00:00,14270464.0,36601856.0,40988672.0,40988672.0,22.4,0.446114687,80.9,13586025.0,0.0,0.0,82616.0,20456351.0,0.0,0.0,89046.0,0.0,0.0,0.0,0.0
2023-03-28 14:21:58.688000+00:00,14270464.0,36601856.0,40988672.0,40988672.0,22.42,0.446114687,80.96,13586025.0,0.0,0.0,82616.0,20456351.0,0.0,0.0,89046.0,0.0,0.0,0.0,0.0
2023-03-28 14:22:04.749000+00:00,14270464.0,36511744.0,40837120.0,40837120.0,22.44,0.446114687,81.0,13598076.0,0.0,0.0,82694.0,20478056.0,0.0,0.0,89135.0,0.0,0.0,0.0,0.0
2023-03-28 14:22:08.918000+00:00,14270464.0,36511744.0,40837120.0,40837120.0,22.45,0.446114687,81.0,13598076.0,0.0,0.0,82698.0,20482634.0,0.0,0.0,89140.0,0.0,0.0,0.0,0.0
2023-03-28 14:22:14.835000+00:00,14270464.0,36302848.0,40620032.0,40620032.0,22.48,0.446114687,81.08,13608238.0,0.0,0.0,82756.0,20497214.0,0.0,0.0,89203.0,0.0,0.0,0.0,0.0
2023-03-28 14:22:19.079000+00:00,14270464.0,36827136.0,41132032.0,41132032.0,22.48,0.446114687,81.1,13617626.0,0.0,0.0,82814.0,20511818.0,0.0,0.0,89266.0,0.0,0.0,0.0,0.0
2023-03-28 14:22:24.633000+00:00,14270464.0,36347904.0,40878080.0,40878080.0,22.51,0.446114687,81.2,13642490.0,0.0,0.0,82964.0,20544172.0,0.0,0.0,89428.0,0.0,0.0,0.0,0.0
2023-03-28 14:22:28.541000+00:00,14270464.0,36347904.0,40878080.0,40878080.0,22.51,0.446114687,81.21,13642490.0,0.0,0.0,82964.0,20544172.0,0.0,0.0,89428.0,0.0,0.0,0.0,0.0
2023-03-28 14:22:34.860000+00:00,14270464.0,37015552.0,41373696.0,41373696.0,22.53,0.446114687,81.28,13652644.0,0.0,0.0,83026.0,20563319.0,0.0,0.0,89496.0,0.0,0.0,0.0,0.0
2023-03-28 14:22:38.611000+00:00,14270464.0,36233216.0,40681472.0,40681472.0,22.53,0.446114687,81.29,13653447.0,0.0,0.0,83030.0,20567897.0,0.0,0.0,89501.0,0.0,0.0,0.0,0.0
2023-03-28 14:22:44.261000+00:00,14270464.0,36839424.0,41156608.0,41156608.0,22.56,0.446114687,81.36,13663914.0,0.0,0.0,83096.0,20583863.0,0.0,0.0,89572.0,0.0,0.0,0.0,0.0
2023-03-28 14:22:48.802000+00:00,14368768.0,36839424.0,41156608.0,41156608.0,22.58,0.446114687,81.42,13663914.0,0.0,0.0,83200.0,20607348.0,0.0,0.0,89685.0,0.0,0.0,0.0,0.0
2023-03-28 14:22:53.728000+00:00,14368768.0,36184064.0,40681472.0,40681472.0,22.63,0.446114687,81.47,13681865.0,0.0,0.0,83205.0,20612000.0,0.0,0.0,89691.0,0.0,0.0,0.0,0.0
2023-03-28 14:22:59.650000+00:00,14368768.0,36184064.0,40681472.0,40681472.0,22.65,0.446114687,81.49,13681865.0,0.0,0.0,83205.0,20612000.0,0.0,0.0,89691.0,0.0,0.0,0.0,0.0
2023-03-28 14:23:03.963000+00:00,14368768.0,36732928.0,41062400.0,41062400.0,22.68,0.446114687,81.57,13708879.0,0.0,0.0,83369.0,20650513.0,0.0,0.0,89867.0,0.0,0.0,0.0,0.0
2023-03-28 14:23:08.229000+00:00,14368768.0,36732928.0,41062400.0,41062400.0,22.68,0.446114687,81.57,13708879.0,0.0,0.0,83369.0,20650513.0,0.0,0.0,89872.0,0.0,0.0,0.0,0.0
2023-03-28 14:23:13.003000+00:00,14368768.0,36139008.0,40493056.0,40493056.0,22.7,0.446114687,81.62,13710485.0,0.0,0.0,83377.0,20659669.0,0.0,0.0,89877.0,0.0,0.0,0.0,0.0
2023-03-28 14:23:19.603000+00:00,14368768.0,36139008.0,40816640.0,40816640.0,22.71,0.446114687,81.67,13735275.0,0.0,0.0,83527.0,20691921.0,0.0,0.0,90039.0,0.0,0.0,0.0,0.0
2023-03-28 14:23:24.807000+00:00,14368768.0,36720640.0,41029632.0,41029632.0,22.75,0.446114687,81.78,13753233.0,0.0,0.0,83639.0,20716530.0,0.0,0.0,90160.0,0.0,0.0,0.0,0.0
2023-03-28 14:23:28.908000+00:00,14368768.0,36720640.0,41029632.0,41029632.0,22.77,0.446114687,81.78,13753233.0,0.0,0.0,83639.0,20716530.0,0.0,0.0,90160.0,0.0,0.0,0.0,0.0
2023-03-28 14:23:34.622000+00:00,14368768.0,36495360.0,40865792.0,40865792.0,22.78,0.446114687,81.9,13779922.0,0.0,0.0,83801.0,20754836.0,0.0,0.0,90336.0,0.0,0.0,0.0,0.0
2023-03-28 14:23:39.342000+00:00,14368768.0,36495360.0,40865792.0,40865792.0,22.79,0.446114687,81.92,13779922.0,0.0,0.0,83859.0,20769430.0,0.0,0.0,90399.0,0.0,0.0,0.0,0.0
2023-03-28 14:23:43.582000+00:00,14368768.0,36323328.0,40660992.0,40660992.0,22.81,0.446114687,81.99,13790093.0,0.0,0.0,83863.0,20774008.0,0.0,0.0,90404.0,0.0,0.0,0.0,0.0
2023-03-28 14:23:48.304000+00:00,14503936.0,36839424.0,40660992.0,40660992.0,22.81,0.446114687,82.02,13790093.0,0.0,0.0,83863.0,20774008.0,0.0,0.0,90467.0,0.0,0.0,0.0,0.0
2023-03-28 14:23:53.260000+00:00,14503936.0,36945920.0,41316352.0,41316352.0,22.84,0.446114687,82.11,13816012.0,0.0,0.0,84018.0,20811289.0,0.0,0.0,90573.0,0.0,0.0,0.0,0.0
2023-03-28 14:23:58.651000+00:00,14503936.0,36589568.0,40894464.0,40894464.0,22.85,0.446114687,82.12,13824864.0,0.0,0.0,84018.0,20811289.0,0.0,0.0,90573.0,0.0,0.0,0.0,0.0
2023-03-28 14:24:04.479000+00:00,14503936.0,36708352.0,41254912.0,41254912.0,22.9,0.446114687,82.21,13843081.0,0.0,0.0,84183.0,20849760.0,0.0,0.0,90749.0,0.0,0.0,0.0,0.0
2023-03-28 14:24:08.695000+00:00,14503936.0,36708352.0,41111552.0,41111552.0,22.9,0.446114687,82.22,13843884.0,0.0,0.0,84187.0,20854338.0,0.0,0.0,90754.0,0.0,0.0,0.0,0.0
2023-03-28 14:24:13.819000+00:00,14503936.0,36950016.0,41308160.0,41308160.0,22.92,0.446114687,82.28,13844687.0,0.0,0.0,84191.0,20858916.0,0.0,0.0,90759.0,0.0,0.0,0.0,0.0
2023-03-28 14:24:18.714000+00:00,14503936.0,36950016.0,41308160.0,40562688.0,22.92,0.446114687,82.29,13845490.0,0.0,0.0,84195.0,20863494.0,0.0,0.0,90764.0,0.0,0.0,0.0,0.0
2023-03-28 14:24:23.738000+00:00,14503936.0,36724736.0,41336832.0,41336832.0,22.94,0.446114687,82.36,13853938.0,0.0,0.0,84245.0,20876869.0,0.0,0.0,90819.0,0.0,0.0,0.0,0.0
2023-03-28 14:24:29.826000+00:00,14503936.0,36724736.0,41336832.0,41336832.0,22.95,0.446114687,82.37,13853938.0,0.0,0.0,84245.0,20876869.0,0.0,0.0,90819.0,0.0,0.0,0.0,0.0
2023-03-28 14:24:34.821000+00:00,14503936.0,36270080.0,40607744.0,40607744.0,22.98,0.446114687,82.45,13876871.0,0.0,0.0,84377.0,20910116.0,0.0,0.0,90959.0,0.0,0.0,0.0,0.0
2023-03-28 14:24:38.675000+00:00,14503936.0,36270080.0,40607744.0,40607744.0,22.98,0.446114687,82.45,13876871.0,0.0,0.0,84377.0,20910116.0,0.0,0.0,90990.0,0.0,0.0,0.0,0.0
2023-03-28 14:24:44.564000+00:00,14503936.0,36683776.0,41328640.0,41328640.0,23.0,0.446114687,82.52,13881235.0,0.0,0.0,84408.0,20922910.0,0.0,0.0,90996.0,0.0,0.0,0.0,0.0
2023-03-28 14:24:49.158000+00:00,14618624.0,36683776.0,40730624.0,40730624.0,23.01,0.446114687,82.58,13908949.0,0.0,0.0,84583.0,20958615.0,0.0,0.0,91178.0,0.0,0.0,0.0,0.0
2023-03-28 14:24:54.306000+00:00,14618624.0,36593664.0,41406464.0,41406464.0,23.06,0.446114687,82.67,13926248.0,0.0,0.0,84688.0,20982319.0,0.0,0.0,91292.0,0.0,0.0,0.0,0.0
2023-03-28 14:24:59.379000+00:00,14618624.0,36175872.0,41406464.0,41406464.0,23.06,0.446114687,82.69,13926248.0,0.0,0.0,84688.0,20982319.0,0.0,0.0,91292.0,0.0,0.0,0.0,0.0
2023-03-28 14:25:04.029000+00:00,14618624.0,36319232.0,40853504.0,40853504.0,23.08,0.446114687,82.74,13935621.0,0.0,0.0,84744.0,21000410.0,0.0,0.0,91354.0,0.0,0.0,0.0,0.0
2023-03-28 14:25:08.435000+00:00,14618624.0,36352000.0,40738816.0,40738816.0,23.08,0.446114687,82.78,13952276.0,0.0,0.0,84841.0,21022996.0,0.0,0.0,91457.0,0.0,0.0,0.0,0.0
2023-03-28 14:25:14.102000+00:00,14618624.0,36847616.0,41492480.0,41492480.0,23.1,0.446114687,82.85,13960742.0,0.0,0.0,84891.0,21036341.0,0.0,0.0,91511.0,0.0,0.0,0.0,0.0
2023-03-28 14:25:18.779000+00:00,14618624.0,36384768.0,41492480.0,41492480.0,23.1,0.446114687,82.88,13960742.0,0.0,0.0,84891.0,21036341.0,0.0,0.0,91566.0,0.0,0.0,0.0,0.0
2023-03-28 14:25:24.764000+00:00,14618624.0,36515840.0,41119744.0,41119744.0,23.12,0.446114687,82.96,13970007.0,0.0,0.0,84945.0,21054324.0,0.0,0.0,91571.0,0.0,0.0,0.0,0.0
2023-03-28 14:25:28.609000+00:00,14618624.0,36515840.0,41119744.0,41119744.0,23.12,0.446114687,82.96,13970007.0,0.0,0.0,84945.0,21054324.0,0.0,0.0,91571.0,0.0,0.0,0.0,0.0
2023-03-28 14:25:33.603000+00:00,14618624.0,36708352.0,41058304.0,41058304.0,23.14,0.446114687,83.0,13988810.0,0.0,0.0,85061.0,21083105.0,0.0,0.0,91690.0,0.0,0.0,0.0,0.0
2023-03-28 14:25:39.113000+00:00,14618624.0,36708352.0,40812544.0,40812544.0,23.17,0.446114687,83.07,13999034.0,0.0,0.0,85127.0,21098819.0,0.0,0.0,91761.0,0.0,0.0,0.0,0.0
2023-03-28 14:25:43.513000+00:00,14618624.0,36589568.0,40935424.0,40935424.0,23.17,0.446114687,83.07,13999837.0,0.0,0.0,85131.0,21103397.0,0.0,0.0,91766.0,0.0,0.0,0.0,0.0
2023-03-28 14:25:49.767000+00:00,14618624.0,36581376.0,40988672.0,40988672.0,23.2,0.446114687,83.21,14033138.0,0.0,0.0,85335.0,21145225.0,0.0,0.0,91980.0,0.0,0.0,0.0,0.0
2023-03-28 14:25:54.103000+00:00,14725120.0,36356096.0,40787968.0,40787968.0,23.21,0.446114687,83.25,14042726.0,0.0,0.0,85394.0,21160060.0,0.0,0.0,92044.0,0.0,0.0,0.0,0.0
2023-03-28 14:25:59.206000+00:00,14725120.0,36491264.0,40816640.0,40816640.0,23.22,0.446114687,83.32,14043613.0,0.0,0.0,85400.0,21164722.0,0.0,0.0,92051.0,0.0,0.0,0.0,0.0
2023-03-28 14:26:04.676000+00:00,14725120.0,36515840.0,40857600.0,40857600.0,23.23,0.446114687,83.36,14060668.0,0.0,0.0,85504.0,21188160.0,0.0,0.0,92164.0,0.0,0.0,0.0,0.0
2023-03-28 14:26:09.302000+00:00,14725120.0,36515840.0,40857600.0,40857600.0,23.26,0.446114687,83.42,14060668.0,0.0,0.0,85508.0,21192738.0,0.0,0.0,92169.0,0.0,0.0,0.0,0.0
2023-03-28 14:26:14.158000+00:00,14725120.0,36749312.0,41074688.0,41074688.0,23.26,0.446114687,83.42,14062274.0,0.0,0.0,85512.0,21197316.0,0.0,0.0,92174.0,0.0,0.0,0.0,0.0
2023-03-28 14:26:19.472000+00:00,14725120.0,36749312.0,40783872.0,40783872.0,23.27,0.446114687,83.42,14070728.0,0.0,0.0,85562.0,21210701.0,0.0,0.0,92229.0,0.0,0.0,0.0,0.0
2023-03-28 14:26:24.240000+00:00,14725120.0,36462592.0,40980480.0,40980480.0,23.28,0.446114687,83.55,14088624.0,0.0,0.0,85674.0,21235256.0,0.0,0.0,92350.0,0.0,0.0,0.0,0.0
2023-03-28 14:26:29.658000+00:00,14725120.0,36601856.0,40980480.0,40980480.0,23.3,0.446114687,83.62,14088624.0,0.0,0.0,85674.0,21235256.0,0.0,0.0,92350.0,0.0,0.0,0.0,0.0
2023-03-28 14:26:33.939000+00:00,14725120.0,36696064.0,41156608.0,41156608.0,23.3,0.446114687,83.62,14090230.0,0.0,0.0,85682.0,21244412.0,0.0,0.0,92360.0,0.0,0.0,0.0,0.0
2023-03-28 14:26:38.816000+00:00,14725120.0,36696064.0,41304064.0,41304064.0,23.32,0.446114687,83.75,14107329.0,0.0,0.0,85786.0,21267897.0,0.0,0.0,92473.0,0.0,0.0,0.0,0.0
2023-03-28 14:26:43.471000+00:00,14725120.0,36622336.0,40972288.0,40972288.0,23.34,0.446114687,83.77,14115813.0,0.0,0.0,85836.0,21281326.0,0.0,0.0,92528.0,0.0,0.0,0.0,0.0
2023-03-28 14:26:48.925000+00:00,14860288.0,36622336.0,40972288.0,40972288.0,23.36,0.446114687,83.85,14115813.0,0.0,0.0,85956.0,21307334.0,0.0,0.0,92657.0,0.0,0.0,0.0,0.0
2023-03-28 14:26:54.533000+00:00,14860288.0,36933632.0,41373696.0,41373696.0,23.4,0.446114687,83.88,14152041.0,0.0,0.0,86062.0,21330708.0,0.0,0.0,92769.0,0.0,0.0,0.0,0.0
2023-03-28 14:26:59.709000+00:00,14860288.0,36933632.0,41373696.0,41373696.0,23.43,0.446114687,83.98,14152041.0,0.0,0.0,86062.0,21330708.0,0.0,0.0,92769.0,0.0,0.0,0.0,0.0
2023-03-28 14:27:04.073000+00:00,14860288.0,36753408.0,41185280.0,41185280.0,23.45,0.446114687,84.0,14179536.0,0.0,0.0,86234.0,21369945.0,0.0,0.0,92953.0,0.0,0.0,0.0,0.0
2023-03-28 14:27:09.497000+00:00,14860288.0,36753408.0,40845312.0,40845312.0,23.47,0.446114687,84.08,14188895.0,0.0,0.0,86292.0,21384523.0,0.0,0.0,93016.0,0.0,0.0,0.0,0.0
2023-03-28 14:27:14.188000+00:00,14860288.0,36560896.0,40914944.0,40914944.0,23.47,0.446114687,84.09,14189698.0,0.0,0.0,86296.0,21389101.0,0.0,0.0,93021.0,0.0,0.0,0.0,0.0
2023-03-28 14:27:18.602000+00:00,14860288.0,36216832.0,40697856.0,40697856.0,23.5,0.446114687,84.09,14198226.0,0.0,0.0,86346.0,21402562.0,0.0,0.0,93076.0,0.0,0.0,0.0,0.0
2023-03-28 14:27:24.500000+00:00,14860288.0,36663296.0,40968192.0,40968192.0,23.5,0.446114687,84.17,14206670.0,0.0,0.0,86396.0,21415887.0,0.0,0.0,93130.0,0.0,0.0,0.0,0.0
2023-03-28 14:27:28.816000+00:00,14860288.0,36339712.0,40652800.0,40968192.0,23.51,0.446114687,84.26,14206670.0,0.0,0.0,86396.0,21415887.0,0.0,0.0,93130.0,0.0,0.0,0.0,0.0
2023-03-28 14:27:33.876000+00:00,14860288.0,36433920.0,40738816.0,40738816.0,23.51,0.446114687,84.26,14215939.0,0.0,0.0,86450.0,21433860.0,0.0,0.0,93190.0,0.0,0.0,0.0,0.0
2023-03-28 14:27:39.051000+00:00,14860288.0,36433920.0,40738816.0,40738816.0,23.53,0.446114687,84.32,14216742.0,0.0,0.0,86454.0,21438438.0,0.0,0.0,93195.0,0.0,0.0,0.0,0.0
2023-03-28 14:27:42.983000+00:00,14860288.0,36663296.0,41070592.0,41070592.0,23.53,0.446114687,84.32,14217545.0,0.0,0.0,86458.0,21443016.0,0.0,0.0,93200.0,0.0,0.0,0.0,0.0
2023-03-28 14:27:49.223000+00:00,14946304.0,36663296.0,41070592.0,41070592.0,23.55,0.446114687,84.38,14217545.0,0.0,0.0,86458.0,21443016.0,0.0,0.0,93205.0,0.0,0.0,0.0,0.0
2023-03-28 14:27:54.574000+00:00,14946304.0,36986880.0,41439232.0,41439232.0,23.56,0.446114687,84.39,14219205.0,0.0,0.0,86467.0,21452246.0,0.0,0.0,93211.0,0.0,0.0,0.0,0.0
2023-03-28 14:27:58.998000+00:00,14946304.0,36249600.0,41439232.0,41439232.0,23.6,0.446114687,84.44,14219205.0,0.0,0.0,86467.0,21452246.0,0.0,0.0,93211.0,0.0,0.0,0.0,0.0
2023-03-28 14:28:03.912000+00:00,14946304.0,36696064.0,41005056.0,41005056.0,23.6,0.446114687,84.46,14228566.0,0.0,0.0,86523.0,21470313.0,0.0,0.0,93273.0,0.0,0.0,0.0,0.0
2023-03-28 14:28:09.729000+00:00,14946304.0,36835328.0,41316352.0,41316352.0,23.62,0.446114687,84.52,14229411.0,0.0,0.0,86528.0,21474933.0,0.0,0.0,93279.0,0.0,0.0,0.0,0.0
2023-03-28 14:28:13.897000+00:00,14946304.0,36929536.0,41254912.0,41254912.0,23.62,0.446114687,84.53,14230214.0,0.0,0.0,86532.0,21479511.0,0.0,0.0,93284.0,0.0,0.0,0.0,0.0
2023-03-28 14:28:19.750000+00:00,14946304.0,36929536.0,41254912.0,41254912.0,23.64,0.446114687,84.67,14230214.0,0.0,0.0,86636.0,21502924.0,0.0,0.0,93397.0,0.0,0.0,0.0,0.0
2023-03-28 14:28:24.560000+00:00,14946304.0,36659200.0,40972288.0,40972288.0,23.64,0.446114687,84.73,14273007.0,0.0,0.0,86794.0,21536257.0,0.0,0.0,93564.0,0.0,0.0,0.0,0.0
2023-03-28 14:28:28.202000+00:00,14946304.0,36659200.0,40972288.0,40972288.0,23.66,0.446114687,84.76,14273007.0,0.0,0.0,86794.0,21536257.0,0.0,0.0,93564.0,0.0,0.0,0.0,0.0
2023-03-28 14:28:33.953000+00:00,14946304.0,36229120.0,40546304.0,40546304.0,23.69,0.446114687,84.86,14313949.0,0.0,0.0,87040.0,21590524.0,0.0,0.0,93827.0,0.0,0.0,0.0,0.0
2023-03-28 14:28:39.194000+00:00,14946304.0,36229120.0,40546304.0,40546304.0,23.7,0.446114687,84.9,14313949.0,0.0,0.0,87040.0,21590524.0,0.0,0.0,93931.0,0.0,0.0,0.0,0.0
2023-03-28 14:28:43.748000+00:00,14946304.0,36675584.0,41115648.0,41115648.0,23.74,0.446114687,84.97,14338964.0,0.0,0.0,87186.0,21626395.0,0.0,0.0,93984.0,0.0,0.0,0.0,0.0
2023-03-28 14:28:49.352000+00:00,15081472.0,36675584.0,41000960.0,41000960.0,23.75,0.446114687,84.97,14355407.0,0.0,0.0,87283.0,21648749.0,0.0,0.0,94087.0,0.0,0.0,0.0,0.0
2023-03-28 14:28:53.486000+00:00,15081472.0,36466688.0,40882176.0,40882176.0,23.79,0.446114687,85.1,14382260.0,0.0,0.0,87450.0,21683609.0,0.0,0.0,94265.0,0.0,0.0,0.0,0.0
2023-03-28 14:28:59.224000+00:00,15081472.0,36564992.0,40882176.0,40882176.0,23.79,0.446114687,85.11,14382260.0,0.0,0.0,87450.0,21683609.0,0.0,0.0,94265.0,0.0,0.0,0.0,0.0
2023-03-28 14:29:04.190000+00:00,15081472.0,36216832.0,40558592.0,40558592.0,23.82,0.446561303,85.17,14391595.0,0.0,0.0,87506.0,21701600.0,0.0,0.0,94326.0,0.0,0.0,0.0,0.0
2023-03-28 14:29:09.598000+00:00,15081472.0,36216832.0,40558592.0,41353216.0,23.83,0.446561303,85.21,14407838.0,0.0,0.0,87602.0,21723884.0,0.0,0.0,94430.0,0.0,0.0,0.0,0.0
2023-03-28 14:29:14.513000+00:00,15081472.0,36519936.0,40873984.0,40873984.0,23.88,0.446561303,85.43,14433529.0,0.0,0.0,87760.0,21757358.0,0.0,0.0,94600.0,0.0,0.0,0.0,0.0
2023-03-28 14:29:19.116000+00:00,15081472.0,36519936.0,40873984.0,40873984.0,23.88,0.446561303,85.44,14433529.0,0.0,0.0,87760.0,21757358.0,0.0,0.0,94605.0,0.0,0.0,0.0,0.0
2023-03-28 14:29:23.735000+00:00,15081472.0,37117952.0,41545728.0,41545728.0,23.91,0.446561303,85.51,14442806.0,0.0,0.0,87814.0,21775341.0,0.0,0.0,94660.0,0.0,0.0,0.0,0.0
2023-03-28 14:29:29.821000+00:00,15081472.0,37117952.0,41545728.0,41545728.0,23.92,0.446561303,85.54,14442806.0,0.0,0.0,87814.0,21775341.0,0.0,0.0,94660.0,0.0,0.0,0.0,0.0
2023-03-28 14:29:34.530000+00:00,15081472.0,36753408.0,41095168.0,41095168.0,23.96,0.446561303,85.6,14469339.0,0.0,0.0,87976.0,21813403.0,0.0,0.0,94835.0,0.0,0.0,0.0,0.0
2023-03-28 14:29:39.625000+00:00,15081472.0,36753408.0,40570880.0,40570880.0,24.0,0.446561303,85.66,14495068.0,0.0,0.0,88136.0,21846688.0,0.0,0.0,95004.0,0.0,0.0,0.0,0.0
2023-03-28 14:29:43.339000+00:00,15081472.0,36397056.0,40751104.0,40751104.0,24.0,0.446561303,85.75,14495871.0,0.0,0.0,88140.0,21851266.0,0.0,0.0,95009.0,0.0,0.0,0.0,0.0
2023-03-28 14:29:49.278000+00:00,15081472.0,36397056.0,40751104.0,41250816.0,24.0,0.446561303,85.75,14505260.0,0.0,0.0,88198.0,21865861.0,0.0,0.0,95072.0,0.0,0.0,0.0,0.0
2023-03-28 14:29:53.911000+00:00,15245312.0,36614144.0,41046016.0,41046016.0,24.06,0.446561303,85.85,14513808.0,0.0,0.0,88249.0,21879376.0,0.0,0.0,95128.0,0.0,0.0,0.0,0.0
2023-03-28 14:29:58.739000+00:00,15245312.0,36614144.0,41046016.0,41046016.0,24.06,0.446561303,85.9,14513808.0,0.0,0.0,88249.0,21879376.0,0.0,0.0,95128.0,0.0,0.0,0.0,0.0
2023-03-28 14:30:03.557000+00:00,15245312.0,36556800.0,40947712.0,40947712.0,24.08,0.446561303,86.0,14547382.0,0.0,0.0,88451.0,21925308.0,0.0,0.0,95346.0,0.0,0.0,0.0,0.0
2023-03-28 14:30:09.355000+00:00,15245312.0,36556800.0,40947712.0,40947712.0,24.08,0.446561303,86.02,14547382.0,0.0,0.0,88502.0,21938653.0,0.0,0.0,95400.0,0.0,0.0,0.0,0.0
2023-03-28 14:30:14.405000+00:00,15245312.0,36622336.0,41103360.0,41103360.0,24.12,0.446561303,86.09,14564435.0,0.0,0.0,88552.0,21952088.0,0.0,0.0,95455.0,0.0,0.0,0.0,0.0
2023-03-28 14:30:19.584000+00:00,15245312.0,37076992.0,41381888.0,41381888.0,24.12,0.446561303,86.11,14572909.0,0.0,0.0,88602.0,21965435.0,0.0,0.0,95509.0,0.0,0.0,0.0,0.0
2023-03-28 14:30:23.098000+00:00,15245312.0,36716544.0,41472000.0,41472000.0,24.15,0.446561303,86.19,14582244.0,0.0,0.0,88660.0,21979908.0,0.0,0.0,95571.0,0.0,0.0,0.0,0.0
2023-03-28 14:30:29.317000+00:00,15245312.0,36356096.0,41472000.0,41472000.0,24.15,0.446561303,86.21,14582244.0,0.0,0.0,88660.0,21979908.0,0.0,0.0,95571.0,0.0,0.0,0.0,0.0
2023-03-28 14:30:34.264000+00:00,15245312.0,36499456.0,41193472.0,41193472.0,24.19,0.446561303,86.25,14592424.0,0.0,0.0,88722.0,21999083.0,0.0,0.0,95639.0,0.0,0.0,0.0,0.0
2023-03-28 14:30:39.508000+00:00,15245312.0,36429824.0,40738816.0,40738816.0,24.19,0.446561303,86.3,14608589.0,0.0,0.0,88818.0,22021209.0,0.0,0.0,95742.0,0.0,0.0,0.0,0.0
2023-03-28 14:30:44.261000+00:00,15245312.0,36507648.0,41005056.0,41005056.0,24.21,0.446561303,86.39,14625664.0,0.0,0.0,88922.0,22044529.0,0.0,0.0,95853.0,0.0,0.0,0.0,0.0
2023-03-28 14:30:49.899000+00:00,15388672.0,36507648.0,41005056.0,41005056.0,24.24,0.446561303,86.46,14651218.0,0.0,0.0,89080.0,22077896.0,0.0,0.0,96024.0,0.0,0.0,0.0,0.0
2023-03-28 14:30:54.132000+00:00,15388672.0,36696064.0,41189376.0,41189376.0,24.27,0.446561303,86.56,14659816.0,0.0,0.0,89131.0,22091395.0,0.0,0.0,96079.0,0.0,0.0,0.0,0.0
2023-03-28 14:30:58.722000+00:00,15388672.0,36696064.0,41189376.0,41189376.0,24.29,0.446561303,86.61,14659816.0,0.0,0.0,89131.0,22091395.0,0.0,0.0,96079.0,0.0,0.0,0.0,0.0
2023-03-28 14:31:04.794000+00:00,15388672.0,36814848.0,41435136.0,41435136.0,24.32,0.446561303,86.69,14694016.0,0.0,0.0,89342.0,22138139.0,0.0,0.0,96305.0,0.0,0.0,0.0,0.0
2023-03-28 14:31:09.594000+00:00,15388672.0,36814848.0,41435136.0,41435136.0,24.32,0.446561303,86.7,14694016.0,0.0,0.0,89342.0,22138139.0,0.0,0.0,96351.0,0.0,0.0,0.0,0.0
2023-03-28 14:31:14.588000+00:00,15388672.0,36622336.0,41480192.0,41480192.0,24.34,0.446561303,86.77,14704142.0,0.0,0.0,89404.0,22157246.0,0.0,0.0,96373.0,0.0,0.0,0.0,0.0
2023-03-28 14:31:19.007000+00:00,15388672.0,36622336.0,41119744.0,41119744.0,24.34,0.446561303,86.78,14704945.0,0.0,0.0,89408.0,22161824.0,0.0,0.0,96378.0,0.0,0.0,0.0,0.0
2023-03-28 14:31:23.524000+00:00,15388672.0,36827136.0,41193472.0,41193472.0,24.34,0.446561303,86.78,14705748.0,0.0,0.0,89412.0,22166402.0,0.0,0.0,96383.0,0.0,0.0,0.0,0.0
2023-03-28 14:31:29.613000+00:00,15388672.0,36970496.0,41193472.0,41193472.0,24.36,0.446561303,86.85,14705748.0,0.0,0.0,89412.0,22166402.0,0.0,0.0,96383.0,0.0,0.0,0.0,0.0
2023-03-28 14:31:34.134000+00:00,15388672.0,36200448.0,40570880.0,40570880.0,24.36,0.446561303,86.85,14707354.0,0.0,0.0,89420.0,22175558.0,0.0,0.0,96393.0,0.0,0.0,0.0,0.0
2023-03-28 14:31:38.950000+00:00,15388672.0,36200448.0,40570880.0,40693760.0,24.39,0.446561303,86.93,14725286.0,0.0,0.0,89532.0,22200087.0,0.0,0.0,96513.0,0.0,0.0,0.0,0.0
2023-03-28 14:31:44.473000+00:00,15388672.0,36892672.0,41193472.0,41193472.0,24.4,0.446561303,86.95,14734686.0,0.0,0.0,89591.0,22214697.0,0.0,0.0,96577.0,0.0,0.0,0.0,0.0
2023-03-28 14:31:48.482000+00:00,15388672.0,36892672.0,41193472.0,41193472.0,24.42,0.516785636,87.01,14734686.0,0.0,0.0,89591.0,22219275.0,0.0,0.0,96582.0,0.0,0.0,0.0,0.0
2023-03-28 14:31:53.154000+00:00,15486976.0,36753408.0,41218048.0,41218048.0,24.44,0.516785636,87.03,14744021.0,0.0,0.0,89646.0,22232752.0,0.0,0.0,96638.0,0.0,0.0,0.0,0.0
2023-03-28 14:31:59.744000+00:00,15486976.0,36753408.0,41218048.0,41218048.0,24.46,0.516785636,87.12,14744021.0,0.0,0.0,89646.0,22232752.0,0.0,0.0,96638.0,0.0,0.0,0.0,0.0
2023-03-28 14:32:04.536000+00:00,15486976.0,36876288.0,41177088.0,41177088.0,24.48,0.516785636,87.16,14778222.0,0.0,0.0,89856.0,22279519.0,0.0,0.0,96863.0,0.0,0.0,0.0,0.0
2023-03-28 14:32:08.834000+00:00,15486976.0,36876288.0,41115648.0,41115648.0,24.52,0.5187233,87.22,14787598.0,0.0,0.0,89914.0,22294113.0,0.0,0.0,96926.0,0.0,0.0,0.0,0.0
2023-03-28 14:32:14.026000+00:00,15486976.0,36622336.0,40931328.0,40931328.0,24.54,0.5187233,87.24,14804863.0,0.0,0.0,90018.0,22317693.0,0.0,0.0,97038.0,0.0,0.0,0.0,0.0
2023-03-28 14:32:18.690000+00:00,15486976.0,36622336.0,40931328.0,40951808.0,24.58,0.5187233,87.36,14830440.0,0.0,0.0,90176.0,22350914.0,0.0,0.0,97206.0,0.0,0.0,0.0,0.0
2023-03-28 14:32:24.870000+00:00,15486976.0,36331520.0,40751104.0,40751104.0,24.59,0.5187233,87.4,14847624.0,0.0,0.0,90280.0,22374492.0,0.0,0.0,97319.0,0.0,0.0,0.0,0.0
2023-03-28 14:32:29.341000+00:00,15486976.0,36331520.0,40751104.0,40751104.0,24.62,0.5187233,87.48,14847624.0,0.0,0.0,90280.0,22374492.0,0.0,0.0,97319.0,0.0,0.0,0.0,0.0
2023-03-28 14:32:34.554000+00:00,15486976.0,36499456.0,40841216.0,40841216.0,24.62,0.5187233,87.5,14865622.0,0.0,0.0,90388.0,22402664.0,0.0,0.0,97437.0,0.0,0.0,0.0,0.0
2023-03-28 14:32:38.365000+00:00,15486976.0,36499456.0,40841216.0,40841216.0,24.66,0.5187233,87.55,14865622.0,0.0,0.0,90392.0,22407242.0,0.0,0.0,97442.0,0.0,0.0,0.0,0.0
2023-03-28 14:32:43.465000+00:00,15486976.0,36970496.0,41316352.0,41316352.0,24.66,0.5187233,87.61,14890147.0,0.0,0.0,90534.0,22438231.0,0.0,0.0,97597.0,0.0,0.0,0.0,0.0
2023-03-28 14:32:49.583000+00:00,15654912.0,36970496.0,40693760.0,40693760.0,24.68,0.5187233,87.68,14890950.0,0.0,0.0,90538.0,22442809.0,0.0,0.0,97602.0,0.0,0.0,0.0,0.0
2023-03-28 14:32:54.530000+00:00,15654912.0,36831232.0,41152512.0,41152512.0,24.71,0.5187233,87.71,14900516.0,0.0,0.0,90598.0,22457485.0,0.0,0.0,97665.0,0.0,0.0,0.0,0.0
2023-03-28 14:32:59.535000+00:00,15654912.0,36831232.0,41152512.0,41152512.0,24.72,0.5187233,87.78,14900516.0,0.0,0.0,90598.0,22462196.0,0.0,0.0,97673.0,0.0,0.0,0.0,0.0
2023-03-28 14:33:04.793000+00:00,15654912.0,36294656.0,40615936.0,40615936.0,24.72,0.5187233,87.78,14902248.0,0.0,0.0,90609.0,22466781.0,0.0,0.0,97678.0,0.0,0.0,0.0,0.0
2023-03-28 14:33:08.990000+00:00,15654912.0,36294656.0,41287680.0,41287680.0,24.75,0.5187233,87.86,14911632.0,0.0,0.0,90667.0,22481397.0,0.0,0.0,97741.0,0.0,0.0,0.0,0.0
2023-03-28 14:33:14.826000+00:00,15654912.0,36777984.0,41082880.0,41082880.0,24.76,0.5187233,87.94,14944024.0,0.0,0.0,90863.0,22522449.0,0.0,0.0,97953.0,0.0,0.0,0.0,0.0
2023-03-28 14:33:19.795000+00:00,15654912.0,36777984.0,41082880.0,41082880.0,24.8,0.5187233,88.02,14944024.0,0.0,0.0,90913.0,22535841.0,0.0,0.0,98008.0,0.0,0.0,0.0,0.0
2023-03-28 14:33:24.523000+00:00,15654912.0,36872192.0,41177088.0,41177088.0,24.82,0.5187233,88.04,14960944.0,0.0,0.0,90963.0,22549267.0,0.0,0.0,98063.0,0.0,0.0,0.0,0.0
2023-03-28 14:33:28.497000+00:00,15654912.0,36872192.0,41177088.0,41275392.0,24.82,0.5187233,88.04,14961747.0,0.0,0.0,90967.0,22553852.0,0.0,0.0,98068.0,0.0,0.0,0.0,0.0
2023-03-28 14:33:33.626000+00:00,15654912.0,36225024.0,40685568.0,40685568.0,24.83,0.5187233,88.11,14962550.0,0.0,0.0,90971.0,22558437.0,0.0,0.0,98073.0,0.0,0.0,0.0,0.0
2023-03-28 14:33:38.323000+00:00,15654912.0,36225024.0,40685568.0,40685568.0,24.84,0.5187233,88.15,14962550.0,0.0,0.0,90971.0,22558437.0,0.0,0.0,98194.0,0.0,0.0,0.0,0.0
2023-03-28 14:33:44.725000+00:00,15654912.0,36503552.0,40837120.0,40837120.0,24.87,0.5187233,88.21,14981382.0,0.0,0.0,91087.0,22587709.0,0.0,0.0,98199.0,0.0,0.0,0.0,0.0
2023-03-28 14:33:49.169000+00:00,15753216.0,36503552.0,41312256.0,41312256.0,24.88,0.5187233,88.22,14990790.0,0.0,0.0,91145.0,22602350.0,0.0,0.0,98262.0,0.0,0.0,0.0,0.0
2023-03-28 14:33:54.415000+00:00,15753216.0,36392960.0,40747008.0,40747008.0,24.91,0.5187233,88.33,15008861.0,0.0,0.0,91258.0,22627100.0,0.0,0.0,98384.0,0.0,0.0,0.0,0.0
2023-03-28 14:33:59.932000+00:00,15753216.0,36757504.0,40747008.0,40747008.0,24.96,0.5187233,88.45,15008861.0,0.0,0.0,91258.0,22627100.0,0.0,0.0,98384.0,0.0,0.0,0.0,0.0
2023-03-28 14:34:04.580000+00:00,15753216.0,36311040.0,40742912.0,40742912.0,24.96,0.5187233,88.51,15073395.0,0.0,0.0,91663.0,22709149.0,0.0,0.0,98808.0,0.0,0.0,0.0,0.0
2023-03-28 14:34:09.591000+00:00,15753216.0,36311040.0,40742912.0,40837120.0,24.96,0.5187233,88.52,15075154.0,0.0,0.0,91677.0,22714778.0,0.0,0.0,98822.0,0.0,0.0,0.0,0.0
2023-03-28 14:34:13.440000+00:00,15753216.0,36892672.0,41209856.0,41209856.0,24.98,0.5187233,88.59,15082646.0,0.0,0.0,91717.0,22727136.0,0.0,0.0,98868.0,0.0,0.0,0.0,0.0
2023-03-28 14:34:19.718000+00:00,15753216.0,36892672.0,41209856.0,41209856.0,24.98,0.5187233,88.61,15082646.0,0.0,0.0,91767.0,22740546.0,0.0,0.0,98922.0,0.0,0.0,0.0,0.0
2023-03-28 14:34:23.234000+00:00,15753216.0,36933632.0,41340928.0,41340928.0,25.02,0.5187233,88.72,15116016.0,0.0,0.0,91917.0,22772520.0,0.0,0.0,99079.0,0.0,0.0,0.0,0.0
2023-03-28 14:34:28.777000+00:00,15753216.0,36188160.0,40595456.0,41340928.0,25.02,0.5187233,88.73,15116016.0,0.0,0.0,91917.0,22772520.0,0.0,0.0,99079.0,0.0,0.0,0.0,0.0
2023-03-28 14:34:34.477000+00:00,15753216.0,36737024.0,41054208.0,41054208.0,25.04,0.5187233,88.81,15126361.0,0.0,0.0,91979.0,22791873.0,0.0,0.0,99147.0,0.0,0.0,0.0,0.0
2023-03-28 14:34:38.942000+00:00,15753216.0,36737024.0,40730624.0,40730624.0,25.04,0.5187233,88.84,15134963.0,0.0,0.0,92029.0,22805433.0,0.0,0.0,99202.0,0.0,0.0,0.0,0.0
2023-03-28 14:34:43.969000+00:00,15753216.0,36515840.0,41058304.0,41058304.0,25.06,0.5187233,88.9,15135766.0,0.0,0.0,92033.0,22810018.0,0.0,0.0,99207.0,0.0,0.0,0.0,0.0
2023-03-28 14:34:48.361000+00:00,15921152.0,36515840.0,40906752.0,40906752.0,25.07,0.5187233,88.94,15151851.0,0.0,0.0,92129.0,22832217.0,0.0,0.0,99312.0,0.0,0.0,0.0,0.0
2023-03-28 14:34:54.021000+00:00,15921152.0,36708352.0,41152512.0,41152512.0,25.1,0.5187233,89.01,15152708.0,0.0,0.0,92134.0,22836876.0,0.0,0.0,99318.0,0.0,0.0,0.0,0.0
2023-03-28 14:34:59.410000+00:00,15921152.0,36708352.0,41152512.0,41152512.0,25.1,0.5187233,89.03,15152708.0,0.0,0.0,92134.0,22836876.0,0.0,0.0,99318.0,0.0,0.0,0.0,0.0
2023-03-28 14:35:04.265000+00:00,15921152.0,36990976.0,41545728.0,41545728.0,25.14,0.5187233,89.1,15172758.0,0.0,0.0,92261.0,22867653.0,0.0,0.0,99455.0,0.0,0.0,0.0,0.0
2023-03-28 14:35:08.961000+00:00,15921152.0,36990976.0,41545728.0,41545728.0,25.14,0.5187233,89.12,15172758.0,0.0,0.0,92319.0,22882522.0,0.0,0.0,99518.0,0.0,0.0,0.0,0.0
2023-03-28 14:35:14.559000+00:00,15921152.0,36741120.0,41271296.0,41271296.0,25.15,0.5187233,89.19,15183199.0,0.0,0.0,92323.0,22887107.0,0.0,0.0,99523.0,0.0,0.0,0.0,0.0
2023-03-28 14:35:18.053000+00:00,15921152.0,36835328.0,41148416.0,41148416.0,25.15,0.5187233,89.2,15184002.0,0.0,0.0,92327.0,22891692.0,0.0,0.0,99528.0,0.0,0.0,0.0,0.0
2023-03-28 14:35:24.798000+00:00,15921152.0,36503552.0,41172992.0,41172992.0,25.18,0.5187233,89.32,15208826.0,0.0,0.0,92477.0,22923955.0,0.0,0.0,99689.0,0.0,0.0,0.0,0.0
2023-03-28 14:35:28.346000+00:00,15921152.0,36601856.0,41172992.0,41172992.0,25.19,0.5187233,89.36,15208826.0,0.0,0.0,92477.0,22923955.0,0.0,0.0,99689.0,0.0,0.0,0.0,0.0
2023-03-28 14:35:34.437000+00:00,15921152.0,36782080.0,41242624.0,41242624.0,25.24,0.5187233,89.45,15245601.0,0.0,0.0,92709.0,22974272.0,0.0,0.0,99938.0,0.0,0.0,0.0,0.0
2023-03-28 14:35:39.127000+00:00,15921152.0,36466688.0,40779776.0,40779776.0,25.24,0.5187233,89.47,15254998.0,0.0,0.0,92767.0,22988891.0,0.0,0.0,100001.0,0.0,0.0,0.0,0.0
2023-03-28 14:35:43.944000+00:00,15921152.0,36601856.0,41357312.0,41357312.0,25.27,0.5187233,89.54,15255801.0,0.0,0.0,92771.0,22993476.0,0.0,0.0,100006.0,0.0,0.0,0.0,0.0
2023-03-28 14:35:48.990000+00:00,15921152.0,36601856.0,41357312.0,41357312.0,25.27,0.5187233,89.6,15281590.0,0.0,0.0,92929.0,23027047.0,0.0,0.0,100176.0,0.0,0.0,0.0,0.0
2023-03-28 14:35:54.690000+00:00,16060416.0,36413440.0,41107456.0,41107456.0,25.3,0.5187233,89.68,15282447.0,0.0,0.0,92934.0,23031706.0,0.0,0.0,100182.0,0.0,0.0,0.0,0.0
2023-03-28 14:35:58.920000+00:00,16060416.0,36413440.0,41107456.0,41107456.0,25.31,0.5187233,89.71,15282447.0,0.0,0.0,92934.0,23031706.0,0.0,0.0,100182.0,0.0,0.0,0.0,0.0
2023-03-28 14:36:03.896000+00:00,16060416.0,36638720.0,41189376.0,41189376.0,25.33,0.5187233,89.85,15318703.0,0.0,0.0,93162.0,23081057.0,0.0,0.0,100425.0,0.0,0.0,0.0,0.0
2023-03-28 14:36:09.069000+00:00,16060416.0,36638720.0,41189376.0,41189376.0,25.34,0.5187233,89.88,15318703.0,0.0,0.0,93162.0,23081057.0,0.0,0.0,100529.0,0.0,0.0,0.0,0.0
2023-03-28 14:36:14.338000+00:00,16060416.0,36323328.0,41099264.0,41099264.0,25.35,0.5187233,89.97,15344600.0,0.0,0.0,93317.0,23118090.0,0.0,0.0,100591.0,0.0,0.0,0.0,0.0
2023-03-28 14:36:19.331000+00:00,16060416.0,36323328.0,41078784.0,41078784.0,25.36,0.5187233,89.97,15353044.0,0.0,0.0,93367.0,23131482.0,0.0,0.0,100646.0,0.0,0.0,0.0,0.0
2023-03-28 14:36:23.730000+00:00,16060416.0,36253696.0,40587264.0,40587264.0,25.41,0.5187233,90.1,15378669.0,0.0,0.0,93525.0,23164782.0,0.0,0.0,100815.0,0.0,0.0,0.0,0.0
2023-03-28 14:36:29.229000+00:00,16060416.0,36253696.0,40587264.0,40587264.0,25.44,0.5187233,90.17,15378669.0,0.0,0.0,93525.0,23164782.0,0.0,0.0,100815.0,0.0,0.0,0.0,0.0
2023-03-28 14:36:34.519000+00:00,16060416.0,36827136.0,41766912.0,41766912.0,25.47,0.5187233,90.24,15405078.0,0.0,0.0,93687.0,23202676.0,0.0,0.0,100989.0,0.0,0.0,0.0,0.0
2023-03-28 14:36:39.454000+00:00,16060416.0,36827136.0,41766912.0,40714240.0,25.49,0.5187233,90.24,15413730.0,0.0,0.0,93737.0,23216220.0,0.0,0.0,101043.0,0.0,0.0,0.0,0.0
2023-03-28 14:36:44.568000+00:00,16060416.0,36921344.0,41357312.0,41357312.0,25.49,0.5187233,90.29,15423093.0,0.0,0.0,93795.0,23230821.0,0.0,0.0,101106.0,0.0,0.0,0.0,0.0
2023-03-28 14:36:48.984000+00:00,16232448.0,36921344.0,41357312.0,41357312.0,25.52,0.5187233,90.4,15423093.0,0.0,0.0,93953.0,23264125.0,0.0,0.0,101275.0,0.0,0.0,0.0,0.0
2023-03-28 14:36:54.422000+00:00,16232448.0,37044224.0,41402368.0,41402368.0,25.54,0.5187233,90.42,15457424.0,0.0,0.0,94004.0,23277809.0,0.0,0.0,101331.0,0.0,0.0,0.0,0.0
2023-03-28 14:36:59.393000+00:00,16232448.0,37044224.0,41402368.0,41402368.0,25.57,0.5187233,90.52,15457424.0,0.0,0.0,94004.0,23277809.0,0.0,0.0,101331.0,0.0,0.0,0.0,0.0
2023-03-28 14:37:04.252000+00:00,16232448.0,36818944.0,41119744.0,41119744.0,25.57,0.5187233,90.52,15467913.0,0.0,0.0,94068.0,23297317.0,0.0,0.0,101401.0,0.0,0.0,0.0,0.0
2023-03-28 14:37:08.455000+00:00,16232448.0,36831232.0,41353216.0,41353216.0,25.62,0.5187233,90.52,15484972.0,0.0,0.0,94172.0,23320768.0,0.0,0.0,101514.0,0.0,0.0,0.0,0.0
2023-03-28 14:37:14.162000+00:00,16232448.0,36724736.0,41156608.0,41156608.0,25.63,0.5187233,90.67,15518759.0,0.0,0.0,94376.0,23363170.0,0.0,0.0,101729.0,0.0,0.0,0.0,0.0
2023-03-28 14:37:19.389000+00:00,16232448.0,36724736.0,41181184.0,41181184.0,25.64,0.5187233,90.67,15519562.0,0.0,0.0,94380.0,23367755.0,0.0,0.0,101734.0,0.0,0.0,0.0,0.0
2023-03-28 14:37:24.037000+00:00,16232448.0,36503552.0,40935424.0,40935424.0,25.65,0.5187233,90.76,15529180.0,0.0,0.0,94438.0,23382602.0,0.0,0.0,101797.0,0.0,0.0,0.0,0.0
2023-03-28 14:37:29.050000+00:00,16232448.0,36642816.0,40935424.0,40935424.0,25.66,0.5187233,90.82,15529180.0,0.0,0.0,94438.0,23382602.0,0.0,0.0,101797.0,0.0,0.0,0.0,0.0
2023-03-28 14:37:34.570000+00:00,16232448.0,36823040.0,41123840.0,41123840.0,25.67,0.5187233,90.92,15554688.0,0.0,0.0,94592.0,23419380.0,0.0,0.0,101964.0,0.0,0.0,0.0,0.0
2023-03-28 14:37:39.210000+00:00,16232448.0,36823040.0,40980480.0,40980480.0,25.7,0.5187233,90.99,15564027.0,0.0,0.0,94650.0,23433950.0,0.0,0.0,102027.0,0.0,0.0,0.0,0.0
2023-03-28 14:37:43.733000+00:00,16232448.0,36134912.0,40443904.0,40443904.0,25.7,0.5187233,91.02,15573445.0,0.0,0.0,94708.0,23448585.0,0.0,0.0,102090.0,0.0,0.0,0.0,0.0
2023-03-28 14:37:49.149000+00:00,16375808.0,36134912.0,40443904.0,40443904.0,25.73,0.5187233,91.12,15573445.0,0.0,0.0,94820.0,23473153.0,0.0,0.0,102211.0,0.0,0.0,0.0,0.0
2023-03-28 14:37:53.523000+00:00,16375808.0,36773888.0,41078784.0,41078784.0,25.76,0.5187233,91.14,15599919.0,0.0,0.0,94871.0,23486673.0,0.0,0.0,102267.0,0.0,0.0,0.0,0.0
2023-03-28 14:37:59.697000+00:00,16375808.0,36773888.0,41078784.0,41078784.0,25.8,0.5187233,91.24,15599919.0,0.0,0.0,94871.0,23486673.0,0.0,0.0,102267.0,0.0,0.0,0.0,0.0
2023-03-28 14:38:03.646000+00:00,16375808.0,36540416.0,40972288.0,40972288.0,25.8,0.5187233,91.27,15626699.0,0.0,0.0,95035.0,23524942.0,0.0,0.0,102443.0,0.0,0.0,0.0,0.0
2023-03-28 14:38:08.221000+00:00,16375808.0,36540416.0,40972288.0,40972288.0,25.81,0.5187233,91.34,15626699.0,0.0,0.0,95035.0,23524942.0,0.0,0.0,102448.0,0.0,0.0,0.0,0.0
2023-03-28 14:38:14.650000+00:00,16375808.0,36356096.0,40660992.0,40660992.0,25.82,0.5187233,91.39,15653935.0,0.0,0.0,95205.0,23564059.0,0.0,0.0,102627.0,0.0,0.0,0.0,0.0
2023-03-28 14:38:19.680000+00:00,16375808.0,36356096.0,40632320.0,40632320.0,25.85,0.5187233,91.48,15663304.0,0.0,0.0,95263.0,23578660.0,0.0,0.0,102690.0,0.0,0.0,0.0,0.0
2023-03-28 14:38:24.369000+00:00,16375808.0,36134912.0,40456192.0,40456192.0,25.85,0.5187233,91.48,15664107.0,0.0,0.0,95267.0,23583245.0,0.0,0.0,102695.0,0.0,0.0,0.0,0.0
2023-03-28 14:38:29.576000+00:00,16375808.0,36683776.0,40456192.0,40456192.0,25.89,0.5187233,91.54,15664107.0,0.0,0.0,95267.0,23583245.0,0.0,0.0,102695.0,0.0,0.0,0.0,0.0
2023-03-28 14:38:34.765000+00:00,16375808.0,36818944.0,41123840.0,41123840.0,25.9,0.518904095,91.58,15691618.0,0.0,0.0,95437.0,23622652.0,0.0,0.0,102879.0,0.0,0.0,0.0,0.0
2023-03-28 14:38:38.909000+00:00,16375808.0,36818944.0,41123840.0,40759296.0,25.93,0.519419695,91.63,15692421.0,0.0,0.0,95441.0,23627237.0,0.0,0.0,102884.0,0.0,0.0,0.0,0.0
2023-03-28 14:38:44.091000+00:00,16375808.0,36585472.0,40898560.0,40898560.0,25.93,0.519419695,91.65,15701798.0,0.0,0.0,95499.0,23641838.0,0.0,0.0,102947.0,0.0,0.0,0.0,0.0
2023-03-28 14:38:48.676000+00:00,16502784.0,36585472.0,40898560.0,40898560.0,25.96,0.519419695,91.7,15701798.0,0.0,0.0,95499.0,23646423.0,0.0,0.0,102952.0,0.0,0.0,0.0,0.0
2023-03-28 14:38:53.545000+00:00,16502784.0,36503552.0,40894464.0,40894464.0,25.98,0.520694216,91.73,15711161.0,0.0,0.0,95554.0,23659955.0,0.0,0.0,103008.0,0.0,0.0,0.0,0.0
2023-03-28 14:38:58.011000+00:00,16502784.0,36503552.0,40894464.0,40894464.0,25.98,0.52115491,91.74,15711161.0,0.0,0.0,95554.0,23659955.0,0.0,0.0,103008.0,0.0,0.0,0.0,0.0
2023-03-28 14:39:03.202000+00:00,16502784.0,36347904.0,40648704.0,40648704.0,26.0,0.521209275,91.86,15738651.0,0.0,0.0,95726.0,23699335.0,0.0,0.0,103194.0,0.0,0.0,0.0,0.0
2023-03-28 14:39:09.341000+00:00,16502784.0,36347904.0,40828928.0,40828928.0,26.01,0.521264885,91.94,15748201.0,0.0,0.0,95784.0,23714115.0,0.0,0.0,103257.0,0.0,0.0,0.0,0.0
2023-03-28 14:39:14.654000+00:00,16502784.0,36061184.0,40493056.0,40493056.0,26.02,0.521586585,91.98,15765339.0,0.0,0.0,95888.0,23737634.0,0.0,0.0,103370.0,0.0,0.0,0.0,0.0
2023-03-28 14:39:19.858000+00:00,16502784.0,36061184.0,40554496.0,40554496.0,26.03,0.521586585,92.05,15766142.0,0.0,0.0,95892.0,23742219.0,0.0,0.0,103375.0,0.0,0.0,0.0,0.0
2023-03-28 14:39:24.071000+00:00,16502784.0,36716544.0,41066496.0,41066496.0,26.03,0.521586585,92.07,15775515.0,0.0,0.0,95950.0,23756815.0,0.0,0.0,103438.0,0.0,0.0,0.0,0.0
2023-03-28 14:39:29.787000+00:00,16502784.0,36716544.0,41066496.0,41066496.0,26.05,0.521663657,92.15,15775515.0,0.0,0.0,95950.0,23756815.0,0.0,0.0,103438.0,0.0,0.0,0.0,0.0
2023-03-28 14:39:33.892000+00:00,16502784.0,36126720.0,40558592.0,40558592.0,26.06,0.522156432,92.16,15793361.0,0.0,0.0,96058.0,23784834.0,0.0,0.0,103556.0,0.0,0.0,0.0,0.0
2023-03-28 14:39:39.444000+00:00,16502784.0,36126720.0,40558592.0,40448000.0,26.07,0.522507396,92.18,15810482.0,0.0,0.0,96163.0,23808218.0,0.0,0.0,103668.0,0.0,0.0,0.0,0.0
2023-03-28 14:39:44.865000+00:00,16502784.0,36286464.0,40624128.0,40624128.0,26.08,0.522507396,92.26,15811285.0,0.0,0.0,96167.0,23812804.0,0.0,0.0,103673.0,0.0,0.0,0.0,0.0
2023-03-28 14:39:48.540000+00:00,16502784.0,36286464.0,40624128.0,40624128.0,26.08,0.522507396,92.26,15811285.0,0.0,0.0,96167.0,23812804.0,0.0,0.0,103673.0,0.0,0.0,0.0,0.0
2023-03-28 14:39:54.575000+00:00,16617472.0,36630528.0,40935424.0,40935424.0,26.12,0.5228752,92.36,15830299.0,0.0,0.0,96284.0,23842302.0,0.0,0.0,103800.0,0.0,0.0,0.0,0.0
2023-03-28 14:39:59.342000+00:00,16617472.0,36630528.0,40935424.0,40935424.0,26.14,0.522923833,92.4,15830299.0,0.0,0.0,96284.0,23842302.0,0.0,0.0,103800.0,0.0,0.0,0.0,0.0
2023-03-28 14:40:03.024000+00:00,16617472.0,36687872.0,41115648.0,41115648.0,26.16,0.522958326,92.48,15863786.0,0.0,0.0,96486.0,23888101.0,0.0,0.0,104017.0,0.0,0.0,0.0,0.0
2023-03-28 14:40:08.682000+00:00,16617472.0,36687872.0,41107456.0,41107456.0,26.16,0.522958326,92.48,15864589.0,0.0,0.0,96490.0,23892687.0,0.0,0.0,104022.0,0.0,0.0,0.0,0.0
2023-03-28 14:40:13.484000+00:00,16617472.0,36024320.0,40685568.0,40685568.0,26.18,0.524412865,92.58,15881654.0,0.0,0.0,96594.0,23916145.0,0.0,0.0,104135.0,0.0,0.0,0.0,0.0
2023-03-28 14:40:19.488000+00:00,16617472.0,36024320.0,40685568.0,40824832.0,26.19,0.524412865,92.6,15890128.0,0.0,0.0,96644.0,23929564.0,0.0,0.0,104190.0,0.0,0.0,0.0,0.0
2023-03-28 14:40:23.900000+00:00,16617472.0,36171776.0,40824832.0,40824832.0,26.22,0.53693939,92.69,15898656.0,0.0,0.0,96694.0,23943041.0,0.0,0.0,104245.0,0.0,0.0,0.0,0.0
2023-03-28 14:40:28.667000+00:00,16617472.0,36450304.0,40833024.0,40833024.0,26.23,0.53693939,92.7,15904296.0,0.0,0.0,96722.0,23952830.0,0.0,0.0,104273.0,0.0,0.0,0.0,0.0
2023-03-28 14:40:34.483000+00:00,16617472.0,36384768.0,40718336.0,40718336.0,26.26,0.53762287,92.79,15917463.0,0.0,0.0,96810.0,23972288.0,0.0,0.0,104371.0,0.0,0.0,0.0,0.0
2023-03-28 14:40:39.340000+00:00,16617472.0,36384768.0,40718336.0,40718336.0,26.26,0.53762287,92.79,15917463.0,0.0,0.0,96814.0,23976874.0,0.0,0.0,104376.0,0.0,0.0,0.0,0.0
2023-03-28 14:40:43.942000+00:00,16617472.0,36618240.0,41054208.0,41054208.0,26.27,0.53762287,92.86,15919069.0,0.0,0.0,96818.0,23981460.0,0.0,0.0,104381.0,0.0,0.0,0.0,0.0
2023-03-28 14:40:48.847000+00:00,16617472.0,36294656.0,40726528.0,40726528.0,26.27,0.538493877,92.89,15928517.0,0.0,0.0,96876.0,23996066.0,0.0,0.0,104443.0,0.0,0.0,0.0,0.0
2023-03-28 14:40:54.776000+00:00,16740352.0,36417536.0,40951808.0,40951808.0,26.3,0.538859328,92.98,15944816.0,0.0,0.0,96973.0,24018302.0,0.0,0.0,104546.0,0.0,0.0,0.0,0.0
2023-03-28 14:40:59.296000+00:00,16740352.0,36515840.0,40951808.0,40951808.0,26.3,0.538859328,92.98,15944816.0,0.0,0.0,96973.0,24018302.0,0.0,0.0,104546.0,0.0,0.0,0.0,0.0
2023-03-28 14:41:03.781000+00:00,16740352.0,36691968.0,41123840.0,41123840.0,26.32,0.538988589,93.12,15981973.0,0.0,0.0,97208.0,24068337.0,0.0,0.0,104788.0,0.0,0.0,0.0,0.0
2023-03-28 14:41:09.842000+00:00,16740352.0,36388864.0,40689664.0,40689664.0,26.33,0.539628671,93.14,15991456.0,0.0,0.0,97267.0,24082938.0,0.0,0.0,104851.0,0.0,0.0,0.0,0.0
2023-03-28 14:41:14.244000+00:00,16740352.0,36646912.0,41467904.0,41467904.0,26.34,0.539628671,93.21,15996457.0,0.0,0.0,97290.0,24091745.0,0.0,0.0,104874.0,0.0,0.0,0.0,0.0
2023-03-28 14:41:18.464000+00:00,16740352.0,36646912.0,41467904.0,40652800.0,26.36,0.540161721,93.26,16019868.0,0.0,0.0,97445.0,24123446.0,0.0,0.0,105042.0,0.0,0.0,0.0,0.0
2023-03-28 14:41:24.294000+00:00,16740352.0,36794368.0,41279488.0,41279488.0,26.38,0.540161721,93.33,16028478.0,0.0,0.0,97495.0,24137017.0,0.0,0.0,105097.0,0.0,0.0,0.0,0.0
2023-03-28 14:41:28.961000+00:00,16740352.0,36474880.0,40890368.0,40890368.0,26.4,0.540554445,93.35,16037862.0,0.0,0.0,97553.0,24151630.0,0.0,0.0,105160.0,0.0,0.0,0.0,0.0
2023-03-28 14:41:34.326000+00:00,16740352.0,36130816.0,40562688.0,40562688.0,26.43,0.541239308,93.43,16046384.0,0.0,0.0,97604.0,24164967.0,0.0,0.0,105214.0,0.0,0.0,0.0,0.0
2023-03-28 14:41:39.288000+00:00,16740352.0,36130816.0,40562688.0,40562688.0,26.43,0.541239308,93.45,16046384.0,0.0,0.0,97604.0,24178324.0,0.0,0.0,105266.0,0.0,0.0,0.0,0.0
2023-03-28 14:41:44.712000+00:00,16740352.0,36298752.0,40996864.0,40996864.0,26.45,0.54187685,93.59,16081579.0,0.0,0.0,97820.0,24213038.0,0.0,0.0,105445.0,0.0,0.0,0.0,0.0
2023-03-28 14:41:48.910000+00:00,16740352.0,36298752.0,40755200.0,40755200.0,26.45,0.54187685,93.6,16082382.0,0.0,0.0,97824.0,24217624.0,0.0,0.0,105450.0,0.0,0.0,0.0,0.0
2023-03-28 14:41:54.293000+00:00,16900096.0,36618240.0,41041920.0,41041920.0,26.49,0.54187685,93.66,16083239.0,0.0,0.0,97829.0,24222284.0,0.0,0.0,105456.0,0.0,0.0,0.0,0.0
2023-03-28 14:41:59.051000+00:00,16900096.0,36618240.0,41041920.0,41041920.0,26.49,0.54187685,93.67,16083239.0,0.0,0.0,97829.0,24222284.0,0.0,0.0,105456.0,0.0,0.0,0.0,0.0
2023-03-28 14:42:04.051000+00:00,16900096.0,36810752.0,41111552.0,41111552.0,26.5,0.54187685,93.68,16084929.0,0.0,0.0,97839.0,24231540.0,0.0,0.0,105468.0,0.0,0.0,0.0,0.0
2023-03-28 14:42:08.286000+00:00,16900096.0,36810752.0,41111552.0,41189376.0,26.51,0.542431017,93.78,16101206.0,0.0,0.0,97935.0,24253788.0,0.0,0.0,105571.0,0.0,0.0,0.0,0.0
2023-03-28 14:42:13.945000+00:00,16900096.0,36077568.0,40378368.0,40378368.0,26.51,0.542781557,93.78,16102009.0,0.0,0.0,97939.0,24258374.0,0.0,0.0,105576.0,0.0,0.0,0.0,0.0
2023-03-28 14:42:18.211000+00:00,16900096.0,36077568.0,40378368.0,40378368.0,26.53,0.542781557,93.84,16102812.0,0.0,0.0,97943.0,24262960.0,0.0,0.0,105581.0,0.0,0.0,0.0,0.0
2023-03-28 14:42:24.168000+00:00,16900096.0,36216832.0,40726528.0,40726528.0,26.55,0.543226453,93.91,16119101.0,0.0,0.0,98040.0,24285234.0,0.0,0.0,105685.0,0.0,0.0,0.0,0.0
2023-03-28 14:42:28.928000+00:00,16900096.0,36216832.0,40726528.0,40726528.0,26.56,0.543226453,93.99,16119101.0,0.0,0.0,98040.0,24285234.0,0.0,0.0,105685.0,0.0,0.0,0.0,0.0
2023-03-28 14:42:33.421000+00:00,16900096.0,36384768.0,40738816.0,40738816.0,26.57,0.543485987,94.02,16136902.0,0.0,0.0,98148.0,24313132.0,0.0,0.0,105802.0,0.0,0.0,0.0,0.0
2023-03-28 14:42:39.488000+00:00,16900096.0,36384768.0,40738816.0,40738816.0,26.59,0.543792846,94.08,16136902.0,0.0,0.0,98148.0,24313132.0,0.0,0.0,105809.0,0.0,0.0,0.0,0.0
2023-03-28 14:42:43.765000+00:00,16900096.0,36102144.0,40407040.0,40407040.0,26.59,0.544101602,94.09,16146383.0,0.0,0.0,98204.0,24331347.0,0.0,0.0,105864.0,0.0,0.0,0.0,0.0
2023-03-28 14:42:48.664000+00:00,16900096.0,36237312.0,40611840.0,40611840.0,26.61,0.544101602,94.09,16147186.0,0.0,0.0,98208.0,24335933.0,0.0,0.0,105869.0,0.0,0.0,0.0,0.0
2023-03-28 14:42:54.103000+00:00,16969728.0,36392960.0,40771584.0,40771584.0,26.64,0.544466366,94.2,16164218.0,0.0,0.0,98313.0,24359295.0,0.0,0.0,105982.0,0.0,0.0,0.0,0.0
2023-03-28 14:42:59.446000+00:00,16969728.0,36392960.0,40771584.0,40771584.0,26.68,0.545045569,94.28,16164218.0,0.0,0.0,98313.0,24359295.0,0.0,0.0,105982.0,0.0,0.0,0.0,0.0
2023-03-28 14:43:03.889000+00:00,16969728.0,36139008.0,40599552.0,40599552.0,26.68,0.545045569,94.3,16191026.0,0.0,0.0,98477.0,24397720.0,0.0,0.0,106160.0,0.0,0.0,0.0,0.0
2023-03-28 14:43:09.411000+00:00,16969728.0,36139008.0,40599552.0,40591360.0,26.7,0.545045569,94.36,16191829.0,0.0,0.0,98481.0,24402306.0,0.0,0.0,106165.0,0.0,0.0,0.0,0.0
2023-03-28 14:43:14.024000+00:00,16969728.0,36720640.0,41025536.0,41025536.0,26.7,0.545045569,94.38,16200299.0,0.0,0.0,98531.0,24415727.0,0.0,0.0,106220.0,0.0,0.0,0.0,0.0
2023-03-28 14:43:19.066000+00:00,16969728.0,36720640.0,41025536.0,41025536.0,26.71,0.545045569,94.44,16200299.0,0.0,0.0,98531.0,24420313.0,0.0,0.0,106225.0,0.0,0.0,0.0,0.0
2023-03-28 14:43:23.823000+00:00,16969728.0,36839424.0,41185280.0,41185280.0,26.72,0.545045569,94.46,16217289.0,0.0,0.0,98631.0,24442625.0,0.0,0.0,106330.0,0.0,0.0,0.0,0.0
2023-03-28 14:43:29.180000+00:00,16969728.0,36864000.0,41308160.0,41308160.0,26.73,0.545045569,94.56,16233378.0,0.0,0.0,98727.0,24464759.0,0.0,0.0,106434.0,0.0,0.0,0.0,0.0
2023-03-28 14:43:33.823000+00:00,16969728.0,36888576.0,41193472.0,41193472.0,26.73,0.545045569,94.6,16250691.0,0.0,0.0,98831.0,24488140.0,0.0,0.0,106542.0,0.0,0.0,0.0,0.0
2023-03-28 14:43:39.306000+00:00,16969728.0,36188160.0,41193472.0,41193472.0,26.76,0.545045569,94.66,16250691.0,0.0,0.0,98831.0,24488140.0,0.0,0.0,106542.0,0.0,0.0,0.0,0.0
2023-03-28 14:43:43.975000+00:00,16969728.0,36638720.0,40947712.0,40947712.0,26.76,0.545045569,94.68,16259990.0,0.0,0.0,98885.0,24506173.0,0.0,0.0,106602.0,0.0,0.0,0.0,0.0
2023-03-28 14:43:48.580000+00:00,17096704.0,36638720.0,41070592.0,41070592.0,26.77,0.545045569,94.79,16276269.0,0.0,0.0,98981.0,24528561.0,0.0,0.0,106707.0,0.0,0.0,0.0,0.0
2023-03-28 14:43:54.507000+00:00,17096704.0,36249600.0,40574976.0,40574976.0,26.82,0.545045569,94.92,16284821.0,0.0,0.0,99032.0,24542018.0,0.0,0.0,106762.0,0.0,0.0,0.0,0.0
2023-03-28 14:43:59.773000+00:00,17096704.0,36392960.0,40574976.0,40574976.0,26.82,0.545045569,95.0,16284821.0,0.0,0.0,99032.0,24542018.0,0.0,0.0,106762.0,0.0,0.0,0.0,0.0
2023-03-28 14:44:04.019000+00:00,17096704.0,36904960.0,41279488.0,41279488.0,26.83,0.545045569,95.02,16295063.0,0.0,0.0,99096.0,24561266.0,0.0,0.0,106832.0,0.0,0.0,0.0,0.0
2023-03-28 14:44:09.570000+00:00,17096704.0,36904960.0,41279488.0,40828928.0,26.86,0.545045569,95.12,16303677.0,0.0,0.0,99146.0,24574771.0,0.0,0.0,106886.0,0.0,0.0,0.0,0.0
2023-03-28 14:44:14.117000+00:00,17096704.0,36179968.0,40587264.0,40587264.0,26.86,0.545045569,95.14,16313830.0,0.0,0.0,99212.0,24590294.0,0.0,0.0,106957.0,0.0,0.0,0.0,0.0
2023-03-28 14:44:19.234000+00:00,17096704.0,36179968.0,40587264.0,40587264.0,26.91,0.545045569,95.23,16313830.0,0.0,0.0,99212.0,24590294.0,0.0,0.0,107160.0,0.0,0.0,0.0,0.0
2023-03-28 14:44:23.790000+00:00,17096704.0,36876288.0,41246720.0,41246720.0,26.92,0.545045569,95.26,16362906.0,0.0,0.0,99505.0,24654003.0,0.0,0.0,107271.0,0.0,0.0,0.0,0.0
2023-03-28 14:44:29.622000+00:00,17096704.0,36876288.0,41246720.0,41246720.0,26.94,0.545045569,95.36,16362906.0,0.0,0.0,99505.0,24654003.0,0.0,0.0,107271.0,0.0,0.0,0.0,0.0
2023-03-28 14:44:33.394000+00:00,17096704.0,36655104.0,41009152.0,41009152.0,26.94,0.545045569,95.36,16373127.0,0.0,0.0,99567.0,24673228.0,0.0,0.0,107339.0,0.0,0.0,0.0,0.0
2023-03-28 14:44:39.226000+00:00,17096704.0,36614144.0,41234432.0,41234432.0,26.96,0.545554736,95.45,16389258.0,0.0,0.0,99663.0,24695396.0,0.0,0.0,107443.0,0.0,0.0,0.0,0.0
2023-03-28 14:44:43.943000+00:00,17096704.0,36716544.0,41062400.0,41062400.0,26.96,0.545554736,95.46,16390061.0,0.0,0.0,99667.0,24699982.0,0.0,0.0,107448.0,0.0,0.0,0.0,0.0
2023-03-28 14:44:48.422000+00:00,17231872.0,36392960.0,40857600.0,40857600.0,26.96,0.545908663,95.48,16400440.0,0.0,0.0,99734.0,24715722.0,0.0,0.0,107518.0,0.0,0.0,0.0,0.0
2023-03-28 14:44:53.463000+00:00,17231872.0,36134912.0,40566784.0,40566784.0,27.01,0.546206549,95.56,16409875.0,0.0,0.0,99793.0,24730401.0,0.0,0.0,107582.0,0.0,0.0,0.0,0.0
2023-03-28 14:44:59.174000+00:00,17231872.0,36704256.0,40566784.0,40566784.0,27.02,0.546206549,95.58,16409875.0,0.0,0.0,99793.0,24730401.0,0.0,0.0,107582.0,0.0,0.0,0.0,0.0
2023-03-28 14:45:04.297000+00:00,17231872.0,36663296.0,41013248.0,41013248.0,27.06,0.546431199,95.65,16436351.0,0.0,0.0,99957.0,24768423.0,0.0,0.0,107759.0,0.0,0.0,0.0,0.0
2023-03-28 14:45:08.627000+00:00,17231872.0,36663296.0,41013248.0,41119744.0,27.06,0.546431199,95.65,16437154.0,0.0,0.0,99961.0,24773009.0,0.0,0.0,107764.0,0.0,0.0,0.0,0.0
2023-03-28 14:45:14.293000+00:00,17231872.0,36909056.0,41283584.0,41283584.0,27.08,0.546431199,95.71,16437957.0,0.0,0.0,99965.0,24777595.0,0.0,0.0,107769.0,0.0,0.0,0.0,0.0
2023-03-28 14:45:18.937000+00:00,17231872.0,36909056.0,41283584.0,41283584.0,27.08,0.54658027,95.73,16437957.0,0.0,0.0,99965.0,24777595.0,0.0,0.0,107824.0,0.0,0.0,0.0,0.0
2023-03-28 14:45:23.627000+00:00,17231872.0,36618240.0,40955904.0,40955904.0,27.1,0.546717449,95.84,16465420.0,0.0,0.0,100135.0,24816966.0,0.0,0.0,107953.0,0.0,0.0,0.0,0.0
2023-03-28 14:45:28.560000+00:00,17231872.0,36618240.0,40955904.0,40955904.0,27.1,0.546717449,95.84,16465420.0,0.0,0.0,100135.0,24816966.0,0.0,0.0,107953.0,0.0,0.0,0.0,0.0
2023-03-28 14:45:34.845000+00:00,17231872.0,36864000.0,41189376.0,41189376.0,27.13,0.546717449,95.89,16467026.0,0.0,0.0,100143.0,24826138.0,0.0,0.0,107963.0,0.0,0.0,0.0,0.0
2023-03-28 14:45:38.938000+00:00,17231872.0,36864000.0,40792064.0,40792064.0,27.13,0.546860301,95.95,16492933.0,0.0,0.0,100301.0,24859883.0,0.0,0.0,108134.0,0.0,0.0,0.0,0.0
2023-03-28 14:45:44.295000+00:00,17231872.0,36544512.0,40984576.0,40984576.0,27.14,0.546860301,96.02,16493736.0,0.0,0.0,100305.0,24864469.0,0.0,0.0,108139.0,0.0,0.0,0.0,0.0
2023-03-28 14:45:49.258000+00:00,17342464.0,36544512.0,40984576.0,40443904.0,27.15,0.546860301,96.04,16502214.0,0.0,0.0,100355.0,24877832.0,0.0,0.0,108193.0,0.0,0.0,0.0,0.0
2023-03-28 14:45:54.074000+00:00,17342464.0,36769792.0,41205760.0,41205760.0,27.18,0.546860301,96.13,16511656.0,0.0,0.0,100414.0,24892509.0,0.0,0.0,108257.0,0.0,0.0,0.0,0.0
2023-03-28 14:45:58.591000+00:00,17342464.0,36769792.0,41205760.0,41205760.0,27.19,0.546860301,96.15,16511656.0,0.0,0.0,100414.0,24892509.0,0.0,0.0,108257.0,0.0,0.0,0.0,0.0
2023-03-28 14:46:04.037000+00:00,17342464.0,36634624.0,40964096.0,40964096.0,27.2,0.546860301,96.22,16521902.0,0.0,0.0,100478.0,24911767.0,0.0,0.0,108327.0,0.0,0.0,0.0,0.0
2023-03-28 14:46:09.509000+00:00,17342464.0,36700160.0,41005056.0,41005056.0,27.22,0.546860301,96.26,16538977.0,0.0,0.0,100582.0,24935170.0,0.0,0.0,108439.0,0.0,0.0,0.0,0.0
2023-03-28 14:46:13.649000+00:00,17342464.0,36352000.0,40689664.0,40689664.0,27.24,0.546860301,96.34,16547433.0,0.0,0.0,100632.0,24948573.0,0.0,0.0,108494.0,0.0,0.0,0.0,0.0
2023-03-28 14:46:19.714000+00:00,17342464.0,36454400.0,40689664.0,40689664.0,27.24,0.546860301,96.34,16547433.0,0.0,0.0,100632.0,24948573.0,0.0,0.0,108499.0,0.0,0.0,0.0,0.0
2023-03-28 14:46:24.306000+00:00,17342464.0,36593664.0,41037824.0,41037824.0,27.25,0.546860301,96.41,16549039.0,0.0,0.0,100640.0,24957745.0,0.0,0.0,108504.0,0.0,0.0,0.0,0.0
2023-03-28 14:46:28.182000+00:00,17342464.0,36593664.0,41037824.0,41037824.0,27.25,0.546860301,96.42,16549039.0,0.0,0.0,100640.0,24957745.0,0.0,0.0,108504.0,0.0,0.0,0.0,0.0
2023-03-28 14:46:34.725000+00:00,17342464.0,36319232.0,40800256.0,40800256.0,27.29,0.546860301,96.48,16558390.0,0.0,0.0,100695.0,24975752.0,0.0,0.0,108564.0,0.0,0.0,0.0,0.0
2023-03-28 14:46:38.853000+00:00,17342464.0,36319232.0,41193472.0,41193472.0,27.29,0.546860301,96.5,16567822.0,0.0,0.0,100753.0,24990414.0,0.0,0.0,108627.0,0.0,0.0,0.0,0.0
2023-03-28 14:46:44.700000+00:00,17342464.0,36806656.0,41218048.0,41218048.0,27.33,0.546860301,96.58,16584033.0,0.0,0.0,100851.0,25012612.0,0.0,0.0,108732.0,0.0,0.0,0.0,0.0
2023-03-28 14:46:49.307000+00:00,17342464.0,36806656.0,41218048.0,40579072.0,27.33,0.546860301,96.59,16584836.0,0.0,0.0,100855.0,25017198.0,0.0,0.0,108737.0,0.0,0.0,0.0,0.0
2023-03-28 14:46:54.628000+00:00,17428480.0,36368384.0,40820736.0,40820736.0,27.37,0.546860301,96.7,16602783.0,0.0,0.0,100968.0,25041841.0,0.0,0.0,108859.0,0.0,0.0,0.0,0.0
2023-03-28 14:46:58.959000+00:00,17428480.0,36818944.0,41156608.0,41156608.0,27.38,0.546860301,96.7,16611325.0,0.0,0.0,101020.0,25055268.0,0.0,0.0,108915.0,0.0,0.0,0.0,0.0
2023-03-28 14:47:04.583000+00:00,17428480.0,36134912.0,40513536.0,40513536.0,27.39,0.547313747,96.77,16612128.0,0.0,0.0,101024.0,25059854.0,0.0,0.0,108920.0,0.0,0.0,0.0,0.0
2023-03-28 14:47:08.749000+00:00,17428480.0,36134912.0,40513536.0,40513536.0,27.39,0.547313747,96.78,16612128.0,0.0,0.0,101028.0,25064440.0,0.0,0.0,108925.0,0.0,0.0,0.0,0.0
2023-03-28 14:47:13.289000+00:00,17428480.0,36335616.0,40689664.0,40689664.0,27.39,0.547313747,96.78,16613734.0,0.0,0.0,101032.0,25069026.0,0.0,0.0,108930.0,0.0,0.0,0.0,0.0
2023-03-28 14:47:19.144000+00:00,17428480.0,36335616.0,40812544.0,40812544.0,27.42,0.547313747,96.84,16614537.0,0.0,0.0,101036.0,25073612.0,0.0,0.0,108935.0,0.0,0.0,0.0,0.0
2023-03-28 14:47:24.418000+00:00,17428480.0,36130816.0,40570880.0,40570880.0,27.44,0.547313747,96.9,16622989.0,0.0,0.0,101086.0,25087005.0,0.0,0.0,108990.0,0.0,0.0,0.0,0.0
2023-03-28 14:47:28.905000+00:00,17428480.0,36130816.0,40570880.0,40570880.0,27.46,0.547313747,96.94,16622989.0,0.0,0.0,101086.0,25087005.0,0.0,0.0,109111.0,0.0,0.0,0.0,0.0
2023-03-28 14:47:34.423000+00:00,17428480.0,38891520.0,43982848.0,43982848.0,27.46,0.547313747,96.98,16651344.0,0.0,0.0,101264.0,25127524.0,0.0,0.0,109182.0,0.0,0.0,0.0,0.0
2023-03-28 14:47:38.703000+00:00,17428480.0,36102144.0,40583168.0,40583168.0,27.5,0.547313747,97.08,16669251.0,0.0,0.0,101376.0,25152101.0,0.0,0.0,109303.0,0.0,0.0,0.0,0.0
2023-03-28 14:47:44.328000+00:00,17428480.0,36859904.0,41283584.0,41283584.0,27.53,0.547313747,97.16,16718958.0,0.0,0.0,101680.0,25213160.0,0.0,0.0,109628.0,0.0,0.0,0.0,0.0
2023-03-28 14:47:49.758000+00:00,17428480.0,36859904.0,41283584.0,40927232.0,27.56,0.547313747,97.29,16743684.0,0.0,0.0,101830.0,25245314.0,0.0,0.0,109789.0,0.0,0.0,0.0,0.0
2023-03-28 14:47:54.702000+00:00,17588224.0,36626432.0,41086976.0,41086976.0,27.61,0.547313747,97.3,16761690.0,0.0,0.0,101943.0,25269934.0,0.0,0.0,109910.0,0.0,0.0,0.0,0.0
2023-03-28 14:47:59.373000+00:00,17588224.0,36372480.0,40755200.0,40755200.0,27.62,0.547313747,97.4,16771143.0,0.0,0.0,102003.0,25284615.0,0.0,0.0,109975.0,0.0,0.0,0.0,0.0
2023-03-28 14:48:03.635000+00:00,17588224.0,36462592.0,40763392.0,40763392.0,27.62,0.547313747,97.45,16789082.0,0.0,0.0,102115.0,25309212.0,0.0,0.0,110096.0,0.0,0.0,0.0,0.0
2023-03-28 14:48:09.571000+00:00,17588224.0,36462592.0,40763392.0,40763392.0,27.64,0.547871052,97.51,16789082.0,0.0,0.0,102115.0,25309212.0,0.0,0.0,110101.0,0.0,0.0,0.0,0.0
2023-03-28 14:48:14.417000+00:00,17588224.0,36696064.0,41000960.0,41000960.0,27.64,0.547871052,97.51,16790688.0,0.0,0.0,102123.0,25318384.0,0.0,0.0,110106.0,0.0,0.0,0.0,0.0
2023-03-28 14:48:18.745000+00:00,17588224.0,36696064.0,41312256.0,41312256.0,27.67,0.547871052,97.56,16791491.0,0.0,0.0,102127.0,25322970.0,0.0,0.0,110111.0,0.0,0.0,0.0,0.0
2023-03-28 14:48:23.181000+00:00,17588224.0,36491264.0,40800256.0,40800256.0,27.68,0.547871052,97.58,16800879.0,0.0,0.0,102185.0,25337582.0,0.0,0.0,110174.0,0.0,0.0,0.0,0.0
2023-03-28 14:48:29.308000+00:00,17588224.0,36491264.0,40800256.0,40800256.0,27.7,0.547871052,97.66,16800879.0,0.0,0.0,102185.0,25337582.0,0.0,0.0,110174.0,0.0,0.0,0.0,0.0
2023-03-28 14:48:34.328000+00:00,17588224.0,36720640.0,41021440.0,41021440.0,27.7,0.547871052,97.68,16819852.0,0.0,0.0,102301.0,25367018.0,0.0,0.0,110300.0,0.0,0.0,0.0,0.0
2023-03-28 14:48:38.560000+00:00,17588224.0,36425728.0,40902656.0,40902656.0,27.72,0.547871052,97.76,16829282.0,0.0,0.0,102359.0,25381670.0,0.0,0.0,110363.0,0.0,0.0,0.0,0.0
2023-03-28 14:48:43.557000+00:00,17588224.0,36483072.0,40833024.0,40833024.0,27.73,0.547871052,97.8,16846246.0,0.0,0.0,102463.0,25404942.0,0.0,0.0,110475.0,0.0,0.0,0.0,0.0
2023-03-28 14:48:49.583000+00:00,17588224.0,36483072.0,40833024.0,40833024.0,27.74,0.547871052,97.87,16847049.0,0.0,0.0,102467.0,25409528.0,0.0,0.0,110480.0,0.0,0.0,0.0,0.0
2023-03-28 14:48:53.632000+00:00,17707008.0,36438016.0,40804352.0,40804352.0,27.76,0.547871052,97.9,16857397.0,0.0,0.0,102534.0,25425402.0,0.0,0.0,110552.0,0.0,0.0,0.0,0.0
2023-03-28 14:48:58.478000+00:00,17707008.0,36438016.0,40804352.0,40804352.0,27.79,0.547871052,97.96,16857397.0,0.0,0.0,102534.0,25425402.0,0.0,0.0,110552.0,0.0,0.0,0.0,0.0
2023-03-28 14:49:04.834000+00:00,17707008.0,36278272.0,40579072.0,40579072.0,27.79,0.547871052,98.0,16885785.0,0.0,0.0,102715.0,25465832.0,0.0,0.0,110745.0,0.0,0.0,0.0,0.0
2023-03-28 14:49:09.438000+00:00,17707008.0,36278272.0,40579072.0,40579072.0,27.8,0.547871052,98.0,16885785.0,0.0,0.0,102715.0,25465832.0,0.0,0.0,110750.0,0.0,0.0,0.0,0.0
2023-03-28 14:49:13.591000+00:00,17707008.0,36560896.0,40927232.0,40927232.0,27.83,0.547871052,98.12,16922858.0,0.0,0.0,102947.0,25516378.0,0.0,0.0,110993.0,0.0,0.0,0.0,0.0
2023-03-28 14:49:19.354000+00:00,17707008.0,36560896.0,41312256.0,41312256.0,27.85,0.547871052,98.2,16941678.0,0.0,0.0,103067.0,25542163.0,0.0,0.0,111122.0,0.0,0.0,0.0,0.0
2023-03-28 14:49:23.497000+00:00,17707008.0,36581376.0,40894464.0,40894464.0,27.85,0.547871052,98.23,16951955.0,0.0,0.0,103133.0,25557939.0,0.0,0.0,111193.0,0.0,0.0,0.0,0.0
2023-03-28 14:49:28.322000+00:00,17707008.0,36716544.0,40894464.0,40894464.0,27.88,0.547871052,98.28,16951955.0,0.0,0.0,103133.0,25557939.0,0.0,0.0,111193.0,0.0,0.0,0.0,0.0
2023-03-28 14:49:34.743000+00:00,17707008.0,36233216.0,40538112.0,40538112.0,27.9,0.547871052,98.32,16977694.0,0.0,0.0,103287.0,25594901.0,0.0,0.0,111359.0,0.0,0.0,0.0,0.0
2023-03-28 14:49:38.429000+00:00,17707008.0,36773888.0,41267200.0,41267200.0,27.92,0.547871052,98.32,16987082.0,0.0,0.0,103345.0,25609518.0,0.0,0.0,111422.0,0.0,0.0,0.0,0.0
2023-03-28 14:49:44.430000+00:00,17707008.0,36450304.0,40808448.0,40808448.0,27.92,0.547871052,98.4,16995550.0,0.0,0.0,103395.0,25622871.0,0.0,0.0,111476.0,0.0,0.0,0.0,0.0
2023-03-28 14:49:49.447000+00:00,17883136.0,36450304.0,40808448.0,40808448.0,27.97,0.547871052,98.48,16995550.0,0.0,0.0,103499.0,25646309.0,0.0,0.0,111589.0,0.0,0.0,0.0,0.0
2023-03-28 14:49:54.092000+00:00,17883136.0,36225024.0,40611840.0,40611840.0,28.01,0.547871052,98.5,17022052.0,0.0,0.0,103558.0,25661003.0,0.0,0.0,111653.0,0.0,0.0,0.0,0.0
2023-03-28 14:49:59.149000+00:00,17883136.0,36225024.0,40611840.0,40611840.0,28.04,0.548260097,98.59,17022052.0,0.0,0.0,103558.0,25661003.0,0.0,0.0,111653.0,0.0,0.0,0.0,0.0
2023-03-28 14:50:03.033000+00:00,17883136.0,36462592.0,40976384.0,40976384.0,28.05,0.548260097,98.66,17059407.0,0.0,0.0,103792.0,25711992.0,0.0,0.0,111905.0,0.0,0.0,0.0,0.0
2023-03-28 14:50:09.539000+00:00,17883136.0,36462592.0,40976384.0,40976384.0,28.05,0.548260097,98.68,17059407.0,0.0,0.0,103792.0,25711992.0,0.0,0.0,111960.0,0.0,0.0,0.0,0.0
2023-03-28 14:50:13.664000+00:00,17883136.0,36212736.0,40591360.0,40591360.0,28.07,0.548260097,98.75,17068676.0,0.0,0.0,103846.0,25729997.0,0.0,0.0,111965.0,0.0,0.0,0.0,0.0
2023-03-28 14:50:18.569000+00:00,17883136.0,36212736.0,41058304.0,41058304.0,28.08,0.548260097,98.77,17078106.0,0.0,0.0,103904.0,25744654.0,0.0,0.0,112028.0,0.0,0.0,0.0,0.0
2023-03-28 14:50:24.048000+00:00,17883136.0,36425728.0,40747008.0,40747008.0,28.1,0.549261012,98.86,17087445.0,0.0,0.0,103962.0,25759225.0,0.0,0.0,112091.0,0.0,0.0,0.0,0.0
2023-03-28 14:50:29.340000+00:00,17883136.0,36519936.0,40747008.0,40747008.0,28.1,0.549261012,98.86,17087445.0,0.0,0.0,103962.0,25759225.0,0.0,0.0,112091.0,0.0,0.0,0.0,0.0
2023-03-28 14:50:33.821000+00:00,17883136.0,36192256.0,40632320.0,40632320.0,28.12,0.549261012,98.94,17096850.0,0.0,0.0,104016.0,25777306.0,0.0,0.0,112150.0,0.0,0.0,0.0,0.0
2023-03-28 14:50:39.267000+00:00,17883136.0,36192256.0,40632320.0,40943616.0,28.13,0.549261012,98.94,17105360.0,0.0,0.0,104066.0,25790765.0,0.0,0.0,112205.0,0.0,0.0,0.0,0.0
2023-03-28 14:50:44.319000+00:00,17883136.0,36712448.0,41033728.0,41033728.0,28.15,0.549261012,99.03,17122384.0,0.0,0.0,104170.0,25814118.0,0.0,0.0,112317.0,0.0,0.0,0.0,0.0
2023-03-28 14:50:48.377000+00:00,18001920.0,36712448.0,41033728.0,41033728.0,28.15,0.549261012,99.04,17122384.0,0.0,0.0,104170.0,25818704.0,0.0,0.0,112322.0,0.0,0.0,0.0,0.0
2023-03-28 14:50:54.687000+00:00,18001920.0,36196352.0,40894464.0,40894464.0,28.2,0.549261012,99.12,17124044.0,0.0,0.0,104179.0,25823364.0,0.0,0.0,112328.0,0.0,0.0,0.0,0.0
2023-03-28 14:50:59.531000+00:00,18001920.0,36196352.0,40894464.0,41091072.0,28.21,0.549261012,99.16,17150048.0,0.0,0.0,104339.0,25856670.0,0.0,0.0,112493.0,0.0,0.0,0.0,0.0
2023-03-28 14:51:04.152000+00:00,18001920.0,36302848.0,40833024.0,40833024.0,28.24,0.549261012,99.23,17158530.0,0.0,0.0,104389.0,25870041.0,0.0,0.0,112547.0,0.0,0.0,0.0,0.0
2023-03-28 14:51:09.767000+00:00,18001920.0,36302848.0,40833024.0,40833024.0,28.25,0.549261012,99.25,17158530.0,0.0,0.0,104389.0,25870041.0,0.0,0.0,112610.0,0.0,0.0,0.0,0.0
2023-03-28 14:51:13.769000+00:00,18001920.0,36462592.0,40972288.0,40972288.0,28.29,0.549442548,99.35,17193684.0,0.0,0.0,104606.0,25918125.0,0.0,0.0,112780.0,0.0,0.0,0.0,0.0
2023-03-28 14:51:18.463000+00:00,18001920.0,36274176.0,40583168.0,40583168.0,28.31,0.549442548,99.35,17210011.0,0.0,0.0,104702.0,25940497.0,0.0,0.0,112884.0,0.0,0.0,0.0,0.0
2023-03-28 14:51:24.152000+00:00,18001920.0,36294656.0,40640512.0,40640512.0,28.32,0.549442548,99.58,17227136.0,0.0,0.0,104806.0,25964012.0,0.0,0.0,112997.0,0.0,0.0,0.0,0.0
2023-03-28 14:51:28.820000+00:00,18001920.0,36294656.0,40640512.0,40640512.0,28.33,0.549442548,99.6,17227136.0,0.0,0.0,104806.0,25964012.0,0.0,0.0,112997.0,0.0,0.0,0.0,0.0
2023-03-28 14:51:33.869000+00:00,18001920.0,36409344.0,41078784.0,41078784.0,28.34,0.549442548,99.68,17245147.0,0.0,0.0,104914.0,25992143.0,0.0,0.0,113114.0,0.0,0.0,0.0,0.0
2023-03-28 14:51:39.658000+00:00,18001920.0,36409344.0,41078784.0,41287680.0,28.36,0.549442548,99.7,17253631.0,0.0,0.0,104964.0,26005580.0,0.0,0.0,113169.0,0.0,0.0,0.0,0.0
2023-03-28 14:51:44.577000+00:00,18001920.0,36454400.0,41054208.0,41054208.0,28.37,0.549442548,99.77,17262125.0,0.0,0.0,105014.0,26018963.0,0.0,0.0,113223.0,0.0,0.0,0.0,0.0
2023-03-28 14:51:48.686000+00:00,18145280.0,36454400.0,41054208.0,41054208.0,28.37,0.549442548,99.78,17262125.0,0.0,0.0,105014.0,26018963.0,0.0,0.0,113228.0,0.0,0.0,0.0,0.0
2023-03-28 14:51:54.576000+00:00,18145280.0,36331520.0,40853504.0,40853504.0,28.39,0.549442548,99.9,17272374.0,0.0,0.0,105077.0,26038243.0,0.0,0.0,113292.0,0.0,0.0,0.0,0.0
2023-03-28 14:51:58.395000+00:00,18145280.0,36331520.0,40853504.0,40853504.0,28.39,0.549442548,99.92,17272374.0,0.0,0.0,105077.0,26038243.0,0.0,0.0,113292.0,0.0,0.0,0.0,0.0
2023-03-28 14:52:03.772000+00:00,18145280.0,36454400.0,40845312.0,40845312.0,28.41,0.549442548,99.99,17290293.0,0.0,0.0,105187.0,26066332.0,0.0,0.0,113412.0,0.0,0.0,0.0,0.0
2023-03-28 14:52:08.793000+00:00,18145280.0,36896768.0,41254912.0,41254912.0,28.43,0.549442548,100.05,17316972.0,0.0,0.0,105354.0,26100599.0,0.0,0.0,113584.0,0.0,0.0,0.0,0.0
2023-03-28 14:52:14.407000+00:00,18145280.0,36925440.0,41623552.0,41623552.0,28.44,0.549442548,100.14,17334039.0,0.0,0.0,105458.0,26123989.0,0.0,0.0,113696.0,0.0,0.0,0.0,0.0
2023-03-28 14:52:18.909000+00:00,18145280.0,36495360.0,40816640.0,40816640.0,28.45,0.549442548,100.16,17342547.0,0.0,0.0,105508.0,26137448.0,0.0,0.0,113751.0,0.0,0.0,0.0,0.0
2023-03-28 14:52:23.411000+00:00,18145280.0,38854656.0,43859968.0,43859968.0,28.45,0.549442548,100.2,17343350.0,0.0,0.0,105512.0,26142034.0,0.0,0.0,113756.0,0.0,0.0,0.0,0.0
2023-03-28 14:52:28.345000+00:00,18145280.0,38854656.0,43859968.0,43859968.0,28.46,0.549442548,100.23,17343350.0,0.0,0.0,105512.0,26142034.0,0.0,0.0,113756.0,0.0,0.0,0.0,0.0
2023-03-28 14:52:34.487000+00:00,18145280.0,36761600.0,41193472.0,41193472.0,28.5,0.549442548,100.33,17361292.0,0.0,0.0,105620.0,26170150.0,0.0,0.0,113874.0,0.0,0.0,0.0,0.0
2023-03-28 14:52:38.884000+00:00,18145280.0,36761600.0,41193472.0,41193472.0,28.51,0.556052658,100.36,17371586.0,0.0,0.0,105687.0,26185953.0,0.0,0.0,113946.0,0.0,0.0,0.0,0.0
2023-03-28 14:52:43.873000+00:00,18145280.0,37093376.0,41476096.0,41476096.0,28.52,0.560835938,100.39,17380086.0,0.0,0.0,105737.0,26199392.0,0.0,0.0,114001.0,0.0,0.0,0.0,0.0
2023-03-28 14:52:48.383000+00:00,18280448.0,36638720.0,41476096.0,41476096.0,28.54,0.591897802,100.48,17380086.0,0.0,0.0,105737.0,26199392.0,0.0,0.0,114072.0,0.0,0.0,0.0,0.0
2023-03-28 14:52:54.032000+00:00,18280448.0,36372480.0,40812544.0,40812544.0,28.56,0.616538728,100.51,17399759.0,0.0,0.0,105862.0,26229804.0,0.0,0.0,114136.0,0.0,0.0,0.0,0.0
2023-03-28 14:52:58.230000+00:00,18280448.0,36372480.0,40812544.0,40812544.0,28.58,0.616538728,100.57,17399759.0,0.0,0.0,105862.0,26229804.0,0.0,0.0,114136.0,0.0,0.0,0.0,0.0
2023-03-28 14:53:04.098000+00:00,18280448.0,36601856.0,40906752.0,40906752.0,28.58,0.616538728,100.61,17418628.0,0.0,0.0,105980.0,26259121.0,0.0,0.0,114264.0,0.0,0.0,0.0,0.0
2023-03-28 14:53:08.805000+00:00,18280448.0,36745216.0,41058304.0,41058304.0,28.61,0.616538728,100.66,17419431.0,0.0,0.0,105984.0,26263707.0,0.0,0.0,114269.0,0.0,0.0,0.0,0.0
2023-03-28 14:53:14.063000+00:00,18280448.0,36827136.0,41132032.0,41132032.0,28.63,0.616538728,100.69,17437405.0,0.0,0.0,106096.0,26288348.0,0.0,0.0,114390.0,0.0,0.0,0.0,0.0
2023-03-28 14:53:19.652000+00:00,18280448.0,36913152.0,41431040.0,41431040.0,28.66,0.616538728,100.8,17454433.0,0.0,0.0,106200.0,26311760.0,0.0,0.0,114503.0,0.0,0.0,0.0,0.0
2023-03-28 14:53:24.362000+00:00,18280448.0,36139008.0,40448000.0,40448000.0,28.66,0.616538728,100.8,17455236.0,0.0,0.0,106204.0,26316346.0,0.0,0.0,114508.0,0.0,0.0,0.0,0.0
2023-03-28 14:53:28.998000+00:00,18280448.0,36278272.0,40448000.0,40448000.0,28.68,0.616538728,100.88,17455236.0,0.0,0.0,106204.0,26316346.0,0.0,0.0,114508.0,0.0,0.0,0.0,0.0
2023-03-28 14:53:33.927000+00:00,18280448.0,36540416.0,40849408.0,40849408.0,28.7,0.616538728,100.91,17478080.0,0.0,0.0,106336.0,26349820.0,0.0,0.0,114650.0,0.0,0.0,0.0,0.0
2023-03-28 14:53:39.613000+00:00,18280448.0,36540416.0,40849408.0,40849408.0,28.72,0.616538728,101.01,17478080.0,0.0,0.0,106448.0,26373005.0,0.0,0.0,114770.0,0.0,0.0,0.0,0.0
2023-03-28 14:53:43.594000+00:00,18280448.0,36208640.0,40771584.0,40771584.0,28.72,0.616538728,101.02,17500904.0,0.0,0.0,106484.0,26384010.0,0.0,0.0,114807.0,0.0,0.0,0.0,0.0
2023-03-28 14:53:48.149000+00:00,18280448.0,36929536.0,40771584.0,40771584.0,28.74,0.616538728,101.11,17500904.0,0.0,0.0,106484.0,26384010.0,0.0,0.0,114896.0,0.0,0.0,0.0,0.0
2023-03-28 14:53:53.597000+00:00,18411520.0,36622336.0,40931328.0,40931328.0,28.76,0.616538728,101.15,17521646.0,0.0,0.0,106615.0,26415827.0,0.0,0.0,114952.0,0.0,0.0,0.0,0.0
2023-03-28 14:53:59.605000+00:00,18411520.0,36622336.0,40931328.0,40931328.0,28.78,0.616538728,101.24,17521646.0,0.0,0.0,106615.0,26415827.0,0.0,0.0,114952.0,0.0,0.0,0.0,0.0
2023-03-28 14:54:04.147000+00:00,18411520.0,36810752.0,41119744.0,41119744.0,28.79,0.616538728,101.26,17539812.0,0.0,0.0,106725.0,26444178.0,0.0,0.0,115072.0,0.0,0.0,0.0,0.0
2023-03-28 14:54:09.648000+00:00,18411520.0,36102144.0,40538112.0,40538112.0,28.8,0.616538728,101.33,17540615.0,0.0,0.0,106729.0,26448764.0,0.0,0.0,115077.0,0.0,0.0,0.0,0.0
2023-03-28 14:54:13.626000+00:00,18411520.0,36204544.0,40570880.0,40570880.0,28.8,0.616538728,101.33,17541418.0,0.0,0.0,106733.0,26453350.0,0.0,0.0,115082.0,0.0,0.0,0.0,0.0
2023-03-28 14:54:19.275000+00:00,18411520.0,36204544.0,40570880.0,41013248.0,28.84,0.616538728,101.44,17566300.0,0.0,0.0,106883.0,26485602.0,0.0,0.0,115242.0,0.0,0.0,0.0,0.0
2023-03-28 14:54:23.875000+00:00,18411520.0,36155392.0,40624128.0,40624128.0,28.86,0.616538728,101.48,17590222.0,0.0,0.0,107025.0,26516681.0,0.0,0.0,115395.0,0.0,0.0,0.0,0.0
2023-03-28 14:54:29.152000+00:00,18411520.0,36757504.0,40624128.0,40624128.0,28.89,0.616538728,101.56,17590222.0,0.0,0.0,107025.0,26516681.0,0.0,0.0,115395.0,0.0,0.0,0.0,0.0
2023-03-28 14:54:33.685000+00:00,18411520.0,36380672.0,40730624.0,40730624.0,28.9,0.616538728,101.62,17626184.0,0.0,0.0,107250.0,26565639.0,0.0,0.0,115633.0,0.0,0.0,0.0,0.0
2023-03-28 14:54:39.607000+00:00,18411520.0,36380672.0,40730624.0,40730624.0,28.93,0.616538728,101.69,17643251.0,0.0,0.0,107354.0,26589036.0,0.0,0.0,115745.0,0.0,0.0,0.0,0.0
2023-03-28 14:54:43.916000+00:00,18411520.0,36573184.0,40927232.0,40927232.0,28.94,0.616538728,101.7,17644054.0,0.0,0.0,107358.0,26593622.0,0.0,0.0,115750.0,0.0,0.0,0.0,0.0
2023-03-28 14:54:48.172000+00:00,18411520.0,36573184.0,40849408.0,40849408.0,28.96,0.616538728,101.77,17652502.0,0.0,0.0,107408.0,26606949.0,0.0,0.0,115804.0,0.0,0.0,0.0,0.0
2023-03-28 14:54:54.752000+00:00,18554880.0,36757504.0,41193472.0,41193472.0,29.0,0.616538728,101.81,17678058.0,0.0,0.0,107568.0,26640411.0,0.0,0.0,115975.0,0.0,0.0,0.0,0.0
2023-03-28 14:54:58.903000+00:00,18554880.0,36757504.0,41193472.0,41193472.0,29.02,0.616538728,101.9,17678058.0,0.0,0.0,107568.0,26640411.0,0.0,0.0,115975.0,0.0,0.0,0.0,0.0
2023-03-28 14:55:04.573000+00:00,18554880.0,36126720.0,40435712.0,40435712.0,29.04,0.616538728,101.93,17714177.0,0.0,0.0,107793.0,26689689.0,0.0,0.0,116218.0,0.0,0.0,0.0,0.0
2023-03-28 14:55:09.302000+00:00,18554880.0,36265984.0,40824832.0,40824832.0,29.04,0.616538728,102.0,17714980.0,0.0,0.0,107797.0,26694275.0,0.0,0.0,116223.0,0.0,0.0,0.0,0.0
2023-03-28 14:55:13.692000+00:00,18554880.0,36372480.0,40730624.0,40730624.0,29.05,0.616538728,102.0,17715783.0,0.0,0.0,107801.0,26698861.0,0.0,0.0,116228.0,0.0,0.0,0.0,0.0
2023-03-28 14:55:18.241000+00:00,18554880.0,36372480.0,40730624.0,40775680.0,29.06,0.616538728,102.02,17716586.0,0.0,0.0,107805.0,26703447.0,0.0,0.0,116233.0,0.0,0.0,0.0,0.0
2023-03-28 14:55:24.550000+00:00,18554880.0,36237312.0,40685568.0,40685568.0,29.08,0.616538728,102.1,17726324.0,0.0,0.0,107863.0,26718429.0,0.0,0.0,116296.0,0.0,0.0,0.0,0.0
2023-03-28 14:55:28.889000+00:00,18554880.0,36233216.0,40890368.0,40685568.0,29.12,0.616538728,102.2,17726324.0,0.0,0.0,107863.0,26718429.0,0.0,0.0,116296.0,0.0,0.0,0.0,0.0
2023-03-28 14:55:34.258000+00:00,18554880.0,36667392.0,41050112.0,41050112.0,29.12,0.616538728,102.27,17769166.0,0.0,0.0,108125.0,26775338.0,0.0,0.0,116578.0,0.0,0.0,0.0,0.0
2023-03-28 14:55:39.015000+00:00,18554880.0,36667392.0,41050112.0,41050112.0,29.14,0.616538728,102.3,17786391.0,0.0,0.0,108229.0,26798959.0,0.0,0.0,116691.0,0.0,0.0,0.0,0.0
2023-03-28 14:55:43.771000+00:00,18554880.0,36364288.0,40689664.0,40689664.0,29.16,0.616538728,102.37,17794861.0,0.0,0.0,108279.0,26812312.0,0.0,0.0,116745.0,0.0,0.0,0.0,0.0
2023-03-28 14:55:48.960000+00:00,18554880.0,36343808.0,40689664.0,40689664.0,29.18,0.616538728,102.4,17794861.0,0.0,0.0,108279.0,26812312.0,0.0,0.0,116745.0,0.0,0.0,0.0,0.0
2023-03-28 14:55:53.339000+00:00,18722816.0,36556800.0,41148416.0,41148416.0,29.24,0.616538728,102.53,17845357.0,0.0,0.0,108588.0,26878234.0,0.0,0.0,117080.0,0.0,0.0,0.0,0.0
2023-03-28 14:55:59.303000+00:00,18722816.0,36556800.0,41148416.0,41148416.0,29.25,0.616538728,102.55,17845357.0,0.0,0.0,108588.0,26878234.0,0.0,0.0,117080.0,0.0,0.0,0.0,0.0
2023-03-28 14:56:04.234000+00:00,18722816.0,36696064.0,41058304.0,41058304.0,29.28,0.616538728,102.64,17863280.0,0.0,0.0,108698.0,26906333.0,0.0,0.0,117200.0,0.0,0.0,0.0,0.0
2023-03-28 14:56:09.437000+00:00,18722816.0,36696064.0,41095168.0,41095168.0,29.28,0.616538728,102.64,17864083.0,0.0,0.0,108702.0,26910919.0,0.0,0.0,117205.0,0.0,0.0,0.0,0.0
2023-03-28 14:56:14.398000+00:00,18722816.0,36528128.0,40927232.0,40927232.0,29.3,0.616538728,102.73,17873418.0,0.0,0.0,108760.0,26925480.0,0.0,0.0,117268.0,0.0,0.0,0.0,0.0
2023-03-28 14:56:19.688000+00:00,18722816.0,36237312.0,40554496.0,40554496.0,29.3,0.616538728,102.75,17882910.0,0.0,0.0,108819.0,26940060.0,0.0,0.0,117330.0,0.0,0.0,0.0,0.0
2023-03-28 14:56:24.863000+00:00,18722816.0,36188160.0,40771584.0,40771584.0,29.36,0.616538728,102.86,17915556.0,0.0,0.0,109016.0,26981086.0,0.0,0.0,117539.0,0.0,0.0,0.0,0.0
2023-03-28 14:56:28.616000+00:00,18722816.0,36278272.0,40771584.0,40771584.0,29.36,0.616538728,102.86,17915556.0,0.0,0.0,109016.0,26981086.0,0.0,0.0,117539.0,0.0,0.0,0.0,0.0
2023-03-28 14:56:33.253000+00:00,18722816.0,36417536.0,40796160.0,40796160.0,29.38,0.616538728,102.93,17917162.0,0.0,0.0,109024.0,26990258.0,0.0,0.0,117549.0,0.0,0.0,0.0,0.0
2023-03-28 14:56:39.500000+00:00,18722816.0,36417536.0,40796160.0,40796160.0,29.38,0.616538728,102.95,17926908.0,0.0,0.0,109082.0,27005240.0,0.0,0.0,117612.0,0.0,0.0,0.0,0.0
2023-03-28 14:56:44.387000+00:00,18722816.0,36159488.0,40525824.0,40525824.0,29.41,0.616538728,103.05,17944779.0,0.0,0.0,109194.0,27029520.0,0.0,0.0,117729.0,0.0,0.0,0.0,0.0
2023-03-28 14:56:48.219000+00:00,18722816.0,36159488.0,40525824.0,40525824.0,29.41,0.616538728,103.05,17944779.0,0.0,0.0,109194.0,27029520.0,0.0,0.0,117734.0,0.0,0.0,0.0,0.0
2023-03-28 14:56:54.168000+00:00,18862080.0,36810752.0,41168896.0,41168896.0,29.44,0.616538728,103.16,17970489.0,0.0,0.0,109349.0,27066528.0,0.0,0.0,117897.0,0.0,0.0,0.0,0.0
2023-03-28 14:56:59.131000+00:00,18862080.0,36810752.0,41168896.0,41168896.0,29.44,0.616538728,103.19,17970489.0,0.0,0.0,109349.0,27066528.0,0.0,0.0,117897.0,0.0,0.0,0.0,0.0
2023-03-28 14:57:04.005000+00:00,18862080.0,36589568.0,40894464.0,40894464.0,29.46,0.616538728,103.26,17979986.0,0.0,0.0,109405.0,27084759.0,0.0,0.0,117959.0,0.0,0.0,0.0,0.0
2023-03-28 14:57:09.804000+00:00,18862080.0,36589568.0,40992768.0,40992768.0,29.47,0.616538728,103.26,17980789.0,0.0,0.0,109409.0,27089345.0,0.0,0.0,117964.0,0.0,0.0,0.0,0.0
2023-03-28 14:57:13.873000+00:00,18862080.0,36855808.0,41181184.0,41181184.0,29.49,0.616538728,103.36,17999733.0,0.0,0.0,109530.0,27115100.0,0.0,0.0,118092.0,0.0,0.0,0.0,0.0
2023-03-28 14:57:18.337000+00:00,18862080.0,36855808.0,41181184.0,41267200.0,29.49,0.616538728,103.37,18000536.0,0.0,0.0,109534.0,27119686.0,0.0,0.0,118097.0,0.0,0.0,0.0,0.0
2023-03-28 14:57:24.113000+00:00,18862080.0,36208640.0,40828928.0,40828928.0,29.51,0.616538728,103.47,18017789.0,0.0,0.0,109638.0,27143277.0,0.0,0.0,118209.0,0.0,0.0,0.0,0.0
2023-03-28 14:57:28.612000+00:00,18862080.0,36712448.0,41189376.0,40828928.0,29.52,0.616538728,103.49,18017789.0,0.0,0.0,109638.0,27143277.0,0.0,0.0,118209.0,0.0,0.0,0.0,0.0
2023-03-28 14:57:34.257000+00:00,18862080.0,36737024.0,41295872.0,41295872.0,29.54,0.616538728,103.59,18043300.0,0.0,0.0,109792.0,27180048.0,0.0,0.0,118376.0,0.0,0.0,0.0,0.0
2023-03-28 14:57:38.545000+00:00,18862080.0,36737024.0,41295872.0,41295872.0,29.54,0.616538728,103.62,18043300.0,0.0,0.0,109842.0,27193771.0,0.0,0.0,118431.0,0.0,0.0,0.0,0.0
2023-03-28 14:57:43.518000+00:00,18862080.0,36839424.0,41193472.0,41193472.0,29.56,0.616538728,103.69,18060500.0,0.0,0.0,109892.0,27207148.0,0.0,0.0,118486.0,0.0,0.0,0.0,0.0
2023-03-28 14:57:49.757000+00:00,19009536.0,36839424.0,41193472.0,41193472.0,29.58,0.616538728,103.69,18060500.0,0.0,0.0,109892.0,27207148.0,0.0,0.0,118486.0,0.0,0.0,0.0,0.0
2023-03-28 14:57:54.032000+00:00,19009536.0,36675584.0,41185280.0,41185280.0,29.62,0.616538728,103.79,18086961.0,0.0,0.0,110055.0,27245183.0,0.0,0.0,118662.0,0.0,0.0,0.0,0.0
2023-03-28 14:57:59.854000+00:00,19009536.0,36675584.0,41185280.0,41185280.0,29.63,0.616538728,103.81,18086961.0,0.0,0.0,110055.0,27245183.0,0.0,0.0,118662.0,0.0,0.0,0.0,0.0
2023-03-28 14:58:04.507000+00:00,19009536.0,36483072.0,40796160.0,40796160.0,29.66,0.616538728,103.93,18114575.0,0.0,0.0,110227.0,27284699.0,0.0,0.0,118848.0,0.0,0.0,0.0,0.0
2023-03-28 14:58:08.626000+00:00,19009536.0,36483072.0,40472576.0,40472576.0,29.66,0.616538728,103.96,18123910.0,0.0,0.0,110285.0,27299252.0,0.0,0.0,118911.0,0.0,0.0,0.0,0.0
2023-03-28 14:58:14.563000+00:00,19009536.0,36634624.0,40964096.0,40964096.0,29.68,0.616538728,104.03,18132346.0,0.0,0.0,110335.0,27312619.0,0.0,0.0,118966.0,0.0,0.0,0.0,0.0
2023-03-28 14:58:17.955000+00:00,19009536.0,36634624.0,40964096.0,40554496.0,29.72,0.616538728,104.17,18140894.0,0.0,0.0,110386.0,27325924.0,0.0,0.0,119019.0,0.0,0.0,0.0,0.0
2023-03-28 14:58:22.972000+00:00,19009536.0,36245504.0,40583168.0,40583168.0,29.72,0.616538728,104.18,18141697.0,0.0,0.0,110390.0,27330510.0,0.0,0.0,119024.0,0.0,0.0,0.0,0.0
2023-03-28 14:58:29.648000+00:00,19009536.0,36245504.0,40583168.0,40583168.0,29.74,0.616538728,104.25,18141697.0,0.0,0.0,110390.0,27330510.0,0.0,0.0,119024.0,0.0,0.0,0.0,0.0
2023-03-28 14:58:34.605000+00:00,19009536.0,36843520.0,41148416.0,41148416.0,29.74,0.616538728,104.25,18151118.0,0.0,0.0,110444.0,27348667.0,0.0,0.0,119084.0,0.0,0.0,0.0,0.0
2023-03-28 14:58:38.123000+00:00,19009536.0,36794368.0,41222144.0,41222144.0,29.78,0.616538728,104.34,18167445.0,0.0,0.0,110540.0,27370971.0,0.0,0.0,119187.0,0.0,0.0,0.0,0.0
2023-03-28 14:58:44.082000+00:00,19009536.0,36892672.0,41242624.0,41242624.0,29.78,0.616538728,104.35,18168248.0,0.0,0.0,110544.0,27375557.0,0.0,0.0,119192.0,0.0,0.0,0.0,0.0
2023-03-28 14:58:49.295000+00:00,19009536.0,36892672.0,41242624.0,41242624.0,29.8,0.616538728,104.41,18168248.0,0.0,0.0,110544.0,27375557.0,0.0,0.0,119197.0,0.0,0.0,0.0,0.0
2023-03-28 14:58:53.751000+00:00,19099648.0,36229120.0,40656896.0,40656896.0,29.84,0.616538728,104.46,18186376.0,0.0,0.0,110653.0,27403828.0,0.0,0.0,119310.0,0.0,0.0,0.0,0.0
2023-03-28 14:58:59.586000+00:00,19099648.0,36229120.0,40656896.0,40656896.0,29.86,0.616538728,104.57,18186376.0,0.0,0.0,110653.0,27403828.0,0.0,0.0,119310.0,0.0,0.0,0.0,0.0
2023-03-28 14:59:04.588000+00:00,19099648.0,36401152.0,40701952.0,40701952.0,29.86,0.616538728,104.59,18223356.0,0.0,0.0,110889.0,27454424.0,0.0,0.0,119564.0,0.0,0.0,0.0,0.0
2023-03-28 14:59:08.928000+00:00,19099648.0,36368384.0,40706048.0,40706048.0,29.9,0.616538728,104.59,18239595.0,0.0,0.0,110985.0,27476654.0,0.0,0.0,119667.0,0.0,0.0,0.0,0.0
2023-03-28 14:59:14.306000+00:00,19099648.0,36818944.0,41156608.0,41156608.0,29.91,0.616538728,104.68,18248057.0,0.0,0.0,111035.0,27490063.0,0.0,0.0,119722.0,0.0,0.0,0.0,0.0
2023-03-28 14:59:18.738000+00:00,19099648.0,36818944.0,41156608.0,41242624.0,29.94,0.616538728,104.76,18266428.0,0.0,0.0,111147.0,27515121.0,0.0,0.0,119843.0,0.0,0.0,0.0,0.0
2023-03-28 14:59:23.768000+00:00,19099648.0,36544512.0,40931328.0,40931328.0,29.94,0.616538728,104.78,18275782.0,0.0,0.0,111205.0,27529707.0,0.0,0.0,119906.0,0.0,0.0,0.0,0.0
2023-03-28 14:59:28.869000+00:00,19099648.0,36544512.0,40931328.0,40931328.0,29.97,0.616538728,104.84,18275782.0,0.0,0.0,111205.0,27529707.0,0.0,0.0,119906.0,0.0,0.0,0.0,0.0
2023-03-28 14:59:33.888000+00:00,19099648.0,36298752.0,40632320.0,40632320.0,29.98,0.616538728,104.86,18285969.0,0.0,0.0,111267.0,27548840.0,0.0,0.0,119973.0,0.0,0.0,0.0,0.0
2023-03-28 14:59:38.571000+00:00,19099648.0,36298752.0,40632320.0,40632320.0,30.0,0.616538728,104.92,18285969.0,0.0,0.0,111271.0,27553426.0,0.0,0.0,119978.0,0.0,0.0,0.0,0.0
2023-03-28 14:59:44.413000+00:00,19099648.0,36896768.0,41234432.0,41234432.0,30.01,0.616538728,104.94,18295320.0,0.0,0.0,111322.0,27566827.0,0.0,0.0,120032.0,0.0,0.0,0.0,0.0
2023-03-28 14:59:49.245000+00:00,19234816.0,36216832.0,41234432.0,41234432.0,30.02,0.616702084,105.01,18295320.0,0.0,0.0,111322.0,27566827.0,0.0,0.0,120032.0,0.0,0.0,0.0,0.0
2023-03-28 14:59:53.069000+00:00,19234816.0,36413440.0,40775680.0,40775680.0,30.05,0.616702084,105.03,18297830.0,0.0,0.0,111338.0,27577299.0,0.0,0.0,120052.0,0.0,0.0,0.0,0.0
2023-03-28 14:59:58.878000+00:00,19234816.0,36413440.0,40775680.0,40775680.0,30.07,0.616702084,105.11,18297830.0,0.0,0.0,111338.0,27577299.0,0.0,0.0,120052.0,0.0,0.0,0.0,0.0
2023-03-28 15:00:03.651000+00:00,19234816.0,36474880.0,40779776.0,40779776.0,30.07,0.616702084,105.12,18315062.0,0.0,0.0,111440.0,27604441.0,0.0,0.0,120164.0,0.0,0.0,0.0,0.0
2023-03-28 15:00:09.218000+00:00,19234816.0,36663296.0,41058304.0,41058304.0,30.1,0.616702084,105.19,18316681.0,0.0,0.0,111452.0,27609997.0,0.0,0.0,120177.0,0.0,0.0,0.0,0.0
2023-03-28 15:00:13.734000+00:00,19234816.0,36192256.0,40620032.0,40620032.0,30.1,0.616702084,105.21,18324331.0,0.0,0.0,111494.0,27622446.0,0.0,0.0,120224.0,0.0,0.0,0.0,0.0
2023-03-28 15:00:18.672000+00:00,19234816.0,36192256.0,40620032.0,40566784.0,30.13,0.616702084,105.3,18340420.0,0.0,0.0,111590.0,27644652.0,0.0,0.0,120329.0,0.0,0.0,0.0,0.0
2023-03-28 15:00:24.840000+00:00,19234816.0,36302848.0,40628224.0,40628224.0,30.13,0.616702084,105.31,18341223.0,0.0,0.0,111594.0,27649238.0,0.0,0.0,120334.0,0.0,0.0,0.0,0.0
2023-03-28 15:00:28.306000+00:00,19234816.0,36302848.0,40628224.0,40628224.0,30.14,0.616702084,105.35,18341223.0,0.0,0.0,111594.0,27649238.0,0.0,0.0,120334.0,0.0,0.0,0.0,0.0
2023-03-28 15:00:34.578000+00:00,19234816.0,36900864.0,41205760.0,41205760.0,30.16,0.616702084,105.42,18367856.0,0.0,0.0,111760.0,27686890.0,0.0,0.0,120505.0,0.0,0.0,0.0,0.0
2023-03-28 15:00:39.722000+00:00,19234816.0,36958208.0,41271296.0,41271296.0,30.18,0.616702084,105.55,18402208.0,0.0,0.0,111973.0,27729987.0,0.0,0.0,120727.0,0.0,0.0,0.0,0.0
2023-03-28 15:00:43.555000+00:00,19234816.0,36663296.0,41074688.0,41074688.0,30.19,0.616702084,105.58,18411576.0,0.0,0.0,112031.0,27744578.0,0.0,0.0,120790.0,0.0,0.0,0.0,0.0
2023-03-28 15:00:49.885000+00:00,19361792.0,36663296.0,41074688.0,41074688.0,30.22,0.616702084,105.64,18411576.0,0.0,0.0,112031.0,27744578.0,0.0,0.0,120853.0,0.0,0.0,0.0,0.0
2023-03-28 15:00:54.364000+00:00,19361792.0,36610048.0,41054208.0,41054208.0,30.24,0.616702084,105.66,18421928.0,0.0,0.0,112094.0,27763968.0,0.0,0.0,120859.0,0.0,0.0,0.0,0.0
2023-03-28 15:00:59.345000+00:00,19361792.0,36610048.0,41054208.0,41054208.0,30.27,0.616702084,105.72,18421928.0,0.0,0.0,112094.0,27763968.0,0.0,0.0,120859.0,0.0,0.0,0.0,0.0
2023-03-28 15:01:03.294000+00:00,19361792.0,36786176.0,41127936.0,41127936.0,30.28,0.616702084,105.74,18440773.0,0.0,0.0,112212.0,27793274.0,0.0,0.0,120987.0,0.0,0.0,0.0,0.0
2023-03-28 15:01:09.723000+00:00,19361792.0,36786176.0,41541632.0,41541632.0,30.28,0.616702084,105.83,18449213.0,0.0,0.0,112262.0,27806667.0,0.0,0.0,121042.0,0.0,0.0,0.0,0.0
2023-03-28 15:01:14.090000+00:00,19361792.0,36323328.0,40833024.0,40833024.0,30.29,0.616702084,105.86,18462521.0,0.0,0.0,112336.0,27825227.0,0.0,0.0,121119.0,0.0,0.0,0.0,0.0
2023-03-28 15:01:19.317000+00:00,19361792.0,36323328.0,40833024.0,41308160.0,30.31,0.616702084,105.87,18474733.0,0.0,0.0,112416.0,27843468.0,0.0,0.0,121209.0,0.0,0.0,0.0,0.0
2023-03-28 15:01:24.695000+00:00,19361792.0,36323328.0,40726528.0,40726528.0,30.33,0.616702084,105.97,18492676.0,0.0,0.0,112528.0,27868075.0,0.0,0.0,121330.0,0.0,0.0,0.0,0.0
2023-03-28 15:01:29.850000+00:00,19361792.0,36831232.0,40726528.0,40726528.0,30.34,0.616702084,105.98,18492676.0,0.0,0.0,112528.0,27868075.0,0.0,0.0,121330.0,0.0,0.0,0.0,0.0
2023-03-28 15:01:33.557000+00:00,19361792.0,36970496.0,41361408.0,41361408.0,30.36,0.616702084,106.04,18502830.0,0.0,0.0,112590.0,27887248.0,0.0,0.0,121398.0,0.0,0.0,0.0,0.0
2023-03-28 15:01:38.146000+00:00,19361792.0,36970496.0,41361408.0,40796160.0,30.36,0.616702084,106.08,18520725.0,0.0,0.0,112702.0,27911787.0,0.0,0.0,121519.0,0.0,0.0,0.0,0.0
2023-03-28 15:01:44.198000+00:00,19361792.0,36761600.0,41119744.0,41119744.0,30.38,0.616702084,106.16,18530201.0,0.0,0.0,112760.0,27926489.0,0.0,0.0,121582.0,0.0,0.0,0.0,0.0
2023-03-28 15:01:48.365000+00:00,19361792.0,36761600.0,41119744.0,41119744.0,30.4,0.616702084,106.19,18530201.0,0.0,0.0,112760.0,27926489.0,0.0,0.0,121759.0,0.0,0.0,0.0,0.0
2023-03-28 15:01:53.490000+00:00,19505152.0,36696064.0,41025536.0,41025536.0,30.42,0.616702084,106.27,18557714.0,0.0,0.0,112931.0,27965771.0,0.0,0.0,121765.0,0.0,0.0,0.0,0.0
2023-03-28 15:01:58.082000+00:00,19505152.0,36696064.0,41025536.0,41025536.0,30.43,0.616702084,106.3,18557714.0,0.0,0.0,112931.0,27965771.0,0.0,0.0,121765.0,0.0,0.0,0.0,0.0
2023-03-28 15:02:04.198000+00:00,19505152.0,36454400.0,40890368.0,40890368.0,30.44,0.616702084,106.36,18567245.0,0.0,0.0,112987.0,27984030.0,0.0,0.0,121827.0,0.0,0.0,0.0,0.0
2023-03-28 15:02:08.997000+00:00,19505152.0,36966400.0,41271296.0,41271296.0,30.46,0.616702084,106.36,18576738.0,0.0,0.0,113045.0,27998745.0,0.0,0.0,121890.0,0.0,0.0,0.0,0.0
2023-03-28 15:02:14.249000+00:00,19505152.0,36220928.0,40542208.0,40542208.0,30.48,0.616702084,106.43,18577541.0,0.0,0.0,113049.0,28003331.0,0.0,0.0,121895.0,0.0,0.0,0.0,0.0
2023-03-28 15:02:19.544000+00:00,19505152.0,36732928.0,41144320.0,41144320.0,30.48,0.616702084,106.46,18586907.0,0.0,0.0,113107.0,28017917.0,0.0,0.0,121958.0,0.0,0.0,0.0,0.0
2023-03-28 15:02:24.158000+00:00,19505152.0,36503552.0,40951808.0,40951808.0,30.52,0.616702084,106.52,18596254.0,0.0,0.0,113165.0,28032493.0,0.0,0.0,122021.0,0.0,0.0,0.0,0.0
2023-03-28 15:02:29.121000+00:00,19505152.0,36503552.0,40951808.0,40951808.0,30.52,0.616702084,106.53,18596254.0,0.0,0.0,113165.0,28032493.0,0.0,0.0,122021.0,0.0,0.0,0.0,0.0
2023-03-28 15:02:34.363000+00:00,19505152.0,36622336.0,40943616.0,40943616.0,30.52,0.616702084,106.63,18614173.0,0.0,0.0,113273.0,28060588.0,0.0,0.0,122139.0,0.0,0.0,0.0,0.0
2023-03-28 15:02:38.999000+00:00,19505152.0,36622336.0,40943616.0,40943616.0,30.54,0.616702084,106.69,18639975.0,0.0,0.0,113431.0,28093982.0,0.0,0.0,122306.0,0.0,0.0,0.0,0.0
2023-03-28 15:02:44.541000+00:00,19505152.0,36798464.0,41144320.0,41144320.0,30.56,0.616702084,106.76,18648421.0,0.0,0.0,113481.0,28107375.0,0.0,0.0,122361.0,0.0,0.0,0.0,0.0
2023-03-28 15:02:49.005000+00:00,19505152.0,36798464.0,41144320.0,41144320.0,30.56,0.616702084,106.78,18648421.0,0.0,0.0,113481.0,28107375.0,0.0,0.0,122424.0,0.0,0.0,0.0,0.0
2023-03-28 15:02:54.394000+00:00,19611648.0,37036032.0,41705472.0,41705472.0,30.59,0.616702084,106.86,18666370.0,0.0,0.0,113590.0,28135514.0,0.0,0.0,122480.0,0.0,0.0,0.0,0.0
2023-03-28 15:02:59.448000+00:00,19611648.0,37036032.0,41705472.0,41705472.0,30.6,0.616702084,106.92,18666370.0,0.0,0.0,113590.0,28135514.0,0.0,0.0,122480.0,0.0,0.0,0.0,0.0
2023-03-28 15:03:03.657000+00:00,19611648.0,36360192.0,40992768.0,40992768.0,30.62,0.616702084,107.0,18701426.0,0.0,0.0,113809.0,28183436.0,0.0,0.0,122714.0,0.0,0.0,0.0,0.0
2023-03-28 15:03:09.757000+00:00,19611648.0,36458496.0,40787968.0,40787968.0,30.62,0.616702084,107.0,18702229.0,0.0,0.0,113813.0,28188022.0,0.0,0.0,122719.0,0.0,0.0,0.0,0.0
2023-03-28 15:03:13.965000+00:00,19611648.0,36638720.0,41213952.0,41213952.0,30.66,0.616702084,107.07,18703032.0,0.0,0.0,113817.0,28192608.0,0.0,0.0,122724.0,0.0,0.0,0.0,0.0
2023-03-28 15:03:18.971000+00:00,19611648.0,36270080.0,40579072.0,40579072.0,30.67,0.616702084,107.08,18712404.0,0.0,0.0,113875.0,28207210.0,0.0,0.0,122787.0,0.0,0.0,0.0,0.0
2023-03-28 15:03:24.856000+00:00,19611648.0,36405248.0,40861696.0,40861696.0,30.69,0.616702084,107.14,18713207.0,0.0,0.0,113879.0,28211796.0,0.0,0.0,122792.0,0.0,0.0,0.0,0.0
2023-03-28 15:03:29.711000+00:00,19611648.0,36405248.0,40861696.0,40861696.0,30.7,0.616702084,107.16,18713207.0,0.0,0.0,113879.0,28211796.0,0.0,0.0,122792.0,0.0,0.0,0.0,0.0
2023-03-28 15:03:34.492000+00:00,19611648.0,36990976.0,41578496.0,41578496.0,30.72,0.616702084,107.2,18722666.0,0.0,0.0,113933.0,28229927.0,0.0,0.0,122851.0,0.0,0.0,0.0,0.0
2023-03-28 15:03:39.021000+00:00,19611648.0,36446208.0,40820736.0,40820736.0,30.73,0.616702084,107.25,18745655.0,0.0,0.0,114069.0,28259975.0,0.0,0.0,122995.0,0.0,0.0,0.0,0.0
2023-03-28 15:03:43.578000+00:00,19611648.0,36773888.0,41074688.0,41074688.0,30.73,0.616702084,107.27,18750200.0,0.0,0.0,114103.0,28269371.0,0.0,0.0,123035.0,0.0,0.0,0.0,0.0
2023-03-28 15:03:49.581000+00:00,19714048.0,36904960.0,41074688.0,41074688.0,30.75,0.616702084,107.33,18750200.0,0.0,0.0,114103.0,28269371.0,0.0,0.0,123040.0,0.0,0.0,0.0,0.0
2023-03-28 15:03:54.010000+00:00,19714048.0,36659200.0,41213952.0,41213952.0,30.77,0.616702084,107.36,18760434.0,0.0,0.0,114166.0,28288633.0,0.0,0.0,123104.0,0.0,0.0,0.0,0.0
2023-03-28 15:03:58.617000+00:00,19714048.0,36659200.0,41213952.0,41213952.0,30.79,0.616702084,107.41,18760434.0,0.0,0.0,114166.0,28288633.0,0.0,0.0,123104.0,0.0,0.0,0.0,0.0
2023-03-28 15:04:03.149000+00:00,19714048.0,36892672.0,41259008.0,41259008.0,30.79,0.616702084,107.42,18762124.0,0.0,0.0,114176.0,28297889.0,0.0,0.0,123116.0,0.0,0.0,0.0,0.0
2023-03-28 15:04:09.102000+00:00,19714048.0,36892672.0,41259008.0,41259008.0,30.82,0.616702084,107.42,18762124.0,0.0,0.0,114176.0,28297889.0,0.0,0.0,123116.0,0.0,0.0,0.0,0.0
2023-03-28 15:04:13.704000+00:00,19714048.0,37044224.0,41377792.0,41377792.0,30.82,0.616702084,107.55,18796284.0,0.0,0.0,114384.0,28344830.0,0.0,0.0,123342.0,0.0,0.0,0.0,0.0
2023-03-28 15:04:19.757000+00:00,19714048.0,36298752.0,40607744.0,40607744.0,30.87,0.616702084,107.62,18814208.0,0.0,0.0,114496.0,28369423.0,0.0,0.0,123463.0,0.0,0.0,0.0,0.0
2023-03-28 15:04:23.841000+00:00,19714048.0,36745216.0,41164800.0,41164800.0,30.87,0.616702084,107.66,18822664.0,0.0,0.0,114546.0,28382766.0,0.0,0.0,123517.0,0.0,0.0,0.0,0.0
2023-03-28 15:04:28.755000+00:00,19714048.0,36446208.0,41164800.0,41164800.0,30.89,0.616702084,107.74,18822664.0,0.0,0.0,114546.0,28382766.0,0.0,0.0,123517.0,0.0,0.0,0.0,0.0
2023-03-28 15:04:34.193000+00:00,19714048.0,36540416.0,40849408.0,40849408.0,30.9,0.616702084,107.75,18832065.0,0.0,0.0,114600.0,28400907.0,0.0,0.0,123577.0,0.0,0.0,0.0,0.0
2023-03-28 15:04:39.264000+00:00,19714048.0,36540416.0,40849408.0,41005056.0,30.93,0.616702084,107.85,18849328.0,0.0,0.0,114704.0,28424580.0,0.0,0.0,123690.0,0.0,0.0,0.0,0.0
2023-03-28 15:04:43.820000+00:00,19714048.0,37056512.0,41398272.0,41398272.0,30.93,0.616702084,107.87,18857934.0,0.0,0.0,114754.0,28438141.0,0.0,0.0,123745.0,0.0,0.0,0.0,0.0
2023-03-28 15:04:48.449000+00:00,19828736.0,37056512.0,41398272.0,41398272.0,30.97,0.616702084,107.97,18857934.0,0.0,0.0,114866.0,28462740.0,0.0,0.0,123864.0,0.0,0.0,0.0,0.0
2023-03-28 15:04:53.780000+00:00,19828736.0,36626432.0,41054208.0,41054208.0,30.99,0.616702084,108.03,18898011.0,0.0,0.0,114995.0,28491126.0,0.0,0.0,123995.0,0.0,0.0,0.0,0.0
2023-03-28 15:04:59.471000+00:00,19828736.0,37085184.0,41402368.0,41402368.0,31.02,0.616702084,108.16,18921019.0,0.0,0.0,115147.0,28522222.0,0.0,0.0,124162.0,0.0,0.0,0.0,0.0
2023-03-28 15:05:03.653000+00:00,19828736.0,36356096.0,40783872.0,40783872.0,31.02,0.616702084,108.16,18921822.0,0.0,0.0,115151.0,28526808.0,0.0,0.0,124167.0,0.0,0.0,0.0,0.0
2023-03-28 15:05:08.047000+00:00,19828736.0,36356096.0,40783872.0,40783872.0,31.04,0.616702084,108.24,18921822.0,0.0,0.0,115151.0,28526808.0,0.0,0.0,124280.0,0.0,0.0,0.0,0.0
2023-03-28 15:05:13.406000+00:00,19828736.0,36524032.0,40833024.0,40833024.0,31.05,0.616702084,108.25,18939718.0,0.0,0.0,115259.0,28554871.0,0.0,0.0,124285.0,0.0,0.0,0.0,0.0
2023-03-28 15:05:19.734000+00:00,19828736.0,36524032.0,41377792.0,41377792.0,31.06,0.616702084,108.34,18949102.0,0.0,0.0,115317.0,28569488.0,0.0,0.0,124348.0,0.0,0.0,0.0,0.0
2023-03-28 15:05:23.873000+00:00,19828736.0,36716544.0,41152512.0,41152512.0,31.06,0.616702084,108.36,18958500.0,0.0,0.0,115375.0,28584117.0,0.0,0.0,124411.0,0.0,0.0,0.0,0.0
2023-03-28 15:05:28.673000+00:00,19828736.0,36716544.0,41152512.0,41152512.0,31.08,0.616702084,108.42,18958500.0,0.0,0.0,115375.0,28584117.0,0.0,0.0,124411.0,0.0,0.0,0.0,0.0
2023-03-28 15:05:34.786000+00:00,19828736.0,36950016.0,41304064.0,41304064.0,31.08,0.616702084,108.42,18960106.0,0.0,0.0,115383.0,28593289.0,0.0,0.0,124421.0,0.0,0.0,0.0,0.0
2023-03-28 15:05:39.445000+00:00,19828736.0,36253696.0,40620032.0,40620032.0,31.11,0.616702084,108.48,18960909.0,0.0,0.0,115387.0,28597875.0,0.0,0.0,124426.0,0.0,0.0,0.0,0.0
2023-03-28 15:05:44.848000+00:00,19828736.0,36757504.0,41058304.0,41058304.0,31.12,0.616702084,108.5,18970277.0,0.0,0.0,115445.0,28612466.0,0.0,0.0,124489.0,0.0,0.0,0.0,0.0
2023-03-28 15:05:48.767000+00:00,19947520.0,36896768.0,41500672.0,41500672.0,31.14,0.616702084,108.55,18971122.0,0.0,0.0,115450.0,28617094.0,0.0,0.0,124495.0,0.0,0.0,0.0,0.0
2023-03-28 15:05:53.750000+00:00,19947520.0,36618240.0,40984576.0,40984576.0,31.17,0.616702084,108.57,18979682.0,0.0,0.0,115501.0,28630627.0,0.0,0.0,124551.0,0.0,0.0,0.0,0.0
2023-03-28 15:05:59.480000+00:00,19947520.0,36618240.0,40984576.0,40984576.0,31.19,0.616702084,108.63,18979682.0,0.0,0.0,115501.0,28630627.0,0.0,0.0,124551.0,0.0,0.0,0.0,0.0
2023-03-28 15:06:04.500000+00:00,19947520.0,36851712.0,41168896.0,41168896.0,31.19,0.616702084,108.64,18981372.0,0.0,0.0,115511.0,28639883.0,0.0,0.0,124563.0,0.0,0.0,0.0,0.0
2023-03-28 15:06:08.550000+00:00,19947520.0,36851712.0,41168896.0,41168896.0,31.2,0.616702084,108.7,18981372.0,0.0,0.0,115511.0,28639883.0,0.0,0.0,124568.0,0.0,0.0,0.0,0.0
2023-03-28 15:06:13.184000+00:00,19947520.0,36630528.0,40968192.0,40968192.0,31.2,0.616702084,108.74,18990787.0,0.0,0.0,115565.0,28658040.0,0.0,0.0,124623.0,0.0,0.0,0.0,0.0
2023-03-28 15:06:18.119000+00:00,19947520.0,36724736.0,41025536.0,41025536.0,31.2,0.616702084,108.75,18991590.0,0.0,0.0,115569.0,28662626.0,0.0,0.0,124628.0,0.0,0.0,0.0,0.0
2023-03-28 15:06:23.240000+00:00,19947520.0,36859904.0,41218048.0,41218048.0,31.23,0.616702084,108.82,18992393.0,0.0,0.0,115573.0,28667212.0,0.0,0.0,124633.0,0.0,0.0,0.0,0.0
2023-03-28 15:06:29.833000+00:00,19947520.0,36564992.0,41218048.0,41218048.0,31.26,0.616702084,108.89,18992393.0,0.0,0.0,115573.0,28667212.0,0.0,0.0,124633.0,0.0,0.0,0.0,0.0
2023-03-28 15:06:33.297000+00:00,19947520.0,36659200.0,41021440.0,41021440.0,31.26,0.616702084,108.9,19002850.0,0.0,0.0,115637.0,28686543.0,0.0,0.0,124701.0,0.0,0.0,0.0,0.0
2023-03-28 15:06:38.904000+00:00,19947520.0,36757504.0,41070592.0,41070592.0,31.26,0.616702084,108.9,19003653.0,0.0,0.0,115641.0,28691129.0,0.0,0.0,124706.0,0.0,0.0,0.0,0.0
2023-03-28 15:06:43.452000+00:00,19947520.0,36900864.0,41410560.0,41410560.0,31.28,0.616702084,109.0,19021779.0,0.0,0.0,115753.0,28715924.0,0.0,0.0,124827.0,0.0,0.0,0.0,0.0
2023-03-28 15:06:49.063000+00:00,19947520.0,36900864.0,41410560.0,40984576.0,31.31,0.616702084,109.0,19047330.0,0.0,0.0,115911.0,28749303.0,0.0,0.0,124998.0,0.0,0.0,0.0,0.0
2023-03-28 15:06:54.314000+00:00,20021248.0,36724736.0,41140224.0,41140224.0,31.4,0.616702084,109.32,19107069.0,0.0,0.0,116279.0,28821780.0,0.0,0.0,125386.0,0.0,0.0,0.0,0.0
2023-03-28 15:06:59.421000+00:00,20021248.0,36655104.0,40960000.0,40960000.0,31.4,0.616702084,109.36,19123408.0,0.0,0.0,116377.0,28844170.0,0.0,0.0,125492.0,0.0,0.0,0.0,0.0
2023-03-28 15:07:04.326000+00:00,20021248.0,36802560.0,41107456.0,41107456.0,31.42,0.616702084,109.46,19142372.0,0.0,0.0,116497.0,28870150.0,0.0,0.0,125622.0,0.0,0.0,0.0,0.0
2023-03-28 15:07:08.730000+00:00,20021248.0,36802560.0,41107456.0,41107456.0,31.43,0.616702084,109.5,19142372.0,0.0,0.0,116601.0,28893721.0,0.0,0.0,125735.0,0.0,0.0,0.0,0.0
2023-03-28 15:07:14.604000+00:00,20021248.0,36806656.0,41111552.0,41111552.0,31.47,0.616702084,109.61,19176612.0,0.0,0.0,116705.0,28917035.0,0.0,0.0,125846.0,0.0,0.0,0.0,0.0
2023-03-28 15:07:19.064000+00:00,20021248.0,36364288.0,41111552.0,41111552.0,31.47,0.616702084,109.64,19176612.0,0.0,0.0,116705.0,28917035.0,0.0,0.0,125846.0,0.0,0.0,0.0,0.0
2023-03-28 15:07:24.664000+00:00,20021248.0,36855808.0,41168896.0,41168896.0,31.51,0.616702084,109.7,19193558.0,0.0,0.0,116805.0,28943877.0,0.0,0.0,125956.0,0.0,0.0,0.0,0.0
2023-03-28 15:07:28.674000+00:00,20021248.0,36446208.0,40783872.0,41168896.0,31.51,0.616702084,109.71,19193558.0,0.0,0.0,116805.0,28943877.0,0.0,0.0,125956.0,0.0,0.0,0.0,0.0
2023-03-28 15:07:34.910000+00:00,20021248.0,36937728.0,41246720.0,41246720.0,31.53,0.616702084,109.78,19210502.0,0.0,0.0,116905.0,28970641.0,0.0,0.0,126065.0,0.0,0.0,0.0,0.0
2023-03-28 15:07:38.767000+00:00,20021248.0,36937728.0,41246720.0,40804352.0,31.54,0.616702084,109.78,19219030.0,0.0,0.0,116956.0,28983984.0,0.0,0.0,126119.0,0.0,0.0,0.0,0.0
2023-03-28 15:07:44.413000+00:00,20021248.0,36642816.0,41115648.0,41115648.0,31.57,0.616702084,109.86,19219833.0,0.0,0.0,116960.0,28988570.0,0.0,0.0,126124.0,0.0,0.0,0.0,0.0
2023-03-28 15:07:49.869000+00:00,20021248.0,37056512.0,41402368.0,41402368.0,31.58,0.616702084,109.92,19228465.0,0.0,0.0,117010.0,29002151.0,0.0,0.0,126179.0,0.0,0.0,0.0,0.0
2023-03-28 15:07:54.402000+00:00,20213760.0,36515840.0,40894464.0,40894464.0,31.63,0.616702084,110.03,19251384.0,0.0,0.0,117146.0,29032000.0,0.0,0.0,126324.0,0.0,0.0,0.0,0.0
2023-03-28 15:07:59.375000+00:00,20213760.0,36257792.0,40894464.0,40894464.0,31.64,0.616702084,110.05,19251384.0,0.0,0.0,117146.0,29032000.0,0.0,0.0,126324.0,0.0,0.0,0.0,0.0
2023-03-28 15:08:03.666000+00:00,20213760.0,36397056.0,40755200.0,40755200.0,31.66,0.616702084,110.12,19263607.0,0.0,0.0,117225.0,29053804.0,0.0,0.0,126412.0,0.0,0.0,0.0,0.0
2023-03-28 15:08:08.789000+00:00,20213760.0,36397056.0,40755200.0,40996864.0,31.69,0.616702084,110.14,19280824.0,0.0,0.0,117329.0,29077350.0,0.0,0.0,126524.0,0.0,0.0,0.0,0.0
2023-03-28 15:08:14.517000+00:00,20213760.0,36581376.0,41095168.0,41095168.0,31.74,0.616702084,110.21,19298405.0,0.0,0.0,117434.0,29101043.0,0.0,0.0,126633.0,0.0,0.0,0.0,0.0
2023-03-28 15:08:19.869000+00:00,20213760.0,36741120.0,41123840.0,41123840.0,31.74,0.616702084,110.22,19300072.0,0.0,0.0,117445.0,29106936.0,0.0,0.0,126648.0,0.0,0.0,0.0,0.0
2023-03-28 15:08:24.748000+00:00,20213760.0,36519936.0,40951808.0,40951808.0,31.77,0.617812486,110.31,19310353.0,0.0,0.0,117511.0,29122655.0,0.0,0.0,126718.0,0.0,0.0,0.0,0.0
2023-03-28 15:08:28.232000+00:00,20213760.0,36974592.0,40951808.0,40951808.0,31.77,0.617812486,110.32,19310353.0,0.0,0.0,117511.0,29122655.0,0.0,0.0,126718.0,0.0,0.0,0.0,0.0
2023-03-28 15:08:33.263000+00:00,20213760.0,36581376.0,41062400.0,41062400.0,31.8,0.617812486,110.44,19343611.0,0.0,0.0,117711.0,29168201.0,0.0,0.0,126933.0,0.0,0.0,0.0,0.0
2023-03-28 15:08:39.399000+00:00,20213760.0,36982784.0,41295872.0,41295872.0,31.8,0.617812486,110.46,19351334.0,0.0,0.0,117754.0,29180655.0,0.0,0.0,126979.0,0.0,0.0,0.0,0.0
2023-03-28 15:08:43.527000+00:00,20213760.0,36470784.0,41127936.0,41127936.0,31.83,0.617812486,110.53,19354942.0,0.0,0.0,117781.0,29188827.0,0.0,0.0,127009.0,0.0,0.0,0.0,0.0
2023-03-28 15:08:48.487000+00:00,20348928.0,36470784.0,40923136.0,40923136.0,31.83,0.617812486,110.53,19355745.0,0.0,0.0,117785.0,29193413.0,0.0,0.0,127014.0,0.0,0.0,0.0,0.0
2023-03-28 15:08:54.741000+00:00,20348928.0,36679680.0,41259008.0,41259008.0,31.89,0.617812486,110.64,19372002.0,0.0,0.0,117882.0,29215715.0,0.0,0.0,127119.0,0.0,0.0,0.0,0.0
2023-03-28 15:08:58.334000+00:00,20348928.0,36679680.0,41259008.0,41259008.0,31.89,0.617812486,110.64,19372002.0,0.0,0.0,117882.0,29215715.0,0.0,0.0,127119.0,0.0,0.0,0.0,0.0
2023-03-28 15:09:03.555000+00:00,20348928.0,36368384.0,40992768.0,40992768.0,31.9,0.617884723,110.76,19397654.0,0.0,0.0,118039.0,29252117.0,0.0,0.0,127281.0,0.0,0.0,0.0,0.0
2023-03-28 15:09:08.270000+00:00,20348928.0,36368384.0,40992768.0,41132032.0,31.92,0.617884723,110.77,19406278.0,0.0,0.0,118089.0,29265698.0,0.0,0.0,127336.0,0.0,0.0,0.0,0.0
2023-03-28 15:09:14.476000+00:00,20348928.0,36569088.0,41390080.0,41390080.0,31.95,0.617884723,110.87,19415754.0,0.0,0.0,118147.0,29280400.0,0.0,0.0,127399.0,0.0,0.0,0.0,0.0
2023-03-28 15:09:19.389000+00:00,20348928.0,37027840.0,41336832.0,41336832.0,31.95,0.617884723,110.9,19424386.0,0.0,0.0,118197.0,29293981.0,0.0,0.0,127454.0,0.0,0.0,0.0,0.0
2023-03-28 15:09:24.784000+00:00,20348928.0,36675584.0,41443328.0,41443328.0,31.98,0.617884723,111.01,19450292.0,0.0,0.0,118356.0,29327532.0,0.0,0.0,127623.0,0.0,0.0,0.0,0.0
2023-03-28 15:09:28.413000+00:00,20348928.0,36376576.0,41443328.0,41443328.0,31.99,0.617884723,111.04,19450292.0,0.0,0.0,118356.0,29327532.0,0.0,0.0,127623.0,0.0,0.0,0.0,0.0
2023-03-28 15:09:33.033000+00:00,20348928.0,36884480.0,41295872.0,41295872.0,31.99,0.617884723,111.06,19469096.0,0.0,0.0,118472.0,29356788.0,0.0,0.0,127749.0,0.0,0.0,0.0,0.0
2023-03-28 15:09:39.242000+00:00,20348928.0,36884480.0,41295872.0,41021440.0,32.02,0.617884723,111.14,19479356.0,0.0,0.0,118538.0,29372549.0,0.0,0.0,127820.0,0.0,0.0,0.0,0.0
2023-03-28 15:09:43.592000+00:00,20348928.0,36229120.0,40534016.0,40534016.0,32.02,0.617884723,111.16,19487818.0,0.0,0.0,118588.0,29385962.0,0.0,0.0,127875.0,0.0,0.0,0.0,0.0
2023-03-28 15:09:49.771000+00:00,20504576.0,36429824.0,40738816.0,40738816.0,32.04,0.617884723,111.27,19506055.0,0.0,0.0,118700.0,29410875.0,0.0,0.0,127996.0,0.0,0.0,0.0,0.0
2023-03-28 15:09:54.373000+00:00,20504576.0,37023744.0,41410560.0,41410560.0,32.06,0.617884723,111.3,19515518.0,0.0,0.0,118759.0,29425591.0,0.0,0.0,128060.0,0.0,0.0,0.0,0.0
2023-03-28 15:09:58.725000+00:00,20504576.0,37023744.0,41410560.0,41410560.0,32.1,0.617884723,111.38,19515518.0,0.0,0.0,118759.0,29425591.0,0.0,0.0,128060.0,0.0,0.0,0.0,0.0
2023-03-28 15:10:04.847000+00:00,20504576.0,36782080.0,41115648.0,41115648.0,32.11,0.617884723,111.42,19542000.0,0.0,0.0,118923.0,29463684.0,0.0,0.0,128238.0,0.0,0.0,0.0,0.0
2023-03-28 15:10:09.055000+00:00,20504576.0,36782080.0,41115648.0,40996864.0,32.14,0.617884723,111.5,19551339.0,0.0,0.0,118981.0,29478265.0,0.0,0.0,128301.0,0.0,0.0,0.0,0.0
2023-03-28 15:10:14.590000+00:00,20504576.0,36974592.0,41467904.0,41467904.0,32.16,0.617884723,111.53,19559791.0,0.0,0.0,119031.0,29491668.0,0.0,0.0,128356.0,0.0,0.0,0.0,0.0
2023-03-28 15:10:19.672000+00:00,20504576.0,36974592.0,41385984.0,41385984.0,32.18,0.617884723,111.53,19594212.0,0.0,0.0,119243.0,29535397.0,0.0,0.0,128585.0,0.0,0.0,0.0,0.0
2023-03-28 15:10:24.321000+00:00,20504576.0,36651008.0,40996864.0,40996864.0,32.19,0.617884723,111.7,19602672.0,0.0,0.0,119293.0,29548744.0,0.0,0.0,128639.0,0.0,0.0,0.0,0.0
2023-03-28 15:10:29.768000+00:00,20504576.0,36651008.0,40996864.0,40996864.0,32.23,0.617884723,111.79,19602672.0,0.0,0.0,119293.0,29548744.0,0.0,0.0,128639.0,0.0,0.0,0.0,0.0
2023-03-28 15:10:33.442000+00:00,20504576.0,36360192.0,40669184.0,40669184.0,32.24,0.617884723,111.85,19645868.0,0.0,0.0,119555.0,29605585.0,0.0,0.0,128914.0,0.0,0.0,0.0,0.0
2023-03-28 15:10:39.662000+00:00,20504576.0,36360192.0,40669184.0,40669184.0,32.25,0.617884723,111.94,19654362.0,0.0,0.0,119605.0,29618962.0,0.0,0.0,128968.0,0.0,0.0,0.0,0.0
2023-03-28 15:10:44.591000+00:00,20504576.0,36958208.0,41279488.0,41279488.0,32.25,0.617884723,111.95,19655165.0,0.0,0.0,119609.0,29623558.0,0.0,0.0,128973.0,0.0,0.0,0.0,0.0
2023-03-28 15:10:49.207000+00:00,20672512.0,36597760.0,40919040.0,40919040.0,32.26,0.617884723,112.04,19663617.0,0.0,0.0,119659.0,29636971.0,0.0,0.0,129028.0,0.0,0.0,0.0,0.0
2023-03-28 15:10:54.312000+00:00,20672512.0,36372480.0,40787968.0,40787968.0,32.28,0.617884723,112.08,19673052.0,0.0,0.0,119718.0,29651658.0,0.0,0.0,129092.0,0.0,0.0,0.0,0.0
2023-03-28 15:10:58.729000+00:00,20672512.0,36507648.0,40787968.0,40787968.0,32.31,0.692768607,112.13,19673052.0,0.0,0.0,119718.0,29651658.0,0.0,0.0,129092.0,0.0,0.0,0.0,0.0
2023-03-28 15:11:04.323000+00:00,20672512.0,37011456.0,41312256.0,41312256.0,32.32,0.692768607,112.15,19683298.0,0.0,0.0,119782.0,29670870.0,0.0,0.0,129161.0,0.0,0.0,0.0,0.0
2023-03-28 15:11:08.257000+00:00,20672512.0,37011456.0,41312256.0,41312256.0,32.34,0.692768607,112.21,19684101.0,0.0,0.0,119786.0,29675466.0,0.0,0.0,129166.0,0.0,0.0,0.0,0.0
2023-03-28 15:11:13.380000+00:00,20672512.0,36405248.0,40706048.0,40706048.0,32.35,0.692768607,112.24,19702037.0,0.0,0.0,119898.0,29700080.0,0.0,0.0,129287.0,0.0,0.0,0.0,0.0
2023-03-28 15:11:18.723000+00:00,20672512.0,36405248.0,41304064.0,41304064.0,32.37,0.692768607,112.33,19710519.0,0.0,0.0,119948.0,29713517.0,0.0,0.0,129342.0,0.0,0.0,0.0,0.0
2023-03-28 15:11:23.904000+00:00,20672512.0,36577280.0,41005056.0,41005056.0,32.38,0.692768607,112.37,19719907.0,0.0,0.0,120006.0,29728130.0,0.0,0.0,129405.0,0.0,0.0,0.0,0.0
2023-03-28 15:11:28.166000+00:00,20672512.0,36577280.0,41005056.0,41005056.0,32.41,0.692946842,112.42,19719907.0,0.0,0.0,120006.0,29728130.0,0.0,0.0,129405.0,0.0,0.0,0.0,0.0
2023-03-28 15:11:34.100000+00:00,20672512.0,36753408.0,41185280.0,41185280.0,32.42,0.692946842,112.45,19738085.0,0.0,0.0,120114.0,29756509.0,0.0,0.0,129523.0,0.0,0.0,0.0,0.0
2023-03-28 15:11:39.524000+00:00,20672512.0,36753408.0,41185280.0,41185280.0,32.46,0.692946842,112.53,19756359.0,0.0,0.0,120228.0,29780870.0,0.0,0.0,129637.0,0.0,0.0,0.0,0.0
2023-03-28 15:11:42.935000+00:00,20672512.0,36950016.0,41304064.0,41304064.0,32.46,0.692946842,112.54,19757162.0,0.0,0.0,120232.0,29785466.0,0.0,0.0,129642.0,0.0,0.0,0.0,0.0
2023-03-28 15:11:49.204000+00:00,20787200.0,36950016.0,40734720.0,40734720.0,32.48,0.694004166,112.64,19775175.0,0.0,0.0,120344.0,29810161.0,0.0,0.0,129763.0,0.0,0.0,0.0,0.0
2023-03-28 15:11:54.720000+00:00,20787200.0,36425728.0,40812544.0,40812544.0,32.49,0.694004166,112.65,19776032.0,0.0,0.0,120349.0,29814831.0,0.0,0.0,129769.0,0.0,0.0,0.0,0.0
2023-03-28 15:11:58.707000+00:00,20787200.0,36929536.0,40812544.0,40812544.0,32.49,0.694004166,112.67,19776032.0,0.0,0.0,120349.0,29814831.0,0.0,0.0,129769.0,0.0,0.0,0.0,0.0
2023-03-28 15:12:03.482000+00:00,20787200.0,36552704.0,40943616.0,40943616.0,32.5,0.694004166,112.76,19794172.0,0.0,0.0,120459.0,29843112.0,0.0,0.0,129888.0,0.0,0.0,0.0,0.0
2023-03-28 15:12:09.636000+00:00,20787200.0,36552704.0,40943616.0,40943616.0,32.54,0.694004166,112.88,19803630.0,0.0,0.0,120518.0,29857669.0,0.0,0.0,129950.0,0.0,0.0,0.0,0.0
2023-03-28 15:12:14.620000+00:00,20787200.0,36446208.0,40763392.0,40763392.0,32.54,0.694004166,112.89,19804433.0,0.0,0.0,120522.0,29862265.0,0.0,0.0,129955.0,0.0,0.0,0.0,0.0
2023-03-28 15:12:19.706000+00:00,20787200.0,36446208.0,41467904.0,41467904.0,32.56,0.694004166,112.94,19805236.0,0.0,0.0,120526.0,29866861.0,0.0,0.0,129960.0,0.0,0.0,0.0,0.0
2023-03-28 15:12:24.223000+00:00,20787200.0,36675584.0,41000960.0,41000960.0,32.56,0.694004166,112.95,19806039.0,0.0,0.0,120530.0,29871457.0,0.0,0.0,129965.0,0.0,0.0,0.0,0.0
2023-03-28 15:12:29.403000+00:00,20787200.0,36675584.0,40742912.0,40742912.0,32.57,0.694004166,113.0,19830913.0,0.0,0.0,120681.0,29903650.0,0.0,0.0,130125.0,0.0,0.0,0.0,0.0
2023-03-28 15:12:34.311000+00:00,20787200.0,36704256.0,41066496.0,41066496.0,32.59,0.694004166,113.09,19839379.0,0.0,0.0,120731.0,29917071.0,0.0,0.0,130180.0,0.0,0.0,0.0,0.0
2023-03-28 15:12:38.727000+00:00,20787200.0,36352000.0,40693760.0,40693760.0,32.59,0.694004166,113.11,19847827.0,0.0,0.0,120781.0,29930480.0,0.0,0.0,130235.0,0.0,0.0,0.0,0.0
2023-03-28 15:12:43.560000+00:00,20787200.0,36421632.0,40902656.0,40902656.0,32.61,0.694004166,113.21,19864986.0,0.0,0.0,120885.0,29953977.0,0.0,0.0,130347.0,0.0,0.0,0.0,0.0
2023-03-28 15:12:48.746000+00:00,20901888.0,36421632.0,40759296.0,40759296.0,32.62,0.694004166,113.25,19882059.0,0.0,0.0,120989.0,29977384.0,0.0,0.0,130459.0,0.0,0.0,0.0,0.0
2023-03-28 15:12:54.765000+00:00,20901888.0,36220928.0,40673280.0,40673280.0,32.66,0.694004166,113.34,19891509.0,0.0,0.0,121048.0,29992081.0,0.0,0.0,130523.0,0.0,0.0,0.0,0.0
2023-03-28 15:12:59.743000+00:00,20901888.0,36319232.0,40673280.0,40673280.0,32.66,0.694004166,113.35,19891509.0,0.0,0.0,121048.0,29992081.0,0.0,0.0,130523.0,0.0,0.0,0.0,0.0
2023-03-28 15:13:03.791000+00:00,20901888.0,36413440.0,41029632.0,41029632.0,32.69,0.694004166,113.44,19909448.0,0.0,0.0,121158.0,30020217.0,0.0,0.0,130643.0,0.0,0.0,0.0,0.0
2023-03-28 15:13:09.381000+00:00,20901888.0,36413440.0,41029632.0,41029632.0,32.7,0.694004166,113.45,19919028.0,0.0,0.0,121216.0,30035041.0,0.0,0.0,130706.0,0.0,0.0,0.0,0.0
2023-03-28 15:13:14.162000+00:00,20901888.0,36986880.0,41394176.0,41394176.0,32.72,0.694004166,113.55,19936265.0,0.0,0.0,121320.0,30058688.0,0.0,0.0,130819.0,0.0,0.0,0.0,0.0
2023-03-28 15:13:19.305000+00:00,20901888.0,36446208.0,40972288.0,40972288.0,32.75,0.694004166,113.79,19980243.0,0.0,0.0,121594.0,30113536.0,0.0,0.0,131112.0,0.0,0.0,0.0,0.0
2023-03-28 15:13:23.425000+00:00,20901888.0,36937728.0,41353216.0,41353216.0,32.76,0.694004166,113.87,19988701.0,0.0,0.0,121644.0,30126949.0,0.0,0.0,131167.0,0.0,0.0,0.0,0.0
2023-03-28 15:13:29.007000+00:00,20901888.0,36982784.0,41353216.0,41353216.0,32.77,0.694004166,113.92,19988701.0,0.0,0.0,121644.0,30126949.0,0.0,0.0,131167.0,0.0,0.0,0.0,0.0
2023-03-28 15:13:33.677000+00:00,20901888.0,36712448.0,41189376.0,41189376.0,32.79,0.694004166,113.99,20017346.0,0.0,0.0,121822.0,30167803.0,0.0,0.0,131359.0,0.0,0.0,0.0,0.0
2023-03-28 15:13:38.665000+00:00,20901888.0,36712448.0,41189376.0,41189376.0,32.83,0.694004166,114.03,20044129.0,0.0,0.0,121988.0,30202579.0,0.0,0.0,131536.0,0.0,0.0,0.0,0.0
2023-03-28 15:13:44.442000+00:00,20901888.0,36663296.0,41041920.0,41041920.0,32.86,0.694004166,114.14,20068828.0,0.0,0.0,122138.0,30234834.0,0.0,0.0,131699.0,0.0,0.0,0.0,0.0
2023-03-28 15:13:49.207000+00:00,20901888.0,36663296.0,40976384.0,40976384.0,32.87,0.694004166,114.14,20085049.0,0.0,0.0,122234.0,30256908.0,0.0,0.0,131800.0,0.0,0.0,0.0,0.0
2023-03-28 15:13:54.342000+00:00,21106688.0,36724736.0,41299968.0,41299968.0,32.92,0.694004166,114.3,20102142.0,0.0,0.0,122339.0,30280421.0,0.0,0.0,131914.0,0.0,0.0,0.0,0.0
2023-03-28 15:13:58.894000+00:00,21106688.0,36827136.0,41299968.0,41299968.0,32.92,0.694004166,114.3,20102142.0,0.0,0.0,122339.0,30280421.0,0.0,0.0,131914.0,0.0,0.0,0.0,0.0
2023-03-28 15:14:03.698000+00:00,21106688.0,36495360.0,41328640.0,41328640.0,32.94,0.694004166,114.39,20112414.0,0.0,0.0,122403.0,30299723.0,0.0,0.0,131984.0,0.0,0.0,0.0,0.0
2023-03-28 15:14:08.549000+00:00,21106688.0,36495360.0,41328640.0,40996864.0,32.94,0.694004166,114.4,20113217.0,0.0,0.0,122407.0,30304319.0,0.0,0.0,131989.0,0.0,0.0,0.0,0.0
2023-03-28 15:14:14.770000+00:00,21106688.0,37089280.0,41652224.0,41652224.0,32.96,0.694004166,114.48,20121661.0,0.0,0.0,122457.0,30317722.0,0.0,0.0,132044.0,0.0,0.0,0.0,0.0
2023-03-28 15:14:19.333000+00:00,21106688.0,36659200.0,40964096.0,40964096.0,32.96,0.694004166,114.5,20130209.0,0.0,0.0,122507.0,30331232.0,0.0,0.0,132099.0,0.0,0.0,0.0,0.0
2023-03-28 15:14:23.781000+00:00,21106688.0,36327424.0,41091072.0,41091072.0,33.0,0.694004166,114.57,20139544.0,0.0,0.0,122565.0,30345804.0,0.0,0.0,132162.0,0.0,0.0,0.0,0.0
2023-03-28 15:14:28.798000+00:00,21106688.0,36835328.0,41091072.0,41091072.0,33.01,0.694004166,114.6,20139544.0,0.0,0.0,122565.0,30345804.0,0.0,0.0,132162.0,0.0,0.0,0.0,0.0
2023-03-28 15:14:33.986000+00:00,21106688.0,36909056.0,41521152.0,41521152.0,33.05,0.694004166,114.67,20166861.0,0.0,0.0,122735.0,30385032.0,0.0,0.0,132346.0,0.0,0.0,0.0,0.0
2023-03-28 15:14:39.495000+00:00,21106688.0,36909056.0,41521152.0,41328640.0,33.05,0.694004166,114.68,20167664.0,0.0,0.0,122739.0,30389629.0,0.0,0.0,132351.0,0.0,0.0,0.0,0.0
2023-03-28 15:14:43.308000+00:00,21106688.0,36212736.0,40652800.0,40652800.0,33.05,0.694004166,114.69,20168467.0,0.0,0.0,122743.0,30394226.0,0.0,0.0,132356.0,0.0,0.0,0.0,0.0
2023-03-28 15:14:48.542000+00:00,21209088.0,36212736.0,41082880.0,41082880.0,33.06,0.694004166,114.69,20176999.0,0.0,0.0,122793.0,30407714.0,0.0,0.0,132411.0,0.0,0.0,0.0,0.0
2023-03-28 15:14:53.353000+00:00,21209088.0,36442112.0,40804352.0,40804352.0,33.07,0.694004166,114.8,20185541.0,0.0,0.0,122844.0,30421104.0,0.0,0.0,132465.0,0.0,0.0,0.0,0.0
2023-03-28 15:14:59.582000+00:00,21209088.0,36585472.0,40804352.0,40804352.0,33.1,0.694004166,114.8,20185541.0,0.0,0.0,122844.0,30421104.0,0.0,0.0,132465.0,0.0,0.0,0.0,0.0
2023-03-28 15:15:03.754000+00:00,21209088.0,36540416.0,40873984.0,40873984.0,33.11,0.694004166,114.89,20202597.0,0.0,0.0,122946.0,30447868.0,0.0,0.0,132574.0,0.0,0.0,0.0,0.0
2023-03-28 15:15:09.167000+00:00,21209088.0,36540416.0,40873984.0,40873984.0,33.14,0.694004166,114.99,20202597.0,0.0,0.0,123058.0,30472532.0,0.0,0.0,132693.0,0.0,0.0,0.0,0.0
2023-03-28 15:15:13.827000+00:00,21209088.0,36265984.0,40701952.0,40701952.0,33.16,0.694004166,115.01,20229224.0,0.0,0.0,123108.0,30485998.0,0.0,0.0,132748.0,0.0,0.0,0.0,0.0
2023-03-28 15:15:19.329000+00:00,21209088.0,36265984.0,40734720.0,40734720.0,33.17,0.694004166,115.07,20230027.0,0.0,0.0,123112.0,30490595.0,0.0,0.0,132753.0,0.0,0.0,0.0,0.0
2023-03-28 15:15:24.578000+00:00,21209088.0,36511744.0,40861696.0,40861696.0,33.17,0.694004166,115.08,20230830.0,0.0,0.0,123116.0,30495192.0,0.0,0.0,132758.0,0.0,0.0,0.0,0.0
2023-03-28 15:15:28.175000+00:00,21209088.0,36511744.0,40861696.0,40861696.0,33.2,0.694004166,115.14,20230830.0,0.0,0.0,123116.0,30495192.0,0.0,0.0,132758.0,0.0,0.0,0.0,0.0
2023-03-28 15:15:34.889000+00:00,21209088.0,36601856.0,40980480.0,40980480.0,33.21,0.694004166,115.18,20264191.0,0.0,0.0,123316.0,30540601.0,0.0,0.0,132969.0,0.0,0.0,0.0,0.0
2023-03-28 15:15:39.245000+00:00,21209088.0,36601856.0,40980480.0,40980480.0,33.24,0.694004166,115.32,20264191.0,0.0,0.0,123482.0,30575398.0,0.0,0.0,133148.0,0.0,0.0,0.0,0.0
2023-03-28 15:15:43.618000+00:00,21209088.0,36450304.0,40751104.0,40751104.0,33.24,0.694004166,115.32,20291653.0,0.0,0.0,123486.0,30579995.0,0.0,0.0,133153.0,0.0,0.0,0.0,0.0
2023-03-28 15:15:49.521000+00:00,21209088.0,36519936.0,40857600.0,40857600.0,33.28,0.694004166,115.32,20326040.0,0.0,0.0,123700.0,30623261.0,0.0,0.0,133375.0,0.0,0.0,0.0,0.0
2023-03-28 15:15:53.949000+00:00,21352448.0,36823040.0,41148416.0,41148416.0,33.3,0.694004166,115.47,20328749.0,0.0,0.0,123720.0,30630282.0,0.0,0.0,133398.0,0.0,0.0,0.0,0.0
2023-03-28 15:15:59.283000+00:00,21352448.0,36356096.0,41148416.0,41148416.0,33.34,0.694004166,115.56,20328749.0,0.0,0.0,123720.0,30630282.0,0.0,0.0,133398.0,0.0,0.0,0.0,0.0
2023-03-28 15:16:04.267000+00:00,21352448.0,36806656.0,41238528.0,41238528.0,33.36,0.694004166,115.6,20378390.0,0.0,0.0,124022.0,30694879.0,0.0,0.0,133723.0,0.0,0.0,0.0,0.0
2023-03-28 15:16:09.514000+00:00,21352448.0,36806656.0,41238528.0,41238528.0,33.38,0.694004166,115.68,20378390.0,0.0,0.0,124072.0,30708330.0,0.0,0.0,133776.0,0.0,0.0,0.0,0.0
2023-03-28 15:16:13.781000+00:00,21352448.0,36499456.0,40972288.0,40972288.0,33.38,0.694004166,115.71,20404411.0,0.0,0.0,124177.0,30731789.0,0.0,0.0,133884.0,0.0,0.0,0.0,0.0
2023-03-28 15:16:18.976000+00:00,21352448.0,36499456.0,41144320.0,41144320.0,33.4,0.694004166,115.71,20406132.0,0.0,0.0,124188.0,30737750.0,0.0,0.0,133899.0,0.0,0.0,0.0,0.0
2023-03-28 15:16:24.474000+00:00,21352448.0,36278272.0,40607744.0,40607744.0,33.4,0.694004166,115.8,20414644.0,0.0,0.0,124238.0,30751155.0,0.0,0.0,133953.0,0.0,0.0,0.0,0.0
2023-03-28 15:16:29.791000+00:00,21352448.0,36347904.0,40607744.0,40607744.0,33.44,0.694004166,115.89,20414644.0,0.0,0.0,124238.0,30751155.0,0.0,0.0,133953.0,0.0,0.0,0.0,0.0
2023-03-28 15:16:34.077000+00:00,21352448.0,36478976.0,40824832.0,40824832.0,33.45,0.694004166,115.93,20449958.0,0.0,0.0,124454.0,30799432.0,0.0,0.0,134185.0,0.0,0.0,0.0,0.0
2023-03-28 15:16:38.868000+00:00,21352448.0,36478976.0,40824832.0,40824832.0,33.46,0.694004166,116.01,20449958.0,0.0,0.0,124504.0,30812761.0,0.0,0.0,134239.0,0.0,0.0,0.0,0.0
2023-03-28 15:16:43.177000+00:00,21352448.0,36589568.0,40996864.0,40996864.0,33.46,0.694004166,116.03,20466834.0,0.0,0.0,124554.0,30826156.0,0.0,0.0,134294.0,0.0,0.0,0.0,0.0
2023-03-28 15:16:48.793000+00:00,21528576.0,36589568.0,41340928.0,41340928.0,33.5,0.694004166,116.03,20483171.0,0.0,0.0,124650.0,30848622.0,0.0,0.0,134399.0,0.0,0.0,0.0,0.0
2023-03-28 15:16:53.291000+00:00,21528576.0,36810752.0,41132032.0,41132032.0,33.51,0.694004166,116.12,20484028.0,0.0,0.0,124655.0,30853294.0,0.0,0.0,134405.0,0.0,0.0,0.0,0.0
2023-03-28 15:16:59.642000+00:00,21528576.0,36941824.0,41132032.0,41132032.0,33.55,0.694004166,116.22,20484028.0,0.0,0.0,124655.0,30853294.0,0.0,0.0,134405.0,0.0,0.0,0.0,0.0
2023-03-28 15:17:03.236000+00:00,21528576.0,36573184.0,40996864.0,40996864.0,33.55,0.694004166,116.25,20510734.0,0.0,0.0,124819.0,30891651.0,0.0,0.0,134583.0,0.0,0.0,0.0,0.0
2023-03-28 15:17:08.193000+00:00,21528576.0,36573184.0,40996864.0,40976384.0,33.55,0.694004166,116.26,20511537.0,0.0,0.0,124823.0,30896249.0,0.0,0.0,134588.0,0.0,0.0,0.0,0.0
2023-03-28 15:17:13.342000+00:00,21528576.0,36818944.0,41136128.0,41136128.0,33.58,0.694004166,116.3,20512340.0,0.0,0.0,124827.0,30900847.0,0.0,0.0,134593.0,0.0,0.0,0.0,0.0
2023-03-28 15:17:19.011000+00:00,21528576.0,36818944.0,40833024.0,40833024.0,33.59,0.694004166,116.34,20522646.0,0.0,0.0,124893.0,30916671.0,0.0,0.0,134664.0,0.0,0.0,0.0,0.0
2023-03-28 15:17:24.252000+00:00,21528576.0,36212736.0,40521728.0,40521728.0,33.6,0.694004166,116.44,20532018.0,0.0,0.0,124951.0,30931284.0,0.0,0.0,134727.0,0.0,0.0,0.0,0.0
2023-03-28 15:17:29.564000+00:00,21528576.0,36245504.0,40521728.0,40521728.0,33.64,0.694004166,116.52,20532018.0,0.0,0.0,124951.0,30931284.0,0.0,0.0,134727.0,0.0,0.0,0.0,0.0
2023-03-28 15:17:34.664000+00:00,21528576.0,36339712.0,40665088.0,40665088.0,33.64,0.694004166,116.53,20549018.0,0.0,0.0,125051.0,30958138.0,0.0,0.0,134836.0,0.0,0.0,0.0,0.0
2023-03-28 15:17:38.688000+00:00,21528576.0,36339712.0,40665088.0,40665088.0,33.64,0.694004166,116.54,20549018.0,0.0,0.0,125055.0,30962736.0,0.0,0.0,134841.0,0.0,0.0,0.0,0.0
2023-03-28 15:17:44.893000+00:00,21528576.0,36577280.0,40935424.0,40935424.0,33.66,0.694844112,116.61,20550624.0,0.0,0.0,125059.0,30967334.0,0.0,0.0,134846.0,0.0,0.0,0.0,0.0
2023-03-28 15:17:49.453000+00:00,21614592.0,36577280.0,40742912.0,40742912.0,33.66,0.694844112,116.61,20560969.0,0.0,0.0,125126.0,30983053.0,0.0,0.0,134916.0,0.0,0.0,0.0,0.0
2023-03-28 15:17:54.378000+00:00,21614592.0,36937728.0,41418752.0,41418752.0,33.7,0.694844112,116.72,20570429.0,0.0,0.0,125185.0,30997766.0,0.0,0.0,134980.0,0.0,0.0,0.0,0.0
2023-03-28 15:17:58.654000+00:00,21614592.0,36937728.0,41418752.0,41418752.0,33.71,0.694844112,116.74,20570429.0,0.0,0.0,125185.0,30997766.0,0.0,0.0,134980.0,0.0,0.0,0.0,0.0
2023-03-28 15:18:03.589000+00:00,21614592.0,36237312.0,40607744.0,40607744.0,33.74,0.694844112,116.82,20588357.0,0.0,0.0,125295.0,31025829.0,0.0,0.0,135099.0,0.0,0.0,0.0,0.0
2023-03-28 15:18:08.362000+00:00,21614592.0,36237312.0,40607744.0,40607744.0,33.75,0.694844112,116.83,20588357.0,0.0,0.0,125345.0,31039284.0,0.0,0.0,135154.0,0.0,0.0,0.0,0.0
2023-03-28 15:18:14.411000+00:00,21614592.0,36364288.0,40767488.0,40767488.0,33.77,0.694844112,116.91,20605295.0,0.0,0.0,125395.0,31052633.0,0.0,0.0,135208.0,0.0,0.0,0.0,0.0
2023-03-28 15:18:18.771000+00:00,21614592.0,36364288.0,41287680.0,41287680.0,33.78,0.694844112,116.91,20614695.0,0.0,0.0,125453.0,31067274.0,0.0,0.0,135271.0,0.0,0.0,0.0,0.0
2023-03-28 15:18:24.462000+00:00,21614592.0,36884480.0,41316352.0,41316352.0,33.81,0.694844112,117.01,20630948.0,0.0,0.0,125549.0,31089526.0,0.0,0.0,135374.0,0.0,0.0,0.0,0.0
2023-03-28 15:18:28.695000+00:00,21614592.0,36982784.0,41328640.0,41328640.0,33.81,0.694844112,117.02,20631751.0,0.0,0.0,125553.0,31094124.0,0.0,0.0,135379.0,0.0,0.0,0.0,0.0
2023-03-28 15:18:34.332000+00:00,21614592.0,36298752.0,40939520.0,40939520.0,33.82,0.694844112,117.09,20632554.0,0.0,0.0,125557.0,31098722.0,0.0,0.0,135384.0,0.0,0.0,0.0,0.0
2023-03-28 15:18:39.272000+00:00,21614592.0,36298752.0,40939520.0,40939520.0,33.83,0.694844112,117.12,20632554.0,0.0,0.0,125669.0,31123575.0,0.0,0.0,135504.0,0.0,0.0,0.0,0.0
2023-03-28 15:18:43.158000+00:00,21614592.0,36544512.0,40914944.0,40914944.0,33.84,0.694844112,117.18,20651576.0,0.0,0.0,125673.0,31128173.0,0.0,0.0,135509.0,0.0,0.0,0.0,0.0
2023-03-28 15:18:49.233000+00:00,21708800.0,36544512.0,41353216.0,41353216.0,33.85,0.694844112,117.2,20660947.0,0.0,0.0,125731.0,31142781.0,0.0,0.0,135572.0,0.0,0.0,0.0,0.0
2023-03-28 15:18:53.881000+00:00,21708800.0,36835328.0,41340928.0,41340928.0,33.88,0.694844112,117.3,20670581.0,0.0,0.0,125790.0,31157687.0,0.0,0.0,135636.0,0.0,0.0,0.0,0.0
2023-03-28 15:18:58.871000+00:00,21708800.0,36933632.0,41340928.0,41340928.0,33.9,0.694844112,117.33,20670581.0,0.0,0.0,125790.0,31157687.0,0.0,0.0,135636.0,0.0,0.0,0.0,0.0
2023-03-28 15:19:03.307000+00:00,21708800.0,36630528.0,41246720.0,41246720.0,33.92,0.694844112,117.41,20698083.0,0.0,0.0,125962.0,31197104.0,0.0,0.0,135822.0,0.0,0.0,0.0,0.0
2023-03-28 15:19:09.142000+00:00,21708800.0,36630528.0,41246720.0,41246720.0,33.93,0.694844112,117.47,20698083.0,0.0,0.0,126167.0,31239237.0,0.0,0.0,136036.0,0.0,0.0,0.0,0.0
2023-03-28 15:19:13.998000+00:00,21708800.0,36745216.0,41250816.0,41250816.0,33.96,0.694844112,117.53,20732526.0,0.0,0.0,126171.0,31243835.0,0.0,0.0,136041.0,0.0,0.0,0.0,0.0
2023-03-28 15:19:19.376000+00:00,21708800.0,36745216.0,40792064.0,40792064.0,33.96,0.694844112,117.57,20743042.0,0.0,0.0,126237.0,31259875.0,0.0,0.0,136112.0,0.0,0.0,0.0,0.0
2023-03-28 15:19:24.331000+00:00,21708800.0,36847616.0,41213952.0,41213952.0,33.99,0.694844112,117.67,20766850.0,0.0,0.0,126379.0,31290638.0,0.0,0.0,136262.0,0.0,0.0,0.0,0.0
2023-03-28 15:19:29.176000+00:00,21708800.0,36847616.0,41213952.0,41213952.0,34.02,0.694844112,117.71,20766850.0,0.0,0.0,126379.0,31290638.0,0.0,0.0,136262.0,0.0,0.0,0.0,0.0
2023-03-28 15:19:33.571000+00:00,21708800.0,36929536.0,41345024.0,41345024.0,34.05,0.695132533,117.8,20801005.0,0.0,0.0,126587.0,31337527.0,0.0,0.0,136487.0,0.0,0.0,0.0,0.0
2023-03-28 15:19:38.980000+00:00,21708800.0,36929536.0,41345024.0,41345024.0,34.05,0.695132533,117.8,20806634.0,0.0,0.0,126615.0,31347384.0,0.0,0.0,136516.0,0.0,0.0,0.0,0.0
2023-03-28 15:19:43.529000+00:00,21708800.0,36392960.0,41013248.0,41013248.0,34.06,0.695132533,117.92,20820651.0,0.0,0.0,126711.0,31367928.0,0.0,0.0,136621.0,0.0,0.0,0.0,0.0
2023-03-28 15:19:49.391000+00:00,21708800.0,36392960.0,40783872.0,40783872.0,34.06,0.695132533,117.93,20838842.0,0.0,0.0,126823.0,31392813.0,0.0,0.0,136742.0,0.0,0.0,0.0,0.0
2023-03-28 15:19:54.875000+00:00,21905408.0,36212736.0,40632320.0,40632320.0,34.08,0.695132533,118.03,20847380.0,0.0,0.0,126874.0,31406336.0,0.0,0.0,136798.0,0.0,0.0,0.0,0.0
2023-03-28 15:19:58.927000+00:00,21905408.0,36212736.0,40632320.0,40632320.0,34.08,0.695132533,118.05,20847380.0,0.0,0.0,126874.0,31406336.0,0.0,0.0,136798.0,0.0,0.0,0.0,0.0
2023-03-28 15:20:04.637000+00:00,21905408.0,36847616.0,41218048.0,41218048.0,34.11,0.695132533,118.1,20857697.0,0.0,0.0,126938.0,31425687.0,0.0,0.0,136868.0,0.0,0.0,0.0,0.0
2023-03-28 15:20:08.669000+00:00,21905408.0,36847616.0,41218048.0,41218048.0,34.11,0.695132533,118.13,20857697.0,0.0,0.0,126996.0,31440328.0,0.0,0.0,136931.0,0.0,0.0,0.0,0.0
2023-03-28 15:20:13.472000+00:00,21905408.0,36630528.0,40972288.0,40972288.0,34.11,0.695132533,118.14,20867910.0,0.0,0.0,127000.0,31444926.0,0.0,0.0,136936.0,0.0,0.0,0.0,0.0
2023-03-28 15:20:19.767000+00:00,21905408.0,36630528.0,40660992.0,40660992.0,34.14,0.695132533,118.22,20876438.0,0.0,0.0,127050.0,31458415.0,0.0,0.0,136991.0,0.0,0.0,0.0,0.0
2023-03-28 15:20:24.507000+00:00,21905408.0,36397056.0,40701952.0,40701952.0,34.14,0.695132533,118.22,20877241.0,0.0,0.0,127054.0,31463013.0,0.0,0.0,136996.0,0.0,0.0,0.0,0.0
2023-03-28 15:20:29.581000+00:00,21905408.0,36397056.0,40701952.0,40701952.0,34.17,0.695132533,118.29,20877241.0,0.0,0.0,127054.0,31463013.0,0.0,0.0,136996.0,0.0,0.0,0.0,0.0
2023-03-28 15:20:33.643000+00:00,21905408.0,36589568.0,40902656.0,40902656.0,34.19,0.695132533,118.32,20896239.0,0.0,0.0,127170.0,31492496.0,0.0,0.0,137122.0,0.0,0.0,0.0,0.0
2023-03-28 15:20:38.358000+00:00,21905408.0,36589568.0,40902656.0,40902656.0,34.24,0.695132533,118.53,20896239.0,0.0,0.0,127228.0,31507170.0,0.0,0.0,137185.0,0.0,0.0,0.0,0.0
2023-03-28 15:20:44.838000+00:00,21905408.0,36311040.0,40636416.0,40636416.0,34.24,0.695132533,118.53,20906470.0,0.0,0.0,127232.0,31511768.0,0.0,0.0,137190.0,0.0,0.0,0.0,0.0
2023-03-28 15:20:49.102000+00:00,21905408.0,36311040.0,41480192.0,41480192.0,34.27,0.695132533,118.66,20939779.0,0.0,0.0,127436.0,31554078.0,0.0,0.0,137411.0,0.0,0.0,0.0,0.0
2023-03-28 15:20:54.204000+00:00,22003712.0,36388864.0,40992768.0,40992768.0,34.28,0.695132533,118.68,20940636.0,0.0,0.0,127441.0,31558750.0,0.0,0.0,137417.0,0.0,0.0,0.0,0.0
2023-03-28 15:20:59.004000+00:00,22003712.0,36388864.0,40992768.0,40992768.0,34.29,0.695132533,118.75,20940636.0,0.0,0.0,127441.0,31558750.0,0.0,0.0,137417.0,0.0,0.0,0.0,0.0
2023-03-28 15:21:04.286000+00:00,22003712.0,37044224.0,41455616.0,41455616.0,34.3,0.695132533,118.76,20950901.0,0.0,0.0,127505.0,31578046.0,0.0,0.0,137487.0,0.0,0.0,0.0,0.0
2023-03-28 15:21:09.097000+00:00,22003712.0,37044224.0,41455616.0,41455616.0,34.34,0.695132533,118.81,20950901.0,0.0,0.0,127509.0,31582644.0,0.0,0.0,137492.0,0.0,0.0,0.0,0.0
2023-03-28 15:21:14.607000+00:00,22003712.0,36749312.0,41091072.0,41091072.0,34.34,0.695132533,118.83,20960198.0,0.0,0.0,127559.0,31596089.0,0.0,0.0,137547.0,0.0,0.0,0.0,0.0
2023-03-28 15:21:19.672000+00:00,22003712.0,36749312.0,41025536.0,41025536.0,34.37,0.695132533,118.93,20969590.0,0.0,0.0,127617.0,31610721.0,0.0,0.0,137610.0,0.0,0.0,0.0,0.0
2023-03-28 15:21:24.414000+00:00,22003712.0,36675584.0,40992768.0,40992768.0,34.37,0.695132533,118.94,20970393.0,0.0,0.0,127621.0,31615319.0,0.0,0.0,137615.0,0.0,0.0,0.0,0.0
2023-03-28 15:21:29.224000+00:00,22003712.0,37171200.0,40992768.0,40992768.0,34.4,0.695132533,119.0,20970393.0,0.0,0.0,127621.0,31615319.0,0.0,0.0,137615.0,0.0,0.0,0.0,0.0
2023-03-28 15:21:34.635000+00:00,22003712.0,36737024.0,41127936.0,41127936.0,34.4,0.695132533,119.02,20987285.0,0.0,0.0,127721.0,31642003.0,0.0,0.0,137723.0,0.0,0.0,0.0,0.0
2023-03-28 15:21:39.348000+00:00,22003712.0,36737024.0,41127936.0,41127936.0,34.43,0.695132533,119.08,20987285.0,0.0,0.0,127771.0,31655424.0,0.0,0.0,137778.0,0.0,0.0,0.0,0.0
2023-03-28 15:21:43.348000+00:00,22003712.0,36864000.0,41168896.0,41168896.0,34.44,0.695132533,119.13,21005072.0,0.0,0.0,127829.0,31669998.0,0.0,0.0,137841.0,0.0,0.0,0.0,0.0
2023-03-28 15:21:49.433000+00:00,22089728.0,36864000.0,41156608.0,41156608.0,34.47,0.695132533,119.13,21013554.0,0.0,0.0,127880.0,31683297.0,0.0,0.0,137895.0,0.0,0.0,0.0,0.0
2023-03-28 15:21:53.702000+00:00,22089728.0,36659200.0,40984576.0,40984576.0,34.48,0.695132533,119.22,21014411.0,0.0,0.0,127885.0,31687969.0,0.0,0.0,137901.0,0.0,0.0,0.0,0.0
2023-03-28 15:21:58.308000+00:00,22089728.0,36659200.0,40984576.0,40984576.0,34.54,0.695132533,119.34,21014411.0,0.0,0.0,127885.0,31687969.0,0.0,0.0,137901.0,0.0,0.0,0.0,0.0
2023-03-28 15:22:04.228000+00:00,22089728.0,36593664.0,40902656.0,40902656.0,34.54,0.695132533,119.36,21047897.0,0.0,0.0,128087.0,31733928.0,0.0,0.0,138120.0,0.0,0.0,0.0,0.0
2023-03-28 15:22:09.649000+00:00,22089728.0,36593664.0,40902656.0,40902656.0,34.57,0.695132533,119.45,21047897.0,0.0,0.0,128183.0,31756152.0,0.0,0.0,138224.0,0.0,0.0,0.0,0.0
2023-03-28 15:22:14.853000+00:00,22089728.0,36655104.0,40984576.0,40984576.0,34.57,0.695132533,119.46,21064859.0,0.0,0.0,128187.0,31760750.0,0.0,0.0,138229.0,0.0,0.0,0.0,0.0
2023-03-28 15:22:19.162000+00:00,22089728.0,36655104.0,41373696.0,41373696.0,34.6,0.695132533,119.46,21083020.0,0.0,0.0,128299.0,31785527.0,0.0,0.0,138349.0,0.0,0.0,0.0,0.0
2023-03-28 15:22:24.354000+00:00,22089728.0,36724736.0,41029632.0,41029632.0,34.6,0.695132533,119.6,21099131.0,0.0,0.0,128395.0,31807635.0,0.0,0.0,138452.0,0.0,0.0,0.0,0.0
2023-03-28 15:22:29.855000+00:00,22089728.0,36442112.0,41029632.0,41029632.0,34.66,0.695132533,119.7,21099131.0,0.0,0.0,128395.0,31807635.0,0.0,0.0,138452.0,0.0,0.0,0.0,0.0
2023-03-28 15:22:34.237000+00:00,22089728.0,36896768.0,41201664.0,41201664.0,34.66,0.695132533,119.72,21134281.0,0.0,0.0,128611.0,31855752.0,0.0,0.0,138684.0,0.0,0.0,0.0,0.0
2023-03-28 15:22:38.718000+00:00,22089728.0,36896768.0,41201664.0,41201664.0,34.66,0.695132533,119.73,21135084.0,0.0,0.0,128615.0,31860350.0,0.0,0.0,138689.0,0.0,0.0,0.0,0.0
2023-03-28 15:22:44.291000+00:00,22089728.0,37093376.0,41504768.0,41504768.0,34.7,0.695132533,119.82,21153222.0,0.0,0.0,128727.0,31885158.0,0.0,0.0,138810.0,0.0,0.0,0.0,0.0
2023-03-28 15:22:49.586000+00:00,22089728.0,37093376.0,41369600.0,41369600.0,34.72,0.695132533,119.91,21161846.0,0.0,0.0,128777.0,31898751.0,0.0,0.0,138865.0,0.0,0.0,0.0,0.0
2023-03-28 15:22:53.865000+00:00,22245376.0,36872192.0,41189376.0,41189376.0,34.75,0.695132533,119.96,21178037.0,0.0,0.0,128874.0,31920891.0,0.0,0.0,138968.0,0.0,0.0,0.0,0.0
2023-03-28 15:22:58.764000+00:00,22245376.0,36536320.0,41189376.0,41189376.0,34.76,0.695132533,119.98,21178037.0,0.0,0.0,128874.0,31920891.0,0.0,0.0,138968.0,0.0,0.0,0.0,0.0
2023-03-28 15:23:03.578000+00:00,22245376.0,36683776.0,41148416.0,41148416.0,34.78,0.695132533,120.04,21188338.0,0.0,0.0,128938.0,31940224.0,0.0,0.0,139038.0,0.0,0.0,0.0,0.0
2023-03-28 15:23:08.026000+00:00,22245376.0,36683776.0,41148416.0,41148416.0,34.78,0.695132533,120.07,21188338.0,0.0,0.0,129042.0,31963645.0,0.0,0.0,139151.0,0.0,0.0,0.0,0.0
2023-03-28 15:23:14.351000+00:00,22245376.0,37208064.0,41652224.0,41652224.0,34.81,0.695315824,120.15,21213839.0,0.0,0.0,129092.0,31977090.0,0.0,0.0,139206.0,0.0,0.0,0.0,0.0
2023-03-28 15:23:18.857000+00:00,22245376.0,37208064.0,40804352.0,40804352.0,34.82,0.695315824,120.16,21214642.0,0.0,0.0,129096.0,31981688.0,0.0,0.0,139211.0,0.0,0.0,0.0,0.0
2023-03-28 15:23:23.863000+00:00,22245376.0,37093376.0,41394176.0,41394176.0,34.83,0.695315824,120.24,21225145.0,0.0,0.0,129162.0,31997713.0,0.0,0.0,139282.0,0.0,0.0,0.0,0.0
2023-03-28 15:23:28.934000+00:00,22245376.0,36782080.0,41394176.0,41394176.0,34.84,0.695315824,120.27,21225145.0,0.0,0.0,129162.0,31997713.0,0.0,0.0,139282.0,0.0,0.0,0.0,0.0
2023-03-28 15:23:34.820000+00:00,22245376.0,36454400.0,40792064.0,40792064.0,34.86,0.695315824,120.36,21243049.0,0.0,0.0,129270.0,32025743.0,0.0,0.0,139399.0,0.0,0.0,0.0,0.0
2023-03-28 15:23:39.836000+00:00,22245376.0,36454400.0,40792064.0,40792064.0,34.86,0.695315824,120.36,21243049.0,0.0,0.0,129274.0,32030341.0,0.0,0.0,139404.0,0.0,0.0,0.0,0.0
2023-03-28 15:23:44.605000+00:00,22245376.0,36696064.0,41017344.0,41017344.0,34.87,0.695315824,120.44,21244655.0,0.0,0.0,129278.0,32034939.0,0.0,0.0,139409.0,0.0,0.0,0.0,0.0
2023-03-28 15:23:49.231000+00:00,22245376.0,36728832.0,41164800.0,41164800.0,34.88,0.695315824,120.44,21261930.0,0.0,0.0,129382.0,32058558.0,0.0,0.0,139521.0,0.0,0.0,0.0,0.0
2023-03-28 15:23:53.949000+00:00,22343680.0,36478976.0,41029632.0,41029632.0,34.93,0.695315824,120.57,21272243.0,0.0,0.0,129449.0,32074405.0,0.0,0.0,139593.0,0.0,0.0,0.0,0.0
2023-03-28 15:23:59.768000+00:00,22343680.0,36929536.0,41029632.0,41029632.0,34.93,0.695315824,120.6,21272243.0,0.0,0.0,129449.0,32074405.0,0.0,0.0,139593.0,0.0,0.0,0.0,0.0
2023-03-28 15:24:04.484000+00:00,22343680.0,36593664.0,41107456.0,41107456.0,34.96,0.695618084,120.67,21289237.0,0.0,0.0,129551.0,32101241.0,0.0,0.0,139704.0,0.0,0.0,0.0,0.0
2023-03-28 15:24:08.749000+00:00,22343680.0,36691968.0,41025536.0,41025536.0,34.96,0.695618084,120.68,21290040.0,0.0,0.0,129555.0,32105839.0,0.0,0.0,139709.0,0.0,0.0,0.0,0.0
2023-03-28 15:24:14.838000+00:00,22343680.0,36769792.0,41291776.0,41291776.0,34.98,0.695618084,120.78,21307107.0,0.0,0.0,129659.0,32129306.0,0.0,0.0,139822.0,0.0,0.0,0.0,0.0
2023-03-28 15:24:19.387000+00:00,22343680.0,36769792.0,40849408.0,40849408.0,34.99,0.695618084,120.8,21316464.0,0.0,0.0,129717.0,32143891.0,0.0,0.0,139885.0,0.0,0.0,0.0,0.0
2023-03-28 15:24:24.005000+00:00,22343680.0,36503552.0,40816640.0,40816640.0,35.02,0.695618084,120.88,21332917.0,0.0,0.0,129813.0,32166355.0,0.0,0.0,139988.0,0.0,0.0,0.0,0.0
2023-03-28 15:24:28.124000+00:00,22343680.0,36605952.0,40947712.0,40947712.0,35.02,0.695618084,120.89,21333720.0,0.0,0.0,129817.0,32170953.0,0.0,0.0,139993.0,0.0,0.0,0.0,0.0
2023-03-28 15:24:34.110000+00:00,22343680.0,36745216.0,41086976.0,41086976.0,35.04,0.695618084,120.94,21334523.0,0.0,0.0,129821.0,32175551.0,0.0,0.0,139998.0,0.0,0.0,0.0,0.0
2023-03-28 15:24:38.985000+00:00,22343680.0,36745216.0,41086976.0,41086976.0,35.05,0.695618084,120.97,21334523.0,0.0,0.0,129879.0,32190166.0,0.0,0.0,140061.0,0.0,0.0,0.0,0.0
2023-03-28 15:24:44.590000+00:00,22343680.0,36552704.0,41091072.0,41091072.0,35.07,0.695618084,121.03,21344711.0,0.0,0.0,129883.0,32194764.0,0.0,0.0,140066.0,0.0,0.0,0.0,0.0
2023-03-28 15:24:48.864000+00:00,22441984.0,36552704.0,40968192.0,40968192.0,35.07,0.695618084,121.03,21345514.0,0.0,0.0,129887.0,32199362.0,0.0,0.0,140071.0,0.0,0.0,0.0,0.0
2023-03-28 15:24:54.157000+00:00,22441984.0,36868096.0,41574400.0,41574400.0,35.11,0.695618084,121.1,21346371.0,0.0,0.0,129892.0,32204034.0,0.0,0.0,140077.0,0.0,0.0,0.0,0.0
2023-03-28 15:24:58.059000+00:00,22441984.0,36470784.0,41574400.0,41574400.0,35.11,0.695618084,121.12,21346371.0,0.0,0.0,129892.0,32204034.0,0.0,0.0,140077.0,0.0,0.0,0.0,0.0
2023-03-28 15:25:03.549000+00:00,22441984.0,36569088.0,40869888.0,40869888.0,35.11,0.695618084,121.13,21355890.0,0.0,0.0,129950.0,32222173.0,0.0,0.0,140139.0,0.0,0.0,0.0,0.0
2023-03-28 15:25:09.260000+00:00,22441984.0,36569088.0,40869888.0,40869888.0,35.14,0.696163942,121.19,21355890.0,0.0,0.0,129954.0,32226771.0,0.0,0.0,140144.0,0.0,0.0,0.0,0.0
2023-03-28 15:25:14.135000+00:00,22441984.0,36675584.0,40980480.0,40980480.0,35.14,0.696163942,121.22,21373790.0,0.0,0.0,130058.0,32250262.0,0.0,0.0,140257.0,0.0,0.0,0.0,0.0
2023-03-28 15:25:19.573000+00:00,22441984.0,36675584.0,41123840.0,41123840.0,35.16,0.696163942,121.28,21374635.0,0.0,0.0,130063.0,32254902.0,0.0,0.0,140263.0,0.0,0.0,0.0,0.0
2023-03-28 15:25:24.549000+00:00,22441984.0,36904960.0,41259008.0,41259008.0,35.16,0.696163942,121.29,21375438.0,0.0,0.0,130067.0,32259500.0,0.0,0.0,140268.0,0.0,0.0,0.0,0.0
2023-03-28 15:25:28.612000+00:00,22441984.0,36904960.0,41259008.0,41259008.0,35.2,0.696163942,121.39,21375438.0,0.0,0.0,130067.0,32259500.0,0.0,0.0,140268.0,0.0,0.0,0.0,0.0
2023-03-28 15:25:33.960000+00:00,22441984.0,36732928.0,41033728.0,41033728.0,35.22,0.696163942,121.42,21402804.0,0.0,0.0,130237.0,32298641.0,0.0,0.0,140450.0,0.0,0.0,0.0,0.0
2023-03-28 15:25:38.935000+00:00,22441984.0,36732928.0,41033728.0,41033728.0,35.24,0.696163942,121.52,21402804.0,0.0,0.0,130349.0,32323039.0,0.0,0.0,140567.0,0.0,0.0,0.0,0.0
2023-03-28 15:25:44.456000+00:00,22441984.0,36425728.0,40812544.0,40812544.0,35.25,0.696163942,121.57,21444827.0,0.0,0.0,130491.0,32354226.0,0.0,0.0,140720.0,0.0,0.0,0.0,0.0
2023-03-28 15:25:49.224000+00:00,22564864.0,36425728.0,41230336.0,41230336.0,35.28,0.696163942,121.66,21470395.0,0.0,0.0,130649.0,32387511.0,0.0,0.0,140889.0,0.0,0.0,0.0,0.0
2023-03-28 15:25:54.502000+00:00,22564864.0,36671488.0,41070592.0,41070592.0,35.3,0.696163942,121.68,21479921.0,0.0,0.0,130708.0,32402299.0,0.0,0.0,140953.0,0.0,0.0,0.0,0.0
2023-03-28 15:25:59.628000+00:00,22564864.0,36634624.0,41070592.0,41070592.0,35.33,0.696163942,121.82,21479921.0,0.0,0.0,130708.0,32402299.0,0.0,0.0,140953.0,0.0,0.0,0.0,0.0
2023-03-28 15:26:04.362000+00:00,22564864.0,36306944.0,40742912.0,40742912.0,35.34,0.696163942,121.84,21522121.0,0.0,0.0,130964.0,32458410.0,0.0,0.0,141230.0,0.0,0.0,0.0,0.0
2023-03-28 15:26:08.395000+00:00,22564864.0,36306944.0,40742912.0,40742912.0,35.37,0.696163942,121.94,21539278.0,0.0,0.0,131069.0,32481704.0,0.0,0.0,141340.0,0.0,0.0,0.0,0.0
2023-03-28 15:26:14.265000+00:00,22564864.0,36302848.0,40611840.0,40611840.0,35.38,0.696163942,121.97,21556482.0,0.0,0.0,131173.0,32505328.0,0.0,0.0,141453.0,0.0,0.0,0.0,0.0
2023-03-28 15:26:18.991000+00:00,22564864.0,36831232.0,41308160.0,41308160.0,35.42,0.696163942,122.07,21583248.0,0.0,0.0,131339.0,32540017.0,0.0,0.0,141629.0,0.0,0.0,0.0,0.0
2023-03-28 15:26:24.349000+00:00,22564864.0,36925440.0,41238528.0,41238528.0,35.42,0.696163942,122.08,21584051.0,0.0,0.0,131343.0,32544615.0,0.0,0.0,141634.0,0.0,0.0,0.0,0.0
2023-03-28 15:26:29.139000+00:00,22564864.0,36925440.0,41238528.0,41238528.0,35.44,0.696163942,122.13,21584051.0,0.0,0.0,131343.0,32544615.0,0.0,0.0,141634.0,0.0,0.0,0.0,0.0
2023-03-28 15:26:33.487000+00:00,22564864.0,36634624.0,40939520.0,40939520.0,35.46,0.696163942,122.14,21593326.0,0.0,0.0,131397.0,32562644.0,0.0,0.0,141694.0,0.0,0.0,0.0,0.0
2023-03-28 15:26:39.808000+00:00,22564864.0,36634624.0,40939520.0,40939520.0,35.47,0.696163942,122.22,21594129.0,0.0,0.0,131401.0,32567242.0,0.0,0.0,141699.0,0.0,0.0,0.0,0.0
2023-03-28 15:26:44.236000+00:00,22564864.0,36827136.0,41132032.0,41132032.0,35.49,0.696163942,122.25,21611280.0,0.0,0.0,131505.0,32590794.0,0.0,0.0,141812.0,0.0,0.0,0.0,0.0
2023-03-28 15:26:49.723000+00:00,22720512.0,36159488.0,40611840.0,40611840.0,35.51,0.696163942,122.31,21612083.0,0.0,0.0,131509.0,32595392.0,0.0,0.0,141817.0,0.0,0.0,0.0,0.0
2023-03-28 15:26:53.702000+00:00,22720512.0,36339712.0,40976384.0,40976384.0,35.52,0.696163942,122.32,21612940.0,0.0,0.0,131514.0,32600064.0,0.0,0.0,141823.0,0.0,0.0,0.0,0.0
2023-03-28 15:26:59.527000+00:00,22720512.0,36880384.0,41373696.0,41373696.0,35.57,0.696163942,122.4,21622405.0,0.0,0.0,131574.0,32614772.0,0.0,0.0,141888.0,0.0,0.0,0.0,0.0
2023-03-28 15:27:03.891000+00:00,22720512.0,36839424.0,41185280.0,41185280.0,35.58,0.696163942,122.42,21638586.0,0.0,0.0,131670.0,32636942.0,0.0,0.0,141991.0,0.0,0.0,0.0,0.0
2023-03-28 15:27:08.324000+00:00,22720512.0,36839424.0,41185280.0,40787968.0,35.59,0.696163942,122.49,21639389.0,0.0,0.0,131674.0,32641540.0,0.0,0.0,141996.0,0.0,0.0,0.0,0.0
2023-03-28 15:27:13.979000+00:00,22720512.0,36741120.0,41218048.0,41218048.0,35.6,0.696163942,122.6,21668931.0,0.0,0.0,131848.0,32679074.0,0.0,0.0,142183.0,0.0,0.0,0.0,0.0
2023-03-28 15:27:19.692000+00:00,22720512.0,36741120.0,40964096.0,40964096.0,35.65,0.696163942,122.71,21698574.0,0.0,0.0,132036.0,32717443.0,0.0,0.0,142386.0,0.0,0.0,0.0,0.0
2023-03-28 15:27:24.283000+00:00,22720512.0,36667392.0,40976384.0,40976384.0,35.66,0.696163942,122.74,21715645.0,0.0,0.0,132140.0,32740916.0,0.0,0.0,142499.0,0.0,0.0,0.0,0.0
2023-03-28 15:27:29.894000+00:00,22720512.0,36667392.0,40976384.0,40976384.0,35.67,0.696163942,122.83,21715645.0,0.0,0.0,132140.0,32740916.0,0.0,0.0,142499.0,0.0,0.0,0.0,0.0
2023-03-28 15:27:33.596000+00:00,22720512.0,36405248.0,40730624.0,40730624.0,35.67,0.696163942,122.83,21724960.0,0.0,0.0,132194.0,32758919.0,0.0,0.0,142558.0,0.0,0.0,0.0,0.0
2023-03-28 15:27:39.323000+00:00,22720512.0,36405248.0,40730624.0,40730624.0,35.7,0.696163942,122.92,21741287.0,0.0,0.0,132291.0,32781111.0,0.0,0.0,142660.0,0.0,0.0,0.0,0.0
2023-03-28 15:27:43.740000+00:00,22720512.0,36876288.0,41320448.0,41320448.0,35.71,0.696163942,122.98,21767187.0,0.0,0.0,132449.0,32814813.0,0.0,0.0,142830.0,0.0,0.0,0.0,0.0
2023-03-28 15:27:49.073000+00:00,22880256.0,36876288.0,41287680.0,41287680.0,35.72,0.696163942,122.98,21767990.0,0.0,0.0,132453.0,32819411.0,0.0,0.0,142835.0,0.0,0.0,0.0,0.0
2023-03-28 15:27:54.117000+00:00,22880256.0,36356096.0,41017344.0,41017344.0,35.75,0.696163942,123.04,21768847.0,0.0,0.0,132458.0,32824083.0,0.0,0.0,142841.0,0.0,0.0,0.0,0.0
2023-03-28 15:27:59.634000+00:00,22880256.0,36737024.0,41017344.0,41017344.0,35.78,0.696163942,123.08,21768847.0,0.0,0.0,132458.0,32824083.0,0.0,0.0,142841.0,0.0,0.0,0.0,0.0
2023-03-28 15:28:03.488000+00:00,22880256.0,36872192.0,41259008.0,41259008.0,35.79,0.696163942,123.15,21794485.0,0.0,0.0,132614.0,32861001.0,0.0,0.0,143010.0,0.0,0.0,0.0,0.0
2023-03-28 15:28:08.702000+00:00,22880256.0,36483072.0,40787968.0,40787968.0,35.79,0.696163942,123.17,21803099.0,0.0,0.0,132664.0,32874518.0,0.0,0.0,143064.0,0.0,0.0,0.0,0.0
2023-03-28 15:28:13.618000+00:00,22880256.0,36618240.0,41037824.0,41037824.0,35.82,0.696836417,123.23,21803902.0,0.0,0.0,132668.0,32879116.0,0.0,0.0,143069.0,0.0,0.0,0.0,0.0
2023-03-28 15:28:18.467000+00:00,22880256.0,36618240.0,41037824.0,41037824.0,35.82,0.696836417,123.24,21804705.0,0.0,0.0,132672.0,32883714.0,0.0,0.0,143074.0,0.0,0.0,0.0,0.0
2023-03-28 15:28:24+00:00,22880256.0,36446208.0,40824832.0,40824832.0,35.86,0.696836417,123.3,21814285.0,0.0,0.0,132730.0,32898540.0,0.0,0.0,143137.0,0.0,0.0,0.0,0.0
2023-03-28 15:28:29.180000+00:00,22880256.0,36171776.0,40824832.0,40824832.0,35.92,0.696836417,123.41,21814285.0,0.0,0.0,132730.0,32898540.0,0.0,0.0,143137.0,0.0,0.0,0.0,0.0
2023-03-28 15:28:34.002000+00:00,22880256.0,36671488.0,41103360.0,41103360.0,35.94,0.696836417,123.49,21831477.0,0.0,0.0,132831.0,32925446.0,0.0,0.0,143245.0,0.0,0.0,0.0,0.0
2023-03-28 15:28:39.637000+00:00,22880256.0,36671488.0,41103360.0,40550400.0,35.94,0.696836417,123.52,21839931.0,0.0,0.0,132881.0,32938795.0,0.0,0.0,143299.0,0.0,0.0,0.0,0.0
2023-03-28 15:28:44.403000+00:00,22880256.0,36737024.0,41205760.0,41205760.0,35.97,0.696836417,123.6,21848463.0,0.0,0.0,132931.0,32952218.0,0.0,0.0,143353.0,0.0,0.0,0.0,0.0
2023-03-28 15:28:48.980000+00:00,22880256.0,36737024.0,40640512.0,40640512.0,35.97,0.696836417,123.62,21856961.0,0.0,0.0,132981.0,32965679.0,0.0,0.0,143408.0,0.0,0.0,0.0,0.0
2023-03-28 15:28:54.659000+00:00,22966272.0,36917248.0,41418752.0,41418752.0,36.02,0.696836417,123.7,21865513.0,0.0,0.0,133032.0,32979208.0,0.0,0.0,143464.0,0.0,0.0,0.0,0.0
2023-03-28 15:28:58.913000+00:00,22966272.0,36175872.0,41418752.0,41418752.0,36.04,0.696836417,123.74,21865513.0,0.0,0.0,133032.0,32979208.0,0.0,0.0,143464.0,0.0,0.0,0.0,0.0
2023-03-28 15:29:04.007000+00:00,22966272.0,36327424.0,40849408.0,40849408.0,36.06,0.696836417,123.84,21901473.0,0.0,0.0,133258.0,33028462.0,0.0,0.0,143707.0,0.0,0.0,0.0,0.0
2023-03-28 15:29:09.554000+00:00,22966272.0,36327424.0,40849408.0,40824832.0,36.07,0.696836417,123.87,21918599.0,0.0,0.0,133362.0,33051860.0,0.0,0.0,143818.0,0.0,0.0,0.0,0.0
2023-03-28 15:29:14.536000+00:00,22966272.0,36495360.0,40845312.0,40845312.0,36.08,0.697265074,123.94,21919402.0,0.0,0.0,133366.0,33056458.0,0.0,0.0,143823.0,0.0,0.0,0.0,0.0
2023-03-28 15:29:19.004000+00:00,22966272.0,36495360.0,41345024.0,41345024.0,36.08,0.697265074,123.95,21927894.0,0.0,0.0,133416.0,33069843.0,0.0,0.0,143877.0,0.0,0.0,0.0,0.0
2023-03-28 15:29:23.417000+00:00,22966272.0,36966400.0,41324544.0,41324544.0,36.1,0.697265074,124.04,21944129.0,0.0,0.0,133512.0,33092085.0,0.0,0.0,143980.0,0.0,0.0,0.0,0.0
2023-03-28 15:29:29.166000+00:00,22966272.0,36179968.0,41324544.0,41324544.0,36.1,0.697265074,124.05,21944129.0,0.0,0.0,133512.0,33092085.0,0.0,0.0,143980.0,0.0,0.0,0.0,0.0
2023-03-28 15:29:33.920000+00:00,22966272.0,36220928.0,40644608.0,40644608.0,36.16,0.697265074,124.13,21977281.0,0.0,0.0,133712.0,33137500.0,0.0,0.0,144194.0,0.0,0.0,0.0,0.0
2023-03-28 15:29:38.545000+00:00,22966272.0,36220928.0,40644608.0,40747008.0,36.16,0.697265074,124.17,21994528.0,0.0,0.0,133816.0,33161133.0,0.0,0.0,144307.0,0.0,0.0,0.0,0.0
2023-03-28 15:29:43.903000+00:00,22966272.0,36352000.0,40706048.0,40706048.0,36.18,0.697320407,124.23,21995331.0,0.0,0.0,133820.0,33165731.0,0.0,0.0,144312.0,0.0,0.0,0.0,0.0
2023-03-28 15:29:49.858000+00:00,23117824.0,36454400.0,40771584.0,40771584.0,36.18,0.697320407,124.24,21996134.0,0.0,0.0,133824.0,33170329.0,0.0,0.0,144317.0,0.0,0.0,0.0,0.0
2023-03-28 15:29:54.371000+00:00,23117824.0,36679680.0,41279488.0,41279488.0,36.22,0.697320407,124.32,21996991.0,0.0,0.0,133829.0,33175001.0,0.0,0.0,144323.0,0.0,0.0,0.0,0.0
2023-03-28 15:29:59.165000+00:00,23117824.0,36679680.0,41279488.0,41279488.0,36.23,0.697320407,124.32,21996991.0,0.0,0.0,133829.0,33175001.0,0.0,0.0,144323.0,0.0,0.0,0.0,0.0
2023-03-28 15:30:03.738000+00:00,23117824.0,36790272.0,41091072.0,41091072.0,36.24,0.697320407,124.37,22031714.0,0.0,0.0,134039.0,33222477.0,0.0,0.0,144550.0,0.0,0.0,0.0,0.0
2023-03-28 15:30:08.727000+00:00,23117824.0,36454400.0,40783872.0,40783872.0,36.25,0.697320407,124.46,22040257.0,0.0,0.0,134090.0,33235898.0,0.0,0.0,144605.0,0.0,0.0,0.0,0.0
2023-03-28 15:30:14.527000+00:00,23117824.0,36593664.0,41259008.0,41259008.0,36.27,0.697320407,124.53,22041060.0,0.0,0.0,134094.0,33240496.0,0.0,0.0,144610.0,0.0,0.0,0.0,0.0
2023-03-28 15:30:19.016000+00:00,23117824.0,36274176.0,40685568.0,40685568.0,36.28,0.697320407,124.55,22050702.0,0.0,0.0,134152.0,33255378.0,0.0,0.0,144673.0,0.0,0.0,0.0,0.0
2023-03-28 15:30:24.284000+00:00,23117824.0,36667392.0,41066496.0,41066496.0,36.29,0.697320407,124.58,22075509.0,0.0,0.0,134302.0,33287544.0,0.0,0.0,144833.0,0.0,0.0,0.0,0.0
2023-03-28 15:30:28.542000+00:00,23117824.0,36749312.0,41066496.0,41066496.0,36.31,0.697320407,124.7,22075509.0,0.0,0.0,134302.0,33287544.0,0.0,0.0,144833.0,0.0,0.0,0.0,0.0
2023-03-28 15:30:34.268000+00:00,23117824.0,36401152.0,40706048.0,40706048.0,36.31,0.697320407,124.72,22101931.0,0.0,0.0,134464.0,33325615.0,0.0,0.0,145009.0,0.0,0.0,0.0,0.0
2023-03-28 15:30:38.823000+00:00,23117824.0,36401152.0,40706048.0,40873984.0,36.31,0.697320407,124.79,22102734.0,0.0,0.0,134468.0,33330213.0,0.0,0.0,145014.0,0.0,0.0,0.0,0.0
2023-03-28 15:30:44.616000+00:00,23117824.0,36474880.0,40792064.0,40792064.0,36.32,0.697320407,124.82,22118882.0,0.0,0.0,134565.0,33352538.0,0.0,0.0,145118.0,0.0,0.0,0.0,0.0
2023-03-28 15:30:48.518000+00:00,23117824.0,36474880.0,40669184.0,40669184.0,36.34,0.697320407,124.91,22129429.0,0.0,0.0,134630.0,33368555.0,0.0,0.0,145190.0,0.0,0.0,0.0,0.0
2023-03-28 15:30:54.446000+00:00,23257088.0,36941824.0,41254912.0,41254912.0,36.36,0.697320407,124.93,22138816.0,0.0,0.0,134689.0,33383193.0,0.0,0.0,145254.0,0.0,0.0,0.0,0.0
2023-03-28 15:30:58.803000+00:00,23257088.0,36208640.0,41254912.0,41254912.0,36.38,0.697987489,125.0,22138816.0,0.0,0.0,134689.0,33383193.0,0.0,0.0,145254.0,0.0,0.0,0.0,0.0
2023-03-28 15:31:04.737000+00:00,23257088.0,36286464.0,40591360.0,40591360.0,36.39,0.697987489,125.02,22157082.0,0.0,0.0,134799.0,33411666.0,0.0,0.0,145374.0,0.0,0.0,0.0,0.0
2023-03-28 15:31:09.342000+00:00,23257088.0,36286464.0,40591360.0,40857600.0,36.41,0.698054534,125.02,22157885.0,0.0,0.0,134803.0,33416264.0,0.0,0.0,145379.0,0.0,0.0,0.0,0.0
2023-03-28 15:31:13.541000+00:00,23257088.0,36933632.0,41308160.0,41308160.0,36.42,0.698054534,125.1,22167248.0,0.0,0.0,134861.0,33430868.0,0.0,0.0,145442.0,0.0,0.0,0.0,0.0
2023-03-28 15:31:19.768000+00:00,23257088.0,36933632.0,40947712.0,40947712.0,36.44,0.698054534,125.18,22175888.0,0.0,0.0,134911.0,33444403.0,0.0,0.0,145496.0,0.0,0.0,0.0,0.0
2023-03-28 15:31:24.518000+00:00,23257088.0,36519936.0,40820736.0,40820736.0,36.46,0.698054534,125.23,22208507.0,0.0,0.0,135109.0,33484964.0,0.0,0.0,145699.0,0.0,0.0,0.0,0.0
2023-03-28 15:31:29.486000+00:00,23257088.0,36519936.0,40820736.0,40820736.0,36.48,0.698054534,125.33,22208507.0,0.0,0.0,135109.0,33484964.0,0.0,0.0,145699.0,0.0,0.0,0.0,0.0
2023-03-28 15:31:34.536000+00:00,23257088.0,36814848.0,41127936.0,41127936.0,36.48,0.698054534,125.33,22228465.0,0.0,0.0,135233.0,33515681.0,0.0,0.0,145833.0,0.0,0.0,0.0,0.0
2023-03-28 15:31:38.931000+00:00,23257088.0,36814848.0,41127936.0,41451520.0,36.52,0.698054534,125.42,22246411.0,0.0,0.0,135345.0,33540311.0,0.0,0.0,145954.0,0.0,0.0,0.0,0.0
2023-03-28 15:31:43.474000+00:00,23257088.0,36179968.0,40660992.0,40660992.0,36.53,0.698054534,125.42,22247214.0,0.0,0.0,135349.0,33544909.0,0.0,0.0,145959.0,0.0,0.0,0.0,0.0
2023-03-28 15:31:49.528000+00:00,23384064.0,36319232.0,40775680.0,40775680.0,36.56,0.698054534,125.49,22248017.0,0.0,0.0,135353.0,33549507.0,0.0,0.0,145964.0,0.0,0.0,0.0,0.0
2023-03-28 15:31:54.496000+00:00,23384064.0,36470784.0,40800256.0,40800256.0,36.59,0.698054534,125.53,22265107.0,0.0,0.0,135458.0,33572891.0,0.0,0.0,146076.0,0.0,0.0,0.0,0.0
2023-03-28 15:31:59.074000+00:00,23384064.0,36220928.0,40800256.0,40800256.0,36.62,0.698054534,125.6,22265107.0,0.0,0.0,135458.0,33572891.0,0.0,0.0,146076.0,0.0,0.0,0.0,0.0
2023-03-28 15:32:03.849000+00:00,23384064.0,36671488.0,40984576.0,40984576.0,36.62,0.698054534,125.6,22283958.0,0.0,0.0,135576.0,33602208.0,0.0,0.0,146204.0,0.0,0.0,0.0,0.0
2023-03-28 15:32:09.467000+00:00,23384064.0,36671488.0,40984576.0,41398272.0,36.64,0.698054534,125.66,22284761.0,0.0,0.0,135580.0,33606806.0,0.0,0.0,146209.0,0.0,0.0,0.0,0.0
2023-03-28 15:32:14.702000+00:00,23384064.0,36917248.0,41279488.0,41279488.0,36.64,0.698054534,125.66,22285564.0,0.0,0.0,135584.0,33611404.0,0.0,0.0,146214.0,0.0,0.0,0.0,0.0
2023-03-28 15:32:18.690000+00:00,23384064.0,36687872.0,41250816.0,41250816.0,36.67,0.698054534,125.75,22294922.0,0.0,0.0,135642.0,33626002.0,0.0,0.0,146277.0,0.0,0.0,0.0,0.0
2023-03-28 15:32:23.706000+00:00,23384064.0,36732928.0,41070592.0,41070592.0,36.68,0.698054534,125.79,22312173.0,0.0,0.0,135746.0,33649656.0,0.0,0.0,146390.0,0.0,0.0,0.0,0.0
2023-03-28 15:32:28.884000+00:00,23384064.0,36732928.0,41070592.0,41070592.0,36.71,0.698054534,125.91,22312173.0,0.0,0.0,135746.0,33649656.0,0.0,0.0,146390.0,0.0,0.0,0.0,0.0
2023-03-28 15:32:33.944000+00:00,23384064.0,36470784.0,40779776.0,40779776.0,36.73,0.698054534,125.94,22355871.0,0.0,0.0,136017.0,33707229.0,0.0,0.0,146673.0,0.0,0.0,0.0,0.0
2023-03-28 15:32:39.183000+00:00,23384064.0,36470784.0,40779776.0,41615360.0,36.78,0.698054534,126.02,22380793.0,0.0,0.0,136167.0,33739595.0,0.0,0.0,146834.0,0.0,0.0,0.0,0.0
2023-03-28 15:32:44.067000+00:00,23384064.0,36179968.0,40558592.0,40558592.0,36.78,0.698054534,126.03,22381596.0,0.0,0.0,136171.0,33744193.0,0.0,0.0,146839.0,0.0,0.0,0.0,0.0
2023-03-28 15:32:48.460000+00:00,23552000.0,36679680.0,40988672.0,40988672.0,36.81,0.698054534,126.08,22408199.0,0.0,0.0,136337.0,33778907.0,0.0,0.0,147018.0,0.0,0.0,0.0,0.0
2023-03-28 15:32:53.916000+00:00,23552000.0,36900864.0,41525248.0,41525248.0,36.85,0.698054534,126.16,22409056.0,0.0,0.0,136342.0,33783579.0,0.0,0.0,147024.0,0.0,0.0,0.0,0.0
2023-03-28 15:32:59.846000+00:00,23552000.0,36782080.0,41525248.0,41525248.0,36.9,0.698054534,126.26,22409056.0,0.0,0.0,136342.0,33783579.0,0.0,0.0,147024.0,0.0,0.0,0.0,0.0
2023-03-28 15:33:04.062000+00:00,23552000.0,36409344.0,40796160.0,40796160.0,36.9,0.698054534,126.27,22449217.0,0.0,0.0,136582.0,33836822.0,0.0,0.0,147281.0,0.0,0.0,0.0,0.0
2023-03-28 15:33:09.254000+00:00,23552000.0,36409344.0,40796160.0,40751104.0,36.91,0.698054534,126.3,22466245.0,0.0,0.0,136686.0,33860193.0,0.0,0.0,147393.0,0.0,0.0,0.0,0.0
2023-03-28 15:33:14.219000+00:00,23552000.0,36990976.0,41328640.0,41328640.0,36.94,0.698054534,126.38,22475621.0,0.0,0.0,136744.0,33874806.0,0.0,0.0,147456.0,0.0,0.0,0.0,0.0
2023-03-28 15:33:19.722000+00:00,23552000.0,36294656.0,40710144.0,40710144.0,36.95,0.698054534,126.44,22494464.0,0.0,0.0,136864.0,33900593.0,0.0,0.0,147585.0,0.0,0.0,0.0,0.0
2023-03-28 15:33:23.916000+00:00,23552000.0,36429824.0,40767488.0,40767488.0,36.97,0.698054534,126.51,22495267.0,0.0,0.0,136868.0,33905191.0,0.0,0.0,147590.0,0.0,0.0,0.0,0.0
2023-03-28 15:33:28.869000+00:00,23552000.0,36429824.0,40767488.0,40767488.0,36.98,0.698054534,126.54,22495267.0,0.0,0.0,136868.0,33905191.0,0.0,0.0,147590.0,0.0,0.0,0.0,0.0
2023-03-28 15:33:34.086000+00:00,23552000.0,36556800.0,40919040.0,40919040.0,37.01,0.698054534,126.59,22512475.0,0.0,0.0,136968.0,33932325.0,0.0,0.0,147700.0,0.0,0.0,0.0,0.0
2023-03-28 15:33:39.218000+00:00,23552000.0,37007360.0,40919040.0,40919040.0,37.02,0.698054534,126.6,22512475.0,0.0,0.0,136968.0,33932325.0,0.0,0.0,147700.0,0.0,0.0,0.0,0.0
2023-03-28 15:33:44.779000+00:00,23552000.0,36302848.0,40681472.0,40681472.0,37.05,0.698054534,126.67,22521744.0,0.0,0.0,137022.0,33950354.0,0.0,0.0,147760.0,0.0,0.0,0.0,0.0
2023-03-28 15:33:48.511000+00:00,23687168.0,36302848.0,41181184.0,41181184.0,37.06,0.698054534,126.72,22546465.0,0.0,0.0,137172.0,33982382.0,0.0,0.0,147919.0,0.0,0.0,0.0,0.0
2023-03-28 15:33:53.802000+00:00,23687168.0,36442112.0,41091072.0,41091072.0,37.1,0.698054534,126.8,22555051.0,0.0,0.0,137224.0,33995943.0,0.0,0.0,147976.0,0.0,0.0,0.0,0.0
2023-03-28 15:33:59.629000+00:00,23687168.0,36417536.0,41091072.0,41091072.0,37.11,0.698054534,126.84,22555051.0,0.0,0.0,137224.0,33995943.0,0.0,0.0,147976.0,0.0,0.0,0.0,0.0
2023-03-28 15:34:04.715000+00:00,23687168.0,36352000.0,40685568.0,40685568.0,37.15,0.698054534,126.95,22581652.0,0.0,0.0,137388.0,34034192.0,0.0,0.0,148154.0,0.0,0.0,0.0,0.0
2023-03-28 15:34:08.782000+00:00,23687168.0,36798464.0,41111552.0,41111552.0,37.15,0.698054534,126.97,22590164.0,0.0,0.0,137438.0,34047663.0,0.0,0.0,148209.0,0.0,0.0,0.0,0.0
2023-03-28 15:34:13.508000+00:00,23687168.0,36532224.0,40898560.0,40898560.0,37.17,0.698054534,127.05,22599661.0,0.0,0.0,137496.0,34062390.0,0.0,0.0,148272.0,0.0,0.0,0.0,0.0
2023-03-28 15:34:18.743000+00:00,23687168.0,36532224.0,40984576.0,40984576.0,37.18,0.698054534,127.05,22600464.0,0.0,0.0,137500.0,34066988.0,0.0,0.0,148277.0,0.0,0.0,0.0,0.0
2023-03-28 15:34:23.512000+00:00,23687168.0,36761600.0,41234432.0,41234432.0,37.2,0.698054534,127.12,22601267.0,0.0,0.0,137504.0,34071586.0,0.0,0.0,148282.0,0.0,0.0,0.0,0.0
2023-03-28 15:34:28.658000+00:00,23687168.0,36859904.0,41234432.0,41234432.0,37.2,0.698054534,127.12,22601267.0,0.0,0.0,137504.0,34071586.0,0.0,0.0,148282.0,0.0,0.0,0.0,0.0
2023-03-28 15:34:33.754000+00:00,23687168.0,36564992.0,40964096.0,40964096.0,37.24,0.698054534,127.18,22611518.0,0.0,0.0,137566.0,34090868.0,0.0,0.0,148350.0,0.0,0.0,0.0,0.0
2023-03-28 15:34:38.314000+00:00,23687168.0,36548608.0,40984576.0,40984576.0,37.26,0.698054534,127.21,22627825.0,0.0,0.0,137662.0,34113182.0,0.0,0.0,148453.0,0.0,0.0,0.0,0.0
2023-03-28 15:34:43.459000+00:00,23687168.0,36605952.0,41312256.0,41312256.0,37.28,0.698054534,127.3,22644915.0,0.0,0.0,137767.0,34136487.0,0.0,0.0,148564.0,0.0,0.0,0.0,0.0
2023-03-28 15:34:49.414000+00:00,23814144.0,36605952.0,41312256.0,40939520.0,37.28,0.698054534,127.3,22661923.0,0.0,0.0,137871.0,34159823.0,0.0,0.0,148676.0,0.0,0.0,0.0,0.0
2023-03-28 15:34:54.721000+00:00,23814144.0,36732928.0,41304064.0,41304064.0,37.33,0.698054534,127.43,22678226.0,0.0,0.0,137968.0,34182145.0,0.0,0.0,148780.0,0.0,0.0,0.0,0.0
2023-03-28 15:34:59.147000+00:00,23814144.0,36732928.0,41304064.0,41304064.0,37.33,0.698054534,127.43,22678226.0,0.0,0.0,137968.0,34182145.0,0.0,0.0,148780.0,0.0,0.0,0.0,0.0
2023-03-28 15:35:04.107000+00:00,23814144.0,36966400.0,41447424.0,41447424.0,37.36,0.698054534,127.5,22679916.0,0.0,0.0,137978.0,34191425.0,0.0,0.0,148792.0,0.0,0.0,0.0,0.0
2023-03-28 15:35:08.685000+00:00,23814144.0,36966400.0,40947712.0,40947712.0,37.36,0.698054534,127.51,22688534.0,0.0,0.0,138028.0,34205008.0,0.0,0.0,148847.0,0.0,0.0,0.0,0.0
2023-03-28 15:35:14.325000+00:00,23814144.0,36724736.0,41422848.0,41422848.0,37.38,0.698491899,127.6,22706428.0,0.0,0.0,138140.0,34229581.0,0.0,0.0,148968.0,0.0,0.0,0.0,0.0
2023-03-28 15:35:18.957000+00:00,23814144.0,36724736.0,41422848.0,41422848.0,37.4,0.698491899,127.63,22715846.0,0.0,0.0,138198.0,34244245.0,0.0,0.0,149031.0,0.0,0.0,0.0,0.0
2023-03-28 15:35:24.616000+00:00,23814144.0,36843520.0,41222144.0,41222144.0,37.42,0.698491899,127.7,22724294.0,0.0,0.0,138248.0,34257594.0,0.0,0.0,149085.0,0.0,0.0,0.0,0.0
2023-03-28 15:35:29.513000+00:00,23814144.0,36540416.0,40882176.0,40882176.0,37.43,0.698491899,127.72,22733704.0,0.0,0.0,138306.0,34272245.0,0.0,0.0,149148.0,0.0,0.0,0.0,0.0
2023-03-28 15:35:34.469000+00:00,23814144.0,37044224.0,41345024.0,41345024.0,37.44,0.698491899,127.74,22743065.0,0.0,0.0,138364.0,34286838.0,0.0,0.0,149211.0,0.0,0.0,0.0,0.0
2023-03-28 15:35:39.555000+00:00,23814144.0,37044224.0,41345024.0,41037824.0,37.46,0.698491899,127.82,22751585.0,0.0,0.0,138414.0,34300319.0,0.0,0.0,149266.0,0.0,0.0,0.0,0.0
2023-03-28 15:35:43.595000+00:00,23814144.0,37158912.0,41496576.0,41496576.0,37.46,0.698491899,127.84,22760035.0,0.0,0.0,138464.0,34313668.0,0.0,0.0,149320.0,0.0,0.0,0.0,0.0
2023-03-28 15:35:49.011000+00:00,23814144.0,37158912.0,41496576.0,41496576.0,37.55,0.698491899,128.04,22760035.0,0.0,0.0,138522.0,34328434.0,0.0,0.0,149383.0,0.0,0.0,0.0,0.0
2023-03-28 15:35:53.674000+00:00,23928832.0,36847616.0,41402368.0,41402368.0,37.57,0.698491899,128.08,22786653.0,0.0,0.0,138627.0,34351965.0,0.0,0.0,149497.0,0.0,0.0,0.0,0.0
2023-03-28 15:35:59.082000+00:00,23928832.0,36847616.0,41218048.0,41218048.0,37.58,0.698491899,128.19,22803778.0,0.0,0.0,138733.0,34375488.0,0.0,0.0,149612.0,0.0,0.0,0.0,0.0
2023-03-28 15:36:03.618000+00:00,23928832.0,36888576.0,41234432.0,41234432.0,37.58,0.698491899,128.22,22821952.0,0.0,0.0,138847.0,34400112.0,0.0,0.0,149732.0,0.0,0.0,0.0,0.0
2023-03-28 15:36:08.093000+00:00,23928832.0,36888576.0,41234432.0,41234432.0,37.62,0.698491899,128.32,22839222.0,0.0,0.0,138952.0,34423580.0,0.0,0.0,149843.0,0.0,0.0,0.0,0.0
2023-03-28 15:36:13.880000+00:00,23928832.0,37011456.0,41361408.0,41361408.0,37.62,0.698491899,128.33,22840025.0,0.0,0.0,138956.0,34428178.0,0.0,0.0,149848.0,0.0,0.0,0.0,0.0
2023-03-28 15:36:18.451000+00:00,23928832.0,37003264.0,41385984.0,41385984.0,37.66,0.698491899,128.46,22874437.0,0.0,0.0,139168.0,34471687.0,0.0,0.0,150074.0,0.0,0.0,0.0,0.0
2023-03-28 15:36:24.270000+00:00,23928832.0,37109760.0,41418752.0,41418752.0,37.66,0.698491899,128.47,22875240.0,0.0,0.0,139172.0,34476285.0,0.0,0.0,150079.0,0.0,0.0,0.0,0.0
2023-03-28 15:36:28.565000+00:00,23928832.0,36900864.0,41586688.0,41586688.0,37.68,0.698491899,128.56,22888666.0,0.0,0.0,139246.0,34495032.0,0.0,0.0,150157.0,0.0,0.0,0.0,0.0
2023-03-28 15:36:33.153000+00:00,23928832.0,37105664.0,41447424.0,41447424.0,37.69,0.698491899,128.61,22909799.0,0.0,0.0,139380.0,34523379.0,0.0,0.0,150301.0,0.0,0.0,0.0,0.0
2023-03-28 15:36:38.984000+00:00,23928832.0,36909056.0,41254912.0,41254912.0,37.72,0.698491899,128.72,22941550.0,0.0,0.0,139568.0,34563383.0,0.0,0.0,150503.0,0.0,0.0,0.0,0.0
2023-03-28 15:36:44.228000+00:00,23928832.0,36835328.0,41160704.0,41160704.0,37.72,0.698491899,128.75,22942353.0,0.0,0.0,139572.0,34567981.0,0.0,0.0,150508.0,0.0,0.0,0.0,0.0
2023-03-28 15:36:48.857000+00:00,24117248.0,36835328.0,41160704.0,41160704.0,37.76,0.698491899,128.75,22942353.0,0.0,0.0,139572.0,34567981.0,0.0,0.0,150508.0,0.0,0.0,0.0,0.0
2023-03-28 15:36:54.691000+00:00,24117248.0,36544512.0,41046016.0,41046016.0,37.78,0.698491899,128.89,22968972.0,0.0,0.0,139736.0,34606121.0,0.0,0.0,150684.0,0.0,0.0,0.0,0.0
2023-03-28 15:36:59.725000+00:00,24117248.0,36544512.0,41046016.0,41046016.0,37.8,0.698491899,128.97,22968972.0,0.0,0.0,139736.0,34606121.0,0.0,0.0,150684.0,0.0,0.0,0.0,0.0
2023-03-28 15:37:04.661000+00:00,24117248.0,36311040.0,40620032.0,40620032.0,37.8,0.698491899,128.97,22979473.0,0.0,0.0,139800.0,34625655.0,0.0,0.0,150754.0,0.0,0.0,0.0,0.0
2023-03-28 15:37:08.207000+00:00,24117248.0,36311040.0,40620032.0,40620032.0,37.82,0.698491899,129.04,22979473.0,0.0,0.0,139800.0,34625655.0,0.0,0.0,150809.0,0.0,0.0,0.0,0.0
2023-03-28 15:37:14.660000+00:00,24117248.0,36904960.0,41218048.0,41218048.0,37.82,0.698491899,129.04,22988720.0,0.0,0.0,139854.0,34643648.0,0.0,0.0,150814.0,0.0,0.0,0.0,0.0
2023-03-28 15:37:18.819000+00:00,24117248.0,36904960.0,40562688.0,40562688.0,37.84,0.698491899,129.1,22989523.0,0.0,0.0,139858.0,34648246.0,0.0,0.0,150819.0,0.0,0.0,0.0,0.0
2023-03-28 15:37:23.993000+00:00,24117248.0,36626432.0,40935424.0,40935424.0,37.85,0.698491899,129.12,22998155.0,0.0,0.0,139908.0,34661839.0,0.0,0.0,150874.0,0.0,0.0,0.0,0.0
2023-03-28 15:37:29.207000+00:00,24117248.0,36626432.0,40935424.0,40935424.0,37.86,0.698491899,129.19,22998155.0,0.0,0.0,139908.0,34661839.0,0.0,0.0,150874.0,0.0,0.0,0.0,0.0
2023-03-28 15:37:34.796000+00:00,24117248.0,36515840.0,40816640.0,40816640.0,37.86,0.698491899,129.22,23008554.0,0.0,0.0,139970.0,34681279.0,0.0,0.0,150942.0,0.0,0.0,0.0,0.0
2023-03-28 15:37:39.397000+00:00,24117248.0,36515840.0,40816640.0,40816640.0,37.89,0.698491899,129.32,23008554.0,0.0,0.0,139970.0,34681279.0,0.0,0.0,150942.0,0.0,0.0,0.0,0.0
2023-03-28 15:37:43.747000+00:00,24117248.0,36335616.0,40710144.0,40710144.0,37.9,0.698491899,129.33,23039072.0,0.0,0.0,140150.0,34723468.0,0.0,0.0,151134.0,0.0,0.0,0.0,0.0
2023-03-28 15:37:49.616000+00:00,24215552.0,36335616.0,41304064.0,41304064.0,37.92,0.698664276,129.41,23044893.0,0.0,0.0,140192.0,34734447.0,0.0,0.0,151182.0,0.0,0.0,0.0,0.0
2023-03-28 15:37:54.321000+00:00,24215552.0,36540416.0,40849408.0,40849408.0,37.96,0.698664276,129.44,23054485.0,0.0,0.0,140251.0,34749302.0,0.0,0.0,151246.0,0.0,0.0,0.0,0.0
2023-03-28 15:37:58.728000+00:00,24215552.0,36540416.0,40849408.0,40849408.0,37.96,0.698664276,129.45,23054485.0,0.0,0.0,140251.0,34749302.0,0.0,0.0,151246.0,0.0,0.0,0.0,0.0
2023-03-28 15:38:03.133000+00:00,24215552.0,36360192.0,40783872.0,40783872.0,37.99,0.698664276,129.52,23063930.0,0.0,0.0,140308.0,34767369.0,0.0,0.0,151307.0,0.0,0.0,0.0,0.0
2023-03-28 15:38:08.255000+00:00,24215552.0,36814848.0,41160704.0,41160704.0,38.0,0.698664276,129.54,23072532.0,0.0,0.0,140358.0,34780870.0,0.0,0.0,151361.0,0.0,0.0,0.0,0.0
2023-03-28 15:38:14.633000+00:00,24215552.0,36130816.0,40656896.0,40656896.0,38.02,0.698664276,129.61,23073335.0,0.0,0.0,140362.0,34785468.0,0.0,0.0,151366.0,0.0,0.0,0.0,0.0
2023-03-28 15:38:19.292000+00:00,24215552.0,36130816.0,40976384.0,40976384.0,38.02,0.698664276,129.64,23082704.0,0.0,0.0,140420.0,34800082.0,0.0,0.0,151429.0,0.0,0.0,0.0,0.0
2023-03-28 15:38:24.306000+00:00,24215552.0,36315136.0,40800256.0,40800256.0,38.05,0.698664276,129.72,23091292.0,0.0,0.0,140472.0,34813625.0,0.0,0.0,151486.0,0.0,0.0,0.0,0.0
2023-03-28 15:38:29.049000+00:00,24215552.0,36417536.0,40800256.0,40800256.0,38.05,0.698664276,129.72,23091292.0,0.0,0.0,140472.0,34813625.0,0.0,0.0,151486.0,0.0,0.0,0.0,0.0
2023-03-28 15:38:33.753000+00:00,24215552.0,36433920.0,40742912.0,40742912.0,38.1,0.698664276,129.8,23108462.0,0.0,0.0,140573.0,34840115.0,0.0,0.0,151588.0,0.0,0.0,0.0,0.0
2023-03-28 15:38:39.797000+00:00,24215552.0,36433920.0,41185280.0,41185280.0,38.1,0.698664276,129.82,23116952.0,0.0,0.0,140623.0,34853564.0,0.0,0.0,151643.0,0.0,0.0,0.0,0.0
2023-03-28 15:38:44.883000+00:00,24215552.0,36757504.0,41291776.0,41291776.0,38.12,0.698664276,129.91,23130370.0,0.0,0.0,140696.0,34872290.0,0.0,0.0,151722.0,0.0,0.0,0.0,0.0
2023-03-28 15:38:49.866000+00:00,24309760.0,36757504.0,41291776.0,40456192.0,38.12,0.698664276,129.92,23133896.0,0.0,0.0,140722.0,34880494.0,0.0,0.0,151753.0,0.0,0.0,0.0,0.0
2023-03-28 15:38:54.339000+00:00,24309760.0,36777984.0,41332736.0,41332736.0,38.16,0.698664276,130.01,23143312.0,0.0,0.0,140781.0,34895156.0,0.0,0.0,151817.0,0.0,0.0,0.0,0.0
2023-03-28 15:38:58.571000+00:00,24309760.0,36864000.0,41332736.0,41332736.0,38.16,0.698664276,130.06,23143312.0,0.0,0.0,140781.0,34895156.0,0.0,0.0,151817.0,0.0,0.0,0.0,0.0
2023-03-28 15:39:04.709000+00:00,24309760.0,36847616.0,41164800.0,41164800.0,38.18,0.698664276,130.16,23177045.0,0.0,0.0,140985.0,34941218.0,0.0,0.0,152036.0,0.0,0.0,0.0,0.0
2023-03-28 15:39:09.389000+00:00,24309760.0,36847616.0,41164800.0,40828928.0,38.2,0.698664276,130.16,23185485.0,0.0,0.0,141035.0,34954557.0,0.0,0.0,152090.0,0.0,0.0,0.0,0.0
2023-03-28 15:39:14.563000+00:00,24309760.0,36667392.0,41029632.0,41029632.0,38.2,0.698664276,130.26,23186288.0,0.0,0.0,141039.0,34959155.0,0.0,0.0,152095.0,0.0,0.0,0.0,0.0
2023-03-28 15:39:18.916000+00:00,24309760.0,36667392.0,41029632.0,41029632.0,38.2,0.698664276,130.28,23186288.0,0.0,0.0,141082.0,34971398.0,0.0,0.0,152141.0,0.0,0.0,0.0,0.0
2023-03-28 15:39:23.459000+00:00,24309760.0,36487168.0,40984576.0,40984576.0,38.22,0.698664276,130.34,23196483.0,0.0,0.0,141101.0,34978382.0,0.0,0.0,152163.0,0.0,0.0,0.0,0.0
2023-03-28 15:39:28.827000+00:00,24309760.0,36487168.0,40984576.0,40984576.0,38.24,0.698664276,130.39,23196483.0,0.0,0.0,141101.0,34978382.0,0.0,0.0,152163.0,0.0,0.0,0.0,0.0
2023-03-28 15:39:33.541000+00:00,24309760.0,36782080.0,41156608.0,41156608.0,38.26,0.698664276,130.45,23216463.0,0.0,0.0,141226.0,35009123.0,0.0,0.0,152298.0,0.0,0.0,0.0,0.0
2023-03-28 15:39:38.519000+00:00,24309760.0,36782080.0,41156608.0,41156608.0,38.27,0.698664276,130.46,23226705.0,0.0,0.0,141292.0,35024881.0,0.0,0.0,152369.0,0.0,0.0,0.0,0.0
2023-03-28 15:39:44.010000+00:00,24309760.0,36179968.0,40509440.0,40509440.0,38.3,0.698664276,130.52,23236101.0,0.0,0.0,141350.0,35039506.0,0.0,0.0,152432.0,0.0,0.0,0.0,0.0
2023-03-28 15:39:49.779000+00:00,24309760.0,36286464.0,40624128.0,40624128.0,38.3,0.698664276,130.54,23236904.0,0.0,0.0,141354.0,35044104.0,0.0,0.0,152437.0,0.0,0.0,0.0,0.0
2023-03-28 15:39:54.877000+00:00,24420352.0,36384768.0,40693760.0,40693760.0,38.34,0.698664276,130.72,23286602.0,0.0,0.0,141660.0,35104311.0,0.0,0.0,152751.0,0.0,0.0,0.0,0.0
2023-03-28 15:39:58.742000+00:00,24420352.0,36483072.0,40824832.0,40824832.0,38.34,0.698664276,130.73,23287489.0,0.0,0.0,141666.0,35108993.0,0.0,0.0,152758.0,0.0,0.0,0.0,0.0
2023-03-28 15:40:04.201000+00:00,24420352.0,36618240.0,41013248.0,41013248.0,38.36,0.698664276,130.8,23288292.0,0.0,0.0,141670.0,35113591.0,0.0,0.0,152763.0,0.0,0.0,0.0,0.0
2023-03-28 15:40:09.047000+00:00,24420352.0,36618240.0,41013248.0,41013248.0,38.36,0.698664276,130.82,23288292.0,0.0,0.0,141713.0,35125795.0,0.0,0.0,152809.0,0.0,0.0,0.0,0.0
2023-03-28 15:40:14.316000+00:00,24420352.0,36425728.0,40906752.0,40906752.0,38.39,0.698664276,130.89,23298424.0,0.0,0.0,141732.0,35132753.0,0.0,0.0,152831.0,0.0,0.0,0.0,0.0
2023-03-28 15:40:19.289000+00:00,24420352.0,36425728.0,40906752.0,40906752.0,38.4,0.698664276,130.93,23298424.0,0.0,0.0,141732.0,35132753.0,0.0,0.0,153056.0,0.0,0.0,0.0,0.0
2023-03-28 15:40:23.670000+00:00,24420352.0,36544512.0,40849408.0,40849408.0,38.4,0.698664276,130.94,23333361.0,0.0,0.0,141948.0,35180512.0,0.0,0.0,153061.0,0.0,0.0,0.0,0.0
2023-03-28 15:40:28.475000+00:00,24420352.0,36544512.0,40849408.0,40849408.0,38.44,0.698664276,131.01,23333361.0,0.0,0.0,141948.0,35180512.0,0.0,0.0,153061.0,0.0,0.0,0.0,0.0
2023-03-28 15:40:34.138000+00:00,24420352.0,36237312.0,40542208.0,40542208.0,38.44,0.698664276,131.03,23359076.0,0.0,0.0,142102.0,35217529.0,0.0,0.0,153228.0,0.0,0.0,0.0,0.0
2023-03-28 15:40:38.790000+00:00,24420352.0,36237312.0,40542208.0,40542208.0,38.46,0.698664276,131.12,23359076.0,0.0,0.0,142102.0,35232176.0,0.0,0.0,153291.0,0.0,0.0,0.0,0.0
2023-03-28 15:40:44.532000+00:00,24420352.0,36876288.0,41263104.0,41263104.0,38.46,0.698664276,131.12,23369285.0,0.0,0.0,142164.0,35236774.0,0.0,0.0,153296.0,0.0,0.0,0.0,0.0
2023-03-28 15:40:48.314000+00:00,24559616.0,36876288.0,41263104.0,41263104.0,38.49,0.698664276,131.18,23369285.0,0.0,0.0,142164.0,35236774.0,0.0,0.0,153301.0,0.0,0.0,0.0,0.0
2023-03-28 15:40:54.478000+00:00,24559616.0,36675584.0,41058304.0,41058304.0,38.51,0.698664276,131.2,23378590.0,0.0,0.0,142219.0,35254861.0,0.0,0.0,153357.0,0.0,0.0,0.0,0.0
2023-03-28 15:40:59.680000+00:00,24559616.0,36675584.0,41058304.0,41058304.0,38.52,0.698664276,131.32,23378590.0,0.0,0.0,142219.0,35254861.0,0.0,0.0,153357.0,0.0,0.0,0.0,0.0
2023-03-28 15:41:04.121000+00:00,24559616.0,36298752.0,40640512.0,40640512.0,38.54,0.698664276,131.36,23419874.0,0.0,0.0,142468.0,35309595.0,0.0,0.0,153625.0,0.0,0.0,0.0,0.0
2023-03-28 15:41:09.802000+00:00,24559616.0,36438016.0,40849408.0,40849408.0,38.56,0.698664276,131.42,23419874.0,0.0,0.0,142468.0,35309595.0,0.0,0.0,153625.0,0.0,0.0,0.0,0.0
2023-03-28 15:41:14.578000+00:00,24559616.0,36536320.0,40890368.0,40890368.0,38.56,0.698664276,131.43,23421564.0,0.0,0.0,142478.0,35318875.0,0.0,0.0,153637.0,0.0,0.0,0.0,0.0
2023-03-28 15:41:19.155000+00:00,24559616.0,36536320.0,40996864.0,40996864.0,38.56,0.698664276,131.54,23437701.0,0.0,0.0,142574.0,35341137.0,0.0,0.0,153742.0,0.0,0.0,0.0,0.0
2023-03-28 15:41:23.793000+00:00,24559616.0,36577280.0,40923136.0,40923136.0,38.58,0.698664276,131.56,23454711.0,0.0,0.0,142678.0,35364485.0,0.0,0.0,153854.0,0.0,0.0,0.0,0.0
2023-03-28 15:41:28.907000+00:00,24559616.0,36577280.0,40923136.0,40923136.0,38.59,0.698664276,131.64,23454711.0,0.0,0.0,142678.0,35364485.0,0.0,0.0,153854.0,0.0,0.0,0.0,0.0
2023-03-28 15:41:34.561000+00:00,24559616.0,36151296.0,40628224.0,40628224.0,38.59,0.698664276,131.66,23461273.0,0.0,0.0,142710.0,35378856.0,0.0,0.0,153887.0,0.0,0.0,0.0,0.0
2023-03-28 15:41:38.817000+00:00,24559616.0,36458496.0,40816640.0,40816640.0,38.61,0.698664276,131.72,23464779.0,0.0,0.0,142736.0,35387096.0,0.0,0.0,153919.0,0.0,0.0,0.0,0.0
2023-03-28 15:41:43.353000+00:00,24559616.0,36552704.0,40865792.0,40865792.0,38.61,0.698664276,131.73,23465582.0,0.0,0.0,142740.0,35391694.0,0.0,0.0,153924.0,0.0,0.0,0.0,0.0
2023-03-28 15:41:48.878000+00:00,24657920.0,36552704.0,41246720.0,41246720.0,38.63,0.698664276,131.78,23466385.0,0.0,0.0,142744.0,35396292.0,0.0,0.0,153929.0,0.0,0.0,0.0,0.0
2023-03-28 15:41:54.212000+00:00,24657920.0,36851712.0,41283584.0,41283584.0,38.66,0.698664276,131.83,23484453.0,0.0,0.0,142858.0,35420916.0,0.0,0.0,154050.0,0.0,0.0,0.0,0.0
2023-03-28 15:41:58.354000+00:00,24657920.0,36151296.0,41283584.0,41283584.0,38.68,0.698664276,131.89,23484453.0,0.0,0.0,142858.0,35420916.0,0.0,0.0,154050.0,0.0,0.0,0.0,0.0
2023-03-28 15:42:04.300000+00:00,24657920.0,36249600.0,40591360.0,40591360.0,38.68,0.698664276,131.9,23486143.0,0.0,0.0,142868.0,35430196.0,0.0,0.0,154062.0,0.0,0.0,0.0,0.0
2023-03-28 15:42:08.952000+00:00,24657920.0,36790272.0,41275392.0,41275392.0,38.72,0.699638064,131.97,23495538.0,0.0,0.0,142926.0,35444826.0,0.0,0.0,154125.0,0.0,0.0,0.0,0.0
2023-03-28 15:42:13.298000+00:00,24657920.0,36888576.0,41234432.0,41234432.0,38.72,0.699638064,131.98,23496341.0,0.0,0.0,142930.0,35449424.0,0.0,0.0,154130.0,0.0,0.0,0.0,0.0
2023-03-28 15:42:19.758000+00:00,24657920.0,36888576.0,41185280.0,41185280.0,38.76,0.699638064,131.98,23522868.0,0.0,0.0,143097.0,35483685.0,0.0,0.0,154304.0,0.0,0.0,0.0,0.0
2023-03-28 15:42:24.768000+00:00,24657920.0,36429824.0,40812544.0,40812544.0,38.77,0.699638064,132.18,23532263.0,0.0,0.0,143155.0,35498315.0,0.0,0.0,154367.0,0.0,0.0,0.0,0.0
2023-03-28 15:42:29.017000+00:00,24657920.0,36429824.0,40951808.0,40951808.0,38.8,0.699638064,132.27,23549294.0,0.0,0.0,143259.0,35521218.0,0.0,0.0,154472.0,0.0,0.0,0.0,0.0
2023-03-28 15:42:34.389000+00:00,24657920.0,36524032.0,40828928.0,40828928.0,38.81,0.699638064,132.32,23566323.0,0.0,0.0,143363.0,35544644.0,0.0,0.0,154585.0,0.0,0.0,0.0,0.0
2023-03-28 15:42:38.900000+00:00,24657920.0,36970496.0,41271296.0,41271296.0,38.81,0.699638064,132.32,23574819.0,0.0,0.0,143413.0,35558103.0,0.0,0.0,154640.0,0.0,0.0,0.0,0.0
2023-03-28 15:42:43.832000+00:00,24657920.0,36679680.0,41062400.0,41062400.0,38.83,0.699638064,132.44,23584340.0,0.0,0.0,143471.0,35572869.0,0.0,0.0,154703.0,0.0,0.0,0.0,0.0
2023-03-28 15:42:49.546000+00:00,24657920.0,36679680.0,41062400.0,41123840.0,38.84,0.699638064,132.46,23602323.0,0.0,0.0,143583.0,35597202.0,0.0,0.0,154819.0,0.0,0.0,0.0,0.0
2023-03-28 15:42:54.262000+00:00,24801280.0,36990976.0,41324544.0,41324544.0,38.88,0.700231151,132.53,23603180.0,0.0,0.0,143588.0,35601874.0,0.0,0.0,154825.0,0.0,0.0,0.0,0.0
2023-03-28 15:42:59.304000+00:00,24801280.0,36839424.0,41324544.0,41324544.0,38.89,0.700231151,132.59,23603180.0,0.0,0.0,143588.0,35601874.0,0.0,0.0,154825.0,0.0,0.0,0.0,0.0
2023-03-28 15:43:04.046000+00:00,24801280.0,36974592.0,41328640.0,41328640.0,38.93,0.700231151,132.66,23635668.0,0.0,0.0,143783.0,35646284.0,0.0,0.0,155033.0,0.0,0.0,0.0,0.0
2023-03-28 15:43:08.622000+00:00,24801280.0,36974592.0,41390080.0,41390080.0,38.93,0.700231151,132.66,23636471.0,0.0,0.0,143787.0,35650882.0,0.0,0.0,155038.0,0.0,0.0,0.0,0.0
2023-03-28 15:43:14.847000+00:00,24801280.0,36728832.0,41103360.0,41103360.0,38.97,0.700231151,132.73,23644959.0,0.0,0.0,143837.0,35664323.0,0.0,0.0,155093.0,0.0,0.0,0.0,0.0
2023-03-28 15:43:19.142000+00:00,24801280.0,36556800.0,40898560.0,40898560.0,38.98,0.700231151,132.79,23661066.0,0.0,0.0,143933.0,35686495.0,0.0,0.0,155197.0,0.0,0.0,0.0,0.0
2023-03-28 15:43:24.624000+00:00,24801280.0,36544512.0,41046016.0,41046016.0,39.04,0.700231151,132.97,23679041.0,0.0,0.0,144046.0,35710875.0,0.0,0.0,155315.0,0.0,0.0,0.0,0.0
2023-03-28 15:43:29.239000+00:00,24801280.0,36646912.0,40980480.0,40980480.0,39.04,0.700231151,132.98,23679844.0,0.0,0.0,144050.0,35715473.0,0.0,0.0,155320.0,0.0,0.0,0.0,0.0
2023-03-28 15:43:33.645000+00:00,24801280.0,36614144.0,41074688.0,41074688.0,39.08,0.700231151,133.07,23695979.0,0.0,0.0,144146.0,35737649.0,0.0,0.0,155424.0,0.0,0.0,0.0,0.0
2023-03-28 15:43:38.840000+00:00,24801280.0,36614144.0,41074688.0,40722432.0,39.09,0.700231151,133.09,23705481.0,0.0,0.0,144205.0,35752292.0,0.0,0.0,155486.0,0.0,0.0,0.0,0.0
2023-03-28 15:43:44.734000+00:00,24801280.0,36794368.0,41267200.0,41267200.0,39.12,0.700231151,133.16,23715109.0,0.0,0.0,144262.0,35767202.0,0.0,0.0,155549.0,0.0,0.0,0.0,0.0
2023-03-28 15:43:49.570000+00:00,24920064.0,36794368.0,41267200.0,41267200.0,39.12,0.700231151,133.17,23715109.0,0.0,0.0,144266.0,35771800.0,0.0,0.0,155554.0,0.0,0.0,0.0,0.0
2023-03-28 15:43:54.721000+00:00,24920064.0,36249600.0,40583168.0,40583168.0,39.17,0.700787603,133.24,23716769.0,0.0,0.0,144271.0,35776472.0,0.0,0.0,155560.0,0.0,0.0,0.0,0.0
2023-03-28 15:43:59.342000+00:00,24920064.0,36347904.0,40681472.0,40681472.0,39.17,0.700787603,133.24,23717656.0,0.0,0.0,144277.0,35781154.0,0.0,0.0,155567.0,0.0,0.0,0.0,0.0
2023-03-28 15:44:04.130000+00:00,24920064.0,36491264.0,40837120.0,40837120.0,39.2,0.700787603,133.3,23718459.0,0.0,0.0,144281.0,35785752.0,0.0,0.0,155572.0,0.0,0.0,0.0,0.0
2023-03-28 15:44:09.338000+00:00,24920064.0,36491264.0,40837120.0,40837120.0,39.21,0.700787603,133.32,23726911.0,0.0,0.0,144331.0,35799173.0,0.0,0.0,155627.0,0.0,0.0,0.0,0.0
2023-03-28 15:44:13.638000+00:00,24920064.0,36192256.0,40656896.0,40656896.0,39.23,0.700787603,133.39,23727714.0,0.0,0.0,144335.0,35803771.0,0.0,0.0,155632.0,0.0,0.0,0.0,0.0
2023-03-28 15:44:18.822000+00:00,24920064.0,36294656.0,40611840.0,40611840.0,39.23,0.700787603,133.39,23728517.0,0.0,0.0,144339.0,35808369.0,0.0,0.0,155637.0,0.0,0.0,0.0,0.0
2023-03-28 15:44:23.685000+00:00,24920064.0,36786176.0,41193472.0,41193472.0,39.24,0.700787603,133.48,23736963.0,0.0,0.0,144389.0,35821775.0,0.0,0.0,155692.0,0.0,0.0,0.0,0.0
2023-03-28 15:44:29.461000+00:00,24920064.0,36413440.0,40755200.0,40755200.0,39.25,0.700787603,133.49,23746294.0,0.0,0.0,144447.0,35836335.0,0.0,0.0,155755.0,0.0,0.0,0.0,0.0
2023-03-28 15:44:34.568000+00:00,24920064.0,36904960.0,41320448.0,41320448.0,39.27,0.700787603,133.57,23754882.0,0.0,0.0,144499.0,35849891.0,0.0,0.0,155812.0,0.0,0.0,0.0,0.0
2023-03-28 15:44:39.484000+00:00,24920064.0,36904960.0,41320448.0,41320448.0,39.27,0.700787603,133.58,23754882.0,0.0,0.0,144499.0,35854490.0,0.0,0.0,155817.0,0.0,0.0,0.0,0.0
2023-03-28 15:44:43.811000+00:00,24920064.0,36265984.0,40890368.0,40890368.0,39.29,0.700787603,133.63,23756488.0,0.0,0.0,144507.0,35859089.0,0.0,0.0,155822.0,0.0,0.0,0.0,0.0
2023-03-28 15:44:48.807000+00:00,24985600.0,36265984.0,40890368.0,40890368.0,39.3,0.700787603,133.63,23756488.0,0.0,0.0,144507.0,35859089.0,0.0,0.0,155822.0,0.0,0.0,0.0,0.0
2023-03-28 15:44:54.738000+00:00,24985600.0,36425728.0,40767488.0,40767488.0,39.34,0.700787603,133.8,23791524.0,0.0,0.0,144724.0,35907230.0,0.0,0.0,156057.0,0.0,0.0,0.0,0.0
2023-03-28 15:44:59.431000+00:00,24985600.0,37060608.0,41369600.0,41369600.0,39.36,0.700787603,133.87,23841318.0,0.0,0.0,145032.0,35967789.0,0.0,0.0,156377.0,0.0,0.0,0.0,0.0
2023-03-28 15:45:04.337000+00:00,24985600.0,36286464.0,41013248.0,41013248.0,39.43,0.700787603,134.03,23877332.0,0.0,0.0,145260.0,36013499.0,0.0,0.0,156620.0,0.0,0.0,0.0,0.0
2023-03-28 15:45:09.275000+00:00,24985600.0,36388864.0,40714240.0,40714240.0,39.43,0.700787603,134.04,23878135.0,0.0,0.0,145264.0,36018098.0,0.0,0.0,156625.0,0.0,0.0,0.0,0.0
2023-03-28 15:45:13.443000+00:00,24985600.0,36896768.0,41238528.0,41238528.0,39.43,0.700787603,134.07,23887480.0,0.0,0.0,145322.0,36032679.0,0.0,0.0,156688.0,0.0,0.0,0.0,0.0
2023-03-28 15:45:19.615000+00:00,24985600.0,36917248.0,41238528.0,41238528.0,39.45,0.700787603,134.17,23887480.0,0.0,0.0,145322.0,36032679.0,0.0,0.0,156688.0,0.0,0.0,0.0,0.0
2023-03-28 15:45:24.461000+00:00,24985600.0,36515840.0,40853504.0,40853504.0,39.46,0.700787603,134.19,23912207.0,0.0,0.0,145468.0,36068378.0,0.0,0.0,156846.0,0.0,0.0,0.0,0.0
2023-03-28 15:45:28.721000+00:00,24985600.0,36515840.0,40853504.0,40853504.0,39.47,0.700787603,134.26,23912207.0,0.0,0.0,145468.0,36068378.0,0.0,0.0,156846.0,0.0,0.0,0.0,0.0
2023-03-28 15:45:34.224000+00:00,24985600.0,36757504.0,41074688.0,41074688.0,39.47,0.700787603,134.27,23913883.0,0.0,0.0,145477.0,36077576.0,0.0,0.0,156856.0,0.0,0.0,0.0,0.0
2023-03-28 15:45:39.234000+00:00,24985600.0,36757504.0,41074688.0,41074688.0,39.49,0.700787603,134.35,23913883.0,0.0,0.0,145477.0,36077576.0,0.0,0.0,156927.0,0.0,0.0,0.0,0.0
2023-03-28 15:45:44.718000+00:00,24985600.0,36642816.0,40988672.0,40988672.0,39.51,0.700787603,134.39,23942232.0,0.0,0.0,145655.0,36118124.0,0.0,0.0,157048.0,0.0,0.0,0.0,0.0
2023-03-28 15:45:49.322000+00:00,25161728.0,36786176.0,41107456.0,41107456.0,39.52,0.700787603,134.45,23943035.0,0.0,0.0,145659.0,36122723.0,0.0,0.0,157053.0,0.0,0.0,0.0,0.0
2023-03-28 15:45:54.654000+00:00,25161728.0,36970496.0,41295872.0,41295872.0,39.54,0.700787603,134.46,23943892.0,0.0,0.0,145664.0,36127396.0,0.0,0.0,157059.0,0.0,0.0,0.0,0.0
2023-03-28 15:45:59.294000+00:00,25161728.0,36634624.0,40943616.0,40943616.0,39.56,0.700787603,134.53,23952478.0,0.0,0.0,145716.0,36140820.0,0.0,0.0,157114.0,0.0,0.0,0.0,0.0
2023-03-28 15:46:04.597000+00:00,25161728.0,36593664.0,40902656.0,40902656.0,39.58,0.700787603,134.62,23985866.0,0.0,0.0,145921.0,36183010.0,0.0,0.0,157333.0,0.0,0.0,0.0,0.0
2023-03-28 15:46:09.086000+00:00,25161728.0,36737024.0,41082880.0,41082880.0,39.59,0.700787603,134.7,23986669.0,0.0,0.0,145925.0,36187609.0,0.0,0.0,157338.0,0.0,0.0,0.0,0.0
2023-03-28 15:46:14.340000+00:00,25161728.0,36843520.0,41283584.0,41283584.0,39.6,0.700787603,134.74,24004643.0,0.0,0.0,146037.0,36212275.0,0.0,0.0,157459.0,0.0,0.0,0.0,0.0
2023-03-28 15:46:18.682000+00:00,25161728.0,36507648.0,40902656.0,40902656.0,39.62,0.700787603,134.82,24013095.0,0.0,0.0,146087.0,36225483.0,0.0,0.0,157511.0,0.0,0.0,0.0,0.0
2023-03-28 15:46:24.159000+00:00,25161728.0,36372480.0,40730624.0,40730624.0,39.64,0.700787603,134.87,24044546.0,0.0,0.0,146275.0,36264930.0,0.0,0.0,157709.0,0.0,0.0,0.0,0.0
2023-03-28 15:46:29.498000+00:00,25161728.0,36864000.0,40730624.0,40730624.0,39.67,0.700787603,134.94,24044546.0,0.0,0.0,146275.0,36264930.0,0.0,0.0,157709.0,0.0,0.0,0.0,0.0
2023-03-28 15:46:34.528000+00:00,25161728.0,36970496.0,41320448.0,41320448.0,39.67,0.700787603,134.95,24053845.0,0.0,0.0,146329.0,36282979.0,0.0,0.0,157769.0,0.0,0.0,0.0,0.0
2023-03-28 15:46:39.552000+00:00,25161728.0,36499456.0,40939520.0,40939520.0,39.71,0.700787603,135.06,24077855.0,0.0,0.0,146471.0,36314205.0,0.0,0.0,157923.0,0.0,0.0,0.0,0.0
2023-03-28 15:46:43.155000+00:00,25161728.0,36597760.0,40931328.0,40931328.0,39.71,0.700787603,135.07,24078658.0,0.0,0.0,146475.0,36318804.0,0.0,0.0,157928.0,0.0,0.0,0.0,0.0
2023-03-28 15:46:49.401000+00:00,25341952.0,36597760.0,40931328.0,40939520.0,39.72,0.700787603,135.21,24112090.0,0.0,0.0,146680.0,36360859.0,0.0,0.0,158144.0,0.0,0.0,0.0,0.0
2023-03-28 15:46:53.858000+00:00,25341952.0,36806656.0,41439232.0,41439232.0,39.74,0.700787603,135.22,24112947.0,0.0,0.0,146685.0,36365532.0,0.0,0.0,158150.0,0.0,0.0,0.0,0.0
2023-03-28 15:46:59.073000+00:00,25341952.0,36806656.0,41439232.0,41439232.0,39.76,0.701387355,135.28,24112947.0,0.0,0.0,146685.0,36365532.0,0.0,0.0,158150.0,0.0,0.0,0.0,0.0
2023-03-28 15:47:03.751000+00:00,25341952.0,36585472.0,40980480.0,40980480.0,39.77,0.701387355,135.32,24123209.0,0.0,0.0,146749.0,36384824.0,0.0,0.0,158220.0,0.0,0.0,0.0,0.0
2023-03-28 15:47:09.905000+00:00,25341952.0,36585472.0,40902656.0,40902656.0,39.79,0.701387355,135.41,24139512.0,0.0,0.0,146845.0,36406985.0,0.0,0.0,158321.0,0.0,0.0,0.0,0.0
2023-03-28 15:47:14.319000+00:00,25341952.0,36265984.0,40574976.0,40574976.0,39.8,0.701387355,135.43,24148126.0,0.0,0.0,146895.0,36420569.0,0.0,0.0,158376.0,0.0,0.0,0.0,0.0
2023-03-28 15:47:18.147000+00:00,25341952.0,36265984.0,40574976.0,40710144.0,39.8,0.701387355,135.43,24148929.0,0.0,0.0,146899.0,36425168.0,0.0,0.0,158381.0,0.0,0.0,0.0,0.0
2023-03-28 15:47:24.601000+00:00,25341952.0,36446208.0,40771584.0,40771584.0,39.84,0.701387355,135.53,24165951.0,0.0,0.0,147003.0,36448583.0,0.0,0.0,158494.0,0.0,0.0,0.0,0.0
2023-03-28 15:47:29.747000+00:00,25341952.0,36929536.0,41267200.0,41267200.0,39.85,0.701387355,135.61,24174591.0,0.0,0.0,147054.0,36462193.0,0.0,0.0,158550.0,0.0,0.0,0.0,0.0
2023-03-28 15:47:33.626000+00:00,25341952.0,36974592.0,41291776.0,41291776.0,39.87,0.701387355,135.64,24191898.0,0.0,0.0,147158.0,36485843.0,0.0,0.0,158662.0,0.0,0.0,0.0,0.0
2023-03-28 15:47:38.929000+00:00,25341952.0,36974592.0,41291776.0,42856448.0,39.87,0.701387355,135.67,24192701.0,0.0,0.0,147162.0,36490442.0,0.0,0.0,158667.0,0.0,0.0,0.0,0.0
2023-03-28 15:47:44.732000+00:00,25341952.0,36327424.0,40669184.0,40669184.0,39.89,0.701387355,135.7,24193504.0,0.0,0.0,147166.0,36495041.0,0.0,0.0,158672.0,0.0,0.0,0.0,0.0
2023-03-28 15:47:49.578000+00:00,25427968.0,36327424.0,40669184.0,40878080.0,39.91,0.701387355,135.77,24194307.0,0.0,0.0,147170.0,36499640.0,0.0,0.0,158677.0,0.0,0.0,0.0,0.0
2023-03-28 15:47:53.971000+00:00,25427968.0,36270080.0,40808448.0,40808448.0,39.94,0.701387355,135.78,24203733.0,0.0,0.0,147229.0,36514329.0,0.0,0.0,158741.0,0.0,0.0,0.0,0.0
2023-03-28 15:47:59.573000+00:00,25427968.0,36757504.0,40808448.0,40808448.0,39.96,0.701387355,135.86,24203733.0,0.0,0.0,147229.0,36514329.0,0.0,0.0,158741.0,0.0,0.0,0.0,0.0
2023-03-28 15:48:04.494000+00:00,25427968.0,36417536.0,40837120.0,40837120.0,39.96,0.701387355,135.9,24221967.0,0.0,0.0,147341.0,36542782.0,0.0,0.0,158863.0,0.0,0.0,0.0,0.0
2023-03-28 15:48:09.030000+00:00,25427968.0,36417536.0,40837120.0,40996864.0,39.96,0.701387355,135.94,24240777.0,0.0,0.0,147461.0,36568551.0,0.0,0.0,158992.0,0.0,0.0,0.0,0.0
2023-03-28 15:48:14.932000+00:00,25427968.0,36704256.0,41050112.0,41050112.0,39.99,0.701387355,136.04,24259308.0,0.0,0.0,147573.0,36593708.0,0.0,0.0,159112.0,0.0,0.0,0.0,0.0
2023-03-28 15:48:19.398000+00:00,25427968.0,36704256.0,41050112.0,41050112.0,39.99,0.701387355,136.04,24259308.0,0.0,0.0,147577.0,36598307.0,0.0,0.0,159117.0,0.0,0.0,0.0,0.0
2023-03-28 15:48:24.806000+00:00,25427968.0,36343808.0,40906752.0,40906752.0,40.02,0.701387355,136.14,24284006.0,0.0,0.0,147721.0,36629535.0,0.0,0.0,159269.0,0.0,0.0,0.0,0.0
2023-03-28 15:48:28.997000+00:00,25427968.0,36671488.0,41021440.0,41021440.0,40.02,0.701387355,136.17,24288713.0,0.0,0.0,147755.0,36639114.0,0.0,0.0,159309.0,0.0,0.0,0.0,0.0
2023-03-28 15:48:34.289000+00:00,25427968.0,36319232.0,40804352.0,40804352.0,40.05,0.701387355,136.24,24297241.0,0.0,0.0,147806.0,36652470.0,0.0,0.0,159363.0,0.0,0.0,0.0,0.0
2023-03-28 15:48:38.431000+00:00,25427968.0,36319232.0,40804352.0,40804352.0,40.05,0.701387355,136.27,24297241.0,0.0,0.0,147903.0,36674567.0,0.0,0.0,159465.0,0.0,0.0,0.0,0.0
2023-03-28 15:48:44.885000+00:00,25427968.0,36507648.0,40820736.0,40820736.0,40.07,0.701387355,136.4,24332746.0,0.0,0.0,148023.0,36700806.0,0.0,0.0,159594.0,0.0,0.0,0.0,0.0
2023-03-28 15:48:49.501000+00:00,25583616.0,36507648.0,40820736.0,40820736.0,40.08,0.701387355,136.45,24332746.0,0.0,0.0,148023.0,36738447.0,0.0,0.0,159780.0,0.0,0.0,0.0,0.0
2023-03-28 15:48:53.841000+00:00,25583616.0,36630528.0,41062400.0,41062400.0,40.11,0.701387355,136.55,24366158.0,0.0,0.0,148224.0,36746696.0,0.0,0.0,159812.0,0.0,0.0,0.0,0.0
2023-03-28 15:48:58.903000+00:00,25583616.0,36728832.0,41103360.0,41103360.0,40.11,0.701387355,136.55,24367045.0,0.0,0.0,148230.0,36751379.0,0.0,0.0,159819.0,0.0,0.0,0.0,0.0
2023-03-28 15:49:03.562000+00:00,25583616.0,36515840.0,40927232.0,40927232.0,40.14,0.701387355,136.64,24375511.0,0.0,0.0,148280.0,36764805.0,0.0,0.0,159874.0,0.0,0.0,0.0,0.0
2023-03-28 15:49:08.933000+00:00,25583616.0,36515840.0,40927232.0,40927232.0,40.14,0.701387355,136.64,24375511.0,0.0,0.0,148284.0,36769404.0,0.0,0.0,159879.0,0.0,0.0,0.0,0.0
2023-03-28 15:49:13.617000+00:00,25583616.0,36749312.0,41189376.0,41189376.0,40.16,0.701387355,136.7,24377117.0,0.0,0.0,148288.0,36774003.0,0.0,0.0,159884.0,0.0,0.0,0.0,0.0
2023-03-28 15:49:19.358000+00:00,25583616.0,37142528.0,41189376.0,41189376.0,40.16,0.701387355,136.74,24377117.0,0.0,0.0,148288.0,36774003.0,0.0,0.0,159884.0,0.0,0.0,0.0,0.0
2023-03-28 15:49:24.694000+00:00,25583616.0,36835328.0,41197568.0,41197568.0,40.2,0.701387355,136.8,24411280.0,0.0,0.0,148497.0,36819961.0,0.0,0.0,160096.0,0.0,0.0,0.0,0.0
2023-03-28 15:49:29.593000+00:00,25583616.0,36536320.0,40845312.0,40845312.0,40.2,0.701387355,136.83,24411280.0,0.0,0.0,148497.0,36819961.0,0.0,0.0,160096.0,0.0,0.0,0.0,0.0
2023-03-28 15:49:34.782000+00:00,25583616.0,37019648.0,41402368.0,41402368.0,40.22,0.701387355,136.89,24429089.0,0.0,0.0,148605.0,36847821.0,0.0,0.0,160212.0,0.0,0.0,0.0,0.0
2023-03-28 15:49:38.573000+00:00,25583616.0,36638720.0,41402368.0,41402368.0,40.23,0.701387355,136.9,24429089.0,0.0,0.0,148605.0,36847821.0,0.0,0.0,160212.0,0.0,0.0,0.0,0.0
2023-03-28 15:49:44.823000+00:00,25583616.0,36757504.0,41148416.0,41148416.0,40.25,0.701387355,137.01,24455684.0,0.0,0.0,148767.0,36886049.0,0.0,0.0,160388.0,0.0,0.0,0.0,0.0
2023-03-28 15:49:49.744000+00:00,25710592.0,36757504.0,41164800.0,41164800.0,40.27,0.701387355,137.04,24473698.0,0.0,0.0,148880.0,36910615.0,0.0,0.0,160508.0,0.0,0.0,0.0,0.0
2023-03-28 15:49:53.737000+00:00,25710592.0,37068800.0,41533440.0,41533440.0,40.3,0.702495598,137.1,24474555.0,0.0,0.0,148885.0,36915288.0,0.0,0.0,160514.0,0.0,0.0,0.0,0.0
2023-03-28 15:49:59.753000+00:00,25710592.0,37068800.0,41533440.0,41533440.0,40.32,0.702495598,137.14,24474555.0,0.0,0.0,148885.0,36915288.0,0.0,0.0,160514.0,0.0,0.0,0.0,0.0
2023-03-28 15:50:03.676000+00:00,25710592.0,36384768.0,40824832.0,40824832.0,40.34,0.702495598,137.24,24509834.0,0.0,0.0,149103.0,36963515.0,0.0,0.0,160748.0,0.0,0.0,0.0,0.0
2023-03-28 15:50:09.003000+00:00,25710592.0,36478976.0,40824832.0,40824832.0,40.34,0.702495598,137.25,24509834.0,0.0,0.0,149103.0,36963515.0,0.0,0.0,160748.0,0.0,0.0,0.0,0.0
2023-03-28 15:50:14.444000+00:00,25710592.0,36970496.0,41422848.0,41422848.0,40.36,0.702495598,137.32,24519099.0,0.0,0.0,149157.0,36981470.0,0.0,0.0,160807.0,0.0,0.0,0.0,0.0
2023-03-28 15:50:18.746000+00:00,25710592.0,36970496.0,41037824.0,41037824.0,40.38,0.702495598,137.32,24527577.0,0.0,0.0,149207.0,36994846.0,0.0,0.0,160861.0,0.0,0.0,0.0,0.0
2023-03-28 15:50:24.354000+00:00,25710592.0,37072896.0,41381888.0,41381888.0,40.38,0.702495598,137.36,24536985.0,0.0,0.0,149266.0,37009503.0,0.0,0.0,160925.0,0.0,0.0,0.0,0.0
2023-03-28 15:50:28.044000+00:00,25710592.0,37072896.0,41381888.0,41381888.0,40.41,0.702495598,137.42,24536985.0,0.0,0.0,149266.0,37009503.0,0.0,0.0,160925.0,0.0,0.0,0.0,0.0
2023-03-28 15:50:34.629000+00:00,25710592.0,36376576.0,40873984.0,40873984.0,40.42,0.702495598,137.46,24554039.0,0.0,0.0,149366.0,37036433.0,0.0,0.0,161034.0,0.0,0.0,0.0,0.0
2023-03-28 15:50:39.456000+00:00,25710592.0,36376576.0,41066496.0,41066496.0,40.46,0.702495598,137.57,24578754.0,0.0,0.0,149516.0,37068627.0,0.0,0.0,161196.0,0.0,0.0,0.0,0.0
2023-03-28 15:50:43.722000+00:00,25710592.0,36478976.0,40787968.0,40787968.0,40.46,0.702495598,137.59,24588251.0,0.0,0.0,149574.0,37083355.0,0.0,0.0,161259.0,0.0,0.0,0.0,0.0
2023-03-28 15:50:48.461000+00:00,25858048.0,36478976.0,40787968.0,41103360.0,40.52,0.702495598,137.78,24605301.0,0.0,0.0,149678.0,37106823.0,0.0,0.0,161372.0,0.0,0.0,0.0,0.0
2023-03-28 15:50:54.461000+00:00,25858048.0,36950016.0,41533440.0,41533440.0,40.54,0.702495598,137.8,24614312.0,0.0,0.0,149732.0,37120519.0,0.0,0.0,161430.0,0.0,0.0,0.0,0.0
2023-03-28 15:50:59.620000+00:00,25858048.0,36564992.0,41533440.0,41533440.0,40.56,0.702495598,137.9,24614312.0,0.0,0.0,149732.0,37120519.0,0.0,0.0,161430.0,0.0,0.0,0.0,0.0
2023-03-28 15:51:04.576000+00:00,25858048.0,36667392.0,40984576.0,40984576.0,40.56,0.702495598,137.91,24623661.0,0.0,0.0,149788.0,37138634.0,0.0,0.0,161492.0,0.0,0.0,0.0,0.0
2023-03-28 15:51:09.039000+00:00,25858048.0,37216256.0,41533440.0,41533440.0,40.58,0.702495598,138.0,24633091.0,0.0,0.0,149846.0,37153309.0,0.0,0.0,161555.0,0.0,0.0,0.0,0.0
2023-03-28 15:51:13.916000+00:00,25858048.0,37122048.0,41431040.0,41431040.0,40.6,0.702495598,138.03,24649294.0,0.0,0.0,149943.0,37175484.0,0.0,0.0,161659.0,0.0,0.0,0.0,0.0
2023-03-28 15:51:19.141000+00:00,25858048.0,37122048.0,41431040.0,40976384.0,40.63,0.702495598,138.16,24673042.0,0.0,0.0,150083.0,37205983.0,0.0,0.0,161808.0,0.0,0.0,0.0,0.0
2023-03-28 15:51:24.122000+00:00,25858048.0,36765696.0,41107456.0,41107456.0,40.64,0.702495598,138.16,24675912.0,0.0,0.0,150105.0,37213571.0,0.0,0.0,161832.0,0.0,0.0,0.0,0.0
2023-03-28 15:51:29.567000+00:00,25858048.0,36380672.0,41107456.0,41107456.0,40.65,0.703114751,138.25,24675912.0,0.0,0.0,150105.0,37213571.0,0.0,0.0,161832.0,0.0,0.0,0.0,0.0
2023-03-28 15:51:34.567000+00:00,25858048.0,36831232.0,41140224.0,41140224.0,40.65,0.703114751,138.26,24692826.0,0.0,0.0,150205.0,37240405.0,0.0,0.0,161942.0,0.0,0.0,0.0,0.0
2023-03-28 15:51:39.778000+00:00,25858048.0,36831232.0,41218048.0,41218048.0,40.68,0.703114751,138.37,24709762.0,0.0,0.0,150310.0,37263787.0,0.0,0.0,162054.0,0.0,0.0,0.0,0.0
2023-03-28 15:51:44.017000+00:00,25858048.0,37203968.0,41586688.0,41586688.0,40.71,0.703114751,138.41,24734398.0,0.0,0.0,150461.0,37295948.0,0.0,0.0,162215.0,0.0,0.0,0.0,0.0
2023-03-28 15:51:48.393000+00:00,25997312.0,37203968.0,41586688.0,43429888.0,40.72,0.703114751,138.43,24738963.0,0.0,0.0,150495.0,37305383.0,0.0,0.0,162255.0,0.0,0.0,0.0,0.0
2023-03-28 15:51:54.703000+00:00,25997312.0,36384768.0,40976384.0,40976384.0,40.77,0.703114751,138.48,24748534.0,0.0,0.0,150554.0,37320224.0,0.0,0.0,162319.0,0.0,0.0,0.0,0.0
2023-03-28 15:51:59.658000+00:00,25997312.0,36872192.0,41365504.0,41365504.0,40.78,0.703114751,138.57,24757126.0,0.0,0.0,150606.0,37333714.0,0.0,0.0,162375.0,0.0,0.0,0.0,0.0
2023-03-28 15:52:03.039000+00:00,25997312.0,36900864.0,41369600.0,41369600.0,40.79,0.703114751,138.63,24775250.0,0.0,0.0,150718.0,37358531.0,0.0,0.0,162496.0,0.0,0.0,0.0,0.0
2023-03-28 15:52:09.169000+00:00,25997312.0,37163008.0,41472000.0,41472000.0,40.81,0.703114751,138.67,24799168.0,0.0,0.0,150861.0,37389531.0,0.0,0.0,162649.0,0.0,0.0,0.0,0.0
2023-03-28 15:52:14.792000+00:00,25997312.0,36798464.0,41107456.0,41107456.0,40.84,0.703114751,138.78,24824776.0,0.0,0.0,151020.0,37422723.0,0.0,0.0,162817.0,0.0,0.0,0.0,0.0
2023-03-28 15:52:18.038000+00:00,25997312.0,36798464.0,41107456.0,41107456.0,40.84,0.703114751,138.79,24824776.0,0.0,0.0,151024.0,37427322.0,0.0,0.0,162822.0,0.0,0.0,0.0,0.0
2023-03-28 15:52:23.056000+00:00,25997312.0,37040128.0,41394176.0,41394176.0,40.86,0.703114751,138.85,24826382.0,0.0,0.0,151028.0,37431921.0,0.0,0.0,162827.0,0.0,0.0,0.0,0.0
2023-03-28 15:52:28.741000+00:00,25997312.0,36597760.0,40919040.0,40919040.0,40.86,0.703114751,138.91,24851146.0,0.0,0.0,151178.0,37464183.0,0.0,0.0,162989.0,0.0,0.0,0.0,0.0
2023-03-28 15:52:33.240000+00:00,25997312.0,36737024.0,41086976.0,41086976.0,40.9,0.703114751,138.96,24851949.0,0.0,0.0,151182.0,37468782.0,0.0,0.0,162994.0,0.0,0.0,0.0,0.0
2023-03-28 15:52:39.103000+00:00,25997312.0,36782080.0,41099264.0,41099264.0,40.91,0.703114751,139.0,24869937.0,0.0,0.0,151294.0,37493473.0,0.0,0.0,163115.0,0.0,0.0,0.0,0.0
2023-03-28 15:52:43.146000+00:00,25997312.0,36925440.0,41369600.0,41369600.0,40.94,0.703114751,139.05,24870740.0,0.0,0.0,151298.0,37498072.0,0.0,0.0,163120.0,0.0,0.0,0.0,0.0
2023-03-28 15:52:48.887000+00:00,26152960.0,36999168.0,41369600.0,41369600.0,40.96,0.703114751,139.08,24870740.0,0.0,0.0,151298.0,37498072.0,0.0,0.0,163232.0,0.0,0.0,0.0,0.0
2023-03-28 15:52:53.707000+00:00,26152960.0,36397056.0,41177088.0,41177088.0,40.99,0.703548025,139.15,24888952.0,0.0,0.0,151407.0,37526446.0,0.0,0.0,163238.0,0.0,0.0,0.0,0.0
2023-03-28 15:52:59.377000+00:00,26152960.0,36851712.0,41160704.0,41160704.0,40.99,0.703548025,139.17,24897642.0,0.0,0.0,151459.0,37540098.0,0.0,0.0,163295.0,0.0,0.0,0.0,0.0
2023-03-28 15:53:04.535000+00:00,26152960.0,36982784.0,41533440.0,41533440.0,41.02,0.703548025,139.26,24915544.0,0.0,0.0,151571.0,37564670.0,0.0,0.0,163416.0,0.0,0.0,0.0,0.0
2023-03-28 15:53:09.389000+00:00,26152960.0,36982784.0,41533440.0,41533440.0,41.03,0.703548025,139.29,24915544.0,0.0,0.0,151571.0,37579352.0,0.0,0.0,163479.0,0.0,0.0,0.0,0.0
2023-03-28 15:53:13.287000+00:00,26152960.0,37163008.0,41496576.0,41496576.0,41.05,0.703548025,139.36,24933440.0,0.0,0.0,151679.0,37592774.0,0.0,0.0,163534.0,0.0,0.0,0.0,0.0
2023-03-28 15:53:18.325000+00:00,26152960.0,36904960.0,41496576.0,41496576.0,41.06,0.703548025,139.39,24933440.0,0.0,0.0,151679.0,37592774.0,0.0,0.0,163605.0,0.0,0.0,0.0,0.0
2023-03-28 15:53:24.628000+00:00,26152960.0,36933632.0,41242624.0,41242624.0,41.1,0.703548025,139.47,24960117.0,0.0,0.0,151841.0,37631036.0,0.0,0.0,163709.0,0.0,0.0,0.0,0.0
2023-03-28 15:53:29.480000+00:00,26152960.0,36667392.0,40976384.0,40976384.0,41.11,0.703548025,139.49,24970437.0,0.0,0.0,151907.0,37646876.0,0.0,0.0,163780.0,0.0,0.0,0.0,0.0
2023-03-28 15:53:34.466000+00:00,26152960.0,36384768.0,40742912.0,40742912.0,41.14,0.703548025,139.56,24979837.0,0.0,0.0,151965.0,37661518.0,0.0,0.0,163843.0,0.0,0.0,0.0,0.0
2023-03-28 15:53:39.319000+00:00,26152960.0,36384768.0,40742912.0,40742912.0,41.14,0.703548025,139.57,24979837.0,0.0,0.0,151965.0,37661518.0,0.0,0.0,163848.0,0.0,0.0,0.0,0.0
2023-03-28 15:53:43.822000+00:00,26152960.0,36630528.0,40955904.0,40955904.0,41.16,0.703548025,139.63,24981443.0,0.0,0.0,151973.0,37670716.0,0.0,0.0,163853.0,0.0,0.0,0.0,0.0
2023-03-28 15:53:48.636000+00:00,26267648.0,37052416.0,40955904.0,40955904.0,41.17,0.703548025,139.71,24981443.0,0.0,0.0,151973.0,37670716.0,0.0,0.0,163853.0,0.0,0.0,0.0,0.0
2023-03-28 15:53:54.238000+00:00,26267648.0,36876288.0,41238528.0,41238528.0,41.23,0.703612069,139.83,25034038.0,0.0,0.0,152298.0,37739169.0,0.0,0.0,164202.0,0.0,0.0,0.0,0.0
2023-03-28 15:53:59.541000+00:00,26267648.0,36876288.0,41238528.0,41238528.0,41.23,0.703612069,139.86,25034038.0,0.0,0.0,152298.0,37739169.0,0.0,0.0,164202.0,0.0,0.0,0.0,0.0
2023-03-28 15:54:03.437000+00:00,26267648.0,36577280.0,41050112.0,41050112.0,41.24,0.703612069,139.88,25060869.0,0.0,0.0,152463.0,37777504.0,0.0,0.0,164379.0,0.0,0.0,0.0,0.0
2023-03-28 15:54:09.723000+00:00,26267648.0,36577280.0,41050112.0,41050112.0,41.27,0.703612069,139.98,25060869.0,0.0,0.0,152463.0,37777504.0,0.0,0.0,164442.0,0.0,0.0,0.0,0.0
2023-03-28 15:54:14.283000+00:00,26267648.0,36773888.0,41082880.0,41082880.0,41.28,0.703612069,140.0,25078708.0,0.0,0.0,152571.0,37805538.0,0.0,0.0,164497.0,0.0,0.0,0.0,0.0
2023-03-28 15:54:19.716000+00:00,26267648.0,36773888.0,41238528.0,41238528.0,41.3,0.703612069,140.06,25079511.0,0.0,0.0,152575.0,37810137.0,0.0,0.0,164502.0,0.0,0.0,0.0,0.0
2023-03-28 15:54:24.925000+00:00,26267648.0,38039552.0,42762240.0,42762240.0,41.34,0.703612069,140.18,25115164.0,0.0,0.0,152795.0,37855303.0,0.0,0.0,164738.0,0.0,0.0,0.0,0.0
2023-03-28 15:54:29.142000+00:00,26267648.0,38039552.0,42762240.0,42762240.0,41.34,0.703612069,140.18,25115164.0,0.0,0.0,152795.0,37855303.0,0.0,0.0,164738.0,0.0,0.0,0.0,0.0
2023-03-28 15:54:33.798000+00:00,26267648.0,36769792.0,41209856.0,41209856.0,41.35,0.703612069,140.21,25124421.0,0.0,0.0,152849.0,37873252.0,0.0,0.0,164797.0,0.0,0.0,0.0,0.0
2023-03-28 15:54:39.695000+00:00,26267648.0,36835328.0,41185280.0,41185280.0,41.38,0.703612069,140.3,25141441.0,0.0,0.0,152954.0,37896532.0,0.0,0.0,164909.0,0.0,0.0,0.0,0.0
2023-03-28 15:54:44.420000+00:00,26267648.0,36884480.0,41193472.0,41193472.0,41.39,0.703612069,140.32,25158497.0,0.0,0.0,153058.0,37919929.0,0.0,0.0,165021.0,0.0,0.0,0.0,0.0
2023-03-28 15:54:48.309000+00:00,26443776.0,36519936.0,40988672.0,40988672.0,41.43,0.703612069,140.4,25166995.0,0.0,0.0,153108.0,37933391.0,0.0,0.0,165076.0,0.0,0.0,0.0,0.0
2023-03-28 15:54:54.815000+00:00,26443776.0,36704256.0,41148416.0,41148416.0,41.44,0.703612069,140.42,25167852.0,0.0,0.0,153113.0,37938064.0,0.0,0.0,165082.0,0.0,0.0,0.0,0.0
2023-03-28 15:54:59.024000+00:00,26443776.0,36368384.0,41148416.0,41148416.0,41.47,0.703612069,140.5,25167852.0,0.0,0.0,153113.0,37938064.0,0.0,0.0,165082.0,0.0,0.0,0.0,0.0
2023-03-28 15:55:04.468000+00:00,26443776.0,36872192.0,41189376.0,41189376.0,41.48,0.703612069,140.52,25185913.0,0.0,0.0,153223.0,37966252.0,0.0,0.0,165201.0,0.0,0.0,0.0,0.0
2023-03-28 15:55:08.076000+00:00,26443776.0,36524032.0,41000960.0,41000960.0,41.5,0.703612069,140.61,25194403.0,0.0,0.0,153273.0,37979708.0,0.0,0.0,165256.0,0.0,0.0,0.0,0.0
2023-03-28 15:55:14.445000+00:00,26443776.0,36843520.0,41361408.0,41361408.0,41.52,0.703612069,140.65,25218243.0,0.0,0.0,153415.0,38010634.0,0.0,0.0,165408.0,0.0,0.0,0.0,0.0
2023-03-28 15:55:19.022000+00:00,26443776.0,36450304.0,40763392.0,40763392.0,41.56,0.779148398,140.65,25243024.0,0.0,0.0,153566.0,38042660.0,0.0,0.0,165567.0,0.0,0.0,0.0,0.0
2023-03-28 15:55:24.099000+00:00,26443776.0,36458496.0,40816640.0,40816640.0,41.57,0.779148398,140.81,25260020.0,0.0,0.0,153670.0,38066048.0,0.0,0.0,165680.0,0.0,0.0,0.0,0.0
2023-03-28 15:55:29.006000+00:00,26443776.0,36458496.0,41271296.0,41271296.0,41.59,0.779148398,140.89,25268552.0,0.0,0.0,153720.0,38079538.0,0.0,0.0,165735.0,0.0,0.0,0.0,0.0
2023-03-28 15:55:34.060000+00:00,26443776.0,37044224.0,41390080.0,41390080.0,41.59,0.779148398,140.9,25269355.0,0.0,0.0,153724.0,38084137.0,0.0,0.0,165740.0,0.0,0.0,0.0,0.0
2023-03-28 15:55:39.269000+00:00,26443776.0,37044224.0,41054208.0,41054208.0,41.61,0.779148398,140.99,25277965.0,0.0,0.0,153774.0,38097705.0,0.0,0.0,165795.0,0.0,0.0,0.0,0.0
2023-03-28 15:55:44.466000+00:00,26443776.0,36790272.0,41099264.0,41099264.0,41.61,0.779148398,140.99,25278768.0,0.0,0.0,153778.0,38102304.0,0.0,0.0,165800.0,0.0,0.0,0.0,0.0
2023-03-28 15:55:49.247000+00:00,26443776.0,36790272.0,41099264.0,40796160.0,41.64,0.779148398,141.07,25287366.0,0.0,0.0,153828.0,38115806.0,0.0,0.0,165854.0,0.0,0.0,0.0,0.0
2023-03-28 15:55:54.213000+00:00,26570752.0,36634624.0,41144320.0,41144320.0,41.67,0.779148398,141.12,25305481.0,0.0,0.0,153941.0,38140624.0,0.0,0.0,165976.0,0.0,0.0,0.0,0.0
2023-03-28 15:55:59.692000+00:00,26570752.0,37117952.0,41144320.0,41144320.0,41.7,0.779148398,141.19,25305481.0,0.0,0.0,153941.0,38140624.0,0.0,0.0,165976.0,0.0,0.0,0.0,0.0
2023-03-28 15:56:03.629000+00:00,26570752.0,36433920.0,40886272.0,40886272.0,41.71,0.779148398,141.24,25332972.0,0.0,0.0,154115.0,38179725.0,0.0,0.0,166159.0,0.0,0.0,0.0,0.0
2023-03-28 15:56:09.689000+00:00,26570752.0,36433920.0,40886272.0,41000960.0,41.72,0.779148398,141.31,25333775.0,0.0,0.0,154119.0,38184324.0,0.0,0.0,166164.0,0.0,0.0,0.0,0.0
2023-03-28 15:56:14.289000+00:00,26570752.0,37019648.0,41361408.0,41361408.0,41.74,0.779148398,141.33,25342427.0,0.0,0.0,154169.0,38197948.0,0.0,0.0,166219.0,0.0,0.0,0.0,0.0
2023-03-28 15:56:18.551000+00:00,26570752.0,37019648.0,41361408.0,41361408.0,41.74,0.779148398,141.33,25342427.0,0.0,0.0,154173.0,38202547.0,0.0,0.0,166224.0,0.0,0.0,0.0,0.0
2023-03-28 15:56:23.026000+00:00,26570752.0,36425728.0,40767488.0,40767488.0,41.76,0.779187883,141.4,25344033.0,0.0,0.0,154177.0,38207146.0,0.0,0.0,166229.0,0.0,0.0,0.0,0.0
2023-03-28 15:56:29.375000+00:00,26570752.0,36425728.0,40767488.0,40767488.0,41.8,0.779187883,141.53,25344033.0,0.0,0.0,154177.0,38207146.0,0.0,0.0,166229.0,0.0,0.0,0.0,0.0
2023-03-28 15:56:34.035000+00:00,26570752.0,36818944.0,41168896.0,41168896.0,41.81,0.779187883,141.54,25384904.0,0.0,0.0,154423.0,38261643.0,0.0,0.0,166496.0,0.0,0.0,0.0,0.0
2023-03-28 15:56:39.455000+00:00,26570752.0,36818944.0,41168896.0,41168896.0,41.81,0.779187883,141.57,25385707.0,0.0,0.0,154427.0,38266242.0,0.0,0.0,166501.0,0.0,0.0,0.0,0.0
2023-03-28 15:56:44.653000+00:00,26570752.0,36638720.0,40984576.0,40984576.0,41.82,0.779187883,141.65,25395056.0,0.0,0.0,154485.0,38280818.0,0.0,0.0,166564.0,0.0,0.0,0.0,0.0
2023-03-28 15:56:48.288000+00:00,26570752.0,36638720.0,40984576.0,40984576.0,41.82,0.779187883,141.66,25395056.0,0.0,0.0,154489.0,38285417.0,0.0,0.0,166569.0,0.0,0.0,0.0,0.0
2023-03-28 15:56:53.997000+00:00,26685440.0,36421632.0,40923136.0,40923136.0,41.84,0.779187883,141.76,25404373.0,0.0,0.0,154540.0,38298775.0,0.0,0.0,166623.0,0.0,0.0,0.0,0.0
2023-03-28 15:56:58.353000+00:00,26685440.0,36515840.0,40923136.0,40923136.0,41.84,0.779187883,141.76,25405260.0,0.0,0.0,154546.0,38303458.0,0.0,0.0,166630.0,0.0,0.0,0.0,0.0
2023-03-28 15:57:04.599000+00:00,26685440.0,36573184.0,40882176.0,40882176.0,41.87,0.779187883,141.85,25421389.0,0.0,0.0,154642.0,38325705.0,0.0,0.0,166735.0,0.0,0.0,0.0,0.0
2023-03-28 15:57:09.159000+00:00,26685440.0,36573184.0,40882176.0,40882176.0,41.88,0.779187883,141.86,25429983.0,0.0,0.0,154692.0,38339197.0,0.0,0.0,166789.0,0.0,0.0,0.0,0.0
2023-03-28 15:57:13.892000+00:00,26685440.0,36331520.0,40644608.0,40644608.0,41.91,0.779187883,141.98,25448060.0,0.0,0.0,154804.0,38363627.0,0.0,0.0,166905.0,0.0,0.0,0.0,0.0
2023-03-28 15:57:18.440000+00:00,26685440.0,36429824.0,40644608.0,40644608.0,41.91,0.779187883,141.98,25448060.0,0.0,0.0,154804.0,38363627.0,0.0,0.0,166910.0,0.0,0.0,0.0,0.0
2023-03-28 15:57:24.791000+00:00,26685440.0,36544512.0,40853504.0,40853504.0,41.96,0.779692818,142.05,25466816.0,0.0,0.0,154920.0,38392781.0,0.0,0.0,167030.0,0.0,0.0,0.0,0.0
2023-03-28 15:57:28.802000+00:00,26685440.0,36544512.0,40853504.0,40853504.0,41.96,0.779692818,142.06,25466816.0,0.0,0.0,154920.0,38392781.0,0.0,0.0,167030.0,0.0,0.0,0.0,0.0
2023-03-28 15:57:33.851000+00:00,26685440.0,36773888.0,41091072.0,41091072.0,41.98,0.779692818,142.12,25468422.0,0.0,0.0,154928.0,38401979.0,0.0,0.0,167040.0,0.0,0.0,0.0,0.0
2023-03-28 15:57:39.197000+00:00,26685440.0,36773888.0,41091072.0,41091072.0,41.99,0.779692818,142.14,25468422.0,0.0,0.0,154928.0,38401979.0,0.0,0.0,167095.0,0.0,0.0,0.0,0.0
2023-03-28 15:57:43.377000+00:00,26685440.0,36864000.0,41177088.0,41177088.0,42.01,0.779692818,142.22,25485396.0,0.0,0.0,155028.0,38428883.0,0.0,0.0,167150.0,0.0,0.0,0.0,0.0
2023-03-28 15:57:48.847000+00:00,26685440.0,36573184.0,41177088.0,41177088.0,42.01,0.779692818,142.25,25485396.0,0.0,0.0,155028.0,38428883.0,0.0,0.0,167150.0,0.0,0.0,0.0,0.0
2023-03-28 15:57:54.169000+00:00,26787840.0,37146624.0,41455616.0,41455616.0,42.04,0.779692818,142.34,25503334.0,0.0,0.0,155138.0,38457045.0,0.0,0.0,167270.0,0.0,0.0,0.0,0.0
2023-03-28 15:57:58.741000+00:00,26787840.0,36335616.0,40796160.0,40796160.0,42.05,0.779692818,142.37,25520469.0,0.0,0.0,155244.0,38480587.0,0.0,0.0,167385.0,0.0,0.0,0.0,0.0
2023-03-28 15:58:03.832000+00:00,26787840.0,36823040.0,41398272.0,41398272.0,42.07,0.779692818,142.46,25529125.0,0.0,0.0,155294.0,38494145.0,0.0,0.0,167439.0,0.0,0.0,0.0,0.0
2023-03-28 15:58:09.778000+00:00,26787840.0,36921344.0,41398272.0,41398272.0,42.07,0.779692818,142.46,25529125.0,0.0,0.0,155294.0,38494145.0,0.0,0.0,167444.0,0.0,0.0,0.0,0.0
2023-03-28 15:58:14.730000+00:00,26787840.0,36646912.0,41025536.0,41025536.0,42.12,0.779692818,142.64,25546309.0,0.0,0.0,155395.0,38520719.0,0.0,0.0,167542.0,0.0,0.0,0.0,0.0
2023-03-28 15:58:19.078000+00:00,26787840.0,36646912.0,41066496.0,41066496.0,42.12,0.779692818,142.65,25547112.0,0.0,0.0,155399.0,38525318.0,0.0,0.0,167547.0,0.0,0.0,0.0,0.0
2023-03-28 15:58:23.218000+00:00,26787840.0,36851712.0,41201664.0,41201664.0,42.12,0.779692818,142.66,25547915.0,0.0,0.0,155403.0,38529917.0,0.0,0.0,167552.0,0.0,0.0,0.0,0.0
2023-03-28 15:58:29.585000+00:00,26787840.0,36851712.0,41201664.0,41201664.0,42.14,0.779692818,142.73,25547915.0,0.0,0.0,155403.0,38529917.0,0.0,0.0,167552.0,0.0,0.0,0.0,0.0
2023-03-28 15:58:33.671000+00:00,26787840.0,36487168.0,40824832.0,40824832.0,42.16,0.779692818,142.77,25574412.0,0.0,0.0,155565.0,38568056.0,0.0,0.0,167728.0,0.0,0.0,0.0,0.0
2023-03-28 15:58:39.512000+00:00,26787840.0,36892672.0,40824832.0,40824832.0,42.2,0.779692818,142.89,25574412.0,0.0,0.0,155565.0,38568056.0,0.0,0.0,167728.0,0.0,0.0,0.0,0.0
2023-03-28 15:58:44.101000+00:00,26787840.0,36995072.0,41369600.0,41369600.0,42.2,0.779692818,142.9,25603000.0,0.0,0.0,155744.0,38608635.0,0.0,0.0,167918.0,0.0,0.0,0.0,0.0
2023-03-28 15:58:49.101000+00:00,26787840.0,36995072.0,40955904.0,40955904.0,42.22,0.779692818,142.98,25612525.0,0.0,0.0,155802.0,38623402.0,0.0,0.0,167981.0,0.0,0.0,0.0,0.0
2023-03-28 15:58:54.766000+00:00,26910720.0,36380672.0,40767488.0,40767488.0,42.26,0.779692818,143.03,25639321.0,0.0,0.0,155969.0,38658295.0,0.0,0.0,168160.0,0.0,0.0,0.0,0.0
2023-03-28 15:58:58.580000+00:00,26910720.0,36380672.0,40767488.0,40767488.0,42.28,0.779692818,143.1,25639321.0,0.0,0.0,155969.0,38658295.0,0.0,0.0,168160.0,0.0,0.0,0.0,0.0
2023-03-28 15:59:04.389000+00:00,26910720.0,37031936.0,41353216.0,41353216.0,42.28,0.779692818,143.12,25649600.0,0.0,0.0,156033.0,38677611.0,0.0,0.0,168230.0,0.0,0.0,0.0,0.0
2023-03-28 15:59:08.847000+00:00,26910720.0,36982784.0,41390080.0,41390080.0,42.31,0.779692818,143.21,25666005.0,0.0,0.0,156129.0,38700012.0,0.0,0.0,168333.0,0.0,0.0,0.0,0.0
2023-03-28 15:59:13.330000+00:00,26910720.0,36556800.0,40914944.0,40914944.0,42.32,0.779692818,143.24,25674487.0,0.0,0.0,156179.0,38713388.0,0.0,0.0,168387.0,0.0,0.0,0.0,0.0
2023-03-28 15:59:19.005000+00:00,26910720.0,36556800.0,41738240.0,41738240.0,42.34,0.779692818,143.31,25683846.0,0.0,0.0,156237.0,38727989.0,0.0,0.0,168450.0,0.0,0.0,0.0,0.0
2023-03-28 15:59:23.648000+00:00,26910720.0,36339712.0,40656896.0,40656896.0,42.36,0.779692818,143.35,25702850.0,0.0,0.0,156358.0,38753807.0,0.0,0.0,168578.0,0.0,0.0,0.0,0.0
2023-03-28 15:59:28.873000+00:00,26910720.0,36831232.0,40656896.0,40656896.0,42.38,0.779692818,143.44,25702850.0,0.0,0.0,156358.0,38753807.0,0.0,0.0,168578.0,0.0,0.0,0.0,0.0
2023-03-28 15:59:33.694000+00:00,26910720.0,36859904.0,41246720.0,41246720.0,42.41,0.779692818,143.5,25745769.0,0.0,0.0,156621.0,38810483.0,0.0,0.0,168856.0,0.0,0.0,0.0,0.0
2023-03-28 15:59:38.448000+00:00,26910720.0,36859904.0,41512960.0,41512960.0,42.43,0.779692818,143.57,25746572.0,0.0,0.0,156625.0,38815082.0,0.0,0.0,168861.0,0.0,2906414.0,0.0,0.0
2023-03-28 15:59:44.773000+00:00,26910720.0,36749312.0,41066496.0,41066496.0,42.43,0.779692818,143.6,25757051.0,0.0,0.0,156691.0,38831069.0,0.0,0.0,168932.0,0.0,0.0,0.0,0.0
2023-03-28 15:59:49.210000+00:00,26910720.0,36749312.0,41066496.0,41267200.0,42.46,0.779692818,143.65,25757854.0,0.0,0.0,156695.0,38835668.0,0.0,0.0,168937.0,0.0,0.0,0.0,0.0
2023-03-28 15:59:54.402000+00:00,27066368.0,36642816.0,41140224.0,41140224.0,42.47,0.779692818,143.69,25767231.0,0.0,0.0,156754.0,38850292.0,0.0,0.0,169001.0,0.0,0.0,0.0,0.0
2023-03-28 15:59:59.848000+00:00,27066368.0,36376576.0,41140224.0,41140224.0,42.51,0.779692818,143.76,25767231.0,0.0,0.0,156754.0,38850292.0,0.0,0.0,169001.0,0.0,0.0,0.0,0.0
2023-03-28 16:00:03.705000+00:00,27066368.0,36478976.0,40837120.0,40837120.0,42.51,0.779692818,143.76,25777547.0,0.0,0.0,156819.0,38869514.0,0.0,0.0,169070.0,0.0,0.0,0.0,0.0
2023-03-28 16:00:08.740000+00:00,27066368.0,36478976.0,40837120.0,41046016.0,42.53,0.779692818,143.82,25778350.0,0.0,0.0,156823.0,38874113.0,0.0,0.0,169075.0,0.0,0.0,0.0,0.0
2023-03-28 16:00:13.826000+00:00,27066368.0,36270080.0,40861696.0,40861696.0,42.54,0.779692818,143.84,25787709.0,0.0,0.0,156881.0,38888702.0,0.0,0.0,169138.0,0.0,0.0,0.0,0.0
2023-03-28 16:00:19.316000+00:00,27066368.0,36761600.0,41324544.0,41324544.0,42.56,0.779692818,143.92,25796177.0,0.0,0.0,156931.0,38902002.0,0.0,0.0,169191.0,0.0,0.0,0.0,0.0
2023-03-28 16:00:24.408000+00:00,27066368.0,36864000.0,41250816.0,41250816.0,42.56,0.779692818,143.92,25796980.0,0.0,0.0,156935.0,38906601.0,0.0,0.0,169196.0,0.0,0.0,0.0,0.0
2023-03-28 16:00:29.266000+00:00,27066368.0,36966400.0,41275392.0,41275392.0,42.56,0.779692818,143.92,25797783.0,0.0,0.0,156939.0,38911200.0,0.0,0.0,169201.0,0.0,0.0,0.0,0.0
2023-03-28 16:00:33.257000+00:00,27066368.0,36708352.0,41226240.0,41226240.0,42.57,0.779692818,144.02,25807371.0,0.0,0.0,156997.0,38926043.0,0.0,0.0,169264.0,0.0,0.0,0.0,0.0
2023-03-28 16:00:38.704000+00:00,27066368.0,36810752.0,41119744.0,41119744.0,42.57,0.779692818,144.03,25808216.0,0.0,0.0,157002.0,38930684.0,0.0,0.0,169270.0,0.0,0.0,0.0,0.0
2023-03-28 16:00:44.423000+00:00,27066368.0,36462592.0,40902656.0,40902656.0,42.6,0.779692818,144.11,25816840.0,0.0,0.0,157052.0,38944268.0,0.0,0.0,169325.0,0.0,0.0,0.0,0.0
2023-03-28 16:00:49.537000+00:00,27140096.0,36462592.0,40902656.0,40902656.0,42.6,0.779692818,144.13,25825442.0,0.0,0.0,157102.0,38957842.0,0.0,0.0,169380.0,0.0,0.0,0.0,0.0
2023-03-28 16:00:54.724000+00:00,27140096.0,37048320.0,41373696.0,41373696.0,42.63,0.779692818,144.24,25841657.0,0.0,0.0,157199.0,38979989.0,0.0,0.0,169483.0,0.0,0.0,0.0,0.0
2023-03-28 16:00:59.022000+00:00,27140096.0,36659200.0,40968192.0,40968192.0,42.64,0.779692818,144.26,25850501.0,0.0,0.0,157251.0,38993809.0,0.0,0.0,169540.0,0.0,0.0,0.0,0.0
2023-03-28 16:01:03.935000+00:00,27140096.0,36749312.0,41099264.0,41099264.0,42.69,0.779692818,144.34,25867489.0,0.0,0.0,157355.0,39017132.0,0.0,0.0,169652.0,0.0,0.0,0.0,0.0
2023-03-28 16:01:09.882000+00:00,27140096.0,36749312.0,41099264.0,41164800.0,42.69,0.779692818,144.34,25868334.0,0.0,0.0,157360.0,39021773.0,0.0,0.0,169658.0,0.0,0.0,0.0,0.0
2023-03-28 16:01:14.021000+00:00,27140096.0,36995072.0,41492480.0,41492480.0,42.7,0.779692818,144.41,25869137.0,0.0,0.0,157364.0,39026372.0,0.0,0.0,169663.0,0.0,0.0,0.0,0.0
2023-03-28 16:01:18.506000+00:00,27140096.0,36995072.0,41492480.0,41492480.0,42.71,0.779692818,144.44,25869137.0,0.0,0.0,157422.0,39040971.0,0.0,0.0,169726.0,0.0,0.0,0.0,0.0
2023-03-28 16:01:24.720000+00:00,27140096.0,36274176.0,40583168.0,40583168.0,42.74,0.779692818,144.54,25904106.0,0.0,0.0,157580.0,39074345.0,0.0,0.0,169896.0,0.0,0.0,0.0,0.0
2023-03-28 16:01:29.658000+00:00,27140096.0,36376576.0,40714240.0,40714240.0,42.74,0.779692818,144.54,25904909.0,0.0,0.0,157584.0,39078944.0,0.0,0.0,169901.0,0.0,0.0,0.0,0.0
2023-03-28 16:01:33.769000+00:00,27140096.0,36782080.0,41447424.0,41447424.0,42.77,0.799327473,144.66,25928709.0,0.0,0.0,157726.0,39109978.0,0.0,0.0,170055.0,0.0,0.0,0.0,0.0
2023-03-28 16:01:39.069000+00:00,27140096.0,36782080.0,41447424.0,41447424.0,42.77,0.799327473,144.69,25928709.0,0.0,0.0,157822.0,39132323.0,0.0,0.0,170158.0,0.0,0.0,0.0,0.0
2023-03-28 16:01:44.687000+00:00,27140096.0,36433920.0,40894464.0,40894464.0,42.8,0.799327473,144.77,25953550.0,0.0,0.0,157872.0,39145765.0,0.0,0.0,170213.0,0.0,0.0,0.0,0.0
2023-03-28 16:01:49.570000+00:00,27283456.0,36433920.0,40894464.0,40894464.0,42.8,0.799327473,144.79,25953550.0,0.0,0.0,157872.0,39145765.0,0.0,0.0,170284.0,0.0,0.0,0.0,0.0
2023-03-28 16:01:54.173000+00:00,27283456.0,36335616.0,40886272.0,40886272.0,42.86,0.799327473,144.88,25981170.0,0.0,0.0,158043.0,39185267.0,0.0,0.0,170397.0,0.0,0.0,0.0,0.0
2023-03-28 16:01:59.811000+00:00,27283456.0,36253696.0,40685568.0,40685568.0,42.87,0.799327473,144.9,25997533.0,0.0,0.0,158141.0,39207702.0,0.0,0.0,170503.0,0.0,0.0,0.0,0.0
2023-03-28 16:02:04.793000+00:00,27283456.0,36433920.0,40886272.0,40886272.0,42.9,0.799327473,144.99,26015508.0,0.0,0.0,158253.0,39232352.0,0.0,0.0,170624.0,0.0,0.0,0.0,0.0
2023-03-28 16:02:08.657000+00:00,27283456.0,36433920.0,40886272.0,40886272.0,42.91,0.799327473,145.02,26015508.0,0.0,0.0,158253.0,39250992.0,0.0,0.0,170702.0,0.0,0.0,0.0,0.0
2023-03-28 16:02:13.647000+00:00,27283456.0,36470784.0,40902656.0,40902656.0,42.91,0.799327473,145.06,26032516.0,0.0,0.0,158353.0,39259208.0,0.0,0.0,170733.0,0.0,0.0,0.0,0.0
2023-03-28 16:02:19.776000+00:00,27283456.0,36200448.0,40677376.0,40677376.0,42.95,0.799327473,145.06,26042782.0,0.0,0.0,158419.0,39274991.0,0.0,0.0,170804.0,0.0,0.0,0.0,0.0
2023-03-28 16:02:24.472000+00:00,27283456.0,36319232.0,40800256.0,40800256.0,42.98,0.799327473,145.23,26060021.0,0.0,0.0,158523.0,39298626.0,0.0,0.0,170917.0,0.0,0.0,0.0,0.0
2023-03-28 16:02:28.797000+00:00,27283456.0,36319232.0,40800256.0,40800256.0,42.98,0.799327473,145.23,26060824.0,0.0,0.0,158527.0,39303225.0,0.0,0.0,170922.0,0.0,0.0,0.0,0.0
2023-03-28 16:02:34.119000+00:00,27283456.0,36917248.0,41267200.0,41267200.0,42.98,0.799327473,145.25,26070175.0,0.0,0.0,158585.0,39317824.0,0.0,0.0,170985.0,0.0,0.0,0.0,0.0
2023-03-28 16:02:39.230000+00:00,27283456.0,36581376.0,41267200.0,41267200.0,43.02,0.799327473,145.32,26070175.0,0.0,0.0,158585.0,39317824.0,0.0,0.0,170985.0,0.0,0.0,0.0,0.0
2023-03-28 16:02:44.197000+00:00,27283456.0,36241408.0,40579072.0,40579072.0,43.02,0.799327473,145.35,26088188.0,0.0,0.0,158693.0,39345962.0,0.0,0.0,171102.0,0.0,0.0,0.0,0.0
2023-03-28 16:02:48.847000+00:00,27283456.0,36241408.0,41136128.0,41136128.0,43.06,0.799327473,145.42,26096790.0,0.0,0.0,158743.0,39359470.0,0.0,0.0,171156.0,0.0,0.0,0.0,0.0
2023-03-28 16:02:54.774000+00:00,27422720.0,36909056.0,41238528.0,41238528.0,43.07,0.799327473,145.43,26097647.0,0.0,0.0,158748.0,39364143.0,0.0,0.0,171162.0,0.0,0.0,0.0,0.0
2023-03-28 16:02:59.077000+00:00,27422720.0,36909056.0,41238528.0,41238528.0,43.09,0.799327473,145.51,26097647.0,0.0,0.0,158748.0,39364143.0,0.0,0.0,171162.0,0.0,0.0,0.0,0.0
2023-03-28 16:03:03.925000+00:00,27422720.0,36737024.0,41086976.0,41086976.0,43.09,0.799327473,145.52,26107906.0,0.0,0.0,158812.0,39383430.0,0.0,0.0,171232.0,0.0,0.0,0.0,0.0
2023-03-28 16:03:09.704000+00:00,27422720.0,36872192.0,41324544.0,41324544.0,43.11,0.799327473,145.59,26108709.0,0.0,0.0,158816.0,39388029.0,0.0,0.0,171237.0,0.0,0.0,0.0,0.0
2023-03-28 16:03:14.176000+00:00,27422720.0,36970496.0,41283584.0,41283584.0,43.11,0.799327473,145.6,26109512.0,0.0,0.0,158820.0,39392628.0,0.0,0.0,171242.0,0.0,0.0,0.0,0.0
2023-03-28 16:03:19.395000+00:00,27422720.0,36970496.0,40685568.0,40685568.0,43.12,0.799327473,145.6,26110315.0,0.0,0.0,158824.0,39397227.0,0.0,0.0,171247.0,0.0,0.0,0.0,0.0
2023-03-28 16:03:23.836000+00:00,27422720.0,36372480.0,40812544.0,40812544.0,43.12,0.799327473,145.67,26111118.0,0.0,0.0,158828.0,39401826.0,0.0,0.0,171252.0,0.0,0.0,0.0,0.0
2023-03-28 16:03:29.439000+00:00,27422720.0,36372480.0,40812544.0,40812544.0,43.14,0.799327473,145.74,26111118.0,0.0,0.0,158828.0,39401826.0,0.0,0.0,171252.0,0.0,0.0,0.0,0.0
2023-03-28 16:03:33.587000+00:00,27422720.0,36192256.0,40755200.0,40755200.0,43.14,0.799327473,145.75,26121500.0,0.0,0.0,158891.0,39421126.0,0.0,0.0,171319.0,0.0,0.0,0.0,0.0
2023-03-28 16:03:38.767000+00:00,27422720.0,36192256.0,40751104.0,40751104.0,43.16,0.799327473,145.81,26122429.0,0.0,0.0,158898.0,39425851.0,0.0,0.0,171327.0,0.0,0.0,0.0,0.0
2023-03-28 16:03:44.095000+00:00,27422720.0,36827136.0,41246720.0,41246720.0,43.16,0.799327473,145.84,26131839.0,0.0,0.0,158956.0,39440499.0,0.0,0.0,171390.0,0.0,0.0,0.0,0.0
2023-03-28 16:03:48.776000+00:00,27422720.0,36827136.0,40927232.0,40927232.0,43.18,0.799327473,145.84,26141277.0,0.0,0.0,159014.0,39455174.0,0.0,0.0,171453.0,0.0,0.0,0.0,0.0
2023-03-28 16:03:53.787000+00:00,27463680.0,36720640.0,41181184.0,41181184.0,43.21,0.799327473,145.96,26159345.0,0.0,0.0,159127.0,39479862.0,0.0,0.0,171574.0,0.0,0.0,0.0,0.0
2023-03-28 16:03:59.532000+00:00,27463680.0,36253696.0,41181184.0,41181184.0,43.23,0.799327473,146.09,26159345.0,0.0,0.0,159127.0,39479862.0,0.0,0.0,171574.0,0.0,0.0,0.0,0.0
2023-03-28 16:04:04.333000+00:00,27463680.0,36294656.0,40730624.0,40730624.0,43.25,0.799327473,146.14,26217951.0,0.0,0.0,159483.0,39554848.0,0.0,0.0,171957.0,0.0,0.0,0.0,0.0
2023-03-28 16:04:09.505000+00:00,27463680.0,36429824.0,40783872.0,40783872.0,43.29,0.799327473,146.18,26218754.0,0.0,0.0,159487.0,39559447.0,0.0,0.0,171962.0,0.0,0.0,0.0,0.0
2023-03-28 16:04:14.859000+00:00,27463680.0,36397056.0,40710144.0,40710144.0,43.3,0.799327473,146.22,26234911.0,0.0,0.0,159583.0,39581726.0,0.0,0.0,172067.0,0.0,0.0,0.0,0.0
2023-03-28 16:04:19.744000+00:00,27463680.0,36397056.0,40710144.0,40763392.0,43.34,0.799327473,146.34,26268287.0,0.0,0.0,159787.0,39623976.0,0.0,0.0,172286.0,0.0,0.0,0.0,0.0
2023-03-28 16:04:24.038000+00:00,27463680.0,36773888.0,41115648.0,41115648.0,43.36,0.799327473,146.38,26293114.0,0.0,0.0,159937.0,39656294.0,0.0,0.0,172448.0,0.0,0.0,0.0,0.0
2023-03-28 16:04:29.114000+00:00,27463680.0,36519936.0,41115648.0,41115648.0,43.37,0.799327473,146.41,26293114.0,0.0,0.0,159937.0,39656294.0,0.0,0.0,172448.0,0.0,0.0,0.0,0.0
2023-03-28 16:04:33.916000+00:00,27463680.0,36651008.0,41000960.0,41000960.0,43.38,0.799327473,146.48,26304190.0,0.0,0.0,160007.0,39676682.0,0.0,0.0,172524.0,0.0,0.0,0.0,0.0
2023-03-28 16:04:39.227000+00:00,27463680.0,36651008.0,41000960.0,40767488.0,43.39,0.799327473,146.52,26313820.0,0.0,0.0,160065.0,39691565.0,0.0,0.0,172587.0,0.0,0.0,0.0,0.0
2023-03-28 16:04:43.992000+00:00,27463680.0,36347904.0,40886272.0,40886272.0,43.42,0.799327473,146.6,26330040.0,0.0,0.0,160162.0,39713813.0,0.0,0.0,172691.0,0.0,0.0,0.0,0.0
2023-03-28 16:04:48.977000+00:00,27463680.0,36347904.0,40886272.0,40886272.0,43.43,0.799327473,146.64,26348051.0,0.0,0.0,160273.0,39738558.0,0.0,0.0,172812.0,0.0,0.0,0.0,0.0
2023-03-28 16:04:54.528000+00:00,27684864.0,37023744.0,41725952.0,41725952.0,43.47,0.803920593,146.72,26356745.0,0.0,0.0,160324.0,39752234.0,0.0,0.0,172868.0,0.0,0.0,0.0,0.0
2023-03-28 16:04:59.343000+00:00,27684864.0,36216832.0,40579072.0,40579072.0,43.47,0.803920593,146.73,26357632.0,0.0,0.0,160330.0,39756917.0,0.0,0.0,172875.0,0.0,0.0,0.0,0.0
2023-03-28 16:05:04.865000+00:00,27684864.0,36839424.0,41279488.0,41279488.0,43.5,0.803920593,146.86,26385187.0,0.0,0.0,160504.0,39792755.0,0.0,0.0,173060.0,0.0,0.0,0.0,0.0
2023-03-28 16:05:09.478000+00:00,27684864.0,36839424.0,41279488.0,41283584.0,43.5,0.803920593,146.91,26401306.0,0.0,0.0,160600.0,39814936.0,0.0,0.0,173164.0,0.0,0.0,0.0,0.0
2023-03-28 16:05:13.348000+00:00,27684864.0,36958208.0,41431040.0,41431040.0,43.52,0.803920593,146.97,26402109.0,0.0,0.0,160604.0,39819535.0,0.0,0.0,173169.0,0.0,0.0,0.0,0.0
2023-03-28 16:05:19.475000+00:00,27684864.0,36958208.0,41431040.0,41431040.0,43.55,0.803920593,147.0,26418258.0,0.0,0.0,160700.0,39841746.0,0.0,0.0,173273.0,0.0,0.0,0.0,0.0
2023-03-28 16:05:24.814000+00:00,27684864.0,36569088.0,41230336.0,41230336.0,43.57,0.803920593,147.08,26426898.0,0.0,0.0,160750.0,39855348.0,0.0,0.0,173328.0,0.0,0.0,0.0,0.0
2023-03-28 16:05:29.168000+00:00,27684864.0,36569088.0,41230336.0,41230336.0,43.57,0.803920593,147.13,26426898.0,0.0,0.0,160750.0,39855348.0,0.0,0.0,173328.0,0.0,0.0,0.0,0.0
2023-03-28 16:05:34.436000+00:00,27684864.0,36347904.0,40726528.0,40726528.0,43.58,0.803920593,147.2,26453462.0,0.0,0.0,160912.0,39893415.0,0.0,0.0,173502.0,0.0,0.0,0.0,0.0
2023-03-28 16:05:39.597000+00:00,27684864.0,36446208.0,40759296.0,40759296.0,43.58,0.803920593,147.2,26454265.0,0.0,0.0,160916.0,39898014.0,0.0,0.0,173507.0,0.0,0.0,0.0,0.0
2023-03-28 16:05:44.329000+00:00,27684864.0,36577280.0,40898560.0,40898560.0,43.6,0.803920593,147.27,26455068.0,0.0,0.0,160920.0,39902613.0,0.0,0.0,173512.0,0.0,0.0,0.0,0.0
2023-03-28 16:05:49.053000+00:00,27807744.0,36577280.0,40898560.0,40898560.0,43.64,0.803920593,147.39,26455068.0,0.0,0.0,160920.0,39928430.0,0.0,0.0,173641.0,0.0,0.0,0.0,0.0
2023-03-28 16:05:54.359000+00:00,27807744.0,36458496.0,41078784.0,41078784.0,43.68,0.803920593,147.48,26486684.0,0.0,0.0,161111.0,39946429.0,0.0,0.0,173717.0,0.0,0.0,0.0,0.0
2023-03-28 16:05:58.885000+00:00,27807744.0,36458496.0,41078784.0,41078784.0,43.7,0.803920593,147.5,26486684.0,0.0,0.0,161111.0,39946429.0,0.0,0.0,173717.0,0.0,0.0,0.0,0.0
2023-03-28 16:06:03.733000+00:00,27807744.0,36478976.0,41046016.0,41046016.0,43.72,0.803920593,147.56,26500393.0,0.0,0.0,161201.0,39969880.0,0.0,0.0,173814.0,0.0,0.0,0.0,0.0
2023-03-28 16:06:09.039000+00:00,27807744.0,36478976.0,41046016.0,41046016.0,43.72,0.803920593,147.57,26500393.0,0.0,0.0,161251.0,39983312.0,0.0,0.0,173869.0,0.0,0.0,0.0,0.0
2023-03-28 16:06:13.279000+00:00,27807744.0,36548608.0,41099264.0,41099264.0,43.74,0.803920593,147.6,26535491.0,0.0,0.0,161417.0,40018079.0,0.0,0.0,174048.0,0.0,0.0,0.0,0.0
2023-03-28 16:06:19.202000+00:00,27807744.0,36548608.0,41099264.0,41099264.0,43.75,0.803920593,147.67,26535491.0,0.0,0.0,161417.0,40018079.0,0.0,0.0,174053.0,0.0,0.0,0.0,0.0
2023-03-28 16:06:24.179000+00:00,27807744.0,37199872.0,41947136.0,41947136.0,43.77,0.803920593,147.75,26544748.0,0.0,0.0,161471.0,40036094.0,0.0,0.0,174108.0,0.0,0.0,0.0,0.0
2023-03-28 16:06:29.228000+00:00,27807744.0,37187584.0,41504768.0,41504768.0,43.78,0.803920593,147.78,26561837.0,0.0,0.0,161575.0,40059521.0,0.0,0.0,174220.0,0.0,0.0,0.0,0.0
2023-03-28 16:06:33.585000+00:00,27807744.0,36417536.0,40976384.0,40976384.0,43.78,0.803920593,147.78,26562640.0,0.0,0.0,161579.0,40064120.0,0.0,0.0,174225.0,0.0,0.0,0.0,0.0
2023-03-28 16:06:39.682000+00:00,27807744.0,36417536.0,40976384.0,40976384.0,43.8,0.803920593,147.88,26562640.0,0.0,0.0,161629.0,40077688.0,0.0,0.0,174280.0,0.0,0.0,0.0,0.0
2023-03-28 16:06:43.722000+00:00,27807744.0,37023744.0,41345024.0,41345024.0,43.8,0.803920593,147.89,26572041.0,0.0,0.0,161633.0,40082287.0,0.0,0.0,174285.0,0.0,0.0,0.0,0.0
2023-03-28 16:06:49.325000+00:00,27930624.0,37023744.0,41345024.0,41345024.0,43.81,0.803920593,147.99,26572041.0,0.0,0.0,161633.0,40082287.0,0.0,0.0,174348.0,0.0,0.0,0.0,0.0
2023-03-28 16:06:54.195000+00:00,27930624.0,36802560.0,41189376.0,41189376.0,43.84,0.803920593,148.03,26598583.0,0.0,0.0,161797.0,40120487.0,0.0,0.0,174463.0,0.0,0.0,0.0,0.0
2023-03-28 16:06:59.893000+00:00,27930624.0,36802560.0,41189376.0,41189376.0,43.86,0.803920593,148.1,26598583.0,0.0,0.0,161849.0,40134043.0,0.0,0.0,174520.0,0.0,0.0,0.0,0.0
2023-03-28 16:07:03.985000+00:00,27930624.0,36872192.0,41299968.0,41299968.0,43.86,0.803920593,148.13,26615635.0,0.0,0.0,161899.0,40147465.0,0.0,0.0,174575.0,0.0,0.0,0.0,0.0
2023-03-28 16:07:09.583000+00:00,27930624.0,37019648.0,41299968.0,41299968.0,43.87,0.803920593,148.2,26615635.0,0.0,0.0,161899.0,40147465.0,0.0,0.0,174580.0,0.0,0.0,0.0,0.0
2023-03-28 16:07:13.368000+00:00,27930624.0,37117952.0,41472000.0,41472000.0,43.87,0.803920593,148.2,26617241.0,0.0,0.0,161907.0,40156663.0,0.0,0.0,174585.0,0.0,0.0,0.0,0.0
2023-03-28 16:07:19.577000+00:00,27930624.0,37117952.0,40931328.0,40931328.0,43.9,0.803920593,148.34,26642098.0,0.0,0.0,162057.0,40189034.0,0.0,0.0,174747.0,0.0,0.0,0.0,0.0
2023-03-28 16:07:24.328000+00:00,27930624.0,36626432.0,41041920.0,41041920.0,43.91,0.803920593,148.38,26659141.0,0.0,0.0,162161.0,40212426.0,0.0,0.0,174859.0,0.0,0.0,0.0,0.0
2023-03-28 16:07:29.213000+00:00,27930624.0,36626432.0,41041920.0,41041920.0,43.93,0.803920593,148.38,26659141.0,0.0,0.0,162161.0,40212426.0,0.0,0.0,174859.0,0.0,0.0,0.0,0.0
2023-03-28 16:07:34.155000+00:00,27930624.0,36749312.0,41152512.0,41152512.0,43.94,0.803920593,148.5,26693513.0,0.0,0.0,162369.0,40259520.0,0.0,0.0,175084.0,0.0,0.0,0.0,0.0
2023-03-28 16:07:39.077000+00:00,27930624.0,36888576.0,41287680.0,41287680.0,43.95,0.804148541,148.58,26694316.0,0.0,0.0,162373.0,40264119.0,0.0,0.0,175089.0,0.0,0.0,0.0,0.0
2023-03-28 16:07:44.674000+00:00,27930624.0,36990976.0,41316352.0,41316352.0,43.95,0.804148541,148.58,26695119.0,0.0,0.0,162377.0,40268718.0,0.0,0.0,175094.0,0.0,0.0,0.0,0.0
2023-03-28 16:07:48.839000+00:00,28065792.0,37056512.0,41316352.0,41316352.0,43.98,0.804148541,148.67,26695119.0,0.0,0.0,162377.0,40268718.0,0.0,0.0,175094.0,0.0,0.0,0.0,0.0
2023-03-28 16:07:53.902000+00:00,28065792.0,36794368.0,41345024.0,41345024.0,44.0,0.804148541,148.71,26720863.0,0.0,0.0,162532.0,40305853.0,0.0,0.0,175263.0,0.0,0.0,0.0,0.0
2023-03-28 16:07:59.019000+00:00,28065792.0,36794368.0,41345024.0,41345024.0,44.04,0.804148541,148.84,26720863.0,0.0,0.0,162532.0,40305853.0,0.0,0.0,175263.0,0.0,0.0,0.0,0.0
2023-03-28 16:08:02.979000+00:00,28065792.0,36454400.0,40923136.0,40923136.0,44.04,0.804148541,148.86,26763359.0,0.0,0.0,162794.0,40362665.0,0.0,0.0,175544.0,0.0,0.0,0.0,0.0
2023-03-28 16:08:09.530000+00:00,28065792.0,36454400.0,40923136.0,40923136.0,44.06,0.804148541,148.96,26763359.0,0.0,0.0,162794.0,40362665.0,0.0,0.0,175661.0,0.0,0.0,0.0,0.0
2023-03-28 16:08:14.392000+00:00,28065792.0,36610048.0,40943616.0,40943616.0,44.06,0.804148541,148.97,26781612.0,0.0,0.0,162904.0,40390997.0,0.0,0.0,175666.0,0.0,0.0,0.0,0.0
2023-03-28 16:08:19.736000+00:00,28065792.0,36753408.0,41152512.0,41152512.0,44.1,0.804148541,149.02,26782415.0,0.0,0.0,162908.0,40395596.0,0.0,0.0,175671.0,0.0,0.0,0.0,0.0
2023-03-28 16:08:24.082000+00:00,28065792.0,36831232.0,41390080.0,41390080.0,44.1,0.804148541,149.06,26799493.0,0.0,0.0,163012.0,40419082.0,0.0,0.0,175784.0,0.0,0.0,0.0,0.0
2023-03-28 16:08:28.970000+00:00,28065792.0,36831232.0,41390080.0,41390080.0,44.11,0.804148541,149.06,26799493.0,0.0,0.0,163012.0,40419082.0,0.0,0.0,175784.0,0.0,0.0,0.0,0.0
2023-03-28 16:08:33.915000+00:00,28065792.0,36601856.0,41066496.0,41066496.0,44.13,0.804148541,149.18,26826440.0,0.0,0.0,163174.0,40457610.0,0.0,0.0,175959.0,0.0,0.0,0.0,0.0
2023-03-28 16:08:38.636000+00:00,28065792.0,36601856.0,41054208.0,41054208.0,44.14,0.804148541,149.21,26842705.0,0.0,0.0,163270.0,40479875.0,0.0,0.0,176062.0,0.0,0.0,0.0,0.0
2023-03-28 16:08:44.468000+00:00,28065792.0,36724736.0,41127936.0,41127936.0,44.18,0.804148541,149.31,26860606.0,0.0,0.0,163382.0,40504458.0,0.0,0.0,176183.0,0.0,0.0,0.0,0.0
2023-03-28 16:08:49.319000+00:00,28065792.0,36724736.0,41144320.0,41144320.0,44.18,0.804148541,149.31,26861409.0,0.0,0.0,163386.0,40509057.0,0.0,0.0,176188.0,0.0,0.0,0.0,0.0
2023-03-28 16:08:53.904000+00:00,28221440.0,36548608.0,40972288.0,40972288.0,44.2,0.804148541,149.4,26869915.0,0.0,0.0,163437.0,40522537.0,0.0,0.0,176244.0,0.0,0.0,0.0,0.0
2023-03-28 16:08:58.947000+00:00,28221440.0,36646912.0,40972288.0,40972288.0,44.2,0.804148541,149.41,26869915.0,0.0,0.0,163437.0,40522537.0,0.0,0.0,176244.0,0.0,0.0,0.0,0.0
2023-03-28 16:09:04.805000+00:00,28221440.0,36749312.0,41181184.0,41181184.0,44.25,0.804148541,149.49,26888069.0,0.0,0.0,163547.0,40550502.0,0.0,0.0,176358.0,0.0,0.0,0.0,0.0
2023-03-28 16:09:08.526000+00:00,28221440.0,37199872.0,41549824.0,41549824.0,44.25,0.804148541,149.5,26896581.0,0.0,0.0,163597.0,40563974.0,0.0,0.0,176413.0,0.0,0.0,0.0,0.0
2023-03-28 16:09:13.588000+00:00,28221440.0,36970496.0,41439232.0,41439232.0,44.26,0.804148541,149.6,26906832.0,0.0,0.0,163663.0,40579748.0,0.0,0.0,176484.0,0.0,0.0,0.0,0.0
2023-03-28 16:09:19.195000+00:00,28221440.0,36970496.0,41439232.0,41439232.0,44.26,0.804148541,149.6,26907635.0,0.0,0.0,163667.0,40584347.0,0.0,0.0,176489.0,0.0,0.0,0.0,0.0
2023-03-28 16:09:24.058000+00:00,28221440.0,37212160.0,41623552.0,41623552.0,44.28,0.804148541,149.67,26908438.0,0.0,0.0,163671.0,40588946.0,0.0,0.0,176494.0,0.0,0.0,0.0,0.0
2023-03-28 16:09:28.808000+00:00,28221440.0,36904960.0,41623552.0,41623552.0,44.29,0.804148541,149.69,26908438.0,0.0,0.0,163671.0,40588946.0,0.0,0.0,176494.0,0.0,0.0,0.0,0.0
2023-03-28 16:09:34.423000+00:00,28221440.0,36986880.0,41426944.0,41426944.0,44.34,0.804148541,149.81,26952151.0,0.0,0.0,163942.0,40646867.0,0.0,0.0,176782.0,0.0,0.0,0.0,0.0
2023-03-28 16:09:39.698000+00:00,28221440.0,37089280.0,41439232.0,41439232.0,44.34,0.804148541,149.82,26952954.0,0.0,0.0,163946.0,40651466.0,0.0,0.0,176787.0,0.0,0.0,0.0,0.0
2023-03-28 16:09:44.096000+00:00,28221440.0,36753408.0,41103360.0,41103360.0,44.36,0.804148541,149.9,26961568.0,0.0,0.0,163996.0,40665040.0,0.0,0.0,176842.0,0.0,0.0,0.0,0.0
2023-03-28 16:09:49.195000+00:00,28221440.0,37203968.0,41521152.0,41521152.0,44.37,0.804148541,149.92,26969996.0,0.0,0.0,164046.0,40678354.0,0.0,0.0,176896.0,0.0,0.0,0.0,0.0
2023-03-28 16:09:54.282000+00:00,28336128.0,36929536.0,41443328.0,41443328.0,44.4,0.805693469,150.02,26978510.0,0.0,0.0,164097.0,40691850.0,0.0,0.0,176952.0,0.0,0.0,0.0,0.0
2023-03-28 16:09:59+00:00,28336128.0,36929536.0,41443328.0,41443328.0,44.4,0.805693469,150.03,26978510.0,0.0,0.0,164097.0,40691850.0,0.0,0.0,176952.0,0.0,0.0,0.0,0.0
2023-03-28 16:10:04.226000+00:00,28336128.0,37175296.0,41652224.0,41652224.0,44.44,0.805693469,150.12,26997370.0,0.0,0.0,164215.0,40721132.0,0.0,0.0,177079.0,0.0,0.0,0.0,0.0
2023-03-28 16:10:09.900000+00:00,28336128.0,37175296.0,41652224.0,41623552.0,44.44,0.805693469,150.12,26998215.0,0.0,0.0,164220.0,40725773.0,0.0,0.0,177085.0,0.0,0.0,0.0,0.0
2023-03-28 16:10:14.605000+00:00,28336128.0,36532224.0,40984576.0,40984576.0,44.46,0.805693469,150.19,26999018.0,0.0,0.0,164224.0,40730372.0,0.0,0.0,177090.0,0.0,0.0,0.0,0.0
2023-03-28 16:10:18.243000+00:00,28336128.0,36532224.0,40984576.0,41103360.0,44.48,0.805693469,150.21,27016016.0,0.0,0.0,164328.0,40753771.0,0.0,0.0,177203.0,0.0,0.0,0.0,0.0
2023-03-28 16:10:23.669000+00:00,28336128.0,37122048.0,41512960.0,41512960.0,44.48,0.805693469,150.26,27042618.0,0.0,0.0,164493.0,40788632.0,0.0,0.0,177383.0,0.0,0.0,0.0,0.0
2023-03-28 16:10:28.822000+00:00,28336128.0,36888576.0,41242624.0,41242624.0,44.51,0.805693469,150.35,27052848.0,0.0,0.0,164559.0,40804376.0,0.0,0.0,177454.0,0.0,0.0,0.0,0.0
2023-03-28 16:10:34.484000+00:00,28336128.0,36818944.0,41136128.0,41136128.0,44.53,0.805693469,150.4,27068999.0,0.0,0.0,164655.0,40826651.0,0.0,0.0,177559.0,0.0,0.0,0.0,0.0
2023-03-28 16:10:38.994000+00:00,28336128.0,36581376.0,41160704.0,41160704.0,44.56,0.805693469,150.54,27095866.0,0.0,0.0,164822.0,40861397.0,0.0,0.0,177735.0,0.0,0.0,0.0,0.0
2023-03-28 16:10:43.888000+00:00,28336128.0,36732928.0,41091072.0,41091072.0,44.57,0.805693469,150.59,27114961.0,0.0,0.0,164942.0,40887390.0,0.0,0.0,177863.0,0.0,0.0,0.0,0.0
2023-03-28 16:10:49.860000+00:00,28508160.0,36732928.0,41091072.0,41091072.0,44.59,0.806755639,150.68,27114961.0,0.0,0.0,165046.0,40910949.0,0.0,0.0,177976.0,0.0,0.0,0.0,0.0
2023-03-28 16:10:54.201000+00:00,28508160.0,36970496.0,41463808.0,41463808.0,44.6,0.806755639,150.7,27132960.0,0.0,0.0,165051.0,40915622.0,0.0,0.0,177982.0,0.0,0.0,0.0,0.0
2023-03-28 16:10:59.256000+00:00,28508160.0,36982784.0,41390080.0,41463808.0,44.64,0.806755639,150.78,27132960.0,0.0,0.0,165051.0,40915622.0,0.0,0.0,177982.0,0.0,0.0,0.0,0.0
2023-03-28 16:11:04.378000+00:00,28508160.0,37081088.0,41402368.0,41402368.0,44.64,0.806755639,150.79,27149980.0,0.0,0.0,165153.0,40942562.0,0.0,0.0,178094.0,0.0,0.0,0.0,0.0
2023-03-28 16:11:08.818000+00:00,28508160.0,37081088.0,41402368.0,41529344.0,44.68,0.806755639,150.79,27166059.0,0.0,0.0,165249.0,40964759.0,0.0,0.0,178199.0,0.0,0.0,0.0,0.0
2023-03-28 16:11:14.159000+00:00,28508160.0,36839424.0,41193472.0,41193472.0,44.7,0.806755639,150.9,27176591.0,0.0,0.0,165315.0,40980812.0,0.0,0.0,178270.0,0.0,0.0,0.0,0.0
2023-03-28 16:11:18.875000+00:00,28508160.0,36839424.0,41193472.0,41193472.0,44.71,0.807113598,150.97,27176591.0,0.0,0.0,165315.0,40985411.0,0.0,0.0,178275.0,0.0,0.0,0.0,0.0
2023-03-28 16:11:23.968000+00:00,28508160.0,36712448.0,41148416.0,41148416.0,44.72,0.807113598,150.98,27187671.0,0.0,0.0,165385.0,41001209.0,0.0,0.0,178346.0,0.0,0.0,0.0,0.0
2023-03-28 16:11:29.167000+00:00,28508160.0,37257216.0,41639936.0,41639936.0,44.74,0.807113598,151.06,27197014.0,0.0,0.0,165443.0,41015799.0,0.0,0.0,178409.0,0.0,0.0,0.0,0.0
2023-03-28 16:11:33.782000+00:00,28508160.0,37232640.0,41697280.0,41697280.0,44.76,0.807113598,151.08,27213139.0,0.0,0.0,165539.0,41038054.0,0.0,0.0,178514.0,0.0,0.0,0.0,0.0
2023-03-28 16:11:39.341000+00:00,28508160.0,37232640.0,41697280.0,41697280.0,44.78,0.807113598,151.19,27213139.0,0.0,0.0,165543.0,41042653.0,0.0,0.0,178519.0,0.0,0.0,0.0,0.0
2023-03-28 16:11:43.425000+00:00,28508160.0,36737024.0,41095168.0,41095168.0,44.79,0.807113598,151.24,27233005.0,0.0,0.0,165664.0,41068553.0,0.0,0.0,178647.0,0.0,0.0,0.0,0.0
2023-03-28 16:11:49.329000+00:00,28622848.0,36868096.0,41095168.0,41095168.0,44.83,0.807113598,151.33,27233005.0,0.0,0.0,165664.0,41068553.0,0.0,0.0,178768.0,0.0,0.0,0.0,0.0
2023-03-28 16:11:54.242000+00:00,28622848.0,36573184.0,41021440.0,41021440.0,44.86,0.807113598,151.41,27276596.0,0.0,0.0,165935.0,41126618.0,0.0,0.0,178939.0,0.0,0.0,0.0,0.0
2023-03-28 16:11:58.594000+00:00,28622848.0,37097472.0,41594880.0,41594880.0,44.9,0.807113598,151.51,27305430.0,0.0,0.0,166103.0,41163088.0,0.0,0.0,179119.0,0.0,0.0,0.0,0.0
2023-03-28 16:12:04.628000+00:00,28622848.0,36548608.0,40972288.0,40972288.0,44.91,0.807113598,151.53,27309973.0,0.0,0.0,166137.0,41172433.0,0.0,0.0,179158.0,0.0,0.0,0.0,0.0
2023-03-28 16:12:08.732000+00:00,28622848.0,36548608.0,40972288.0,40972288.0,44.91,0.807113598,151.55,27309973.0,0.0,0.0,166137.0,41172433.0,0.0,0.0,179221.0,0.0,0.0,0.0,0.0
2023-03-28 16:12:13.353000+00:00,28622848.0,37183488.0,41558016.0,41558016.0,44.92,0.807242328,151.61,27320121.0,0.0,0.0,166199.0,41191607.0,0.0,0.0,179226.0,0.0,0.0,0.0,0.0
2023-03-28 16:12:18.821000+00:00,28622848.0,36855808.0,41189376.0,41189376.0,44.93,0.807242328,151.64,27328609.0,0.0,0.0,166249.0,41205049.0,0.0,0.0,179281.0,0.0,0.0,0.0,0.0
2023-03-28 16:12:24.786000+00:00,28622848.0,37339136.0,41775104.0,41775104.0,44.95,0.807242328,151.71,27337091.0,0.0,0.0,166299.0,41218483.0,0.0,0.0,179336.0,0.0,0.0,0.0,0.0
2023-03-28 16:12:29.492000+00:00,28622848.0,37339136.0,41775104.0,41775104.0,44.95,0.807242328,151.76,27337091.0,0.0,0.0,166299.0,41218483.0,0.0,0.0,179336.0,0.0,0.0,0.0,0.0
2023-03-28 16:12:33.880000+00:00,28622848.0,37203968.0,41603072.0,41603072.0,44.98,0.807242328,151.83,27365922.0,0.0,0.0,166479.0,41259184.0,0.0,0.0,179525.0,0.0,0.0,0.0,0.0
2023-03-28 16:12:38.890000+00:00,28622848.0,37052416.0,41402368.0,41402368.0,45.0,0.807242328,151.88,27397625.0,0.0,0.0,166667.0,41298947.0,0.0,0.0,179724.0,0.0,0.0,0.0,0.0
2023-03-28 16:12:44.617000+00:00,28622848.0,37187584.0,41762816.0,41762816.0,45.03,0.807242328,151.95,27398428.0,0.0,0.0,166671.0,41303612.0,0.0,0.0,179730.0,0.0,0.0,0.0,0.0
2023-03-28 16:12:49.727000+00:00,28786688.0,36593664.0,40955904.0,40955904.0,45.06,0.807242328,152.1,27406924.0,0.0,0.0,166721.0,41317064.0,0.0,0.0,179785.0,0.0,0.0,0.0,0.0
2023-03-28 16:12:54.457000+00:00,28786688.0,36831232.0,41304064.0,41304064.0,45.1,0.807242328,152.17,27407781.0,0.0,0.0,166726.0,41321737.0,0.0,0.0,179791.0,0.0,0.0,0.0,0.0
2023-03-28 16:12:58.945000+00:00,28786688.0,36831232.0,41304064.0,41304064.0,45.12,0.807242328,152.24,27407781.0,0.0,0.0,166726.0,41321737.0,0.0,0.0,179791.0,0.0,0.0,0.0,0.0
2023-03-28 16:13:04.530000+00:00,28786688.0,36831232.0,41193472.0,41193472.0,45.15,0.807242328,152.3,27442357.0,0.0,0.0,166936.0,41369051.0,0.0,0.0,180018.0,0.0,0.0,0.0,0.0
2023-03-28 16:13:08.378000+00:00,28786688.0,36757504.0,41193472.0,41193472.0,45.16,0.807242328,152.34,27442357.0,0.0,0.0,166936.0,41369051.0,0.0,0.0,180018.0,0.0,0.0,0.0,0.0
2023-03-28 16:13:14.185000+00:00,28786688.0,36954112.0,41340928.0,41340928.0,45.17,0.807242328,152.4,27460235.0,0.0,0.0,167044.0,41397143.0,0.0,0.0,180136.0,0.0,0.0,0.0,0.0
2023-03-28 16:13:18.726000+00:00,28786688.0,36954112.0,41795584.0,41795584.0,45.17,0.807242328,152.42,27468751.0,0.0,0.0,167094.0,41410625.0,0.0,0.0,180191.0,0.0,0.0,0.0,0.0
2023-03-28 16:13:23.227000+00:00,28786688.0,36548608.0,41156608.0,41156608.0,45.21,0.807242328,152.53,27485909.0,0.0,0.0,167199.0,41434065.0,0.0,0.0,180303.0,0.0,0.0,0.0,0.0
2023-03-28 16:13:28.968000+00:00,28786688.0,37412864.0,41156608.0,41156608.0,45.22,0.807242328,152.56,27485909.0,0.0,0.0,167199.0,41434065.0,0.0,0.0,180303.0,0.0,0.0,0.0,0.0
2023-03-28 16:13:34.068000+00:00,28786688.0,36675584.0,41193472.0,41193472.0,45.24,0.807242328,152.62,27503811.0,0.0,0.0,167307.0,41462163.0,0.0,0.0,180421.0,0.0,0.0,0.0,0.0
2023-03-28 16:13:38.414000+00:00,28786688.0,36675584.0,41177088.0,41177088.0,45.24,0.807242328,152.63,27504614.0,0.0,0.0,167311.0,41466762.0,0.0,0.0,180426.0,0.0,0.0,0.0,0.0
2023-03-28 16:13:43.998000+00:00,28786688.0,37269504.0,41844736.0,41844736.0,45.26,0.807242328,152.7,27513098.0,0.0,0.0,167361.0,41480138.0,0.0,0.0,180480.0,0.0,0.0,0.0,0.0
2023-03-28 16:13:48.381000+00:00,28913664.0,37269504.0,41205760.0,41205760.0,45.27,0.807242328,152.72,27521720.0,0.0,0.0,167411.0,41493722.0,0.0,0.0,180535.0,0.0,0.0,0.0,0.0
2023-03-28 16:13:54.296000+00:00,28913664.0,36716544.0,41410560.0,41410560.0,45.33,0.807242328,152.85,27571441.0,0.0,0.0,167716.0,41554878.0,0.0,0.0,180862.0,0.0,0.0,0.0,0.0
2023-03-28 16:13:59.541000+00:00,28913664.0,36818944.0,41410560.0,41410560.0,45.33,0.807242328,152.86,27571441.0,0.0,0.0,167716.0,41554878.0,0.0,0.0,180862.0,0.0,0.0,0.0,0.0
2023-03-28 16:14:03.042000+00:00,28913664.0,36945920.0,41332736.0,41332736.0,45.35,0.807242328,152.95,27590706.0,0.0,0.0,167840.0,41585010.0,0.0,0.0,180994.0,0.0,0.0,0.0,0.0
2023-03-28 16:14:08.856000+00:00,28913664.0,36945920.0,41332736.0,41332736.0,45.36,0.807242328,153.0,27608181.0,0.0,0.0,167946.0,41608763.0,0.0,0.0,181111.0,0.0,0.0,0.0,0.0
2023-03-28 16:14:13.603000+00:00,28913664.0,36765696.0,41488384.0,41488384.0,45.39,0.807242328,153.08,27618500.0,0.0,0.0,168012.0,41624597.0,0.0,0.0,181182.0,0.0,0.0,0.0,0.0
2023-03-28 16:14:19.134000+00:00,28913664.0,36765696.0,41488384.0,41201664.0,45.39,0.807242328,153.08,27619303.0,0.0,0.0,168016.0,41629196.0,0.0,0.0,181187.0,0.0,0.0,0.0,0.0
2023-03-28 16:14:23.305000+00:00,28913664.0,37007360.0,41742336.0,41742336.0,45.42,0.807242328,153.15,27620106.0,0.0,0.0,168020.0,41633795.0,0.0,0.0,181192.0,0.0,0.0,0.0,0.0
2023-03-28 16:14:29.369000+00:00,28913664.0,37109760.0,41742336.0,41742336.0,45.42,0.807242328,153.15,27620106.0,0.0,0.0,168020.0,41633795.0,0.0,0.0,181192.0,0.0,0.0,0.0,0.0
2023-03-28 16:14:34.264000+00:00,28913664.0,36818944.0,41603072.0,41603072.0,45.45,0.807242328,153.22,27630297.0,0.0,0.0,168082.0,41653020.0,0.0,0.0,181260.0,0.0,0.0,0.0,0.0
2023-03-28 16:14:39.660000+00:00,28913664.0,36818944.0,41754624.0,41754624.0,45.46,0.807242328,153.26,27639919.0,0.0,0.0,168141.0,41667889.0,0.0,0.0,181324.0,0.0,0.0,0.0,0.0
2023-03-28 16:14:44.233000+00:00,28913664.0,37003264.0,41517056.0,41517056.0,45.47,0.807242328,153.35,27648425.0,0.0,0.0,168191.0,41681361.0,0.0,0.0,181379.0,0.0,0.0,0.0,0.0
2023-03-28 16:14:49.185000+00:00,28913664.0,36564992.0,41005056.0,41005056.0,45.47,0.807242328,153.37,27657077.0,0.0,0.0,168241.0,41694985.0,0.0,0.0,181434.0,0.0,0.0,0.0,0.0
2023-03-28 16:14:54.865000+00:00,29057024.0,36790272.0,41414656.0,41414656.0,45.49,0.807242328,153.44,27657934.0,0.0,0.0,168246.0,41699658.0,0.0,0.0,181440.0,0.0,0.0,0.0,0.0
2023-03-28 16:14:59.448000+00:00,29057024.0,36528128.0,41414656.0,41414656.0,45.5,0.807242328,153.47,27657934.0,0.0,0.0,168246.0,41699658.0,0.0,0.0,181440.0,0.0,0.0,0.0,0.0
2023-03-28 16:15:04.864000+00:00,29057024.0,37072896.0,41537536.0,41537536.0,45.53,0.807242328,153.55,27676769.0,0.0,0.0,168364.0,41728974.0,0.0,0.0,181568.0,0.0,0.0,0.0,0.0
2023-03-28 16:15:08.975000+00:00,29057024.0,36790272.0,41152512.0,41152512.0,45.53,0.807242328,153.55,27686219.0,0.0,0.0,168422.0,41743656.0,0.0,0.0,181631.0,0.0,0.0,0.0,0.0
2023-03-28 16:15:14.811000+00:00,29057024.0,36929536.0,41353216.0,41353216.0,45.55,0.807242328,153.64,27687022.0,0.0,0.0,168426.0,41748255.0,0.0,0.0,181636.0,0.0,0.0,0.0,0.0
2023-03-28 16:15:19.699000+00:00,29057024.0,36929536.0,41353216.0,41353216.0,45.56,0.807242328,153.65,27687022.0,0.0,0.0,168476.0,41761661.0,0.0,0.0,181691.0,0.0,0.0,0.0,0.0
2023-03-28 16:15:24.689000+00:00,29057024.0,36638720.0,40955904.0,40955904.0,45.57,0.807242328,153.65,27696271.0,0.0,0.0,168480.0,41766260.0,0.0,0.0,181696.0,0.0,0.0,0.0,0.0
2023-03-28 16:15:29.015000+00:00,29057024.0,36638720.0,40955904.0,40955904.0,45.58,0.807242328,153.72,27696271.0,0.0,0.0,168480.0,41766260.0,0.0,0.0,181696.0,0.0,0.0,0.0,0.0
2023-03-28 16:15:34.556000+00:00,29057024.0,36818944.0,41136128.0,41136128.0,45.59,0.807242328,153.8,27731360.0,0.0,0.0,168696.0,41814373.0,0.0,0.0,181929.0,0.0,0.0,0.0,0.0
2023-03-28 16:15:38.762000+00:00,29057024.0,36818944.0,41136128.0,41697280.0,45.6,0.807242328,153.89,27740732.0,0.0,0.0,168754.0,41828988.0,0.0,0.0,181992.0,0.0,0.0,0.0,0.0
2023-03-28 16:15:44.447000+00:00,29057024.0,36925440.0,41369600.0,41369600.0,45.6,0.807242328,153.9,27749192.0,0.0,0.0,168804.0,41842404.0,0.0,0.0,182047.0,0.0,0.0,0.0,0.0
2023-03-28 16:15:49.852000+00:00,29057024.0,36925440.0,41369600.0,41369600.0,45.62,0.807242328,154.01,27749192.0,0.0,0.0,168962.0,41875746.0,0.0,0.0,182216.0,0.0,0.0,0.0,0.0
2023-03-28 16:15:54.251000+00:00,29179904.0,36835328.0,41418752.0,41418752.0,45.64,0.807242328,154.03,27775676.0,0.0,0.0,168967.0,41880419.0,0.0,0.0,182222.0,0.0,0.0,0.0,0.0
2023-03-28 16:15:59.473000+00:00,29179904.0,36827136.0,41238528.0,41238528.0,45.68,0.808025286,154.11,27792316.0,0.0,0.0,169070.0,41902541.0,0.0,0.0,182325.0,0.0,0.0,0.0,0.0
2023-03-28 16:16:04.514000+00:00,29179904.0,37036032.0,41357312.0,41357312.0,45.68,0.808025286,154.17,27811686.0,0.0,0.0,169194.0,41929516.0,0.0,0.0,182463.0,0.0,0.0,0.0,0.0
2023-03-28 16:16:09.645000+00:00,29179904.0,37036032.0,41357312.0,41357312.0,45.71,0.808025286,154.28,27811686.0,0.0,0.0,169352.0,41963618.0,0.0,0.0,182634.0,0.0,0.0,0.0,0.0
2023-03-28 16:16:13.699000+00:00,29179904.0,36810752.0,41132032.0,41132032.0,45.71,0.808025286,154.29,27838717.0,0.0,0.0,169356.0,41968217.0,0.0,0.0,182639.0,0.0,0.0,0.0,0.0
2023-03-28 16:16:19.163000+00:00,29179904.0,36810752.0,41132032.0,41132032.0,45.73,0.808025286,154.37,27838717.0,0.0,0.0,169356.0,41968217.0,0.0,0.0,182693.0,0.0,0.0,0.0,0.0
2023-03-28 16:16:24.830000+00:00,29179904.0,36896768.0,41213952.0,41213952.0,45.73,0.808025286,154.38,27855803.0,0.0,0.0,169456.0,41995151.0,0.0,0.0,182748.0,0.0,0.0,0.0,0.0
2023-03-28 16:16:28.707000+00:00,29179904.0,36896768.0,41213952.0,41213952.0,45.76,0.808025286,154.45,27855803.0,0.0,0.0,169456.0,41995151.0,0.0,0.0,182748.0,0.0,0.0,0.0,0.0
2023-03-28 16:16:33.088000+00:00,29179904.0,36990976.0,41312256.0,41312256.0,45.76,0.808025286,154.46,27872239.0,0.0,0.0,169554.0,42021611.0,0.0,0.0,182854.0,0.0,0.0,0.0,0.0
2023-03-28 16:16:39.585000+00:00,29179904.0,36990976.0,41312256.0,41312256.0,45.78,0.808025286,154.53,27872239.0,0.0,0.0,169554.0,42026526.0,0.0,0.0,182863.0,0.0,0.0,0.0,0.0
2023-03-28 16:16:44.024000+00:00,29179904.0,37154816.0,41603072.0,41603072.0,45.79,0.808025286,154.56,27889929.0,0.0,0.0,169656.0,42048973.0,0.0,0.0,182966.0,0.0,0.0,0.0,0.0
2023-03-28 16:16:49.056000+00:00,29179904.0,36884480.0,41603072.0,41603072.0,45.82,0.808025286,154.64,27889929.0,0.0,0.0,169656.0,42048973.0,0.0,0.0,183029.0,0.0,0.0,0.0,0.0
2023-03-28 16:16:54.010000+00:00,29302784.0,36593664.0,41369600.0,41369600.0,45.84,0.808025286,154.68,27907908.0,0.0,0.0,169767.0,42077161.0,0.0,0.0,183087.0,0.0,0.0,0.0,0.0
2023-03-28 16:16:59.688000+00:00,29302784.0,37019648.0,41381888.0,41381888.0,45.86,0.808025286,154.76,27915484.0,0.0,0.0,169812.0,42089476.0,0.0,0.0,183135.0,0.0,0.0,0.0,0.0
2023-03-28 16:17:04.789000+00:00,29302784.0,37232640.0,41553920.0,41553920.0,45.86,0.808025286,154.77,27918144.0,0.0,0.0,169831.0,42096435.0,0.0,0.0,183157.0,0.0,0.0,0.0,0.0
2023-03-28 16:17:09.014000+00:00,29302784.0,37232640.0,41553920.0,41553920.0,45.89,0.808025286,154.83,27918144.0,0.0,0.0,169831.0,42096435.0,0.0,0.0,183162.0,0.0,0.0,0.0,0.0
2023-03-28 16:17:14.765000+00:00,29302784.0,36974592.0,41332736.0,41332736.0,45.89,0.808025286,154.86,27927479.0,0.0,0.0,169885.0,42114524.0,0.0,0.0,183217.0,0.0,0.0,0.0,0.0
2023-03-28 16:17:19.611000+00:00,29302784.0,36974592.0,41332736.0,41332736.0,45.92,0.808025286,154.95,27927479.0,0.0,0.0,169885.0,42114524.0,0.0,0.0,183217.0,0.0,0.0,0.0,0.0
2023-03-28 16:17:23.921000+00:00,29302784.0,37015552.0,41332736.0,41332736.0,45.93,0.808025286,154.96,27960748.0,0.0,0.0,170085.0,42159803.0,0.0,0.0,183427.0,0.0,0.0,0.0,0.0
2023-03-28 16:17:28.531000+00:00,29302784.0,37015552.0,41332736.0,41332736.0,45.94,0.808025286,154.96,27960748.0,0.0,0.0,170089.0,42164402.0,0.0,0.0,183432.0,0.0,0.0,0.0,0.0
2023-03-28 16:17:33.595000+00:00,29302784.0,37187584.0,41517056.0,41517056.0,45.97,0.808025286,155.07,27978606.0,0.0,0.0,170193.0,42187799.0,0.0,0.0,183544.0,0.0,0.0,0.0,0.0
2023-03-28 16:17:39.294000+00:00,29302784.0,37187584.0,41517056.0,41517056.0,45.97,0.808025286,155.1,27978606.0,0.0,0.0,170193.0,42187799.0,0.0,0.0,183607.0,0.0,0.0,0.0,0.0
2023-03-28 16:17:44.480000+00:00,29302784.0,36528128.0,40914944.0,40914944.0,46.01,0.808215723,155.17,27996558.0,0.0,0.0,170301.0,42215880.0,0.0,0.0,183661.0,0.0,0.0,0.0,0.0
2023-03-28 16:17:49.229000+00:00,29302784.0,36528128.0,41467904.0,41467904.0,46.01,0.808215723,155.18,28005905.0,0.0,0.0,170359.0,42230456.0,0.0,0.0,183724.0,0.0,0.0,0.0,0.0
2023-03-28 16:17:54.266000+00:00,29421568.0,37253120.0,41713664.0,41713664.0,46.04,0.808215723,155.24,28006762.0,0.0,0.0,170364.0,42235129.0,0.0,0.0,183730.0,0.0,0.0,0.0,0.0
2023-03-28 16:17:58.909000+00:00,29421568.0,37253120.0,41713664.0,41713664.0,46.05,0.808215723,155.26,28006762.0,0.0,0.0,170364.0,42235129.0,0.0,0.0,183730.0,0.0,0.0,0.0,0.0
2023-03-28 16:18:03.809000+00:00,29421568.0,36544512.0,40984576.0,40984576.0,46.07,0.808215723,155.32,28024643.0,0.0,0.0,170474.0,42263159.0,0.0,0.0,183849.0,0.0,0.0,0.0,0.0
2023-03-28 16:18:08.281000+00:00,29421568.0,36544512.0,40984576.0,40984576.0,46.07,0.808215723,155.33,28024643.0,0.0,0.0,170474.0,42263159.0,0.0,0.0,183849.0,0.0,0.0,0.0,0.0
2023-03-28 16:18:14.177000+00:00,29421568.0,36749312.0,41074688.0,41074688.0,46.08,0.808215723,155.49,28059902.0,0.0,0.0,170690.0,42311438.0,0.0,0.0,184082.0,0.0,0.0,0.0,0.0
2023-03-28 16:18:18.926000+00:00,29421568.0,36749312.0,41291776.0,41291776.0,46.08,0.808215723,155.5,28060705.0,0.0,0.0,170694.0,42316037.0,0.0,0.0,184087.0,0.0,0.0,0.0,0.0
2023-03-28 16:18:23.612000+00:00,29421568.0,36859904.0,41316352.0,41316352.0,46.1,0.808215723,155.6,28076890.0,0.0,0.0,170790.0,42338350.0,0.0,0.0,184192.0,0.0,0.0,0.0,0.0
2023-03-28 16:18:29.339000+00:00,29421568.0,36528128.0,40845312.0,40845312.0,46.1,0.808215723,155.63,28086393.0,0.0,0.0,170848.0,42353093.0,0.0,0.0,184192.0,0.0,0.0,0.0,0.0
2023-03-28 16:18:34.645000+00:00,29421568.0,37072896.0,41394176.0,41394176.0,46.13,0.808215723,155.71,28095819.0,0.0,0.0,170906.0,42367768.0,0.0,0.0,184318.0,0.0,0.0,0.0,0.0
2023-03-28 16:18:39.590000+00:00,29421568.0,37072896.0,41418752.0,41418752.0,46.13,0.808215723,155.75,28112978.0,0.0,0.0,171011.0,42391201.0,0.0,0.0,184430.0,0.0,0.0,0.0,0.0
2023-03-28 16:18:44.619000+00:00,29421568.0,37236736.0,41684992.0,41684992.0,46.14,0.808215723,155.82,28113781.0,0.0,0.0,171015.0,42395800.0,0.0,0.0,184435.0,0.0,0.0,0.0,0.0
2023-03-28 16:18:48.744000+00:00,29556736.0,37236736.0,41750528.0,41750528.0,46.17,0.808215723,155.82,28132064.0,0.0,0.0,171127.0,42420769.0,0.0,0.0,184556.0,0.0,0.0,0.0,0.0
2023-03-28 16:18:54.520000+00:00,29556736.0,36720640.0,41218048.0,41218048.0,46.21,0.808215723,155.9,28132921.0,0.0,0.0,171132.0,42425442.0,0.0,0.0,184562.0,0.0,0.0,0.0,0.0
2023-03-28 16:18:59.117000+00:00,29556736.0,36818944.0,41218048.0,41218048.0,46.21,0.808215723,155.9,28132921.0,0.0,0.0,171132.0,42425442.0,0.0,0.0,184562.0,0.0,0.0,0.0,0.0
2023-03-28 16:19:04.682000+00:00,29556736.0,36827136.0,41189376.0,41189376.0,46.23,0.808215723,155.99,28149921.0,0.0,0.0,171234.0,42452358.0,0.0,0.0,184674.0,0.0,0.0,0.0,0.0
2023-03-28 16:19:08.786000+00:00,29556736.0,36864000.0,41316352.0,41316352.0,46.24,0.808215723,156.02,28166969.0,0.0,0.0,171338.0,42475810.0,0.0,0.0,184787.0,0.0,0.0,0.0,0.0
2023-03-28 16:19:14.765000+00:00,29556736.0,36999168.0,41459712.0,41459712.0,46.26,0.808215723,156.08,28167856.0,0.0,0.0,171344.0,42480493.0,0.0,0.0,184794.0,0.0,0.0,0.0,0.0
2023-03-28 16:19:18.151000+00:00,29556736.0,36999168.0,41459712.0,41078784.0,46.26,0.808215723,156.1,28175872.0,0.0,0.0,171392.0,42493523.0,0.0,0.0,184844.0,0.0,0.0,0.0,0.0
2023-03-28 16:19:24.161000+00:00,29556736.0,37113856.0,41684992.0,41684992.0,46.3,0.808215723,156.17,28185657.0,0.0,0.0,171452.0,42508415.0,0.0,0.0,184911.0,0.0,0.0,0.0,0.0
2023-03-28 16:19:28.153000+00:00,29556736.0,36712448.0,41684992.0,41684992.0,46.32,0.808215723,156.23,28185657.0,0.0,0.0,171452.0,42508415.0,0.0,0.0,184911.0,0.0,0.0,0.0,0.0
2023-03-28 16:19:34.096000+00:00,29556736.0,37203968.0,41619456.0,41619456.0,46.33,0.808215723,156.31,28218957.0,0.0,0.0,171652.0,42554172.0,0.0,0.0,185128.0,0.0,0.0,0.0,0.0
2023-03-28 16:19:39.554000+00:00,29556736.0,37203968.0,41619456.0,41480192.0,46.35,0.808215723,156.31,28252633.0,0.0,0.0,171857.0,42596735.0,0.0,0.0,185348.0,0.0,0.0,0.0,0.0
2023-03-28 16:19:43.244000+00:00,29556736.0,36835328.0,41304064.0,41304064.0,46.37,0.808215723,156.48,28261251.0,0.0,0.0,171907.0,42610253.0,0.0,0.0,185402.0,0.0,0.0,0.0,0.0
2023-03-28 16:19:49.672000+00:00,29708288.0,36835328.0,41304064.0,41189376.0,46.39,0.808215723,156.5,28278500.0,0.0,0.0,172011.0,42633894.0,0.0,0.0,185515.0,0.0,0.0,0.0,0.0
2023-03-28 16:19:54.848000+00:00,29708288.0,37093376.0,41484288.0,41484288.0,46.42,0.808215723,156.58,28279357.0,0.0,0.0,172016.0,42638567.0,0.0,0.0,185521.0,0.0,0.0,0.0,0.0
2023-03-28 16:19:58.999000+00:00,29708288.0,36757504.0,41103360.0,41103360.0,46.43,0.808215723,156.6,28288879.0,0.0,0.0,172076.0,42653321.0,0.0,0.0,185586.0,0.0,0.0,0.0,0.0
2023-03-28 16:20:03.445000+00:00,29708288.0,37261312.0,41619456.0,41619456.0,46.44,0.808215723,156.63,28298319.0,0.0,0.0,172134.0,42668006.0,0.0,0.0,185649.0,0.0,0.0,0.0,0.0
2023-03-28 16:20:09.054000+00:00,29708288.0,37261312.0,41619456.0,41009152.0,46.45,0.808215723,156.7,28299122.0,0.0,0.0,172138.0,42672605.0,0.0,0.0,185654.0,0.0,0.0,0.0,0.0
2023-03-28 16:20:14.236000+00:00,29708288.0,36683776.0,41127936.0,41127936.0,46.46,0.808215723,156.76,28299925.0,0.0,0.0,172142.0,42677204.0,0.0,0.0,185659.0,0.0,0.0,0.0,0.0
2023-03-28 16:20:19.258000+00:00,29708288.0,37187584.0,41504768.0,41504768.0,46.47,0.808215723,156.78,28309276.0,0.0,0.0,172200.0,42691804.0,0.0,0.0,185722.0,0.0,0.0,0.0,0.0
2023-03-28 16:20:24.425000+00:00,29708288.0,36880384.0,41410560.0,41410560.0,46.48,0.808215723,156.85,28317772.0,0.0,0.0,172250.0,42705198.0,0.0,0.0,185776.0,0.0,0.0,0.0,0.0
2023-03-28 16:20:29.189000+00:00,29708288.0,37138432.0,41410560.0,41410560.0,46.48,0.808215723,156.86,28317772.0,0.0,0.0,172250.0,42705198.0,0.0,0.0,185776.0,0.0,0.0,0.0,0.0
2023-03-28 16:20:33.786000+00:00,29708288.0,36950016.0,41295872.0,41295872.0,46.54,0.808215723,157.05,28353883.0,0.0,0.0,172474.0,42754676.0,0.0,0.0,186018.0,0.0,0.0,0.0,0.0
2023-03-28 16:20:39.316000+00:00,29708288.0,36950016.0,41295872.0,41447424.0,46.55,0.808215723,157.05,28354686.0,0.0,0.0,172478.0,42759275.0,0.0,0.0,186023.0,0.0,0.0,0.0,0.0
2023-03-28 16:20:43.434000+00:00,29708288.0,36671488.0,41242624.0,41242624.0,46.56,0.808215723,157.14,28363162.0,0.0,0.0,172528.0,42772717.0,0.0,0.0,186078.0,0.0,0.0,0.0,0.0
2023-03-28 16:20:48.442000+00:00,29708288.0,37224448.0,41648128.0,41648128.0,46.57,0.808215723,157.14,28372742.0,0.0,0.0,172586.0,42787550.0,0.0,0.0,186141.0,0.0,0.0,0.0,0.0
2023-03-28 16:20:54.365000+00:00,29806592.0,37425152.0,41975808.0,41975808.0,46.59,0.808215723,157.23,28373599.0,0.0,0.0,172591.0,42792223.0,0.0,0.0,186147.0,0.0,0.0,0.0,0.0
2023-03-28 16:20:59.542000+00:00,29806592.0,37081088.0,41431040.0,41431040.0,46.61,0.808215723,157.32,28383063.0,0.0,0.0,172651.0,42806921.0,0.0,0.0,186212.0,0.0,0.0,0.0,0.0
2023-03-28 16:21:03.869000+00:00,29806592.0,37183488.0,41529344.0,41529344.0,46.61,0.808215723,157.33,28383866.0,0.0,0.0,172655.0,42811520.0,0.0,0.0,186217.0,0.0,0.0,0.0,0.0
2023-03-28 16:21:09.590000+00:00,29806592.0,37183488.0,41529344.0,41529344.0,46.63,0.808215723,157.42,28383866.0,0.0,0.0,172721.0,42827279.0,0.0,0.0,186288.0,0.0,0.0,0.0,0.0
2023-03-28 16:21:14.844000+00:00,29806592.0,36999168.0,41316352.0,41316352.0,46.65,0.808215723,157.46,28413292.0,0.0,0.0,172841.0,42853360.0,0.0,0.0,186416.0,0.0,0.0,0.0,0.0
2023-03-28 16:21:19.572000+00:00,29806592.0,36999168.0,41316352.0,41316352.0,46.67,0.808215723,157.55,28413292.0,0.0,0.0,172841.0,42866806.0,0.0,0.0,186470.0,0.0,0.0,0.0,0.0
2023-03-28 16:21:24.612000+00:00,29806592.0,36622336.0,41160704.0,41160704.0,46.68,0.808215723,157.59,28439057.0,0.0,0.0,172995.0,42890434.0,0.0,0.0,186583.0,0.0,0.0,0.0,0.0
2023-03-28 16:21:28.381000+00:00,29806592.0,36622336.0,41160704.0,41160704.0,46.7,0.808215723,157.65,28439057.0,0.0,0.0,172995.0,42890434.0,0.0,0.0,186583.0,0.0,0.0,0.0,0.0
2023-03-28 16:21:34.530000+00:00,29806592.0,37273600.0,41594880.0,41594880.0,46.7,0.808215723,157.68,28449248.0,0.0,0.0,173057.0,42909659.0,0.0,0.0,186651.0,0.0,0.0,0.0,0.0
2023-03-28 16:21:39.526000+00:00,29806592.0,37273600.0,41594880.0,41594880.0,46.74,0.808215723,157.78,28449248.0,0.0,0.0,173057.0,42909659.0,0.0,0.0,186813.0,0.0,0.0,0.0,0.0
2023-03-28 16:21:44.539000+00:00,29806592.0,36884480.0,41234432.0,41234432.0,46.74,0.808215723,157.79,28475267.0,0.0,0.0,173211.0,42946987.0,0.0,0.0,186818.0,0.0,0.0,0.0,0.0
2023-03-28 16:21:49.809000+00:00,29917184.0,36884480.0,41234432.0,41234432.0,46.78,0.808215723,157.86,28475267.0,0.0,0.0,173211.0,42946987.0,0.0,0.0,186881.0,0.0,0.0,0.0,0.0
2023-03-28 16:21:53.817000+00:00,29917184.0,37138432.0,41472000.0,41472000.0,46.8,0.808215723,157.88,28494252.0,0.0,0.0,173328.0,42976477.0,0.0,0.0,186945.0,0.0,0.0,0.0,0.0
2023-03-28 16:21:58.668000+00:00,29917184.0,37138432.0,41472000.0,41472000.0,46.81,0.808215723,157.94,28494252.0,0.0,0.0,173328.0,42976477.0,0.0,0.0,186945.0,0.0,0.0,0.0,0.0
2023-03-28 16:22:04.075000+00:00,29917184.0,37380096.0,41717760.0,41717760.0,46.81,0.808215723,157.95,28495942.0,0.0,0.0,173338.0,42985759.0,0.0,0.0,186957.0,0.0,0.0,0.0,0.0
2023-03-28 16:22:09.209000+00:00,29917184.0,37380096.0,41717760.0,41717760.0,46.83,0.808215723,158.02,28495942.0,0.0,0.0,173338.0,42985759.0,0.0,0.0,187012.0,0.0,0.0,0.0,0.0
2023-03-28 16:22:13.800000+00:00,29917184.0,37093376.0,41443328.0,41443328.0,46.83,0.808215723,158.03,28505199.0,0.0,0.0,173392.0,43003774.0,0.0,0.0,187017.0,0.0,0.0,0.0,0.0
2023-03-28 16:22:19.488000+00:00,29917184.0,36638720.0,41443328.0,41443328.0,46.86,0.808215723,158.13,28505199.0,0.0,0.0,173392.0,43003774.0,0.0,0.0,187017.0,0.0,0.0,0.0,0.0
2023-03-28 16:22:24.256000+00:00,29917184.0,37097472.0,41472000.0,41472000.0,46.86,0.808215723,158.14,28522275.0,0.0,0.0,173493.0,43030778.0,0.0,0.0,187128.0,0.0,0.0,0.0,0.0
2023-03-28 16:22:29.577000+00:00,29917184.0,37097472.0,41472000.0,41472000.0,46.89,0.808215723,158.2,28522275.0,0.0,0.0,173493.0,43030778.0,0.0,0.0,187128.0,0.0,0.0,0.0,0.0
2023-03-28 16:22:34.172000+00:00,29917184.0,36802560.0,41275392.0,41275392.0,46.89,0.808215723,158.22,28531568.0,0.0,0.0,173547.0,43048833.0,0.0,0.0,187188.0,0.0,0.0,0.0,0.0
2023-03-28 16:22:38.927000+00:00,29917184.0,36941824.0,41697280.0,41275392.0,46.9,0.808215723,158.28,28531568.0,0.0,0.0,173547.0,43048833.0,0.0,0.0,187188.0,0.0,0.0,0.0,0.0
2023-03-28 16:22:44.781000+00:00,29917184.0,37048320.0,41394176.0,41394176.0,46.9,0.808215723,158.29,28533174.0,0.0,0.0,173555.0,43058031.0,0.0,0.0,187198.0,0.0,0.0,0.0,0.0
2023-03-28 16:22:49.073000+00:00,29917184.0,37048320.0,41512960.0,41512960.0,46.92,0.808215723,158.35,28533977.0,0.0,0.0,173559.0,43062630.0,0.0,0.0,187203.0,0.0,0.0,0.0,0.0
2023-03-28 16:22:53.733000+00:00,29982720.0,36483072.0,41070592.0,41070592.0,46.94,0.808215723,158.37,28534834.0,0.0,0.0,173564.0,43067303.0,0.0,0.0,187209.0,0.0,0.0,0.0,0.0
2023-03-28 16:22:59.475000+00:00,29982720.0,36483072.0,41070592.0,41070592.0,46.95,0.808215723,158.46,28534834.0,0.0,0.0,173564.0,43067303.0,0.0,0.0,187209.0,0.0,0.0,0.0,0.0
2023-03-28 16:23:03.820000+00:00,29982720.0,36499456.0,40988672.0,40988672.0,46.98,0.808215723,158.48,28568301.0,0.0,0.0,173767.0,43112633.0,0.0,0.0,187420.0,0.0,0.0,0.0,0.0
2023-03-28 16:23:09.280000+00:00,29982720.0,36556800.0,41336832.0,41336832.0,47.01,0.808215723,158.52,28601502.0,0.0,0.0,173970.0,43154291.0,0.0,0.0,187636.0,0.0,0.0,0.0,0.0
2023-03-28 16:23:13.817000+00:00,29982720.0,37212160.0,41533440.0,41533440.0,47.05,0.808215723,158.66,28630055.0,0.0,0.0,174154.0,43191953.0,0.0,0.0,187835.0,0.0,0.0,0.0,0.0
2023-03-28 16:23:18.829000+00:00,29982720.0,36786176.0,41324544.0,41324544.0,47.06,0.808215723,158.66,28655600.0,0.0,0.0,174312.0,43225325.0,0.0,0.0,188006.0,0.0,0.0,0.0,0.0
2023-03-28 16:23:23.489000+00:00,29982720.0,37281792.0,41611264.0,41611264.0,47.07,0.808215723,158.81,28664116.0,0.0,0.0,174362.0,43238807.0,0.0,0.0,188061.0,0.0,0.0,0.0,0.0
2023-03-28 16:23:29.843000+00:00,29982720.0,37281792.0,41611264.0,41611264.0,47.09,0.808215723,158.87,28664116.0,0.0,0.0,174362.0,43238807.0,0.0,0.0,188061.0,0.0,0.0,0.0,0.0
2023-03-28 16:23:34.746000+00:00,29982720.0,37130240.0,41451520.0,41451520.0,47.12,0.808215723,158.95,28708990.0,0.0,0.0,174640.0,43298316.0,0.0,0.0,188358.0,0.0,0.0,0.0,0.0
2023-03-28 16:23:39.345000+00:00,29982720.0,37130240.0,41594880.0,41594880.0,47.13,0.808215723,158.98,28726185.0,0.0,0.0,174745.0,43321453.0,0.0,0.0,188465.0,0.0,0.0,0.0,0.0
2023-03-28 16:23:44.657000+00:00,29982720.0,37294080.0,41615360.0,41615360.0,47.14,0.808215723,159.05,28726988.0,0.0,0.0,174749.0,43326052.0,0.0,0.0,188470.0,0.0,0.0,0.0,0.0
2023-03-28 16:23:48.928000+00:00,30183424.0,37294080.0,41086976.0,41086976.0,47.14,0.808215723,159.06,28727791.0,0.0,0.0,174753.0,43330651.0,0.0,0.0,188475.0,0.0,0.0,0.0,0.0
2023-03-28 16:23:54.623000+00:00,30183424.0,36724736.0,41496576.0,41496576.0,47.2,0.808215723,159.14,28744861.0,0.0,0.0,174858.0,43354148.0,0.0,0.0,188589.0,0.0,0.0,0.0,0.0
2023-03-28 16:23:58.960000+00:00,30183424.0,36827136.0,41496576.0,41496576.0,47.2,0.808215723,159.15,28744861.0,0.0,0.0,174858.0,43354148.0,0.0,0.0,188589.0,0.0,0.0,0.0,0.0
2023-03-28 16:24:04.089000+00:00,30183424.0,37212160.0,41680896.0,41680896.0,47.24,0.808215723,159.24,28769558.0,0.0,0.0,175006.0,43389729.0,0.0,0.0,188748.0,0.0,0.0,0.0,0.0
2023-03-28 16:24:09.331000+00:00,30183424.0,37212160.0,40808448.0,40808448.0,47.24,0.808215723,159.26,28770361.0,0.0,0.0,175010.0,43394328.0,0.0,0.0,188753.0,0.0,0.0,0.0,0.0
2023-03-28 16:24:14.087000+00:00,30183424.0,36614144.0,41234432.0,41234432.0,47.27,0.808215723,159.32,28771164.0,0.0,0.0,175014.0,43398927.0,0.0,0.0,188758.0,0.0,0.0,0.0,0.0
2023-03-28 16:24:18.968000+00:00,30183424.0,36614144.0,41234432.0,41148416.0,47.28,0.808215723,159.34,28789218.0,0.0,0.0,175126.0,43423668.0,0.0,0.0,188879.0,0.0,0.0,0.0,0.0
2023-03-28 16:24:24.527000+00:00,30183424.0,36851712.0,41451520.0,41451520.0,47.32,0.808215723,159.39,28790021.0,0.0,0.0,175130.0,43428267.0,0.0,0.0,188884.0,0.0,0.0,0.0,0.0
2023-03-28 16:24:28.531000+00:00,30183424.0,36851712.0,41451520.0,41451520.0,47.32,0.808215723,159.39,28790021.0,0.0,0.0,175130.0,43428267.0,0.0,0.0,188884.0,0.0,0.0,0.0,0.0
2023-03-28 16:24:33.620000+00:00,30183424.0,36605952.0,40976384.0,40976384.0,47.34,0.808215723,159.47,28799492.0,0.0,0.0,175185.0,43446302.0,0.0,0.0,188942.0,0.0,0.0,0.0,0.0
2023-03-28 16:24:39.207000+00:00,30183424.0,36605952.0,40976384.0,41066496.0,47.37,0.808215723,159.54,28832860.0,0.0,0.0,175390.0,43488551.0,0.0,0.0,189162.0,0.0,0.0,0.0,0.0
2023-03-28 16:24:43.779000+00:00,30183424.0,37130240.0,41672704.0,41672704.0,47.4,0.808215723,159.62,28842258.0,0.0,0.0,175448.0,43503181.0,0.0,0.0,189225.0,0.0,0.0,0.0,0.0
2023-03-28 16:24:48.868000+00:00,30318592.0,37130240.0,41672704.0,41672704.0,47.42,0.808215723,159.65,28858535.0,0.0,0.0,175544.0,43525592.0,0.0,0.0,189330.0,0.0,0.0,0.0,0.0
2023-03-28 16:24:53.713000+00:00,30318592.0,36495360.0,41549824.0,41549824.0,47.5,0.808215723,159.72,28859392.0,0.0,0.0,175549.0,43530265.0,0.0,0.0,189336.0,0.0,0.0,0.0,0.0
2023-03-28 16:24:58.991000+00:00,30318592.0,37056512.0,41426944.0,41426944.0,47.5,0.808215723,159.75,28869725.0,0.0,0.0,175617.0,43546108.0,0.0,0.0,189409.0,0.0,0.0,0.0,0.0
2023-03-28 16:25:03.694000+00:00,30318592.0,36728832.0,41250816.0,41250816.0,47.54,0.808215723,159.82,28878331.0,0.0,0.0,175667.0,43559682.0,0.0,0.0,189464.0,0.0,0.0,0.0,0.0
2023-03-28 16:25:09.858000+00:00,30318592.0,36728832.0,41250816.0,41107456.0,47.55,0.808215723,159.85,28895462.0,0.0,0.0,175771.0,43583210.0,0.0,0.0,189577.0,0.0,0.0,0.0,0.0
2023-03-28 16:25:14.538000+00:00,30318592.0,36835328.0,41459712.0,41459712.0,47.59,0.808215723,159.95,28912545.0,0.0,0.0,175875.0,43606629.0,0.0,0.0,189689.0,0.0,0.0,0.0,0.0
2023-03-28 16:25:18.837000+00:00,30318592.0,36835328.0,41459712.0,41459712.0,47.59,0.808215723,159.96,28912545.0,0.0,0.0,175925.0,43619995.0,0.0,0.0,189743.0,0.0,0.0,0.0,0.0
2023-03-28 16:25:23.339000+00:00,30318592.0,36970496.0,41320448.0,41320448.0,47.6,0.808215723,159.99,28930370.0,0.0,0.0,175983.0,43634600.0,0.0,0.0,189806.0,0.0,0.0,0.0,0.0
2023-03-28 16:25:29.900000+00:00,30318592.0,36675584.0,41152512.0,41152512.0,47.62,0.808215723,160.08,28939908.0,0.0,0.0,176041.0,43649382.0,0.0,0.0,189869.0,0.0,0.0,0.0,0.0
2023-03-28 16:25:33.968000+00:00,30318592.0,37240832.0,41590784.0,41590784.0,47.62,0.808215723,160.11,28950402.0,0.0,0.0,176107.0,43665408.0,0.0,0.0,189940.0,0.0,0.0,0.0,0.0
2023-03-28 16:25:39.005000+00:00,30318592.0,37240832.0,41590784.0,41275392.0,47.63,0.808215723,160.2,28958898.0,0.0,0.0,176157.0,43678860.0,0.0,0.0,189995.0,0.0,0.0,0.0,0.0
2023-03-28 16:25:44.604000+00:00,30318592.0,37031936.0,41734144.0,41734144.0,47.64,0.808215723,160.29,28976920.0,0.0,0.0,176269.0,43703552.0,0.0,0.0,190116.0,0.0,0.0,0.0,0.0
2023-03-28 16:25:48.535000+00:00,30453760.0,37031936.0,41734144.0,41734144.0,47.64,0.808215723,160.32,28976920.0,0.0,0.0,176319.0,43716952.0,0.0,0.0,190171.0,0.0,0.0,0.0,0.0
2023-03-28 16:25:54.047000+00:00,30453760.0,37203968.0,41799680.0,41799680.0,47.66,0.808215723,160.34,28993880.0,0.0,0.0,176370.0,43730458.0,0.0,0.0,190227.0,0.0,0.0,0.0,0.0
2023-03-28 16:25:58.804000+00:00,30453760.0,37203968.0,41799680.0,41799680.0,47.71,0.879632916,160.42,28993880.0,0.0,0.0,176370.0,43730458.0,0.0,0.0,190227.0,0.0,0.0,0.0,0.0
2023-03-28 16:26:04.877000+00:00,30453760.0,36847616.0,41328640.0,41328640.0,47.72,0.879632916,160.44,29019424.0,0.0,0.0,176526.0,43767378.0,0.0,0.0,190397.0,0.0,0.0,0.0,0.0
2023-03-28 16:26:08.884000+00:00,30453760.0,36847616.0,41328640.0,41328640.0,47.74,0.879632916,160.54,29019424.0,0.0,0.0,176608.0,43787389.0,0.0,0.0,190484.0,0.0,0.0,0.0,0.0
2023-03-28 16:26:14.583000+00:00,30453760.0,37040128.0,41357312.0,41357312.0,47.74,0.879632916,160.57,29054705.0,0.0,0.0,176742.0,43815748.0,0.0,0.0,190631.0,0.0,0.0,0.0,0.0
2023-03-28 16:26:19.862000+00:00,30453760.0,36704256.0,41357312.0,41357312.0,47.78,0.879632916,160.65,29054705.0,0.0,0.0,176742.0,43815748.0,0.0,0.0,190684.0,0.0,0.0,0.0,0.0
2023-03-28 16:26:24.712000+00:00,30453760.0,36802560.0,41123840.0,41123840.0,47.78,0.879632916,160.65,29064026.0,0.0,0.0,176797.0,43833631.0,0.0,0.0,190689.0,0.0,0.0,0.0,0.0
2023-03-28 16:26:28.929000+00:00,30453760.0,36818944.0,41287680.0,41287680.0,47.81,0.879632916,160.75,29080153.0,0.0,0.0,176893.0,43855748.0,0.0,0.0,190792.0,0.0,0.0,0.0,0.0
2023-03-28 16:26:34.379000+00:00,30453760.0,36835328.0,41336832.0,41336832.0,47.82,0.879632916,160.83,29096414.0,0.0,0.0,176989.0,43878083.0,0.0,0.0,190896.0,0.0,0.0,0.0,0.0
2023-03-28 16:26:38.380000+00:00,30453760.0,36835328.0,41336832.0,41336832.0,47.85,0.879783447,160.89,29096414.0,0.0,0.0,176989.0,43882682.0,0.0,0.0,190901.0,0.0,0.0,0.0,0.0
2023-03-28 16:26:43.914000+00:00,30453760.0,36552704.0,41009152.0,41009152.0,47.85,0.879783447,160.92,29105657.0,0.0,0.0,177043.0,43896022.0,0.0,0.0,190955.0,0.0,0.0,0.0,0.0
2023-03-28 16:26:48.615000+00:00,30453760.0,36552704.0,41009152.0,41009152.0,47.87,0.879783447,161.01,29105657.0,0.0,0.0,177043.0,43896022.0,0.0,0.0,191018.0,0.0,0.0,0.0,0.0
2023-03-28 16:26:53.975000+00:00,30588928.0,37277696.0,41848832.0,41848832.0,47.88,0.879783447,161.02,29115940.0,0.0,0.0,177107.0,43915363.0,0.0,0.0,191025.0,0.0,0.0,0.0,0.0
2023-03-28 16:26:58.826000+00:00,30588928.0,37277696.0,41848832.0,41848832.0,47.91,0.879783447,161.08,29115940.0,0.0,0.0,177107.0,43915363.0,0.0,0.0,191025.0,0.0,0.0,0.0,0.0
2023-03-28 16:27:03.197000+00:00,30588928.0,36904960.0,41295872.0,41295872.0,47.91,0.879783447,161.1,29122029.0,0.0,0.0,177139.0,43929602.0,0.0,0.0,191057.0,0.0,0.0,0.0,0.0
2023-03-28 16:27:08.367000+00:00,30588928.0,36904960.0,41295872.0,41295872.0,47.96,0.879783447,161.21,29122029.0,0.0,0.0,177139.0,43929602.0,0.0,0.0,191256.0,0.0,0.0,0.0,0.0
2023-03-28 16:27:13.580000+00:00,30588928.0,37187584.0,41631744.0,41631744.0,47.96,0.879783447,161.23,29159687.0,0.0,0.0,177372.0,43980487.0,0.0,0.0,191311.0,0.0,0.0,0.0,0.0
2023-03-28 16:27:19.469000+00:00,30588928.0,37322752.0,42037248.0,42037248.0,47.99,0.879783447,161.23,29160490.0,0.0,0.0,177376.0,43985086.0,0.0,0.0,191316.0,0.0,0.0,0.0,0.0
2023-03-28 16:27:23.995000+00:00,30588928.0,36868096.0,41504768.0,41504768.0,48.01,0.879783447,161.34,29185537.0,0.0,0.0,177526.0,44017492.0,0.0,0.0,191476.0,0.0,0.0,0.0,0.0
2023-03-28 16:27:28.792000+00:00,30588928.0,36868096.0,41504768.0,41504768.0,48.02,0.88039592,161.43,29185537.0,0.0,0.0,177526.0,44017492.0,0.0,0.0,191476.0,0.0,0.0,0.0,0.0
2023-03-28 16:27:33.706000+00:00,30588928.0,36970496.0,41295872.0,41295872.0,48.02,0.88039592,161.44,29202481.0,0.0,0.0,177626.0,44044290.0,0.0,0.0,191585.0,0.0,0.0,0.0,0.0
2023-03-28 16:27:39.748000+00:00,30588928.0,36970496.0,41295872.0,41295872.0,48.06,0.88039592,161.53,29202481.0,0.0,0.0,177626.0,44044290.0,0.0,0.0,191585.0,0.0,0.0,0.0,0.0
2023-03-28 16:27:44.647000+00:00,30588928.0,37191680.0,41533440.0,41533440.0,48.07,0.88039592,161.55,29238589.0,0.0,0.0,177851.0,44093169.0,0.0,0.0,191819.0,0.0,0.0,0.0,0.0
2023-03-28 16:27:48.943000+00:00,30588928.0,37191680.0,41709568.0,41709568.0,48.08,0.88039592,161.62,29239392.0,0.0,0.0,177855.0,44097768.0,0.0,0.0,191824.0,0.0,0.0,0.0,0.0
2023-03-28 16:27:54.279000+00:00,30715904.0,36548608.0,41394176.0,41394176.0,48.1,0.88039592,161.66,29255765.0,0.0,0.0,177953.0,44120173.0,0.0,0.0,191929.0,0.0,0.0,0.0,0.0
2023-03-28 16:27:58.908000+00:00,30715904.0,36548608.0,41394176.0,41394176.0,48.11,0.88039592,161.73,29255765.0,0.0,0.0,177953.0,44120173.0,0.0,0.0,191929.0,0.0,0.0,0.0,0.0
2023-03-28 16:28:04.406000+00:00,30715904.0,36499456.0,40968192.0,40968192.0,48.14,0.88039592,161.88,29273925.0,0.0,0.0,178064.0,44148405.0,0.0,0.0,192048.0,0.0,0.0,0.0,0.0
2023-03-28 16:28:08.925000+00:00,30715904.0,36499456.0,41275392.0,41275392.0,48.14,0.88039592,161.9,29282381.0,0.0,0.0,178114.0,44161821.0,0.0,0.0,192103.0,0.0,0.0,0.0,0.0
2023-03-28 16:28:14.389000+00:00,30715904.0,36913152.0,41238528.0,41238528.0,48.17,0.88039592,161.99,29298660.0,0.0,0.0,178210.0,44184222.0,0.0,0.0,192208.0,0.0,0.0,0.0,0.0
2023-03-28 16:28:18.921000+00:00,30715904.0,36913152.0,41369600.0,41369600.0,48.17,0.88039592,162.0,29299463.0,0.0,0.0,178214.0,44188821.0,0.0,0.0,192213.0,0.0,0.0,0.0,0.0
2023-03-28 16:28:24.369000+00:00,30715904.0,37154816.0,41619456.0,41619456.0,48.19,0.88039592,162.06,29300266.0,0.0,0.0,178218.0,44193420.0,0.0,0.0,192218.0,0.0,0.0,0.0,0.0
2023-03-28 16:28:29.316000+00:00,30715904.0,36577280.0,41619456.0,41619456.0,48.21,0.88039592,162.1,29300266.0,0.0,0.0,178218.0,44193420.0,0.0,0.0,192218.0,0.0,0.0,0.0,0.0
2023-03-28 16:28:34.143000+00:00,30715904.0,36659200.0,41111552.0,41111552.0,48.25,0.880804663,162.2,29343186.0,0.0,0.0,178480.0,44250281.0,0.0,0.0,192497.0,0.0,0.0,0.0,0.0
2023-03-28 16:28:38.808000+00:00,30715904.0,36761600.0,41205760.0,41205760.0,48.25,0.880804663,162.2,29343989.0,0.0,0.0,178484.0,44254880.0,0.0,0.0,192502.0,0.0,0.0,0.0,0.0
2023-03-28 16:28:44.079000+00:00,30715904.0,36864000.0,41226240.0,41226240.0,48.3,0.880804663,162.3,29362051.0,0.0,0.0,178597.0,44279675.0,0.0,0.0,192622.0,0.0,0.0,0.0,0.0
2023-03-28 16:28:49.870000+00:00,30715904.0,36864000.0,41394176.0,41394176.0,48.3,0.880804663,162.3,29364745.0,0.0,0.0,178616.0,44286668.0,0.0,0.0,192644.0,0.0,0.0,0.0,0.0
2023-03-28 16:28:53.007000+00:00,30846976.0,36724736.0,41177088.0,41177088.0,48.33,0.880804663,162.37,29373693.0,0.0,0.0,178672.0,44300977.0,0.0,0.0,192703.0,0.0,0.0,0.0,0.0
2023-03-28 16:28:58.221000+00:00,30846976.0,36724736.0,41177088.0,41177088.0,48.34,0.880804663,162.38,29373693.0,0.0,0.0,178672.0,44300977.0,0.0,0.0,192703.0,0.0,0.0,0.0,0.0
2023-03-28 16:29:03.914000+00:00,30846976.0,37003264.0,41340928.0,41340928.0,48.39,0.880804663,162.49,29393068.0,0.0,0.0,178793.0,44330735.0,0.0,0.0,192836.0,0.0,0.0,0.0,0.0
2023-03-28 16:29:08.363000+00:00,30846976.0,37003264.0,41340928.0,41373696.0,48.41,0.880804663,162.49,29410762.0,0.0,0.0,178903.0,44355239.0,0.0,0.0,192953.0,0.0,0.0,0.0,0.0
2023-03-28 16:29:14.753000+00:00,30846976.0,36618240.0,40951808.0,40951808.0,48.44,0.880804663,162.6,29419808.0,0.0,0.0,178955.0,44369007.0,0.0,0.0,193010.0,0.0,0.0,0.0,0.0
2023-03-28 16:29:18.953000+00:00,30846976.0,36618240.0,40951808.0,41476096.0,48.45,0.880804663,162.66,29445540.0,0.0,0.0,179113.0,44402326.0,0.0,0.0,193177.0,0.0,0.0,0.0,0.0
2023-03-28 16:29:24.778000+00:00,30846976.0,37322752.0,41734144.0,41734144.0,48.46,0.880804663,162.74,29451176.0,0.0,0.0,179141.0,44412128.0,0.0,0.0,193205.0,0.0,0.0,0.0,0.0
2023-03-28 16:29:29.114000+00:00,30846976.0,36765696.0,41734144.0,41734144.0,48.47,0.880804663,162.8,29451176.0,0.0,0.0,179141.0,44412128.0,0.0,0.0,193205.0,0.0,0.0,0.0,0.0
2023-03-28 16:29:33.056000+00:00,30846976.0,37306368.0,41754624.0,41754624.0,48.49,0.880804663,162.86,29481029.0,0.0,0.0,179331.0,44454798.0,0.0,0.0,193412.0,0.0,0.0,0.0,0.0
2023-03-28 16:29:39.832000+00:00,30846976.0,37306368.0,41754624.0,41336832.0,48.5,0.880804663,162.9,29492019.0,0.0,0.0,179399.0,44471200.0,0.0,0.0,193487.0,0.0,0.0,0.0,0.0
2023-03-28 16:29:43.731000+00:00,30846976.0,36786176.0,41332736.0,41332736.0,48.52,0.880804663,162.98,29501354.0,0.0,0.0,179457.0,44485766.0,0.0,0.0,193550.0,0.0,0.0,0.0,0.0
2023-03-28 16:29:49.519000+00:00,31010816.0,36786176.0,41332736.0,41213952.0,48.54,0.880804663,163.0,29517565.0,0.0,0.0,179554.0,44507835.0,0.0,0.0,193652.0,0.0,0.0,0.0,0.0
2023-03-28 16:29:53.877000+00:00,31010816.0,37208064.0,41955328.0,41955328.0,48.58,0.880804663,163.12,29541319.0,0.0,0.0,179699.0,44538874.0,0.0,0.0,193804.0,0.0,0.0,0.0,0.0
2023-03-28 16:29:58.331000+00:00,31010816.0,36696064.0,41021440.0,41021440.0,48.58,0.880804663,163.13,29545480.0,0.0,0.0,179731.0,44548025.0,0.0,0.0,193840.0,0.0,0.0,0.0,0.0
2023-03-28 16:30:04.639000+00:00,31010816.0,37195776.0,41644032.0,41644032.0,48.61,0.880804663,163.22,29554462.0,0.0,0.0,179785.0,44561857.0,0.0,0.0,193901.0,0.0,0.0,0.0,0.0
2023-03-28 16:30:09.608000+00:00,31010816.0,37195776.0,41644032.0,41754624.0,48.61,0.880804663,163.23,29555352.0,0.0,0.0,179790.0,44566456.0,0.0,0.0,193906.0,0.0,0.0,0.0,0.0
2023-03-28 16:30:14.608000+00:00,31010816.0,37310464.0,41848832.0,41848832.0,48.65,0.880804663,163.35,29588989.0,0.0,0.0,179994.0,44608847.0,0.0,0.0,194123.0,0.0,0.0,0.0,0.0
2023-03-28 16:30:19.828000+00:00,31010816.0,37310464.0,41848832.0,41848832.0,48.66,0.880804663,163.36,29588989.0,0.0,0.0,180044.0,44622253.0,0.0,0.0,194178.0,0.0,0.0,0.0,0.0
2023-03-28 16:30:23.445000+00:00,31010816.0,39444480.0,44548096.0,44548096.0,48.66,0.880804663,163.4,29598240.0,0.0,0.0,180048.0,44626852.0,0.0,0.0,194183.0,0.0,0.0,0.0,0.0
2023-03-28 16:30:29.767000+00:00,31010816.0,39444480.0,44548096.0,44548096.0,48.67,0.880804663,163.45,29598240.0,0.0,0.0,180048.0,44626852.0,0.0,0.0,194183.0,0.0,0.0,0.0,0.0
2023-03-28 16:30:33.810000+00:00,31010816.0,37081088.0,41930752.0,41930752.0,48.7,0.880804663,163.54,29630542.0,0.0,0.0,180240.0,44671200.0,0.0,0.0,194390.0,0.0,0.0,0.0,0.0
2023-03-28 16:30:38.984000+00:00,31010816.0,37081088.0,41930752.0,41930752.0,48.72,0.880804663,163.58,29630542.0,0.0,0.0,180352.0,44695951.0,0.0,0.0,194511.0,0.0,0.0,0.0,0.0
2023-03-28 16:30:43.768000+00:00,31010816.0,37154816.0,41508864.0,41508864.0,48.72,0.880804663,163.62,29664760.0,0.0,0.0,180448.0,44718154.0,0.0,0.0,194615.0,0.0,0.0,0.0,0.0
2023-03-28 16:30:49.625000+00:00,31170560.0,37154816.0,41508864.0,41508864.0,48.76,0.880804663,163.7,29664760.0,0.0,0.0,180448.0,44718154.0,0.0,0.0,194728.0,0.0,0.0,0.0,0.0
2023-03-28 16:30:54.906000+00:00,31170560.0,36618240.0,41185280.0,41185280.0,48.79,0.880804663,163.77,29682691.0,0.0,0.0,180557.0,44746306.0,0.0,0.0,194734.0,0.0,0.0,0.0,0.0
2023-03-28 16:30:59.360000+00:00,31170560.0,36708352.0,41029632.0,41029632.0,48.81,0.880804663,163.8,29700837.0,0.0,0.0,180671.0,44770859.0,0.0,0.0,194853.0,0.0,0.0,0.0,0.0
2023-03-28 16:31:04.645000+00:00,31170560.0,37142528.0,41885696.0,41885696.0,48.84,0.880804663,163.9,29725805.0,0.0,0.0,180821.0,44803258.0,0.0,0.0,195014.0,0.0,0.0,0.0,0.0
2023-03-28 16:31:09.331000+00:00,31170560.0,37142528.0,41885696.0,41885696.0,48.84,0.880804663,163.93,29725805.0,0.0,0.0,180871.0,44816852.0,0.0,0.0,195069.0,0.0,0.0,0.0,0.0
2023-03-28 16:31:14.795000+00:00,31170560.0,36864000.0,41209856.0,41209856.0,48.84,0.880804663,163.93,29735240.0,0.0,0.0,180875.0,44821451.0,0.0,0.0,195074.0,0.0,0.0,0.0,0.0
2023-03-28 16:31:19.597000+00:00,31170560.0,36864000.0,41365504.0,41365504.0,48.86,0.880804663,163.99,29736043.0,0.0,0.0,180879.0,44826050.0,0.0,0.0,195079.0,0.0,0.0,0.0,0.0
2023-03-28 16:31:23.887000+00:00,31170560.0,36573184.0,41017344.0,41017344.0,48.87,0.880804663,164.01,29744495.0,0.0,0.0,180929.0,44839472.0,0.0,0.0,195134.0,0.0,0.0,0.0,0.0
2023-03-28 16:31:29.108000+00:00,31170560.0,36573184.0,41017344.0,41017344.0,48.89,0.880804663,164.09,29753905.0,0.0,0.0,180987.0,44854121.0,0.0,0.0,195197.0,0.0,0.0,0.0,0.0
2023-03-28 16:31:34.088000+00:00,31170560.0,36806656.0,41242624.0,41242624.0,48.89,0.880804663,164.11,29762511.0,0.0,0.0,181037.0,44867689.0,0.0,0.0,195252.0,0.0,0.0,0.0,0.0
2023-03-28 16:31:38.476000+00:00,31170560.0,36806656.0,41242624.0,41242624.0,48.92,0.880804663,164.11,29762511.0,0.0,0.0,181037.0,44867689.0,0.0,0.0,195439.0,0.0,0.0,0.0,0.0
2023-03-28 16:31:44.343000+00:00,31170560.0,37011456.0,41451520.0,41451520.0,48.95,0.881487074,164.32,29833055.0,0.0,0.0,181478.0,44957235.0,0.0,0.0,195725.0,0.0,0.0,0.0,0.0
2023-03-28 16:31:49.042000+00:00,31346688.0,36745216.0,41451520.0,41451520.0,48.98,0.881525083,164.4,29833055.0,0.0,0.0,181478.0,44957235.0,0.0,0.0,195725.0,0.0,0.0,0.0,0.0
2023-03-28 16:31:54.035000+00:00,31346688.0,37281792.0,41734144.0,41734144.0,48.99,0.881525083,164.42,29851155.0,0.0,0.0,181587.0,44985558.0,0.0,0.0,195844.0,0.0,0.0,0.0,0.0
2023-03-28 16:31:59.322000+00:00,31346688.0,37281792.0,41734144.0,41734144.0,49.01,0.881816357,164.48,29851155.0,0.0,0.0,181587.0,44985558.0,0.0,0.0,195844.0,0.0,0.0,0.0,0.0
2023-03-28 16:32:04.765000+00:00,31346688.0,36659200.0,40984576.0,40984576.0,49.01,0.881816357,164.49,29852845.0,0.0,0.0,181597.0,44994840.0,0.0,0.0,195856.0,0.0,0.0,0.0,0.0
2023-03-28 16:32:08.285000+00:00,31346688.0,36773888.0,41271296.0,41271296.0,49.04,0.881816357,164.56,29853212.0,0.0,0.0,181599.0,44999123.0,0.0,0.0,195857.0,0.0,0.0,0.0,0.0
2023-03-28 16:32:14.307000+00:00,31346688.0,37240832.0,41639936.0,41639936.0,49.05,0.882013294,164.61,29879276.0,0.0,0.0,181759.0,45032917.0,0.0,0.0,196032.0,0.0,0.0,0.0,0.0
2023-03-28 16:32:19.241000+00:00,31346688.0,37261312.0,41766912.0,41766912.0,49.06,0.882314147,164.73,29895553.0,0.0,0.0,181855.0,45055310.0,0.0,0.0,196137.0,0.0,0.0,0.0,0.0
2023-03-28 16:32:23.734000+00:00,31346688.0,36925440.0,41242624.0,41242624.0,49.07,0.882347745,164.75,29904918.0,0.0,0.0,181913.0,45069904.0,0.0,0.0,196200.0,0.0,0.0,0.0,0.0
2023-03-28 16:32:29.809000+00:00,31346688.0,36577280.0,41054208.0,41054208.0,49.11,0.953822429,164.82,29913574.0,0.0,0.0,181963.0,45083528.0,0.0,0.0,196200.0,0.0,0.0,0.0,0.0
2023-03-28 16:32:34.880000+00:00,31346688.0,37318656.0,41639936.0,41639936.0,49.12,0.953822429,164.84,29928796.0,0.0,0.0,182052.0,45104659.0,0.0,0.0,196351.0,0.0,0.0,0.0,0.0
2023-03-28 16:32:39.853000+00:00,31346688.0,36757504.0,41238528.0,41238528.0,49.15,0.954497204,164.94,29948579.0,0.0,0.0,182179.0,45131624.0,0.0,0.0,196489.0,0.0,0.0,0.0,0.0
2023-03-28 16:32:44.416000+00:00,31346688.0,36855808.0,41185280.0,41185280.0,49.16,0.954497204,164.94,29949382.0,0.0,0.0,182183.0,45136223.0,0.0,0.0,196494.0,0.0,0.0,0.0,0.0
2023-03-28 16:32:49.312000+00:00,31346688.0,36855808.0,41267200.0,41267200.0,49.16,0.954497204,164.94,29950185.0,0.0,0.0,182187.0,45140822.0,0.0,0.0,196499.0,0.0,0.0,0.0,0.0
2023-03-28 16:32:53.336000+00:00,31461376.0,37076992.0,41422848.0,41422848.0,49.17,0.954497204,165.02,29950552.0,0.0,0.0,182189.0,45145105.0,0.0,0.0,196500.0,0.0,0.0,0.0,0.0
2023-03-28 16:32:58.784000+00:00,31461376.0,37244928.0,41562112.0,41562112.0,49.19,0.954835243,165.06,29969117.0,0.0,0.0,182306.0,45170253.0,0.0,0.0,196628.0,0.0,0.0,0.0,0.0
2023-03-28 16:33:04.136000+00:00,31461376.0,36892672.0,41304064.0,41304064.0,49.23,0.955188659,165.14,29977719.0,0.0,0.0,182356.0,45183821.0,0.0,0.0,196683.0,0.0,0.0,0.0,0.0
2023-03-28 16:33:09.008000+00:00,31461376.0,36642816.0,41250816.0,41250816.0,49.24,0.973243276,165.23,30008203.0,0.0,0.0,182539.0,45221917.0,0.0,0.0,196869.0,0.0,0.0,0.0,0.0
2023-03-28 16:33:13.410000+00:00,31461376.0,36540416.0,40923136.0,40923136.0,49.27,0.97327713,165.3,30020161.0,0.0,0.0,182617.0,45239833.0,0.0,0.0,196952.0,0.0,0.0,0.0,0.0
2023-03-28 16:33:18.608000+00:00,31461376.0,36646912.0,41091072.0,41091072.0,49.27,0.97327713,165.3,30021400.0,0.0,0.0,182623.0,45244748.0,0.0,0.0,196961.0,0.0,0.0,0.0,0.0
2023-03-28 16:33:24.750000+00:00,31461376.0,37134336.0,41541632.0,41541632.0,49.3,0.97327713,165.38,30029862.0,0.0,0.0,182673.0,45258108.0,0.0,0.0,197015.0,0.0,0.0,0.0,0.0
2023-03-28 16:33:29.539000+00:00,31461376.0,37142528.0,41541632.0,41541632.0,49.31,0.973706748,165.42,30029862.0,0.0,0.0,182673.0,45258108.0,0.0,0.0,197015.0,0.0,0.0,0.0,0.0
2023-03-28 16:33:34.130000+00:00,31461376.0,37277696.0,41672704.0,41672704.0,49.34,0.973706748,165.48,30046830.0,0.0,0.0,182773.0,45284862.0,0.0,0.0,197123.0,0.0,0.0,0.0,0.0
2023-03-28 16:33:38.491000+00:00,31461376.0,36540416.0,40914944.0,40914944.0,49.34,0.973743436,165.48,30047633.0,0.0,0.0,182777.0,45289461.0,0.0,0.0,197128.0,0.0,0.0,0.0,0.0
2023-03-28 16:33:43.992000+00:00,31461376.0,36675584.0,41082880.0,41082880.0,49.36,0.973743436,165.56,30048436.0,0.0,0.0,182781.0,45294060.0,0.0,0.0,197133.0,0.0,0.0,0.0,0.0
2023-03-28 16:33:48.732000+00:00,31571968.0,36675584.0,41082880.0,41623552.0,49.36,0.973743436,165.56,30057783.0,0.0,0.0,182839.0,45308651.0,0.0,0.0,197196.0,0.0,0.0,0.0,0.0
2023-03-28 16:33:53.530000+00:00,31571968.0,36585472.0,41361408.0,41361408.0,49.38,0.973824725,165.68,30058724.0,0.0,0.0,182846.0,45313408.0,0.0,0.0,197204.0,0.0,0.0,0.0,0.0
2023-03-28 16:33:59.917000+00:00,31571968.0,36585472.0,41361408.0,41361408.0,49.39,0.973824725,165.71,30058724.0,0.0,0.0,182846.0,45313408.0,0.0,0.0,197204.0,0.0,0.0,0.0,0.0
2023-03-28 16:34:04.213000+00:00,31571968.0,37171200.0,41488384.0,41488384.0,49.42,1.048369988,165.8,30085444.0,0.0,0.0,183010.0,45351700.0,0.0,0.0,197381.0,0.0,0.0,0.0,0.0
2023-03-28 16:34:08.284000+00:00,31571968.0,36839424.0,41156608.0,41156608.0,49.43,1.048435649,165.8,30094371.0,0.0,0.0,183066.0,45365999.0,0.0,0.0,197440.0,0.0,0.0,0.0,0.0
2023-03-28 16:34:14.570000+00:00,31571968.0,37335040.0,41910272.0,41910272.0,49.46,1.048605858,165.91,30103303.0,0.0,0.0,183118.0,45379767.0,0.0,0.0,197499.0,0.0,0.0,0.0,0.0
2023-03-28 16:34:18.366000+00:00,31571968.0,36581376.0,41025536.0,41025536.0,49.47,1.049595119,165.95,30120833.0,0.0,0.0,183228.0,45404098.0,0.0,0.0,197616.0,0.0,0.0,0.0,0.0
2023-03-28 16:34:23.387000+00:00,31571968.0,36712448.0,41357312.0,41357312.0,49.48,1.049595119,166.02,30121636.0,0.0,0.0,183232.0,45408697.0,0.0,0.0,197621.0,0.0,0.0,0.0,0.0
2023-03-28 16:34:28.766000+00:00,31571968.0,37265408.0,41594880.0,41594880.0,49.5,1.04963437,166.06,30149627.0,0.0,0.0,183408.0,45444896.0,0.0,0.0,197811.0,0.0,0.0,0.0,0.0
2023-03-28 16:34:34.422000+00:00,31571968.0,36913152.0,41480192.0,41480192.0,49.53,1.049674182,166.13,30158121.0,0.0,0.0,183458.0,45458276.0,0.0,0.0,197865.0,0.0,0.0,0.0,0.0
2023-03-28 16:34:38.983000+00:00,31571968.0,36913152.0,41480192.0,41029632.0,49.53,1.049714752,166.15,30167484.0,0.0,0.0,183516.0,45472877.0,0.0,0.0,197928.0,0.0,0.0,0.0,0.0
2023-03-28 16:34:44.769000+00:00,31571968.0,36585472.0,41136128.0,41136128.0,49.56,1.049768468,166.24,30183981.0,0.0,0.0,183612.0,45495430.0,0.0,0.0,198032.0,0.0,0.0,0.0,0.0
2023-03-28 16:34:49.032000+00:00,31707136.0,36585472.0,41136128.0,41136128.0,49.56,1.049768468,166.24,30183981.0,0.0,0.0,183616.0,45500029.0,0.0,0.0,198037.0,0.0,0.0,0.0,0.0
2023-03-28 16:34:53.692000+00:00,31707136.0,36859904.0,41615360.0,41615360.0,49.58,1.049768468,166.26,30185641.0,0.0,0.0,183621.0,45504702.0,0.0,0.0,198043.0,0.0,0.0,0.0,0.0
2023-03-28 16:34:58.976000+00:00,31707136.0,36536320.0,41033728.0,41033728.0,49.61,1.050189448,166.26,30194221.0,0.0,0.0,183673.0,45518180.0,0.0,0.0,198099.0,0.0,0.0,0.0,0.0
2023-03-28 16:35:04.682000+00:00,31707136.0,36569088.0,41078784.0,41078784.0,49.67,1.050189448,166.5,30212319.0,0.0,0.0,183786.0,45542819.0,0.0,0.0,198219.0,0.0,0.0,0.0,0.0
2023-03-28 16:35:08.899000+00:00,31707136.0,36569088.0,41078784.0,41877504.0,49.68,1.050189448,166.54,30229590.0,0.0,0.0,183890.0,45566499.0,0.0,0.0,198332.0,0.0,0.0,0.0,0.0
2023-03-28 16:35:13.971000+00:00,31707136.0,37007360.0,41476096.0,41476096.0,49.69,1.050189448,166.57,30238066.0,0.0,0.0,183940.0,45579931.0,0.0,0.0,198387.0,0.0,0.0,0.0,0.0
2023-03-28 16:35:19.333000+00:00,31707136.0,37007360.0,41476096.0,41476096.0,49.72,1.050189448,166.57,30238066.0,0.0,0.0,184045.0,45603261.0,0.0,0.0,198499.0,0.0,0.0,0.0,0.0
2023-03-28 16:35:24.758000+00:00,31707136.0,37109760.0,41455616.0,41455616.0,49.72,1.050189448,166.66,30255934.0,0.0,0.0,184049.0,45607860.0,0.0,0.0,198504.0,0.0,0.0,0.0,0.0
2023-03-28 16:35:28.333000+00:00,31707136.0,37240832.0,41611264.0,41611264.0,49.74,1.050189448,166.72,30256301.0,0.0,0.0,184051.0,45612143.0,0.0,0.0,198505.0,0.0,0.0,0.0,0.0
2023-03-28 16:35:34.310000+00:00,31707136.0,36749312.0,41082880.0,41082880.0,49.75,1.050189448,166.78,30282500.0,0.0,0.0,184211.0,45646059.0,0.0,0.0,198680.0,0.0,0.0,0.0,0.0
2023-03-28 16:35:38.690000+00:00,31707136.0,36749312.0,41082880.0,41082880.0,49.77,1.050189448,166.78,30282500.0,0.0,0.0,184215.0,45650658.0,0.0,0.0,198685.0,0.0,0.0,0.0,0.0
2023-03-28 16:35:44.704000+00:00,31707136.0,37343232.0,41664512.0,41664512.0,49.78,1.050189448,166.85,30291805.0,0.0,0.0,184265.0,45664130.0,0.0,0.0,198740.0,0.0,0.0,0.0,0.0
2023-03-28 16:35:49.213000+00:00,31846400.0,37343232.0,41664512.0,41664512.0,49.8,1.050189448,166.97,30291805.0,0.0,0.0,184265.0,45664130.0,0.0,0.0,198910.0,0.0,0.0,0.0,0.0
2023-03-28 16:35:53.923000+00:00,31846400.0,36802560.0,41381888.0,41381888.0,49.82,1.050189448,167.01,30328181.0,0.0,0.0,184490.0,45713817.0,0.0,0.0,198982.0,0.0,0.0,0.0,0.0
2023-03-28 16:35:59.155000+00:00,31846400.0,36945920.0,41345024.0,41345024.0,49.83,1.050189448,167.08,30329068.0,0.0,0.0,184496.0,45718500.0,0.0,0.0,198989.0,0.0,0.0,0.0,0.0
2023-03-28 16:36:03.802000+00:00,31846400.0,37228544.0,41623552.0,41623552.0,49.83,1.050189448,167.1,30334925.0,0.0,0.0,184525.0,45728269.0,0.0,0.0,199017.0,0.0,0.0,0.0,0.0
2023-03-28 16:36:09.256000+00:00,31846400.0,37228544.0,41623552.0,41623552.0,49.85,1.050189448,167.21,30334925.0,0.0,0.0,184525.0,45728269.0,0.0,0.0,199162.0,0.0,0.0,0.0,0.0
2023-03-28 16:36:14.601000+00:00,31846400.0,37433344.0,41754624.0,41754624.0,49.88,1.050189448,167.24,30372542.0,0.0,0.0,184763.0,45779597.0,0.0,0.0,199273.0,0.0,0.0,0.0,0.0
2023-03-28 16:36:19.605000+00:00,31846400.0,36671488.0,41754624.0,41754624.0,49.9,1.050189448,167.3,30372542.0,0.0,0.0,184763.0,45779597.0,0.0,0.0,199273.0,0.0,0.0,0.0,0.0
2023-03-28 16:36:24.558000+00:00,31846400.0,37126144.0,41480192.0,41480192.0,49.9,1.050189448,167.33,30381839.0,0.0,0.0,184817.0,45797658.0,0.0,0.0,199333.0,0.0,0.0,0.0,0.0
2023-03-28 16:36:29.750000+00:00,31846400.0,37126144.0,41480192.0,41480192.0,49.94,1.050189448,167.43,30381839.0,0.0,0.0,184817.0,45797658.0,0.0,0.0,199333.0,0.0,0.0,0.0,0.0
2023-03-28 16:36:34.192000+00:00,31846400.0,36954112.0,41349120.0,41349120.0,49.95,1.050189448,167.48,30415044.0,0.0,0.0,185017.0,45843331.0,0.0,0.0,199550.0,0.0,0.0,0.0,0.0
2023-03-28 16:36:39.079000+00:00,31846400.0,37097472.0,41553920.0,41553920.0,49.97,1.050189448,167.54,30415847.0,0.0,0.0,185021.0,45847930.0,0.0,0.0,199555.0,0.0,0.0,0.0,0.0
2023-03-28 16:36:43.530000+00:00,31846400.0,37187584.0,41529344.0,41529344.0,49.97,1.050189448,167.54,30416214.0,0.0,0.0,185023.0,45852213.0,0.0,0.0,199556.0,0.0,0.0,0.0,0.0
2023-03-28 16:36:48.835000+00:00,31846400.0,36950016.0,41529344.0,41529344.0,49.99,1.050189448,167.54,30416214.0,0.0,0.0,185023.0,45852213.0,0.0,0.0,199556.0,0.0,0.0,0.0,0.0
2023-03-28 16:36:54.544000+00:00,31961088.0,37142528.0,41537536.0,41537536.0,50.01,1.050189448,167.63,30426939.0,0.0,0.0,185088.0,45871877.0,0.0,0.0,199629.0,0.0,0.0,0.0,0.0
2023-03-28 16:36:58.915000+00:00,31961088.0,37142528.0,41537536.0,41537536.0,50.02,1.050189448,167.7,30426939.0,0.0,0.0,185088.0,45871877.0,0.0,0.0,199629.0,0.0,0.0,0.0,0.0
2023-03-28 16:37:04.079000+00:00,31961088.0,36532224.0,40902656.0,40902656.0,50.02,1.050189448,167.71,30428629.0,0.0,0.0,185098.0,45881159.0,0.0,0.0,199641.0,0.0,0.0,0.0,0.0
2023-03-28 16:37:08.258000+00:00,31961088.0,36663296.0,40902656.0,40902656.0,50.04,1.050189448,167.78,30428629.0,0.0,0.0,185098.0,45881159.0,0.0,0.0,199641.0,0.0,0.0,0.0,0.0
2023-03-28 16:37:13.682000+00:00,31961088.0,37244928.0,41598976.0,41598976.0,50.04,1.050189448,167.81,30439907.0,0.0,0.0,185168.0,45901745.0,0.0,0.0,199717.0,0.0,0.0,0.0,0.0
2023-03-28 16:37:18.234000+00:00,31961088.0,36999168.0,41852928.0,41852928.0,50.08,1.050189448,167.87,30449063.0,0.0,0.0,185224.0,45916272.0,0.0,0.0,199776.0,0.0,0.0,0.0,0.0
2023-03-28 16:37:22.956000+00:00,31961088.0,37036032.0,41414656.0,41414656.0,50.08,1.050189448,167.9,30466344.0,0.0,0.0,185328.0,45939892.0,0.0,0.0,199888.0,0.0,0.0,0.0,0.0
2023-03-28 16:37:29.556000+00:00,31961088.0,37036032.0,41414656.0,41414656.0,50.1,1.050189448,167.96,30466344.0,0.0,0.0,185328.0,45939892.0,0.0,0.0,199888.0,0.0,0.0,0.0,0.0
2023-03-28 16:37:34.789000+00:00,31961088.0,36921344.0,41295872.0,41295872.0,50.1,1.050189448,167.98,30478064.0,0.0,0.0,185400.0,45960809.0,0.0,0.0,199968.0,0.0,0.0,0.0,0.0
2023-03-28 16:37:38.515000+00:00,31961088.0,37015552.0,41295872.0,41295872.0,50.1,1.050189448,167.98,30478064.0,0.0,0.0,185400.0,45960809.0,0.0,0.0,199968.0,0.0,0.0,0.0,0.0
2023-03-28 16:37:44.260000+00:00,31961088.0,36704256.0,41205760.0,41205760.0,50.14,1.050189448,168.13,30521877.0,0.0,0.0,185671.0,46018958.0,0.0,0.0,200258.0,0.0,0.0,0.0,0.0
2023-03-28 16:37:48.812000+00:00,31961088.0,37298176.0,41644032.0,41644032.0,50.16,1.050189448,168.16,30532139.0,0.0,0.0,185737.0,46034741.0,0.0,0.0,200329.0,0.0,0.0,0.0,0.0
2023-03-28 16:37:54.098000+00:00,32075776.0,36651008.0,41238528.0,41238528.0,50.19,1.050189448,168.28,30550275.0,0.0,0.0,185850.0,46059589.0,0.0,0.0,200451.0,0.0,0.0,0.0,0.0
2023-03-28 16:37:58.463000+00:00,32075776.0,36651008.0,41238528.0,41238528.0,50.19,1.050189448,168.28,30550275.0,0.0,0.0,185850.0,46059589.0,0.0,0.0,200451.0,0.0,0.0,0.0,0.0
2023-03-28 16:38:04.492000+00:00,32075776.0,36786176.0,41230336.0,41230336.0,50.2,1.050189448,168.43,30584875.0,0.0,0.0,186062.0,46106398.0,0.0,0.0,200672.0,0.0,0.0,0.0,0.0
2023-03-28 16:38:09.457000+00:00,32075776.0,37351424.0,41779200.0,41779200.0,50.21,1.050189448,168.45,30595158.0,0.0,0.0,186128.0,46122196.0,0.0,0.0,200743.0,0.0,0.0,0.0,0.0
2023-03-28 16:38:14.749000+00:00,32075776.0,37011456.0,41439232.0,41439232.0,50.23,1.050189448,168.52,30603644.0,0.0,0.0,186178.0,46135580.0,0.0,0.0,200797.0,0.0,0.0,0.0,0.0
2023-03-28 16:38:18.952000+00:00,32075776.0,37011456.0,41459712.0,41459712.0,50.23,1.050189448,168.52,30604447.0,0.0,0.0,186182.0,46140179.0,0.0,0.0,200802.0,0.0,0.0,0.0,0.0
2023-03-28 16:38:24.555000+00:00,32075776.0,37208064.0,41525248.0,41525248.0,50.27,1.050189448,168.61,30621511.0,0.0,0.0,186286.0,46163647.0,0.0,0.0,200915.0,0.0,0.0,0.0,0.0
2023-03-28 16:38:28.820000+00:00,32075776.0,37314560.0,41660416.0,41660416.0,50.27,1.050189448,168.61,30622314.0,0.0,0.0,186290.0,46168246.0,0.0,0.0,200915.0,0.0,0.0,0.0,0.0
2023-03-28 16:38:34.357000+00:00,32075776.0,36564992.0,41033728.0,41033728.0,50.28,1.050370795,168.69,30623117.0,0.0,0.0,186294.0,46172845.0,0.0,0.0,200925.0,0.0,0.0,0.0,0.0
2023-03-28 16:38:39.862000+00:00,32075776.0,37015552.0,41332736.0,41332736.0,50.3,1.050370795,168.7,30631557.0,0.0,0.0,186344.0,46186251.0,0.0,0.0,200980.0,0.0,0.0,0.0,0.0
2023-03-28 16:38:44.716000+00:00,32075776.0,37158912.0,41484288.0,41484288.0,50.32,1.050370795,168.75,30632360.0,0.0,0.0,186348.0,46190850.0,0.0,0.0,200985.0,0.0,0.0,0.0,0.0
2023-03-28 16:38:48.863000+00:00,32075776.0,36884480.0,41320448.0,41320448.0,50.32,1.050370795,168.78,30641861.0,0.0,0.0,186406.0,46205602.0,0.0,0.0,201048.0,0.0,0.0,0.0,0.0
2023-03-28 16:38:53.173000+00:00,32190464.0,37040128.0,41635840.0,41635840.0,50.36,1.05049291,168.88,30659416.0,0.0,0.0,186516.0,46229961.0,0.0,0.0,201165.0,0.0,0.0,0.0,0.0
2023-03-28 16:38:58.801000+00:00,32190464.0,37040128.0,41635840.0,41635840.0,50.38,1.05049291,168.89,30659416.0,0.0,0.0,186516.0,46229961.0,0.0,0.0,201165.0,0.0,0.0,0.0,0.0
2023-03-28 16:39:03.290000+00:00,32190464.0,37294080.0,41705472.0,41705472.0,50.4,1.05049291,169.01,30677383.0,0.0,0.0,186627.0,46258147.0,0.0,0.0,201286.0,0.0,0.0,0.0,0.0
2023-03-28 16:39:08.998000+00:00,32190464.0,37294080.0,41029632.0,41029632.0,50.4,1.05049291,169.01,30678622.0,0.0,0.0,186633.0,46263062.0,0.0,0.0,201295.0,0.0,0.0,0.0,0.0
2023-03-28 16:39:14.142000+00:00,32190464.0,37052416.0,41775104.0,41775104.0,50.42,1.05049291,169.1,30687224.0,0.0,0.0,186683.0,46276620.0,0.0,0.0,201350.0,0.0,0.0,0.0,0.0
2023-03-28 16:39:18.787000+00:00,32190464.0,36691968.0,41095168.0,41095168.0,50.42,1.05049291,169.12,30695864.0,0.0,0.0,186733.0,46290222.0,0.0,0.0,201405.0,0.0,0.0,0.0,0.0
2023-03-28 16:39:24.408000+00:00,32190464.0,37220352.0,41590784.0,41590784.0,50.46,1.05049291,169.22,30722661.0,0.0,0.0,186900.0,46324998.0,0.0,0.0,201583.0,0.0,0.0,0.0,0.0
2023-03-28 16:39:29.554000+00:00,32190464.0,37359616.0,41590784.0,41590784.0,50.47,1.05049291,169.26,30722661.0,0.0,0.0,186900.0,46324998.0,0.0,0.0,201583.0,0.0,0.0,0.0,0.0
2023-03-28 16:39:34.222000+00:00,32190464.0,36663296.0,41132032.0,41132032.0,50.51,1.05049291,169.31,30742603.0,0.0,0.0,187024.0,46355699.0,0.0,0.0,201717.0,0.0,0.0,0.0,0.0
2023-03-28 16:39:38.231000+00:00,32190464.0,36745216.0,41132032.0,41127936.0,50.51,1.05049291,169.31,30742970.0,0.0,0.0,187026.0,46359982.0,0.0,0.0,201718.0,0.0,0.0,0.0,0.0
2023-03-28 16:39:44.222000+00:00,32190464.0,36892672.0,41234432.0,41234432.0,50.52,1.05049291,169.38,30744209.0,0.0,0.0,187032.0,46364897.0,0.0,0.0,201727.0,0.0,0.0,0.0,0.0
2023-03-28 16:39:48.395000+00:00,32301056.0,36892672.0,41234432.0,41234432.0,50.53,1.05049291,169.39,30752205.0,0.0,0.0,187080.0,46377971.0,0.0,0.0,201778.0,0.0,0.0,0.0,0.0
2023-03-28 16:39:53.754000+00:00,32301056.0,37097472.0,42184704.0,42184704.0,50.57,1.05049291,169.46,30761307.0,0.0,0.0,187133.0,46391945.0,0.0,0.0,201838.0,0.0,0.0,0.0,0.0
2023-03-28 16:39:59.431000+00:00,32301056.0,37097472.0,42184704.0,42184704.0,50.58,1.05049291,169.5,30761307.0,0.0,0.0,187133.0,46391945.0,0.0,0.0,201838.0,0.0,0.0,0.0,0.0
2023-03-28 16:40:03.913000+00:00,32301056.0,36909056.0,41381888.0,41381888.0,50.6,1.05049291,169.58,30788671.0,0.0,0.0,187305.0,46431228.0,0.0,0.0,202024.0,0.0,0.0,0.0,0.0
2023-03-28 16:40:09.745000+00:00,32301056.0,36909056.0,41381888.0,41259008.0,50.63,1.05049291,169.64,30821834.0,0.0,0.0,187509.0,46473369.0,0.0,0.0,202245.0,0.0,0.0,0.0,0.0
2023-03-28 16:40:14.737000+00:00,32301056.0,36904960.0,41336832.0,41336832.0,50.66,1.05049291,169.72,30838169.0,0.0,0.0,187605.0,46495828.0,0.0,0.0,202350.0,0.0,0.0,0.0,0.0
2023-03-28 16:40:19.648000+00:00,32301056.0,36904960.0,41336832.0,41336832.0,50.66,1.05049291,169.77,30838169.0,0.0,0.0,187709.0,46519412.0,0.0,0.0,202463.0,0.0,0.0,0.0,0.0
2023-03-28 16:40:24.081000+00:00,32301056.0,36638720.0,41234432.0,41234432.0,50.69,1.05049291,169.84,30864735.0,0.0,0.0,187767.0,46533972.0,0.0,0.0,202525.0,0.0,0.0,0.0,0.0
2023-03-28 16:40:28.464000+00:00,32301056.0,36724736.0,41234432.0,41234432.0,50.69,1.05049291,169.84,30864735.0,0.0,0.0,187767.0,46533972.0,0.0,0.0,202525.0,0.0,0.0,0.0,0.0
2023-03-28 16:40:34.431000+00:00,32301056.0,37335040.0,42037248.0,42037248.0,50.71,1.05049291,169.92,30875780.0,0.0,0.0,187837.0,46554321.0,0.0,0.0,202601.0,0.0,0.0,0.0,0.0
2023-03-28 16:40:38.858000+00:00,32301056.0,37335040.0,42037248.0,42037248.0,50.71,1.05049291,169.92,30875780.0,0.0,0.0,187841.0,46558920.0,0.0,0.0,202606.0,0.0,0.0,0.0,0.0
2023-03-28 16:40:43.831000+00:00,32301056.0,36663296.0,41033728.0,41033728.0,50.71,1.05049291,169.93,30877386.0,0.0,0.0,187845.0,46563519.0,0.0,0.0,202611.0,0.0,0.0,0.0,0.0
2023-03-28 16:40:48.232000+00:00,32448512.0,36663296.0,41033728.0,41033728.0,50.73,1.05049291,170.01,30877386.0,0.0,0.0,187845.0,46576659.0,0.0,0.0,202662.0,0.0,0.0,0.0,0.0
2023-03-28 16:40:54.054000+00:00,32448512.0,36945920.0,41631744.0,41631744.0,50.74,1.05049291,170.05,30895348.0,0.0,0.0,187954.0,46591714.0,0.0,0.0,202730.0,0.0,0.0,0.0,0.0
2023-03-28 16:40:58.627000+00:00,32448512.0,36564992.0,40931328.0,40931328.0,50.78,1.05049291,170.16,30921135.0,0.0,0.0,188112.0,46625361.0,0.0,0.0,202901.0,0.0,0.0,0.0,0.0
2023-03-28 16:41:03.845000+00:00,32448512.0,36671488.0,40992768.0,40992768.0,50.78,1.05049291,170.17,30922022.0,0.0,0.0,188118.0,46630044.0,0.0,0.0,202908.0,0.0,0.0,0.0,0.0
2023-03-28 16:41:08.836000+00:00,32448512.0,36671488.0,40992768.0,40992768.0,50.8,1.05049291,170.17,30922022.0,0.0,0.0,188123.0,46634643.0,0.0,0.0,202913.0,0.0,0.0,0.0,0.0
2023-03-28 16:41:13.920000+00:00,32448512.0,36900864.0,41365504.0,41365504.0,50.8,1.05049291,170.24,30923735.0,0.0,0.0,188127.0,46639242.0,0.0,0.0,202918.0,0.0,0.0,0.0,0.0
2023-03-28 16:41:18.632000+00:00,32448512.0,36900864.0,41365504.0,41365504.0,50.82,1.05049291,170.3,30923735.0,0.0,0.0,188127.0,46639242.0,0.0,0.0,202919.0,0.0,0.0,0.0,0.0
2023-03-28 16:41:23.540000+00:00,32448512.0,37126144.0,41459712.0,41459712.0,50.82,1.05049291,170.31,30924905.0,0.0,0.0,188133.0,46648124.0,0.0,0.0,202924.0,0.0,0.0,0.0,0.0
2023-03-28 16:41:28.232000+00:00,32448512.0,37126144.0,41459712.0,41459712.0,50.84,1.05049291,170.36,30924905.0,0.0,0.0,188133.0,46648124.0,0.0,0.0,202924.0,0.0,0.0,0.0,0.0
2023-03-28 16:41:34.779000+00:00,32448512.0,36913152.0,41353216.0,41353216.0,50.85,1.05049291,170.38,30934652.0,0.0,0.0,188189.0,46666445.0,0.0,0.0,202987.0,0.0,0.0,0.0,0.0
2023-03-28 16:41:39.769000+00:00,32448512.0,36913152.0,41353216.0,41353216.0,50.87,1.05049291,170.44,30934652.0,0.0,0.0,188189.0,46666445.0,0.0,0.0,202994.0,0.0,0.0,0.0,0.0
2023-03-28 16:41:43.049000+00:00,32448512.0,36737024.0,41181184.0,41181184.0,50.87,1.05049291,170.46,30944641.0,0.0,0.0,188251.0,46685594.0,0.0,0.0,203053.0,0.0,0.0,0.0,0.0
2023-03-28 16:41:49.333000+00:00,32518144.0,36737024.0,41181184.0,41181184.0,50.9,1.05049291,170.58,30944641.0,0.0,0.0,188251.0,46685594.0,0.0,0.0,203122.0,0.0,0.0,0.0,0.0
2023-03-28 16:41:54.062000+00:00,32518144.0,36655104.0,41115648.0,41115648.0,50.91,1.05049291,170.6,30955632.0,0.0,0.0,188318.0,46705520.0,0.0,0.0,203128.0,0.0,0.0,0.0,0.0
2023-03-28 16:41:59.724000+00:00,32518144.0,36655104.0,41115648.0,41115648.0,50.93,1.05049291,170.68,30955632.0,0.0,0.0,188318.0,46705520.0,0.0,0.0,203128.0,0.0,0.0,0.0,0.0
2023-03-28 16:42:04.462000+00:00,32518144.0,36777984.0,41103360.0,41103360.0,50.93,1.05049291,170.69,30972804.0,0.0,0.0,188420.0,46732608.0,0.0,0.0,203240.0,0.0,0.0,0.0,0.0
2023-03-28 16:42:09.054000+00:00,32518144.0,36777984.0,41103360.0,41103360.0,50.95,1.05049291,170.77,30972804.0,0.0,0.0,188420.0,46732608.0,0.0,0.0,203295.0,0.0,0.0,0.0,0.0
2023-03-28 16:42:14.725000+00:00,32518144.0,37232640.0,41558016.0,41558016.0,50.96,1.05049291,170.84,31014921.0,0.0,0.0,188674.0,46788631.0,0.0,0.0,203515.0,0.0,0.0,0.0,0.0
2023-03-28 16:42:19.674000+00:00,32518144.0,37367808.0,41558016.0,41558016.0,50.99,1.05049291,170.9,31014921.0,0.0,0.0,188674.0,46788631.0,0.0,0.0,203515.0,0.0,0.0,0.0,0.0
2023-03-28 16:42:24.165000+00:00,32518144.0,36929536.0,41295872.0,41295872.0,51.01,1.05049291,170.94,31041436.0,0.0,0.0,188837.0,46826718.0,0.0,0.0,203691.0,0.0,0.0,0.0,0.0
2023-03-28 16:42:29.186000+00:00,32518144.0,36929536.0,41295872.0,41295872.0,51.06,1.05049291,171.07,31041436.0,0.0,0.0,188837.0,46826718.0,0.0,0.0,203691.0,0.0,0.0,0.0,0.0
2023-03-28 16:42:33.814000+00:00,32518144.0,37294080.0,41648128.0,41648128.0,51.06,1.05049291,171.13,31098480.0,0.0,0.0,189183.0,46899318.0,0.0,0.0,204056.0,0.0,0.0,0.0,0.0
2023-03-28 16:42:39.581000+00:00,32518144.0,36990976.0,41349120.0,41349120.0,51.08,1.05049291,171.13,31107827.0,0.0,0.0,189241.0,46913894.0,0.0,0.0,204119.0,0.0,0.0,0.0,0.0
2023-03-28 16:42:44.174000+00:00,32518144.0,36622336.0,40964096.0,40964096.0,51.09,1.05049291,171.22,31116301.0,0.0,0.0,189291.0,46927336.0,0.0,0.0,204174.0,0.0,0.0,0.0,0.0
2023-03-28 16:42:49.016000+00:00,32690176.0,36622336.0,41230336.0,41230336.0,51.1,1.05049291,171.29,31117104.0,0.0,0.0,189295.0,46931935.0,0.0,0.0,204179.0,0.0,0.0,0.0,0.0
2023-03-28 16:42:54.514000+00:00,32690176.0,37343232.0,41963520.0,41963520.0,51.12,1.05049291,171.31,31126517.0,0.0,0.0,189354.0,46946609.0,0.0,0.0,204243.0,0.0,0.0,0.0,0.0
2023-03-28 16:42:59.685000+00:00,32690176.0,36507648.0,41963520.0,41963520.0,51.16,1.05049291,171.47,31126517.0,0.0,0.0,189354.0,46946609.0,0.0,0.0,204243.0,0.0,0.0,0.0,0.0
2023-03-28 16:43:04.897000+00:00,32690176.0,37380096.0,41734144.0,41734144.0,51.16,1.05049291,171.51,31144725.0,0.0,0.0,189464.0,46974944.0,0.0,0.0,204362.0,0.0,0.0,0.0,0.0
2023-03-28 16:43:09.650000+00:00,32690176.0,37380096.0,41734144.0,41734144.0,51.18,1.05049291,171.57,31144725.0,0.0,0.0,189464.0,46974944.0,0.0,0.0,204362.0,0.0,0.0,0.0,0.0
2023-03-28 16:43:14.648000+00:00,32690176.0,37462016.0,41902080.0,41902080.0,51.19,1.05049291,171.58,31161709.0,0.0,0.0,189564.0,47001846.0,0.0,0.0,204472.0,0.0,0.0,0.0,0.0
2023-03-28 16:43:19.296000+00:00,32690176.0,37462016.0,42164224.0,42164224.0,51.2,1.05049291,171.58,31178755.0,0.0,0.0,189668.0,47025293.0,0.0,0.0,204585.0,0.0,0.0,0.0,0.0
2023-03-28 16:43:24.313000+00:00,32690176.0,37081088.0,41521152.0,41521152.0,51.21,1.05049291,171.69,31188126.0,0.0,0.0,189726.0,47039902.0,0.0,0.0,204648.0,0.0,0.0,0.0,0.0
2023-03-28 16:43:28.065000+00:00,32690176.0,37175296.0,41521152.0,41521152.0,51.21,1.05049291,171.7,31188126.0,0.0,0.0,189726.0,47039902.0,0.0,0.0,204648.0,0.0,0.0,0.0,0.0
2023-03-28 16:43:34.516000+00:00,32690176.0,37138432.0,41455616.0,41455616.0,51.23,1.05049291,171.8,31205286.0,0.0,0.0,189826.0,47066866.0,0.0,0.0,204756.0,0.0,0.0,0.0,0.0
2023-03-28 16:43:38.517000+00:00,32690176.0,36708352.0,41066496.0,41066496.0,51.24,1.05049291,171.83,31213328.0,0.0,0.0,189874.0,47079990.0,0.0,0.0,204807.0,0.0,0.0,0.0,0.0
2023-03-28 16:43:43.057000+00:00,32690176.0,36851712.0,41218048.0,41218048.0,51.25,1.05049291,171.91,31214131.0,0.0,0.0,189878.0,47084589.0,0.0,0.0,204812.0,0.0,0.0,0.0,0.0
2023-03-28 16:43:49.782000+00:00,32690176.0,36851712.0,41218048.0,41218048.0,51.28,1.05049291,171.91,31248708.0,0.0,0.0,190092.0,47128007.0,0.0,0.0,205040.0,0.0,0.0,0.0,0.0
2023-03-28 16:43:54.660000+00:00,32829440.0,37019648.0,41357312.0,41357312.0,51.3,1.05049291,172.07,31249565.0,0.0,0.0,190097.0,47132680.0,0.0,0.0,205046.0,0.0,0.0,0.0,0.0
2023-03-28 16:43:58.885000+00:00,32829440.0,37019648.0,41357312.0,41357312.0,51.3,1.05049291,172.08,31249565.0,0.0,0.0,190097.0,47132680.0,0.0,0.0,205046.0,0.0,0.0,0.0,0.0
2023-03-28 16:44:04.671000+00:00,32829440.0,36941824.0,41263104.0,41263104.0,51.33,1.05049291,172.18,31282950.0,0.0,0.0,190299.0,47178462.0,0.0,0.0,205264.0,0.0,0.0,0.0,0.0
2023-03-28 16:44:08.614000+00:00,32829440.0,37384192.0,41738240.0,41738240.0,51.34,1.05049291,172.19,31291020.0,0.0,0.0,190347.0,47191618.0,0.0,0.0,205315.0,0.0,0.0,0.0,0.0
2023-03-28 16:44:13.361000+00:00,32829440.0,36655104.0,41017344.0,41017344.0,51.39,1.05049291,172.3,31309979.0,0.0,0.0,190468.0,47217411.0,0.0,0.0,205443.0,0.0,0.0,0.0,0.0
2023-03-28 16:44:18.436000+00:00,32829440.0,36655104.0,41017344.0,41496576.0,51.4,1.05049291,172.32,31318429.0,0.0,0.0,190518.0,47230827.0,0.0,0.0,205498.0,0.0,0.0,0.0,0.0
2023-03-28 16:44:23.341000+00:00,32829440.0,36782080.0,41152512.0,41152512.0,51.44,1.05049291,172.4,31327796.0,0.0,0.0,190576.0,47245436.0,0.0,0.0,205561.0,0.0,0.0,0.0,0.0
2023-03-28 16:44:28.492000+00:00,32829440.0,37236736.0,41152512.0,41152512.0,51.44,1.05049291,172.42,31327796.0,0.0,0.0,190576.0,47245436.0,0.0,0.0,205561.0,0.0,0.0,0.0,0.0
2023-03-28 16:44:34.228000+00:00,32829440.0,36937728.0,41385984.0,41385984.0,51.46,1.05049291,172.51,31346134.0,0.0,0.0,190686.0,47273860.0,0.0,0.0,205683.0,0.0,0.0,0.0,0.0
2023-03-28 16:44:39.824000+00:00,32829440.0,36937728.0,41385984.0,41365504.0,51.48,1.05049291,172.56,31364200.0,0.0,0.0,190798.0,47298593.0,0.0,0.0,205804.0,0.0,0.0,0.0,0.0
2023-03-28 16:44:44.317000+00:00,32829440.0,37183488.0,41521152.0,41521152.0,51.5,1.05049291,172.64,31382215.0,0.0,0.0,190910.0,47322830.0,0.0,0.0,205918.0,0.0,0.0,0.0,0.0
2023-03-28 16:44:49.022000+00:00,32985088.0,37183488.0,41521152.0,41656320.0,51.51,1.05049291,172.68,31399320.0,0.0,0.0,191014.0,47346326.0,0.0,0.0,206031.0,0.0,0.0,0.0,0.0
2023-03-28 16:44:53.983000+00:00,32985088.0,36605952.0,41213952.0,41213952.0,51.55,1.05049291,172.75,31400177.0,0.0,0.0,191019.0,47350999.0,0.0,0.0,206037.0,0.0,0.0,0.0,0.0
2023-03-28 16:44:58.176000+00:00,32985088.0,36605952.0,41213952.0,41213952.0,51.55,1.05049291,172.76,31400177.0,0.0,0.0,191019.0,47350999.0,0.0,0.0,206037.0,0.0,0.0,0.0,0.0
2023-03-28 16:45:04.587000+00:00,32985088.0,37257216.0,41586688.0,41586688.0,51.56,1.05049291,172.84,31410494.0,0.0,0.0,191083.0,47370347.0,0.0,0.0,206107.0,0.0,0.0,0.0,0.0
2023-03-28 16:45:07.951000+00:00,32985088.0,37257216.0,41586688.0,41676800.0,51.56,1.05049291,172.85,31410861.0,0.0,0.0,191085.0,47374630.0,0.0,0.0,206108.0,0.0,0.0,0.0,0.0
2023-03-28 16:45:14.653000+00:00,32985088.0,36687872.0,41058304.0,41058304.0,51.58,1.05049291,172.94,31429371.0,0.0,0.0,191199.0,47399705.0,0.0,0.0,206233.0,0.0,0.0,0.0,0.0
2023-03-28 16:45:19.506000+00:00,32985088.0,36687872.0,41058304.0,41058304.0,51.58,1.05049291,172.94,31430174.0,0.0,0.0,191203.0,47404304.0,0.0,0.0,206238.0,0.0,0.0,0.0,0.0
2023-03-28 16:45:24.281000+00:00,32985088.0,37052416.0,41394176.0,41394176.0,51.6,1.05049291,173.01,31434904.0,0.0,0.0,191223.0,47412984.0,0.0,0.0,206259.0,0.0,0.0,0.0,0.0
2023-03-28 16:45:28.769000+00:00,32985088.0,36540416.0,41394176.0,41394176.0,51.6,1.05049291,173.06,31434904.0,0.0,0.0,191223.0,47412984.0,0.0,0.0,206259.0,0.0,0.0,0.0,0.0
2023-03-28 16:45:33.617000+00:00,32985088.0,36552704.0,41050112.0,41050112.0,51.62,1.05049291,173.15,31472378.0,0.0,0.0,191459.0,47464320.0,0.0,0.0,206514.0,0.0,0.0,0.0,0.0
2023-03-28 16:45:38.874000+00:00,32985088.0,36552704.0,41050112.0,40980480.0,51.64,1.05049291,173.18,31489911.0,0.0,0.0,191565.0,47488081.0,0.0,0.0,206630.0,0.0,0.0,0.0,0.0
2023-03-28 16:45:44.851000+00:00,32985088.0,37089280.0,41455616.0,41455616.0,51.67,1.05049291,173.26,31498405.0,0.0,0.0,191615.0,47501537.0,0.0,0.0,206685.0,0.0,0.0,0.0,0.0
2023-03-28 16:45:49.018000+00:00,32985088.0,37089280.0,41455616.0,41455616.0,51.71,1.05049291,173.29,31498405.0,0.0,0.0,191767.0,47533433.0,0.0,0.0,206843.0,0.0,0.0,0.0,0.0
2023-03-28 16:45:54.260000+00:00,33116160.0,37285888.0,41910272.0,41910272.0,51.75,1.05049291,173.35,31532710.0,0.0,0.0,191826.0,47548182.0,0.0,0.0,206907.0,0.0,0.0,0.0,0.0
2023-03-28 16:45:58.557000+00:00,33116160.0,37285888.0,41910272.0,41910272.0,51.78,1.05049291,173.39,31532710.0,0.0,0.0,191826.0,47548182.0,0.0,0.0,206907.0,0.0,0.0,0.0,0.0
2023-03-28 16:46:03.576000+00:00,33116160.0,37113856.0,41431040.0,41431040.0,51.78,1.05049291,173.41,31560733.0,0.0,0.0,192004.0,47588539.0,0.0,0.0,207097.0,0.0,0.0,0.0,0.0
2023-03-28 16:46:09.563000+00:00,33116160.0,37113856.0,41431040.0,41431040.0,51.8,1.05049291,173.48,31560733.0,0.0,0.0,192056.0,47602423.0,0.0,0.0,207156.0,0.0,0.0,0.0,0.0
2023-03-28 16:46:14.035000+00:00,33116160.0,37269504.0,41881600.0,41881600.0,51.84,1.05049291,173.54,31578271.0,0.0,0.0,192106.0,47615875.0,0.0,0.0,207211.0,0.0,0.0,0.0,0.0
2023-03-28 16:46:19.775000+00:00,33116160.0,37269504.0,41881600.0,41881600.0,51.85,1.05049291,173.6,31578271.0,0.0,0.0,192106.0,47649695.0,0.0,0.0,207382.0,0.0,0.0,0.0,0.0
2023-03-28 16:46:24.303000+00:00,33116160.0,37052416.0,41467904.0,41467904.0,51.86,1.05049291,173.68,31605043.0,0.0,0.0,192268.0,47654294.0,0.0,0.0,207387.0,0.0,0.0,0.0,0.0
2023-03-28 16:46:29.377000+00:00,33116160.0,37154816.0,41484288.0,41484288.0,51.86,1.05049291,173.68,31605846.0,0.0,0.0,192272.0,47658893.0,0.0,0.0,207392.0,0.0,0.0,0.0,0.0
2023-03-28 16:46:34.190000+00:00,33116160.0,37253120.0,41615360.0,41615360.0,51.86,1.05049291,173.69,31606649.0,0.0,0.0,192276.0,47663492.0,0.0,0.0,207397.0,0.0,0.0,0.0,0.0
2023-03-28 16:46:39.490000+00:00,33116160.0,37253120.0,41615360.0,41615360.0,51.89,1.05049291,173.78,31606649.0,0.0,0.0,192388.0,47688089.0,0.0,0.0,207518.0,0.0,0.0,0.0,0.0
2023-03-28 16:46:44.148000+00:00,33116160.0,37007360.0,41324544.0,41324544.0,51.9,1.05049291,173.8,31633173.0,0.0,0.0,192438.0,47701647.0,0.0,0.0,207573.0,0.0,0.0,0.0,0.0
2023-03-28 16:46:49.505000+00:00,33239040.0,36691968.0,41324544.0,41324544.0,51.91,1.050649904,173.88,31633173.0,0.0,0.0,192438.0,47701647.0,0.0,0.0,207627.0,0.0,0.0,0.0,0.0
2023-03-28 16:46:54.058000+00:00,33239040.0,37113856.0,41680896.0,41680896.0,51.94,1.050649904,173.93,31665823.0,0.0,0.0,192631.0,47746499.0,0.0,0.0,207783.0,0.0,0.0,0.0,0.0
2023-03-28 16:46:59.260000+00:00,33239040.0,37113856.0,41680896.0,41680896.0,51.96,1.050649904,174.0,31665823.0,0.0,0.0,192631.0,47746499.0,0.0,0.0,207783.0,0.0,0.0,0.0,0.0
2023-03-28 16:47:04.005000+00:00,33239040.0,36945920.0,41353216.0,41353216.0,51.97,1.050649904,174.02,31676053.0,0.0,0.0,192695.0,47765748.0,0.0,0.0,207853.0,0.0,0.0,0.0,0.0
2023-03-28 16:47:09.186000+00:00,33239040.0,36945920.0,41353216.0,41353216.0,52.01,1.050649904,174.08,31676053.0,0.0,0.0,192746.0,47779212.0,0.0,0.0,207909.0,0.0,0.0,0.0,0.0
2023-03-28 16:47:14.661000+00:00,33239040.0,36671488.0,41000960.0,41000960.0,52.01,1.050649904,174.09,31685352.0,0.0,0.0,192750.0,47783811.0,0.0,0.0,207914.0,0.0,0.0,0.0,0.0
2023-03-28 16:47:19.180000+00:00,33239040.0,36794368.0,41000960.0,41000960.0,52.04,1.050649904,174.18,31685352.0,0.0,0.0,192750.0,47783811.0,0.0,0.0,208033.0,0.0,0.0,0.0,0.0
2023-03-28 16:47:23.917000+00:00,33239040.0,36892672.0,41242624.0,41242624.0,52.04,1.050649904,174.19,31704049.0,0.0,0.0,192866.0,47812854.0,0.0,0.0,208038.0,0.0,0.0,0.0,0.0
2023-03-28 16:47:29.104000+00:00,33239040.0,36892672.0,41242624.0,41242624.0,52.06,1.050649904,174.25,31704049.0,0.0,0.0,192866.0,47812854.0,0.0,0.0,208038.0,0.0,0.0,0.0,0.0
2023-03-28 16:47:34.001000+00:00,33239040.0,36745216.0,41250816.0,41250816.0,52.06,1.050649904,174.28,31714218.0,0.0,0.0,192928.0,47832052.0,0.0,0.0,208106.0,0.0,0.0,0.0,0.0
2023-03-28 16:47:38.778000+00:00,33239040.0,36745216.0,41250816.0,41250816.0,52.08,1.050649904,174.35,31714218.0,0.0,0.0,192928.0,47832052.0,0.0,0.0,208111.0,0.0,0.0,0.0,0.0
2023-03-28 16:47:43.870000+00:00,33239040.0,36548608.0,40996864.0,40996864.0,52.08,1.050649904,174.36,31724555.0,0.0,0.0,192990.0,47851433.0,0.0,0.0,208174.0,0.0,0.0,0.0,0.0
2023-03-28 16:47:48.852000+00:00,33366016.0,36548608.0,40996864.0,40996864.0,52.13,1.050649904,174.48,31724555.0,0.0,0.0,192990.0,47851433.0,0.0,0.0,208174.0,0.0,0.0,0.0,0.0
2023-03-28 16:47:53.823000+00:00,33366016.0,37281792.0,41979904.0,41979904.0,52.15,1.050649904,174.51,31769144.0,0.0,0.0,193269.0,47910786.0,0.0,0.0,208474.0,0.0,0.0,0.0,0.0
2023-03-28 16:47:59.208000+00:00,33366016.0,37281792.0,41979904.0,41979904.0,52.18,1.050649904,174.58,31769144.0,0.0,0.0,193269.0,47910786.0,0.0,0.0,208474.0,0.0,0.0,0.0,0.0
2023-03-28 16:48:04.366000+00:00,33366016.0,36573184.0,41070592.0,41070592.0,52.18,1.050649904,174.61,31787252.0,0.0,0.0,193379.0,47939084.0,0.0,0.0,208594.0,0.0,0.0,0.0,0.0
2023-03-28 16:48:09.623000+00:00,33366016.0,36573184.0,41070592.0,41070592.0,52.2,1.050649904,174.69,31787252.0,0.0,0.0,193379.0,47939084.0,0.0,0.0,208594.0,0.0,0.0,0.0,0.0
2023-03-28 16:48:14.075000+00:00,33366016.0,37212160.0,41656320.0,41656320.0,52.2,1.050649904,174.7,31797635.0,0.0,0.0,193441.0,47958510.0,0.0,0.0,208662.0,0.0,0.0,0.0,0.0
2023-03-28 16:48:18.540000+00:00,33366016.0,37310464.0,41799680.0,41799680.0,52.23,1.050649904,174.7,31814329.0,0.0,0.0,193543.0,47981732.0,0.0,0.0,208771.0,0.0,0.0,0.0,0.0
2023-03-28 16:48:24.626000+00:00,33366016.0,37359616.0,41680896.0,41680896.0,52.24,1.050649904,174.84,31831805.0,0.0,0.0,193649.0,48005367.0,0.0,0.0,208886.0,0.0,0.0,0.0,0.0
2023-03-28 16:48:28.944000+00:00,33366016.0,36724736.0,41680896.0,41680896.0,52.28,1.050649904,174.93,31831805.0,0.0,0.0,193649.0,48005367.0,0.0,0.0,208886.0,0.0,0.0,0.0,0.0
2023-03-28 16:48:34.055000+00:00,33366016.0,37228544.0,41545728.0,41545728.0,52.3,1.050649904,174.94,31860059.0,0.0,0.0,193827.0,48045764.0,0.0,0.0,209077.0,0.0,0.0,0.0,0.0
2023-03-28 16:48:38.334000+00:00,33366016.0,37449728.0,41930752.0,41930752.0,52.33,1.050649904,175.07,31877511.0,0.0,0.0,193937.0,48070014.0,0.0,0.0,209194.0,0.0,0.0,0.0,0.0
2023-03-28 16:48:44.605000+00:00,33366016.0,37015552.0,41443328.0,41443328.0,52.34,1.050649904,175.1,31902790.0,0.0,0.0,194089.0,48102610.0,0.0,0.0,209359.0,0.0,0.0,0.0,0.0
2023-03-28 16:48:49.120000+00:00,33517568.0,37015552.0,41062400.0,41062400.0,52.37,1.050649904,175.18,31911404.0,0.0,0.0,194139.0,48116184.0,0.0,0.0,209414.0,0.0,0.0,0.0,0.0
2023-03-28 16:48:53.816000+00:00,33517568.0,37158912.0,42008576.0,42008576.0,52.38,1.050649904,175.25,31936350.0,0.0,0.0,194290.0,48148578.0,0.0,0.0,209576.0,0.0,0.0,0.0,0.0
2023-03-28 16:48:59.376000+00:00,33517568.0,37158912.0,42008576.0,42008576.0,52.42,1.050649904,175.33,31936350.0,0.0,0.0,194290.0,48148578.0,0.0,0.0,209689.0,0.0,0.0,0.0,0.0
2023-03-28 16:49:04.270000+00:00,33517568.0,37314560.0,41648128.0,41648128.0,52.42,1.050649904,175.34,31954390.0,0.0,0.0,194401.0,48176628.0,0.0,0.0,209694.0,0.0,0.0,0.0,0.0
2023-03-28 16:49:08.963000+00:00,33517568.0,37036032.0,41730048.0,41730048.0,52.45,1.050649904,175.42,31963974.0,0.0,0.0,194459.0,48191455.0,0.0,0.0,209757.0,0.0,0.0,0.0,0.0
2023-03-28 16:49:13.868000+00:00,33517568.0,37130240.0,41594880.0,41594880.0,52.45,1.050649904,175.44,31964777.0,0.0,0.0,194463.0,48196054.0,0.0,0.0,209762.0,0.0,0.0,0.0,0.0
2023-03-28 16:49:18.842000+00:00,33517568.0,37130240.0,41209856.0,41209856.0,52.47,1.050649904,175.44,32007798.0,0.0,0.0,194729.0,48249488.0,0.0,0.0,210044.0,0.0,0.0,0.0,0.0
2023-03-28 16:49:23.664000+00:00,33517568.0,37220352.0,41562112.0,41562112.0,52.5,1.050649904,175.58,32015984.0,0.0,0.0,194777.0,48262690.0,0.0,0.0,210094.0,0.0,0.0,0.0,0.0
2023-03-28 16:49:29.703000+00:00,33517568.0,36933632.0,41562112.0,41562112.0,52.52,1.050649904,175.66,32015984.0,0.0,0.0,194777.0,48262690.0,0.0,0.0,210094.0,0.0,0.0,0.0,0.0
2023-03-28 16:49:34.762000+00:00,33517568.0,36966400.0,41410560.0,41410560.0,52.53,1.050649904,175.7,32042920.0,0.0,0.0,194941.0,48301140.0,0.0,0.0,210274.0,0.0,0.0,0.0,0.0
2023-03-28 16:49:38.650000+00:00,33517568.0,37400576.0,41717760.0,41717760.0,52.54,1.050649904,175.71,32050966.0,0.0,0.0,194989.0,48314258.0,0.0,0.0,210325.0,0.0,0.0,0.0,0.0
2023-03-28 16:49:44.482000+00:00,33517568.0,36691968.0,41037824.0,41037824.0,52.56,1.050649904,175.78,32052205.0,0.0,0.0,194995.0,48319173.0,0.0,0.0,210334.0,0.0,0.0,0.0,0.0
2023-03-28 16:49:48.742000+00:00,33517568.0,36691968.0,41037824.0,40894464.0,52.58,1.050649904,175.91,32068745.0,0.0,0.0,195097.0,48342224.0,0.0,0.0,210443.0,0.0,0.0,0.0,0.0
2023-03-28 16:49:53.869000+00:00,33689600.0,36827136.0,41496576.0,41496576.0,52.62,1.050649904,175.98,32070038.0,0.0,0.0,195104.0,48347213.0,0.0,0.0,210453.0,0.0,0.0,0.0,0.0
2023-03-28 16:49:59.185000+00:00,33689600.0,36827136.0,41496576.0,41496576.0,52.63,1.050649904,176.02,32070038.0,0.0,0.0,195104.0,48347213.0,0.0,0.0,210453.0,0.0,0.0,0.0,0.0
2023-03-28 16:50:04.825000+00:00,33689600.0,37306368.0,41639936.0,41639936.0,52.64,1.050649904,176.11,32095580.0,0.0,0.0,195260.0,48384030.0,0.0,0.0,210622.0,0.0,0.0,0.0,0.0
2023-03-28 16:50:09.264000+00:00,33689600.0,37306368.0,41639936.0,41639936.0,52.66,1.050649904,176.11,32095580.0,0.0,0.0,195260.0,48384030.0,0.0,0.0,210622.0,0.0,0.0,0.0,0.0
2023-03-28 16:50:14.821000+00:00,33689600.0,37285888.0,41635840.0,41635840.0,52.68,1.050649904,176.26,32129704.0,0.0,0.0,195468.0,48430968.0,0.0,0.0,210848.0,0.0,0.0,0.0,0.0
2023-03-28 16:50:18.423000+00:00,33689600.0,37376000.0,41746432.0,41746432.0,52.68,1.050649904,176.27,32130071.0,0.0,0.0,195470.0,48435251.0,0.0,0.0,210849.0,0.0,0.0,0.0,0.0
2023-03-28 16:50:24.490000+00:00,33689600.0,37527552.0,41893888.0,41893888.0,52.7,1.050649904,176.33,32131310.0,0.0,0.0,195476.0,48440166.0,0.0,0.0,210858.0,0.0,0.0,0.0,0.0
2023-03-28 16:50:29.549000+00:00,33689600.0,36745216.0,41893888.0,41893888.0,52.71,1.050649904,176.34,32131310.0,0.0,0.0,195476.0,48440166.0,0.0,0.0,210858.0,0.0,0.0,0.0,0.0
2023-03-28 16:50:33.471000+00:00,33689600.0,36876288.0,41316352.0,41316352.0,52.72,1.050649904,176.4,32132480.0,0.0,0.0,195482.0,48449048.0,0.0,0.0,210864.0,0.0,0.0,0.0,0.0
2023-03-28 16:50:39.612000+00:00,33689600.0,36876288.0,41316352.0,41824256.0,52.73,1.050649904,176.42,32142326.0,0.0,0.0,195542.0,48464012.0,0.0,0.0,210931.0,0.0,0.0,0.0,0.0
2023-03-28 16:50:43.686000+00:00,33689600.0,36900864.0,41517056.0,41517056.0,52.76,1.050649904,176.49,32148448.0,0.0,0.0,195575.0,48474702.0,0.0,0.0,210965.0,0.0,0.0,0.0,0.0
2023-03-28 16:50:48.622000+00:00,33775616.0,36900864.0,41517056.0,41517056.0,52.76,1.050649904,176.5,32148448.0,0.0,0.0,195595.0,48481727.0,0.0,0.0,210988.0,0.0,0.0,0.0,0.0
2023-03-28 16:50:53.595000+00:00,33775616.0,36814848.0,41529344.0,41529344.0,52.78,1.050649904,176.59,32160532.0,0.0,0.0,195653.0,48496318.0,0.0,0.0,211051.0,0.0,0.0,0.0,0.0
2023-03-28 16:50:59.437000+00:00,33775616.0,36814848.0,41529344.0,41529344.0,52.8,1.050649904,176.64,32160532.0,0.0,0.0,195653.0,48496318.0,0.0,0.0,211051.0,0.0,0.0,0.0,0.0
2023-03-28 16:51:04.208000+00:00,33775616.0,37081088.0,41648128.0,41648128.0,52.81,1.050649904,176.71,32179844.0,0.0,0.0,195774.0,48525955.0,0.0,0.0,211183.0,0.0,0.0,0.0,0.0
2023-03-28 16:51:09.410000+00:00,33775616.0,37081088.0,41648128.0,41357312.0,52.82,1.050649904,176.76,32196129.0,0.0,0.0,195870.0,48548374.0,0.0,0.0,211288.0,0.0,0.0,0.0,0.0
2023-03-28 16:51:14.704000+00:00,33775616.0,37068800.0,41562112.0,41562112.0,52.83,1.050649904,176.87,32214190.0,0.0,0.0,195982.0,48572994.0,0.0,0.0,211407.0,0.0,0.0,0.0,0.0
2023-03-28 16:51:19.088000+00:00,33775616.0,37404672.0,41848832.0,41848832.0,52.84,1.050649904,176.91,32238893.0,0.0,0.0,196132.0,48604534.0,0.0,0.0,211559.0,0.0,0.0,0.0,0.0
2023-03-28 16:51:23.703000+00:00,33775616.0,37019648.0,41390080.0,41390080.0,52.85,1.050649904,177.04,32246907.0,0.0,0.0,196180.0,48617624.0,0.0,0.0,211610.0,0.0,0.0,0.0,0.0
2023-03-28 16:51:28.120000+00:00,33775616.0,36716544.0,41168896.0,41168896.0,52.85,1.050649904,177.06,32257170.0,0.0,0.0,196246.0,48633398.0,0.0,0.0,211681.0,0.0,0.0,0.0,0.0
2023-03-28 16:51:33.698000+00:00,33775616.0,36909056.0,41607168.0,41607168.0,52.89,1.050649904,177.15,32275970.0,0.0,0.0,196366.0,48659163.0,0.0,0.0,211810.0,0.0,0.0,0.0,0.0
2023-03-28 16:51:39.265000+00:00,33775616.0,36909056.0,41607168.0,41607168.0,52.89,1.050649904,177.15,32275970.0,0.0,0.0,196372.0,48664078.0,0.0,0.0,211819.0,0.0,0.0,0.0,0.0
2023-03-28 16:51:43.999000+00:00,33775616.0,37515264.0,42061824.0,42061824.0,52.91,1.050649904,177.24,32285845.0,0.0,0.0,196422.0,48677614.0,0.0,0.0,211873.0,0.0,0.0,0.0,0.0
2023-03-28 16:51:49.152000+00:00,33935360.0,37515264.0,42061824.0,42061824.0,52.92,1.050649904,177.26,32285845.0,0.0,0.0,196518.0,48699873.0,0.0,0.0,211978.0,0.0,0.0,0.0,0.0
2023-03-28 16:51:54.709000+00:00,33935360.0,36773888.0,41394176.0,41394176.0,52.96,1.050649904,177.36,32318165.0,0.0,0.0,196615.0,48722186.0,0.0,0.0,212084.0,0.0,0.0,0.0,0.0
2023-03-28 16:51:58.839000+00:00,33935360.0,36773888.0,41394176.0,41394176.0,52.97,1.050649904,177.4,32318165.0,0.0,0.0,196615.0,48722186.0,0.0,0.0,212084.0,0.0,0.0,0.0,0.0
2023-03-28 16:52:03.806000+00:00,33935360.0,36945920.0,41385984.0,41385984.0,52.98,1.050649904,177.45,32354031.0,0.0,0.0,196839.0,48771404.0,0.0,0.0,212322.0,0.0,0.0,0.0,0.0
2023-03-28 16:52:09.407000+00:00,33935360.0,36945920.0,41385984.0,41385984.0,53.0,1.050649904,177.54,32354031.0,0.0,0.0,196945.0,48795021.0,0.0,0.0,212437.0,0.0,0.0,0.0,0.0
2023-03-28 16:52:14.502000+00:00,33935360.0,37511168.0,41910272.0,41910272.0,53.0,1.050649904,177.58,32380011.0,0.0,0.0,196995.0,48808477.0,0.0,0.0,212492.0,0.0,0.0,0.0,0.0
2023-03-28 16:52:19.492000+00:00,33935360.0,37224448.0,41910272.0,41910272.0,53.03,1.050649904,177.64,32380011.0,0.0,0.0,196995.0,48808477.0,0.0,0.0,212555.0,0.0,0.0,0.0,0.0
2023-03-28 16:52:23.687000+00:00,33935360.0,37318656.0,41676800.0,41676800.0,53.03,1.050649904,177.64,32389748.0,0.0,0.0,197055.0,48827365.0,0.0,0.0,212556.0,0.0,0.0,0.0,0.0
2023-03-28 16:52:29.458000+00:00,33935360.0,37466112.0,41918464.0,41918464.0,53.05,1.050649904,177.7,32390987.0,0.0,0.0,197061.0,48832280.0,0.0,0.0,212565.0,0.0,0.0,0.0,0.0
2023-03-28 16:52:33.511000+00:00,33935360.0,37052416.0,41377792.0,41377792.0,53.06,1.050649904,177.71,32399053.0,0.0,0.0,197109.0,48845426.0,0.0,0.0,212616.0,0.0,0.0,0.0,0.0
2023-03-28 16:52:39.730000+00:00,33935360.0,37052416.0,41377792.0,41377792.0,53.08,1.050649904,177.77,32399053.0,0.0,0.0,197109.0,48845426.0,0.0,0.0,212625.0,0.0,0.0,0.0,0.0
2023-03-28 16:52:43.967000+00:00,33935360.0,36859904.0,41209856.0,41209856.0,53.09,1.050649904,177.79,32408774.0,0.0,0.0,197165.0,48863717.0,0.0,0.0,212679.0,0.0,0.0,0.0,0.0
2023-03-28 16:52:48.703000+00:00,34070528.0,37240832.0,41209856.0,41209856.0,53.14,1.050649904,177.89,32408774.0,0.0,0.0,197165.0,48863717.0,0.0,0.0,212679.0,0.0,0.0,0.0,0.0
2023-03-28 16:52:53.460000+00:00,34070528.0,36904960.0,41222144.0,41222144.0,53.14,1.050649904,177.91,32441811.0,0.0,0.0,197366.0,48908939.0,0.0,0.0,212889.0,0.0,0.0,0.0,0.0
2023-03-28 16:52:59.507000+00:00,34070528.0,36904960.0,41222144.0,41222144.0,53.17,1.050649904,178.0,32441811.0,0.0,0.0,197421.0,48922997.0,0.0,0.0,212951.0,0.0,0.0,0.0,0.0
2023-03-28 16:53:04.802000+00:00,34070528.0,36724736.0,41156608.0,41156608.0,53.17,1.050649904,178.01,32451804.0,0.0,0.0,197425.0,48927596.0,0.0,0.0,212956.0,0.0,0.0,0.0,0.0
2023-03-28 16:53:09.215000+00:00,34070528.0,36782080.0,41127936.0,41127936.0,53.2,1.050649904,178.01,32467955.0,0.0,0.0,197521.0,48949869.0,0.0,0.0,213061.0,0.0,0.0,0.0,0.0
2023-03-28 16:53:14.573000+00:00,34070528.0,36823040.0,41140224.0,41140224.0,53.22,1.050649904,178.1,32485231.0,0.0,0.0,197626.0,48973338.0,0.0,0.0,213172.0,0.0,0.0,0.0,0.0
2023-03-28 16:53:18.806000+00:00,34070528.0,36823040.0,41140224.0,41140224.0,53.25,1.050649904,178.18,32485231.0,0.0,0.0,197626.0,48986450.0,0.0,0.0,213223.0,0.0,0.0,0.0,0.0
2023-03-28 16:53:24.542000+00:00,34070528.0,37023744.0,41373696.0,41373696.0,53.26,1.050649904,178.2,32503124.0,0.0,0.0,197735.0,49001371.0,0.0,0.0,213290.0,0.0,0.0,0.0,0.0
2023-03-28 16:53:29.810000+00:00,34070528.0,37163008.0,41582592.0,41582592.0,53.27,1.050649904,178.27,32503927.0,0.0,0.0,197739.0,49005970.0,0.0,0.0,213295.0,0.0,0.0,0.0,0.0
2023-03-28 16:53:33.753000+00:00,34070528.0,37216256.0,41664512.0,41664512.0,53.28,1.050649904,178.3,32521370.0,0.0,0.0,197849.0,49030072.0,0.0,0.0,213410.0,0.0,0.0,0.0,0.0
2023-03-28 16:53:38.977000+00:00,34070528.0,37216256.0,41664512.0,41664512.0,53.31,1.050649904,178.36,32521370.0,0.0,0.0,197849.0,49030072.0,0.0,0.0,213419.0,0.0,0.0,0.0,0.0
2023-03-28 16:53:44.550000+00:00,34070528.0,37482496.0,41922560.0,41922560.0,53.32,1.050649904,178.4,32540553.0,0.0,0.0,197967.0,49059606.0,0.0,0.0,213540.0,0.0,0.0,0.0,0.0
2023-03-28 16:53:49.015000+00:00,34185216.0,36761600.0,41922560.0,41922560.0,53.34,1.050649904,178.48,32540553.0,0.0,0.0,197967.0,49059606.0,0.0,0.0,213545.0,0.0,0.0,0.0,0.0
2023-03-28 16:53:53.201000+00:00,34185216.0,36810752.0,41127936.0,41127936.0,53.35,1.050649904,178.52,32558031.0,0.0,0.0,198074.0,49087260.0,0.0,0.0,213653.0,0.0,0.0,0.0,0.0
2023-03-28 16:53:59.143000+00:00,34185216.0,37449728.0,41955328.0,41955328.0,53.38,1.050649904,178.62,32568185.0,0.0,0.0,198137.0,49102561.0,0.0,0.0,213723.0,0.0,0.0,0.0,0.0
2023-03-28 16:54:03.706000+00:00,34185216.0,37490688.0,41885696.0,41885696.0,53.39,1.050649904,178.66,32584759.0,0.0,0.0,198239.0,49125604.0,0.0,0.0,213831.0,0.0,0.0,0.0,0.0
2023-03-28 16:54:08.483000+00:00,34185216.0,37490688.0,41885696.0,41885696.0,53.39,1.050649904,178.68,32584759.0,0.0,0.0,198239.0,49125604.0,0.0,0.0,213885.0,0.0,0.0,0.0,0.0
2023-03-28 16:54:14.185000+00:00,34185216.0,37228544.0,41611264.0,41611264.0,53.42,1.050649904,178.78,32611736.0,0.0,0.0,198404.0,49163908.0,0.0,0.0,214009.0,0.0,0.0,0.0,0.0
2023-03-28 16:54:18.937000+00:00,34185216.0,37228544.0,41611264.0,41611264.0,53.43,1.050649904,178.78,32611736.0,0.0,0.0,198404.0,49163908.0,0.0,0.0,214009.0,0.0,0.0,0.0,0.0
2023-03-28 16:54:23.565000+00:00,34185216.0,37089280.0,41451520.0,41451520.0,53.46,1.050649904,178.9,32639489.0,0.0,0.0,198580.0,49203996.0,0.0,0.0,214197.0,0.0,0.0,0.0,0.0
2023-03-28 16:54:28.723000+00:00,34185216.0,37089280.0,41451520.0,41451520.0,53.46,1.050649904,178.9,32639489.0,0.0,0.0,198580.0,49203996.0,0.0,0.0,214197.0,0.0,0.0,0.0,0.0
2023-03-28 16:54:33.772000+00:00,34185216.0,37322752.0,41693184.0,41693184.0,53.48,1.050649904,178.96,32641095.0,0.0,0.0,198588.0,49213194.0,0.0,0.0,214207.0,0.0,0.0,0.0,0.0
2023-03-28 16:54:39.709000+00:00,34185216.0,37425152.0,41693184.0,41693184.0,53.48,1.050649904,178.97,32641095.0,0.0,0.0,198588.0,49213194.0,0.0,0.0,214207.0,0.0,0.0,0.0,0.0
2023-03-28 16:54:44.345000+00:00,34185216.0,37441536.0,41881600.0,41881600.0,53.54,1.050649904,179.09,32676309.0,0.0,0.0,198798.0,49261114.0,0.0,0.0,214437.0,0.0,0.0,0.0,0.0
2023-03-28 16:54:49.609000+00:00,34328576.0,37539840.0,41889792.0,41889792.0,53.54,1.050649904,179.09,32677112.0,0.0,0.0,198802.0,49265713.0,0.0,0.0,214442.0,0.0,0.0,0.0,0.0
2023-03-28 16:54:53.754000+00:00,34328576.0,37240832.0,41558016.0,41558016.0,53.56,1.050649904,179.17,32686019.0,0.0,0.0,198858.0,49279971.0,0.0,0.0,214501.0,0.0,0.0,0.0,0.0
2023-03-28 16:54:59.790000+00:00,34328576.0,37240832.0,41558016.0,41558016.0,53.58,1.050649904,179.18,32686019.0,0.0,0.0,198858.0,49279971.0,0.0,0.0,214501.0,0.0,0.0,0.0,0.0
2023-03-28 16:55:04.753000+00:00,34328576.0,36720640.0,41304064.0,41304064.0,53.59,1.050649904,179.24,32688199.0,0.0,0.0,198871.0,49289643.0,0.0,0.0,214518.0,0.0,0.0,0.0,0.0
2023-03-28 16:55:09.098000+00:00,34328576.0,36773888.0,41263104.0,41263104.0,53.59,1.050649904,179.24,32705227.0,0.0,0.0,198975.0,49313001.0,0.0,0.0,214630.0,0.0,0.0,0.0,0.0
2023-03-28 16:55:13.063000+00:00,34328576.0,36900864.0,41381888.0,41381888.0,53.6,1.050649904,179.38,32705594.0,0.0,0.0,198977.0,49317284.0,0.0,0.0,214631.0,0.0,0.0,0.0,0.0
2023-03-28 16:55:18.975000+00:00,34328576.0,36900864.0,41316352.0,41316352.0,53.61,1.050649904,179.38,32722205.0,0.0,0.0,199075.0,49339829.0,0.0,0.0,214739.0,0.0,0.0,0.0,0.0
2023-03-28 16:55:23.393000+00:00,34328576.0,37470208.0,41861120.0,41861120.0,53.63,1.050649904,179.52,32732041.0,0.0,0.0,199139.0,49355311.0,0.0,0.0,214806.0,0.0,0.0,0.0,0.0
2023-03-28 16:55:29.182000+00:00,34328576.0,37470208.0,41861120.0,41861120.0,53.63,1.050649904,179.52,32732041.0,0.0,0.0,199139.0,49355311.0,0.0,0.0,214806.0,0.0,0.0,0.0,0.0
2023-03-28 16:55:34.672000+00:00,34328576.0,36728832.0,41070592.0,41070592.0,53.66,1.050649904,179.6,32749569.0,0.0,0.0,199241.0,49382509.0,0.0,0.0,214918.0,0.0,0.0,0.0,0.0
2023-03-28 16:55:39.892000+00:00,34328576.0,37232640.0,41549824.0,41549824.0,53.66,1.050649904,179.63,32758995.0,0.0,0.0,199299.0,49397174.0,0.0,0.0,214981.0,0.0,0.0,0.0,0.0
2023-03-28 16:55:44.443000+00:00,34328576.0,36995072.0,41414656.0,41414656.0,53.68,1.050649904,179.73,32768374.0,0.0,0.0,199357.0,49411783.0,0.0,0.0,215044.0,0.0,0.0,0.0,0.0
2023-03-28 16:55:48.688000+00:00,34426880.0,36995072.0,41467904.0,41467904.0,53.68,1.050649904,179.73,32768741.0,0.0,0.0,199359.0,49416066.0,0.0,0.0,215045.0,0.0,0.0,0.0,0.0
2023-03-28 16:55:54.318000+00:00,34426880.0,37310464.0,42102784.0,42102784.0,53.72,1.050649904,179.8,32770034.0,0.0,0.0,199366.0,49421055.0,0.0,0.0,215055.0,0.0,0.0,0.0,0.0
2023-03-28 16:55:58.675000+00:00,34426880.0,36913152.0,42102784.0,42102784.0,53.74,1.050649904,179.82,32770034.0,0.0,0.0,199366.0,49421055.0,0.0,0.0,215055.0,0.0,0.0,0.0,0.0
2023-03-28 16:56:04.319000+00:00,34426880.0,37519360.0,41897984.0,41897984.0,53.76,1.050649904,179.91,32788915.0,0.0,0.0,199485.0,49450282.0,0.0,0.0,215182.0,0.0,0.0,0.0,0.0
2023-03-28 16:56:09.706000+00:00,34426880.0,37519360.0,41590784.0,41590784.0,53.77,1.050649904,179.93,32797567.0,0.0,0.0,199536.0,49463832.0,0.0,0.0,215237.0,0.0,0.0,0.0,0.0
2023-03-28 16:56:14.668000+00:00,34426880.0,36765696.0,41402368.0,41402368.0,53.79,1.051309008,180.01,32806003.0,0.0,0.0,199586.0,49477222.0,0.0,0.0,215292.0,0.0,0.0,0.0,0.0
2023-03-28 16:56:19.735000+00:00,34426880.0,36765696.0,41144320.0,41144320.0,53.8,1.051309008,180.01,32823250.0,0.0,0.0,199690.0,49500790.0,0.0,0.0,215404.0,0.0,0.0,0.0,0.0
2023-03-28 16:56:24.737000+00:00,34426880.0,36925440.0,41308160.0,41308160.0,53.81,1.051309008,180.15,32824053.0,0.0,0.0,199694.0,49505389.0,0.0,0.0,215409.0,0.0,0.0,0.0,0.0
2023-03-28 16:56:29.771000+00:00,34426880.0,36925440.0,41308160.0,41308160.0,53.82,1.051309008,180.15,32824053.0,0.0,0.0,199694.0,49505389.0,0.0,0.0,215409.0,0.0,0.0,0.0,0.0
2023-03-28 16:56:34.150000+00:00,34426880.0,37064704.0,41758720.0,41758720.0,53.87,1.051309008,180.31,32876319.0,0.0,0.0,200018.0,49573616.0,0.0,0.0,215759.0,0.0,0.0,0.0,0.0
2023-03-28 16:56:39.838000+00:00,34426880.0,37064704.0,41758720.0,40984576.0,53.88,1.051309008,180.31,32884767.0,0.0,0.0,200068.0,49587032.0,0.0,0.0,215814.0,0.0,0.0,0.0,0.0
2023-03-28 16:56:44.723000+00:00,34426880.0,36798464.0,41316352.0,41316352.0,53.9,1.051309008,180.4,32885570.0,0.0,0.0,200072.0,49591631.0,0.0,0.0,215819.0,0.0,0.0,0.0,0.0
2023-03-28 16:56:49.266000+00:00,34426880.0,36798464.0,41316352.0,41230336.0,53.92,1.051309008,180.44,32903606.0,0.0,0.0,200185.0,49616015.0,0.0,0.0,215936.0,0.0,0.0,0.0,0.0
2023-03-28 16:56:54.378000+00:00,34566144.0,37085184.0,41848832.0,41848832.0,53.93,1.05313974,180.45,32904463.0,0.0,0.0,200190.0,49620688.0,0.0,0.0,215942.0,0.0,0.0,0.0,0.0
2023-03-28 16:56:58.955000+00:00,34566144.0,37085184.0,41848832.0,41848832.0,53.95,1.05313974,180.53,32904463.0,0.0,0.0,200190.0,49620688.0,0.0,0.0,215942.0,0.0,0.0,0.0,0.0
2023-03-28 16:57:04.160000+00:00,34566144.0,36835328.0,41406464.0,41406464.0,53.96,1.05313974,180.57,32931803.0,0.0,0.0,200362.0,49659937.0,0.0,0.0,216128.0,0.0,0.0,0.0,0.0
2023-03-28 16:57:09.120000+00:00,34566144.0,37380096.0,41824256.0,41824256.0,53.97,1.05313974,180.57,32941241.0,0.0,0.0,200420.0,49674619.0,0.0,0.0,216191.0,0.0,0.0,0.0,0.0
2023-03-28 16:57:13.271000+00:00,34566144.0,36646912.0,41185280.0,41185280.0,53.97,1.05313974,180.64,32941608.0,0.0,0.0,200422.0,49678902.0,0.0,0.0,216192.0,0.0,0.0,0.0,0.0
2023-03-28 16:57:19.653000+00:00,34566144.0,36769792.0,41091072.0,41091072.0,54.0,1.05313974,180.74,32959080.0,0.0,0.0,200528.0,49702577.0,0.0,0.0,216308.0,0.0,0.0,0.0,0.0
2023-03-28 16:57:24.129000+00:00,34566144.0,37105664.0,41615360.0,41615360.0,54.01,1.05313974,180.78,32982885.0,0.0,0.0,200672.0,49733639.0,0.0,0.0,216461.0,0.0,0.0,0.0,0.0
2023-03-28 16:57:28.679000+00:00,34566144.0,37105664.0,41615360.0,41615360.0,54.04,1.05313974,180.78,32982885.0,0.0,0.0,200672.0,49733639.0,0.0,0.0,216461.0,0.0,0.0,0.0,0.0
2023-03-28 16:57:33.707000+00:00,34566144.0,36958208.0,41586688.0,41586688.0,54.08,1.05313974,180.98,32996401.0,0.0,0.0,200763.0,49757372.0,0.0,0.0,216558.0,0.0,0.0,0.0,0.0
2023-03-28 16:57:39.415000+00:00,34566144.0,36958208.0,41586688.0,41627648.0,54.1,1.05313974,181.05,32998494.0,0.0,0.0,200776.0,49763517.0,0.0,0.0,216576.0,0.0,0.0,0.0,0.0
2023-03-28 16:57:43.602000+00:00,34566144.0,37081088.0,41443328.0,41443328.0,54.11,1.05313974,181.08,33014211.0,0.0,0.0,200870.0,49785282.0,0.0,0.0,216674.0,0.0,0.0,0.0,0.0
2023-03-28 16:57:49.434000+00:00,34684928.0,37081088.0,41443328.0,41443328.0,54.14,1.05313974,181.15,33014211.0,0.0,0.0,200930.0,49800197.0,0.0,0.0,216741.0,0.0,0.0,0.0,0.0
2023-03-28 16:57:54.083000+00:00,34684928.0,37298176.0,42000384.0,42000384.0,54.16,1.05313974,181.18,33032556.0,0.0,0.0,200981.0,49813599.0,0.0,0.0,216795.0,0.0,0.0,0.0,0.0
2023-03-28 16:57:59.014000+00:00,34684928.0,37298176.0,42000384.0,42000384.0,54.18,1.05313974,181.28,33032556.0,0.0,0.0,200981.0,49813599.0,0.0,0.0,216795.0,0.0,0.0,0.0,0.0
2023-03-28 16:58:04.649000+00:00,34684928.0,37351424.0,41713664.0,41713664.0,54.19,1.05313974,181.28,33049690.0,0.0,0.0,201083.0,49840601.0,0.0,0.0,216906.0,0.0,0.0,0.0,0.0
2023-03-28 16:58:08.577000+00:00,34684928.0,37351424.0,41713664.0,41713664.0,54.2,1.05313974,181.35,33049690.0,0.0,0.0,201085.0,49844884.0,0.0,0.0,216907.0,0.0,0.0,0.0,0.0
2023-03-28 16:58:13.880000+00:00,34684928.0,36704256.0,41226240.0,41226240.0,54.21,1.05313974,181.35,33050860.0,0.0,0.0,201089.0,49849483.0,0.0,0.0,216912.0,0.0,0.0,0.0,0.0
2023-03-28 16:58:19.677000+00:00,34684928.0,36704256.0,41226240.0,41226240.0,54.25,1.05313974,181.45,33050860.0,0.0,0.0,201249.0,49883235.0,0.0,0.0,217085.0,0.0,0.0,0.0,0.0
2023-03-28 16:58:24.418000+00:00,34684928.0,37257216.0,41607168.0,41607168.0,54.25,1.05313974,181.46,33077827.0,0.0,0.0,201253.0,49887834.0,0.0,0.0,217090.0,0.0,0.0,0.0,0.0
2023-03-28 16:58:28.654000+00:00,34684928.0,37384192.0,41762816.0,41762816.0,54.26,1.05313974,181.53,33078194.0,0.0,0.0,201255.0,49892117.0,0.0,0.0,217091.0,0.0,0.0,0.0,0.0
2023-03-28 16:58:34.070000+00:00,34684928.0,36851712.0,41291776.0,41291776.0,54.27,1.05313974,181.58,33103560.0,0.0,0.0,201407.0,49924786.0,0.0,0.0,217256.0,0.0,0.0,0.0,0.0
2023-03-28 16:58:38.823000+00:00,34684928.0,36851712.0,41291776.0,41291776.0,54.29,1.05313974,181.64,33103560.0,0.0,0.0,201409.0,49929069.0,0.0,0.0,217257.0,0.0,0.0,0.0,0.0
2023-03-28 16:58:43.782000+00:00,34684928.0,37437440.0,41787392.0,41787392.0,54.3,1.05313974,181.66,33112381.0,0.0,0.0,201459.0,49942485.0,0.0,0.0,217312.0,0.0,0.0,0.0,0.0
2023-03-28 16:58:48.460000+00:00,34787328.0,37437440.0,41787392.0,41787392.0,54.32,1.05313974,181.73,33112381.0,0.0,0.0,201459.0,49942485.0,0.0,0.0,217317.0,0.0,0.0,0.0,0.0
2023-03-28 16:58:54.388000+00:00,34787328.0,36876288.0,41541632.0,41541632.0,54.33,1.05313974,181.75,33114477.0,0.0,0.0,201470.0,49952073.0,0.0,0.0,217327.0,0.0,0.0,0.0,0.0
2023-03-28 16:58:59.426000+00:00,34787328.0,37179392.0,41627648.0,41627648.0,54.35,1.05313974,181.86,33138533.0,0.0,0.0,201615.0,49983223.0,0.0,0.0,217482.0,0.0,0.0,0.0,0.0
2023-03-28 16:59:04.205000+00:00,34787328.0,36765696.0,41222144.0,41222144.0,54.36,1.05313974,181.9,33147015.0,0.0,0.0,201665.0,49996531.0,0.0,0.0,217535.0,0.0,0.0,0.0,0.0
2023-03-28 16:59:09+00:00,34787328.0,36765696.0,41222144.0,41222144.0,54.36,1.05313974,181.9,33147015.0,0.0,0.0,201665.0,49996531.0,0.0,0.0,217536.0,0.0,0.0,0.0,0.0
2023-03-28 16:59:13.862000+00:00,34787328.0,37347328.0,41672704.0,41672704.0,54.38,1.05313974,181.99,33155898.0,0.0,0.0,201717.0,50014230.0,0.0,0.0,217590.0,0.0,0.0,0.0,0.0
2023-03-28 16:59:19.666000+00:00,34787328.0,37347328.0,41672704.0,41672704.0,54.38,1.05313974,181.99,33155898.0,0.0,0.0,201717.0,50014230.0,0.0,0.0,217665.0,0.0,0.0,0.0,0.0
2023-03-28 16:59:24.094000+00:00,34787328.0,37183488.0,41635840.0,41635840.0,54.41,1.05313974,182.11,33167439.0,0.0,0.0,201791.0,50034949.0,0.0,0.0,217672.0,0.0,0.0,0.0,0.0
2023-03-28 16:59:29.602000+00:00,34787328.0,37277696.0,41701376.0,41635840.0,54.41,1.05313974,182.14,33167439.0,0.0,0.0,201791.0,50034949.0,0.0,0.0,217672.0,0.0,0.0,0.0,0.0
2023-03-28 16:59:34.568000+00:00,34787328.0,36933632.0,41291776.0,41291776.0,54.45,1.05313974,182.22,33194050.0,0.0,0.0,201954.0,50072995.0,0.0,0.0,217846.0,0.0,0.0,0.0,0.0
2023-03-28 16:59:38.793000+00:00,34787328.0,36933632.0,41291776.0,41291776.0,54.45,1.05313974,182.24,33194050.0,0.0,0.0,201954.0,50072995.0,0.0,0.0,217896.0,0.0,0.0,0.0,0.0
2023-03-28 16:59:44.440000+00:00,34787328.0,37388288.0,41730048.0,41730048.0,54.46,1.05313974,182.35,33218741.0,0.0,0.0,202100.0,50108370.0,0.0,0.0,218000.0,0.0,0.0,0.0,0.0
2023-03-28 16:59:49.808000+00:00,34906112.0,37384192.0,41730048.0,41730048.0,54.46,1.05313974,182.37,33218741.0,0.0,0.0,202100.0,50108370.0,0.0,0.0,218000.0,0.0,0.0,0.0,0.0
2023-03-28 16:59:54.094000+00:00,34906112.0,37269504.0,42319872.0,42319872.0,54.5,1.05313974,182.46,33245226.0,0.0,0.0,202263.0,50146388.0,0.0,0.0,218175.0,0.0,0.0,0.0,0.0
2023-03-28 16:59:59.338000+00:00,34906112.0,37269504.0,42319872.0,42319872.0,54.51,1.05313974,182.48,33245226.0,0.0,0.0,202263.0,50146388.0,0.0,0.0,218175.0,0.0,0.0,0.0,0.0
2023-03-28 17:00:03.889000+00:00,34906112.0,37036032.0,41717760.0,41717760.0,54.52,1.05313974,182.54,33254189.0,0.0,0.0,202318.0,50164213.0,0.0,0.0,218234.0,0.0,0.0,0.0,0.0
2023-03-28 17:00:08.900000+00:00,34906112.0,37036032.0,41717760.0,41717760.0,54.53,1.05313974,182.57,33254189.0,0.0,0.0,202318.0,50164213.0,0.0,0.0,218305.0,0.0,0.0,0.0,0.0
2023-03-28 17:00:14.177000+00:00,34906112.0,36925440.0,41299968.0,41299968.0,54.55,1.05313974,182.63,33265670.0,0.0,0.0,202390.0,50184887.0,0.0,0.0,218314.0,0.0,0.0,0.0,0.0
2023-03-28 17:00:18.277000+00:00,34906112.0,37019648.0,41357312.0,41357312.0,54.55,1.05313974,182.64,33266037.0,0.0,0.0,202392.0,50189170.0,0.0,0.0,218315.0,0.0,0.0,0.0,0.0
2023-03-28 17:00:24.469000+00:00,34906112.0,36925440.0,41521152.0,41521152.0,54.57,1.053659579,182.74,33280771.0,0.0,0.0,202476.0,50209253.0,0.0,0.0,218405.0,0.0,0.0,0.0,0.0
2023-03-28 17:00:29.040000+00:00,34906112.0,37191680.0,41512960.0,41512960.0,54.58,1.053659579,182.74,33284267.0,0.0,0.0,202502.0,50217359.0,0.0,0.0,218405.0,0.0,0.0,0.0,0.0
2023-03-28 17:00:33.771000+00:00,34906112.0,37326848.0,41730048.0,41730048.0,54.6,1.053659579,182.8,33284634.0,0.0,0.0,202504.0,50221642.0,0.0,0.0,218436.0,0.0,0.0,0.0,0.0
2023-03-28 17:00:38.899000+00:00,34906112.0,37433344.0,41762816.0,41762816.0,54.6,1.053659579,182.81,33285437.0,0.0,0.0,202508.0,50226241.0,0.0,0.0,218441.0,0.0,0.0,0.0,0.0
2023-03-28 17:00:44.076000+00:00,34906112.0,36745216.0,41197568.0,41197568.0,54.62,1.053717482,182.87,33286676.0,0.0,0.0,202514.0,50231156.0,0.0,0.0,218450.0,0.0,0.0,0.0,0.0
2023-03-28 17:00:48.792000+00:00,34983936.0,37244928.0,41635840.0,41635840.0,54.62,1.053717482,182.89,33295666.0,0.0,0.0,202570.0,50245505.0,0.0,0.0,218509.0,0.0,0.0,0.0,0.0
2023-03-28 17:00:54.125000+00:00,34983936.0,36651008.0,41385984.0,41385984.0,54.65,1.05379846,182.98,33297085.0,0.0,0.0,202580.0,50250620.0,0.0,0.0,218522.0,0.0,0.0,0.0,0.0
2023-03-28 17:00:58.555000+00:00,34983936.0,36745216.0,41385984.0,41385984.0,54.65,1.05379846,182.99,33297085.0,0.0,0.0,202580.0,50250620.0,0.0,0.0,218522.0,0.0,0.0,0.0,0.0
2023-03-28 17:01:04.627000+00:00,34983936.0,36823040.0,41353216.0,41353216.0,54.68,1.053862718,183.09,33315002.0,0.0,0.0,202690.0,50278733.0,0.0,0.0,218642.0,0.0,0.0,0.0,0.0
2023-03-28 17:01:09.497000+00:00,34983936.0,36823040.0,41250816.0,41250816.0,54.68,1.053862718,183.09,33315805.0,0.0,0.0,202694.0,50283332.0,0.0,0.0,218647.0,0.0,0.0,0.0,0.0
2023-03-28 17:01:14.117000+00:00,34983936.0,37306368.0,41754624.0,41754624.0,54.72,1.054470018,183.24,33356775.0,0.0,0.0,202944.0,50334247.0,0.0,0.0,218915.0,0.0,0.0,0.0,0.0
2023-03-28 17:01:19.236000+00:00,34983936.0,37306368.0,41783296.0,41783296.0,54.73,1.05477733,183.26,33373830.0,0.0,0.0,203048.0,50357577.0,0.0,0.0,219026.0,0.0,0.0,0.0,0.0
2023-03-28 17:01:23.748000+00:00,34983936.0,36884480.0,41435136.0,41435136.0,54.76,1.054892975,183.34,33397406.0,0.0,0.0,203190.0,50387905.0,0.0,0.0,219169.0,0.0,0.0,0.0,0.0
2023-03-28 17:01:28.339000+00:00,34983936.0,36884480.0,41435136.0,41435136.0,54.78,1.054892975,183.37,33397406.0,0.0,0.0,203190.0,50387905.0,0.0,0.0,219169.0,0.0,0.0,0.0,0.0
2023-03-28 17:01:34.172000+00:00,34983936.0,37347328.0,41975808.0,41975808.0,54.81,1.054892975,183.47,33439676.0,0.0,0.0,203446.0,50443714.0,0.0,0.0,219444.0,0.0,0.0,0.0,0.0
2023-03-28 17:01:39.382000+00:00,34983936.0,37347328.0,41533440.0,41533440.0,54.83,1.054892975,183.47,33456722.0,0.0,0.0,203550.0,50467172.0,0.0,0.0,219557.0,0.0,0.0,0.0,0.0
2023-03-28 17:01:44.312000+00:00,34983936.0,36511744.0,41488384.0,41488384.0,54.87,1.054892975,183.58,33457525.0,0.0,0.0,203554.0,50471771.0,0.0,0.0,219562.0,0.0,0.0,0.0,0.0
2023-03-28 17:01:49.660000+00:00,34983936.0,36605952.0,40947712.0,40947712.0,54.87,1.054892975,183.58,33458328.0,0.0,0.0,203558.0,50476370.0,0.0,0.0,219567.0,0.0,0.0,0.0,0.0
2023-03-28 17:01:54.206000+00:00,35151872.0,36794368.0,41635840.0,41635840.0,54.88,1.054892975,183.6,33459407.0,0.0,0.0,203566.0,50481043.0,0.0,0.0,219573.0,0.0,0.0,0.0,0.0
2023-03-28 17:01:59.608000+00:00,35151872.0,36925440.0,41365504.0,41365504.0,54.91,1.054892975,183.6,33460624.0,0.0,0.0,203577.0,50485726.0,0.0,0.0,219580.0,0.0,0.0,0.0,0.0
2023-03-28 17:03:20.507000+00:00,35151872.0,14647296.0,16650240.0,16650240.0,0.1,1.054892975,183.6,414.0,0.0,0.0,5.0,0.0,0.0,0.0,0.0,0.0,0.0,0.0,0.0
2023-03-28 17:03:25.167000+00:00,35151872.0,36188160.0,40157184.0,40157184.0,0.18,1.054892975,183.6,3782.0,0.0,0.0,42.0,4778.0,0.0,0.0,11.0,0.0,0.0,0.0,0.0
2023-03-28 17:03:29.733000+00:00,45056.0,24649728.0,28594176.0,28594176.0,0.19,0.002463384,1.29,4818.0,0.0,0.0,54.0,9172.0,0.0,0.0,16.0,0.0,0.0,0.0,0.0
2023-03-28 17:03:34.579000+00:00,45056.0,24666112.0,28561408.0,28561408.0,0.22,0.002463384,1.36,5521.0,0.0,0.0,62.0,13482.0,0.0,0.0,19.0,0.0,0.0,0.0,0.0
2023-03-28 17:03:39.095000+00:00,45056.0,23678976.0,27619328.0,27619328.0,0.23,0.002463384,1.36,6680.0,0.0,0.0,71.0,18266.0,0.0,0.0,25.0,0.0,0.0,0.0,0.0
2023-03-28 17:03:43.809000+00:00,45056.0,23949312.0,27860992.0,27860992.0,0.24,0.002463384,1.56,7525.0,0.0,0.0,76.0,22744.0,0.0,0.0,30.0,0.0,0.0,0.0,0.0
2023-03-28 17:03:48.531000+00:00,45056.0,24096768.0,27996160.0,27996160.0,0.24,0.040347641,1.56,8328.0,0.0,0.0,80.0,27222.0,0.0,0.0,35.0,0.0,0.0,0.0,0.0
2023-03-28 17:03:53.751000+00:00,45056.0,24309760.0,28246016.0,28246016.0,0.25,0.002463384,1.64,9308.0,0.0,0.0,86.0,31700.0,0.0,0.0,40.0,0.0,0.0,0.0,0.0
2023-03-28 17:03:59.096000+00:00,45056.0,24309760.0,28348416.0,28348416.0,0.25,0.002463384,1.65,10111.0,0.0,0.0,90.0,36178.0,0.0,0.0,45.0,0.0,0.0,0.0,0.0
2023-03-28 17:04:03.441000+00:00,45056.0,24649728.0,28708864.0,28708864.0,0.26,0.002463384,1.72,10914.0,0.0,0.0,94.0,40656.0,0.0,0.0,50.0,0.0,0.0,0.0,0.0
2023-03-28 17:04:08.241000+00:00,45056.0,24178688.0,28241920.0,28241920.0,0.26,0.002463384,1.72,15722.0,0.0,0.0,116.0,49257.0,0.0,0.0,72.0,0.0,0.0,0.0,0.0
2023-03-28 17:04:14.504000+00:00,45056.0,24178688.0,28241920.0,28241920.0,0.29,0.002463384,1.94,43580.0,0.0,0.0,292.0,84919.0,0.0,0.0,259.0,0.0,0.0,0.0,0.0
2023-03-28 17:04:19.045000+00:00,45056.0,24817664.0,28717056.0,28717056.0,0.3,0.002463384,1.94,67552.0,0.0,0.0,435.0,115947.0,0.0,0.0,413.0,0.0,0.0,0.0,0.0
2023-03-28 17:04:23.659000+00:00,45056.0,25169920.0,29319168.0,29319168.0,0.33,0.002463384,2.15,68409.0,0.0,0.0,440.0,120512.0,0.0,0.0,419.0,0.0,0.0,0.0,0.0
2023-03-28 17:04:27.967000+00:00,45056.0,25169920.0,29319168.0,29319168.0,0.33,0.002463384,2.16,68409.0,0.0,0.0,440.0,125087.0,0.0,0.0,426.0,0.0,0.0,0.0,0.0
2023-03-28 17:04:33.357000+00:00,45056.0,27516928.0,32239616.0,32239616.0,0.35,0.002463384,2.16,77963.0,0.0,0.0,498.0,138429.0,0.0,0.0,481.0,0.0,0.0,0.0,0.0
2023-03-28 17:04:38.302000+00:00,45056.0,24399872.0,28479488.0,28479488.0,0.36,0.002463384,2.27,78766.0,0.0,0.0,502.0,142920.0,0.0,0.0,486.0,0.0,0.0,0.0,0.0
2023-03-28 17:04:44.238000+00:00,118784.0,24592384.0,28647424.0,28647424.0,0.37,0.002463384,2.34,79569.0,0.0,0.0,506.0,147411.0,0.0,0.0,491.0,0.0,0.0,0.0,0.0
2023-03-28 17:04:48.880000+00:00,118784.0,25038848.0,28962816.0,28962816.0,0.39,0.002463384,2.34,95826.0,0.0,0.0,602.0,169696.0,0.0,0.0,596.0,0.0,0.0,0.0,0.0
2023-03-28 17:04:53.494000+00:00,118784.0,24932352.0,28909568.0,28909568.0,0.39,0.002463384,2.44,104278.0,0.0,0.0,652.0,183015.0,0.0,0.0,651.0,0.0,0.0,0.0,0.0
2023-03-28 17:04:59.684000+00:00,118784.0,24932352.0,28909568.0,28909568.0,0.41,0.002463384,2.52,104278.0,0.0,0.0,656.0,187521.0,0.0,0.0,656.0,0.0,0.0,0.0,0.0
2023-03-28 17:05:04.239000+00:00,118784.0,25554944.0,29478912.0,29478912.0,0.42,0.002463384,2.62,113699.0,0.0,0.0,706.0,201012.0,0.0,0.0,711.0,0.0,0.0,0.0,0.0
2023-03-28 17:05:09.488000+00:00,118784.0,25006080.0,28954624.0,28954624.0,0.43,0.002463384,2.72,122259.0,0.0,0.0,757.0,214309.0,0.0,0.0,765.0,0.0,0.0,0.0,0.0
2023-03-28 17:05:14.020000+00:00,118784.0,25120768.0,29310976.0,29310976.0,0.43,0.002463384,2.8,123062.0,0.0,0.0,761.0,218815.0,0.0,0.0,770.0,0.0,0.0,0.0,0.0
2023-03-28 17:05:19.728000+00:00,118784.0,25362432.0,29437952.0,29437952.0,0.44,0.002463384,2.9,123865.0,0.0,0.0,765.0,223321.0,0.0,0.0,775.0,0.0,0.0,0.0,0.0
2023-03-28 17:05:24.518000+00:00,176128.0,25600000.0,29560832.0,29560832.0,0.45,0.002463384,2.92,124722.0,0.0,0.0,770.0,227901.0,0.0,0.0,781.0,0.0,0.0,0.0,0.0
2023-03-28 17:05:28.524000+00:00,176128.0,25600000.0,29560832.0,29134848.0,0.49,0.002463384,2.92,125716.0,0.0,0.0,777.0,232491.0,0.0,0.0,788.0,0.0,0.0,0.0,0.0
2023-03-28 17:05:33.849000+00:00,176128.0,25120768.0,29073408.0,29073408.0,0.49,0.002463384,2.99,126589.0,0.0,0.0,782.0,236997.0,0.0,0.0,793.0,0.0,0.0,0.0,0.0
2023-03-28 17:05:39.698000+00:00,176128.0,25305088.0,29261824.0,29261824.0,0.52,0.01915517,2.99,127392.0,0.0,0.0,786.0,241503.0,0.0,0.0,798.0,0.0,0.0,0.0,0.0
2023-03-28 17:05:44.162000+00:00,176128.0,25436160.0,29392896.0,29392896.0,0.52,0.002463384,3.06,128195.0,0.0,0.0,790.0,246009.0,0.0,0.0,803.0,0.0,0.0,0.0,0.0
2023-03-28 17:05:48.516000+00:00,176128.0,25673728.0,29761536.0,29761536.0,0.54,0.002463384,3.06,128998.0,0.0,0.0,794.0,250515.0,0.0,0.0,808.0,0.0,0.0,0.0,0.0
2023-03-28 17:05:54.578000+00:00,176128.0,25092096.0,29048832.0,29048832.0,0.54,0.002463384,3.15,129801.0,0.0,0.0,798.0,255021.0,0.0,0.0,813.0,0.0,0.0,0.0,0.0
2023-03-28 17:05:59.029000+00:00,176128.0,25092096.0,29048832.0,29048832.0,0.55,0.002463384,3.15,129801.0,0.0,0.0,802.0,259527.0,0.0,0.0,818.0,0.0,0.0,0.0,0.0
2023-03-28 17:06:03.608000+00:00,176128.0,25403392.0,29351936.0,29351936.0,0.55,0.002463384,3.23,131407.0,0.0,0.0,806.0,264033.0,0.0,0.0,823.0,0.0,0.0,0.0,0.0
2023-03-28 17:06:09.202000+00:00,176128.0,25579520.0,29532160.0,29532160.0,0.57,0.002463384,3.3,132210.0,0.0,0.0,810.0,268539.0,0.0,0.0,828.0,0.0,0.0,0.0,0.0
2023-03-28 17:06:14.766000+00:00,176128.0,25710592.0,29663232.0,29663232.0,0.57,0.002463384,3.31,133055.0,0.0,0.0,815.0,273045.0,0.0,0.0,833.0,0.0,0.0,0.0,0.0
2023-03-28 17:06:18.154000+00:00,176128.0,25886720.0,29896704.0,29896704.0,0.59,0.002463384,3.31,133858.0,0.0,0.0,819.0,277551.0,0.0,0.0,838.0,0.0,0.0,0.0,0.0
2023-03-28 17:06:23.270000+00:00,192512.0,25354240.0,29552640.0,29552640.0,0.61,0.002463384,3.38,134715.0,0.0,0.0,824.0,282131.0,0.0,0.0,844.0,0.0,0.0,0.0,0.0
2023-03-28 17:06:29.420000+00:00,192512.0,25354240.0,29634560.0,29634560.0,0.62,0.002463384,3.38,135602.0,0.0,0.0,830.0,286721.0,0.0,0.0,851.0,0.0,0.0,0.0,0.0
2023-03-28 17:06:33.601000+00:00,192512.0,25681920.0,29761536.0,29761536.0,0.62,0.002463384,3.54,136405.0,0.0,0.0,834.0,291227.0,0.0,0.0,856.0,0.0,0.0,0.0,0.0
2023-03-28 17:06:39.461000+00:00,192512.0,25862144.0,29896704.0,29896704.0,0.64,0.002463384,3.6,137208.0,0.0,0.0,838.0,295733.0,0.0,0.0,861.0,0.0,0.0,0.0,0.0
2023-03-28 17:06:44.627000+00:00,192512.0,25993216.0,29958144.0,29958144.0,0.64,0.002463384,3.61,138011.0,0.0,0.0,842.0,300239.0,0.0,0.0,866.0,0.0,0.0,0.0,0.0
2023-03-28 17:06:48.575000+00:00,192512.0,25309184.0,29458432.0,29458432.0,0.67,0.002463384,3.69,138814.0,0.0,0.0,846.0,304745.0,0.0,0.0,871.0,0.0,0.0,0.0,0.0
2023-03-28 17:06:53.556000+00:00,192512.0,25440256.0,29413376.0,29413376.0,0.68,0.002463384,3.69,139617.0,0.0,0.0,850.0,309251.0,0.0,0.0,876.0,0.0,0.0,0.0,0.0
2023-03-28 17:06:58.852000+00:00,192512.0,25620480.0,29884416.0,29884416.0,0.7,0.002463384,3.76,140420.0,0.0,0.0,854.0,313757.0,0.0,0.0,881.0,0.0,0.0,0.0,0.0
2023-03-28 17:07:04.688000+00:00,192512.0,25751552.0,29732864.0,29732864.0,0.7,0.002463384,3.77,141223.0,0.0,0.0,858.0,318263.0,0.0,0.0,886.0,0.0,0.0,0.0,0.0
2023-03-28 17:07:08.492000+00:00,192512.0,25882624.0,29859840.0,29859840.0,0.7,0.002463384,3.77,142026.0,0.0,0.0,862.0,322769.0,0.0,0.0,891.0,0.0,0.0,0.0,0.0
2023-03-28 17:07:14.584000+00:00,192512.0,25313280.0,29523968.0,29523968.0,0.74,0.002463384,3.84,142829.0,0.0,0.0,866.0,327275.0,0.0,0.0,896.0,0.0,0.0,0.0,0.0
2023-03-28 17:07:18.383000+00:00,192512.0,25444352.0,29421568.0,29421568.0,0.74,0.002463384,3.84,143632.0,0.0,0.0,870.0,331781.0,0.0,0.0,901.0,0.0,0.0,0.0,0.0
2023-03-28 17:07:24.193000+00:00,208896.0,25718784.0,29691904.0,29691904.0,0.76,0.002463384,3.93,144489.0,0.0,0.0,875.0,336361.0,0.0,0.0,907.0,0.0,0.0,0.0,0.0
2023-03-28 17:07:28.957000+00:00,208896.0,25718784.0,29691904.0,29691904.0,0.76,0.002463384,3.93,144489.0,0.0,0.0,875.0,336361.0,0.0,0.0,907.0,0.0,0.0,0.0,0.0
2023-03-28 17:07:34.684000+00:00,208896.0,26021888.0,30007296.0,30007296.0,0.77,0.002463384,4.06,146249.0,0.0,0.0,886.0,345457.0,0.0,0.0,919.0,0.0,0.0,0.0,0.0
2023-03-28 17:07:38.377000+00:00,208896.0,25399296.0,29491200.0,29491200.0,0.77,0.002463384,4.07,147159.0,0.0,0.0,891.0,349963.0,0.0,0.0,924.0,0.0,0.0,0.0,0.0
2023-03-28 17:07:43.927000+00:00,208896.0,25571328.0,29544448.0,29544448.0,0.78,0.002463384,4.15,147962.0,0.0,0.0,895.0,354469.0,0.0,0.0,929.0,0.0,0.0,0.0,0.0
2023-03-28 17:07:48.825000+00:00,208896.0,25694208.0,29655040.0,29655040.0,0.78,0.002463384,4.16,148765.0,0.0,0.0,899.0,358975.0,0.0,0.0,934.0,0.0,0.0,0.0,0.0
2023-03-28 17:07:53.741000+00:00,208896.0,25948160.0,29921280.0,29921280.0,0.81,0.002463384,4.22,149568.0,0.0,0.0,903.0,363481.0,0.0,0.0,939.0,0.0,0.0,0.0,0.0
2023-03-28 17:07:59.278000+00:00,208896.0,25948160.0,29921280.0,29921280.0,0.82,0.002463384,4.22,149568.0,0.0,0.0,903.0,363481.0,0.0,0.0,939.0,0.0,0.0,0.0,0.0
2023-03-28 17:08:03.689000+00:00,208896.0,26292224.0,30269440.0,30269440.0,0.84,0.002463384,4.35,151216.0,0.0,0.0,912.0,372493.0,0.0,0.0,949.0,0.0,0.0,0.0,0.0
2023-03-28 17:08:09.804000+00:00,208896.0,25632768.0,29736960.0,29736960.0,0.85,0.002463384,4.36,152019.0,0.0,0.0,916.0,376999.0,0.0,0.0,954.0,0.0,0.0,0.0,0.0
2023-03-28 17:08:13.456000+00:00,208896.0,25784320.0,29892608.0,29892608.0,0.87,0.002463384,4.42,152822.0,0.0,0.0,920.0,381505.0,0.0,0.0,959.0,0.0,0.0,0.0,0.0
2023-03-28 17:08:19.591000+00:00,208896.0,25886720.0,29868032.0,29868032.0,0.87,0.002463384,4.42,153625.0,0.0,0.0,924.0,386011.0,0.0,0.0,964.0,0.0,0.0,0.0,0.0
2023-03-28 17:08:24.023000+00:00,225280.0,26132480.0,30146560.0,30146560.0,0.9,0.002463384,4.49,154482.0,0.0,0.0,929.0,390591.0,0.0,0.0,970.0,0.0,0.0,0.0,0.0
2023-03-28 17:08:28.756000+00:00,225280.0,26132480.0,30146560.0,30146560.0,0.9,0.002463384,4.5,154482.0,0.0,0.0,929.0,390591.0,0.0,0.0,970.0,0.0,0.0,0.0,0.0
2023-03-28 17:08:34.044000+00:00,225280.0,26394624.0,30392320.0,30392320.0,0.93,0.002463384,4.56,156214.0,0.0,0.0,940.0,399687.0,0.0,0.0,982.0,0.0,0.0,0.0,0.0
2023-03-28 17:08:39.306000+00:00,225280.0,25731072.0,29929472.0,29929472.0,0.93,0.002463384,4.56,157017.0,0.0,0.0,944.0,404193.0,0.0,0.0,987.0,0.0,0.0,0.0,0.0
2023-03-28 17:08:44.363000+00:00,225280.0,25878528.0,30171136.0,30171136.0,0.96,0.002463384,4.62,157820.0,0.0,0.0,948.0,408699.0,0.0,0.0,992.0,0.0,0.0,0.0,0.0
2023-03-28 17:08:48.906000+00:00,225280.0,25985024.0,29966336.0,29966336.0,0.96,0.002463384,4.63,158623.0,0.0,0.0,952.0,413205.0,0.0,0.0,997.0,0.0,0.0,0.0,0.0
2023-03-28 17:08:54.315000+00:00,225280.0,26136576.0,30121984.0,30121984.0,1.0,0.002463384,4.67,159426.0,0.0,0.0,956.0,417711.0,0.0,0.0,1002.0,0.0,0.0,0.0,0.0
2023-03-28 17:08:59.211000+00:00,225280.0,26243072.0,30355456.0,30355456.0,1.0,0.002463384,4.68,160229.0,0.0,0.0,960.0,422217.0,0.0,0.0,1007.0,0.0,0.0,0.0,0.0
2023-03-28 17:09:03.191000+00:00,225280.0,26394624.0,30547968.0,30547968.0,1.02,0.002463384,4.75,161032.0,0.0,0.0,964.0,426723.0,0.0,0.0,1012.0,0.0,0.0,0.0,0.0
2023-03-28 17:09:08.215000+00:00,225280.0,25800704.0,30035968.0,30035968.0,1.02,0.002463384,4.75,161835.0,0.0,0.0,968.0,431229.0,0.0,0.0,1017.0,0.0,0.0,0.0,0.0
2023-03-28 17:09:14.797000+00:00,225280.0,25956352.0,30064640.0,30064640.0,1.03,0.002463384,4.82,162638.0,0.0,0.0,972.0,435735.0,0.0,0.0,1022.0,0.0,0.0,0.0,0.0
2023-03-28 17:09:18.803000+00:00,225280.0,26062848.0,30089216.0,30089216.0,1.04,0.002463384,4.82,163441.0,0.0,0.0,976.0,440241.0,0.0,0.0,1027.0,0.0,0.0,0.0,0.0
2023-03-28 17:09:23.202000+00:00,237568.0,27881472.0,32858112.0,32858112.0,1.05,0.002463384,4.86,164298.0,0.0,0.0,981.0,444821.0,0.0,0.0,1033.0,0.0,0.0,0.0,0.0
2023-03-28 17:09:29.472000+00:00,237568.0,26415104.0,30437376.0,30437376.0,1.06,0.002463384,4.91,165185.0,0.0,0.0,987.0,449411.0,0.0,0.0,1040.0,0.0,0.0,0.0,0.0
2023-03-28 17:09:33.666000+00:00,237568.0,26562560.0,30797824.0,30797824.0,1.08,0.002463384,4.97,165988.0,0.0,0.0,991.0,453917.0,0.0,0.0,1045.0,0.0,0.0,0.0,0.0
2023-03-28 17:09:39.763000+00:00,237568.0,25903104.0,30146560.0,30146560.0,1.08,0.002463384,4.97,166791.0,0.0,0.0,995.0,458423.0,0.0,0.0,1050.0,0.0,0.0,0.0,0.0
2023-03-28 17:09:43.845000+00:00,237568.0,26054656.0,30449664.0,30449664.0,1.1,0.002463384,5.03,167594.0,0.0,0.0,999.0,462929.0,0.0,0.0,1055.0,0.0,0.0,0.0,0.0
2023-03-28 17:09:48.325000+00:00,237568.0,26157056.0,30146560.0,30146560.0,1.1,0.002463384,5.04,168397.0,0.0,0.0,1003.0,467435.0,0.0,0.0,1060.0,0.0,0.0,0.0,0.0
2023-03-28 17:09:54.694000+00:00,237568.0,26308608.0,30302208.0,30302208.0,1.13,0.002463384,5.09,169200.0,0.0,0.0,1007.0,471941.0,0.0,0.0,1065.0,0.0,0.0,0.0,0.0
2023-03-28 17:09:59.495000+00:00,237568.0,26308608.0,30302208.0,30302208.0,1.13,0.002463384,5.09,169200.0,0.0,0.0,1007.0,471941.0,0.0,0.0,1065.0,0.0,0.0,0.0,0.0
2023-03-28 17:10:04.765000+00:00,237568.0,26570752.0,30711808.0,30711808.0,1.15,0.002463384,5.17,170806.0,0.0,0.0,1015.0,480953.0,0.0,0.0,1075.0,0.0,0.0,0.0,0.0
2023-03-28 17:10:08.908000+00:00,237568.0,26673152.0,30785536.0,30785536.0,1.15,0.002463384,5.18,171609.0,0.0,0.0,1019.0,485459.0,0.0,0.0,1080.0,0.0,0.0,0.0,0.0
2023-03-28 17:10:13.435000+00:00,237568.0,25989120.0,29990912.0,29990912.0,1.15,0.002463384,5.18,172412.0,0.0,0.0,1023.0,489965.0,0.0,0.0,1085.0,0.0,0.0,0.0,0.0
2023-03-28 17:10:18.626000+00:00,237568.0,26136576.0,30162944.0,30162944.0,1.18,0.002463384,5.24,173215.0,0.0,0.0,1027.0,494471.0,0.0,0.0,1090.0,0.0,0.0,0.0,0.0
2023-03-28 17:10:23.956000+00:00,253952.0,26341376.0,30339072.0,30339072.0,1.19,0.002463384,5.26,174072.0,0.0,0.0,1032.0,499051.0,0.0,0.0,1096.0,0.0,0.0,0.0,0.0
2023-03-28 17:10:29.098000+00:00,253952.0,26492928.0,30502912.0,30502912.0,1.19,0.002463384,5.33,174959.0,0.0,0.0,1038.0,503641.0,0.0,0.0,1103.0,0.0,0.0,0.0,0.0
2023-03-28 17:10:34.508000+00:00,253952.0,26599424.0,30576640.0,30576640.0,1.19,0.002463384,5.33,175762.0,0.0,0.0,1042.0,508147.0,0.0,0.0,1108.0,0.0,0.0,0.0,0.0
2023-03-28 17:10:38.391000+00:00,253952.0,26071040.0,30064640.0,30064640.0,1.21,0.002463384,5.33,176565.0,0.0,0.0,1046.0,512653.0,0.0,0.0,1113.0,0.0,0.0,0.0,0.0
2023-03-28 17:10:44.841000+00:00,253952.0,26177536.0,30162944.0,30162944.0,1.22,0.002463384,5.43,177368.0,0.0,0.0,1050.0,517159.0,0.0,0.0,1118.0,0.0,0.0,0.0,0.0
2023-03-28 17:10:49.165000+00:00,253952.0,26329088.0,30351360.0,30351360.0,1.23,0.002463384,5.5,178171.0,0.0,0.0,1054.0,521665.0,0.0,0.0,1123.0,0.0,0.0,0.0,0.0
2023-03-28 17:10:54.639000+00:00,253952.0,26435584.0,30425088.0,30425088.0,1.23,0.002463384,5.52,178974.0,0.0,0.0,1058.0,526171.0,0.0,0.0,1128.0,0.0,0.0,0.0,0.0
2023-03-28 17:10:59.657000+00:00,253952.0,26583040.0,30564352.0,30564352.0,1.25,0.002463384,5.58,179777.0,0.0,0.0,1062.0,530677.0,0.0,0.0,1133.0,0.0,0.0,0.0,0.0
2023-03-28 17:11:04.532000+00:00,253952.0,26697728.0,30707712.0,30707712.0,1.25,0.002463384,5.58,180580.0,0.0,0.0,1066.0,535183.0,0.0,0.0,1138.0,0.0,0.0,0.0,0.0
2023-03-28 17:11:08.777000+00:00,253952.0,26849280.0,30883840.0,30883840.0,1.26,0.002463384,5.65,181383.0,0.0,0.0,1070.0,539689.0,0.0,0.0,1143.0,0.0,0.0,0.0,0.0
2023-03-28 17:11:14.681000+00:00,253952.0,26165248.0,30208000.0,30208000.0,1.27,0.002463384,5.65,182186.0,0.0,0.0,1074.0,544195.0,0.0,0.0,1148.0,0.0,0.0,0.0,0.0
2023-03-28 17:11:18.966000+00:00,253952.0,26320896.0,30351360.0,30351360.0,1.3,0.002463384,5.71,182989.0,0.0,0.0,1078.0,548701.0,0.0,0.0,1153.0,0.0,0.0,0.0,0.0
2023-03-28 17:11:24.861000+00:00,270336.0,26521600.0,30633984.0,30633984.0,1.31,0.002463384,5.73,183846.0,0.0,0.0,1083.0,553281.0,0.0,0.0,1159.0,0.0,0.0,0.0,0.0
2023-03-28 17:11:29.521000+00:00,270336.0,26677248.0,30814208.0,30814208.0,1.33,0.002463384,5.79,184733.0,0.0,0.0,1089.0,557871.0,0.0,0.0,1166.0,0.0,0.0,0.0,0.0
2023-03-28 17:11:34.315000+00:00,270336.0,26779648.0,30826496.0,30826496.0,1.33,0.002463384,5.8,185536.0,0.0,0.0,1093.0,562377.0,0.0,0.0,1171.0,0.0,0.0,0.0,0.0
2023-03-28 17:11:39.371000+00:00,270336.0,26935296.0,31055872.0,31055872.0,1.35,0.002463384,5.86,186339.0,0.0,0.0,1097.0,566883.0,0.0,0.0,1176.0,0.0,0.0,0.0,0.0
2023-03-28 17:11:43.892000+00:00,270336.0,26271744.0,30539776.0,30539776.0,1.35,0.002463384,5.87,187226.0,0.0,0.0,1103.0,571389.0,0.0,0.0,1181.0,0.0,0.0,0.0,0.0
2023-03-28 17:11:48.907000+00:00,270336.0,26427392.0,30576640.0,30576640.0,1.37,0.002463384,5.92,188029.0,0.0,0.0,1107.0,575895.0,0.0,0.0,1186.0,0.0,0.0,0.0,0.0
2023-03-28 17:11:54.809000+00:00,270336.0,26529792.0,30580736.0,30580736.0,1.37,0.002463384,5.93,189009.0,0.0,0.0,1113.0,580401.0,0.0,0.0,1191.0,0.0,0.0,0.0,0.0
2023-03-28 17:11:58.077000+00:00,270336.0,26685440.0,31027200.0,30580736.0,1.4,0.002463384,5.99,189009.0,0.0,0.0,1113.0,580401.0,0.0,0.0,1191.0,0.0,0.0,0.0,0.0
2023-03-28 17:12:03.907000+00:00,270336.0,26787840.0,30851072.0,30851072.0,1.4,0.002463384,6.0,190615.0,0.0,0.0,1121.0,589413.0,0.0,0.0,1201.0,0.0,0.0,0.0,0.0
2023-03-28 17:12:08.916000+00:00,270336.0,26787840.0,31182848.0,31182848.0,1.41,0.002463384,6.0,191418.0,0.0,0.0,1125.0,593919.0,0.0,0.0,1206.0,0.0,0.0,0.0,0.0
2023-03-28 17:12:13.471000+00:00,270336.0,26357760.0,30498816.0,30498816.0,1.41,0.002463384,6.08,192263.0,0.0,0.0,1130.0,598425.0,0.0,0.0,1211.0,0.0,0.0,0.0,0.0
2023-03-28 17:12:19.826000+00:00,270336.0,26517504.0,30670848.0,30670848.0,1.44,0.002463384,6.08,193066.0,0.0,0.0,1134.0,602931.0,0.0,0.0,1216.0,0.0,0.0,0.0,0.0
2023-03-28 17:12:23.540000+00:00,282624.0,26714112.0,30949376.0,30949376.0,1.46,0.002463384,6.14,193923.0,0.0,0.0,1139.0,607511.0,0.0,0.0,1222.0,0.0,0.0,0.0,0.0
2023-03-28 17:12:29.310000+00:00,282624.0,26869760.0,30953472.0,30949376.0,1.46,0.002463384,6.23,193923.0,0.0,0.0,1139.0,607511.0,0.0,0.0,1222.0,0.0,0.0,0.0,0.0
2023-03-28 17:12:34.038000+00:00,282624.0,26980352.0,31023104.0,31023104.0,1.47,0.002463384,6.24,195613.0,0.0,0.0,1149.0,616607.0,0.0,0.0,1234.0,0.0,0.0,0.0,0.0
2023-03-28 17:12:38.110000+00:00,282624.0,27086848.0,31145984.0,31145984.0,1.47,0.002463384,6.24,196416.0,0.0,0.0,1153.0,621113.0,0.0,0.0,1239.0,0.0,0.0,0.0,0.0
2023-03-28 17:12:44.806000+00:00,282624.0,26468352.0,30515200.0,30515200.0,1.49,0.002463384,6.3,197219.0,0.0,0.0,1157.0,625619.0,0.0,0.0,1244.0,0.0,0.0,0.0,0.0
2023-03-28 17:12:48.855000+00:00,282624.0,26574848.0,30601216.0,30601216.0,1.49,0.002463384,6.31,198022.0,0.0,0.0,1161.0,630125.0,0.0,0.0,1249.0,0.0,0.0,0.0,0.0
2023-03-28 17:12:53.823000+00:00,282624.0,26726400.0,30748672.0,30748672.0,1.52,0.002463384,6.36,198825.0,0.0,0.0,1165.0,634631.0,0.0,0.0,1254.0,0.0,0.0,0.0,0.0
2023-03-28 17:12:58.590000+00:00,282624.0,26836992.0,30748672.0,30748672.0,1.52,0.002463384,6.37,198825.0,0.0,0.0,1165.0,634631.0,0.0,0.0,1254.0,0.0,0.0,0.0,0.0
2023-03-28 17:13:04.592000+00:00,282624.0,26988544.0,31014912.0,31014912.0,1.54,0.002463384,6.44,200431.0,0.0,0.0,1173.0,643643.0,0.0,0.0,1264.0,0.0,0.0,0.0,0.0
2023-03-28 17:13:09.292000+00:00,282624.0,27099136.0,31125504.0,31125504.0,1.54,0.002463384,6.44,201234.0,0.0,0.0,1177.0,648149.0,0.0,0.0,1269.0,0.0,0.0,0.0,0.0
2023-03-28 17:13:13.797000+00:00,282624.0,27254784.0,31277056.0,31277056.0,1.57,0.002463384,6.51,202037.0,0.0,0.0,1181.0,652655.0,0.0,0.0,1274.0,0.0,0.0,0.0,0.0
2023-03-28 17:13:19.452000+00:00,282624.0,26574848.0,30584832.0,30584832.0,1.57,0.002463384,6.51,202840.0,0.0,0.0,1185.0,657161.0,0.0,0.0,1279.0,0.0,0.0,0.0,0.0
2023-03-28 17:13:24.062000+00:00,299008.0,26816512.0,31047680.0,31047680.0,1.61,0.002463384,6.57,203697.0,0.0,0.0,1190.0,661741.0,0.0,0.0,1285.0,0.0,0.0,0.0,0.0
2023-03-28 17:13:29.380000+00:00,299008.0,26816512.0,31047680.0,31047680.0,1.61,0.002463384,6.58,203697.0,0.0,0.0,1196.0,666331.0,0.0,0.0,1292.0,0.0,0.0,0.0,0.0
2023-03-28 17:13:34.827000+00:00,299008.0,27078656.0,31113216.0,31113216.0,1.63,0.002463384,6.64,205387.0,0.0,0.0,1200.0,670837.0,0.0,0.0,1297.0,0.0,0.0,0.0,0.0
2023-03-28 17:13:39.046000+00:00,299008.0,27189248.0,31215616.0,31215616.0,1.64,0.002463384,6.65,206190.0,0.0,0.0,1204.0,675343.0,0.0,0.0,1302.0,0.0,0.0,0.0,0.0
2023-03-28 17:13:44.725000+00:00,299008.0,27340800.0,31408128.0,31408128.0,1.66,0.002463384,6.71,206993.0,0.0,0.0,1208.0,679849.0,0.0,0.0,1307.0,0.0,0.0,0.0,0.0
2023-03-28 17:13:49.407000+00:00,299008.0,26767360.0,30830592.0,30830592.0,1.66,0.002463384,6.72,207796.0,0.0,0.0,1212.0,684355.0,0.0,0.0,1312.0,0.0,0.0,0.0,0.0
2023-03-28 17:13:54.360000+00:00,299008.0,26923008.0,30957568.0,30957568.0,1.66,0.002463384,6.8,208599.0,0.0,0.0,1216.0,688861.0,0.0,0.0,1317.0,0.0,0.0,0.0,0.0
2023-03-28 17:13:59.541000+00:00,299008.0,26923008.0,30957568.0,31047680.0,1.66,0.002463384,6.8,209402.0,0.0,0.0,1220.0,693367.0,0.0,0.0,1322.0,0.0,0.0,0.0,0.0
2023-03-28 17:14:03.711000+00:00,299008.0,27181056.0,31285248.0,31285248.0,1.69,0.002463384,6.86,210205.0,0.0,0.0,1224.0,697873.0,0.0,0.0,1327.0,0.0,0.0,0.0,0.0
2023-03-28 17:14:08.687000+00:00,299008.0,27287552.0,31363072.0,31363072.0,1.69,0.002463384,6.87,211008.0,0.0,0.0,1228.0,702379.0,0.0,0.0,1332.0,0.0,0.0,0.0,0.0
2023-03-28 17:14:14.821000+00:00,299008.0,27443200.0,31608832.0,31608832.0,1.7,0.002463384,6.94,211811.0,0.0,0.0,1232.0,706885.0,0.0,0.0,1337.0,0.0,0.0,0.0,0.0
2023-03-28 17:14:19.685000+00:00,299008.0,26750976.0,30760960.0,30760960.0,1.71,0.002463384,6.94,212614.0,0.0,0.0,1236.0,711391.0,0.0,0.0,1342.0,0.0,0.0,0.0,0.0
2023-03-28 17:14:24.128000+00:00,315392.0,26939392.0,31150080.0,31150080.0,1.76,0.002463384,7.04,213471.0,0.0,0.0,1241.0,715971.0,0.0,0.0,1348.0,0.0,0.0,0.0,0.0
2023-03-28 17:14:29.522000+00:00,315392.0,27045888.0,31199232.0,31150080.0,1.76,0.002463384,7.05,213471.0,0.0,0.0,1241.0,715971.0,0.0,0.0,1348.0,0.0,0.0,0.0,0.0
2023-03-28 17:14:33.781000+00:00,315392.0,27197440.0,31281152.0,31281152.0,1.79,0.002463384,7.11,215161.0,0.0,0.0,1251.0,725067.0,0.0,0.0,1360.0,0.0,0.0,0.0,0.0
2023-03-28 17:14:38.540000+00:00,315392.0,27303936.0,31338496.0,31338496.0,1.79,0.002463384,7.12,215964.0,0.0,0.0,1255.0,729573.0,0.0,0.0,1365.0,0.0,0.0,0.0,0.0
2023-03-28 17:14:43.708000+00:00,315392.0,27410432.0,31453184.0,31453184.0,1.79,0.002463384,7.13,216767.0,0.0,0.0,1259.0,734079.0,0.0,0.0,1370.0,0.0,0.0,0.0,0.0
2023-03-28 17:14:49.229000+00:00,315392.0,27410432.0,31211520.0,31211520.0,1.8,0.002463384,7.2,217570.0,0.0,0.0,1263.0,738585.0,0.0,0.0,1375.0,0.0,0.0,0.0,0.0
2023-03-28 17:14:53.439000+00:00,315392.0,26906624.0,30953472.0,30953472.0,1.81,0.002463384,7.2,218373.0,0.0,0.0,1267.0,743091.0,0.0,0.0,1380.0,0.0,0.0,0.0,0.0
2023-03-28 17:14:59.146000+00:00,315392.0,26906624.0,30953472.0,30953472.0,1.83,0.002463384,7.26,218373.0,0.0,0.0,1267.0,743091.0,0.0,0.0,1380.0,0.0,0.0,0.0,0.0
2023-03-28 17:15:03.423000+00:00,315392.0,27164672.0,31182848.0,31182848.0,1.83,0.002463384,7.27,219979.0,0.0,0.0,1275.0,752103.0,0.0,0.0,1390.0,0.0,0.0,0.0,0.0
2023-03-28 17:15:08.981000+00:00,315392.0,27316224.0,31432704.0,31432704.0,1.85,0.002463384,7.27,220866.0,0.0,0.0,1281.0,756609.0,0.0,0.0,1395.0,0.0,0.0,0.0,0.0
2023-03-28 17:15:14.568000+00:00,315392.0,27422720.0,31490048.0,31490048.0,1.85,0.002463384,7.34,221753.0,0.0,0.0,1287.0,761115.0,0.0,0.0,1400.0,0.0,0.0,0.0,0.0
2023-03-28 17:15:19.392000+00:00,315392.0,27578368.0,31604736.0,31604736.0,1.87,0.002463384,7.4,222556.0,0.0,0.0,1291.0,765621.0,0.0,0.0,1405.0,0.0,0.0,0.0,0.0
2023-03-28 17:15:23.532000+00:00,327680.0,27062272.0,31223808.0,31223808.0,1.88,0.002463384,7.42,223413.0,0.0,0.0,1296.0,770201.0,0.0,0.0,1411.0,0.0,0.0,0.0,0.0
2023-03-28 17:15:29.296000+00:00,327680.0,27062272.0,31223808.0,31223808.0,1.89,0.002463384,7.48,223413.0,0.0,0.0,1296.0,770201.0,0.0,0.0,1418.0,0.0,0.0,0.0,0.0
2023-03-28 17:15:33.146000+00:00,327680.0,27320320.0,31350784.0,31350784.0,1.89,0.002463384,7.49,225103.0,0.0,0.0,1306.0,779297.0,0.0,0.0,1423.0,0.0,0.0,0.0,0.0
2023-03-28 17:15:39.433000+00:00,327680.0,27480064.0,31547392.0,31547392.0,1.93,0.002463384,7.55,225906.0,0.0,0.0,1310.0,783803.0,0.0,0.0,1428.0,0.0,0.0,0.0,0.0
2023-03-28 17:15:43.542000+00:00,327680.0,27582464.0,31604736.0,31604736.0,1.93,0.002463384,7.55,226751.0,0.0,0.0,1315.0,788309.0,0.0,0.0,1433.0,0.0,0.0,0.0,0.0
2023-03-28 17:15:49.753000+00:00,327680.0,26980352.0,31150080.0,31150080.0,1.94,0.002463384,7.63,227554.0,0.0,0.0,1319.0,792815.0,0.0,0.0,1438.0,0.0,0.0,0.0,0.0
2023-03-28 17:15:54.166000+00:00,327680.0,27086848.0,31121408.0,31121408.0,1.94,0.002463384,7.63,228357.0,0.0,0.0,1323.0,797321.0,0.0,0.0,1443.0,0.0,0.0,0.0,0.0
2023-03-28 17:15:59.230000+00:00,327680.0,27234304.0,31379456.0,31379456.0,1.96,0.002959447,7.7,229160.0,0.0,0.0,1327.0,801827.0,0.0,0.0,1448.0,0.0,0.0,0.0,0.0
2023-03-28 17:16:03.306000+00:00,327680.0,27340800.0,31412224.0,31412224.0,1.96,0.002959447,7.7,229963.0,0.0,0.0,1331.0,806333.0,0.0,0.0,1453.0,0.0,0.0,0.0,0.0
2023-03-28 17:16:09.685000+00:00,327680.0,27340800.0,31682560.0,31682560.0,1.97,0.002959447,7.77,230766.0,0.0,0.0,1335.0,810839.0,0.0,0.0,1458.0,0.0,0.0,0.0,0.0
2023-03-28 17:16:13.900000+00:00,327680.0,27598848.0,31657984.0,31657984.0,1.97,0.002959447,7.78,231569.0,0.0,0.0,1339.0,815345.0,0.0,0.0,1463.0,0.0,0.0,0.0,0.0
2023-03-28 17:16:19.731000+00:00,327680.0,27750400.0,31936512.0,31936512.0,1.99,0.002959447,7.78,232372.0,0.0,0.0,1343.0,819851.0,0.0,0.0,1468.0,0.0,0.0,0.0,0.0
2023-03-28 17:16:23.862000+00:00,344064.0,27217920.0,31424512.0,31424512.0,2.01,0.002959447,7.86,233229.0,0.0,0.0,1348.0,824431.0,0.0,0.0,1474.0,0.0,0.0,0.0,0.0
2023-03-28 17:16:29.299000+00:00,344064.0,27217920.0,31424512.0,31424512.0,2.03,0.002959447,7.86,233229.0,0.0,0.0,1348.0,829021.0,0.0,0.0,1481.0,0.0,0.0,0.0,0.0
2023-03-28 17:16:34.375000+00:00,344064.0,27521024.0,31567872.0,31567872.0,2.03,0.002959447,7.93,234919.0,0.0,0.0,1358.0,833527.0,0.0,0.0,1486.0,0.0,0.0,0.0,0.0
2023-03-28 17:16:38.836000+00:00,344064.0,27672576.0,31809536.0,31809536.0,2.05,0.002959447,8.0,235722.0,0.0,0.0,1362.0,838033.0,0.0,0.0,1491.0,0.0,0.0,0.0,0.0
2023-03-28 17:16:43.675000+00:00,344064.0,27779072.0,31805440.0,31805440.0,2.05,0.002959447,8.0,236525.0,0.0,0.0,1366.0,842539.0,0.0,0.0,1496.0,0.0,0.0,0.0,0.0
2023-03-28 17:16:49.530000+00:00,344064.0,27934720.0,31981568.0,31981568.0,2.08,0.002959447,8.06,237328.0,0.0,0.0,1370.0,847045.0,0.0,0.0,1501.0,0.0,0.0,0.0,0.0
2023-03-28 17:16:53.561000+00:00,344064.0,27213824.0,31506432.0,31506432.0,2.08,0.002959447,8.06,238131.0,0.0,0.0,1374.0,851551.0,0.0,0.0,1506.0,0.0,0.0,0.0,0.0
2023-03-28 17:16:58.695000+00:00,344064.0,27365376.0,31625216.0,31506432.0,2.09,0.002959447,8.13,238131.0,0.0,0.0,1374.0,851551.0,0.0,0.0,1506.0,0.0,0.0,0.0,0.0
2023-03-28 17:17:04.034000+00:00,344064.0,27475968.0,31584256.0,31584256.0,2.09,0.002959447,8.14,239779.0,0.0,0.0,1383.0,860563.0,0.0,0.0,1516.0,0.0,0.0,0.0,0.0
2023-03-28 17:17:08.732000+00:00,344064.0,27582464.0,31645696.0,31645696.0,2.1,0.002959447,8.15,240582.0,0.0,0.0,1387.0,865069.0,0.0,0.0,1521.0,0.0,0.0,0.0,0.0
2023-03-28 17:17:13.345000+00:00,344064.0,27738112.0,31797248.0,31797248.0,2.11,0.002959447,8.22,241385.0,0.0,0.0,1391.0,869575.0,0.0,0.0,1526.0,0.0,0.0,0.0,0.0
2023-03-28 17:17:18.851000+00:00,344064.0,27840512.0,31866880.0,31866880.0,2.11,0.002959447,8.22,242188.0,0.0,0.0,1395.0,874081.0,0.0,0.0,1531.0,0.0,0.0,0.0,0.0
2023-03-28 17:17:24.266000+00:00,360448.0,27418624.0,31629312.0,31629312.0,2.15,0.002959447,8.3,243045.0,0.0,0.0,1400.0,878661.0,0.0,0.0,1537.0,0.0,0.0,0.0,0.0
2023-03-28 17:17:28.243000+00:00,360448.0,27521024.0,31547392.0,31629312.0,2.15,0.002959447,8.3,243045.0,0.0,0.0,1400.0,878661.0,0.0,0.0,1537.0,0.0,0.0,0.0,0.0
2023-03-28 17:17:34.913000+00:00,360448.0,27721728.0,31797248.0,31797248.0,2.17,0.003539896,8.37,244735.0,0.0,0.0,1410.0,887757.0,0.0,0.0,1549.0,0.0,0.0,0.0,0.0
2023-03-28 17:17:39.627000+00:00,360448.0,27824128.0,31891456.0,31891456.0,2.18,0.003539896,8.37,245538.0,0.0,0.0,1414.0,892263.0,0.0,0.0,1554.0,0.0,0.0,0.0,0.0
2023-03-28 17:17:43.914000+00:00,360448.0,27983872.0,32063488.0,32063488.0,2.2,0.003539896,8.44,246341.0,0.0,0.0,1418.0,896769.0,0.0,0.0,1559.0,0.0,0.0,0.0,0.0
2023-03-28 17:17:49.845000+00:00,360448.0,28090368.0,32116736.0,32116736.0,2.2,0.003539896,8.44,247270.0,0.0,0.0,1425.0,901275.0,0.0,0.0,1564.0,0.0,0.0,0.0,0.0
2023-03-28 17:17:54.834000+00:00,360448.0,27451392.0,31649792.0,31649792.0,2.21,0.003539896,8.5,248199.0,0.0,0.0,1432.0,905781.0,0.0,0.0,1569.0,0.0,0.0,0.0,0.0
2023-03-28 17:17:58.584000+00:00,360448.0,27561984.0,31731712.0,31731712.0,2.21,0.003539896,8.51,249002.0,0.0,0.0,1436.0,910287.0,0.0,0.0,1574.0,0.0,0.0,0.0,0.0
2023-03-28 17:18:04.741000+00:00,360448.0,27713536.0,31825920.0,31825920.0,2.22,0.003539896,8.59,249805.0,0.0,0.0,1440.0,914793.0,0.0,0.0,1579.0,0.0,0.0,0.0,0.0
2023-03-28 17:18:08.252000+00:00,360448.0,27713536.0,31911936.0,31911936.0,2.22,0.003539896,8.59,250608.0,0.0,0.0,1444.0,919299.0,0.0,0.0,1584.0,0.0,0.0,0.0,0.0
2023-03-28 17:18:14.133000+00:00,360448.0,27971584.0,32059392.0,32059392.0,2.24,0.003539896,8.66,251411.0,0.0,0.0,1448.0,923805.0,0.0,0.0,1589.0,0.0,0.0,0.0,0.0
2023-03-28 17:18:19.049000+00:00,360448.0,28078080.0,32116736.0,32116736.0,2.24,0.003539896,8.66,252214.0,0.0,0.0,1452.0,928311.0,0.0,0.0,1594.0,0.0,0.0,0.0,0.0
2023-03-28 17:18:23.847000+00:00,376832.0,27561984.0,31883264.0,31883264.0,2.27,0.003539896,8.76,253071.0,0.0,0.0,1457.0,932891.0,0.0,0.0,1600.0,0.0,0.0,0.0,0.0
2023-03-28 17:18:28.872000+00:00,376832.0,27561984.0,31883264.0,31883264.0,2.27,0.003539896,8.77,253071.0,0.0,0.0,1457.0,932891.0,0.0,0.0,1600.0,0.0,0.0,0.0,0.0
2023-03-28 17:18:34.048000+00:00,376832.0,27820032.0,32022528.0,32022528.0,2.28,0.003539896,8.84,254761.0,0.0,0.0,1467.0,941987.0,0.0,0.0,1612.0,0.0,0.0,0.0,0.0
2023-03-28 17:18:39.523000+00:00,376832.0,27922432.0,31969280.0,31969280.0,2.28,0.003539896,8.85,255564.0,0.0,0.0,1471.0,946493.0,0.0,0.0,1617.0,0.0,0.0,0.0,0.0
2023-03-28 17:18:43.797000+00:00,376832.0,28078080.0,32268288.0,32268288.0,2.3,0.003539896,8.92,256367.0,0.0,0.0,1475.0,950999.0,0.0,0.0,1622.0,0.0,0.0,0.0,0.0
2023-03-28 17:18:49.544000+00:00,376832.0,28188672.0,32239616.0,32239616.0,2.3,0.003539896,8.93,257170.0,0.0,0.0,1479.0,955505.0,0.0,0.0,1627.0,0.0,0.0,0.0,0.0
2023-03-28 17:18:54.167000+00:00,376832.0,28332032.0,32403456.0,32403456.0,2.31,0.003539896,9.0,257973.0,0.0,0.0,1483.0,960011.0,0.0,0.0,1632.0,0.0,0.0,0.0,0.0
2023-03-28 17:18:58.603000+00:00,376832.0,28332032.0,31797248.0,31797248.0,2.31,0.003539896,9.01,258776.0,0.0,0.0,1487.0,964517.0,0.0,0.0,1637.0,0.0,0.0,0.0,0.0
2023-03-28 17:19:04.816000+00:00,376832.0,27897856.0,31997952.0,31997952.0,2.33,0.003539896,9.07,259579.0,0.0,0.0,1491.0,969023.0,0.0,0.0,1642.0,0.0,0.0,0.0,0.0
2023-03-28 17:19:08.758000+00:00,376832.0,28004352.0,32088064.0,32088064.0,2.33,0.003539896,9.07,260382.0,0.0,0.0,1495.0,973529.0,0.0,0.0,1647.0,0.0,0.0,0.0,0.0
2023-03-28 17:19:14.663000+00:00,376832.0,28155904.0,32231424.0,32231424.0,2.35,0.003539896,9.14,261185.0,0.0,0.0,1499.0,978035.0,0.0,0.0,1652.0,0.0,0.0,0.0,0.0
2023-03-28 17:19:19.417000+00:00,376832.0,28262400.0,32460800.0,32460800.0,2.35,0.003539896,9.14,261988.0,0.0,0.0,1503.0,982541.0,0.0,0.0,1657.0,0.0,0.0,0.0,0.0
2023-03-28 17:19:23.938000+00:00,389120.0,27660288.0,31744000.0,31744000.0,2.38,0.003539896,9.25,262887.0,0.0,0.0,1509.0,987121.0,0.0,0.0,1663.0,0.0,0.0,0.0,0.0
2023-03-28 17:19:28.929000+00:00,389120.0,27660288.0,31744000.0,31744000.0,2.38,0.000809143,9.25,262887.0,0.0,0.0,1509.0,987121.0,0.0,0.0,1663.0,0.0,0.0,0.0,0.0
2023-03-28 17:19:34.356000+00:00,389120.0,27918336.0,32108544.0,32108544.0,2.4,0.003539896,9.33,264577.0,0.0,0.0,1519.0,996217.0,0.0,0.0,1675.0,0.0,0.0,0.0,0.0
2023-03-28 17:19:39.425000+00:00,389120.0,28028928.0,32088064.0,32088064.0,2.4,0.003539896,9.33,265380.0,0.0,0.0,1523.0,1000723.0,0.0,0.0,1680.0,0.0,0.0,0.0,0.0
2023-03-28 17:19:44.261000+00:00,389120.0,28176384.0,32276480.0,32276480.0,2.42,0.003539896,9.4,266183.0,0.0,0.0,1527.0,1005229.0,0.0,0.0,1685.0,0.0,0.0,0.0,0.0
2023-03-28 17:19:49.563000+00:00,389120.0,28286976.0,32366592.0,32366592.0,2.42,0.003539896,9.41,267028.0,0.0,0.0,1532.0,1009735.0,0.0,0.0,1690.0,0.0,0.0,0.0,0.0
2023-03-28 17:19:54.688000+00:00,389120.0,28438528.0,32657408.0,32657408.0,2.44,0.003539896,9.48,267831.0,0.0,0.0,1536.0,1014241.0,0.0,0.0,1695.0,0.0,0.0,0.0,0.0
2023-03-28 17:19:59.090000+00:00,389120.0,27750400.0,31809536.0,32657408.0,2.44,0.003539896,9.48,267831.0,0.0,0.0,1536.0,1014241.0,0.0,0.0,1695.0,0.0,0.0,0.0,0.0
2023-03-28 17:20:03.190000+00:00,389120.0,27860992.0,31952896.0,31952896.0,2.44,0.003539896,9.49,269437.0,0.0,0.0,1544.0,1023253.0,0.0,0.0,1705.0,0.0,0.0,0.0,0.0
2023-03-28 17:20:08.348000+00:00,389120.0,28012544.0,32108544.0,32108544.0,2.46,0.003539896,9.55,270240.0,0.0,0.0,1548.0,1027759.0,0.0,0.0,1710.0,0.0,0.0,0.0,0.0
2023-03-28 17:20:14.471000+00:00,389120.0,28119040.0,32165888.0,32165888.0,2.47,0.003539896,9.56,271043.0,0.0,0.0,1552.0,1032265.0,0.0,0.0,1715.0,0.0,0.0,0.0,0.0
2023-03-28 17:20:18.879000+00:00,389120.0,28266496.0,32346112.0,32346112.0,2.49,0.003539896,9.62,271916.0,0.0,0.0,1557.0,1036771.0,0.0,0.0,1720.0,0.0,0.0,0.0,0.0
2023-03-28 17:20:24.456000+00:00,405504.0,28471296.0,32534528.0,32534528.0,2.5,0.003539896,9.63,272880.0,0.0,0.0,1563.0,1041351.0,0.0,0.0,1726.0,0.0,0.0,0.0,0.0
2023-03-28 17:20:28.339000+00:00,405504.0,27856896.0,32534528.0,32534528.0,2.52,0.003539896,9.71,272880.0,0.0,0.0,1563.0,1041351.0,0.0,0.0,1726.0,0.0,0.0,0.0,0.0
2023-03-28 17:20:33.189000+00:00,405504.0,27963392.0,32018432.0,32018432.0,2.52,0.003539896,9.72,274612.0,0.0,0.0,1574.0,1050447.0,0.0,0.0,1738.0,0.0,0.0,0.0,0.0
2023-03-28 17:20:39.870000+00:00,405504.0,28119040.0,32186368.0,32186368.0,2.54,0.003539896,9.78,275415.0,0.0,0.0,1578.0,1054953.0,0.0,0.0,1743.0,0.0,0.0,0.0,0.0
2023-03-28 17:20:44.769000+00:00,405504.0,28225536.0,32292864.0,32292864.0,2.54,0.003539896,9.78,276218.0,0.0,0.0,1582.0,1059459.0,0.0,0.0,1748.0,0.0,0.0,0.0,0.0
2023-03-28 17:20:49.804000+00:00,405504.0,28372992.0,32493568.0,32493568.0,2.56,0.003539896,9.84,277021.0,0.0,0.0,1586.0,1063965.0,0.0,0.0,1753.0,0.0,0.0,0.0,0.0
2023-03-28 17:20:54.774000+00:00,405504.0,28483584.0,32559104.0,32559104.0,2.56,0.003539896,9.85,277866.0,0.0,0.0,1591.0,1068471.0,0.0,0.0,1758.0,0.0,0.0,0.0,0.0
2023-03-28 17:20:58.530000+00:00,405504.0,28483584.0,32559104.0,32559104.0,2.57,0.003539896,9.85,277866.0,0.0,0.0,1591.0,1068471.0,0.0,0.0,1758.0,0.0,0.0,0.0,0.0
2023-03-28 17:21:04.835000+00:00,405504.0,28053504.0,32157696.0,32157696.0,2.58,0.003539896,9.93,279472.0,0.0,0.0,1599.0,1077483.0,0.0,0.0,1768.0,0.0,0.0,0.0,0.0
2023-03-28 17:21:09.476000+00:00,405504.0,28200960.0,32317440.0,32317440.0,2.6,0.003539896,9.98,280275.0,0.0,0.0,1603.0,1081989.0,0.0,0.0,1773.0,0.0,0.0,0.0,0.0
2023-03-28 17:21:13.922000+00:00,405504.0,28307456.0,32399360.0,32399360.0,2.6,0.003539896,9.99,281078.0,0.0,0.0,1607.0,1086495.0,0.0,0.0,1778.0,0.0,0.0,0.0,0.0
2023-03-28 17:21:18.243000+00:00,405504.0,28459008.0,32571392.0,32571392.0,2.62,0.003539896,10.05,281881.0,0.0,0.0,1611.0,1091001.0,0.0,0.0,1783.0,0.0,0.0,0.0,0.0
2023-03-28 17:21:24.582000+00:00,417792.0,28659712.0,32735232.0,32735232.0,2.64,0.003539896,10.06,282738.0,0.0,0.0,1616.0,1095581.0,0.0,0.0,1789.0,0.0,0.0,0.0,0.0
2023-03-28 17:21:28.926000+00:00,417792.0,28049408.0,32333824.0,32333824.0,2.66,0.003539896,10.12,283625.0,0.0,0.0,1616.0,1095581.0,0.0,0.0,1789.0,0.0,0.0,0.0,0.0
2023-03-28 17:21:33.791000+00:00,417792.0,28160000.0,32268288.0,32268288.0,2.66,0.003539896,10.12,284428.0,0.0,0.0,1626.0,1104677.0,0.0,0.0,1801.0,0.0,0.0,0.0,0.0
2023-03-28 17:21:39.829000+00:00,417792.0,28315648.0,32415744.0,32415744.0,2.68,0.003539896,10.19,285231.0,0.0,0.0,1630.0,1109183.0,0.0,0.0,1806.0,0.0,0.0,0.0,0.0
2023-03-28 17:21:44.446000+00:00,417792.0,28422144.0,32514048.0,32514048.0,2.68,0.003539896,10.19,286034.0,0.0,0.0,1634.0,1113689.0,0.0,0.0,1811.0,0.0,0.0,0.0,0.0
2023-03-28 17:21:49.087000+00:00,417792.0,28569600.0,32870400.0,32870400.0,2.7,0.003539896,10.26,286921.0,0.0,0.0,1640.0,1118195.0,0.0,0.0,1816.0,0.0,0.0,0.0,0.0
2023-03-28 17:21:54.018000+00:00,417792.0,28672000.0,32763904.0,32763904.0,2.7,0.003539896,10.27,287766.0,0.0,0.0,1645.0,1122701.0,0.0,0.0,1821.0,0.0,0.0,0.0,0.0
2023-03-28 17:21:59.662000+00:00,417792.0,28672000.0,32763904.0,32763904.0,2.72,0.003539896,10.27,287766.0,0.0,0.0,1649.0,1127207.0,0.0,0.0,1826.0,0.0,0.0,0.0,0.0
2023-03-28 17:22:04.019000+00:00,417792.0,28151808.0,32329728.0,32329728.0,2.72,0.003539896,10.34,289372.0,0.0,0.0,1653.0,1131713.0,0.0,0.0,1831.0,0.0,0.0,0.0,0.0
2023-03-28 17:22:08.449000+00:00,417792.0,28303360.0,32628736.0,32628736.0,2.75,0.003539896,10.39,290217.0,0.0,0.0,1658.0,1136219.0,0.0,0.0,1836.0,0.0,0.0,0.0,0.0
2023-03-28 17:22:13.135000+00:00,417792.0,28409856.0,32518144.0,32518144.0,2.75,0.003539896,10.4,291020.0,0.0,0.0,1662.0,1140725.0,0.0,0.0,1841.0,0.0,0.0,0.0,0.0
2023-03-28 17:22:19.250000+00:00,417792.0,28565504.0,32944128.0,32944128.0,2.76,0.003539896,10.4,291823.0,0.0,0.0,1666.0,1145231.0,0.0,0.0,1846.0,0.0,0.0,0.0,0.0
2023-03-28 17:22:24.145000+00:00,434176.0,28762112.0,32997376.0,32997376.0,2.77,0.003539896,10.48,292680.0,0.0,0.0,1671.0,1149811.0,0.0,0.0,1852.0,0.0,0.0,0.0,0.0
2023-03-28 17:22:29.574000+00:00,434176.0,28913664.0,33341440.0,33341440.0,2.8,0.003539896,10.54,293567.0,0.0,0.0,1677.0,1154401.0,0.0,0.0,1859.0,0.0,0.0,0.0,0.0
2023-03-28 17:22:34.281000+00:00,434176.0,28254208.0,32333824.0,32333824.0,2.8,0.003539896,10.54,294370.0,0.0,0.0,1681.0,1158907.0,0.0,0.0,1864.0,0.0,0.0,0.0,0.0
2023-03-28 17:22:39.589000+00:00,434176.0,28405760.0,32718848.0,32718848.0,2.82,0.003539896,10.6,295173.0,0.0,0.0,1685.0,1163413.0,0.0,0.0,1869.0,0.0,0.0,0.0,0.0
2023-03-28 17:22:43.989000+00:00,434176.0,28516352.0,32600064.0,32600064.0,2.82,0.003539896,10.61,295976.0,0.0,0.0,1689.0,1167919.0,0.0,0.0,1874.0,0.0,0.0,0.0,0.0
2023-03-28 17:22:49.167000+00:00,434176.0,28663808.0,32833536.0,32833536.0,2.84,0.003539896,10.67,296779.0,0.0,0.0,1693.0,1172425.0,0.0,0.0,1879.0,0.0,0.0,0.0,0.0
2023-03-28 17:22:54.334000+00:00,434176.0,28774400.0,32849920.0,32849920.0,2.84,0.003539896,10.68,297582.0,0.0,0.0,1697.0,1176931.0,0.0,0.0,1884.0,0.0,0.0,0.0,0.0
2023-03-28 17:22:59.879000+00:00,434176.0,28925952.0,33046528.0,32849920.0,2.86,0.003539896,10.74,297582.0,0.0,0.0,1697.0,1176931.0,0.0,0.0,1884.0,0.0,0.0,0.0,0.0
2023-03-28 17:23:04.381000+00:00,434176.0,29032448.0,33243136.0,33243136.0,2.86,0.003539896,10.75,299188.0,0.0,0.0,1705.0,1185943.0,0.0,0.0,1894.0,0.0,0.0,0.0,0.0
2023-03-28 17:23:08.754000+00:00,434176.0,28418048.0,32788480.0,32788480.0,2.86,0.003539896,10.77,299991.0,0.0,0.0,1709.0,1190449.0,0.0,0.0,1899.0,0.0,0.0,0.0,0.0
2023-03-28 17:23:13.623000+00:00,434176.0,28569600.0,32673792.0,32673792.0,2.89,0.003539896,10.82,300794.0,0.0,0.0,1713.0,1194955.0,0.0,0.0,1904.0,0.0,0.0,0.0,0.0
2023-03-28 17:23:19.227000+00:00,434176.0,28676096.0,32747520.0,32747520.0,2.9,0.003539896,10.82,301597.0,0.0,0.0,1717.0,1199461.0,0.0,0.0,1909.0,0.0,0.0,0.0,0.0
2023-03-28 17:23:23.957000+00:00,450560.0,28917760.0,33013760.0,33013760.0,2.94,0.003539896,10.88,302454.0,0.0,0.0,1722.0,1204041.0,0.0,0.0,1915.0,0.0,0.0,0.0,0.0
2023-03-28 17:23:29.417000+00:00,450560.0,29024256.0,33013760.0,33013760.0,2.94,0.003539896,10.88,302454.0,0.0,0.0,1722.0,1204041.0,0.0,0.0,1915.0,0.0,0.0,0.0,0.0
2023-03-28 17:23:33.966000+00:00,450560.0,28422144.0,32636928.0,32636928.0,2.96,0.003539896,10.95,304144.0,0.0,0.0,1732.0,1213137.0,0.0,0.0,1927.0,0.0,0.0,0.0,0.0
2023-03-28 17:23:38.810000+00:00,450560.0,28528640.0,32600064.0,32600064.0,2.96,0.003539896,10.95,304947.0,0.0,0.0,1736.0,1217643.0,0.0,0.0,1932.0,0.0,0.0,0.0,0.0
2023-03-28 17:23:44.778000+00:00,450560.0,28680192.0,32808960.0,32808960.0,2.98,0.003539896,11.03,305750.0,0.0,0.0,1740.0,1222149.0,0.0,0.0,1937.0,0.0,0.0,0.0,0.0
2023-03-28 17:23:49.363000+00:00,450560.0,28782592.0,32874496.0,32874496.0,2.98,0.003539896,11.04,306553.0,0.0,0.0,1744.0,1226655.0,0.0,0.0,1942.0,0.0,0.0,0.0,0.0
2023-03-28 17:23:54.863000+00:00,450560.0,28938240.0,33243136.0,33243136.0,3.0,0.003539896,11.1,307356.0,0.0,0.0,1748.0,1231161.0,0.0,0.0,1947.0,0.0,0.0,0.0,0.0
2023-03-28 17:23:59.488000+00:00,450560.0,28938240.0,33243136.0,33243136.0,3.0,0.003539896,11.11,307356.0,0.0,0.0,1748.0,1231161.0,0.0,0.0,1947.0,0.0,0.0,0.0,0.0
2023-03-28 17:24:04.666000+00:00,450560.0,29192192.0,33271808.0,33271808.0,3.02,0.003539896,11.17,308962.0,0.0,0.0,1756.0,1240173.0,0.0,0.0,1957.0,0.0,0.0,0.0,0.0
2023-03-28 17:24:09.657000+00:00,450560.0,28520448.0,32727040.0,32727040.0,3.02,0.003539896,11.18,309765.0,0.0,0.0,1760.0,1244679.0,0.0,0.0,1962.0,0.0,0.0,0.0,0.0
2023-03-28 17:24:13.863000+00:00,450560.0,28667904.0,32784384.0,32784384.0,3.06,0.003539896,11.22,310568.0,0.0,0.0,1764.0,1249185.0,0.0,0.0,1967.0,0.0,0.0,0.0,0.0
2023-03-28 17:24:19.794000+00:00,450560.0,28778496.0,32878592.0,32878592.0,3.06,0.003539896,11.23,311413.0,0.0,0.0,1769.0,1253691.0,0.0,0.0,1972.0,0.0,0.0,0.0,0.0
2023-03-28 17:24:24.380000+00:00,462848.0,29020160.0,33148928.0,33148928.0,3.1,0.003539896,11.29,312270.0,0.0,0.0,1774.0,1258271.0,0.0,0.0,1978.0,0.0,0.0,0.0,0.0
2023-03-28 17:24:29.152000+00:00,462848.0,29020160.0,33148928.0,33148928.0,3.1,0.003539896,11.3,312270.0,0.0,0.0,1780.0,1262861.0,0.0,0.0,1985.0,0.0,0.0,0.0,0.0
2023-03-28 17:24:33.152000+00:00,462848.0,29278208.0,33583104.0,33583104.0,3.13,0.003539896,11.36,313960.0,0.0,0.0,1784.0,1267367.0,0.0,0.0,1990.0,0.0,0.0,0.0,0.0
2023-03-28 17:24:38.171000+00:00,462848.0,28618752.0,32837632.0,32837632.0,3.13,0.003539896,11.36,314763.0,0.0,0.0,1788.0,1271873.0,0.0,0.0,1995.0,0.0,0.0,0.0,0.0
2023-03-28 17:24:43.523000+00:00,462848.0,28766208.0,33329152.0,33329152.0,3.16,0.003539896,11.44,315566.0,0.0,0.0,1792.0,1276379.0,0.0,0.0,2000.0,0.0,0.0,0.0,0.0
2023-03-28 17:24:49.029000+00:00,462848.0,28876800.0,33017856.0,33017856.0,3.16,0.003539896,11.44,316369.0,0.0,0.0,1796.0,1280885.0,0.0,0.0,2005.0,0.0,0.0,0.0,0.0
2023-03-28 17:24:54.648000+00:00,462848.0,29036544.0,33226752.0,33226752.0,3.18,0.003539896,11.51,317172.0,0.0,0.0,1800.0,1285391.0,0.0,0.0,2010.0,0.0,0.0,0.0,0.0
2023-03-28 17:24:58.930000+00:00,462848.0,29138944.0,33234944.0,33226752.0,3.19,0.003539896,11.51,317172.0,0.0,0.0,1800.0,1285391.0,0.0,0.0,2010.0,0.0,0.0,0.0,0.0
2023-03-28 17:25:04.188000+00:00,462848.0,29294592.0,33439744.0,33439744.0,3.22,0.003539896,11.57,318778.0,0.0,0.0,1808.0,1294403.0,0.0,0.0,2020.0,0.0,0.0,0.0,0.0
2023-03-28 17:25:09.755000+00:00,462848.0,28712960.0,32935936.0,32935936.0,3.22,0.003539896,11.58,319581.0,0.0,0.0,1812.0,1298909.0,0.0,0.0,2025.0,0.0,0.0,0.0,0.0
2023-03-28 17:25:14.016000+00:00,462848.0,28868608.0,33161216.0,33161216.0,3.24,0.003539896,11.64,320384.0,0.0,0.0,1816.0,1303415.0,0.0,0.0,2030.0,0.0,0.0,0.0,0.0
2023-03-28 17:25:18.920000+00:00,462848.0,28975104.0,33107968.0,33107968.0,3.24,0.003539896,11.64,321187.0,0.0,0.0,1820.0,1307921.0,0.0,0.0,2035.0,0.0,0.0,0.0,0.0
2023-03-28 17:25:24.796000+00:00,479232.0,29220864.0,33734656.0,33734656.0,3.27,0.003539896,11.72,322044.0,0.0,0.0,1825.0,1312501.0,0.0,0.0,2041.0,0.0,0.0,0.0,0.0
2023-03-28 17:25:29.789000+00:00,479232.0,29220864.0,33734656.0,33734656.0,3.27,0.003539896,11.73,322044.0,0.0,0.0,1825.0,1312501.0,0.0,0.0,2048.0,0.0,0.0,0.0,0.0
2023-03-28 17:25:34.083000+00:00,479232.0,29429760.0,33542144.0,33542144.0,3.27,0.003539896,11.74,323734.0,0.0,0.0,1835.0,1321597.0,0.0,0.0,2053.0,0.0,0.0,0.0,0.0
2023-03-28 17:25:38.622000+00:00,479232.0,28815360.0,33161216.0,33161216.0,3.29,0.003539896,11.79,324537.0,0.0,0.0,1839.0,1326103.0,0.0,0.0,2058.0,0.0,0.0,0.0,0.0
2023-03-28 17:25:44.621000+00:00,479232.0,28925952.0,33042432.0,33042432.0,3.29,0.003539896,11.8,325340.0,0.0,0.0,1843.0,1330609.0,0.0,0.0,2063.0,0.0,0.0,0.0,0.0
2023-03-28 17:25:49.124000+00:00,479232.0,29081600.0,33316864.0,33316864.0,3.31,0.003539896,11.86,326143.0,0.0,0.0,1847.0,1335115.0,0.0,0.0,2068.0,0.0,0.0,0.0,0.0
2023-03-28 17:25:54.049000+00:00,479232.0,29184000.0,33275904.0,33275904.0,3.31,0.003539896,11.87,326988.0,0.0,0.0,1852.0,1339621.0,0.0,0.0,2073.0,0.0,0.0,0.0,0.0
2023-03-28 17:25:59.476000+00:00,479232.0,29335552.0,33275904.0,33275904.0,3.33,0.003539896,11.93,326988.0,0.0,0.0,1852.0,1339621.0,0.0,0.0,2073.0,0.0,0.0,0.0,0.0
2023-03-28 17:26:03.919000+00:00,479232.0,29442048.0,33677312.0,33677312.0,3.33,0.003539896,11.94,328594.0,0.0,0.0,1860.0,1348633.0,0.0,0.0,2083.0,0.0,0.0,0.0,0.0
2023-03-28 17:26:09.777000+00:00,479232.0,29597696.0,33701888.0,33701888.0,3.34,0.003539896,11.94,329397.0,0.0,0.0,1864.0,1353139.0,0.0,0.0,2088.0,0.0,0.0,0.0,0.0
2023-03-28 17:26:14.292000+00:00,479232.0,28909568.0,33013760.0,33013760.0,3.34,0.003539896,12.0,330200.0,0.0,0.0,1868.0,1357645.0,0.0,0.0,2093.0,0.0,0.0,0.0,0.0
2023-03-28 17:26:19.121000+00:00,479232.0,29061120.0,33202176.0,33202176.0,3.36,0.003539896,12.0,331003.0,0.0,0.0,1872.0,1362151.0,0.0,0.0,2098.0,0.0,0.0,0.0,0.0
2023-03-28 17:26:24.656000+00:00,495616.0,29265920.0,33378304.0,33378304.0,3.38,0.003539896,12.08,331860.0,0.0,0.0,1877.0,1366731.0,0.0,0.0,2104.0,0.0,0.0,0.0,0.0
2023-03-28 17:26:28.512000+00:00,495616.0,29265920.0,33378304.0,33378304.0,3.4,0.003539896,12.08,331860.0,0.0,0.0,1877.0,1366731.0,0.0,0.0,2111.0,0.0,0.0,0.0,0.0
2023-03-28 17:26:34.087000+00:00,495616.0,29519872.0,33632256.0,33632256.0,3.4,0.003539896,12.16,333550.0,0.0,0.0,1887.0,1375827.0,0.0,0.0,2116.0,0.0,0.0,0.0,0.0
2023-03-28 17:26:39.309000+00:00,495616.0,29671424.0,33779712.0,33779712.0,3.41,0.003539896,12.16,334353.0,0.0,0.0,1891.0,1380333.0,0.0,0.0,2121.0,0.0,0.0,0.0,0.0
2023-03-28 17:26:44.912000+00:00,495616.0,29016064.0,33124352.0,33124352.0,3.42,0.003539896,12.23,335156.0,0.0,0.0,1895.0,1384839.0,0.0,0.0,2126.0,0.0,0.0,0.0,0.0
2023-03-28 17:26:49.846000+00:00,495616.0,29163520.0,33263616.0,33263616.0,3.42,0.003539896,12.31,335959.0,0.0,0.0,1899.0,1389345.0,0.0,0.0,2131.0,0.0,0.0,0.0,0.0
2023-03-28 17:26:54.704000+00:00,495616.0,29270016.0,33394688.0,33394688.0,3.43,0.003539896,12.31,336762.0,0.0,0.0,1903.0,1393851.0,0.0,0.0,2136.0,0.0,0.0,0.0,0.0
2023-03-28 17:26:58.502000+00:00,495616.0,29421568.0,33574912.0,33574912.0,3.44,0.003539896,12.39,337565.0,0.0,0.0,1903.0,1393851.0,0.0,0.0,2136.0,0.0,0.0,0.0,0.0
2023-03-28 17:27:04.151000+00:00,495616.0,29528064.0,33636352.0,33636352.0,3.44,0.003539896,12.39,338368.0,0.0,0.0,1911.0,1402863.0,0.0,0.0,2146.0,0.0,0.0,0.0,0.0
2023-03-28 17:27:09.226000+00:00,495616.0,29683712.0,33927168.0,33927168.0,3.45,0.003539896,12.47,339171.0,0.0,0.0,1915.0,1407369.0,0.0,0.0,2151.0,0.0,0.0,0.0,0.0
2023-03-28 17:27:14.867000+00:00,495616.0,29102080.0,33333248.0,33333248.0,3.45,0.003539896,12.49,339974.0,0.0,0.0,1919.0,1411875.0,0.0,0.0,2156.0,0.0,0.0,0.0,0.0
2023-03-28 17:27:19.472000+00:00,495616.0,29249536.0,33488896.0,33488896.0,3.47,0.003539896,12.49,340903.0,0.0,0.0,1926.0,1416381.0,0.0,0.0,2161.0,0.0,0.0,0.0,0.0
2023-03-28 17:27:23.719000+00:00,512000.0,29446144.0,33607680.0,33607680.0,3.48,0.003539896,12.57,341760.0,0.0,0.0,1931.0,1420961.0,0.0,0.0,2167.0,0.0,0.0,0.0,0.0
2023-03-28 17:27:29.570000+00:00,512000.0,29597696.0,33607680.0,33607680.0,3.5,0.003539896,12.64,341760.0,0.0,0.0,1931.0,1420961.0,0.0,0.0,2167.0,0.0,0.0,0.0,0.0
2023-03-28 17:27:34.154000+00:00,512000.0,29704192.0,33832960.0,33832960.0,3.5,0.003539896,12.64,343450.0,0.0,0.0,1941.0,1430057.0,0.0,0.0,2179.0,0.0,0.0,0.0,0.0
2023-03-28 17:27:39.273000+00:00,512000.0,29855744.0,34115584.0,34115584.0,3.52,0.003539896,12.7,344253.0,0.0,0.0,1945.0,1434563.0,0.0,0.0,2184.0,0.0,0.0,0.0,0.0
2023-03-28 17:27:44.776000+00:00,512000.0,29196288.0,33427456.0,33427456.0,3.52,0.003539896,12.71,345182.0,0.0,0.0,1952.0,1439069.0,0.0,0.0,2189.0,0.0,0.0,0.0,0.0
2023-03-28 17:27:49.312000+00:00,512000.0,29347840.0,33492992.0,33492992.0,3.54,0.003539896,12.78,345985.0,0.0,0.0,1956.0,1443575.0,0.0,0.0,2194.0,0.0,0.0,0.0,0.0
2023-03-28 17:27:54.820000+00:00,512000.0,29454336.0,33624064.0,33624064.0,3.54,0.003539896,12.78,346788.0,0.0,0.0,1960.0,1448081.0,0.0,0.0,2199.0,0.0,0.0,0.0,0.0
2023-03-28 17:27:58.713000+00:00,512000.0,29601792.0,33624064.0,33624064.0,3.56,0.003539896,12.84,346788.0,0.0,0.0,1960.0,1448081.0,0.0,0.0,2199.0,0.0,0.0,0.0,0.0
2023-03-28 17:28:04.091000+00:00,512000.0,29708288.0,33857536.0,33857536.0,3.56,0.003539896,12.84,348562.0,0.0,0.0,1972.0,1457093.0,0.0,0.0,2209.0,0.0,0.0,0.0,0.0
2023-03-28 17:28:09.473000+00:00,512000.0,29863936.0,34222080.0,34222080.0,3.57,0.003539896,12.91,349365.0,0.0,0.0,1976.0,1461599.0,0.0,0.0,2214.0,0.0,0.0,0.0,0.0
2023-03-28 17:28:13.981000+00:00,512000.0,29962240.0,34074624.0,34074624.0,3.57,0.003539896,12.92,350168.0,0.0,0.0,1980.0,1466105.0,0.0,0.0,2219.0,0.0,0.0,0.0,0.0
2023-03-28 17:28:18.401000+00:00,512000.0,29286400.0,33619968.0,33619968.0,3.57,0.003539896,12.92,350971.0,0.0,0.0,1984.0,1470611.0,0.0,0.0,2224.0,0.0,0.0,0.0,0.0
2023-03-28 17:28:23.707000+00:00,524288.0,29532160.0,33771520.0,33771520.0,3.6,0.003539896,12.99,351828.0,0.0,0.0,1989.0,1475191.0,0.0,0.0,2230.0,0.0,0.0,0.0,0.0
2023-03-28 17:28:29.601000+00:00,524288.0,29683712.0,34140160.0,34140160.0,3.61,0.003539896,13.06,352715.0,0.0,0.0,1995.0,1479781.0,0.0,0.0,2237.0,0.0,0.0,0.0,0.0
2023-03-28 17:28:34.386000+00:00,524288.0,29786112.0,33959936.0,33959936.0,3.61,0.003539896,13.07,353518.0,0.0,0.0,1999.0,1484287.0,0.0,0.0,2242.0,0.0,0.0,0.0,0.0
2023-03-28 17:28:39.682000+00:00,524288.0,31182848.0,35946496.0,35946496.0,3.62,0.003539896,13.14,354321.0,0.0,0.0,2003.0,1488793.0,0.0,0.0,2247.0,0.0,0.0,0.0,0.0
2023-03-28 17:28:43.666000+00:00,524288.0,30044160.0,34168832.0,34168832.0,3.62,0.003539896,13.14,355124.0,0.0,0.0,2007.0,1493299.0,0.0,0.0,2252.0,0.0,0.0,0.0,0.0
2023-03-28 17:28:49.621000+00:00,524288.0,29372416.0,33497088.0,33497088.0,3.63,0.003539896,13.15,355927.0,0.0,0.0,2011.0,1497805.0,0.0,0.0,2257.0,0.0,0.0,0.0,0.0
2023-03-28 17:28:54.694000+00:00,524288.0,29532160.0,33652736.0,33652736.0,3.64,0.003539896,13.23,356730.0,0.0,0.0,2015.0,1502311.0,0.0,0.0,2262.0,0.0,0.0,0.0,0.0
2023-03-28 17:28:59.243000+00:00,524288.0,29638656.0,33759232.0,33759232.0,3.64,0.003539896,13.23,357533.0,0.0,0.0,2019.0,1506817.0,0.0,0.0,2267.0,0.0,0.0,0.0,0.0
2023-03-28 17:29:03.847000+00:00,524288.0,29790208.0,33951744.0,33951744.0,3.67,0.003539896,13.29,358336.0,0.0,0.0,2023.0,1511323.0,0.0,0.0,2272.0,0.0,0.0,0.0,0.0
2023-03-28 17:29:08.871000+00:00,524288.0,29892608.0,34017280.0,34017280.0,3.67,0.003539896,13.3,359139.0,0.0,0.0,2027.0,1515829.0,0.0,0.0,2277.0,0.0,0.0,0.0,0.0
2023-03-28 17:29:13.172000+00:00,524288.0,30052352.0,34308096.0,34308096.0,3.68,0.003539896,13.37,359942.0,0.0,0.0,2031.0,1520335.0,0.0,0.0,2282.0,0.0,0.0,0.0,0.0
2023-03-28 17:29:18.569000+00:00,524288.0,29458432.0,33820672.0,33820672.0,3.68,0.003539896,13.38,360745.0,0.0,0.0,2035.0,1524841.0,0.0,0.0,2287.0,0.0,0.0,0.0,0.0
2023-03-28 17:29:24.430000+00:00,540672.0,29704192.0,33869824.0,33869824.0,3.7,0.003539896,13.46,361602.0,0.0,0.0,2040.0,1529421.0,0.0,0.0,2293.0,0.0,0.0,0.0,0.0
2023-03-28 17:29:28.839000+00:00,540672.0,29810688.0,33869824.0,33869824.0,3.71,0.003539896,13.46,361602.0,0.0,0.0,2040.0,1529421.0,0.0,0.0,2293.0,0.0,0.0,0.0,0.0
2023-03-28 17:29:34.314000+00:00,540672.0,29970432.0,34111488.0,34111488.0,3.74,0.003539896,13.52,363292.0,0.0,0.0,2050.0,1538517.0,0.0,0.0,2305.0,0.0,0.0,0.0,0.0
2023-03-28 17:29:38.443000+00:00,540672.0,30076928.0,34254848.0,34254848.0,3.74,0.003539896,13.52,364095.0,0.0,0.0,2054.0,1543023.0,0.0,0.0,2310.0,0.0,0.0,0.0,0.0
2023-03-28 17:29:43.188000+00:00,540672.0,30224384.0,34394112.0,34394112.0,3.75,0.003539896,13.59,364898.0,0.0,0.0,2058.0,1547529.0,0.0,0.0,2315.0,0.0,0.0,0.0,0.0
2023-03-28 17:29:49.187000+00:00,540672.0,29569024.0,33824768.0,33824768.0,3.75,0.003539896,13.59,365701.0,0.0,0.0,2062.0,1552035.0,0.0,0.0,2320.0,0.0,0.0,0.0,0.0
2023-03-28 17:29:53.610000+00:00,540672.0,29724672.0,33959936.0,33959936.0,3.77,0.003539896,13.65,366504.0,0.0,0.0,2066.0,1556541.0,0.0,0.0,2325.0,0.0,0.0,0.0,0.0
2023-03-28 17:29:58.914000+00:00,540672.0,29831168.0,33959936.0,33959936.0,3.77,0.003539896,13.66,366504.0,0.0,0.0,2066.0,1556541.0,0.0,0.0,2325.0,0.0,0.0,0.0,0.0
2023-03-28 17:30:03.220000+00:00,540672.0,29982720.0,34164736.0,34164736.0,3.78,0.003539896,13.72,368110.0,0.0,0.0,2074.0,1565553.0,0.0,0.0,2335.0,0.0,0.0,0.0,0.0
2023-03-28 17:30:09.136000+00:00,540672.0,30085120.0,34271232.0,34271232.0,3.78,0.003539896,13.72,369042.0,0.0,0.0,2080.0,1570059.0,0.0,0.0,2340.0,0.0,0.0,0.0,0.0
2023-03-28 17:30:13.865000+00:00,540672.0,30326784.0,34476032.0,34476032.0,3.79,0.003539896,13.82,369845.0,0.0,0.0,2084.0,1574565.0,0.0,0.0,2345.0,0.0,0.0,0.0,0.0
2023-03-28 17:30:18.675000+00:00,540672.0,30429184.0,34578432.0,34578432.0,3.79,0.003539896,13.82,370648.0,0.0,0.0,2088.0,1579071.0,0.0,0.0,2350.0,0.0,0.0,0.0,0.0
2023-03-28 17:30:23.167000+00:00,557056.0,29941760.0,34381824.0,34381824.0,3.82,0.003539896,13.9,371505.0,0.0,0.0,2093.0,1583651.0,0.0,0.0,2356.0,0.0,0.0,0.0,0.0
2023-03-28 17:30:29.229000+00:00,557056.0,30048256.0,34381824.0,34381824.0,3.82,0.003539896,13.9,371505.0,0.0,0.0,2093.0,1583651.0,0.0,0.0,2356.0,0.0,0.0,0.0,0.0
2023-03-28 17:30:34.201000+00:00,557056.0,30199808.0,34615296.0,34615296.0,3.84,0.003539896,13.97,373195.0,0.0,0.0,2103.0,1592747.0,0.0,0.0,2368.0,0.0,0.0,0.0,0.0
2023-03-28 17:30:38.563000+00:00,557056.0,30199808.0,34455552.0,34455552.0,3.84,0.003539896,13.98,373998.0,0.0,0.0,2107.0,1597253.0,0.0,0.0,2373.0,0.0,0.0,0.0,0.0
2023-03-28 17:30:43.853000+00:00,557056.0,30453760.0,34635776.0,34635776.0,3.86,0.003539896,14.04,374801.0,0.0,0.0,2111.0,1601759.0,0.0,0.0,2378.0,0.0,0.0,0.0,0.0
2023-03-28 17:30:48.770000+00:00,557056.0,30564352.0,34689024.0,34689024.0,3.86,0.003539896,14.04,375604.0,0.0,0.0,2115.0,1606265.0,0.0,0.0,2383.0,0.0,0.0,0.0,0.0
2023-03-28 17:30:54.638000+00:00,557056.0,29904896.0,34340864.0,34340864.0,3.89,0.003539896,14.1,376407.0,0.0,0.0,2119.0,1610771.0,0.0,0.0,2388.0,0.0,0.0,0.0,0.0
2023-03-28 17:30:58.707000+00:00,557056.0,30003200.0,34160640.0,34160640.0,3.89,0.003539896,14.1,377210.0,0.0,0.0,2119.0,1610771.0,0.0,0.0,2388.0,0.0,0.0,0.0,0.0
2023-03-28 17:31:04.505000+00:00,557056.0,30158848.0,34582528.0,34582528.0,3.9,0.003539896,14.18,378013.0,0.0,0.0,2127.0,1619783.0,0.0,0.0,2398.0,0.0,0.0,0.0,0.0
2023-03-28 17:31:09.321000+00:00,557056.0,30265344.0,34430976.0,34430976.0,3.9,0.003539896,14.18,378816.0,0.0,0.0,2131.0,1624289.0,0.0,0.0,2403.0,0.0,0.0,0.0,0.0
2023-03-28 17:31:14.094000+00:00,557056.0,30416896.0,34955264.0,34955264.0,3.9,0.003539896,14.26,379619.0,0.0,0.0,2135.0,1628795.0,0.0,0.0,2408.0,0.0,0.0,0.0,0.0
2023-03-28 17:31:19.414000+00:00,557056.0,30527488.0,34693120.0,34693120.0,3.91,0.003539896,14.26,380422.0,0.0,0.0,2139.0,1633301.0,0.0,0.0,2413.0,0.0,0.0,0.0,0.0
2023-03-28 17:31:23.869000+00:00,569344.0,30035968.0,34193408.0,34193408.0,3.92,0.003539896,14.28,381279.0,0.0,0.0,2144.0,1637881.0,0.0,0.0,2419.0,0.0,0.0,0.0,0.0
2023-03-28 17:31:29.054000+00:00,569344.0,30187520.0,34193408.0,34193408.0,3.94,0.003539896,14.33,381279.0,0.0,0.0,2144.0,1637881.0,0.0,0.0,2426.0,0.0,0.0,0.0,0.0
2023-03-28 17:31:33.577000+00:00,569344.0,30298112.0,34455552.0,34455552.0,3.94,0.003539896,14.34,382969.0,0.0,0.0,2154.0,1646977.0,0.0,0.0,2431.0,0.0,0.0,0.0,0.0
2023-03-28 17:31:38.555000+00:00,569344.0,30445568.0,34607104.0,34607104.0,3.96,0.003539896,14.4,383772.0,0.0,0.0,2158.0,1651483.0,0.0,0.0,2436.0,0.0,0.0,0.0,0.0
2023-03-28 17:31:44.547000+00:00,569344.0,30552064.0,34713600.0,34713600.0,3.96,0.003539896,14.41,384575.0,0.0,0.0,2162.0,1655989.0,0.0,0.0,2441.0,0.0,0.0,0.0,0.0
2023-03-28 17:31:49.918000+00:00,569344.0,30707712.0,34861056.0,34861056.0,3.99,0.003539896,14.41,385378.0,0.0,0.0,2166.0,1660495.0,0.0,0.0,2446.0,0.0,0.0,0.0,0.0
2023-03-28 17:31:53.771000+00:00,569344.0,30048256.0,34299904.0,34299904.0,3.99,0.003539896,14.48,386181.0,0.0,0.0,2170.0,1665001.0,0.0,0.0,2451.0,0.0,0.0,0.0,0.0
2023-03-28 17:31:59.108000+00:00,569344.0,30048256.0,34299904.0,34299904.0,4.01,0.003539896,14.48,386181.0,0.0,0.0,2170.0,1665001.0,0.0,0.0,2451.0,0.0,0.0,0.0,0.0
2023-03-28 17:32:04.435000+00:00,569344.0,30302208.0,34484224.0,34484224.0,4.01,0.003539896,14.54,387787.0,0.0,0.0,2178.0,1674013.0,0.0,0.0,2461.0,0.0,0.0,0.0,0.0
2023-03-28 17:32:09.248000+00:00,569344.0,30461952.0,34635776.0,34635776.0,4.03,0.003539896,14.61,388590.0,0.0,0.0,2182.0,1678519.0,0.0,0.0,2466.0,0.0,0.0,0.0,0.0
2023-03-28 17:32:14.771000+00:00,569344.0,30658560.0,34803712.0,34803712.0,4.03,0.003539896,14.64,389435.0,0.0,0.0,2187.0,1683025.0,0.0,0.0,2471.0,0.0,0.0,0.0,0.0
2023-03-28 17:32:19.115000+00:00,569344.0,30658560.0,34988032.0,34988032.0,4.04,0.003539896,14.73,390238.0,0.0,0.0,2191.0,1687531.0,0.0,0.0,2476.0,0.0,0.0,0.0,0.0
2023-03-28 17:32:23.859000+00:00,589824.0,30257152.0,34541568.0,34541568.0,4.07,0.003539896,14.74,391095.0,0.0,0.0,2196.0,1692111.0,0.0,0.0,2482.0,0.0,0.0,0.0,0.0
2023-03-28 17:32:29.133000+00:00,589824.0,30412800.0,34607104.0,34607104.0,4.08,0.003539896,14.81,391982.0,0.0,0.0,2202.0,1696701.0,0.0,0.0,2489.0,0.0,0.0,0.0,0.0
2023-03-28 17:32:34.275000+00:00,589824.0,30535680.0,34750464.0,34750464.0,4.08,0.003539896,14.83,392785.0,0.0,0.0,2206.0,1701207.0,0.0,0.0,2494.0,0.0,0.0,0.0,0.0
2023-03-28 17:32:39.094000+00:00,589824.0,30687232.0,34836480.0,34836480.0,4.1,0.003539896,14.89,393588.0,0.0,0.0,2210.0,1705713.0,0.0,0.0,2499.0,0.0,0.0,0.0,0.0
2023-03-28 17:32:44.350000+00:00,589824.0,30793728.0,34967552.0,34967552.0,4.1,0.003539896,14.9,394391.0,0.0,0.0,2214.0,1710219.0,0.0,0.0,2504.0,0.0,0.0,0.0,0.0
2023-03-28 17:32:49.571000+00:00,589824.0,30949376.0,35164160.0,35164160.0,4.12,0.003539896,14.96,395194.0,0.0,0.0,2218.0,1714725.0,0.0,0.0,2509.0,0.0,0.0,0.0,0.0
2023-03-28 17:32:54.844000+00:00,589824.0,31051776.0,35246080.0,35246080.0,4.12,0.003539896,14.96,395997.0,0.0,0.0,2222.0,1719231.0,0.0,0.0,2514.0,0.0,0.0,0.0,0.0
2023-03-28 17:32:59.247000+00:00,589824.0,30466048.0,35246080.0,35246080.0,4.14,0.003539896,15.03,395997.0,0.0,0.0,2222.0,1719231.0,0.0,0.0,2514.0,0.0,0.0,0.0,0.0
2023-03-28 17:33:03.513000+00:00,589824.0,30568448.0,34742272.0,34742272.0,4.14,0.003539896,15.03,397603.0,0.0,0.0,2230.0,1728243.0,0.0,0.0,2524.0,0.0,0.0,0.0,0.0
2023-03-28 17:33:08.513000+00:00,589824.0,30728192.0,35053568.0,35053568.0,4.16,0.003539896,15.09,398406.0,0.0,0.0,2234.0,1732749.0,0.0,0.0,2529.0,0.0,0.0,0.0,0.0
2023-03-28 17:33:14.303000+00:00,589824.0,30830592.0,35057664.0,35057664.0,4.16,0.003539896,15.1,399335.0,0.0,0.0,2241.0,1737255.0,0.0,0.0,2534.0,0.0,0.0,0.0,0.0
2023-03-28 17:33:19.482000+00:00,589824.0,30982144.0,35295232.0,35295232.0,4.17,0.003539896,15.17,400138.0,0.0,0.0,2245.0,1741761.0,0.0,0.0,2539.0,0.0,0.0,0.0,0.0
2023-03-28 17:33:23.099000+00:00,606208.0,31182848.0,35381248.0,35381248.0,4.18,0.003539896,15.19,400995.0,0.0,0.0,2250.0,1746341.0,0.0,0.0,2545.0,0.0,0.0,0.0,0.0
2023-03-28 17:33:29.840000+00:00,606208.0,31182848.0,35381248.0,35381248.0,4.2,0.003539896,15.25,400995.0,0.0,0.0,2250.0,1746341.0,0.0,0.0,2545.0,0.0,0.0,0.0,0.0
2023-03-28 17:33:34.070000+00:00,606208.0,30711808.0,35000320.0,35000320.0,4.2,0.003539896,15.26,402685.0,0.0,0.0,2260.0,1755437.0,0.0,0.0,2557.0,0.0,0.0,0.0,0.0
2023-03-28 17:33:38.731000+00:00,606208.0,30814208.0,34975744.0,34975744.0,4.21,0.003539896,15.26,403488.0,0.0,0.0,2264.0,1759943.0,0.0,0.0,2562.0,0.0,0.0,0.0,0.0
2023-03-28 17:33:43.858000+00:00,606208.0,30969856.0,35139584.0,35139584.0,4.22,0.003539896,15.32,404291.0,0.0,0.0,2268.0,1764449.0,0.0,0.0,2567.0,0.0,0.0,0.0,0.0
2023-03-28 17:33:49.322000+00:00,606208.0,31125504.0,35516416.0,35516416.0,4.24,0.003539896,15.39,405094.0,0.0,0.0,2272.0,1768955.0,0.0,0.0,2572.0,0.0,0.0,0.0,0.0
2023-03-28 17:33:54.634000+00:00,606208.0,31223808.0,35381248.0,35381248.0,4.24,0.003539896,15.4,405897.0,0.0,0.0,2276.0,1773461.0,0.0,0.0,2577.0,0.0,0.0,0.0,0.0
2023-03-28 17:33:58.420000+00:00,606208.0,31223808.0,35381248.0,35381248.0,4.24,0.003539896,15.4,405897.0,0.0,0.0,2276.0,1773461.0,0.0,0.0,2577.0,0.0,0.0,0.0,0.0
2023-03-28 17:34:03.123000+00:00,606208.0,30707712.0,34877440.0,34877440.0,4.27,0.003539896,15.46,407503.0,0.0,0.0,2284.0,1782473.0,0.0,0.0,2587.0,0.0,0.0,0.0,0.0
2023-03-28 17:34:09.665000+00:00,606208.0,32862208.0,37433344.0,37433344.0,4.27,0.003539896,15.51,408306.0,0.0,0.0,2288.0,1786979.0,0.0,0.0,2592.0,0.0,0.0,0.0,0.0
2023-03-28 17:34:14.242000+00:00,606208.0,30973952.0,35254272.0,35254272.0,4.28,0.003539896,15.55,409151.0,0.0,0.0,2293.0,1791485.0,0.0,0.0,2597.0,0.0,0.0,0.0,0.0
2023-03-28 17:34:18.297000+00:00,606208.0,31076352.0,35258368.0,35258368.0,4.28,0.003539896,15.55,409954.0,0.0,0.0,2297.0,1795991.0,0.0,0.0,2602.0,0.0,0.0,0.0,0.0
2023-03-28 17:34:23.903000+00:00,618496.0,31322112.0,35549184.0,35549184.0,4.31,0.003539896,15.62,410811.0,0.0,0.0,2302.0,1800571.0,0.0,0.0,2608.0,0.0,0.0,0.0,0.0
2023-03-28 17:34:28.384000+00:00,618496.0,31322112.0,35549184.0,35549184.0,4.32,0.003539896,15.63,410811.0,0.0,0.0,2302.0,1800571.0,0.0,0.0,2608.0,0.0,0.0,0.0,0.0
2023-03-28 17:34:34.051000+00:00,618496.0,30814208.0,34996224.0,34996224.0,4.34,0.003539896,15.7,412501.0,0.0,0.0,2312.0,1809667.0,0.0,0.0,2620.0,0.0,0.0,0.0,0.0
2023-03-28 17:34:38.223000+00:00,618496.0,30924800.0,35110912.0,35110912.0,4.34,0.003539896,15.7,413304.0,0.0,0.0,2316.0,1814173.0,0.0,0.0,2625.0,0.0,0.0,0.0,0.0
2023-03-28 17:34:44.530000+00:00,618496.0,31076352.0,35246080.0,35246080.0,4.36,0.003539896,15.77,414107.0,0.0,0.0,2320.0,1818679.0,0.0,0.0,2630.0,0.0,0.0,0.0,0.0
2023-03-28 17:34:48.841000+00:00,618496.0,31182848.0,35385344.0,35385344.0,4.36,0.003539896,15.77,414910.0,0.0,0.0,2324.0,1823185.0,0.0,0.0,2635.0,0.0,0.0,0.0,0.0
2023-03-28 17:34:54.771000+00:00,618496.0,31334400.0,35635200.0,35635200.0,4.38,0.003539896,15.84,415713.0,0.0,0.0,2328.0,1827691.0,0.0,0.0,2640.0,0.0,0.0,0.0,0.0
2023-03-28 17:34:59.354000+00:00,618496.0,31440896.0,35635200.0,35635200.0,4.38,0.003539896,15.84,415713.0,0.0,0.0,2328.0,1827691.0,0.0,0.0,2640.0,0.0,0.0,0.0,0.0
2023-03-28 17:35:04.481000+00:00,618496.0,31485952.0,35930112.0,35930112.0,4.42,0.003539896,15.95,441660.0,0.0,0.0,2488.0,1864184.0,0.0,0.0,2803.0,0.0,0.0,0.0,0.0
2023-03-28 17:35:09.581000+00:00,618496.0,31588352.0,35790848.0,35790848.0,4.42,0.003539896,15.95,442505.0,0.0,0.0,2493.0,1868732.0,0.0,0.0,2809.0,0.0,0.0,0.0,0.0
2023-03-28 17:35:14.560000+00:00,618496.0,31006720.0,35373056.0,35373056.0,4.44,0.003539896,16.02,443308.0,0.0,0.0,2497.0,1873238.0,0.0,0.0,2814.0,0.0,0.0,0.0,0.0
2023-03-28 17:35:19.449000+00:00,618496.0,31113216.0,35352576.0,35352576.0,4.44,0.003539896,16.03,444111.0,0.0,0.0,2501.0,1877744.0,0.0,0.0,2819.0,0.0,0.0,0.0,0.0
2023-03-28 17:35:24.831000+00:00,659456.0,31358976.0,35753984.0,35753984.0,4.46,0.003539896,16.12,445052.0,0.0,0.0,2508.0,1882324.0,0.0,0.0,2825.0,0.0,0.0,0.0,0.0
2023-03-28 17:35:29.463000+00:00,659456.0,31465472.0,35700736.0,35700736.0,4.46,0.003539896,16.12,445052.0,0.0,0.0,2508.0,1882324.0,0.0,0.0,2825.0,0.0,0.0,0.0,0.0
2023-03-28 17:35:33.939000+00:00,659456.0,31641600.0,36069376.0,36069376.0,4.48,0.003539896,16.21,446826.0,0.0,0.0,2520.0,1891420.0,0.0,0.0,2837.0,0.0,0.0,0.0,0.0
2023-03-28 17:35:38.506000+00:00,659456.0,31641600.0,35995648.0,35995648.0,4.48,0.003539896,16.21,447629.0,0.0,0.0,2524.0,1895926.0,0.0,0.0,2842.0,0.0,0.0,0.0,0.0
2023-03-28 17:35:43.916000+00:00,659456.0,31150080.0,35643392.0,35643392.0,4.49,0.003539896,16.32,448432.0,0.0,0.0,2528.0,1900432.0,0.0,0.0,2847.0,0.0,0.0,0.0,0.0
2023-03-28 17:35:48.909000+00:00,659456.0,31150080.0,35643392.0,35495936.0,4.5,0.003539896,16.33,449235.0,0.0,0.0,2532.0,1904938.0,0.0,0.0,2852.0,0.0,0.0,0.0,0.0
2023-03-28 17:35:54.122000+00:00,659456.0,31408128.0,35950592.0,35950592.0,4.52,0.003539896,16.39,450038.0,0.0,0.0,2536.0,1909444.0,0.0,0.0,2857.0,0.0,0.0,0.0,0.0
2023-03-28 17:35:58.470000+00:00,659456.0,31510528.0,35950592.0,35950592.0,4.52,0.003539896,16.4,450038.0,0.0,0.0,2536.0,1909444.0,0.0,0.0,2857.0,0.0,0.0,0.0,0.0
2023-03-28 17:36:04.003000+00:00,659456.0,31666176.0,35876864.0,35876864.0,4.53,0.003539896,16.46,451751.0,0.0,0.0,2545.0,1918456.0,0.0,0.0,2867.0,0.0,0.0,0.0,0.0
2023-03-28 17:36:08.587000+00:00,659456.0,31666176.0,35991552.0,35991552.0,4.54,0.003539896,16.46,452554.0,0.0,0.0,2549.0,1922962.0,0.0,0.0,2872.0,0.0,0.0,0.0,0.0
2023-03-28 17:36:14.657000+00:00,659456.0,31920128.0,36384768.0,36384768.0,4.56,0.003539896,16.52,453357.0,0.0,0.0,2553.0,1927468.0,0.0,0.0,2877.0,0.0,0.0,0.0,0.0
2023-03-28 17:36:19.572000+00:00,659456.0,31920128.0,35565568.0,35565568.0,4.56,0.003539896,16.53,454160.0,0.0,0.0,2557.0,1931974.0,0.0,0.0,2882.0,0.0,0.0,0.0,0.0
2023-03-28 17:36:24.746000+00:00,675840.0,31494144.0,35905536.0,35905536.0,4.59,0.003539896,16.61,455017.0,0.0,0.0,2562.0,1936554.0,0.0,0.0,2888.0,0.0,0.0,0.0,0.0
2023-03-28 17:36:29.783000+00:00,675840.0,31600640.0,35905536.0,35905536.0,4.59,0.003539896,16.61,455017.0,0.0,0.0,2562.0,1936554.0,0.0,0.0,2888.0,0.0,0.0,0.0,0.0
2023-03-28 17:36:34.732000+00:00,675840.0,31752192.0,36335616.0,36335616.0,4.62,0.003539896,16.67,456833.0,0.0,0.0,2575.0,1945650.0,0.0,0.0,2900.0,0.0,0.0,0.0,0.0
2023-03-28 17:36:38.824000+00:00,675840.0,31997952.0,36204544.0,36204544.0,4.62,0.003539896,16.68,457636.0,0.0,0.0,2579.0,1950156.0,0.0,0.0,2905.0,0.0,0.0,0.0,0.0
2023-03-28 17:36:44.731000+00:00,675840.0,32149504.0,36573184.0,36573184.0,4.63,0.003539896,16.75,458439.0,0.0,0.0,2583.0,1954662.0,0.0,0.0,2910.0,0.0,0.0,0.0,0.0
2023-03-28 17:36:49.241000+00:00,675840.0,31490048.0,35667968.0,35667968.0,4.63,0.003539896,16.75,459284.0,0.0,0.0,2588.0,1959168.0,0.0,0.0,2915.0,0.0,0.0,0.0,0.0
2023-03-28 17:36:54.722000+00:00,675840.0,31641600.0,36265984.0,36265984.0,4.64,0.003539896,16.82,460087.0,0.0,0.0,2592.0,1963674.0,0.0,0.0,2920.0,0.0,0.0,0.0,0.0
2023-03-28 17:36:58.866000+00:00,675840.0,31748096.0,35966976.0,35966976.0,4.64,0.003539896,16.82,460890.0,0.0,0.0,2592.0,1963674.0,0.0,0.0,2920.0,0.0,0.0,0.0,0.0
2023-03-28 17:37:03.192000+00:00,675840.0,31854592.0,36048896.0,36048896.0,4.64,0.003539896,16.83,461693.0,0.0,0.0,2600.0,1972686.0,0.0,0.0,2930.0,0.0,0.0,0.0,0.0
2023-03-28 17:37:09.445000+00:00,675840.0,32006144.0,36241408.0,36241408.0,4.66,0.003539896,16.9,462496.0,0.0,0.0,2604.0,1977192.0,0.0,0.0,2935.0,0.0,0.0,0.0,0.0
2023-03-28 17:37:13.918000+00:00,675840.0,32108544.0,36302848.0,36302848.0,4.66,0.003539896,16.9,463369.0,0.0,0.0,2609.0,1981698.0,0.0,0.0,2940.0,0.0,0.0,0.0,0.0
2023-03-28 17:37:19.784000+00:00,675840.0,32108544.0,36302848.0,35913728.0,4.68,0.003539896,16.99,464172.0,0.0,0.0,2613.0,1986204.0,0.0,0.0,2945.0,0.0,0.0,0.0,0.0
2023-03-28 17:37:23.624000+00:00,688128.0,31776768.0,36098048.0,36098048.0,4.69,0.003539896,17.01,465029.0,0.0,0.0,2618.0,1990784.0,0.0,0.0,2951.0,0.0,0.0,0.0,0.0
2023-03-28 17:37:29.503000+00:00,688128.0,31928320.0,36098048.0,36098048.0,4.71,0.003539896,17.07,465029.0,0.0,0.0,2618.0,1990784.0,0.0,0.0,2951.0,0.0,0.0,0.0,0.0
2023-03-28 17:37:34.303000+00:00,688128.0,32034816.0,36220928.0,36220928.0,4.71,0.003539896,17.07,466952.0,0.0,0.0,2632.0,1999880.0,0.0,0.0,2963.0,0.0,0.0,0.0,0.0
2023-03-28 17:37:38.805000+00:00,688128.0,32190464.0,36511744.0,36511744.0,4.72,0.003539896,17.14,467755.0,0.0,0.0,2636.0,2004386.0,0.0,0.0,2968.0,0.0,0.0,0.0,0.0
2023-03-28 17:37:43.680000+00:00,688128.0,32292864.0,36524032.0,36524032.0,4.72,0.003539896,17.15,468558.0,0.0,0.0,2640.0,2008892.0,0.0,0.0,2973.0,0.0,0.0,0.0,0.0
2023-03-28 17:37:49.786000+00:00,688128.0,31555584.0,35811328.0,35811328.0,4.74,0.003539896,17.24,469361.0,0.0,0.0,2644.0,2013398.0,0.0,0.0,2978.0,0.0,0.0,0.0,0.0
2023-03-28 17:37:54.796000+00:00,688128.0,31662080.0,35844096.0,35844096.0,4.74,0.003539896,17.24,470164.0,0.0,0.0,2648.0,2017904.0,0.0,0.0,2983.0,0.0,0.0,0.0,0.0
2023-03-28 17:37:58.255000+00:00,688128.0,31809536.0,35844096.0,35844096.0,4.76,0.003539896,17.31,470164.0,0.0,0.0,2648.0,2017904.0,0.0,0.0,2983.0,0.0,0.0,0.0,0.0
2023-03-28 17:38:04.881000+00:00,688128.0,31920128.0,36130816.0,36130816.0,4.76,0.003539896,17.32,471770.0,0.0,0.0,2656.0,2026916.0,0.0,0.0,2993.0,0.0,0.0,0.0,0.0
2023-03-28 17:38:09.713000+00:00,688128.0,32067584.0,36286464.0,36286464.0,4.78,0.003539896,17.38,472573.0,0.0,0.0,2660.0,2031422.0,0.0,0.0,2998.0,0.0,0.0,0.0,0.0
2023-03-28 17:38:14.103000+00:00,688128.0,32174080.0,36372480.0,36372480.0,4.78,0.003539896,17.39,473376.0,0.0,0.0,2664.0,2035928.0,0.0,0.0,3003.0,0.0,0.0,0.0,0.0
2023-03-28 17:38:19.176000+00:00,688128.0,32174080.0,36683776.0,36683776.0,4.8,0.003539896,17.45,474179.0,0.0,0.0,2668.0,2040434.0,0.0,0.0,3008.0,0.0,0.0,0.0,0.0
2023-03-28 17:38:24.721000+00:00,704512.0,29106176.0,33546240.0,33546240.0,4.83,0.003539896,17.58,475036.0,0.0,0.0,2673.0,2045014.0,0.0,0.0,3014.0,0.0,0.0,0.0,0.0
2023-03-28 17:38:28.866000+00:00,704512.0,29265920.0,33808384.0,33546240.0,4.84,0.003539896,17.65,475036.0,0.0,0.0,2673.0,2045014.0,0.0,0.0,3014.0,0.0,0.0,0.0,0.0
2023-03-28 17:38:33.856000+00:00,704512.0,29376512.0,33566720.0,33566720.0,4.84,0.003539896,17.66,476726.0,0.0,0.0,2683.0,2054110.0,0.0,0.0,3026.0,0.0,0.0,0.0,0.0
2023-03-28 17:38:39.601000+00:00,704512.0,29376512.0,33566720.0,33648640.0,4.86,0.003539896,17.72,477529.0,0.0,0.0,2687.0,2058616.0,0.0,0.0,3031.0,0.0,0.0,0.0,0.0
2023-03-28 17:38:43.994000+00:00,704512.0,29638656.0,33742848.0,33742848.0,4.86,0.003539896,17.73,478332.0,0.0,0.0,2691.0,2063122.0,0.0,0.0,3036.0,0.0,0.0,0.0,0.0
2023-03-28 17:38:48.610000+00:00,704512.0,29638656.0,33742848.0,34025472.0,4.87,0.003539896,17.8,479135.0,0.0,0.0,2695.0,2067628.0,0.0,0.0,3041.0,0.0,0.0,0.0,0.0
2023-03-28 17:38:54.568000+00:00,704512.0,29896704.0,34013184.0,34013184.0,4.87,0.003539896,17.8,479938.0,0.0,0.0,2699.0,2072134.0,0.0,0.0,3046.0,0.0,0.0,0.0,0.0
2023-03-28 17:38:58.777000+00:00,704512.0,29138944.0,34013184.0,34013184.0,4.88,0.003539896,17.87,479938.0,0.0,0.0,2699.0,2072134.0,0.0,0.0,3046.0,0.0,0.0,0.0,0.0
2023-03-28 17:39:04.776000+00:00,704512.0,29249536.0,33349632.0,33349632.0,4.88,0.003539896,17.88,481544.0,0.0,0.0,2707.0,2081146.0,0.0,0.0,3056.0,0.0,0.0,0.0,0.0
2023-03-28 17:39:08.910000+00:00,704512.0,29249536.0,33697792.0,33697792.0,4.89,0.003539896,17.88,482347.0,0.0,0.0,2711.0,2085652.0,0.0,0.0,3061.0,0.0,0.0,0.0,0.0
2023-03-28 17:39:13.876000+00:00,704512.0,29515776.0,33632256.0,33632256.0,4.89,0.003539896,17.96,483150.0,0.0,0.0,2715.0,2090158.0,0.0,0.0,3066.0,0.0,0.0,0.0,0.0
2023-03-28 17:39:18.837000+00:00,704512.0,29515776.0,34295808.0,34295808.0,4.92,0.003539896,17.96,483953.0,0.0,0.0,2719.0,2094664.0,0.0,0.0,3071.0,0.0,0.0,0.0,0.0
2023-03-28 17:39:24.493000+00:00,720896.0,29868032.0,34013184.0,34013184.0,4.94,0.003539896,18.02,484810.0,0.0,0.0,2724.0,2099244.0,0.0,0.0,3077.0,0.0,0.0,0.0,0.0
2023-03-28 17:39:28.766000+00:00,720896.0,29868032.0,34013184.0,34013184.0,4.95,0.003539896,18.08,484810.0,0.0,0.0,2724.0,2099244.0,0.0,0.0,3077.0,0.0,0.0,0.0,0.0
2023-03-28 17:39:34.504000+00:00,720896.0,29224960.0,33386496.0,33386496.0,4.95,0.003539896,18.09,486500.0,0.0,0.0,2734.0,2108340.0,0.0,0.0,3089.0,0.0,0.0,0.0,0.0
2023-03-28 17:39:38.030000+00:00,720896.0,29331456.0,33435648.0,33435648.0,4.95,0.003539896,18.09,487303.0,0.0,0.0,2738.0,2112846.0,0.0,0.0,3094.0,0.0,0.0,0.0,0.0
2023-03-28 17:39:43.769000+00:00,720896.0,29487104.0,33591296.0,33591296.0,4.97,0.003539896,18.16,488232.0,0.0,0.0,2745.0,2117352.0,0.0,0.0,3099.0,0.0,0.0,0.0,0.0
2023-03-28 17:39:48.620000+00:00,720896.0,29593600.0,33693696.0,33693696.0,4.97,0.003539896,18.16,489035.0,0.0,0.0,2749.0,2121858.0,0.0,0.0,3104.0,0.0,0.0,0.0,0.0
2023-03-28 17:39:54.056000+00:00,720896.0,29749248.0,33898496.0,33898496.0,4.99,0.003539896,18.22,489838.0,0.0,0.0,2753.0,2126364.0,0.0,0.0,3109.0,0.0,0.0,0.0,0.0
2023-03-28 17:39:59.100000+00:00,720896.0,29855744.0,34004992.0,33898496.0,4.99,0.003539896,18.23,489838.0,0.0,0.0,2753.0,2126364.0,0.0,0.0,3109.0,0.0,0.0,0.0,0.0
2023-03-28 17:40:03.090000+00:00,720896.0,30011392.0,34111488.0,34111488.0,5.02,0.003539896,18.29,491444.0,0.0,0.0,2761.0,2135376.0,0.0,0.0,3119.0,0.0,0.0,0.0,0.0
2023-03-28 17:40:09.714000+00:00,720896.0,29237248.0,33550336.0,33550336.0,5.04,0.003539896,18.35,492247.0,0.0,0.0,2765.0,2139882.0,0.0,0.0,3124.0,0.0,0.0,0.0,0.0
2023-03-28 17:40:14.041000+00:00,720896.0,29343744.0,33443840.0,33443840.0,5.04,0.003539896,18.36,493092.0,0.0,0.0,2770.0,2144388.0,0.0,0.0,3129.0,0.0,0.0,0.0,0.0
2023-03-28 17:40:19.916000+00:00,720896.0,29343744.0,33443840.0,33935360.0,5.04,0.003539896,18.43,493895.0,0.0,0.0,2774.0,2148894.0,0.0,0.0,3134.0,0.0,0.0,0.0,0.0
2023-03-28 17:40:24.743000+00:00,733184.0,29696000.0,33947648.0,33947648.0,5.05,0.003539896,18.45,494752.0,0.0,0.0,2779.0,2153474.0,0.0,0.0,3140.0,0.0,0.0,0.0,0.0
2023-03-28 17:40:29.460000+00:00,733184.0,29802496.0,33947648.0,33947648.0,5.05,0.003539896,18.46,494752.0,0.0,0.0,2779.0,2153474.0,0.0,0.0,3140.0,0.0,0.0,0.0,0.0
2023-03-28 17:40:34.897000+00:00,733184.0,29958144.0,34070528.0,34070528.0,5.08,0.003539896,18.5,496442.0,0.0,0.0,2789.0,2162570.0,0.0,0.0,3152.0,0.0,0.0,0.0,0.0
2023-03-28 17:40:39.675000+00:00,733184.0,29958144.0,33312768.0,33312768.0,5.08,0.003539896,18.52,497245.0,0.0,0.0,2793.0,2167076.0,0.0,0.0,3157.0,0.0,0.0,0.0,0.0
2023-03-28 17:40:44.414000+00:00,733184.0,29315072.0,33542144.0,33542144.0,5.11,0.003539896,18.56,498048.0,0.0,0.0,2797.0,2171582.0,0.0,0.0,3162.0,0.0,0.0,0.0,0.0
2023-03-28 17:40:49.626000+00:00,733184.0,29315072.0,33542144.0,33546240.0,5.11,0.003539896,18.57,498851.0,0.0,0.0,2801.0,2176088.0,0.0,0.0,3167.0,0.0,0.0,0.0,0.0
2023-03-28 17:40:53.781000+00:00,733184.0,29573120.0,33755136.0,33755136.0,5.12,0.003539896,18.64,499654.0,0.0,0.0,2805.0,2180594.0,0.0,0.0,3172.0,0.0,0.0,0.0,0.0
2023-03-28 17:40:58.996000+00:00,733184.0,29683712.0,33755136.0,33755136.0,5.12,0.003539896,18.64,499654.0,0.0,0.0,2805.0,2180594.0,0.0,0.0,3172.0,0.0,0.0,0.0,0.0
2023-03-28 17:41:04.437000+00:00,733184.0,29839360.0,34095104.0,34095104.0,5.14,0.003539896,18.7,501260.0,0.0,0.0,2813.0,2189606.0,0.0,0.0,3182.0,0.0,0.0,0.0,0.0
2023-03-28 17:41:09.554000+00:00,733184.0,29839360.0,34091008.0,34091008.0,5.14,0.003539896,18.71,502063.0,0.0,0.0,2817.0,2194112.0,0.0,0.0,3187.0,0.0,0.0,0.0,0.0
2023-03-28 17:41:13.630000+00:00,733184.0,29184000.0,33386496.0,33386496.0,5.16,0.003539896,18.77,502866.0,0.0,0.0,2821.0,2198618.0,0.0,0.0,3192.0,0.0,0.0,0.0,0.0
2023-03-28 17:41:19.741000+00:00,733184.0,29294592.0,33398784.0,33398784.0,5.16,0.003539896,18.78,503669.0,0.0,0.0,2825.0,2203124.0,0.0,0.0,3197.0,0.0,0.0,0.0,0.0
2023-03-28 17:41:24.171000+00:00,749568.0,29532160.0,33947648.0,33947648.0,5.19,0.003539896,18.85,504526.0,0.0,0.0,2830.0,2207704.0,0.0,0.0,3203.0,0.0,0.0,0.0,0.0
2023-03-28 17:41:29.404000+00:00,749568.0,29642752.0,33947648.0,33947648.0,5.19,0.003539896,18.85,504526.0,0.0,0.0,2830.0,2207704.0,0.0,0.0,3203.0,0.0,0.0,0.0,0.0
2023-03-28 17:41:33.720000+00:00,749568.0,29794304.0,34037760.0,34037760.0,5.21,0.003539896,18.92,506216.0,0.0,0.0,2840.0,2216800.0,0.0,0.0,3215.0,0.0,0.0,0.0,0.0
2023-03-28 17:41:38.803000+00:00,749568.0,29794304.0,34013184.0,34013184.0,5.21,0.003539896,18.92,507019.0,0.0,0.0,2844.0,2221306.0,0.0,0.0,3220.0,0.0,0.0,0.0,0.0
2023-03-28 17:41:43.743000+00:00,749568.0,29204480.0,33357824.0,33357824.0,5.22,0.003539896,18.98,507864.0,0.0,0.0,2849.0,2225812.0,0.0,0.0,3225.0,0.0,0.0,0.0,0.0
2023-03-28 17:41:49.704000+00:00,749568.0,29310976.0,33443840.0,33443840.0,5.22,0.003539896,19.0,508667.0,0.0,0.0,2853.0,2230318.0,0.0,0.0,3230.0,0.0,0.0,0.0,0.0
2023-03-28 17:41:53.567000+00:00,749568.0,29462528.0,34033664.0,34033664.0,5.24,0.003539896,19.06,509470.0,0.0,0.0,2857.0,2234824.0,0.0,0.0,3235.0,0.0,0.0,0.0,0.0
2023-03-28 17:41:59.295000+00:00,749568.0,29569024.0,33722368.0,34033664.0,5.24,0.003539896,19.07,509470.0,0.0,0.0,2857.0,2234824.0,0.0,0.0,3235.0,0.0,0.0,0.0,0.0
2023-03-28 17:42:03.353000+00:00,749568.0,29724672.0,34217984.0,34217984.0,5.26,0.003539896,19.14,511076.0,0.0,0.0,2865.0,2243836.0,0.0,0.0,3245.0,0.0,0.0,0.0,0.0
2023-03-28 17:42:09.629000+00:00,749568.0,29831168.0,33968128.0,33968128.0,5.26,0.003539896,19.14,511879.0,0.0,0.0,2869.0,2248342.0,0.0,0.0,3250.0,0.0,0.0,0.0,0.0
2023-03-28 17:42:14.499000+00:00,749568.0,29986816.0,34189312.0,34189312.0,5.28,0.003539896,19.2,512682.0,0.0,0.0,2873.0,2252848.0,0.0,0.0,3255.0,0.0,0.0,0.0,0.0
2023-03-28 17:42:18.620000+00:00,749568.0,29192192.0,33439744.0,33439744.0,5.28,0.003539896,19.2,513485.0,0.0,0.0,2877.0,2257354.0,0.0,0.0,3260.0,0.0,0.0,0.0,0.0
2023-03-28 17:42:23.535000+00:00,765952.0,29425664.0,34033664.0,34033664.0,5.33,0.003539896,19.28,514342.0,0.0,0.0,2882.0,2261934.0,0.0,0.0,3266.0,0.0,0.0,0.0,0.0
2023-03-28 17:42:29.531000+00:00,765952.0,29528064.0,34033664.0,34033664.0,5.33,0.003539896,19.29,514342.0,0.0,0.0,2882.0,2261934.0,0.0,0.0,3266.0,0.0,0.0,0.0,0.0
2023-03-28 17:42:33.395000+00:00,765952.0,29630464.0,33742848.0,33742848.0,5.33,0.003539896,19.3,516032.0,0.0,0.0,2892.0,2271030.0,0.0,0.0,3278.0,0.0,0.0,0.0,0.0
2023-03-28 17:42:39.881000+00:00,765952.0,29630464.0,33742848.0,33882112.0,5.34,0.003539896,19.36,516961.0,0.0,0.0,2899.0,2275536.0,0.0,0.0,3283.0,0.0,0.0,0.0,0.0
2023-03-28 17:42:43.293000+00:00,765952.0,29880320.0,33984512.0,33984512.0,5.34,0.003539896,19.36,517764.0,0.0,0.0,2903.0,2280042.0,0.0,0.0,3288.0,0.0,0.0,0.0,0.0
2023-03-28 17:42:48.950000+00:00,765952.0,29880320.0,33984512.0,33984512.0,5.37,0.003539896,19.42,518609.0,0.0,0.0,2908.0,2284548.0,0.0,0.0,3293.0,0.0,0.0,0.0,0.0
2023-03-28 17:42:54.288000+00:00,765952.0,31318016.0,36122624.0,36122624.0,5.37,0.003539896,19.44,519454.0,0.0,0.0,2913.0,2289054.0,0.0,0.0,3298.0,0.0,0.0,0.0,0.0
2023-03-28 17:42:59.280000+00:00,765952.0,31318016.0,36122624.0,36122624.0,5.4,0.003539896,19.48,519454.0,0.0,0.0,2913.0,2289054.0,0.0,0.0,3298.0,0.0,0.0,0.0,0.0
2023-03-28 17:43:03.680000+00:00,765952.0,29499392.0,33607680.0,33607680.0,5.4,0.003539896,19.49,521060.0,0.0,0.0,2921.0,2298066.0,0.0,0.0,3308.0,0.0,0.0,0.0,0.0
2023-03-28 17:43:09.427000+00:00,765952.0,29642752.0,33779712.0,33779712.0,5.42,0.003539896,19.56,521863.0,0.0,0.0,2925.0,2302572.0,0.0,0.0,3313.0,0.0,0.0,0.0,0.0
2023-03-28 17:43:14.669000+00:00,765952.0,29749248.0,33837056.0,33837056.0,5.42,0.003539896,19.56,522666.0,0.0,0.0,2929.0,2307078.0,0.0,0.0,3318.0,0.0,0.0,0.0,0.0
2023-03-28 17:43:18.917000+00:00,765952.0,29749248.0,34041856.0,34041856.0,5.44,0.003539896,19.63,523469.0,0.0,0.0,2933.0,2311584.0,0.0,0.0,3323.0,0.0,0.0,0.0,0.0
2023-03-28 17:43:23.644000+00:00,778240.0,29163520.0,33300480.0,33300480.0,5.46,0.003539896,19.64,524326.0,0.0,0.0,2938.0,2316164.0,0.0,0.0,3329.0,0.0,0.0,0.0,0.0
2023-03-28 17:43:28.596000+00:00,778240.0,29163520.0,33300480.0,33300480.0,5.48,0.003539896,19.7,524326.0,0.0,0.0,2938.0,2316164.0,0.0,0.0,3329.0,0.0,0.0,0.0,0.0
2023-03-28 17:43:33.740000+00:00,778240.0,29413376.0,33525760.0,33525760.0,5.48,0.003539896,19.71,526016.0,0.0,0.0,2948.0,2325260.0,0.0,0.0,3341.0,0.0,0.0,0.0,0.0
2023-03-28 17:43:39.757000+00:00,778240.0,29605888.0,33718272.0,33718272.0,5.5,0.003539896,19.71,526819.0,0.0,0.0,2952.0,2329766.0,0.0,0.0,3346.0,0.0,0.0,0.0,0.0
2023-03-28 17:43:44.067000+00:00,778240.0,29708288.0,33820672.0,33820672.0,5.5,0.003539896,19.78,527622.0,0.0,0.0,2956.0,2334272.0,0.0,0.0,3351.0,0.0,0.0,0.0,0.0
2023-03-28 17:43:49.148000+00:00,778240.0,29708288.0,33968128.0,33968128.0,5.51,0.003539896,19.85,528425.0,0.0,0.0,2960.0,2338778.0,0.0,0.0,3356.0,0.0,0.0,0.0,0.0
2023-03-28 17:43:53.892000+00:00,778240.0,29171712.0,33402880.0,33402880.0,5.51,0.003539896,19.85,529228.0,0.0,0.0,2964.0,2343284.0,0.0,0.0,3361.0,0.0,0.0,0.0,0.0
2023-03-28 17:43:58.401000+00:00,778240.0,29315072.0,33402880.0,33402880.0,5.54,0.003539896,19.92,529228.0,0.0,0.0,2964.0,2343284.0,0.0,0.0,3361.0,0.0,0.0,0.0,0.0
2023-03-28 17:44:04.416000+00:00,778240.0,29417472.0,33529856.0,33529856.0,5.54,0.003539896,19.92,530876.0,0.0,0.0,2973.0,2352296.0,0.0,0.0,3371.0,0.0,0.0,0.0,0.0
2023-03-28 17:44:08.976000+00:00,778240.0,29564928.0,33714176.0,33714176.0,5.56,0.003539896,20.0,531679.0,0.0,0.0,2977.0,2356802.0,0.0,0.0,3376.0,0.0,0.0,0.0,0.0
2023-03-28 17:44:14.091000+00:00,778240.0,29663232.0,33783808.0,33783808.0,5.56,0.003539896,20.0,532482.0,0.0,0.0,2981.0,2361308.0,0.0,0.0,3381.0,0.0,0.0,0.0,0.0
2023-03-28 17:44:19.184000+00:00,778240.0,29663232.0,33783808.0,33972224.0,5.58,0.003539896,20.06,533285.0,0.0,0.0,2985.0,2365814.0,0.0,0.0,3386.0,0.0,0.0,0.0,0.0
2023-03-28 17:44:24.335000+00:00,794624.0,29179904.0,33357824.0,33357824.0,5.59,0.003539896,20.09,534142.0,0.0,0.0,2990.0,2370394.0,0.0,0.0,3392.0,0.0,0.0,0.0,0.0
2023-03-28 17:44:28.451000+00:00,794624.0,29327360.0,33357824.0,33357824.0,5.61,0.003539896,20.16,534142.0,0.0,0.0,2990.0,2370394.0,0.0,0.0,3392.0,0.0,0.0,0.0,0.0
2023-03-28 17:44:34.485000+00:00,794624.0,29429760.0,33546240.0,33546240.0,5.61,0.003539896,20.16,535832.0,0.0,0.0,3000.0,2379490.0,0.0,0.0,3404.0,0.0,0.0,0.0,0.0
2023-03-28 17:44:38.751000+00:00,794624.0,29577216.0,33996800.0,33996800.0,5.63,0.004227092,20.23,536635.0,0.0,0.0,3004.0,2383996.0,0.0,0.0,3409.0,0.0,0.0,0.0,0.0
2023-03-28 17:44:44.483000+00:00,794624.0,29675520.0,33812480.0,33812480.0,5.63,0.004227092,20.23,537438.0,0.0,0.0,3008.0,2388502.0,0.0,0.0,3414.0,0.0,0.0,0.0,0.0
2023-03-28 17:44:49.599000+00:00,794624.0,29827072.0,34086912.0,34086912.0,5.64,0.004227092,20.3,538241.0,0.0,0.0,3012.0,2393008.0,0.0,0.0,3419.0,0.0,0.0,0.0,0.0
2023-03-28 17:44:54.757000+00:00,794624.0,29925376.0,34070528.0,34070528.0,5.65,0.004227092,20.3,539044.0,0.0,0.0,3016.0,2397514.0,0.0,0.0,3424.0,0.0,0.0,0.0,0.0
2023-03-28 17:44:59.161000+00:00,794624.0,29216768.0,33804288.0,34070528.0,5.66,0.004227092,20.37,539044.0,0.0,0.0,3016.0,2397514.0,0.0,0.0,3424.0,0.0,0.0,0.0,0.0
2023-03-28 17:45:03.759000+00:00,794624.0,29323264.0,33435648.0,33435648.0,5.66,0.004227092,20.38,540692.0,0.0,0.0,3025.0,2406526.0,0.0,0.0,3434.0,0.0,0.0,0.0,0.0
2023-03-28 17:45:09.207000+00:00,794624.0,29323264.0,33677312.0,33677312.0,5.68,0.004227092,20.38,541495.0,0.0,0.0,3029.0,2411032.0,0.0,0.0,3439.0,0.0,0.0,0.0,0.0
2023-03-28 17:45:14.301000+00:00,794624.0,29569024.0,33730560.0,33730560.0,5.68,0.004227092,20.45,542298.0,0.0,0.0,3033.0,2415538.0,0.0,0.0,3444.0,0.0,0.0,0.0,0.0
2023-03-28 17:45:18.611000+00:00,794624.0,29569024.0,33918976.0,33918976.0,5.68,0.004227092,20.45,543101.0,0.0,0.0,3037.0,2420044.0,0.0,0.0,3449.0,0.0,0.0,0.0,0.0
2023-03-28 17:45:23.775000+00:00,811008.0,29904896.0,34013184.0,34013184.0,5.7,0.004227092,20.53,543958.0,0.0,0.0,3042.0,2424624.0,0.0,0.0,3455.0,0.0,0.0,0.0,0.0
2023-03-28 17:45:29.921000+00:00,811008.0,29904896.0,34013184.0,34013184.0,5.72,0.004227092,20.53,544845.0,0.0,0.0,3048.0,2429214.0,0.0,0.0,3462.0,0.0,0.0,0.0,0.0
2023-03-28 17:45:34.486000+00:00,811008.0,29327360.0,33480704.0,33480704.0,5.73,0.004227092,20.6,545648.0,0.0,0.0,3052.0,2433720.0,0.0,0.0,3467.0,0.0,0.0,0.0,0.0
2023-03-28 17:45:39.552000+00:00,811008.0,29474816.0,33710080.0,33710080.0,5.74,0.004227092,20.6,546451.0,0.0,0.0,3056.0,2438226.0,0.0,0.0,3472.0,0.0,0.0,0.0,0.0
2023-03-28 17:45:43.875000+00:00,811008.0,29577216.0,33681408.0,33681408.0,5.75,0.004227092,20.68,547254.0,0.0,0.0,3060.0,2442732.0,0.0,0.0,3477.0,0.0,0.0,0.0,0.0
2023-03-28 17:45:48.809000+00:00,811008.0,29679616.0,33767424.0,33767424.0,5.75,0.004227092,20.68,548057.0,0.0,0.0,3064.0,2447238.0,0.0,0.0,3482.0,0.0,0.0,0.0,0.0
2023-03-28 17:45:54.402000+00:00,811008.0,29827072.0,33939456.0,33939456.0,5.78,0.004227092,20.75,548860.0,0.0,0.0,3068.0,2451744.0,0.0,0.0,3487.0,0.0,0.0,0.0,0.0
2023-03-28 17:45:58.755000+00:00,811008.0,29929472.0,34082816.0,34082816.0,5.78,0.004227092,20.76,549663.0,0.0,0.0,3072.0,2456250.0,0.0,0.0,3492.0,0.0,0.0,0.0,0.0
2023-03-28 17:46:04.626000+00:00,811008.0,29286400.0,33390592.0,33390592.0,5.79,0.004227092,20.83,550466.0,0.0,0.0,3076.0,2460756.0,0.0,0.0,3497.0,0.0,0.0,0.0,0.0
2023-03-28 17:46:08.884000+00:00,811008.0,29286400.0,33476608.0,33476608.0,5.79,0.004227092,20.83,551269.0,0.0,0.0,3080.0,2465262.0,0.0,0.0,3502.0,0.0,0.0,0.0,0.0
2023-03-28 17:46:14.406000+00:00,811008.0,29536256.0,33640448.0,33640448.0,5.8,0.004227092,20.9,552072.0,0.0,0.0,3084.0,2469768.0,0.0,0.0,3507.0,0.0,0.0,0.0,0.0
2023-03-28 17:46:19.735000+00:00,811008.0,29536256.0,33640448.0,33726464.0,5.8,0.004227092,20.9,552875.0,0.0,0.0,3088.0,2474274.0,0.0,0.0,3512.0,0.0,0.0,0.0,0.0
2023-03-28 17:46:24.470000+00:00,827392.0,29872128.0,34119680.0,34119680.0,5.84,0.004227092,20.97,553732.0,0.0,0.0,3093.0,2478854.0,0.0,0.0,3518.0,0.0,0.0,0.0,0.0
2023-03-28 17:46:29.366000+00:00,827392.0,29974528.0,34119680.0,34119680.0,5.84,0.004227092,20.97,553732.0,0.0,0.0,3093.0,2478854.0,0.0,0.0,3518.0,0.0,0.0,0.0,0.0
2023-03-28 17:46:34.213000+00:00,827392.0,29147136.0,33382400.0,33382400.0,5.87,0.004227092,21.06,555422.0,0.0,0.0,3103.0,2487950.0,0.0,0.0,3530.0,0.0,0.0,0.0,0.0
2023-03-28 17:46:38.460000+00:00,827392.0,29245440.0,33472512.0,33472512.0,5.87,0.004227092,21.07,556225.0,0.0,0.0,3107.0,2492456.0,0.0,0.0,3535.0,0.0,0.0,0.0,0.0
2023-03-28 17:46:44.711000+00:00,827392.0,29396992.0,33669120.0,33669120.0,5.89,0.004227092,21.13,557028.0,0.0,0.0,3111.0,2496962.0,0.0,0.0,3540.0,0.0,0.0,0.0,0.0
2023-03-28 17:46:49.627000+00:00,827392.0,29396992.0,33669120.0,33652736.0,5.89,0.004227092,21.14,557831.0,0.0,0.0,3115.0,2501468.0,0.0,0.0,3545.0,0.0,0.0,0.0,0.0
2023-03-28 17:46:54.489000+00:00,827392.0,29642752.0,33865728.0,33865728.0,5.92,0.004227092,21.2,558634.0,0.0,0.0,3119.0,2505974.0,0.0,0.0,3550.0,0.0,0.0,0.0,0.0
2023-03-28 17:46:59.674000+00:00,827392.0,29745152.0,33865728.0,33865728.0,5.92,0.004227092,21.2,558634.0,0.0,0.0,3119.0,2505974.0,0.0,0.0,3550.0,0.0,0.0,0.0,0.0
2023-03-28 17:47:04.293000+00:00,827392.0,29032448.0,33132544.0,33132544.0,5.94,0.004227092,21.26,560240.0,0.0,0.0,3127.0,2514986.0,0.0,0.0,3560.0,0.0,0.0,0.0,0.0
2023-03-28 17:47:09.259000+00:00,827392.0,29032448.0,33230848.0,33230848.0,5.94,0.004227092,21.26,561043.0,0.0,0.0,3131.0,2519492.0,0.0,0.0,3565.0,0.0,0.0,0.0,0.0
2023-03-28 17:47:14.402000+00:00,827392.0,29278208.0,33529856.0,33529856.0,5.96,0.004227092,21.33,561846.0,0.0,0.0,3135.0,2523998.0,0.0,0.0,3570.0,0.0,0.0,0.0,0.0
2023-03-28 17:47:19.845000+00:00,827392.0,29278208.0,33484800.0,33484800.0,5.96,0.004227092,21.34,562649.0,0.0,0.0,3139.0,2528504.0,0.0,0.0,3575.0,0.0,0.0,0.0,0.0
2023-03-28 17:47:24.749000+00:00,839680.0,29618176.0,33751040.0,33751040.0,5.99,0.004546674,21.41,563506.0,0.0,0.0,3144.0,2533084.0,0.0,0.0,3581.0,0.0,0.0,0.0,0.0
2023-03-28 17:47:28.827000+00:00,839680.0,29618176.0,33751040.0,33751040.0,5.99,0.004546674,21.42,563506.0,0.0,0.0,3144.0,2533084.0,0.0,0.0,3581.0,0.0,0.0,0.0,0.0
2023-03-28 17:47:33.567000+00:00,839680.0,29032448.0,33402880.0,33402880.0,6.0,0.004546674,21.49,565196.0,0.0,0.0,3154.0,2542180.0,0.0,0.0,3593.0,0.0,0.0,0.0,0.0
2023-03-28 17:47:39.565000+00:00,839680.0,29032448.0,33402880.0,33234944.0,6.0,0.004546674,21.5,565999.0,0.0,0.0,3158.0,2546686.0,0.0,0.0,3598.0,0.0,0.0,0.0,0.0
2023-03-28 17:47:44.859000+00:00,839680.0,29282304.0,33456128.0,33456128.0,6.02,0.004546674,21.58,566802.0,0.0,0.0,3162.0,2551192.0,0.0,0.0,3603.0,0.0,0.0,0.0,0.0
2023-03-28 17:47:48.493000+00:00,839680.0,29384704.0,33538048.0,33538048.0,6.02,0.004546674,21.58,567605.0,0.0,0.0,3166.0,2555698.0,0.0,0.0,3608.0,0.0,0.0,0.0,0.0
2023-03-28 17:47:54.396000+00:00,839680.0,29552640.0,34033664.0,34033664.0,6.04,0.004546674,21.65,568408.0,0.0,0.0,3170.0,2560204.0,0.0,0.0,3613.0,0.0,0.0,0.0,0.0
2023-03-28 17:47:59.762000+00:00,839680.0,29655040.0,34033664.0,34033664.0,6.04,0.004546674,21.66,568408.0,0.0,0.0,3170.0,2560204.0,0.0,0.0,3613.0,0.0,0.0,0.0,0.0
2023-03-28 17:48:04.298000+00:00,839680.0,29802496.0,33992704.0,33992704.0,6.06,0.004546674,21.73,570014.0,0.0,0.0,3178.0,2569216.0,0.0,0.0,3623.0,0.0,0.0,0.0,0.0
2023-03-28 17:48:08.861000+00:00,839680.0,29052928.0,33353728.0,33353728.0,6.06,0.004546674,21.73,570817.0,0.0,0.0,3182.0,2573722.0,0.0,0.0,3628.0,0.0,0.0,0.0,0.0
2023-03-28 17:48:13.401000+00:00,839680.0,29155328.0,33296384.0,33296384.0,6.06,0.004546674,21.74,571620.0,0.0,0.0,3186.0,2578228.0,0.0,0.0,3633.0,0.0,0.0,0.0,0.0
2023-03-28 17:48:18.895000+00:00,839680.0,29155328.0,33415168.0,33415168.0,6.09,0.004546674,21.8,572423.0,0.0,0.0,3190.0,2582734.0,0.0,0.0,3638.0,0.0,0.0,0.0,0.0
2023-03-28 17:48:24.457000+00:00,856064.0,29532160.0,33767424.0,33767424.0,6.13,0.004546674,21.87,573280.0,0.0,0.0,3195.0,2587314.0,0.0,0.0,3644.0,0.0,0.0,0.0,0.0
2023-03-28 17:48:29.689000+00:00,856064.0,29532160.0,33767424.0,33767424.0,6.13,0.004546674,21.88,573280.0,0.0,0.0,3195.0,2587314.0,0.0,0.0,3644.0,0.0,0.0,0.0,0.0
2023-03-28 17:48:34.815000+00:00,856064.0,29782016.0,34021376.0,34021376.0,6.14,0.004546674,21.95,574970.0,0.0,0.0,3205.0,2596410.0,0.0,0.0,3656.0,0.0,0.0,0.0,0.0
2023-03-28 17:48:39.468000+00:00,856064.0,29052928.0,33226752.0,33226752.0,6.14,0.004546674,21.96,575773.0,0.0,0.0,3209.0,2600916.0,0.0,0.0,3661.0,0.0,0.0,0.0,0.0
2023-03-28 17:48:44.294000+00:00,856064.0,29159424.0,33259520.0,33259520.0,6.14,0.004546674,21.96,576576.0,0.0,0.0,3213.0,2605422.0,0.0,0.0,3666.0,0.0,0.0,0.0,0.0
2023-03-28 17:48:48.803000+00:00,856064.0,29302784.0,33411072.0,33411072.0,6.15,0.004546674,22.04,577379.0,0.0,0.0,3217.0,2609928.0,0.0,0.0,3671.0,0.0,0.0,0.0,0.0
2023-03-28 17:48:54.553000+00:00,856064.0,29405184.0,33492992.0,33492992.0,6.15,0.004546674,22.04,578182.0,0.0,0.0,3221.0,2614434.0,0.0,0.0,3676.0,0.0,0.0,0.0,0.0
2023-03-28 17:48:58.984000+00:00,856064.0,29405184.0,33492992.0,33492992.0,6.18,0.004546674,22.04,578182.0,0.0,0.0,3221.0,2614434.0,0.0,0.0,3676.0,0.0,0.0,0.0,0.0
2023-03-28 17:49:04.787000+00:00,856064.0,29655040.0,33767424.0,33767424.0,6.18,0.004546674,22.12,579788.0,0.0,0.0,3229.0,2623446.0,0.0,0.0,3686.0,0.0,0.0,0.0,0.0
2023-03-28 17:49:09.539000+00:00,856064.0,29655040.0,33169408.0,33169408.0,6.19,0.004546674,22.2,580591.0,0.0,0.0,3233.0,2627952.0,0.0,0.0,3691.0,0.0,0.0,0.0,0.0
2023-03-28 17:49:14.546000+00:00,856064.0,29147136.0,33284096.0,33284096.0,6.19,0.004546674,22.2,581394.0,0.0,0.0,3237.0,2632458.0,0.0,0.0,3696.0,0.0,0.0,0.0,0.0
2023-03-28 17:49:18.887000+00:00,856064.0,29147136.0,33390592.0,33390592.0,6.21,0.004546674,22.26,582197.0,0.0,0.0,3241.0,2636964.0,0.0,0.0,3701.0,0.0,0.0,0.0,0.0
2023-03-28 17:49:23.953000+00:00,872448.0,29483008.0,33632256.0,33632256.0,6.22,0.004546674,22.28,583054.0,0.0,0.0,3246.0,2641544.0,0.0,0.0,3707.0,0.0,0.0,0.0,0.0
2023-03-28 17:49:28.691000+00:00,872448.0,29483008.0,33632256.0,33632256.0,6.24,0.004546674,22.35,583054.0,0.0,0.0,3246.0,2641544.0,0.0,0.0,3707.0,0.0,0.0,0.0,0.0
2023-03-28 17:49:34.648000+00:00,872448.0,29732864.0,33857536.0,33857536.0,6.24,0.004546674,22.36,584870.0,0.0,0.0,3259.0,2650640.0,0.0,0.0,3719.0,0.0,0.0,0.0,0.0
2023-03-28 17:49:39.396000+00:00,872448.0,29052928.0,33247232.0,33247232.0,6.26,0.004546674,22.41,585673.0,0.0,0.0,3263.0,2655146.0,0.0,0.0,3724.0,0.0,0.0,0.0,0.0
2023-03-28 17:49:44.197000+00:00,872448.0,29159424.0,33263616.0,33263616.0,6.27,0.004546674,22.42,586476.0,0.0,0.0,3267.0,2659652.0,0.0,0.0,3729.0,0.0,0.0,0.0,0.0
2023-03-28 17:49:49.822000+00:00,872448.0,29302784.0,33419264.0,33419264.0,6.29,0.004546674,22.48,587279.0,0.0,0.0,3271.0,2664158.0,0.0,0.0,3734.0,0.0,0.0,0.0,0.0
2023-03-28 17:49:54.623000+00:00,872448.0,29405184.0,33542144.0,33542144.0,6.29,0.004546674,22.49,588082.0,0.0,0.0,3275.0,2668664.0,0.0,0.0,3739.0,0.0,0.0,0.0,0.0
2023-03-28 17:49:59.538000+00:00,872448.0,29405184.0,33542144.0,33542144.0,6.3,0.004546674,22.57,588082.0,0.0,0.0,3275.0,2668664.0,0.0,0.0,3739.0,0.0,0.0,0.0,0.0
2023-03-28 17:50:04.292000+00:00,872448.0,29749248.0,33894400.0,33894400.0,6.3,0.004546674,22.58,589688.0,0.0,0.0,3283.0,2677676.0,0.0,0.0,3749.0,0.0,0.0,0.0,0.0
2023-03-28 17:50:09.749000+00:00,872448.0,29892608.0,34062336.0,34062336.0,6.33,0.004546674,22.64,590491.0,0.0,0.0,3287.0,2682182.0,0.0,0.0,3754.0,0.0,0.0,0.0,0.0
2023-03-28 17:50:13.813000+00:00,872448.0,29143040.0,33271808.0,33271808.0,6.33,0.004546674,22.65,591294.0,0.0,0.0,3291.0,2686688.0,0.0,0.0,3759.0,0.0,0.0,0.0,0.0
2023-03-28 17:50:19.762000+00:00,872448.0,29290496.0,33394688.0,33394688.0,6.34,0.004546674,22.65,592097.0,0.0,0.0,3295.0,2691194.0,0.0,0.0,3764.0,0.0,0.0,0.0,0.0
2023-03-28 17:50:23.679000+00:00,884736.0,29478912.0,33587200.0,33587200.0,6.36,0.004546674,22.74,592954.0,0.0,0.0,3300.0,2695774.0,0.0,0.0,3770.0,0.0,0.0,0.0,0.0
2023-03-28 17:50:28.605000+00:00,884736.0,29478912.0,33587200.0,33587200.0,6.39,0.004546674,22.79,592954.0,0.0,0.0,3300.0,2695774.0,0.0,0.0,3770.0,0.0,0.0,0.0,0.0
2023-03-28 17:50:34.242000+00:00,884736.0,29728768.0,33849344.0,33849344.0,6.39,0.004546674,22.8,594644.0,0.0,0.0,3310.0,2704870.0,0.0,0.0,3782.0,0.0,0.0,0.0,0.0
2023-03-28 17:50:38.637000+00:00,884736.0,29872128.0,34168832.0,34168832.0,6.4,0.004546674,22.86,595447.0,0.0,0.0,3314.0,2709376.0,0.0,0.0,3787.0,0.0,0.0,0.0,0.0
2023-03-28 17:50:44.120000+00:00,884736.0,29147136.0,33439744.0,33439744.0,6.4,0.004546674,22.87,596250.0,0.0,0.0,3318.0,2713882.0,0.0,0.0,3792.0,0.0,0.0,0.0,0.0
2023-03-28 17:50:49.163000+00:00,884736.0,29147136.0,33439744.0,33812480.0,6.42,0.004805445,22.94,597053.0,0.0,0.0,3322.0,2718388.0,0.0,0.0,3797.0,0.0,0.0,0.0,0.0
2023-03-28 17:50:53.684000+00:00,884736.0,29396992.0,33505280.0,33505280.0,6.42,0.004805445,22.94,597856.0,0.0,0.0,3326.0,2722894.0,0.0,0.0,3802.0,0.0,0.0,0.0,0.0
2023-03-28 17:50:59.478000+00:00,884736.0,29544448.0,33505280.0,33505280.0,6.46,0.004805445,23.0,597856.0,0.0,0.0,3326.0,2722894.0,0.0,0.0,3802.0,0.0,0.0,0.0,0.0
2023-03-28 17:51:04.306000+00:00,884736.0,29646848.0,33890304.0,33890304.0,6.46,0.004805445,23.0,599462.0,0.0,0.0,3334.0,2731906.0,0.0,0.0,3812.0,0.0,0.0,0.0,0.0
2023-03-28 17:51:09.815000+00:00,884736.0,29794304.0,33964032.0,33964032.0,6.46,0.004805445,23.07,600265.0,0.0,0.0,3338.0,2736412.0,0.0,0.0,3817.0,0.0,0.0,0.0,0.0
2023-03-28 17:51:14.236000+00:00,884736.0,29892608.0,33992704.0,33992704.0,6.46,0.004805445,23.08,601068.0,0.0,0.0,3342.0,2740918.0,0.0,0.0,3822.0,0.0,0.0,0.0,0.0
2023-03-28 17:51:19.686000+00:00,884736.0,29892608.0,33992704.0,33374208.0,6.47,0.004805445,23.08,601871.0,0.0,0.0,3346.0,2745424.0,0.0,0.0,3827.0,0.0,0.0,0.0,0.0
2023-03-28 17:51:24.067000+00:00,901120.0,29376512.0,33492992.0,33492992.0,6.51,0.004805445,23.15,602728.0,0.0,0.0,3351.0,2750004.0,0.0,0.0,3833.0,0.0,0.0,0.0,0.0
2023-03-28 17:51:28.404000+00:00,901120.0,29376512.0,33492992.0,33492992.0,6.51,0.004805445,23.16,602728.0,0.0,0.0,3351.0,2750004.0,0.0,0.0,3833.0,0.0,0.0,0.0,0.0
2023-03-28 17:51:34.640000+00:00,901120.0,29626368.0,33718272.0,33718272.0,6.52,0.004805445,23.22,604418.0,0.0,0.0,3361.0,2759100.0,0.0,0.0,3845.0,0.0,0.0,0.0,0.0
2023-03-28 17:51:39.632000+00:00,901120.0,29626368.0,33861632.0,33861632.0,6.53,0.004805445,23.22,605221.0,0.0,0.0,3365.0,2763606.0,0.0,0.0,3850.0,0.0,0.0,0.0,0.0
2023-03-28 17:51:44.387000+00:00,901120.0,29876224.0,33976320.0,33976320.0,6.55,0.004805445,23.29,606024.0,0.0,0.0,3369.0,2768112.0,0.0,0.0,3855.0,0.0,0.0,0.0,0.0
2023-03-28 17:51:49.427000+00:00,901120.0,29147136.0,33247232.0,33247232.0,6.55,0.004805445,23.3,606827.0,0.0,0.0,3373.0,2772618.0,0.0,0.0,3860.0,0.0,0.0,0.0,0.0
2023-03-28 17:51:53.356000+00:00,901120.0,29294592.0,33435648.0,33435648.0,6.58,0.004805445,23.35,607672.0,0.0,0.0,3378.0,2777124.0,0.0,0.0,3865.0,0.0,0.0,0.0,0.0
2023-03-28 17:51:59.445000+00:00,901120.0,29396992.0,33435648.0,33435648.0,6.58,0.004805445,23.36,607672.0,0.0,0.0,3378.0,2777124.0,0.0,0.0,3865.0,0.0,0.0,0.0,0.0
2023-03-28 17:52:04.481000+00:00,901120.0,29544448.0,33636352.0,33636352.0,6.62,0.004805445,23.4,609278.0,0.0,0.0,3386.0,2786136.0,0.0,0.0,3875.0,0.0,0.0,0.0,0.0
2023-03-28 17:52:08.763000+00:00,901120.0,29642752.0,33738752.0,33738752.0,6.62,0.004805445,23.41,610081.0,0.0,0.0,3390.0,2790642.0,0.0,0.0,3880.0,0.0,0.0,0.0,0.0
2023-03-28 17:52:13.432000+00:00,901120.0,29790208.0,33988608.0,33988608.0,6.64,0.004805445,23.48,610884.0,0.0,0.0,3394.0,2795148.0,0.0,0.0,3885.0,0.0,0.0,0.0,0.0
2023-03-28 17:52:18.136000+00:00,901120.0,29888512.0,34033664.0,34033664.0,6.64,0.004805445,23.48,611687.0,0.0,0.0,3398.0,2799654.0,0.0,0.0,3890.0,0.0,0.0,0.0,0.0
2023-03-28 17:52:24.862000+00:00,917504.0,29364224.0,33468416.0,33468416.0,6.68,0.004805445,23.54,612544.0,0.0,0.0,3403.0,2804234.0,0.0,0.0,3896.0,0.0,0.0,0.0,0.0
2023-03-28 17:52:28.987000+00:00,917504.0,29466624.0,33468416.0,33468416.0,6.68,0.004805445,23.54,612544.0,0.0,0.0,3403.0,2804234.0,0.0,0.0,3896.0,0.0,0.0,0.0,0.0
2023-03-28 17:52:34.765000+00:00,917504.0,29614080.0,33910784.0,33910784.0,6.7,0.004805445,23.6,614276.0,0.0,0.0,3414.0,2813330.0,0.0,0.0,3908.0,0.0,0.0,0.0,0.0
2023-03-28 17:52:39.229000+00:00,917504.0,29614080.0,33968128.0,33968128.0,6.7,0.004805445,23.61,615079.0,0.0,0.0,3418.0,2817836.0,0.0,0.0,3913.0,0.0,0.0,0.0,0.0
2023-03-28 17:52:44.498000+00:00,917504.0,29859840.0,34103296.0,34103296.0,6.73,0.004805445,23.67,615882.0,0.0,0.0,3422.0,2822342.0,0.0,0.0,3918.0,0.0,0.0,0.0,0.0
2023-03-28 17:52:48.839000+00:00,917504.0,29859840.0,33320960.0,33320960.0,6.73,0.004805445,23.68,616685.0,0.0,0.0,3426.0,2826848.0,0.0,0.0,3923.0,0.0,0.0,0.0,0.0
2023-03-28 17:52:53.518000+00:00,917504.0,29392896.0,33767424.0,33767424.0,6.75,0.004805445,23.75,617488.0,0.0,0.0,3430.0,2831354.0,0.0,0.0,3928.0,0.0,0.0,0.0,0.0
2023-03-28 17:52:59.432000+00:00,917504.0,29392896.0,33767424.0,33767424.0,6.76,0.004805445,23.75,617488.0,0.0,0.0,3430.0,2831354.0,0.0,0.0,3928.0,0.0,0.0,0.0,0.0
2023-03-28 17:53:04.545000+00:00,917504.0,29650944.0,34009088.0,34009088.0,6.78,0.004805445,23.82,619094.0,0.0,0.0,3438.0,2840366.0,0.0,0.0,3938.0,0.0,0.0,0.0,0.0
2023-03-28 17:53:09.470000+00:00,917504.0,29753344.0,33902592.0,33902592.0,6.78,0.004805445,23.82,619897.0,0.0,0.0,3442.0,2844872.0,0.0,0.0,3943.0,0.0,0.0,0.0,0.0
2023-03-28 17:53:14.119000+00:00,917504.0,29900800.0,34250752.0,34250752.0,6.8,0.004805445,23.89,620700.0,0.0,0.0,3446.0,2849378.0,0.0,0.0,3948.0,0.0,0.0,0.0,0.0
2023-03-28 17:53:18.852000+00:00,917504.0,29999104.0,34107392.0,34107392.0,6.8,0.004805445,23.9,621503.0,0.0,0.0,3450.0,2853884.0,0.0,0.0,3953.0,0.0,0.0,0.0,0.0
2023-03-28 17:53:23.485000+00:00,929792.0,29429760.0,33873920.0,33873920.0,6.82,0.004805445,23.92,622360.0,0.0,0.0,3455.0,2858464.0,0.0,0.0,3959.0,0.0,0.0,0.0,0.0
2023-03-28 17:53:28.989000+00:00,929792.0,29573120.0,33689600.0,33873920.0,6.84,0.004805445,23.98,622360.0,0.0,0.0,3455.0,2858464.0,0.0,0.0,3959.0,0.0,0.0,0.0,0.0
2023-03-28 17:53:34.302000+00:00,929792.0,29679616.0,33923072.0,33923072.0,6.84,0.004805445,23.99,624050.0,0.0,0.0,3465.0,2867560.0,0.0,0.0,3971.0,0.0,0.0,0.0,0.0
2023-03-28 17:53:39.823000+00:00,929792.0,29679616.0,33923072.0,33923072.0,6.85,0.004805445,24.06,624050.0,0.0,0.0,3469.0,2872066.0,0.0,0.0,3976.0,0.0,0.0,0.0,0.0
2023-03-28 17:53:43.923000+00:00,929792.0,29925376.0,34054144.0,34054144.0,6.85,0.004805445,24.06,625656.0,0.0,0.0,3473.0,2876572.0,0.0,0.0,3981.0,0.0,0.0,0.0,0.0
2023-03-28 17:53:48.998000+00:00,929792.0,30068736.0,34168832.0,34168832.0,6.87,0.004805445,24.14,626459.0,0.0,0.0,3477.0,2881078.0,0.0,0.0,3986.0,0.0,0.0,0.0,0.0
2023-03-28 17:53:54.032000+00:00,929792.0,29319168.0,33492992.0,33492992.0,6.87,0.004805445,24.14,627304.0,0.0,0.0,3482.0,2885584.0,0.0,0.0,3991.0,0.0,0.0,0.0,0.0
2023-03-28 17:53:58.471000+00:00,929792.0,29466624.0,33492992.0,33492992.0,6.88,0.004805445,24.21,627304.0,0.0,0.0,3482.0,2885584.0,0.0,0.0,3991.0,0.0,0.0,0.0,0.0
2023-03-28 17:54:04.839000+00:00,929792.0,29569024.0,33689600.0,33689600.0,6.88,0.004805445,24.22,628910.0,0.0,0.0,3490.0,2894596.0,0.0,0.0,4001.0,0.0,0.0,0.0,0.0
2023-03-28 17:54:08.384000+00:00,929792.0,29569024.0,33935360.0,33935360.0,6.91,0.004805445,24.28,629713.0,0.0,0.0,3494.0,2899102.0,0.0,0.0,4006.0,0.0,0.0,0.0,0.0
2023-03-28 17:54:14.319000+00:00,929792.0,29818880.0,33923072.0,33923072.0,6.91,0.004805445,24.3,630516.0,0.0,0.0,3498.0,2903608.0,0.0,0.0,4011.0,0.0,0.0,0.0,0.0
2023-03-28 17:54:18.322000+00:00,929792.0,29818880.0,34066432.0,34066432.0,6.93,0.004805445,24.36,631319.0,0.0,0.0,3502.0,2908114.0,0.0,0.0,4016.0,0.0,0.0,0.0,0.0
2023-03-28 17:54:24.843000+00:00,946176.0,29396992.0,33632256.0,33632256.0,6.94,0.004805445,24.37,632176.0,0.0,0.0,3507.0,2912694.0,0.0,0.0,4022.0,0.0,0.0,0.0,0.0
2023-03-28 17:54:29.185000+00:00,946176.0,29581312.0,33804288.0,33804288.0,6.97,0.004805445,24.44,632176.0,0.0,0.0,3507.0,2912694.0,0.0,0.0,4022.0,0.0,0.0,0.0,0.0
2023-03-28 17:54:34.129000+00:00,946176.0,29683712.0,33779712.0,33779712.0,6.97,0.004805445,24.45,633866.0,0.0,0.0,3517.0,2921790.0,0.0,0.0,4034.0,0.0,0.0,0.0,0.0
2023-03-28 17:54:39.688000+00:00,946176.0,29831168.0,33931264.0,33931264.0,6.99,0.004805445,24.5,634669.0,0.0,0.0,3521.0,2926296.0,0.0,0.0,4039.0,0.0,0.0,0.0,0.0
2023-03-28 17:54:44.167000+00:00,946176.0,29933568.0,34160640.0,34160640.0,6.99,0.004805445,24.51,635472.0,0.0,0.0,3525.0,2930802.0,0.0,0.0,4044.0,0.0,0.0,0.0,0.0
2023-03-28 17:54:49.252000+00:00,946176.0,30081024.0,34172928.0,34172928.0,7.02,0.004805445,24.56,636275.0,0.0,0.0,3529.0,2935308.0,0.0,0.0,4049.0,0.0,0.0,0.0,0.0
2023-03-28 17:54:54.369000+00:00,946176.0,30179328.0,34271232.0,34271232.0,7.02,0.004805445,24.57,637078.0,0.0,0.0,3533.0,2939814.0,0.0,0.0,4054.0,0.0,0.0,0.0,0.0
2023-03-28 17:54:58.003000+00:00,946176.0,29540352.0,34271232.0,34271232.0,7.02,0.004805445,24.64,637078.0,0.0,0.0,3533.0,2939814.0,0.0,0.0,4054.0,0.0,0.0,0.0,0.0
2023-03-28 17:55:03.245000+00:00,946176.0,29642752.0,33775616.0,33775616.0,7.03,0.004805445,24.65,638726.0,0.0,0.0,3542.0,2948826.0,0.0,0.0,4064.0,0.0,0.0,0.0,0.0
2023-03-28 17:55:09.919000+00:00,946176.0,29790208.0,33886208.0,33886208.0,7.05,0.004805445,24.71,639571.0,0.0,0.0,3547.0,2953332.0,0.0,0.0,4069.0,0.0,0.0,0.0,0.0
2023-03-28 17:55:14.787000+00:00,946176.0,29888512.0,34017280.0,34017280.0,7.05,0.004805445,24.72,640374.0,0.0,0.0,3551.0,2957838.0,0.0,0.0,4074.0,0.0,0.0,0.0,0.0
2023-03-28 17:55:19.013000+00:00,946176.0,29888512.0,34254848.0,34254848.0,7.07,0.004805445,24.78,641177.0,0.0,0.0,3555.0,2962344.0,0.0,0.0,4079.0,0.0,0.0,0.0,0.0
2023-03-28 17:55:24.134000+00:00,962560.0,30220288.0,34344960.0,34344960.0,7.08,0.004805445,24.8,642034.0,0.0,0.0,3560.0,2966924.0,0.0,0.0,4085.0,0.0,0.0,0.0,0.0
2023-03-28 17:55:29.092000+00:00,962560.0,30220288.0,34344960.0,34344960.0,7.11,0.004805445,24.87,642034.0,0.0,0.0,3560.0,2966924.0,0.0,0.0,4085.0,0.0,0.0,0.0,0.0
2023-03-28 17:55:34.201000+00:00,962560.0,29593600.0,33689600.0,33689600.0,7.11,0.004805445,24.88,643724.0,0.0,0.0,3570.0,2976020.0,0.0,0.0,4097.0,0.0,0.0,0.0,0.0
2023-03-28 17:55:38.994000+00:00,962560.0,29741056.0,33890304.0,33890304.0,7.12,0.004805445,24.95,644527.0,0.0,0.0,3574.0,2980526.0,0.0,0.0,4102.0,0.0,0.0,0.0,0.0
2023-03-28 17:55:44.795000+00:00,962560.0,29843456.0,33939456.0,33939456.0,7.12,0.004805445,24.95,645330.0,0.0,0.0,3578.0,2985032.0,0.0,0.0,4107.0,0.0,0.0,0.0,0.0
2023-03-28 17:55:49.235000+00:00,962560.0,29986816.0,34099200.0,34099200.0,7.14,0.004805445,25.03,646133.0,0.0,0.0,3582.0,2989538.0,0.0,0.0,4112.0,0.0,0.0,0.0,0.0
2023-03-28 17:55:53.965000+00:00,962560.0,30089216.0,34226176.0,34226176.0,7.14,0.004805445,25.04,646978.0,0.0,0.0,3587.0,2994044.0,0.0,0.0,4117.0,0.0,0.0,0.0,0.0
2023-03-28 17:55:58.878000+00:00,962560.0,30089216.0,34226176.0,34226176.0,7.14,0.004805445,25.04,646978.0,0.0,0.0,3587.0,2994044.0,0.0,0.0,4117.0,0.0,0.0,0.0,0.0
2023-03-28 17:56:03.902000+00:00,962560.0,29552640.0,33652736.0,33652736.0,7.16,0.004805445,25.11,648584.0,0.0,0.0,3595.0,3003056.0,0.0,0.0,4127.0,0.0,0.0,0.0,0.0
2023-03-28 17:56:09.794000+00:00,962560.0,29552640.0,33652736.0,33792000.0,7.18,0.004805445,25.11,649387.0,0.0,0.0,3599.0,3007562.0,0.0,0.0,4132.0,0.0,0.0,0.0,0.0
2023-03-28 17:56:13.116000+00:00,962560.0,29798400.0,33931264.0,33931264.0,7.18,0.004805445,25.2,650190.0,0.0,0.0,3603.0,3012068.0,0.0,0.0,4137.0,0.0,0.0,0.0,0.0
2023-03-28 17:56:18.682000+00:00,962560.0,29798400.0,33931264.0,34033664.0,7.18,0.004805445,25.2,650993.0,0.0,0.0,3607.0,3016574.0,0.0,0.0,4142.0,0.0,0.0,0.0,0.0
2023-03-28 17:56:24.632000+00:00,974848.0,30130176.0,34398208.0,34398208.0,7.21,0.004805445,25.27,651850.0,0.0,0.0,3612.0,3021154.0,0.0,0.0,4148.0,0.0,0.0,0.0,0.0
2023-03-28 17:56:28.680000+00:00,974848.0,30232576.0,34398208.0,34398208.0,7.21,0.004805445,25.28,651850.0,0.0,0.0,3612.0,3021154.0,0.0,0.0,4148.0,0.0,0.0,0.0,0.0
2023-03-28 17:56:34.467000+00:00,974848.0,29556736.0,33656832.0,33656832.0,7.24,0.004958664,25.36,653540.0,0.0,0.0,3622.0,3030250.0,0.0,0.0,4160.0,0.0,0.0,0.0,0.0
2023-03-28 17:56:39.785000+00:00,974848.0,29655040.0,33775616.0,33775616.0,7.24,0.004958664,25.38,654343.0,0.0,0.0,3626.0,3034756.0,0.0,0.0,4165.0,0.0,0.0,0.0,0.0
2023-03-28 17:56:44.569000+00:00,974848.0,29802496.0,33923072.0,33923072.0,7.24,0.004958664,25.44,655146.0,0.0,0.0,3630.0,3039262.0,0.0,0.0,4170.0,0.0,0.0,0.0,0.0
2023-03-28 17:56:49.464000+00:00,974848.0,29904896.0,34045952.0,34045952.0,7.24,0.004958664,25.44,655949.0,0.0,0.0,3634.0,3043768.0,0.0,0.0,4175.0,0.0,0.0,0.0,0.0
2023-03-28 17:56:54.320000+00:00,974848.0,30048256.0,34152448.0,34152448.0,7.27,0.004958664,25.52,656752.0,0.0,0.0,3638.0,3048274.0,0.0,0.0,4180.0,0.0,0.0,0.0,0.0
2023-03-28 17:56:59.485000+00:00,974848.0,30048256.0,34152448.0,34152448.0,7.27,0.004958664,25.53,656752.0,0.0,0.0,3638.0,3048274.0,0.0,0.0,4180.0,0.0,0.0,0.0,0.0
2023-03-28 17:57:04.554000+00:00,974848.0,29446144.0,33550336.0,33550336.0,7.28,0.004958664,25.6,658484.0,0.0,0.0,3649.0,3057286.0,0.0,0.0,4190.0,0.0,0.0,0.0,0.0
2023-03-28 17:57:08.791000+00:00,974848.0,29548544.0,33677312.0,33677312.0,7.28,0.004958664,25.61,659287.0,0.0,0.0,3653.0,3061792.0,0.0,0.0,4195.0,0.0,0.0,0.0,0.0
2023-03-28 17:57:14.040000+00:00,974848.0,29691904.0,33931264.0,33931264.0,7.3,0.004958664,25.67,660090.0,0.0,0.0,3657.0,3066298.0,0.0,0.0,4200.0,0.0,0.0,0.0,0.0
2023-03-28 17:57:19.594000+00:00,974848.0,29798400.0,33927168.0,33927168.0,7.3,0.004958664,25.67,660893.0,0.0,0.0,3661.0,3070804.0,0.0,0.0,4205.0,0.0,0.0,0.0,0.0
2023-03-28 17:57:23.333000+00:00,991232.0,30027776.0,34172928.0,34172928.0,7.33,0.004958664,25.74,661750.0,0.0,0.0,3666.0,3075384.0,0.0,0.0,4211.0,0.0,0.0,0.0,0.0
2023-03-28 17:57:29.550000+00:00,991232.0,30027776.0,34172928.0,34172928.0,7.34,0.004958664,25.74,661750.0,0.0,0.0,3666.0,3075384.0,0.0,0.0,4211.0,0.0,0.0,0.0,0.0
2023-03-28 17:57:33.896000+00:00,991232.0,29450240.0,33808384.0,33808384.0,7.35,0.004958664,25.81,663440.0,0.0,0.0,3676.0,3084480.0,0.0,0.0,4223.0,0.0,0.0,0.0,0.0
2023-03-28 17:57:39.586000+00:00,991232.0,29450240.0,33808384.0,33845248.0,7.35,0.004958664,25.82,664243.0,0.0,0.0,3680.0,3088986.0,0.0,0.0,4228.0,0.0,0.0,0.0,0.0
2023-03-28 17:57:43.773000+00:00,991232.0,29696000.0,33992704.0,33992704.0,7.37,0.004958664,25.89,665046.0,0.0,0.0,3684.0,3093492.0,0.0,0.0,4233.0,0.0,0.0,0.0,0.0
2023-03-28 17:57:49.178000+00:00,991232.0,29798400.0,33964032.0,33964032.0,7.37,0.004958664,25.9,665849.0,0.0,0.0,3688.0,3097998.0,0.0,0.0,4238.0,0.0,0.0,0.0,0.0
2023-03-28 17:57:54.646000+00:00,991232.0,29941760.0,34181120.0,34181120.0,7.38,0.004958664,25.97,666652.0,0.0,0.0,3692.0,3102504.0,0.0,0.0,4243.0,0.0,0.0,0.0,0.0
2023-03-28 17:57:59.759000+00:00,991232.0,29941760.0,34181120.0,34181120.0,7.38,0.004958664,25.97,666652.0,0.0,0.0,3692.0,3102504.0,0.0,0.0,4243.0,0.0,0.0,0.0,0.0
2023-03-28 17:58:04.320000+00:00,991232.0,30191616.0,34570240.0,34570240.0,7.4,0.004958664,26.04,668258.0,0.0,0.0,3700.0,3111516.0,0.0,0.0,4253.0,0.0,0.0,0.0,0.0
2023-03-28 17:58:08.174000+00:00,991232.0,30191616.0,34570240.0,33746944.0,7.4,0.004958664,26.04,669061.0,0.0,0.0,3704.0,3116022.0,0.0,0.0,4258.0,0.0,0.0,0.0,0.0
2023-03-28 17:58:14.206000+00:00,991232.0,29593600.0,33763328.0,33763328.0,7.43,0.004958664,26.1,669864.0,0.0,0.0,3708.0,3120528.0,0.0,0.0,4263.0,0.0,0.0,0.0,0.0
2023-03-28 17:58:19.477000+00:00,991232.0,29593600.0,33763328.0,33792000.0,7.43,0.004958664,26.11,670667.0,0.0,0.0,3712.0,3125034.0,0.0,0.0,4268.0,0.0,0.0,0.0,0.0
2023-03-28 17:58:24.444000+00:00,1007616.0,29925376.0,34361344.0,34361344.0,7.47,0.004958664,26.17,671524.0,0.0,0.0,3717.0,3129614.0,0.0,0.0,4274.0,0.0,0.0,0.0,0.0
2023-03-28 17:58:29.712000+00:00,1007616.0,30031872.0,34361344.0,34361344.0,7.47,0.004958664,26.18,671524.0,0.0,0.0,3717.0,3129614.0,0.0,0.0,4274.0,0.0,0.0,0.0,0.0
2023-03-28 17:58:33.372000+00:00,1007616.0,30130176.0,34238464.0,34238464.0,7.47,0.004958664,26.18,673214.0,0.0,0.0,3727.0,3138710.0,0.0,0.0,4286.0,0.0,0.0,0.0,0.0
2023-03-28 17:58:39.230000+00:00,1007616.0,29450240.0,33783808.0,33783808.0,7.48,0.004958664,26.26,674017.0,0.0,0.0,3731.0,3143216.0,0.0,0.0,4291.0,0.0,0.0,0.0,0.0
2023-03-28 17:58:43.803000+00:00,1007616.0,29552640.0,33660928.0,33660928.0,7.48,0.004958664,26.26,674820.0,0.0,0.0,3735.0,3147722.0,0.0,0.0,4296.0,0.0,0.0,0.0,0.0
2023-03-28 17:58:49.061000+00:00,1007616.0,29552640.0,33660928.0,33849344.0,7.49,0.004958664,26.34,675623.0,0.0,0.0,3739.0,3152228.0,0.0,0.0,4301.0,0.0,0.0,0.0,0.0
2023-03-28 17:58:53.535000+00:00,1007616.0,29798400.0,33910784.0,33910784.0,7.49,0.004958664,26.34,676426.0,0.0,0.0,3743.0,3156734.0,0.0,0.0,4306.0,0.0,0.0,0.0,0.0
2023-03-28 17:58:59.307000+00:00,1007616.0,29945856.0,33910784.0,33910784.0,7.5,0.004958664,26.42,676426.0,0.0,0.0,3743.0,3156734.0,0.0,0.0,4306.0,0.0,0.0,0.0,0.0
2023-03-28 17:59:04.593000+00:00,1007616.0,30048256.0,34136064.0,34136064.0,7.5,0.004958664,26.43,678032.0,0.0,0.0,3751.0,3165746.0,0.0,0.0,4316.0,0.0,0.0,0.0,0.0
2023-03-28 17:59:09.467000+00:00,1007616.0,30191616.0,34316288.0,34316288.0,7.52,0.004958664,26.43,678835.0,0.0,0.0,3755.0,3170252.0,0.0,0.0,4321.0,0.0,0.0,0.0,0.0
2023-03-28 17:59:14.254000+00:00,1007616.0,29446144.0,33611776.0,33611776.0,7.52,0.004958664,26.51,679638.0,0.0,0.0,3759.0,3174758.0,0.0,0.0,4326.0,0.0,0.0,0.0,0.0
2023-03-28 17:59:19.043000+00:00,1007616.0,29593600.0,33697792.0,33697792.0,7.54,0.004958664,26.51,680441.0,0.0,0.0,3763.0,3179264.0,0.0,0.0,4331.0,0.0,0.0,0.0,0.0
2023-03-28 17:59:24.264000+00:00,1024000.0,29782016.0,33890304.0,33890304.0,7.55,0.004958664,26.58,681298.0,0.0,0.0,3768.0,3183844.0,0.0,0.0,4337.0,0.0,0.0,0.0,0.0
2023-03-28 17:59:28.852000+00:00,1024000.0,29782016.0,33890304.0,33890304.0,7.56,0.004958664,26.58,681298.0,0.0,0.0,3768.0,3183844.0,0.0,0.0,4337.0,0.0,0.0,0.0,0.0
2023-03-28 17:59:34.263000+00:00,1024000.0,30027776.0,34156544.0,34156544.0,7.56,0.004958664,26.66,683030.0,0.0,0.0,3779.0,3192940.0,0.0,0.0,4349.0,0.0,0.0,0.0,0.0
2023-03-28 17:59:39.527000+00:00,1024000.0,30027776.0,34357248.0,34357248.0,7.58,0.004958664,26.73,683833.0,0.0,0.0,3783.0,3197446.0,0.0,0.0,4354.0,0.0,0.0,0.0,0.0
2023-03-28 17:59:43.703000+00:00,1024000.0,29450240.0,33923072.0,33923072.0,7.59,0.004958664,26.74,684636.0,0.0,0.0,3787.0,3201952.0,0.0,0.0,4359.0,0.0,0.0,0.0,0.0
2023-03-28 17:59:48.563000+00:00,1024000.0,29450240.0,33923072.0,33763328.0,7.6,0.004958664,26.83,685439.0,0.0,0.0,3791.0,3206458.0,0.0,0.0,4364.0,0.0,0.0,0.0,0.0
2023-03-28 17:59:54.753000+00:00,1024000.0,29696000.0,33800192.0,33800192.0,7.6,0.004958664,26.83,686242.0,0.0,0.0,3795.0,3210964.0,0.0,0.0,4369.0,0.0,0.0,0.0,0.0
2023-03-28 17:59:58.870000+00:00,1024000.0,29843456.0,33800192.0,33800192.0,7.62,0.004958664,26.89,686242.0,0.0,0.0,3795.0,3210964.0,0.0,0.0,4369.0,0.0,0.0,0.0,0.0
2023-03-28 18:00:04.223000+00:00,1024000.0,29941760.0,34041856.0,34041856.0,7.62,0.004958664,26.89,687848.0,0.0,0.0,3803.0,3219976.0,0.0,0.0,4379.0,0.0,0.0,0.0,0.0
2023-03-28 18:00:08.229000+00:00,1024000.0,30089216.0,34328576.0,34328576.0,7.64,0.004958664,26.95,688651.0,0.0,0.0,3807.0,3224482.0,0.0,0.0,4384.0,0.0,0.0,0.0,0.0
2023-03-28 18:00:14.341000+00:00,1024000.0,29888512.0,33980416.0,33980416.0,7.65,0.004958664,26.98,698002.0,0.0,0.0,3865.0,3238846.0,0.0,0.0,4445.0,0.0,0.0,0.0,0.0
2023-03-28 18:00:19.647000+00:00,1024000.0,29888512.0,34168832.0,34168832.0,7.68,0.004958664,27.04,699057.0,0.0,0.0,3875.0,3243562.0,0.0,0.0,4455.0,0.0,0.0,0.0,0.0
2023-03-28 18:00:23.614000+00:00,1044480.0,30224384.0,34443264.0,34443264.0,7.7,0.004958664,27.06,699914.0,0.0,0.0,3880.0,3248142.0,0.0,0.0,4461.0,0.0,0.0,0.0,0.0
2023-03-28 18:00:29.759000+00:00,1044480.0,30224384.0,34443264.0,34443264.0,7.72,0.004958664,27.06,699914.0,0.0,0.0,3880.0,3248142.0,0.0,0.0,4461.0,0.0,0.0,0.0,0.0
2023-03-28 18:00:34.219000+00:00,1044480.0,29712384.0,33832960.0,33832960.0,7.72,0.004958664,27.13,701646.0,0.0,0.0,3891.0,3257238.0,0.0,0.0,4473.0,0.0,0.0,0.0,0.0
2023-03-28 18:00:38.666000+00:00,1044480.0,29855744.0,34140160.0,34140160.0,7.74,0.005028235,27.13,702449.0,0.0,0.0,3895.0,3261744.0,0.0,0.0,4478.0,0.0,0.0,0.0,0.0
2023-03-28 18:00:43.274000+00:00,1044480.0,29958144.0,34111488.0,34111488.0,7.74,0.005028235,27.2,703252.0,0.0,0.0,3899.0,3266250.0,0.0,0.0,4483.0,0.0,0.0,0.0,0.0
2023-03-28 18:00:49.794000+00:00,1044480.0,30101504.0,34238464.0,34238464.0,7.76,0.005028235,27.26,704055.0,0.0,0.0,3903.0,3270756.0,0.0,0.0,4488.0,0.0,0.0,0.0,0.0
2023-03-28 18:00:54.181000+00:00,1044480.0,30203904.0,34332672.0,34332672.0,7.76,0.005028235,27.26,704858.0,0.0,0.0,3907.0,3275262.0,0.0,0.0,4493.0,0.0,0.0,0.0,0.0
2023-03-28 18:00:59.791000+00:00,1044480.0,30203904.0,34332672.0,34332672.0,7.79,0.005028235,27.31,704858.0,0.0,0.0,3907.0,3275262.0,0.0,0.0,4493.0,0.0,0.0,0.0,0.0
2023-03-28 18:01:03.948000+00:00,1044480.0,29593600.0,33681408.0,33681408.0,7.79,0.005028235,27.32,706506.0,0.0,0.0,3916.0,3284274.0,0.0,0.0,4503.0,0.0,0.0,0.0,0.0
2023-03-28 18:01:08.217000+00:00,1044480.0,29593600.0,33812480.0,33812480.0,7.79,0.005028235,27.33,707309.0,0.0,0.0,3920.0,3288780.0,0.0,0.0,4508.0,0.0,0.0,0.0,0.0
2023-03-28 18:01:13.779000+00:00,1044480.0,29839360.0,33988608.0,33988608.0,7.81,0.005028235,27.4,708112.0,0.0,0.0,3924.0,3293286.0,0.0,0.0,4513.0,0.0,0.0,0.0,0.0
2023-03-28 18:01:19.548000+00:00,1044480.0,29839360.0,34041856.0,34041856.0,7.81,0.005028235,27.4,708915.0,0.0,0.0,3928.0,3297792.0,0.0,0.0,4518.0,0.0,0.0,0.0,0.0
2023-03-28 18:01:23.249000+00:00,1060864.0,30171136.0,34406400.0,34406400.0,7.83,0.005028235,27.48,709772.0,0.0,0.0,3933.0,3302372.0,0.0,0.0,4524.0,0.0,0.0,0.0,0.0
2023-03-28 18:01:29.341000+00:00,1060864.0,30171136.0,34406400.0,34406400.0,7.83,0.005028235,27.51,709772.0,0.0,0.0,3933.0,3302372.0,0.0,0.0,4524.0,0.0,0.0,0.0,0.0
2023-03-28 18:01:34.266000+00:00,1060864.0,29593600.0,33722368.0,33722368.0,7.86,0.005028235,27.58,711504.0,0.0,0.0,3944.0,3311468.0,0.0,0.0,4536.0,0.0,0.0,0.0,0.0
2023-03-28 18:01:38.931000+00:00,1060864.0,29593600.0,33792000.0,33792000.0,7.86,0.005028235,27.58,712349.0,0.0,0.0,3949.0,3315974.0,0.0,0.0,4541.0,0.0,0.0,0.0,0.0
2023-03-28 18:01:43.857000+00:00,1060864.0,29843456.0,34004992.0,34004992.0,7.88,0.005028235,27.65,713152.0,0.0,0.0,3953.0,3320480.0,0.0,0.0,4546.0,0.0,0.0,0.0,0.0
2023-03-28 18:01:48.638000+00:00,1060864.0,29843456.0,34050048.0,34050048.0,7.88,0.005028235,27.66,713955.0,0.0,0.0,3957.0,3324986.0,0.0,0.0,4551.0,0.0,0.0,0.0,0.0
2023-03-28 18:01:54.256000+00:00,1060864.0,30109696.0,34254848.0,34254848.0,7.91,0.005028235,27.72,714758.0,0.0,0.0,3961.0,3329492.0,0.0,0.0,4556.0,0.0,0.0,0.0,0.0
2023-03-28 18:01:58.262000+00:00,1060864.0,30109696.0,34254848.0,34254848.0,7.92,0.005028235,27.72,714758.0,0.0,0.0,3961.0,3329492.0,0.0,0.0,4556.0,0.0,0.0,0.0,0.0
2023-03-28 18:02:03.914000+00:00,1060864.0,29474816.0,33742848.0,33742848.0,7.94,0.005028235,27.78,716364.0,0.0,0.0,3969.0,3338504.0,0.0,0.0,4566.0,0.0,0.0,0.0,0.0
2023-03-28 18:02:09.426000+00:00,1060864.0,29474816.0,33742848.0,33722368.0,7.94,0.005028235,27.79,717167.0,0.0,0.0,3973.0,3343010.0,0.0,0.0,4571.0,0.0,0.0,0.0,0.0
2023-03-28 18:02:14.769000+00:00,1060864.0,29724672.0,33824768.0,33824768.0,7.96,0.005028235,27.86,717970.0,0.0,0.0,3977.0,3347516.0,0.0,0.0,4576.0,0.0,0.0,0.0,0.0
2023-03-28 18:02:19.153000+00:00,1060864.0,29724672.0,33824768.0,33947648.0,7.96,0.005028235,27.86,718773.0,0.0,0.0,3981.0,3352022.0,0.0,0.0,4581.0,0.0,0.0,0.0,0.0
2023-03-28 18:02:24.362000+00:00,1077248.0,30056448.0,34304000.0,34304000.0,7.98,0.005028235,27.95,719630.0,0.0,0.0,3986.0,3356602.0,0.0,0.0,4587.0,0.0,0.0,0.0,0.0
2023-03-28 18:02:28.976000+00:00,1077248.0,30056448.0,34304000.0,34304000.0,7.98,0.005028235,27.95,719630.0,0.0,0.0,3986.0,3356602.0,0.0,0.0,4587.0,0.0,0.0,0.0,0.0
2023-03-28 18:02:34.312000+00:00,1077248.0,29470720.0,33595392.0,33595392.0,8.0,0.005028235,28.02,721320.0,0.0,0.0,3996.0,3365698.0,0.0,0.0,4599.0,0.0,0.0,0.0,0.0
2023-03-28 18:02:39.455000+00:00,1077248.0,29573120.0,33673216.0,33673216.0,8.0,0.005028235,28.02,722123.0,0.0,0.0,4000.0,3370204.0,0.0,0.0,4604.0,0.0,0.0,0.0,0.0
2023-03-28 18:02:44.089000+00:00,1077248.0,29716480.0,33828864.0,33828864.0,8.03,0.005028235,28.08,723052.0,0.0,0.0,4007.0,3374710.0,0.0,0.0,4609.0,0.0,0.0,0.0,0.0
2023-03-28 18:02:48.615000+00:00,1077248.0,29716480.0,33959936.0,33959936.0,8.03,0.005028235,28.09,723855.0,0.0,0.0,4011.0,3379216.0,0.0,0.0,4614.0,0.0,0.0,0.0,0.0
2023-03-28 18:02:54.236000+00:00,1077248.0,29962240.0,34136064.0,34136064.0,8.05,0.005028235,28.16,724658.0,0.0,0.0,4015.0,3383722.0,0.0,0.0,4619.0,0.0,0.0,0.0,0.0
2023-03-28 18:02:59.735000+00:00,1077248.0,29962240.0,34136064.0,34136064.0,8.06,0.005028235,28.18,724658.0,0.0,0.0,4015.0,3383722.0,0.0,0.0,4619.0,0.0,0.0,0.0,0.0
2023-03-28 18:03:04.567000+00:00,1077248.0,29921280.0,34058240.0,34058240.0,8.08,0.057089002,28.25,735026.0,0.0,0.0,4081.0,3402631.0,0.0,0.0,4686.0,0.0,0.0,0.0,0.0
2023-03-28 18:03:08.500000+00:00,1077248.0,30023680.0,34168832.0,34168832.0,8.08,0.057089002,28.25,735955.0,0.0,0.0,4088.0,3407137.0,0.0,0.0,4691.0,0.0,0.0,0.0,0.0
2023-03-28 18:03:14.147000+00:00,1077248.0,29843456.0,34168832.0,34168832.0,8.1,0.057089002,28.33,744677.0,0.0,0.0,4140.0,3420354.0,0.0,0.0,4742.0,0.0,0.0,0.0,0.0
2023-03-28 18:03:18.714000+00:00,1077248.0,29843456.0,34091008.0,34091008.0,8.1,0.057089002,28.33,745480.0,0.0,0.0,4144.0,3424860.0,0.0,0.0,4747.0,0.0,0.0,0.0,0.0
2023-03-28 18:03:24.776000+00:00,1105920.0,29904896.0,34037760.0,34037760.0,8.14,0.057304092,28.43,754945.0,0.0,0.0,4204.0,3439224.0,0.0,0.0,4808.0,0.0,0.0,0.0,0.0
2023-03-28 18:03:29.017000+00:00,1105920.0,29904896.0,34037760.0,34037760.0,8.14,0.057304092,28.44,754945.0,0.0,0.0,4204.0,3439224.0,0.0,0.0,4808.0,0.0,0.0,0.0,0.0
2023-03-28 18:03:34.803000+00:00,1105920.0,30154752.0,34414592.0,34414592.0,8.18,0.057304092,28.49,756635.0,0.0,0.0,4214.0,3448320.0,0.0,0.0,4820.0,0.0,0.0,0.0,0.0
2023-03-28 18:03:39.085000+00:00,1105920.0,30261248.0,34402304.0,34402304.0,8.18,0.057304092,28.5,757438.0,0.0,0.0,4218.0,3452826.0,0.0,0.0,4825.0,0.0,0.0,0.0,0.0
2023-03-28 18:03:44.635000+00:00,1105920.0,30441472.0,34603008.0,34603008.0,8.19,0.057304092,28.59,774503.0,0.0,0.0,4322.0,3475736.0,0.0,0.0,4931.0,0.0,0.0,0.0,0.0
2023-03-28 18:03:48.877000+00:00,1105920.0,30330880.0,34738176.0,34738176.0,8.2,0.057304092,28.59,783925.0,0.0,0.0,4380.0,3490163.0,0.0,0.0,4992.0,0.0,0.0,0.0,0.0
2023-03-28 18:03:53.529000+00:00,1105920.0,30433280.0,34549760.0,34549760.0,8.2,0.057304092,28.69,784728.0,0.0,0.0,4384.0,3494669.0,0.0,0.0,4997.0,0.0,0.0,0.0,0.0
2023-03-28 18:03:59.699000+00:00,1105920.0,30433280.0,34549760.0,34549760.0,8.22,0.057304092,28.76,784728.0,0.0,0.0,4384.0,3494669.0,0.0,0.0,4997.0,0.0,0.0,0.0,0.0
2023-03-28 18:04:03.984000+00:00,1105920.0,29896704.0,34119680.0,34119680.0,8.22,0.057304092,28.77,786460.0,0.0,0.0,4395.0,3503681.0,0.0,0.0,5007.0,0.0,0.0,0.0,0.0
2023-03-28 18:04:08.856000+00:00,1105920.0,30457856.0,34582528.0,34582528.0,8.24,0.057304092,28.86,794954.0,0.0,0.0,4445.0,3516862.0,0.0,0.0,5059.0,0.0,0.0,0.0,0.0
2023-03-28 18:04:14.401000+00:00,1105920.0,30564352.0,34689024.0,34689024.0,8.25,0.057304092,28.87,795757.0,0.0,0.0,4449.0,3521378.0,0.0,0.0,5064.0,0.0,0.0,0.0,0.0
2023-03-28 18:04:18.492000+00:00,1105920.0,30564352.0,34385920.0,34385920.0,8.26,0.057304092,28.87,796686.0,0.0,0.0,4456.0,3525894.0,0.0,0.0,5069.0,0.0,0.0,0.0,0.0
2023-03-28 18:04:23.731000+00:00,1163264.0,30203904.0,34467840.0,34467840.0,8.28,0.057304092,28.95,797543.0,0.0,0.0,4461.0,3530484.0,0.0,0.0,5075.0,0.0,0.0,0.0,0.0
2023-03-28 18:04:29.436000+00:00,1163264.0,30347264.0,34529280.0,34529280.0,8.3,0.057304092,29.01,798430.0,0.0,0.0,4467.0,3535084.0,0.0,0.0,5075.0,0.0,0.0,0.0,0.0
2023-03-28 18:04:34.245000+00:00,1163264.0,30453760.0,34582528.0,34582528.0,8.3,0.057304092,29.02,799233.0,0.0,0.0,4471.0,3539600.0,0.0,0.0,5087.0,0.0,0.0,0.0,0.0
2023-03-28 18:04:39.323000+00:00,1163264.0,30281728.0,34398208.0,34398208.0,8.31,0.057304092,29.1,807725.0,0.0,0.0,4522.0,3552725.0,0.0,0.0,5139.0,0.0,0.0,0.0,0.0
2023-03-28 18:04:43.342000+00:00,1163264.0,30384128.0,34500608.0,34500608.0,8.31,0.057304092,29.11,808780.0,0.0,0.0,4532.0,3557368.0,0.0,0.0,5147.0,0.0,0.0,0.0,0.0
2023-03-28 18:04:49.850000+00:00,1163264.0,30384128.0,34779136.0,34779136.0,8.33,0.057304092,29.18,809625.0,0.0,0.0,4537.0,3561885.0,0.0,0.0,5152.0,0.0,0.0,0.0,0.0
2023-03-28 18:04:54.854000+00:00,1163264.0,30638080.0,34770944.0,34770944.0,8.33,0.057304092,29.18,810428.0,0.0,0.0,4541.0,3566402.0,0.0,0.0,5157.0,0.0,0.0,0.0,0.0
2023-03-28 18:04:58.990000+00:00,1163264.0,30785536.0,35028992.0,34770944.0,8.36,0.057304092,29.25,810428.0,0.0,0.0,4541.0,3566402.0,0.0,0.0,5157.0,0.0,0.0,0.0,0.0
2023-03-28 18:05:04.608000+00:00,1163264.0,30887936.0,35016704.0,35016704.0,8.36,0.057304092,29.26,812034.0,0.0,0.0,4549.0,3575436.0,0.0,0.0,5167.0,0.0,0.0,0.0,0.0
2023-03-28 18:05:08.160000+00:00,1163264.0,30253056.0,34508800.0,34508800.0,8.39,0.057304092,29.32,812837.0,0.0,0.0,4553.0,3579953.0,0.0,0.0,5172.0,0.0,0.0,0.0,0.0
2023-03-28 18:05:14.691000+00:00,1163264.0,30351360.0,34516992.0,34516992.0,8.39,0.057304092,29.33,813640.0,0.0,0.0,4557.0,3584470.0,0.0,0.0,5177.0,0.0,0.0,0.0,0.0
2023-03-28 18:05:19.738000+00:00,1163264.0,30502912.0,34656256.0,34656256.0,8.4,0.057304092,29.33,814443.0,0.0,0.0,4561.0,3588987.0,0.0,0.0,5182.0,0.0,0.0,0.0,0.0
2023-03-28 18:05:23.540000+00:00,1187840.0,30715904.0,34865152.0,34865152.0,8.42,0.057304092,29.42,815300.0,0.0,0.0,4566.0,3593578.0,0.0,0.0,5188.0,0.0,0.0,0.0,0.0
2023-03-28 18:05:29.327000+00:00,1187840.0,30863360.0,35131392.0,34865152.0,8.46,0.057304092,29.47,815300.0,0.0,0.0,4566.0,3593578.0,0.0,0.0,5188.0,0.0,0.0,0.0,0.0
2023-03-28 18:05:33.586000+00:00,1187840.0,30965760.0,35102720.0,35102720.0,8.46,0.057304092,29.48,816990.0,0.0,0.0,4576.0,3602696.0,0.0,0.0,5200.0,0.0,0.0,0.0,0.0
2023-03-28 18:05:38.342000+00:00,1187840.0,30965760.0,34582528.0,34582528.0,8.46,0.057304092,29.48,817793.0,0.0,0.0,4580.0,3607213.0,0.0,0.0,5205.0,0.0,0.0,0.0,0.0
2023-03-28 18:05:44.568000+00:00,1187840.0,30351360.0,34480128.0,34480128.0,8.48,0.058347755,29.57,818638.0,0.0,0.0,4585.0,3611730.0,0.0,0.0,5210.0,0.0,0.0,0.0,0.0
2023-03-28 18:05:48.878000+00:00,1187840.0,30351360.0,34480128.0,34574336.0,8.48,0.058347755,29.58,819525.0,0.0,0.0,4591.0,3616247.0,0.0,0.0,5215.0,0.0,0.0,0.0,0.0
2023-03-28 18:05:53.257000+00:00,1187840.0,30597120.0,34721792.0,34721792.0,8.49,0.058347755,29.64,820328.0,0.0,0.0,4595.0,3620764.0,0.0,0.0,5220.0,0.0,0.0,0.0,0.0
2023-03-28 18:05:59.526000+00:00,1187840.0,30740480.0,34721792.0,34721792.0,8.52,0.058347755,29.7,820328.0,0.0,0.0,4595.0,3620764.0,0.0,0.0,5220.0,0.0,0.0,0.0,0.0
2023-03-28 18:06:04.777000+00:00,1187840.0,30851072.0,35000320.0,35000320.0,8.52,0.058347755,29.71,821934.0,0.0,0.0,4603.0,3629798.0,0.0,0.0,5230.0,0.0,0.0,0.0,0.0
2023-03-28 18:06:08.421000+00:00,1187840.0,30851072.0,35078144.0,35078144.0,8.52,0.058347755,29.71,822737.0,0.0,0.0,4607.0,3634315.0,0.0,0.0,5235.0,0.0,0.0,0.0,0.0
2023-03-28 18:06:13.823000+00:00,1187840.0,30302208.0,34504704.0,34504704.0,8.55,0.058534939,29.77,823540.0,0.0,0.0,4611.0,3638832.0,0.0,0.0,5240.0,0.0,0.0,0.0,0.0
2023-03-28 18:06:18.103000+00:00,1187840.0,30302208.0,34541568.0,34541568.0,8.55,0.058534939,29.78,824343.0,0.0,0.0,4615.0,3643349.0,0.0,0.0,5245.0,0.0,0.0,0.0,0.0
2023-03-28 18:06:24.368000+00:00,1200128.0,30650368.0,34897920.0,34897920.0,8.59,0.058534939,29.85,825200.0,0.0,0.0,4620.0,3647940.0,0.0,0.0,5251.0,0.0,0.0,0.0,0.0
2023-03-28 18:06:29.750000+00:00,1200128.0,30650368.0,34897920.0,34897920.0,8.59,0.058534939,29.86,825200.0,0.0,0.0,4620.0,3647940.0,0.0,0.0,5251.0,0.0,0.0,0.0,0.0
2023-03-28 18:06:33.422000+00:00,1200128.0,30896128.0,35250176.0,35250176.0,8.61,0.058534939,29.92,826932.0,0.0,0.0,4631.0,3657058.0,0.0,0.0,5263.0,0.0,0.0,0.0,0.0
2023-03-28 18:06:38.381000+00:00,1200128.0,30998528.0,35147776.0,35147776.0,8.61,0.058534939,29.92,827735.0,0.0,0.0,4635.0,3661575.0,0.0,0.0,5268.0,0.0,0.0,0.0,0.0
2023-03-28 18:06:44.571000+00:00,1200128.0,30412800.0,34684928.0,34684928.0,8.63,0.058534939,29.99,828538.0,0.0,0.0,4639.0,3666092.0,0.0,0.0,5273.0,0.0,0.0,0.0,0.0
2023-03-28 18:06:48.481000+00:00,1200128.0,30412800.0,34684928.0,34684928.0,8.63,0.058534939,29.99,828538.0,0.0,0.0,4644.0,3670609.0,0.0,0.0,5278.0,0.0,0.0,0.0,0.0
2023-03-28 18:06:53.833000+00:00,1200128.0,30662656.0,34865152.0,34865152.0,8.65,0.058534939,30.06,830228.0,0.0,0.0,4649.0,3675126.0,0.0,0.0,5283.0,0.0,0.0,0.0,0.0
2023-03-28 18:06:58.229000+00:00,1200128.0,30662656.0,34865152.0,34865152.0,8.65,0.058534939,30.06,830228.0,0.0,0.0,4649.0,3675126.0,0.0,0.0,5283.0,0.0,0.0,0.0,0.0
2023-03-28 18:07:04.865000+00:00,1200128.0,30912512.0,35098624.0,35098624.0,8.66,0.058534939,30.13,831834.0,0.0,0.0,4657.0,3684160.0,0.0,0.0,5293.0,0.0,0.0,0.0,0.0
2023-03-28 18:07:08.269000+00:00,1200128.0,31019008.0,35192832.0,35192832.0,8.66,0.058534939,30.14,832637.0,0.0,0.0,4661.0,3688677.0,0.0,0.0,5298.0,0.0,0.0,0.0,0.0
2023-03-28 18:07:14.311000+00:00,1200128.0,31162368.0,35450880.0,35450880.0,8.68,0.058746431,30.2,833440.0,0.0,0.0,4665.0,3693194.0,0.0,0.0,5303.0,0.0,0.0,0.0,0.0
2023-03-28 18:07:19.400000+00:00,1200128.0,31162368.0,35450880.0,34787328.0,8.68,0.058746431,30.2,834243.0,0.0,0.0,4669.0,3697711.0,0.0,0.0,5308.0,0.0,0.0,0.0,0.0
2023-03-28 18:07:24.483000+00:00,1216512.0,30748672.0,35106816.0,35106816.0,8.71,0.058746431,30.29,835100.0,0.0,0.0,4674.0,3702302.0,0.0,0.0,5314.0,0.0,0.0,0.0,0.0
2023-03-28 18:07:29.002000+00:00,1216512.0,30748672.0,35106816.0,35106816.0,8.71,0.058746431,30.3,835100.0,0.0,0.0,4680.0,3706903.0,0.0,0.0,5321.0,0.0,0.0,0.0,0.0
2023-03-28 18:07:33.237000+00:00,1216512.0,30994432.0,35254272.0,35254272.0,8.74,0.060869756,30.36,836790.0,0.0,0.0,4684.0,3711420.0,0.0,0.0,5326.0,0.0,0.0,0.0,0.0
2023-03-28 18:07:38.849000+00:00,1216512.0,30994432.0,35258368.0,35258368.0,8.74,0.060869756,30.36,837593.0,0.0,0.0,4688.0,3715937.0,0.0,0.0,5331.0,0.0,0.0,0.0,0.0
2023-03-28 18:07:44.560000+00:00,1216512.0,31358976.0,35733504.0,35733504.0,8.77,0.060869756,30.42,838396.0,0.0,0.0,4692.0,3720454.0,0.0,0.0,5336.0,0.0,0.0,0.0,0.0
2023-03-28 18:07:48.916000+00:00,1216512.0,30728192.0,35139584.0,35139584.0,8.78,0.060869756,30.43,839199.0,0.0,0.0,4696.0,3724971.0,0.0,0.0,5341.0,0.0,0.0,0.0,0.0
2023-03-28 18:07:54.213000+00:00,1216512.0,30871552.0,35336192.0,35336192.0,8.79,0.060869756,30.5,840002.0,0.0,0.0,4700.0,3729488.0,0.0,0.0,5346.0,0.0,0.0,0.0,0.0
2023-03-28 18:07:59.864000+00:00,1216512.0,30982144.0,35336192.0,35336192.0,8.79,0.060869756,30.5,840002.0,0.0,0.0,4700.0,3729488.0,0.0,0.0,5346.0,0.0,0.0,0.0,0.0
2023-03-28 18:08:03.360000+00:00,1216512.0,31080448.0,35266560.0,35266560.0,8.79,0.060869756,30.51,841734.0,0.0,0.0,4711.0,3738522.0,0.0,0.0,5356.0,0.0,0.0,0.0,0.0
2023-03-28 18:08:08.853000+00:00,1216512.0,31080448.0,35381248.0,35381248.0,8.81,0.060869756,30.51,842537.0,0.0,0.0,4715.0,3743039.0,0.0,0.0,5361.0,0.0,0.0,0.0,0.0
2023-03-28 18:08:14.793000+00:00,1216512.0,31379456.0,35569664.0,35569664.0,8.82,0.060869756,30.64,843340.0,0.0,0.0,4719.0,3747556.0,0.0,0.0,5366.0,0.0,0.0,0.0,0.0
2023-03-28 18:08:19.068000+00:00,1216512.0,31379456.0,35569664.0,35569664.0,8.83,0.060869756,30.64,843340.0,0.0,0.0,4723.0,3752073.0,0.0,0.0,5371.0,0.0,0.0,0.0,0.0
2023-03-28 18:08:24.880000+00:00,1232896.0,31105024.0,35676160.0,35676160.0,8.87,0.060869756,30.72,845000.0,0.0,0.0,4728.0,3756664.0,0.0,0.0,5377.0,0.0,0.0,0.0,0.0
2023-03-28 18:08:28.121000+00:00,1232896.0,31105024.0,35676160.0,35676160.0,8.87,0.060869756,30.73,845000.0,0.0,0.0,4728.0,3756664.0,0.0,0.0,5377.0,0.0,0.0,0.0,0.0
2023-03-28 18:08:33.894000+00:00,1232896.0,31309824.0,35508224.0,35508224.0,8.87,0.060869756,30.74,846816.0,0.0,0.0,4741.0,3765782.0,0.0,0.0,5389.0,0.0,0.0,0.0,0.0
2023-03-28 18:08:38.944000+00:00,1232896.0,31461376.0,35635200.0,35635200.0,8.9,0.060869756,30.79,847619.0,0.0,0.0,4745.0,3770299.0,0.0,0.0,5394.0,0.0,0.0,0.0,0.0
2023-03-28 18:08:43.319000+00:00,1232896.0,31559680.0,35745792.0,35745792.0,8.9,0.060869756,30.8,848422.0,0.0,0.0,4749.0,3774816.0,0.0,0.0,5399.0,0.0,0.0,0.0,0.0
2023-03-28 18:08:48.679000+00:00,1232896.0,31559680.0,35897344.0,35897344.0,8.91,0.060869756,30.86,849225.0,0.0,0.0,4753.0,3779333.0,0.0,0.0,5404.0,0.0,0.0,0.0,0.0
2023-03-28 18:08:54.215000+00:00,1232896.0,30998528.0,35278848.0,35278848.0,8.91,0.060869756,30.88,850028.0,0.0,0.0,4757.0,3783850.0,0.0,0.0,5409.0,0.0,0.0,0.0,0.0
2023-03-28 18:08:59.134000+00:00,1232896.0,31145984.0,35348480.0,35348480.0,8.94,0.060869756,30.94,850831.0,0.0,0.0,4761.0,3788367.0,0.0,0.0,5409.0,0.0,0.0,0.0,0.0
2023-03-28 18:09:03.882000+00:00,1232896.0,31248384.0,35446784.0,35446784.0,8.94,0.060869756,30.94,851634.0,0.0,0.0,4765.0,3792884.0,0.0,0.0,5419.0,0.0,0.0,0.0,0.0
2023-03-28 18:09:08.529000+00:00,1232896.0,31248384.0,35446784.0,35446784.0,8.96,0.060869756,31.0,851634.0,0.0,0.0,4769.0,3797401.0,0.0,0.0,5424.0,0.0,0.0,0.0,0.0
2023-03-28 18:09:14.352000+00:00,1232896.0,31494144.0,35696640.0,35696640.0,8.96,0.060869756,31.01,853366.0,0.0,0.0,4776.0,3801918.0,0.0,0.0,5429.0,0.0,0.0,0.0,0.0
2023-03-28 18:09:19.530000+00:00,1232896.0,31494144.0,35885056.0,35885056.0,8.98,0.060869756,31.08,854169.0,0.0,0.0,4780.0,3806435.0,0.0,0.0,5434.0,0.0,0.0,0.0,0.0
2023-03-28 18:09:24.057000+00:00,1249280.0,31121408.0,35500032.0,35500032.0,9.0,0.060869756,31.09,855026.0,0.0,0.0,4785.0,3811026.0,0.0,0.0,5440.0,0.0,0.0,0.0,0.0
2023-03-28 18:09:28.447000+00:00,1249280.0,31264768.0,35471360.0,35471360.0,9.02,0.060869756,31.16,855913.0,0.0,0.0,4791.0,3815627.0,0.0,0.0,5447.0,0.0,0.0,0.0,0.0
2023-03-28 18:09:33.698000+00:00,1249280.0,31371264.0,35536896.0,35536896.0,9.02,0.060869756,31.16,856716.0,0.0,0.0,4795.0,3820144.0,0.0,0.0,5452.0,0.0,0.0,0.0,0.0
2023-03-28 18:09:38.777000+00:00,1249280.0,31522816.0,35684352.0,35684352.0,9.03,0.060869756,31.22,857519.0,0.0,0.0,4799.0,3824661.0,0.0,0.0,5457.0,0.0,0.0,0.0,0.0
2023-03-28 18:09:43.999000+00:00,1249280.0,31621120.0,35909632.0,35909632.0,9.03,0.060869756,31.23,858322.0,0.0,0.0,4803.0,3829178.0,0.0,0.0,5462.0,0.0,0.0,0.0,0.0
2023-03-28 18:09:48.992000+00:00,1249280.0,31621120.0,35934208.0,35934208.0,9.04,0.060869756,31.31,859125.0,0.0,0.0,4807.0,3833695.0,0.0,0.0,5467.0,0.0,0.0,0.0,0.0
2023-03-28 18:09:54.669000+00:00,1249280.0,31870976.0,36065280.0,36065280.0,9.05,0.060869756,31.32,859928.0,0.0,0.0,4811.0,3838212.0,0.0,0.0,5472.0,0.0,0.0,0.0,0.0
2023-03-28 18:09:58.993000+00:00,1249280.0,31870976.0,36065280.0,36065280.0,9.06,0.060869756,31.32,859928.0,0.0,0.0,4811.0,3838212.0,0.0,0.0,5472.0,0.0,0.0,0.0,0.0
2023-03-28 18:10:03.245000+00:00,1249280.0,31412224.0,35639296.0,35639296.0,9.06,0.060869756,31.4,861534.0,0.0,0.0,4819.0,3847246.0,0.0,0.0,5482.0,0.0,0.0,0.0,0.0
2023-03-28 18:10:08.366000+00:00,1249280.0,31440896.0,35786752.0,35786752.0,9.08,0.060869756,31.5,862337.0,0.0,0.0,4823.0,3851763.0,0.0,0.0,5487.0,0.0,0.0,0.0,0.0
2023-03-28 18:10:13.684000+00:00,1249280.0,31543296.0,35753984.0,35753984.0,9.08,0.060869756,31.51,863140.0,0.0,0.0,4827.0,3856280.0,0.0,0.0,5492.0,0.0,0.0,0.0,0.0
2023-03-28 18:10:18.730000+00:00,1249280.0,31543296.0,35753984.0,35753984.0,9.09,0.060869756,31.58,863943.0,0.0,0.0,4831.0,3860797.0,0.0,0.0,5497.0,0.0,0.0,0.0,0.0
2023-03-28 18:10:23.371000+00:00,1261568.0,31883264.0,36302848.0,36302848.0,9.11,0.060869756,31.58,864800.0,0.0,0.0,4836.0,3865388.0,0.0,0.0,5503.0,0.0,0.0,0.0,0.0
2023-03-28 18:10:29.485000+00:00,1261568.0,31252480.0,35512320.0,35512320.0,9.13,0.060869756,31.66,865687.0,0.0,0.0,4842.0,3865388.0,0.0,0.0,5503.0,0.0,0.0,0.0,0.0
2023-03-28 18:10:34.037000+00:00,1261568.0,31350784.0,35528704.0,35528704.0,9.14,0.060869756,31.66,866490.0,0.0,0.0,4846.0,3874506.0,0.0,0.0,5515.0,0.0,0.0,0.0,0.0
2023-03-28 18:10:38.202000+00:00,1261568.0,31350784.0,35528704.0,35635200.0,9.14,0.060869756,31.67,867293.0,0.0,0.0,4850.0,3879023.0,0.0,0.0,5520.0,0.0,0.0,0.0,0.0
2023-03-28 18:10:43.251000+00:00,1261568.0,31600640.0,35811328.0,35811328.0,9.16,0.060869756,31.72,868096.0,0.0,0.0,4854.0,3883540.0,0.0,0.0,5525.0,0.0,0.0,0.0,0.0
2023-03-28 18:10:49.708000+00:00,1261568.0,31600640.0,35950592.0,35950592.0,9.19,0.060869756,31.79,868899.0,0.0,0.0,4858.0,3888057.0,0.0,0.0,5530.0,0.0,0.0,0.0,0.0
2023-03-28 18:10:53.349000+00:00,1261568.0,31854592.0,36069376.0,36069376.0,9.19,0.060869756,31.8,869702.0,0.0,0.0,4862.0,3892574.0,0.0,0.0,5535.0,0.0,0.0,0.0,0.0
2023-03-28 18:10:59.413000+00:00,1261568.0,31305728.0,35889152.0,35889152.0,9.21,0.060869756,31.86,870505.0,0.0,0.0,4866.0,3897091.0,0.0,0.0,5540.0,0.0,0.0,0.0,0.0
2023-03-28 18:11:04.262000+00:00,1261568.0,31408128.0,35680256.0,35680256.0,9.21,0.060869756,31.87,871350.0,0.0,0.0,4871.0,3901608.0,0.0,0.0,5545.0,0.0,0.0,0.0,0.0
2023-03-28 18:11:09.509000+00:00,1261568.0,31559680.0,36032512.0,36032512.0,9.24,0.060869756,31.92,872153.0,0.0,0.0,4875.0,3906125.0,0.0,0.0,5550.0,0.0,0.0,0.0,0.0
2023-03-28 18:11:13.386000+00:00,1261568.0,31657984.0,35880960.0,35880960.0,9.24,0.060869756,31.92,872956.0,0.0,0.0,4879.0,3910642.0,0.0,0.0,5555.0,0.0,0.0,0.0,0.0
2023-03-28 18:11:19.663000+00:00,1261568.0,31657984.0,36405248.0,36405248.0,9.25,0.060869756,32.0,873759.0,0.0,0.0,4883.0,3915159.0,0.0,0.0,5560.0,0.0,0.0,0.0,0.0
2023-03-28 18:11:24.567000+00:00,1277952.0,31993856.0,36347904.0,36347904.0,9.26,0.060869756,32.01,874616.0,0.0,0.0,4888.0,3919750.0,0.0,0.0,5566.0,0.0,0.0,0.0,0.0
2023-03-28 18:11:28.948000+00:00,1277952.0,32100352.0,36286464.0,36286464.0,9.26,0.060869756,32.02,875545.0,0.0,0.0,4895.0,3924351.0,0.0,0.0,5573.0,0.0,0.0,0.0,0.0
2023-03-28 18:11:34.759000+00:00,1277952.0,31506432.0,35917824.0,35917824.0,9.28,0.060869756,32.08,876348.0,0.0,0.0,4899.0,3928868.0,0.0,0.0,5578.0,0.0,0.0,0.0,0.0
2023-03-28 18:11:38.210000+00:00,1277952.0,31506432.0,35778560.0,35778560.0,9.28,0.060869756,32.08,877258.0,0.0,0.0,4904.0,3933385.0,0.0,0.0,5583.0,0.0,0.0,0.0,0.0
2023-03-28 18:11:44.698000+00:00,1277952.0,31752192.0,35979264.0,35979264.0,9.3,0.060869756,32.15,878061.0,0.0,0.0,4908.0,3937902.0,0.0,0.0,5588.0,0.0,0.0,0.0,0.0
2023-03-28 18:11:49.266000+00:00,1277952.0,31752192.0,36069376.0,36069376.0,9.3,0.060869756,32.16,878864.0,0.0,0.0,4912.0,3942419.0,0.0,0.0,5593.0,0.0,0.0,0.0,0.0
2023-03-28 18:11:54.643000+00:00,1277952.0,32002048.0,36212736.0,36212736.0,9.32,0.060869756,32.22,879737.0,0.0,0.0,4917.0,3946936.0,0.0,0.0,5598.0,0.0,0.0,0.0,0.0
2023-03-28 18:11:59.310000+00:00,1277952.0,32002048.0,36212736.0,36212736.0,9.32,0.060869756,32.22,879737.0,0.0,0.0,4917.0,3946936.0,0.0,0.0,5598.0,0.0,0.0,0.0,0.0
2023-03-28 18:12:03.879000+00:00,1277952.0,32251904.0,36470784.0,36470784.0,9.33,0.060869756,32.29,881343.0,0.0,0.0,4925.0,3955970.0,0.0,0.0,5608.0,0.0,0.0,0.0,0.0
2023-03-28 18:12:09.381000+00:00,1277952.0,32251904.0,35901440.0,35901440.0,9.33,0.060869756,32.3,882146.0,0.0,0.0,4929.0,3960487.0,0.0,0.0,5613.0,0.0,0.0,0.0,0.0
2023-03-28 18:12:14.684000+00:00,1277952.0,31748096.0,35979264.0,35979264.0,9.36,0.060869756,32.36,882949.0,0.0,0.0,4933.0,3965004.0,0.0,0.0,5618.0,0.0,0.0,0.0,0.0
2023-03-28 18:12:19.171000+00:00,1277952.0,31850496.0,36044800.0,36044800.0,9.36,0.060869756,32.36,883752.0,0.0,0.0,4937.0,3969521.0,0.0,0.0,5623.0,0.0,0.0,0.0,0.0
2023-03-28 18:12:23.950000+00:00,1294336.0,32088064.0,36282368.0,36282368.0,9.38,0.060869756,32.44,884609.0,0.0,0.0,4942.0,3974112.0,0.0,0.0,5629.0,0.0,0.0,0.0,0.0
2023-03-28 18:12:29.507000+00:00,1294336.0,32190464.0,36282368.0,36282368.0,9.38,0.060869756,32.45,884609.0,0.0,0.0,4942.0,3974112.0,0.0,0.0,5629.0,0.0,0.0,0.0,0.0
2023-03-28 18:12:34.135000+00:00,1294336.0,32337920.0,36544512.0,36544512.0,9.4,0.061214967,32.51,886299.0,0.0,0.0,4952.0,3983230.0,0.0,0.0,5641.0,0.0,0.0,0.0,0.0
2023-03-28 18:12:39.695000+00:00,1294336.0,32337920.0,35897344.0,35897344.0,9.4,0.061214967,32.52,887102.0,0.0,0.0,4956.0,3987747.0,0.0,0.0,5646.0,0.0,0.0,0.0,0.0
2023-03-28 18:12:44.373000+00:00,1294336.0,31850496.0,36069376.0,36069376.0,9.42,0.061214967,32.6,887905.0,0.0,0.0,4960.0,3992264.0,0.0,0.0,5651.0,0.0,0.0,0.0,0.0
2023-03-28 18:12:48.268000+00:00,1294336.0,31952896.0,36188160.0,36188160.0,9.42,0.061214967,32.6,888708.0,0.0,0.0,4964.0,3996781.0,0.0,0.0,5656.0,0.0,0.0,0.0,0.0
2023-03-28 18:12:54.037000+00:00,1294336.0,32096256.0,36302848.0,36302848.0,9.43,0.061214967,32.68,889511.0,0.0,0.0,4968.0,4001298.0,0.0,0.0,5661.0,0.0,0.0,0.0,0.0
2023-03-28 18:12:58.951000+00:00,1294336.0,32202752.0,36302848.0,36302848.0,9.44,0.061214967,32.68,889511.0,0.0,0.0,4968.0,4001298.0,0.0,0.0,5661.0,0.0,0.0,0.0,0.0
2023-03-28 18:13:03.821000+00:00,1294336.0,32342016.0,36700160.0,36700160.0,9.45,0.061214967,32.75,891117.0,0.0,0.0,4976.0,4010332.0,0.0,0.0,5671.0,0.0,0.0,0.0,0.0
2023-03-28 18:13:09.190000+00:00,1294336.0,32342016.0,36642816.0,36642816.0,9.45,0.061214967,32.75,891920.0,0.0,0.0,4980.0,4014849.0,0.0,0.0,5676.0,0.0,0.0,0.0,0.0
2023-03-28 18:13:14.803000+00:00,1294336.0,31854592.0,36048896.0,36048896.0,9.48,0.061214967,32.82,892723.0,0.0,0.0,4984.0,4019366.0,0.0,0.0,5681.0,0.0,0.0,0.0,0.0
2023-03-28 18:13:19.472000+00:00,1294336.0,31952896.0,36147200.0,36147200.0,9.48,0.061214967,32.83,893526.0,0.0,0.0,4988.0,4023883.0,0.0,0.0,5686.0,0.0,0.0,0.0,0.0
2023-03-28 18:13:23.527000+00:00,1306624.0,32268288.0,36540416.0,36540416.0,9.48,0.061214967,32.86,894383.0,0.0,0.0,4993.0,4028474.0,0.0,0.0,5692.0,0.0,0.0,0.0,0.0
2023-03-28 18:13:29.577000+00:00,1306624.0,32419840.0,36540416.0,36540416.0,9.5,0.061214967,32.92,894383.0,0.0,0.0,4993.0,4028474.0,0.0,0.0,5692.0,0.0,0.0,0.0,0.0
2023-03-28 18:13:34.474000+00:00,1306624.0,32563200.0,36896768.0,36896768.0,9.52,0.061214967,33.0,896073.0,0.0,0.0,5003.0,4037592.0,0.0,0.0,5704.0,0.0,0.0,0.0,0.0
2023-03-28 18:13:39.165000+00:00,1306624.0,32563200.0,36896768.0,36855808.0,9.52,0.061214967,33.0,896876.0,0.0,0.0,5007.0,4042109.0,0.0,0.0,5709.0,0.0,0.0,0.0,0.0
2023-03-28 18:13:44.616000+00:00,1306624.0,31997952.0,36335616.0,36335616.0,9.52,0.061214967,33.07,897679.0,0.0,0.0,5011.0,4046626.0,0.0,0.0,5714.0,0.0,0.0,0.0,0.0
2023-03-28 18:13:48.921000+00:00,1306624.0,31997952.0,36331520.0,36331520.0,9.52,0.061214967,33.08,898482.0,0.0,0.0,5015.0,4051143.0,0.0,0.0,5719.0,0.0,0.0,0.0,0.0
2023-03-28 18:13:53.794000+00:00,1306624.0,32198656.0,36401152.0,36401152.0,9.52,0.061214967,33.09,899411.0,0.0,0.0,5022.0,4055660.0,0.0,0.0,5724.0,0.0,0.0,0.0,0.0
2023-03-28 18:13:58.600000+00:00,1306624.0,32198656.0,36401152.0,36401152.0,9.55,0.061418633,33.14,899411.0,0.0,0.0,5022.0,4055660.0,0.0,0.0,5724.0,0.0,0.0,0.0,0.0
2023-03-28 18:14:04.881000+00:00,1306624.0,32493568.0,36798464.0,36798464.0,9.57,0.061418633,33.21,901017.0,0.0,0.0,5030.0,4064694.0,0.0,0.0,5734.0,0.0,0.0,0.0,0.0
2023-03-28 18:14:08.593000+00:00,1306624.0,32493568.0,36798464.0,36823040.0,9.57,0.061418633,33.21,901820.0,0.0,0.0,5034.0,4069211.0,0.0,0.0,5739.0,0.0,0.0,0.0,0.0
2023-03-28 18:14:14.822000+00:00,1306624.0,32911360.0,37142528.0,37142528.0,9.57,0.061418633,33.22,902623.0,0.0,0.0,5038.0,4073728.0,0.0,0.0,5744.0,0.0,0.0,0.0,0.0
2023-03-28 18:14:19.499000+00:00,1306624.0,32153600.0,36376576.0,36376576.0,9.57,0.061418633,33.3,903426.0,0.0,0.0,5042.0,4078245.0,0.0,0.0,5749.0,0.0,0.0,0.0,0.0
2023-03-28 18:14:23.187000+00:00,1323008.0,32350208.0,36552704.0,36552704.0,9.58,0.061418633,33.32,904283.0,0.0,0.0,5047.0,4082836.0,0.0,0.0,5755.0,0.0,0.0,0.0,0.0
2023-03-28 18:14:29.056000+00:00,1323008.0,32350208.0,36552704.0,36552704.0,9.6,0.061418633,33.32,904283.0,0.0,0.0,5047.0,4082836.0,0.0,0.0,5755.0,0.0,0.0,0.0,0.0
2023-03-28 18:14:34.513000+00:00,1323008.0,32636928.0,36835328.0,36835328.0,9.6,0.061418633,33.4,905973.0,0.0,0.0,5057.0,4091954.0,0.0,0.0,5767.0,0.0,0.0,0.0,0.0
2023-03-28 18:14:39.498000+00:00,1323008.0,32636928.0,36835328.0,37027840.0,9.61,0.061418633,33.46,906776.0,0.0,0.0,5061.0,4096471.0,0.0,0.0,5772.0,0.0,0.0,0.0,0.0
2023-03-28 18:14:44.274000+00:00,1323008.0,32886784.0,37089280.0,37089280.0,9.61,0.061418633,33.46,907579.0,0.0,0.0,5065.0,4100988.0,0.0,0.0,5777.0,0.0,0.0,0.0,0.0
2023-03-28 18:14:49.707000+00:00,1323008.0,32301056.0,37089280.0,37089280.0,9.62,0.061418633,33.54,907579.0,0.0,0.0,5065.0,4100988.0,0.0,0.0,5777.0,0.0,0.0,0.0,0.0
2023-03-28 18:14:54.656000+00:00,1323008.0,32399360.0,36601856.0,36601856.0,9.62,0.061418633,33.54,909185.0,0.0,0.0,5073.0,4110022.0,0.0,0.0,5787.0,0.0,0.0,0.0,0.0
2023-03-28 18:14:58.892000+00:00,1323008.0,32399360.0,36601856.0,36601856.0,9.63,0.061418633,33.61,909185.0,0.0,0.0,5073.0,4110022.0,0.0,0.0,5787.0,0.0,0.0,0.0,0.0
2023-03-28 18:15:04.379000+00:00,1323008.0,32653312.0,36851712.0,36851712.0,9.63,0.061418633,33.62,910791.0,0.0,0.0,5081.0,4119056.0,0.0,0.0,5797.0,0.0,0.0,0.0,0.0
2023-03-28 18:15:09.145000+00:00,1323008.0,32653312.0,36851712.0,36851712.0,9.65,0.061418633,33.67,910791.0,0.0,0.0,5081.0,4123573.0,0.0,0.0,5802.0,0.0,0.0,0.0,0.0
2023-03-28 18:15:14.815000+00:00,1323008.0,32899072.0,37122048.0,37122048.0,9.66,0.061418633,33.68,912397.0,0.0,0.0,5089.0,4128090.0,0.0,0.0,5807.0,0.0,0.0,0.0,0.0
2023-03-28 18:15:19.697000+00:00,1323008.0,32899072.0,36532224.0,36532224.0,9.68,0.061418633,33.73,913200.0,0.0,0.0,5093.0,4132607.0,0.0,0.0,5812.0,0.0,0.0,0.0,0.0
2023-03-28 18:15:24.424000+00:00,1339392.0,32481280.0,36691968.0,36691968.0,9.69,0.061418633,33.75,914099.0,0.0,0.0,5099.0,4137198.0,0.0,0.0,5818.0,0.0,0.0,0.0,0.0
2023-03-28 18:15:28.813000+00:00,1339392.0,32624640.0,36868096.0,36691968.0,9.71,0.061418633,33.81,914099.0,0.0,0.0,5099.0,4137198.0,0.0,0.0,5818.0,0.0,0.0,0.0,0.0
2023-03-28 18:15:34.457000+00:00,1339392.0,32727040.0,36954112.0,36954112.0,9.71,0.061418633,33.82,915789.0,0.0,0.0,5109.0,4146316.0,0.0,0.0,5830.0,0.0,0.0,0.0,0.0
2023-03-28 18:15:38.971000+00:00,1339392.0,32727040.0,37253120.0,37253120.0,9.72,0.061418633,33.82,916592.0,0.0,0.0,5113.0,4150833.0,0.0,0.0,5835.0,0.0,0.0,0.0,0.0
2023-03-28 18:15:44.412000+00:00,1339392.0,32976896.0,37171200.0,37171200.0,9.72,0.061418633,33.89,917395.0,0.0,0.0,5117.0,4155350.0,0.0,0.0,5840.0,0.0,0.0,0.0,0.0
2023-03-28 18:15:49.869000+00:00,1339392.0,32976896.0,36605952.0,36605952.0,9.75,0.061418633,33.89,918198.0,0.0,0.0,5121.0,4159867.0,0.0,0.0,5845.0,0.0,0.0,0.0,0.0
2023-03-28 18:15:54.782000+00:00,1339392.0,32489472.0,36708352.0,36708352.0,9.75,0.061418633,33.95,919001.0,0.0,0.0,5125.0,4164384.0,0.0,0.0,5850.0,0.0,0.0,0.0,0.0
2023-03-28 18:15:59.603000+00:00,1339392.0,32489472.0,36708352.0,36708352.0,9.77,0.061418633,34.0,919001.0,0.0,0.0,5125.0,4164384.0,0.0,0.0,5850.0,0.0,0.0,0.0,0.0
2023-03-28 18:16:03.850000+00:00,1339392.0,32751616.0,36990976.0,36990976.0,9.77,0.061418633,34.02,920607.0,0.0,0.0,5133.0,4173418.0,0.0,0.0,5860.0,0.0,0.0,0.0,0.0
2023-03-28 18:16:08.444000+00:00,1339392.0,32890880.0,37220352.0,37220352.0,9.78,0.061418633,34.09,921410.0,0.0,0.0,5137.0,4177935.0,0.0,0.0,5865.0,0.0,0.0,0.0,0.0
2023-03-28 18:16:13.941000+00:00,1339392.0,32997376.0,37195776.0,37195776.0,9.78,0.061418633,34.09,922213.0,0.0,0.0,5141.0,4182452.0,0.0,0.0,5870.0,0.0,0.0,0.0,0.0
2023-03-28 18:16:18.294000+00:00,1339392.0,32997376.0,37195776.0,37826560.0,9.8,0.061418633,34.16,923016.0,0.0,0.0,5145.0,4186969.0,0.0,0.0,5875.0,0.0,0.0,0.0,0.0
2023-03-28 18:16:23.743000+00:00,1351680.0,32587776.0,36810752.0,36810752.0,9.81,0.061418633,34.17,923873.0,0.0,0.0,5150.0,4191560.0,0.0,0.0,5881.0,0.0,0.0,0.0,0.0
2023-03-28 18:16:28.397000+00:00,1351680.0,32587776.0,36810752.0,36810752.0,9.82,0.061418633,34.17,923873.0,0.0,0.0,5150.0,4191560.0,0.0,0.0,5881.0,0.0,0.0,0.0,0.0
2023-03-28 18:16:34.780000+00:00,1351680.0,32841728.0,37056512.0,37056512.0,9.85,0.061418633,34.22,925563.0,0.0,0.0,5160.0,4200678.0,0.0,0.0,5893.0,0.0,0.0,0.0,0.0
2023-03-28 18:16:39.258000+00:00,1351680.0,32989184.0,37572608.0,37572608.0,9.87,0.061418633,34.29,926366.0,0.0,0.0,5164.0,4205195.0,0.0,0.0,5898.0,0.0,0.0,0.0,0.0
2023-03-28 18:16:43.932000+00:00,1351680.0,33091584.0,37314560.0,37314560.0,9.87,0.061418633,34.3,927169.0,0.0,0.0,5168.0,4209712.0,0.0,0.0,5903.0,0.0,0.0,0.0,0.0
2023-03-28 18:16:49.374000+00:00,1351680.0,33234944.0,37670912.0,37670912.0,9.9,0.061418633,34.36,927972.0,0.0,0.0,5172.0,4214229.0,0.0,0.0,5908.0,0.0,0.0,0.0,0.0
2023-03-28 18:16:54.270000+00:00,1351680.0,33341440.0,37564416.0,37564416.0,9.9,0.061418633,34.36,928775.0,0.0,0.0,5176.0,4218746.0,0.0,0.0,5913.0,0.0,0.0,0.0,0.0
2023-03-28 18:16:59.864000+00:00,1351680.0,32731136.0,37564416.0,37564416.0,9.92,0.061418633,34.42,928775.0,0.0,0.0,5176.0,4218746.0,0.0,0.0,5913.0,0.0,0.0,0.0,0.0
2023-03-28 18:17:03.899000+00:00,1351680.0,32833536.0,37064704.0,37064704.0,9.92,0.061418633,34.42,930381.0,0.0,0.0,5184.0,4227780.0,0.0,0.0,5923.0,0.0,0.0,0.0,0.0
2023-03-28 18:17:09.271000+00:00,1351680.0,32935936.0,37167104.0,37167104.0,9.92,0.061418633,34.42,931184.0,0.0,0.0,5188.0,4232297.0,0.0,0.0,5928.0,0.0,0.0,0.0,0.0
2023-03-28 18:17:14.037000+00:00,1351680.0,33079296.0,37330944.0,37330944.0,9.94,0.061418633,34.5,931987.0,0.0,0.0,5192.0,4236814.0,0.0,0.0,5933.0,0.0,0.0,0.0,0.0
2023-03-28 18:17:18.265000+00:00,1351680.0,33079296.0,37330944.0,37330944.0,9.94,0.061418633,34.5,932790.0,0.0,0.0,5196.0,4241331.0,0.0,0.0,5938.0,0.0,0.0,0.0,0.0
2023-03-28 18:17:24.746000+00:00,1368064.0,33411072.0,37634048.0,37634048.0,9.98,0.061418633,34.59,933647.0,0.0,0.0,5201.0,4245922.0,0.0,0.0,5944.0,0.0,0.0,0.0,0.0
2023-03-28 18:17:29.386000+00:00,1368064.0,33411072.0,37634048.0,37634048.0,9.98,0.061418633,34.59,933647.0,0.0,0.0,5207.0,4250523.0,0.0,0.0,5951.0,0.0,0.0,0.0,0.0
2023-03-28 18:17:32.951000+00:00,1368064.0,32829440.0,37203968.0,37203968.0,9.99,0.061418633,34.67,935337.0,0.0,0.0,5211.0,4255040.0,0.0,0.0,5956.0,0.0,0.0,0.0,0.0
2023-03-28 18:17:39.604000+00:00,1368064.0,32935936.0,37154816.0,37154816.0,9.99,0.061418633,34.67,936140.0,0.0,0.0,5215.0,4259557.0,0.0,0.0,5961.0,0.0,0.0,0.0,0.0
2023-03-28 18:17:44.194000+00:00,1368064.0,33083392.0,37302272.0,37302272.0,9.99,0.061418633,34.74,936943.0,0.0,0.0,5219.0,4264074.0,0.0,0.0,5966.0,0.0,0.0,0.0,0.0
2023-03-28 18:17:49.618000+00:00,1368064.0,33181696.0,37396480.0,37396480.0,9.99,0.061418633,34.75,937746.0,0.0,0.0,5223.0,4268591.0,0.0,0.0,5971.0,0.0,0.0,0.0,0.0
2023-03-28 18:17:54.352000+00:00,1368064.0,33255424.0,37519360.0,37519360.0,10.02,0.061418633,34.86,938549.0,0.0,0.0,5227.0,4273108.0,0.0,0.0,5976.0,0.0,0.0,0.0,0.0
2023-03-28 18:17:59.227000+00:00,1368064.0,33357824.0,37519360.0,37519360.0,10.02,0.061418633,34.86,938549.0,0.0,0.0,5227.0,4273108.0,0.0,0.0,5976.0,0.0,0.0,0.0,0.0
2023-03-28 18:18:03.951000+00:00,1368064.0,31436800.0,35667968.0,35667968.0,10.06,0.061418633,35.03,940155.0,0.0,0.0,5235.0,4282142.0,0.0,0.0,5986.0,0.0,0.0,0.0,0.0
2023-03-28 18:18:08.756000+00:00,1368064.0,31436800.0,35667968.0,35667968.0,10.06,0.061418633,35.04,940958.0,0.0,0.0,5239.0,4286659.0,0.0,0.0,5991.0,0.0,0.0,0.0,0.0
2023-03-28 18:18:13.682000+00:00,1368064.0,31690752.0,35958784.0,35958784.0,10.06,0.061418633,35.1,941761.0,0.0,0.0,5243.0,4291176.0,0.0,0.0,5996.0,0.0,0.0,0.0,0.0
2023-03-28 18:18:18.842000+00:00,1368064.0,31690752.0,36012032.0,36012032.0,10.06,0.061418633,35.1,942564.0,0.0,0.0,5247.0,4295693.0,0.0,0.0,6001.0,0.0,0.0,0.0,0.0
2023-03-28 18:18:24.412000+00:00,1384448.0,32051200.0,36450304.0,36450304.0,10.09,0.061418633,35.18,943463.0,0.0,0.0,5253.0,4300284.0,0.0,0.0,6007.0,0.0,0.0,0.0,0.0
2023-03-28 18:18:29.314000+00:00,1384448.0,32153600.0,36372480.0,36450304.0,10.09,0.061418633,35.19,943463.0,0.0,0.0,5253.0,4300284.0,0.0,0.0,6007.0,0.0,0.0,0.0,0.0
2023-03-28 18:18:33.733000+00:00,1384448.0,32305152.0,36732928.0,36732928.0,10.12,0.061418633,35.25,945153.0,0.0,0.0,5263.0,4309402.0,0.0,0.0,6019.0,0.0,0.0,0.0,0.0
2023-03-28 18:18:39.747000+00:00,1384448.0,31506432.0,35729408.0,35729408.0,10.12,0.061418633,35.25,945956.0,0.0,0.0,5267.0,4313919.0,0.0,0.0,6024.0,0.0,0.0,0.0,0.0
2023-03-28 18:18:43.274000+00:00,1384448.0,31653888.0,35938304.0,35938304.0,10.14,0.061418633,35.31,946759.0,0.0,0.0,5271.0,4318436.0,0.0,0.0,6029.0,0.0,0.0,0.0,0.0
2023-03-28 18:18:49.766000+00:00,1384448.0,31653888.0,35938304.0,35938304.0,10.14,0.061418633,35.31,947562.0,0.0,0.0,5275.0,4322953.0,0.0,0.0,6034.0,0.0,0.0,0.0,0.0
2023-03-28 18:18:53.430000+00:00,1384448.0,31907840.0,36261888.0,36261888.0,10.15,0.061418633,35.38,948365.0,0.0,0.0,5279.0,4327470.0,0.0,0.0,6039.0,0.0,0.0,0.0,0.0
2023-03-28 18:18:58.281000+00:00,1384448.0,31907840.0,36261888.0,36261888.0,10.15,0.061418633,35.38,948365.0,0.0,0.0,5279.0,4327470.0,0.0,0.0,6039.0,0.0,0.0,0.0,0.0
2023-03-28 18:19:04.700000+00:00,1384448.0,32161792.0,36376576.0,36376576.0,10.16,0.061418633,35.46,949971.0,0.0,0.0,5287.0,4336504.0,0.0,0.0,6049.0,0.0,0.0,0.0,0.0
2023-03-28 18:19:08.514000+00:00,1384448.0,32272384.0,36503552.0,36503552.0,10.16,0.061418633,35.47,950774.0,0.0,0.0,5291.0,4341021.0,0.0,0.0,6054.0,0.0,0.0,0.0,0.0
2023-03-28 18:19:13.473000+00:00,1384448.0,31494144.0,35819520.0,35819520.0,10.18,0.061418633,35.54,951577.0,0.0,0.0,5295.0,4345538.0,0.0,0.0,6059.0,0.0,0.0,0.0,0.0
2023-03-28 18:19:19.847000+00:00,1384448.0,31494144.0,35819520.0,35819520.0,10.18,0.061418633,35.54,951577.0,0.0,0.0,5295.0,4350055.0,0.0,0.0,6064.0,0.0,0.0,0.0,0.0
2023-03-28 18:19:24.826000+00:00,1396736.0,31838208.0,36429824.0,36429824.0,10.22,0.061418633,35.61,953237.0,0.0,0.0,5304.0,4354646.0,0.0,0.0,6070.0,0.0,0.0,0.0,0.0
2023-03-28 18:19:29.220000+00:00,1396736.0,31944704.0,36429824.0,36429824.0,10.22,0.061418633,35.62,953237.0,0.0,0.0,5304.0,4354646.0,0.0,0.0,6070.0,0.0,0.0,0.0,0.0
2023-03-28 18:19:34.381000+00:00,1396736.0,32092160.0,36302848.0,36302848.0,10.24,0.062790983,35.68,955095.0,0.0,0.0,5318.0,4363764.0,0.0,0.0,6082.0,0.0,0.0,0.0,0.0
2023-03-28 18:19:39.392000+00:00,1396736.0,32092160.0,36302848.0,36302848.0,10.24,0.062790983,35.69,955898.0,0.0,0.0,5322.0,4368281.0,0.0,0.0,6087.0,0.0,0.0,0.0,0.0
2023-03-28 18:19:44.666000+00:00,1396736.0,31432704.0,35651584.0,35651584.0,10.25,0.062790983,35.74,956701.0,0.0,0.0,5326.0,4372798.0,0.0,0.0,6092.0,0.0,0.0,0.0,0.0
2023-03-28 18:19:49.654000+00:00,1396736.0,31432704.0,35729408.0,35729408.0,10.25,0.062790983,35.75,957504.0,0.0,0.0,5330.0,4377315.0,0.0,0.0,6097.0,0.0,0.0,0.0,0.0
2023-03-28 18:19:54.553000+00:00,1396736.0,31690752.0,36032512.0,36032512.0,10.27,0.062790983,35.81,958307.0,0.0,0.0,5334.0,4381832.0,0.0,0.0,6102.0,0.0,0.0,0.0,0.0
2023-03-28 18:19:58.492000+00:00,1396736.0,31690752.0,36032512.0,36032512.0,10.28,0.062790983,35.81,958307.0,0.0,0.0,5334.0,4381832.0,0.0,0.0,6102.0,0.0,0.0,0.0,0.0
2023-03-28 18:20:04.655000+00:00,1396736.0,31903744.0,36065280.0,36065280.0,10.28,0.062790983,35.81,959913.0,0.0,0.0,5342.0,4390866.0,0.0,0.0,6112.0,0.0,0.0,0.0,0.0
2023-03-28 18:20:08.607000+00:00,1396736.0,31903744.0,36065280.0,36261888.0,10.28,0.062790983,35.81,960716.0,0.0,0.0,5346.0,4395383.0,0.0,0.0,6117.0,0.0,0.0,0.0,0.0
2023-03-28 18:20:14.420000+00:00,1396736.0,32157696.0,36319232.0,36319232.0,10.29,0.062790983,35.9,961519.0,0.0,0.0,5350.0,4399900.0,0.0,0.0,6122.0,0.0,0.0,0.0,0.0
2023-03-28 18:20:19.268000+00:00,1396736.0,32157696.0,36483072.0,36483072.0,10.3,0.062790983,35.96,962322.0,0.0,0.0,5354.0,4404417.0,0.0,0.0,6127.0,0.0,0.0,0.0,0.0
2023-03-28 18:20:23.367000+00:00,1413120.0,31567872.0,35758080.0,35758080.0,10.31,0.062790983,35.98,963179.0,0.0,0.0,5359.0,4409008.0,0.0,0.0,6133.0,0.0,0.0,0.0,0.0
2023-03-28 18:20:28.275000+00:00,1413120.0,31719424.0,35926016.0,35758080.0,10.33,0.062790983,36.05,963179.0,0.0,0.0,5359.0,4409008.0,0.0,0.0,6133.0,0.0,0.0,0.0,0.0
2023-03-28 18:20:33.178000+00:00,1413120.0,31825920.0,36012032.0,36012032.0,10.33,0.062790983,36.07,964869.0,0.0,0.0,5369.0,4418126.0,0.0,0.0,6145.0,0.0,0.0,0.0,0.0
2023-03-28 18:20:38.835000+00:00,1413120.0,31977472.0,36274176.0,36274176.0,10.35,0.062790983,36.14,965672.0,0.0,0.0,5373.0,4422643.0,0.0,0.0,6150.0,0.0,0.0,0.0,0.0
2023-03-28 18:20:43.509000+00:00,1413120.0,32083968.0,36278272.0,36278272.0,10.36,0.062790983,36.14,966475.0,0.0,0.0,5377.0,4427160.0,0.0,0.0,6155.0,0.0,0.0,0.0,0.0
2023-03-28 18:20:49.845000+00:00,1413120.0,32235520.0,36470784.0,36470784.0,10.38,0.062790983,36.2,967278.0,0.0,0.0,5381.0,4431677.0,0.0,0.0,6160.0,0.0,0.0,0.0,0.0
2023-03-28 18:20:54.914000+00:00,1413120.0,31440896.0,35778560.0,35778560.0,10.38,0.062790983,36.2,968081.0,0.0,0.0,5385.0,4436194.0,0.0,0.0,6165.0,0.0,0.0,0.0,0.0
2023-03-28 18:20:59.184000+00:00,1413120.0,31588352.0,35893248.0,35893248.0,10.39,0.062790983,36.28,968884.0,0.0,0.0,5385.0,4436194.0,0.0,0.0,6165.0,0.0,0.0,0.0,0.0
2023-03-28 18:21:03.800000+00:00,1413120.0,31694848.0,35880960.0,35880960.0,10.39,0.062790983,36.28,969687.0,0.0,0.0,5393.0,4445228.0,0.0,0.0,6175.0,0.0,0.0,0.0,0.0
2023-03-28 18:21:08.621000+00:00,1413120.0,31694848.0,35880960.0,36188160.0,10.4,0.062790983,36.35,970490.0,0.0,0.0,5397.0,4449745.0,0.0,0.0,6180.0,0.0,0.0,0.0,0.0
2023-03-28 18:21:14.182000+00:00,1413120.0,31948800.0,36155392.0,36155392.0,10.4,0.062790983,36.35,971293.0,0.0,0.0,5401.0,4454262.0,0.0,0.0,6185.0,0.0,0.0,0.0,0.0
2023-03-28 18:21:18.778000+00:00,1413120.0,31948800.0,36155392.0,36319232.0,10.42,0.062790983,36.42,972096.0,0.0,0.0,5405.0,4458779.0,0.0,0.0,6190.0,0.0,0.0,0.0,0.0
2023-03-28 18:21:24.515000+00:00,1429504.0,32292864.0,36610048.0,36610048.0,10.44,0.062790983,36.44,972953.0,0.0,0.0,5410.0,4463370.0,0.0,0.0,6196.0,0.0,0.0,0.0,0.0
2023-03-28 18:21:29.203000+00:00,1429504.0,32292864.0,36610048.0,36610048.0,10.46,0.062790983,36.5,972953.0,0.0,0.0,5410.0,4463370.0,0.0,0.0,6196.0,0.0,0.0,0.0,0.0
2023-03-28 18:21:34.140000+00:00,1429504.0,31641600.0,35815424.0,35815424.0,10.47,0.062790983,36.5,974769.0,0.0,0.0,5423.0,4472488.0,0.0,0.0,6208.0,0.0,0.0,0.0,0.0
2023-03-28 18:21:39.752000+00:00,1429504.0,31641600.0,35815424.0,35815424.0,10.48,0.062790983,36.57,974769.0,0.0,0.0,5428.0,4477005.0,0.0,0.0,6213.0,0.0,0.0,0.0,0.0
2023-03-28 18:21:44.155000+00:00,1429504.0,31895552.0,36081664.0,36081664.0,10.48,0.062790983,36.58,976459.0,0.0,0.0,5433.0,4481522.0,0.0,0.0,6218.0,0.0,0.0,0.0,0.0
2023-03-28 18:21:48.854000+00:00,1429504.0,31895552.0,36081664.0,36478976.0,10.5,0.064073483,36.58,977262.0,0.0,0.0,5437.0,4486039.0,0.0,0.0,6223.0,0.0,0.0,0.0,0.0
2023-03-28 18:21:54.878000+00:00,1429504.0,32149504.0,36356096.0,36356096.0,10.51,0.064073483,36.64,978065.0,0.0,0.0,5441.0,4490556.0,0.0,0.0,6228.0,0.0,0.0,0.0,0.0
2023-03-28 18:21:59.454000+00:00,1429504.0,32149504.0,36356096.0,36356096.0,10.52,0.064073483,36.64,978065.0,0.0,0.0,5441.0,4490556.0,0.0,0.0,6228.0,0.0,0.0,0.0,0.0
2023-03-28 18:22:04.600000+00:00,1429504.0,31494144.0,35704832.0,35704832.0,10.52,0.064073483,36.72,979671.0,0.0,0.0,5449.0,4499590.0,0.0,0.0,6238.0,0.0,0.0,0.0,0.0
2023-03-28 18:22:08.669000+00:00,1429504.0,31494144.0,35704832.0,35704832.0,10.54,0.064073483,36.79,980474.0,0.0,0.0,5453.0,4504107.0,0.0,0.0,6243.0,0.0,0.0,0.0,0.0
2023-03-28 18:22:14.133000+00:00,1429504.0,31735808.0,35921920.0,35921920.0,10.54,0.064073483,36.8,981277.0,0.0,0.0,5457.0,4508624.0,0.0,0.0,6248.0,0.0,0.0,0.0,0.0
2023-03-28 18:22:19.094000+00:00,1429504.0,31735808.0,36446208.0,36446208.0,10.55,0.064073483,36.87,982080.0,0.0,0.0,5461.0,4513141.0,0.0,0.0,6253.0,0.0,0.0,0.0,0.0
2023-03-28 18:22:24.145000+00:00,1445888.0,32063488.0,36257792.0,36257792.0,10.56,0.064073483,36.89,982937.0,0.0,0.0,5466.0,4517732.0,0.0,0.0,6259.0,0.0,0.0,0.0,0.0
2023-03-28 18:22:29.475000+00:00,1445888.0,32206848.0,36696064.0,36696064.0,10.58,0.064073483,36.95,983824.0,0.0,0.0,5472.0,4522333.0,0.0,0.0,6266.0,0.0,0.0,0.0,0.0
2023-03-28 18:22:33.307000+00:00,1445888.0,32337920.0,36605952.0,36605952.0,10.58,0.064073483,36.96,984627.0,0.0,0.0,5476.0,4526850.0,0.0,0.0,6271.0,0.0,0.0,0.0,0.0
2023-03-28 18:22:39.015000+00:00,1445888.0,32337920.0,36134912.0,36134912.0,10.59,0.064073483,37.04,985430.0,0.0,0.0,5480.0,4531367.0,0.0,0.0,6276.0,0.0,0.0,0.0,0.0
2023-03-28 18:22:43.760000+00:00,1445888.0,31666176.0,35844096.0,35844096.0,10.59,0.064073483,37.04,986233.0,0.0,0.0,5484.0,4535884.0,0.0,0.0,6281.0,0.0,0.0,0.0,0.0
2023-03-28 18:22:49.685000+00:00,1445888.0,31809536.0,36233216.0,36233216.0,10.61,0.064073483,37.1,987036.0,0.0,0.0,5488.0,4540401.0,0.0,0.0,6286.0,0.0,0.0,0.0,0.0
2023-03-28 18:22:54.252000+00:00,1445888.0,31907840.0,36089856.0,36089856.0,10.62,0.064073483,37.11,987839.0,0.0,0.0,5492.0,4544918.0,0.0,0.0,6291.0,0.0,0.0,0.0,0.0
2023-03-28 18:22:59.315000+00:00,1445888.0,31907840.0,36089856.0,36089856.0,10.62,0.064073483,37.11,987839.0,0.0,0.0,5492.0,4544918.0,0.0,0.0,6291.0,0.0,0.0,0.0,0.0
2023-03-28 18:23:03.944000+00:00,1445888.0,32149504.0,36380672.0,36380672.0,10.64,0.066337045,37.18,989487.0,0.0,0.0,5501.0,4553952.0,0.0,0.0,6301.0,0.0,0.0,0.0,0.0
2023-03-28 18:23:08.728000+00:00,1445888.0,32149504.0,36429824.0,36429824.0,10.64,0.066337045,37.18,990290.0,0.0,0.0,5505.0,4558469.0,0.0,0.0,6306.0,0.0,0.0,0.0,0.0
2023-03-28 18:23:13.686000+00:00,1445888.0,31543296.0,35741696.0,35741696.0,10.66,0.066337045,37.25,991093.0,0.0,0.0,5509.0,4562986.0,0.0,0.0,6311.0,0.0,0.0,0.0,0.0
2023-03-28 18:23:18.387000+00:00,1445888.0,31543296.0,35741696.0,35741696.0,10.66,0.066337045,37.25,991093.0,0.0,0.0,5513.0,4567503.0,0.0,0.0,6316.0,0.0,0.0,0.0,0.0
2023-03-28 18:23:24.372000+00:00,1470464.0,31870976.0,36069376.0,36069376.0,10.7,0.066337045,37.33,992753.0,0.0,0.0,5518.0,4572094.0,0.0,0.0,6322.0,0.0,0.0,0.0,0.0
2023-03-28 18:23:28.517000+00:00,1470464.0,31870976.0,36069376.0,36069376.0,10.71,0.066337045,37.34,992753.0,0.0,0.0,5518.0,4572094.0,0.0,0.0,6322.0,0.0,0.0,0.0,0.0
2023-03-28 18:23:34.682000+00:00,1470464.0,32112640.0,36462592.0,36462592.0,10.72,0.066337045,37.4,994443.0,0.0,0.0,5528.0,4581212.0,0.0,0.0,6334.0,0.0,0.0,0.0,0.0
2023-03-28 18:23:39.728000+00:00,1470464.0,32215040.0,36397056.0,36397056.0,10.72,0.066337045,37.41,995246.0,0.0,0.0,5532.0,4585729.0,0.0,0.0,6339.0,0.0,0.0,0.0,0.0
2023-03-28 18:23:43.721000+00:00,1470464.0,31539200.0,35807232.0,35807232.0,10.75,0.066337045,37.47,996049.0,0.0,0.0,5536.0,4590246.0,0.0,0.0,6344.0,0.0,0.0,0.0,0.0
2023-03-28 18:23:49.337000+00:00,1470464.0,31539200.0,35799040.0,35799040.0,10.75,0.066337045,37.47,996852.0,0.0,0.0,5540.0,4594763.0,0.0,0.0,6349.0,0.0,0.0,0.0,0.0
2023-03-28 18:23:54.671000+00:00,1470464.0,31780864.0,36331520.0,36331520.0,10.77,0.066337045,37.53,997655.0,0.0,0.0,5544.0,4599280.0,0.0,0.0,6354.0,0.0,0.0,0.0,0.0
2023-03-28 18:23:59.422000+00:00,1470464.0,31780864.0,36331520.0,36331520.0,10.77,0.066337045,37.54,997655.0,0.0,0.0,5544.0,4599280.0,0.0,0.0,6354.0,0.0,0.0,0.0,0.0
2023-03-28 18:24:04.198000+00:00,1470464.0,32022528.0,36364288.0,36364288.0,10.79,0.066337045,37.6,999261.0,0.0,0.0,5552.0,4608314.0,0.0,0.0,6364.0,0.0,0.0,0.0,0.0
2023-03-28 18:24:08.736000+00:00,1470464.0,32120832.0,36331520.0,36331520.0,10.79,0.066337045,37.6,1000106.0,0.0,0.0,5557.0,4612831.0,0.0,0.0,6369.0,0.0,0.0,0.0,0.0
2023-03-28 18:24:14.553000+00:00,1470464.0,31461376.0,36167680.0,36167680.0,10.8,0.066337045,37.7,1000909.0,0.0,0.0,5561.0,4617348.0,0.0,0.0,6374.0,0.0,0.0,0.0,0.0
2023-03-28 18:24:18.593000+00:00,1470464.0,31461376.0,36167680.0,35753984.0,10.8,0.066337045,37.7,1001712.0,0.0,0.0,5565.0,4621865.0,0.0,0.0,6379.0,0.0,0.0,0.0,0.0
2023-03-28 18:24:24.578000+00:00,1474560.0,31789056.0,36294656.0,36294656.0,10.84,0.066337045,37.77,1002569.0,0.0,0.0,5570.0,4626456.0,0.0,0.0,6385.0,0.0,0.0,0.0,0.0
2023-03-28 18:24:29.772000+00:00,1474560.0,31887360.0,36061184.0,36061184.0,10.84,0.066337045,37.78,1003456.0,0.0,0.0,5576.0,4631057.0,0.0,0.0,6392.0,0.0,0.0,0.0,0.0
2023-03-28 18:24:34.705000+00:00,1474560.0,31887360.0,36405248.0,36405248.0,10.86,0.066337045,37.85,1004259.0,0.0,0.0,5580.0,4635574.0,0.0,0.0,6397.0,0.0,0.0,0.0,0.0
2023-03-28 18:24:38.612000+00:00,1474560.0,32129024.0,36347904.0,36347904.0,10.86,0.066337045,37.85,1005062.0,0.0,0.0,5584.0,4640091.0,0.0,0.0,6402.0,0.0,0.0,0.0,0.0
2023-03-28 18:24:43.395000+00:00,1474560.0,31469568.0,35860480.0,35860480.0,10.88,0.066337045,37.92,1005865.0,0.0,0.0,5588.0,4644608.0,0.0,0.0,6407.0,0.0,0.0,0.0,0.0
2023-03-28 18:24:49.492000+00:00,1474560.0,31469568.0,35860480.0,35753984.0,10.89,0.066337045,37.92,1006668.0,0.0,0.0,5592.0,4649125.0,0.0,0.0,6412.0,0.0,0.0,0.0,0.0
2023-03-28 18:24:53.667000+00:00,1474560.0,31731712.0,36372480.0,36372480.0,10.9,0.066337045,38.02,1007471.0,0.0,0.0,5596.0,4653642.0,0.0,0.0,6417.0,0.0,0.0,0.0,0.0
2023-03-28 18:24:59.879000+00:00,1474560.0,31731712.0,36372480.0,36372480.0,10.9,0.066337045,38.02,1007471.0,0.0,0.0,5596.0,4653642.0,0.0,0.0,6417.0,0.0,0.0,0.0,0.0
2023-03-28 18:25:04.214000+00:00,1474560.0,31973376.0,36675584.0,36675584.0,10.92,0.066337045,38.09,1009077.0,0.0,0.0,5604.0,4662676.0,0.0,0.0,6427.0,0.0,0.0,0.0,0.0
2023-03-28 18:25:08.805000+00:00,1474560.0,31973376.0,36675584.0,36302848.0,10.92,0.066337045,38.1,1009880.0,0.0,0.0,5608.0,4667193.0,0.0,0.0,6432.0,0.0,0.0,0.0,0.0
2023-03-28 18:25:14.576000+00:00,1474560.0,32215040.0,36777984.0,36777984.0,10.94,0.066337045,38.16,1010683.0,0.0,0.0,5612.0,4671710.0,0.0,0.0,6437.0,0.0,0.0,0.0,0.0
2023-03-28 18:25:19.155000+00:00,1474560.0,32215040.0,35680256.0,35680256.0,10.94,0.066337045,38.16,1011486.0,0.0,0.0,5616.0,4676227.0,0.0,0.0,6442.0,0.0,0.0,0.0,0.0
2023-03-28 18:25:23.320000+00:00,1490944.0,31670272.0,35987456.0,35987456.0,10.95,0.066337045,38.18,1012343.0,0.0,0.0,5621.0,4680818.0,0.0,0.0,6448.0,0.0,0.0,0.0,0.0
2023-03-28 18:25:28.911000+00:00,1490944.0,31670272.0,35987456.0,35987456.0,10.96,0.066337045,38.24,1012343.0,0.0,0.0,5621.0,4680818.0,0.0,0.0,6448.0,0.0,0.0,0.0,0.0
2023-03-28 18:25:34.803000+00:00,1490944.0,31952896.0,36384768.0,36384768.0,10.99,0.066337045,38.3,1014033.0,0.0,0.0,5631.0,4689936.0,0.0,0.0,6460.0,0.0,0.0,0.0,0.0
2023-03-28 18:25:39.362000+00:00,1490944.0,31952896.0,36384768.0,36384768.0,10.99,0.066337045,38.3,1014033.0,0.0,0.0,5635.0,4694453.0,0.0,0.0,6465.0,0.0,0.0,0.0,0.0
2023-03-28 18:25:43.743000+00:00,1490944.0,32153600.0,36339712.0,36339712.0,10.99,0.066337045,38.3,1015639.0,0.0,0.0,5639.0,4698970.0,0.0,0.0,6470.0,0.0,0.0,0.0,0.0
2023-03-28 18:25:48.280000+00:00,1490944.0,32153600.0,36495360.0,36495360.0,11.01,0.066337045,38.3,1016442.0,0.0,0.0,5643.0,4703487.0,0.0,0.0,6475.0,0.0,0.0,0.0,0.0
2023-03-28 18:25:54.675000+00:00,1490944.0,31576064.0,35766272.0,35766272.0,11.01,0.066337045,38.37,1017245.0,0.0,0.0,5647.0,4708004.0,0.0,0.0,6480.0,0.0,0.0,0.0,0.0
2023-03-28 18:25:59.837000+00:00,1490944.0,31576064.0,35766272.0,35766272.0,11.03,0.066337045,38.37,1017245.0,0.0,0.0,5647.0,4708004.0,0.0,0.0,6480.0,0.0,0.0,0.0,0.0
2023-03-28 18:26:04.241000+00:00,1490944.0,31817728.0,35999744.0,35999744.0,11.04,0.066337045,38.44,1018851.0,0.0,0.0,5655.0,4717038.0,0.0,0.0,6490.0,0.0,0.0,0.0,0.0
2023-03-28 18:26:08.248000+00:00,1490944.0,31817728.0,35999744.0,36171776.0,11.05,0.066337045,38.5,1019654.0,0.0,0.0,5659.0,4721555.0,0.0,0.0,6495.0,0.0,0.0,0.0,0.0
2023-03-28 18:26:14.373000+00:00,1490944.0,32071680.0,36253696.0,36253696.0,11.05,0.066337045,38.53,1020457.0,0.0,0.0,5663.0,4726072.0,0.0,0.0,6500.0,0.0,0.0,0.0,0.0
2023-03-28 18:26:18.845000+00:00,1490944.0,32071680.0,36483072.0,36483072.0,11.08,0.066337045,38.59,1021260.0,0.0,0.0,5667.0,4730589.0,0.0,0.0,6505.0,0.0,0.0,0.0,0.0
2023-03-28 18:26:23.697000+00:00,1503232.0,31498240.0,35803136.0,35803136.0,11.1,0.066337045,38.6,1022117.0,0.0,0.0,5672.0,4735180.0,0.0,0.0,6511.0,0.0,0.0,0.0,0.0
2023-03-28 18:26:28.681000+00:00,1503232.0,31637504.0,35803136.0,35803136.0,11.12,0.066337045,38.66,1022117.0,0.0,0.0,5672.0,4735180.0,0.0,0.0,6511.0,0.0,0.0,0.0,0.0
2023-03-28 18:26:34.132000+00:00,1503232.0,31739904.0,35905536.0,35905536.0,11.12,0.066337045,38.66,1023807.0,0.0,0.0,5682.0,4744298.0,0.0,0.0,6523.0,0.0,0.0,0.0,0.0
2023-03-28 18:26:39.172000+00:00,1503232.0,31883264.0,36163584.0,36163584.0,11.14,0.066337045,38.73,1024610.0,0.0,0.0,5686.0,4748815.0,0.0,0.0,6528.0,0.0,0.0,0.0,0.0
2023-03-28 18:26:44.040000+00:00,1503232.0,31981568.0,36163584.0,36163584.0,11.14,0.066337045,38.74,1025413.0,0.0,0.0,5690.0,4753332.0,0.0,0.0,6533.0,0.0,0.0,0.0,0.0
2023-03-28 18:26:49.052000+00:00,1503232.0,31981568.0,36163584.0,36163584.0,11.17,0.066337045,38.8,1025413.0,0.0,0.0,5694.0,4757849.0,0.0,0.0,6538.0,0.0,0.0,0.0,0.0
2023-03-28 18:26:53.946000+00:00,1503232.0,32223232.0,36401152.0,36401152.0,11.17,0.066337045,38.8,1027019.0,0.0,0.0,5698.0,4762366.0,0.0,0.0,6543.0,0.0,0.0,0.0,0.0
2023-03-28 18:26:59.164000+00:00,1503232.0,32223232.0,36401152.0,36401152.0,11.18,0.066337045,38.87,1027019.0,0.0,0.0,5698.0,4762366.0,0.0,0.0,6543.0,0.0,0.0,0.0,0.0
2023-03-28 18:27:03.921000+00:00,1503232.0,31690752.0,35991552.0,35991552.0,11.18,0.066337045,38.87,1028667.0,0.0,0.0,5707.0,4771400.0,0.0,0.0,6553.0,0.0,0.0,0.0,0.0
2023-03-28 18:27:09.567000+00:00,1503232.0,31690752.0,35991552.0,35991552.0,11.2,0.066337045,38.94,1028667.0,0.0,0.0,5707.0,4775917.0,0.0,0.0,6558.0,0.0,0.0,0.0,0.0
2023-03-28 18:27:13.741000+00:00,1503232.0,31899648.0,36155392.0,36155392.0,11.2,0.066337045,38.94,1030273.0,0.0,0.0,5715.0,4780434.0,0.0,0.0,6563.0,0.0,0.0,0.0,0.0
2023-03-28 18:27:19.060000+00:00,1503232.0,31899648.0,36155392.0,36433920.0,11.21,0.066337045,38.94,1031076.0,0.0,0.0,5719.0,4784951.0,0.0,0.0,6568.0,0.0,0.0,0.0,0.0
2023-03-28 18:27:23.668000+00:00,1519616.0,32231424.0,36515840.0,36515840.0,11.22,0.066337045,39.03,1031933.0,0.0,0.0,5724.0,4789542.0,0.0,0.0,6574.0,0.0,0.0,0.0,0.0
2023-03-28 18:27:29.450000+00:00,1519616.0,32231424.0,36515840.0,36515840.0,11.22,0.066337045,39.03,1031933.0,0.0,0.0,5724.0,4789542.0,0.0,0.0,6574.0,0.0,0.0,0.0,0.0
2023-03-28 18:27:33.993000+00:00,1519616.0,31612928.0,35807232.0,35807232.0,11.22,0.066337045,39.1,1033623.0,0.0,0.0,5734.0,4798660.0,0.0,0.0,6586.0,0.0,0.0,0.0,0.0
2023-03-28 18:27:39.247000+00:00,1519616.0,31612928.0,35807232.0,35807232.0,11.24,0.066337045,39.16,1034426.0,0.0,0.0,5738.0,4803177.0,0.0,0.0,6591.0,0.0,0.0,0.0,0.0
2023-03-28 18:27:44.370000+00:00,1519616.0,31854592.0,36032512.0,36032512.0,11.24,0.066337045,39.16,1035229.0,0.0,0.0,5742.0,4807694.0,0.0,0.0,6596.0,0.0,0.0,0.0,0.0
2023-03-28 18:27:49.328000+00:00,1519616.0,31854592.0,36638720.0,36638720.0,11.25,0.066337045,39.24,1036032.0,0.0,0.0,5746.0,4812211.0,0.0,0.0,6601.0,0.0,0.0,0.0,0.0
2023-03-28 18:27:53.913000+00:00,1519616.0,32100352.0,36327424.0,36327424.0,11.25,0.066337045,39.25,1036877.0,0.0,0.0,5751.0,4816728.0,0.0,0.0,6606.0,0.0,0.0,0.0,0.0
2023-03-28 18:27:59.342000+00:00,1519616.0,32100352.0,36327424.0,36327424.0,11.27,0.066337045,39.32,1036877.0,0.0,0.0,5751.0,4816728.0,0.0,0.0,6606.0,0.0,0.0,0.0,0.0
2023-03-28 18:28:04.380000+00:00,1519616.0,31576064.0,35835904.0,35835904.0,11.27,0.066337045,39.32,1038651.0,0.0,0.0,5763.0,4825762.0,0.0,0.0,6616.0,0.0,0.0,0.0,0.0
2023-03-28 18:28:09.111000+00:00,1519616.0,31576064.0,35835904.0,36126720.0,11.28,0.066337045,39.32,1039454.0,0.0,0.0,5767.0,4830279.0,0.0,0.0,6621.0,0.0,0.0,0.0,0.0
2023-03-28 18:28:14.487000+00:00,1519616.0,31690752.0,35905536.0,35905536.0,11.28,0.066337045,39.43,1040257.0,0.0,0.0,5771.0,4834796.0,0.0,0.0,6626.0,0.0,0.0,0.0,0.0
2023-03-28 18:28:18.769000+00:00,1519616.0,31690752.0,35966976.0,35966976.0,11.28,0.066337045,39.43,1041060.0,0.0,0.0,5775.0,4839313.0,0.0,0.0,6631.0,0.0,0.0,0.0,0.0
2023-03-28 18:28:24.907000+00:00,1536000.0,32018432.0,36311040.0,36311040.0,11.33,0.066337045,39.49,1041917.0,0.0,0.0,5780.0,4843904.0,0.0,0.0,6637.0,0.0,0.0,0.0,0.0
2023-03-28 18:28:29.263000+00:00,1536000.0,32120832.0,36311040.0,36311040.0,11.33,0.066337045,39.49,1042804.0,0.0,0.0,5786.0,4848505.0,0.0,0.0,6644.0,0.0,0.0,0.0,0.0
2023-03-28 18:28:33.579000+00:00,1536000.0,31453184.0,35794944.0,35794944.0,11.35,0.066337045,39.56,1043607.0,0.0,0.0,5790.0,4853022.0,0.0,0.0,6649.0,0.0,0.0,0.0,0.0
2023-03-28 18:28:38.741000+00:00,1536000.0,31453184.0,35770368.0,35770368.0,11.35,0.066337045,39.56,1044410.0,0.0,0.0,5794.0,4857539.0,0.0,0.0,6654.0,0.0,0.0,0.0,0.0
2023-03-28 18:28:44.016000+00:00,1536000.0,31694848.0,35893248.0,35893248.0,11.36,0.066337045,39.63,1045213.0,0.0,0.0,5798.0,4862056.0,0.0,0.0,6659.0,0.0,0.0,0.0,0.0
2023-03-28 18:28:48.707000+00:00,1536000.0,31694848.0,35893248.0,36089856.0,11.36,0.066337045,39.63,1046016.0,0.0,0.0,5802.0,4866573.0,0.0,0.0,6664.0,0.0,0.0,0.0,0.0
2023-03-28 18:28:54.106000+00:00,1536000.0,31936512.0,36147200.0,36147200.0,11.39,0.066337045,39.68,1046819.0,0.0,0.0,5806.0,4871090.0,0.0,0.0,6669.0,0.0,0.0,0.0,0.0
2023-03-28 18:28:59.454000+00:00,1536000.0,31936512.0,36147200.0,36147200.0,11.39,0.066337045,39.7,1046819.0,0.0,0.0,5806.0,4871090.0,0.0,0.0,6669.0,0.0,0.0,0.0,0.0
2023-03-28 18:29:04.186000+00:00,1536000.0,31358976.0,35602432.0,35602432.0,11.42,0.066337045,39.75,1048425.0,0.0,0.0,5814.0,4880124.0,0.0,0.0,6679.0,0.0,0.0,0.0,0.0
2023-03-28 18:29:09.419000+00:00,1536000.0,31358976.0,35602432.0,35602432.0,11.42,0.066337045,39.76,1048425.0,0.0,0.0,5819.0,4884641.0,0.0,0.0,6684.0,0.0,0.0,0.0,0.0
2023-03-28 18:29:13.503000+00:00,1536000.0,31600640.0,35889152.0,35889152.0,11.45,0.066337045,39.82,1050073.0,0.0,0.0,5823.0,4889158.0,0.0,0.0,6689.0,0.0,0.0,0.0,0.0
2023-03-28 18:29:19.593000+00:00,1536000.0,31600640.0,35872768.0,35872768.0,11.45,0.066337045,39.82,1050876.0,0.0,0.0,5827.0,4893675.0,0.0,0.0,6694.0,0.0,0.0,0.0,0.0
2023-03-28 18:29:24.711000+00:00,1548288.0,31932416.0,36421632.0,36421632.0,11.49,0.066337045,39.88,1051733.0,0.0,0.0,5832.0,4898266.0,0.0,0.0,6700.0,0.0,0.0,0.0,0.0
2023-03-28 18:29:29.091000+00:00,1548288.0,31932416.0,36421632.0,36421632.0,11.49,0.066337045,39.89,1051733.0,0.0,0.0,5832.0,4898266.0,0.0,0.0,6700.0,0.0,0.0,0.0,0.0
2023-03-28 18:29:34.848000+00:00,1548288.0,32174080.0,36368384.0,36368384.0,11.5,0.066337045,39.96,1053423.0,0.0,0.0,5842.0,4907384.0,0.0,0.0,6712.0,0.0,0.0,0.0,0.0
2023-03-28 18:29:39.845000+00:00,1548288.0,32174080.0,35643392.0,35643392.0,11.5,0.066337045,39.98,1054226.0,0.0,0.0,5846.0,4911901.0,0.0,0.0,6717.0,0.0,0.0,0.0,0.0
2023-03-28 18:29:44.899000+00:00,1548288.0,31596544.0,35897344.0,35897344.0,11.51,0.066337045,40.04,1055029.0,0.0,0.0,5850.0,4916418.0,0.0,0.0,6722.0,0.0,0.0,0.0,0.0
2023-03-28 18:29:49.474000+00:00,1548288.0,31698944.0,35913728.0,35913728.0,11.51,0.066337045,40.04,1055832.0,0.0,0.0,5854.0,4920935.0,0.0,0.0,6727.0,0.0,0.0,0.0,0.0
2023-03-28 18:29:53.755000+00:00,1548288.0,31838208.0,36040704.0,36040704.0,11.54,0.066337045,40.1,1056635.0,0.0,0.0,5858.0,4925452.0,0.0,0.0,6732.0,0.0,0.0,0.0,0.0
2023-03-28 18:29:59.097000+00:00,1548288.0,31838208.0,36040704.0,36040704.0,11.54,0.066337045,40.11,1056635.0,0.0,0.0,5858.0,4925452.0,0.0,0.0,6732.0,0.0,0.0,0.0,0.0
2023-03-28 18:30:03.782000+00:00,1548288.0,31838208.0,36302848.0,36302848.0,11.54,0.066337045,40.18,1058241.0,0.0,0.0,5866.0,4934486.0,0.0,0.0,6742.0,0.0,0.0,0.0,0.0
2023-03-28 18:30:09.687000+00:00,1548288.0,32182272.0,36368384.0,36368384.0,11.54,0.066337045,40.18,1059131.0,0.0,0.0,5871.0,4939003.0,0.0,0.0,6747.0,0.0,0.0,0.0,0.0
2023-03-28 18:30:14.102000+00:00,1548288.0,31498240.0,35782656.0,35782656.0,11.57,0.066337045,40.25,1059934.0,0.0,0.0,5875.0,4943520.0,0.0,0.0,6752.0,0.0,0.0,0.0,0.0
2023-03-28 18:30:18.671000+00:00,1548288.0,31596544.0,35807232.0,35807232.0,11.57,0.066337045,40.25,1060737.0,0.0,0.0,5879.0,4948037.0,0.0,0.0,6757.0,0.0,0.0,0.0,0.0
2023-03-28 18:30:23.283000+00:00,1564672.0,31784960.0,36200448.0,36200448.0,11.58,0.066337045,40.28,1061594.0,0.0,0.0,5884.0,4952628.0,0.0,0.0,6763.0,0.0,0.0,0.0,0.0
2023-03-28 18:30:28.307000+00:00,1564672.0,31928320.0,36200448.0,36200448.0,11.6,0.066337045,40.34,1061594.0,0.0,0.0,5884.0,4952628.0,0.0,0.0,6763.0,0.0,0.0,0.0,0.0
2023-03-28 18:30:34.508000+00:00,1564672.0,32071680.0,36433920.0,36433920.0,11.61,0.066337045,40.41,1063368.0,0.0,0.0,5896.0,4961746.0,0.0,0.0,6775.0,0.0,0.0,0.0,0.0
2023-03-28 18:30:39.086000+00:00,1564672.0,32071680.0,36384768.0,36384768.0,11.61,0.066337045,40.41,1064171.0,0.0,0.0,5900.0,4966263.0,0.0,0.0,6780.0,0.0,0.0,0.0,0.0
2023-03-28 18:30:43.963000+00:00,1564672.0,33607680.0,38313984.0,38313984.0,11.61,0.066337045,40.45,1064974.0,0.0,0.0,5904.0,4970780.0,0.0,0.0,6785.0,0.0,0.0,0.0,0.0
2023-03-28 18:30:48.489000+00:00,1564672.0,31518720.0,35725312.0,35725312.0,11.63,0.066337045,40.48,1065777.0,0.0,0.0,5908.0,4975297.0,0.0,0.0,6790.0,0.0,0.0,0.0,0.0
2023-03-28 18:30:54.560000+00:00,1564672.0,31657984.0,36065280.0,36065280.0,11.64,0.066337045,40.54,1066580.0,0.0,0.0,5912.0,4979814.0,0.0,0.0,6795.0,0.0,0.0,0.0,0.0
2023-03-28 18:30:59.221000+00:00,1564672.0,31657984.0,36065280.0,36065280.0,11.64,0.066337045,40.55,1066580.0,0.0,0.0,5912.0,4979814.0,0.0,0.0,6795.0,0.0,0.0,0.0,0.0
2023-03-28 18:31:04.053000+00:00,1564672.0,31858688.0,36036608.0,36036608.0,11.65,0.066337045,40.55,1068186.0,0.0,0.0,5920.0,4988848.0,0.0,0.0,6805.0,0.0,0.0,0.0,0.0
2023-03-28 18:31:08.847000+00:00,1564672.0,31858688.0,36245504.0,36245504.0,11.65,0.066337045,40.63,1068989.0,0.0,0.0,5924.0,4993365.0,0.0,0.0,6810.0,0.0,0.0,0.0,0.0
2023-03-28 18:31:14.333000+00:00,1564672.0,32100352.0,36261888.0,36261888.0,11.65,0.066337045,40.64,1069792.0,0.0,0.0,5928.0,4997882.0,0.0,0.0,6815.0,0.0,0.0,0.0,0.0
2023-03-28 18:31:19.481000+00:00,1564672.0,31469568.0,35672064.0,35672064.0,11.65,0.066337045,40.64,1070595.0,0.0,0.0,5932.0,5002399.0,0.0,0.0,6820.0,0.0,0.0,0.0,0.0
2023-03-28 18:31:23.949000+00:00,1581056.0,31653888.0,35835904.0,35835904.0,11.66,0.066337045,40.73,1071452.0,0.0,0.0,5937.0,5006990.0,0.0,0.0,6826.0,0.0,0.0,0.0,0.0
2023-03-28 18:31:28.748000+00:00,1581056.0,31793152.0,36016128.0,36016128.0,11.68,0.066337045,40.73,1072339.0,0.0,0.0,5943.0,5011591.0,0.0,0.0,6833.0,0.0,0.0,0.0,0.0
2023-03-28 18:31:33.976000+00:00,1581056.0,31895552.0,36073472.0,36073472.0,11.69,0.066337045,40.8,1073142.0,0.0,0.0,5947.0,5016108.0,0.0,0.0,6838.0,0.0,0.0,0.0,0.0
2023-03-28 18:31:39.757000+00:00,1581056.0,31895552.0,36253696.0,36253696.0,11.71,0.066337045,40.86,1073945.0,0.0,0.0,5951.0,5020625.0,0.0,0.0,6843.0,0.0,0.0,0.0,0.0
2023-03-28 18:31:44.432000+00:00,1581056.0,32137216.0,36319232.0,36319232.0,11.71,0.066337045,40.86,1074748.0,0.0,0.0,5955.0,5025142.0,0.0,0.0,6848.0,0.0,0.0,0.0,0.0
2023-03-28 18:31:48.716000+00:00,1581056.0,32137216.0,35999744.0,35999744.0,11.72,0.066337045,40.94,1075551.0,0.0,0.0,5959.0,5029659.0,0.0,0.0,6853.0,0.0,0.0,0.0,0.0
2023-03-28 18:31:53.244000+00:00,1581056.0,31567872.0,35782656.0,35782656.0,11.72,0.066337045,40.94,1076354.0,0.0,0.0,5963.0,5034176.0,0.0,0.0,6858.0,0.0,0.0,0.0,0.0
2023-03-28 18:31:59.459000+00:00,1581056.0,31567872.0,35782656.0,35782656.0,11.75,0.066337045,41.01,1076354.0,0.0,0.0,5963.0,5034176.0,0.0,0.0,6858.0,0.0,0.0,0.0,0.0
2023-03-28 18:32:04.075000+00:00,1581056.0,31813632.0,36126720.0,36126720.0,11.75,0.066337045,41.02,1077960.0,0.0,0.0,5971.0,5043210.0,0.0,0.0,6868.0,0.0,0.0,0.0,0.0
2023-03-28 18:32:09.161000+00:00,1581056.0,31956992.0,36466688.0,36466688.0,11.78,0.066337045,41.02,1078763.0,0.0,0.0,5975.0,5047727.0,0.0,0.0,6873.0,0.0,0.0,0.0,0.0
2023-03-28 18:32:13.455000+00:00,1581056.0,32051200.0,36405248.0,36405248.0,11.78,0.066337045,41.09,1079566.0,0.0,0.0,5979.0,5052244.0,0.0,0.0,6878.0,0.0,0.0,0.0,0.0
2023-03-28 18:32:19.654000+00:00,1581056.0,32051200.0,36405248.0,36405248.0,11.8,0.066337045,41.09,1079566.0,0.0,0.0,5983.0,5056761.0,0.0,0.0,6883.0,0.0,0.0,0.0,0.0
2023-03-28 18:32:23.919000+00:00,1597440.0,31551488.0,35721216.0,35721216.0,11.82,0.066337045,41.16,1081226.0,0.0,0.0,5988.0,5061352.0,0.0,0.0,6889.0,0.0,0.0,0.0,0.0
2023-03-28 18:32:29.787000+00:00,1597440.0,31694848.0,35721216.0,35721216.0,11.84,0.066337045,41.22,1081226.0,0.0,0.0,5988.0,5061352.0,0.0,0.0,6889.0,0.0,0.0,0.0,0.0
2023-03-28 18:32:33.539000+00:00,1597440.0,31793152.0,36003840.0,36003840.0,11.85,0.066337045,41.22,1082916.0,0.0,0.0,5998.0,5070470.0,0.0,0.0,6901.0,0.0,0.0,0.0,0.0
2023-03-28 18:32:39.105000+00:00,1597440.0,31936512.0,36401152.0,36401152.0,11.86,0.066337045,41.29,1083719.0,0.0,0.0,6002.0,5074987.0,0.0,0.0,6906.0,0.0,0.0,0.0,0.0
2023-03-28 18:32:44.594000+00:00,1597440.0,32034816.0,36216832.0,36216832.0,11.86,0.066337045,41.29,1084522.0,0.0,0.0,6006.0,5079504.0,0.0,0.0,6911.0,0.0,0.0,0.0,0.0
2023-03-28 18:32:49.275000+00:00,1597440.0,31367168.0,35893248.0,35893248.0,11.88,0.066337045,41.29,1085325.0,0.0,0.0,6010.0,5084021.0,0.0,0.0,6916.0,0.0,0.0,0.0,0.0
2023-03-28 18:32:53.342000+00:00,1597440.0,31469568.0,35676160.0,35676160.0,11.88,0.066337045,41.36,1086128.0,0.0,0.0,6014.0,5088538.0,0.0,0.0,6921.0,0.0,0.0,0.0,0.0
2023-03-28 18:32:59.868000+00:00,1597440.0,31469568.0,35676160.0,35676160.0,11.9,0.066337045,41.36,1086128.0,0.0,0.0,6014.0,5088538.0,0.0,0.0,6921.0,0.0,0.0,0.0,0.0
2023-03-28 18:33:03.879000+00:00,1597440.0,31711232.0,35901440.0,35901440.0,11.91,0.066337045,41.41,1087734.0,0.0,0.0,6022.0,5097572.0,0.0,0.0,6931.0,0.0,0.0,0.0,0.0
2023-03-28 18:33:09.740000+00:00,1597440.0,31850496.0,36216832.0,36216832.0,11.93,0.066337045,41.47,1088537.0,0.0,0.0,6026.0,5102089.0,0.0,0.0,6936.0,0.0,0.0,0.0,0.0
2023-03-28 18:33:14.732000+00:00,1597440.0,31952896.0,36143104.0,36143104.0,11.93,0.066337045,41.48,1089340.0,0.0,0.0,6030.0,5106606.0,0.0,0.0,6941.0,0.0,0.0,0.0,0.0
2023-03-28 18:33:19.908000+00:00,1597440.0,32092160.0,36376576.0,36376576.0,11.94,0.066337045,41.55,1090185.0,0.0,0.0,6035.0,5111123.0,0.0,0.0,6946.0,0.0,0.0,0.0,0.0
2023-03-28 18:33:24.848000+00:00,1609728.0,31453184.0,35762176.0,35762176.0,11.95,0.066337045,41.56,1091042.0,0.0,0.0,6040.0,5115714.0,0.0,0.0,6952.0,0.0,0.0,0.0,0.0
2023-03-28 18:33:28.293000+00:00,1609728.0,31551488.0,35762176.0,35762176.0,11.95,0.066337045,41.57,1091042.0,0.0,0.0,6040.0,5115714.0,0.0,0.0,6952.0,0.0,0.0,0.0,0.0
2023-03-28 18:33:33.305000+00:00,1609728.0,31694848.0,35864576.0,35864576.0,11.97,0.066337045,41.63,1092732.0,0.0,0.0,6050.0,5124832.0,0.0,0.0,6964.0,0.0,0.0,0.0,0.0
2023-03-28 18:33:38.583000+00:00,1609728.0,31793152.0,35962880.0,35962880.0,11.97,0.066337045,41.64,1093535.0,0.0,0.0,6054.0,5129349.0,0.0,0.0,6969.0,0.0,0.0,0.0,0.0
2023-03-28 18:33:44.587000+00:00,1609728.0,31936512.0,36114432.0,36114432.0,11.99,0.066337045,41.7,1094422.0,0.0,0.0,6060.0,5133866.0,0.0,0.0,6974.0,0.0,0.0,0.0,0.0
2023-03-28 18:33:48.843000+00:00,1609728.0,31936512.0,36212736.0,36212736.0,11.99,0.066337045,41.71,1095225.0,0.0,0.0,6064.0,5138383.0,0.0,0.0,6979.0,0.0,0.0,0.0,0.0
2023-03-28 18:33:53.862000+00:00,1609728.0,31936512.0,36356096.0,36356096.0,12.01,0.066337045,41.77,1096028.0,0.0,0.0,6068.0,5142900.0,0.0,0.0,6984.0,0.0,0.0,0.0,0.0
2023-03-28 18:33:58.980000+00:00,1609728.0,31936512.0,36356096.0,36356096.0,12.01,0.066337045,41.77,1096028.0,0.0,0.0,6068.0,5142900.0,0.0,0.0,6984.0,0.0,0.0,0.0,0.0
2023-03-28 18:34:03.755000+00:00,1609728.0,31596544.0,35770368.0,35770368.0,12.04,0.066337045,41.83,1097634.0,0.0,0.0,6076.0,5151934.0,0.0,0.0,6994.0,0.0,0.0,0.0,0.0
2023-03-28 18:34:08.762000+00:00,1609728.0,31596544.0,35770368.0,35872768.0,12.04,0.066337045,41.84,1098437.0,0.0,0.0,6080.0,5156451.0,0.0,0.0,6999.0,0.0,0.0,0.0,0.0
2023-03-28 18:34:13.828000+00:00,1609728.0,31838208.0,36012032.0,36012032.0,12.05,0.066337045,41.91,1099240.0,0.0,0.0,6084.0,5160968.0,0.0,0.0,7004.0,0.0,0.0,0.0,0.0
2023-03-28 18:34:18.697000+00:00,1609728.0,31940608.0,36114432.0,36114432.0,12.05,0.066337045,41.91,1100043.0,0.0,0.0,6088.0,5165485.0,0.0,0.0,7009.0,0.0,0.0,0.0,0.0
2023-03-28 18:34:23.745000+00:00,1626112.0,32169984.0,36634624.0,36634624.0,12.08,0.066337045,41.98,1100900.0,0.0,0.0,6093.0,5170076.0,0.0,0.0,7015.0,0.0,0.0,0.0,0.0
2023-03-28 18:34:29.458000+00:00,1626112.0,32169984.0,36634624.0,36634624.0,12.08,0.066337045,41.99,1100900.0,0.0,0.0,6093.0,5170076.0,0.0,0.0,7015.0,0.0,0.0,0.0,0.0
2023-03-28 18:34:34.184000+00:00,1626112.0,31518720.0,35713024.0,35713024.0,12.1,0.066337045,42.05,1102590.0,0.0,0.0,6103.0,5179194.0,0.0,0.0,7027.0,0.0,0.0,0.0,0.0
2023-03-28 18:34:39.219000+00:00,1626112.0,31518720.0,35794944.0,35794944.0,12.1,0.066337045,42.05,1103393.0,0.0,0.0,6107.0,5183711.0,0.0,0.0,7032.0,0.0,0.0,0.0,0.0
2023-03-28 18:34:44.149000+00:00,1626112.0,31760384.0,35950592.0,35950592.0,12.12,0.066337045,42.12,1104196.0,0.0,0.0,6111.0,5188228.0,0.0,0.0,7037.0,0.0,0.0,0.0,0.0
2023-03-28 18:34:49.605000+00:00,1626112.0,31760384.0,36253696.0,36253696.0,12.12,0.066337045,42.16,1104999.0,0.0,0.0,6115.0,5192745.0,0.0,0.0,7042.0,0.0,0.0,0.0,0.0
2023-03-28 18:34:53.871000+00:00,1626112.0,32174080.0,36487168.0,36487168.0,12.14,0.066337045,42.22,1105802.0,0.0,0.0,6119.0,5197262.0,0.0,0.0,7047.0,0.0,0.0,0.0,0.0
2023-03-28 18:34:58.724000+00:00,1626112.0,32272384.0,36470784.0,36470784.0,12.14,0.066337045,42.23,1105802.0,0.0,0.0,6119.0,5197262.0,0.0,0.0,7047.0,0.0,0.0,0.0,0.0
2023-03-28 18:35:03.076000+00:00,1626112.0,31641600.0,35876864.0,35876864.0,12.17,0.066337045,42.28,1107450.0,0.0,0.0,6128.0,5206296.0,0.0,0.0,7057.0,0.0,0.0,0.0,0.0
2023-03-28 18:35:08.787000+00:00,1626112.0,31641600.0,35917824.0,35917824.0,12.17,0.066337045,42.29,1108253.0,0.0,0.0,6132.0,5210813.0,0.0,0.0,7062.0,0.0,0.0,0.0,0.0
2023-03-28 18:35:14.772000+00:00,1626112.0,31821824.0,36102144.0,36102144.0,12.2,0.066337045,42.35,1109056.0,0.0,0.0,6136.0,5215330.0,0.0,0.0,7067.0,0.0,0.0,0.0,0.0
2023-03-28 18:35:19.628000+00:00,1626112.0,31821824.0,36093952.0,36093952.0,12.2,0.066337045,42.35,1109859.0,0.0,0.0,6140.0,5219847.0,0.0,0.0,7072.0,0.0,0.0,0.0,0.0
2023-03-28 18:35:24.034000+00:00,1642496.0,32145408.0,36483072.0,36483072.0,12.25,0.066337045,42.4,1110716.0,0.0,0.0,6145.0,5224438.0,0.0,0.0,7078.0,0.0,0.0,0.0,0.0
2023-03-28 18:35:28.532000+00:00,1642496.0,32247808.0,36466688.0,36483072.0,12.25,0.066337045,42.4,1110716.0,0.0,0.0,6145.0,5224438.0,0.0,0.0,7078.0,0.0,0.0,0.0,0.0
2023-03-28 18:35:34.915000+00:00,1642496.0,31571968.0,35852288.0,35852288.0,12.28,0.066337045,42.46,1112406.0,0.0,0.0,6155.0,5233556.0,0.0,0.0,7090.0,0.0,0.0,0.0,0.0
2023-03-28 18:35:38.108000+00:00,1642496.0,31571968.0,35852288.0,35885056.0,12.28,0.066337045,42.47,1113209.0,0.0,0.0,6159.0,5238073.0,0.0,0.0,7095.0,0.0,0.0,0.0,0.0
2023-03-28 18:35:43.873000+00:00,1642496.0,31920128.0,36306944.0,36306944.0,12.31,0.066337045,42.54,1114012.0,0.0,0.0,6163.0,5242590.0,0.0,0.0,7100.0,0.0,0.0,0.0,0.0
2023-03-28 18:35:49.079000+00:00,1642496.0,32018432.0,36200448.0,36200448.0,12.31,0.066337045,42.54,1114815.0,0.0,0.0,6167.0,5247107.0,0.0,0.0,7105.0,0.0,0.0,0.0,0.0
2023-03-28 18:35:54.597000+00:00,1642496.0,32161792.0,36544512.0,36544512.0,12.32,0.066337045,42.61,1115618.0,0.0,0.0,6171.0,5251624.0,0.0,0.0,7110.0,0.0,0.0,0.0,0.0
2023-03-28 18:35:59.013000+00:00,1642496.0,32161792.0,36544512.0,36544512.0,12.32,0.066337045,42.61,1115618.0,0.0,0.0,6171.0,5251624.0,0.0,0.0,7110.0,0.0,0.0,0.0,0.0
2023-03-28 18:36:04.197000+00:00,1642496.0,31592448.0,36106240.0,36106240.0,12.34,0.066337045,42.67,1117331.0,0.0,0.0,6180.0,5260658.0,0.0,0.0,7120.0,0.0,0.0,0.0,0.0
2023-03-28 18:36:09.298000+00:00,1642496.0,31690752.0,35872768.0,35872768.0,12.34,0.066337045,42.68,1118134.0,0.0,0.0,6184.0,5265175.0,0.0,0.0,7125.0,0.0,0.0,0.0,0.0
2023-03-28 18:36:14.730000+00:00,1642496.0,31830016.0,36225024.0,36225024.0,12.36,0.066337045,42.73,1118937.0,0.0,0.0,6188.0,5269692.0,0.0,0.0,7130.0,0.0,0.0,0.0,0.0
2023-03-28 18:36:19.753000+00:00,1642496.0,31830016.0,36143104.0,36143104.0,12.37,0.066337045,42.73,1119740.0,0.0,0.0,6192.0,5274209.0,0.0,0.0,7135.0,0.0,0.0,0.0,0.0
2023-03-28 18:36:23.311000+00:00,1654784.0,32116736.0,36315136.0,36315136.0,12.39,0.066337045,42.74,1120597.0,0.0,0.0,6197.0,5278800.0,0.0,0.0,7141.0,0.0,0.0,0.0,0.0
2023-03-28 18:36:29.035000+00:00,1654784.0,32260096.0,36478976.0,36315136.0,12.4,0.066337045,42.8,1120597.0,0.0,0.0,6197.0,5278800.0,0.0,0.0,7141.0,0.0,0.0,0.0,0.0
2023-03-28 18:36:33.715000+00:00,1654784.0,32358400.0,36524032.0,36524032.0,12.4,0.066337045,42.81,1122287.0,0.0,0.0,6207.0,5287918.0,0.0,0.0,7153.0,0.0,0.0,0.0,0.0
2023-03-28 18:36:39.556000+00:00,1654784.0,32358400.0,35913728.0,35913728.0,12.42,0.066337045,42.88,1123090.0,0.0,0.0,6211.0,5292435.0,0.0,0.0,7158.0,0.0,0.0,0.0,0.0
2023-03-28 18:36:44.603000+00:00,1654784.0,31817728.0,36200448.0,36200448.0,12.44,0.066337045,42.93,1123893.0,0.0,0.0,6215.0,5296952.0,0.0,0.0,7163.0,0.0,0.0,0.0,0.0
2023-03-28 18:36:48.710000+00:00,1654784.0,31817728.0,36126720.0,36126720.0,12.44,0.066337045,42.93,1124696.0,0.0,0.0,6219.0,5301469.0,0.0,0.0,7168.0,0.0,0.0,0.0,0.0
2023-03-28 18:36:53.229000+00:00,1654784.0,32018432.0,36229120.0,36229120.0,12.44,0.066337045,42.94,1125499.0,0.0,0.0,6223.0,5305986.0,0.0,0.0,7173.0,0.0,0.0,0.0,0.0
2023-03-28 18:36:58.897000+00:00,1654784.0,32018432.0,36229120.0,36229120.0,12.47,0.066337045,43.01,1125499.0,0.0,0.0,6223.0,5305986.0,0.0,0.0,7173.0,0.0,0.0,0.0,0.0
2023-03-28 18:37:04.606000+00:00,1654784.0,32260096.0,36438016.0,36438016.0,12.47,0.066337045,43.02,1127105.0,0.0,0.0,6231.0,5315020.0,0.0,0.0,7183.0,0.0,0.0,0.0,0.0
2023-03-28 18:37:09.587000+00:00,1654784.0,32260096.0,36438016.0,36438016.0,12.48,0.066337045,43.08,1127105.0,0.0,0.0,6231.0,5315020.0,0.0,0.0,7188.0,0.0,0.0,0.0,0.0
2023-03-28 18:37:13.805000+00:00,1654784.0,31670272.0,35840000.0,35840000.0,12.48,0.066337045,43.09,1128753.0,0.0,0.0,6240.0,5324054.0,0.0,0.0,7193.0,0.0,0.0,0.0,0.0
2023-03-28 18:37:19.284000+00:00,1654784.0,31670272.0,35840000.0,36032512.0,12.51,0.066337045,43.14,1129556.0,0.0,0.0,6244.0,5328571.0,0.0,0.0,7198.0,0.0,0.0,0.0,0.0
2023-03-28 18:37:23.824000+00:00,1671168.0,31997952.0,36626432.0,36626432.0,12.52,0.066337045,43.16,1130413.0,0.0,0.0,6249.0,5333162.0,0.0,0.0,7204.0,0.0,0.0,0.0,0.0
2023-03-28 18:37:29.429000+00:00,1671168.0,31997952.0,36626432.0,36626432.0,12.55,0.066337045,43.22,1130413.0,0.0,0.0,6249.0,5333162.0,0.0,0.0,7204.0,0.0,0.0,0.0,0.0
2023-03-28 18:37:33.547000+00:00,1671168.0,32243712.0,36446208.0,36446208.0,12.56,0.066337045,43.22,1132103.0,0.0,0.0,6259.0,5342280.0,0.0,0.0,7216.0,0.0,0.0,0.0,0.0
2023-03-28 18:37:39.515000+00:00,1671168.0,32382976.0,36691968.0,36691968.0,12.57,0.066337045,43.28,1132906.0,0.0,0.0,6263.0,5346797.0,0.0,0.0,7221.0,0.0,0.0,0.0,0.0
2023-03-28 18:37:43.892000+00:00,1671168.0,31596544.0,35770368.0,35770368.0,12.57,0.066337045,43.29,1133709.0,0.0,0.0,6267.0,5351314.0,0.0,0.0,7226.0,0.0,0.0,0.0,0.0
2023-03-28 18:37:49.570000+00:00,1671168.0,31739904.0,36036608.0,36036608.0,12.59,0.066337045,43.29,1134512.0,0.0,0.0,6271.0,5355831.0,0.0,0.0,7231.0,0.0,0.0,0.0,0.0
2023-03-28 18:37:54.611000+00:00,1671168.0,31838208.0,36024320.0,36024320.0,12.59,0.066337045,43.36,1135315.0,0.0,0.0,6275.0,5360348.0,0.0,0.0,7236.0,0.0,0.0,0.0,0.0
2023-03-28 18:37:59.904000+00:00,1671168.0,31838208.0,36024320.0,36024320.0,12.59,0.066337045,43.36,1135315.0,0.0,0.0,6275.0,5360348.0,0.0,0.0,7236.0,0.0,0.0,0.0,0.0
2023-03-28 18:38:03.804000+00:00,1671168.0,32079872.0,36257792.0,36257792.0,12.6,0.066337045,43.44,1136921.0,0.0,0.0,6283.0,5369382.0,0.0,0.0,7246.0,0.0,0.0,0.0,0.0
2023-03-28 18:38:09.274000+00:00,1671168.0,32223232.0,36454400.0,36454400.0,12.62,0.066337045,43.44,1137724.0,0.0,0.0,6287.0,5373899.0,0.0,0.0,7251.0,0.0,0.0,0.0,0.0
2023-03-28 18:38:14.442000+00:00,1671168.0,32321536.0,36507648.0,36507648.0,12.62,0.066337045,43.52,1138527.0,0.0,0.0,6291.0,5378416.0,0.0,0.0,7256.0,0.0,0.0,0.0,0.0
2023-03-28 18:38:18.902000+00:00,1671168.0,31686656.0,35880960.0,35880960.0,12.64,0.066337045,43.58,1139330.0,0.0,0.0,6295.0,5382933.0,0.0,0.0,7261.0,0.0,0.0,0.0,0.0
2023-03-28 18:38:23.634000+00:00,1687552.0,31875072.0,36188160.0,36188160.0,12.65,0.066337045,43.6,1140187.0,0.0,0.0,6300.0,5387524.0,0.0,0.0,7267.0,0.0,0.0,0.0,0.0
2023-03-28 18:38:28.937000+00:00,1687552.0,32014336.0,36339712.0,36339712.0,12.66,0.066337045,43.68,1141074.0,0.0,0.0,6306.0,5392125.0,0.0,0.0,7274.0,0.0,0.0,0.0,0.0
2023-03-28 18:38:33.681000+00:00,1687552.0,32116736.0,36311040.0,36311040.0,12.66,0.066337045,43.68,1141877.0,0.0,0.0,6310.0,5396642.0,0.0,0.0,7279.0,0.0,0.0,0.0,0.0
2023-03-28 18:38:39.764000+00:00,1687552.0,32116736.0,36483072.0,36483072.0,12.68,0.066337045,43.75,1142680.0,0.0,0.0,6314.0,5401159.0,0.0,0.0,7284.0,0.0,0.0,0.0,0.0
2023-03-28 18:38:44.599000+00:00,1687552.0,32358400.0,36569088.0,36569088.0,12.68,0.066337045,43.76,1143483.0,0.0,0.0,6318.0,5405676.0,0.0,0.0,7289.0,0.0,0.0,0.0,0.0
2023-03-28 18:38:49.335000+00:00,1687552.0,32358400.0,36134912.0,36134912.0,12.71,0.066337045,43.76,1144286.0,0.0,0.0,6322.0,5410193.0,0.0,0.0,7294.0,0.0,0.0,0.0,0.0
2023-03-28 18:38:54.304000+00:00,1687552.0,31735808.0,35917824.0,35917824.0,12.71,0.066337045,43.82,1145089.0,0.0,0.0,6326.0,5414710.0,0.0,0.0,7299.0,0.0,0.0,0.0,0.0
2023-03-28 18:38:59.183000+00:00,1687552.0,31875072.0,36192256.0,35917824.0,12.74,0.066337045,43.88,1145089.0,0.0,0.0,6326.0,5414710.0,0.0,0.0,7299.0,0.0,0.0,0.0,0.0
2023-03-28 18:39:04.578000+00:00,1687552.0,31977472.0,36159488.0,36159488.0,12.74,0.066337045,43.88,1146695.0,0.0,0.0,6334.0,5423744.0,0.0,0.0,7309.0,0.0,0.0,0.0,0.0
2023-03-28 18:39:08.441000+00:00,1687552.0,31977472.0,36257792.0,36257792.0,12.74,0.066337045,43.89,1147498.0,0.0,0.0,6338.0,5428261.0,0.0,0.0,7314.0,0.0,0.0,0.0,0.0
2023-03-28 18:39:13.208000+00:00,1687552.0,32219136.0,36429824.0,36429824.0,12.76,0.066337045,43.96,1148301.0,0.0,0.0,6342.0,5432778.0,0.0,0.0,7319.0,0.0,0.0,0.0,0.0
2023-03-28 18:39:19.628000+00:00,1687552.0,32219136.0,35991552.0,35991552.0,12.78,0.066337045,43.96,1149104.0,0.0,0.0,6346.0,5437295.0,0.0,0.0,7324.0,0.0,0.0,0.0,0.0
2023-03-28 18:39:24.547000+00:00,1699840.0,31776768.0,36249600.0,36249600.0,12.79,0.066337045,44.04,1149961.0,0.0,0.0,6351.0,5441886.0,0.0,0.0,7330.0,0.0,0.0,0.0,0.0
2023-03-28 18:39:29.478000+00:00,1699840.0,31776768.0,36249600.0,36249600.0,12.79,0.066337045,44.04,1149961.0,0.0,0.0,6351.0,5441886.0,0.0,0.0,7330.0,0.0,0.0,0.0,0.0
2023-03-28 18:39:33.962000+00:00,1699840.0,32018432.0,36241408.0,36241408.0,12.82,0.066394633,44.1,1151651.0,0.0,0.0,6361.0,5451004.0,0.0,0.0,7342.0,0.0,0.0,0.0,0.0
2023-03-28 18:39:38.860000+00:00,1699840.0,32018432.0,36241408.0,36241408.0,12.82,0.066394633,44.1,1151651.0,0.0,0.0,6365.0,5455521.0,0.0,0.0,7347.0,0.0,0.0,0.0,0.0
2023-03-28 18:39:44.631000+00:00,1699840.0,32260096.0,36438016.0,36438016.0,12.84,0.066394633,44.17,1153257.0,0.0,0.0,6369.0,5460038.0,0.0,0.0,7352.0,0.0,0.0,0.0,0.0
2023-03-28 18:39:49.054000+00:00,1699840.0,32260096.0,36564992.0,36564992.0,12.84,0.066394633,44.17,1154060.0,0.0,0.0,6373.0,5464555.0,0.0,0.0,7357.0,0.0,0.0,0.0,0.0
2023-03-28 18:39:53.689000+00:00,1699840.0,31682560.0,36175872.0,36175872.0,12.84,0.066394633,44.25,1154863.0,0.0,0.0,6377.0,5469072.0,0.0,0.0,7362.0,0.0,0.0,0.0,0.0
2023-03-28 18:39:59.240000+00:00,1699840.0,31682560.0,36175872.0,36175872.0,12.84,0.066394633,44.25,1154863.0,0.0,0.0,6377.0,5469072.0,0.0,0.0,7362.0,0.0,0.0,0.0,0.0
