timestamp,container_fs_usage_bytes,container_memory_rss,container_memory_usage_bytes,container_memory_working_set_bytes,container_cpu_system_seconds_total,container_cpu_usage_seconds_total,container_cpu_user_seconds_total,container_network_receive_bytes_total,container_network_receive_errors_total,container_network_receive_packets_dropped_total,container_network_receive_packets_total,container_network_transmit_bytes_total,container_network_transmit_errors_total,container_network_transmit_packets_dropped_total,container_network_transmit_packets_total,container_fs_io_time_seconds_total,container_memory_failures_total,container_memory_failcnt,container_fs_write_seconds_total
2023-03-19 17:15:04.831000+00:00,,30240768.0,35041280.0,35041280.0,0.98,0.031126715,,392967.0,0.0,0.0,3056.0,670366.0,0.0,0.0,3203.0,,,,
2023-03-19 17:15:08.491000+00:00,487424.0,30265344.0,35160064.0,35160064.0,1.02,0.031126715,5.34,404238.0,0.0,0.0,3131.0,686460.0,0.0,0.0,3284.0,0.0,0.0,0.0,0.0
2023-03-19 17:15:13.583000+00:00,487424.0,30265344.0,35160064.0,35160064.0,1.02,0.031126715,5.34,404238.0,0.0,0.0,3131.0,686460.0,0.0,0.0,3284.0,0.0,0.0,0.0,0.0
2023-03-19 17:15:19.207000+00:00,696320.0,30789632.0,35618816.0,35618816.0,1.04,0.031126715,5.49,431772.0,0.0,0.0,3315.0,724719.0,0.0,0.0,3485.0,0.0,0.0,0.0,0.0
2023-03-19 17:15:23.930000+00:00,696320.0,30785536.0,35598336.0,35598336.0,1.04,0.031126715,5.56,444360.0,0.0,0.0,3396.0,742430.0,0.0,0.0,3572.0,0.0,0.0,0.0,0.0
2023-03-19 17:15:28.775000+00:00,696320.0,31277056.0,36098048.0,35598336.0,1.06,0.03236978,5.68,444360.0,0.0,0.0,3396.0,742430.0,0.0,0.0,3572.0,0.0,0.0,0.0,0.0
2023-03-19 17:15:34.949000+00:00,696320.0,31707136.0,36548608.0,36548608.0,1.06,0.03236978,5.68,481936.0,0.0,0.0,3623.0,790406.0,0.0,0.0,3817.0,0.0,0.0,0.0,0.0
2023-03-19 17:15:39.099000+00:00,696320.0,31608832.0,36450304.0,36450304.0,1.08,0.03236978,5.85,490491.0,0.0,0.0,3682.0,804100.0,0.0,0.0,3886.0,0.0,0.0,0.0,0.0
2023-03-19 17:15:44.368000+00:00,696320.0,31608832.0,36450304.0,36450304.0,1.09,0.03236978,5.85,490491.0,0.0,0.0,3682.0,804100.0,0.0,0.0,3886.0,0.0,0.0,0.0,0.0
2023-03-19 17:15:49.668000+00:00,696320.0,31539200.0,36392960.0,36392960.0,1.12,0.03236978,5.96,509789.0,0.0,0.0,3816.0,833456.0,0.0,0.0,4027.0,0.0,0.0,0.0,0.0
2023-03-19 17:15:54.293000+00:00,696320.0,31539200.0,36876288.0,36876288.0,1.13,0.03236978,5.96,521105.0,0.0,0.0,3899.0,850099.0,0.0,0.0,4117.0,0.0,0.0,0.0,0.0
2023-03-19 17:15:59.069000+00:00,696320.0,32423936.0,37335040.0,37335040.0,1.16,0.03236978,6.15,540143.0,0.0,0.0,4016.0,875025.0,0.0,0.0,4243.0,0.0,0.0,0.0,0.0
2023-03-19 17:16:03.628000+00:00,696320.0,32423936.0,37335040.0,37195776.0,1.16,0.03236978,6.15,548941.0,0.0,0.0,4078.0,888798.0,0.0,0.0,4310.0,0.0,0.0,0.0,0.0
2023-03-19 17:16:09.365000+00:00,696320.0,32423936.0,37232640.0,37232640.0,1.18,0.03236978,6.15,559660.0,0.0,0.0,4157.0,905035.0,0.0,0.0,4393.0,0.0,0.0,0.0,0.0
2023-03-19 17:16:13.627000+00:00,696320.0,32423936.0,37232640.0,37232640.0,1.19,0.03236978,6.15,559660.0,0.0,0.0,4157.0,905035.0,0.0,0.0,4393.0,0.0,0.0,0.0,0.0
2023-03-19 17:16:19.592000+00:00,892928.0,32858112.0,37863424.0,37863424.0,1.22,5.7847e-05,6.45,584490.0,0.0,0.0,4339.0,941201.0,0.0,0.0,4595.0,0.0,0.0,0.0,0.0
2023-03-19 17:16:24.324000+00:00,892928.0,32858112.0,37560320.0,37560320.0,1.22,5.7847e-05,6.45,593091.0,0.0,0.0,4393.0,954661.0,0.0,0.0,4650.0,0.0,0.0,0.0,0.0
2023-03-19 17:16:29.766000+00:00,892928.0,33206272.0,38084608.0,38084608.0,1.26,5.7847e-05,6.56,610031.0,0.0,0.0,4525.0,977179.0,0.0,0.0,4789.0,0.0,0.0,0.0,0.0
2023-03-19 17:16:34.933000+00:00,892928.0,33206272.0,38084608.0,37732352.0,1.27,5.7847e-05,6.56,629606.0,0.0,0.0,4645.0,1002230.0,0.0,0.0,4927.0,0.0,0.0,0.0,0.0
2023-03-19 17:16:38.554000+00:00,892928.0,32960512.0,37859328.0,37859328.0,1.27,5.7847e-05,6.71,641909.0,0.0,0.0,4733.0,1019538.0,0.0,0.0,5019.0,0.0,0.0,0.0,0.0
2023-03-19 17:16:43.807000+00:00,892928.0,32960512.0,37859328.0,37859328.0,1.29,5.7847e-05,6.78,641909.0,0.0,0.0,4733.0,1019538.0,0.0,0.0,5019.0,0.0,0.0,0.0,0.0
2023-03-19 17:16:49.899000+00:00,892928.0,32960512.0,38744064.0,38744064.0,1.3,5.7847e-05,6.8,664698.0,0.0,0.0,4894.0,1053203.0,0.0,0.0,5197.0,0.0,0.0,0.0,0.0
2023-03-19 17:16:54.407000+00:00,892928.0,32960512.0,38694912.0,38694912.0,1.33,5.7847e-05,6.8,672179.0,0.0,0.0,4954.0,1066142.0,0.0,0.0,5264.0,0.0,0.0,0.0,0.0
2023-03-19 17:16:59.127000+00:00,892928.0,33288192.0,38199296.0,38199296.0,1.34,5.7847e-05,6.97,687771.0,0.0,0.0,5067.0,1087581.0,0.0,0.0,5389.0,0.0,0.0,0.0,0.0
2023-03-19 17:17:03.667000+00:00,892928.0,33288192.0,38678528.0,38678528.0,1.37,5.7847e-05,7.06,702401.0,0.0,0.0,5165.0,1107697.0,0.0,0.0,5493.0,0.0,0.0,0.0,0.0
2023-03-19 17:17:08.854000+00:00,892928.0,31588352.0,36429824.0,36429824.0,1.41,5.7847e-05,7.2,717374.0,0.0,0.0,5275.0,1129146.0,0.0,0.0,5613.0,0.0,0.0,0.0,0.0
2023-03-19 17:17:13.687000+00:00,892928.0,31588352.0,36429824.0,36429824.0,1.43,5.7847e-05,7.31,717374.0,0.0,0.0,5275.0,1129146.0,0.0,0.0,5613.0,0.0,0.0,0.0,0.0
2023-03-19 17:17:19.782000+00:00,1110016.0,31854592.0,36831232.0,36831232.0,1.46,0.00085984,7.41,756463.0,0.0,0.0,5518.0,1179000.0,0.0,0.0,5876.0,0.0,0.0,0.0,0.0
2023-03-19 17:17:23.741000+00:00,1110016.0,31543296.0,36438016.0,36438016.0,1.48,0.00085984,7.41,764319.0,0.0,0.0,5568.0,1191288.0,0.0,0.0,5930.0,0.0,0.0,0.0,0.0
2023-03-19 17:17:29.315000+00:00,1110016.0,31318016.0,36175872.0,36175872.0,1.5,0.00085984,7.53,774033.0,0.0,0.0,5642.0,1205922.0,0.0,0.0,6003.0,0.0,0.0,0.0,0.0
2023-03-19 17:17:33.584000+00:00,1110016.0,31318016.0,36491264.0,36491264.0,1.51,0.00085984,7.63,791191.0,0.0,0.0,5760.0,1229125.0,0.0,0.0,6137.0,0.0,0.0,0.0,0.0
2023-03-19 17:17:39.090000+00:00,1110016.0,31895552.0,36737024.0,36737024.0,1.53,0.00085984,7.72,810432.0,0.0,0.0,5898.0,1254454.0,0.0,0.0,6288.0,0.0,0.0,0.0,0.0
2023-03-19 17:17:44.776000+00:00,1110016.0,31895552.0,36737024.0,36737024.0,1.57,0.00085984,7.8,810432.0,0.0,0.0,5898.0,1254454.0,0.0,0.0,6288.0,0.0,0.0,0.0,0.0
2023-03-19 17:17:48.755000+00:00,1110016.0,31162368.0,36061184.0,36061184.0,1.57,0.003713512,7.85,845490.0,0.0,0.0,6103.0,1300149.0,0.0,0.0,6505.0,0.0,0.0,0.0,0.0
2023-03-19 17:17:54.787000+00:00,1110016.0,31088640.0,36007936.0,36007936.0,1.6,0.003713512,7.85,860562.0,0.0,0.0,6184.0,1320908.0,0.0,0.0,6597.0,0.0,0.0,0.0,0.0
2023-03-19 17:17:59.158000+00:00,1110016.0,31039488.0,35909632.0,36007936.0,1.6,0.003713512,7.97,860562.0,0.0,0.0,6184.0,1320908.0,0.0,0.0,6597.0,0.0,0.0,0.0,0.0
2023-03-19 17:18:04.009000+00:00,1110016.0,31850496.0,36806656.0,36806656.0,1.6,0.003713512,8.0,891730.0,0.0,0.0,6354.0,1361617.0,0.0,0.0,6780.0,0.0,0.0,0.0,0.0
2023-03-19 17:18:09.947000+00:00,1110016.0,31264768.0,36110336.0,36110336.0,1.6,0.003713512,8.13,908479.0,0.0,0.0,6476.0,1383468.0,0.0,0.0,6906.0,0.0,0.0,0.0,0.0
2023-03-19 17:18:13.907000+00:00,1110016.0,31264768.0,36110336.0,36110336.0,1.62,0.003713512,8.17,908479.0,0.0,0.0,6476.0,1383468.0,0.0,0.0,6906.0,0.0,0.0,0.0,0.0
2023-03-19 17:18:18.668000+00:00,1318912.0,31477760.0,36626432.0,36626432.0,1.65,0.003713512,8.26,937044.0,0.0,0.0,6663.0,1423240.0,0.0,0.0,7111.0,0.0,0.0,0.0,0.0
2023-03-19 17:18:23.750000+00:00,1318912.0,31477760.0,36622336.0,36622336.0,1.66,0.003713512,8.26,958006.0,0.0,0.0,6783.0,1450241.0,0.0,0.0,7247.0,0.0,0.0,0.0,0.0
2023-03-19 17:18:29.001000+00:00,1318912.0,31178752.0,36110336.0,36110336.0,1.69,0.004672941,8.41,977693.0,0.0,0.0,6895.0,1475483.0,0.0,0.0,7368.0,0.0,0.0,0.0,0.0
2023-03-19 17:18:38.478000+00:00,1318912.0,31055872.0,36134912.0,36134912.0,1.73,0.008708309,8.52,999764.0,0.0,0.0,7052.0,1508806.0,0.0,0.0,7539.0,0.0,0.0,0.0,0.0
2023-03-19 17:18:43.186000+00:00,1318912.0,31055872.0,36134912.0,36134912.0,1.75,0.010699649,8.57,999764.0,0.0,0.0,7052.0,1508806.0,0.0,0.0,7539.0,0.0,0.0,0.0,0.0
2023-03-19 17:18:49.860000+00:00,1318912.0,31350784.0,36421632.0,36421632.0,1.78,0.010791511,8.57,1045486.0,0.0,0.0,7362.0,1566227.0,0.0,0.0,7883.0,0.0,0.0,0.0,0.0
2023-03-19 17:18:54.182000+00:00,1318912.0,31215616.0,36114432.0,36114432.0,1.78,0.013065247,8.57,1057361.0,0.0,0.0,7440.0,1583106.0,0.0,0.0,7970.0,0.0,0.0,0.0,0.0
2023-03-19 17:18:59.517000+00:00,1318912.0,31207424.0,36048896.0,36048896.0,1.8,0.013561575,8.88,1069825.0,0.0,0.0,7521.0,1601329.0,0.0,0.0,8063.0,0.0,0.0,0.0,0.0
2023-03-19 17:19:04.348000+00:00,1318912.0,31432704.0,36265984.0,36265984.0,1.81,0.186605717,8.88,1084832.0,0.0,0.0,7634.0,1622372.0,0.0,0.0,8182.0,0.0,0.0,0.0,0.0
2023-03-19 17:19:09.232000+00:00,1318912.0,31363072.0,36225024.0,36225024.0,1.82,0.038088736,9.04,1099306.0,0.0,0.0,7699.0,1641508.0,0.0,0.0,8251.0,0.0,0.0,0.0,0.0
2023-03-19 17:19:14.713000+00:00,1318912.0,31363072.0,36225024.0,36225024.0,1.82,0.038088736,9.1,1099306.0,0.0,0.0,7699.0,1641508.0,0.0,0.0,8251.0,0.0,0.0,0.0,0.0
2023-03-19 17:19:19.397000+00:00,1552384.0,31338496.0,36601856.0,36601856.0,1.86,0.040185764,9.21,1123767.0,0.0,0.0,7873.0,1676313.0,0.0,0.0,8431.0,0.0,0.0,0.0,0.0
2023-03-19 17:19:23.926000+00:00,1552384.0,31338496.0,36601856.0,36569088.0,1.88,0.040621047,9.21,1146887.0,0.0,0.0,8012.0,1704610.0,0.0,0.0,8581.0,0.0,0.0,0.0,0.0
2023-03-19 17:19:28.745000+00:00,1552384.0,31338496.0,36655104.0,36655104.0,1.88,0.040673662,9.34,1160933.0,0.0,0.0,8108.0,1723771.0,0.0,0.0,8688.0,0.0,0.0,0.0,0.0
2023-03-19 17:19:39.407000+00:00,1552384.0,31715328.0,36589568.0,36589568.0,1.92,0.044989852,9.52,1201291.0,0.0,0.0,8375.0,1775458.0,0.0,0.0,8964.0,0.0,0.0,0.0,0.0
2023-03-19 17:19:44.724000+00:00,1552384.0,31682560.0,36519936.0,36519936.0,1.95,0.044989852,9.58,1213863.0,0.0,0.0,8449.0,1792626.0,0.0,0.0,9049.0,0.0,0.0,0.0,0.0
2023-03-19 17:19:48.588000+00:00,1552384.0,31682560.0,36564992.0,36564992.0,1.96,0.044989852,9.62,1232592.0,0.0,0.0,8548.0,1816762.0,0.0,0.0,9154.0,0.0,0.0,0.0,0.0
2023-03-19 17:19:54.798000+00:00,1552384.0,31682560.0,36102144.0,36102144.0,1.99,0.044989852,9.62,1255235.0,0.0,0.0,8671.0,1845141.0,0.0,0.0,9289.0,0.0,0.0,0.0,0.0
2023-03-19 17:19:59.276000+00:00,1552384.0,31461376.0,36294656.0,36294656.0,2.0,0.044989852,9.75,1272274.0,0.0,0.0,8778.0,1866995.0,0.0,0.0,9402.0,0.0,0.0,0.0,0.0
2023-03-19 17:20:03.620000+00:00,1552384.0,32022528.0,36950016.0,36950016.0,2.04,0.044989852,9.81,1279519.0,0.0,0.0,8832.0,1879518.0,0.0,0.0,9459.0,0.0,0.0,0.0,0.0
2023-03-19 17:20:08.778000+00:00,1552384.0,32022528.0,36950016.0,36950016.0,2.04,0.044989852,9.89,1279519.0,0.0,0.0,8965.0,1917229.0,0.0,0.0,9603.0,0.0,0.0,0.0,0.0
2023-03-19 17:20:14.437000+00:00,1552384.0,32022528.0,36950016.0,36950016.0,2.07,0.044989852,9.89,1279519.0,0.0,0.0,8965.0,1917229.0,0.0,0.0,9603.0,0.0,0.0,0.0,0.0
2023-03-19 17:20:18.709000+00:00,1785856.0,32088064.0,36978688.0,36978688.0,2.09,0.044989852,10.01,1341923.0,0.0,0.0,9144.0,1959566.0,0.0,0.0,9803.0,0.0,0.0,0.0,0.0
2023-03-19 17:20:23.420000+00:00,1785856.0,32088064.0,36950016.0,36950016.0,2.11,0.044989852,10.08,1356669.0,0.0,0.0,9202.0,1979209.0,0.0,0.0,9866.0,0.0,0.0,0.0,0.0
2023-03-19 17:20:29.718000+00:00,1785856.0,32088064.0,36950016.0,36950016.0,2.14,0.044989852,10.08,1356669.0,0.0,0.0,9202.0,1979209.0,0.0,0.0,9866.0,0.0,0.0,0.0,0.0
2023-03-19 17:20:33.427000+00:00,1785856.0,32792576.0,37711872.0,37711872.0,2.15,0.044989852,10.08,1398755.0,0.0,0.0,9452.0,2033007.0,0.0,0.0,10139.0,0.0,0.0,0.0,0.0
2023-03-19 17:20:38.513000+00:00,1785856.0,33120256.0,38092800.0,38092800.0,2.17,0.044989852,10.27,1411319.0,0.0,0.0,9543.0,2051737.0,0.0,0.0,10240.0,0.0,0.0,0.0,0.0
2023-03-19 17:20:44.038000+00:00,1785856.0,33120256.0,38092800.0,38092800.0,2.2,0.044989852,10.36,1411319.0,0.0,0.0,9543.0,2051737.0,0.0,0.0,10240.0,0.0,0.0,0.0,0.0
2023-03-19 17:20:49.199000+00:00,1785856.0,33525760.0,38400000.0,38400000.0,2.22,0.044989852,10.42,1438005.0,0.0,0.0,9724.0,2089658.0,0.0,0.0,10435.0,0.0,0.0,0.0,0.0
2023-03-19 17:20:54.617000+00:00,1785856.0,33492992.0,38375424.0,38375424.0,2.22,0.044989852,10.42,1449659.0,0.0,0.0,9798.0,2106336.0,0.0,0.0,10515.0,0.0,0.0,0.0,0.0
2023-03-19 17:20:59.354000+00:00,1785856.0,33406976.0,38420480.0,38420480.0,2.24,0.044989852,10.59,1458916.0,0.0,0.0,9866.0,2120429.0,0.0,0.0,10584.0,0.0,0.0,0.0,0.0
2023-03-19 17:21:04.053000+00:00,1785856.0,33406976.0,38420480.0,38420480.0,2.26,0.044989852,10.62,1458916.0,0.0,0.0,9947.0,2137377.0,0.0,0.0,10671.0,0.0,0.0,0.0,0.0
2023-03-19 17:21:08.820000+00:00,1785856.0,33812480.0,38707200.0,38707200.0,2.28,0.053203932,10.72,1488228.0,0.0,0.0,10064.0,2161069.0,0.0,0.0,10796.0,0.0,0.0,0.0,0.0
2023-03-19 17:21:13.375000+00:00,1785856.0,33812480.0,38707200.0,38707200.0,2.3,0.053203932,10.77,1488228.0,0.0,0.0,10064.0,2161069.0,0.0,0.0,10796.0,0.0,0.0,0.0,0.0
2023-03-19 17:21:18.676000+00:00,2015232.0,33812480.0,39272448.0,39272448.0,2.33,0.057350467,10.86,1525888.0,0.0,0.0,10240.0,2208226.0,0.0,0.0,10986.0,0.0,0.0,0.0,0.0
2023-03-19 17:21:23.998000+00:00,2015232.0,33812480.0,39280640.0,39280640.0,2.34,0.000529175,10.86,1538440.0,0.0,0.0,10320.0,2225724.0,0.0,0.0,11078.0,0.0,0.0,0.0,0.0
2023-03-19 17:21:29.601000+00:00,2015232.0,34631680.0,39546880.0,39546880.0,2.36,0.058241845,10.98,1558412.0,0.0,0.0,10429.0,2251350.0,0.0,0.0,11195.0,0.0,0.0,0.0,0.0
2023-03-19 17:21:33.754000+00:00,2015232.0,34271232.0,39292928.0,39292928.0,2.37,0.058241845,11.06,1582235.0,0.0,0.0,10554.0,2280251.0,0.0,0.0,11330.0,0.0,0.0,0.0,0.0
2023-03-19 17:21:39.506000+00:00,2015232.0,34271232.0,39292928.0,39440384.0,2.4,0.058241845,11.06,1596123.0,0.0,0.0,10654.0,2300039.0,0.0,0.0,11444.0,0.0,0.0,0.0,0.0
2023-03-19 17:21:44.213000+00:00,2015232.0,34271232.0,39292928.0,39440384.0,2.4,0.058241845,11.06,1596123.0,0.0,0.0,10654.0,2300039.0,0.0,0.0,11444.0,0.0,0.0,0.0,0.0
2023-03-19 17:21:48.390000+00:00,2015232.0,35123200.0,40366080.0,40366080.0,2.42,0.058241845,11.24,1619806.0,0.0,0.0,10795.0,2334057.0,0.0,0.0,11601.0,0.0,0.0,0.0,0.0
2023-03-19 17:21:54.696000+00:00,2015232.0,35123200.0,39256064.0,39256064.0,2.45,0.058241845,11.24,1643495.0,0.0,0.0,10914.0,2363149.0,0.0,0.0,11730.0,0.0,0.0,0.0,0.0
2023-03-19 17:21:58.848000+00:00,2015232.0,34242560.0,39337984.0,39337984.0,2.48,0.058241845,11.44,1656408.0,0.0,0.0,11005.0,2381234.0,0.0,0.0,11827.0,0.0,0.0,0.0,0.0
2023-03-19 17:22:04.831000+00:00,2015232.0,34242560.0,39026688.0,39026688.0,2.49,0.058241845,11.44,1667805.0,0.0,0.0,11087.0,2397862.0,0.0,0.0,11915.0,0.0,0.0,0.0,0.0
2023-03-19 17:22:09.242000+00:00,2015232.0,33878016.0,38920192.0,38920192.0,2.5,0.058241845,11.57,1684167.0,0.0,0.0,11151.0,2418792.0,0.0,0.0,11982.0,0.0,0.0,0.0,0.0
2023-03-19 17:22:14.286000+00:00,2015232.0,33636352.0,38629376.0,38629376.0,2.51,0.058241845,11.57,1697345.0,0.0,0.0,11240.0,2437828.0,0.0,0.0,12084.0,0.0,0.0,0.0,0.0
2023-03-19 17:22:19.449000+00:00,2191360.0,33636352.0,38629376.0,38629376.0,2.53,0.058241845,11.67,1701056.0,0.0,0.0,11272.0,2446583.0,0.0,0.0,12120.0,0.0,0.0,0.0,0.0
2023-03-19 17:22:23.622000+00:00,2191360.0,33636352.0,38862848.0,38862848.0,2.57,0.058241845,11.67,1710111.0,0.0,0.0,11337.0,2460953.0,0.0,0.0,12189.0,0.0,0.0,0.0,0.0
2023-03-19 17:22:28.589000+00:00,2191360.0,33521664.0,38416384.0,38416384.0,2.58,0.058241845,11.77,1725996.0,0.0,0.0,11399.0,2482170.0,0.0,0.0,12259.0,0.0,0.0,0.0,0.0
2023-03-19 17:22:33.623000+00:00,2191360.0,33488896.0,38383616.0,38383616.0,2.6,0.058241845,11.77,1740221.0,0.0,0.0,11494.0,2501994.0,0.0,0.0,12364.0,0.0,0.0,0.0,0.0
2023-03-19 17:22:39.009000+00:00,2191360.0,33857536.0,38752256.0,38752256.0,2.6,0.058241845,11.89,1766736.0,0.0,0.0,11638.0,2534397.0,0.0,0.0,12518.0,0.0,0.0,0.0,0.0
2023-03-19 17:22:44.138000+00:00,2191360.0,33857536.0,38752256.0,38752256.0,2.63,0.058241845,11.99,1766736.0,0.0,0.0,11638.0,2534397.0,0.0,0.0,12518.0,0.0,0.0,0.0,0.0
2023-03-19 17:22:49.692000+00:00,2191360.0,33607680.0,38506496.0,38506496.0,2.64,0.058241845,12.02,1789780.0,0.0,0.0,11808.0,2568158.0,0.0,0.0,12701.0,0.0,0.0,0.0,0.0
2023-03-19 17:22:54.781000+00:00,2191360.0,33607680.0,38506496.0,38588416.0,2.68,0.058241845,12.02,1800926.0,0.0,0.0,11885.0,2584866.0,0.0,0.0,12793.0,0.0,0.0,0.0,0.0
2023-03-19 17:22:59.582000+00:00,2191360.0,34004992.0,38903808.0,38903808.0,2.68,0.058241845,12.13,1812346.0,0.0,0.0,11918.0,2601056.0,0.0,0.0,12831.0,0.0,0.0,0.0,0.0
2023-03-19 17:23:04.553000+00:00,2191360.0,34004992.0,38621184.0,38621184.0,2.69,0.058241845,12.13,1819999.0,0.0,0.0,11970.0,2613457.0,0.0,0.0,12884.0,0.0,0.0,0.0,0.0
2023-03-19 17:23:09.782000+00:00,2191360.0,33869824.0,38768640.0,38768640.0,2.71,0.058394874,12.32,1834788.0,0.0,0.0,12082.0,2633585.0,0.0,0.0,13000.0,0.0,0.0,0.0,0.0
2023-03-19 17:23:13.664000+00:00,2191360.0,33615872.0,38514688.0,38514688.0,2.73,0.058394874,12.4,1843507.0,0.0,0.0,12144.0,2647417.0,0.0,0.0,13067.0,0.0,0.0,0.0,0.0
2023-03-19 17:23:19.486000+00:00,2191360.0,33927168.0,38830080.0,38830080.0,2.75,0.058394874,12.4,1866129.0,0.0,0.0,12255.0,2675079.0,0.0,0.0,13189.0,0.0,0.0,0.0,0.0
2023-03-19 17:23:23.326000+00:00,2191360.0,33927168.0,38830080.0,38313984.0,2.78,0.058394874,12.4,1869264.0,0.0,0.0,12279.0,2683019.0,0.0,0.0,13217.0,0.0,0.0,0.0,0.0
2023-03-19 17:23:28.943000+00:00,2375680.0,34168832.0,39174144.0,39174144.0,2.78,0.058394874,12.58,1880377.0,0.0,0.0,12360.0,2699838.0,0.0,0.0,13304.0,0.0,0.0,0.0,0.0
2023-03-19 17:23:33.742000+00:00,2375680.0,34168832.0,39174144.0,39186432.0,2.8,0.058394874,12.71,1900438.0,0.0,0.0,12482.0,2724692.0,0.0,0.0,13438.0,0.0,0.0,0.0,0.0
2023-03-19 17:23:38.428000+00:00,2375680.0,34168832.0,38604800.0,38604800.0,2.81,0.058394874,12.71,1908457.0,0.0,0.0,12542.0,2738353.0,0.0,0.0,13509.0,0.0,0.0,0.0,0.0
2023-03-19 17:23:43.490000+00:00,2375680.0,34168832.0,38604800.0,38604800.0,2.84,0.058394874,12.87,1908457.0,0.0,0.0,12542.0,2738353.0,0.0,0.0,13509.0,0.0,0.0,0.0,0.0
2023-03-19 17:23:49.286000+00:00,2375680.0,33329152.0,38391808.0,38391808.0,2.86,0.058394874,12.92,1953268.0,0.0,0.0,12839.0,2794269.0,0.0,0.0,13831.0,0.0,0.0,0.0,0.0
2023-03-19 17:23:53.638000+00:00,2375680.0,33329152.0,38391808.0,38391808.0,2.88,0.058394874,13.0,1964749.0,0.0,0.0,12917.0,2811091.0,0.0,0.0,13918.0,0.0,0.0,0.0,0.0
2023-03-19 17:23:59.164000+00:00,2375680.0,33329152.0,38391808.0,38391808.0,2.89,0.058394874,13.03,1964749.0,0.0,0.0,12917.0,2811091.0,0.0,0.0,13918.0,0.0,0.0,0.0,0.0
2023-03-19 17:24:04.520000+00:00,2375680.0,33329152.0,38391808.0,38486016.0,2.92,0.058394874,13.03,1997098.0,0.0,0.0,13124.0,2853829.0,0.0,0.0,14145.0,0.0,0.0,0.0,0.0
2023-03-19 17:24:09.707000+00:00,2375680.0,34009088.0,38916096.0,38916096.0,2.92,0.058394874,13.16,2005675.0,0.0,0.0,13175.0,2867126.0,0.0,0.0,14196.0,0.0,0.0,0.0,0.0
2023-03-19 17:24:14.452000+00:00,2375680.0,34009088.0,38916096.0,38916096.0,2.93,0.058394874,13.16,2005675.0,0.0,0.0,13175.0,2867126.0,0.0,0.0,14196.0,0.0,0.0,0.0,0.0
2023-03-19 17:24:19.465000+00:00,2572288.0,33902592.0,38866944.0,38866944.0,2.95,0.058394874,13.28,2030171.0,0.0,0.0,13335.0,2903215.0,0.0,0.0,14372.0,0.0,0.0,0.0,0.0
2023-03-19 17:24:23.831000+00:00,2572288.0,33853440.0,38789120.0,38789120.0,2.95,0.058394874,13.32,2043407.0,0.0,0.0,13418.0,2921795.0,0.0,0.0,14464.0,0.0,0.0,0.0,0.0
2023-03-19 17:24:29.696000+00:00,2572288.0,34009088.0,38903808.0,38789120.0,2.98,0.058394874,13.39,2043407.0,0.0,0.0,13418.0,2921795.0,0.0,0.0,14464.0,0.0,0.0,0.0,0.0
2023-03-19 17:24:34.503000+00:00,2572288.0,34009088.0,38903808.0,38899712.0,2.99,0.058394874,13.39,2083013.0,0.0,0.0,13619.0,2971242.0,0.0,0.0,14675.0,0.0,0.0,0.0,0.0
2023-03-19 17:24:39.370000+00:00,2572288.0,33873920.0,38871040.0,38871040.0,3.0,0.058394874,13.51,2093748.0,0.0,0.0,13696.0,2987194.0,0.0,0.0,14760.0,0.0,0.0,0.0,0.0
2023-03-19 17:24:44.877000+00:00,2572288.0,33873920.0,38871040.0,38871040.0,3.0,0.058394874,13.56,2093748.0,0.0,0.0,13696.0,2987194.0,0.0,0.0,14760.0,0.0,0.0,0.0,0.0
2023-03-19 17:24:49.452000+00:00,2572288.0,33873920.0,38543360.0,38543360.0,3.03,0.058503915,13.56,2117442.0,0.0,0.0,13873.0,3022949.0,0.0,0.0,14958.0,0.0,0.0,0.0,0.0
2023-03-19 17:24:54.104000+00:00,2572288.0,33210368.0,38105088.0,38105088.0,3.03,0.058503915,13.56,2129921.0,0.0,0.0,13912.0,3039815.0,0.0,0.0,14999.0,0.0,0.0,0.0,0.0
2023-03-19 17:24:59.466000+00:00,2572288.0,33894400.0,38797312.0,38797312.0,3.06,0.058503915,13.76,2140253.0,0.0,0.0,13985.0,3055558.0,0.0,0.0,15084.0,0.0,0.0,0.0,0.0
2023-03-19 17:25:04.492000+00:00,2572288.0,33894400.0,38797312.0,38797312.0,3.08,0.058503915,13.76,2157531.0,0.0,0.0,14093.0,3078521.0,0.0,0.0,15199.0,0.0,0.0,0.0,0.0
2023-03-19 17:25:09.605000+00:00,2572288.0,33222656.0,38125568.0,38125568.0,3.11,0.062266119,13.92,2169652.0,0.0,0.0,14173.0,3096304.0,0.0,0.0,15285.0,0.0,0.0,0.0,0.0
2023-03-19 17:25:14.799000+00:00,2572288.0,33222656.0,38125568.0,38125568.0,3.12,0.01290671,13.92,2169652.0,0.0,0.0,14173.0,3096304.0,0.0,0.0,15285.0,0.0,0.0,0.0,0.0
2023-03-19 17:25:18.967000+00:00,2764800.0,33222656.0,38912000.0,38912000.0,3.15,0.062428876,14.03,2189570.0,0.0,0.0,14311.0,3126128.0,0.0,0.0,15435.0,0.0,0.0,0.0,0.0
2023-03-19 17:25:23.159000+00:00,2764800.0,33460224.0,38359040.0,38359040.0,3.16,0.062428876,14.03,2196599.0,0.0,0.0,14363.0,3138276.0,0.0,0.0,15488.0,0.0,0.0,0.0,0.0
2023-03-19 17:25:28.453000+00:00,2764800.0,33370112.0,38268928.0,38268928.0,3.17,0.062832865,14.16,2215066.0,0.0,0.0,14445.0,3161946.0,0.0,0.0,15579.0,0.0,0.0,0.0,0.0
2023-03-19 17:25:34.783000+00:00,2764800.0,33370112.0,38268928.0,38268928.0,3.18,0.062982139,14.19,2235957.0,0.0,0.0,14535.0,3187506.0,0.0,0.0,15672.0,0.0,0.0,0.0,0.0
2023-03-19 17:25:39.199000+00:00,2764800.0,33968128.0,38883328.0,38883328.0,3.21,0.062982139,14.24,2244935.0,0.0,0.0,14598.0,3201103.0,0.0,0.0,15738.0,0.0,0.0,0.0,0.0
2023-03-19 17:25:44.635000+00:00,2764800.0,33968128.0,38883328.0,38883328.0,3.22,0.192315256,14.24,2244935.0,0.0,0.0,14598.0,3201103.0,0.0,0.0,15738.0,0.0,0.0,0.0,0.0
2023-03-19 17:25:49.782000+00:00,2764800.0,33292288.0,38387712.0,38387712.0,3.25,0.066799985,14.37,2280936.0,0.0,0.0,14800.0,3247522.0,0.0,0.0,15954.0,0.0,0.0,0.0,0.0
2023-03-19 17:25:54.752000+00:00,2764800.0,33611776.0,38506496.0,38506496.0,3.26,0.066799985,14.44,2300661.0,0.0,0.0,14940.0,3274053.0,0.0,0.0,16114.0,0.0,0.0,0.0,0.0
2023-03-19 17:25:59.380000+00:00,2764800.0,33611776.0,38506496.0,38506496.0,3.29,0.067154794,14.54,2300661.0,0.0,0.0,14940.0,3274053.0,0.0,0.0,16114.0,0.0,0.0,0.0,0.0
2023-03-19 17:26:04.346000+00:00,2764800.0,33611776.0,38506496.0,38506496.0,3.29,0.067154794,14.54,2324051.0,0.0,0.0,15093.0,3307730.0,0.0,0.0,16283.0,0.0,0.0,0.0,0.0
2023-03-19 17:26:08.871000+00:00,2764800.0,34308096.0,39206912.0,39206912.0,3.31,0.06766511,14.68,2335494.0,0.0,0.0,15164.0,3323895.0,0.0,0.0,16364.0,0.0,0.0,0.0,0.0
2023-03-19 17:26:14.017000+00:00,2764800.0,34201600.0,39219200.0,39219200.0,3.32,0.068212436,14.72,2348849.0,0.0,0.0,15246.0,3342789.0,0.0,0.0,16452.0,0.0,0.0,0.0,0.0
2023-03-19 17:26:18.816000+00:00,2940928.0,34201600.0,38969344.0,38969344.0,3.35,0.068500035,14.72,2359920.0,0.0,0.0,15311.0,3358507.0,0.0,0.0,16519.0,0.0,0.0,0.0,0.0
2023-03-19 17:26:24.253000+00:00,2940928.0,33910784.0,38821888.0,38821888.0,3.35,0.068500035,14.72,2373222.0,0.0,0.0,15394.0,3377406.0,0.0,0.0,16606.0,0.0,0.0,0.0,0.0
2023-03-19 17:26:29.043000+00:00,2940928.0,34045952.0,39198720.0,39198720.0,3.36,0.068937323,14.87,2385872.0,0.0,0.0,15487.0,3395227.0,0.0,0.0,16706.0,0.0,0.0,0.0,0.0
2023-03-19 17:26:34.464000+00:00,2940928.0,34045952.0,39198720.0,39104512.0,3.39,0.068937323,14.87,2399929.0,0.0,0.0,15590.0,3415568.0,0.0,0.0,16820.0,0.0,0.0,0.0,0.0
2023-03-19 17:26:39.889000+00:00,2940928.0,34291712.0,39251968.0,39251968.0,3.4,0.069683419,15.04,2413653.0,0.0,0.0,15683.0,3435001.0,0.0,0.0,16922.0,0.0,0.0,0.0,0.0
2023-03-19 17:26:44.469000+00:00,2940928.0,34291712.0,39251968.0,39251968.0,3.41,0.07000411,15.08,2413653.0,0.0,0.0,15683.0,3435001.0,0.0,0.0,16922.0,0.0,0.0,0.0,0.0
2023-03-19 17:26:49.460000+00:00,2940928.0,34607104.0,39522304.0,39522304.0,3.42,0.07000411,15.1,2426337.0,0.0,0.0,15782.0,3458698.0,0.0,0.0,17034.0,0.0,0.0,0.0,0.0
2023-03-19 17:26:55.049000+00:00,2940928.0,34738176.0,39665664.0,39665664.0,3.44,0.07000411,15.1,2439485.0,0.0,0.0,15872.0,3477363.0,0.0,0.0,17130.0,0.0,0.0,0.0,0.0
2023-03-19 17:26:58.955000+00:00,2940928.0,34529280.0,39452672.0,39452672.0,3.44,0.070852317,15.22,2448932.0,0.0,0.0,15935.0,3491685.0,0.0,0.0,17203.0,0.0,0.0,0.0,0.0
2023-03-19 17:27:04.389000+00:00,2940928.0,34529280.0,39452672.0,39981056.0,3.47,0.071077673,15.32,2466182.0,0.0,0.0,16064.0,3515026.0,0.0,0.0,17337.0,0.0,0.0,0.0,0.0
2023-03-19 17:27:09.002000+00:00,2940928.0,34529280.0,40886272.0,40886272.0,3.48,0.071707372,15.42,2484341.0,0.0,0.0,16180.0,3538766.0,0.0,0.0,17473.0,0.0,0.0,0.0,0.0
2023-03-19 17:27:14.432000+00:00,2940928.0,34529280.0,40886272.0,40886272.0,3.51,0.084894215,15.5,2484341.0,0.0,0.0,16180.0,3538766.0,0.0,0.0,17473.0,0.0,0.0,0.0,0.0
2023-03-19 17:27:19.533000+00:00,3125248.0,35278848.0,40239104.0,40239104.0,3.53,0.085210738,15.52,2497223.0,0.0,0.0,16277.0,3561676.0,0.0,0.0,17576.0,0.0,0.0,0.0,0.0
2023-03-19 17:27:23.737000+00:00,3125248.0,35278848.0,40239104.0,40239104.0,3.57,0.104730446,15.67,2497223.0,0.0,0.0,16366.0,3587145.0,0.0,0.0,17672.0,0.0,0.0,0.0,0.0
2023-03-19 17:27:29.334000+00:00,3125248.0,35278848.0,40239104.0,40239104.0,3.58,0.104783328,15.7,2497223.0,0.0,0.0,16366.0,3587145.0,0.0,0.0,17672.0,0.0,0.0,0.0,0.0
2023-03-19 17:27:34.330000+00:00,3125248.0,35278848.0,40239104.0,40239104.0,3.6,0.104783328,15.7,2561269.0,0.0,0.0,16598.0,3641443.0,0.0,0.0,17929.0,0.0,0.0,0.0,0.0
2023-03-19 17:27:39.155000+00:00,3125248.0,35168256.0,40120320.0,40120320.0,3.61,0.105190096,15.83,2567401.0,0.0,0.0,16651.0,3652911.0,0.0,0.0,17984.0,0.0,0.0,0.0,0.0
2023-03-19 17:27:43.712000+00:00,3125248.0,35168256.0,40120320.0,40120320.0,3.62,0.109810481,15.92,2567401.0,0.0,0.0,16651.0,3652911.0,0.0,0.0,17984.0,0.0,0.0,0.0,0.0
2023-03-19 17:27:48.566000+00:00,3125248.0,35168256.0,40353792.0,40353792.0,3.63,0.111943728,15.92,2608972.0,0.0,0.0,16868.0,3705230.0,0.0,0.0,18227.0,0.0,0.0,0.0,0.0
2023-03-19 17:27:53.781000+00:00,3125248.0,35303424.0,40267776.0,40267776.0,3.65,0.111975344,15.92,2622871.0,0.0,0.0,16967.0,3724406.0,0.0,0.0,18339.0,0.0,0.0,0.0,0.0
2023-03-19 17:27:59.321000+00:00,3125248.0,35610624.0,40685568.0,40685568.0,3.66,0.112185637,16.11,2643931.0,0.0,0.0,17104.0,3751543.0,0.0,0.0,18491.0,0.0,0.0,0.0,0.0
2023-03-19 17:28:03.274000+00:00,3125248.0,37548032.0,42942464.0,42942464.0,3.68,0.114547302,16.11,2660862.0,0.0,0.0,17206.0,3773778.0,0.0,0.0,18604.0,0.0,0.0,0.0,0.0
2023-03-19 17:28:09.881000+00:00,3125248.0,35647488.0,40599552.0,40599552.0,3.7,0.115133393,16.26,2688687.0,0.0,0.0,17276.0,3805934.0,0.0,0.0,18683.0,0.0,0.0,0.0,0.0
2023-03-19 17:28:14.831000+00:00,3125248.0,35647488.0,40599552.0,40599552.0,3.71,0.115472128,16.26,2688687.0,0.0,0.0,17276.0,3805934.0,0.0,0.0,18683.0,0.0,0.0,0.0,0.0
2023-03-19 17:28:19.128000+00:00,3325952.0,35291136.0,40308736.0,40308736.0,3.74,0.115511402,16.36,2710906.0,0.0,0.0,17414.0,3838814.0,0.0,0.0,18836.0,0.0,0.0,0.0,0.0
2023-03-19 17:28:23.613000+00:00,3325952.0,35291136.0,40308736.0,40542208.0,3.75,0.115577487,16.43,2731081.0,0.0,0.0,17545.0,3864246.0,0.0,0.0,18979.0,0.0,0.0,0.0,0.0
2023-03-19 17:28:29.316000+00:00,3325952.0,35221504.0,40189952.0,40189952.0,3.77,0.116032137,16.5,2739579.0,0.0,0.0,17593.0,3876881.0,0.0,0.0,19031.0,0.0,0.0,0.0,0.0
2023-03-19 17:28:33.648000+00:00,3325952.0,35221504.0,40103936.0,40103936.0,3.78,0.116032137,16.54,2751890.0,0.0,0.0,17674.0,3894138.0,0.0,0.0,19117.0,0.0,0.0,0.0,0.0
2023-03-19 17:28:38.873000+00:00,3325952.0,35758080.0,40718336.0,40718336.0,3.8,0.116224851,16.6,2760826.0,0.0,0.0,17736.0,3907546.0,0.0,0.0,19181.0,0.0,0.0,0.0,0.0
2023-03-19 17:28:44.674000+00:00,3325952.0,35758080.0,40718336.0,40718336.0,3.82,0.12643676,16.68,2760826.0,0.0,0.0,17736.0,3907546.0,0.0,0.0,19181.0,0.0,0.0,0.0,0.0
2023-03-19 17:28:49.330000+00:00,3325952.0,35180544.0,40230912.0,40230912.0,3.84,0.126469721,16.74,2791392.0,0.0,0.0,17946.0,3949389.0,0.0,0.0,19416.0,0.0,0.0,0.0,0.0
2023-03-19 17:28:54.492000+00:00,3325952.0,35180544.0,40230912.0,40206336.0,3.84,0.126591105,16.78,2807224.0,0.0,0.0,18045.0,3970928.0,0.0,0.0,19529.0,0.0,0.0,0.0,0.0
2023-03-19 17:28:59.772000+00:00,3325952.0,35180544.0,40230912.0,40206336.0,3.88,0.129101435,16.78,2807224.0,0.0,0.0,18045.0,3970928.0,0.0,0.0,19529.0,0.0,0.0,0.0,0.0
2023-03-19 17:29:03.952000+00:00,3325952.0,35180544.0,40452096.0,40452096.0,3.88,0.129101435,16.78,2836847.0,0.0,0.0,18241.0,4011420.0,0.0,0.0,19744.0,0.0,0.0,0.0,0.0
2023-03-19 17:29:08.615000+00:00,3325952.0,35110912.0,40071168.0,40071168.0,3.9,0.129650599,16.96,2845485.0,0.0,0.0,18292.0,4025056.0,0.0,0.0,19798.0,0.0,0.0,0.0,0.0
2023-03-19 17:29:13.489000+00:00,3325952.0,35835904.0,40800256.0,40800256.0,3.91,0.129650599,16.98,2857675.0,0.0,0.0,18371.0,4043401.0,0.0,0.0,19889.0,0.0,0.0,0.0,0.0
2023-03-19 17:29:19.276000+00:00,3325952.0,35835904.0,40800256.0,40800256.0,3.94,0.135260894,17.06,2857675.0,0.0,0.0,18466.0,4062039.0,0.0,0.0,20003.0,0.0,0.0,0.0,0.0
2023-03-19 17:29:23.659000+00:00,3325952.0,35835904.0,40579072.0,40579072.0,3.94,0.135260894,17.06,2873542.0,0.0,0.0,18498.0,4071414.0,0.0,0.0,20038.0,0.0,0.0,0.0,0.0
2023-03-19 17:29:29.206000+00:00,3543040.0,35053568.0,40038400.0,40038400.0,3.96,0.135338296,17.16,2877813.0,0.0,0.0,18527.0,4080508.0,0.0,0.0,20069.0,0.0,0.0,0.0,0.0
2023-03-19 17:29:34.088000+00:00,3543040.0,35053568.0,40923136.0,40923136.0,3.96,0.135338296,17.16,2889482.0,0.0,0.0,18618.0,4098387.0,0.0,0.0,20173.0,0.0,0.0,0.0,0.0
2023-03-19 17:29:38.685000+00:00,3543040.0,35262464.0,40218624.0,40218624.0,3.98,0.135411904,17.26,2891533.0,0.0,0.0,18630.0,4104880.0,0.0,0.0,20186.0,0.0,0.0,0.0,0.0
2023-03-19 17:29:44.565000+00:00,3543040.0,34893824.0,40013824.0,40013824.0,3.98,0.135411904,17.26,2900815.0,0.0,0.0,18699.0,4119312.0,0.0,0.0,20257.0,0.0,0.0,0.0,0.0
2023-03-19 17:29:49.873000+00:00,3543040.0,34942976.0,39907328.0,39907328.0,4.0,0.136096516,17.38,2921333.0,0.0,0.0,18783.0,4144885.0,0.0,0.0,20347.0,0.0,0.0,0.0,0.0
2023-03-19 17:29:54.663000+00:00,3543040.0,35676160.0,40632320.0,40632320.0,4.0,0.147954241,17.38,2931458.0,0.0,0.0,18855.0,4160147.0,0.0,0.0,20424.0,0.0,0.0,0.0,0.0
2023-03-19 17:29:58.835000+00:00,3543040.0,35184640.0,40140800.0,40140800.0,4.01,0.148265507,17.43,2935096.0,0.0,0.0,18883.0,4168272.0,0.0,0.0,20453.0,0.0,0.0,0.0,0.0
2023-03-19 17:30:03.625000+00:00,3543040.0,35479552.0,40435712.0,40435712.0,4.02,0.148265507,17.43,2938037.0,0.0,0.0,18905.0,4175937.0,0.0,0.0,20476.0,0.0,0.0,0.0,0.0
2023-03-19 17:30:09.024000+00:00,3543040.0,35102720.0,40054784.0,40435712.0,4.04,0.148927781,17.51,2938037.0,0.0,0.0,19052.0,4220888.0,0.0,0.0,20632.0,0.0,0.0,0.0,0.0
2023-03-19 17:30:13.880000+00:00,3543040.0,35102720.0,40054784.0,40435712.0,4.06,0.148927781,17.51,2938037.0,0.0,0.0,19052.0,4220888.0,0.0,0.0,20632.0,0.0,0.0,0.0,0.0
2023-03-19 17:30:19.360000+00:00,3698688.0,35586048.0,40550400.0,40550400.0,4.1,0.14963353,17.64,3023470.0,0.0,0.0,19300.0,4277616.0,0.0,0.0,20903.0,0.0,0.0,0.0,0.0
2023-03-19 17:30:24.078000+00:00,3698688.0,35586048.0,40595456.0,40595456.0,4.12,0.151025843,17.64,3036566.0,0.0,0.0,19388.0,4295745.0,0.0,0.0,21000.0,0.0,0.0,0.0,0.0
2023-03-19 17:30:28.738000+00:00,3698688.0,35344384.0,40296448.0,40296448.0,4.13,0.151227362,17.79,3055039.0,0.0,0.0,19449.0,4318520.0,0.0,0.0,21067.0,0.0,0.0,0.0,0.0
2023-03-19 17:30:33.555000+00:00,3698688.0,35610624.0,40648704.0,40648704.0,4.14,0.151227362,17.88,3070666.0,0.0,0.0,19570.0,4340421.0,0.0,0.0,21200.0,0.0,0.0,0.0,0.0
2023-03-19 17:30:39.243000+00:00,3698688.0,35610624.0,40648704.0,40722432.0,4.16,0.151227362,17.9,3095336.0,0.0,0.0,19665.0,4369223.0,0.0,0.0,21302.0,0.0,0.0,0.0,0.0
2023-03-19 17:30:44.005000+00:00,3698688.0,35053568.0,40128512.0,40128512.0,4.18,0.151227362,17.9,3131710.0,0.0,0.0,19665.0,4369223.0,0.0,0.0,21302.0,0.0,0.0,0.0,0.0
2023-03-19 17:30:48.610000+00:00,3698688.0,34975744.0,39981056.0,39981056.0,4.18,0.151441147,18.02,3145178.0,0.0,0.0,19860.0,4428151.0,0.0,0.0,21516.0,0.0,0.0,0.0,0.0
2023-03-19 17:30:53.617000+00:00,3698688.0,34979840.0,40009728.0,40009728.0,4.2,0.151441147,18.11,3160715.0,0.0,0.0,19942.0,4448763.0,0.0,0.0,21611.0,0.0,0.0,0.0,0.0
2023-03-19 17:30:57.992000+00:00,3698688.0,35352576.0,40321024.0,40009728.0,4.2,0.151441147,18.13,3160715.0,0.0,0.0,19942.0,4448763.0,0.0,0.0,21611.0,0.0,0.0,0.0,0.0
2023-03-19 17:31:04.665000+00:00,3698688.0,35352576.0,40321024.0,40009728.0,4.21,0.151441147,18.13,3160715.0,0.0,0.0,20127.0,4487757.0,0.0,0.0,21815.0,0.0,0.0,0.0,0.0
2023-03-19 17:31:09.842000+00:00,3698688.0,35352576.0,40017920.0,40017920.0,4.22,0.151441147,18.25,3203007.0,0.0,0.0,20221.0,4509014.0,0.0,0.0,21922.0,0.0,0.0,0.0,0.0
2023-03-19 17:31:14.814000+00:00,3698688.0,35352576.0,40017920.0,40017920.0,4.25,0.151441147,18.25,3203007.0,0.0,0.0,20221.0,4509014.0,0.0,0.0,21922.0,0.0,0.0,0.0,0.0
2023-03-19 17:31:19.345000+00:00,3907584.0,35164160.0,40189952.0,40189952.0,4.26,0.151441147,18.36,3230762.0,0.0,0.0,20405.0,4548000.0,0.0,0.0,22127.0,0.0,0.0,0.0,0.0
2023-03-19 17:31:24.392000+00:00,3907584.0,35635200.0,40656896.0,40656896.0,4.27,0.151441147,18.41,3236299.0,0.0,0.0,20448.0,4559181.0,0.0,0.0,22179.0,0.0,0.0,0.0,0.0
2023-03-19 17:31:29.226000+00:00,3907584.0,35635200.0,40656896.0,40656896.0,4.27,0.151441147,18.48,3236299.0,0.0,0.0,20448.0,4559181.0,0.0,0.0,22179.0,0.0,0.0,0.0,0.0
2023-03-19 17:31:33.656000+00:00,3907584.0,35635200.0,40656896.0,40235008.0,4.3,0.151441147,18.48,3286944.0,0.0,0.0,20673.0,4621300.0,0.0,0.0,22424.0,0.0,0.0,0.0,0.0
2023-03-19 17:31:39.643000+00:00,3907584.0,35266560.0,40218624.0,40218624.0,4.3,0.151441147,18.58,3299964.0,0.0,0.0,20770.0,4640469.0,0.0,0.0,22534.0,0.0,0.0,0.0,0.0
2023-03-19 17:31:44.147000+00:00,3907584.0,35164160.0,40263680.0,40263680.0,4.32,0.151441147,18.68,3312230.0,0.0,0.0,20843.0,4657881.0,0.0,0.0,22615.0,0.0,0.0,0.0,0.0
2023-03-19 17:31:49.539000+00:00,3907584.0,35409920.0,40382464.0,40382464.0,4.33,0.151441147,18.68,3331359.0,0.0,0.0,20963.0,4682516.0,0.0,0.0,22749.0,0.0,0.0,0.0,0.0
2023-03-19 17:31:54.404000+00:00,3907584.0,35409920.0,40382464.0,40189952.0,4.36,0.151441147,18.81,3360334.0,0.0,0.0,21094.0,4715889.0,0.0,0.0,22885.0,0.0,0.0,0.0,0.0
2023-03-19 17:31:58.618000+00:00,3907584.0,35540992.0,40566784.0,40566784.0,4.36,0.151441147,18.82,3369001.0,0.0,0.0,21152.0,4729615.0,0.0,0.0,22949.0,0.0,0.0,0.0,0.0
2023-03-19 17:32:03.704000+00:00,3907584.0,35540992.0,40103936.0,40103936.0,4.37,0.151441147,18.82,3396750.0,0.0,0.0,21270.0,4761881.0,0.0,0.0,23076.0,0.0,0.0,0.0,0.0
2023-03-19 17:32:08.795000+00:00,3907584.0,35606528.0,40812544.0,40812544.0,4.4,0.151441147,18.97,3419357.0,0.0,0.0,21429.0,4790820.0,0.0,0.0,23254.0,0.0,0.0,0.0,0.0
2023-03-19 17:32:14.292000+00:00,3907584.0,35606528.0,40812544.0,40812544.0,4.42,0.151441147,18.97,3419357.0,0.0,0.0,21429.0,4790820.0,0.0,0.0,23254.0,0.0,0.0,0.0,0.0
2023-03-19 17:32:19.026000+00:00,4145152.0,35364864.0,40484864.0,40484864.0,4.47,0.151441147,19.14,3463289.0,0.0,0.0,21645.0,4844524.0,0.0,0.0,23489.0,0.0,0.0,0.0,0.0
2023-03-19 17:32:24.431000+00:00,4145152.0,35364864.0,40337408.0,40337408.0,4.48,0.151441147,19.14,3491499.0,0.0,0.0,21839.0,4879190.0,0.0,0.0,23700.0,0.0,0.0,0.0,0.0
2023-03-19 17:32:29.234000+00:00,4145152.0,35364864.0,40337408.0,40337408.0,4.52,0.152337937,19.3,3491499.0,0.0,0.0,21839.0,4879190.0,0.0,0.0,23700.0,0.0,0.0,0.0,0.0
2023-03-19 17:32:34.730000+00:00,4145152.0,35364864.0,40718336.0,40718336.0,4.56,0.152337937,19.3,3518625.0,0.0,0.0,22032.0,4916887.0,0.0,0.0,23909.0,0.0,0.0,0.0,0.0
2023-03-19 17:32:39.928000+00:00,4145152.0,35770368.0,40742912.0,40742912.0,4.59,0.152337937,19.58,3538691.0,0.0,0.0,22165.0,4942509.0,0.0,0.0,24050.0,0.0,0.0,0.0,0.0
2023-03-19 17:32:43.797000+00:00,4145152.0,35770368.0,40742912.0,40742912.0,4.6,0.152337937,19.58,3538691.0,0.0,0.0,22165.0,4942509.0,0.0,0.0,24050.0,0.0,0.0,0.0,0.0
2023-03-19 17:32:49.146000+00:00,4145152.0,35598336.0,40570880.0,40570880.0,4.63,0.152337937,19.69,3565055.0,0.0,0.0,22349.0,4979752.0,0.0,0.0,24249.0,0.0,0.0,0.0,0.0
2023-03-19 17:32:54.608000+00:00,4145152.0,35598336.0,40759296.0,40759296.0,4.65,0.152337937,19.69,3593953.0,0.0,0.0,22467.0,5013939.0,0.0,0.0,24375.0,0.0,0.0,0.0,0.0
2023-03-19 17:32:58.721000+00:00,4145152.0,36343808.0,41340928.0,41340928.0,4.66,0.152337937,19.78,3611799.0,0.0,0.0,22513.0,5035943.0,0.0,0.0,24422.0,0.0,0.0,0.0,0.0
2023-03-19 17:33:03.472000+00:00,4145152.0,36311040.0,41279488.0,41279488.0,4.68,0.152337937,19.81,3624764.0,0.0,0.0,22609.0,5055028.0,0.0,0.0,24526.0,0.0,0.0,0.0,0.0
2023-03-19 17:33:08.441000+00:00,4145152.0,36311040.0,41279488.0,41086976.0,4.71,0.152337937,19.88,3644222.0,0.0,0.0,22671.0,5079938.0,0.0,0.0,24596.0,0.0,0.0,0.0,0.0
2023-03-19 17:33:14.890000+00:00,4145152.0,36311040.0,41279488.0,41086976.0,4.72,0.182540869,19.88,3644222.0,0.0,0.0,22671.0,5079938.0,0.0,0.0,24596.0,0.0,0.0,0.0,0.0
2023-03-19 17:33:19.172000+00:00,4366336.0,36245504.0,41254912.0,41254912.0,4.74,0.152337937,20.04,3671830.0,0.0,0.0,22868.0,5119133.0,0.0,0.0,24812.0,0.0,0.0,0.0,0.0
2023-03-19 17:33:24.758000+00:00,4366336.0,36327424.0,41295872.0,41295872.0,4.76,0.152337937,20.08,3700481.0,0.0,0.0,22975.0,5153050.0,0.0,0.0,24931.0,0.0,0.0,0.0,0.0
2023-03-19 17:33:28.411000+00:00,4366336.0,36327424.0,41295872.0,41295872.0,4.76,0.152337937,20.09,3700481.0,0.0,0.0,22975.0,5153050.0,0.0,0.0,24931.0,0.0,0.0,0.0,0.0
2023-03-19 17:33:33.254000+00:00,4366336.0,36327424.0,41295872.0,40722432.0,4.77,0.152337937,20.09,3714839.0,0.0,0.0,23078.0,5177378.0,0.0,0.0,25045.0,0.0,0.0,0.0,0.0
2023-03-19 17:33:38.871000+00:00,4366336.0,36270080.0,41238528.0,41238528.0,4.78,0.152337937,20.22,3724048.0,0.0,0.0,23147.0,5192435.0,0.0,0.0,25126.0,0.0,0.0,0.0,0.0
2023-03-19 17:33:43.993000+00:00,4366336.0,36270080.0,41238528.0,41238528.0,4.81,0.152337937,20.32,3724048.0,0.0,0.0,23147.0,5192435.0,0.0,0.0,25126.0,0.0,0.0,0.0,0.0
2023-03-19 17:33:48.245000+00:00,4366336.0,36343808.0,41418752.0,41418752.0,4.81,0.152337937,20.34,3751976.0,0.0,0.0,23335.0,5231099.0,0.0,0.0,25333.0,0.0,0.0,0.0,0.0
2023-03-19 17:33:54.067000+00:00,4366336.0,36343808.0,41418752.0,41263104.0,4.83,0.152337937,20.34,3768327.0,0.0,0.0,23432.0,5253268.0,0.0,0.0,25441.0,0.0,0.0,0.0,0.0
2023-03-19 17:33:59.211000+00:00,4366336.0,35696640.0,40759296.0,40759296.0,4.84,0.152337937,20.47,3808917.0,0.0,0.0,23542.0,5297512.0,0.0,0.0,25563.0,0.0,0.0,0.0,0.0
2023-03-19 17:34:04.729000+00:00,4366336.0,35696640.0,41222144.0,41222144.0,4.85,0.152337937,20.47,3815052.0,0.0,0.0,23587.0,5308534.0,0.0,0.0,25610.0,0.0,0.0,0.0,0.0
2023-03-19 17:34:08.541000+00:00,4366336.0,36057088.0,41025536.0,41025536.0,4.86,0.152337937,20.56,3828065.0,0.0,0.0,23663.0,5325893.0,0.0,0.0,25693.0,0.0,0.0,0.0,0.0
2023-03-19 17:34:14.622000+00:00,4366336.0,36057088.0,41025536.0,41271296.0,4.89,0.152337937,20.64,3846743.0,0.0,0.0,23788.0,5349748.0,0.0,0.0,25826.0,0.0,0.0,0.0,0.0
2023-03-19 17:34:19.477000+00:00,4558848.0,35577856.0,40697856.0,40697856.0,4.92,0.152337937,20.67,3860490.0,0.0,0.0,23877.0,5368578.0,0.0,0.0,25919.0,0.0,0.0,0.0,0.0
2023-03-19 17:34:23.756000+00:00,4558848.0,35577856.0,41193472.0,41193472.0,4.94,0.152337937,20.72,3869567.0,0.0,0.0,23949.0,5382818.0,0.0,0.0,25996.0,0.0,0.0,0.0,0.0
2023-03-19 17:34:28.786000+00:00,4558848.0,35921920.0,40906752.0,40906752.0,4.96,0.152337937,20.78,3897456.0,0.0,0.0,24113.0,5415377.0,0.0,0.0,25996.0,0.0,0.0,0.0,0.0
2023-03-19 17:34:34.425000+00:00,4558848.0,35921920.0,41209856.0,41209856.0,4.99,0.152337937,20.87,3928043.0,0.0,0.0,24239.0,5452119.0,0.0,0.0,26320.0,0.0,0.0,0.0,0.0
2023-03-19 17:34:39.600000+00:00,4558848.0,36200448.0,41168896.0,41168896.0,4.99,0.152717053,20.9,3953569.0,0.0,0.0,24331.0,5483513.0,0.0,0.0,26425.0,0.0,0.0,0.0,0.0
2023-03-19 17:34:43.483000+00:00,4558848.0,36200448.0,41168896.0,41168896.0,5.01,0.152717053,20.9,3953569.0,0.0,0.0,24331.0,5483513.0,0.0,0.0,26425.0,0.0,0.0,0.0,0.0
2023-03-19 17:34:48.617000+00:00,4558848.0,36335616.0,41308160.0,41308160.0,5.02,0.152717053,21.02,3984113.0,0.0,0.0,24527.0,5524607.0,0.0,0.0,26639.0,0.0,0.0,0.0,0.0
2023-03-19 17:34:54.864000+00:00,4558848.0,36335616.0,40800256.0,40800256.0,5.04,0.152717053,21.02,4001730.0,0.0,0.0,24651.0,5548548.0,0.0,0.0,26778.0,0.0,0.0,0.0,0.0
2023-03-19 17:34:59.453000+00:00,4558848.0,35848192.0,40820736.0,40820736.0,5.05,0.152717053,21.16,4018380.0,0.0,0.0,24752.0,5570289.0,0.0,0.0,26893.0,0.0,0.0,0.0,0.0
2023-03-19 17:35:04.831000+00:00,4558848.0,35799040.0,40792064.0,40792064.0,5.08,0.152717053,21.22,4041423.0,0.0,0.0,24808.0,5597730.0,0.0,0.0,26952.0,0.0,0.0,0.0,0.0
2023-03-19 17:35:09.718000+00:00,4558848.0,35799040.0,40792064.0,40767488.0,5.08,0.152717053,21.22,4064392.0,0.0,0.0,24884.0,5625228.0,0.0,0.0,27035.0,0.0,0.0,0.0,0.0
2023-03-19 17:35:13.684000+00:00,4558848.0,35799040.0,40792064.0,40767488.0,5.09,0.152717053,21.22,4064392.0,0.0,0.0,24884.0,5625228.0,0.0,0.0,27035.0,0.0,0.0,0.0,0.0
2023-03-19 17:35:19.079000+00:00,4775936.0,35815424.0,41111552.0,41111552.0,5.14,0.152717053,21.35,4092124.0,0.0,0.0,25065.0,5663707.0,0.0,0.0,27228.0,0.0,0.0,0.0,0.0
2023-03-19 17:35:24.795000+00:00,4775936.0,35913728.0,40968192.0,40968192.0,5.16,0.152717053,21.39,4106368.0,0.0,0.0,25169.0,5683727.0,0.0,0.0,27342.0,0.0,0.0,0.0,0.0
2023-03-19 17:35:29.354000+00:00,4775936.0,35913728.0,40968192.0,40968192.0,5.18,0.152717053,21.5,4106368.0,0.0,0.0,25169.0,5683727.0,0.0,0.0,27342.0,0.0,0.0,0.0,0.0
2023-03-19 17:35:34.856000+00:00,4775936.0,35913728.0,40968192.0,41177088.0,5.18,0.152717053,21.5,4120950.0,0.0,0.0,25280.0,5708855.0,0.0,0.0,27462.0,0.0,0.0,0.0,0.0
2023-03-19 17:35:38.527000+00:00,4775936.0,36065280.0,41123840.0,41123840.0,5.2,0.152717053,21.61,4131774.0,0.0,0.0,25355.0,5724937.0,0.0,0.0,27544.0,0.0,0.0,0.0,0.0
2023-03-19 17:35:44.802000+00:00,4775936.0,35811328.0,40792064.0,40792064.0,5.21,0.152717053,21.68,4165976.0,0.0,0.0,25518.0,5766747.0,0.0,0.0,27727.0,0.0,0.0,0.0,0.0
2023-03-19 17:35:49.446000+00:00,4775936.0,35786752.0,40828928.0,40828928.0,5.24,0.152717053,21.68,4178416.0,0.0,0.0,25603.0,5784467.0,0.0,0.0,27819.0,0.0,0.0,0.0,0.0
2023-03-19 17:35:54.235000+00:00,4775936.0,35786752.0,40828928.0,41136128.0,5.24,0.152717053,21.68,4199113.0,0.0,0.0,25747.0,5810611.0,0.0,0.0,27973.0,0.0,0.0,0.0,0.0
2023-03-19 17:35:58.635000+00:00,4775936.0,36065280.0,41074688.0,41074688.0,5.26,0.152717053,21.88,4211647.0,0.0,0.0,25831.0,5827878.0,0.0,0.0,28064.0,0.0,0.0,0.0,0.0
2023-03-19 17:36:04.633000+00:00,4775936.0,36065280.0,41111552.0,41111552.0,5.26,0.152717053,21.88,4238653.0,0.0,0.0,25930.0,5860435.0,0.0,0.0,28176.0,0.0,0.0,0.0,0.0
2023-03-19 17:36:09.730000+00:00,4775936.0,36229120.0,41295872.0,41295872.0,5.28,0.152717053,22.03,4255047.0,0.0,0.0,26043.0,5882038.0,0.0,0.0,28293.0,0.0,0.0,0.0,0.0
2023-03-19 17:36:13.861000+00:00,4775936.0,36229120.0,41295872.0,41295872.0,5.29,0.152717053,22.03,4255047.0,0.0,0.0,26043.0,5882038.0,0.0,0.0,28293.0,0.0,0.0,0.0,0.0
2023-03-19 17:36:19.174000+00:00,5001216.0,35721216.0,40923136.0,40923136.0,5.33,0.152717053,22.13,4286121.0,0.0,0.0,26245.0,5924037.0,0.0,0.0,28514.0,0.0,0.0,0.0,0.0
2023-03-19 17:36:24.727000+00:00,5001216.0,35721216.0,41201664.0,41201664.0,5.34,0.152717053,22.13,4305328.0,0.0,0.0,26287.0,5947459.0,0.0,0.0,28559.0,0.0,0.0,0.0,0.0
2023-03-19 17:36:28.674000+00:00,5001216.0,36352000.0,41402368.0,41402368.0,5.35,0.152717053,22.27,4315811.0,0.0,0.0,26357.0,5962851.0,0.0,0.0,28632.0,0.0,0.0,0.0,0.0
2023-03-19 17:36:34.875000+00:00,5001216.0,36380672.0,41410560.0,41410560.0,5.36,0.152717053,22.34,4331756.0,0.0,0.0,26473.0,5985600.0,0.0,0.0,28757.0,0.0,0.0,0.0,0.0
2023-03-19 17:36:39.390000+00:00,5001216.0,36380672.0,41410560.0,41422848.0,5.38,0.152821365,22.43,4360307.0,0.0,0.0,26571.0,6018381.0,0.0,0.0,28865.0,0.0,0.0,0.0,0.0
2023-03-19 17:36:44.366000+00:00,5001216.0,36380672.0,41410560.0,41422848.0,5.39,0.152821365,22.43,4360307.0,0.0,0.0,26571.0,6018381.0,0.0,0.0,28865.0,0.0,0.0,0.0,0.0
2023-03-19 17:36:49.182000+00:00,5001216.0,36261888.0,41328640.0,41328640.0,5.39,0.152821365,22.52,4413740.0,0.0,0.0,26833.0,6083062.0,0.0,0.0,29156.0,0.0,0.0,0.0,0.0
2023-03-19 17:36:54.700000+00:00,5001216.0,36671488.0,41672704.0,41672704.0,5.41,0.152821365,22.62,4434720.0,0.0,0.0,26978.0,6109516.0,0.0,0.0,29315.0,0.0,0.0,0.0,0.0
2023-03-19 17:36:59.519000+00:00,5001216.0,36671488.0,41672704.0,41672704.0,5.41,0.152821365,22.62,4434720.0,0.0,0.0,26978.0,6109516.0,0.0,0.0,29315.0,0.0,0.0,0.0,0.0
2023-03-19 17:37:04.317000+00:00,5001216.0,36671488.0,41672704.0,41361408.0,5.43,0.152821365,22.62,4456144.0,0.0,0.0,27119.0,6142190.0,0.0,0.0,29470.0,0.0,0.0,0.0,0.0
2023-03-19 17:37:09.444000+00:00,5001216.0,36433920.0,41406464.0,41406464.0,5.44,0.152821365,22.75,4474035.0,0.0,0.0,27237.0,6166456.0,0.0,0.0,29605.0,0.0,0.0,0.0,0.0
2023-03-19 17:37:13.499000+00:00,5001216.0,36577280.0,41660416.0,41660416.0,5.46,0.152821365,22.83,4501208.0,0.0,0.0,27326.0,6199604.0,0.0,0.0,29706.0,0.0,0.0,0.0,0.0
2023-03-19 17:37:18.358000+00:00,5001216.0,36712448.0,41680896.0,41680896.0,5.47,0.152821365,22.83,4516745.0,0.0,0.0,27433.0,6221276.0,0.0,0.0,29821.0,0.0,0.0,0.0,0.0
2023-03-19 17:37:24.644000+00:00,5001216.0,36712448.0,41680896.0,41127936.0,5.52,0.152821365,22.83,4530498.0,0.0,0.0,27529.0,6240895.0,0.0,0.0,29922.0,0.0,0.0,0.0,0.0
2023-03-19 17:37:28.650000+00:00,5226496.0,35926016.0,40968192.0,40968192.0,5.52,0.152821365,22.98,4544267.0,0.0,0.0,27612.0,6260566.0,0.0,0.0,30015.0,0.0,0.0,0.0,0.0
2023-03-19 17:37:34.337000+00:00,5226496.0,35926016.0,41451520.0,41451520.0,5.54,0.152821365,22.98,4577374.0,0.0,0.0,27746.0,6299582.0,0.0,0.0,30166.0,0.0,0.0,0.0,0.0
2023-03-19 17:37:38.909000+00:00,5226496.0,36192256.0,41299968.0,41299968.0,5.56,0.153918171,23.18,4601779.0,0.0,0.0,27818.0,6328125.0,0.0,0.0,30245.0,0.0,0.0,0.0,0.0
2023-03-19 17:37:44.262000+00:00,5226496.0,36290560.0,41377792.0,41377792.0,5.6,0.159877201,23.28,4617717.0,0.0,0.0,27941.0,6349885.0,0.0,0.0,30375.0,0.0,0.0,0.0,0.0
2023-03-19 17:37:48.978000+00:00,5226496.0,36642816.0,41623552.0,41623552.0,5.61,0.160189261,23.36,4652302.0,0.0,0.0,28077.0,6389403.0,0.0,0.0,30522.0,0.0,0.0,0.0,0.0
2023-03-19 17:37:53.742000+00:00,5226496.0,36642816.0,41623552.0,41623552.0,5.62,0.160221015,23.42,4652302.0,0.0,0.0,28077.0,6389403.0,0.0,0.0,30522.0,0.0,0.0,0.0,0.0
2023-03-19 17:37:59.831000+00:00,5226496.0,36466688.0,41443328.0,41443328.0,5.63,0.160446984,23.49,4674235.0,0.0,0.0,28227.0,6422747.0,0.0,0.0,30522.0,0.0,0.0,0.0,0.0
2023-03-19 17:38:04.186000+00:00,5226496.0,36466688.0,41394176.0,41394176.0,5.64,0.160446984,23.49,4700576.0,0.0,0.0,28313.0,6453720.0,0.0,0.0,30782.0,0.0,0.0,0.0,0.0
2023-03-19 17:38:09.919000+00:00,5226496.0,36823040.0,41803776.0,41803776.0,5.65,0.161531178,23.66,4751294.0,0.0,0.0,28565.0,6510382.0,0.0,0.0,31056.0,0.0,0.0,0.0,0.0
2023-03-19 17:38:13.560000+00:00,5226496.0,36823040.0,41803776.0,41803776.0,5.66,0.161773029,23.68,4751294.0,0.0,0.0,28565.0,6510382.0,0.0,0.0,31056.0,0.0,0.0,0.0,0.0
2023-03-19 17:38:19.900000+00:00,5464064.0,36872192.0,41938944.0,41803776.0,5.7,0.161990392,23.78,4751294.0,0.0,0.0,28565.0,6510382.0,0.0,0.0,31056.0,0.0,0.0,0.0,0.0
2023-03-19 17:38:23.020000+00:00,5464064.0,36335616.0,41549824.0,41549824.0,5.7,0.338530846,23.78,4782749.0,0.0,0.0,28799.0,6557189.0,0.0,0.0,31305.0,0.0,0.0,0.0,0.0
2023-03-19 17:38:28.867000+00:00,5464064.0,36708352.0,41783296.0,41783296.0,5.72,0.165339511,23.95,4818462.0,0.0,0.0,28936.0,6598500.0,0.0,0.0,31457.0,0.0,0.0,0.0,0.0
2023-03-19 17:38:34.052000+00:00,5464064.0,36708352.0,41783296.0,41783296.0,5.73,0.187676639,24.01,4831293.0,0.0,0.0,29030.0,6617232.0,0.0,0.0,31561.0,0.0,0.0,0.0,0.0
2023-03-19 17:38:38.700000+00:00,5464064.0,36708352.0,41238528.0,41238528.0,5.76,0.188095794,24.1,4840629.0,0.0,0.0,29090.0,6631341.0,0.0,0.0,31622.0,0.0,0.0,0.0,0.0
2023-03-19 17:38:44.273000+00:00,5464064.0,36708352.0,41238528.0,41238528.0,5.77,0.188493162,24.1,4840629.0,0.0,0.0,29090.0,6631341.0,0.0,0.0,31622.0,0.0,0.0,0.0,0.0
2023-03-19 17:38:48.761000+00:00,5464064.0,36057088.0,41082880.0,41082880.0,5.79,0.188813382,24.22,4867893.0,0.0,0.0,29268.0,6670305.0,0.0,0.0,31810.0,0.0,0.0,0.0,0.0
2023-03-19 17:38:53.849000+00:00,5464064.0,36057088.0,41082880.0,41082880.0,5.8,0.188813382,24.22,4867893.0,0.0,0.0,29268.0,6670305.0,0.0,0.0,31810.0,0.0,0.0,0.0,0.0
2023-03-19 17:38:59.595000+00:00,5464064.0,36057088.0,41082880.0,41082880.0,5.82,0.195911221,24.35,4867893.0,0.0,0.0,29268.0,6670305.0,0.0,0.0,31810.0,0.0,0.0,0.0,0.0
2023-03-19 17:39:04.299000+00:00,5464064.0,36057088.0,41541632.0,41541632.0,5.84,0.195911221,24.35,4945295.0,0.0,0.0,29586.0,6761619.0,0.0,0.0,32152.0,0.0,0.0,0.0,0.0
2023-03-19 17:39:09.658000+00:00,5464064.0,36401152.0,41431040.0,41431040.0,5.86,0.197923011,24.48,4955688.0,0.0,0.0,29668.0,6778031.0,0.0,0.0,32241.0,0.0,0.0,0.0,0.0
2023-03-19 17:39:14.773000+00:00,5464064.0,36401152.0,41431040.0,41431040.0,5.88,0.199191613,24.48,4955688.0,0.0,0.0,29668.0,6778031.0,0.0,0.0,32241.0,0.0,0.0,0.0,0.0
2023-03-19 17:39:19.175000+00:00,5681152.0,36446208.0,41488384.0,41488384.0,5.92,0.210009372,24.62,5040576.0,0.0,0.0,29942.0,6875324.0,0.0,0.0,32549.0,0.0,0.0,0.0,0.0
2023-03-19 17:39:23.723000+00:00,5681152.0,36446208.0,41766912.0,41766912.0,5.92,0.210009372,24.62,5075123.0,0.0,0.0,30070.0,6915453.0,0.0,0.0,32689.0,0.0,0.0,0.0,0.0
2023-03-19 17:39:28.892000+00:00,5681152.0,36622336.0,41734144.0,41734144.0,5.94,0.210009372,24.73,5085553.0,0.0,0.0,30147.0,6932230.0,0.0,0.0,32776.0,0.0,0.0,0.0,0.0
2023-03-19 17:39:34.434000+00:00,5681152.0,36335616.0,41312256.0,41312256.0,5.94,0.210009372,24.73,5108199.0,0.0,0.0,30291.0,6960021.0,0.0,0.0,32930.0,0.0,0.0,0.0,0.0
2023-03-19 17:39:39.762000+00:00,5681152.0,36335616.0,41312256.0,41517056.0,5.96,0.210009372,24.89,5154715.0,0.0,0.0,30378.0,7010597.0,0.0,0.0,33023.0,0.0,0.0,0.0,0.0
2023-03-19 17:39:44.706000+00:00,5681152.0,36945920.0,41930752.0,41930752.0,5.98,0.210009372,24.89,5177144.0,0.0,0.0,30530.0,7038648.0,0.0,0.0,33186.0,0.0,0.0,0.0,0.0
2023-03-19 17:39:49.008000+00:00,5681152.0,37060608.0,42151936.0,42151936.0,6.0,0.210009372,25.02,5204486.0,0.0,0.0,30605.0,7070123.0,0.0,0.0,33267.0,0.0,0.0,0.0,0.0
2023-03-19 17:39:54.836000+00:00,5681152.0,36347904.0,41369600.0,41369600.0,6.01,0.210009372,25.04,5253345.0,0.0,0.0,30700.0,7121972.0,0.0,0.0,33365.0,0.0,0.0,0.0,0.0
2023-03-19 17:39:59.187000+00:00,5681152.0,36347904.0,41369600.0,41369600.0,6.02,0.210009372,25.04,5253345.0,0.0,0.0,30700.0,7121972.0,0.0,0.0,33365.0,0.0,0.0,0.0,0.0
2023-03-19 17:40:03.733000+00:00,5681152.0,36347904.0,41369600.0,41988096.0,6.06,0.210009372,25.15,5305906.0,0.0,0.0,30955.0,7184330.0,0.0,0.0,33644.0,0.0,0.0,0.0,0.0
2023-03-19 17:40:08.782000+00:00,5681152.0,36700160.0,41676800.0,41676800.0,6.06,0.210009372,25.18,5314138.0,0.0,0.0,31015.0,7197502.0,0.0,0.0,33705.0,0.0,0.0,0.0,0.0
2023-03-19 17:40:14.135000+00:00,5681152.0,36700160.0,41676800.0,41676800.0,6.09,0.210009372,25.29,5314138.0,0.0,0.0,31015.0,7197502.0,0.0,0.0,33705.0,0.0,0.0,0.0,0.0
2023-03-19 17:40:19.339000+00:00,5926912.0,36552704.0,41828352.0,41828352.0,6.12,0.210009372,25.33,5370931.0,0.0,0.0,31283.0,7266222.0,0.0,0.0,34006.0,0.0,0.0,0.0,0.0
2023-03-19 17:40:23.678000+00:00,5926912.0,36552704.0,41828352.0,41488384.0,6.13,0.210009372,25.33,5383061.0,0.0,0.0,31369.0,7284058.0,0.0,0.0,34102.0,0.0,0.0,0.0,0.0
2023-03-19 17:40:28.658000+00:00,5926912.0,36700160.0,42008576.0,42008576.0,6.15,0.210009372,25.55,5401528.0,0.0,0.0,31490.0,7308723.0,0.0,0.0,34236.0,0.0,0.0,0.0,0.0
2023-03-19 17:40:34.718000+00:00,5926912.0,36700160.0,41332736.0,41332736.0,6.16,0.210009372,25.55,5427108.0,0.0,0.0,31546.0,7338015.0,0.0,0.0,34294.0,0.0,0.0,0.0,0.0
2023-03-19 17:40:39.745000+00:00,5926912.0,36954112.0,41934848.0,41934848.0,6.18,0.210009372,25.69,5435877.0,0.0,0.0,31611.0,7352624.0,0.0,0.0,34368.0,0.0,0.0,0.0,0.0
2023-03-19 17:40:44.265000+00:00,5926912.0,36601856.0,41934848.0,41934848.0,6.18,0.210009372,25.69,5435877.0,0.0,0.0,31611.0,7352624.0,0.0,0.0,34368.0,0.0,0.0,0.0,0.0
2023-03-19 17:40:48.514000+00:00,5926912.0,36253696.0,41287680.0,41287680.0,6.2,0.210009372,25.76,5448684.0,0.0,0.0,31705.0,7376185.0,0.0,0.0,34473.0,0.0,0.0,0.0,0.0
2023-03-19 17:40:54.799000+00:00,5926912.0,36253696.0,41390080.0,41390080.0,6.24,0.210009372,25.76,5480371.0,0.0,0.0,31802.0,7412284.0,0.0,0.0,34572.0,0.0,0.0,0.0,0.0
2023-03-19 17:40:58.541000+00:00,5926912.0,36323328.0,41353216.0,41353216.0,6.25,0.210009372,25.86,5493876.0,0.0,0.0,31891.0,7430916.0,0.0,0.0,34673.0,0.0,0.0,0.0,0.0
2023-03-19 17:41:03.687000+00:00,5926912.0,36499456.0,41480192.0,41480192.0,6.27,0.021687148,25.86,5526882.0,0.0,0.0,32003.0,7469657.0,0.0,0.0,34793.0,0.0,0.0,0.0,0.0
2023-03-19 17:41:08.724000+00:00,5926912.0,36982784.0,41959424.0,41959424.0,6.27,0.210324165,25.96,5534193.0,0.0,0.0,32054.0,7481792.0,0.0,0.0,34851.0,0.0,0.0,0.0,0.0
2023-03-19 17:41:13.965000+00:00,5926912.0,36982784.0,41959424.0,41959424.0,6.3,0.210324165,25.96,5534193.0,0.0,0.0,32054.0,7481792.0,0.0,0.0,34851.0,0.0,0.0,0.0,0.0
2023-03-19 17:41:18.876000+00:00,6119424.0,36462592.0,41582592.0,41582592.0,6.33,0.211615632,26.08,5566287.0,0.0,0.0,32274.0,7524990.0,0.0,0.0,35094.0,0.0,0.0,0.0,0.0
2023-03-19 17:41:24.046000+00:00,6119424.0,36462592.0,41582592.0,41582592.0,6.36,0.211689417,26.14,5566287.0,0.0,0.0,32374.0,7545121.0,0.0,0.0,35203.0,0.0,0.0,0.0,0.0
2023-03-19 17:41:28.914000+00:00,6119424.0,36462592.0,41582592.0,41582592.0,6.38,0.212403136,26.14,5566287.0,0.0,0.0,32374.0,7545121.0,0.0,0.0,35203.0,0.0,0.0,0.0,0.0
2023-03-19 17:41:34.435000+00:00,6119424.0,36388864.0,41463808.0,41463808.0,6.39,0.212403136,26.14,5623676.0,0.0,0.0,32540.0,7598491.0,0.0,0.0,35386.0,0.0,0.0,0.0,0.0
2023-03-19 17:41:38.650000+00:00,6119424.0,36913152.0,41889792.0,41889792.0,6.39,0.212643109,26.29,5632347.0,0.0,0.0,32598.0,7612061.0,0.0,0.0,35450.0,0.0,0.0,0.0,0.0
2023-03-19 17:41:43.946000+00:00,6119424.0,36192256.0,41172992.0,41889792.0,6.4,0.213272159,26.29,5632347.0,0.0,0.0,32598.0,7612061.0,0.0,0.0,35450.0,0.0,0.0,0.0,0.0
2023-03-19 17:41:49.117000+00:00,6119424.0,36192256.0,41172992.0,41889792.0,6.42,0.21386413,26.43,5632347.0,0.0,0.0,32819.0,7674456.0,0.0,0.0,35689.0,0.0,0.0,0.0,0.0
2023-03-19 17:41:54.146000+00:00,6119424.0,36663296.0,41648128.0,41648128.0,6.44,0.21386413,26.43,5703016.0,0.0,0.0,32932.0,7698023.0,0.0,0.0,35814.0,0.0,0.0,0.0,0.0
2023-03-19 17:41:59.119000+00:00,6119424.0,36552704.0,41541632.0,41541632.0,6.46,0.215199432,26.57,5715308.0,0.0,0.0,33008.0,7716023.0,0.0,0.0,35904.0,0.0,0.0,0.0,0.0
2023-03-19 17:42:04.432000+00:00,6119424.0,36552704.0,42049536.0,42049536.0,6.46,0.219068853,26.57,5740869.0,0.0,0.0,33048.0,7745147.0,0.0,0.0,35947.0,0.0,0.0,0.0,0.0
2023-03-19 17:42:08.986000+00:00,6119424.0,36552704.0,42049536.0,42049536.0,6.47,0.223047312,26.66,5740869.0,0.0,0.0,33142.0,7764098.0,0.0,0.0,36043.0,0.0,0.0,0.0,0.0
2023-03-19 17:42:13.566000+00:00,6119424.0,36552704.0,42049536.0,42049536.0,6.49,0.224533839,26.66,5740869.0,0.0,0.0,33142.0,7764098.0,0.0,0.0,36043.0,0.0,0.0,0.0,0.0
2023-03-19 17:42:19.763000+00:00,6307840.0,36777984.0,41762816.0,41762816.0,6.53,0.229125021,26.8,5825868.0,0.0,0.0,33383.0,7846573.0,0.0,0.0,36311.0,0.0,0.0,0.0,0.0
2023-03-19 17:42:24.327000+00:00,6307840.0,36777984.0,41652224.0,41652224.0,6.53,0.251474523,26.8,5837473.0,0.0,0.0,33464.0,7863950.0,0.0,0.0,36399.0,0.0,0.0,0.0,0.0
2023-03-19 17:42:29.164000+00:00,6307840.0,36360192.0,41512960.0,41512960.0,6.56,0.254645352,26.9,5844106.0,0.0,0.0,33514.0,7875798.0,0.0,0.0,36456.0,0.0,0.0,0.0,0.0
2023-03-19 17:42:33.874000+00:00,6307840.0,36360192.0,41512960.0,41512960.0,6.56,0.263618335,26.92,5844106.0,0.0,0.0,33543.0,7884490.0,0.0,0.0,36487.0,0.0,0.0,0.0,0.0
2023-03-19 17:42:39.301000+00:00,6307840.0,36782080.0,41799680.0,41799680.0,6.6,0.29329283,27.09,5885194.0,0.0,0.0,33664.0,7925839.0,0.0,0.0,36616.0,0.0,0.0,0.0,0.0
2023-03-19 17:42:44.239000+00:00,6307840.0,36782080.0,41799680.0,41799680.0,6.6,0.29329283,27.09,5885194.0,0.0,0.0,33664.0,7925839.0,0.0,0.0,36616.0,0.0,0.0,0.0,0.0
2023-03-19 17:42:49.230000+00:00,6307840.0,37249024.0,42770432.0,42770432.0,6.64,0.294336627,27.26,5954685.0,0.0,0.0,33880.0,8004917.0,0.0,0.0,36860.0,0.0,0.0,0.0,0.0
2023-03-19 17:42:54.269000+00:00,6307840.0,37031936.0,42074112.0,42074112.0,6.65,0.294370188,27.28,5965477.0,0.0,0.0,33954.0,8020730.0,0.0,0.0,36940.0,0.0,0.0,0.0,0.0
2023-03-19 17:42:59.730000+00:00,6307840.0,37031936.0,42074112.0,42074112.0,6.65,0.295377616,27.28,5965477.0,0.0,0.0,33954.0,8020730.0,0.0,0.0,36940.0,0.0,0.0,0.0,0.0
2023-03-19 17:43:08.808000+00:00,6307840.0,37122048.0,42098688.0,42098688.0,6.68,0.295422835,27.4,5994023.0,0.0,0.0,34146.0,8064090.0,0.0,0.0,37148.0,0.0,0.0,0.0,0.0
2023-03-19 17:43:13.935000+00:00,6307840.0,37122048.0,42098688.0,41578496.0,6.7,0.295953744,27.4,6053710.0,0.0,0.0,34279.0,8127821.0,0.0,0.0,37294.0,0.0,0.0,0.0,0.0
2023-03-19 17:43:18.500000+00:00,6500352.0,37113856.0,42090496.0,42090496.0,6.72,0.295953744,27.5,6062609.0,0.0,0.0,34342.0,8142152.0,0.0,0.0,37361.0,0.0,0.0,0.0,0.0
2023-03-19 17:43:24.545000+00:00,6500352.0,37113856.0,41725952.0,41725952.0,6.74,0.296875807,27.5,6104535.0,0.0,0.0,34492.0,8189324.0,0.0,0.0,37520.0,0.0,0.0,0.0,0.0
2023-03-19 17:43:28.985000+00:00,6500352.0,36499456.0,41615360.0,41615360.0,6.75,0.29711551,27.65,6114079.0,0.0,0.0,34560.0,8204179.0,0.0,0.0,37596.0,0.0,0.0,0.0,0.0
2023-03-19 17:43:33.887000+00:00,6500352.0,36884480.0,42008576.0,42008576.0,6.79,0.29711551,27.71,6119669.0,0.0,0.0,34593.0,8214084.0,0.0,0.0,37634.0,0.0,0.0,0.0,0.0
2023-03-19 17:43:38.423000+00:00,6500352.0,36884480.0,42008576.0,41676800.0,6.8,0.297923039,27.74,6129654.0,0.0,0.0,34662.0,8229609.0,0.0,0.0,37705.0,0.0,0.0,0.0,0.0
2023-03-19 17:43:43.604000+00:00,6500352.0,36884480.0,42008576.0,41676800.0,6.81,0.298709883,27.74,6129654.0,0.0,0.0,34662.0,8229609.0,0.0,0.0,37705.0,0.0,0.0,0.0,0.0
2023-03-19 17:43:49.889000+00:00,6500352.0,36941824.0,41988096.0,41988096.0,6.83,0.299870724,27.94,6239910.0,0.0,0.0,34990.0,8349048.0,0.0,0.0,38070.0,0.0,0.0,0.0,0.0
2023-03-19 17:43:53.927000+00:00,6500352.0,36376576.0,41406464.0,41406464.0,6.85,0.300043157,28.0,6242279.0,0.0,0.0,35008.0,8356009.0,0.0,0.0,38090.0,0.0,0.0,0.0,0.0
2023-03-19 17:43:58.529000+00:00,6500352.0,36376576.0,41963520.0,41963520.0,6.85,0.300043157,28.03,6271994.0,0.0,0.0,35073.0,8390586.0,0.0,0.0,38159.0,0.0,0.0,0.0,0.0
2023-03-19 17:44:08.700000+00:00,6500352.0,36716544.0,41701376.0,41701376.0,6.87,0.300136479,28.12,6297255.0,0.0,0.0,35225.0,8426574.0,0.0,0.0,38335.0,0.0,0.0,0.0,0.0
2023-03-19 17:44:13.292000+00:00,6500352.0,36716544.0,41861120.0,41861120.0,6.88,0.300702425,28.16,6319785.0,0.0,0.0,35339.0,8453811.0,0.0,0.0,38457.0,0.0,0.0,0.0,0.0
2023-03-19 17:44:18.060000+00:00,6500352.0,36798464.0,41775104.0,41775104.0,6.89,0.300992966,28.16,6331067.0,0.0,0.0,35419.0,8470797.0,0.0,0.0,38551.0,0.0,0.0,0.0,0.0
2023-03-19 17:44:24.862000+00:00,6500352.0,36798464.0,41775104.0,41877504.0,6.94,0.301517102,28.34,6397569.0,0.0,0.0,35578.0,8539967.0,0.0,0.0,38716.0,0.0,0.0,0.0,0.0
2023-03-19 17:44:28.971000+00:00,6692864.0,36503552.0,41484288.0,41484288.0,6.94,0.301676244,28.36,6407408.0,0.0,0.0,35634.0,8555153.0,0.0,0.0,38778.0,0.0,0.0,0.0,0.0
2023-03-19 17:44:34.262000+00:00,6692864.0,36503552.0,41484288.0,41484288.0,6.95,0.301676244,28.36,6421638.0,0.0,0.0,35726.0,8575062.0,0.0,0.0,38881.0,0.0,0.0,0.0,0.0
2023-03-19 17:44:39.017000+00:00,6692864.0,36429824.0,41467904.0,41467904.0,6.97,0.314337319,28.48,6434242.0,0.0,0.0,35809.0,8593583.0,0.0,0.0,38978.0,0.0,0.0,0.0,0.0
2023-03-19 17:44:43.741000+00:00,6692864.0,37068800.0,42045440.0,42045440.0,6.98,0.314337319,28.5,6444743.0,0.0,0.0,35882.0,8608948.0,0.0,0.0,39056.0,0.0,0.0,0.0,0.0
2023-03-19 17:44:49.722000+00:00,6692864.0,37068800.0,42045440.0,41988096.0,6.99,0.314706385,28.5,6455972.0,0.0,0.0,35961.0,8626098.0,0.0,0.0,39142.0,0.0,0.0,0.0,0.0
2023-03-19 17:44:54.531000+00:00,6692864.0,37068800.0,41984000.0,41984000.0,7.0,0.314706385,28.5,6468249.0,0.0,0.0,36049.0,8643372.0,0.0,0.0,39234.0,0.0,0.0,0.0,0.0
2023-03-19 17:44:58.425000+00:00,6692864.0,36810752.0,41803776.0,41803776.0,7.01,0.314817924,28.7,6480061.0,0.0,0.0,36122.0,8660528.0,0.0,0.0,39319.0,0.0,0.0,0.0,0.0
2023-03-19 17:45:03.966000+00:00,6692864.0,36810752.0,41803776.0,41803776.0,7.02,0.314874953,28.74,6480061.0,0.0,0.0,36218.0,8702282.0,0.0,0.0,39423.0,0.0,0.0,0.0,0.0
2023-03-19 17:45:09.243000+00:00,6692864.0,36810752.0,41951232.0,41951232.0,7.05,0.314895643,28.81,6549572.0,0.0,0.0,36301.0,8739082.0,0.0,0.0,39509.0,0.0,0.0,0.0,0.0
2023-03-19 17:45:13.778000+00:00,6692864.0,36810752.0,41951232.0,41951232.0,7.05,0.314895643,28.81,6549572.0,0.0,0.0,36301.0,8739082.0,0.0,0.0,39509.0,0.0,0.0,0.0,0.0
2023-03-19 17:45:18.614000+00:00,6881280.0,36462592.0,41541632.0,41541632.0,7.07,0.317504838,28.91,6587780.0,0.0,0.0,36417.0,8787453.0,0.0,0.0,39635.0,0.0,0.0,0.0,0.0
2023-03-19 17:45:24.632000+00:00,6881280.0,36462592.0,41541632.0,41541632.0,7.1,0.317851606,28.96,6587780.0,0.0,0.0,36537.0,8833066.0,0.0,0.0,39765.0,0.0,0.0,0.0,0.0
2023-03-19 17:45:29.658000+00:00,6881280.0,37093376.0,42070016.0,42070016.0,7.12,0.318095329,29.05,6646862.0,0.0,0.0,36669.0,8857636.0,0.0,0.0,39912.0,0.0,0.0,0.0,0.0
2023-03-19 17:45:39.829000+00:00,6881280.0,37081088.0,42188800.0,42188800.0,7.16,0.328311706,29.16,6716694.0,0.0,0.0,36832.0,8934818.0,0.0,0.0,40086.0,0.0,0.0,0.0,0.0
2023-03-19 17:45:44.073000+00:00,6881280.0,37081088.0,42188800.0,42188800.0,7.16,0.328560448,29.2,6716694.0,0.0,0.0,36832.0,8934818.0,0.0,0.0,40086.0,0.0,0.0,0.0,0.0
2023-03-19 17:45:49.257000+00:00,6881280.0,37126144.0,42184704.0,42184704.0,7.18,0.329243053,29.29,6766419.0,0.0,0.0,37011.0,8993834.0,0.0,0.0,40285.0,0.0,0.0,0.0,0.0
2023-03-19 17:45:54.100000+00:00,6881280.0,37126144.0,42156032.0,42156032.0,7.19,0.329368903,29.29,6783001.0,0.0,0.0,37117.0,9015187.0,0.0,0.0,40403.0,0.0,0.0,0.0,0.0
2023-03-19 17:45:59.273000+00:00,6881280.0,36716544.0,41705472.0,41705472.0,7.2,0.329666913,29.42,6807014.0,0.0,0.0,37262.0,9044683.0,0.0,0.0,40566.0,0.0,0.0,0.0,0.0
2023-03-19 17:46:04.656000+00:00,6881280.0,36716544.0,41824256.0,41824256.0,7.22,0.338403186,29.47,6843394.0,0.0,0.0,37364.0,9086929.0,0.0,0.0,40678.0,0.0,0.0,0.0,0.0
2023-03-19 17:46:09.197000+00:00,6881280.0,36716544.0,41824256.0,42008576.0,7.24,0.340181957,29.54,6857205.0,0.0,0.0,37447.0,9106237.0,0.0,0.0,40774.0,0.0,0.0,0.0,0.0
2023-03-19 17:46:14.443000+00:00,6881280.0,36716544.0,41824256.0,42008576.0,7.24,0.341031558,29.54,6857205.0,0.0,0.0,37447.0,9106237.0,0.0,0.0,40774.0,0.0,0.0,0.0,0.0
2023-03-19 17:46:18.863000+00:00,7094272.0,36745216.0,41893888.0,41893888.0,7.29,0.341641251,29.68,6883842.0,0.0,0.0,37619.0,9143699.0,0.0,0.0,40957.0,0.0,0.0,0.0,0.0
2023-03-19 17:46:24.231000+00:00,7094272.0,37208064.0,42246144.0,42246144.0,7.29,0.341641251,29.71,6890960.0,0.0,0.0,37667.0,9155555.0,0.0,0.0,41008.0,0.0,0.0,0.0,0.0
2023-03-19 17:46:28.690000+00:00,7094272.0,36790272.0,41857024.0,41857024.0,7.3,0.342481044,29.72,6898061.0,0.0,0.0,37709.0,9167462.0,0.0,0.0,41049.0,0.0,0.0,0.0,0.0
2023-03-19 17:46:34.865000+00:00,7094272.0,36790272.0,41857024.0,41857024.0,7.34,0.342632378,29.79,6930367.0,0.0,0.0,37779.0,9205265.0,0.0,0.0,41131.0,0.0,0.0,0.0,0.0
2023-03-19 17:46:39.544000+00:00,7094272.0,36728832.0,41996288.0,41996288.0,7.38,0.342814725,29.85,6943764.0,0.0,0.0,37878.0,9224444.0,0.0,0.0,41237.0,0.0,0.0,0.0,0.0
2023-03-19 17:46:44.889000+00:00,7094272.0,36728832.0,41996288.0,41996288.0,7.38,0.343469189,29.95,6943764.0,0.0,0.0,37878.0,9224444.0,0.0,0.0,41237.0,0.0,0.0,0.0,0.0
2023-03-19 17:46:48.944000+00:00,7094272.0,36593664.0,41672704.0,41672704.0,7.39,0.343516328,29.96,7045951.0,0.0,0.0,38115.0,9336606.0,0.0,0.0,41496.0,0.0,0.0,0.0,0.0
2023-03-19 17:46:54.909000+00:00,7094272.0,36634624.0,41844736.0,41844736.0,7.4,0.343561943,30.05,7060462.0,0.0,0.0,38211.0,9356678.0,0.0,0.0,41604.0,0.0,0.0,0.0,0.0
2023-03-19 17:46:59.262000+00:00,7094272.0,36634624.0,41844736.0,41844736.0,7.4,0.343561943,30.05,7060462.0,0.0,0.0,38211.0,9356678.0,0.0,0.0,41604.0,0.0,0.0,0.0,0.0
2023-03-19 17:47:03.552000+00:00,7094272.0,36634624.0,41816064.0,41816064.0,7.42,0.343561943,30.05,7099398.0,0.0,0.0,38304.0,9404062.0,0.0,0.0,41706.0,0.0,0.0,0.0,0.0
2023-03-19 17:47:08.186000+00:00,7094272.0,36589568.0,41574400.0,41574400.0,7.44,0.343671206,30.14,7109029.0,0.0,0.0,38368.0,9418543.0,0.0,0.0,41774.0,0.0,0.0,0.0,0.0
2023-03-19 17:47:13.937000+00:00,7094272.0,36589568.0,41574400.0,41574400.0,7.46,0.343671206,30.29,7109029.0,0.0,0.0,38368.0,9418543.0,0.0,0.0,41774.0,0.0,0.0,0.0,0.0
2023-03-19 17:47:19.636000+00:00,7282688.0,37113856.0,42295296.0,42295296.0,7.49,0.3460514,30.33,7169210.0,0.0,0.0,38599.0,9487749.0,0.0,0.0,42024.0,0.0,0.0,0.0,0.0
2023-03-19 17:47:24.580000+00:00,7282688.0,37113856.0,42262528.0,42262528.0,7.53,0.346088138,30.4,7208009.0,0.0,0.0,38702.0,9529839.0,0.0,0.0,42138.0,0.0,0.0,0.0,0.0
2023-03-19 17:47:29.540000+00:00,7282688.0,37011456.0,42135552.0,42135552.0,7.54,0.353591784,30.42,7215890.0,0.0,0.0,38753.0,9542312.0,0.0,0.0,42189.0,0.0,0.0,0.0,0.0
2023-03-19 17:47:34.775000+00:00,7282688.0,37363712.0,42401792.0,42401792.0,7.56,0.353932456,30.51,7235933.0,0.0,0.0,38893.0,9568035.0,0.0,0.0,42343.0,0.0,0.0,0.0,0.0
2023-03-19 17:47:39.719000+00:00,7282688.0,37236736.0,42323968.0,42323968.0,7.56,0.3541816,30.51,7249500.0,0.0,0.0,38977.0,9586793.0,0.0,0.0,42435.0,0.0,0.0,0.0,0.0
2023-03-19 17:47:44.127000+00:00,7282688.0,37236736.0,42323968.0,42323968.0,7.58,0.354531713,30.51,7249500.0,0.0,0.0,38977.0,9586793.0,0.0,0.0,42435.0,0.0,0.0,0.0,0.0
2023-03-19 17:47:49.851000+00:00,7282688.0,37011456.0,42160128.0,42160128.0,7.6,0.354817173,30.71,7295517.0,0.0,0.0,39270.0,9644308.0,0.0,0.0,42763.0,0.0,0.0,0.0,0.0
2023-03-19 17:47:54.443000+00:00,7282688.0,37011456.0,42160128.0,42160128.0,7.62,0.414845543,30.8,7295517.0,0.0,0.0,39364.0,9665317.0,0.0,0.0,42866.0,0.0,0.0,0.0,0.0
2023-03-19 17:47:58.361000+00:00,7282688.0,37359616.0,42418176.0,42418176.0,7.62,0.414845543,30.81,7316963.0,0.0,0.0,39399.0,9675061.0,0.0,0.0,42901.0,0.0,0.0,0.0,0.0
2023-03-19 17:48:04.645000+00:00,7282688.0,37359616.0,42418176.0,42287104.0,7.68,0.414845543,30.95,7328274.0,0.0,0.0,39480.0,9692023.0,0.0,0.0,42994.0,0.0,0.0,0.0,0.0
2023-03-19 17:48:08.791000+00:00,7282688.0,37285888.0,42291200.0,42291200.0,7.68,0.452795107,30.96,7343702.0,0.0,0.0,39584.0,9712924.0,0.0,0.0,43109.0,0.0,0.0,0.0,0.0
2023-03-19 17:48:14.137000+00:00,7282688.0,37285888.0,42291200.0,42291200.0,7.7,0.452795107,30.96,7343702.0,0.0,0.0,39584.0,9712924.0,0.0,0.0,43109.0,0.0,0.0,0.0,0.0
2023-03-19 17:48:19.007000+00:00,7512064.0,37163008.0,42545152.0,42545152.0,7.73,0.452894591,31.12,7383313.0,0.0,0.0,39853.0,9766640.0,0.0,0.0,43424.0,0.0,0.0,0.0,0.0
2023-03-19 17:48:24.769000+00:00,7512064.0,37163008.0,43888640.0,43888640.0,7.75,0.452894591,31.12,7394557.0,0.0,0.0,39923.0,9782891.0,0.0,0.0,43502.0,0.0,0.0,0.0,0.0
2023-03-19 17:48:28.898000+00:00,7512064.0,37093376.0,42086400.0,42086400.0,7.76,0.453217564,31.2,7396699.0,0.0,0.0,39935.0,9789483.0,0.0,0.0,43515.0,0.0,0.0,0.0,0.0
2023-03-19 17:48:34.849000+00:00,7512064.0,37093376.0,42758144.0,42758144.0,7.76,0.453217564,31.2,7408856.0,0.0,0.0,40011.0,9806963.0,0.0,0.0,43599.0,0.0,0.0,0.0,0.0
2023-03-19 17:48:39.802000+00:00,7512064.0,37769216.0,42762240.0,42762240.0,7.78,0.45353015,31.31,7425948.0,0.0,0.0,40115.0,9828747.0,0.0,0.0,43713.0,0.0,0.0,0.0,0.0
2023-03-19 17:48:44.766000+00:00,7512064.0,37560320.0,42549248.0,42549248.0,7.78,0.453786267,31.36,7435878.0,0.0,0.0,40185.0,9843493.0,0.0,0.0,43786.0,0.0,0.0,0.0,0.0
2023-03-19 17:48:49.465000+00:00,7512064.0,36970496.0,42065920.0,42065920.0,7.79,0.453968455,31.42,7438550.0,0.0,0.0,40205.0,9850628.0,0.0,0.0,43807.0,0.0,0.0,0.0,0.0
2023-03-19 17:48:54.665000+00:00,7512064.0,37638144.0,42692608.0,42692608.0,7.79,0.453968455,31.45,7448110.0,0.0,0.0,40277.0,9865760.0,0.0,0.0,43887.0,0.0,0.0,0.0,0.0
2023-03-19 17:48:59.725000+00:00,7512064.0,37638144.0,42692608.0,42692608.0,7.82,0.454127543,31.52,7448110.0,0.0,0.0,40277.0,9865760.0,0.0,0.0,43887.0,0.0,0.0,0.0,0.0
2023-03-19 17:49:04.236000+00:00,7512064.0,37527552.0,42569728.0,42569728.0,7.85,0.454127543,31.52,7478633.0,0.0,0.0,40470.0,9906420.0,0.0,0.0,44102.0,0.0,0.0,0.0,0.0
2023-03-19 17:49:08.970000+00:00,7512064.0,37470208.0,42610688.0,42610688.0,7.88,0.463816156,31.62,7491570.0,0.0,0.0,40559.0,9925102.0,0.0,0.0,44199.0,0.0,0.0,0.0,0.0
2023-03-19 17:49:14.527000+00:00,7512064.0,37343232.0,42487808.0,42487808.0,7.89,0.464506261,31.65,7505555.0,0.0,0.0,40649.0,9944371.0,0.0,0.0,44300.0,0.0,0.0,0.0,0.0
2023-03-19 17:49:19.536000+00:00,7512064.0,37384192.0,42602496.0,42602496.0,7.93,0.464638183,31.65,7517833.0,0.0,0.0,40733.0,9961208.0,0.0,0.0,44390.0,0.0,0.0,0.0,0.0
2023-03-19 17:49:24.298000+00:00,7512064.0,37384192.0,42602496.0,42528768.0,7.94,0.464899848,31.65,7532739.0,0.0,0.0,40838.0,9981345.0,0.0,0.0,44505.0,0.0,0.0,0.0,0.0
2023-03-19 17:49:28.421000+00:00,7680000.0,37736448.0,42733568.0,42733568.0,7.94,0.46934878,31.78,7536149.0,0.0,0.0,40865.0,9989274.0,0.0,0.0,44532.0,0.0,0.0,0.0,0.0
2023-03-19 17:49:34.549000+00:00,7680000.0,37535744.0,42668032.0,42668032.0,7.97,0.477191489,31.88,7583942.0,0.0,0.0,41026.0,10043033.0,0.0,0.0,44708.0,0.0,0.0,0.0,0.0
2023-03-19 17:49:39.192000+00:00,7680000.0,37535744.0,42668032.0,42668032.0,7.97,0.482935834,31.88,7583942.0,0.0,0.0,41108.0,10061535.0,0.0,0.0,44796.0,0.0,0.0,0.0,0.0
2023-03-19 17:49:44.662000+00:00,7680000.0,37535744.0,42668032.0,42668032.0,7.99,0.482935834,31.88,7583942.0,0.0,0.0,41108.0,10061535.0,0.0,0.0,44796.0,0.0,0.0,0.0,0.0
2023-03-19 17:49:49.922000+00:00,7680000.0,37195776.0,42184704.0,42184704.0,8.0,0.483590286,32.02,7624508.0,0.0,0.0,41279.0,10098648.0,0.0,0.0,44983.0,0.0,0.0,0.0,0.0
2023-03-19 17:49:53.614000+00:00,7680000.0,37195776.0,42532864.0,42532864.0,8.03,0.483590286,32.07,7628150.0,0.0,0.0,41308.0,10107140.0,0.0,0.0,45014.0,0.0,0.0,0.0,0.0
2023-03-19 17:49:59.630000+00:00,7680000.0,37240832.0,42233856.0,42233856.0,8.04,0.491637043,32.17,7674813.0,0.0,0.0,41467.0,10159256.0,0.0,0.0,45182.0,0.0,0.0,0.0,0.0
2023-03-19 17:50:04.153000+00:00,7680000.0,37240832.0,42233856.0,42233856.0,8.06,0.50157606,32.26,7674813.0,0.0,0.0,41532.0,10175940.0,0.0,0.0,45262.0,0.0,0.0,0.0,0.0
2023-03-19 17:50:08.484000+00:00,7680000.0,37011456.0,42008576.0,42008576.0,8.06,0.502150597,32.28,7720273.0,0.0,0.0,41610.0,10215380.0,0.0,0.0,45351.0,0.0,0.0,0.0,0.0
2023-03-19 17:50:13.526000+00:00,7680000.0,37011456.0,42008576.0,42008576.0,8.07,0.502150597,32.34,7720273.0,0.0,0.0,41610.0,10215380.0,0.0,0.0,45351.0,0.0,0.0,0.0,0.0
2023-03-19 17:50:19.420000+00:00,7880704.0,37535744.0,42795008.0,42795008.0,8.1,0.502832126,32.46,7757261.0,0.0,0.0,41848.0,10264469.0,0.0,0.0,45615.0,0.0,0.0,0.0,0.0
2023-03-19 17:50:23.723000+00:00,7880704.0,37535744.0,42795008.0,42528768.0,8.13,0.502832126,32.51,7789299.0,0.0,0.0,41912.0,10300177.0,0.0,0.0,45679.0,0.0,0.0,0.0,0.0
2023-03-19 17:50:29.699000+00:00,7880704.0,37171200.0,42184704.0,42184704.0,8.14,0.503417101,32.54,7799476.0,0.0,0.0,41988.0,10315315.0,0.0,0.0,45761.0,0.0,0.0,0.0,0.0
2023-03-19 17:50:33.757000+00:00,7880704.0,37171200.0,42291200.0,42291200.0,8.17,0.503753122,32.6,7834083.0,0.0,0.0,42061.0,10353625.0,0.0,0.0,45843.0,0.0,0.0,0.0,0.0
2023-03-19 17:50:39.306000+00:00,7880704.0,37249024.0,42360832.0,42360832.0,8.18,0.503804367,32.65,7849787.0,0.0,0.0,42161.0,10375332.0,0.0,0.0,45952.0,0.0,0.0,0.0,0.0
2023-03-19 17:50:43.557000+00:00,7880704.0,38125568.0,43700224.0,43700224.0,8.18,0.504105183,32.66,7856258.0,0.0,0.0,42206.0,10386793.0,0.0,0.0,46002.0,0.0,0.0,0.0,0.0
2023-03-19 17:50:49.738000+00:00,7880704.0,38125568.0,43700224.0,42545152.0,8.2,0.504131849,32.66,7905759.0,0.0,0.0,42366.0,10442545.0,0.0,0.0,46177.0,0.0,0.0,0.0,0.0
2023-03-19 17:50:54.053000+00:00,7880704.0,38125568.0,42557440.0,42557440.0,8.23,0.504131849,32.66,7914892.0,0.0,0.0,42440.0,10457571.0,0.0,0.0,46258.0,0.0,0.0,0.0,0.0
2023-03-19 17:50:58.424000+00:00,7880704.0,37068800.0,42061824.0,42061824.0,8.23,0.504295208,32.87,7922105.0,0.0,0.0,42492.0,10469804.0,0.0,0.0,46311.0,0.0,0.0,0.0,0.0
2023-03-19 17:51:04.495000+00:00,7880704.0,37068800.0,42061824.0,42061824.0,8.24,0.524708827,33.01,7922105.0,0.0,0.0,42613.0,10492334.0,0.0,0.0,46443.0,0.0,0.0,0.0,0.0
2023-03-19 17:51:08.421000+00:00,7880704.0,37068800.0,42311680.0,42311680.0,8.26,0.524763713,33.07,7956259.0,0.0,0.0,42728.0,10514398.0,0.0,0.0,46567.0,0.0,0.0,0.0,0.0
2023-03-19 17:51:14.711000+00:00,7880704.0,37068800.0,42311680.0,42311680.0,8.28,0.524763713,33.07,7956259.0,0.0,0.0,42728.0,10514398.0,0.0,0.0,46567.0,0.0,0.0,0.0,0.0
2023-03-19 17:51:19.358000+00:00,8126464.0,37441536.0,42463232.0,42463232.0,8.29,0.525803591,33.26,8050012.0,0.0,0.0,43017.0,10619207.0,0.0,0.0,46896.0,0.0,0.0,0.0,0.0
2023-03-19 17:51:24.698000+00:00,8126464.0,37441536.0,42463232.0,42463232.0,8.34,0.525803591,33.26,8101277.0,0.0,0.0,43196.0,10676150.0,0.0,0.0,47094.0,0.0,0.0,0.0,0.0
2023-03-19 17:51:29.198000+00:00,8126464.0,37502976.0,42598400.0,42598400.0,8.37,0.525803591,33.42,8145856.0,0.0,0.0,43317.0,10726246.0,0.0,0.0,47230.0,0.0,0.0,0.0,0.0
2023-03-19 17:51:33.901000+00:00,8126464.0,37502976.0,42541056.0,42541056.0,8.38,0.525803591,33.45,8163172.0,0.0,0.0,43426.0,10748752.0,0.0,0.0,47347.0,0.0,0.0,0.0,0.0
2023-03-19 17:51:39.912000+00:00,8126464.0,37163008.0,42156032.0,42156032.0,8.41,0.525803591,33.54,8185710.0,0.0,0.0,43575.0,10777381.0,0.0,0.0,47511.0,0.0,0.0,0.0,0.0
2023-03-19 17:51:44.761000+00:00,8126464.0,37679104.0,42672128.0,42672128.0,8.42,0.525803591,33.56,8197301.0,0.0,0.0,43636.0,10793477.0,0.0,0.0,47577.0,0.0,0.0,0.0,0.0
2023-03-19 17:51:49.519000+00:00,8126464.0,37679104.0,42672128.0,42401792.0,8.44,0.525957658,33.64,8247973.0,0.0,0.0,43783.0,10848576.0,0.0,0.0,47736.0,0.0,0.0,0.0,0.0
2023-03-19 17:51:54.762000+00:00,8126464.0,37679104.0,42532864.0,42532864.0,8.44,0.525957658,33.64,8289465.0,0.0,0.0,43874.0,10893219.0,0.0,0.0,47836.0,0.0,0.0,0.0,0.0
2023-03-19 17:51:59.556000+00:00,8126464.0,36970496.0,42180608.0,42180608.0,8.47,0.525957658,33.77,8331357.0,0.0,0.0,43978.0,10939919.0,0.0,0.0,47949.0,0.0,0.0,0.0,0.0
2023-03-19 17:52:03.538000+00:00,8126464.0,37031936.0,42180608.0,42180608.0,8.48,0.525957658,33.8,8346260.0,0.0,0.0,44084.0,10960255.0,0.0,0.0,48061.0,0.0,0.0,0.0,0.0
2023-03-19 17:52:09.186000+00:00,8126464.0,37031936.0,42180608.0,42123264.0,8.51,0.525957658,33.87,8362593.0,0.0,0.0,44191.0,10982343.0,0.0,0.0,48182.0,0.0,0.0,0.0,0.0
2023-03-19 17:52:14.321000+00:00,8126464.0,37031936.0,42180608.0,42123264.0,8.51,0.525957658,33.92,8362593.0,0.0,0.0,44191.0,10982343.0,0.0,0.0,48182.0,0.0,0.0,0.0,0.0
2023-03-19 17:52:19.198000+00:00,8364032.0,36986880.0,42037248.0,42037248.0,8.55,0.525957658,34.0,8388269.0,0.0,0.0,44357.0,11018184.0,0.0,0.0,48362.0,0.0,0.0,0.0,0.0
2023-03-19 17:52:24.765000+00:00,8364032.0,37064704.0,42074112.0,42074112.0,8.56,0.525957658,34.04,8406010.0,0.0,0.0,44464.0,11042391.0,0.0,0.0,48485.0,0.0,0.0,0.0,0.0
2023-03-19 17:52:29.481000+00:00,8364032.0,37761024.0,43036672.0,43036672.0,8.57,0.525957658,34.1,8419654.0,0.0,0.0,44539.0,11060923.0,0.0,0.0,48565.0,0.0,0.0,0.0,0.0
2023-03-19 17:52:34.079000+00:00,8364032.0,37761024.0,42676224.0,42676224.0,8.57,0.525957658,34.14,8431380.0,0.0,0.0,44617.0,11078371.0,0.0,0.0,48653.0,0.0,0.0,0.0,0.0
2023-03-19 17:52:38.139000+00:00,8364032.0,37380096.0,42455040.0,42455040.0,8.57,0.525957658,34.17,8442156.0,0.0,0.0,44683.0,11093854.0,0.0,0.0,48725.0,0.0,0.0,0.0,0.0
2023-03-19 17:52:44.835000+00:00,8364032.0,37380096.0,42455040.0,42455040.0,8.58,0.525957658,34.17,8442156.0,0.0,0.0,44683.0,11093854.0,0.0,0.0,48725.0,0.0,0.0,0.0,0.0
2023-03-19 17:52:49.198000+00:00,8364032.0,37527552.0,42520576.0,42520576.0,8.59,0.525957658,34.26,8456824.0,0.0,0.0,44777.0,11119235.0,0.0,0.0,48833.0,0.0,0.0,0.0,0.0
2023-03-19 17:52:53.670000+00:00,8364032.0,37527552.0,42643456.0,42643456.0,8.61,0.526106696,34.26,8471352.0,0.0,0.0,44876.0,11138947.0,0.0,0.0,48938.0,0.0,0.0,0.0,0.0
2023-03-19 17:52:59.426000+00:00,8364032.0,37199872.0,42262528.0,42262528.0,8.62,0.527428999,34.36,8479735.0,0.0,0.0,44928.0,11152288.0,0.0,0.0,48994.0,0.0,0.0,0.0,0.0
2023-03-19 17:53:04.646000+00:00,8364032.0,37212160.0,42283008.0,42283008.0,8.64,0.528146351,34.45,8491904.0,0.0,0.0,45016.0,11170369.0,0.0,0.0,49094.0,0.0,0.0,0.0,0.0
2023-03-19 17:53:08.943000+00:00,8364032.0,37212160.0,42283008.0,42733568.0,8.64,0.026008513,34.45,8499349.0,0.0,0.0,45071.0,11182959.0,0.0,0.0,49153.0,0.0,0.0,0.0,0.0
2023-03-19 17:53:14.493000+00:00,8364032.0,37212160.0,42283008.0,42733568.0,8.67,0.634956272,34.45,8499349.0,0.0,0.0,45071.0,11182959.0,0.0,0.0,49153.0,0.0,0.0,0.0,0.0
2023-03-19 17:53:18.997000+00:00,8536064.0,37240832.0,42524672.0,42524672.0,8.72,0.55102651,34.68,8549700.0,0.0,0.0,45252.0,11243670.0,0.0,0.0,49341.0,0.0,0.0,0.0,0.0
2023-03-19 17:53:24.106000+00:00,8536064.0,37240832.0,42524672.0,42524672.0,8.73,0.551754459,34.78,8549700.0,0.0,0.0,45383.0,11294935.0,0.0,0.0,49489.0,0.0,0.0,0.0,0.0
2023-03-19 17:53:29.673000+00:00,8536064.0,37240832.0,42524672.0,42524672.0,8.76,0.551754459,34.83,8549700.0,0.0,0.0,45383.0,11294935.0,0.0,0.0,49489.0,0.0,0.0,0.0,0.0
2023-03-19 17:53:34.055000+00:00,8536064.0,37240832.0,42594304.0,42594304.0,8.77,0.551754459,34.83,8622553.0,0.0,0.0,45563.0,11332769.0,0.0,0.0,49686.0,0.0,0.0,0.0,0.0
2023-03-19 17:53:38.638000+00:00,8536064.0,37371904.0,42373120.0,42373120.0,8.77,0.551754459,34.93,8662029.0,0.0,0.0,45650.0,11377239.0,0.0,0.0,49782.0,0.0,0.0,0.0,0.0
2023-03-19 17:53:43.964000+00:00,8536064.0,37371904.0,42373120.0,42373120.0,8.78,0.551754459,34.93,8662029.0,0.0,0.0,45650.0,11377239.0,0.0,0.0,49782.0,0.0,0.0,0.0,0.0
2023-03-19 17:53:48.296000+00:00,8536064.0,37359616.0,42446848.0,42446848.0,8.8,0.551754459,35.05,8717636.0,0.0,0.0,45827.0,11441417.0,0.0,0.0,49976.0,0.0,0.0,0.0,0.0
2023-03-19 17:53:53.641000+00:00,8536064.0,37314560.0,42311680.0,42311680.0,8.81,0.551754459,35.12,8799508.0,0.0,0.0,46000.0,11527381.0,0.0,0.0,50169.0,0.0,0.0,0.0,0.0
2023-03-19 17:53:58.928000+00:00,8536064.0,37314560.0,42311680.0,42311680.0,8.84,0.551754459,35.2,8799508.0,0.0,0.0,46000.0,11527381.0,0.0,0.0,50169.0,0.0,0.0,0.0,0.0
2023-03-19 17:54:03.419000+00:00,8536064.0,37314560.0,42311680.0,42311680.0,8.84,0.551754459,35.22,8799508.0,0.0,0.0,46000.0,11553121.0,0.0,0.0,50277.0,0.0,0.0,0.0,0.0
2023-03-19 17:54:09.867000+00:00,8536064.0,37974016.0,42967040.0,42967040.0,8.86,0.551754459,35.33,8864200.0,0.0,0.0,46229.0,11607558.0,0.0,0.0,50419.0,0.0,0.0,0.0,0.0
2023-03-19 17:54:14.733000+00:00,8536064.0,37974016.0,42967040.0,42967040.0,8.87,0.551754459,35.33,8864200.0,0.0,0.0,46229.0,11607558.0,0.0,0.0,50419.0,0.0,0.0,0.0,0.0
2023-03-19 17:54:19.661000+00:00,8757248.0,38010880.0,43040768.0,43040768.0,8.91,0.551754459,35.49,8955815.0,0.0,0.0,46483.0,11710188.0,0.0,0.0,50703.0,0.0,0.0,0.0,0.0
2023-03-19 17:54:23.713000+00:00,8757248.0,37736448.0,42733568.0,42733568.0,8.92,0.551754459,35.51,8966261.0,0.0,0.0,46551.0,11725734.0,0.0,0.0,50779.0,0.0,0.0,0.0,0.0
2023-03-19 17:54:28.873000+00:00,8757248.0,37486592.0,42586112.0,42586112.0,8.93,0.551754459,35.57,8974247.0,0.0,0.0,46606.0,11739233.0,0.0,0.0,50839.0,0.0,0.0,0.0,0.0
2023-03-19 17:54:34.646000+00:00,8757248.0,37486592.0,42516480.0,42516480.0,8.94,0.551754459,35.6,9013050.0,0.0,0.0,46685.0,11783166.0,0.0,0.0,50937.0,0.0,0.0,0.0,0.0
2023-03-19 17:54:38.832000+00:00,8757248.0,37728256.0,42733568.0,42733568.0,8.96,0.551754459,35.65,9109451.0,0.0,0.0,46762.0,11881663.0,0.0,0.0,51025.0,0.0,0.0,0.0,0.0
2023-03-19 17:54:44.694000+00:00,8757248.0,37597184.0,42618880.0,42618880.0,8.97,0.551754459,35.68,9120281.0,0.0,0.0,46842.0,11898343.0,0.0,0.0,51110.0,0.0,0.0,0.0,0.0
2023-03-19 17:54:49.689000+00:00,8757248.0,38191104.0,43257856.0,43257856.0,9.0,0.551754459,35.77,9141357.0,0.0,0.0,46989.0,11925588.0,0.0,0.0,51268.0,0.0,0.0,0.0,0.0
2023-03-19 17:54:54.918000+00:00,8757248.0,38191104.0,42782720.0,42782720.0,9.01,0.551754459,35.77,9148105.0,0.0,0.0,47037.0,11937477.0,0.0,0.0,51321.0,0.0,0.0,0.0,0.0
2023-03-19 17:54:59.799000+00:00,8757248.0,37519360.0,42524672.0,42524672.0,9.02,0.551754459,35.84,9155059.0,0.0,0.0,47085.0,11949645.0,0.0,0.0,51374.0,0.0,0.0,0.0,0.0
2023-03-19 17:55:03.186000+00:00,8757248.0,37519360.0,42524672.0,42524672.0,9.03,0.551754459,35.86,9155059.0,0.0,0.0,47147.0,11964050.0,0.0,0.0,51439.0,0.0,0.0,0.0,0.0
2023-03-19 17:55:08.756000+00:00,8757248.0,37801984.0,42860544.0,42860544.0,9.03,0.551754459,35.88,9172462.0,0.0,0.0,47212.0,11977813.0,0.0,0.0,51512.0,0.0,0.0,0.0,0.0
2023-03-19 17:55:14.018000+00:00,8757248.0,37801984.0,42860544.0,42860544.0,9.05,0.551754459,35.96,9172462.0,0.0,0.0,47212.0,11977813.0,0.0,0.0,51512.0,0.0,0.0,0.0,0.0
2023-03-19 17:55:19.408000+00:00,8937472.0,37801984.0,43618304.0,43618304.0,9.06,0.551754459,35.96,9258971.0,0.0,0.0,47413.0,12073577.0,0.0,0.0,51736.0,0.0,0.0,0.0,0.0
2023-03-19 17:55:23.527000+00:00,8937472.0,37638144.0,42635264.0,42635264.0,9.08,0.551754459,35.96,9275691.0,0.0,0.0,47537.0,12096057.0,0.0,0.0,51868.0,0.0,0.0,0.0,0.0
2023-03-19 17:55:28.374000+00:00,8937472.0,37847040.0,42840064.0,42840064.0,9.09,0.551754459,36.13,9295234.0,0.0,0.0,47671.0,12120482.0,0.0,0.0,52015.0,0.0,0.0,0.0,0.0
2023-03-19 17:55:33.692000+00:00,8937472.0,37916672.0,42913792.0,42913792.0,9.1,0.551754459,36.19,9310051.0,0.0,0.0,47773.0,12140450.0,0.0,0.0,52126.0,0.0,0.0,0.0,0.0
2023-03-19 17:55:39.907000+00:00,8937472.0,37666816.0,42655744.0,42655744.0,9.1,0.551754459,36.22,9319601.0,0.0,0.0,47838.0,12154980.0,0.0,0.0,52196.0,0.0,0.0,0.0,0.0
2023-03-19 17:55:43.808000+00:00,8937472.0,37814272.0,42840064.0,42840064.0,9.13,0.551754459,36.29,9335832.0,0.0,0.0,47950.0,12176439.0,0.0,0.0,52312.0,0.0,0.0,0.0,0.0
2023-03-19 17:55:49.785000+00:00,8937472.0,37814272.0,42840064.0,42733568.0,9.14,0.551754459,36.29,9367650.0,0.0,0.0,48155.0,12213704.0,0.0,0.0,52537.0,0.0,0.0,0.0,0.0
2023-03-19 17:55:54.218000+00:00,8937472.0,37814272.0,43356160.0,43356160.0,9.16,0.551754459,36.29,9415694.0,0.0,0.0,48286.0,12265375.0,0.0,0.0,52680.0,0.0,0.0,0.0,0.0
2023-03-19 17:55:58.632000+00:00,8937472.0,38154240.0,43163648.0,43163648.0,9.18,0.551754459,36.5,9432917.0,0.0,0.0,48381.0,12287864.0,0.0,0.0,52785.0,0.0,0.0,0.0,0.0
2023-03-19 17:56:03.526000+00:00,8937472.0,38203392.0,43323392.0,43323392.0,9.2,0.551754459,36.58,9475415.0,0.0,0.0,48470.0,12335090.0,0.0,0.0,52882.0,0.0,0.0,0.0,0.0
2023-03-19 17:56:08.960000+00:00,8937472.0,38260736.0,43376640.0,43376640.0,9.2,0.551754459,36.61,9490207.0,0.0,0.0,48581.0,12355611.0,0.0,0.0,52996.0,0.0,0.0,0.0,0.0
2023-03-19 17:56:13.585000+00:00,8937472.0,38260736.0,43376640.0,43376640.0,9.23,0.551754459,36.71,9490207.0,0.0,0.0,48581.0,12355611.0,0.0,0.0,52996.0,0.0,0.0,0.0,0.0
2023-03-19 17:56:18.243000+00:00,9195520.0,37949440.0,42946560.0,42946560.0,9.24,0.551754459,36.74,9562355.0,0.0,0.0,48846.0,12439204.0,0.0,0.0,53285.0,0.0,0.0,0.0,0.0
2023-03-19 17:56:24.485000+00:00,9195520.0,37732352.0,42831872.0,42831872.0,9.29,0.551754459,36.85,9590410.0,0.0,0.0,49011.0,12472476.0,0.0,0.0,53469.0,0.0,0.0,0.0,0.0
2023-03-19 17:56:28.935000+00:00,9195520.0,37736448.0,42844160.0,42844160.0,9.31,0.551754459,36.88,9631233.0,0.0,0.0,49094.0,12517830.0,0.0,0.0,53563.0,0.0,0.0,0.0,0.0
2023-03-19 17:56:34.549000+00:00,9195520.0,37736448.0,42594304.0,42594304.0,9.32,0.551754459,36.95,9639215.0,0.0,0.0,49143.0,12531200.0,0.0,0.0,53618.0,0.0,0.0,0.0,0.0
2023-03-19 17:56:38.960000+00:00,9195520.0,37421056.0,42500096.0,42500096.0,9.34,0.551754459,36.97,9652172.0,0.0,0.0,49235.0,12549686.0,0.0,0.0,53718.0,0.0,0.0,0.0,0.0
2023-03-19 17:56:43.795000+00:00,9195520.0,37421056.0,42500096.0,42500096.0,9.34,0.551754459,36.97,9652172.0,0.0,0.0,49235.0,12549686.0,0.0,0.0,53718.0,0.0,0.0,0.0,0.0
2023-03-19 17:56:49.094000+00:00,9195520.0,37834752.0,42942464.0,42942464.0,9.36,0.551754459,37.1,9714820.0,0.0,0.0,49465.0,12622726.0,0.0,0.0,53972.0,0.0,0.0,0.0,0.0
2023-03-19 17:56:54.857000+00:00,9195520.0,37769216.0,42762240.0,42762240.0,9.37,0.551754459,37.1,9728850.0,0.0,0.0,49553.0,12642826.0,0.0,0.0,54071.0,0.0,0.0,0.0,0.0
2023-03-19 17:56:58.869000+00:00,9195520.0,37494784.0,42553344.0,42553344.0,9.39,0.551754459,37.23,9736181.0,0.0,0.0,49604.0,12654787.0,0.0,0.0,54122.0,0.0,0.0,0.0,0.0
2023-03-19 17:57:03.548000+00:00,9195520.0,38105088.0,43171840.0,43171840.0,9.4,0.551754459,37.24,9745859.0,0.0,0.0,49671.0,12669471.0,0.0,0.0,54196.0,0.0,0.0,0.0,0.0
2023-03-19 17:57:08.615000+00:00,9195520.0,38047744.0,43044864.0,43044864.0,9.41,0.551754459,37.32,9787535.0,0.0,0.0,49748.0,12716270.0,0.0,0.0,54277.0,0.0,0.0,0.0,0.0
2023-03-19 17:57:14.313000+00:00,9195520.0,37388288.0,42573824.0,42573824.0,9.43,0.551754459,37.39,9878231.0,0.0,0.0,49958.0,12811427.0,0.0,0.0,54504.0,0.0,0.0,0.0,0.0
2023-03-19 17:57:19.845000+00:00,9420800.0,37658624.0,42811392.0,42811392.0,9.46,0.551754459,37.48,9892754.0,0.0,0.0,50069.0,12831945.0,0.0,0.0,54623.0,0.0,0.0,0.0,0.0
2023-03-19 17:57:24.081000+00:00,9420800.0,37658624.0,42811392.0,42921984.0,9.47,0.551754459,37.52,9912243.0,0.0,0.0,50201.0,12856901.0,0.0,0.0,54766.0,0.0,0.0,0.0,0.0
2023-03-19 17:57:28.856000+00:00,9420800.0,37670912.0,42745856.0,42745856.0,9.49,0.551754459,37.6,9922749.0,0.0,0.0,50269.0,12872782.0,0.0,0.0,54842.0,0.0,0.0,0.0,0.0
2023-03-19 17:57:33.675000+00:00,9420800.0,38055936.0,43057152.0,43057152.0,9.51,0.551754459,37.62,9973541.0,0.0,0.0,50408.0,12927837.0,0.0,0.0,54996.0,0.0,0.0,0.0,0.0
2023-03-19 17:57:39.515000+00:00,9420800.0,38068224.0,43106304.0,43106304.0,9.54,0.551754459,37.72,10059953.0,0.0,0.0,50585.0,13018957.0,0.0,0.0,55190.0,0.0,0.0,0.0,0.0
2023-03-19 17:57:43.724000+00:00,9420800.0,37982208.0,42979328.0,42979328.0,9.54,0.551754459,37.75,10072049.0,0.0,0.0,50671.0,13035984.0,0.0,0.0,55278.0,0.0,0.0,0.0,0.0
2023-03-19 17:57:49.038000+00:00,9420800.0,37605376.0,42614784.0,42614784.0,9.56,0.551754459,37.83,10077611.0,0.0,0.0,50715.0,13046530.0,0.0,0.0,55323.0,0.0,0.0,0.0,0.0
2023-03-19 17:57:54.882000+00:00,9420800.0,37543936.0,42606592.0,42606592.0,9.56,0.551754459,37.85,10092561.0,0.0,0.0,50806.0,13066417.0,0.0,0.0,55423.0,0.0,0.0,0.0,0.0
2023-03-19 17:57:59.038000+00:00,9420800.0,37543936.0,42606592.0,42606592.0,9.56,0.551754459,37.85,10092561.0,0.0,0.0,50806.0,13066417.0,0.0,0.0,55423.0,0.0,0.0,0.0,0.0
2023-03-19 17:58:03.630000+00:00,9420800.0,37527552.0,42528768.0,42528768.0,9.58,0.551754459,37.85,10152826.0,0.0,0.0,50991.0,13136934.0,0.0,0.0,55623.0,0.0,0.0,0.0,0.0
2023-03-19 17:58:09.335000+00:00,9420800.0,37916672.0,42913792.0,42913792.0,9.62,0.551754459,38.06,10208416.0,0.0,0.0,51138.0,13196854.0,0.0,0.0,55784.0,0.0,0.0,0.0,0.0
2023-03-19 17:58:14.939000+00:00,9420800.0,37453824.0,42553344.0,42553344.0,9.65,0.551754459,38.15,10230314.0,0.0,0.0,51294.0,13225607.0,0.0,0.0,55951.0,0.0,0.0,0.0,0.0
2023-03-19 17:58:19.655000+00:00,9654272.0,38047744.0,43040768.0,43040768.0,9.67,0.551754459,38.22,10242129.0,0.0,0.0,51356.0,13242450.0,0.0,0.0,56021.0,0.0,0.0,0.0,0.0
2023-03-19 17:58:24.164000+00:00,9654272.0,37695488.0,42770432.0,42770432.0,9.68,0.551754459,38.28,10279374.0,0.0,0.0,51392.0,13282626.0,0.0,0.0,56060.0,0.0,0.0,0.0,0.0
2023-03-19 17:58:28.847000+00:00,9654272.0,38195200.0,43249664.0,43249664.0,9.69,0.551754459,38.33,10334645.0,0.0,0.0,51551.0,13342156.0,0.0,0.0,56236.0,0.0,0.0,0.0,0.0
2023-03-19 17:58:34.941000+00:00,9654272.0,38195200.0,42946560.0,42946560.0,9.72,0.551754459,38.4,10345252.0,0.0,0.0,51618.0,13357335.0,0.0,0.0,56310.0,0.0,0.0,0.0,0.0
2023-03-19 17:58:38.888000+00:00,9654272.0,37847040.0,42844160.0,42844160.0,9.72,0.551754459,38.44,10359237.0,0.0,0.0,51710.0,13377278.0,0.0,0.0,56409.0,0.0,0.0,0.0,0.0
2023-03-19 17:58:44.863000+00:00,9654272.0,37847040.0,42844160.0,42844160.0,9.76,0.551754459,38.54,10359237.0,0.0,0.0,51710.0,13377278.0,0.0,0.0,56409.0,0.0,0.0,0.0,0.0
2023-03-19 17:58:49.723000+00:00,9654272.0,37658624.0,42651648.0,42651648.0,9.76,0.551754459,38.57,10405214.0,0.0,0.0,52009.0,13437062.0,0.0,0.0,56746.0,0.0,0.0,0.0,0.0
2023-03-19 17:58:54.320000+00:00,9654272.0,38019072.0,43065344.0,43065344.0,9.78,0.551754459,38.62,10410374.0,0.0,0.0,52036.0,13446888.0,0.0,0.0,56776.0,0.0,0.0,0.0,0.0
2023-03-19 17:58:58.647000+00:00,9654272.0,37584896.0,42643456.0,42643456.0,9.79,0.551754459,38.63,10416433.0,0.0,0.0,52081.0,13457768.0,0.0,0.0,56823.0,0.0,0.0,0.0,0.0
2023-03-19 17:59:04.258000+00:00,9654272.0,37584896.0,42643456.0,42516480.0,9.82,0.551754459,38.7,10430636.0,0.0,0.0,52170.0,13477906.0,0.0,0.0,56918.0,0.0,0.0,0.0,0.0
2023-03-19 17:59:09.332000+00:00,9654272.0,37732352.0,42725376.0,42725376.0,9.83,0.551754459,38.75,10477343.0,0.0,0.0,52278.0,13528058.0,0.0,0.0,57038.0,0.0,0.0,0.0,0.0
2023-03-19 17:59:14.780000+00:00,9654272.0,38014976.0,43008000.0,43008000.0,9.86,0.551754459,38.82,10494587.0,0.0,0.0,52394.0,13551817.0,0.0,0.0,57168.0,0.0,0.0,0.0,0.0
2023-03-19 17:59:19.151000+00:00,9871360.0,38084608.0,43294720.0,43294720.0,9.88,0.551754459,38.88,10507355.0,0.0,0.0,52480.0,13570321.0,0.0,0.0,57262.0,0.0,0.0,0.0,0.0
2023-03-19 17:59:24.014000+00:00,9871360.0,38084608.0,42901504.0,42901504.0,9.92,0.551754459,38.93,10517404.0,0.0,0.0,52549.0,13585245.0,0.0,0.0,57339.0,0.0,0.0,0.0,0.0
2023-03-19 17:59:29.564000+00:00,9871360.0,38060032.0,43184128.0,43184128.0,9.93,0.551754459,38.96,10534830.0,0.0,0.0,52672.0,13608748.0,0.0,0.0,57477.0,0.0,0.0,0.0,0.0
2023-03-19 17:59:34.979000+00:00,9871360.0,38060032.0,43003904.0,43003904.0,9.95,0.551754459,38.96,10545401.0,0.0,0.0,52748.0,13624840.0,0.0,0.0,57561.0,0.0,0.0,0.0,0.0
2023-03-19 17:59:38.886000+00:00,9871360.0,37572608.0,42737664.0,42737664.0,9.95,0.551754459,39.05,10551666.0,0.0,0.0,52792.0,13635423.0,0.0,0.0,57606.0,0.0,0.0,0.0,0.0
2023-03-19 17:59:43.706000+00:00,9871360.0,38305792.0,43376640.0,43376640.0,9.96,0.551754459,39.08,10563024.0,0.0,0.0,52878.0,13651471.0,0.0,0.0,57694.0,0.0,0.0,0.0,0.0
2023-03-19 17:59:49.665000+00:00,9871360.0,38350848.0,43384832.0,43384832.0,9.99,0.551754459,39.18,10651652.0,0.0,0.0,53045.0,13743703.0,0.0,0.0,57875.0,0.0,0.0,0.0,0.0
2023-03-19 17:59:54.850000+00:00,9871360.0,38211584.0,43352064.0,43352064.0,10.02,0.551754459,39.24,10663433.0,0.0,0.0,53128.0,13760701.0,0.0,0.0,57965.0,0.0,0.0,0.0,0.0
2023-03-19 17:59:59.434000+00:00,9871360.0,38232064.0,43225088.0,43225088.0,10.03,0.551754459,39.27,10679143.0,0.0,0.0,53219.0,13781300.0,0.0,0.0,58069.0,0.0,0.0,0.0,0.0
2023-03-19 18:00:04.285000+00:00,9871360.0,38232064.0,43225088.0,42983424.0,10.03,0.551754459,39.29,10687251.0,0.0,0.0,53281.0,13794375.0,0.0,0.0,58133.0,0.0,0.0,0.0,0.0
2023-03-19 18:00:09.433000+00:00,9871360.0,37773312.0,42852352.0,42852352.0,10.06,0.551754459,39.36,10695873.0,0.0,0.0,53351.0,13808504.0,0.0,0.0,58206.0,0.0,0.0,0.0,0.0
2023-03-19 18:00:14.765000+00:00,9871360.0,37806080.0,42921984.0,42921984.0,10.09,0.551754459,39.41,10757148.0,0.0,0.0,53540.0,13873887.0,0.0,0.0,58414.0,0.0,0.0,0.0,0.0
2023-03-19 18:00:19.553000+00:00,10084352.0,38363136.0,43503616.0,43503616.0,10.12,0.551754459,39.48,10764225.0,0.0,0.0,53589.0,13885777.0,0.0,0.0,58467.0,0.0,0.0,0.0,0.0
2023-03-19 18:00:24.351000+00:00,10084352.0,38105088.0,43110400.0,43110400.0,10.13,0.551754459,39.5,10773263.0,0.0,0.0,53655.0,13899555.0,0.0,0.0,58537.0,0.0,0.0,0.0,0.0
2023-03-19 18:00:29.599000+00:00,10084352.0,38125568.0,43159552.0,43159552.0,10.16,0.551754459,39.55,10788914.0,0.0,0.0,53754.0,13920629.0,0.0,0.0,58645.0,0.0,0.0,0.0,0.0
2023-03-19 18:00:34.222000+00:00,10084352.0,37978112.0,43044864.0,43044864.0,10.16,0.551754459,39.58,10801556.0,0.0,0.0,53832.0,13938920.0,0.0,0.0,58729.0,0.0,0.0,0.0,0.0
2023-03-19 18:00:39.056000+00:00,10084352.0,37888000.0,42893312.0,42893312.0,10.2,0.551754459,39.64,10812751.0,0.0,0.0,53914.0,13955664.0,0.0,0.0,58817.0,0.0,0.0,0.0,0.0
2023-03-19 18:00:43.504000+00:00,10084352.0,37888000.0,42893312.0,42893312.0,10.2,0.551754459,39.66,10812751.0,0.0,0.0,53914.0,13955664.0,0.0,0.0,58817.0,0.0,0.0,0.0,0.0
2023-03-19 18:00:49.608000+00:00,10084352.0,38240256.0,43347968.0,43347968.0,10.22,0.551754459,39.77,10848824.0,0.0,0.0,54148.0,14003147.0,0.0,0.0,59077.0,0.0,0.0,0.0,0.0
2023-03-19 18:00:53.414000+00:00,10084352.0,38240256.0,43347968.0,43347968.0,10.23,0.551754459,39.78,10848824.0,0.0,0.0,54187.0,14013332.0,0.0,0.0,59120.0,0.0,0.0,0.0,0.0
2023-03-19 18:00:58.310000+00:00,10084352.0,37785600.0,42897408.0,42897408.0,10.24,0.551754459,39.81,10868855.0,0.0,0.0,54285.0,14034198.0,0.0,0.0,59231.0,0.0,0.0,0.0,0.0
2023-03-19 18:01:04.177000+00:00,10084352.0,37785600.0,42762240.0,42762240.0,10.28,0.551754459,39.81,10883084.0,0.0,0.0,54390.0,14054391.0,0.0,0.0,59346.0,0.0,0.0,0.0,0.0
2023-03-19 18:01:09.797000+00:00,10084352.0,38170624.0,43261952.0,43261952.0,10.29,0.551754459,39.98,10888363.0,0.0,0.0,54430.0,14064902.0,0.0,0.0,59391.0,0.0,0.0,0.0,0.0
2023-03-19 18:01:13.101000+00:00,10084352.0,37605376.0,42598400.0,43261952.0,10.29,0.551754459,39.99,10888363.0,0.0,0.0,54430.0,14064902.0,0.0,0.0,59391.0,0.0,0.0,0.0,0.0
2023-03-19 18:01:19.043000+00:00,10248192.0,37715968.0,42713088.0,42713088.0,10.31,0.551754459,40.02,10911350.0,0.0,0.0,54573.0,14098341.0,0.0,0.0,59547.0,0.0,0.0,0.0,0.0
2023-03-19 18:01:23.541000+00:00,10248192.0,37748736.0,42745856.0,42745856.0,10.32,0.551754459,40.1,10923409.0,0.0,0.0,54652.0,14115422.0,0.0,0.0,59629.0,0.0,0.0,0.0,0.0
2023-03-19 18:01:29.126000+00:00,10248192.0,37818368.0,42823680.0,42823680.0,10.33,0.551754459,40.15,10942198.0,0.0,0.0,54783.0,14140150.0,0.0,0.0,59775.0,0.0,0.0,0.0,0.0
2023-03-19 18:01:34.876000+00:00,10248192.0,37507072.0,42500096.0,42500096.0,10.37,0.551754459,40.2,10949591.0,0.0,0.0,54830.0,14152288.0,0.0,0.0,59828.0,0.0,0.0,0.0,0.0
2023-03-19 18:01:39.614000+00:00,10248192.0,38031360.0,43139072.0,43139072.0,10.37,0.551754459,40.22,10957135.0,0.0,0.0,54884.0,14165159.0,0.0,0.0,59891.0,0.0,0.0,0.0,0.0
2023-03-19 18:01:44.419000+00:00,10248192.0,38031360.0,43139072.0,43139072.0,10.38,0.551754459,40.3,10957135.0,0.0,0.0,54884.0,14165159.0,0.0,0.0,59891.0,0.0,0.0,0.0,0.0
2023-03-19 18:01:48.982000+00:00,10248192.0,37687296.0,42713088.0,42713088.0,10.38,0.551754459,40.32,11010797.0,0.0,0.0,55032.0,14229343.0,0.0,0.0,60053.0,0.0,0.0,0.0,0.0
2023-03-19 18:01:53.286000+00:00,10248192.0,37687296.0,42713088.0,42713088.0,10.43,0.551754459,40.4,11056895.0,0.0,0.0,55130.0,14281714.0,0.0,0.0,60161.0,0.0,0.0,0.0,0.0
2023-03-19 18:01:58.699000+00:00,10248192.0,37474304.0,42536960.0,42536960.0,10.44,0.551754459,40.44,11110386.0,0.0,0.0,55276.0,14340920.0,0.0,0.0,60315.0,0.0,0.0,0.0,0.0
2023-03-19 18:02:03.786000+00:00,10248192.0,37474304.0,43106304.0,43106304.0,10.46,0.551754459,40.44,11121031.0,0.0,0.0,55344.0,14356583.0,0.0,0.0,60393.0,0.0,0.0,0.0,0.0
2023-03-19 18:02:09.129000+00:00,10248192.0,37806080.0,42885120.0,42885120.0,10.46,0.551754459,40.53,11127733.0,0.0,0.0,55397.0,14368359.0,0.0,0.0,60448.0,0.0,0.0,0.0,0.0
2023-03-19 18:02:13.481000+00:00,10248192.0,37621760.0,42676224.0,42676224.0,10.47,0.551754459,40.6,11169202.0,0.0,0.0,55455.0,14412622.0,0.0,0.0,60507.0,0.0,0.0,0.0,0.0
2023-03-19 18:02:18.395000+00:00,10436608.0,37994496.0,42991616.0,42991616.0,10.47,0.551754459,40.61,11174384.0,0.0,0.0,55490.0,14422518.0,0.0,0.0,60545.0,0.0,0.0,0.0,0.0
2023-03-19 18:02:24.793000+00:00,10436608.0,37994496.0,42799104.0,42799104.0,10.5,0.551754459,40.61,11226340.0,0.0,0.0,55633.0,14478943.0,0.0,0.0,60704.0,0.0,0.0,0.0,0.0
2023-03-19 18:02:29.406000+00:00,10436608.0,37801984.0,42921984.0,42921984.0,10.5,0.551754459,40.74,11273080.0,0.0,0.0,55712.0,14528186.0,0.0,0.0,60787.0,0.0,0.0,0.0,0.0
2023-03-19 18:02:34.261000+00:00,10436608.0,38043648.0,43163648.0,43163648.0,10.54,0.551995824,40.79,11324311.0,0.0,0.0,55831.0,14582502.0,0.0,0.0,60913.0,0.0,0.0,0.0,0.0
2023-03-19 18:02:38.554000+00:00,10436608.0,38219776.0,43212800.0,43212800.0,10.54,0.551995824,40.8,11326147.0,0.0,0.0,55843.0,14588644.0,0.0,0.0,60926.0,0.0,0.0,0.0,0.0
2023-03-19 18:02:44.835000+00:00,10436608.0,38219776.0,43212800.0,43212800.0,10.56,0.551995824,40.8,11326147.0,0.0,0.0,55843.0,14588644.0,0.0,0.0,60926.0,0.0,0.0,0.0,0.0
2023-03-19 18:02:49.231000+00:00,10436608.0,38096896.0,43175936.0,43175936.0,10.56,0.551995824,40.94,11400376.0,0.0,0.0,56120.0,14674658.0,0.0,0.0,61235.0,0.0,0.0,0.0,0.0
2023-03-19 18:02:53.512000+00:00,10436608.0,38096896.0,43175936.0,43286528.0,10.57,0.551995824,40.98,11417206.0,0.0,0.0,56228.0,14696937.0,0.0,0.0,61354.0,0.0,0.0,0.0,0.0
2023-03-19 18:02:59.686000+00:00,10436608.0,37658624.0,42713088.0,42713088.0,10.58,0.551995824,41.03,11421550.0,0.0,0.0,56258.0,14706164.0,0.0,0.0,61387.0,0.0,0.0,0.0,0.0
2023-03-19 18:03:04.410000+00:00,10436608.0,37658624.0,42487808.0,42487808.0,10.59,0.551995824,41.03,11431427.0,0.0,0.0,56326.0,14722200.0,0.0,0.0,61464.0,0.0,0.0,0.0,0.0
2023-03-19 18:03:08.977000+00:00,10436608.0,37892096.0,42917888.0,42917888.0,10.6,0.551995824,41.12,11436548.0,0.0,0.0,56363.0,14732181.0,0.0,0.0,61503.0,0.0,0.0,0.0,0.0
2023-03-19 18:03:13.550000+00:00,10436608.0,37892096.0,42917888.0,42917888.0,10.61,0.551995824,41.14,11436548.0,0.0,0.0,56363.0,14732181.0,0.0,0.0,61503.0,0.0,0.0,0.0,0.0
2023-03-19 18:03:19.759000+00:00,10616832.0,38117376.0,43515904.0,43515904.0,10.66,0.551995824,41.22,11502298.0,0.0,0.0,56560.0,14806955.0,0.0,0.0,61706.0,0.0,0.0,0.0,0.0
2023-03-19 18:03:24.246000+00:00,10616832.0,37957632.0,42950656.0,42950656.0,10.69,0.551995824,41.24,11509537.0,0.0,0.0,56613.0,14819205.0,0.0,0.0,61766.0,0.0,0.0,0.0,0.0
2023-03-19 18:03:28.973000+00:00,10616832.0,38141952.0,43257856.0,43257856.0,10.71,0.551995824,41.33,11525637.0,0.0,0.0,56732.0,14841284.0,0.0,0.0,61898.0,0.0,0.0,0.0,0.0
2023-03-19 18:03:34.305000+00:00,10616832.0,38141952.0,43257856.0,43257856.0,10.71,0.551995824,41.36,11566884.0,0.0,0.0,56778.0,14887233.0,0.0,0.0,61951.0,0.0,0.0,0.0,0.0
2023-03-19 18:03:38.417000+00:00,10616832.0,38293504.0,43302912.0,43302912.0,10.72,0.551995824,41.42,11572270.0,0.0,0.0,56816.0,14897304.0,0.0,0.0,61992.0,0.0,0.0,0.0,0.0
2023-03-19 18:03:44.607000+00:00,10616832.0,38526976.0,43532288.0,43532288.0,10.76,0.551995824,41.55,11591869.0,0.0,0.0,56959.0,14923867.0,0.0,0.0,62156.0,0.0,0.0,0.0,0.0
2023-03-19 18:03:49.342000+00:00,10616832.0,28688384.0,33435648.0,33435648.0,10.79,0.551995824,41.8,11605732.0,0.0,0.0,57062.0,14944066.0,0.0,0.0,62270.0,0.0,0.0,0.0,0.0
2023-03-19 18:03:53.693000+00:00,10616832.0,28688384.0,33435648.0,33837056.0,10.8,0.551995824,41.8,11611641.0,0.0,0.0,57100.0,14954999.0,0.0,0.0,62316.0,0.0,0.0,0.0,0.0
2023-03-19 18:03:59.480000+00:00,10616832.0,28889088.0,33603584.0,33603584.0,10.82,0.551995824,41.93,11634834.0,0.0,0.0,57262.0,14984754.0,0.0,0.0,62496.0,0.0,0.0,0.0,0.0
2023-03-19 18:04:04.745000+00:00,10616832.0,28889088.0,33939456.0,33939456.0,10.83,0.551995824,41.98,11715328.0,0.0,0.0,57344.0,15068200.0,0.0,0.0,62585.0,0.0,0.0,0.0,0.0
2023-03-19 18:04:09.377000+00:00,10616832.0,29495296.0,34222080.0,34222080.0,10.85,0.551995824,42.03,11718456.0,0.0,0.0,57363.0,15075991.0,0.0,0.0,62607.0,0.0,0.0,0.0,0.0
2023-03-19 18:04:14.198000+00:00,10616832.0,29605888.0,34390016.0,34390016.0,10.86,0.551995824,42.03,11733644.0,0.0,0.0,57461.0,15096842.0,0.0,0.0,62714.0,0.0,0.0,0.0,0.0
2023-03-19 18:04:19.257000+00:00,10809344.0,29495296.0,34492416.0,34492416.0,10.89,0.551995824,42.27,11787586.0,0.0,0.0,57593.0,15156335.0,0.0,0.0,62859.0,0.0,0.0,0.0,0.0
2023-03-19 18:04:24.602000+00:00,10809344.0,29384704.0,34123776.0,34123776.0,10.9,0.551995824,42.29,11830836.0,0.0,0.0,57654.0,15202602.0,0.0,0.0,62921.0,0.0,0.0,0.0,0.0
2023-03-19 18:04:28.973000+00:00,10809344.0,29294592.0,34172928.0,34172928.0,10.92,0.551995824,42.39,11874645.0,0.0,0.0,57714.0,15251197.0,0.0,0.0,62985.0,0.0,0.0,0.0,0.0
2023-03-19 18:04:34.921000+00:00,10809344.0,29294592.0,34172928.0,34918400.0,10.93,0.551995824,42.42,11919469.0,0.0,0.0,57778.0,15299617.0,0.0,0.0,63056.0,0.0,0.0,0.0,0.0
2023-03-19 18:04:39.779000+00:00,10809344.0,29782016.0,34594816.0,34594816.0,10.94,0.551995824,42.52,12003551.0,0.0,0.0,57870.0,15384865.0,0.0,0.0,63155.0,0.0,0.0,0.0,0.0
2023-03-19 18:04:43.508000+00:00,10809344.0,29966336.0,34836480.0,34836480.0,10.95,0.551995824,42.6,12018832.0,0.0,0.0,57974.0,15404885.0,0.0,0.0,63269.0,0.0,0.0,0.0,0.0
2023-03-19 18:04:49.363000+00:00,10809344.0,30449664.0,35491840.0,35491840.0,10.99,0.551995824,42.77,12039377.0,0.0,0.0,58107.0,15430865.0,0.0,0.0,63416.0,0.0,0.0,0.0,0.0
2023-03-19 18:04:54.452000+00:00,10809344.0,30449664.0,35061760.0,35061760.0,11.0,0.551995824,42.77,12127072.0,0.0,0.0,58227.0,15520193.0,0.0,0.0,63544.0,0.0,0.0,0.0,0.0
2023-03-19 18:04:59.424000+00:00,10809344.0,30453760.0,35221504.0,35221504.0,11.01,0.551995824,42.91,12139217.0,0.0,0.0,58316.0,15537713.0,0.0,0.0,63638.0,0.0,0.0,0.0,0.0
2023-03-19 18:05:03.154000+00:00,10809344.0,30822400.0,35586048.0,35586048.0,11.05,0.551995824,42.98,12156732.0,0.0,0.0,58434.0,15560728.0,0.0,0.0,63772.0,0.0,0.0,0.0,0.0
2023-03-19 18:05:08.735000+00:00,10809344.0,30715904.0,35557376.0,35557376.0,11.06,0.551995824,43.01,12166667.0,0.0,0.0,58498.0,15575436.0,0.0,0.0,63840.0,0.0,0.0,0.0,0.0
2023-03-19 18:05:13.724000+00:00,10809344.0,30420992.0,35196928.0,35196928.0,11.07,0.551995824,43.06,12172439.0,0.0,0.0,58536.0,15585826.0,0.0,0.0,63881.0,0.0,0.0,0.0,0.0
2023-03-19 18:05:19.828000+00:00,11001856.0,30937088.0,35823616.0,35823616.0,11.11,0.551995824,43.12,12191876.0,0.0,0.0,58661.0,15611443.0,0.0,0.0,64014.0,0.0,0.0,0.0,0.0
2023-03-19 18:05:24.712000+00:00,11001856.0,30937088.0,35823616.0,35823616.0,11.13,0.551995824,43.18,12191876.0,0.0,0.0,58736.0,15627145.0,0.0,0.0,64094.0,0.0,0.0,0.0,0.0
2023-03-19 18:05:29.725000+00:00,11001856.0,31260672.0,36040704.0,36040704.0,11.13,0.551995824,43.24,12219611.0,0.0,0.0,58855.0,15650117.0,0.0,0.0,64223.0,0.0,0.0,0.0,0.0
2023-03-19 18:05:34.400000+00:00,11001856.0,31260672.0,35663872.0,35663872.0,11.14,0.551995824,43.3,12222657.0,0.0,0.0,58880.0,15658000.0,0.0,0.0,64252.0,0.0,0.0,0.0,0.0
2023-03-19 18:05:39.388000+00:00,11001856.0,30920704.0,35942400.0,35942400.0,11.15,0.551995824,43.32,12232504.0,0.0,0.0,58960.0,15673740.0,0.0,0.0,64337.0,0.0,0.0,0.0,0.0
2023-03-19 18:05:43.805000+00:00,11001856.0,31670272.0,36519936.0,36519936.0,11.17,0.551995824,43.4,12244049.0,0.0,0.0,59032.0,15690118.0,0.0,0.0,64420.0,0.0,0.0,0.0,0.0
2023-03-19 18:05:49.813000+00:00,11001856.0,31621120.0,36544512.0,36544512.0,11.18,0.551995824,43.48,12252512.0,0.0,0.0,59095.0,15703510.0,0.0,0.0,64487.0,0.0,0.0,0.0,0.0
2023-03-19 18:05:54.808000+00:00,11001856.0,31621120.0,36429824.0,36429824.0,11.19,0.551995824,43.58,12308531.0,0.0,0.0,59243.0,15766395.0,0.0,0.0,64646.0,0.0,0.0,0.0,0.0
2023-03-19 18:05:59.545000+00:00,11001856.0,31731712.0,36540416.0,36540416.0,11.2,0.551995824,43.63,12357125.0,0.0,0.0,59328.0,15820273.0,0.0,0.0,64741.0,0.0,0.0,0.0,0.0
2023-03-19 18:06:03.978000+00:00,11001856.0,31731712.0,36540416.0,36540416.0,11.21,0.551995824,43.69,12357125.0,0.0,0.0,59328.0,15828005.0,0.0,0.0,64766.0,0.0,0.0,0.0,0.0
2023-03-19 18:06:09.803000+00:00,11001856.0,32202752.0,37011456.0,37011456.0,11.22,0.551995824,43.75,12373802.0,0.0,0.0,59442.0,15847125.0,0.0,0.0,64864.0,0.0,0.0,0.0,0.0
2023-03-19 18:06:14.369000+00:00,11001856.0,32202752.0,37011456.0,37011456.0,11.24,0.551995824,43.84,12373802.0,0.0,0.0,59442.0,15847125.0,0.0,0.0,64864.0,0.0,0.0,0.0,0.0
2023-03-19 18:06:18.863000+00:00,11182080.0,32387072.0,37203968.0,37203968.0,11.24,0.551995824,43.89,12430814.0,0.0,0.0,59590.0,15912379.0,0.0,0.0,65028.0,0.0,0.0,0.0,0.0
2023-03-19 18:06:24.897000+00:00,11182080.0,32387072.0,37203968.0,37629952.0,11.27,0.551995824,44.03,12491921.0,0.0,0.0,59759.0,15976411.0,0.0,0.0,65207.0,0.0,0.0,0.0,0.0
2023-03-19 18:06:28.344000+00:00,11182080.0,32169984.0,37011456.0,37011456.0,11.27,0.551995824,44.05,12494477.0,0.0,0.0,59780.0,15983719.0,0.0,0.0,65230.0,0.0,0.0,0.0,0.0
2023-03-19 18:06:34.518000+00:00,11182080.0,32366592.0,37220352.0,37220352.0,11.27,0.551995824,44.12,12508387.0,0.0,0.0,59873.0,16003866.0,0.0,0.0,65338.0,0.0,0.0,0.0,0.0
2023-03-19 18:06:39.627000+00:00,11182080.0,32956416.0,37801984.0,37801984.0,11.28,0.551995824,44.2,12517534.0,0.0,0.0,59931.0,16017937.0,0.0,0.0,65402.0,0.0,0.0,0.0,0.0
2023-03-19 18:06:43.985000+00:00,11182080.0,32956416.0,37801984.0,37801984.0,11.31,0.551995824,44.25,12517534.0,0.0,0.0,59931.0,16017937.0,0.0,0.0,65402.0,0.0,0.0,0.0,0.0
2023-03-19 18:06:49.310000+00:00,11182080.0,33038336.0,37888000.0,37888000.0,11.32,0.551995824,44.4,12540764.0,0.0,0.0,60084.0,16051140.0,0.0,0.0,65569.0,0.0,0.0,0.0,0.0
2023-03-19 18:06:53.538000+00:00,11182080.0,33038336.0,37756928.0,37756928.0,11.32,0.551995824,44.46,12596098.0,0.0,0.0,60207.0,16109500.0,0.0,0.0,65700.0,0.0,0.0,0.0,0.0
2023-03-19 18:06:59.330000+00:00,11182080.0,33042432.0,37908480.0,37908480.0,11.36,0.551995824,44.52,12613419.0,0.0,0.0,60314.0,16132579.0,0.0,0.0,65814.0,0.0,0.0,0.0,0.0
2023-03-19 18:07:03.692000+00:00,11182080.0,33042432.0,37908480.0,37908480.0,11.37,0.551995824,44.54,12613419.0,0.0,0.0,60363.0,16145689.0,0.0,0.0,65868.0,0.0,0.0,0.0,0.0
2023-03-19 18:07:09.822000+00:00,11182080.0,33689600.0,38723584.0,38723584.0,11.38,0.551995824,44.63,12637482.0,0.0,0.0,60461.0,16166953.0,0.0,0.0,65975.0,0.0,0.0,0.0,0.0
2023-03-19 18:07:14.931000+00:00,11182080.0,33492992.0,38367232.0,38367232.0,11.39,0.551995824,44.66,12645649.0,0.0,0.0,60518.0,16180004.0,0.0,0.0,66037.0,0.0,0.0,0.0,0.0
2023-03-19 18:07:19.015000+00:00,11390976.0,34013184.0,38952960.0,38952960.0,11.41,0.551995824,44.76,12663343.0,0.0,0.0,60658.0,16206109.0,0.0,0.0,66201.0,0.0,0.0,0.0,0.0
2023-03-19 18:07:23.973000+00:00,11390976.0,34013184.0,38952960.0,38969344.0,11.42,0.551995824,44.78,12675585.0,0.0,0.0,60738.0,16223515.0,0.0,0.0,66294.0,0.0,0.0,0.0,0.0
2023-03-19 18:07:28.983000+00:00,11390976.0,33619968.0,38555648.0,38555648.0,11.45,0.551995824,44.84,12679079.0,0.0,0.0,60764.0,16232138.0,0.0,0.0,66325.0,0.0,0.0,0.0,0.0
2023-03-19 18:07:34.035000+00:00,11390976.0,33820672.0,38707200.0,38707200.0,11.45,0.551995824,44.85,12680978.0,0.0,0.0,60778.0,16238716.0,0.0,0.0,66342.0,0.0,0.0,0.0,0.0
2023-03-19 18:07:38.383000+00:00,11390976.0,33816576.0,38735872.0,38735872.0,11.47,0.551995824,44.93,12690449.0,0.0,0.0,60842.0,16253469.0,0.0,0.0,66411.0,0.0,0.0,0.0,0.0
2023-03-19 18:07:43.180000+00:00,11390976.0,34353152.0,39239680.0,39239680.0,11.48,0.551995824,44.94,12700148.0,0.0,0.0,60898.0,16267932.0,0.0,0.0,66471.0,0.0,0.0,0.0,0.0
2023-03-19 18:07:48.955000+00:00,11390976.0,34312192.0,39313408.0,39313408.0,11.49,0.551995824,45.01,12709525.0,0.0,0.0,60960.0,16282222.0,0.0,0.0,66536.0,0.0,0.0,0.0,0.0
2023-03-19 18:07:54.028000+00:00,11390976.0,34336768.0,39239680.0,39239680.0,11.51,0.551995824,45.04,12720405.0,0.0,0.0,61028.0,16297691.0,0.0,0.0,66605.0,0.0,0.0,0.0,0.0
2023-03-19 18:07:58.249000+00:00,11390976.0,34177024.0,39079936.0,39079936.0,11.51,0.551995824,45.05,12729943.0,0.0,0.0,61092.0,16312530.0,0.0,0.0,66674.0,0.0,0.0,0.0,0.0
2023-03-19 18:08:03.289000+00:00,11390976.0,34177024.0,39079936.0,39325696.0,11.52,0.551995824,45.1,12731903.0,0.0,0.0,61104.0,16318881.0,0.0,0.0,66687.0,0.0,0.0,0.0,0.0
2023-03-19 18:08:09.361000+00:00,11390976.0,34377728.0,39342080.0,39342080.0,11.53,0.551995824,45.18,12741163.0,0.0,0.0,61171.0,16333185.0,0.0,0.0,66761.0,0.0,0.0,0.0,0.0
2023-03-19 18:08:13.217000+00:00,11390976.0,34795520.0,39702528.0,39702528.0,11.54,0.551995824,45.22,12747074.0,0.0,0.0,61227.0,16344247.0,0.0,0.0,66814.0,0.0,0.0,0.0,0.0
2023-03-19 18:08:19.082000+00:00,11542528.0,34926592.0,39845888.0,39845888.0,11.54,0.551995824,45.3,12812581.0,0.0,0.0,61408.0,16415729.0,0.0,0.0,67017.0,0.0,0.0,0.0,0.0
2023-03-19 18:08:23.838000+00:00,11542528.0,35459072.0,40558592.0,40558592.0,11.57,0.551995824,45.5,12846617.0,0.0,0.0,61625.0,16454836.0,0.0,0.0,67259.0,0.0,0.0,0.0,0.0
2023-03-19 18:08:29.887000+00:00,11542528.0,37224448.0,42188800.0,42188800.0,11.59,0.551995824,45.54,12861195.0,0.0,0.0,61726.0,16475136.0,0.0,0.0,67377.0,0.0,0.0,0.0,0.0
2023-03-19 18:08:34.704000+00:00,11542528.0,35168256.0,40198144.0,40198144.0,11.61,0.551995824,45.6,12864317.0,0.0,0.0,61752.0,16482828.0,0.0,0.0,67402.0,0.0,0.0,0.0,0.0
2023-03-19 18:08:39.379000+00:00,11542528.0,35504128.0,40443904.0,40443904.0,11.62,0.551995824,45.65,12881545.0,0.0,0.0,61872.0,16505916.0,0.0,0.0,67533.0,0.0,0.0,0.0,0.0
2023-03-19 18:08:43.004000+00:00,11542528.0,35504128.0,40443904.0,40443904.0,11.66,0.551995824,45.68,12881545.0,0.0,0.0,61872.0,16505916.0,0.0,0.0,67533.0,0.0,0.0,0.0,0.0
2023-03-19 18:08:49.103000+00:00,11542528.0,35504128.0,40886272.0,40886272.0,11.67,0.551995824,45.73,12901154.0,0.0,0.0,61978.0,16535645.0,0.0,0.0,67643.0,0.0,0.0,0.0,0.0
2023-03-19 18:08:53.911000+00:00,11542528.0,35504128.0,40886272.0,40886272.0,11.7,0.551995824,45.73,12901154.0,0.0,0.0,62068.0,16590284.0,0.0,0.0,67740.0,0.0,0.0,0.0,0.0
2023-03-19 18:08:59.827000+00:00,11542528.0,35786752.0,40861696.0,40861696.0,11.7,0.551995824,45.83,12972138.0,0.0,0.0,62192.0,16615396.0,0.0,0.0,67872.0,0.0,0.0,0.0,0.0
2023-03-19 18:09:03.477000+00:00,11542528.0,35786752.0,40878080.0,40878080.0,11.71,0.551995824,45.83,12983311.0,0.0,0.0,62270.0,16632290.0,0.0,0.0,67960.0,0.0,0.0,0.0,0.0
2023-03-19 18:09:08.331000+00:00,11542528.0,33595392.0,38715392.0,38715392.0,11.73,0.551995824,46.04,13031638.0,0.0,0.0,62350.0,16683161.0,0.0,0.0,68039.0,0.0,0.0,0.0,0.0
2023-03-19 18:09:14.858000+00:00,11542528.0,34463744.0,39333888.0,39333888.0,11.78,0.551995824,46.11,13045769.0,0.0,0.0,62444.0,16702831.0,0.0,0.0,68149.0,0.0,0.0,0.0,0.0
2023-03-19 18:09:18.498000+00:00,11739136.0,34471936.0,39350272.0,39350272.0,11.78,0.551995824,46.17,13059263.0,0.0,0.0,62541.0,16723434.0,0.0,0.0,68260.0,0.0,0.0,0.0,0.0
2023-03-19 18:09:24.240000+00:00,11739136.0,34471936.0,38772736.0,38772736.0,11.82,0.551995824,46.28,13075844.0,0.0,0.0,62653.0,16746266.0,0.0,0.0,68383.0,0.0,0.0,0.0,0.0
2023-03-19 18:09:29.190000+00:00,11739136.0,33914880.0,38785024.0,38785024.0,11.83,0.551995824,46.32,13093104.0,0.0,0.0,62767.0,16769293.0,0.0,0.0,68515.0,0.0,0.0,0.0,0.0
2023-03-19 18:09:34.806000+00:00,11739136.0,33914880.0,38785024.0,38785024.0,11.84,0.104367516,46.44,13093104.0,0.0,0.0,62883.0,16793433.0,0.0,0.0,68645.0,0.0,0.0,0.0,0.0
2023-03-19 18:09:38.666000+00:00,11739136.0,34652160.0,39522304.0,39522304.0,11.85,0.551995824,46.46,13118373.0,0.0,0.0,62946.0,16806903.0,0.0,0.0,68718.0,0.0,0.0,0.0,0.0
2023-03-19 18:09:44.665000+00:00,11739136.0,34557952.0,39493632.0,39493632.0,11.86,0.551995824,46.52,13132939.0,0.0,0.0,63028.0,16826724.0,0.0,0.0,68806.0,0.0,0.0,0.0,0.0
2023-03-19 18:09:49.168000+00:00,11739136.0,34717696.0,39587840.0,39587840.0,11.87,0.551995824,46.6,13183489.0,0.0,0.0,63113.0,16882100.0,0.0,0.0,68896.0,0.0,0.0,0.0,0.0
2023-03-19 18:09:53.501000+00:00,11739136.0,34717696.0,39587840.0,39034880.0,11.88,0.551995824,46.6,13187920.0,0.0,0.0,63148.0,16891156.0,0.0,0.0,68931.0,0.0,0.0,0.0,0.0
2023-03-19 18:09:59.163000+00:00,11739136.0,34267136.0,39256064.0,39256064.0,11.88,0.551995824,46.72,13204724.0,0.0,0.0,63255.0,16913291.0,0.0,0.0,69048.0,0.0,0.0,0.0,0.0
2023-03-19 18:10:04.474000+00:00,11739136.0,34267136.0,38973440.0,38973440.0,11.9,0.551995824,46.86,13299234.0,0.0,0.0,63391.0,17011325.0,0.0,0.0,69193.0,0.0,0.0,0.0,0.0
2023-03-19 18:10:09.503000+00:00,11739136.0,34058240.0,38928384.0,38928384.0,11.9,0.551995824,46.9,13311761.0,0.0,0.0,63486.0,17029647.0,0.0,0.0,69292.0,0.0,0.0,0.0,0.0
2023-03-19 18:10:13.713000+00:00,11739136.0,34758656.0,39714816.0,39714816.0,11.92,0.551995824,46.92,13324268.0,0.0,0.0,63568.0,17046785.0,0.0,0.0,69382.0,0.0,0.0,0.0,0.0
2023-03-19 18:10:19.490000+00:00,11964416.0,34578432.0,39497728.0,39497728.0,11.95,0.551995824,47.05,13380545.0,0.0,0.0,63712.0,17107146.0,0.0,0.0,69538.0,0.0,0.0,0.0,0.0
2023-03-19 18:10:24.232000+00:00,11964416.0,34705408.0,39579648.0,39579648.0,11.97,0.551995824,47.1,13394867.0,0.0,0.0,63819.0,17126869.0,0.0,0.0,69651.0,0.0,0.0,0.0,0.0
2023-03-19 18:10:29.237000+00:00,11964416.0,34443264.0,39346176.0,39346176.0,12.0,0.551995824,47.25,13455137.0,0.0,0.0,63981.0,17193479.0,0.0,0.0,69833.0,0.0,0.0,0.0,0.0
2023-03-19 18:10:34.907000+00:00,11964416.0,34443264.0,39346176.0,39346176.0,12.01,0.551995824,47.25,13521961.0,0.0,0.0,64158.0,17266349.0,0.0,0.0,70029.0,0.0,0.0,0.0,0.0
2023-03-19 18:10:39.168000+00:00,11964416.0,34217984.0,39284736.0,39284736.0,12.03,0.551995824,47.4,13534664.0,0.0,0.0,64241.0,17284613.0,0.0,0.0,70119.0,0.0,0.0,0.0,0.0
2023-03-19 18:10:44.034000+00:00,11964416.0,34217984.0,39284736.0,39284736.0,12.04,0.551995824,47.45,13534664.0,0.0,0.0,64241.0,17284613.0,0.0,0.0,70119.0,0.0,0.0,0.0,0.0
2023-03-19 18:10:48.242000+00:00,11964416.0,34811904.0,39686144.0,39686144.0,12.06,0.551995824,47.55,13645616.0,0.0,0.0,64464.0,17401038.0,0.0,0.0,70359.0,0.0,0.0,0.0,0.0
2023-03-19 18:10:54.869000+00:00,11964416.0,34811904.0,39628800.0,39628800.0,12.08,0.551995824,47.63,13708821.0,0.0,0.0,64623.0,17467821.0,0.0,0.0,70530.0,0.0,0.0,0.0,0.0
2023-03-19 18:10:59.341000+00:00,11964416.0,34283520.0,39194624.0,39194624.0,12.1,0.551995824,47.69,13717938.0,0.0,0.0,64684.0,17482440.0,0.0,0.0,70596.0,0.0,0.0,0.0,0.0
2023-03-19 18:11:04.760000+00:00,11964416.0,34283520.0,39763968.0,39763968.0,12.1,0.551995824,47.74,13773360.0,0.0,0.0,64803.0,17541779.0,0.0,0.0,70726.0,0.0,0.0,0.0,0.0
2023-03-19 18:11:08.863000+00:00,11964416.0,34377728.0,39383040.0,39383040.0,12.14,0.551995824,47.79,13779877.0,0.0,0.0,64841.0,17553130.0,0.0,0.0,70767.0,0.0,0.0,0.0,0.0
2023-03-19 18:11:13.601000+00:00,11964416.0,34377728.0,39383040.0,39383040.0,12.14,0.551995824,47.81,13779877.0,0.0,0.0,64841.0,17553130.0,0.0,0.0,70767.0,0.0,0.0,0.0,0.0
2023-03-19 18:11:19.751000+00:00,12189696.0,34590720.0,39710720.0,39710720.0,12.16,0.551995824,47.93,13813616.0,0.0,0.0,65055.0,17598574.0,0.0,0.0,71001.0,0.0,0.0,0.0,0.0
2023-03-19 18:11:24.340000+00:00,12189696.0,34533376.0,39403520.0,39403520.0,12.16,0.551995824,48.0,13825744.0,0.0,0.0,65140.0,17616266.0,0.0,0.0,71097.0,0.0,0.0,0.0,0.0
2023-03-19 18:11:29.018000+00:00,12189696.0,34308096.0,39190528.0,39190528.0,12.2,0.551995824,48.09,13834394.0,0.0,0.0,65203.0,17630588.0,0.0,0.0,71175.0,0.0,0.0,0.0,0.0
2023-03-19 18:11:34.399000+00:00,12189696.0,34308096.0,39190528.0,39186432.0,12.21,0.551995824,48.12,13848158.0,0.0,0.0,65303.0,17650382.0,0.0,0.0,71283.0,0.0,0.0,0.0,0.0
2023-03-19 18:11:38.221000+00:00,12189696.0,34000896.0,39002112.0,39002112.0,12.22,0.551995824,48.14,13859294.0,0.0,0.0,65384.0,17667774.0,0.0,0.0,71377.0,0.0,0.0,0.0,0.0
2023-03-19 18:11:44.475000+00:00,12189696.0,33828864.0,38830080.0,38830080.0,12.24,0.551995824,48.2,13867567.0,0.0,0.0,65445.0,17681314.0,0.0,0.0,71446.0,0.0,0.0,0.0,0.0
2023-03-19 18:11:49.095000+00:00,12189696.0,33951744.0,38924288.0,38924288.0,12.25,0.551995824,48.24,13883003.0,0.0,0.0,65541.0,17702627.0,0.0,0.0,71557.0,0.0,0.0,0.0,0.0
2023-03-19 18:11:54.205000+00:00,12189696.0,33951744.0,39325696.0,39325696.0,12.26,0.551995824,48.3,13890365.0,0.0,0.0,65587.0,17715070.0,0.0,0.0,71606.0,0.0,0.0,0.0,0.0
2023-03-19 18:11:58.662000+00:00,12189696.0,34574336.0,39440384.0,39440384.0,12.27,0.551995824,48.33,13906139.0,0.0,0.0,65697.0,17736511.0,0.0,0.0,71731.0,0.0,0.0,0.0,0.0
2023-03-19 18:12:04.609000+00:00,12189696.0,34414592.0,39346176.0,39346176.0,12.29,0.551995824,48.4,13916541.0,0.0,0.0,65765.0,17751661.0,0.0,0.0,71800.0,0.0,0.0,0.0,0.0
2023-03-19 18:12:09.426000+00:00,12189696.0,34258944.0,39251968.0,39251968.0,12.31,0.551995824,48.44,13932129.0,0.0,0.0,65854.0,17772087.0,0.0,0.0,71894.0,0.0,0.0,0.0,0.0
2023-03-19 18:12:14.111000+00:00,12189696.0,34086912.0,39026688.0,39026688.0,12.32,0.551995824,48.53,13943583.0,0.0,0.0,65934.0,17788687.0,0.0,0.0,71978.0,0.0,0.0,0.0,0.0
2023-03-19 18:12:18.660000+00:00,12398592.0,34226176.0,39178240.0,39178240.0,12.32,0.551995824,48.54,13961193.0,0.0,0.0,66041.0,17810235.0,0.0,0.0,72099.0,0.0,0.0,0.0,0.0
2023-03-19 18:12:24.649000+00:00,12398592.0,34328576.0,39231488.0,39231488.0,12.35,0.551995824,48.64,13971697.0,0.0,0.0,66126.0,17827315.0,0.0,0.0,72192.0,0.0,0.0,0.0,0.0
2023-03-19 18:12:29.878000+00:00,12398592.0,34541568.0,39555072.0,39555072.0,12.38,0.551995824,48.68,14007588.0,0.0,0.0,66337.0,17868220.0,0.0,0.0,72428.0,0.0,0.0,0.0,0.0
2023-03-19 18:12:34.393000+00:00,12398592.0,34541568.0,39919616.0,39919616.0,12.4,0.551995824,48.77,14064165.0,0.0,0.0,66453.0,17930071.0,0.0,0.0,72552.0,0.0,0.0,0.0,0.0
2023-03-19 18:12:38.491000+00:00,12398592.0,35176448.0,40091648.0,40091648.0,12.42,0.551995824,48.8,14081197.0,0.0,0.0,66568.0,17952814.0,0.0,0.0,72681.0,0.0,0.0,0.0,0.0
2023-03-19 18:12:43.454000+00:00,12398592.0,35307520.0,40382464.0,40382464.0,12.43,0.551995824,48.9,14095383.0,0.0,0.0,66663.0,17972441.0,0.0,0.0,72786.0,0.0,0.0,0.0,0.0
2023-03-19 18:12:48.853000+00:00,12398592.0,35270656.0,40181760.0,40181760.0,12.44,0.551995824,48.93,14108094.0,0.0,0.0,66742.0,17990033.0,0.0,0.0,72868.0,0.0,0.0,0.0,0.0
2023-03-19 18:12:53.871000+00:00,12398592.0,35270656.0,41988096.0,41988096.0,12.45,0.551995824,48.98,14112949.0,0.0,0.0,66762.0,17999317.0,0.0,0.0,72889.0,0.0,0.0,0.0,0.0
2023-03-19 18:12:59.397000+00:00,12398592.0,35627008.0,40546304.0,40546304.0,12.47,0.551995824,49.01,14179789.0,0.0,0.0,66921.0,18069496.0,0.0,0.0,73062.0,0.0,0.0,0.0,0.0
2023-03-19 18:13:04.882000+00:00,12398592.0,35627008.0,40546304.0,40546304.0,12.5,0.551995824,49.07,14179789.0,0.0,0.0,66995.0,18123443.0,0.0,0.0,73140.0,0.0,0.0,0.0,0.0
2023-03-19 18:13:09.244000+00:00,12398592.0,35770368.0,40714240.0,40714240.0,12.5,0.551995824,49.1,14281077.0,0.0,0.0,67064.0,18177013.0,0.0,0.0,73216.0,0.0,0.0,0.0,0.0
2023-03-19 18:13:14.308000+00:00,12398592.0,35770368.0,40714240.0,40714240.0,12.5,0.551995824,49.12,14281077.0,0.0,0.0,67064.0,18177013.0,0.0,0.0,73216.0,0.0,0.0,0.0,0.0
2023-03-19 18:13:18.192000+00:00,12599296.0,35454976.0,40407040.0,40407040.0,12.54,0.551995824,49.2,14300971.0,0.0,0.0,67169.0,18206827.0,0.0,0.0,73338.0,0.0,0.0,0.0,0.0
2023-03-19 18:13:24.328000+00:00,12599296.0,35454976.0,40407040.0,40624128.0,12.55,0.551995824,49.26,14314243.0,0.0,0.0,67266.0,18226069.0,0.0,0.0,73440.0,0.0,0.0,0.0,0.0
2023-03-19 18:13:28.895000+00:00,12599296.0,36151296.0,41185280.0,41185280.0,12.58,0.551995824,49.31,14320893.0,0.0,0.0,67317.0,18238361.0,0.0,0.0,73497.0,0.0,0.0,0.0,0.0
2023-03-19 18:13:33.573000+00:00,12599296.0,36151296.0,41230336.0,41230336.0,12.59,0.551995824,49.37,14384760.0,0.0,0.0,67489.0,18308665.0,0.0,0.0,73692.0,0.0,0.0,0.0,0.0
2023-03-19 18:13:38.891000+00:00,12599296.0,36720640.0,41742336.0,41742336.0,12.62,0.551995824,49.46,14400824.0,0.0,0.0,67613.0,18331343.0,0.0,0.0,73832.0,0.0,0.0,0.0,0.0
2023-03-19 18:13:43.292000+00:00,12599296.0,36720640.0,41742336.0,41742336.0,12.63,0.551995824,49.5,14400824.0,0.0,0.0,67613.0,18331343.0,0.0,0.0,73832.0,0.0,0.0,0.0,0.0
2023-03-19 18:13:49.009000+00:00,12599296.0,36896768.0,41996288.0,41996288.0,12.66,0.551995824,49.59,14423327.0,0.0,0.0,67764.0,18364777.0,0.0,0.0,74000.0,0.0,0.0,0.0,0.0
2023-03-19 18:13:54.751000+00:00,12599296.0,36978688.0,42012672.0,42012672.0,12.67,0.551995824,49.63,14439845.0,0.0,0.0,67859.0,18386587.0,0.0,0.0,74105.0,0.0,0.0,0.0,0.0
2023-03-19 18:13:59.662000+00:00,12599296.0,37392384.0,42434560.0,42434560.0,12.69,0.551995824,49.73,14496705.0,0.0,0.0,67967.0,18446096.0,0.0,0.0,74222.0,0.0,0.0,0.0,0.0
2023-03-19 18:14:04.901000+00:00,12599296.0,37392384.0,42434560.0,40136704.0,12.7,0.551995824,49.87,14514701.0,0.0,0.0,68088.0,18469278.0,0.0,0.0,74351.0,0.0,0.0,0.0,0.0
2023-03-19 18:14:08.938000+00:00,12599296.0,35897344.0,40841216.0,40841216.0,12.71,0.551995824,49.96,14525768.0,0.0,0.0,68162.0,18485689.0,0.0,0.0,74431.0,0.0,0.0,0.0,0.0
2023-03-19 18:14:13.240000+00:00,12599296.0,35381248.0,40325120.0,40325120.0,12.74,0.551995824,50.03,14579934.0,0.0,0.0,68259.0,18542714.0,0.0,0.0,74534.0,0.0,0.0,0.0,0.0
2023-03-19 18:14:19.775000+00:00,12824576.0,35336192.0,40595456.0,40595456.0,12.77,0.551995824,50.08,14589297.0,0.0,0.0,68325.0,18557066.0,0.0,0.0,74605.0,0.0,0.0,0.0,0.0
2023-03-19 18:14:24.353000+00:00,12824576.0,35336192.0,40374272.0,40374272.0,12.78,0.551995824,50.12,14606447.0,0.0,0.0,68441.0,18579184.0,0.0,0.0,74728.0,0.0,0.0,0.0,0.0
2023-03-19 18:14:28.809000+00:00,12824576.0,35741696.0,40677376.0,40677376.0,12.81,0.551995824,50.22,14665518.0,0.0,0.0,68563.0,18644042.0,0.0,0.0,74864.0,0.0,0.0,0.0,0.0
2023-03-19 18:14:34.234000+00:00,12824576.0,35258368.0,40251392.0,40251392.0,12.83,0.551995824,50.3,14689890.0,0.0,0.0,68731.0,18674547.0,0.0,0.0,75042.0,0.0,0.0,0.0,0.0
2023-03-19 18:14:38.346000+00:00,12824576.0,35241984.0,40169472.0,40169472.0,12.83,0.551995824,50.34,14705805.0,0.0,0.0,68832.0,18695636.0,0.0,0.0,75151.0,0.0,0.0,0.0,0.0
2023-03-19 18:14:43.481000+00:00,12824576.0,35241984.0,40169472.0,40169472.0,12.85,0.551995824,50.47,14705805.0,0.0,0.0,68832.0,18695636.0,0.0,0.0,75151.0,0.0,0.0,0.0,0.0
2023-03-19 18:14:48.630000+00:00,12824576.0,35540992.0,40534016.0,40534016.0,12.85,0.551995824,50.5,14743836.0,0.0,0.0,69066.0,18744751.0,0.0,0.0,75411.0,0.0,0.0,0.0,0.0
2023-03-19 18:14:54.956000+00:00,12824576.0,35540992.0,40534016.0,40534016.0,12.88,0.551995824,50.58,14844043.0,0.0,0.0,69201.0,18847958.0,0.0,0.0,75553.0,0.0,0.0,0.0,0.0
2023-03-19 18:14:58.713000+00:00,12824576.0,35123200.0,40054784.0,40054784.0,12.88,0.551995824,50.61,14855903.0,0.0,0.0,69282.0,18865190.0,0.0,0.0,75646.0,0.0,0.0,0.0,0.0
2023-03-19 18:15:03.671000+00:00,12824576.0,35123200.0,40337408.0,40337408.0,12.91,0.551995824,50.68,14874798.0,0.0,0.0,69412.0,18890237.0,0.0,0.0,75782.0,0.0,0.0,0.0,0.0
2023-03-19 18:15:09.385000+00:00,12824576.0,35594240.0,40554496.0,40554496.0,12.91,0.551995824,50.72,14896724.0,0.0,0.0,69534.0,18917561.0,0.0,0.0,75914.0,0.0,0.0,0.0,0.0
2023-03-19 18:15:14.699000+00:00,12824576.0,35594240.0,40554496.0,40554496.0,12.93,0.551995824,50.72,14896724.0,0.0,0.0,69534.0,18917561.0,0.0,0.0,75914.0,0.0,0.0,0.0,0.0
2023-03-19 18:15:19.867000+00:00,13058048.0,35655680.0,40591360.0,40591360.0,12.94,0.551995824,50.82,14965568.0,0.0,0.0,69687.0,18994285.0,0.0,0.0,76078.0,0.0,0.0,0.0,0.0
2023-03-19 18:15:24.052000+00:00,13058048.0,35069952.0,40042496.0,40042496.0,12.97,0.551995824,50.89,15019569.0,0.0,0.0,69780.0,19051445.0,0.0,0.0,76175.0,0.0,0.0,0.0,0.0
2023-03-19 18:15:28.863000+00:00,13058048.0,35299328.0,40226816.0,40226816.0,12.98,0.551995824,50.94,15037954.0,0.0,0.0,69916.0,19076035.0,0.0,0.0,76327.0,0.0,0.0,0.0,0.0
2023-03-19 18:15:33.202000+00:00,13058048.0,35299328.0,40226816.0,40226816.0,13.0,0.551995824,51.03,15037954.0,0.0,0.0,69998.0,19131940.0,0.0,0.0,76418.0,0.0,0.0,0.0,0.0
2023-03-19 18:15:39.032000+00:00,13058048.0,35233792.0,40165376.0,40165376.0,13.02,0.551995824,51.05,15100544.0,0.0,0.0,70077.0,19148005.0,0.0,0.0,76501.0,0.0,0.0,0.0,0.0
2023-03-19 18:15:43.943000+00:00,13058048.0,35770368.0,40792064.0,40792064.0,13.04,0.551995824,51.15,15126153.0,0.0,0.0,70243.0,19180267.0,0.0,0.0,76690.0,0.0,0.0,0.0,0.0
2023-03-19 18:15:49.184000+00:00,13058048.0,35856384.0,40828928.0,40828928.0,13.05,0.551995824,51.22,15141788.0,0.0,0.0,70341.0,19200996.0,0.0,0.0,76798.0,0.0,0.0,0.0,0.0
2023-03-19 18:15:53.731000+00:00,13058048.0,35831808.0,40841216.0,40841216.0,13.07,0.551995824,51.31,15155065.0,0.0,0.0,70427.0,19219532.0,0.0,0.0,76890.0,0.0,0.0,0.0,0.0
2023-03-19 18:15:59.764000+00:00,13058048.0,35381248.0,40308736.0,40308736.0,13.09,0.551995824,51.38,15177362.0,0.0,0.0,70579.0,19248320.0,0.0,0.0,77060.0,0.0,0.0,0.0,0.0
2023-03-19 18:16:03.992000+00:00,13058048.0,35381248.0,40177664.0,40177664.0,13.12,0.551995824,51.38,15186699.0,0.0,0.0,70635.0,19262083.0,0.0,0.0,77120.0,0.0,0.0,0.0,0.0
2023-03-19 18:16:08.740000+00:00,13058048.0,35164160.0,40263680.0,40263680.0,13.12,0.551995824,51.47,15202068.0,0.0,0.0,70731.0,19282908.0,0.0,0.0,77221.0,0.0,0.0,0.0,0.0
2023-03-19 18:16:13.887000+00:00,13058048.0,35164160.0,40263680.0,40263680.0,13.13,0.551995824,51.52,15202068.0,0.0,0.0,70731.0,19282908.0,0.0,0.0,77221.0,0.0,0.0,0.0,0.0
2023-03-19 18:16:19.528000+00:00,13295616.0,35229696.0,40431616.0,40431616.0,13.18,0.551995824,51.6,15229766.0,0.0,0.0,70911.0,19321341.0,0.0,0.0,77420.0,0.0,0.0,0.0,0.0
2023-03-19 18:16:24.132000+00:00,13295616.0,35643392.0,40620032.0,40620032.0,13.19,0.551995824,51.64,15289556.0,0.0,0.0,71042.0,19386859.0,0.0,0.0,77560.0,0.0,0.0,0.0,0.0
2023-03-19 18:16:28.378000+00:00,13295616.0,35893248.0,40910848.0,40910848.0,13.21,0.551995824,51.72,15346259.0,0.0,0.0,71147.0,19446706.0,0.0,0.0,77677.0,0.0,0.0,0.0,0.0
2023-03-19 18:16:33.693000+00:00,13295616.0,35893248.0,40910848.0,40808448.0,13.22,0.551995824,51.75,15363396.0,0.0,0.0,71241.0,19468767.0,0.0,0.0,77776.0,0.0,0.0,0.0,0.0
2023-03-19 18:16:39.397000+00:00,13295616.0,35950592.0,40931328.0,40931328.0,13.25,0.551995824,51.88,15396854.0,0.0,0.0,71458.0,19508568.0,0.0,0.0,78018.0,0.0,0.0,0.0,0.0
2023-03-19 18:16:43.867000+00:00,13295616.0,35950592.0,40931328.0,40579072.0,13.25,0.551995824,51.9,15404749.0,0.0,0.0,71517.0,19521788.0,0.0,0.0,78084.0,0.0,0.0,0.0,0.0
2023-03-19 18:16:48.348000+00:00,13295616.0,35782656.0,40853504.0,40853504.0,13.28,0.551995824,52.02,15462248.0,0.0,0.0,71630.0,19584923.0,0.0,0.0,78204.0,0.0,0.0,0.0,0.0
2023-03-19 18:16:53.141000+00:00,13295616.0,35782656.0,40587264.0,40587264.0,13.29,0.551995824,52.08,15564159.0,0.0,0.0,71750.0,19687558.0,0.0,0.0,78332.0,0.0,0.0,0.0,0.0
2023-03-19 18:16:59.933000+00:00,13295616.0,35258368.0,40316928.0,40316928.0,13.3,0.551995824,52.18,15587330.0,0.0,0.0,71901.0,19716783.0,0.0,0.0,78498.0,0.0,0.0,0.0,0.0
2023-03-19 18:17:04.352000+00:00,13295616.0,35905536.0,40833024.0,40833024.0,13.31,0.551995824,52.21,15600234.0,0.0,0.0,71971.0,19735342.0,0.0,0.0,78579.0,0.0,0.0,0.0,0.0
2023-03-19 18:17:09.014000+00:00,13295616.0,35876864.0,40919040.0,40919040.0,13.33,0.551995824,52.29,15612111.0,0.0,0.0,72062.0,19753494.0,0.0,0.0,78683.0,0.0,0.0,0.0,0.0
2023-03-19 18:17:14.005000+00:00,13295616.0,35876864.0,40919040.0,40919040.0,13.34,0.551995824,52.34,15612111.0,0.0,0.0,72062.0,19753494.0,0.0,0.0,78683.0,0.0,0.0,0.0,0.0
2023-03-19 18:17:18.015000+00:00,13537280.0,35745792.0,40689664.0,40689664.0,13.36,0.551995824,52.39,15636080.0,0.0,0.0,72219.0,19787520.0,0.0,0.0,78855.0,0.0,0.0,0.0,0.0
2023-03-19 18:17:24.377000+00:00,13537280.0,35745792.0,40689664.0,40689664.0,13.38,0.551995824,52.44,15659461.0,0.0,0.0,72381.0,19817742.0,0.0,0.0,79030.0,0.0,0.0,0.0,0.0
2023-03-19 18:17:29.886000+00:00,13537280.0,36024320.0,41050112.0,41050112.0,13.41,0.551995824,52.54,15722232.0,0.0,0.0,72528.0,19884752.0,0.0,0.0,79196.0,0.0,0.0,0.0,0.0
2023-03-19 18:17:34.582000+00:00,13537280.0,35561472.0,40534016.0,40534016.0,13.42,0.551995824,52.56,15727543.0,0.0,0.0,72570.0,19895655.0,0.0,0.0,79245.0,0.0,0.0,0.0,0.0
2023-03-19 18:17:38.830000+00:00,13537280.0,35692544.0,40697856.0,40697856.0,13.44,0.551995824,52.64,15743235.0,0.0,0.0,72671.0,19916771.0,0.0,0.0,79357.0,0.0,0.0,0.0,0.0
2023-03-19 18:17:44.486000+00:00,13537280.0,35692544.0,40697856.0,40697856.0,13.45,0.551995824,52.74,15743235.0,0.0,0.0,72671.0,19916771.0,0.0,0.0,79357.0,0.0,0.0,0.0,0.0
2023-03-19 18:17:49.628000+00:00,13537280.0,36081664.0,41091072.0,41091072.0,13.48,0.551995824,52.82,15868718.0,0.0,0.0,72947.0,20053813.0,0.0,0.0,79665.0,0.0,0.0,0.0,0.0
2023-03-19 18:17:54.279000+00:00,13537280.0,36081664.0,41099264.0,41099264.0,13.48,0.551995824,52.86,15882783.0,0.0,0.0,73040.0,20073983.0,0.0,0.0,79770.0,0.0,0.0,0.0,0.0
2023-03-19 18:17:59.902000+00:00,13537280.0,36610048.0,41869312.0,41869312.0,13.5,0.551995824,52.93,15900339.0,0.0,0.0,73170.0,20097826.0,0.0,0.0,79910.0,0.0,0.0,0.0,0.0
2023-03-19 18:18:03.993000+00:00,13537280.0,36610048.0,41869312.0,41869312.0,13.51,0.551995824,52.96,15907444.0,0.0,0.0,73222.0,20109979.0,0.0,0.0,79963.0,0.0,0.0,0.0,0.0
2023-03-19 18:18:08.992000+00:00,13537280.0,36642816.0,41594880.0,41594880.0,13.52,0.551995824,52.99,15924654.0,0.0,0.0,73338.0,20132885.0,0.0,0.0,80093.0,0.0,0.0,0.0,0.0
2023-03-19 18:18:14.204000+00:00,13537280.0,36777984.0,41771008.0,41771008.0,13.54,0.551995824,53.08,15977805.0,0.0,0.0,73416.0,20188648.0,0.0,0.0,80175.0,0.0,0.0,0.0,0.0
2023-03-19 18:18:18.862000+00:00,13770752.0,36495360.0,41455616.0,41455616.0,13.55,0.551995824,53.09,15984846.0,0.0,0.0,73457.0,20200852.0,0.0,0.0,80227.0,0.0,0.0,0.0,0.0
2023-03-19 18:18:24.371000+00:00,13770752.0,36495360.0,42209280.0,42209280.0,13.6,0.551995824,53.21,16049535.0,0.0,0.0,73592.0,20268273.0,0.0,0.0,80371.0,0.0,0.0,0.0,0.0
2023-03-19 18:18:28.363000+00:00,13770752.0,36749312.0,41861120.0,41861120.0,13.62,0.551995824,53.26,16069172.0,0.0,0.0,73714.0,20293529.0,0.0,0.0,80504.0,0.0,0.0,0.0,0.0
2023-03-19 18:18:34.832000+00:00,13770752.0,37552128.0,42815488.0,42815488.0,13.64,0.551995824,53.34,16083016.0,0.0,0.0,73800.0,20312177.0,0.0,0.0,80593.0,0.0,0.0,0.0,0.0
2023-03-19 18:18:39.568000+00:00,13770752.0,36835328.0,41873408.0,41873408.0,13.66,0.551995824,53.49,16147776.0,0.0,0.0,73945.0,20379691.0,0.0,0.0,80750.0,0.0,0.0,0.0,0.0
2023-03-19 18:18:43.587000+00:00,13770752.0,36859904.0,42029056.0,42029056.0,13.68,0.551995824,53.58,16204600.0,0.0,0.0,74042.0,20441934.0,0.0,0.0,80862.0,0.0,0.0,0.0,0.0
2023-03-19 18:18:49.481000+00:00,13770752.0,36732928.0,41697280.0,41697280.0,13.68,0.551995824,53.6,16216742.0,0.0,0.0,74130.0,20459445.0,0.0,0.0,80957.0,0.0,0.0,0.0,0.0
2023-03-19 18:18:53.602000+00:00,13770752.0,36732928.0,41697280.0,41697280.0,13.7,0.551995824,53.66,16216742.0,0.0,0.0,74149.0,20466877.0,0.0,0.0,80976.0,0.0,0.0,0.0,0.0
2023-03-19 18:18:58.317000+00:00,13770752.0,37273600.0,42242048.0,42242048.0,13.7,0.551995824,53.7,16240928.0,0.0,0.0,74301.0,20493809.0,0.0,0.0,81141.0,0.0,0.0,0.0,0.0
2023-03-19 18:19:03.638000+00:00,13770752.0,36990976.0,42012672.0,42012672.0,13.73,0.551995824,53.82,16312191.0,0.0,0.0,74464.0,20571935.0,0.0,0.0,81327.0,0.0,0.0,0.0,0.0
2023-03-19 18:19:09.416000+00:00,13770752.0,37224448.0,42192896.0,42192896.0,13.73,0.551995824,53.82,16315341.0,0.0,0.0,74484.0,20579504.0,0.0,0.0,81348.0,0.0,0.0,0.0,0.0
2023-03-19 18:19:13.670000+00:00,13770752.0,36941824.0,42020864.0,42020864.0,13.74,0.551995824,53.9,16365737.0,0.0,0.0,74531.0,20631982.0,0.0,0.0,81395.0,0.0,0.0,0.0,0.0
2023-03-19 18:19:19.293000+00:00,13967360.0,37113856.0,42160128.0,42160128.0,13.76,0.551995824,53.94,16426504.0,0.0,0.0,74652.0,20698850.0,0.0,0.0,81530.0,0.0,0.0,0.0,0.0
2023-03-19 18:19:24.641000+00:00,13967360.0,37113856.0,42250240.0,42250240.0,13.81,0.551995824,54.02,16438630.0,0.0,0.0,74743.0,20715526.0,0.0,0.0,81623.0,0.0,0.0,0.0,0.0
2023-03-19 18:19:29.677000+00:00,13967360.0,36843520.0,41934848.0,41934848.0,13.82,0.551995824,54.03,16450369.0,0.0,0.0,74808.0,20733543.0,0.0,0.0,81696.0,0.0,0.0,0.0,0.0
2023-03-19 18:19:34.121000+00:00,13967360.0,36843520.0,41934848.0,41934848.0,13.82,0.551995824,54.05,16450369.0,0.0,0.0,74843.0,20744022.0,0.0,0.0,81731.0,0.0,0.0,0.0,0.0
2023-03-19 18:19:39.489000+00:00,13967360.0,36646912.0,41619456.0,41619456.0,13.83,0.551995824,54.17,16514293.0,0.0,0.0,74948.0,20805768.0,0.0,0.0,81849.0,0.0,0.0,0.0,0.0
2023-03-19 18:19:44.538000+00:00,13967360.0,36876288.0,41959424.0,41959424.0,13.84,0.551995824,54.22,16573659.0,0.0,0.0,75049.0,20868093.0,0.0,0.0,81959.0,0.0,0.0,0.0,0.0
2023-03-19 18:19:48.699000+00:00,13967360.0,37048320.0,42016768.0,42016768.0,13.87,0.551995824,54.29,16629807.0,0.0,0.0,75131.0,20929915.0,0.0,0.0,82049.0,0.0,0.0,0.0,0.0
2023-03-19 18:19:52.970000+00:00,13967360.0,37048320.0,42016768.0,42491904.0,13.87,0.551995824,54.33,16689839.0,0.0,0.0,75235.0,20992908.0,0.0,0.0,82165.0,0.0,0.0,0.0,0.0
2023-03-19 18:19:59.091000+00:00,13967360.0,37154816.0,42127360.0,42127360.0,13.89,0.551995824,54.4,16701828.0,0.0,0.0,75310.0,21009850.0,0.0,0.0,82247.0,0.0,0.0,0.0,0.0
2023-03-19 18:20:04.741000+00:00,13967360.0,37015552.0,41984000.0,41984000.0,13.89,0.551995824,54.44,16713494.0,0.0,0.0,75389.0,21026620.0,0.0,0.0,82336.0,0.0,0.0,0.0,0.0
2023-03-19 18:20:09.024000+00:00,13967360.0,36732928.0,41705472.0,41705472.0,13.91,0.551995824,54.52,16722759.0,0.0,0.0,75449.0,21040773.0,0.0,0.0,82401.0,0.0,0.0,0.0,0.0
2023-03-19 18:20:13.792000+00:00,13967360.0,36732928.0,41705472.0,41705472.0,13.92,0.551995824,54.54,16722759.0,0.0,0.0,75449.0,21040773.0,0.0,0.0,82401.0,0.0,0.0,0.0,0.0
2023-03-19 18:20:19.386000+00:00,14151680.0,36945920.0,41914368.0,41914368.0,13.93,0.551995824,54.62,16793165.0,0.0,0.0,75637.0,21119932.0,0.0,0.0,82603.0,0.0,0.0,0.0,0.0
2023-03-19 18:20:23.286000+00:00,14151680.0,36876288.0,41852928.0,41852928.0,13.95,0.551995824,54.67,16804966.0,0.0,0.0,75719.0,21136906.0,0.0,0.0,82690.0,0.0,0.0,0.0,0.0
2023-03-19 18:20:29.508000+00:00,14151680.0,37134336.0,42156032.0,42156032.0,13.97,0.551995824,54.76,16823290.0,0.0,0.0,75840.0,21160607.0,0.0,0.0,82821.0,0.0,0.0,0.0,0.0
2023-03-19 18:20:33.832000+00:00,14151680.0,37134336.0,42156032.0,42414080.0,13.98,0.551995824,54.78,16828591.0,0.0,0.0,75867.0,21170683.0,0.0,0.0,82851.0,0.0,0.0,0.0,0.0
2023-03-19 18:20:39.252000+00:00,14151680.0,37556224.0,42520576.0,42520576.0,14.01,0.551995824,54.88,16842753.0,0.0,0.0,75953.0,21189694.0,0.0,0.0,82946.0,0.0,0.0,0.0,0.0
2023-03-19 18:20:44.067000+00:00,14151680.0,37298176.0,42262528.0,42520576.0,14.02,0.551995824,54.92,16842753.0,0.0,0.0,75953.0,21189694.0,0.0,0.0,82946.0,0.0,0.0,0.0,0.0
2023-03-19 18:20:48.066000+00:00,14151680.0,37175296.0,42143744.0,42143744.0,14.03,0.551995824,54.95,16906342.0,0.0,0.0,76085.0,21263728.0,0.0,0.0,83092.0,0.0,0.0,0.0,0.0
2023-03-19 18:20:54.747000+00:00,14151680.0,37175296.0,42536960.0,42536960.0,14.06,0.551995824,55.06,16929010.0,0.0,0.0,76234.0,21292191.0,0.0,0.0,83249.0,0.0,0.0,0.0,0.0
2023-03-19 18:20:58.867000+00:00,14151680.0,38129664.0,43851776.0,43851776.0,14.08,0.551995824,55.11,16949582.0,0.0,0.0,76374.0,21319000.0,0.0,0.0,83409.0,0.0,0.0,0.0,0.0
2023-03-19 18:21:04.552000+00:00,14151680.0,37306368.0,42274816.0,42274816.0,14.09,0.551995824,55.22,16968422.0,0.0,0.0,76506.0,21343599.0,0.0,0.0,83560.0,0.0,0.0,0.0,0.0
2023-03-19 18:21:09.346000+00:00,14151680.0,37040128.0,42106880.0,42106880.0,14.11,0.551995824,55.29,16977959.0,0.0,0.0,76563.0,21358306.0,0.0,0.0,83628.0,0.0,0.0,0.0,0.0
2023-03-19 18:21:14.395000+00:00,14151680.0,37040128.0,42106880.0,42106880.0,14.11,0.551995824,55.31,16977959.0,0.0,0.0,76563.0,21358306.0,0.0,0.0,83628.0,0.0,0.0,0.0,0.0
2023-03-19 18:21:19.111000+00:00,14352384.0,37429248.0,42520576.0,42520576.0,14.11,0.551995824,55.34,16998882.0,0.0,0.0,76701.0,21389855.0,0.0,0.0,83780.0,0.0,0.0,0.0,0.0
2023-03-19 18:21:23.995000+00:00,14352384.0,36798464.0,41922560.0,41922560.0,14.15,0.551995824,55.41,17055939.0,0.0,0.0,76786.0,21449467.0,0.0,0.0,83871.0,0.0,0.0,0.0,0.0
2023-03-19 18:21:29.496000+00:00,14352384.0,37470208.0,42438656.0,42438656.0,14.16,0.551995824,55.45,17069703.0,0.0,0.0,76882.0,21468631.0,0.0,0.0,83976.0,0.0,0.0,0.0,0.0
2023-03-19 18:21:33.788000+00:00,14352384.0,37322752.0,42389504.0,42389504.0,14.18,0.551995824,55.56,17085775.0,0.0,0.0,76977.0,21489009.0,0.0,0.0,84070.0,0.0,0.0,0.0,0.0
2023-03-19 18:21:38.963000+00:00,14352384.0,37130240.0,42098688.0,42098688.0,14.19,0.551995824,55.6,17096779.0,0.0,0.0,77045.0,21506043.0,0.0,0.0,84150.0,0.0,0.0,0.0,0.0
2023-03-19 18:21:44.442000+00:00,14352384.0,36892672.0,41865216.0,41865216.0,14.2,0.551995824,55.67,17106032.0,0.0,0.0,77110.0,21520355.0,0.0,0.0,84220.0,0.0,0.0,0.0,0.0
2023-03-19 18:21:48.846000+00:00,14352384.0,36589568.0,41558016.0,41558016.0,14.2,0.551995824,55.69,17114566.0,0.0,0.0,77167.0,21533585.0,0.0,0.0,84282.0,0.0,0.0,0.0,0.0
2023-03-19 18:21:53.810000+00:00,14352384.0,37191680.0,42295296.0,42295296.0,14.21,0.551995824,55.77,17123009.0,0.0,0.0,77226.0,21547176.0,0.0,0.0,84347.0,0.0,0.0,0.0,0.0
2023-03-19 18:21:58.619000+00:00,14352384.0,37031936.0,41996288.0,41996288.0,14.22,0.551995824,55.8,17135210.0,0.0,0.0,77312.0,21565162.0,0.0,0.0,84443.0,0.0,0.0,0.0,0.0
2023-03-19 18:22:04.160000+00:00,14352384.0,37031936.0,41996288.0,41996288.0,14.25,0.551995824,55.87,17135210.0,0.0,0.0,77391.0,21583334.0,0.0,0.0,84532.0,0.0,0.0,0.0,0.0
2023-03-19 18:22:09.855000+00:00,14352384.0,37494784.0,42459136.0,42459136.0,14.28,0.551995824,55.98,17211989.0,0.0,0.0,77530.0,21653750.0,0.0,0.0,84686.0,0.0,0.0,0.0,0.0
2023-03-19 18:22:14.171000+00:00,14352384.0,37113856.0,42147840.0,42147840.0,14.32,0.551995824,56.03,17218670.0,0.0,0.0,77574.0,21665630.0,0.0,0.0,84737.0,0.0,0.0,0.0,0.0
2023-03-19 18:22:19.208000+00:00,14524416.0,37367808.0,42336256.0,42336256.0,14.32,0.551995824,56.04,17222123.0,0.0,0.0,77594.0,21674160.0,0.0,0.0,84764.0,0.0,0.0,0.0,0.0
2023-03-19 18:22:24.387000+00:00,14524416.0,37367808.0,42336256.0,42225664.0,14.35,0.551995824,56.13,17229540.0,0.0,0.0,77653.0,21686908.0,0.0,0.0,84828.0,0.0,0.0,0.0,0.0
2023-03-19 18:22:28.722000+00:00,14524416.0,36823040.0,41820160.0,41820160.0,14.36,0.551995824,56.18,17250552.0,0.0,0.0,77809.0,21713749.0,0.0,0.0,84996.0,0.0,0.0,0.0,0.0
2023-03-19 18:22:34.142000+00:00,14524416.0,37392384.0,42377216.0,42377216.0,14.38,0.551995824,56.23,17261020.0,0.0,0.0,77869.0,21729415.0,0.0,0.0,85064.0,0.0,0.0,0.0,0.0
2023-03-19 18:22:38.864000+00:00,14524416.0,37097472.0,42135552.0,42135552.0,14.39,0.551995824,56.28,17368104.0,0.0,0.0,77989.0,21839539.0,0.0,0.0,85198.0,0.0,0.0,0.0,0.0
2023-03-19 18:22:43.841000+00:00,14524416.0,37142528.0,42233856.0,42233856.0,14.4,0.551995824,56.4,17426837.0,0.0,0.0,78077.0,21903498.0,0.0,0.0,85292.0,0.0,0.0,0.0,0.0
2023-03-19 18:22:48.157000+00:00,14524416.0,36786176.0,41771008.0,41771008.0,14.4,0.551995824,56.43,17434106.0,0.0,0.0,78127.0,21915824.0,0.0,0.0,85348.0,0.0,0.0,0.0,0.0
2023-03-19 18:22:53.069000+00:00,14524416.0,36798464.0,42008576.0,42008576.0,14.42,0.551995824,56.51,17449177.0,0.0,0.0,78222.0,21935826.0,0.0,0.0,85453.0,0.0,0.0,0.0,0.0
2023-03-19 18:22:59.883000+00:00,14524416.0,36831232.0,41807872.0,41807872.0,14.42,0.551995824,56.53,17466752.0,0.0,0.0,78328.0,21958542.0,0.0,0.0,85564.0,0.0,0.0,0.0,0.0
2023-03-19 18:23:04.118000+00:00,14524416.0,36831232.0,41807872.0,42270720.0,14.45,0.551995824,56.61,17489392.0,0.0,0.0,78480.0,21987396.0,0.0,0.0,85734.0,0.0,0.0,0.0,0.0
2023-03-19 18:23:09.610000+00:00,14524416.0,37171200.0,42250240.0,42250240.0,14.48,0.551995824,56.66,17560510.0,0.0,0.0,78644.0,22061339.0,0.0,0.0,85917.0,0.0,0.0,0.0,0.0
2023-03-19 18:23:14.226000+00:00,14524416.0,37064704.0,42049536.0,42049536.0,14.5,0.551995824,56.74,17613802.0,0.0,0.0,78700.0,22116984.0,0.0,0.0,85978.0,0.0,0.0,0.0,0.0
2023-03-19 18:23:19.144000+00:00,14729216.0,37556224.0,42520576.0,42520576.0,14.52,0.551995824,56.76,17622692.0,0.0,0.0,78756.0,22130600.0,0.0,0.0,86038.0,0.0,0.0,0.0,0.0
2023-03-19 18:23:24.411000+00:00,14729216.0,37240832.0,42381312.0,42381312.0,14.56,0.551995824,56.81,17629839.0,0.0,0.0,78809.0,22142914.0,0.0,0.0,86092.0,0.0,0.0,0.0,0.0
2023-03-19 18:23:29.039000+00:00,14729216.0,37265408.0,42229760.0,42229760.0,14.56,0.551995824,56.88,17688649.0,0.0,0.0,78898.0,22206943.0,0.0,0.0,86193.0,0.0,0.0,0.0,0.0
2023-03-19 18:23:34.477000+00:00,14729216.0,37216256.0,42209280.0,42209280.0,14.58,0.551995824,56.98,17703938.0,0.0,0.0,78989.0,22227881.0,0.0,0.0,86291.0,0.0,0.0,0.0,0.0
2023-03-19 18:23:38.809000+00:00,14729216.0,36884480.0,41848832.0,41848832.0,14.6,0.551995824,57.02,17771110.0,0.0,0.0,79132.0,22300390.0,0.0,0.0,86446.0,0.0,0.0,0.0,0.0
2023-03-19 18:23:44.577000+00:00,14729216.0,37208064.0,42373120.0,42373120.0,14.61,0.551995824,57.11,17835190.0,0.0,0.0,79246.0,22369784.0,0.0,0.0,86574.0,0.0,0.0,0.0,0.0
2023-03-19 18:23:49.140000+00:00,14729216.0,37113856.0,42090496.0,42090496.0,14.62,0.551995824,57.14,17846819.0,0.0,0.0,79322.0,22387471.0,0.0,0.0,86659.0,0.0,0.0,0.0,0.0
2023-03-19 18:23:54.129000+00:00,14729216.0,37113856.0,42090496.0,42090496.0,14.62,0.551995824,57.19,17846819.0,0.0,0.0,79398.0,22405196.0,0.0,0.0,86743.0,0.0,0.0,0.0,0.0
2023-03-19 18:23:58.681000+00:00,14729216.0,37445632.0,42455040.0,42455040.0,14.64,0.551995824,57.24,17863634.0,0.0,0.0,79424.0,22414142.0,0.0,0.0,86771.0,0.0,0.0,0.0,0.0
2023-03-19 18:24:04.119000+00:00,14729216.0,37445632.0,42962944.0,42962944.0,14.64,0.551995824,57.29,17926972.0,0.0,0.0,79541.0,22480554.0,0.0,0.0,86897.0,0.0,0.0,0.0,0.0
2023-03-19 18:24:08.455000+00:00,14729216.0,38125568.0,43208704.0,43208704.0,14.67,0.551995824,57.37,17938600.0,0.0,0.0,79624.0,22497526.0,0.0,0.0,86987.0,0.0,0.0,0.0,0.0
2023-03-19 18:24:14.576000+00:00,14729216.0,38125568.0,43208704.0,43208704.0,14.69,0.551995824,57.48,17938600.0,0.0,0.0,79624.0,22497526.0,0.0,0.0,86987.0,0.0,0.0,0.0,0.0
2023-03-19 18:24:19.579000+00:00,14925824.0,37707776.0,42692608.0,42692608.0,14.72,0.551995824,57.58,18112208.0,0.0,0.0,79832.0,22676399.0,0.0,0.0,87218.0,0.0,0.0,0.0,0.0
2023-03-19 18:24:24.415000+00:00,14925824.0,37707776.0,43331584.0,43331584.0,14.74,0.551995824,57.6,18119305.0,0.0,0.0,79881.0,22688787.0,0.0,0.0,87272.0,0.0,0.0,0.0,0.0
2023-03-19 18:24:29.628000+00:00,14925824.0,37613568.0,42708992.0,42708992.0,14.76,0.551995824,57.7,18140971.0,0.0,0.0,80021.0,22715432.0,0.0,0.0,87424.0,0.0,0.0,0.0,0.0
2023-03-19 18:24:34.056000+00:00,14925824.0,37613568.0,42708992.0,43171840.0,14.77,0.551995824,57.72,18150725.0,0.0,0.0,80087.0,22730155.0,0.0,0.0,87496.0,0.0,0.0,0.0,0.0
2023-03-19 18:24:39.676000+00:00,14925824.0,37924864.0,42913792.0,42913792.0,14.79,0.551995824,57.78,18160187.0,0.0,0.0,80155.0,22744619.0,0.0,0.0,87565.0,0.0,0.0,0.0,0.0
2023-03-19 18:24:44.961000+00:00,14925824.0,38174720.0,43159552.0,43159552.0,14.82,0.551995824,57.82,18223649.0,0.0,0.0,80256.0,22810820.0,0.0,0.0,87677.0,0.0,0.0,0.0,0.0
2023-03-19 18:24:49.329000+00:00,14925824.0,37928960.0,43003904.0,43003904.0,14.82,0.551995824,57.89,18234756.0,0.0,0.0,80333.0,22827234.0,0.0,0.0,87762.0,0.0,0.0,0.0,0.0
2023-03-19 18:24:54.562000+00:00,14925824.0,38195200.0,43241472.0,43241472.0,14.84,0.551995824,57.94,18302376.0,0.0,0.0,80458.0,22900277.0,0.0,0.0,87910.0,0.0,0.0,0.0,0.0
2023-03-19 18:24:59.890000+00:00,14925824.0,37998592.0,42987520.0,42987520.0,14.86,0.551995824,58.01,18314189.0,0.0,0.0,80538.0,22917689.0,0.0,0.0,87994.0,0.0,0.0,0.0,0.0
2023-03-19 18:25:04.082000+00:00,14925824.0,37949440.0,43040768.0,43040768.0,14.88,0.551995824,58.05,18326724.0,0.0,0.0,80627.0,22935305.0,0.0,0.0,88088.0,0.0,0.0,0.0,0.0
2023-03-19 18:25:09.139000+00:00,14925824.0,37961728.0,43003904.0,43003904.0,14.9,0.551995824,58.12,18342102.0,0.0,0.0,80724.0,22955827.0,0.0,0.0,88197.0,0.0,0.0,0.0,0.0
2023-03-19 18:25:14.030000+00:00,14925824.0,38064128.0,43048960.0,43048960.0,14.91,0.551995824,58.15,18360117.0,0.0,0.0,80833.0,22979613.0,0.0,0.0,88315.0,0.0,0.0,0.0,0.0
2023-03-19 18:25:18.752000+00:00,15126528.0,38150144.0,43266048.0,43266048.0,14.94,0.551995824,58.22,18423914.0,0.0,0.0,80919.0,23045141.0,0.0,0.0,88410.0,0.0,0.0,0.0,0.0
2023-03-19 18:25:23.853000+00:00,15126528.0,38150144.0,43266048.0,43266048.0,14.96,0.551995824,58.22,18423914.0,0.0,0.0,80954.0,23054800.0,0.0,0.0,88450.0,0.0,0.0,0.0,0.0
2023-03-19 18:25:28.757000+00:00,15126528.0,40796160.0,46489600.0,46489600.0,14.98,0.551995824,58.28,18485500.0,0.0,0.0,81014.0,23113261.0,0.0,0.0,88511.0,0.0,0.0,0.0,0.0
2023-03-19 18:25:33.244000+00:00,15126528.0,37588992.0,42754048.0,42754048.0,14.99,0.551995824,58.32,18495173.0,0.0,0.0,81085.0,23128501.0,0.0,0.0,88589.0,0.0,0.0,0.0,0.0
2023-03-19 18:25:38.141000+00:00,15126528.0,38207488.0,43282432.0,43282432.0,14.99,0.551995824,58.34,18505806.0,0.0,0.0,81153.0,23144963.0,0.0,0.0,88665.0,0.0,0.0,0.0,0.0
2023-03-19 18:25:44.441000+00:00,15126528.0,37900288.0,42975232.0,42975232.0,15.02,0.551995824,58.41,18530344.0,0.0,0.0,81318.0,23175273.0,0.0,0.0,88847.0,0.0,0.0,0.0,0.0
2023-03-19 18:25:49.735000+00:00,15126528.0,38199296.0,43184128.0,43184128.0,15.04,0.551995824,58.45,18595788.0,0.0,0.0,81436.0,23246524.0,0.0,0.0,88979.0,0.0,0.0,0.0,0.0
2023-03-19 18:25:54.192000+00:00,15126528.0,38199296.0,43388928.0,43388928.0,15.06,0.551995824,58.52,18613409.0,0.0,0.0,81554.0,23270739.0,0.0,0.0,89114.0,0.0,0.0,0.0,0.0
2023-03-19 18:25:58.850000+00:00,15126528.0,38137856.0,43122688.0,43122688.0,15.06,0.551995824,58.54,18625826.0,0.0,0.0,81628.0,23288253.0,0.0,0.0,89194.0,0.0,0.0,0.0,0.0
2023-03-19 18:26:04.133000+00:00,15126528.0,38268928.0,43257856.0,43257856.0,15.09,1.339481592,58.54,18643112.0,0.0,0.0,81742.0,23310669.0,0.0,0.0,89320.0,0.0,0.0,0.0,0.0
2023-03-19 18:26:09.808000+00:00,15126528.0,37580800.0,42565632.0,42565632.0,15.1,0.551995824,58.68,18659693.0,0.0,0.0,81857.0,23333214.0,0.0,0.0,89450.0,0.0,0.0,0.0,0.0
2023-03-19 18:26:13.638000+00:00,15126528.0,37580800.0,42565632.0,42565632.0,15.12,1.021126054,58.76,18659693.0,0.0,0.0,81857.0,23333214.0,0.0,0.0,89450.0,0.0,0.0,0.0,0.0
2023-03-19 18:26:19.542000+00:00,15327232.0,37679104.0,42668032.0,42668032.0,15.13,0.551995824,58.79,18689034.0,0.0,0.0,82062.0,23374569.0,0.0,0.0,89678.0,0.0,0.0,0.0,0.0
2023-03-19 18:26:23.832000+00:00,15327232.0,37584896.0,42823680.0,42823680.0,15.16,0.551995824,58.86,18698015.0,0.0,0.0,82130.0,23389694.0,0.0,0.0,89758.0,0.0,0.0,0.0,0.0
2023-03-19 18:26:29.637000+00:00,15327232.0,38051840.0,43036672.0,43036672.0,15.16,0.551995824,58.88,18704478.0,0.0,0.0,82178.0,23401580.0,0.0,0.0,89815.0,0.0,0.0,0.0,0.0
2023-03-19 18:26:34.901000+00:00,15327232.0,37593088.0,42762240.0,42762240.0,15.17,0.551995824,58.94,18709617.0,0.0,0.0,82209.0,23411369.0,0.0,0.0,89852.0,0.0,0.0,0.0,0.0
2023-03-19 18:26:38.878000+00:00,15327232.0,37965824.0,43016192.0,43016192.0,15.18,0.551995824,58.95,18715156.0,0.0,0.0,82245.0,23421337.0,0.0,0.0,89889.0,0.0,0.0,0.0,0.0
2023-03-19 18:26:44.617000+00:00,15327232.0,37965824.0,43016192.0,43016192.0,15.19,0.551995824,59.01,18715156.0,0.0,0.0,82245.0,23421337.0,0.0,0.0,89889.0,0.0,0.0,0.0,0.0
2023-03-19 18:26:48.942000+00:00,15327232.0,37933056.0,42917888.0,42917888.0,15.2,0.551995824,59.05,18785487.0,0.0,0.0,82397.0,23498815.0,0.0,0.0,90051.0,0.0,0.0,0.0,0.0
2023-03-19 18:26:54.710000+00:00,15327232.0,37842944.0,42827776.0,42827776.0,15.22,0.551995824,59.13,18795407.0,0.0,0.0,82467.0,23513657.0,0.0,0.0,90124.0,0.0,0.0,0.0,0.0
2023-03-19 18:26:58.797000+00:00,15327232.0,37945344.0,42930176.0,42930176.0,15.22,0.551995824,59.14,18799422.0,0.0,0.0,82499.0,23522763.0,0.0,0.0,90161.0,0.0,0.0,0.0,0.0
2023-03-19 18:27:04.884000+00:00,15327232.0,37945344.0,42930176.0,42659840.0,15.24,0.551995824,59.16,18808757.0,0.0,0.0,82564.0,23537350.0,0.0,0.0,90231.0,0.0,0.0,0.0,0.0
2023-03-19 18:27:08.513000+00:00,15327232.0,37429248.0,42418176.0,42418176.0,15.24,0.551995824,59.25,18817463.0,0.0,0.0,82620.0,23550672.0,0.0,0.0,90291.0,0.0,0.0,0.0,0.0
2023-03-19 18:27:13.445000+00:00,15327232.0,37429248.0,42418176.0,42418176.0,15.25,0.551995824,59.26,18817463.0,0.0,0.0,82620.0,23550672.0,0.0,0.0,90291.0,0.0,0.0,0.0,0.0
2023-03-19 18:27:19.758000+00:00,15503360.0,37801984.0,43245568.0,43245568.0,15.28,0.551995824,59.36,18852765.0,0.0,0.0,82859.0,23596371.0,0.0,0.0,90550.0,0.0,0.0,0.0,0.0
2023-03-19 18:27:24.838000+00:00,15503360.0,37801984.0,42643456.0,42643456.0,15.3,0.551995824,59.41,18864188.0,0.0,0.0,82947.0,23613307.0,0.0,0.0,90640.0,0.0,0.0,0.0,0.0
2023-03-19 18:27:29.517000+00:00,15503360.0,37814272.0,42889216.0,42889216.0,15.31,0.551995824,59.49,18881044.0,0.0,0.0,83067.0,23635820.0,0.0,0.0,90777.0,0.0,0.0,0.0,0.0
2023-03-19 18:27:33.788000+00:00,15503360.0,37838848.0,42823680.0,42823680.0,15.31,0.551995824,59.52,18942972.0,0.0,0.0,83152.0,23702734.0,0.0,0.0,90872.0,0.0,0.0,0.0,0.0
2023-03-19 18:27:39.534000+00:00,15503360.0,38227968.0,43216896.0,43216896.0,15.33,0.551995824,59.61,19009541.0,0.0,0.0,83279.0,23775604.0,0.0,0.0,91011.0,0.0,0.0,0.0,0.0
2023-03-19 18:27:44.144000+00:00,15503360.0,38227968.0,43216896.0,43216896.0,15.36,0.551995824,59.64,19009541.0,0.0,0.0,83279.0,23775604.0,0.0,0.0,91011.0,0.0,0.0,0.0,0.0
2023-03-19 18:27:48.479000+00:00,15503360.0,37707776.0,42934272.0,42934272.0,15.37,0.558095844,59.71,19088099.0,0.0,0.0,83469.0,23865044.0,0.0,0.0,91219.0,0.0,0.0,0.0,0.0
2023-03-19 18:27:54.219000+00:00,15503360.0,37707776.0,42934272.0,42934272.0,15.38,0.558095844,59.74,19152468.0,0.0,0.0,83557.0,23931623.0,0.0,0.0,91313.0,0.0,0.0,0.0,0.0
2023-03-19 18:27:59.024000+00:00,15503360.0,38383616.0,43433984.0,43433984.0,15.4,0.558095844,59.79,19160317.0,0.0,0.0,83608.0,23944650.0,0.0,0.0,91369.0,0.0,0.0,0.0,0.0
2023-03-19 18:28:04.002000+00:00,15503360.0,38383616.0,43249664.0,43249664.0,15.4,0.558095844,59.82,19173580.0,0.0,0.0,83682.0,23963139.0,0.0,0.0,91449.0,0.0,0.0,0.0,0.0
2023-03-19 18:28:08.441000+00:00,15503360.0,38039552.0,43098112.0,43098112.0,15.41,0.558095844,59.87,19292607.0,0.0,0.0,83821.0,24081795.0,0.0,0.0,91599.0,0.0,0.0,0.0,0.0
2023-03-19 18:28:13.981000+00:00,15503360.0,37920768.0,42954752.0,42954752.0,15.42,0.558182574,59.94,19303307.0,0.0,0.0,83897.0,24098801.0,0.0,0.0,91684.0,0.0,0.0,0.0,0.0
2023-03-19 18:28:19.655000+00:00,15699968.0,37462016.0,42532864.0,42532864.0,15.44,0.558182574,60.0,19376009.0,0.0,0.0,84058.0,24175118.0,0.0,0.0,91864.0,0.0,0.0,0.0,0.0
2023-03-19 18:28:24.776000+00:00,15699968.0,37462016.0,43122688.0,43122688.0,15.48,0.568131457,60.05,19381359.0,0.0,0.0,84101.0,24185688.0,0.0,0.0,91912.0,0.0,0.0,0.0,0.0
2023-03-19 18:28:29.924000+00:00,15699968.0,38154240.0,43139072.0,43139072.0,15.49,0.568131457,60.08,19400412.0,0.0,0.0,84232.0,24210937.0,0.0,0.0,92062.0,0.0,0.0,0.0,0.0
2023-03-19 18:28:33.911000+00:00,15699968.0,38154240.0,43139072.0,43139072.0,15.51,0.568131457,60.14,19405221.0,0.0,0.0,84269.0,24220738.0,0.0,0.0,92101.0,0.0,0.0,0.0,0.0
2023-03-19 18:28:38.769000+00:00,15699968.0,37609472.0,42627072.0,42627072.0,15.52,0.568131457,60.18,19417211.0,0.0,0.0,84361.0,24239070.0,0.0,0.0,92205.0,0.0,0.0,0.0,0.0
2023-03-19 18:28:43.461000+00:00,15699968.0,37609472.0,42627072.0,42627072.0,15.54,0.568131457,60.27,19417211.0,0.0,0.0,84361.0,24239070.0,0.0,0.0,92205.0,0.0,0.0,0.0,0.0
2023-03-19 18:28:49.476000+00:00,15699968.0,37740544.0,42725376.0,42725376.0,15.54,0.568131457,60.3,19450798.0,0.0,0.0,84578.0,24284526.0,0.0,0.0,92445.0,0.0,0.0,0.0,0.0
2023-03-19 18:28:54.167000+00:00,15699968.0,37740544.0,43270144.0,43270144.0,15.54,0.568131457,60.38,19456318.0,0.0,0.0,84622.0,24295105.0,0.0,0.0,92490.0,0.0,0.0,0.0,0.0
2023-03-19 18:28:59.701000+00:00,15699968.0,37945344.0,43012096.0,43012096.0,15.54,0.568131457,60.43,19528084.0,0.0,0.0,84765.0,24369493.0,0.0,0.0,92653.0,0.0,0.0,0.0,0.0
2023-03-19 18:29:04.797000+00:00,15699968.0,37855232.0,42909696.0,42909696.0,15.56,0.568131457,60.51,19541884.0,0.0,0.0,84857.0,24388101.0,0.0,0.0,92752.0,0.0,0.0,0.0,0.0
2023-03-19 18:29:09.061000+00:00,15699968.0,37638144.0,42713088.0,42713088.0,15.57,0.568131457,60.54,19552030.0,0.0,0.0,84933.0,24403586.0,0.0,0.0,92829.0,0.0,0.0,0.0,0.0
2023-03-19 18:29:14.466000+00:00,15699968.0,37949440.0,42938368.0,42938368.0,15.6,0.568131457,60.64,19571609.0,0.0,0.0,85073.0,24429113.0,0.0,0.0,92986.0,0.0,0.0,0.0,0.0
2023-03-19 18:29:18.880000+00:00,15937536.0,38010880.0,43106304.0,43106304.0,15.61,0.568131457,60.68,19588541.0,0.0,0.0,85187.0,24451757.0,0.0,0.0,93113.0,0.0,0.0,0.0,0.0
2023-03-19 18:29:24.374000+00:00,15937536.0,38010880.0,43106304.0,43106304.0,15.65,0.568131457,60.73,19588541.0,0.0,0.0,85187.0,24465203.0,0.0,0.0,93171.0,0.0,0.0,0.0,0.0
2023-03-19 18:29:29.208000+00:00,15937536.0,37867520.0,42864640.0,42864640.0,15.66,0.568131457,60.79,19630028.0,0.0,0.0,85469.0,24504659.0,0.0,0.0,93421.0,0.0,0.0,0.0,0.0
2023-03-19 18:29:33.387000+00:00,15937536.0,37916672.0,43065344.0,43065344.0,15.67,0.568131457,60.92,19648576.0,0.0,0.0,85592.0,24528893.0,0.0,0.0,93557.0,0.0,0.0,0.0,0.0
2023-03-19 18:29:38.830000+00:00,15937536.0,37826560.0,43089920.0,43089920.0,15.7,0.568131457,61.0,19723155.0,0.0,0.0,85757.0,24610131.0,0.0,0.0,93739.0,0.0,0.0,0.0,0.0
2023-03-19 18:29:44.581000+00:00,15937536.0,38223872.0,43487232.0,43487232.0,15.74,0.568131457,61.07,19741729.0,0.0,0.0,85885.0,24634208.0,0.0,0.0,93877.0,0.0,0.0,0.0,0.0
2023-03-19 18:29:49.223000+00:00,15937536.0,38199296.0,43204608.0,43204608.0,15.74,0.568131457,61.12,19754957.0,0.0,0.0,85981.0,24653052.0,0.0,0.0,93984.0,0.0,0.0,0.0,0.0
2023-03-19 18:29:53.511000+00:00,15937536.0,38199296.0,43061248.0,43061248.0,15.75,0.568131457,61.14,19767303.0,0.0,0.0,86060.0,24670927.0,0.0,0.0,94069.0,0.0,0.0,0.0,0.0
2023-03-19 18:29:58.926000+00:00,15937536.0,38641664.0,43700224.0,43700224.0,15.76,0.568131457,61.23,19791887.0,0.0,0.0,86216.0,24702127.0,0.0,0.0,94244.0,0.0,0.0,0.0,0.0
2023-03-19 18:30:04.610000+00:00,15937536.0,38641664.0,43700224.0,43700224.0,15.77,0.568131457,61.26,19791887.0,0.0,0.0,86315.0,24724263.0,0.0,0.0,94348.0,0.0,0.0,0.0,0.0
2023-03-19 18:30:09.103000+00:00,15937536.0,38367232.0,43487232.0,43487232.0,15.79,0.568131457,61.32,19816984.0,0.0,0.0,86371.0,24738470.0,0.0,0.0,94409.0,0.0,0.0,0.0,0.0
2023-03-19 18:30:13.929000+00:00,15937536.0,38375424.0,43380736.0,43380736.0,15.8,0.568131457,61.34,19879881.0,0.0,0.0,86456.0,24803004.0,0.0,0.0,94501.0,0.0,0.0,0.0,0.0
2023-03-19 18:30:19.590000+00:00,16162816.0,38322176.0,43376640.0,43376640.0,15.82,0.568131457,61.4,19889595.0,0.0,0.0,86528.0,24818839.0,0.0,0.0,94584.0,0.0,0.0,0.0,0.0
2023-03-19 18:30:24.026000+00:00,16162816.0,38322176.0,43376640.0,43376640.0,15.82,0.568131457,61.48,19889595.0,0.0,0.0,86642.0,24841786.0,0.0,0.0,94716.0,0.0,0.0,0.0,0.0
2023-03-19 18:30:29.219000+00:00,16162816.0,38060032.0,43184128.0,43184128.0,15.84,0.568131457,61.58,20022070.0,0.0,0.0,86755.0,24960017.0,0.0,0.0,94833.0,0.0,0.0,0.0,0.0
2023-03-19 18:30:34.201000+00:00,16162816.0,38060032.0,43155456.0,43155456.0,15.85,0.568131457,61.61,20036727.0,0.0,0.0,86852.0,24979882.0,0.0,0.0,94945.0,0.0,0.0,0.0,0.0
2023-03-19 18:30:38.820000+00:00,16162816.0,38027264.0,43458560.0,43458560.0,15.87,0.568131457,61.68,20049590.0,0.0,0.0,86939.0,24998452.0,0.0,0.0,95046.0,0.0,0.0,0.0,0.0
2023-03-19 18:30:43.788000+00:00,16162816.0,38563840.0,43573248.0,43573248.0,15.87,0.568131457,61.7,20057416.0,0.0,0.0,86995.0,25011567.0,0.0,0.0,95107.0,0.0,0.0,0.0,0.0
2023-03-19 18:30:49.776000+00:00,16162816.0,38268928.0,43286528.0,43286528.0,15.9,0.568131457,61.76,20064991.0,0.0,0.0,87048.0,25024173.0,0.0,0.0,95162.0,0.0,0.0,0.0,0.0
2023-03-19 18:30:54.577000+00:00,16162816.0,38268928.0,43270144.0,43270144.0,15.91,0.568131457,61.79,20080323.0,0.0,0.0,87138.0,25044544.0,0.0,0.0,95262.0,0.0,0.0,0.0,0.0
2023-03-19 18:30:59.446000+00:00,16162816.0,38612992.0,43626496.0,43626496.0,15.92,0.568131457,61.88,20147197.0,0.0,0.0,87247.0,25113753.0,0.0,0.0,95381.0,0.0,0.0,0.0,0.0
2023-03-19 18:31:04.790000+00:00,16162816.0,38526976.0,43532288.0,43532288.0,15.94,0.568131457,61.92,20160158.0,0.0,0.0,87339.0,25132817.0,0.0,0.0,95482.0,0.0,0.0,0.0,0.0
2023-03-19 18:31:09.268000+00:00,16162816.0,38125568.0,43155456.0,43155456.0,15.94,0.568131457,61.95,20165696.0,0.0,0.0,87382.0,25143222.0,0.0,0.0,95525.0,0.0,0.0,0.0,0.0
2023-03-19 18:31:14.586000+00:00,16162816.0,38195200.0,43200512.0,43200512.0,15.95,0.568131457,62.02,20181338.0,0.0,0.0,87489.0,25164028.0,0.0,0.0,95645.0,0.0,0.0,0.0,0.0
2023-03-19 18:31:19.079000+00:00,16371712.0,38428672.0,43560960.0,43560960.0,15.97,0.568131457,62.06,20201231.0,0.0,0.0,87613.0,25189649.0,0.0,0.0,95777.0,0.0,0.0,0.0,0.0
2023-03-19 18:31:23.453000+00:00,16371712.0,38166528.0,43200512.0,43200512.0,16.0,0.670732486,62.06,20207453.0,0.0,0.0,87665.0,25201004.0,0.0,0.0,95829.0,0.0,0.0,0.0,0.0
2023-03-19 18:31:28.921000+00:00,16371712.0,38064128.0,43069440.0,43069440.0,16.0,0.568131457,62.18,20334066.0,0.0,0.0,87827.0,25332849.0,0.0,0.0,96010.0,0.0,0.0,0.0,0.0
2023-03-19 18:31:34.103000+00:00,16371712.0,38645760.0,43655168.0,43655168.0,16.02,0.568131457,62.25,20341463.0,0.0,0.0,87872.0,25345351.0,0.0,0.0,96057.0,0.0,0.0,0.0,0.0
2023-03-19 18:31:39.684000+00:00,16371712.0,38539264.0,43548672.0,43548672.0,16.02,0.568131457,62.28,20352608.0,0.0,0.0,87960.0,25362135.0,0.0,0.0,96152.0,0.0,0.0,0.0,0.0
2023-03-19 18:31:44.266000+00:00,16371712.0,38813696.0,43823104.0,43823104.0,16.04,0.568131457,62.38,20370627.0,0.0,0.0,88094.0,25387029.0,0.0,0.0,96301.0,0.0,0.0,0.0,0.0
2023-03-19 18:31:49.250000+00:00,16371712.0,38674432.0,43679744.0,43679744.0,16.05,0.568131457,62.41,20385046.0,0.0,0.0,88174.0,25406181.0,0.0,0.0,96392.0,0.0,0.0,0.0,0.0
2023-03-19 18:31:54.607000+00:00,16371712.0,38506496.0,43622400.0,43622400.0,16.08,0.568131457,62.53,20461363.0,0.0,0.0,88337.0,25487638.0,0.0,0.0,96570.0,0.0,0.0,0.0,0.0
2023-03-19 18:31:59.371000+00:00,16371712.0,38604800.0,43610112.0,43610112.0,16.08,0.568131457,62.56,20524273.0,0.0,0.0,88417.0,25553015.0,0.0,0.0,96654.0,0.0,0.0,0.0,0.0
2023-03-19 18:32:04.892000+00:00,16371712.0,38604800.0,43872256.0,43872256.0,16.11,0.568131457,62.63,20589629.0,0.0,0.0,88498.0,25620482.0,0.0,0.0,96746.0,0.0,0.0,0.0,0.0
2023-03-19 18:32:09.450000+00:00,16371712.0,38203392.0,43212800.0,43212800.0,16.11,0.568131457,62.64,20593372.0,0.0,0.0,88525.0,25628771.0,0.0,0.0,96773.0,0.0,0.0,0.0,0.0
2023-03-19 18:32:13.582000+00:00,16371712.0,38744064.0,43872256.0,43872256.0,16.12,0.568131457,62.7,20601865.0,0.0,0.0,88580.0,25642696.0,0.0,0.0,96832.0,0.0,0.0,0.0,0.0
2023-03-19 18:32:19.066000+00:00,16576512.0,38256640.0,43352064.0,43352064.0,16.13,0.568131457,62.73,20625018.0,0.0,0.0,88718.0,25671254.0,0.0,0.0,96980.0,0.0,0.0,0.0,0.0
2023-03-19 18:32:24.695000+00:00,16576512.0,38400000.0,43446272.0,43446272.0,16.17,0.568131457,62.81,20642254.0,0.0,0.0,88817.0,25693392.0,0.0,0.0,97086.0,0.0,0.0,0.0,0.0
2023-03-19 18:32:29.864000+00:00,16576512.0,38899712.0,43905024.0,43905024.0,16.18,0.568131457,62.83,20650547.0,0.0,0.0,88874.0,25706899.0,0.0,0.0,97147.0,0.0,0.0,0.0,0.0
2023-03-19 18:32:34.926000+00:00,16576512.0,38899712.0,43905024.0,43905024.0,16.19,0.568131457,62.93,20650547.0,0.0,0.0,88942.0,25771247.0,0.0,0.0,97223.0,0.0,0.0,0.0,0.0
2023-03-19 18:32:39.936000+00:00,16576512.0,38694912.0,43831296.0,43831296.0,16.2,0.568131457,62.98,20735726.0,0.0,0.0,89094.0,25801040.0,0.0,0.0,97394.0,0.0,0.0,0.0,0.0
2023-03-19 18:32:44.853000+00:00,16576512.0,38694912.0,43831296.0,43831296.0,16.22,0.568131457,63.05,20735726.0,0.0,0.0,89094.0,25801040.0,0.0,0.0,97394.0,0.0,0.0,0.0,0.0
2023-03-19 18:32:48.331000+00:00,16576512.0,38227968.0,43347968.0,43347968.0,16.22,0.568131457,63.07,20804554.0,0.0,0.0,89190.0,25877451.0,0.0,0.0,97504.0,0.0,0.0,0.0,0.0
2023-03-19 18:32:54.626000+00:00,16576512.0,38481920.0,43556864.0,43556864.0,16.26,0.568131457,63.16,20819755.0,0.0,0.0,89310.0,25898969.0,0.0,0.0,97632.0,0.0,0.0,0.0,0.0
2023-03-19 18:32:58.477000+00:00,16576512.0,38445056.0,43577344.0,43577344.0,16.26,0.568131457,63.19,20834008.0,0.0,0.0,89409.0,25918473.0,0.0,0.0,97744.0,0.0,0.0,0.0,0.0
2023-03-19 18:33:04.692000+00:00,16576512.0,38445056.0,43941888.0,43941888.0,16.29,0.568131457,63.27,20903418.0,0.0,0.0,89513.0,25993429.0,0.0,0.0,97861.0,0.0,0.0,0.0,0.0
2023-03-19 18:33:09.153000+00:00,16576512.0,38879232.0,43884544.0,43884544.0,16.3,0.568131457,63.3,20919672.0,0.0,0.0,89625.0,26015282.0,0.0,0.0,97980.0,0.0,0.0,0.0,0.0
2023-03-19 18:33:13.577000+00:00,16576512.0,38625280.0,43716608.0,43716608.0,16.3,0.568131457,63.33,20929087.0,0.0,0.0,89693.0,26029874.0,0.0,0.0,98049.0,0.0,0.0,0.0,0.0
2023-03-19 18:33:19.091000+00:00,16785408.0,38920192.0,43999232.0,43999232.0,16.33,0.568131457,63.43,20948576.0,0.0,0.0,89824.0,26055575.0,0.0,0.0,98197.0,0.0,0.0,0.0,0.0
2023-03-19 18:33:24.936000+00:00,16785408.0,38920192.0,44097536.0,44097536.0,16.35,0.568131457,63.48,20965465.0,0.0,0.0,89933.0,26077876.0,0.0,0.0,98313.0,0.0,0.0,0.0,0.0
2023-03-19 18:33:28.357000+00:00,16785408.0,38514688.0,43524096.0,43524096.0,16.38,0.568131457,63.52,20968729.0,0.0,0.0,89954.0,26085711.0,0.0,0.0,98334.0,0.0,0.0,0.0,0.0
2023-03-19 18:33:33.012000+00:00,16785408.0,38494208.0,43757568.0,43757568.0,16.39,0.568131457,63.56,20984904.0,0.0,0.0,90055.0,26106866.0,0.0,0.0,98443.0,0.0,0.0,0.0,0.0
2023-03-19 18:33:39.492000+00:00,16785408.0,38801408.0,43933696.0,43933696.0,16.41,0.568131457,63.68,21122676.0,0.0,0.0,90258.0,26247724.0,0.0,0.0,98675.0,0.0,0.0,0.0,0.0
2023-03-19 18:33:44.739000+00:00,16785408.0,38506496.0,43933696.0,43933696.0,16.42,0.568131457,63.74,21122676.0,0.0,0.0,90258.0,26247724.0,0.0,0.0,98675.0,0.0,0.0,0.0,0.0
2023-03-19 18:33:48.836000+00:00,16785408.0,38559744.0,43565056.0,43565056.0,16.44,0.568131457,63.8,21157316.0,0.0,0.0,90499.0,26293586.0,0.0,0.0,98931.0,0.0,0.0,0.0,0.0
2023-03-19 18:33:54.183000+00:00,16785408.0,38600704.0,43610112.0,43610112.0,16.44,0.568131457,63.84,21224469.0,0.0,0.0,90593.0,26366009.0,0.0,0.0,99040.0,0.0,0.0,0.0,0.0
2023-03-19 18:33:59.885000+00:00,16785408.0,38735872.0,43773952.0,43773952.0,16.46,0.568720708,63.92,21241154.0,0.0,0.0,90703.0,26388217.0,0.0,0.0,99162.0,0.0,0.0,0.0,0.0
2023-03-19 18:34:04.680000+00:00,16785408.0,38735872.0,43773952.0,43900928.0,16.47,0.568720708,63.94,21259913.0,0.0,0.0,90823.0,26412475.0,0.0,0.0,99293.0,0.0,0.0,0.0,0.0
2023-03-19 18:34:09.516000+00:00,16785408.0,38993920.0,44019712.0,44019712.0,16.51,0.568720708,64.03,21392497.0,0.0,0.0,90977.0,26543656.0,0.0,0.0,99459.0,0.0,0.0,0.0,0.0
2023-03-19 18:34:13.582000+00:00,16785408.0,38776832.0,43786240.0,43786240.0,16.52,0.568720708,64.04,21405249.0,0.0,0.0,91053.0,26562073.0,0.0,0.0,99539.0,0.0,0.0,0.0,0.0
2023-03-19 18:34:18.155000+00:00,17010688.0,38944768.0,44056576.0,44056576.0,16.52,0.568720708,64.08,21471788.0,0.0,0.0,91143.0,26630262.0,0.0,0.0,99634.0,0.0,0.0,0.0,0.0
2023-03-19 18:34:23.276000+00:00,17010688.0,38944768.0,44056576.0,43995136.0,16.56,0.568720708,64.16,21483488.0,0.0,0.0,91220.0,26647368.0,0.0,0.0,99719.0,0.0,0.0,0.0,0.0
2023-03-19 18:34:28.105000+00:00,17010688.0,38862848.0,43868160.0,43868160.0,16.57,0.568720708,64.18,21495871.0,0.0,0.0,91305.0,26666113.0,0.0,0.0,99815.0,0.0,0.0,0.0,0.0
2023-03-19 18:34:33.832000+00:00,17010688.0,38744064.0,43786240.0,43786240.0,16.59,0.568720708,64.24,21506725.0,0.0,0.0,91383.0,26682970.0,0.0,0.0,99899.0,0.0,0.0,0.0,0.0
2023-03-19 18:34:39.437000+00:00,17010688.0,38862848.0,43917312.0,43917312.0,16.62,0.568720708,64.35,21527816.0,0.0,0.0,91504.0,26709931.0,0.0,0.0,100035.0,0.0,0.0,0.0,0.0
2023-03-19 18:34:44.348000+00:00,17010688.0,38862848.0,43917312.0,43917312.0,16.64,0.568720708,64.35,21527816.0,0.0,0.0,91504.0,26709931.0,0.0,0.0,100035.0,0.0,0.0,0.0,0.0
2023-03-19 18:34:49.270000+00:00,17010688.0,38731776.0,43741184.0,43741184.0,16.65,0.568720708,64.48,21560510.0,0.0,0.0,91718.0,26755139.0,0.0,0.0,100279.0,0.0,0.0,0.0,0.0
2023-03-19 18:34:54.476000+00:00,17010688.0,38379520.0,43511808.0,43511808.0,16.68,0.568720708,64.54,21568357.0,0.0,0.0,91770.0,26767945.0,0.0,0.0,100335.0,0.0,0.0,0.0,0.0
2023-03-19 18:34:59.010000+00:00,17010688.0,38486016.0,43491328.0,43491328.0,16.68,0.568720708,64.59,21635612.0,0.0,0.0,91870.0,26841377.0,0.0,0.0,100445.0,0.0,0.0,0.0,0.0
2023-03-19 18:35:04.251000+00:00,17010688.0,38486016.0,43491328.0,43491328.0,16.69,0.568720708,64.68,21635612.0,0.0,0.0,91979.0,26862793.0,0.0,0.0,100562.0,0.0,0.0,0.0,0.0
2023-03-19 18:35:08.906000+00:00,17010688.0,38350848.0,43450368.0,43450368.0,16.7,0.568720708,64.7,21662879.0,0.0,0.0,92057.0,26879397.0,0.0,0.0,100650.0,0.0,0.0,0.0,0.0
2023-03-19 18:35:14.597000+00:00,17010688.0,38879232.0,43892736.0,43892736.0,16.73,0.568720708,64.79,21688813.0,0.0,0.0,92231.0,26911780.0,0.0,0.0,100841.0,0.0,0.0,0.0,0.0
2023-03-19 18:35:19.347000+00:00,17260544.0,38662144.0,43761664.0,43761664.0,16.74,0.568720708,64.85,21769950.0,0.0,0.0,92405.0,26999554.0,0.0,0.0,101033.0,0.0,0.0,0.0,0.0
2023-03-19 18:35:24.662000+00:00,17260544.0,38932480.0,44036096.0,44036096.0,16.76,0.568720708,64.92,21838966.0,0.0,0.0,92507.0,27074280.0,0.0,0.0,101148.0,0.0,0.0,0.0,0.0
2023-03-19 18:35:28.747000+00:00,17260544.0,38387712.0,43548672.0,43548672.0,16.76,0.568720708,64.94,21845062.0,0.0,0.0,92545.0,27085037.0,0.0,0.0,101187.0,0.0,0.0,0.0,0.0
2023-03-19 18:35:33.109000+00:00,17260544.0,38387712.0,44163072.0,44163072.0,16.76,0.568720708,64.99,21859811.0,0.0,0.0,92638.0,27104979.0,0.0,0.0,101288.0,0.0,0.0,0.0,0.0
2023-03-19 18:35:39.960000+00:00,17260544.0,38744064.0,43749376.0,43749376.0,16.78,0.568720708,65.12,21931578.0,0.0,0.0,92758.0,27178902.0,0.0,0.0,101414.0,0.0,0.0,0.0,0.0
2023-03-19 18:35:44.139000+00:00,17260544.0,38744064.0,43778048.0,43778048.0,16.78,0.568720708,65.19,22013182.0,0.0,0.0,92923.0,27262443.0,0.0,0.0,101591.0,0.0,0.0,0.0,0.0
2023-03-19 18:35:48.897000+00:00,17260544.0,38887424.0,43892736.0,43892736.0,16.8,0.568720708,65.26,22035929.0,0.0,0.0,93060.0,27290657.0,0.0,0.0,101744.0,0.0,0.0,0.0,0.0
2023-03-19 18:35:53.745000+00:00,17260544.0,38887424.0,43429888.0,43429888.0,16.81,0.568720708,65.3,22104743.0,0.0,0.0,93169.0,27361671.0,0.0,0.0,101859.0,0.0,0.0,0.0,0.0
2023-03-19 18:35:59.494000+00:00,17260544.0,38920192.0,43929600.0,43929600.0,16.85,0.568720708,65.38,22131714.0,0.0,0.0,93338.0,27393864.0,0.0,0.0,102047.0,0.0,0.0,0.0,0.0
2023-03-19 18:36:04.420000+00:00,17260544.0,38928384.0,43962368.0,43962368.0,16.86,0.568720708,65.42,22147637.0,0.0,0.0,93445.0,27414836.0,0.0,0.0,102166.0,0.0,0.0,0.0,0.0
2023-03-19 18:36:08.949000+00:00,17260544.0,38633472.0,43716608.0,43716608.0,16.88,0.568720708,65.49,22154794.0,0.0,0.0,93497.0,27427032.0,0.0,0.0,102219.0,0.0,0.0,0.0,0.0
2023-03-19 18:36:14.562000+00:00,17260544.0,38633472.0,43716608.0,43716608.0,16.89,0.568720708,65.55,22154794.0,0.0,0.0,93497.0,27427032.0,0.0,0.0,102219.0,0.0,0.0,0.0,0.0
2023-03-19 18:36:18.828000+00:00,17489920.0,38395904.0,43515904.0,43515904.0,16.9,0.568720708,65.61,22301372.0,0.0,0.0,93717.0,27585560.0,0.0,0.0,102465.0,0.0,0.0,0.0,0.0
2023-03-19 18:36:23.589000+00:00,17489920.0,38400000.0,43487232.0,43487232.0,16.92,0.568720708,65.64,22315327.0,0.0,0.0,93805.0,27604855.0,0.0,0.0,102557.0,0.0,0.0,0.0,0.0
2023-03-19 18:36:29.288000+00:00,17489920.0,38739968.0,43814912.0,43814912.0,16.94,0.568720708,65.71,22339002.0,0.0,0.0,93957.0,27633943.0,0.0,0.0,102720.0,0.0,0.0,0.0,0.0
2023-03-19 18:36:33.246000+00:00,17489920.0,38739968.0,43397120.0,43397120.0,16.95,0.568720708,65.77,22410886.0,0.0,0.0,94068.0,27708260.0,0.0,0.0,102844.0,0.0,0.0,0.0,0.0
2023-03-19 18:36:39.419000+00:00,17489920.0,39034880.0,44167168.0,44167168.0,16.97,0.568720708,65.83,22424083.0,0.0,0.0,94152.0,27726287.0,0.0,0.0,102936.0,0.0,0.0,0.0,0.0
2023-03-19 18:36:44.342000+00:00,17489920.0,38338560.0,43397120.0,43397120.0,16.98,0.568720708,65.85,22491036.0,0.0,0.0,94233.0,27795467.0,0.0,0.0,103022.0,0.0,0.0,0.0,0.0
2023-03-19 18:36:49.816000+00:00,17489920.0,38531072.0,43585536.0,43585536.0,17.0,0.568720708,65.93,22507563.0,0.0,0.0,94346.0,27818322.0,0.0,0.0,103151.0,0.0,0.0,0.0,0.0
2023-03-19 18:36:53.874000+00:00,17489920.0,38608896.0,43618304.0,43618304.0,17.0,0.568720708,65.95,22521614.0,0.0,0.0,94456.0,27838786.0,0.0,0.0,103270.0,0.0,0.0,0.0,0.0
2023-03-19 18:36:59.638000+00:00,17489920.0,38731776.0,43749376.0,43749376.0,17.01,0.568720708,65.99,22537899.0,0.0,0.0,94571.0,27860892.0,0.0,0.0,103399.0,0.0,0.0,0.0,0.0
2023-03-19 18:37:04.602000+00:00,17489920.0,38363136.0,43372544.0,43372544.0,17.03,0.568720708,66.06,22544536.0,0.0,0.0,94616.0,27872711.0,0.0,0.0,103446.0,0.0,0.0,0.0,0.0
2023-03-19 18:37:09.090000+00:00,17489920.0,39022592.0,44032000.0,44032000.0,17.04,0.568720708,66.09,22555261.0,0.0,0.0,94692.0,27889030.0,0.0,0.0,103530.0,0.0,0.0,0.0,0.0
2023-03-19 18:37:13.815000+00:00,17489920.0,39022592.0,44032000.0,44032000.0,17.06,0.568751409,66.09,22555261.0,0.0,0.0,94692.0,27889030.0,0.0,0.0,103530.0,0.0,0.0,0.0,0.0
2023-03-19 18:37:18.143000+00:00,17723392.0,38514688.0,43638784.0,43638784.0,17.07,0.568751409,66.19,22591853.0,0.0,0.0,94936.0,27937016.0,0.0,0.0,103801.0,0.0,0.0,0.0,0.0
2023-03-19 18:37:24.752000+00:00,17723392.0,38531072.0,43540480.0,43540480.0,17.1,0.568751409,66.28,22655089.0,0.0,0.0,94993.0,28006699.0,0.0,0.0,103871.0,0.0,0.0,0.0,0.0
2023-03-19 18:37:28.875000+00:00,17723392.0,38473728.0,43610112.0,43610112.0,17.1,0.568751409,66.3,22667769.0,0.0,0.0,95079.0,28024759.0,0.0,0.0,103963.0,0.0,0.0,0.0,0.0
2023-03-19 18:37:34.157000+00:00,17723392.0,38473728.0,43610112.0,43364352.0,17.12,0.568751409,66.39,22680473.0,0.0,0.0,95153.0,28041641.0,0.0,0.0,104042.0,0.0,0.0,0.0,0.0
2023-03-19 18:37:39.566000+00:00,17723392.0,38887424.0,43900928.0,43900928.0,17.12,0.568751409,66.4,22689017.0,0.0,0.0,95207.0,28056676.0,0.0,0.0,104106.0,0.0,0.0,0.0,0.0
2023-03-19 18:37:43.547000+00:00,17723392.0,38977536.0,44019712.0,44019712.0,17.14,0.568751409,66.48,22706495.0,0.0,0.0,95330.0,28079904.0,0.0,0.0,104242.0,0.0,0.0,0.0,0.0
2023-03-19 18:37:49.832000+00:00,17723392.0,39010304.0,44072960.0,44072960.0,17.14,0.568751409,66.52,22720749.0,0.0,0.0,95422.0,28099571.0,0.0,0.0,104342.0,0.0,0.0,0.0,0.0
2023-03-19 18:37:53.701000+00:00,17723392.0,39010304.0,43995136.0,43995136.0,17.15,0.568751409,66.62,22734191.0,0.0,0.0,95501.0,28117923.0,0.0,0.0,104429.0,0.0,0.0,0.0,0.0
2023-03-19 18:37:59.653000+00:00,17723392.0,38801408.0,43892736.0,43892736.0,17.16,0.568751409,66.68,22865088.0,0.0,0.0,95633.0,28248089.0,0.0,0.0,104575.0,0.0,0.0,0.0,0.0
2023-03-19 18:38:04.656000+00:00,17723392.0,38469632.0,43552768.0,43552768.0,17.18,0.568751409,66.74,22872063.0,0.0,0.0,95673.0,28259630.0,0.0,0.0,104619.0,0.0,0.0,0.0,0.0
2023-03-19 18:38:09.042000+00:00,17723392.0,38760448.0,43765760.0,43765760.0,17.2,0.568751409,66.76,22946302.0,0.0,0.0,95794.0,28339192.0,0.0,0.0,104746.0,0.0,0.0,0.0,0.0
2023-03-19 18:38:13.949000+00:00,17723392.0,38760448.0,43765760.0,43765760.0,17.22,0.568751409,66.82,22946302.0,0.0,0.0,95794.0,28339192.0,0.0,0.0,104746.0,0.0,0.0,0.0,0.0
2023-03-19 18:38:18.941000+00:00,17920000.0,39067648.0,44077056.0,44077056.0,17.25,0.568751409,66.93,23035256.0,0.0,0.0,96006.0,28438603.0,0.0,0.0,104982.0,0.0,0.0,0.0,0.0
2023-03-19 18:38:24.759000+00:00,17920000.0,39022592.0,44032000.0,44032000.0,17.27,0.568751409,66.96,23048081.0,0.0,0.0,96098.0,28457081.0,0.0,0.0,105081.0,0.0,0.0,0.0,0.0
2023-03-19 18:38:28.555000+00:00,17920000.0,38969344.0,44060672.0,44060672.0,17.29,0.568751409,67.02,23061456.0,0.0,0.0,96188.0,28475794.0,0.0,0.0,105185.0,0.0,0.0,0.0,0.0
2023-03-19 18:38:34.325000+00:00,17920000.0,38969344.0,44060672.0,44060672.0,17.29,0.568751409,67.05,23072026.0,0.0,0.0,96248.0,28491118.0,0.0,0.0,105249.0,0.0,0.0,0.0,0.0
2023-03-19 18:38:39.053000+00:00,17920000.0,39194624.0,44322816.0,44322816.0,17.32,0.568751409,67.12,23146198.0,0.0,0.0,96346.0,28567264.0,0.0,0.0,105362.0,0.0,0.0,0.0,0.0
2023-03-19 18:38:44.443000+00:00,17920000.0,38793216.0,43917312.0,43917312.0,17.33,0.568751409,67.16,23223713.0,0.0,0.0,96478.0,28646859.0,0.0,0.0,105504.0,0.0,0.0,0.0,0.0
2023-03-19 18:38:49.601000+00:00,17920000.0,38522880.0,43528192.0,43528192.0,17.34,0.568751409,67.23,23233348.0,0.0,0.0,96531.0,28661220.0,0.0,0.0,105568.0,0.0,0.0,0.0,0.0
2023-03-19 18:38:54.836000+00:00,17920000.0,38522880.0,43528192.0,44281856.0,17.34,0.568751409,67.25,23243838.0,0.0,0.0,96602.0,28677190.0,0.0,0.0,105643.0,0.0,0.0,0.0,0.0
2023-03-19 18:38:59.684000+00:00,17920000.0,38981632.0,43986944.0,43986944.0,17.36,0.568751409,67.33,23253857.0,0.0,0.0,96672.0,28692744.0,0.0,0.0,105716.0,0.0,0.0,0.0,0.0
2023-03-19 18:39:03.949000+00:00,17920000.0,38981632.0,43962368.0,43962368.0,17.38,0.568751409,67.34,23266146.0,0.0,0.0,96758.0,28710324.0,0.0,0.0,105811.0,0.0,0.0,0.0,0.0
2023-03-19 18:39:08.922000+00:00,17920000.0,38494208.0,43646976.0,43646976.0,17.4,0.568751409,67.4,23273335.0,0.0,0.0,96803.0,28722284.0,0.0,0.0,105858.0,0.0,0.0,0.0,0.0
2023-03-19 18:39:13.610000+00:00,17920000.0,38469632.0,43479040.0,43479040.0,17.4,0.568751409,67.42,23288568.0,0.0,0.0,96897.0,28742957.0,0.0,0.0,105962.0,0.0,0.0,0.0,0.0
2023-03-19 18:39:19.436000+00:00,18100224.0,39231488.0,44244992.0,44244992.0,17.43,0.568751409,67.47,23300868.0,0.0,0.0,96980.0,28761427.0,0.0,0.0,106056.0,0.0,0.0,0.0,0.0
2023-03-19 18:39:24.008000+00:00,18100224.0,38477824.0,43507712.0,43507712.0,17.45,0.568751409,67.49,23315345.0,0.0,0.0,97084.0,28781803.0,0.0,0.0,106170.0,0.0,0.0,0.0,0.0
2023-03-19 18:39:29.413000+00:00,18100224.0,39550976.0,43651072.0,43651072.0,17.48,0.568751409,67.55,23387575.0,0.0,0.0,97175.0,28800128.0,0.0,0.0,106271.0,0.0,0.0,0.0,0.0
2023-03-19 18:39:33.809000+00:00,18100224.0,39550976.0,43651072.0,43651072.0,17.5,0.568751409,67.63,23387575.0,0.0,0.0,97266.0,28878650.0,0.0,0.0,106374.0,0.0,0.0,0.0,0.0
2023-03-19 18:39:39.850000+00:00,18100224.0,38719488.0,43794432.0,43794432.0,17.52,0.568751409,67.68,23409463.0,0.0,0.0,97315.0,28891643.0,0.0,0.0,106427.0,0.0,0.0,0.0,0.0
2023-03-19 18:39:44.121000+00:00,18100224.0,38719488.0,43794432.0,43794432.0,17.53,0.568751409,67.71,23409463.0,0.0,0.0,97315.0,28891643.0,0.0,0.0,106427.0,0.0,0.0,0.0,0.0
2023-03-19 18:39:49.297000+00:00,18100224.0,38473728.0,43487232.0,43487232.0,17.56,0.568751409,67.78,23435537.0,0.0,0.0,97486.0,28927471.0,0.0,0.0,106617.0,0.0,0.0,0.0,0.0
2023-03-19 18:39:54.642000+00:00,18100224.0,39059456.0,44118016.0,44118016.0,17.57,0.568751409,67.8,23444381.0,0.0,0.0,97549.0,28941501.0,0.0,0.0,106684.0,0.0,0.0,0.0,0.0
2023-03-19 18:39:59.737000+00:00,18100224.0,38813696.0,43872256.0,43872256.0,17.59,0.568751409,67.89,23454664.0,0.0,0.0,97616.0,28956387.0,0.0,0.0,106751.0,0.0,0.0,0.0,0.0
2023-03-19 18:40:04.824000+00:00,18100224.0,39063552.0,44118016.0,44118016.0,17.6,0.568751409,67.92,23527175.0,0.0,0.0,97718.0,29030697.0,0.0,0.0,106864.0,0.0,0.0,0.0,0.0
2023-03-19 18:40:09.669000+00:00,18100224.0,39170048.0,44175360.0,44175360.0,17.62,0.568751409,68.01,23597923.0,0.0,0.0,97812.0,29107624.0,0.0,0.0,106968.0,0.0,0.0,0.0,0.0
2023-03-19 18:40:13.799000+00:00,18100224.0,38801408.0,43806720.0,43806720.0,17.62,0.568751409,68.04,23608175.0,0.0,0.0,97876.0,29123184.0,0.0,0.0,107037.0,0.0,0.0,0.0,0.0
2023-03-19 18:40:18.814000+00:00,18284544.0,38936576.0,43941888.0,43941888.0,17.66,0.568751409,68.12,23626844.0,0.0,0.0,97987.0,29147151.0,0.0,0.0,107163.0,0.0,0.0,0.0,0.0
2023-03-19 18:40:24.188000+00:00,18284544.0,38936576.0,44052480.0,44052480.0,17.68,0.568751409,68.18,23641505.0,0.0,0.0,98096.0,29167444.0,0.0,0.0,107279.0,0.0,0.0,0.0,0.0
2023-03-19 18:40:29.894000+00:00,18284544.0,38993920.0,44007424.0,44007424.0,17.72,0.568751409,68.27,23658248.0,0.0,0.0,98195.0,29189383.0,0.0,0.0,107388.0,0.0,0.0,0.0,0.0
2023-03-19 18:40:34.367000+00:00,18284544.0,38559744.0,43565056.0,43565056.0,17.72,0.568751409,68.3,23729601.0,0.0,0.0,98293.0,29262518.0,0.0,0.0,107494.0,0.0,0.0,0.0,0.0
2023-03-19 18:40:38.972000+00:00,18284544.0,38739968.0,43745280.0,43745280.0,17.72,0.568751409,68.31,23731294.0,0.0,0.0,98305.0,29268672.0,0.0,0.0,107507.0,0.0,0.0,0.0,0.0
2023-03-19 18:40:44.536000+00:00,18284544.0,38567936.0,43692032.0,43692032.0,17.74,0.568751409,68.36,23741812.0,0.0,0.0,98378.0,29284926.0,0.0,0.0,107586.0,0.0,0.0,0.0,0.0
2023-03-19 18:40:49.387000+00:00,18284544.0,38514688.0,43741184.0,43741184.0,17.76,0.568751409,68.42,23829051.0,0.0,0.0,98547.0,29374942.0,0.0,0.0,107772.0,0.0,0.0,0.0,0.0
2023-03-19 18:40:53.399000+00:00,18284544.0,38514688.0,43741184.0,43741184.0,17.78,0.568751409,68.46,23829051.0,0.0,0.0,98576.0,29384586.0,0.0,0.0,107803.0,0.0,0.0,0.0,0.0
2023-03-19 18:40:59.806000+00:00,18284544.0,38584320.0,43589632.0,43589632.0,17.79,0.568751409,68.48,23841479.0,0.0,0.0,98632.0,29397569.0,0.0,0.0,107864.0,0.0,0.0,0.0,0.0
2023-03-19 18:41:04.581000+00:00,18284544.0,39104512.0,44220416.0,44220416.0,17.81,0.568751409,68.48,23849713.0,0.0,0.0,98688.0,29410972.0,0.0,0.0,107924.0,0.0,0.0,0.0,0.0
2023-03-19 18:41:08.625000+00:00,18284544.0,38674432.0,43786240.0,43786240.0,17.82,0.568751409,68.59,23930108.0,0.0,0.0,98819.0,29496881.0,0.0,0.0,108073.0,0.0,0.0,0.0,0.0
2023-03-19 18:41:14.367000+00:00,18284544.0,38674432.0,43786240.0,43786240.0,17.84,0.568751409,68.67,23930108.0,0.0,0.0,98819.0,29496881.0,0.0,0.0,108073.0,0.0,0.0,0.0,0.0
2023-03-19 18:41:18.514000+00:00,18477056.0,38653952.0,43782144.0,43782144.0,17.86,0.568751409,68.7,23958496.0,0.0,0.0,99007.0,29535962.0,0.0,0.0,108282.0,0.0,0.0,0.0,0.0
2023-03-19 18:41:24.153000+00:00,18477056.0,38653952.0,44040192.0,44040192.0,17.92,0.568751409,68.79,23975720.0,0.0,0.0,99131.0,29560427.0,0.0,0.0,108424.0,0.0,0.0,0.0,0.0
2023-03-19 18:41:29.822000+00:00,18477056.0,39022592.0,44027904.0,44027904.0,17.93,0.568751409,68.81,23991908.0,0.0,0.0,99237.0,29582387.0,0.0,0.0,108541.0,0.0,0.0,0.0,0.0
2023-03-19 18:41:34.084000+00:00,18477056.0,39026688.0,44040192.0,44040192.0,17.94,0.568751409,68.9,24057184.0,0.0,0.0,99290.0,29649106.0,0.0,0.0,108597.0,0.0,0.0,0.0,0.0
2023-03-19 18:41:39.050000+00:00,18477056.0,38612992.0,43683840.0,43683840.0,17.94,0.568751409,68.9,24065005.0,0.0,0.0,99338.0,29662354.0,0.0,0.0,108650.0,0.0,0.0,0.0,0.0
2023-03-19 18:41:44.651000+00:00,18477056.0,38899712.0,43905024.0,43905024.0,17.96,0.568751409,68.96,24067709.0,0.0,0.0,99358.0,29669578.0,0.0,0.0,108671.0,0.0,0.0,0.0,0.0
2023-03-19 18:41:49.454000+00:00,18477056.0,38805504.0,43810816.0,43810816.0,17.97,0.568751409,68.97,24080225.0,0.0,0.0,99447.0,29687576.0,0.0,0.0,108767.0,0.0,0.0,0.0,0.0
2023-03-19 18:41:54.293000+00:00,18477056.0,39174144.0,44195840.0,44195840.0,17.99,0.568751409,69.04,24101400.0,0.0,0.0,99594.0,29714966.0,0.0,0.0,108927.0,0.0,0.0,0.0,0.0
2023-03-19 18:41:59.419000+00:00,18477056.0,39194624.0,44199936.0,44199936.0,18.0,0.568751409,69.07,24114503.0,0.0,0.0,99692.0,29733468.0,0.0,0.0,109031.0,0.0,0.0,0.0,0.0
2023-03-19 18:42:03.131000+00:00,18477056.0,39194624.0,44199936.0,44232704.0,18.0,0.568751409,69.1,24181992.0,0.0,0.0,99759.0,29806280.0,0.0,0.0,109108.0,0.0,0.0,0.0,0.0
2023-03-19 18:42:09.714000+00:00,18477056.0,39186432.0,44322816.0,44322816.0,18.02,0.568751409,69.17,24195350.0,0.0,0.0,99860.0,29825844.0,0.0,0.0,109221.0,0.0,0.0,0.0,0.0
2023-03-19 18:42:14.840000+00:00,18477056.0,39186432.0,44322816.0,44322816.0,18.05,0.568751409,69.22,24195350.0,0.0,0.0,99860.0,29825844.0,0.0,0.0,109221.0,0.0,0.0,0.0,0.0
2023-03-19 18:42:19.738000+00:00,18657280.0,38592512.0,43601920.0,43601920.0,18.05,0.568751409,69.22,24212658.0,0.0,0.0,99974.0,29853484.0,0.0,0.0,109352.0,0.0,0.0,0.0,0.0
2023-03-19 18:42:24.460000+00:00,18657280.0,39243776.0,44253184.0,44253184.0,18.08,0.568751409,69.22,24222156.0,0.0,0.0,100037.0,29868465.0,0.0,0.0,109421.0,0.0,0.0,0.0,0.0
2023-03-19 18:42:29.356000+00:00,18657280.0,39194624.0,44359680.0,44359680.0,18.13,0.568751409,69.34,24305665.0,0.0,0.0,100205.0,29954431.0,0.0,0.0,109598.0,0.0,0.0,0.0,0.0
2023-03-19 18:42:33.909000+00:00,18657280.0,39194624.0,44040192.0,44040192.0,18.14,0.568751409,69.36,24315233.0,0.0,0.0,100277.0,29969205.0,0.0,0.0,109677.0,0.0,0.0,0.0,0.0
2023-03-19 18:42:39.626000+00:00,18657280.0,39022592.0,44032000.0,44032000.0,18.18,0.568751409,69.45,24330528.0,0.0,0.0,100374.0,29989727.0,0.0,0.0,109785.0,0.0,0.0,0.0,0.0
2023-03-19 18:42:44.667000+00:00,18657280.0,38846464.0,43855872.0,43855872.0,18.18,0.568751409,69.48,24343668.0,0.0,0.0,100451.0,30007287.0,0.0,0.0,109870.0,0.0,0.0,0.0,0.0
2023-03-19 18:42:49.450000+00:00,18657280.0,38719488.0,43814912.0,43814912.0,18.21,0.568751409,69.55,24353348.0,0.0,0.0,100526.0,30023029.0,0.0,0.0,109953.0,0.0,0.0,0.0,0.0
2023-03-19 18:42:53.796000+00:00,18657280.0,38805504.0,43933696.0,43933696.0,18.22,0.572409887,69.57,24372918.0,0.0,0.0,100639.0,30048021.0,0.0,0.0,110076.0,0.0,0.0,0.0,0.0
2023-03-19 18:42:59.455000+00:00,18657280.0,38985728.0,44027904.0,44027904.0,18.26,0.572409887,69.64,24390107.0,0.0,0.0,100761.0,30071293.0,0.0,0.0,110211.0,0.0,0.0,0.0,0.0
2023-03-19 18:43:03.665000+00:00,18657280.0,38985728.0,44027904.0,44027904.0,18.28,0.572409887,69.67,24403004.0,0.0,0.0,100845.0,30089650.0,0.0,0.0,110308.0,0.0,0.0,0.0,0.0
2023-03-19 18:43:09.900000+00:00,18657280.0,38580224.0,43810816.0,43810816.0,18.29,0.572409887,69.74,24412277.0,0.0,0.0,100907.0,30104143.0,0.0,0.0,110375.0,0.0,0.0,0.0,0.0
2023-03-19 18:43:13.789000+00:00,18657280.0,38973440.0,43982848.0,43982848.0,18.29,0.572409887,69.74,24417520.0,0.0,0.0,100948.0,30114783.0,0.0,0.0,110423.0,0.0,0.0,0.0,0.0
2023-03-19 18:43:18.598000+00:00,18857984.0,39092224.0,44101632.0,44101632.0,18.32,0.572409887,69.8,24435778.0,0.0,0.0,101057.0,30138604.0,0.0,0.0,110546.0,0.0,0.0,0.0,0.0
2023-03-19 18:43:24.638000+00:00,18857984.0,38989824.0,43995136.0,43995136.0,18.34,0.572409887,69.82,24447285.0,0.0,0.0,101131.0,30155439.0,0.0,0.0,110628.0,0.0,0.0,0.0,0.0
2023-03-19 18:43:29.395000+00:00,18857984.0,38834176.0,43909120.0,43909120.0,18.35,0.572409887,69.89,24460861.0,0.0,0.0,101204.0,30174434.0,0.0,0.0,110708.0,0.0,0.0,0.0,0.0
2023-03-19 18:43:34.531000+00:00,18857984.0,38834176.0,43835392.0,43835392.0,18.36,0.572409887,69.89,24474853.0,0.0,0.0,101295.0,30194438.0,0.0,0.0,110815.0,0.0,0.0,0.0,0.0
2023-03-19 18:43:38.893000+00:00,18857984.0,39186432.0,44367872.0,44367872.0,18.39,0.572409887,69.98,24479189.0,0.0,0.0,101325.0,30203639.0,0.0,0.0,110848.0,0.0,0.0,0.0,0.0
2023-03-19 18:43:44.881000+00:00,18857984.0,39186432.0,44367872.0,44367872.0,18.39,0.572409887,69.99,24479189.0,0.0,0.0,101325.0,30203639.0,0.0,0.0,110848.0,0.0,0.0,0.0,0.0
2023-03-19 18:43:48.522000+00:00,18857984.0,38690816.0,44089344.0,44089344.0,18.4,0.575573064,70.07,24552846.0,0.0,0.0,101424.0,30283698.0,0.0,0.0,110957.0,0.0,0.0,0.0,0.0
2023-03-19 18:43:54.744000+00:00,18857984.0,38858752.0,43864064.0,43864064.0,18.42,0.575573064,70.07,24567951.0,0.0,0.0,101536.0,30304607.0,0.0,0.0,111073.0,0.0,0.0,0.0,0.0
2023-03-19 18:43:58.956000+00:00,18857984.0,38633472.0,43646976.0,43646976.0,18.44,0.575573064,70.22,24580633.0,0.0,0.0,101623.0,30322559.0,0.0,0.0,111170.0,0.0,0.0,0.0,0.0
2023-03-19 18:44:04.698000+00:00,18857984.0,38850560.0,43859968.0,43859968.0,18.44,0.575573064,70.26,24600048.0,0.0,0.0,101755.0,30347518.0,0.0,0.0,111316.0,0.0,0.0,0.0,0.0
2023-03-19 18:44:09.550000+00:00,18857984.0,39124992.0,44171264.0,44171264.0,18.46,0.575573064,70.33,24620027.0,0.0,0.0,101882.0,30373715.0,0.0,0.0,111463.0,0.0,0.0,0.0,0.0
2023-03-19 18:44:13.228000+00:00,18857984.0,38936576.0,44027904.0,44027904.0,18.46,0.575573064,70.36,24630591.0,0.0,0.0,101960.0,30389648.0,0.0,0.0,111544.0,0.0,0.0,0.0,0.0
2023-03-19 18:44:19.848000+00:00,19054592.0,38948864.0,43986944.0,43986944.0,18.48,0.575573064,70.43,24646231.0,0.0,0.0,102054.0,30410534.0,0.0,0.0,111654.0,0.0,0.0,0.0,0.0
2023-03-19 18:44:24.167000+00:00,19054592.0,38629376.0,43634688.0,43634688.0,18.5,0.575573064,70.45,24654457.0,0.0,0.0,102107.0,30423964.0,0.0,0.0,111715.0,0.0,0.0,0.0,0.0
2023-03-19 18:44:29.928000+00:00,19054592.0,39088128.0,44122112.0,44122112.0,18.54,0.575573064,70.53,24729197.0,0.0,0.0,102216.0,30503923.0,0.0,0.0,111831.0,0.0,0.0,0.0,0.0
2023-03-19 18:44:34.334000+00:00,19054592.0,39088128.0,43839488.0,43839488.0,18.54,0.575573064,70.56,24739735.0,0.0,0.0,102279.0,30519211.0,0.0,0.0,111900.0,0.0,0.0,0.0,0.0
2023-03-19 18:44:38.992000+00:00,19054592.0,39165952.0,44175360.0,44175360.0,18.56,0.575573064,70.59,24761212.0,0.0,0.0,102425.0,30546397.0,0.0,0.0,112054.0,0.0,0.0,0.0,0.0
2023-03-19 18:44:44.679000+00:00,19054592.0,39165952.0,44175360.0,44175360.0,18.58,0.575573064,70.67,24761212.0,0.0,0.0,102425.0,30546397.0,0.0,0.0,112054.0,0.0,0.0,0.0,0.0
2023-03-19 18:44:49.408000+00:00,19054592.0,39243776.0,44339200.0,44339200.0,18.59,0.575573064,70.68,24847730.0,0.0,0.0,102593.0,30639338.0,0.0,0.0,112236.0,0.0,0.0,0.0,0.0
2023-03-19 18:44:53.894000+00:00,19054592.0,38793216.0,43892736.0,43892736.0,18.61,0.575573064,70.76,24926997.0,0.0,0.0,102720.0,30723898.0,0.0,0.0,112374.0,0.0,0.0,0.0,0.0
2023-03-19 18:44:59.777000+00:00,19054592.0,39010304.0,44097536.0,44097536.0,18.61,0.575573064,70.81,25000690.0,0.0,0.0,102814.0,30799289.0,0.0,0.0,112470.0,0.0,0.0,0.0,0.0
2023-03-19 18:45:04.116000+00:00,19054592.0,38805504.0,44060672.0,44060672.0,18.63,0.575573064,70.89,25081039.0,0.0,0.0,102954.0,30885773.0,0.0,0.0,112632.0,0.0,0.0,0.0,0.0
2023-03-19 18:45:08.563000+00:00,19054592.0,39194624.0,44257280.0,44257280.0,18.63,0.575573064,70.91,25087722.0,0.0,0.0,102993.0,30897865.0,0.0,0.0,112678.0,0.0,0.0,0.0,0.0
2023-03-19 18:45:14.390000+00:00,19054592.0,39178240.0,44199936.0,44199936.0,18.66,0.575573064,71.03,25102438.0,0.0,0.0,103103.0,30918697.0,0.0,0.0,112801.0,0.0,0.0,0.0,0.0
2023-03-19 18:45:19.175000+00:00,19247104.0,38850560.0,43868160.0,43868160.0,18.67,0.575573064,71.09,25179587.0,0.0,0.0,103234.0,31002908.0,0.0,0.0,112946.0,0.0,0.0,0.0,0.0
2023-03-19 18:45:24.651000+00:00,19247104.0,38850560.0,43868160.0,43868160.0,18.71,0.575573064,71.16,25179587.0,0.0,0.0,103325.0,31020865.0,0.0,0.0,113052.0,0.0,0.0,0.0,0.0
2023-03-19 18:45:29.267000+00:00,19247104.0,39186432.0,44204032.0,44204032.0,18.72,0.575573064,71.18,25192833.0,0.0,0.0,103341.0,31027556.0,0.0,0.0,113071.0,0.0,0.0,0.0,0.0
2023-03-19 18:45:34.129000+00:00,19247104.0,39186432.0,43786240.0,43786240.0,18.74,0.575573064,71.24,25197835.0,0.0,0.0,103378.0,31037368.0,0.0,0.0,113110.0,0.0,0.0,0.0,0.0
2023-03-19 18:45:39.197000+00:00,19247104.0,39317504.0,44335104.0,44335104.0,18.74,0.575573064,71.26,25206697.0,0.0,0.0,103439.0,31051533.0,0.0,0.0,113180.0,0.0,0.0,0.0,0.0
2023-03-19 18:45:44.123000+00:00,19247104.0,38932480.0,44097536.0,44097536.0,18.76,0.575573064,71.32,25213057.0,0.0,0.0,103483.0,31062473.0,0.0,0.0,113225.0,0.0,0.0,0.0,0.0
2023-03-19 18:45:48.917000+00:00,19247104.0,38752256.0,43831296.0,43831296.0,18.76,0.575573064,71.34,25222610.0,0.0,0.0,103547.0,31077559.0,0.0,0.0,113294.0,0.0,0.0,0.0,0.0
2023-03-19 18:45:54.495000+00:00,19247104.0,38649856.0,43692032.0,43692032.0,18.78,0.575573064,71.43,25232546.0,0.0,0.0,103620.0,31093095.0,0.0,0.0,113373.0,0.0,0.0,0.0,0.0
2023-03-19 18:45:59.770000+00:00,19247104.0,39129088.0,44146688.0,44146688.0,18.78,0.575573064,71.45,25239154.0,0.0,0.0,103670.0,31105142.0,0.0,0.0,113429.0,0.0,0.0,0.0,0.0
2023-03-19 18:46:04.141000+00:00,19247104.0,38809600.0,43896832.0,43896832.0,18.79,0.575573064,71.53,25247957.0,0.0,0.0,103726.0,31118442.0,0.0,0.0,113489.0,0.0,0.0,0.0,0.0
2023-03-19 18:46:09.616000+00:00,19247104.0,39202816.0,44220416.0,44220416.0,18.8,0.575573064,71.54,25253987.0,0.0,0.0,103765.0,31129425.0,0.0,0.0,113531.0,0.0,0.0,0.0,0.0
2023-03-19 18:46:14.461000+00:00,19247104.0,39202816.0,44220416.0,44220416.0,18.82,0.575573064,71.6,25266455.0,0.0,0.0,103860.0,31147320.0,0.0,0.0,113631.0,0.0,0.0,0.0,0.0
2023-03-19 18:46:19.899000+00:00,19406848.0,38731776.0,43814912.0,43814912.0,18.84,0.575573064,71.64,25344319.0,0.0,0.0,103982.0,31230423.0,0.0,0.0,113766.0,0.0,0.0,0.0,0.0
2023-03-19 18:46:23.685000+00:00,19406848.0,38895616.0,43913216.0,43913216.0,18.86,0.575573064,71.67,25359177.0,0.0,0.0,104076.0,31250377.0,0.0,0.0,113875.0,0.0,0.0,0.0,0.0
2023-03-19 18:46:29.110000+00:00,19406848.0,39030784.0,44175360.0,44175360.0,18.89,0.575573064,71.8,25507259.0,0.0,0.0,104259.0,31404051.0,0.0,0.0,114076.0,0.0,0.0,0.0,0.0
2023-03-19 18:46:34.899000+00:00,19406848.0,39030784.0,44175360.0,43802624.0,18.91,0.575573064,71.85,25516987.0,0.0,0.0,104323.0,31418716.0,0.0,0.0,114144.0,0.0,0.0,0.0,0.0
2023-03-19 18:46:39.007000+00:00,19406848.0,39350272.0,44367872.0,44367872.0,18.92,0.575573064,71.87,25526448.0,0.0,0.0,104390.0,31433111.0,0.0,0.0,114218.0,0.0,0.0,0.0,0.0
2023-03-19 18:46:43.821000+00:00,19406848.0,39215104.0,44232704.0,44232704.0,18.92,0.575573064,71.9,25538334.0,0.0,0.0,104473.0,31449901.0,0.0,0.0,114218.0,0.0,0.0,0.0,0.0
2023-03-19 18:46:48.629000+00:00,19406848.0,39546880.0,44576768.0,44576768.0,18.93,0.578550324,71.98,25611953.0,0.0,0.0,104556.0,31525077.0,0.0,0.0,114393.0,0.0,0.0,0.0,0.0
2023-03-19 18:46:53.267000+00:00,19406848.0,39546880.0,44298240.0,44298240.0,18.94,0.578550324,72.02,25746083.0,0.0,0.0,104633.0,31656473.0,0.0,0.0,114470.0,0.0,0.0,0.0,0.0
2023-03-19 18:46:59.557000+00:00,19406848.0,39358464.0,44396544.0,44396544.0,18.95,0.580759639,72.12,25764236.0,0.0,0.0,104754.0,31681339.0,0.0,0.0,114608.0,0.0,0.0,0.0,0.0
2023-03-19 18:47:04.913000+00:00,19406848.0,39444480.0,44466176.0,44466176.0,18.96,0.580759639,72.16,25836978.0,0.0,0.0,104829.0,31754854.0,0.0,0.0,114681.0,0.0,0.0,0.0,0.0
2023-03-19 18:47:09.875000+00:00,19406848.0,39383040.0,44490752.0,44490752.0,18.99,0.580759639,72.26,25984494.0,0.0,0.0,104985.0,31907764.0,0.0,0.0,114858.0,0.0,0.0,0.0,0.0
2023-03-19 18:47:13.824000+00:00,19406848.0,39378944.0,44396544.0,44396544.0,19.0,0.580759639,72.28,26058095.0,0.0,0.0,105055.0,31986308.0,0.0,0.0,114940.0,0.0,0.0,0.0,0.0
2023-03-19 18:47:18.595000+00:00,19603456.0,38842368.0,43995136.0,43995136.0,19.02,0.580759639,72.38,26135812.0,0.0,0.0,105162.0,32070867.0,0.0,0.0,115065.0,0.0,0.0,0.0,0.0
2023-03-19 18:47:24.489000+00:00,19603456.0,39587840.0,44736512.0,44736512.0,19.04,0.58112644,72.4,26145881.0,0.0,0.0,105240.0,32087387.0,0.0,0.0,115153.0,0.0,0.0,0.0,0.0
2023-03-19 18:47:29.475000+00:00,19603456.0,38912000.0,43966464.0,43966464.0,19.06,0.58112644,72.5,26160157.0,0.0,0.0,105353.0,32108420.0,0.0,0.0,115278.0,0.0,0.0,0.0,0.0
2023-03-19 18:47:34.714000+00:00,19603456.0,38912000.0,43966464.0,44150784.0,19.08,0.58112644,72.51,26176378.0,0.0,0.0,105462.0,32130034.0,0.0,0.0,115395.0,0.0,0.0,0.0,0.0
2023-03-19 18:47:39.773000+00:00,19603456.0,38768640.0,43913216.0,43913216.0,19.11,0.58112644,72.6,26315936.0,0.0,0.0,105555.0,32267732.0,0.0,0.0,115499.0,0.0,0.0,0.0,0.0
2023-03-19 18:47:43.362000+00:00,19603456.0,39092224.0,44179456.0,44179456.0,19.12,0.58112644,72.61,26320062.0,0.0,0.0,105584.0,32276894.0,0.0,0.0,115533.0,0.0,0.0,0.0,0.0
2023-03-19 18:47:48.542000+00:00,19603456.0,39043072.0,44146688.0,44146688.0,19.12,0.58112644,72.7,26461085.0,0.0,0.0,105686.0,32415136.0,0.0,0.0,115639.0,0.0,0.0,0.0,0.0
2023-03-19 18:47:54.249000+00:00,19603456.0,38989824.0,44011520.0,44011520.0,19.13,0.58112644,72.71,26471326.0,0.0,0.0,105766.0,32430707.0,0.0,0.0,115724.0,0.0,0.0,0.0,0.0
2023-03-19 18:47:58.803000+00:00,19603456.0,39542784.0,44625920.0,44625920.0,19.15,0.582357941,72.79,26553900.0,0.0,0.0,105900.0,32519569.0,0.0,0.0,115870.0,0.0,0.0,0.0,0.0
2023-03-19 18:48:03.942000+00:00,19603456.0,39292928.0,44367872.0,44367872.0,19.17,0.582357941,72.84,26629094.0,0.0,0.0,105981.0,32600103.0,0.0,0.0,115958.0,0.0,0.0,0.0,0.0
2023-03-19 18:48:09.524000+00:00,19603456.0,38703104.0,43819008.0,43819008.0,19.18,0.582357941,72.93,26647228.0,0.0,0.0,106100.0,32623543.0,0.0,0.0,116087.0,0.0,0.0,0.0,0.0
2023-03-19 18:48:13.712000+00:00,19603456.0,38703104.0,43819008.0,43819008.0,19.19,0.582357941,72.96,26647228.0,0.0,0.0,106100.0,32623543.0,0.0,0.0,116087.0,0.0,0.0,0.0,0.0
2023-03-19 18:48:18.763000+00:00,19832832.0,39428096.0,44875776.0,44875776.0,19.21,0.582552418,73.02,26680843.0,0.0,0.0,106330.0,32668891.0,0.0,0.0,116344.0,0.0,0.0,0.0,0.0
2023-03-19 18:48:24.774000+00:00,19832832.0,39366656.0,44589056.0,44589056.0,19.24,0.582552418,73.11,26775501.0,0.0,0.0,106545.0,32765488.0,0.0,0.0,116578.0,0.0,0.0,0.0,0.0
2023-03-19 18:48:29.597000+00:00,19832832.0,38920192.0,44466176.0,44466176.0,19.28,0.582552418,73.19,26857394.0,0.0,0.0,106670.0,32853259.0,0.0,0.0,116719.0,0.0,0.0,0.0,0.0
2023-03-19 18:48:34.225000+00:00,19832832.0,38920192.0,44466176.0,44466176.0,19.29,0.582552418,73.23,26857394.0,0.0,0.0,106791.0,32934647.0,0.0,0.0,116843.0,0.0,0.0,0.0,0.0
2023-03-19 18:48:38.905000+00:00,19832832.0,39444480.0,44462080.0,44462080.0,19.3,0.582552418,73.28,26955853.0,0.0,0.0,106907.0,32958283.0,0.0,0.0,116966.0,0.0,0.0,0.0,0.0
2023-03-19 18:48:44.198000+00:00,19832832.0,39325696.0,44347392.0,44347392.0,19.32,0.582552418,73.34,26969720.0,0.0,0.0,106984.0,32976818.0,0.0,0.0,117051.0,0.0,0.0,0.0,0.0
2023-03-19 18:48:49.094000+00:00,19832832.0,38883328.0,43900928.0,43900928.0,19.33,0.582552418,73.36,26977217.0,0.0,0.0,107032.0,32989270.0,0.0,0.0,117103.0,0.0,0.0,0.0,0.0
2023-03-19 18:48:53.832000+00:00,19832832.0,39006208.0,44134400.0,44134400.0,19.37,0.582552418,73.42,27012464.0,0.0,0.0,107247.0,33030741.0,0.0,0.0,117337.0,0.0,0.0,0.0,0.0
2023-03-19 18:48:59.662000+00:00,19832832.0,38883328.0,44048384.0,44048384.0,19.37,0.582552418,73.48,27101118.0,0.0,0.0,107400.0,33126583.0,0.0,0.0,117512.0,0.0,0.0,0.0,0.0
2023-03-19 18:49:04.750000+00:00,19832832.0,39071744.0,44089344.0,44089344.0,19.38,0.582552418,73.48,27177912.0,0.0,0.0,107479.0,33205306.0,0.0,0.0,117599.0,0.0,0.0,0.0,0.0
2023-03-19 18:49:09.440000+00:00,19832832.0,39587840.0,44605440.0,44605440.0,19.4,0.582552418,73.58,27323555.0,0.0,0.0,107578.0,33352314.0,0.0,0.0,117711.0,0.0,0.0,0.0,0.0
2023-03-19 18:49:14.259000+00:00,19832832.0,39587840.0,44605440.0,44605440.0,19.42,0.582552418,73.66,27323555.0,0.0,0.0,107578.0,33352314.0,0.0,0.0,117711.0,0.0,0.0,0.0,0.0
2023-03-19 18:49:18.773000+00:00,20066304.0,39358464.0,44408832.0,44408832.0,19.42,0.582552418,73.69,27484970.0,0.0,0.0,107777.0,33521179.0,0.0,0.0,117927.0,0.0,0.0,0.0,0.0
2023-03-19 18:49:24.476000+00:00,20066304.0,39055360.0,44077056.0,44077056.0,19.44,0.582552418,73.79,27490484.0,0.0,0.0,107822.0,33531512.0,0.0,0.0,117973.0,0.0,0.0,0.0,0.0
2023-03-19 18:49:29.624000+00:00,20066304.0,39370752.0,44388352.0,44388352.0,19.46,0.582552418,73.82,27573757.0,0.0,0.0,107947.0,33621638.0,0.0,0.0,118118.0,0.0,0.0,0.0,0.0
2023-03-19 18:49:34.178000+00:00,20066304.0,39370752.0,44388352.0,44388352.0,19.47,0.582552418,73.91,27573757.0,0.0,0.0,108023.0,33699625.0,0.0,0.0,118204.0,0.0,0.0,0.0,0.0
2023-03-19 18:49:38.699000+00:00,20066304.0,39485440.0,44609536.0,44609536.0,19.48,0.582552418,73.94,27659626.0,0.0,0.0,108092.0,33715639.0,0.0,0.0,118292.0,0.0,0.0,0.0,0.0
2023-03-19 18:49:44.202000+00:00,20066304.0,39485440.0,44609536.0,44609536.0,19.5,0.582552418,74.0,27659626.0,0.0,0.0,108092.0,33715639.0,0.0,0.0,118292.0,0.0,0.0,0.0,0.0
2023-03-19 18:49:49.582000+00:00,20066304.0,38981632.0,44003328.0,44003328.0,19.51,0.582552418,74.01,27678498.0,0.0,0.0,108218.0,33744912.0,0.0,0.0,118432.0,0.0,0.0,0.0,0.0
2023-03-19 18:49:54.474000+00:00,20066304.0,38981632.0,44003328.0,44003328.0,19.52,0.582552418,74.1,27678498.0,0.0,0.0,108325.0,33766539.0,0.0,0.0,118546.0,0.0,0.0,0.0,0.0
2023-03-19 18:49:59.762000+00:00,20066304.0,39514112.0,44531712.0,44531712.0,19.53,0.582552418,74.18,27853893.0,0.0,0.0,108496.0,33923347.0,0.0,0.0,118742.0,0.0,0.0,0.0,0.0
2023-03-19 18:50:04.221000+00:00,20066304.0,39673856.0,44691456.0,44691456.0,19.54,0.582552418,74.2,27931434.0,0.0,0.0,108579.0,34001762.0,0.0,0.0,118829.0,0.0,0.0,0.0,0.0
2023-03-19 18:50:08.698000+00:00,20066304.0,39374848.0,44503040.0,44503040.0,19.56,0.582552418,74.24,27939117.0,0.0,0.0,108635.0,34014268.0,0.0,0.0,118889.0,0.0,0.0,0.0,0.0
2023-03-19 18:50:13.462000+00:00,20066304.0,39014400.0,44089344.0,44089344.0,19.56,0.582552418,74.26,27944737.0,0.0,0.0,108678.0,34024555.0,0.0,0.0,118932.0,0.0,0.0,0.0,0.0
2023-03-19 18:50:18.692000+00:00,20262912.0,39280640.0,44433408.0,44433408.0,19.58,0.582552418,74.36,28023397.0,0.0,0.0,108764.0,34109277.0,0.0,0.0,119030.0,0.0,0.0,0.0,0.0
2023-03-19 18:50:23.979000+00:00,20262912.0,39010304.0,44355584.0,44355584.0,19.62,0.582552418,74.46,28035779.0,0.0,0.0,108840.0,34127090.0,0.0,0.0,119113.0,0.0,0.0,0.0,0.0
2023-03-19 18:50:28.842000+00:00,20262912.0,39190528.0,44269568.0,44269568.0,19.63,0.582552418,74.54,28049749.0,0.0,0.0,108949.0,34147209.0,0.0,0.0,119232.0,0.0,0.0,0.0,0.0
2023-03-19 18:50:33.274000+00:00,20262912.0,39247872.0,44265472.0,44265472.0,19.64,0.582552418,74.6,28067641.0,0.0,0.0,109064.0,34171080.0,0.0,0.0,119359.0,0.0,0.0,0.0,0.0
2023-03-19 18:50:38.771000+00:00,20262912.0,39600128.0,44654592.0,44654592.0,19.66,0.582552418,74.7,28151853.0,0.0,0.0,109181.0,34261189.0,0.0,0.0,119492.0,0.0,0.0,0.0,0.0
2023-03-19 18:50:44.422000+00:00,20262912.0,39403520.0,44654592.0,44654592.0,19.67,0.582552418,74.72,28151853.0,0.0,0.0,109181.0,34261189.0,0.0,0.0,119492.0,0.0,0.0,0.0,0.0
2023-03-19 18:50:48.545000+00:00,20262912.0,38834176.0,43892736.0,43892736.0,19.69,0.582552418,74.8,28170757.0,0.0,0.0,109297.0,34289144.0,0.0,0.0,119619.0,0.0,0.0,0.0,0.0
2023-03-19 18:50:54.357000+00:00,20262912.0,39059456.0,44150784.0,44150784.0,19.7,0.582552418,74.88,28331488.0,0.0,0.0,109485.0,34451591.0,0.0,0.0,119820.0,0.0,0.0,0.0,0.0
2023-03-19 18:50:58.424000+00:00,20262912.0,38948864.0,44027904.0,44027904.0,19.73,0.582552418,74.95,28344503.0,0.0,0.0,109568.0,34470567.0,0.0,0.0,119913.0,0.0,0.0,0.0,0.0
2023-03-19 18:51:04.947000+00:00,20262912.0,39288832.0,44314624.0,44314624.0,19.74,0.582552418,74.99,28423019.0,0.0,0.0,109661.0,34550810.0,0.0,0.0,120013.0,0.0,0.0,0.0,0.0
2023-03-19 18:51:09.541000+00:00,20262912.0,38821888.0,44003328.0,44003328.0,19.77,0.582552418,75.08,28443730.0,0.0,0.0,109787.0,34577021.0,0.0,0.0,120157.0,0.0,0.0,0.0,0.0
2023-03-19 18:51:14.782000+00:00,20262912.0,39399424.0,44421120.0,44421120.0,19.77,0.582552418,75.11,28455990.0,0.0,0.0,109849.0,34594926.0,0.0,0.0,120229.0,0.0,0.0,0.0,0.0
2023-03-19 18:51:19.274000+00:00,20463616.0,39440384.0,44584960.0,44584960.0,19.78,0.582552418,75.18,28469652.0,0.0,0.0,109946.0,34615007.0,0.0,0.0,120342.0,0.0,0.0,0.0,0.0
2023-03-19 18:51:23.668000+00:00,20463616.0,39440384.0,44232704.0,44232704.0,19.8,0.582552418,75.21,28477930.0,0.0,0.0,110000.0,34628372.0,0.0,0.0,120398.0,0.0,0.0,0.0,0.0
2023-03-19 18:51:29.562000+00:00,20463616.0,39518208.0,44638208.0,44638208.0,19.84,0.582552418,75.34,28641269.0,0.0,0.0,110190.0,34793996.0,0.0,0.0,120611.0,0.0,0.0,0.0,0.0
2023-03-19 18:51:34.285000+00:00,20463616.0,38830080.0,44068864.0,44068864.0,19.86,0.582552418,75.36,28658995.0,0.0,0.0,110309.0,34817441.0,0.0,0.0,120743.0,0.0,0.0,0.0,0.0
2023-03-19 18:51:38.853000+00:00,20463616.0,39378944.0,44486656.0,44486656.0,19.86,0.582552418,75.37,28666402.0,0.0,0.0,110370.0,34830059.0,0.0,0.0,120809.0,0.0,0.0,0.0,0.0
2023-03-19 18:51:44.434000+00:00,20463616.0,39378944.0,44486656.0,44486656.0,19.88,0.582552418,75.48,28666402.0,0.0,0.0,110370.0,34830059.0,0.0,0.0,120809.0,0.0,0.0,0.0,0.0
2023-03-19 18:51:49.444000+00:00,20463616.0,39424000.0,44507136.0,44507136.0,19.89,0.582552418,75.51,28838331.0,0.0,0.0,110604.0,35008849.0,0.0,0.0,121072.0,0.0,0.0,0.0,0.0
2023-03-19 18:51:54.480000+00:00,20463616.0,39424000.0,44507136.0,44507136.0,19.92,0.582552418,75.56,28838331.0,0.0,0.0,110660.0,35022091.0,0.0,0.0,121133.0,0.0,0.0,0.0,0.0
2023-03-19 18:51:59.645000+00:00,20463616.0,39096320.0,44204032.0,44204032.0,19.92,0.582552418,75.58,28857810.0,0.0,0.0,110745.0,35039343.0,0.0,0.0,121227.0,0.0,0.0,0.0,0.0
2023-03-19 18:52:04.237000+00:00,20463616.0,39374848.0,44404736.0,44404736.0,19.94,0.582552418,75.66,28879969.0,0.0,0.0,110879.0,35066091.0,0.0,0.0,121374.0,0.0,0.0,0.0,0.0
2023-03-19 18:52:09.676000+00:00,20463616.0,38907904.0,43958272.0,43958272.0,19.94,0.582552418,75.7,28902997.0,0.0,0.0,111030.0,35095395.0,0.0,0.0,121535.0,0.0,0.0,0.0,0.0
2023-03-19 18:52:14.791000+00:00,20463616.0,38850560.0,43876352.0,43876352.0,19.97,0.582552418,75.78,28918699.0,0.0,0.0,111121.0,35115494.0,0.0,0.0,121632.0,0.0,0.0,0.0,0.0
2023-03-19 18:52:18.935000+00:00,20692992.0,38830080.0,43851776.0,43851776.0,19.97,0.582552418,75.81,28932790.0,0.0,0.0,111209.0,35135418.0,0.0,0.0,121737.0,0.0,0.0,0.0,0.0
2023-03-19 18:52:23.416000+00:00,20692992.0,39370752.0,44400640.0,44400640.0,20.02,0.582552418,75.89,29017990.0,0.0,0.0,111319.0,35220725.0,0.0,0.0,121853.0,0.0,0.0,0.0,0.0
2023-03-19 18:52:29.572000+00:00,20692992.0,38825984.0,43859968.0,43859968.0,20.02,0.582552418,75.95,29037986.0,0.0,0.0,111456.0,35247506.0,0.0,0.0,122009.0,0.0,0.0,0.0,0.0
2023-03-19 18:52:34.151000+00:00,20692992.0,38748160.0,43864064.0,43864064.0,20.04,0.582552418,76.02,29053538.0,0.0,0.0,111548.0,35267837.0,0.0,0.0,122113.0,0.0,0.0,0.0,0.0
2023-03-19 18:52:38.902000+00:00,20692992.0,39161856.0,44187648.0,44187648.0,20.06,0.582552418,76.06,29078755.0,0.0,0.0,111705.0,35299445.0,0.0,0.0,122288.0,0.0,0.0,0.0,0.0
2023-03-19 18:52:43.884000+00:00,20692992.0,39092224.0,44109824.0,44109824.0,20.08,0.582552418,76.13,29091063.0,0.0,0.0,111789.0,35317634.0,0.0,0.0,122383.0,0.0,0.0,0.0,0.0
2023-03-19 18:52:49.760000+00:00,20692992.0,38940672.0,43978752.0,43978752.0,20.09,0.582552418,76.14,29105114.0,0.0,0.0,111868.0,35336513.0,0.0,0.0,122463.0,0.0,0.0,0.0,0.0
2023-03-19 18:52:54.026000+00:00,20692992.0,38940672.0,43978752.0,43978752.0,20.11,0.582552418,76.2,29105114.0,0.0,0.0,111940.0,35352629.0,0.0,0.0,122542.0,0.0,0.0,0.0,0.0
2023-03-19 18:52:59.444000+00:00,20692992.0,39239680.0,44257280.0,44257280.0,20.12,0.582552418,76.23,29143638.0,0.0,0.0,112104.0,35385495.0,0.0,0.0,122720.0,0.0,0.0,0.0,0.0
2023-03-19 18:53:03.892000+00:00,20692992.0,39239680.0,44007424.0,44007424.0,20.14,0.582552418,76.32,29171511.0,0.0,0.0,112273.0,35418907.0,0.0,0.0,122907.0,0.0,0.0,0.0,0.0
2023-03-19 18:53:09.039000+00:00,20692992.0,38957056.0,43974656.0,43974656.0,20.16,0.582552418,76.34,29185497.0,0.0,0.0,112376.0,35439319.0,0.0,0.0,123024.0,0.0,0.0,0.0,0.0
2023-03-19 18:53:14.701000+00:00,20692992.0,39317504.0,44335104.0,44335104.0,20.18,0.582552418,76.41,29190580.0,0.0,0.0,112406.0,35449346.0,0.0,0.0,123057.0,0.0,0.0,0.0,0.0
2023-03-19 18:53:19.002000+00:00,20938752.0,39137280.0,44154880.0,44154880.0,20.19,0.582552418,76.44,29200710.0,0.0,0.0,112478.0,35465363.0,0.0,0.0,123134.0,0.0,0.0,0.0,0.0
2023-03-19 18:53:23.655000+00:00,20938752.0,38744064.0,43851776.0,43851776.0,20.22,0.582552418,76.55,29227045.0,0.0,0.0,112616.0,35496443.0,0.0,0.0,123286.0,0.0,0.0,0.0,0.0
2023-03-19 18:53:29.636000+00:00,20938752.0,38879232.0,43925504.0,43925504.0,20.24,0.582552418,76.59,29242291.0,0.0,0.0,112731.0,35517992.0,0.0,0.0,123414.0,0.0,0.0,0.0,0.0
2023-03-19 18:53:34.566000+00:00,20938752.0,39137280.0,44171264.0,44171264.0,20.27,0.582552418,76.66,29262600.0,0.0,0.0,112859.0,35543767.0,0.0,0.0,123546.0,0.0,0.0,0.0,0.0
2023-03-19 18:53:39.690000+00:00,20938752.0,39149568.0,44236800.0,44236800.0,20.28,0.582552418,76.68,29276924.0,0.0,0.0,112959.0,35563585.0,0.0,0.0,123659.0,0.0,0.0,0.0,0.0
2023-03-19 18:53:43.934000+00:00,20938752.0,39227392.0,44244992.0,44244992.0,20.29,0.582552418,76.72,29293182.0,0.0,0.0,113074.0,35585757.0,0.0,0.0,123790.0,0.0,0.0,0.0,0.0
2023-03-19 18:53:48.553000+00:00,20938752.0,38801408.0,43819008.0,43819008.0,20.3,0.582552418,76.78,29299465.0,0.0,0.0,113114.0,35596498.0,0.0,0.0,123834.0,0.0,0.0,0.0,0.0
2023-03-19 18:53:54.631000+00:00,20938752.0,38801408.0,43819008.0,43819008.0,20.31,0.582552418,76.85,29299465.0,0.0,0.0,113114.0,35596498.0,0.0,0.0,123834.0,0.0,0.0,0.0,0.0
2023-03-19 18:53:59.131000+00:00,20938752.0,38879232.0,44027904.0,44027904.0,20.33,0.582552418,76.94,29329067.0,0.0,0.0,113316.0,35638271.0,0.0,0.0,124055.0,0.0,0.0,0.0,0.0
2023-03-19 18:54:04.116000+00:00,20938752.0,38879232.0,44027904.0,44138496.0,20.34,0.582552418,76.99,29349400.0,0.0,0.0,113454.0,35663630.0,0.0,0.0,124198.0,0.0,0.0,0.0,0.0
2023-03-19 18:54:08.774000+00:00,20938752.0,38952960.0,43999232.0,43999232.0,20.37,0.582552418,77.08,29442433.0,0.0,0.0,113598.0,35761335.0,0.0,0.0,124362.0,0.0,0.0,0.0,0.0
2023-03-19 18:54:14.375000+00:00,20938752.0,39432192.0,44478464.0,44478464.0,20.38,0.582552418,77.1,29449763.0,0.0,0.0,113653.0,35774224.0,0.0,0.0,124421.0,0.0,0.0,0.0,0.0
2023-03-19 18:54:19.189000+00:00,21172224.0,39129088.0,44261376.0,44261376.0,20.4,0.582552418,77.2,29537998.0,0.0,0.0,113791.0,35868380.0,0.0,0.0,124572.0,0.0,0.0,0.0,0.0
2023-03-19 18:54:23.567000+00:00,21172224.0,39129088.0,44056576.0,44056576.0,20.41,0.582552418,77.22,29547293.0,0.0,0.0,113857.0,35882779.0,0.0,0.0,124643.0,0.0,0.0,0.0,0.0
2023-03-19 18:54:28.562000+00:00,21172224.0,38780928.0,43847680.0,43847680.0,20.43,0.582552418,77.32,29639858.0,0.0,0.0,114010.0,35976508.0,0.0,0.0,124809.0,0.0,0.0,0.0,0.0
2023-03-19 18:54:34.138000+00:00,21172224.0,39493632.0,44515328.0,44515328.0,20.43,0.582552418,77.37,29651255.0,0.0,0.0,114090.0,35993808.0,0.0,0.0,124897.0,0.0,0.0,0.0,0.0
2023-03-19 18:54:38.181000+00:00,21172224.0,38912000.0,44060672.0,44060672.0,20.46,0.582552418,77.46,29672973.0,0.0,0.0,114220.0,36021562.0,0.0,0.0,125040.0,0.0,0.0,0.0,0.0
2023-03-19 18:54:43.202000+00:00,21172224.0,38912000.0,44060672.0,44060672.0,20.47,0.582552418,77.5,29672973.0,0.0,0.0,114220.0,36021562.0,0.0,0.0,125040.0,0.0,0.0,0.0,0.0
2023-03-19 18:54:49.008000+00:00,21172224.0,39157760.0,44183552.0,44183552.0,20.49,0.582552418,77.6,29849339.0,0.0,0.0,114482.0,36206087.0,0.0,0.0,125331.0,0.0,0.0,0.0,0.0
2023-03-19 18:54:54.431000+00:00,21172224.0,39436288.0,44515328.0,44515328.0,20.5,0.582552418,77.64,29931168.0,0.0,0.0,114573.0,36288896.0,0.0,0.0,125426.0,0.0,0.0,0.0,0.0
2023-03-19 18:54:58.606000+00:00,21172224.0,38998016.0,43999232.0,43999232.0,20.56,0.582552418,77.77,29945072.0,0.0,0.0,114676.0,36308716.0,0.0,0.0,125539.0,0.0,0.0,0.0,0.0
2023-03-19 18:55:04.590000+00:00,21172224.0,38998016.0,43999232.0,44093440.0,20.59,0.582552418,77.88,30107888.0,0.0,0.0,114833.0,36473063.0,0.0,0.0,125710.0,0.0,0.0,0.0,0.0
2023-03-19 18:55:09.291000+00:00,21172224.0,38879232.0,44101632.0,44101632.0,20.6,0.582552418,77.96,30121553.0,0.0,0.0,114912.0,36492108.0,0.0,0.0,125802.0,0.0,0.0,0.0,0.0
2023-03-19 18:55:14.394000+00:00,21172224.0,38879232.0,44101632.0,44101632.0,20.62,0.582552418,78.0,30121553.0,0.0,0.0,114912.0,36492108.0,0.0,0.0,125802.0,0.0,0.0,0.0,0.0
2023-03-19 18:55:19.218000+00:00,21417984.0,38518784.0,43515904.0,43515904.0,20.62,0.582552418,78.04,30295907.0,0.0,0.0,115145.0,36677640.0,0.0,0.0,126061.0,0.0,0.0,0.0,0.0
2023-03-19 18:55:24.754000+00:00,21417984.0,38518784.0,44392448.0,44392448.0,20.65,0.582552418,78.13,30305686.0,0.0,0.0,115216.0,36692917.0,0.0,0.0,126135.0,0.0,0.0,0.0,0.0
2023-03-19 18:55:29.392000+00:00,21417984.0,39190528.0,44310528.0,44310528.0,20.66,0.582552418,78.16,30320409.0,0.0,0.0,115310.0,36713021.0,0.0,0.0,126237.0,0.0,0.0,0.0,0.0
2023-03-19 18:55:34.539000+00:00,21417984.0,39223296.0,44351488.0,44351488.0,20.7,0.582552418,78.29,30564389.0,0.0,0.0,115526.0,36959426.0,0.0,0.0,126476.0,0.0,0.0,0.0,0.0
2023-03-19 18:55:39.377000+00:00,21417984.0,39272448.0,44269568.0,44269568.0,20.71,0.582552418,78.31,30646099.0,0.0,0.0,115592.0,37041856.0,0.0,0.0,126547.0,0.0,0.0,0.0,0.0
2023-03-19 18:55:44.096000+00:00,21417984.0,39272448.0,44269568.0,44269568.0,20.73,0.582552418,78.38,30646099.0,0.0,0.0,115592.0,37041856.0,0.0,0.0,126547.0,0.0,0.0,0.0,0.0
2023-03-19 18:55:48.976000+00:00,21417984.0,38572032.0,43626496.0,43626496.0,20.73,0.582552418,78.4,30741633.0,0.0,0.0,115759.0,37144687.0,0.0,0.0,126731.0,0.0,0.0,0.0,0.0
2023-03-19 18:55:54.045000+00:00,21417984.0,39190528.0,44228608.0,44228608.0,20.75,0.582552418,78.52,30833893.0,0.0,0.0,115894.0,37242847.0,0.0,0.0,126885.0,0.0,0.0,0.0,0.0
2023-03-19 18:55:58.874000+00:00,21417984.0,38776832.0,43778048.0,43778048.0,20.75,0.582552418,78.54,30841664.0,0.0,0.0,115948.0,37255211.0,0.0,0.0,126941.0,0.0,0.0,0.0,0.0
2023-03-19 18:56:04.189000+00:00,21417984.0,39325696.0,44359680.0,44359680.0,20.78,0.582552418,78.64,30864768.0,0.0,0.0,116106.0,37284354.0,0.0,0.0,127109.0,0.0,0.0,0.0,0.0
2023-03-19 18:56:08.817000+00:00,21417984.0,39170048.0,44257280.0,44257280.0,20.8,0.582552418,78.71,30954900.0,0.0,0.0,116238.0,37375719.0,0.0,0.0,127254.0,0.0,0.0,0.0,0.0
2023-03-19 18:56:14.072000+00:00,21417984.0,38805504.0,43827200.0,43827200.0,20.83,0.582776293,78.8,31046598.0,0.0,0.0,116358.0,37468314.0,0.0,0.0,127388.0,0.0,0.0,0.0,0.0
2023-03-19 18:56:19.851000+00:00,21655552.0,39161856.0,44163072.0,44163072.0,20.84,0.582776293,78.84,31070155.0,0.0,0.0,116504.0,37497967.0,0.0,0.0,127550.0,0.0,0.0,0.0,0.0
2023-03-19 18:56:23.302000+00:00,21655552.0,39161856.0,44511232.0,44511232.0,20.86,0.582776293,78.93,31082386.0,0.0,0.0,116590.0,37516150.0,0.0,0.0,127648.0,0.0,0.0,0.0,0.0
2023-03-19 18:56:28.242000+00:00,21655552.0,38907904.0,43925504.0,43925504.0,20.86,0.582776293,78.94,31092314.0,0.0,0.0,116651.0,37531246.0,0.0,0.0,127716.0,0.0,0.0,0.0,0.0
2023-03-19 18:56:33.980000+00:00,21655552.0,39235584.0,44306432.0,44306432.0,20.88,0.582776293,79.04,31111843.0,0.0,0.0,116793.0,37557188.0,0.0,0.0,127874.0,0.0,0.0,0.0,0.0
2023-03-19 18:56:38.999000+00:00,21655552.0,39202816.0,44265472.0,44265472.0,20.89,0.582776293,79.05,31128523.0,0.0,0.0,116895.0,37578733.0,0.0,0.0,127985.0,0.0,0.0,0.0,0.0
2023-03-19 18:56:43.515000+00:00,21655552.0,39202816.0,44265472.0,44265472.0,20.89,0.582776293,79.06,31128523.0,0.0,0.0,116895.0,37578733.0,0.0,0.0,127985.0,0.0,0.0,0.0,0.0
2023-03-19 18:56:49.431000+00:00,21655552.0,38858752.0,43892736.0,43892736.0,20.92,0.582776293,79.14,31149103.0,0.0,0.0,117036.0,37609406.0,0.0,0.0,128141.0,0.0,0.0,0.0,0.0
2023-03-19 18:56:54.833000+00:00,21655552.0,38735872.0,43986944.0,43986944.0,20.92,0.582776293,79.2,31160018.0,0.0,0.0,117113.0,37625365.0,0.0,0.0,128220.0,0.0,0.0,0.0,0.0
2023-03-19 18:56:59.385000+00:00,21655552.0,38739968.0,43827200.0,43827200.0,20.93,0.582776293,79.23,31175585.0,0.0,0.0,117206.0,37646366.0,0.0,0.0,128322.0,0.0,0.0,0.0,0.0
2023-03-19 18:57:03.751000+00:00,21655552.0,38739968.0,43827200.0,44548096.0,20.93,0.582776293,79.27,31187370.0,0.0,0.0,117286.0,37663379.0,0.0,0.0,128409.0,0.0,0.0,0.0,0.0
2023-03-19 18:57:08.658000+00:00,21655552.0,39079936.0,44081152.0,44081152.0,20.94,0.582776293,79.33,31193887.0,0.0,0.0,117332.0,37675300.0,0.0,0.0,128461.0,0.0,0.0,0.0,0.0
2023-03-19 18:57:13.772000+00:00,21655552.0,38645760.0,43778048.0,43778048.0,20.96,0.582776293,79.34,31200171.0,0.0,0.0,117374.0,37686424.0,0.0,0.0,128502.0,0.0,0.0,0.0,0.0
2023-03-19 18:57:18.500000+00:00,21839872.0,39297024.0,44294144.0,44294144.0,20.97,0.582776293,79.44,31212044.0,0.0,0.0,117447.0,37702647.0,0.0,0.0,128580.0,0.0,0.0,0.0,0.0
2023-03-19 18:57:23.324000+00:00,21839872.0,39297024.0,44404736.0,44404736.0,20.98,0.582776293,79.44,31226113.0,0.0,0.0,117538.0,37721914.0,0.0,0.0,128681.0,0.0,0.0,0.0,0.0
2023-03-19 18:57:29.305000+00:00,21839872.0,38776832.0,43839488.0,43839488.0,21.0,0.582776293,79.56,31245713.0,0.0,0.0,117675.0,37747608.0,0.0,0.0,128825.0,0.0,0.0,0.0,0.0
2023-03-19 18:57:34.735000+00:00,21839872.0,39055360.0,44056576.0,44056576.0,21.01,0.582776293,79.6,31327979.0,0.0,0.0,117746.0,37830946.0,0.0,0.0,128904.0,0.0,0.0,0.0,0.0
2023-03-19 18:57:39.695000+00:00,21839872.0,38809600.0,43835392.0,43835392.0,21.02,0.582776293,79.67,31338650.0,0.0,0.0,117817.0,37846835.0,0.0,0.0,128985.0,0.0,0.0,0.0,0.0
2023-03-19 18:57:43.980000+00:00,21839872.0,38989824.0,43986944.0,43986944.0,21.04,0.582776293,79.7,31359185.0,0.0,0.0,117950.0,37872711.0,0.0,0.0,129131.0,0.0,0.0,0.0,0.0
2023-03-19 18:57:49.755000+00:00,21839872.0,38735872.0,43782144.0,43782144.0,21.08,0.582776293,79.75,31369109.0,0.0,0.0,118009.0,37887763.0,0.0,0.0,129199.0,0.0,0.0,0.0,0.0
2023-03-19 18:57:54.035000+00:00,21839872.0,38735872.0,43782144.0,43782144.0,21.08,0.582776293,79.77,31369109.0,0.0,0.0,118009.0,37897658.0,0.0,0.0,129240.0,0.0,0.0,0.0,0.0
2023-03-19 18:57:58.881000+00:00,21839872.0,39149568.0,44150784.0,44150784.0,21.09,0.582776293,79.84,31392654.0,0.0,0.0,118162.0,37921915.0,0.0,0.0,129368.0,0.0,0.0,0.0,0.0
2023-03-19 18:58:04.516000+00:00,21839872.0,39149568.0,44150784.0,43716608.0,21.1,0.582776293,79.88,31414924.0,0.0,0.0,118308.0,37950081.0,0.0,0.0,129526.0,0.0,0.0,0.0,0.0
2023-03-19 18:58:09.792000+00:00,21839872.0,39329792.0,44331008.0,44331008.0,21.12,0.582776293,79.97,31441147.0,0.0,0.0,118484.0,37983020.0,0.0,0.0,129723.0,0.0,0.0,0.0,0.0
2023-03-19 18:58:14.329000+00:00,21839872.0,39047168.0,44044288.0,44044288.0,21.12,0.582776293,79.99,31451495.0,0.0,0.0,118549.0,37998319.0,0.0,0.0,129793.0,0.0,0.0,0.0,0.0
2023-03-19 18:58:18.585000+00:00,22052864.0,38789120.0,44015616.0,44015616.0,21.13,0.582776293,80.04,31463517.0,0.0,0.0,118607.0,38015206.0,0.0,0.0,129855.0,0.0,0.0,0.0,0.0
2023-03-19 18:58:24.801000+00:00,22052864.0,39190528.0,44187648.0,44187648.0,21.15,0.582776293,80.05,31467811.0,0.0,0.0,118638.0,38024438.0,0.0,0.0,129889.0,0.0,0.0,0.0,0.0
2023-03-19 18:58:28.787000+00:00,22052864.0,38776832.0,43864064.0,43864064.0,21.16,0.582776293,80.06,31476001.0,0.0,0.0,118695.0,38038104.0,0.0,0.0,129950.0,0.0,0.0,0.0,0.0
2023-03-19 18:58:34.809000+00:00,22052864.0,38969344.0,44032000.0,44032000.0,21.19,0.582776293,80.15,31493600.0,0.0,0.0,118806.0,38060867.0,0.0,0.0,130071.0,0.0,0.0,0.0,0.0
2023-03-19 18:58:38.850000+00:00,22052864.0,38916096.0,44040192.0,44040192.0,21.2,0.582776293,80.18,31505055.0,0.0,0.0,118889.0,38078431.0,0.0,0.0,130162.0,0.0,0.0,0.0,0.0
2023-03-19 18:58:44.886000+00:00,22052864.0,38916096.0,44040192.0,44040192.0,21.23,0.582776293,80.25,31505055.0,0.0,0.0,118889.0,38078431.0,0.0,0.0,130162.0,0.0,0.0,0.0,0.0
2023-03-19 18:58:49.617000+00:00,22052864.0,39354368.0,44351488.0,44351488.0,21.24,0.582776293,80.3,31610289.0,0.0,0.0,119122.0,38194903.0,0.0,0.0,130418.0,0.0,0.0,0.0,0.0
2023-03-19 18:58:53.943000+00:00,22052864.0,39026688.0,44023808.0,44023808.0,21.25,0.582776293,80.36,31617932.0,0.0,0.0,119175.0,38207557.0,0.0,0.0,130480.0,0.0,0.0,0.0,0.0
2023-03-19 18:58:58.893000+00:00,22052864.0,38817792.0,43819008.0,43819008.0,21.26,0.582776293,80.37,31629351.0,0.0,0.0,119241.0,38223710.0,0.0,0.0,130552.0,0.0,0.0,0.0,0.0
2023-03-19 18:59:03.629000+00:00,22052864.0,38817792.0,43819008.0,43937792.0,21.29,0.582776293,80.43,31642773.0,0.0,0.0,119341.0,38242572.0,0.0,0.0,130659.0,0.0,0.0,0.0,0.0
2023-03-19 18:59:09.360000+00:00,22052864.0,38981632.0,43982848.0,43982848.0,21.3,0.582776293,80.46,31660838.0,0.0,0.0,119464.0,38266311.0,0.0,0.0,130789.0,0.0,0.0,0.0,0.0
2023-03-19 18:59:14.020000+00:00,22052864.0,38981632.0,43982848.0,43982848.0,21.33,0.582776293,80.54,31660838.0,0.0,0.0,119464.0,38266311.0,0.0,0.0,130789.0,0.0,0.0,0.0,0.0
2023-03-19 18:59:19.092000+00:00,22245376.0,39063552.0,44060672.0,44060672.0,21.33,0.582776293,80.55,31758783.0,0.0,0.0,119623.0,38370389.0,0.0,0.0,130965.0,0.0,0.0,0.0,0.0
2023-03-19 18:59:23.980000+00:00,22245376.0,39063552.0,43855872.0,43855872.0,21.36,0.582776293,80.62,31766408.0,0.0,0.0,119673.0,38382802.0,0.0,0.0,131020.0,0.0,0.0,0.0,0.0
2023-03-19 18:59:28.184000+00:00,22245376.0,39198720.0,44199936.0,44199936.0,21.36,0.582776293,80.63,31771342.0,0.0,0.0,119712.0,38392817.0,0.0,0.0,131061.0,0.0,0.0,0.0,0.0
2023-03-19 18:59:33.587000+00:00,22245376.0,38875136.0,43978752.0,43978752.0,21.37,0.582776293,80.69,31779419.0,0.0,0.0,119761.0,38405633.0,0.0,0.0,131111.0,0.0,0.0,0.0,0.0
2023-03-19 18:59:38.686000+00:00,22245376.0,38912000.0,43913216.0,43913216.0,21.38,0.582776293,80.7,31795363.0,0.0,0.0,119877.0,38428007.0,0.0,0.0,131235.0,0.0,0.0,0.0,0.0
2023-03-19 18:59:43.817000+00:00,22245376.0,39243776.0,44322816.0,44322816.0,21.41,0.582776293,80.78,31817302.0,0.0,0.0,120009.0,38456053.0,0.0,0.0,131382.0,0.0,0.0,0.0,0.0
2023-03-19 18:59:48.879000+00:00,22245376.0,39268352.0,44265472.0,44265472.0,21.42,0.582776293,80.8,31831692.0,0.0,0.0,120113.0,38475942.0,0.0,0.0,131497.0,0.0,0.0,0.0,0.0
2023-03-19 18:59:54.491000+00:00,22245376.0,39170048.0,44167168.0,44167168.0,21.44,0.582776293,80.85,31846160.0,0.0,0.0,120200.0,38495029.0,0.0,0.0,131596.0,0.0,0.0,0.0,0.0
2023-03-19 18:59:58.973000+00:00,22245376.0,38805504.0,43802624.0,43802624.0,21.44,0.582776293,80.86,31854352.0,0.0,0.0,120250.0,38508241.0,0.0,0.0,131652.0,0.0,0.0,0.0,0.0
