timestamp,container_fs_usage_bytes,container_memory_rss,container_memory_usage_bytes,container_memory_working_set_bytes,container_cpu_system_seconds_total,container_cpu_usage_seconds_total,container_cpu_user_seconds_total,container_network_receive_bytes_total,container_network_receive_errors_total,container_network_receive_packets_dropped_total,container_network_receive_packets_total,container_network_transmit_bytes_total,container_network_transmit_errors_total,container_network_transmit_packets_dropped_total,container_network_transmit_packets_total,container_fs_io_time_seconds_total,container_memory_failures_total,container_memory_failcnt,container_fs_write_seconds_total
2023-03-20 15:21:33.593000+00:00,73728.0,12230656.0,13615104.0,13615104.0,1.02,0.015925424,2.42,48805.0,0.0,0.0,306.0,118987.0,0.0,0.0,200.0,0.0,0.0,0.0,0.0
2023-03-20 15:21:39.426000+00:00,73728.0,12230656.0,13615104.0,13615104.0,1.05,0.015925424,2.49,48805.0,0.0,0.0,310.0,120867.0,0.0,0.0,203.0,0.0,0.0,0.0,0.0
2023-03-20 15:21:44.139000+00:00,73728.0,9527296.0,11128832.0,11128832.0,1.07,0.015925424,2.52,50431.0,0.0,0.0,313.0,122677.0,0.0,0.0,205.0,0.0,0.0,0.0,0.0
2023-03-20 15:21:49.018000+00:00,73728.0,9527296.0,11128832.0,12619776.0,1.08,0.015925424,2.54,51530.0,0.0,0.0,317.0,124555.0,0.0,0.0,208.0,0.0,0.0,0.0,0.0
2023-03-20 15:21:54.213000+00:00,73728.0,11689984.0,13750272.0,13750272.0,1.1,0.015925424,2.61,52641.0,0.0,0.0,320.0,126361.0,0.0,0.0,210.0,0.0,0.0,0.0,0.0
2023-03-20 15:21:59.099000+00:00,73728.0,11689984.0,13750272.0,13750272.0,1.12,0.015925424,2.63,52641.0,0.0,0.0,320.0,126361.0,0.0,0.0,210.0,0.0,0.0,0.0,0.0
2023-03-20 15:22:03.860000+00:00,73728.0,12353536.0,13897728.0,13897728.0,1.13,0.015925424,2.64,57297.0,0.0,0.0,330.0,130249.0,0.0,0.0,218.0,0.0,0.0,0.0,0.0
2023-03-20 15:22:09.087000+00:00,73728.0,12353536.0,13897728.0,13897728.0,1.14,0.015925424,2.68,57297.0,0.0,0.0,330.0,130249.0,0.0,0.0,222.0,0.0,0.0,0.0,0.0
2023-03-20 15:22:13.124000+00:00,73728.0,9543680.0,11395072.0,11395072.0,1.18,0.015925424,2.72,61115.0,0.0,0.0,338.0,134000.0,0.0,0.0,224.0,0.0,0.0,0.0,0.0
2023-03-20 15:22:18.706000+00:00,73728.0,9543680.0,11395072.0,11395072.0,1.18,0.015925424,2.72,61481.0,0.0,0.0,340.0,135739.0,0.0,0.0,225.0,0.0,0.0,0.0,0.0
2023-03-20 15:22:24.349000+00:00,94208.0,13512704.0,16150528.0,16150528.0,1.19,0.015925424,2.76,62061.0,0.0,0.0,345.0,137688.0,0.0,0.0,229.0,0.0,0.0,0.0,0.0
2023-03-20 15:22:28.959000+00:00,94208.0,10067968.0,16150528.0,16150528.0,1.22,0.015925424,2.81,62061.0,0.0,0.0,345.0,137688.0,0.0,0.0,229.0,0.0,0.0,0.0,0.0
2023-03-20 15:22:34.793000+00:00,94208.0,9785344.0,11296768.0,11296768.0,1.24,0.015925424,2.83,65011.0,0.0,0.0,353.0,141448.0,0.0,0.0,235.0,0.0,0.0,0.0,0.0
2023-03-20 15:22:39.202000+00:00,94208.0,11354112.0,12775424.0,12775424.0,1.25,0.015925424,2.84,67130.0,0.0,0.0,358.0,143400.0,0.0,0.0,239.0,0.0,0.0,0.0,0.0
2023-03-20 15:22:44.512000+00:00,94208.0,10518528.0,12668928.0,12668928.0,1.28,0.015925424,2.93,68215.0,0.0,0.0,361.0,145214.0,0.0,0.0,241.0,0.0,0.0,0.0,0.0
2023-03-20 15:22:49.050000+00:00,94208.0,10084352.0,12668928.0,12668928.0,1.28,0.015925424,2.94,68215.0,0.0,0.0,361.0,147026.0,0.0,0.0,243.0,0.0,0.0,0.0,0.0
2023-03-20 15:22:54.560000+00:00,94208.0,8847360.0,10412032.0,10412032.0,1.3,0.015925424,2.97,71195.0,0.0,0.0,370.0,149034.0,0.0,0.0,248.0,0.0,0.0,0.0,0.0
2023-03-20 15:22:58.792000+00:00,94208.0,8847360.0,10412032.0,10412032.0,1.3,0.015925424,3.0,71195.0,0.0,0.0,370.0,149034.0,0.0,0.0,248.0,0.0,0.0,0.0,0.0
2023-03-20 15:23:04.689000+00:00,94208.0,11476992.0,13615104.0,13615104.0,1.32,0.015925424,3.08,74366.0,0.0,0.0,378.0,152795.0,0.0,0.0,254.0,0.0,0.0,0.0,0.0
2023-03-20 15:23:09.063000+00:00,94208.0,12705792.0,14123008.0,14123008.0,1.32,0.015925424,3.1,75518.0,0.0,0.0,382.0,154679.0,0.0,0.0,257.0,0.0,0.0,0.0,0.0
2023-03-20 15:23:14.873000+00:00,94208.0,11657216.0,13127680.0,13127680.0,1.35,0.015925424,3.12,77308.0,0.0,0.0,386.0,156553.0,0.0,0.0,260.0,0.0,0.0,0.0,0.0
2023-03-20 15:23:19.563000+00:00,94208.0,11657216.0,13127680.0,13127680.0,1.35,0.015925424,3.13,77308.0,0.0,0.0,391.0,158497.0,0.0,0.0,264.0,0.0,0.0,0.0,0.0
2023-03-20 15:23:23.653000+00:00,110592.0,12132352.0,13709312.0,13709312.0,1.38,0.015925424,3.15,79521.0,0.0,0.0,393.0,160247.0,0.0,0.0,265.0,0.0,0.0,0.0,0.0
2023-03-20 15:23:28.385000+00:00,110592.0,12132352.0,13709312.0,13709312.0,1.4,0.015925424,3.22,79521.0,0.0,0.0,393.0,160247.0,0.0,0.0,265.0,0.0,0.0,0.0,0.0
2023-03-20 15:23:33.954000+00:00,110592.0,12333056.0,13967360.0,13967360.0,1.4,0.015925424,3.24,83295.0,0.0,0.0,403.0,164141.0,0.0,0.0,273.0,0.0,0.0,0.0,0.0
2023-03-20 15:23:39.710000+00:00,110592.0,12333056.0,13967360.0,13967360.0,1.44,0.015925424,3.24,83295.0,0.0,0.0,403.0,166094.0,0.0,0.0,277.0,0.0,0.0,0.0,0.0
2023-03-20 15:23:44.516000+00:00,110592.0,12951552.0,14536704.0,14536704.0,1.45,0.015925424,3.28,86929.0,0.0,0.0,412.0,167972.0,0.0,0.0,280.0,0.0,0.0,0.0,0.0
2023-03-20 15:23:49.197000+00:00,110592.0,12951552.0,14536704.0,14536704.0,1.47,0.015925424,3.34,89340.0,0.0,0.0,418.0,169990.0,0.0,0.0,285.0,0.0,0.0,0.0,0.0
2023-03-20 15:23:53.316000+00:00,110592.0,12873728.0,14454784.0,14454784.0,1.48,0.015925424,3.4,90393.0,0.0,0.0,421.0,171804.0,0.0,0.0,287.0,0.0,0.0,0.0,0.0
2023-03-20 15:23:59.697000+00:00,110592.0,12873728.0,14454784.0,14454784.0,1.52,0.015925424,3.49,90393.0,0.0,0.0,421.0,171804.0,0.0,0.0,287.0,0.0,0.0,0.0,0.0
2023-03-20 15:24:04.713000+00:00,110592.0,9908224.0,11358208.0,11358208.0,1.52,0.015925424,3.5,92496.0,0.0,0.0,428.0,175506.0,0.0,0.0,292.0,0.0,0.0,0.0,0.0
2023-03-20 15:24:09.791000+00:00,110592.0,9908224.0,11358208.0,11358208.0,1.55,0.015925424,3.53,92496.0,0.0,0.0,428.0,175506.0,0.0,0.0,295.0,0.0,0.0,0.0,0.0
2023-03-20 15:24:14.540000+00:00,110592.0,12406784.0,13852672.0,13852672.0,1.56,0.015925424,3.53,97457.0,0.0,0.0,438.0,179400.0,0.0,0.0,300.0,0.0,0.0,0.0,0.0
2023-03-20 15:24:19.459000+00:00,110592.0,12406784.0,13852672.0,14258176.0,1.56,0.015925424,3.54,98613.0,0.0,0.0,442.0,181283.0,0.0,0.0,303.0,0.0,0.0,0.0,0.0
2023-03-20 15:24:24.267000+00:00,135168.0,9641984.0,11399168.0,11399168.0,1.6,0.015925424,3.63,99661.0,0.0,0.0,445.0,183098.0,0.0,0.0,305.0,0.0,0.0,0.0,0.0
2023-03-20 15:24:29.171000+00:00,135168.0,9740288.0,11190272.0,11190272.0,1.61,0.015925424,3.71,101519.0,0.0,0.0,450.0,185045.0,0.0,0.0,309.0,0.0,0.0,0.0,0.0
2023-03-20 15:24:34.059000+00:00,135168.0,11661312.0,13250560.0,13250560.0,1.61,0.015925424,3.72,102629.0,0.0,0.0,453.0,186858.0,0.0,0.0,311.0,0.0,0.0,0.0,0.0
2023-03-20 15:24:38.355000+00:00,135168.0,11661312.0,13250560.0,13250560.0,1.62,0.015925424,3.74,102629.0,0.0,0.0,457.0,188739.0,0.0,0.0,314.0,0.0,0.0,0.0,0.0
2023-03-20 15:24:44.810000+00:00,135168.0,9940992.0,11399168.0,11399168.0,1.63,0.015925424,3.77,106177.0,0.0,0.0,463.0,190688.0,0.0,0.0,318.0,0.0,0.0,0.0,0.0
2023-03-20 15:24:47.952000+00:00,135168.0,9940992.0,11399168.0,13299712.0,1.64,0.015925424,3.77,107168.0,0.0,0.0,466.0,192500.0,0.0,0.0,320.0,0.0,0.0,0.0,0.0
2023-03-20 15:24:53.864000+00:00,135168.0,13078528.0,14540800.0,14540800.0,1.66,0.015925424,3.8,108628.0,0.0,0.0,470.0,194387.0,0.0,0.0,323.0,0.0,0.0,0.0,0.0
2023-03-20 15:24:59.175000+00:00,135168.0,13078528.0,14540800.0,14540800.0,1.67,0.015925424,3.86,108628.0,0.0,0.0,470.0,194387.0,0.0,0.0,323.0,0.0,0.0,0.0,0.0
2023-03-20 15:25:04.331000+00:00,135168.0,12050432.0,13656064.0,13656064.0,1.68,0.015925424,3.88,110281.0,0.0,0.0,478.0,198095.0,0.0,0.0,328.0,0.0,0.0,0.0,0.0
2023-03-20 15:25:09.865000+00:00,135168.0,12079104.0,13529088.0,13529088.0,1.69,0.015925424,3.89,111293.0,0.0,0.0,482.0,199982.0,0.0,0.0,331.0,0.0,0.0,0.0,0.0
2023-03-20 15:25:13.791000+00:00,135168.0,10108928.0,11587584.0,11587584.0,1.71,0.015925424,3.9,111659.0,0.0,0.0,484.0,201723.0,0.0,0.0,332.0,0.0,0.0,0.0,0.0
2023-03-20 15:25:19.183000+00:00,135168.0,10108928.0,11587584.0,15036416.0,1.72,0.015925424,3.92,112855.0,0.0,0.0,489.0,203683.0,0.0,0.0,336.0,0.0,0.0,0.0,0.0
2023-03-20 15:25:24.232000+00:00,147456.0,12791808.0,14364672.0,14364672.0,1.74,0.015925424,3.95,113295.0,0.0,0.0,492.0,205499.0,0.0,0.0,338.0,0.0,0.0,0.0,0.0
2023-03-20 15:25:29.330000+00:00,147456.0,12791808.0,14364672.0,14364672.0,1.76,0.015925424,3.95,113295.0,0.0,0.0,492.0,205499.0,0.0,0.0,338.0,0.0,0.0,0.0,0.0
2023-03-20 15:25:33.826000+00:00,147456.0,10186752.0,11911168.0,11911168.0,1.76,0.015925424,4.01,119160.0,0.0,0.0,504.0,209527.0,0.0,0.0,348.0,0.0,0.0,0.0,0.0
2023-03-20 15:25:39.125000+00:00,147456.0,12025856.0,13504512.0,13504512.0,1.77,0.015925424,4.02,120982.0,0.0,0.0,509.0,211477.0,0.0,0.0,352.0,0.0,0.0,0.0,0.0
2023-03-20 15:25:44.905000+00:00,147456.0,11862016.0,13336576.0,13336576.0,1.79,0.015925424,4.04,123218.0,0.0,0.0,513.0,213355.0,0.0,0.0,355.0,0.0,0.0,0.0,0.0
2023-03-20 15:25:49.032000+00:00,147456.0,11862016.0,13336576.0,14888960.0,1.81,0.015925424,4.04,125103.0,0.0,0.0,518.0,215311.0,0.0,0.0,359.0,0.0,0.0,0.0,0.0
2023-03-20 15:25:53.690000+00:00,147456.0,13316096.0,14766080.0,14766080.0,1.81,0.015925424,4.07,126207.0,0.0,0.0,521.0,217130.0,0.0,0.0,361.0,0.0,0.0,0.0,0.0
2023-03-20 15:25:59.284000+00:00,147456.0,13316096.0,14766080.0,14766080.0,1.82,0.015925424,4.09,126207.0,0.0,0.0,521.0,217130.0,0.0,0.0,361.0,0.0,0.0,0.0,0.0
2023-03-20 15:26:04.175000+00:00,147456.0,13660160.0,15507456.0,15507456.0,1.83,0.015925424,4.11,129345.0,0.0,0.0,529.0,220911.0,0.0,0.0,367.0,0.0,0.0,0.0,0.0
2023-03-20 15:26:09.536000+00:00,147456.0,13660160.0,15507456.0,15507456.0,1.84,0.015925424,4.16,129345.0,0.0,0.0,534.0,222860.0,0.0,0.0,371.0,0.0,0.0,0.0,0.0
2023-03-20 15:26:14.224000+00:00,147456.0,11866112.0,13361152.0,13361152.0,1.86,0.015925424,4.24,132202.0,0.0,0.0,537.0,224680.0,0.0,0.0,373.0,0.0,0.0,0.0,0.0
2023-03-20 15:26:19.242000+00:00,147456.0,11866112.0,13361152.0,13484032.0,1.86,0.015925424,4.24,134864.0,0.0,0.0,543.0,226698.0,0.0,0.0,378.0,0.0,0.0,0.0,0.0
2023-03-20 15:26:24.056000+00:00,176128.0,13307904.0,14950400.0,14950400.0,1.86,0.015925424,4.25,136691.0,0.0,0.0,547.0,228578.0,0.0,0.0,381.0,0.0,0.0,0.0,0.0
2023-03-20 15:26:29.295000+00:00,176128.0,12730368.0,14245888.0,14245888.0,1.88,0.015925424,4.28,138781.0,0.0,0.0,552.0,230534.0,0.0,0.0,385.0,0.0,0.0,0.0,0.0
2023-03-20 15:26:34.066000+00:00,176128.0,12992512.0,14483456.0,14483456.0,1.9,0.015925424,4.31,142214.0,0.0,0.0,558.0,232545.0,0.0,0.0,390.0,0.0,0.0,0.0,0.0
2023-03-20 15:26:38.234000+00:00,176128.0,12992512.0,12935168.0,12935168.0,1.94,0.015925424,4.31,142580.0,0.0,0.0,560.0,234292.0,0.0,0.0,391.0,0.0,0.0,0.0,0.0
2023-03-20 15:26:44.517000+00:00,176128.0,12054528.0,13688832.0,13688832.0,1.94,0.015925424,4.38,143768.0,0.0,0.0,565.0,236249.0,0.0,0.0,395.0,0.0,0.0,0.0,0.0
2023-03-20 15:26:49.343000+00:00,176128.0,13565952.0,15056896.0,15056896.0,1.95,0.015925424,4.4,145040.0,0.0,0.0,569.0,238135.0,0.0,0.0,398.0,0.0,0.0,0.0,0.0
2023-03-20 15:26:54.196000+00:00,176128.0,10502144.0,11993088.0,11993088.0,1.98,0.015925424,4.44,146801.0,0.0,0.0,573.0,240016.0,0.0,0.0,401.0,0.0,0.0,0.0,0.0
2023-03-20 15:26:58.588000+00:00,176128.0,10502144.0,14372864.0,14372864.0,1.98,0.017791069,4.45,147167.0,0.0,0.0,575.0,241767.0,0.0,0.0,402.0,0.0,0.0,0.0,0.0
2023-03-20 15:27:03.714000+00:00,176128.0,12189696.0,14249984.0,14249984.0,2.0,0.026312428,4.52,148419.0,0.0,0.0,580.0,243723.0,0.0,0.0,406.0,0.0,0.0,0.0,0.0
2023-03-20 15:27:09.747000+00:00,176128.0,12189696.0,16207872.0,16207872.0,2.0,0.027785653,4.52,150250.0,0.0,0.0,585.0,245679.0,0.0,0.0,410.0,0.0,0.0,0.0,0.0
2023-03-20 15:27:14.435000+00:00,176128.0,15581184.0,17096704.0,17096704.0,2.0,0.027785653,4.56,150690.0,0.0,0.0,588.0,247486.0,0.0,0.0,412.0,0.0,0.0,0.0,0.0
2023-03-20 15:27:18.758000+00:00,176128.0,15581184.0,14725120.0,14725120.0,2.0,0.027785653,4.57,151056.0,0.0,0.0,590.0,249234.0,0.0,0.0,413.0,0.0,0.0,0.0,0.0
2023-03-20 15:27:23.929000+00:00,192512.0,12275712.0,14454784.0,14454784.0,2.02,0.027785653,4.62,152958.0,0.0,0.0,596.0,251258.0,0.0,0.0,418.0,0.0,0.0,0.0,0.0
2023-03-20 15:27:29.275000+00:00,192512.0,12275712.0,14454784.0,14454784.0,2.06,0.027785653,4.71,152958.0,0.0,0.0,596.0,251258.0,0.0,0.0,418.0,0.0,0.0,0.0,0.0
2023-03-20 15:27:33.845000+00:00,192512.0,10244096.0,11763712.0,11763712.0,2.08,0.027785653,4.74,153830.0,0.0,0.0,602.0,254904.0,0.0,0.0,422.0,0.0,0.0,0.0,0.0
2023-03-20 15:27:38.279000+00:00,192512.0,12111872.0,13778944.0,13778944.0,2.1,0.027785653,4.76,156268.0,0.0,0.0,608.0,256919.0,0.0,0.0,427.0,0.0,0.0,0.0,0.0
2023-03-20 15:27:44.778000+00:00,192512.0,10616832.0,12828672.0,12828672.0,2.14,0.027785653,4.88,158690.0,0.0,0.0,614.0,258937.0,0.0,0.0,432.0,0.0,0.0,0.0,0.0
2023-03-20 15:27:48.442000+00:00,192512.0,14041088.0,16613376.0,16613376.0,2.16,0.027785653,4.95,159056.0,0.0,0.0,616.0,260683.0,0.0,0.0,433.0,0.0,0.0,0.0,0.0
2023-03-20 15:27:54.784000+00:00,192512.0,9469952.0,11018240.0,11018240.0,2.2,0.027785653,5.04,161687.0,0.0,0.0,623.0,262773.0,0.0,0.0,439.0,0.0,0.0,0.0,0.0
2023-03-20 15:27:58.433000+00:00,192512.0,11112448.0,13623296.0,13623296.0,2.2,0.027785653,5.05,164084.0,0.0,0.0,628.0,264723.0,0.0,0.0,439.0,0.0,0.0,0.0,0.0
2023-03-20 15:28:04.541000+00:00,192512.0,10858496.0,12664832.0,12664832.0,2.2,0.027785653,5.06,165258.0,0.0,0.0,632.0,266609.0,0.0,0.0,446.0,0.0,0.0,0.0,0.0
2023-03-20 15:28:08.952000+00:00,192512.0,10858496.0,12664832.0,12664832.0,2.2,0.027785653,5.13,165258.0,0.0,0.0,635.0,268424.0,0.0,0.0,448.0,0.0,0.0,0.0,0.0
2023-03-20 15:28:14.203000+00:00,192512.0,11776000.0,13295616.0,13295616.0,2.2,0.027785653,5.13,168101.0,0.0,0.0,640.0,270378.0,0.0,0.0,452.0,0.0,0.0,0.0,0.0
2023-03-20 15:28:19.730000+00:00,192512.0,11776000.0,13295616.0,14704640.0,2.21,0.027785653,5.16,169917.0,0.0,0.0,645.0,272334.0,0.0,0.0,456.0,0.0,0.0,0.0,0.0
2023-03-20 15:28:24.662000+00:00,212992.0,11726848.0,13615104.0,13615104.0,2.25,0.027785653,5.26,171609.0,0.0,0.0,649.0,274214.0,0.0,0.0,459.0,0.0,0.0,0.0,0.0
2023-03-20 15:28:29.128000+00:00,212992.0,13205504.0,14897152.0,14897152.0,2.26,0.027785653,5.28,174132.0,0.0,0.0,655.0,276235.0,0.0,0.0,464.0,0.0,0.0,0.0,0.0
2023-03-20 15:28:33.792000+00:00,212992.0,13504512.0,15024128.0,15024128.0,2.26,0.027785653,5.29,175172.0,0.0,0.0,658.0,278047.0,0.0,0.0,466.0,0.0,0.0,0.0,0.0
2023-03-20 15:28:39.371000+00:00,212992.0,13504512.0,16498688.0,16498688.0,2.26,0.027785653,5.3,177068.0,0.0,0.0,663.0,280001.0,0.0,0.0,470.0,0.0,0.0,0.0,0.0
2023-03-20 15:28:44.485000+00:00,212992.0,12832768.0,14360576.0,14360576.0,2.29,0.027785653,5.35,178181.0,0.0,0.0,666.0,281814.0,0.0,0.0,472.0,0.0,0.0,0.0,0.0
2023-03-20 15:28:48.981000+00:00,212992.0,13328384.0,15159296.0,15159296.0,2.29,0.027785653,5.36,180052.0,0.0,0.0,670.0,283691.0,0.0,0.0,475.0,0.0,0.0,0.0,0.0
2023-03-20 15:28:53.789000+00:00,212992.0,12447744.0,13983744.0,13983744.0,2.3,0.027785653,5.4,181062.0,0.0,0.0,674.0,285578.0,0.0,0.0,478.0,0.0,0.0,0.0,0.0
2023-03-20 15:28:58.067000+00:00,212992.0,12447744.0,13983744.0,13983744.0,2.32,0.027785653,5.42,181062.0,0.0,0.0,674.0,285578.0,0.0,0.0,478.0,0.0,0.0,0.0,0.0
2023-03-20 15:29:04.280000+00:00,212992.0,13836288.0,15495168.0,15495168.0,2.32,0.027785653,5.43,182642.0,0.0,0.0,681.0,289275.0,0.0,0.0,483.0,0.0,0.0,0.0,0.0
2023-03-20 15:29:08.987000+00:00,212992.0,13770752.0,15294464.0,15294464.0,2.36,0.027785653,5.46,183008.0,0.0,0.0,683.0,291021.0,0.0,0.0,484.0,0.0,0.0,0.0,0.0
2023-03-20 15:29:13.287000+00:00,212992.0,12525568.0,14094336.0,14094336.0,2.38,0.027785653,5.51,184209.0,0.0,0.0,688.0,292976.0,0.0,0.0,488.0,0.0,0.0,0.0,0.0
2023-03-20 15:29:19.748000+00:00,212992.0,12525568.0,14094336.0,13787136.0,2.42,0.027785653,5.56,184715.0,0.0,0.0,692.0,294865.0,0.0,0.0,491.0,0.0,0.0,0.0,0.0
2023-03-20 15:29:23.059000+00:00,225280.0,13422592.0,15249408.0,15249408.0,2.42,0.027785653,5.58,185081.0,0.0,0.0,694.0,296608.0,0.0,0.0,492.0,0.0,0.0,0.0,0.0
2023-03-20 15:29:29.304000+00:00,225280.0,13422592.0,15249408.0,15249408.0,2.42,0.027785653,5.63,185081.0,0.0,0.0,694.0,296608.0,0.0,0.0,492.0,0.0,0.0,0.0,0.0
2023-03-20 15:29:34.375000+00:00,225280.0,11304960.0,12836864.0,12836864.0,2.44,0.027785653,5.65,188848.0,0.0,0.0,704.0,300504.0,0.0,0.0,500.0,0.0,0.0,0.0,0.0
2023-03-20 15:29:38.958000+00:00,225280.0,11304960.0,12836864.0,17780736.0,2.45,0.027785653,5.68,189865.0,0.0,0.0,707.0,302315.0,0.0,0.0,502.0,0.0,0.0,0.0,0.0
2023-03-20 15:29:43.684000+00:00,225280.0,13717504.0,15503360.0,15503360.0,2.45,0.027785653,5.71,191058.0,0.0,0.0,711.0,304201.0,0.0,0.0,505.0,0.0,0.0,0.0,0.0
2023-03-20 15:29:49.844000+00:00,225280.0,13717504.0,15482880.0,15482880.0,2.45,0.027785653,5.71,192163.0,0.0,0.0,715.0,306084.0,0.0,0.0,508.0,0.0,0.0,0.0,0.0
2023-03-20 15:29:54.750000+00:00,225280.0,13094912.0,14663680.0,14663680.0,2.48,0.027785653,5.83,193183.0,0.0,0.0,718.0,307894.0,0.0,0.0,510.0,0.0,0.0,0.0,0.0
2023-03-20 15:29:59.761000+00:00,225280.0,13094912.0,14663680.0,14663680.0,2.48,0.027785653,5.91,193183.0,0.0,0.0,718.0,307894.0,0.0,0.0,510.0,0.0,0.0,0.0,0.0
2023-03-20 15:30:04.845000+00:00,225280.0,11063296.0,12922880.0,12922880.0,2.48,0.027785653,5.93,194906.0,0.0,0.0,726.0,311595.0,0.0,0.0,515.0,0.0,0.0,0.0,0.0
2023-03-20 15:30:09.457000+00:00,225280.0,11726848.0,13250560.0,13250560.0,2.49,0.027785653,5.94,195412.0,0.0,0.0,730.0,313489.0,0.0,0.0,518.0,0.0,0.0,0.0,0.0
2023-03-20 15:30:14.398000+00:00,225280.0,14635008.0,16162816.0,16162816.0,2.49,0.027785653,5.95,196469.0,0.0,0.0,733.0,315305.0,0.0,0.0,520.0,0.0,0.0,0.0,0.0
2023-03-20 15:30:19.448000+00:00,225280.0,14635008.0,16162816.0,16162816.0,2.56,0.027785653,6.02,196469.0,0.0,0.0,740.0,317389.0,0.0,0.0,526.0,0.0,0.0,0.0,0.0
2023-03-20 15:30:24.153000+00:00,241664.0,12181504.0,15060992.0,15060992.0,2.63,0.027785653,6.1,201541.0,0.0,0.0,744.0,319270.0,0.0,0.0,529.0,0.0,0.0,0.0,0.0
2023-03-20 15:30:28.628000+00:00,241664.0,14438400.0,15060992.0,15060992.0,2.64,0.027785653,6.11,201541.0,0.0,0.0,744.0,319270.0,0.0,0.0,529.0,0.0,0.0,0.0,0.0
2023-03-20 15:30:34.040000+00:00,241664.0,13291520.0,15073280.0,15073280.0,2.68,0.027785653,6.23,205982.0,0.0,0.0,754.0,323169.0,0.0,0.0,537.0,0.0,0.0,0.0,0.0
2023-03-20 15:30:38.671000+00:00,241664.0,13291520.0,15073280.0,15073280.0,2.68,0.027785653,6.23,205982.0,0.0,0.0,758.0,325050.0,0.0,0.0,540.0,0.0,0.0,0.0,0.0
2023-03-20 15:30:43.076000+00:00,241664.0,14114816.0,15949824.0,15949824.0,2.71,0.027785653,6.28,208834.0,0.0,0.0,762.0,326947.0,0.0,0.0,543.0,0.0,0.0,0.0,0.0
2023-03-20 15:30:48.767000+00:00,241664.0,14114816.0,12664832.0,12664832.0,2.75,0.027785653,6.28,209909.0,0.0,0.0,765.0,328767.0,0.0,0.0,545.0,0.0,0.0,0.0,0.0
2023-03-20 15:30:53.915000+00:00,241664.0,13983744.0,16670720.0,16670720.0,2.77,0.027785653,6.38,211024.0,0.0,0.0,770.0,330721.0,0.0,0.0,549.0,0.0,0.0,0.0,0.0
2023-03-20 15:30:58.879000+00:00,241664.0,13983744.0,16670720.0,16670720.0,2.79,0.027785653,6.4,211024.0,0.0,0.0,770.0,330721.0,0.0,0.0,549.0,0.0,0.0,0.0,0.0
2023-03-20 15:31:04.359000+00:00,241664.0,14200832.0,15888384.0,15888384.0,2.79,0.027785653,6.41,213487.0,0.0,0.0,778.0,334429.0,0.0,0.0,554.0,0.0,0.0,0.0,0.0
2023-03-20 15:31:08.623000+00:00,241664.0,14200832.0,15982592.0,15982592.0,2.8,0.027785653,6.41,213853.0,0.0,0.0,780.0,336179.0,0.0,0.0,555.0,0.0,0.0,0.0,0.0
2023-03-20 15:31:14.554000+00:00,241664.0,13058048.0,14655488.0,14655488.0,2.8,0.027785653,6.46,214995.0,0.0,0.0,785.0,338138.0,0.0,0.0,559.0,0.0,0.0,0.0,0.0
2023-03-20 15:31:19.718000+00:00,241664.0,12042240.0,13877248.0,13877248.0,2.86,0.027785653,6.51,217053.0,0.0,0.0,790.0,340098.0,0.0,0.0,563.0,0.0,0.0,0.0,0.0
2023-03-20 15:31:24.220000+00:00,262144.0,15187968.0,16887808.0,16887808.0,2.87,0.027785653,6.53,218111.0,0.0,0.0,793.0,341911.0,0.0,0.0,565.0,0.0,0.0,0.0,0.0
2023-03-20 15:31:29.240000+00:00,262144.0,15187968.0,16887808.0,16887808.0,2.92,0.027785653,6.64,218111.0,0.0,0.0,793.0,341911.0,0.0,0.0,565.0,0.0,0.0,0.0,0.0
2023-03-20 15:31:34.380000+00:00,262144.0,12124160.0,13918208.0,13918208.0,2.96,0.027785653,6.68,219807.0,0.0,0.0,800.0,345620.0,0.0,0.0,570.0,0.0,0.0,0.0,0.0
2023-03-20 15:31:38.676000+00:00,262144.0,12124160.0,14307328.0,14307328.0,2.98,0.027785653,6.74,220173.0,0.0,0.0,802.0,347367.0,0.0,0.0,571.0,0.0,0.0,0.0,0.0
2023-03-20 15:31:44.431000+00:00,262144.0,11624448.0,13811712.0,13811712.0,3.02,0.027785653,6.88,222722.0,0.0,0.0,809.0,349450.0,0.0,0.0,577.0,0.0,0.0,0.0,0.0
2023-03-20 15:31:48.397000+00:00,262144.0,11624448.0,13811712.0,15626240.0,3.02,0.027785653,6.88,223800.0,0.0,0.0,812.0,351269.0,0.0,0.0,579.0,0.0,0.0,0.0,0.0
2023-03-20 15:31:53.333000+00:00,262144.0,12910592.0,15360000.0,15360000.0,3.04,0.027785653,6.96,224232.0,0.0,0.0,815.0,353097.0,0.0,0.0,581.0,0.0,0.0,0.0,0.0
2023-03-20 15:31:58.678000+00:00,262144.0,12976128.0,14565376.0,14565376.0,3.05,0.027785653,6.96,226091.0,0.0,0.0,819.0,354982.0,0.0,0.0,584.0,0.0,0.0,0.0,0.0
2023-03-20 15:32:03.846000+00:00,262144.0,11722752.0,14077952.0,14077952.0,3.08,0.027785653,7.0,228600.0,0.0,0.0,825.0,357009.0,0.0,0.0,589.0,0.0,0.0,0.0,0.0
2023-03-20 15:32:08.830000+00:00,262144.0,11722752.0,14077952.0,14077952.0,3.09,0.027785653,7.01,228600.0,0.0,0.0,825.0,357009.0,0.0,0.0,589.0,0.0,0.0,0.0,0.0
2023-03-20 15:32:14.619000+00:00,262144.0,11145216.0,12918784.0,12918784.0,3.13,0.027785653,7.06,233015.0,0.0,0.0,835.0,360922.0,0.0,0.0,597.0,0.0,0.0,0.0,0.0
2023-03-20 15:32:18.615000+00:00,262144.0,11145216.0,13656064.0,13656064.0,3.13,0.027785653,7.07,235231.0,0.0,0.0,839.0,362812.0,0.0,0.0,600.0,0.0,0.0,0.0,0.0
2023-03-20 15:32:24.156000+00:00,282624.0,14639104.0,16674816.0,16674816.0,3.14,0.027785653,7.08,237166.0,0.0,0.0,844.0,364773.0,0.0,0.0,604.0,0.0,0.0,0.0,0.0
2023-03-20 15:32:29.090000+00:00,282624.0,14639104.0,16027648.0,16027648.0,3.15,0.027785653,7.08,238175.0,0.0,0.0,848.0,366666.0,0.0,0.0,607.0,0.0,0.0,0.0,0.0
2023-03-20 15:32:34.768000+00:00,282624.0,13504512.0,15093760.0,15093760.0,3.16,0.027785653,7.16,239939.0,0.0,0.0,853.0,368547.0,0.0,0.0,610.0,0.0,0.0,0.0,0.0
2023-03-20 15:32:39.468000+00:00,282624.0,13504512.0,15093760.0,15093760.0,3.18,0.027785653,7.18,239939.0,0.0,0.0,858.0,370502.0,0.0,0.0,614.0,0.0,0.0,0.0,0.0
2023-03-20 15:32:43.822000+00:00,282624.0,13713408.0,16261120.0,16261120.0,3.2,0.027785653,7.23,242849.0,0.0,0.0,861.0,372316.0,0.0,0.0,616.0,0.0,0.0,0.0,0.0
2023-03-20 15:32:48.892000+00:00,282624.0,12152832.0,14249984.0,14249984.0,3.24,0.027785653,7.31,243929.0,0.0,0.0,864.0,374131.0,0.0,0.0,618.0,0.0,0.0,0.0,0.0
2023-03-20 15:32:53.317000+00:00,282624.0,11563008.0,14028800.0,14028800.0,3.25,0.027785653,7.35,244361.0,0.0,0.0,867.0,375957.0,0.0,0.0,620.0,0.0,0.0,0.0,0.0
2023-03-20 15:32:58.847000+00:00,282624.0,13602816.0,15220736.0,15220736.0,3.26,0.027785653,7.35,245504.0,0.0,0.0,871.0,377839.0,0.0,0.0,623.0,0.0,0.0,0.0,0.0
2023-03-20 15:33:04.648000+00:00,282624.0,14753792.0,16457728.0,16457728.0,3.26,0.027785653,7.43,246010.0,0.0,0.0,875.0,379726.0,0.0,0.0,626.0,0.0,0.0,0.0,0.0
2023-03-20 15:33:08.994000+00:00,282624.0,14753792.0,16281600.0,16281600.0,3.28,0.027785653,7.43,247048.0,0.0,0.0,878.0,381539.0,0.0,0.0,628.0,0.0,0.0,0.0,0.0
2023-03-20 15:33:13.557000+00:00,282624.0,11444224.0,13185024.0,13185024.0,3.29,0.027785653,7.51,247480.0,0.0,0.0,881.0,383368.0,0.0,0.0,630.0,0.0,0.0,0.0,0.0
2023-03-20 15:33:19.256000+00:00,282624.0,12828672.0,13185024.0,13185024.0,3.3,0.027785653,7.53,247480.0,0.0,0.0,881.0,383368.0,0.0,0.0,634.0,0.0,0.0,0.0,0.0
2023-03-20 15:33:24.051000+00:00,294912.0,13910016.0,15822848.0,15822848.0,3.33,0.027785653,7.54,250358.0,0.0,0.0,890.0,387204.0,0.0,0.0,637.0,0.0,0.0,0.0,0.0
2023-03-20 15:33:29.367000+00:00,294912.0,13910016.0,15822848.0,15822848.0,3.33,0.027785653,7.56,250358.0,0.0,0.0,890.0,387204.0,0.0,0.0,637.0,0.0,0.0,0.0,0.0
2023-03-20 15:33:33.963000+00:00,294912.0,13279232.0,15249408.0,15249408.0,3.36,0.027785653,7.66,252012.0,0.0,0.0,897.0,390837.0,0.0,0.0,641.0,0.0,0.0,0.0,0.0
2023-03-20 15:33:38.582000+00:00,294912.0,13295616.0,14884864.0,14884864.0,3.36,0.027785653,7.66,253117.0,0.0,0.0,901.0,392718.0,0.0,0.0,644.0,0.0,0.0,0.0,0.0
2023-03-20 15:33:44.248000+00:00,294912.0,14639104.0,16228352.0,16228352.0,3.37,0.027785653,7.7,254893.0,0.0,0.0,906.0,394671.0,0.0,0.0,648.0,0.0,0.0,0.0,0.0
2023-03-20 15:33:49.747000+00:00,294912.0,14639104.0,16121856.0,16121856.0,3.4,0.027785653,7.76,256824.0,0.0,0.0,911.0,396627.0,0.0,0.0,652.0,0.0,0.0,0.0,0.0
2023-03-20 15:33:54.012000+00:00,294912.0,13479936.0,15437824.0,15437824.0,3.43,0.027785653,7.84,257190.0,0.0,0.0,913.0,398373.0,0.0,0.0,653.0,0.0,0.0,0.0,0.0
2023-03-20 15:33:58.279000+00:00,294912.0,13479936.0,15437824.0,15437824.0,3.44,0.027785653,7.84,257190.0,0.0,0.0,913.0,398373.0,0.0,0.0,653.0,0.0,0.0,0.0,0.0
2023-03-20 15:34:03.973000+00:00,294912.0,14049280.0,15634432.0,15634432.0,3.44,0.027785653,7.92,260769.0,0.0,0.0,922.0,402204.0,0.0,0.0,660.0,0.0,0.0,0.0,0.0
2023-03-20 15:34:09.065000+00:00,294912.0,14049280.0,15634432.0,18661376.0,3.45,0.027785653,7.97,262009.0,0.0,0.0,927.0,404161.0,0.0,0.0,664.0,0.0,0.0,0.0,0.0
2023-03-20 15:34:14.567000+00:00,294912.0,15953920.0,17543168.0,17543168.0,3.45,0.027785653,7.98,263039.0,0.0,0.0,930.0,405977.0,0.0,0.0,666.0,0.0,0.0,0.0,0.0
2023-03-20 15:34:19.703000+00:00,294912.0,16031744.0,17997824.0,17997824.0,3.46,0.027785653,7.99,264201.0,0.0,0.0,934.0,407866.0,0.0,0.0,669.0,0.0,0.0,0.0,0.0
2023-03-20 15:34:23.971000+00:00,311296.0,14712832.0,17170432.0,17170432.0,3.51,0.027785653,8.08,265226.0,0.0,0.0,937.0,409687.0,0.0,0.0,671.0,0.0,0.0,0.0,0.0
2023-03-20 15:34:29.768000+00:00,311296.0,14712832.0,17170432.0,17170432.0,3.51,0.027785653,8.09,265226.0,0.0,0.0,937.0,409687.0,0.0,0.0,671.0,0.0,0.0,0.0,0.0
2023-03-20 15:34:34.434000+00:00,311296.0,13955072.0,15847424.0,15847424.0,3.53,0.027785653,8.19,268641.0,0.0,0.0,946.0,413521.0,0.0,0.0,678.0,0.0,0.0,0.0,0.0
2023-03-20 15:34:39.807000+00:00,311296.0,13955072.0,15847424.0,15847424.0,3.54,0.027785653,8.2,268641.0,0.0,0.0,951.0,415475.0,0.0,0.0,682.0,0.0,0.0,0.0,0.0
2023-03-20 15:34:44.221000+00:00,311296.0,14819328.0,16801792.0,16801792.0,3.59,0.031905908,8.27,271624.0,0.0,0.0,954.0,417288.0,0.0,0.0,684.0,0.0,0.0,0.0,0.0
2023-03-20 15:34:48.049000+00:00,311296.0,14819328.0,16801792.0,17313792.0,3.6,0.033599939,8.27,274052.0,0.0,0.0,959.0,419237.0,0.0,0.0,688.0,0.0,0.0,0.0,0.0
2023-03-20 15:34:54.869000+00:00,311296.0,13295616.0,15437824.0,15437824.0,3.63,0.035661601,8.44,276678.0,0.0,0.0,965.0,421262.0,0.0,0.0,693.0,0.0,0.0,0.0,0.0
2023-03-20 15:34:58.715000+00:00,311296.0,15450112.0,18427904.0,18427904.0,3.64,0.038385606,8.44,277876.0,0.0,0.0,968.0,423082.0,0.0,0.0,695.0,0.0,0.0,0.0,0.0
2023-03-20 15:35:04.875000+00:00,311296.0,12156928.0,13840384.0,13840384.0,3.68,0.039701207,8.51,278962.0,0.0,0.0,972.0,424976.0,0.0,0.0,698.0,0.0,0.0,0.0,0.0
2023-03-20 15:35:09.794000+00:00,311296.0,12156928.0,13840384.0,16805888.0,3.68,0.042038125,8.51,279468.0,0.0,0.0,976.0,426861.0,0.0,0.0,701.0,0.0,0.0,0.0,0.0
2023-03-20 15:35:13.263000+00:00,311296.0,15699968.0,17584128.0,17584128.0,3.7,0.042038125,8.59,280505.0,0.0,0.0,979.0,428674.0,0.0,0.0,703.0,0.0,0.0,0.0,0.0
2023-03-20 15:35:19.401000+00:00,311296.0,14548992.0,16420864.0,16420864.0,3.73,0.04209827,8.64,282434.0,0.0,0.0,984.0,430628.0,0.0,0.0,707.0,0.0,0.0,0.0,0.0
2023-03-20 15:35:23.136000+00:00,331776.0,14761984.0,16629760.0,16629760.0,3.73,0.042395087,8.68,282800.0,0.0,0.0,986.0,432378.0,0.0,0.0,708.0,0.0,0.0,0.0,0.0
2023-03-20 15:35:28.807000+00:00,331776.0,14761984.0,16384000.0,16384000.0,3.73,0.042395087,8.68,283240.0,0.0,0.0,989.0,434193.0,0.0,0.0,710.0,0.0,0.0,0.0,0.0
2023-03-20 15:35:34.270000+00:00,331776.0,15908864.0,17620992.0,17620992.0,3.73,0.044860417,8.74,283820.0,0.0,0.0,994.0,436156.0,0.0,0.0,714.0,0.0,0.0,0.0,0.0
2023-03-20 15:35:39.021000+00:00,331776.0,15908864.0,16515072.0,16515072.0,3.74,0.048654303,8.76,284252.0,0.0,0.0,997.0,437982.0,0.0,0.0,716.0,0.0,0.0,0.0,0.0
2023-03-20 15:35:44.914000+00:00,331776.0,14524416.0,16986112.0,16986112.0,3.76,0.048654303,8.79,284766.0,0.0,0.0,1001.0,439864.0,0.0,0.0,719.0,0.0,0.0,0.0,0.0
2023-03-20 15:35:48.505000+00:00,331776.0,14524416.0,16683008.0,16683008.0,3.76,0.048654303,8.79,285239.0,0.0,0.0,1004.0,441616.0,0.0,0.0,720.0,0.0,0.0,0.0,0.0
2023-03-20 15:35:54.708000+00:00,331776.0,15065088.0,16687104.0,16687104.0,3.76,0.048654303,8.8,286440.0,0.0,0.0,1009.0,443574.0,0.0,0.0,724.0,0.0,0.0,0.0,0.0
2023-03-20 15:35:59.232000+00:00,331776.0,15065088.0,16687104.0,16687104.0,3.78,0.048654303,8.84,286440.0,0.0,0.0,1009.0,443574.0,0.0,0.0,724.0,0.0,0.0,0.0,0.0
2023-03-20 15:36:03.982000+00:00,331776.0,13783040.0,15400960.0,15400960.0,3.78,0.048654303,8.84,287787.0,0.0,0.0,1015.0,447220.0,0.0,0.0,728.0,0.0,0.0,0.0,0.0
2023-03-20 15:36:08.528000+00:00,331776.0,13783040.0,15400960.0,15400960.0,3.79,0.048654303,8.86,287787.0,0.0,0.0,1018.0,449039.0,0.0,0.0,730.0,0.0,0.0,0.0,0.0
2023-03-20 15:36:14.033000+00:00,331776.0,13967360.0,16007168.0,16007168.0,3.82,0.048654303,8.89,288733.0,0.0,0.0,1022.0,450930.0,0.0,0.0,733.0,0.0,0.0,0.0,0.0
2023-03-20 15:36:18.962000+00:00,331776.0,13967360.0,15589376.0,15589376.0,3.82,0.048654303,8.89,289847.0,0.0,0.0,1026.0,452816.0,0.0,0.0,736.0,0.0,0.0,0.0,0.0
2023-03-20 15:36:24.484000+00:00,335872.0,14364672.0,16379904.0,16379904.0,3.83,0.048654303,8.95,291664.0,0.0,0.0,1031.0,454773.0,0.0,0.0,740.0,0.0,0.0,0.0,0.0
2023-03-20 15:36:29.258000+00:00,335872.0,15032320.0,16650240.0,16650240.0,3.83,0.048654303,8.96,292828.0,0.0,0.0,1035.0,456666.0,0.0,0.0,743.0,0.0,0.0,0.0,0.0
2023-03-20 15:36:34.840000+00:00,335872.0,13598720.0,15384576.0,15384576.0,3.85,0.048654303,9.05,294588.0,0.0,0.0,1039.0,458551.0,0.0,0.0,746.0,0.0,0.0,0.0,0.0
2023-03-20 15:36:39.294000+00:00,335872.0,13598720.0,14381056.0,14381056.0,3.86,0.048654303,9.07,296282.0,0.0,0.0,1044.0,460509.0,0.0,0.0,750.0,0.0,0.0,0.0,0.0
2023-03-20 15:36:44.752000+00:00,335872.0,14733312.0,16764928.0,16764928.0,3.87,0.048654303,9.08,298784.0,0.0,0.0,1049.0,462462.0,0.0,0.0,754.0,0.0,0.0,0.0,0.0
2023-03-20 15:36:49.553000+00:00,335872.0,14733312.0,16764928.0,16764928.0,3.88,0.048654303,9.09,300650.0,0.0,0.0,1054.0,464420.0,0.0,0.0,758.0,0.0,0.0,0.0,0.0
2023-03-20 15:36:53.749000+00:00,335872.0,15728640.0,17477632.0,17477632.0,3.88,0.048654303,9.1,301666.0,0.0,0.0,1057.0,466243.0,0.0,0.0,760.0,0.0,0.0,0.0,0.0
2023-03-20 15:36:58.377000+00:00,335872.0,15728640.0,16728064.0,16728064.0,3.9,0.048654303,9.1,302774.0,0.0,0.0,1060.0,468060.0,0.0,0.0,762.0,0.0,0.0,0.0,0.0
2023-03-20 15:37:03.667000+00:00,335872.0,15114240.0,16859136.0,16859136.0,3.9,0.048654303,9.13,304530.0,0.0,0.0,1065.0,470016.0,0.0,0.0,766.0,0.0,0.0,0.0,0.0
2023-03-20 15:37:08.774000+00:00,335872.0,15114240.0,16859136.0,16859136.0,3.92,0.048654303,9.15,304530.0,0.0,0.0,1070.0,471963.0,0.0,0.0,770.0,0.0,0.0,0.0,0.0
2023-03-20 15:37:13.819000+00:00,335872.0,12111872.0,13864960.0,13864960.0,3.96,0.048654303,9.24,307420.0,0.0,0.0,1073.0,473788.0,0.0,0.0,772.0,0.0,0.0,0.0,0.0
2023-03-20 15:37:19.006000+00:00,335872.0,13209600.0,15491072.0,15491072.0,3.96,0.048654303,9.24,309337.0,0.0,0.0,1079.0,475814.0,0.0,0.0,777.0,0.0,0.0,0.0,0.0
2023-03-20 15:37:24.177000+00:00,360448.0,12816384.0,14585856.0,14585856.0,4.0,0.048654303,9.31,310490.0,0.0,0.0,1082.0,477631.0,0.0,0.0,779.0,0.0,0.0,0.0,0.0
2023-03-20 15:37:29.701000+00:00,360448.0,13529088.0,16076800.0,16076800.0,4.01,0.048654303,9.38,312217.0,0.0,0.0,1087.0,479593.0,0.0,0.0,783.0,0.0,0.0,0.0,0.0
2023-03-20 15:37:33.674000+00:00,360448.0,15069184.0,17469440.0,17469440.0,4.02,0.048654303,9.38,312583.0,0.0,0.0,1089.0,481344.0,0.0,0.0,784.0,0.0,0.0,0.0,0.0
2023-03-20 15:37:39.732000+00:00,360448.0,15069184.0,17469440.0,16351232.0,4.02,0.048654303,9.4,313163.0,0.0,0.0,1094.0,483303.0,0.0,0.0,788.0,0.0,0.0,0.0,0.0
2023-03-20 15:37:43.679000+00:00,360448.0,12828672.0,15499264.0,15499264.0,4.06,0.048654303,9.52,313529.0,0.0,0.0,1096.0,485055.0,0.0,0.0,789.0,0.0,0.0,0.0,0.0
2023-03-20 15:37:48.126000+00:00,360448.0,12828672.0,15499264.0,15499264.0,4.06,0.048654303,9.52,313529.0,0.0,0.0,1096.0,485055.0,0.0,0.0,791.0,0.0,0.0,0.0,0.0
2023-03-20 15:37:53.378000+00:00,360448.0,13639680.0,15716352.0,15716352.0,4.09,0.048654303,9.59,315174.0,0.0,0.0,1104.0,488827.0,0.0,0.0,795.0,0.0,0.0,0.0,0.0
2023-03-20 15:37:59.315000+00:00,360448.0,13639680.0,15716352.0,15716352.0,4.12,0.048654303,9.61,315174.0,0.0,0.0,1104.0,488827.0,0.0,0.0,795.0,0.0,0.0,0.0,0.0
2023-03-20 15:38:04.413000+00:00,360448.0,16060416.0,18092032.0,18092032.0,4.13,0.048654303,9.61,318069.0,0.0,0.0,1112.0,492596.0,0.0,0.0,801.0,0.0,0.0,0.0,0.0
2023-03-20 15:38:09.243000+00:00,360448.0,16060416.0,17809408.0,17809408.0,4.14,0.048654303,9.63,321333.0,0.0,0.0,1119.0,494686.0,0.0,0.0,807.0,0.0,0.0,0.0,0.0
2023-03-20 15:38:14.535000+00:00,360448.0,16076800.0,17825792.0,17825792.0,4.14,0.048654303,9.64,322345.0,0.0,0.0,1122.0,496513.0,0.0,0.0,809.0,0.0,0.0,0.0,0.0
2023-03-20 15:38:18.832000+00:00,360448.0,16076800.0,17301504.0,17301504.0,4.18,0.048654303,9.71,323392.0,0.0,0.0,1125.0,498335.0,0.0,0.0,811.0,0.0,0.0,0.0,0.0
2023-03-20 15:38:24.286000+00:00,372736.0,15777792.0,17559552.0,17559552.0,4.2,0.048654303,9.77,323898.0,0.0,0.0,1129.0,500226.0,0.0,0.0,814.0,0.0,0.0,0.0,0.0
2023-03-20 15:38:28.865000+00:00,372736.0,15777792.0,17399808.0,17399808.0,4.2,0.048654303,9.77,324912.0,0.0,0.0,1132.0,502042.0,0.0,0.0,816.0,0.0,0.0,0.0,0.0
2023-03-20 15:38:34.498000+00:00,372736.0,15720448.0,17743872.0,17743872.0,4.22,0.048654303,9.83,326744.0,0.0,0.0,1137.0,504001.0,0.0,0.0,820.0,0.0,0.0,0.0,0.0
2023-03-20 15:38:38.956000+00:00,372736.0,13639680.0,17281024.0,17281024.0,4.26,0.048654303,9.91,329204.0,0.0,0.0,1142.0,505945.0,0.0,0.0,824.0,0.0,0.0,0.0,0.0
2023-03-20 15:38:43.525000+00:00,372736.0,11010048.0,12652544.0,12652544.0,4.3,0.048738338,9.95,330410.0,0.0,0.0,1146.0,507830.0,0.0,0.0,827.0,0.0,0.0,0.0,0.0
2023-03-20 15:38:49.601000+00:00,372736.0,11010048.0,12652544.0,12652544.0,4.32,0.049664264,10.01,330410.0,0.0,0.0,1152.0,509856.0,0.0,0.0,832.0,0.0,0.0,0.0,0.0
2023-03-20 15:38:53.842000+00:00,372736.0,14721024.0,16338944.0,16338944.0,4.32,0.051084071,10.03,333804.0,0.0,0.0,1155.0,511676.0,0.0,0.0,834.0,0.0,0.0,0.0,0.0
2023-03-20 15:38:59.329000+00:00,372736.0,14721024.0,16338944.0,16338944.0,4.34,0.051494153,10.11,333804.0,0.0,0.0,1155.0,511676.0,0.0,0.0,834.0,0.0,0.0,0.0,0.0
2023-03-20 15:39:03.649000+00:00,372736.0,14172160.0,15790080.0,15790080.0,4.35,0.051937678,10.13,336488.0,0.0,0.0,1163.0,515450.0,0.0,0.0,840.0,0.0,0.0,0.0,0.0
2023-03-20 15:39:08.969000+00:00,372736.0,14172160.0,15790080.0,16211968.0,4.37,0.055704225,10.15,337425.0,0.0,0.0,1166.0,517266.0,0.0,0.0,842.0,0.0,0.0,0.0,0.0
2023-03-20 15:39:13.724000+00:00,372736.0,15122432.0,17014784.0,17014784.0,4.43,0.059734901,10.23,339935.0,0.0,0.0,1172.0,519286.0,0.0,0.0,847.0,0.0,0.0,0.0,0.0
2023-03-20 15:39:18.795000+00:00,372736.0,15122432.0,17002496.0,17002496.0,4.43,0.059734901,10.24,341867.0,0.0,0.0,1176.0,521172.0,0.0,0.0,850.0,0.0,0.0,0.0,0.0
2023-03-20 15:39:23.842000+00:00,393216.0,16375808.0,18001920.0,18001920.0,4.45,0.059960814,10.29,343725.0,0.0,0.0,1181.0,523125.0,0.0,0.0,854.0,0.0,0.0,0.0,0.0
2023-03-20 15:39:28.898000+00:00,393216.0,16375808.0,18001920.0,18001920.0,4.45,0.059960814,10.3,343725.0,0.0,0.0,1181.0,523125.0,0.0,0.0,854.0,0.0,0.0,0.0,0.0
2023-03-20 15:39:33.536000+00:00,393216.0,12144640.0,14696448.0,14696448.0,4.53,0.060582859,10.42,347216.0,0.0,0.0,1190.0,526960.0,0.0,0.0,861.0,0.0,0.0,0.0,0.0
2023-03-20 15:39:39.864000+00:00,393216.0,14848000.0,17186816.0,17186816.0,4.54,0.064249088,10.47,348492.0,0.0,0.0,1195.0,528917.0,0.0,0.0,865.0,0.0,0.0,0.0,0.0
2023-03-20 15:39:44.550000+00:00,393216.0,14114816.0,16363520.0,16363520.0,4.59,0.071805172,10.53,350180.0,0.0,0.0,1199.0,530801.0,0.0,0.0,868.0,0.0,0.0,0.0,0.0
2023-03-20 15:39:48.923000+00:00,393216.0,15310848.0,17313792.0,17313792.0,4.59,0.073147767,10.53,353063.0,0.0,0.0,1205.0,532815.0,0.0,0.0,873.0,0.0,0.0,0.0,0.0
2023-03-20 15:39:54.426000+00:00,393216.0,15310848.0,16936960.0,16936960.0,4.59,0.073147767,10.56,354162.0,0.0,0.0,1209.0,534704.0,0.0,0.0,876.0,0.0,0.0,0.0,0.0
2023-03-20 15:39:59.647000+00:00,393216.0,16334848.0,18083840.0,18083840.0,4.6,0.073603045,10.57,354668.0,0.0,0.0,1213.0,536595.0,0.0,0.0,879.0,0.0,0.0,0.0,0.0
2023-03-20 15:40:04.565000+00:00,393216.0,14831616.0,16453632.0,16453632.0,4.61,0.073812305,10.6,355698.0,0.0,0.0,1216.0,538411.0,0.0,0.0,881.0,0.0,0.0,0.0,0.0
2023-03-20 15:40:09.752000+00:00,393216.0,14831616.0,17383424.0,17383424.0,4.61,0.073812305,10.6,356930.0,0.0,0.0,1220.0,540302.0,0.0,0.0,884.0,0.0,0.0,0.0,0.0
2023-03-20 15:40:14.806000+00:00,393216.0,15740928.0,17485824.0,17485824.0,4.62,0.074240234,10.61,357990.0,0.0,0.0,1223.0,542116.0,0.0,0.0,886.0,0.0,0.0,0.0,0.0
2023-03-20 15:40:19.153000+00:00,393216.0,15740928.0,17485824.0,17485824.0,4.62,0.074240234,10.62,357990.0,0.0,0.0,1223.0,542116.0,0.0,0.0,890.0,0.0,0.0,0.0,0.0
2023-03-20 15:40:24.059000+00:00,417792.0,15081472.0,17068032.0,17068032.0,4.64,0.075134243,10.66,362242.0,0.0,0.0,1233.0,546012.0,0.0,0.0,894.0,0.0,0.0,0.0,0.0
2023-03-20 15:40:28.775000+00:00,417792.0,15081472.0,17068032.0,16736256.0,4.66,0.075334328,10.68,362608.0,0.0,0.0,1235.0,547764.0,0.0,0.0,895.0,0.0,0.0,0.0,0.0
2023-03-20 15:40:34.157000+00:00,417792.0,16392192.0,18931712.0,18931712.0,4.66,0.075697315,10.68,363114.0,0.0,0.0,1239.0,549650.0,0.0,0.0,898.0,0.0,0.0,0.0,0.0
2023-03-20 15:40:38.740000+00:00,417792.0,16392192.0,18141184.0,18141184.0,4.66,0.075697315,10.69,363554.0,0.0,0.0,1242.0,551465.0,0.0,0.0,900.0,0.0,0.0,0.0,0.0
2023-03-20 15:40:44.780000+00:00,417792.0,17448960.0,19066880.0,19066880.0,4.66,0.075697315,10.7,365580.0,0.0,0.0,1248.0,553482.0,0.0,0.0,905.0,0.0,0.0,0.0,0.0
2023-03-20 15:40:49.526000+00:00,417792.0,17448960.0,19066880.0,18395136.0,4.67,0.076412348,10.72,366726.0,0.0,0.0,1252.0,555377.0,0.0,0.0,908.0,0.0,0.0,0.0,0.0
2023-03-20 15:40:53.021000+00:00,417792.0,13918208.0,16207872.0,16207872.0,4.7,0.076993428,10.78,367970.0,0.0,0.0,1255.0,557200.0,0.0,0.0,910.0,0.0,0.0,0.0,0.0
2023-03-20 15:40:59.816000+00:00,417792.0,13918208.0,16207872.0,16207872.0,4.74,0.07998166,10.82,367970.0,0.0,0.0,1255.0,557200.0,0.0,0.0,910.0,0.0,0.0,0.0,0.0
2023-03-20 15:41:03.547000+00:00,417792.0,14233600.0,15851520.0,15851520.0,4.74,0.080487312,10.83,373042.0,0.0,0.0,1266.0,561170.0,0.0,0.0,919.0,0.0,0.0,0.0,0.0
2023-03-20 15:41:09.060000+00:00,417792.0,14233600.0,15851520.0,16711680.0,4.76,0.081435755,10.83,374916.0,0.0,0.0,1271.0,563127.0,0.0,0.0,923.0,0.0,0.0,0.0,0.0
2023-03-20 15:41:13.586000+00:00,417792.0,15118336.0,16842752.0,16842752.0,4.76,0.081435755,10.88,375282.0,0.0,0.0,1273.0,564878.0,0.0,0.0,924.0,0.0,0.0,0.0,0.0
2023-03-20 15:41:19.378000+00:00,417792.0,15118336.0,16842752.0,16842752.0,4.77,0.081435755,10.89,375282.0,0.0,0.0,1279.0,566904.0,0.0,0.0,929.0,0.0,0.0,0.0,0.0
2023-03-20 15:41:23.496000+00:00,430080.0,14733312.0,16617472.0,16617472.0,4.81,0.081435755,10.92,377536.0,0.0,0.0,1281.0,568657.0,0.0,0.0,930.0,0.0,0.0,0.0,0.0
2023-03-20 15:41:29.671000+00:00,430080.0,15265792.0,16883712.0,16883712.0,4.81,0.081435755,10.92,378805.0,0.0,0.0,1287.0,570687.0,0.0,0.0,935.0,0.0,0.0,0.0,0.0
2023-03-20 15:41:34.038000+00:00,430080.0,13824000.0,15773696.0,15773696.0,4.83,0.081435755,10.98,380612.0,0.0,0.0,1291.0,572567.0,0.0,0.0,938.0,0.0,0.0,0.0,0.0
2023-03-20 15:41:39.341000+00:00,430080.0,15323136.0,16945152.0,16945152.0,4.84,0.081435755,11.04,382429.0,0.0,0.0,1296.0,574529.0,0.0,0.0,942.0,0.0,0.0,0.0,0.0
2023-03-20 15:41:44.872000+00:00,430080.0,14917632.0,16646144.0,16646144.0,4.86,0.081435755,11.11,384878.0,0.0,0.0,1301.0,576479.0,0.0,0.0,946.0,0.0,0.0,0.0,0.0
2023-03-20 15:41:49.111000+00:00,430080.0,14917632.0,15642624.0,15642624.0,4.87,0.081435755,11.16,385969.0,0.0,0.0,1305.0,578366.0,0.0,0.0,949.0,0.0,0.0,0.0,0.0
2023-03-20 15:41:54.389000+00:00,430080.0,14057472.0,16027648.0,16027648.0,4.88,0.081435755,11.17,387036.0,0.0,0.0,1308.0,580177.0,0.0,0.0,951.0,0.0,0.0,0.0,0.0
2023-03-20 15:41:57.973000+00:00,430080.0,14057472.0,16027648.0,16027648.0,4.88,0.081435755,11.18,387036.0,0.0,0.0,1308.0,580177.0,0.0,0.0,951.0,0.0,0.0,0.0,0.0
2023-03-20 15:42:04.679000+00:00,430080.0,16195584.0,17813504.0,17813504.0,4.88,0.081435755,11.19,389827.0,0.0,0.0,1316.0,583932.0,0.0,0.0,957.0,0.0,0.0,0.0,0.0
2023-03-20 15:42:09.361000+00:00,430080.0,16662528.0,18333696.0,18333696.0,4.88,0.081435755,11.19,390333.0,0.0,0.0,1320.0,585817.0,0.0,0.0,960.0,0.0,0.0,0.0,0.0
2023-03-20 15:42:14.868000+00:00,430080.0,16420864.0,18038784.0,18038784.0,4.91,0.081435755,11.24,391930.0,0.0,0.0,1324.0,587699.0,0.0,0.0,963.0,0.0,0.0,0.0,0.0
2023-03-20 15:42:18.179000+00:00,430080.0,16420864.0,18038784.0,18038784.0,4.94,0.081435755,11.3,393055.0,0.0,0.0,1327.0,589511.0,0.0,0.0,965.0,0.0,0.0,0.0,0.0
2023-03-20 15:42:23.903000+00:00,450560.0,13385728.0,16031744.0,16031744.0,4.98,0.081435755,11.39,393487.0,0.0,0.0,1330.0,591336.0,0.0,0.0,967.0,0.0,0.0,0.0,0.0
2023-03-20 15:42:28.912000+00:00,450560.0,14962688.0,16580608.0,16580608.0,4.98,0.081435755,11.41,394752.0,0.0,0.0,1334.0,593218.0,0.0,0.0,970.0,0.0,0.0,0.0,0.0
2023-03-20 15:42:34.820000+00:00,450560.0,15568896.0,17858560.0,17858560.0,4.99,0.081435755,11.46,399127.0,0.0,0.0,1342.0,595376.0,0.0,0.0,977.0,0.0,0.0,0.0,0.0
2023-03-20 15:42:38.583000+00:00,450560.0,15568896.0,17858560.0,17858560.0,5.04,0.081435755,11.56,399127.0,0.0,0.0,1344.0,597133.0,0.0,0.0,978.0,0.0,0.0,0.0,0.0
2023-03-20 15:42:44.277000+00:00,450560.0,13885440.0,15626240.0,15626240.0,5.04,0.081435755,11.64,400699.0,0.0,0.0,1349.0,599091.0,0.0,0.0,982.0,0.0,0.0,0.0,0.0
2023-03-20 15:42:49.526000+00:00,450560.0,13885440.0,15626240.0,15626240.0,5.04,0.081435755,11.64,400699.0,0.0,0.0,1349.0,599091.0,0.0,0.0,985.0,0.0,0.0,0.0,0.0
2023-03-20 15:42:54.178000+00:00,450560.0,16211968.0,17952768.0,17952768.0,5.05,0.081435755,11.65,402795.0,0.0,0.0,1356.0,602795.0,0.0,0.0,987.0,0.0,0.0,0.0,0.0
2023-03-20 15:42:59.147000+00:00,450560.0,17719296.0,17952768.0,17952768.0,5.06,0.081435755,11.67,402795.0,0.0,0.0,1356.0,602795.0,0.0,0.0,987.0,0.0,0.0,0.0,0.0
2023-03-20 15:43:04.139000+00:00,450560.0,12128256.0,13901824.0,13901824.0,5.1,0.081435755,11.77,406562.0,0.0,0.0,1365.0,606642.0,0.0,0.0,994.0,0.0,0.0,0.0,0.0
2023-03-20 15:43:08.845000+00:00,450560.0,12128256.0,16674816.0,16674816.0,5.14,0.081435755,11.77,406928.0,0.0,0.0,1367.0,608400.0,0.0,0.0,995.0,0.0,0.0,0.0,0.0
2023-03-20 15:43:14.832000+00:00,450560.0,14827520.0,16609280.0,16609280.0,5.16,0.081435755,11.89,408825.0,0.0,0.0,1373.0,610428.0,0.0,0.0,1000.0,0.0,0.0,0.0,0.0
2023-03-20 15:43:19.399000+00:00,450560.0,14827520.0,16609280.0,16609280.0,5.17,0.081435755,11.89,408825.0,0.0,0.0,1377.0,612326.0,0.0,0.0,1003.0,0.0,0.0,0.0,0.0
2023-03-20 15:43:24+00:00,466944.0,17334272.0,19111936.0,19111936.0,5.18,0.081435755,11.97,409697.0,0.0,0.0,1379.0,614080.0,0.0,0.0,1004.0,0.0,0.0,0.0,0.0
2023-03-20 15:43:28.255000+00:00,466944.0,17334272.0,19111936.0,19111936.0,5.18,0.081435755,11.98,409697.0,0.0,0.0,1379.0,614080.0,0.0,0.0,1004.0,0.0,0.0,0.0,0.0
2023-03-20 15:43:34.442000+00:00,466944.0,17825792.0,19480576.0,19480576.0,5.2,0.081435755,12.0,410717.0,0.0,0.0,1387.0,617855.0,0.0,0.0,1010.0,0.0,0.0,0.0,0.0
2023-03-20 15:43:38.575000+00:00,466944.0,17825792.0,19480576.0,15736832.0,5.23,0.081435755,12.0,411083.0,0.0,0.0,1389.0,619615.0,0.0,0.0,1011.0,0.0,0.0,0.0,0.0
2023-03-20 15:43:44.295000+00:00,466944.0,14114816.0,15798272.0,15798272.0,5.25,0.081435755,12.24,413699.0,0.0,0.0,1396.0,621705.0,0.0,0.0,1017.0,0.0,0.0,0.0,0.0
2023-03-20 15:43:49.475000+00:00,466944.0,14884864.0,16666624.0,16666624.0,5.25,0.086891778,12.26,416821.0,0.0,0.0,1403.0,623789.0,0.0,0.0,1023.0,0.0,0.0,0.0,0.0
2023-03-20 15:43:54.516000+00:00,466944.0,12623872.0,14323712.0,14323712.0,5.28,0.089798907,12.29,418614.0,0.0,0.0,1407.0,625670.0,0.0,0.0,1026.0,0.0,0.0,0.0,0.0
2023-03-20 15:43:59.081000+00:00,466944.0,12795904.0,14323712.0,14323712.0,5.3,0.090045185,12.38,418614.0,0.0,0.0,1407.0,625670.0,0.0,0.0,1026.0,0.0,0.0,0.0,0.0
2023-03-20 15:44:04.315000+00:00,466944.0,14712832.0,16646144.0,16646144.0,5.3,0.090045185,12.45,424782.0,0.0,0.0,1420.0,629775.0,0.0,0.0,1037.0,0.0,0.0,0.0,0.0
2023-03-20 15:44:08.296000+00:00,466944.0,14712832.0,16646144.0,14700544.0,5.34,0.090045185,12.45,427364.0,0.0,0.0,1425.0,631727.0,0.0,0.0,1041.0,0.0,0.0,0.0,0.0
2023-03-20 15:44:13.742000+00:00,466944.0,13172736.0,14827520.0,14827520.0,5.34,0.090045185,12.52,429320.0,0.0,0.0,1430.0,633685.0,0.0,0.0,1045.0,0.0,0.0,0.0,0.0
2023-03-20 15:44:19.707000+00:00,466944.0,13172736.0,14827520.0,14827520.0,5.34,0.090045185,12.53,429320.0,0.0,0.0,1430.0,633685.0,0.0,0.0,1049.0,0.0,0.0,0.0,0.0
2023-03-20 15:44:24.152000+00:00,491520.0,14245888.0,16138240.0,16138240.0,5.34,0.090045185,12.57,432945.0,0.0,0.0,1439.0,637529.0,0.0,0.0,1052.0,0.0,0.0,0.0,0.0
2023-03-20 15:44:29.780000+00:00,491520.0,16584704.0,18616320.0,18616320.0,5.36,0.090045185,12.62,433451.0,0.0,0.0,1443.0,639421.0,0.0,0.0,1055.0,0.0,0.0,0.0,0.0
2023-03-20 15:44:33.331000+00:00,491520.0,17096704.0,19009536.0,19009536.0,5.36,0.090045185,12.62,435292.0,0.0,0.0,1447.0,641309.0,0.0,0.0,1058.0,0.0,0.0,0.0,0.0
2023-03-20 15:44:38.444000+00:00,491520.0,17096704.0,19009536.0,19009536.0,5.37,0.090045185,12.66,435292.0,0.0,0.0,1447.0,643128.0,0.0,0.0,1060.0,0.0,0.0,0.0,0.0
2023-03-20 15:44:44.214000+00:00,491520.0,16703488.0,18862080.0,18862080.0,5.41,0.090045185,12.72,438852.0,0.0,0.0,1456.0,645154.0,0.0,0.0,1065.0,0.0,0.0,0.0,0.0
2023-03-20 15:44:48.253000+00:00,491520.0,16703488.0,18862080.0,19984384.0,5.43,0.090045185,12.81,440626.0,0.0,0.0,1460.0,647039.0,0.0,0.0,1068.0,0.0,0.0,0.0,0.0
2023-03-20 15:44:53.989000+00:00,491520.0,17141760.0,18927616.0,18927616.0,5.43,0.090045185,12.82,442408.0,0.0,0.0,1465.0,649001.0,0.0,0.0,1072.0,0.0,0.0,0.0,0.0
2023-03-20 15:44:59.396000+00:00,491520.0,17141760.0,18927616.0,18927616.0,5.46,0.090045185,12.87,442408.0,0.0,0.0,1465.0,649001.0,0.0,0.0,1072.0,0.0,0.0,0.0,0.0
2023-03-20 15:45:04.740000+00:00,491520.0,17502208.0,19644416.0,19644416.0,5.47,0.090045185,12.88,443980.0,0.0,0.0,1472.0,652716.0,0.0,0.0,1077.0,0.0,0.0,0.0,0.0
2023-03-20 15:45:09.471000+00:00,491520.0,17502208.0,19644416.0,19283968.0,5.47,0.090045185,12.89,445120.0,0.0,0.0,1476.0,654613.0,0.0,0.0,1080.0,0.0,0.0,0.0,0.0
2023-03-20 15:45:14.492000+00:00,491520.0,17510400.0,19169280.0,19169280.0,5.5,0.090045185,12.94,447507.0,0.0,0.0,1481.0,656565.0,0.0,0.0,1084.0,0.0,0.0,0.0,0.0
2023-03-20 15:45:19.394000+00:00,491520.0,16605184.0,19161088.0,19161088.0,5.52,0.090045185,12.95,448511.0,0.0,0.0,1485.0,658456.0,0.0,0.0,1087.0,0.0,0.0,0.0,0.0
2023-03-20 15:45:23.760000+00:00,512000.0,16662528.0,18329600.0,18329600.0,5.52,0.090045185,12.96,449618.0,0.0,0.0,1488.0,660270.0,0.0,0.0,1089.0,0.0,0.0,0.0,0.0
2023-03-20 15:45:29.432000+00:00,512000.0,14000128.0,15855616.0,15855616.0,5.55,0.090045185,13.07,450124.0,0.0,0.0,1492.0,662159.0,0.0,0.0,1092.0,0.0,0.0,0.0,0.0
2023-03-20 15:45:34.329000+00:00,512000.0,15437824.0,17096704.0,17096704.0,5.56,0.090045185,13.08,451887.0,0.0,0.0,1496.0,664041.0,0.0,0.0,1095.0,0.0,0.0,0.0,0.0
2023-03-20 15:45:39.489000+00:00,512000.0,15437824.0,17096704.0,17096704.0,5.62,0.090045185,13.2,451887.0,0.0,0.0,1500.0,665936.0,0.0,0.0,1098.0,0.0,0.0,0.0,0.0
2023-03-20 15:45:43.608000+00:00,512000.0,13189120.0,14974976.0,14974976.0,5.62,0.090045185,13.2,453417.0,0.0,0.0,1503.0,667748.0,0.0,0.0,1100.0,0.0,0.0,0.0,0.0
2023-03-20 15:45:49.148000+00:00,512000.0,13189120.0,14974976.0,15896576.0,5.62,0.090045185,13.22,455174.0,0.0,0.0,1508.0,669709.0,0.0,0.0,1104.0,0.0,0.0,0.0,0.0
2023-03-20 15:45:54.584000+00:00,512000.0,15237120.0,17022976.0,17022976.0,5.62,0.090045185,13.23,456945.0,0.0,0.0,1512.0,671598.0,0.0,0.0,1107.0,0.0,0.0,0.0,0.0
2023-03-20 15:45:59.540000+00:00,512000.0,15237120.0,17022976.0,17022976.0,5.63,0.090045185,13.23,456945.0,0.0,0.0,1512.0,671598.0,0.0,0.0,1107.0,0.0,0.0,0.0,0.0
2023-03-20 15:46:03.878000+00:00,512000.0,16465920.0,18255872.0,18255872.0,5.63,0.090045185,13.25,461156.0,0.0,0.0,1522.0,675520.0,0.0,0.0,1115.0,0.0,0.0,0.0,0.0
2023-03-20 15:46:08.456000+00:00,512000.0,17154048.0,18817024.0,18817024.0,5.65,0.090045185,13.25,462187.0,0.0,0.0,1525.0,677344.0,0.0,0.0,1117.0,0.0,0.0,0.0,0.0
2023-03-20 15:46:14.177000+00:00,512000.0,12345344.0,14790656.0,14790656.0,5.67,0.090045185,13.32,462693.0,0.0,0.0,1529.0,679238.0,0.0,0.0,1120.0,0.0,0.0,0.0,0.0
2023-03-20 15:46:19.284000+00:00,512000.0,12345344.0,14790656.0,14790656.0,5.68,0.090045185,13.36,462693.0,0.0,0.0,1533.0,681134.0,0.0,0.0,1123.0,0.0,0.0,0.0,0.0
2023-03-20 15:46:23.585000+00:00,528384.0,15495168.0,17625088.0,17625088.0,5.69,0.090045185,13.39,464306.0,0.0,0.0,1537.0,683021.0,0.0,0.0,1126.0,0.0,0.0,0.0,0.0
2023-03-20 15:46:29.394000+00:00,528384.0,15495168.0,17625088.0,17625088.0,5.7,0.090045185,13.41,464306.0,0.0,0.0,1537.0,683021.0,0.0,0.0,1126.0,0.0,0.0,0.0,0.0
2023-03-20 15:46:33.058000+00:00,528384.0,15769600.0,18432000.0,18432000.0,5.72,0.090045185,13.46,467182.0,0.0,0.0,1545.0,686807.0,0.0,0.0,1132.0,0.0,0.0,0.0,0.0
2023-03-20 15:46:39.794000+00:00,528384.0,15769600.0,16068608.0,16068608.0,5.79,0.090045185,13.46,469736.0,0.0,0.0,1551.0,688836.0,0.0,0.0,1137.0,0.0,0.0,0.0,0.0
2023-03-20 15:46:44.391000+00:00,528384.0,13877248.0,16080896.0,16080896.0,5.82,0.090045185,13.56,471798.0,0.0,0.0,1555.0,690723.0,0.0,0.0,1140.0,0.0,0.0,0.0,0.0
2023-03-20 15:46:48.932000+00:00,528384.0,13877248.0,16080896.0,16080896.0,5.82,0.090045185,13.58,471798.0,0.0,0.0,1555.0,690723.0,0.0,0.0,1143.0,0.0,0.0,0.0,0.0
2023-03-20 15:46:53.625000+00:00,528384.0,15675392.0,17592320.0,17592320.0,5.82,0.090045185,13.58,476314.0,0.0,0.0,1565.0,694631.0,0.0,0.0,1148.0,0.0,0.0,0.0,0.0
2023-03-20 15:46:59.450000+00:00,528384.0,15675392.0,17592320.0,17592320.0,5.82,0.090045185,13.6,476314.0,0.0,0.0,1565.0,694631.0,0.0,0.0,1148.0,0.0,0.0,0.0,0.0
2023-03-20 15:47:04.372000+00:00,528384.0,16371712.0,18223104.0,18223104.0,5.82,0.090045185,13.6,477786.0,0.0,0.0,1571.0,698272.0,0.0,0.0,1152.0,0.0,0.0,0.0,0.0
2023-03-20 15:47:09.411000+00:00,528384.0,16371712.0,18223104.0,18223104.0,5.83,0.090045185,13.67,477786.0,0.0,0.0,1571.0,698272.0,0.0,0.0,1157.0,0.0,0.0,0.0,0.0
2023-03-20 15:47:14.417000+00:00,528384.0,18444288.0,20099072.0,20099072.0,5.83,0.090045185,13.67,481238.0,0.0,0.0,1581.0,702182.0,0.0,0.0,1160.0,0.0,0.0,0.0,0.0
2023-03-20 15:47:18.950000+00:00,528384.0,14159872.0,15839232.0,15839232.0,5.85,0.090045185,13.75,481604.0,0.0,0.0,1583.0,703942.0,0.0,0.0,1161.0,0.0,0.0,0.0,0.0
2023-03-20 15:47:24.167000+00:00,548864.0,14831616.0,16752640.0,16752640.0,5.86,0.090045185,13.76,482772.0,0.0,0.0,1588.0,705904.0,0.0,0.0,1165.0,0.0,0.0,0.0,0.0
2023-03-20 15:47:28.713000+00:00,548864.0,14831616.0,16752640.0,16752640.0,5.88,0.090045185,13.81,482772.0,0.0,0.0,1588.0,705904.0,0.0,0.0,1165.0,0.0,0.0,0.0,0.0
2023-03-20 15:47:33.813000+00:00,548864.0,14168064.0,16338944.0,16338944.0,5.9,0.090045185,13.84,484268.0,0.0,0.0,1594.0,709551.0,0.0,0.0,1169.0,0.0,0.0,0.0,0.0
2023-03-20 15:47:38.942000+00:00,548864.0,14749696.0,16543744.0,16543744.0,5.9,0.090045185,13.84,485470.0,0.0,0.0,1598.0,711434.0,0.0,0.0,1172.0,0.0,0.0,0.0,0.0
2023-03-20 15:47:44.639000+00:00,548864.0,16715776.0,18636800.0,18636800.0,5.9,0.090045185,13.86,487181.0,0.0,0.0,1603.0,713391.0,0.0,0.0,1176.0,0.0,0.0,0.0,0.0
2023-03-20 15:47:49.121000+00:00,548864.0,16715776.0,14434304.0,14434304.0,5.92,0.090045185,13.86,488376.0,0.0,0.0,1607.0,715289.0,0.0,0.0,1179.0,0.0,0.0,0.0,0.0
2023-03-20 15:47:53.310000+00:00,548864.0,13742080.0,15884288.0,15884288.0,5.94,0.090045185,13.99,488742.0,0.0,0.0,1609.0,717042.0,0.0,0.0,1180.0,0.0,0.0,0.0,0.0
2023-03-20 15:47:59.774000+00:00,548864.0,13742080.0,15884288.0,15884288.0,5.94,0.090045185,14.02,488742.0,0.0,0.0,1609.0,717042.0,0.0,0.0,1180.0,0.0,0.0,0.0,0.0
2023-03-20 15:48:04.635000+00:00,548864.0,15233024.0,17166336.0,17166336.0,5.95,0.090045185,14.07,490365.0,0.0,0.0,1617.0,720814.0,0.0,0.0,1186.0,0.0,0.0,0.0,0.0
2023-03-20 15:48:08.245000+00:00,548864.0,15233024.0,17166336.0,17018880.0,5.95,0.090045185,14.08,491577.0,0.0,0.0,1620.0,722638.0,0.0,0.0,1188.0,0.0,0.0,0.0,0.0
2023-03-20 15:48:13.794000+00:00,548864.0,15560704.0,17219584.0,17219584.0,5.95,0.090045185,14.1,493978.0,0.0,0.0,1626.0,724667.0,0.0,0.0,1193.0,0.0,0.0,0.0,0.0
2023-03-20 15:48:19.713000+00:00,548864.0,15560704.0,17215488.0,17215488.0,5.97,0.090045185,14.11,496020.0,0.0,0.0,1631.0,726630.0,0.0,0.0,1197.0,0.0,0.0,0.0,0.0
2023-03-20 15:48:24.179000+00:00,561152.0,16658432.0,18448384.0,18448384.0,5.97,0.090045185,14.13,497950.0,0.0,0.0,1635.0,728515.0,0.0,0.0,1200.0,0.0,0.0,0.0,0.0
2023-03-20 15:48:28.637000+00:00,561152.0,15052800.0,16707584.0,16707584.0,5.98,0.090045185,14.18,499024.0,0.0,0.0,1635.0,728515.0,0.0,0.0,1200.0,0.0,0.0,0.0,0.0
2023-03-20 15:48:34.738000+00:00,561152.0,16224256.0,19464192.0,19464192.0,5.98,0.090045185,14.19,501548.0,0.0,0.0,1645.0,732362.0,0.0,0.0,1207.0,0.0,0.0,0.0,0.0
2023-03-20 15:48:39.211000+00:00,561152.0,16224256.0,19464192.0,19464192.0,5.99,0.090045185,14.2,501548.0,0.0,0.0,1645.0,734255.0,0.0,0.0,1210.0,0.0,0.0,0.0,0.0
2023-03-20 15:48:43.628000+00:00,561152.0,14708736.0,16371712.0,16371712.0,6.05,0.090045185,14.28,503667.0,0.0,0.0,1652.0,736073.0,0.0,0.0,1212.0,0.0,0.0,0.0,0.0
2023-03-20 15:48:49.004000+00:00,561152.0,14708736.0,14897152.0,14897152.0,6.08,0.090045185,14.28,505566.0,0.0,0.0,1657.0,738033.0,0.0,0.0,1216.0,0.0,0.0,0.0,0.0
2023-03-20 15:48:54.267000+00:00,561152.0,14774272.0,16465920.0,16465920.0,6.1,0.090045185,14.37,507537.0,0.0,0.0,1661.0,739921.0,0.0,0.0,1219.0,0.0,0.0,0.0,0.0
2023-03-20 15:48:58.435000+00:00,561152.0,14774272.0,16465920.0,16465920.0,6.1,0.090045185,14.37,507537.0,0.0,0.0,1661.0,739921.0,0.0,0.0,1219.0,0.0,0.0,0.0,0.0
2023-03-20 15:49:03.287000+00:00,561152.0,16601088.0,18292736.0,18292736.0,6.11,0.090045185,14.39,509107.0,0.0,0.0,1667.0,743577.0,0.0,0.0,1223.0,0.0,0.0,0.0,0.0
2023-03-20 15:49:09.021000+00:00,561152.0,16601088.0,21696512.0,21696512.0,6.12,0.090045185,14.41,512256.0,0.0,0.0,1674.0,745667.0,0.0,0.0,1229.0,0.0,0.0,0.0,0.0
2023-03-20 15:49:13.126000+00:00,561152.0,15314944.0,17006592.0,17006592.0,6.13,0.090045185,14.44,512622.0,0.0,0.0,1676.0,747421.0,0.0,0.0,1230.0,0.0,0.0,0.0,0.0
2023-03-20 15:49:18.586000+00:00,561152.0,15314944.0,17006592.0,17006592.0,6.15,0.090045185,14.49,514530.0,0.0,0.0,1681.0,749367.0,0.0,0.0,1234.0,0.0,0.0,0.0,0.0
2023-03-20 15:49:24.832000+00:00,581632.0,15052800.0,16756736.0,16756736.0,6.15,0.090045185,14.5,515812.0,0.0,0.0,1685.0,751259.0,0.0,0.0,1237.0,0.0,0.0,0.0,0.0
2023-03-20 15:49:28.801000+00:00,581632.0,15052800.0,16756736.0,16756736.0,6.15,0.090045185,14.5,515812.0,0.0,0.0,1685.0,751259.0,0.0,0.0,1237.0,0.0,0.0,0.0,0.0
2023-03-20 15:49:33.913000+00:00,581632.0,14372864.0,16560128.0,16560128.0,6.17,0.090045185,14.56,517292.0,0.0,0.0,1691.0,754897.0,0.0,0.0,1241.0,0.0,0.0,0.0,0.0
2023-03-20 15:49:38.383000+00:00,581632.0,15282176.0,17928192.0,17928192.0,6.19,0.090045185,14.62,517732.0,0.0,0.0,1694.0,756720.0,0.0,0.0,1243.0,0.0,0.0,0.0,0.0
2023-03-20 15:49:44.297000+00:00,581632.0,14278656.0,16003072.0,16003072.0,6.23,0.090045185,14.69,518939.0,0.0,0.0,1699.0,758677.0,0.0,0.0,1247.0,0.0,0.0,0.0,0.0
2023-03-20 15:49:49.715000+00:00,581632.0,14278656.0,16003072.0,16003072.0,6.26,0.090045185,14.74,518939.0,0.0,0.0,1699.0,758677.0,0.0,0.0,1247.0,0.0,0.0,0.0,0.0
2023-03-20 15:49:54.026000+00:00,581632.0,14430208.0,16670720.0,16670720.0,6.26,0.090045185,14.76,521732.0,0.0,0.0,1707.0,762450.0,0.0,0.0,1253.0,0.0,0.0,0.0,0.0
2023-03-20 15:49:59.114000+00:00,581632.0,16019456.0,17833984.0,16670720.0,6.26,0.090045185,14.77,521732.0,0.0,0.0,1707.0,762450.0,0.0,0.0,1253.0,0.0,0.0,0.0,0.0
2023-03-20 15:50:04.268000+00:00,581632.0,12615680.0,14581760.0,14581760.0,6.32,0.090045185,14.88,524573.0,0.0,0.0,1715.0,766229.0,0.0,0.0,1259.0,0.0,0.0,0.0,0.0
2023-03-20 15:50:08.966000+00:00,581632.0,12615680.0,14581760.0,14581760.0,6.32,0.090045185,14.88,524573.0,0.0,0.0,1715.0,766229.0,0.0,0.0,1259.0,0.0,0.0,0.0,0.0
2023-03-20 15:50:13.482000+00:00,581632.0,13148160.0,15298560.0,15298560.0,6.35,0.090045185,14.9,528145.0,0.0,0.0,1724.0,770073.0,0.0,0.0,1266.0,0.0,0.0,0.0,0.0
2023-03-20 15:50:19.850000+00:00,581632.0,13148160.0,15298560.0,15765504.0,6.35,0.090045185,14.9,529256.0,0.0,0.0,1728.0,771966.0,0.0,0.0,1269.0,0.0,0.0,0.0,0.0
2023-03-20 15:50:24.629000+00:00,598016.0,15003648.0,17309696.0,17309696.0,6.38,0.090045185,14.94,530257.0,0.0,0.0,1731.0,773785.0,0.0,0.0,1271.0,0.0,0.0,0.0,0.0
2023-03-20 15:50:29.720000+00:00,598016.0,15003648.0,17309696.0,17309696.0,6.38,0.090045185,14.95,530257.0,0.0,0.0,1731.0,773785.0,0.0,0.0,1271.0,0.0,0.0,0.0,0.0
2023-03-20 15:50:34.159000+00:00,598016.0,14340096.0,16691200.0,16691200.0,6.43,0.090045185,15.05,532614.0,0.0,0.0,1739.0,777492.0,0.0,0.0,1276.0,0.0,0.0,0.0,0.0
2023-03-20 15:50:38.648000+00:00,598016.0,14340096.0,19972096.0,19972096.0,6.45,0.090045185,15.05,532980.0,0.0,0.0,1741.0,779245.0,0.0,0.0,1277.0,0.0,0.0,0.0,0.0
2023-03-20 15:50:44.749000+00:00,598016.0,16740352.0,18432000.0,18432000.0,6.45,0.090045185,15.12,533560.0,0.0,0.0,1746.0,781201.0,0.0,0.0,1281.0,0.0,0.0,0.0,0.0
2023-03-20 15:50:49.368000+00:00,598016.0,16449536.0,18317312.0,18317312.0,6.5,0.090045185,15.22,533992.0,0.0,0.0,1749.0,783028.0,0.0,0.0,1283.0,0.0,0.0,0.0,0.0
2023-03-20 15:50:54.364000+00:00,598016.0,14491648.0,16642048.0,16642048.0,6.56,0.090045185,15.29,536416.0,0.0,0.0,1755.0,785043.0,0.0,0.0,1288.0,0.0,0.0,0.0,0.0
2023-03-20 15:50:58.761000+00:00,598016.0,14491648.0,16642048.0,16642048.0,6.56,0.090045185,15.29,536416.0,0.0,0.0,1755.0,785043.0,0.0,0.0,1288.0,0.0,0.0,0.0,0.0
2023-03-20 15:51:04.355000+00:00,598016.0,16035840.0,17862656.0,17862656.0,6.59,0.090045185,15.36,541515.0,0.0,0.0,1766.0,789020.0,0.0,0.0,1297.0,0.0,0.0,0.0,0.0
2023-03-20 15:51:08.919000+00:00,598016.0,16035840.0,17903616.0,17903616.0,6.61,0.090045185,15.4,542552.0,0.0,0.0,1769.0,790837.0,0.0,0.0,1299.0,0.0,0.0,0.0,0.0
2023-03-20 15:51:13.815000+00:00,598016.0,14553088.0,16306176.0,16306176.0,6.62,0.090045185,15.44,544386.0,0.0,0.0,1774.0,792795.0,0.0,0.0,1303.0,0.0,0.0,0.0,0.0
2023-03-20 15:51:19.225000+00:00,598016.0,14553088.0,16302080.0,16302080.0,6.62,0.090045185,15.44,546178.0,0.0,0.0,1779.0,794752.0,0.0,0.0,1307.0,0.0,0.0,0.0,0.0
2023-03-20 15:51:24.281000+00:00,614400.0,15462400.0,17682432.0,17682432.0,6.62,0.090045185,15.46,547389.0,0.0,0.0,1782.0,796563.0,0.0,0.0,1309.0,0.0,0.0,0.0,0.0
2023-03-20 15:51:29.332000+00:00,614400.0,15462400.0,17682432.0,17682432.0,6.63,0.090045185,15.49,547389.0,0.0,0.0,1782.0,796563.0,0.0,0.0,1309.0,0.0,0.0,0.0,0.0
2023-03-20 15:51:33.324000+00:00,614400.0,16941056.0,18690048.0,18690048.0,6.63,0.090045185,15.5,548786.0,0.0,0.0,1788.0,800208.0,0.0,0.0,1313.0,0.0,0.0,0.0,0.0
2023-03-20 15:51:38.514000+00:00,614400.0,16941056.0,17039360.0,17039360.0,6.64,0.090045185,15.5,549226.0,0.0,0.0,1791.0,802029.0,0.0,0.0,1315.0,0.0,0.0,0.0,0.0
2023-03-20 15:51:44.451000+00:00,614400.0,14229504.0,16084992.0,16084992.0,6.66,0.090045185,15.58,551810.0,0.0,0.0,1798.0,804121.0,0.0,0.0,1321.0,0.0,0.0,0.0,0.0
2023-03-20 15:51:48.815000+00:00,614400.0,15384576.0,17240064.0,17240064.0,6.67,0.090045185,15.59,552827.0,0.0,0.0,1801.0,805946.0,0.0,0.0,1323.0,0.0,0.0,0.0,0.0
2023-03-20 15:51:53.926000+00:00,614400.0,16609280.0,18341888.0,18341888.0,6.67,0.090045185,15.6,553917.0,0.0,0.0,1805.0,807843.0,0.0,0.0,1326.0,0.0,0.0,0.0,0.0
2023-03-20 15:51:59.295000+00:00,614400.0,16609280.0,18341888.0,18341888.0,6.67,0.090045185,15.61,553917.0,0.0,0.0,1805.0,807843.0,0.0,0.0,1326.0,0.0,0.0,0.0,0.0
2023-03-20 15:52:04.307000+00:00,614400.0,17567744.0,19292160.0,19292160.0,6.68,0.090045185,15.64,558300.0,0.0,0.0,1815.0,811756.0,0.0,0.0,1334.0,0.0,0.0,0.0,0.0
2023-03-20 15:52:09.189000+00:00,614400.0,17567744.0,19292160.0,19292160.0,6.68,0.090045185,15.64,559481.0,0.0,0.0,1819.0,813655.0,0.0,0.0,1337.0,0.0,0.0,0.0,0.0
2023-03-20 15:52:13.926000+00:00,614400.0,13262848.0,15015936.0,15015936.0,6.72,0.090045185,15.71,559847.0,0.0,0.0,1821.0,815408.0,0.0,0.0,1338.0,0.0,0.0,0.0,0.0
2023-03-20 15:52:19.724000+00:00,614400.0,14114816.0,15015936.0,15015936.0,6.72,0.090045185,15.72,559847.0,0.0,0.0,1821.0,815408.0,0.0,0.0,1343.0,0.0,0.0,0.0,0.0
2023-03-20 15:52:23.401000+00:00,630784.0,16093184.0,18141184.0,18141184.0,6.75,0.090045185,15.76,562748.0,0.0,0.0,1830.0,819254.0,0.0,0.0,1345.0,0.0,0.0,0.0,0.0
2023-03-20 15:52:29.380000+00:00,630784.0,14430208.0,16187392.0,16187392.0,6.76,0.090045185,15.81,563917.0,0.0,0.0,1834.0,821150.0,0.0,0.0,1348.0,0.0,0.0,0.0,0.0
2023-03-20 15:52:33.252000+00:00,630784.0,14479360.0,16236544.0,16236544.0,6.76,0.090045185,15.81,565829.0,0.0,0.0,1838.0,823038.0,0.0,0.0,1351.0,0.0,0.0,0.0,0.0
2023-03-20 15:52:38.444000+00:00,630784.0,14479360.0,16236544.0,16236544.0,6.81,0.090045185,15.9,565829.0,0.0,0.0,1838.0,823038.0,0.0,0.0,1351.0,0.0,0.0,0.0,0.0
2023-03-20 15:52:44.740000+00:00,630784.0,14807040.0,17117184.0,17117184.0,6.81,0.090045185,15.94,569599.0,0.0,0.0,1847.0,826881.0,0.0,0.0,1358.0,0.0,0.0,0.0,0.0
2023-03-20 15:52:48.419000+00:00,630784.0,14807040.0,17629184.0,17629184.0,6.81,0.090045185,15.95,569965.0,0.0,0.0,1849.0,828629.0,0.0,0.0,1359.0,0.0,0.0,0.0,0.0
2023-03-20 15:52:54.222000+00:00,630784.0,14422016.0,16437248.0,16437248.0,6.87,0.090045185,16.03,573243.0,0.0,0.0,1857.0,830791.0,0.0,0.0,1366.0,0.0,0.0,0.0,0.0
2023-03-20 15:52:58.162000+00:00,630784.0,14422016.0,16437248.0,16437248.0,6.87,0.090045185,16.04,573243.0,0.0,0.0,1857.0,830791.0,0.0,0.0,1366.0,0.0,0.0,0.0,0.0
2023-03-20 15:53:03.398000+00:00,630784.0,15331328.0,17108992.0,17108992.0,6.88,0.090045185,16.12,575457.0,0.0,0.0,1864.0,834501.0,0.0,0.0,1371.0,0.0,0.0,0.0,0.0
2023-03-20 15:53:08.545000+00:00,630784.0,14725120.0,17711104.0,17711104.0,6.96,0.090045185,16.23,577288.0,0.0,0.0,1868.0,836383.0,0.0,0.0,1374.0,0.0,0.0,0.0,0.0
2023-03-20 15:53:13.835000+00:00,630784.0,14831616.0,16629760.0,16629760.0,6.97,0.090045185,16.3,579826.0,0.0,0.0,1874.0,838406.0,0.0,0.0,1379.0,0.0,0.0,0.0,0.0
2023-03-20 15:53:18.142000+00:00,630784.0,14831616.0,16629760.0,14942208.0,6.99,0.090045185,16.32,580947.0,0.0,0.0,1877.0,840224.0,0.0,0.0,1381.0,0.0,0.0,0.0,0.0
2023-03-20 15:53:23.975000+00:00,655360.0,15212544.0,16994304.0,16994304.0,6.99,0.090045185,16.33,582088.0,0.0,0.0,1881.0,842116.0,0.0,0.0,1384.0,0.0,0.0,0.0,0.0
2023-03-20 15:53:29.648000+00:00,655360.0,16089088.0,18755584.0,18755584.0,6.99,0.090045185,16.35,583963.0,0.0,0.0,1887.0,844139.0,0.0,0.0,1389.0,0.0,0.0,0.0,0.0
2023-03-20 15:53:33.899000+00:00,655360.0,16089088.0,18108416.0,18108416.0,6.99,0.090045185,16.35,584329.0,0.0,0.0,1889.0,845891.0,0.0,0.0,1390.0,0.0,0.0,0.0,0.0
2023-03-20 15:53:39.416000+00:00,655360.0,16089088.0,17711104.0,17711104.0,7.01,0.090045185,16.35,584835.0,0.0,0.0,1893.0,847786.0,0.0,0.0,1393.0,0.0,0.0,0.0,0.0
2023-03-20 15:53:44.411000+00:00,655360.0,15986688.0,17743872.0,17743872.0,7.01,0.090045185,16.38,585275.0,0.0,0.0,1896.0,849604.0,0.0,0.0,1395.0,0.0,0.0,0.0,0.0
2023-03-20 15:53:49.019000+00:00,655360.0,15986688.0,17743872.0,17743872.0,7.02,0.090045185,16.38,585275.0,0.0,0.0,1896.0,849604.0,0.0,0.0,1395.0,0.0,0.0,0.0,0.0
2023-03-20 15:53:54.010000+00:00,655360.0,17534976.0,19677184.0,19677184.0,7.03,0.090045185,16.44,587616.0,0.0,0.0,1904.0,853374.0,0.0,0.0,1401.0,0.0,0.0,0.0,0.0
2023-03-20 15:53:58.764000+00:00,655360.0,17534976.0,19677184.0,19677184.0,7.06,0.090045185,16.51,587616.0,0.0,0.0,1904.0,853374.0,0.0,0.0,1401.0,0.0,0.0,0.0,0.0
2023-03-20 15:54:02.970000+00:00,655360.0,15781888.0,17727488.0,17727488.0,7.06,0.090045185,16.53,590678.0,0.0,0.0,1913.0,857210.0,0.0,0.0,1408.0,0.0,0.0,0.0,0.0
2023-03-20 15:54:09.417000+00:00,655360.0,15781888.0,17727488.0,17727488.0,7.1,0.090045185,16.55,590678.0,0.0,0.0,1919.0,859167.0,0.0,0.0,1412.0,0.0,0.0,0.0,0.0
2023-03-20 15:54:14.365000+00:00,655360.0,14610432.0,16367616.0,16367616.0,7.1,0.090045185,16.56,592959.0,0.0,0.0,1922.0,860983.0,0.0,0.0,1414.0,0.0,0.0,0.0,0.0
2023-03-20 15:54:19.839000+00:00,655360.0,15298560.0,17195008.0,17195008.0,7.1,0.090045185,16.56,594057.0,0.0,0.0,1926.0,862871.0,0.0,0.0,1417.0,0.0,0.0,0.0,0.0
2023-03-20 15:54:24.351000+00:00,667648.0,17055744.0,18812928.0,18812928.0,7.11,0.090045185,16.58,596516.0,0.0,0.0,1931.0,864821.0,0.0,0.0,1421.0,0.0,0.0,0.0,0.0
2023-03-20 15:54:29.878000+00:00,667648.0,17055744.0,18812928.0,18812928.0,7.12,0.090045185,16.58,596516.0,0.0,0.0,1931.0,864821.0,0.0,0.0,1421.0,0.0,0.0,0.0,0.0
2023-03-20 15:54:33.282000+00:00,667648.0,16388096.0,18276352.0,18276352.0,7.19,0.090045185,16.66,598148.0,0.0,0.0,1937.0,868468.0,0.0,0.0,1425.0,0.0,0.0,0.0,0.0
2023-03-20 15:54:39.589000+00:00,667648.0,16388096.0,18276352.0,18276352.0,7.24,0.090045185,16.71,598148.0,0.0,0.0,1937.0,868468.0,0.0,0.0,1429.0,0.0,0.0,0.0,0.0
2023-03-20 15:54:44.879000+00:00,667648.0,14708736.0,16502784.0,16502784.0,7.25,0.090045185,16.75,599168.0,0.0,0.0,1945.0,872244.0,0.0,0.0,1431.0,0.0,0.0,0.0,0.0
2023-03-20 15:54:48.895000+00:00,667648.0,14708736.0,18919424.0,18919424.0,7.26,0.090045185,16.75,599534.0,0.0,0.0,1947.0,873997.0,0.0,0.0,1432.0,0.0,0.0,0.0,0.0
2023-03-20 15:54:54.132000+00:00,667648.0,16814080.0,18837504.0,18837504.0,7.26,0.090045185,16.76,601452.0,0.0,0.0,1953.0,876022.0,0.0,0.0,1437.0,0.0,0.0,0.0,0.0
2023-03-20 15:54:58.770000+00:00,667648.0,17154048.0,18919424.0,18919424.0,7.26,0.090045185,16.76,601818.0,0.0,0.0,1955.0,877775.0,0.0,0.0,1438.0,0.0,0.0,0.0,0.0
2023-03-20 15:55:04.435000+00:00,667648.0,16699392.0,18857984.0,18857984.0,7.29,0.090045185,16.82,602324.0,0.0,0.0,1959.0,879668.0,0.0,0.0,1441.0,0.0,0.0,0.0,0.0
2023-03-20 15:55:08.819000+00:00,667648.0,16699392.0,18071552.0,18071552.0,7.3,0.090045185,16.83,603448.0,0.0,0.0,1963.0,881551.0,0.0,0.0,1444.0,0.0,0.0,0.0,0.0
2023-03-20 15:55:13.328000+00:00,667648.0,17649664.0,20758528.0,20758528.0,7.3,0.090045185,16.86,603880.0,0.0,0.0,1966.0,883374.0,0.0,0.0,1446.0,0.0,0.0,0.0,0.0
2023-03-20 15:55:18.200000+00:00,667648.0,17649664.0,20758528.0,19406848.0,7.3,0.090045185,16.86,604320.0,0.0,0.0,1969.0,885191.0,0.0,0.0,1448.0,0.0,0.0,0.0,0.0
2023-03-20 15:55:23.598000+00:00,675840.0,15552512.0,17821696.0,17821696.0,7.33,0.090045185,16.92,606107.0,0.0,0.0,1974.0,887151.0,0.0,0.0,1452.0,0.0,0.0,0.0,0.0
2023-03-20 15:55:29.033000+00:00,675840.0,17166336.0,17821696.0,17821696.0,7.34,0.090045185,16.93,606107.0,0.0,0.0,1974.0,887151.0,0.0,0.0,1452.0,0.0,0.0,0.0,0.0
2023-03-20 15:55:33.378000+00:00,675840.0,17166336.0,18923520.0,18923520.0,7.34,0.090045185,16.93,609176.0,0.0,0.0,1982.0,890930.0,0.0,0.0,1458.0,0.0,0.0,0.0,0.0
2023-03-20 15:55:39.683000+00:00,675840.0,17166336.0,18923520.0,19062784.0,7.35,0.090045185,16.93,612683.0,0.0,0.0,1989.0,893017.0,0.0,0.0,1464.0,0.0,0.0,0.0,0.0
2023-03-20 15:55:44.657000+00:00,675840.0,18255872.0,20246528.0,20246528.0,7.36,0.090045185,16.98,613732.0,0.0,0.0,1992.0,894836.0,0.0,0.0,1466.0,0.0,0.0,0.0,0.0
2023-03-20 15:55:49.023000+00:00,675840.0,13160448.0,14917632.0,14917632.0,7.42,0.090045185,17.03,614164.0,0.0,0.0,1995.0,896660.0,0.0,0.0,1468.0,0.0,0.0,0.0,0.0
2023-03-20 15:55:54.860000+00:00,675840.0,15708160.0,17604608.0,17604608.0,7.42,0.090045185,17.04,617358.0,0.0,0.0,2002.0,898745.0,0.0,0.0,1474.0,0.0,0.0,0.0,0.0
2023-03-20 15:55:58.243000+00:00,675840.0,15708160.0,17604608.0,17604608.0,7.43,0.090045185,17.07,617358.0,0.0,0.0,2002.0,898745.0,0.0,0.0,1474.0,0.0,0.0,0.0,0.0
2023-03-20 15:56:04.647000+00:00,675840.0,12988416.0,15044608.0,15044608.0,7.47,0.090045185,17.24,618897.0,0.0,0.0,2009.0,902452.0,0.0,0.0,1479.0,0.0,0.0,0.0,0.0
2023-03-20 15:56:08.629000+00:00,675840.0,12988416.0,15044608.0,15044608.0,7.47,0.090045185,17.25,618897.0,0.0,0.0,2009.0,904269.0,0.0,0.0,1481.0,0.0,0.0,0.0,0.0
2023-03-20 15:56:14.214000+00:00,675840.0,13733888.0,15708160.0,15708160.0,7.47,0.090045185,17.26,621739.0,0.0,0.0,2017.0,906228.0,0.0,0.0,1485.0,0.0,0.0,0.0,0.0
2023-03-20 15:56:19.518000+00:00,675840.0,13733888.0,16162816.0,16162816.0,7.48,0.090045185,17.28,624101.0,0.0,0.0,2023.0,908252.0,0.0,0.0,1490.0,0.0,0.0,0.0,0.0
2023-03-20 15:56:24.199000+00:00,696320.0,13029376.0,15360000.0,15360000.0,7.5,0.090045185,17.34,625157.0,0.0,0.0,2026.0,910068.0,0.0,0.0,1492.0,0.0,0.0,0.0,0.0
2023-03-20 15:56:29.002000+00:00,696320.0,13598720.0,15474688.0,15474688.0,7.52,0.090045185,17.39,626254.0,0.0,0.0,2026.0,910068.0,0.0,0.0,1492.0,0.0,0.0,0.0,0.0
2023-03-20 15:56:34.097000+00:00,696320.0,15241216.0,18305024.0,18305024.0,7.52,0.090045185,17.41,627365.0,0.0,0.0,2033.0,913785.0,0.0,0.0,1497.0,0.0,0.0,0.0,0.0
2023-03-20 15:56:39.508000+00:00,696320.0,15753216.0,17678336.0,17678336.0,7.54,0.090045185,17.41,627871.0,0.0,0.0,2037.0,915680.0,0.0,0.0,1500.0,0.0,0.0,0.0,0.0
2023-03-20 15:56:43.499000+00:00,696320.0,15986688.0,17776640.0,17776640.0,7.54,0.090045185,17.49,628903.0,0.0,0.0,2040.0,917499.0,0.0,0.0,1502.0,0.0,0.0,0.0,0.0
2023-03-20 15:56:48.873000+00:00,696320.0,15986688.0,17715200.0,17715200.0,7.58,0.090045185,17.54,629269.0,0.0,0.0,2042.0,919252.0,0.0,0.0,1503.0,0.0,0.0,0.0,0.0
2023-03-20 15:56:53.560000+00:00,696320.0,15962112.0,18079744.0,18079744.0,7.58,0.090045185,17.55,631044.0,0.0,0.0,2047.0,921212.0,0.0,0.0,1507.0,0.0,0.0,0.0,0.0
2023-03-20 15:56:59.003000+00:00,696320.0,15962112.0,18079744.0,18079744.0,7.6,0.090045185,17.62,631044.0,0.0,0.0,2047.0,921212.0,0.0,0.0,1507.0,0.0,0.0,0.0,0.0
2023-03-20 15:57:03.694000+00:00,696320.0,15990784.0,17854464.0,17854464.0,7.61,0.090045185,17.62,633222.0,0.0,0.0,2055.0,924985.0,0.0,0.0,1513.0,0.0,0.0,0.0,0.0
2023-03-20 15:57:08.617000+00:00,696320.0,15990784.0,19193856.0,19193856.0,7.62,0.090045185,17.64,634232.0,0.0,0.0,2058.0,926801.0,0.0,0.0,1515.0,0.0,0.0,0.0,0.0
2023-03-20 15:57:14.670000+00:00,696320.0,17448960.0,19996672.0,19996672.0,7.63,0.090045185,17.68,635411.0,0.0,0.0,2062.0,928689.0,0.0,0.0,1518.0,0.0,0.0,0.0,0.0
2023-03-20 15:57:19.442000+00:00,696320.0,17448960.0,19210240.0,19210240.0,7.63,0.090045185,17.68,637444.0,0.0,0.0,2067.0,930647.0,0.0,0.0,1522.0,0.0,0.0,0.0,0.0
2023-03-20 15:57:24.150000+00:00,708608.0,15671296.0,17563648.0,17563648.0,7.65,0.090045185,17.72,639318.0,0.0,0.0,2071.0,932527.0,0.0,0.0,1525.0,0.0,0.0,0.0,0.0
2023-03-20 15:57:28.745000+00:00,708608.0,16334848.0,17563648.0,17563648.0,7.65,0.090045185,17.72,639318.0,0.0,0.0,2071.0,932527.0,0.0,0.0,1525.0,0.0,0.0,0.0,0.0
2023-03-20 15:57:34.512000+00:00,708608.0,18223104.0,20103168.0,20103168.0,7.65,0.090045185,17.78,642827.0,0.0,0.0,2080.0,936369.0,0.0,0.0,1532.0,0.0,0.0,0.0,0.0
2023-03-20 15:57:38.714000+00:00,708608.0,18223104.0,20103168.0,20115456.0,7.66,0.090045185,17.78,645159.0,0.0,0.0,2085.0,938321.0,0.0,0.0,1536.0,0.0,0.0,0.0,0.0
2023-03-20 15:57:44.721000+00:00,708608.0,18546688.0,20303872.0,20303872.0,7.67,0.090045185,17.81,646900.0,0.0,0.0,2090.0,940280.0,0.0,0.0,1540.0,0.0,0.0,0.0,0.0
2023-03-20 15:57:49.610000+00:00,708608.0,18546688.0,20303872.0,20303872.0,7.71,0.090045185,17.9,646900.0,0.0,0.0,2090.0,942170.0,0.0,0.0,1543.0,0.0,0.0,0.0,0.0
2023-03-20 15:57:53.519000+00:00,708608.0,14909440.0,16666624.0,16666624.0,7.72,0.090045185,17.92,649940.0,0.0,0.0,2098.0,944058.0,0.0,0.0,1546.0,0.0,0.0,0.0,0.0
2023-03-20 15:57:59.856000+00:00,708608.0,13230080.0,15335424.0,15335424.0,7.78,0.090045185,18.05,652467.0,0.0,0.0,2104.0,946079.0,0.0,0.0,1551.0,0.0,0.0,0.0,0.0
2023-03-20 15:58:03.569000+00:00,708608.0,14278656.0,16035840.0,16035840.0,7.78,0.090045185,18.06,653419.0,0.0,0.0,2107.0,947898.0,0.0,0.0,1553.0,0.0,0.0,0.0,0.0
2023-03-20 15:58:09.794000+00:00,708608.0,14278656.0,16035840.0,16035840.0,7.78,0.090045185,18.08,653419.0,0.0,0.0,2107.0,949862.0,0.0,0.0,1557.0,0.0,0.0,0.0,0.0
2023-03-20 15:58:14.592000+00:00,708608.0,14888960.0,16773120.0,16773120.0,7.8,0.090045185,18.18,656921.0,0.0,0.0,2116.0,951747.0,0.0,0.0,1560.0,0.0,0.0,0.0,0.0
2023-03-20 15:58:19.808000+00:00,708608.0,14888960.0,16773120.0,16773120.0,7.8,0.090045185,18.19,656921.0,0.0,0.0,2116.0,951747.0,0.0,0.0,1564.0,0.0,0.0,0.0,0.0
2023-03-20 15:58:24.596000+00:00,733184.0,15511552.0,17534976.0,17534976.0,7.8,0.090045185,18.2,659174.0,0.0,0.0,2124.0,955529.0,0.0,0.0,1566.0,0.0,0.0,0.0,0.0
2023-03-20 15:58:28.444000+00:00,733184.0,15511552.0,17534976.0,17534976.0,7.8,0.090045185,18.21,659174.0,0.0,0.0,2124.0,955529.0,0.0,0.0,1566.0,0.0,0.0,0.0,0.0
2023-03-20 15:58:33.649000+00:00,733184.0,17317888.0,19075072.0,19075072.0,7.82,0.090045185,18.25,660700.0,0.0,0.0,2130.0,959174.0,0.0,0.0,1570.0,0.0,0.0,0.0,0.0
2023-03-20 15:58:39.209000+00:00,733184.0,17317888.0,19075072.0,19075072.0,7.83,0.090045185,18.25,660700.0,0.0,0.0,2130.0,959174.0,0.0,0.0,1575.0,0.0,0.0,0.0,0.0
2023-03-20 15:58:44.210000+00:00,733184.0,17760256.0,19652608.0,19652608.0,7.85,0.090045185,18.36,662817.0,0.0,0.0,2138.0,962951.0,0.0,0.0,1576.0,0.0,0.0,0.0,0.0
2023-03-20 15:58:49.263000+00:00,733184.0,17760256.0,20172800.0,20172800.0,7.85,0.090045185,18.36,663987.0,0.0,0.0,2143.0,964911.0,0.0,0.0,1580.0,0.0,0.0,0.0,0.0
2023-03-20 15:58:54.522000+00:00,733184.0,17690624.0,19456000.0,19456000.0,7.87,0.090045185,18.4,664427.0,0.0,0.0,2146.0,966732.0,0.0,0.0,1582.0,0.0,0.0,0.0,0.0
2023-03-20 15:58:58.883000+00:00,733184.0,17690624.0,19456000.0,19456000.0,7.9,0.090045185,18.51,664427.0,0.0,0.0,2146.0,966732.0,0.0,0.0,1582.0,0.0,0.0,0.0,0.0
2023-03-20 15:59:03.042000+00:00,733184.0,18034688.0,20709376.0,20709376.0,7.91,0.090045185,18.52,666735.0,0.0,0.0,2153.0,970447.0,0.0,0.0,1587.0,0.0,0.0,0.0,0.0
2023-03-20 15:59:09.135000+00:00,733184.0,18034688.0,19791872.0,19791872.0,7.92,0.090045185,18.53,668598.0,0.0,0.0,2158.0,972404.0,0.0,0.0,1591.0,0.0,0.0,0.0,0.0
2023-03-20 15:59:14.717000+00:00,733184.0,14880768.0,16785408.0,16785408.0,7.97,0.090045185,18.64,669634.0,0.0,0.0,2161.0,974221.0,0.0,0.0,1593.0,0.0,0.0,0.0,0.0
2023-03-20 15:59:18.913000+00:00,733184.0,14880768.0,16740352.0,16740352.0,7.97,0.090045185,18.64,670626.0,0.0,0.0,2164.0,976038.0,0.0,0.0,1595.0,0.0,0.0,0.0,0.0
2023-03-20 15:59:23.885000+00:00,745472.0,15900672.0,18337792.0,18337792.0,7.98,0.090045185,18.66,671716.0,0.0,0.0,2168.0,977929.0,0.0,0.0,1598.0,0.0,0.0,0.0,0.0
2023-03-20 15:59:29.827000+00:00,745472.0,15900672.0,18337792.0,18337792.0,7.98,0.090045185,18.67,671716.0,0.0,0.0,2168.0,977929.0,0.0,0.0,1598.0,0.0,0.0,0.0,0.0
2023-03-20 15:59:34.363000+00:00,745472.0,17653760.0,20353024.0,20353024.0,8.02,0.090045185,18.72,674538.0,0.0,0.0,2176.0,981698.0,0.0,0.0,1604.0,0.0,0.0,0.0,0.0
2023-03-20 15:59:39.335000+00:00,745472.0,16572416.0,18460672.0,18460672.0,8.04,0.090045185,18.72,676334.0,0.0,0.0,2181.0,983662.0,0.0,0.0,1608.0,0.0,0.0,0.0,0.0
2023-03-20 15:59:44.600000+00:00,745472.0,15958016.0,17858560.0,17858560.0,8.07,0.090045185,18.85,678686.0,0.0,0.0,2186.0,985619.0,0.0,0.0,1612.0,0.0,0.0,0.0,0.0
2023-03-20 15:59:49.277000+00:00,745472.0,15958016.0,17858560.0,17858560.0,8.07,0.090045185,18.85,678686.0,0.0,0.0,2190.0,987516.0,0.0,0.0,1615.0,0.0,0.0,0.0,0.0
2023-03-20 15:59:53.710000+00:00,745472.0,13647872.0,16666624.0,16666624.0,8.12,0.090045185,18.95,681389.0,0.0,0.0,2194.0,989400.0,0.0,0.0,1618.0,0.0,0.0,0.0,0.0
2023-03-20 15:59:59.816000+00:00,745472.0,13647872.0,16666624.0,16666624.0,8.13,0.090045185,19.03,681389.0,0.0,0.0,2194.0,989400.0,0.0,0.0,1618.0,0.0,0.0,0.0,0.0
2023-03-20 16:00:04.060000+00:00,745472.0,16080896.0,17973248.0,17973248.0,8.13,0.090045185,19.1,683528.0,0.0,0.0,2201.0,993117.0,0.0,0.0,1623.0,0.0,0.0,0.0,0.0
2023-03-20 16:00:08.572000+00:00,745472.0,16080896.0,17973248.0,17973248.0,8.14,0.090045185,19.14,683528.0,0.0,0.0,2201.0,995003.0,0.0,0.0,1626.0,0.0,0.0,0.0,0.0
2023-03-20 16:00:14.285000+00:00,745472.0,15310848.0,17588224.0,17588224.0,8.14,0.090045185,19.15,688459.0,0.0,0.0,2212.0,997098.0,0.0,0.0,1632.0,0.0,0.0,0.0,0.0
2023-03-20 16:00:19.099000+00:00,745472.0,15310848.0,17588224.0,17588224.0,8.16,0.090045185,19.21,688459.0,0.0,0.0,2215.0,998928.0,0.0,0.0,1634.0,0.0,0.0,0.0,0.0
2023-03-20 16:00:24.617000+00:00,770048.0,16146432.0,18075648.0,18075648.0,8.17,0.090045185,19.25,690767.0,0.0,0.0,2220.0,1000876.0,0.0,0.0,1638.0,0.0,0.0,0.0,0.0
2023-03-20 16:00:28.477000+00:00,770048.0,16146432.0,18075648.0,18075648.0,8.19,0.090045185,19.3,690767.0,0.0,0.0,2220.0,1000876.0,0.0,0.0,1638.0,0.0,0.0,0.0,0.0
2023-03-20 16:00:34.637000+00:00,770048.0,15007744.0,17448960.0,17448960.0,8.25,0.090045185,19.38,693562.0,0.0,0.0,2228.0,1004644.0,0.0,0.0,1644.0,0.0,0.0,0.0,0.0
2023-03-20 16:00:39.593000+00:00,770048.0,15007744.0,17448960.0,17448960.0,8.25,0.090045185,19.38,693562.0,0.0,0.0,2228.0,1004644.0,0.0,0.0,1644.0,0.0,0.0,0.0,0.0
2023-03-20 16:00:44.181000+00:00,770048.0,16228352.0,19308544.0,19308544.0,8.28,0.090045185,19.44,695892.0,0.0,0.0,2236.0,1008420.0,0.0,0.0,1650.0,0.0,0.0,0.0,0.0
2023-03-20 16:00:49.133000+00:00,770048.0,16228352.0,16973824.0,16973824.0,8.31,0.090045185,19.58,696993.0,0.0,0.0,2240.0,1010318.0,0.0,0.0,1653.0,0.0,0.0,0.0,0.0
2023-03-20 16:00:53.674000+00:00,770048.0,16986112.0,19050496.0,19050496.0,8.31,0.090045185,19.6,697359.0,0.0,0.0,2242.0,1012072.0,0.0,0.0,1654.0,0.0,0.0,0.0,0.0
2023-03-20 16:00:58.924000+00:00,770048.0,16986112.0,19050496.0,19050496.0,8.31,0.090045185,19.61,697359.0,0.0,0.0,2242.0,1012072.0,0.0,0.0,1654.0,0.0,0.0,0.0,0.0
2023-03-20 16:01:04.895000+00:00,770048.0,18010112.0,19791872.0,19791872.0,8.33,0.090045185,19.63,700352.0,0.0,0.0,2251.0,1015916.0,0.0,0.0,1661.0,0.0,0.0,0.0,0.0
2023-03-20 16:01:09.087000+00:00,770048.0,19062784.0,20951040.0,20951040.0,8.34,0.090045185,19.64,700784.0,0.0,0.0,2254.0,1017743.0,0.0,0.0,1663.0,0.0,0.0,0.0,0.0
2023-03-20 16:01:14.764000+00:00,770048.0,14589952.0,16486400.0,16486400.0,8.39,0.090045185,19.7,702432.0,0.0,0.0,2258.0,1019629.0,0.0,0.0,1666.0,0.0,0.0,0.0,0.0
2023-03-20 16:01:19.486000+00:00,770048.0,14589952.0,17756160.0,17756160.0,8.39,0.090045185,19.7,705333.0,0.0,0.0,2264.0,1021652.0,0.0,0.0,1671.0,0.0,0.0,0.0,0.0
2023-03-20 16:01:23.632000+00:00,786432.0,16093184.0,18198528.0,18198528.0,8.4,0.090045185,19.71,706345.0,0.0,0.0,2267.0,1023467.0,0.0,0.0,1673.0,0.0,0.0,0.0,0.0
2023-03-20 16:01:29.167000+00:00,786432.0,16093184.0,18198528.0,18198528.0,8.41,0.090045185,19.72,706345.0,0.0,0.0,2267.0,1023467.0,0.0,0.0,1673.0,0.0,0.0,0.0,0.0
2023-03-20 16:01:33.761000+00:00,786432.0,16433152.0,18804736.0,18804736.0,8.42,0.090045185,19.74,709252.0,0.0,0.0,2275.0,1027244.0,0.0,0.0,1679.0,0.0,0.0,0.0,0.0
2023-03-20 16:01:38.747000+00:00,786432.0,16433152.0,18329600.0,18329600.0,8.42,0.090045185,19.74,710331.0,0.0,0.0,2278.0,1029062.0,0.0,0.0,1681.0,0.0,0.0,0.0,0.0
2023-03-20 16:01:43.913000+00:00,786432.0,13037568.0,14798848.0,14798848.0,8.45,0.090045185,19.79,712082.0,0.0,0.0,2283.0,1031020.0,0.0,0.0,1685.0,0.0,0.0,0.0,0.0
2023-03-20 16:01:49.621000+00:00,786432.0,13037568.0,17047552.0,17047552.0,8.46,0.090045185,19.79,713847.0,0.0,0.0,2288.0,1032980.0,0.0,0.0,1689.0,0.0,0.0,0.0,0.0
2023-03-20 16:01:54.654000+00:00,786432.0,15044608.0,17330176.0,17330176.0,8.49,0.090045185,19.88,716245.0,0.0,0.0,2293.0,1034934.0,0.0,0.0,1693.0,0.0,0.0,0.0,0.0
2023-03-20 16:01:59.394000+00:00,786432.0,15544320.0,17305600.0,17305600.0,8.49,0.090045185,19.88,717325.0,0.0,0.0,2297.0,1036829.0,0.0,0.0,1693.0,0.0,0.0,0.0,0.0
2023-03-20 16:02:04.444000+00:00,786432.0,17272832.0,19197952.0,19197952.0,8.5,0.090045185,19.9,719056.0,0.0,0.0,2301.0,1038718.0,0.0,0.0,1699.0,0.0,0.0,0.0,0.0
2023-03-20 16:02:08.669000+00:00,786432.0,17272832.0,19197952.0,20131840.0,8.5,0.090045185,19.9,720177.0,0.0,0.0,2304.0,1040543.0,0.0,0.0,1701.0,0.0,0.0,0.0,0.0
2023-03-20 16:02:14.577000+00:00,786432.0,18022400.0,19779584.0,19779584.0,8.53,0.090045185,19.92,721960.0,0.0,0.0,2309.0,1042497.0,0.0,0.0,1705.0,0.0,0.0,0.0,0.0
2023-03-20 16:02:19.107000+00:00,786432.0,18022400.0,19779584.0,19779584.0,8.53,0.090045185,19.93,723904.0,0.0,0.0,2315.0,1044452.0,0.0,0.0,1709.0,0.0,0.0,0.0,0.0
2023-03-20 16:02:24.157000+00:00,806912.0,13848576.0,15843328.0,15843328.0,8.59,0.090045185,20.02,724270.0,0.0,0.0,2317.0,1046205.0,0.0,0.0,1710.0,0.0,0.0,0.0,0.0
2023-03-20 16:02:29.746000+00:00,806912.0,13848576.0,15843328.0,15843328.0,8.6,0.090045185,20.04,724270.0,0.0,0.0,2317.0,1046205.0,0.0,0.0,1710.0,0.0,0.0,0.0,0.0
2023-03-20 16:02:33.789000+00:00,806912.0,17813504.0,20299776.0,20299776.0,8.6,0.090045185,20.11,727797.0,0.0,0.0,2326.0,1050048.0,0.0,0.0,1717.0,0.0,0.0,0.0,0.0
2023-03-20 16:02:39.625000+00:00,806912.0,17813504.0,20299776.0,20299776.0,8.6,0.090045185,20.12,727797.0,0.0,0.0,2326.0,1051941.0,0.0,0.0,1720.0,0.0,0.0,0.0,0.0
2023-03-20 16:02:44.841000+00:00,806912.0,13193216.0,14966784.0,14966784.0,8.65,0.090045185,20.19,729355.0,0.0,0.0,2333.0,1053761.0,0.0,0.0,1722.0,0.0,0.0,0.0,0.0
2023-03-20 16:02:49.843000+00:00,806912.0,13193216.0,18030592.0,18030592.0,8.66,0.090045185,20.2,731941.0,0.0,0.0,2339.0,1055781.0,0.0,0.0,1727.0,0.0,0.0,0.0,0.0
2023-03-20 16:02:53.683000+00:00,806912.0,15675392.0,17575936.0,17575936.0,8.66,0.090045185,20.2,733875.0,0.0,0.0,2343.0,1057666.0,0.0,0.0,1730.0,0.0,0.0,0.0,0.0
2023-03-20 16:02:59.076000+00:00,806912.0,15675392.0,17575936.0,17575936.0,8.69,0.090045185,20.27,733875.0,0.0,0.0,2343.0,1057666.0,0.0,0.0,1730.0,0.0,0.0,0.0,0.0
2023-03-20 16:03:04.593000+00:00,806912.0,16453632.0,18345984.0,18345984.0,8.72,0.090045185,20.31,739394.0,0.0,0.0,2355.0,1061715.0,0.0,0.0,1740.0,0.0,0.0,0.0,0.0
2023-03-20 16:03:08.790000+00:00,806912.0,16453632.0,18997248.0,18997248.0,8.72,0.090045185,20.32,739760.0,0.0,0.0,2357.0,1063467.0,0.0,0.0,1741.0,0.0,0.0,0.0,0.0
2023-03-20 16:03:14.098000+00:00,806912.0,17772544.0,19533824.0,19533824.0,8.76,0.090045185,20.39,740863.0,0.0,0.0,2361.0,1065360.0,0.0,0.0,1744.0,0.0,0.0,0.0,0.0
2023-03-20 16:03:19.179000+00:00,806912.0,17772544.0,20447232.0,20447232.0,8.76,0.090045185,20.39,742685.0,0.0,0.0,2367.0,1067386.0,0.0,0.0,1749.0,0.0,0.0,0.0,0.0
2023-03-20 16:03:24.808000+00:00,827392.0,17838080.0,19603456.0,19603456.0,8.78,0.090045185,20.41,743770.0,0.0,0.0,2370.0,1069204.0,0.0,0.0,1751.0,0.0,0.0,0.0,0.0
2023-03-20 16:03:28.271000+00:00,827392.0,17838080.0,19603456.0,19603456.0,8.78,0.090045185,20.41,743770.0,0.0,0.0,2370.0,1069204.0,0.0,0.0,1751.0,0.0,0.0,0.0,0.0
2023-03-20 16:03:34.292000+00:00,827392.0,15396864.0,17281024.0,17281024.0,8.83,0.090045185,20.54,747999.0,0.0,0.0,2380.0,1073103.0,0.0,0.0,1759.0,0.0,0.0,0.0,0.0
2023-03-20 16:03:39.877000+00:00,827392.0,15396864.0,17281024.0,16809984.0,8.85,0.090045185,20.54,749176.0,0.0,0.0,2384.0,1074992.0,0.0,0.0,1762.0,0.0,0.0,0.0,0.0
2023-03-20 16:03:44.858000+00:00,827392.0,15437824.0,17485824.0,17485824.0,8.86,0.090045185,20.66,752337.0,0.0,0.0,2390.0,1077009.0,0.0,0.0,1767.0,0.0,0.0,0.0,0.0
2023-03-20 16:03:49.434000+00:00,827392.0,15437824.0,17485824.0,17485824.0,8.88,0.090045185,20.68,752337.0,0.0,0.0,2394.0,1078907.0,0.0,0.0,1770.0,0.0,0.0,0.0,0.0
2023-03-20 16:03:54.075000+00:00,827392.0,15339520.0,18137088.0,18137088.0,8.92,0.090045185,20.78,754425.0,0.0,0.0,2397.0,1080726.0,0.0,0.0,1772.0,0.0,0.0,0.0,0.0
2023-03-20 16:03:58.567000+00:00,827392.0,15339520.0,18137088.0,18137088.0,8.92,0.090045185,20.78,754425.0,0.0,0.0,2397.0,1080726.0,0.0,0.0,1772.0,0.0,0.0,0.0,0.0
2023-03-20 16:04:03.966000+00:00,827392.0,15110144.0,18132992.0,18132992.0,8.94,0.090045185,20.81,756577.0,0.0,0.0,2405.0,1084506.0,0.0,0.0,1778.0,0.0,0.0,0.0,0.0
2023-03-20 16:04:08.257000+00:00,827392.0,15110144.0,18132992.0,16867328.0,8.94,0.090045185,20.82,758536.0,0.0,0.0,2409.0,1086391.0,0.0,0.0,1781.0,0.0,0.0,0.0,0.0
2023-03-20 16:04:13.924000+00:00,827392.0,13709312.0,16216064.0,16216064.0,8.98,0.090045185,20.89,759624.0,0.0,0.0,2413.0,1088286.0,0.0,0.0,1784.0,0.0,0.0,0.0,0.0
2023-03-20 16:04:19.195000+00:00,827392.0,13709312.0,16216064.0,16216064.0,8.98,0.090045185,20.94,759624.0,0.0,0.0,2417.0,1090181.0,0.0,0.0,1787.0,0.0,0.0,0.0,0.0
2023-03-20 16:04:24.256000+00:00,847872.0,13434880.0,15593472.0,15593472.0,9.03,0.090045185,21.01,761091.0,0.0,0.0,2419.0,1091932.0,0.0,0.0,1788.0,0.0,0.0,0.0,0.0
2023-03-20 16:04:28.757000+00:00,847872.0,13434880.0,15593472.0,15593472.0,9.04,0.090045185,21.1,761091.0,0.0,0.0,2419.0,1091932.0,0.0,0.0,1788.0,0.0,0.0,0.0,0.0
2023-03-20 16:04:33.567000+00:00,847872.0,16523264.0,18550784.0,18550784.0,9.06,0.090045185,21.13,764661.0,0.0,0.0,2429.0,1095849.0,0.0,0.0,1796.0,0.0,0.0,0.0,0.0
2023-03-20 16:04:39.083000+00:00,847872.0,16523264.0,18550784.0,18550784.0,9.1,0.090045185,21.2,764661.0,0.0,0.0,2434.0,1097809.0,0.0,0.0,1800.0,0.0,0.0,0.0,0.0
2023-03-20 16:04:44.210000+00:00,847872.0,14712832.0,16723968.0,16723968.0,9.1,0.090045185,21.22,768548.0,0.0,0.0,2438.0,1099692.0,0.0,0.0,1803.0,0.0,0.0,0.0,0.0
2023-03-20 16:04:49.271000+00:00,847872.0,16318464.0,18202624.0,18202624.0,9.12,0.090045185,21.23,770848.0,0.0,0.0,2444.0,1101715.0,0.0,0.0,1808.0,0.0,0.0,0.0,0.0
2023-03-20 16:04:53.951000+00:00,847872.0,13361152.0,15675392.0,15675392.0,9.13,0.090045185,21.27,771897.0,0.0,0.0,2447.0,1103535.0,0.0,0.0,1810.0,0.0,0.0,0.0,0.0
2023-03-20 16:04:59.902000+00:00,847872.0,13361152.0,15675392.0,15675392.0,9.14,0.090045185,21.28,771897.0,0.0,0.0,2447.0,1103535.0,0.0,0.0,1810.0,0.0,0.0,0.0,0.0
2023-03-20 16:05:04.711000+00:00,847872.0,15122432.0,17014784.0,17014784.0,9.15,0.090045185,21.33,774049.0,0.0,0.0,2454.0,1107252.0,0.0,0.0,1815.0,0.0,0.0,0.0,0.0
2023-03-20 16:05:09.464000+00:00,847872.0,16244736.0,18427904.0,18427904.0,9.17,0.090045185,21.35,775187.0,0.0,0.0,2458.0,1109144.0,0.0,0.0,1818.0,0.0,0.0,0.0,0.0
2023-03-20 16:05:14.112000+00:00,847872.0,16457728.0,18350080.0,18350080.0,9.17,0.090045185,21.36,776212.0,0.0,0.0,2461.0,1110964.0,0.0,0.0,1820.0,0.0,0.0,0.0,0.0
2023-03-20 16:05:19.266000+00:00,847872.0,17821696.0,19980288.0,19980288.0,9.17,0.090045185,21.36,778899.0,0.0,0.0,2467.0,1112991.0,0.0,0.0,1825.0,0.0,0.0,0.0,0.0
2023-03-20 16:05:23.458000+00:00,868352.0,15208448.0,17027072.0,17027072.0,9.2,0.090045185,21.45,780685.0,0.0,0.0,2471.0,1114874.0,0.0,0.0,1828.0,0.0,0.0,0.0,0.0
2023-03-20 16:05:29.461000+00:00,868352.0,15208448.0,17027072.0,17027072.0,9.21,0.090045185,21.45,780685.0,0.0,0.0,2471.0,1114874.0,0.0,0.0,1828.0,0.0,0.0,0.0,0.0
2023-03-20 16:05:34.092000+00:00,868352.0,17575936.0,19333120.0,19333120.0,9.21,0.090045185,21.51,784383.0,0.0,0.0,2480.0,1118717.0,0.0,0.0,1835.0,0.0,0.0,0.0,0.0
2023-03-20 16:05:39.191000+00:00,868352.0,17592320.0,19349504.0,19349504.0,9.22,0.090045185,21.52,785483.0,0.0,0.0,2484.0,1120610.0,0.0,0.0,1838.0,0.0,0.0,0.0,0.0
2023-03-20 16:05:44.023000+00:00,868352.0,19288064.0,23220224.0,23220224.0,9.23,0.090045185,21.57,787122.0,0.0,0.0,2488.0,1122501.0,0.0,0.0,1841.0,0.0,0.0,0.0,0.0
2023-03-20 16:05:48.786000+00:00,868352.0,18321408.0,20082688.0,20082688.0,9.24,0.090045185,21.58,788894.0,0.0,0.0,2492.0,1124380.0,0.0,0.0,1844.0,0.0,0.0,0.0,0.0
2023-03-20 16:05:54.410000+00:00,868352.0,16445440.0,18374656.0,18374656.0,9.26,0.090045185,21.62,790713.0,0.0,0.0,2497.0,1126339.0,0.0,0.0,1848.0,0.0,0.0,0.0,0.0
2023-03-20 16:05:59.433000+00:00,868352.0,17707008.0,19820544.0,19820544.0,9.27,0.090045185,21.66,791791.0,0.0,0.0,2501.0,1128227.0,0.0,0.0,1851.0,0.0,0.0,0.0,0.0
2023-03-20 16:06:04.323000+00:00,868352.0,18374656.0,20131840.0,20131840.0,9.27,0.090045185,21.67,792157.0,0.0,0.0,2503.0,1129981.0,0.0,0.0,1852.0,0.0,0.0,0.0,0.0
2023-03-20 16:06:08.912000+00:00,868352.0,19038208.0,20918272.0,20918272.0,9.27,0.090045185,21.67,792597.0,0.0,0.0,2506.0,1131802.0,0.0,0.0,1854.0,0.0,0.0,0.0,0.0
2023-03-20 16:06:13.708000+00:00,868352.0,19066880.0,20824064.0,20824064.0,9.28,0.090045185,21.68,793103.0,0.0,0.0,2510.0,1133696.0,0.0,0.0,1857.0,0.0,0.0,0.0,0.0
2023-03-20 16:06:19.466000+00:00,868352.0,19066880.0,20824064.0,16891904.0,9.31,0.090045185,21.72,794326.0,0.0,0.0,2515.0,1135657.0,0.0,0.0,1861.0,0.0,0.0,0.0,0.0
2023-03-20 16:06:23.875000+00:00,884736.0,17018880.0,18788352.0,18788352.0,9.32,0.090045185,21.76,796069.0,0.0,0.0,2519.0,1137536.0,0.0,0.0,1864.0,0.0,0.0,0.0,0.0
2023-03-20 16:06:29.560000+00:00,884736.0,17018880.0,18788352.0,18788352.0,9.33,0.090045185,21.76,796069.0,0.0,0.0,2519.0,1137536.0,0.0,0.0,1864.0,0.0,0.0,0.0,0.0
2023-03-20 16:06:33.663000+00:00,884736.0,15421440.0,17182720.0,17182720.0,9.33,0.090045185,21.8,798331.0,0.0,0.0,2527.0,1141314.0,0.0,0.0,1870.0,0.0,0.0,0.0,0.0
2023-03-20 16:06:38.900000+00:00,884736.0,15421440.0,20348928.0,20348928.0,9.33,0.090045185,21.82,799359.0,0.0,0.0,2530.0,1143129.0,0.0,0.0,1872.0,0.0,0.0,0.0,0.0
2023-03-20 16:06:43.567000+00:00,884736.0,19636224.0,21393408.0,21393408.0,9.33,0.090045185,21.83,800549.0,0.0,0.0,2535.0,1145091.0,0.0,0.0,1876.0,0.0,0.0,0.0,0.0
2023-03-20 16:06:48.658000+00:00,884736.0,19636224.0,21393408.0,21393408.0,9.38,0.090045185,21.88,800549.0,0.0,0.0,2537.0,1146848.0,0.0,0.0,1877.0,0.0,0.0,0.0,0.0
2023-03-20 16:06:53.751000+00:00,884736.0,16113664.0,17997824.0,17997824.0,9.4,0.090045185,21.9,803292.0,0.0,0.0,2543.0,1148868.0,0.0,0.0,1882.0,0.0,0.0,0.0,0.0
2023-03-20 16:06:59.606000+00:00,884736.0,16113664.0,17997824.0,17997824.0,9.4,0.090045185,21.91,803292.0,0.0,0.0,2543.0,1148868.0,0.0,0.0,1882.0,0.0,0.0,0.0,0.0
2023-03-20 16:07:04.332000+00:00,884736.0,15339520.0,17100800.0,17100800.0,9.41,0.090045185,21.97,804780.0,0.0,0.0,2549.0,1152501.0,0.0,0.0,1886.0,0.0,0.0,0.0,0.0
2023-03-20 16:07:09.781000+00:00,884736.0,15339520.0,17100800.0,17100800.0,9.41,0.090045185,22.0,804780.0,0.0,0.0,2549.0,1154524.0,0.0,0.0,1891.0,0.0,0.0,0.0,0.0
2023-03-20 16:07:14.217000+00:00,884736.0,16388096.0,18235392.0,18235392.0,9.46,0.090045185,22.03,809601.0,0.0,0.0,2560.0,1156476.0,0.0,0.0,1895.0,0.0,0.0,0.0,0.0
2023-03-20 16:07:19.681000+00:00,884736.0,16388096.0,18276352.0,18276352.0,9.46,0.090045185,22.04,811387.0,0.0,0.0,2565.0,1158436.0,0.0,0.0,1899.0,0.0,0.0,0.0,0.0
2023-03-20 16:07:23.359000+00:00,901120.0,16592896.0,19537920.0,19537920.0,9.46,0.090045185,22.05,812480.0,0.0,0.0,2568.0,1160253.0,0.0,0.0,1901.0,0.0,0.0,0.0,0.0
2023-03-20 16:07:28.911000+00:00,901120.0,16592896.0,18350080.0,19537920.0,9.46,0.090045185,22.05,812480.0,0.0,0.0,2568.0,1160253.0,0.0,0.0,1901.0,0.0,0.0,0.0,0.0
2023-03-20 16:07:34.178000+00:00,901120.0,18042880.0,21319680.0,21319680.0,9.5,0.090045185,22.12,816735.0,0.0,0.0,2578.0,1164169.0,0.0,0.0,1909.0,0.0,0.0,0.0,0.0
2023-03-20 16:07:39.056000+00:00,901120.0,18042880.0,21319680.0,21319680.0,9.5,0.090045185,22.13,816735.0,0.0,0.0,2578.0,1164169.0,0.0,0.0,1909.0,0.0,0.0,0.0,0.0
2023-03-20 16:07:44.787000+00:00,901120.0,14655488.0,16543744.0,16543744.0,9.56,0.090045185,22.24,820510.0,0.0,0.0,2587.0,1168009.0,0.0,0.0,1916.0,0.0,0.0,0.0,0.0
2023-03-20 16:07:49.583000+00:00,901120.0,14655488.0,16543744.0,16543744.0,9.57,0.090045185,22.32,820510.0,0.0,0.0,2587.0,1168009.0,0.0,0.0,1916.0,0.0,0.0,0.0,0.0
2023-03-20 16:07:54.887000+00:00,901120.0,17678336.0,19881984.0,19881984.0,9.58,0.090045185,22.32,822702.0,0.0,0.0,2595.0,1171784.0,0.0,0.0,1922.0,0.0,0.0,0.0,0.0
2023-03-20 16:07:58.614000+00:00,901120.0,17678336.0,19881984.0,19881984.0,9.58,0.090045185,22.33,822702.0,0.0,0.0,2595.0,1171784.0,0.0,0.0,1922.0,0.0,0.0,0.0,0.0
2023-03-20 16:08:03.996000+00:00,901120.0,18063360.0,19955712.0,19955712.0,9.58,0.090045185,22.34,823574.0,0.0,0.0,2601.0,1175429.0,0.0,0.0,1926.0,0.0,0.0,0.0,0.0
2023-03-20 16:08:08.066000+00:00,901120.0,18063360.0,19955712.0,19955712.0,9.64,0.090045185,22.49,823574.0,0.0,0.0,2601.0,1175429.0,0.0,0.0,1926.0,0.0,0.0,0.0,0.0
2023-03-20 16:08:14.471000+00:00,901120.0,16662528.0,18575360.0,18575360.0,9.66,0.090045185,22.51,825790.0,0.0,0.0,2609.0,1179207.0,0.0,0.0,1932.0,0.0,0.0,0.0,0.0
2023-03-20 16:08:19.883000+00:00,901120.0,16662528.0,18980864.0,18980864.0,9.66,0.090045185,22.52,826962.0,0.0,0.0,2613.0,1181102.0,0.0,0.0,1935.0,0.0,0.0,0.0,0.0
2023-03-20 16:08:23.969000+00:00,921600.0,18083840.0,19980288.0,19980288.0,9.66,0.090045185,22.54,828698.0,0.0,0.0,2617.0,1182985.0,0.0,0.0,1938.0,0.0,0.0,0.0,0.0
2023-03-20 16:08:28.838000+00:00,921600.0,18083840.0,19980288.0,19980288.0,9.67,0.090045185,22.61,828698.0,0.0,0.0,2617.0,1182985.0,0.0,0.0,1938.0,0.0,0.0,0.0,0.0
2023-03-20 16:08:34.387000+00:00,921600.0,17006592.0,19832832.0,19832832.0,9.68,0.090045185,22.64,832186.0,0.0,0.0,2626.0,1186824.0,0.0,0.0,1945.0,0.0,0.0,0.0,0.0
2023-03-20 16:08:38.903000+00:00,921600.0,16711680.0,18518016.0,18518016.0,9.68,0.090045185,22.64,833224.0,0.0,0.0,2629.0,1188641.0,0.0,0.0,1947.0,0.0,0.0,0.0,0.0
2023-03-20 16:08:43.422000+00:00,921600.0,16633856.0,18661376.0,18661376.0,9.72,0.090045185,22.7,833656.0,0.0,0.0,2632.0,1190468.0,0.0,0.0,1949.0,0.0,0.0,0.0,0.0
2023-03-20 16:08:49.816000+00:00,921600.0,16633856.0,17383424.0,17383424.0,9.72,0.090045185,22.8,836036.0,0.0,0.0,2639.0,1192559.0,0.0,0.0,1955.0,0.0,0.0,0.0,0.0
2023-03-20 16:08:53.851000+00:00,921600.0,15372288.0,17170432.0,17170432.0,9.74,0.090045185,22.84,836402.0,0.0,0.0,2641.0,1194308.0,0.0,0.0,1956.0,0.0,0.0,0.0,0.0
2023-03-20 16:08:59.580000+00:00,921600.0,15372288.0,17170432.0,17170432.0,9.74,0.090045185,22.85,836402.0,0.0,0.0,2641.0,1194308.0,0.0,0.0,1956.0,0.0,0.0,0.0,0.0
2023-03-20 16:09:04.528000+00:00,921600.0,16703488.0,19828736.0,19828736.0,9.74,0.090045185,22.92,838668.0,0.0,0.0,2649.0,1198088.0,0.0,0.0,1962.0,0.0,0.0,0.0,0.0
2023-03-20 16:09:09.461000+00:00,921600.0,16703488.0,18337792.0,18337792.0,9.76,0.090045185,22.92,839842.0,0.0,0.0,2653.0,1199984.0,0.0,0.0,1965.0,0.0,0.0,0.0,0.0
2023-03-20 16:09:14.052000+00:00,921600.0,16580608.0,18599936.0,18599936.0,9.76,0.090045185,22.94,840904.0,0.0,0.0,2656.0,1201801.0,0.0,0.0,1967.0,0.0,0.0,0.0,0.0
2023-03-20 16:09:18.281000+00:00,921600.0,16580608.0,18599936.0,19402752.0,9.76,0.090045185,22.94,842633.0,0.0,0.0,2660.0,1203686.0,0.0,0.0,1970.0,0.0,0.0,0.0,0.0
2023-03-20 16:09:23.229000+00:00,937984.0,14532608.0,16736256.0,16736256.0,9.77,0.090045185,22.99,844465.0,0.0,0.0,2665.0,1205644.0,0.0,0.0,1974.0,0.0,0.0,0.0,0.0
2023-03-20 16:09:28.735000+00:00,937984.0,14532608.0,16736256.0,16736256.0,9.78,0.090045185,23.0,844465.0,0.0,0.0,2665.0,1205644.0,0.0,0.0,1974.0,0.0,0.0,0.0,0.0
2023-03-20 16:09:34.516000+00:00,937984.0,17244160.0,19259392.0,19259392.0,9.79,0.090045185,23.0,847492.0,0.0,0.0,2673.0,1209424.0,0.0,0.0,1980.0,0.0,0.0,0.0,0.0
2023-03-20 16:09:39.100000+00:00,937984.0,17244160.0,19259392.0,19259392.0,9.85,0.090045185,23.08,847492.0,0.0,0.0,2673.0,1211386.0,0.0,0.0,1984.0,0.0,0.0,0.0,0.0
2023-03-20 16:09:44.863000+00:00,937984.0,16416768.0,18460672.0,18460672.0,9.89,0.090045185,23.18,851276.0,0.0,0.0,2682.0,1213269.0,0.0,0.0,1987.0,0.0,0.0,0.0,0.0
2023-03-20 16:09:49.665000+00:00,937984.0,16416768.0,17137664.0,17137664.0,9.9,0.090045185,23.26,853692.0,0.0,0.0,2688.0,1215294.0,0.0,0.0,1992.0,0.0,0.0,0.0,0.0
2023-03-20 16:09:53.874000+00:00,937984.0,15368192.0,17133568.0,17133568.0,9.9,0.090045185,23.26,854058.0,0.0,0.0,2690.0,1217047.0,0.0,0.0,1993.0,0.0,0.0,0.0,0.0
2023-03-20 16:09:59.436000+00:00,937984.0,17457152.0,17133568.0,17133568.0,9.9,0.090045185,23.27,854058.0,0.0,0.0,2690.0,1217047.0,0.0,0.0,1993.0,0.0,0.0,0.0,0.0
2023-03-20 16:10:03.576000+00:00,937984.0,18026496.0,19783680.0,19783680.0,9.91,0.090045185,23.28,857724.0,0.0,0.0,2700.0,1220963.0,0.0,0.0,2001.0,0.0,0.0,0.0,0.0
2023-03-20 16:10:09.210000+00:00,937984.0,18026496.0,19783680.0,19783680.0,9.91,0.090045185,23.29,857724.0,0.0,0.0,2700.0,1220963.0,0.0,0.0,2001.0,0.0,0.0,0.0,0.0
2023-03-20 16:10:14.853000+00:00,937984.0,18026496.0,19787776.0,19787776.0,9.91,0.090045185,23.29,859299.0,0.0,0.0,2707.0,1224674.0,0.0,0.0,2006.0,0.0,0.0,0.0,0.0
2023-03-20 16:10:18.237000+00:00,937984.0,18026496.0,19914752.0,19914752.0,9.91,0.090045185,23.3,859665.0,0.0,0.0,2709.0,1226424.0,0.0,0.0,2007.0,0.0,0.0,0.0,0.0
2023-03-20 16:10:24.849000+00:00,954368.0,19570688.0,21327872.0,21327872.0,9.91,0.090045185,23.32,861374.0,0.0,0.0,2714.0,1228390.0,0.0,0.0,2011.0,0.0,0.0,0.0,0.0
2023-03-20 16:10:29.673000+00:00,954368.0,19570688.0,21327872.0,21327872.0,9.92,0.090045185,23.38,861374.0,0.0,0.0,2714.0,1228390.0,0.0,0.0,2011.0,0.0,0.0,0.0,0.0
2023-03-20 16:10:34.737000+00:00,954368.0,18325504.0,20238336.0,20238336.0,9.92,0.090309948,23.38,863510.0,0.0,0.0,2721.0,1232100.0,0.0,0.0,2016.0,0.0,0.0,0.0,0.0
2023-03-20 16:10:39.559000+00:00,954368.0,18325504.0,21532672.0,21532672.0,9.92,0.090309948,23.39,863942.0,0.0,0.0,2724.0,1233932.0,0.0,0.0,2018.0,0.0,0.0,0.0,0.0
2023-03-20 16:10:43.885000+00:00,954368.0,16785408.0,18542592.0,18542592.0,9.95,0.091421855,23.44,864382.0,0.0,0.0,2727.0,1235755.0,0.0,0.0,2020.0,0.0,0.0,0.0,0.0
2023-03-20 16:10:49.379000+00:00,954368.0,16785408.0,20627456.0,20627456.0,9.97,0.092523902,23.44,866503.0,0.0,0.0,2733.0,1237787.0,0.0,0.0,2025.0,0.0,0.0,0.0,0.0
2023-03-20 16:10:54.654000+00:00,954368.0,16834560.0,18591744.0,18591744.0,9.97,0.092523902,23.48,867480.0,0.0,0.0,2736.0,1239606.0,0.0,0.0,2027.0,0.0,0.0,0.0,0.0
2023-03-20 16:10:58.897000+00:00,954368.0,18284544.0,20664320.0,20664320.0,9.99,0.093354679,23.52,867846.0,0.0,0.0,2738.0,1241358.0,0.0,0.0,2027.0,0.0,0.0,0.0,0.0
2023-03-20 16:11:03.476000+00:00,954368.0,18284544.0,20041728.0,20041728.0,9.99,0.093354679,23.53,868352.0,0.0,0.0,2742.0,1243254.0,0.0,0.0,2031.0,0.0,0.0,0.0,0.0
2023-03-20 16:11:08.290000+00:00,954368.0,18284544.0,20303872.0,20303872.0,10.0,0.093354679,23.54,869452.0,0.0,0.0,2746.0,1245144.0,0.0,0.0,2034.0,0.0,0.0,0.0,0.0
2023-03-20 16:11:14.580000+00:00,954368.0,13697024.0,15695872.0,15695872.0,10.05,0.093525356,23.66,870667.0,0.0,0.0,2750.0,1247045.0,0.0,0.0,2037.0,0.0,0.0,0.0,0.0
2023-03-20 16:11:19.572000+00:00,954368.0,13697024.0,18100224.0,18100224.0,10.1,0.094400166,23.72,871821.0,0.0,0.0,2754.0,1248937.0,0.0,0.0,2040.0,0.0,0.0,0.0,0.0
2023-03-20 16:11:23.564000+00:00,966656.0,17588224.0,19394560.0,19394560.0,10.1,0.094400166,23.72,872915.0,0.0,0.0,2757.0,1250753.0,0.0,0.0,2042.0,0.0,0.0,0.0,0.0
2023-03-20 16:11:28.970000+00:00,966656.0,17588224.0,19394560.0,19394560.0,10.11,0.095090846,23.78,872915.0,0.0,0.0,2757.0,1250753.0,0.0,0.0,2042.0,0.0,0.0,0.0,0.0
2023-03-20 16:11:33.753000+00:00,966656.0,15446016.0,19128320.0,19128320.0,10.2,0.096117501,23.95,876598.0,0.0,0.0,2766.0,1254602.0,0.0,0.0,2049.0,0.0,0.0,0.0,0.0
2023-03-20 16:11:39.746000+00:00,966656.0,15446016.0,19128320.0,20795392.0,10.2,0.096117501,23.96,879191.0,0.0,0.0,2772.0,1256630.0,0.0,0.0,2054.0,0.0,0.0,0.0,0.0
2023-03-20 16:11:44.258000+00:00,966656.0,17518592.0,19279872.0,19279872.0,10.2,0.096117501,23.97,880231.0,0.0,0.0,2775.0,1258455.0,0.0,0.0,2056.0,0.0,0.0,0.0,0.0
2023-03-20 16:11:49.382000+00:00,966656.0,14069760.0,16146432.0,16146432.0,10.25,0.096117501,24.01,880663.0,0.0,0.0,2778.0,1260286.0,0.0,0.0,2058.0,0.0,0.0,0.0,0.0
2023-03-20 16:11:54.337000+00:00,966656.0,14413824.0,16175104.0,16175104.0,10.26,0.096117501,24.02,883166.0,0.0,0.0,2784.0,1262307.0,0.0,0.0,2063.0,0.0,0.0,0.0,0.0
2023-03-20 16:11:59.479000+00:00,966656.0,16207872.0,18063360.0,18063360.0,10.26,0.096117501,24.04,884319.0,0.0,0.0,2788.0,1264203.0,0.0,0.0,2066.0,0.0,0.0,0.0,0.0
2023-03-20 16:12:03.145000+00:00,966656.0,17084416.0,18853888.0,18853888.0,10.26,0.096117501,24.04,885362.0,0.0,0.0,2791.0,1266020.0,0.0,0.0,2068.0,0.0,0.0,0.0,0.0
2023-03-20 16:12:09.194000+00:00,966656.0,17084416.0,18853888.0,19062784.0,10.26,0.096117501,24.05,887161.0,0.0,0.0,2796.0,1267982.0,0.0,0.0,2072.0,0.0,0.0,0.0,0.0
2023-03-20 16:12:14.427000+00:00,966656.0,17264640.0,19087360.0,19087360.0,10.26,0.096117501,24.05,890265.0,0.0,0.0,2802.0,1270001.0,0.0,0.0,2077.0,0.0,0.0,0.0,0.0
2023-03-20 16:12:18.874000+00:00,966656.0,17264640.0,19087360.0,19804160.0,10.31,0.096427693,24.09,892000.0,0.0,0.0,2806.0,1271887.0,0.0,0.0,2080.0,0.0,0.0,0.0,0.0
2023-03-20 16:12:24.344000+00:00,991232.0,14835712.0,18657280.0,18657280.0,10.36,0.098992972,24.18,893158.0,0.0,0.0,2810.0,1273786.0,0.0,0.0,2083.0,0.0,0.0,0.0,0.0
2023-03-20 16:12:28.636000+00:00,991232.0,16629760.0,18391040.0,18391040.0,10.36,0.098992972,24.18,894177.0,0.0,0.0,2813.0,1275605.0,0.0,0.0,2085.0,0.0,0.0,0.0,0.0
2023-03-20 16:12:34.200000+00:00,991232.0,15540224.0,17448960.0,17448960.0,10.37,0.098992972,24.21,894609.0,0.0,0.0,2816.0,1277430.0,0.0,0.0,2087.0,0.0,0.0,0.0,0.0
2023-03-20 16:12:39.302000+00:00,991232.0,15540224.0,17448960.0,17448960.0,10.38,0.098992972,24.22,896566.0,0.0,0.0,2822.0,1279456.0,0.0,0.0,2092.0,0.0,0.0,0.0,0.0
2023-03-20 16:12:44.894000+00:00,991232.0,17608704.0,19636224.0,19636224.0,10.4,0.098992972,24.25,897589.0,0.0,0.0,2825.0,1281280.0,0.0,0.0,2094.0,0.0,0.0,0.0,0.0
2023-03-20 16:12:48.787000+00:00,991232.0,17608704.0,19636224.0,19636224.0,10.4,0.098992972,24.25,897589.0,0.0,0.0,2827.0,1283030.0,0.0,0.0,2095.0,0.0,0.0,0.0,0.0
2023-03-20 16:12:54.160000+00:00,991232.0,16674816.0,19320832.0,19320832.0,10.42,0.098992972,24.32,900648.0,0.0,0.0,2833.0,1285061.0,0.0,0.0,2100.0,0.0,0.0,0.0,0.0
2023-03-20 16:12:58.651000+00:00,991232.0,16363520.0,18239488.0,18239488.0,10.44,0.098992972,24.36,901845.0,0.0,0.0,2836.0,1286884.0,0.0,0.0,2102.0,0.0,0.0,0.0,0.0
2023-03-20 16:13:03.543000+00:00,991232.0,17133568.0,18894848.0,18894848.0,10.44,0.098992972,24.37,903023.0,0.0,0.0,2841.0,1288839.0,0.0,0.0,2106.0,0.0,0.0,0.0,0.0
2023-03-20 16:13:08.785000+00:00,991232.0,17133568.0,18894848.0,18894848.0,10.45,0.098992972,24.38,904049.0,0.0,0.0,2844.0,1290661.0,0.0,0.0,2108.0,0.0,0.0,0.0,0.0
2023-03-20 16:13:13.786000+00:00,991232.0,18141184.0,19902464.0,19902464.0,10.45,0.098992972,24.39,905166.0,0.0,0.0,2849.0,1292621.0,0.0,0.0,2112.0,0.0,0.0,0.0,0.0
2023-03-20 16:13:19.624000+00:00,991232.0,18141184.0,19902464.0,19902464.0,10.49,0.098992972,24.47,905166.0,0.0,0.0,2852.0,1294443.0,0.0,0.0,2114.0,0.0,0.0,0.0,0.0
2023-03-20 16:13:24.073000+00:00,1003520.0,18329600.0,21000192.0,21000192.0,10.5,0.098992972,24.49,906730.0,0.0,0.0,2856.0,1296331.0,0.0,0.0,2117.0,0.0,0.0,0.0,0.0
2023-03-20 16:13:28.832000+00:00,1003520.0,19763200.0,21528576.0,21528576.0,10.5,0.098992972,24.5,907791.0,0.0,0.0,2859.0,1298147.0,0.0,0.0,2119.0,0.0,0.0,0.0,0.0
2023-03-20 16:13:33.111000+00:00,1003520.0,16740352.0,19865600.0,19865600.0,10.52,0.098992972,24.55,908223.0,0.0,0.0,2862.0,1299978.0,0.0,0.0,2121.0,0.0,0.0,0.0,0.0
2023-03-20 16:13:38.525000+00:00,1003520.0,16740352.0,19865600.0,19865600.0,10.54,0.098992972,24.61,908223.0,0.0,0.0,2865.0,1301796.0,0.0,0.0,2123.0,0.0,0.0,0.0,0.0
2023-03-20 16:13:44.490000+00:00,1003520.0,17969152.0,19734528.0,19734528.0,10.54,0.098992972,24.62,909169.0,0.0,0.0,2869.0,1303691.0,0.0,0.0,2126.0,0.0,0.0,0.0,0.0
2023-03-20 16:13:49.509000+00:00,1003520.0,18337792.0,20779008.0,20779008.0,10.56,0.098992972,24.65,911147.0,0.0,0.0,2875.0,1305718.0,0.0,0.0,2131.0,0.0,0.0,0.0,0.0
2023-03-20 16:13:53.727000+00:00,1003520.0,18337792.0,20238336.0,20238336.0,10.56,0.098992972,24.66,912185.0,0.0,0.0,2878.0,1307538.0,0.0,0.0,2133.0,0.0,0.0,0.0,0.0
2023-03-20 16:13:58.815000+00:00,1003520.0,14364672.0,16412672.0,16412672.0,10.6,0.098992972,24.72,913214.0,0.0,0.0,2881.0,1309362.0,0.0,0.0,2135.0,0.0,0.0,0.0,0.0
2023-03-20 16:14:03.540000+00:00,1003520.0,13971456.0,16412672.0,16412672.0,10.62,0.098992972,24.78,913646.0,0.0,0.0,2884.0,1311189.0,0.0,0.0,2137.0,0.0,0.0,0.0,0.0
2023-03-20 16:14:09.542000+00:00,1003520.0,13971456.0,16412672.0,16412672.0,10.62,0.098992972,24.78,913646.0,0.0,0.0,2884.0,1311189.0,0.0,0.0,2142.0,0.0,0.0,0.0,0.0
2023-03-20 16:14:14.099000+00:00,1003520.0,14635008.0,16396288.0,16396288.0,10.62,0.098992972,24.79,916111.0,0.0,0.0,2892.0,1314963.0,0.0,0.0,2143.0,0.0,0.0,0.0,0.0
2023-03-20 16:14:18.909000+00:00,1003520.0,14635008.0,16396288.0,16396288.0,10.62,0.098992972,24.8,916111.0,0.0,0.0,2892.0,1314963.0,0.0,0.0,2145.0,0.0,0.0,0.0,0.0
2023-03-20 16:14:23.436000+00:00,1011712.0,13508608.0,16080896.0,16080896.0,10.7,0.098992972,24.9,917057.0,0.0,0.0,2899.0,1318673.0,0.0,0.0,2148.0,0.0,0.0,0.0,0.0
2023-03-20 16:14:29.171000+00:00,1011712.0,13508608.0,16080896.0,16080896.0,10.71,0.098992972,24.95,917057.0,0.0,0.0,2899.0,1318673.0,0.0,0.0,2148.0,0.0,0.0,0.0,0.0
2023-03-20 16:14:33.643000+00:00,1011712.0,17022976.0,18915328.0,18915328.0,10.71,0.098992972,24.95,921957.0,0.0,0.0,2911.0,1322715.0,0.0,0.0,2158.0,0.0,0.0,0.0,0.0
2023-03-20 16:14:38.973000+00:00,1011712.0,17022976.0,18915328.0,18915328.0,10.73,0.098992972,25.04,921957.0,0.0,0.0,2911.0,1322715.0,0.0,0.0,2158.0,0.0,0.0,0.0,0.0
2023-03-20 16:14:43.546000+00:00,1011712.0,17149952.0,19832832.0,19832832.0,10.74,0.098992972,25.06,924869.0,0.0,0.0,2919.0,1326484.0,0.0,0.0,2164.0,0.0,0.0,0.0,0.0
2023-03-20 16:14:48.532000+00:00,1011712.0,17149952.0,19832832.0,19832832.0,10.74,0.098992972,25.06,924869.0,0.0,0.0,2919.0,1326484.0,0.0,0.0,2169.0,0.0,0.0,0.0,0.0
2023-03-20 16:14:53.857000+00:00,1011712.0,16400384.0,18169856.0,18169856.0,10.76,0.098992972,25.09,928284.0,0.0,0.0,2928.0,1330324.0,0.0,0.0,2171.0,0.0,0.0,0.0,0.0
2023-03-20 16:14:59.019000+00:00,1011712.0,18104320.0,21192704.0,21192704.0,10.76,0.098992972,25.1,928284.0,0.0,0.0,2928.0,1330324.0,0.0,0.0,2171.0,0.0,0.0,0.0,0.0
2023-03-20 16:15:03.487000+00:00,1011712.0,18489344.0,20250624.0,20250624.0,10.76,0.098992972,25.1,929805.0,0.0,0.0,2935.0,1334042.0,0.0,0.0,2176.0,0.0,0.0,0.0,0.0
2023-03-20 16:15:09.833000+00:00,1011712.0,14114816.0,15912960.0,15912960.0,10.82,0.098992972,25.25,932268.0,0.0,0.0,2941.0,1336068.0,0.0,0.0,2181.0,0.0,0.0,0.0,0.0
2023-03-20 16:15:14.384000+00:00,1011712.0,14114816.0,15880192.0,15880192.0,10.82,0.098992972,25.25,933315.0,0.0,0.0,2944.0,1337887.0,0.0,0.0,2183.0,0.0,0.0,0.0,0.0
2023-03-20 16:15:18.997000+00:00,1011712.0,14114816.0,17317888.0,17317888.0,10.85,0.098992972,25.34,933681.0,0.0,0.0,2946.0,1339638.0,0.0,0.0,2184.0,0.0,0.0,0.0,0.0
2023-03-20 16:15:24.581000+00:00,1032192.0,16392192.0,18292736.0,18292736.0,10.86,0.098992972,25.37,934951.0,0.0,0.0,2951.0,1341587.0,0.0,0.0,2188.0,0.0,0.0,0.0,0.0
2023-03-20 16:15:29.295000+00:00,1032192.0,16392192.0,18292736.0,18292736.0,10.92,0.098992972,25.49,934951.0,0.0,0.0,2951.0,1341587.0,0.0,0.0,2188.0,0.0,0.0,0.0,0.0
2023-03-20 16:15:34.708000+00:00,1032192.0,15839232.0,17637376.0,17637376.0,10.93,0.098992972,25.5,938071.0,0.0,0.0,2959.0,1345362.0,0.0,0.0,2194.0,0.0,0.0,0.0,0.0
2023-03-20 16:15:38.856000+00:00,1032192.0,15839232.0,19963904.0,19963904.0,10.94,0.098992972,25.55,938437.0,0.0,0.0,2961.0,1347116.0,0.0,0.0,2195.0,0.0,0.0,0.0,0.0
2023-03-20 16:15:43.380000+00:00,1032192.0,17309696.0,19468288.0,19468288.0,10.94,0.098992972,25.56,939591.0,0.0,0.0,2966.0,1349078.0,0.0,0.0,2199.0,0.0,0.0,0.0,0.0
2023-03-20 16:15:49.807000+00:00,1032192.0,17309696.0,18264064.0,18264064.0,10.94,0.098992972,25.56,941473.0,0.0,0.0,2971.0,1351037.0,0.0,0.0,2203.0,0.0,0.0,0.0,0.0
2023-03-20 16:15:54.871000+00:00,1032192.0,16900096.0,18702336.0,18702336.0,10.95,0.098992972,25.6,942511.0,0.0,0.0,2974.0,1352858.0,0.0,0.0,2205.0,0.0,0.0,0.0,0.0
2023-03-20 16:15:58.906000+00:00,1032192.0,17956864.0,19763200.0,19763200.0,10.95,0.098992972,25.67,942877.0,0.0,0.0,2976.0,1354614.0,0.0,0.0,2206.0,0.0,0.0,0.0,0.0
2023-03-20 16:16:04.013000+00:00,1032192.0,18636800.0,20545536.0,20545536.0,10.95,0.098992972,25.68,944045.0,0.0,0.0,2981.0,1356570.0,0.0,0.0,2210.0,0.0,0.0,0.0,0.0
2023-03-20 16:16:08.184000+00:00,1032192.0,18636800.0,20545536.0,20545536.0,10.96,0.098992972,25.69,944045.0,0.0,0.0,2981.0,1356570.0,0.0,0.0,2210.0,0.0,0.0,0.0,0.0
2023-03-20 16:16:13.142000+00:00,1032192.0,19398656.0,21327872.0,21327872.0,10.96,0.098992972,25.7,946285.0,0.0,0.0,2989.0,1360345.0,0.0,0.0,2216.0,0.0,0.0,0.0,0.0
2023-03-20 16:16:19.783000+00:00,1032192.0,19398656.0,21200896.0,21200896.0,10.96,0.098992972,25.7,946791.0,0.0,0.0,2993.0,1362234.0,0.0,0.0,2219.0,0.0,0.0,0.0,0.0
2023-03-20 16:16:24.103000+00:00,1044480.0,12410880.0,14974976.0,14974976.0,11.05,0.098992972,25.83,948557.0,0.0,0.0,2997.0,1364117.0,0.0,0.0,2222.0,0.0,0.0,0.0,0.0
2023-03-20 16:16:28.557000+00:00,1044480.0,12410880.0,14974976.0,14974976.0,11.05,0.098992972,25.84,948557.0,0.0,0.0,2997.0,1364117.0,0.0,0.0,2222.0,0.0,0.0,0.0,0.0
2023-03-20 16:16:34.387000+00:00,1044480.0,17526784.0,19742720.0,19742720.0,11.05,0.098992972,25.88,952119.0,0.0,0.0,3006.0,1367957.0,0.0,0.0,2229.0,0.0,0.0,0.0,0.0
2023-03-20 16:16:39.071000+00:00,1044480.0,17526784.0,19365888.0,19365888.0,11.05,0.098992972,25.88,954548.0,0.0,0.0,3012.0,1369981.0,0.0,0.0,2234.0,0.0,0.0,0.0,0.0
2023-03-20 16:16:43.805000+00:00,1044480.0,18649088.0,20709376.0,20709376.0,11.06,0.098992972,25.89,956150.0,0.0,0.0,3016.0,1371869.0,0.0,0.0,2237.0,0.0,0.0,0.0,0.0
2023-03-20 16:16:49.158000+00:00,1044480.0,16965632.0,18980864.0,18980864.0,11.1,0.098992972,25.89,957323.0,0.0,0.0,3020.0,1373759.0,0.0,0.0,2240.0,0.0,0.0,0.0,0.0
2023-03-20 16:16:53.715000+00:00,1044480.0,17391616.0,19189760.0,19189760.0,11.14,0.098992972,25.97,958396.0,0.0,0.0,3023.0,1375579.0,0.0,0.0,2242.0,0.0,0.0,0.0,0.0
2023-03-20 16:16:58.381000+00:00,1044480.0,17391616.0,19189760.0,19189760.0,11.21,0.098992972,26.05,958396.0,0.0,0.0,3023.0,1375579.0,0.0,0.0,2242.0,0.0,0.0,0.0,0.0
2023-03-20 16:17:04.409000+00:00,1044480.0,17367040.0,19169280.0,19169280.0,11.21,0.098992972,26.06,963474.0,0.0,0.0,3034.0,1379549.0,0.0,0.0,2251.0,0.0,0.0,0.0,0.0
2023-03-20 16:17:08.946000+00:00,1044480.0,17367040.0,19169280.0,19169280.0,11.22,0.098992972,26.06,963474.0,0.0,0.0,3039.0,1381500.0,0.0,0.0,2255.0,0.0,0.0,0.0,0.0
2023-03-20 16:17:14.422000+00:00,1044480.0,14241792.0,16986112.0,16986112.0,11.3,0.098992972,26.16,968375.0,0.0,0.0,3045.0,1383528.0,0.0,0.0,2260.0,0.0,0.0,0.0,0.0
2023-03-20 16:17:18.539000+00:00,1044480.0,14241792.0,16986112.0,16986112.0,11.3,0.098992972,26.16,968375.0,0.0,0.0,3047.0,1385279.0,0.0,0.0,2261.0,0.0,0.0,0.0,0.0
2023-03-20 16:17:24.090000+00:00,1069056.0,16519168.0,18763776.0,18763776.0,11.32,0.098992972,26.2,970139.0,0.0,0.0,3052.0,1387236.0,0.0,0.0,2265.0,0.0,0.0,0.0,0.0
2023-03-20 16:17:28.562000+00:00,1069056.0,16519168.0,18763776.0,18763776.0,11.33,0.098992972,26.21,970139.0,0.0,0.0,3052.0,1387236.0,0.0,0.0,2265.0,0.0,0.0,0.0,0.0
2023-03-20 16:17:34.015000+00:00,1069056.0,18567168.0,20500480.0,20500480.0,11.34,0.098992972,26.22,971695.0,0.0,0.0,3059.0,1390956.0,0.0,0.0,2270.0,0.0,0.0,0.0,0.0
2023-03-20 16:17:39.463000+00:00,1069056.0,18567168.0,20500480.0,20496384.0,11.34,0.098992972,26.22,973495.0,0.0,0.0,3064.0,1392914.0,0.0,0.0,2274.0,0.0,0.0,0.0,0.0
2023-03-20 16:17:43.637000+00:00,1069056.0,15683584.0,18272256.0,18272256.0,11.38,0.098992972,26.29,974540.0,0.0,0.0,3067.0,1394735.0,0.0,0.0,2276.0,0.0,0.0,0.0,0.0
2023-03-20 16:17:49.568000+00:00,1069056.0,15683584.0,18272256.0,18272256.0,11.38,0.098992972,26.31,974540.0,0.0,0.0,3067.0,1394735.0,0.0,0.0,2279.0,0.0,0.0,0.0,0.0
2023-03-20 16:17:54.157000+00:00,1069056.0,18370560.0,20418560.0,20418560.0,11.38,0.098992972,26.31,976075.0,0.0,0.0,3074.0,1398451.0,0.0,0.0,2281.0,0.0,0.0,0.0,0.0
2023-03-20 16:17:58.995000+00:00,1069056.0,18370560.0,20418560.0,20418560.0,11.38,0.098992972,26.32,976075.0,0.0,0.0,3074.0,1398451.0,0.0,0.0,2281.0,0.0,0.0,0.0,0.0
2023-03-20 16:18:04.709000+00:00,1069056.0,16412672.0,18386944.0,18386944.0,11.42,0.098992972,26.41,977674.0,0.0,0.0,3082.0,1402228.0,0.0,0.0,2287.0,0.0,0.0,0.0,0.0
2023-03-20 16:18:09.745000+00:00,1069056.0,16412672.0,18386944.0,18386944.0,11.42,0.098992972,26.41,977674.0,0.0,0.0,3082.0,1402228.0,0.0,0.0,2291.0,0.0,0.0,0.0,0.0
2023-03-20 16:18:14.085000+00:00,1069056.0,18149376.0,20078592.0,20078592.0,11.44,0.098992972,26.48,980403.0,0.0,0.0,3090.0,1406002.0,0.0,0.0,2293.0,0.0,0.0,0.0,0.0
2023-03-20 16:18:18.727000+00:00,1069056.0,18149376.0,20078592.0,20078592.0,11.44,0.098992972,26.48,980403.0,0.0,0.0,3090.0,1406002.0,0.0,0.0,2294.0,0.0,0.0,0.0,0.0
2023-03-20 16:18:23.577000+00:00,1081344.0,19361792.0,21950464.0,21950464.0,11.44,0.098992972,26.53,981900.0,0.0,0.0,3096.0,1409638.0,0.0,0.0,2297.0,0.0,0.0,0.0,0.0
2023-03-20 16:18:29.440000+00:00,1081344.0,19361792.0,21950464.0,21950464.0,11.47,0.098992972,26.64,981900.0,0.0,0.0,3096.0,1409638.0,0.0,0.0,2297.0,0.0,0.0,0.0,0.0
2023-03-20 16:18:34.555000+00:00,1081344.0,17092608.0,20672512.0,20672512.0,11.52,0.098992972,26.72,984198.0,0.0,0.0,3105.0,1413475.0,0.0,0.0,2304.0,0.0,0.0,0.0,0.0
2023-03-20 16:18:38.932000+00:00,1081344.0,17092608.0,20672512.0,20672512.0,11.52,0.098992972,26.72,984198.0,0.0,0.0,3105.0,1415299.0,0.0,0.0,2306.0,0.0,0.0,0.0,0.0
2023-03-20 16:18:43.390000+00:00,1081344.0,14774272.0,17907712.0,17907712.0,11.56,0.098992972,26.82,986293.0,0.0,0.0,3112.0,1417196.0,0.0,0.0,2309.0,0.0,0.0,0.0,0.0
2023-03-20 16:18:48.950000+00:00,1081344.0,14774272.0,16642048.0,16642048.0,11.56,0.098992972,26.82,988313.0,0.0,0.0,3116.0,1419083.0,0.0,0.0,2312.0,0.0,0.0,0.0,0.0
2023-03-20 16:18:54.322000+00:00,1081344.0,17182720.0,19124224.0,19124224.0,11.58,0.098992972,26.83,990164.0,0.0,0.0,3121.0,1421043.0,0.0,0.0,2316.0,0.0,0.0,0.0,0.0
2023-03-20 16:18:58.975000+00:00,1081344.0,17182720.0,19124224.0,19124224.0,11.58,0.098992972,26.85,990164.0,0.0,0.0,3121.0,1421043.0,0.0,0.0,2316.0,0.0,0.0,0.0,0.0
2023-03-20 16:19:03.617000+00:00,1081344.0,18616320.0,20414464.0,20414464.0,11.59,0.098992972,26.86,991532.0,0.0,0.0,3127.0,1424693.0,0.0,0.0,2320.0,0.0,0.0,0.0,0.0
2023-03-20 16:19:08.739000+00:00,1081344.0,18616320.0,20414464.0,16191488.0,11.65,0.098992972,26.86,993232.0,0.0,0.0,3132.0,1426646.0,0.0,0.0,2324.0,0.0,0.0,0.0,0.0
2023-03-20 16:19:13.893000+00:00,1081344.0,16478208.0,18640896.0,18640896.0,11.65,0.098992972,26.92,995732.0,0.0,0.0,3138.0,1428673.0,0.0,0.0,2329.0,0.0,0.0,0.0,0.0
2023-03-20 16:19:18.390000+00:00,1081344.0,16478208.0,18640896.0,18640896.0,11.65,0.098992972,26.92,995732.0,0.0,0.0,3138.0,1428673.0,0.0,0.0,2333.0,0.0,0.0,0.0,0.0
2023-03-20 16:19:23.159000+00:00,1101824.0,17965056.0,20299776.0,20299776.0,11.66,0.098992972,26.93,999490.0,0.0,0.0,3148.0,1432513.0,0.0,0.0,2336.0,0.0,0.0,0.0,0.0
2023-03-20 16:19:29.399000+00:00,1101824.0,17965056.0,20299776.0,20299776.0,11.66,0.098992972,26.94,999490.0,0.0,0.0,3148.0,1432513.0,0.0,0.0,2336.0,0.0,0.0,0.0,0.0
2023-03-20 16:19:33.414000+00:00,1101824.0,18890752.0,20701184.0,20701184.0,11.67,0.098992972,26.96,1001053.0,0.0,0.0,3155.0,1436230.0,0.0,0.0,2341.0,0.0,0.0,0.0,0.0
2023-03-20 16:19:39.721000+00:00,1101824.0,18890752.0,20692992.0,20692992.0,11.67,0.098992972,26.96,1002906.0,0.0,0.0,3160.0,1438191.0,0.0,0.0,2345.0,0.0,0.0,0.0,0.0
2023-03-20 16:19:43.710000+00:00,1101824.0,16031744.0,17833984.0,17833984.0,11.68,0.098992972,27.06,1004657.0,0.0,0.0,3164.0,1440077.0,0.0,0.0,2348.0,0.0,0.0,0.0,0.0
2023-03-20 16:19:48.505000+00:00,1101824.0,16031744.0,17833984.0,17833984.0,11.68,0.098992972,27.06,1004657.0,0.0,0.0,3164.0,1440077.0,0.0,0.0,2350.0,0.0,0.0,0.0,0.0
2023-03-20 16:19:54.661000+00:00,1101824.0,17629184.0,20590592.0,20590592.0,11.68,0.098992972,27.12,1007577.0,0.0,0.0,3172.0,1443854.0,0.0,0.0,2354.0,0.0,0.0,0.0,0.0
2023-03-20 16:19:58.802000+00:00,1101824.0,17629184.0,19693568.0,19693568.0,11.69,0.098992972,27.13,1009997.0,0.0,0.0,3177.0,1445809.0,0.0,0.0,2358.0,0.0,0.0,0.0,0.0
2023-03-20 16:20:03.703000+00:00,1101824.0,17965056.0,19898368.0,19898368.0,11.69,0.098992972,27.14,1011760.0,0.0,0.0,3182.0,1447774.0,0.0,0.0,2362.0,0.0,0.0,0.0,0.0
2023-03-20 16:20:09.436000+00:00,1101824.0,17965056.0,19898368.0,19898368.0,11.73,0.098992972,27.2,1011760.0,0.0,0.0,3182.0,1447774.0,0.0,0.0,2364.0,0.0,0.0,0.0,0.0
2023-03-20 16:20:14.517000+00:00,1101824.0,17342464.0,19140608.0,19140608.0,11.73,0.098992972,27.2,1013287.0,0.0,0.0,3189.0,1451490.0,0.0,0.0,2367.0,0.0,0.0,0.0,0.0
2023-03-20 16:20:19.598000+00:00,1101824.0,16138240.0,19140608.0,19140608.0,11.75,0.098992972,27.24,1013287.0,0.0,0.0,3189.0,1451490.0,0.0,0.0,2367.0,0.0,0.0,0.0,0.0
2023-03-20 16:20:23.631000+00:00,1118208.0,15695872.0,18210816.0,18210816.0,11.78,0.098992972,27.3,1015478.0,0.0,0.0,3197.0,1455268.0,0.0,0.0,2373.0,0.0,0.0,0.0,0.0
2023-03-20 16:20:28.612000+00:00,1118208.0,15695872.0,18210816.0,18210816.0,11.78,0.098992972,27.3,1015478.0,0.0,0.0,3197.0,1455268.0,0.0,0.0,2373.0,0.0,0.0,0.0,0.0
2023-03-20 16:20:34.041000+00:00,1118208.0,14077952.0,15884288.0,15884288.0,11.84,0.098992972,27.36,1018933.0,0.0,0.0,3206.0,1459104.0,0.0,0.0,2380.0,0.0,0.0,0.0,0.0
2023-03-20 16:20:38.718000+00:00,1118208.0,14077952.0,15884288.0,15884288.0,11.84,0.098992972,27.36,1018933.0,0.0,0.0,3206.0,1459104.0,0.0,0.0,2382.0,0.0,0.0,0.0,0.0
2023-03-20 16:20:43.971000+00:00,1118208.0,16666624.0,18464768.0,18464768.0,11.86,0.098992972,27.39,1021905.0,0.0,0.0,3214.0,1462878.0,0.0,0.0,2386.0,0.0,0.0,0.0,0.0
2023-03-20 16:20:48.778000+00:00,1118208.0,16666624.0,18464768.0,18464768.0,11.89,0.098992972,27.39,1021905.0,0.0,0.0,3214.0,1462878.0,0.0,0.0,2386.0,0.0,0.0,0.0,0.0
2023-03-20 16:20:54.259000+00:00,1118208.0,18657280.0,20701184.0,20701184.0,11.9,0.098992972,27.46,1025427.0,0.0,0.0,3223.0,1466728.0,0.0,0.0,2393.0,0.0,0.0,0.0,0.0
2023-03-20 16:20:59.704000+00:00,1118208.0,16175104.0,18255872.0,18255872.0,11.93,0.098992972,27.52,1026589.0,0.0,0.0,3227.0,1468633.0,0.0,0.0,2396.0,0.0,0.0,0.0,0.0
2023-03-20 16:21:03.939000+00:00,1118208.0,17223680.0,19021824.0,19021824.0,11.93,0.098992972,27.53,1026955.0,0.0,0.0,3229.0,1470389.0,0.0,0.0,2397.0,0.0,0.0,0.0,0.0
2023-03-20 16:21:08.360000+00:00,1118208.0,17862656.0,19791872.0,19791872.0,11.93,0.098992972,27.53,1028150.0,0.0,0.0,3233.0,1472277.0,0.0,0.0,2400.0,0.0,0.0,0.0,0.0
2023-03-20 16:21:14.162000+00:00,1118208.0,17862656.0,19664896.0,19664896.0,11.93,0.098992972,27.56,1028582.0,0.0,0.0,3236.0,1474103.0,0.0,0.0,2402.0,0.0,0.0,0.0,0.0
2023-03-20 16:21:18.952000+00:00,1118208.0,17862656.0,19664896.0,19922944.0,11.93,0.098992972,27.56,1029022.0,0.0,0.0,3239.0,1475926.0,0.0,0.0,2404.0,0.0,0.0,0.0,0.0
2023-03-20 16:21:24.243000+00:00,1130496.0,16822272.0,18755584.0,18755584.0,11.95,0.098992972,27.58,1029528.0,0.0,0.0,3243.0,1477824.0,0.0,0.0,2407.0,0.0,0.0,0.0,0.0
2023-03-20 16:21:29.691000+00:00,1130496.0,18542592.0,22429696.0,22429696.0,11.95,0.098992972,27.59,1030034.0,0.0,0.0,3247.0,1479718.0,0.0,0.0,2410.0,0.0,0.0,0.0,0.0
2023-03-20 16:21:34.160000+00:00,1130496.0,18804736.0,20729856.0,20729856.0,11.95,0.098992972,27.6,1030474.0,0.0,0.0,3250.0,1481535.0,0.0,0.0,2412.0,0.0,0.0,0.0,0.0
2023-03-20 16:21:39.234000+00:00,1130496.0,18804736.0,20619264.0,20619264.0,11.97,0.098992972,27.71,1030980.0,0.0,0.0,3254.0,1483437.0,0.0,0.0,2415.0,0.0,0.0,0.0,0.0
2023-03-20 16:21:43.812000+00:00,1130496.0,18558976.0,20357120.0,20357120.0,11.97,0.098992972,27.71,1031420.0,0.0,0.0,3257.0,1485261.0,0.0,0.0,2417.0,0.0,0.0,0.0,0.0
2023-03-20 16:21:49.545000+00:00,1130496.0,18558976.0,20357120.0,20357120.0,11.97,0.098992972,27.71,1031926.0,0.0,0.0,3261.0,1487161.0,0.0,0.0,2420.0,0.0,0.0,0.0,0.0
2023-03-20 16:21:53.805000+00:00,1130496.0,18771968.0,20705280.0,20705280.0,11.97,0.098992972,27.73,1032366.0,0.0,0.0,3264.0,1488989.0,0.0,0.0,2422.0,0.0,0.0,0.0,0.0
2023-03-20 16:21:58.904000+00:00,1130496.0,19902464.0,21700608.0,21700608.0,11.98,0.098992972,27.79,1032806.0,0.0,0.0,3267.0,1490808.0,0.0,0.0,2424.0,0.0,0.0,0.0,0.0
2023-03-20 16:22:04.708000+00:00,1130496.0,19902464.0,21704704.0,21704704.0,11.98,0.098992972,27.79,1034053.0,0.0,0.0,3272.0,1492768.0,0.0,0.0,2428.0,0.0,0.0,0.0,0.0
2023-03-20 16:22:08.891000+00:00,1130496.0,19902464.0,21704704.0,21704704.0,11.98,0.098992972,27.8,1034053.0,0.0,0.0,3272.0,1492768.0,0.0,0.0,2431.0,0.0,0.0,0.0,0.0
2023-03-20 16:22:14.821000+00:00,1130496.0,20692992.0,22892544.0,22892544.0,11.99,0.098992972,27.8,1038318.0,0.0,0.0,3282.0,1496684.0,0.0,0.0,2436.0,0.0,0.0,0.0,0.0
2023-03-20 16:22:18.319000+00:00,1130496.0,20701184.0,22888448.0,22888448.0,11.99,0.098992972,27.8,1039354.0,0.0,0.0,3285.0,1498506.0,0.0,0.0,2438.0,0.0,0.0,0.0,0.0
2023-03-20 16:22:23.198000+00:00,1142784.0,15683584.0,18411520.0,18411520.0,12.0,0.098992972,27.92,1041048.0,0.0,0.0,3290.0,1500462.0,0.0,0.0,2442.0,0.0,0.0,0.0,0.0
2023-03-20 16:22:28.907000+00:00,1142784.0,15683584.0,18411520.0,18411520.0,12.01,0.098992972,27.93,1041048.0,0.0,0.0,3290.0,1500462.0,0.0,0.0,2442.0,0.0,0.0,0.0,0.0
2023-03-20 16:22:33.320000+00:00,1142784.0,15986688.0,18427904.0,18427904.0,12.06,0.098992972,28.0,1046024.0,0.0,0.0,3301.0,1504438.0,0.0,0.0,2451.0,0.0,0.0,0.0,0.0
2023-03-20 16:22:38.991000+00:00,1142784.0,15986688.0,18427904.0,18427904.0,12.07,0.098992972,28.04,1046024.0,0.0,0.0,3301.0,1504438.0,0.0,0.0,2455.0,0.0,0.0,0.0,0.0
2023-03-20 16:22:44.791000+00:00,1142784.0,17944576.0,19873792.0,19873792.0,12.07,0.098992972,28.05,1049790.0,0.0,0.0,3310.0,1508287.0,0.0,0.0,2458.0,0.0,0.0,0.0,0.0
2023-03-20 16:22:49.381000+00:00,1142784.0,17944576.0,20930560.0,20930560.0,12.08,0.098992972,28.05,1052537.0,0.0,0.0,3316.0,1510310.0,0.0,0.0,2463.0,0.0,0.0,0.0,0.0
2023-03-20 16:22:54.055000+00:00,1142784.0,16871424.0,19312640.0,19312640.0,12.1,0.098992972,28.13,1055813.0,0.0,0.0,3322.0,1512329.0,0.0,0.0,2468.0,0.0,0.0,0.0,0.0
2023-03-20 16:22:59.095000+00:00,1142784.0,16764928.0,18952192.0,18952192.0,12.12,0.098992972,28.16,1058205.0,0.0,0.0,3322.0,1512329.0,0.0,0.0,2468.0,0.0,0.0,0.0,0.0
2023-03-20 16:23:04.497000+00:00,1142784.0,17428480.0,19234816.0,19234816.0,12.12,0.098992972,28.18,1060612.0,0.0,0.0,3333.0,1516313.0,0.0,0.0,2477.0,0.0,0.0,0.0,0.0
2023-03-20 16:23:08.334000+00:00,1142784.0,18550784.0,21397504.0,21397504.0,12.12,0.098992972,28.22,1061625.0,0.0,0.0,3336.0,1518129.0,0.0,0.0,2479.0,0.0,0.0,0.0,0.0
2023-03-20 16:23:14.478000+00:00,1142784.0,19083264.0,20922368.0,20922368.0,12.13,0.098992972,28.22,1066426.0,0.0,0.0,3345.0,1520355.0,0.0,0.0,2487.0,0.0,0.0,0.0,0.0
2023-03-20 16:23:19.306000+00:00,1142784.0,19083264.0,20922368.0,20922368.0,12.17,0.098992972,28.29,1066426.0,0.0,0.0,3345.0,1520355.0,0.0,0.0,2487.0,0.0,0.0,0.0,0.0
2023-03-20 16:23:23.854000+00:00,1175552.0,15945728.0,18657280.0,18657280.0,12.21,0.098992972,28.37,1068603.0,0.0,0.0,3352.0,1524060.0,0.0,0.0,2492.0,0.0,0.0,0.0,0.0
2023-03-20 16:23:28.209000+00:00,1175552.0,17981440.0,21123072.0,21123072.0,12.21,0.098992972,28.38,1069043.0,0.0,0.0,3355.0,1525876.0,0.0,0.0,2494.0,0.0,0.0,0.0,0.0
2023-03-20 16:23:34.362000+00:00,1175552.0,17997824.0,19800064.0,19800064.0,12.21,0.098992972,28.38,1069549.0,0.0,0.0,3359.0,1527770.0,0.0,0.0,2497.0,0.0,0.0,0.0,0.0
2023-03-20 16:23:39.405000+00:00,1175552.0,17997824.0,19800064.0,19800064.0,12.26,0.098992972,28.38,1069549.0,0.0,0.0,3359.0,1527770.0,0.0,0.0,2497.0,0.0,0.0,0.0,0.0
2023-03-20 16:23:43.629000+00:00,1175552.0,17227776.0,19030016.0,19030016.0,12.28,0.098992972,28.51,1072053.0,0.0,0.0,3367.0,1531550.0,0.0,0.0,2503.0,0.0,0.0,0.0,0.0
2023-03-20 16:23:49.634000+00:00,1175552.0,17227776.0,19030016.0,19030016.0,12.3,0.098992972,28.51,1072053.0,0.0,0.0,3367.0,1531550.0,0.0,0.0,2503.0,0.0,0.0,0.0,0.0
2023-03-20 16:23:54.325000+00:00,1175552.0,17260544.0,19066880.0,19066880.0,12.3,0.098992972,28.58,1073489.0,0.0,0.0,3373.0,1535200.0,0.0,0.0,2507.0,0.0,0.0,0.0,0.0
2023-03-20 16:23:58.780000+00:00,1175552.0,17260544.0,19066880.0,19066880.0,12.3,0.098992972,28.62,1073489.0,0.0,0.0,3373.0,1535200.0,0.0,0.0,2507.0,0.0,0.0,0.0,0.0
2023-03-20 16:24:04.931000+00:00,1175552.0,16056320.0,17895424.0,17895424.0,12.32,0.098992972,28.65,1075188.0,0.0,0.0,3381.0,1538988.0,0.0,0.0,2513.0,0.0,0.0,0.0,0.0
2023-03-20 16:24:09.599000+00:00,1175552.0,16056320.0,17895424.0,17895424.0,12.32,0.098992972,28.66,1075188.0,0.0,0.0,3381.0,1540881.0,0.0,0.0,2516.0,0.0,0.0,0.0,0.0
2023-03-20 16:24:14.052000+00:00,1175552.0,16875520.0,18935808.0,18935808.0,12.34,0.098992972,28.71,1078035.0,0.0,0.0,3389.0,1542769.0,0.0,0.0,2519.0,0.0,0.0,0.0,0.0
2023-03-20 16:24:19.890000+00:00,1175552.0,17096704.0,18898944.0,18898944.0,12.34,0.098992972,28.71,1079251.0,0.0,0.0,3394.0,1544725.0,0.0,0.0,2523.0,0.0,0.0,0.0,0.0
2023-03-20 16:24:23.456000+00:00,1187840.0,12435456.0,14245888.0,14245888.0,12.4,0.098992972,28.85,1080343.0,0.0,0.0,3397.0,1546545.0,0.0,0.0,2525.0,0.0,0.0,0.0,0.0
2023-03-20 16:24:29.880000+00:00,1187840.0,12435456.0,14245888.0,14245888.0,12.41,0.098992972,28.91,1080343.0,0.0,0.0,3397.0,1546545.0,0.0,0.0,2525.0,0.0,0.0,0.0,0.0
2023-03-20 16:24:34.848000+00:00,1187840.0,16633856.0,18432000.0,18432000.0,12.41,0.098992972,28.94,1084054.0,0.0,0.0,3407.0,1550454.0,0.0,0.0,2533.0,0.0,0.0,0.0,0.0
2023-03-20 16:24:39.393000+00:00,1187840.0,16633856.0,18432000.0,18432000.0,12.42,0.098992972,28.99,1084054.0,0.0,0.0,3415.0,1552476.0,0.0,0.0,2538.0,0.0,0.0,0.0,0.0
2023-03-20 16:24:43.688000+00:00,1187840.0,18575360.0,20496384.0,20496384.0,12.42,0.098992972,29.0,1088537.0,0.0,0.0,3419.0,1554364.0,0.0,0.0,2541.0,0.0,0.0,0.0,0.0
2023-03-20 16:24:48.853000+00:00,1187840.0,18575360.0,21159936.0,21159936.0,12.43,0.098992972,29.01,1092016.0,0.0,0.0,3425.0,1556385.0,0.0,0.0,2546.0,0.0,0.0,0.0,0.0
2023-03-20 16:24:54.701000+00:00,1187840.0,19386368.0,21377024.0,21377024.0,12.47,0.098992972,29.09,1093095.0,0.0,0.0,3429.0,1558277.0,0.0,0.0,2549.0,0.0,0.0,0.0,0.0
2023-03-20 16:24:59.524000+00:00,1187840.0,14458880.0,17379328.0,17379328.0,12.5,0.098992972,29.12,1094381.0,0.0,0.0,3434.0,1560236.0,0.0,0.0,2553.0,0.0,0.0,0.0,0.0
2023-03-20 16:25:03.360000+00:00,1187840.0,16449536.0,19742720.0,19742720.0,12.53,0.098992972,29.18,1095521.0,0.0,0.0,3437.0,1562049.0,0.0,0.0,2555.0,0.0,0.0,0.0,0.0
2023-03-20 16:25:09.653000+00:00,1187840.0,16449536.0,19742720.0,20832256.0,12.54,0.098992972,29.18,1098562.0,0.0,0.0,3444.0,1564143.0,0.0,0.0,2561.0,0.0,0.0,0.0,0.0
2023-03-20 16:25:13.880000+00:00,1187840.0,16769024.0,18788352.0,18788352.0,12.58,0.098992972,29.25,1100108.0,0.0,0.0,3448.0,1566026.0,0.0,0.0,2564.0,0.0,0.0,0.0,0.0
2023-03-20 16:25:19.473000+00:00,1187840.0,16769024.0,19361792.0,19361792.0,12.58,0.098992972,29.25,1101191.0,0.0,0.0,3452.0,1567922.0,0.0,0.0,2567.0,0.0,0.0,0.0,0.0
2023-03-20 16:25:23.451000+00:00,1212416.0,17801216.0,20910080.0,20910080.0,12.61,0.098992972,29.31,1103081.0,0.0,0.0,3457.0,1569877.0,0.0,0.0,2571.0,0.0,0.0,0.0,0.0
2023-03-20 16:25:29.843000+00:00,1212416.0,17940480.0,19738624.0,19738624.0,12.62,0.098992972,29.32,1104747.0,0.0,0.0,3462.0,1571841.0,0.0,0.0,2575.0,0.0,0.0,0.0,0.0
2023-03-20 16:25:33.104000+00:00,1212416.0,19800064.0,21991424.0,21991424.0,12.62,0.098992972,29.32,1105855.0,0.0,0.0,3465.0,1573662.0,0.0,0.0,2577.0,0.0,0.0,0.0,0.0
2023-03-20 16:25:39.224000+00:00,1212416.0,20373504.0,22171648.0,22171648.0,12.62,0.098992972,29.33,1106980.0,0.0,0.0,3469.0,1575559.0,0.0,0.0,2580.0,0.0,0.0,0.0,0.0
2023-03-20 16:25:43.776000+00:00,1212416.0,20373504.0,22302720.0,22302720.0,12.62,0.098992972,29.34,1107346.0,0.0,0.0,3471.0,1577317.0,0.0,0.0,2581.0,0.0,0.0,0.0,0.0
2023-03-20 16:25:48.437000+00:00,1212416.0,20373504.0,22302720.0,22302720.0,12.68,0.098992972,29.43,1107346.0,0.0,0.0,3471.0,1577317.0,0.0,0.0,2581.0,0.0,0.0,0.0,0.0
2023-03-20 16:25:54+00:00,1212416.0,17276928.0,19083264.0,19083264.0,12.68,0.098992972,29.44,1108292.0,0.0,0.0,3478.0,1581032.0,0.0,0.0,2586.0,0.0,0.0,0.0,0.0
2023-03-20 16:25:58.826000+00:00,1212416.0,17235968.0,19034112.0,19034112.0,12.68,0.098992972,29.47,1109423.0,0.0,0.0,3482.0,1582914.0,0.0,0.0,2589.0,0.0,0.0,0.0,0.0
2023-03-20 16:26:04.381000+00:00,1212416.0,17899520.0,19697664.0,19697664.0,12.68,0.098992972,29.47,1110683.0,0.0,0.0,3486.0,1584806.0,0.0,0.0,2592.0,0.0,0.0,0.0,0.0
2023-03-20 16:26:09.247000+00:00,1212416.0,17899520.0,19697664.0,19697664.0,12.71,0.098992972,29.55,1110683.0,0.0,0.0,3486.0,1584806.0,0.0,0.0,2592.0,0.0,0.0,0.0,0.0
2023-03-20 16:26:14.321000+00:00,1212416.0,18063360.0,19861504.0,19861504.0,12.71,0.098992972,29.56,1113022.0,0.0,0.0,3494.0,1588584.0,0.0,0.0,2598.0,0.0,0.0,0.0,0.0
2023-03-20 16:26:18.409000+00:00,1212416.0,18063360.0,19861504.0,19861504.0,12.73,0.098992972,29.66,1113022.0,0.0,0.0,3494.0,1588584.0,0.0,0.0,2598.0,0.0,0.0,0.0,0.0
2023-03-20 16:26:23.959000+00:00,1224704.0,15826944.0,17678336.0,17678336.0,12.75,0.098992972,29.75,1115143.0,0.0,0.0,3501.0,1592301.0,0.0,0.0,2603.0,0.0,0.0,0.0,0.0
2023-03-20 16:26:29.530000+00:00,1224704.0,15826944.0,17678336.0,17678336.0,12.75,0.098992972,29.76,1115143.0,0.0,0.0,3501.0,1592301.0,0.0,0.0,2603.0,0.0,0.0,0.0,0.0
2023-03-20 16:26:34.250000+00:00,1224704.0,17555456.0,19738624.0,19738624.0,12.76,0.098992972,29.82,1116089.0,0.0,0.0,3508.0,1596017.0,0.0,0.0,2608.0,0.0,0.0,0.0,0.0
2023-03-20 16:26:39.228000+00:00,1224704.0,18800640.0,20606976.0,20606976.0,12.78,0.098992972,29.85,1117352.0,0.0,0.0,3513.0,1597980.0,0.0,0.0,2612.0,0.0,0.0,0.0,0.0
2023-03-20 16:26:43.717000+00:00,1224704.0,18800640.0,20598784.0,20598784.0,12.78,0.098992972,29.86,1118384.0,0.0,0.0,3516.0,1599797.0,0.0,0.0,2614.0,0.0,0.0,0.0,0.0
2023-03-20 16:26:49.479000+00:00,1224704.0,18800640.0,20598784.0,20598784.0,12.78,0.098992972,29.87,1118384.0,0.0,0.0,3516.0,1599797.0,0.0,0.0,2614.0,0.0,0.0,0.0,0.0
2023-03-20 16:26:53.212000+00:00,1224704.0,18776064.0,21409792.0,21409792.0,12.79,0.098992972,29.94,1123116.0,0.0,0.0,3527.0,1603776.0,0.0,0.0,2623.0,0.0,0.0,0.0,0.0
2023-03-20 16:26:58.480000+00:00,1224704.0,17702912.0,21319680.0,21319680.0,12.86,0.098992972,30.02,1123482.0,0.0,0.0,3529.0,1603776.0,0.0,0.0,2623.0,0.0,0.0,0.0,0.0
2023-03-20 16:27:04.231000+00:00,1224704.0,18001920.0,20500480.0,20500480.0,12.87,0.098992972,30.06,1127549.0,0.0,0.0,3537.0,1607687.0,0.0,0.0,2631.0,0.0,0.0,0.0,0.0
2023-03-20 16:27:09.190000+00:00,1224704.0,16953344.0,18788352.0,18788352.0,12.88,0.098992972,30.07,1129859.0,0.0,0.0,3543.0,1609714.0,0.0,0.0,2636.0,0.0,0.0,0.0,0.0
2023-03-20 16:27:14.664000+00:00,1224704.0,17616896.0,19447808.0,19447808.0,12.89,0.098992972,30.08,1130899.0,0.0,0.0,3546.0,1611529.0,0.0,0.0,2638.0,0.0,0.0,0.0,0.0
2023-03-20 16:27:19.337000+00:00,1224704.0,18731008.0,19447808.0,19447808.0,12.89,0.098992972,30.09,1130899.0,0.0,0.0,3546.0,1611529.0,0.0,0.0,2638.0,0.0,0.0,0.0,0.0
2023-03-20 16:27:23.823000+00:00,1245184.0,19394560.0,21483520.0,21483520.0,12.89,0.098992972,30.09,1132989.0,0.0,0.0,3553.0,1615234.0,0.0,0.0,2643.0,0.0,0.0,0.0,0.0
2023-03-20 16:27:29.612000+00:00,1245184.0,19394560.0,19910656.0,19910656.0,12.92,0.098992972,30.18,1135472.0,0.0,0.0,3559.0,1617263.0,0.0,0.0,2648.0,0.0,0.0,0.0,0.0
2023-03-20 16:27:33.850000+00:00,1245184.0,17534976.0,19496960.0,19496960.0,12.92,0.098992972,30.19,1135838.0,0.0,0.0,3561.0,1619023.0,0.0,0.0,2649.0,0.0,0.0,0.0,0.0
2023-03-20 16:27:38.271000+00:00,1245184.0,17534976.0,19496960.0,19496960.0,12.92,0.098992972,30.23,1135838.0,0.0,0.0,3561.0,1619023.0,0.0,0.0,2651.0,0.0,0.0,0.0,0.0
2023-03-20 16:27:43.269000+00:00,1245184.0,18698240.0,22138880.0,22138880.0,12.94,0.098992972,30.24,1137373.0,0.0,0.0,3568.0,1622730.0,0.0,0.0,2654.0,0.0,0.0,0.0,0.0
2023-03-20 16:27:48.783000+00:00,1245184.0,18698240.0,22138880.0,22138880.0,12.94,0.098992972,30.25,1137373.0,0.0,0.0,3568.0,1622730.0,0.0,0.0,2654.0,0.0,0.0,0.0,0.0
2023-03-20 16:27:53.705000+00:00,1245184.0,17547264.0,20045824.0,20045824.0,12.96,0.098992972,30.32,1139681.0,0.0,0.0,3576.0,1626504.0,0.0,0.0,2660.0,0.0,0.0,0.0,0.0
2023-03-20 16:27:59.239000+00:00,1245184.0,17547264.0,20045824.0,20045824.0,12.97,0.098992972,30.36,1139681.0,0.0,0.0,3576.0,1626504.0,0.0,0.0,2660.0,0.0,0.0,0.0,0.0
2023-03-20 16:28:03.996000+00:00,1245184.0,19517440.0,21471232.0,21471232.0,12.97,0.098992972,30.37,1141160.0,0.0,0.0,3582.0,1630143.0,0.0,0.0,2664.0,0.0,0.0,0.0,0.0
2023-03-20 16:28:08.528000+00:00,1245184.0,19517440.0,21471232.0,21471232.0,12.97,0.098992972,30.37,1141160.0,0.0,0.0,3582.0,1630143.0,0.0,0.0,2664.0,0.0,0.0,0.0,0.0
2023-03-20 16:28:13.462000+00:00,1245184.0,19091456.0,21184512.0,21184512.0,12.99,0.098992972,30.41,1143401.0,0.0,0.0,3590.0,1633920.0,0.0,0.0,2670.0,0.0,0.0,0.0,0.0
2023-03-20 16:28:19.591000+00:00,1245184.0,19091456.0,22532096.0,22532096.0,13.02,0.098992972,30.43,1143907.0,0.0,0.0,3594.0,1635817.0,0.0,0.0,2673.0,0.0,0.0,0.0,0.0
2023-03-20 16:28:24.378000+00:00,1253376.0,12509184.0,14774272.0,14774272.0,13.09,0.098992972,30.52,1145015.0,0.0,0.0,3598.0,1637708.0,0.0,0.0,2676.0,0.0,0.0,0.0,0.0
2023-03-20 16:28:28.805000+00:00,1253376.0,12509184.0,14774272.0,14774272.0,13.09,0.098992972,30.52,1145015.0,0.0,0.0,3598.0,1637708.0,0.0,0.0,2677.0,0.0,0.0,0.0,0.0
2023-03-20 16:28:34.563000+00:00,1253376.0,17244160.0,19075072.0,19075072.0,13.12,0.098992972,30.62,1147211.0,0.0,0.0,3605.0,1641427.0,0.0,0.0,2681.0,0.0,0.0,0.0,0.0
2023-03-20 16:28:39.093000+00:00,1253376.0,17244160.0,19075072.0,19075072.0,13.14,0.098992972,30.64,1147211.0,0.0,0.0,3605.0,1641427.0,0.0,0.0,2681.0,0.0,0.0,0.0,0.0
2023-03-20 16:28:44.793000+00:00,1253376.0,14934016.0,16805888.0,16805888.0,13.2,0.098992972,30.75,1150030.0,0.0,0.0,3613.0,1645207.0,0.0,0.0,2687.0,0.0,0.0,0.0,0.0
2023-03-20 16:28:49.232000+00:00,1253376.0,16678912.0,16805888.0,16805888.0,13.21,0.098992972,30.76,1150030.0,0.0,0.0,3613.0,1645207.0,0.0,0.0,2687.0,0.0,0.0,0.0,0.0
2023-03-20 16:28:54.194000+00:00,1253376.0,16719872.0,18661376.0,18661376.0,13.21,0.098992972,30.77,1152158.0,0.0,0.0,3620.0,1648912.0,0.0,0.0,2692.0,0.0,0.0,0.0,0.0
2023-03-20 16:28:58.959000+00:00,1253376.0,16719872.0,18661376.0,18661376.0,13.22,0.098992972,30.78,1152158.0,0.0,0.0,3620.0,1648912.0,0.0,0.0,2692.0,0.0,0.0,0.0,0.0
2023-03-20 16:29:03.616000+00:00,1253376.0,17825792.0,19660800.0,19660800.0,13.23,0.098992972,30.79,1154451.0,0.0,0.0,3629.0,1652751.0,0.0,0.0,2699.0,0.0,0.0,0.0,0.0
2023-03-20 16:29:09.486000+00:00,1253376.0,17825792.0,19660800.0,19660800.0,13.24,0.098992972,30.85,1154451.0,0.0,0.0,3629.0,1652751.0,0.0,0.0,2699.0,0.0,0.0,0.0,0.0
2023-03-20 16:29:14.778000+00:00,1253376.0,17686528.0,19603456.0,19603456.0,13.24,0.098992972,30.86,1157408.0,0.0,0.0,3637.0,1656528.0,0.0,0.0,2705.0,0.0,0.0,0.0,0.0
2023-03-20 16:29:19.381000+00:00,1253376.0,17686528.0,19095552.0,19095552.0,13.26,0.098992972,30.86,1158664.0,0.0,0.0,3641.0,1658419.0,0.0,0.0,2708.0,0.0,0.0,0.0,0.0
2023-03-20 16:29:22.980000+00:00,1273856.0,16138240.0,18120704.0,18120704.0,13.29,0.098992972,30.94,1161040.0,0.0,0.0,3646.0,1660375.0,0.0,0.0,2712.0,0.0,0.0,0.0,0.0
2023-03-20 16:29:29.038000+00:00,1273856.0,16138240.0,18120704.0,18120704.0,13.29,0.098992972,30.96,1161040.0,0.0,0.0,3646.0,1660375.0,0.0,0.0,2712.0,0.0,0.0,0.0,0.0
2023-03-20 16:29:34.828000+00:00,1273856.0,18890752.0,20721664.0,20721664.0,13.31,0.098992972,31.0,1164402.0,0.0,0.0,3655.0,1664229.0,0.0,0.0,2719.0,0.0,0.0,0.0,0.0
2023-03-20 16:29:39.024000+00:00,1273856.0,18890752.0,19525632.0,19525632.0,13.33,0.099041826,31.05,1165502.0,0.0,0.0,3659.0,1666128.0,0.0,0.0,2722.0,0.0,0.0,0.0,0.0
2023-03-20 16:29:44.510000+00:00,1273856.0,16121856.0,18243584.0,18243584.0,13.35,0.099041826,31.11,1168053.0,0.0,0.0,3664.0,1668076.0,0.0,0.0,2726.0,0.0,0.0,0.0,0.0
2023-03-20 16:29:49.724000+00:00,1273856.0,16121856.0,18243584.0,18243584.0,13.35,0.099041826,31.12,1168053.0,0.0,0.0,3664.0,1668076.0,0.0,0.0,2726.0,0.0,0.0,0.0,0.0
2023-03-20 16:29:54.844000+00:00,1273856.0,16523264.0,18485248.0,18485248.0,13.35,0.099041826,31.12,1168925.0,0.0,0.0,3670.0,1671730.0,0.0,0.0,2730.0,0.0,0.0,0.0,0.0
2023-03-20 16:29:59.665000+00:00,1273856.0,16523264.0,18485248.0,18485248.0,13.35,0.099041826,31.22,1168925.0,0.0,0.0,3670.0,1671730.0,0.0,0.0,2730.0,0.0,0.0,0.0,0.0
2023-03-20 16:30:04.451000+00:00,1273856.0,17195008.0,19025920.0,19025920.0,13.35,0.099041826,31.22,1170600.0,0.0,0.0,3678.0,1675450.0,0.0,0.0,2735.0,0.0,0.0,0.0,0.0
2023-03-20 16:30:09.412000+00:00,1273856.0,17858560.0,19812352.0,19812352.0,13.35,0.099041826,31.22,1171106.0,0.0,0.0,3678.0,1675450.0,0.0,0.0,2735.0,0.0,0.0,0.0,0.0
2023-03-20 16:30:14.462000+00:00,1273856.0,18980864.0,20942848.0,20942848.0,13.4,0.099041826,31.28,1172249.0,0.0,0.0,3686.0,1679233.0,0.0,0.0,2741.0,0.0,0.0,0.0,0.0
2023-03-20 16:30:18.141000+00:00,1273856.0,18980864.0,21073920.0,21073920.0,13.4,0.099041826,31.28,1172615.0,0.0,0.0,3688.0,1680987.0,0.0,0.0,2742.0,0.0,0.0,0.0,0.0
2023-03-20 16:30:24.664000+00:00,1286144.0,20189184.0,22614016.0,22614016.0,13.42,0.099041826,31.4,1175386.0,0.0,0.0,3694.0,1683014.0,0.0,0.0,2747.0,0.0,0.0,0.0,0.0
2023-03-20 16:30:29.166000+00:00,1286144.0,17674240.0,19509248.0,19509248.0,13.45,0.099041826,31.46,1175818.0,0.0,0.0,3697.0,1684839.0,0.0,0.0,2747.0,0.0,0.0,0.0,0.0
2023-03-20 16:30:33.567000+00:00,1286144.0,18411520.0,20242432.0,20242432.0,13.45,0.099259363,31.46,1176730.0,0.0,0.0,3700.0,1686656.0,0.0,0.0,2751.0,0.0,0.0,0.0,0.0
2023-03-20 16:30:39.088000+00:00,1286144.0,20615168.0,22577152.0,22577152.0,13.45,0.100846576,31.47,1178564.0,0.0,0.0,3706.0,1688679.0,0.0,0.0,2756.0,0.0,0.0,0.0,0.0
2023-03-20 16:30:43.364000+00:00,1286144.0,17543168.0,19374080.0,19374080.0,13.47,0.101374017,31.52,1178930.0,0.0,0.0,3708.0,1690430.0,0.0,0.0,2757.0,0.0,0.0,0.0,0.0
2023-03-20 16:30:48.257000+00:00,1286144.0,17543168.0,19374080.0,19374080.0,13.47,0.101374017,31.53,1178930.0,0.0,0.0,3708.0,1690430.0,0.0,0.0,2757.0,0.0,0.0,0.0,0.0
2023-03-20 16:30:54.677000+00:00,1286144.0,16207872.0,18288640.0,18288640.0,13.5,0.101858071,31.64,1182888.0,0.0,0.0,3717.0,1694284.0,0.0,0.0,2764.0,0.0,0.0,0.0,0.0
2023-03-20 16:30:58.822000+00:00,1286144.0,17920000.0,19755008.0,19755008.0,13.5,0.101858071,31.64,1183985.0,0.0,0.0,3720.0,1696107.0,0.0,0.0,2766.0,0.0,0.0,0.0,0.0
2023-03-20 16:31:04.821000+00:00,1286144.0,17920000.0,19755008.0,19755008.0,13.5,0.101858071,31.65,1185065.0,0.0,0.0,3724.0,1698003.0,0.0,0.0,2769.0,0.0,0.0,0.0,0.0
2023-03-20 16:31:09.046000+00:00,1286144.0,17920000.0,19755008.0,19755008.0,13.53,0.101858071,31.65,1185065.0,0.0,0.0,3724.0,1698003.0,0.0,0.0,2773.0,0.0,0.0,0.0,0.0
2023-03-20 16:31:14.202000+00:00,1286144.0,18030592.0,19996672.0,19996672.0,13.55,0.101858071,31.79,1188673.0,0.0,0.0,3733.0,1701852.0,0.0,0.0,2776.0,0.0,0.0,0.0,0.0
2023-03-20 16:31:19.794000+00:00,1286144.0,18030592.0,19996672.0,19996672.0,13.56,0.101858071,31.83,1188673.0,0.0,0.0,3733.0,1701852.0,0.0,0.0,2776.0,0.0,0.0,0.0,0.0
2023-03-20 16:31:24.605000+00:00,1302528.0,18931712.0,20770816.0,20770816.0,13.56,0.101858071,31.84,1190937.0,0.0,0.0,3740.0,1705573.0,0.0,0.0,2781.0,0.0,0.0,0.0,0.0
2023-03-20 16:31:29.189000+00:00,1302528.0,18931712.0,20770816.0,20770816.0,13.58,0.101858071,31.91,1190937.0,0.0,0.0,3740.0,1705573.0,0.0,0.0,2781.0,0.0,0.0,0.0,0.0
2023-03-20 16:31:34.388000+00:00,1302528.0,18956288.0,20787200.0,20787200.0,13.58,0.101858071,31.92,1194638.0,0.0,0.0,3750.0,1709486.0,0.0,0.0,2789.0,0.0,0.0,0.0,0.0
2023-03-20 16:31:38.664000+00:00,1302528.0,18956288.0,20787200.0,20787200.0,13.59,0.101858071,31.94,1194638.0,0.0,0.0,3750.0,1709486.0,0.0,0.0,2789.0,0.0,0.0,0.0,0.0
2023-03-20 16:31:44.492000+00:00,1302528.0,17186816.0,20971520.0,20971520.0,13.64,0.101858071,32.04,1196823.0,0.0,0.0,3757.0,1713196.0,0.0,0.0,2794.0,0.0,0.0,0.0,0.0
2023-03-20 16:31:48.573000+00:00,1302528.0,17186816.0,19988480.0,19988480.0,13.64,0.101858071,32.04,1197864.0,0.0,0.0,3761.0,1715083.0,0.0,0.0,2797.0,0.0,0.0,0.0,0.0
2023-03-20 16:31:53.256000+00:00,1302528.0,16506880.0,19779584.0,19779584.0,13.66,0.101858071,32.14,1199518.0,0.0,0.0,3766.0,1717040.0,0.0,0.0,2801.0,0.0,0.0,0.0,0.0
2023-03-20 16:31:58.824000+00:00,1302528.0,16842752.0,18739200.0,18739200.0,13.66,0.101858071,32.14,1199884.0,0.0,0.0,3768.0,1718796.0,0.0,0.0,2802.0,0.0,0.0,0.0,0.0
2023-03-20 16:32:03.766000+00:00,1302528.0,17506304.0,19349504.0,19349504.0,13.67,0.101858071,32.15,1202471.0,0.0,0.0,3774.0,1720822.0,0.0,0.0,2807.0,0.0,0.0,0.0,0.0
2023-03-20 16:32:09.316000+00:00,1302528.0,17506304.0,19349504.0,19349504.0,13.68,0.101858071,32.15,1202471.0,0.0,0.0,3774.0,1720822.0,0.0,0.0,2807.0,0.0,0.0,0.0,0.0
2023-03-20 16:32:13.314000+00:00,1302528.0,16531456.0,19410944.0,19410944.0,13.7,0.101858071,32.3,1205441.0,0.0,0.0,3782.0,1724596.0,0.0,0.0,2813.0,0.0,0.0,0.0,0.0
2023-03-20 16:32:19.852000+00:00,1302528.0,16531456.0,18702336.0,18702336.0,13.7,0.101858071,32.3,1206552.0,0.0,0.0,3786.0,1726491.0,0.0,0.0,2816.0,0.0,0.0,0.0,0.0
2023-03-20 16:32:24.507000+00:00,1323008.0,16580608.0,18714624.0,18714624.0,13.71,0.101858071,32.34,1207588.0,0.0,0.0,3789.0,1728310.0,0.0,0.0,2818.0,0.0,0.0,0.0,0.0
2023-03-20 16:32:29.168000+00:00,1323008.0,16580608.0,18714624.0,18714624.0,13.74,0.101858071,32.34,1207588.0,0.0,0.0,3789.0,1728310.0,0.0,0.0,2818.0,0.0,0.0,0.0,0.0
2023-03-20 16:32:34.061000+00:00,1323008.0,18898944.0,22061056.0,22061056.0,13.75,0.101858071,32.42,1209657.0,0.0,0.0,3796.0,1732016.0,0.0,0.0,2823.0,0.0,0.0,0.0,0.0
2023-03-20 16:32:39.675000+00:00,1323008.0,18898944.0,22061056.0,22061056.0,13.76,0.101858071,32.44,1209657.0,0.0,0.0,3796.0,1732016.0,0.0,0.0,2823.0,0.0,0.0,0.0,0.0
2023-03-20 16:32:43.106000+00:00,1323008.0,17408000.0,19374080.0,19374080.0,13.78,0.101858071,32.48,1211241.0,0.0,0.0,3804.0,1735800.0,0.0,0.0,2829.0,0.0,0.0,0.0,0.0
2023-03-20 16:32:49.461000+00:00,1323008.0,17408000.0,21237760.0,21237760.0,13.78,0.101858071,32.5,1211673.0,0.0,0.0,3807.0,1737634.0,0.0,0.0,2831.0,0.0,0.0,0.0,0.0
2023-03-20 16:32:53.809000+00:00,1323008.0,20570112.0,22790144.0,22790144.0,13.78,0.101858071,32.52,1212882.0,0.0,0.0,3811.0,1739522.0,0.0,0.0,2834.0,0.0,0.0,0.0,0.0
2023-03-20 16:32:59.197000+00:00,1323008.0,20570112.0,22790144.0,22790144.0,13.8,0.101858071,32.57,1212882.0,0.0,0.0,3811.0,1739522.0,0.0,0.0,2834.0,0.0,0.0,0.0,0.0
2023-03-20 16:33:04.718000+00:00,1323008.0,17358848.0,20123648.0,20123648.0,13.82,0.101858071,32.64,1215057.0,0.0,0.0,3818.0,1743242.0,0.0,0.0,2839.0,0.0,0.0,0.0,0.0
2023-03-20 16:33:08.999000+00:00,1323008.0,17358848.0,20123648.0,20123648.0,13.82,0.101858071,32.65,1215057.0,0.0,0.0,3818.0,1743242.0,0.0,0.0,2839.0,0.0,0.0,0.0,0.0
2023-03-20 16:33:14.766000+00:00,1323008.0,16687104.0,18522112.0,18522112.0,13.84,0.101858071,32.72,1215929.0,0.0,0.0,3824.0,1746890.0,0.0,0.0,2843.0,0.0,0.0,0.0,0.0
2023-03-20 16:33:18.735000+00:00,1323008.0,16687104.0,18522112.0,19435520.0,13.84,0.101858071,32.72,1217715.0,0.0,0.0,3829.0,1748840.0,0.0,0.0,2847.0,0.0,0.0,0.0,0.0
2023-03-20 16:33:24.420000+00:00,1331200.0,18399232.0,20410368.0,20410368.0,13.86,0.101858071,32.75,1218788.0,0.0,0.0,3833.0,1750732.0,0.0,0.0,2850.0,0.0,0.0,0.0,0.0
2023-03-20 16:33:29.009000+00:00,1331200.0,19582976.0,21413888.0,21413888.0,13.86,0.101858071,32.75,1220833.0,0.0,0.0,3838.0,1752694.0,0.0,0.0,2850.0,0.0,0.0,0.0,0.0
2023-03-20 16:33:34.257000+00:00,1331200.0,18276352.0,20140032.0,20140032.0,13.92,0.101858071,32.87,1222644.0,0.0,0.0,3842.0,1754580.0,0.0,0.0,2857.0,0.0,0.0,0.0,0.0
2023-03-20 16:33:39.643000+00:00,1331200.0,16470016.0,18690048.0,18690048.0,13.95,0.101858071,32.87,1224857.0,0.0,0.0,3847.0,1756542.0,0.0,0.0,2861.0,0.0,0.0,0.0,0.0
2023-03-20 16:33:43.862000+00:00,1331200.0,17502208.0,19333120.0,19333120.0,13.95,0.101858071,32.97,1227365.0,0.0,0.0,3852.0,1758496.0,0.0,0.0,2865.0,0.0,0.0,0.0,0.0
2023-03-20 16:33:49.283000+00:00,1331200.0,17502208.0,19333120.0,19333120.0,13.96,0.101858071,32.98,1227365.0,0.0,0.0,3858.0,1760523.0,0.0,0.0,2870.0,0.0,0.0,0.0,0.0
2023-03-20 16:33:54.055000+00:00,1331200.0,19468288.0,21438464.0,21438464.0,13.96,0.101858071,32.99,1231673.0,0.0,0.0,3862.0,1762405.0,0.0,0.0,2873.0,0.0,0.0,0.0,0.0
2023-03-20 16:33:59.072000+00:00,1331200.0,19468288.0,21438464.0,21438464.0,13.98,0.101858071,33.09,1231673.0,0.0,0.0,3862.0,1762405.0,0.0,0.0,2873.0,0.0,0.0,0.0,0.0
2023-03-20 16:34:04.072000+00:00,1331200.0,20303872.0,22134784.0,22134784.0,13.98,0.101858071,33.1,1232545.0,0.0,0.0,3868.0,1766050.0,0.0,0.0,2877.0,0.0,0.0,0.0,0.0
2023-03-20 16:34:09.484000+00:00,1331200.0,20303872.0,22134784.0,19038208.0,14.01,0.101858071,33.1,1233051.0,0.0,0.0,3872.0,1767945.0,0.0,0.0,2880.0,0.0,0.0,0.0,0.0
2023-03-20 16:34:13.908000+00:00,1331200.0,17551360.0,19496960.0,19496960.0,14.01,0.101858071,33.16,1234183.0,0.0,0.0,3876.0,1769829.0,0.0,0.0,2883.0,0.0,0.0,0.0,0.0
2023-03-20 16:34:18.864000+00:00,1331200.0,17551360.0,19496960.0,19496960.0,14.02,0.101858071,33.24,1234183.0,0.0,0.0,3876.0,1769829.0,0.0,0.0,2885.0,0.0,0.0,0.0,0.0
2023-03-20 16:34:23.197000+00:00,1355776.0,16498688.0,18964480.0,18964480.0,14.04,0.101858071,33.36,1239058.0,0.0,0.0,3887.0,1773808.0,0.0,0.0,2892.0,0.0,0.0,0.0,0.0
2023-03-20 16:34:28.001000+00:00,1355776.0,16498688.0,18964480.0,18964480.0,14.12,0.101858071,33.36,1239058.0,0.0,0.0,3887.0,1773808.0,0.0,0.0,2892.0,0.0,0.0,0.0,0.0
2023-03-20 16:34:33.233000+00:00,1355776.0,17260544.0,19214336.0,19214336.0,14.12,0.101858071,33.47,1240577.0,0.0,0.0,3893.0,1777453.0,0.0,0.0,2896.0,0.0,0.0,0.0,0.0
2023-03-20 16:34:39.483000+00:00,1355776.0,17260544.0,19214336.0,19214336.0,14.12,0.101858071,33.48,1241758.0,0.0,0.0,3898.0,1779419.0,0.0,0.0,2900.0,0.0,0.0,0.0,0.0
2023-03-20 16:34:43.627000+00:00,1355776.0,19275776.0,21716992.0,21716992.0,14.14,0.101858071,33.5,1242124.0,0.0,0.0,3900.0,1781182.0,0.0,0.0,2901.0,0.0,0.0,0.0,0.0
2023-03-20 16:34:49.229000+00:00,1355776.0,19275776.0,21716992.0,21716992.0,14.14,0.101858071,33.51,1242124.0,0.0,0.0,3900.0,1781182.0,0.0,0.0,2907.0,0.0,0.0,0.0,0.0
2023-03-20 16:34:54.383000+00:00,1355776.0,19333120.0,21168128.0,21168128.0,14.16,0.101858071,33.57,1245811.0,0.0,0.0,3910.0,1785084.0,0.0,0.0,2909.0,0.0,0.0,0.0,0.0
2023-03-20 16:34:58.558000+00:00,1355776.0,19267584.0,21098496.0,21098496.0,14.18,0.101858071,33.61,1247088.0,0.0,0.0,3914.0,1786969.0,0.0,0.0,2912.0,0.0,0.0,0.0,0.0
2023-03-20 16:35:04.560000+00:00,1355776.0,19349504.0,22089728.0,22089728.0,14.2,0.101858071,33.65,1248190.0,0.0,0.0,3918.0,1788870.0,0.0,0.0,2915.0,0.0,0.0,0.0,0.0
2023-03-20 16:35:09.490000+00:00,1355776.0,19349504.0,21311488.0,21311488.0,14.2,0.101858071,33.66,1249410.0,0.0,0.0,3923.0,1790831.0,0.0,0.0,2919.0,0.0,0.0,0.0,0.0
2023-03-20 16:35:14.262000+00:00,1355776.0,19349504.0,21180416.0,21180416.0,14.2,0.101858071,33.67,1251652.0,0.0,0.0,3928.0,1792783.0,0.0,0.0,2923.0,0.0,0.0,0.0,0.0
2023-03-20 16:35:19.622000+00:00,1355776.0,19349504.0,21180416.0,21180416.0,14.28,0.101858071,33.76,1251652.0,0.0,0.0,3928.0,1792783.0,0.0,0.0,2923.0,0.0,0.0,0.0,0.0
2023-03-20 16:35:24.335000+00:00,1368064.0,18321408.0,20156416.0,20156416.0,14.29,0.101858071,33.76,1255246.0,0.0,0.0,3937.0,1796627.0,0.0,0.0,2930.0,0.0,0.0,0.0,0.0
2023-03-20 16:35:29.734000+00:00,1368064.0,18321408.0,20156416.0,20156416.0,14.29,0.101858071,33.77,1255246.0,0.0,0.0,3937.0,1796627.0,0.0,0.0,2930.0,0.0,0.0,0.0,0.0
2023-03-20 16:35:34.666000+00:00,1368064.0,20033536.0,21999616.0,21999616.0,14.3,0.101858071,33.79,1258252.0,0.0,0.0,3945.0,1800406.0,0.0,0.0,2936.0,0.0,0.0,0.0,0.0
2023-03-20 16:35:38.684000+00:00,1368064.0,20033536.0,21999616.0,21999616.0,14.31,0.101858071,33.84,1258252.0,0.0,0.0,3945.0,1800406.0,0.0,0.0,2938.0,0.0,0.0,0.0,0.0
2023-03-20 16:35:43.818000+00:00,1368064.0,16715776.0,18546688.0,18546688.0,14.33,0.101858071,33.86,1262290.0,0.0,0.0,3955.0,1804319.0,0.0,0.0,2944.0,0.0,0.0,0.0,0.0
2023-03-20 16:35:49.731000+00:00,1368064.0,16715776.0,19132416.0,19132416.0,14.33,0.101858071,33.87,1265283.0,0.0,0.0,3962.0,1806342.0,0.0,0.0,2949.0,0.0,0.0,0.0,0.0
2023-03-20 16:35:54.455000+00:00,1368064.0,18337792.0,20180992.0,20180992.0,14.34,0.101858071,33.92,1266335.0,0.0,0.0,3965.0,1808164.0,0.0,0.0,2951.0,0.0,0.0,0.0,0.0
2023-03-20 16:35:59.059000+00:00,1368064.0,18337792.0,20180992.0,20180992.0,14.34,0.101858071,33.96,1266335.0,0.0,0.0,3965.0,1808164.0,0.0,0.0,2951.0,0.0,0.0,0.0,0.0
2023-03-20 16:36:04.111000+00:00,1368064.0,19247104.0,21209088.0,21209088.0,14.34,0.101858071,33.97,1269220.0,0.0,0.0,3973.0,1811948.0,0.0,0.0,2957.0,0.0,0.0,0.0,0.0
2023-03-20 16:36:08.660000+00:00,1368064.0,19959808.0,22044672.0,22044672.0,14.34,0.101858071,33.98,1269660.0,0.0,0.0,3976.0,1813770.0,0.0,0.0,2959.0,0.0,0.0,0.0,0.0
2023-03-20 16:36:13.414000+00:00,1368064.0,15691776.0,18243584.0,18243584.0,14.41,0.101858071,34.1,1271467.0,0.0,0.0,3981.0,1815733.0,0.0,0.0,2963.0,0.0,0.0,0.0,0.0
2023-03-20 16:36:19.686000+00:00,1368064.0,15691776.0,19161088.0,19161088.0,14.44,0.101858071,34.12,1271899.0,0.0,0.0,3984.0,1817558.0,0.0,0.0,2965.0,0.0,0.0,0.0,0.0
2023-03-20 16:36:23.873000+00:00,1392640.0,14970880.0,17866752.0,17866752.0,14.47,0.101858071,34.16,1273085.0,0.0,0.0,3988.0,1819448.0,0.0,0.0,2968.0,0.0,0.0,0.0,0.0
2023-03-20 16:36:29.212000+00:00,1392640.0,14970880.0,17866752.0,17076224.0,14.47,0.101858071,34.16,1274251.0,0.0,0.0,3992.0,1821343.0,0.0,0.0,2971.0,0.0,0.0,0.0,0.0
2023-03-20 16:36:34.024000+00:00,1392640.0,16277504.0,18112512.0,18112512.0,14.48,0.101858071,34.18,1276197.0,0.0,0.0,3996.0,1823230.0,0.0,0.0,2974.0,0.0,0.0,0.0,0.0
2023-03-20 16:36:38.084000+00:00,1392640.0,16949248.0,18780160.0,18780160.0,14.48,0.101858071,34.18,1276563.0,0.0,0.0,3998.0,1824983.0,0.0,0.0,2975.0,0.0,0.0,0.0,0.0
2023-03-20 16:36:44.131000+00:00,1392640.0,19324928.0,21291008.0,21291008.0,14.48,0.101858071,34.19,1279232.0,0.0,0.0,4004.0,1827014.0,0.0,0.0,2980.0,0.0,0.0,0.0,0.0
2023-03-20 16:36:48.188000+00:00,1392640.0,16490496.0,21291008.0,21291008.0,14.52,0.101858071,34.26,1279232.0,0.0,0.0,4004.0,1827014.0,0.0,0.0,2980.0,0.0,0.0,0.0,0.0
2023-03-20 16:36:54.925000+00:00,1392640.0,17735680.0,19841024.0,19841024.0,14.52,0.101858071,34.29,1282092.0,0.0,0.0,4012.0,1830800.0,0.0,0.0,2986.0,0.0,0.0,0.0,0.0
2023-03-20 16:36:59.209000+00:00,1392640.0,17735680.0,19841024.0,19841024.0,14.57,0.101858071,34.34,1282092.0,0.0,0.0,4012.0,1830800.0,0.0,0.0,2986.0,0.0,0.0,0.0,0.0
2023-03-20 16:37:04.827000+00:00,1392640.0,16384000.0,18690048.0,18690048.0,14.57,0.101858071,34.36,1284247.0,0.0,0.0,4020.0,1834591.0,0.0,0.0,2992.0,0.0,0.0,0.0,0.0
2023-03-20 16:37:08.194000+00:00,1392640.0,16384000.0,18690048.0,18690048.0,14.57,0.101858071,34.36,1284247.0,0.0,0.0,4022.0,1836350.0,0.0,0.0,2993.0,0.0,0.0,0.0,0.0
2023-03-20 16:37:13.761000+00:00,1392640.0,15040512.0,16969728.0,16969728.0,14.59,0.101858071,34.4,1285119.0,0.0,0.0,4026.0,1838251.0,0.0,0.0,2996.0,0.0,0.0,0.0,0.0
2023-03-20 16:37:19.205000+00:00,1392640.0,15040512.0,16969728.0,16969728.0,14.59,0.101858071,34.4,1285119.0,0.0,0.0,4026.0,1838251.0,0.0,0.0,3001.0,0.0,0.0,0.0,0.0
2023-03-20 16:37:24.666000+00:00,1404928.0,18456576.0,20451328.0,20451328.0,14.59,0.101858071,34.44,1287245.0,0.0,0.0,4034.0,1842031.0,0.0,0.0,3002.0,0.0,0.0,0.0,0.0
2023-03-20 16:37:29.761000+00:00,1404928.0,18456576.0,20451328.0,20451328.0,14.59,0.101858071,34.44,1287245.0,0.0,0.0,4034.0,1842031.0,0.0,0.0,3002.0,0.0,0.0,0.0,0.0
2023-03-20 16:37:33.645000+00:00,1404928.0,17489920.0,19632128.0,19632128.0,14.61,0.101858071,34.47,1290410.0,0.0,0.0,4043.0,1845875.0,0.0,0.0,3009.0,0.0,0.0,0.0,0.0
2023-03-20 16:37:39.816000+00:00,1404928.0,17489920.0,20684800.0,20684800.0,14.61,0.101858071,34.48,1292892.0,0.0,0.0,4049.0,1847902.0,0.0,0.0,3014.0,0.0,0.0,0.0,0.0
2023-03-20 16:37:43.537000+00:00,1404928.0,14999552.0,16998400.0,16998400.0,14.63,0.101858071,34.59,1294769.0,0.0,0.0,4053.0,1849791.0,0.0,0.0,3017.0,0.0,0.0,0.0,0.0
2023-03-20 16:37:49.656000+00:00,1404928.0,14999552.0,17039360.0,17039360.0,14.66,0.101858071,34.59,1296518.0,0.0,0.0,4058.0,1851750.0,0.0,0.0,3021.0,0.0,0.0,0.0,0.0
2023-03-20 16:37:53.999000+00:00,1404928.0,15368192.0,17629184.0,17629184.0,14.68,0.101858071,34.69,1297542.0,0.0,0.0,4061.0,1853567.0,0.0,0.0,3023.0,0.0,0.0,0.0,0.0
2023-03-20 16:37:58.527000+00:00,1404928.0,15368192.0,17629184.0,17629184.0,14.68,0.101858071,34.7,1297542.0,0.0,0.0,4061.0,1853567.0,0.0,0.0,3023.0,0.0,0.0,0.0,0.0
2023-03-20 16:38:04.579000+00:00,1404928.0,17342464.0,19173376.0,19173376.0,14.69,0.101858071,34.73,1300463.0,0.0,0.0,4070.0,1857426.0,0.0,0.0,3030.0,0.0,0.0,0.0,0.0
2023-03-20 16:38:09.311000+00:00,1404928.0,18522112.0,19173376.0,19173376.0,14.7,0.101858071,34.74,1300463.0,0.0,0.0,4070.0,1857426.0,0.0,0.0,3030.0,0.0,0.0,0.0,0.0
2023-03-20 16:38:14.351000+00:00,1404928.0,14917632.0,17567744.0,17567744.0,14.74,0.101858071,34.85,1303329.0,0.0,0.0,4078.0,1861213.0,0.0,0.0,3036.0,0.0,0.0,0.0,0.0
2023-03-20 16:38:18.826000+00:00,1404928.0,14917632.0,17567744.0,17412096.0,14.74,0.101858071,34.85,1304615.0,0.0,0.0,4082.0,1863098.0,0.0,0.0,3039.0,0.0,0.0,0.0,0.0
2023-03-20 16:38:24.455000+00:00,1429504.0,18771968.0,22245376.0,22245376.0,14.76,0.101858071,34.9,1307023.0,0.0,0.0,4088.0,1865126.0,0.0,0.0,3044.0,0.0,0.0,0.0,0.0
2023-03-20 16:38:29.867000+00:00,1429504.0,18771968.0,22245376.0,22245376.0,14.79,0.101858071,34.95,1307023.0,0.0,0.0,4088.0,1865126.0,0.0,0.0,3044.0,0.0,0.0,0.0,0.0
2023-03-20 16:38:33.040000+00:00,1429504.0,16912384.0,19927040.0,19927040.0,14.79,0.101858071,34.96,1309038.0,0.0,0.0,4095.0,1868854.0,0.0,0.0,3049.0,0.0,0.0,0.0,0.0
2023-03-20 16:38:39.848000+00:00,1429504.0,16912384.0,19308544.0,19308544.0,14.79,0.101858071,34.97,1310857.0,0.0,0.0,4100.0,1870815.0,0.0,0.0,3053.0,0.0,0.0,0.0,0.0
2023-03-20 16:38:44.871000+00:00,1429504.0,19574784.0,22183936.0,22183936.0,14.8,0.101858071,35.0,1312600.0,0.0,0.0,4104.0,1872707.0,0.0,0.0,3056.0,0.0,0.0,0.0,0.0
2023-03-20 16:38:48.770000+00:00,1429504.0,19574784.0,21413888.0,21413888.0,14.8,0.101858071,35.0,1314345.0,0.0,0.0,4108.0,1874597.0,0.0,0.0,3059.0,0.0,0.0,0.0,0.0
2023-03-20 16:38:53.190000+00:00,1429504.0,17002496.0,19644416.0,19644416.0,14.86,0.101858071,35.13,1314777.0,0.0,0.0,4111.0,1876425.0,0.0,0.0,3061.0,0.0,0.0,0.0,0.0
2023-03-20 16:38:59.653000+00:00,1429504.0,17002496.0,19644416.0,19644416.0,14.9,0.101858071,35.18,1314777.0,0.0,0.0,4111.0,1876425.0,0.0,0.0,3061.0,0.0,0.0,0.0,0.0
2023-03-20 16:39:04.483000+00:00,1429504.0,17387520.0,19218432.0,19218432.0,14.9,0.101858071,35.18,1316367.0,0.0,0.0,4119.0,1880213.0,0.0,0.0,3067.0,0.0,0.0,0.0,0.0
2023-03-20 16:39:08.677000+00:00,1429504.0,16855040.0,19910656.0,19910656.0,14.94,0.101858071,35.18,1317398.0,0.0,0.0,4122.0,1882029.0,0.0,0.0,3069.0,0.0,0.0,0.0,0.0
2023-03-20 16:39:14.621000+00:00,1429504.0,17518592.0,19353600.0,19353600.0,14.94,0.101858071,35.25,1317830.0,0.0,0.0,4125.0,1883849.0,0.0,0.0,3071.0,0.0,0.0,0.0,0.0
2023-03-20 16:39:19.865000+00:00,1429504.0,19406848.0,21389312.0,21389312.0,14.94,0.101858071,35.27,1319771.0,0.0,0.0,4131.0,1885876.0,0.0,0.0,3076.0,0.0,0.0,0.0,0.0
2023-03-20 16:39:23.668000+00:00,1441792.0,20074496.0,21905408.0,21905408.0,14.94,0.101858071,35.28,1320788.0,0.0,0.0,4134.0,1887701.0,0.0,0.0,3078.0,0.0,0.0,0.0,0.0
2023-03-20 16:39:28.815000+00:00,1441792.0,20074496.0,21905408.0,21905408.0,14.97,0.105001566,35.28,1320788.0,0.0,0.0,4134.0,1887701.0,0.0,0.0,3078.0,0.0,0.0,0.0,0.0
2023-03-20 16:39:34.589000+00:00,1441792.0,20230144.0,22192128.0,22192128.0,14.97,0.106010203,35.31,1322941.0,0.0,0.0,4141.0,1891428.0,0.0,0.0,3083.0,0.0,0.0,0.0,0.0
2023-03-20 16:39:38.472000+00:00,1441792.0,20230144.0,19275776.0,19275776.0,15.01,0.10826503,35.37,1323999.0,0.0,0.0,4144.0,1893255.0,0.0,0.0,3085.0,0.0,0.0,0.0,0.0
2023-03-20 16:39:43.419000+00:00,1441792.0,16916480.0,19050496.0,19050496.0,15.03,0.10826503,35.43,1325971.0,0.0,0.0,4149.0,1895216.0,0.0,0.0,3089.0,0.0,0.0,0.0,0.0
2023-03-20 16:39:49.503000+00:00,1441792.0,16916480.0,19255296.0,19255296.0,15.04,0.10826503,35.44,1327048.0,0.0,0.0,4153.0,1897105.0,0.0,0.0,3092.0,0.0,0.0,0.0,0.0
2023-03-20 16:39:54.542000+00:00,1441792.0,18587648.0,20434944.0,20434944.0,15.05,0.10826503,35.51,1327414.0,0.0,0.0,4155.0,1898860.0,0.0,0.0,3093.0,0.0,0.0,0.0,0.0
2023-03-20 16:39:58.699000+00:00,1441792.0,18587648.0,20434944.0,20434944.0,15.05,0.10826503,35.51,1327414.0,0.0,0.0,4155.0,1898860.0,0.0,0.0,3093.0,0.0,0.0,0.0,0.0
2023-03-20 16:40:04.571000+00:00,1441792.0,19718144.0,21708800.0,21708800.0,15.08,0.11143204,35.53,1331160.0,0.0,0.0,4165.0,1902777.0,0.0,0.0,3101.0,0.0,0.0,0.0,0.0
2023-03-20 16:40:08.721000+00:00,1441792.0,19718144.0,21708800.0,21708800.0,15.08,0.11143204,35.53,1331160.0,0.0,0.0,4168.0,1904600.0,0.0,0.0,3103.0,0.0,0.0,0.0,0.0
2023-03-20 16:40:14.875000+00:00,1441792.0,19742720.0,21581824.0,21581824.0,15.08,0.11143204,35.54,1333287.0,0.0,0.0,4172.0,1906491.0,0.0,0.0,3106.0,0.0,0.0,0.0,0.0
2023-03-20 16:40:19.063000+00:00,1441792.0,19742720.0,22237184.0,22237184.0,15.09,0.11143204,35.54,1334453.0,0.0,0.0,4176.0,1908382.0,0.0,0.0,3109.0,0.0,0.0,0.0,0.0
2023-03-20 16:40:23.316000+00:00,1458176.0,16691200.0,19013632.0,19013632.0,15.13,0.11143204,35.72,1337585.0,0.0,0.0,4182.0,1910407.0,0.0,0.0,3114.0,0.0,0.0,0.0,0.0
2023-03-20 16:40:28.973000+00:00,1458176.0,16879616.0,19013632.0,19013632.0,15.14,0.11143204,35.75,1337585.0,0.0,0.0,4182.0,1910407.0,0.0,0.0,3114.0,0.0,0.0,0.0,0.0
2023-03-20 16:40:34.741000+00:00,1458176.0,17690624.0,19652608.0,19652608.0,15.14,0.11143204,35.76,1342651.0,0.0,0.0,4193.0,1914390.0,0.0,0.0,3123.0,0.0,0.0,0.0,0.0
2023-03-20 16:40:39.356000+00:00,1458176.0,17690624.0,19480576.0,19480576.0,15.16,0.11143204,35.76,1343083.0,0.0,0.0,4196.0,1916219.0,0.0,0.0,3125.0,0.0,0.0,0.0,0.0
2023-03-20 16:40:44.411000+00:00,1458176.0,18513920.0,20484096.0,20484096.0,15.17,0.11143204,35.82,1344242.0,0.0,0.0,4200.0,1918107.0,0.0,0.0,3128.0,0.0,0.0,0.0,0.0
2023-03-20 16:40:49.366000+00:00,1458176.0,19578880.0,21549056.0,21549056.0,15.17,0.11143204,35.83,1346823.0,0.0,0.0,4206.0,1920139.0,0.0,0.0,3133.0,0.0,0.0,0.0,0.0
2023-03-20 16:40:54.642000+00:00,1458176.0,19988480.0,22102016.0,22102016.0,15.17,0.11143204,35.84,1347896.0,0.0,0.0,4209.0,1921961.0,0.0,0.0,3135.0,0.0,0.0,0.0,0.0
2023-03-20 16:40:58.910000+00:00,1458176.0,18210816.0,22069248.0,22069248.0,15.2,0.11143204,35.96,1348262.0,0.0,0.0,4211.0,1923720.0,0.0,0.0,3136.0,0.0,0.0,0.0,0.0
2023-03-20 16:41:03.630000+00:00,1458176.0,19685376.0,21651456.0,21651456.0,15.21,0.11143204,35.98,1350217.0,0.0,0.0,4217.0,1925749.0,0.0,0.0,3141.0,0.0,0.0,0.0,0.0
2023-03-20 16:41:08.476000+00:00,1458176.0,19685376.0,21651456.0,21651456.0,15.24,0.11339263,36.05,1350217.0,0.0,0.0,4221.0,1927631.0,0.0,0.0,3144.0,0.0,0.0,0.0,0.0
2023-03-20 16:41:14+00:00,1458176.0,18030592.0,20000768.0,20000768.0,15.24,0.114684314,36.06,1353917.0,0.0,0.0,4226.0,1929587.0,0.0,0.0,3148.0,0.0,0.0,0.0,0.0
2023-03-20 16:41:18.179000+00:00,1458176.0,18030592.0,20000768.0,20000768.0,15.25,0.115317338,36.08,1353917.0,0.0,0.0,4226.0,1931408.0,0.0,0.0,3150.0,0.0,0.0,0.0,0.0
2023-03-20 16:41:23.628000+00:00,1482752.0,17469440.0,19456000.0,19456000.0,15.28,0.115317338,36.14,1356035.0,0.0,0.0,4233.0,1933304.0,0.0,0.0,3153.0,0.0,0.0,0.0,0.0
2023-03-20 16:41:29.264000+00:00,1482752.0,17469440.0,19456000.0,20393984.0,15.28,0.115317338,36.14,1356467.0,0.0,0.0,4236.0,1935137.0,0.0,0.0,3155.0,0.0,0.0,0.0,0.0
2023-03-20 16:41:34.040000+00:00,1482752.0,17453056.0,19419136.0,19419136.0,15.31,0.115317338,36.26,1358892.0,0.0,0.0,4241.0,1937093.0,0.0,0.0,3159.0,0.0,0.0,0.0,0.0
2023-03-20 16:41:39.269000+00:00,1482752.0,17453056.0,19419136.0,19419136.0,15.33,0.115317338,36.29,1358892.0,0.0,0.0,4246.0,1939053.0,0.0,0.0,3163.0,0.0,0.0,0.0,0.0
2023-03-20 16:41:44.601000+00:00,1482752.0,16879616.0,18755584.0,18755584.0,15.39,0.115317338,36.37,1361906.0,0.0,0.0,4249.0,1940869.0,0.0,0.0,3165.0,0.0,0.0,0.0,0.0
2023-03-20 16:41:49.012000+00:00,1482752.0,16879616.0,18755584.0,18755584.0,15.39,0.115317338,36.38,1361906.0,0.0,0.0,4249.0,1940869.0,0.0,0.0,3168.0,0.0,0.0,0.0,0.0
2023-03-20 16:41:53.072000+00:00,1482752.0,17133568.0,19234816.0,19234816.0,15.41,0.115317338,36.4,1363999.0,0.0,0.0,4256.0,1944583.0,0.0,0.0,3170.0,0.0,0.0,0.0,0.0
2023-03-20 16:41:58.943000+00:00,1482752.0,15454208.0,18087936.0,18087936.0,15.43,0.115317338,36.5,1365142.0,0.0,0.0,4260.0,1946470.0,0.0,0.0,3173.0,0.0,0.0,0.0,0.0
2023-03-20 16:42:03.208000+00:00,1482752.0,17592320.0,20783104.0,20783104.0,15.44,0.115317338,36.57,1365574.0,0.0,0.0,4263.0,1948304.0,0.0,0.0,3175.0,0.0,0.0,0.0,0.0
2023-03-20 16:42:08.566000+00:00,1482752.0,17592320.0,20783104.0,20783104.0,15.44,0.115317338,36.58,1367393.0,0.0,0.0,4268.0,1950263.0,0.0,0.0,3179.0,0.0,0.0,0.0,0.0
2023-03-20 16:42:14.622000+00:00,1482752.0,19419136.0,21258240.0,21258240.0,15.48,0.115317338,36.66,1369061.0,0.0,0.0,4273.0,1952226.0,0.0,0.0,3183.0,0.0,0.0,0.0,0.0
2023-03-20 16:42:19.186000+00:00,1482752.0,19419136.0,21258240.0,21258240.0,15.48,0.115317338,36.67,1369061.0,0.0,0.0,4273.0,1954056.0,0.0,0.0,3185.0,0.0,0.0,0.0,0.0
2023-03-20 16:42:24.833000+00:00,1495040.0,19943424.0,21790720.0,21790720.0,15.49,0.115317338,36.7,1371249.0,0.0,0.0,4281.0,1956009.0,0.0,0.0,3189.0,0.0,0.0,0.0,0.0
2023-03-20 16:42:28.515000+00:00,1495040.0,19070976.0,22216704.0,22216704.0,15.54,0.115317338,36.78,1372304.0,0.0,0.0,4284.0,1957839.0,0.0,0.0,3191.0,0.0,0.0,0.0,0.0
2023-03-20 16:42:33.946000+00:00,1495040.0,20795392.0,22818816.0,22818816.0,15.54,0.115317338,36.8,1374076.0,0.0,0.0,4289.0,1959803.0,0.0,0.0,3195.0,0.0,0.0,0.0,0.0
2023-03-20 16:42:38.881000+00:00,1495040.0,20795392.0,22818816.0,22818816.0,15.56,0.115317338,36.86,1375804.0,0.0,0.0,4293.0,1961693.0,0.0,0.0,3198.0,0.0,0.0,0.0,0.0
2023-03-20 16:42:43.162000+00:00,1495040.0,17973248.0,20807680.0,20807680.0,15.62,0.115317338,36.98,1376236.0,0.0,0.0,4296.0,1963530.0,0.0,0.0,3200.0,0.0,0.0,0.0,0.0
2023-03-20 16:42:49.854000+00:00,1495040.0,17416192.0,19283968.0,19283968.0,15.62,0.115317338,36.99,1378777.0,0.0,0.0,4302.0,1965561.0,0.0,0.0,3205.0,0.0,0.0,0.0,0.0
2023-03-20 16:42:53.790000+00:00,1495040.0,16982016.0,19542016.0,19542016.0,15.64,0.115317338,37.03,1380565.0,0.0,0.0,4306.0,1967446.0,0.0,0.0,3208.0,0.0,0.0,0.0,0.0
2023-03-20 16:42:59.508000+00:00,1495040.0,16982016.0,19542016.0,19542016.0,15.65,0.115317338,37.06,1380565.0,0.0,0.0,4306.0,1967446.0,0.0,0.0,3208.0,0.0,0.0,0.0,0.0
2023-03-20 16:43:03.261000+00:00,1495040.0,19849216.0,21721088.0,21721088.0,15.66,0.115317338,37.07,1384701.0,0.0,0.0,4316.0,1971366.0,0.0,0.0,3216.0,0.0,0.0,0.0,0.0
2023-03-20 16:43:09.604000+00:00,1495040.0,19849216.0,21721088.0,17600512.0,15.7,0.115317338,37.15,1387248.0,0.0,0.0,4322.0,1973400.0,0.0,0.0,3221.0,0.0,0.0,0.0,0.0
2023-03-20 16:43:13.854000+00:00,1495040.0,16982016.0,19251200.0,19251200.0,15.7,0.115317338,37.17,1389545.0,0.0,0.0,4327.0,1975355.0,0.0,0.0,3225.0,0.0,0.0,0.0,0.0
2023-03-20 16:43:19.442000+00:00,1495040.0,17711104.0,19709952.0,19709952.0,15.7,0.115317338,37.17,1390652.0,0.0,0.0,4331.0,1977244.0,0.0,0.0,3228.0,0.0,0.0,0.0,0.0
2023-03-20 16:43:24.150000+00:00,1519616.0,18718720.0,21086208.0,21086208.0,15.73,0.115317338,37.2,1391699.0,0.0,0.0,4334.0,1979063.0,0.0,0.0,3230.0,0.0,0.0,0.0,0.0
2023-03-20 16:43:29.620000+00:00,1519616.0,18046976.0,20242432.0,20242432.0,15.76,0.115317338,37.28,1393438.0,0.0,0.0,4339.0,1981030.0,0.0,0.0,3234.0,0.0,0.0,0.0,0.0
2023-03-20 16:43:33.335000+00:00,1519616.0,18710528.0,20705280.0,20705280.0,15.76,0.115317338,37.28,1394507.0,0.0,0.0,4342.0,1982850.0,0.0,0.0,3236.0,0.0,0.0,0.0,0.0
2023-03-20 16:43:39.414000+00:00,1519616.0,19980288.0,21913600.0,21913600.0,15.77,0.115317338,37.28,1396892.0,0.0,0.0,4348.0,1984884.0,0.0,0.0,3241.0,0.0,0.0,0.0,0.0
2023-03-20 16:43:43.589000+00:00,1519616.0,19980288.0,21983232.0,21983232.0,15.77,0.115317338,37.32,1397258.0,0.0,0.0,4350.0,1986645.0,0.0,0.0,3242.0,0.0,0.0,0.0,0.0
2023-03-20 16:43:49.757000+00:00,1519616.0,19980288.0,18477056.0,18477056.0,15.8,0.115317338,37.32,1400581.0,0.0,0.0,4357.0,1988743.0,0.0,0.0,3248.0,0.0,0.0,0.0,0.0
2023-03-20 16:43:53.308000+00:00,1519616.0,17547264.0,19656704.0,19656704.0,15.8,0.115317338,37.4,1401609.0,0.0,0.0,4360.0,1990570.0,0.0,0.0,3250.0,0.0,0.0,0.0,0.0
2023-03-20 16:43:58.460000+00:00,1519616.0,17547264.0,19656704.0,19656704.0,15.82,0.115317338,37.45,1401609.0,0.0,0.0,4360.0,1990570.0,0.0,0.0,3250.0,0.0,0.0,0.0,0.0
2023-03-20 16:44:04.321000+00:00,1519616.0,15749120.0,17616896.0,17616896.0,15.82,0.115317338,37.46,1403121.0,0.0,0.0,4366.0,1994231.0,0.0,0.0,3254.0,0.0,0.0,0.0,0.0
2023-03-20 16:44:08.505000+00:00,1519616.0,15749120.0,19050496.0,19050496.0,15.82,0.115317338,37.47,1403561.0,0.0,0.0,4369.0,1996061.0,0.0,0.0,3256.0,0.0,0.0,0.0,0.0
2023-03-20 16:44:13.811000+00:00,1519616.0,18829312.0,20701184.0,20701184.0,15.82,0.115317338,37.48,1404067.0,0.0,0.0,4373.0,1997959.0,0.0,0.0,3259.0,0.0,0.0,0.0,0.0
2023-03-20 16:44:19.400000+00:00,1519616.0,17149952.0,19156992.0,19156992.0,15.85,0.115317338,37.48,1404573.0,0.0,0.0,4377.0,1999859.0,0.0,0.0,3262.0,0.0,0.0,0.0,0.0
2023-03-20 16:44:24.755000+00:00,1536000.0,15994880.0,18276352.0,18276352.0,15.86,0.115317338,37.54,1405013.0,0.0,0.0,4380.0,2001677.0,0.0,0.0,3264.0,0.0,0.0,0.0,0.0
2023-03-20 16:44:29.487000+00:00,1536000.0,17670144.0,18276352.0,18276352.0,15.86,0.115317338,37.64,1405013.0,0.0,0.0,4380.0,2001677.0,0.0,0.0,3264.0,0.0,0.0,0.0,0.0
2023-03-20 16:44:34.809000+00:00,1536000.0,18849792.0,20721664.0,20721664.0,15.87,0.115317338,37.65,1406610.0,0.0,0.0,4388.0,2005455.0,0.0,0.0,3270.0,0.0,0.0,0.0,0.0
2023-03-20 16:44:39.573000+00:00,1536000.0,18849792.0,20721664.0,18698240.0,15.91,0.116095232,37.75,1408469.0,0.0,0.0,4393.0,2007416.0,0.0,0.0,3274.0,0.0,0.0,0.0,0.0
2023-03-20 16:44:43.486000+00:00,1536000.0,17776640.0,19906560.0,19906560.0,15.92,0.116095232,37.76,1410979.0,0.0,0.0,4398.0,2009372.0,0.0,0.0,3278.0,0.0,0.0,0.0,0.0
2023-03-20 16:44:48.484000+00:00,1536000.0,17776640.0,19906560.0,19906560.0,15.96,0.117619286,37.82,1410979.0,0.0,0.0,4398.0,2009372.0,0.0,0.0,3282.0,0.0,0.0,0.0,0.0
2023-03-20 16:44:54.283000+00:00,1536000.0,16900096.0,18808832.0,18808832.0,16.0,0.119439823,37.92,1415380.0,0.0,0.0,4409.0,2013279.0,0.0,0.0,3286.0,0.0,0.0,0.0,0.0
2023-03-20 16:44:59.586000+00:00,1536000.0,16900096.0,18808832.0,18808832.0,16.0,0.119439823,37.93,1415380.0,0.0,0.0,4409.0,2013279.0,0.0,0.0,3286.0,0.0,0.0,0.0,0.0
2023-03-20 16:45:03.995000+00:00,1536000.0,18866176.0,20881408.0,20881408.0,16.06,0.121575759,37.98,1416889.0,0.0,0.0,4415.0,2016930.0,0.0,0.0,3290.0,0.0,0.0,0.0,0.0
2023-03-20 16:45:09.723000+00:00,1536000.0,19918848.0,21909504.0,21909504.0,16.06,0.122085371,37.98,1419368.0,0.0,0.0,4421.0,2018954.0,0.0,0.0,3295.0,0.0,0.0,0.0,0.0
2023-03-20 16:45:14.226000+00:00,1536000.0,17788928.0,20430848.0,20430848.0,16.09,0.12495543,38.02,1419734.0,0.0,0.0,4423.0,2020706.0,0.0,0.0,3296.0,0.0,0.0,0.0,0.0
2023-03-20 16:45:18.773000+00:00,1536000.0,17788928.0,20430848.0,20430848.0,16.09,0.12495543,38.02,1419734.0,0.0,0.0,4423.0,2022594.0,0.0,0.0,3299.0,0.0,0.0,0.0,0.0
2023-03-20 16:45:24.842000+00:00,1552384.0,19623936.0,21504000.0,21504000.0,16.1,0.125860198,38.06,1422812.0,0.0,0.0,4432.0,2024556.0,0.0,0.0,3303.0,0.0,0.0,0.0,0.0
2023-03-20 16:45:29.361000+00:00,1552384.0,19361792.0,21774336.0,21774336.0,16.13,0.12668281,38.09,1424542.0,0.0,0.0,4437.0,2026518.0,0.0,0.0,3307.0,0.0,0.0,0.0,0.0
2023-03-20 16:45:34.514000+00:00,1552384.0,19361792.0,21229568.0,21229568.0,16.14,0.12668281,38.1,1426270.0,0.0,0.0,4441.0,2028404.0,0.0,0.0,3310.0,0.0,0.0,0.0,0.0
2023-03-20 16:45:39.273000+00:00,1552384.0,17391616.0,20267008.0,20267008.0,16.18,0.130134404,38.17,1427389.0,0.0,0.0,4445.0,2030304.0,0.0,0.0,3313.0,0.0,0.0,0.0,0.0
2023-03-20 16:45:44.452000+00:00,1552384.0,18276352.0,20144128.0,20144128.0,16.18,0.130134404,38.18,1427829.0,0.0,0.0,4448.0,2032130.0,0.0,0.0,3315.0,0.0,0.0,0.0,0.0
2023-03-20 16:45:49.147000+00:00,1552384.0,18276352.0,20144128.0,20144128.0,16.2,0.130134404,38.23,1427829.0,0.0,0.0,4448.0,2032130.0,0.0,0.0,3319.0,0.0,0.0,0.0,0.0
2023-03-20 16:45:53.811000+00:00,1552384.0,16826368.0,18739200.0,18739200.0,16.23,0.130134404,38.29,1430045.0,0.0,0.0,4456.0,2035911.0,0.0,0.0,3321.0,0.0,0.0,0.0,0.0
2023-03-20 16:45:58.570000+00:00,1552384.0,16834560.0,19673088.0,19673088.0,16.25,0.130134404,38.36,1430485.0,0.0,0.0,4459.0,2037732.0,0.0,0.0,3323.0,0.0,0.0,0.0,0.0
2023-03-20 16:46:04.233000+00:00,1552384.0,16834560.0,18702336.0,18702336.0,16.25,0.130134404,38.37,1430991.0,0.0,0.0,4463.0,2039628.0,0.0,0.0,3326.0,0.0,0.0,0.0,0.0
2023-03-20 16:46:09.572000+00:00,1552384.0,16834560.0,18702336.0,18702336.0,16.26,0.130134404,38.43,1430991.0,0.0,0.0,4468.0,2041589.0,0.0,0.0,3330.0,0.0,0.0,0.0,0.0
2023-03-20 16:46:13.473000+00:00,1552384.0,18333696.0,20430848.0,20430848.0,16.26,0.130134404,38.44,1433463.0,0.0,0.0,4470.0,2043344.0,0.0,0.0,3331.0,0.0,0.0,0.0,0.0
2023-03-20 16:46:19.542000+00:00,1552384.0,18333696.0,20430848.0,20430848.0,16.26,0.130134404,38.45,1433463.0,0.0,0.0,4470.0,2043344.0,0.0,0.0,3335.0,0.0,0.0,0.0,0.0
2023-03-20 16:46:24.859000+00:00,1568768.0,18903040.0,20922368.0,20922368.0,16.28,0.130134404,38.52,1435676.0,0.0,0.0,4477.0,2047062.0,0.0,0.0,3336.0,0.0,0.0,0.0,0.0
2023-03-20 16:46:29.290000+00:00,1568768.0,18214912.0,20119552.0,20119552.0,16.31,0.130134404,38.57,1436865.0,0.0,0.0,4482.0,2049019.0,0.0,0.0,3340.0,0.0,0.0,0.0,0.0
2023-03-20 16:46:34.562000+00:00,1568768.0,16826368.0,18726912.0,18726912.0,16.32,0.130134404,38.64,1437915.0,0.0,0.0,4485.0,2050839.0,0.0,0.0,3342.0,0.0,0.0,0.0,0.0
2023-03-20 16:46:38.944000+00:00,1568768.0,18182144.0,18726912.0,18726912.0,16.33,0.130134404,38.65,1437915.0,0.0,0.0,4489.0,2052727.0,0.0,0.0,3345.0,0.0,0.0,0.0,0.0
2023-03-20 16:46:44.358000+00:00,1568768.0,19275776.0,21307392.0,21307392.0,16.34,0.130134404,38.67,1442093.0,0.0,0.0,4495.0,2054761.0,0.0,0.0,3350.0,0.0,0.0,0.0,0.0
2023-03-20 16:46:49.060000+00:00,1568768.0,19275776.0,21307392.0,21307392.0,16.34,0.130134404,38.78,1442093.0,0.0,0.0,4495.0,2054761.0,0.0,0.0,3354.0,0.0,0.0,0.0,0.0
2023-03-20 16:46:53.401000+00:00,1568768.0,16773120.0,18780160.0,18780160.0,16.37,0.130134404,38.84,1445632.0,0.0,0.0,4504.0,2058607.0,0.0,0.0,3357.0,0.0,0.0,0.0,0.0
2023-03-20 16:46:59.273000+00:00,1568768.0,16773120.0,18780160.0,18780160.0,16.38,0.130134404,38.85,1445632.0,0.0,0.0,4504.0,2058607.0,0.0,0.0,3357.0,0.0,0.0,0.0,0.0
2023-03-20 16:47:03.249000+00:00,1568768.0,14938112.0,17604608.0,17604608.0,16.39,0.130134404,38.9,1448536.0,0.0,0.0,4512.0,2062390.0,0.0,0.0,3363.0,0.0,0.0,0.0,0.0
2023-03-20 16:47:09.771000+00:00,1568768.0,14938112.0,17604608.0,19283968.0,16.43,0.130134404,38.96,1448968.0,0.0,0.0,4515.0,2064222.0,0.0,0.0,3365.0,0.0,0.0,0.0,0.0
2023-03-20 16:47:14.144000+00:00,1568768.0,18993152.0,21295104.0,21295104.0,16.44,0.130134404,39.03,1450161.0,0.0,0.0,4519.0,2066114.0,0.0,0.0,3368.0,0.0,0.0,0.0,0.0
2023-03-20 16:47:18.786000+00:00,1568768.0,18993152.0,21295104.0,21295104.0,16.47,0.130134404,39.03,1450161.0,0.0,0.0,4519.0,2066114.0,0.0,0.0,3369.0,0.0,0.0,0.0,0.0
2023-03-20 16:47:23.714000+00:00,1585152.0,16236544.0,18911232.0,18911232.0,16.47,0.130134404,39.1,1452443.0,0.0,0.0,4526.0,2069837.0,0.0,0.0,3373.0,0.0,0.0,0.0,0.0
2023-03-20 16:47:28.644000+00:00,1585152.0,17801216.0,19800064.0,19800064.0,16.47,0.130134404,39.1,1452809.0,0.0,0.0,4528.0,2071599.0,0.0,0.0,3374.0,0.0,0.0,0.0,0.0
2023-03-20 16:47:33.379000+00:00,1585152.0,18604032.0,21069824.0,21069824.0,16.49,0.132204437,39.14,1453897.0,0.0,0.0,4533.0,2073562.0,0.0,0.0,3378.0,0.0,0.0,0.0,0.0
2023-03-20 16:47:39.208000+00:00,1585152.0,18604032.0,21069824.0,21893120.0,16.49,0.134049962,39.25,1455771.0,0.0,0.0,4538.0,2075527.0,0.0,0.0,3382.0,0.0,0.0,0.0,0.0
2023-03-20 16:47:43.629000+00:00,1585152.0,19709952.0,21929984.0,21929984.0,16.5,0.134419167,39.25,1456867.0,0.0,0.0,4541.0,2077345.0,0.0,0.0,3384.0,0.0,0.0,0.0,0.0
2023-03-20 16:47:49.867000+00:00,1585152.0,19709952.0,21929984.0,21929984.0,16.55,0.136416494,39.36,1456867.0,0.0,0.0,4541.0,2079373.0,0.0,0.0,3389.0,0.0,0.0,0.0,0.0
2023-03-20 16:47:53.499000+00:00,1585152.0,17866752.0,20000768.0,20000768.0,16.55,0.136416494,39.38,1461231.0,0.0,0.0,4551.0,2081265.0,0.0,0.0,3392.0,0.0,0.0,0.0,0.0
2023-03-20 16:47:59.651000+00:00,1585152.0,18612224.0,20643840.0,20643840.0,16.58,0.13719701,39.45,1462258.0,0.0,0.0,4555.0,2083159.0,0.0,0.0,3395.0,0.0,0.0,0.0,0.0
2023-03-20 16:48:04.528000+00:00,1585152.0,18612224.0,20512768.0,20512768.0,16.58,0.137619597,39.45,1463300.0,0.0,0.0,4558.0,2084976.0,0.0,0.0,3397.0,0.0,0.0,0.0,0.0
2023-03-20 16:48:09.580000+00:00,1585152.0,18612224.0,20512768.0,21176320.0,16.58,0.137822687,39.45,1465078.0,0.0,0.0,4563.0,2086938.0,0.0,0.0,3401.0,0.0,0.0,0.0,0.0
2023-03-20 16:48:13.778000+00:00,1585152.0,18706432.0,20865024.0,20865024.0,16.61,0.137822687,39.55,1465444.0,0.0,0.0,4565.0,2088696.0,0.0,0.0,3402.0,0.0,0.0,0.0,0.0
2023-03-20 16:48:18.684000+00:00,1585152.0,18706432.0,20865024.0,20865024.0,16.61,0.137822687,39.55,1465444.0,0.0,0.0,4569.0,2090588.0,0.0,0.0,3405.0,0.0,0.0,0.0,0.0
2023-03-20 16:48:24.276000+00:00,1601536.0,20000768.0,22036480.0,22036480.0,16.62,0.137822687,39.61,1467734.0,0.0,0.0,4573.0,2092487.0,0.0,0.0,3408.0,0.0,0.0,0.0,0.0
2023-03-20 16:48:29.148000+00:00,1601536.0,20000768.0,22036480.0,22036480.0,16.68,0.137822687,39.76,1467734.0,0.0,0.0,4573.0,2092487.0,0.0,0.0,3408.0,0.0,0.0,0.0,0.0
2023-03-20 16:48:34.102000+00:00,1601536.0,19853312.0,22441984.0,22441984.0,16.73,0.137822687,39.81,1469995.0,0.0,0.0,4581.0,2096278.0,0.0,0.0,3414.0,0.0,0.0,0.0,0.0
2023-03-20 16:48:39.077000+00:00,1601536.0,19853312.0,22441984.0,23212032.0,16.73,0.137822687,39.82,1470427.0,0.0,0.0,4584.0,2098106.0,0.0,0.0,3416.0,0.0,0.0,0.0,0.0
2023-03-20 16:48:43.577000+00:00,1601536.0,17526784.0,19591168.0,19591168.0,16.77,0.137822687,39.95,1471466.0,0.0,0.0,4587.0,2099930.0,0.0,0.0,3418.0,0.0,0.0,0.0,0.0
2023-03-20 16:48:48.356000+00:00,1601536.0,17526784.0,19591168.0,22237184.0,16.77,0.138193426,39.95,1472668.0,0.0,0.0,4591.0,2101825.0,0.0,0.0,3421.0,0.0,0.0,0.0,0.0
2023-03-20 16:48:54.322000+00:00,1601536.0,19558400.0,21823488.0,21823488.0,16.77,0.138193426,39.97,1473811.0,0.0,0.0,4595.0,2103724.0,0.0,0.0,3424.0,0.0,0.0,0.0,0.0
2023-03-20 16:48:59.510000+00:00,1601536.0,19558400.0,21823488.0,21823488.0,16.77,0.138193426,39.98,1473811.0,0.0,0.0,4595.0,2103724.0,0.0,0.0,3424.0,0.0,0.0,0.0,0.0
2023-03-20 16:49:04.396000+00:00,1601536.0,18599936.0,21295104.0,21295104.0,16.8,0.138347215,40.07,1476546.0,0.0,0.0,4603.0,2107515.0,0.0,0.0,3430.0,0.0,0.0,0.0,0.0
2023-03-20 16:49:08.853000+00:00,1601536.0,18599936.0,21680128.0,21680128.0,16.8,0.138347215,40.07,1479117.0,0.0,0.0,4609.0,2109536.0,0.0,0.0,3435.0,0.0,0.0,0.0,0.0
2023-03-20 16:49:13.696000+00:00,1601536.0,17915904.0,20860928.0,20860928.0,16.83,0.172439151,40.19,1479549.0,0.0,0.0,4612.0,2111373.0,0.0,0.0,3437.0,0.0,0.0,0.0,0.0
2023-03-20 16:49:19.827000+00:00,1601536.0,17915904.0,20860928.0,21151744.0,16.84,0.172439151,40.19,1480055.0,0.0,0.0,4616.0,2113269.0,0.0,0.0,3440.0,0.0,0.0,0.0,0.0
2023-03-20 16:49:24.121000+00:00,1613824.0,20185088.0,22487040.0,22487040.0,16.86,0.172439151,40.22,1481142.0,0.0,0.0,4620.0,2115154.0,0.0,0.0,3443.0,0.0,0.0,0.0,0.0
2023-03-20 16:49:28.893000+00:00,1613824.0,20185088.0,22487040.0,22487040.0,16.87,0.172439151,40.31,1481142.0,0.0,0.0,4620.0,2115154.0,0.0,0.0,3443.0,0.0,0.0,0.0,0.0
2023-03-20 16:49:34.657000+00:00,1613824.0,17620992.0,20021248.0,20021248.0,16.88,0.172439151,40.33,1485501.0,0.0,0.0,4630.0,2119072.0,0.0,0.0,3451.0,0.0,0.0,0.0,0.0
2023-03-20 16:49:39.090000+00:00,1613824.0,19275776.0,23478272.0,23478272.0,16.89,0.172439151,40.34,1486580.0,0.0,0.0,4634.0,2120967.0,0.0,0.0,3454.0,0.0,0.0,0.0,0.0
2023-03-20 16:49:43.440000+00:00,1613824.0,18907136.0,20807680.0,20807680.0,16.92,0.172439151,40.35,1487533.0,0.0,0.0,4637.0,2122788.0,0.0,0.0,3456.0,0.0,0.0,0.0,0.0
2023-03-20 16:49:48.755000+00:00,1613824.0,15450112.0,17510400.0,17510400.0,16.94,0.172439151,40.43,1488579.0,0.0,0.0,4640.0,2124602.0,0.0,0.0,3458.0,0.0,0.0,0.0,0.0
2023-03-20 16:49:54.323000+00:00,1613824.0,16257024.0,18157568.0,18157568.0,16.94,0.172439151,40.45,1491079.0,0.0,0.0,4647.0,2126625.0,0.0,0.0,3463.0,0.0,0.0,0.0,0.0
2023-03-20 16:49:58.553000+00:00,1613824.0,16257024.0,18157568.0,18157568.0,16.94,0.172439151,40.47,1491079.0,0.0,0.0,4647.0,2126625.0,0.0,0.0,3463.0,0.0,0.0,0.0,0.0
2023-03-20 16:50:04.811000+00:00,1613824.0,17575936.0,19611648.0,19611648.0,16.95,0.172439151,40.47,1493253.0,0.0,0.0,4654.0,2130336.0,0.0,0.0,3468.0,0.0,0.0,0.0,0.0
2023-03-20 16:50:08.989000+00:00,1613824.0,18198528.0,20131840.0,20131840.0,16.95,0.172439151,40.47,1494330.0,0.0,0.0,4657.0,2132155.0,0.0,0.0,3470.0,0.0,0.0,0.0,0.0
2023-03-20 16:50:13.710000+00:00,1613824.0,17145856.0,19156992.0,19156992.0,16.97,0.172439151,40.53,1494836.0,0.0,0.0,4661.0,2134052.0,0.0,0.0,3473.0,0.0,0.0,0.0,0.0
2023-03-20 16:50:19.518000+00:00,1613824.0,18018304.0,20041728.0,20041728.0,16.97,0.172439151,40.54,1496008.0,0.0,0.0,4665.0,2135945.0,0.0,0.0,3476.0,0.0,0.0,0.0,0.0
2023-03-20 16:50:24.865000+00:00,1634304.0,19136512.0,21069824.0,21069824.0,16.98,0.172439151,40.63,1497913.0,0.0,0.0,4670.0,2137897.0,0.0,0.0,3480.0,0.0,0.0,0.0,0.0
2023-03-20 16:50:28.692000+00:00,1634304.0,17813504.0,20557824.0,20557824.0,17.0,0.172439151,40.68,1498920.0,0.0,0.0,4673.0,2139718.0,0.0,0.0,3480.0,0.0,0.0,0.0,0.0
2023-03-20 16:50:34.114000+00:00,1634304.0,18436096.0,20463616.0,20463616.0,17.02,0.172439151,40.71,1499352.0,0.0,0.0,4676.0,2141544.0,0.0,0.0,3484.0,0.0,0.0,0.0,0.0
2023-03-20 16:50:39.141000+00:00,1634304.0,18436096.0,19017728.0,19017728.0,17.04,0.172439151,40.82,1500510.0,0.0,0.0,4681.0,2143497.0,0.0,0.0,3488.0,0.0,0.0,0.0,0.0
2023-03-20 16:50:43.673000+00:00,1634304.0,18718720.0,20721664.0,20721664.0,17.04,0.172439151,40.84,1500876.0,0.0,0.0,4683.0,2145258.0,0.0,0.0,3489.0,0.0,0.0,0.0,0.0
2023-03-20 16:50:49.722000+00:00,1634304.0,19382272.0,21282816.0,21282816.0,17.06,0.172439151,40.84,1501382.0,0.0,0.0,4687.0,2147152.0,0.0,0.0,3492.0,0.0,0.0,0.0,0.0
2023-03-20 16:50:54.871000+00:00,1634304.0,16822272.0,18767872.0,18767872.0,17.12,0.172439151,40.95,1501822.0,0.0,0.0,4690.0,2148975.0,0.0,0.0,3494.0,0.0,0.0,0.0,0.0
2023-03-20 16:50:59.016000+00:00,1634304.0,18149376.0,20058112.0,20058112.0,17.13,0.172439151,40.95,1503016.0,0.0,0.0,4695.0,2150934.0,0.0,0.0,3498.0,0.0,0.0,0.0,0.0
2023-03-20 16:51:04.346000+00:00,1634304.0,17133568.0,19828736.0,19828736.0,17.14,0.172439151,40.98,1504665.0,0.0,0.0,4699.0,2152812.0,0.0,0.0,3501.0,0.0,0.0,0.0,0.0
2023-03-20 16:51:09.435000+00:00,1634304.0,18190336.0,20103168.0,20103168.0,17.15,0.172439151,40.98,1506502.0,0.0,0.0,4704.0,2154774.0,0.0,0.0,3505.0,0.0,0.0,0.0,0.0
2023-03-20 16:51:13.944000+00:00,1634304.0,18927616.0,21733376.0,21733376.0,17.19,0.172439151,41.04,1508318.0,0.0,0.0,4708.0,2156661.0,0.0,0.0,3508.0,0.0,0.0,0.0,0.0
2023-03-20 16:51:19.151000+00:00,1634304.0,18927616.0,22548480.0,22548480.0,17.21,0.172439151,41.07,1510050.0,0.0,0.0,4713.0,2158617.0,0.0,0.0,3512.0,0.0,0.0,0.0,0.0
2023-03-20 16:51:23.204000+00:00,1642496.0,19828736.0,22122496.0,22122496.0,17.22,0.172439151,41.08,1510416.0,0.0,0.0,4715.0,2160366.0,0.0,0.0,3513.0,0.0,0.0,0.0,0.0
2023-03-20 16:51:29.213000+00:00,1642496.0,19927040.0,22384640.0,22384640.0,17.26,0.172439151,41.17,1510922.0,0.0,0.0,4719.0,2162255.0,0.0,0.0,3516.0,0.0,0.0,0.0,0.0
2023-03-20 16:51:33.336000+00:00,1642496.0,19927040.0,21827584.0,21827584.0,17.27,0.172439151,41.18,1513354.0,0.0,0.0,4725.0,2164270.0,0.0,0.0,3521.0,0.0,0.0,0.0,0.0
2023-03-20 16:51:39.852000+00:00,1642496.0,19927040.0,21827584.0,21827584.0,17.27,0.172439151,41.18,1513354.0,0.0,0.0,4725.0,2164270.0,0.0,0.0,3521.0,0.0,0.0,0.0,0.0
2023-03-20 16:51:44.199000+00:00,1642496.0,19607552.0,21901312.0,21901312.0,17.3,0.172439151,41.23,1514917.0,0.0,0.0,4732.0,2167982.0,0.0,0.0,3526.0,0.0,0.0,0.0,0.0
2023-03-20 16:51:49.829000+00:00,1642496.0,19607552.0,21901312.0,21901312.0,17.3,0.172439151,41.24,1514917.0,0.0,0.0,4732.0,2167982.0,0.0,0.0,3526.0,0.0,0.0,0.0,0.0
2023-03-20 16:51:54.409000+00:00,1642496.0,20205568.0,22196224.0,22196224.0,17.33,0.172439151,41.31,1515863.0,0.0,0.0,4739.0,2171704.0,0.0,0.0,3531.0,0.0,0.0,0.0,0.0
2023-03-20 16:51:58.924000+00:00,1642496.0,20205568.0,22196224.0,22196224.0,17.33,0.172439151,41.31,1515863.0,0.0,0.0,4739.0,2171704.0,0.0,0.0,3531.0,0.0,0.0,0.0,0.0
2023-03-20 16:52:04.565000+00:00,1642496.0,20197376.0,22228992.0,22228992.0,17.35,0.172439151,41.38,1518038.0,0.0,0.0,4747.0,2175486.0,0.0,0.0,3537.0,0.0,0.0,0.0,0.0
2023-03-20 16:52:09.373000+00:00,1642496.0,20197376.0,22228992.0,22228992.0,17.38,0.172439151,41.42,1518038.0,0.0,0.0,4747.0,2175486.0,0.0,0.0,3540.0,0.0,0.0,0.0,0.0
2023-03-20 16:52:14.025000+00:00,1642496.0,21237760.0,23269376.0,23269376.0,17.38,0.172439151,41.43,1519474.0,0.0,0.0,4753.0,2179140.0,0.0,0.0,3541.0,0.0,0.0,0.0,0.0
2023-03-20 16:52:18.117000+00:00,1642496.0,18485248.0,20508672.0,20508672.0,17.39,0.172439151,41.43,1520581.0,0.0,0.0,4757.0,2181026.0,0.0,0.0,3544.0,0.0,0.0,0.0,0.0
2023-03-20 16:52:24.150000+00:00,1654784.0,15548416.0,17727488.0,17727488.0,17.42,0.172439151,41.55,1521766.0,0.0,0.0,4761.0,2182925.0,0.0,0.0,3547.0,0.0,0.0,0.0,0.0
2023-03-20 16:52:28.765000+00:00,1654784.0,15548416.0,17727488.0,17727488.0,17.42,0.172439151,41.58,1521766.0,0.0,0.0,4761.0,2182925.0,0.0,0.0,3547.0,0.0,0.0,0.0,0.0
2023-03-20 16:52:34.732000+00:00,1654784.0,17154048.0,19095552.0,19095552.0,17.44,0.172439151,41.64,1525536.0,0.0,0.0,4770.0,2186777.0,0.0,0.0,3554.0,0.0,0.0,0.0,0.0
2023-03-20 16:52:38.644000+00:00,1654784.0,17154048.0,19423232.0,19423232.0,17.44,0.172439151,41.64,1527337.0,0.0,0.0,4774.0,2188666.0,0.0,0.0,3557.0,0.0,0.0,0.0,0.0
2023-03-20 16:52:43.260000+00:00,1654784.0,19193856.0,21356544.0,21356544.0,17.46,0.172439151,41.66,1528473.0,0.0,0.0,4778.0,2190562.0,0.0,0.0,3560.0,0.0,0.0,0.0,0.0
2023-03-20 16:52:48.390000+00:00,1654784.0,19857408.0,21762048.0,21762048.0,17.46,0.172439151,41.66,1529486.0,0.0,0.0,4781.0,2192386.0,0.0,0.0,3562.0,0.0,0.0,0.0,0.0
2023-03-20 16:52:54.513000+00:00,1654784.0,20201472.0,22110208.0,22110208.0,17.46,0.172439151,41.7,1532032.0,0.0,0.0,4787.0,2194414.0,0.0,0.0,3567.0,0.0,0.0,0.0,0.0
2023-03-20 16:52:59.126000+00:00,1654784.0,20201472.0,22110208.0,22110208.0,17.46,0.172439151,41.7,1532032.0,0.0,0.0,4787.0,2194414.0,0.0,0.0,3567.0,0.0,0.0,0.0,0.0
2023-03-20 16:53:04.162000+00:00,1654784.0,19308544.0,21209088.0,21209088.0,17.47,0.172439151,41.73,1536221.0,0.0,0.0,4797.0,2198334.0,0.0,0.0,3575.0,0.0,0.0,0.0,0.0
2023-03-20 16:53:08.904000+00:00,1654784.0,19308544.0,21291008.0,21291008.0,17.47,0.172439151,41.74,1537193.0,0.0,0.0,4800.0,2200157.0,0.0,0.0,3577.0,0.0,0.0,0.0,0.0
2023-03-20 16:53:14.617000+00:00,1654784.0,21274624.0,24428544.0,24428544.0,17.48,0.172439151,41.76,1538296.0,0.0,0.0,4804.0,2202056.0,0.0,0.0,3580.0,0.0,0.0,0.0,0.0
2023-03-20 16:53:18.010000+00:00,1654784.0,21274624.0,24428544.0,23437312.0,17.48,0.172439151,41.77,1539285.0,0.0,0.0,4807.0,2203877.0,0.0,0.0,3582.0,0.0,0.0,0.0,0.0
2023-03-20 16:53:23.453000+00:00,1675264.0,22933504.0,25591808.0,25591808.0,17.48,0.172439151,41.78,1539717.0,0.0,0.0,4810.0,2205716.0,0.0,0.0,3584.0,0.0,0.0,0.0,0.0
2023-03-20 16:53:28.399000+00:00,1675264.0,20140032.0,22171648.0,22171648.0,17.51,0.172439151,41.82,1540700.0,0.0,0.0,4813.0,2207533.0,0.0,0.0,3584.0,0.0,0.0,0.0,0.0
2023-03-20 16:53:34.782000+00:00,1675264.0,20557824.0,22462464.0,22462464.0,17.51,0.172439151,41.82,1542453.0,0.0,0.0,4818.0,2209493.0,0.0,0.0,3590.0,0.0,0.0,0.0,0.0
2023-03-20 16:53:39.139000+00:00,1675264.0,20557824.0,22974464.0,22974464.0,17.53,0.172439151,41.85,1542885.0,0.0,0.0,4821.0,2211321.0,0.0,0.0,3592.0,0.0,0.0,0.0,0.0
2023-03-20 16:53:43.958000+00:00,1675264.0,21934080.0,25460736.0,25460736.0,17.53,0.172439151,41.86,1543325.0,0.0,0.0,4824.0,2213142.0,0.0,0.0,3594.0,0.0,0.0,0.0,0.0
2023-03-20 16:53:49.248000+00:00,1675264.0,19132416.0,21037056.0,21037056.0,17.54,0.172439151,41.92,1545123.0,0.0,0.0,4830.0,2215173.0,0.0,0.0,3599.0,0.0,0.0,0.0,0.0
2023-03-20 16:53:54.756000+00:00,1675264.0,18886656.0,21204992.0,21204992.0,17.58,0.172439151,42.0,1545489.0,0.0,0.0,4832.0,2216930.0,0.0,0.0,3600.0,0.0,0.0,0.0,0.0
2023-03-20 16:53:58.184000+00:00,1675264.0,19550208.0,21204992.0,21204992.0,17.58,0.172439151,42.0,1545489.0,0.0,0.0,4832.0,2216930.0,0.0,0.0,3600.0,0.0,0.0,0.0,0.0
2023-03-20 16:54:04.731000+00:00,1675264.0,19501056.0,21417984.0,21417984.0,17.59,0.172439151,42.02,1546435.0,0.0,0.0,4839.0,2220645.0,0.0,0.0,3605.0,0.0,0.0,0.0,0.0
2023-03-20 16:54:08.349000+00:00,1675264.0,19501056.0,21417984.0,21417984.0,17.59,0.172439151,42.02,1546435.0,0.0,0.0,4842.0,2222462.0,0.0,0.0,3607.0,0.0,0.0,0.0,0.0
2023-03-20 16:54:14.493000+00:00,1675264.0,19763200.0,21794816.0,21794816.0,17.59,0.172439151,42.04,1550106.0,0.0,0.0,4849.0,2224558.0,0.0,0.0,3613.0,0.0,0.0,0.0,0.0
2023-03-20 16:54:19.753000+00:00,1675264.0,19763200.0,21794816.0,21794816.0,17.61,0.172439151,42.16,1550106.0,0.0,0.0,4849.0,2224558.0,0.0,0.0,3613.0,0.0,0.0,0.0,0.0
2023-03-20 16:54:23.869000+00:00,1687552.0,15773696.0,17981440.0,17981440.0,17.64,0.172439151,42.23,1553738.0,0.0,0.0,4858.0,2228406.0,0.0,0.0,3620.0,0.0,0.0,0.0,0.0
2023-03-20 16:54:28.397000+00:00,1687552.0,15773696.0,17981440.0,17981440.0,17.67,0.172439151,42.3,1553738.0,0.0,0.0,4858.0,2228406.0,0.0,0.0,3620.0,0.0,0.0,0.0,0.0
2023-03-20 16:54:33.252000+00:00,1687552.0,18427904.0,20348928.0,20348928.0,17.69,0.172439151,42.34,1556611.0,0.0,0.0,4866.0,2232185.0,0.0,0.0,3626.0,0.0,0.0,0.0,0.0
2023-03-20 16:54:39.757000+00:00,1687552.0,18427904.0,23240704.0,23240704.0,17.71,0.172439151,42.36,1558680.0,0.0,0.0,4871.0,2234145.0,0.0,0.0,3630.0,0.0,0.0,0.0,0.0
2023-03-20 16:54:43.871000+00:00,1687552.0,19341312.0,21250048.0,21250048.0,17.71,0.172439151,42.36,1561426.0,0.0,0.0,4876.0,2236096.0,0.0,0.0,3634.0,0.0,0.0,0.0,0.0
2023-03-20 16:54:48.194000+00:00,1687552.0,19341312.0,21250048.0,22462464.0,17.71,0.172439151,42.37,1562454.0,0.0,0.0,4879.0,2237915.0,0.0,0.0,3636.0,0.0,0.0,0.0,0.0
2023-03-20 16:54:54.048000+00:00,1687552.0,19161088.0,21061632.0,21061632.0,17.73,0.172439151,42.39,1563526.0,0.0,0.0,4883.0,2239805.0,0.0,0.0,3639.0,0.0,0.0,0.0,0.0
2023-03-20 16:54:58.235000+00:00,1687552.0,19161088.0,21061632.0,21061632.0,17.74,0.172439151,42.44,1563526.0,0.0,0.0,4883.0,2239805.0,0.0,0.0,3639.0,0.0,0.0,0.0,0.0
2023-03-20 16:55:04.836000+00:00,1687552.0,17776640.0,20205568.0,20205568.0,17.76,0.172439151,42.52,1568604.0,0.0,0.0,4894.0,2243787.0,0.0,0.0,3648.0,0.0,0.0,0.0,0.0
2023-03-20 16:55:08.904000+00:00,1687552.0,17776640.0,20205568.0,20205568.0,17.77,0.172439151,42.53,1568604.0,0.0,0.0,4894.0,2243787.0,0.0,0.0,3651.0,0.0,0.0,0.0,0.0
2023-03-20 16:55:14.220000+00:00,1687552.0,18161664.0,20213760.0,20213760.0,17.78,0.172439151,42.58,1572761.0,0.0,0.0,4904.0,2247710.0,0.0,0.0,3656.0,0.0,0.0,0.0,0.0
2023-03-20 16:55:19.874000+00:00,1687552.0,18849792.0,20881408.0,20881408.0,17.78,0.172439151,42.58,1573932.0,0.0,0.0,4908.0,2249608.0,0.0,0.0,3659.0,0.0,0.0,0.0,0.0
2023-03-20 16:55:24.585000+00:00,1712128.0,19914752.0,22081536.0,22081536.0,17.79,0.172439151,42.59,1575602.0,0.0,0.0,4912.0,2251495.0,0.0,0.0,3662.0,0.0,0.0,0.0,0.0
2023-03-20 16:55:29.811000+00:00,1712128.0,19914752.0,22081536.0,22081536.0,17.79,0.172439151,42.6,1575602.0,0.0,0.0,4912.0,2251495.0,0.0,0.0,3662.0,0.0,0.0,0.0,0.0
2023-03-20 16:55:34.833000+00:00,1712128.0,19980288.0,22315008.0,22315008.0,17.79,0.172439151,42.62,1579086.0,0.0,0.0,4921.0,2255341.0,0.0,0.0,3669.0,0.0,0.0,0.0,0.0
2023-03-20 16:55:38.822000+00:00,1712128.0,19980288.0,21880832.0,21880832.0,17.79,0.172439151,42.62,1580089.0,0.0,0.0,4924.0,2257166.0,0.0,0.0,3671.0,0.0,0.0,0.0,0.0
2023-03-20 16:55:44.905000+00:00,1712128.0,17244160.0,19243008.0,19243008.0,17.83,0.172439151,42.71,1581175.0,0.0,0.0,4928.0,2259064.0,0.0,0.0,3674.0,0.0,0.0,0.0,0.0
2023-03-20 16:55:48.804000+00:00,1712128.0,17244160.0,18579456.0,18579456.0,17.86,0.172439151,42.71,1581541.0,0.0,0.0,4930.0,2260826.0,0.0,0.0,3675.0,0.0,0.0,0.0,0.0
2023-03-20 16:55:53.671000+00:00,1712128.0,16482304.0,18518016.0,18518016.0,17.86,0.172439151,42.79,1582726.0,0.0,0.0,4935.0,2262792.0,0.0,0.0,3679.0,0.0,0.0,0.0,0.0
2023-03-20 16:55:59.706000+00:00,1712128.0,16482304.0,18518016.0,18518016.0,17.89,0.172439151,42.87,1582726.0,0.0,0.0,4935.0,2262792.0,0.0,0.0,3679.0,0.0,0.0,0.0,0.0
2023-03-20 16:56:03.866000+00:00,1712128.0,17588224.0,19623936.0,19623936.0,17.89,0.172439151,42.87,1584260.0,0.0,0.0,4942.0,2266506.0,0.0,0.0,3684.0,0.0,0.0,0.0,0.0
2023-03-20 16:56:08.347000+00:00,1712128.0,17588224.0,19623936.0,19623936.0,17.9,0.172439151,42.87,1584260.0,0.0,0.0,4942.0,2266506.0,0.0,0.0,3686.0,0.0,0.0,0.0,0.0
2023-03-20 16:56:13.239000+00:00,1712128.0,16285696.0,19582976.0,19582976.0,17.92,0.172439151,42.93,1585791.0,0.0,0.0,4948.0,2270162.0,0.0,0.0,3688.0,0.0,0.0,0.0,0.0
2023-03-20 16:56:19.847000+00:00,1712128.0,15933440.0,17965056.0,17965056.0,17.92,0.172439151,42.94,1587646.0,0.0,0.0,4953.0,2272119.0,0.0,0.0,3692.0,0.0,0.0,0.0,0.0
2023-03-20 16:56:24.755000+00:00,1724416.0,15695872.0,17743872.0,17743872.0,17.93,0.172439151,43.03,1588664.0,0.0,0.0,4956.0,2273939.0,0.0,0.0,3694.0,0.0,0.0,0.0,0.0
2023-03-20 16:56:29.127000+00:00,1724416.0,17932288.0,20254720.0,20254720.0,17.94,0.172439151,43.06,1591286.0,0.0,0.0,4956.0,2273939.0,0.0,0.0,3694.0,0.0,0.0,0.0,0.0
2023-03-20 16:56:34.133000+00:00,1724416.0,18071552.0,20070400.0,20070400.0,17.94,0.172439151,43.08,1591652.0,0.0,0.0,4964.0,2277721.0,0.0,0.0,3700.0,0.0,0.0,0.0,0.0
2023-03-20 16:56:38.514000+00:00,1724416.0,18071552.0,20070400.0,20070400.0,17.96,0.172439151,43.19,1591652.0,0.0,0.0,4964.0,2279605.0,0.0,0.0,3703.0,0.0,0.0,0.0,0.0
2023-03-20 16:56:43.865000+00:00,1724416.0,18186240.0,20324352.0,20324352.0,17.96,0.172439151,43.19,1593186.0,0.0,0.0,4971.0,2281438.0,0.0,0.0,3705.0,0.0,0.0,0.0,0.0
2023-03-20 16:56:49.447000+00:00,1724416.0,18874368.0,21426176.0,21426176.0,18.0,0.172439151,43.25,1594917.0,0.0,0.0,4976.0,2283401.0,0.0,0.0,3709.0,0.0,0.0,0.0,0.0
2023-03-20 16:56:54.395000+00:00,1724416.0,17842176.0,20107264.0,20107264.0,18.02,0.172439151,43.3,1596530.0,0.0,0.0,4980.0,2285290.0,0.0,0.0,3712.0,0.0,0.0,0.0,0.0
2023-03-20 16:56:59.856000+00:00,1724416.0,17842176.0,20107264.0,20107264.0,18.03,0.173200889,43.31,1596530.0,0.0,0.0,4980.0,2285290.0,0.0,0.0,3712.0,0.0,0.0,0.0,0.0
2023-03-20 16:57:04.342000+00:00,1724416.0,17207296.0,19623936.0,19623936.0,18.07,0.173200889,43.42,1600125.0,0.0,0.0,4989.0,2289134.0,0.0,0.0,3719.0,0.0,0.0,0.0,0.0
2023-03-20 16:57:09.147000+00:00,1724416.0,17207296.0,19623936.0,19623936.0,18.12,0.173688161,43.52,1600125.0,0.0,0.0,4989.0,2289134.0,0.0,0.0,3719.0,0.0,0.0,0.0,0.0
2023-03-20 16:57:13.862000+00:00,1724416.0,17301504.0,19202048.0,19202048.0,18.12,0.173752371,43.53,1603817.0,0.0,0.0,4998.0,2292984.0,0.0,0.0,3726.0,0.0,0.0,0.0,0.0
2023-03-20 16:57:19.717000+00:00,1724416.0,18866176.0,19202048.0,19202048.0,18.14,0.175568507,43.61,1603817.0,0.0,0.0,4998.0,2292984.0,0.0,0.0,3726.0,0.0,0.0,0.0,0.0
2023-03-20 16:57:23.690000+00:00,1744896.0,19251200.0,21155840.0,21155840.0,18.14,0.175568507,43.62,1605427.0,0.0,0.0,5005.0,2296701.0,0.0,0.0,3731.0,0.0,0.0,0.0,0.0
2023-03-20 16:57:28.147000+00:00,1744896.0,19251200.0,21155840.0,21155840.0,18.14,0.175568507,43.62,1605427.0,0.0,0.0,5005.0,2296701.0,0.0,0.0,3731.0,0.0,0.0,0.0,0.0
2023-03-20 16:57:34.094000+00:00,1744896.0,18235392.0,20398080.0,20398080.0,18.19,0.182733517,43.69,1608381.0,0.0,0.0,5013.0,2300495.0,0.0,0.0,3737.0,0.0,0.0,0.0,0.0
2023-03-20 16:57:39.531000+00:00,1744896.0,18235392.0,20398080.0,20398080.0,18.21,0.183367754,43.73,1608381.0,0.0,0.0,5018.0,2302460.0,0.0,0.0,3741.0,0.0,0.0,0.0,0.0
2023-03-20 16:57:43.675000+00:00,1744896.0,19660800.0,21700608.0,21700608.0,18.21,0.183367754,43.74,1610864.0,0.0,0.0,5020.0,2304219.0,0.0,0.0,3742.0,0.0,0.0,0.0,0.0
2023-03-20 16:57:49.489000+00:00,1744896.0,18423808.0,21700608.0,21700608.0,18.23,0.184691407,43.76,1610864.0,0.0,0.0,5020.0,2304219.0,0.0,0.0,3742.0,0.0,0.0,0.0,0.0
2023-03-20 16:57:54.486000+00:00,1744896.0,18620416.0,20529152.0,20529152.0,18.23,0.184691407,43.77,1614522.0,0.0,0.0,5029.0,2308069.0,0.0,0.0,3749.0,0.0,0.0,0.0,0.0
2023-03-20 16:57:58.998000+00:00,1744896.0,18927616.0,21110784.0,21110784.0,18.25,0.186168281,43.81,1615532.0,0.0,0.0,5032.0,2309894.0,0.0,0.0,3751.0,0.0,0.0,0.0,0.0
2023-03-20 16:58:04.336000+00:00,1744896.0,19279872.0,21184512.0,21184512.0,18.25,0.186168281,43.82,1615964.0,0.0,0.0,5035.0,2311727.0,0.0,0.0,3753.0,0.0,0.0,0.0,0.0
2023-03-20 16:58:08.694000+00:00,1744896.0,19279872.0,21184512.0,21184512.0,18.26,0.186449671,43.82,1615964.0,0.0,0.0,5038.0,2313551.0,0.0,0.0,3755.0,0.0,0.0,0.0,0.0
2023-03-20 16:58:14.147000+00:00,1744896.0,19951616.0,21983232.0,21983232.0,18.26,0.186449671,43.83,1618150.0,0.0,0.0,5043.0,2315510.0,0.0,0.0,3759.0,0.0,0.0,0.0,0.0
2023-03-20 16:58:19.698000+00:00,1744896.0,19951616.0,21983232.0,21983232.0,18.26,0.186449671,43.84,1618150.0,0.0,0.0,5047.0,2317410.0,0.0,0.0,3762.0,0.0,0.0,0.0,0.0
2023-03-20 16:58:23.900000+00:00,1761280.0,20963328.0,23097344.0,23097344.0,18.27,0.186750378,43.96,1619789.0,0.0,0.0,5050.0,2319228.0,0.0,0.0,3764.0,0.0,0.0,0.0,0.0
2023-03-20 16:58:29.027000+00:00,1761280.0,20963328.0,23097344.0,23097344.0,18.31,0.188089942,44.0,1619789.0,0.0,0.0,5050.0,2319228.0,0.0,0.0,3764.0,0.0,0.0,0.0,0.0
2023-03-20 16:58:34.017000+00:00,1761280.0,17301504.0,19759104.0,19759104.0,18.35,0.188089942,44.15,1622085.0,0.0,0.0,5059.0,2323073.0,0.0,0.0,3771.0,0.0,0.0,0.0,0.0
2023-03-20 16:58:38.590000+00:00,1761280.0,17301504.0,19759104.0,19402752.0,18.35,0.188089942,44.16,1623185.0,0.0,0.0,5062.0,2324891.0,0.0,0.0,3773.0,0.0,0.0,0.0,0.0
2023-03-20 16:58:44.750000+00:00,1761280.0,18989056.0,21286912.0,21286912.0,18.4,0.188089942,44.22,1625083.0,0.0,0.0,5067.0,2326852.0,0.0,0.0,3777.0,0.0,0.0,0.0,0.0
2023-03-20 16:58:49.261000+00:00,1761280.0,20037632.0,21946368.0,21946368.0,18.4,0.188089942,44.23,1627070.0,0.0,0.0,5072.0,2328813.0,0.0,0.0,3781.0,0.0,0.0,0.0,0.0
2023-03-20 16:58:54.520000+00:00,1761280.0,17195008.0,19398656.0,19398656.0,18.44,0.188089942,44.33,1628730.0,0.0,0.0,5076.0,2330708.0,0.0,0.0,3784.0,0.0,0.0,0.0,0.0
2023-03-20 16:58:58.260000+00:00,1761280.0,17195008.0,19398656.0,19398656.0,18.45,0.188089942,44.36,1628730.0,0.0,0.0,5076.0,2330708.0,0.0,0.0,3784.0,0.0,0.0,0.0,0.0
2023-03-20 16:59:03.398000+00:00,1761280.0,17342464.0,19374080.0,19374080.0,18.45,0.188089942,44.36,1632435.0,0.0,0.0,5085.0,2334552.0,0.0,0.0,3791.0,0.0,0.0,0.0,0.0
2023-03-20 16:59:09.773000+00:00,1761280.0,17342464.0,19374080.0,20856832.0,18.46,0.188089942,44.36,1634198.0,0.0,0.0,5090.0,2336506.0,0.0,0.0,3795.0,0.0,0.0,0.0,0.0
2023-03-20 16:59:13.945000+00:00,1761280.0,20971520.0,23052288.0,23052288.0,18.47,0.188089942,44.43,1635229.0,0.0,0.0,5093.0,2338323.0,0.0,0.0,3797.0,0.0,0.0,0.0,0.0
2023-03-20 16:59:18.511000+00:00,1761280.0,20971520.0,23052288.0,23052288.0,18.47,0.188089942,44.44,1635229.0,0.0,0.0,5093.0,2338323.0,0.0,0.0,3800.0,0.0,0.0,0.0,0.0
2023-03-20 16:59:24.672000+00:00,1781760.0,16982016.0,19046400.0,19046400.0,18.52,0.188089942,44.56,1640114.0,0.0,0.0,5104.0,2342305.0,0.0,0.0,3806.0,0.0,0.0,0.0,0.0
2023-03-20 16:59:29.109000+00:00,1781760.0,16965632.0,19046400.0,19046400.0,18.54,0.188089942,44.6,1640114.0,0.0,0.0,5104.0,2342305.0,0.0,0.0,3806.0,0.0,0.0,0.0,0.0
2023-03-20 16:59:34.145000+00:00,1781760.0,17506304.0,19660800.0,19660800.0,18.54,0.188089942,44.6,1643617.0,0.0,0.0,5113.0,2346147.0,0.0,0.0,3813.0,0.0,0.0,0.0,0.0
2023-03-20 16:59:39.573000+00:00,1781760.0,17506304.0,19660800.0,19660800.0,18.54,0.188089942,44.62,1644690.0,0.0,0.0,5117.0,2348048.0,0.0,0.0,3816.0,0.0,0.0,0.0,0.0
2023-03-20 16:59:44.309000+00:00,1781760.0,20226048.0,22126592.0,22126592.0,18.54,0.188089942,44.62,1646492.0,0.0,0.0,5121.0,2349940.0,0.0,0.0,3819.0,0.0,0.0,0.0,0.0
2023-03-20 16:59:49.582000+00:00,1781760.0,20226048.0,22126592.0,20934656.0,18.56,0.188089942,44.66,1649041.0,0.0,0.0,5127.0,2351971.0,0.0,0.0,3824.0,0.0,0.0,0.0,0.0
2023-03-20 16:59:53.293000+00:00,1781760.0,18341888.0,21925888.0,21925888.0,18.56,0.188089942,44.72,1650093.0,0.0,0.0,5130.0,2353793.0,0.0,0.0,3826.0,0.0,0.0,0.0,0.0
2023-03-20 16:59:59.792000+00:00,1781760.0,18341888.0,21925888.0,21925888.0,18.56,0.188089942,44.73,1650093.0,0.0,0.0,5130.0,2353793.0,0.0,0.0,3826.0,0.0,0.0,0.0,0.0
2023-03-20 17:00:04.419000+00:00,1781760.0,18477056.0,20381696.0,20381696.0,18.58,0.188089942,44.75,1652268.0,0.0,0.0,5137.0,2357510.0,0.0,0.0,3831.0,0.0,0.0,0.0,0.0
2023-03-20 17:00:09.591000+00:00,1781760.0,18477056.0,20381696.0,21041152.0,18.58,0.188089942,44.76,1653363.0,0.0,0.0,5141.0,2359404.0,0.0,0.0,3834.0,0.0,0.0,0.0,0.0
2023-03-20 17:00:14.054000+00:00,1781760.0,20189184.0,22224896.0,22224896.0,18.58,0.188089942,44.77,1655954.0,0.0,0.0,5147.0,2361414.0,0.0,0.0,3839.0,0.0,0.0,0.0,0.0
2023-03-20 17:00:19.116000+00:00,1781760.0,20189184.0,22224896.0,22089728.0,18.58,0.188089942,44.78,1656386.0,0.0,0.0,5150.0,2363240.0,0.0,0.0,3841.0,0.0,0.0,0.0,0.0
2023-03-20 17:00:24.726000+00:00,1802240.0,20078592.0,22253568.0,22253568.0,18.6,0.188089942,44.82,1656826.0,0.0,0.0,5153.0,2365064.0,0.0,0.0,3843.0,0.0,0.0,0.0,0.0
2023-03-20 17:00:28.795000+00:00,1802240.0,20078592.0,22253568.0,22253568.0,18.64,0.188089942,44.93,1656826.0,0.0,0.0,5153.0,2365064.0,0.0,0.0,3843.0,0.0,0.0,0.0,0.0
2023-03-20 17:00:33.938000+00:00,1802240.0,18116608.0,20209664.0,20209664.0,18.64,0.188089942,44.93,1660362.0,0.0,0.0,5163.0,2368981.0,0.0,0.0,3851.0,0.0,0.0,0.0,0.0
2023-03-20 17:00:39.895000+00:00,1802240.0,18116608.0,20189184.0,20189184.0,18.65,0.188089942,44.95,1661389.0,0.0,0.0,5167.0,2370883.0,0.0,0.0,3854.0,0.0,0.0,0.0,0.0
2023-03-20 17:00:43.024000+00:00,1802240.0,19312640.0,21368832.0,21368832.0,18.65,0.188089942,44.96,1662448.0,0.0,0.0,5170.0,2372704.0,0.0,0.0,3856.0,0.0,0.0,0.0,0.0
2023-03-20 17:00:48.577000+00:00,1802240.0,19312640.0,21368832.0,22188032.0,18.66,0.188089942,44.96,1663587.0,0.0,0.0,5174.0,2374594.0,0.0,0.0,3859.0,0.0,0.0,0.0,0.0
2023-03-20 17:00:54.082000+00:00,1802240.0,20414464.0,22482944.0,22482944.0,18.66,0.188089942,44.98,1664727.0,0.0,0.0,5178.0,2376488.0,0.0,0.0,3862.0,0.0,0.0,0.0,0.0
2023-03-20 17:00:58.897000+00:00,1802240.0,20602880.0,22634496.0,22634496.0,18.66,0.188089942,44.98,1666526.0,0.0,0.0,5182.0,2378379.0,0.0,0.0,3862.0,0.0,0.0,0.0,0.0
2023-03-20 17:01:03.769000+00:00,1802240.0,18833408.0,20733952.0,20733952.0,18.69,0.195228985,45.09,1667665.0,0.0,0.0,5186.0,2380279.0,0.0,0.0,3868.0,0.0,0.0,0.0,0.0
2023-03-20 17:01:09.576000+00:00,1802240.0,17960960.0,20733952.0,20733952.0,18.73,0.195499766,45.09,1667665.0,0.0,0.0,5186.0,2380279.0,0.0,0.0,3868.0,0.0,0.0,0.0,0.0
2023-03-20 17:01:14.005000+00:00,1802240.0,19714048.0,22122496.0,22122496.0,18.73,0.195499766,45.19,1670563.0,0.0,0.0,5194.0,2384059.0,0.0,0.0,3874.0,0.0,0.0,0.0,0.0
2023-03-20 17:01:19.700000+00:00,1802240.0,19714048.0,21757952.0,21757952.0,18.74,0.195499766,45.2,1672932.0,0.0,0.0,5200.0,2386088.0,0.0,0.0,3879.0,0.0,0.0,0.0,0.0
2023-03-20 17:01:24.764000+00:00,1822720.0,20418560.0,22323200.0,22323200.0,18.75,0.195499766,45.22,1674627.0,0.0,0.0,5204.0,2387979.0,0.0,0.0,3882.0,0.0,0.0,0.0,0.0
2023-03-20 17:01:29.021000+00:00,1822720.0,20418560.0,22323200.0,22323200.0,18.76,0.196622812,45.31,1674627.0,0.0,0.0,5204.0,2389872.0,0.0,0.0,3885.0,0.0,0.0,0.0,0.0
2023-03-20 17:01:34.856000+00:00,1822720.0,21663744.0,23564288.0,23564288.0,18.76,0.196622812,45.32,1678333.0,0.0,0.0,5213.0,2391826.0,0.0,0.0,3889.0,0.0,0.0,0.0,0.0
2023-03-20 17:01:39.710000+00:00,1822720.0,21663744.0,23564288.0,23564288.0,18.79,0.198248928,45.44,1678333.0,0.0,0.0,5213.0,2391826.0,0.0,0.0,3889.0,0.0,0.0,0.0,0.0
2023-03-20 17:01:43.375000+00:00,1822720.0,18759680.0,20660224.0,20660224.0,18.81,0.198248928,45.47,1681471.0,0.0,0.0,5221.0,2395602.0,0.0,0.0,3895.0,0.0,0.0,0.0,0.0
2023-03-20 17:01:49.831000+00:00,1822720.0,20086784.0,22253568.0,22253568.0,18.84,0.201937159,45.54,1683992.0,0.0,0.0,5227.0,2397625.0,0.0,0.0,3900.0,0.0,0.0,0.0,0.0
2023-03-20 17:01:53.870000+00:00,1822720.0,20750336.0,22663168.0,22663168.0,18.84,0.204938822,45.55,1684358.0,0.0,0.0,5229.0,2399382.0,0.0,0.0,3901.0,0.0,0.0,0.0,0.0
2023-03-20 17:01:59.026000+00:00,1822720.0,19824640.0,21991424.0,21991424.0,18.86,0.210734224,45.6,1684864.0,0.0,0.0,5233.0,2399382.0,0.0,0.0,3901.0,0.0,0.0,0.0,0.0
2023-03-20 17:02:03.159000+00:00,1822720.0,21184512.0,23347200.0,23347200.0,18.86,0.210734224,45.6,1685934.0,0.0,0.0,5236.0,2403095.0,0.0,0.0,3906.0,0.0,0.0,0.0,0.0
2023-03-20 17:02:08.842000+00:00,1822720.0,21184512.0,23347200.0,23347200.0,18.89,0.211163223,45.6,1685934.0,0.0,0.0,5236.0,2403095.0,0.0,0.0,3909.0,0.0,0.0,0.0,0.0
2023-03-20 17:02:14.299000+00:00,1822720.0,21381120.0,23281664.0,23281664.0,18.9,0.211163223,45.62,1688131.0,0.0,0.0,5243.0,2406816.0,0.0,0.0,3911.0,0.0,0.0,0.0,0.0
2023-03-20 17:02:19.566000+00:00,1822720.0,19120128.0,23281664.0,23281664.0,18.95,0.211163223,45.72,1688131.0,0.0,0.0,5243.0,2406816.0,0.0,0.0,3911.0,0.0,0.0,0.0,0.0
2023-03-20 17:02:24.479000+00:00,1839104.0,15888384.0,18223104.0,18223104.0,18.99,0.211163223,45.82,1689771.0,0.0,0.0,5250.0,2410538.0,0.0,0.0,3916.0,0.0,0.0,0.0,0.0
2023-03-20 17:02:28.762000+00:00,1839104.0,17608704.0,20828160.0,20828160.0,19.0,0.211163223,45.85,1691764.0,0.0,0.0,5254.0,2412426.0,0.0,0.0,3919.0,0.0,0.0,0.0,0.0
2023-03-20 17:02:34.245000+00:00,1839104.0,20287488.0,24412160.0,24412160.0,19.01,0.211163223,45.86,1692196.0,0.0,0.0,5257.0,2414258.0,0.0,0.0,3921.0,0.0,0.0,0.0,0.0
2023-03-20 17:02:39.851000+00:00,1839104.0,20287488.0,24412160.0,24412160.0,19.01,0.211163223,45.88,1692196.0,0.0,0.0,5257.0,2414258.0,0.0,0.0,3925.0,0.0,0.0,0.0,0.0
2023-03-20 17:02:42.992000+00:00,1839104.0,18395136.0,20299776.0,20299776.0,19.04,0.211163223,45.91,1695716.0,0.0,0.0,5267.0,2418177.0,0.0,0.0,3929.0,0.0,0.0,0.0,0.0
2023-03-20 17:02:49.729000+00:00,1839104.0,18395136.0,20299776.0,20299776.0,19.05,0.211163223,45.91,1695716.0,0.0,0.0,5267.0,2418177.0,0.0,0.0,3933.0,0.0,0.0,0.0,0.0
2023-03-20 17:02:53.966000+00:00,1839104.0,20606976.0,23293952.0,23293952.0,19.06,0.211163223,45.92,1698756.0,0.0,0.0,5275.0,2421966.0,0.0,0.0,3935.0,0.0,0.0,0.0,0.0
2023-03-20 17:02:59.091000+00:00,1839104.0,20787200.0,23855104.0,23855104.0,19.06,0.21142757,45.94,1699843.0,0.0,0.0,5279.0,2423869.0,0.0,0.0,3938.0,0.0,0.0,0.0,0.0
2023-03-20 17:03:03.904000+00:00,1839104.0,20312064.0,22212608.0,22212608.0,19.06,0.223615096,45.94,1700283.0,0.0,0.0,5282.0,2425690.0,0.0,0.0,3940.0,0.0,0.0,0.0,0.0
2023-03-20 17:03:08.882000+00:00,1839104.0,20312064.0,22212608.0,22212608.0,19.08,0.229595725,45.99,1700283.0,0.0,0.0,5287.0,2427648.0,0.0,0.0,3944.0,0.0,0.0,0.0,0.0
2023-03-20 17:03:14.269000+00:00,1839104.0,17018880.0,18919424.0,18919424.0,19.1,0.229595725,46.03,1703348.0,0.0,0.0,5291.0,2429547.0,0.0,0.0,3947.0,0.0,0.0,0.0,0.0
2023-03-20 17:03:18.950000+00:00,1839104.0,17018880.0,18919424.0,18919424.0,19.1,0.229595725,46.04,1703348.0,0.0,0.0,5293.0,2431311.0,0.0,0.0,3948.0,0.0,0.0,0.0,0.0
2023-03-20 17:03:23.867000+00:00,1851392.0,17960960.0,20275200.0,20275200.0,19.11,0.235824656,46.08,1704220.0,0.0,0.0,5297.0,2433204.0,0.0,0.0,3951.0,0.0,0.0,0.0,0.0
2023-03-20 17:03:28.571000+00:00,1851392.0,19795968.0,21827584.0,21827584.0,19.12,0.238243088,46.09,1707181.0,0.0,0.0,5302.0,2435163.0,0.0,0.0,3955.0,0.0,0.0,0.0,0.0
2023-03-20 17:03:34.615000+00:00,1851392.0,18616320.0,20516864.0,20516864.0,19.16,0.238243088,46.18,1709762.0,0.0,0.0,5308.0,2437188.0,0.0,0.0,3960.0,0.0,0.0,0.0,0.0
2023-03-20 17:03:39.177000+00:00,1851392.0,18616320.0,20516864.0,21827584.0,19.16,0.238243088,46.2,1710861.0,0.0,0.0,5312.0,2439084.0,0.0,0.0,3963.0,0.0,0.0,0.0,0.0
2023-03-20 17:03:44.846000+00:00,1851392.0,20353024.0,22253568.0,22253568.0,19.16,0.238243088,46.21,1713253.0,0.0,0.0,5318.0,2441105.0,0.0,0.0,3968.0,0.0,0.0,0.0,0.0
2023-03-20 17:03:49.870000+00:00,1851392.0,20606976.0,22507520.0,22507520.0,19.16,0.238243088,46.21,1713685.0,0.0,0.0,5321.0,2442937.0,0.0,0.0,3970.0,0.0,0.0,0.0,0.0
2023-03-20 17:03:53.948000+00:00,1851392.0,20615168.0,22659072.0,22659072.0,19.16,0.238243088,46.21,1714125.0,0.0,0.0,5324.0,2444765.0,0.0,0.0,3972.0,0.0,0.0,0.0,0.0
2023-03-20 17:03:59.467000+00:00,1851392.0,20615168.0,22659072.0,22659072.0,19.2,0.238243088,46.32,1714125.0,0.0,0.0,5324.0,2444765.0,0.0,0.0,3972.0,0.0,0.0,0.0,0.0
2023-03-20 17:04:04.406000+00:00,1851392.0,17129472.0,19030016.0,19030016.0,19.2,0.238243088,46.33,1717024.0,0.0,0.0,5333.0,2448623.0,0.0,0.0,3979.0,0.0,0.0,0.0,0.0
2023-03-20 17:04:09.066000+00:00,1851392.0,17129472.0,19030016.0,19173376.0,19.22,0.238243088,46.39,1718182.0,0.0,0.0,5337.0,2450520.0,0.0,0.0,3982.0,0.0,0.0,0.0,0.0
2023-03-20 17:04:14.077000+00:00,1851392.0,17137664.0,19046400.0,19046400.0,19.22,0.238243088,46.4,1720907.0,0.0,0.0,5342.0,2452478.0,0.0,0.0,3986.0,0.0,0.0,0.0,0.0
2023-03-20 17:04:19.755000+00:00,1851392.0,17137664.0,19046400.0,19046400.0,19.23,0.238243088,46.5,1720907.0,0.0,0.0,5347.0,2454441.0,0.0,0.0,3990.0,0.0,0.0,0.0,0.0
2023-03-20 17:04:24.599000+00:00,1871872.0,15101952.0,17838080.0,17838080.0,19.32,0.238243088,46.67,1723076.0,0.0,0.0,5349.0,2456201.0,0.0,0.0,3991.0,0.0,0.0,0.0,0.0
2023-03-20 17:04:29.015000+00:00,1871872.0,15482880.0,17653760.0,17653760.0,19.32,0.238243088,46.7,1724829.0,0.0,0.0,5355.0,2458224.0,0.0,0.0,3996.0,0.0,0.0,0.0,0.0
2023-03-20 17:04:34.283000+00:00,1871872.0,17539072.0,19894272.0,19894272.0,19.33,0.238243088,46.75,1726572.0,0.0,0.0,5359.0,2460112.0,0.0,0.0,3999.0,0.0,0.0,0.0,0.0
2023-03-20 17:04:39.093000+00:00,1871872.0,17539072.0,19546112.0,19546112.0,19.33,0.238243088,46.75,1727672.0,0.0,0.0,5363.0,2461999.0,0.0,0.0,4002.0,0.0,0.0,0.0,0.0
2023-03-20 17:04:43.337000+00:00,1871872.0,18964480.0,21118976.0,21118976.0,19.34,0.238243088,46.76,1728732.0,0.0,0.0,5366.0,2463823.0,0.0,0.0,4004.0,0.0,0.0,0.0,0.0
2023-03-20 17:04:49.026000+00:00,1871872.0,18964480.0,19079168.0,19079168.0,19.35,0.238243088,46.76,1729839.0,0.0,0.0,5370.0,2465719.0,0.0,0.0,4007.0,0.0,0.0,0.0,0.0
2023-03-20 17:04:54.413000+00:00,1871872.0,17985536.0,19898368.0,19898368.0,19.36,0.238243088,46.83,1730205.0,0.0,0.0,5372.0,2467474.0,0.0,0.0,4008.0,0.0,0.0,0.0,0.0
2023-03-20 17:04:59.635000+00:00,1871872.0,17985536.0,19898368.0,19898368.0,19.36,0.238243088,46.83,1730205.0,0.0,0.0,5372.0,2467474.0,0.0,0.0,4008.0,0.0,0.0,0.0,0.0
2023-03-20 17:05:04.566000+00:00,1871872.0,20156416.0,22446080.0,22446080.0,19.36,0.238243088,46.86,1733776.0,0.0,0.0,5381.0,2471326.0,0.0,0.0,4015.0,0.0,0.0,0.0,0.0
2023-03-20 17:05:09.230000+00:00,1871872.0,20156416.0,22061056.0,22061056.0,19.36,0.238243088,46.86,1734958.0,0.0,0.0,5385.0,2473229.0,0.0,0.0,4018.0,0.0,0.0,0.0,0.0
2023-03-20 17:05:14.034000+00:00,1871872.0,18587648.0,21663744.0,21663744.0,19.39,0.238243088,46.92,1735324.0,0.0,0.0,5387.0,2474987.0,0.0,0.0,4019.0,0.0,0.0,0.0,0.0
2023-03-20 17:05:18.778000+00:00,1871872.0,18587648.0,20488192.0,20488192.0,19.4,0.238243088,46.92,1737066.0,0.0,0.0,5391.0,2476876.0,0.0,0.0,4022.0,0.0,0.0,0.0,0.0
2023-03-20 17:05:24.501000+00:00,1888256.0,18579456.0,20873216.0,20873216.0,19.4,0.238243088,46.98,1737498.0,0.0,0.0,5394.0,2478701.0,0.0,0.0,4024.0,0.0,0.0,0.0,0.0
2023-03-20 17:05:29.606000+00:00,1888256.0,18579456.0,20873216.0,20873216.0,19.4,0.238243088,47.01,1737498.0,0.0,0.0,5399.0,2480665.0,0.0,0.0,4028.0,0.0,0.0,0.0,0.0
2023-03-20 17:05:33.320000+00:00,1888256.0,19890176.0,21921792.0,21921792.0,19.4,0.238243088,47.02,1740599.0,0.0,0.0,5403.0,2482552.0,0.0,0.0,4031.0,0.0,0.0,0.0,0.0
2023-03-20 17:05:38.359000+00:00,1888256.0,19021824.0,21798912.0,21798912.0,19.43,0.238243088,47.13,1741663.0,0.0,0.0,5406.0,2484380.0,0.0,0.0,4033.0,0.0,0.0,0.0,0.0
2023-03-20 17:05:43.999000+00:00,1888256.0,16408576.0,18440192.0,18440192.0,19.46,0.238243088,47.17,1743449.0,0.0,0.0,5411.0,2486346.0,0.0,0.0,4037.0,0.0,0.0,0.0,0.0
2023-03-20 17:05:48.326000+00:00,1888256.0,16408576.0,19660800.0,19660800.0,19.46,0.238243088,47.17,1745941.0,0.0,0.0,5416.0,2488300.0,0.0,0.0,4041.0,0.0,0.0,0.0,0.0
2023-03-20 17:05:54.409000+00:00,1888256.0,17817600.0,20013056.0,20013056.0,19.48,0.238243088,47.22,1747793.0,0.0,0.0,5421.0,2490270.0,0.0,0.0,4045.0,0.0,0.0,0.0,0.0
2023-03-20 17:05:59.046000+00:00,1888256.0,18014208.0,19914752.0,19914752.0,19.5,0.238243088,47.22,1750295.0,0.0,0.0,5427.0,2492300.0,0.0,0.0,4045.0,0.0,0.0,0.0,0.0
2023-03-20 17:06:03.653000+00:00,1888256.0,16236544.0,19410944.0,19410944.0,19.51,0.238243088,47.26,1750661.0,0.0,0.0,5429.0,2494062.0,0.0,0.0,4051.0,0.0,0.0,0.0,0.0
2023-03-20 17:06:08.737000+00:00,1888256.0,16236544.0,19410944.0,19410944.0,19.52,0.238243088,47.27,1750661.0,0.0,0.0,5429.0,2494062.0,0.0,0.0,4051.0,0.0,0.0,0.0,0.0
2023-03-20 17:06:13.831000+00:00,1888256.0,17186816.0,19390464.0,19390464.0,19.52,0.238243088,47.28,1752212.0,0.0,0.0,5436.0,2497784.0,0.0,0.0,4056.0,0.0,0.0,0.0,0.0
2023-03-20 17:06:18.517000+00:00,1888256.0,17850368.0,19390464.0,19390464.0,19.52,0.238243088,47.29,1752212.0,0.0,0.0,5436.0,2497784.0,0.0,0.0,4056.0,0.0,0.0,0.0,0.0
2023-03-20 17:06:23.757000+00:00,1904640.0,18841600.0,21471232.0,21471232.0,19.53,0.238243088,47.31,1753807.0,0.0,0.0,5443.0,2501510.0,0.0,0.0,4061.0,0.0,0.0,0.0,0.0
2023-03-20 17:06:29.564000+00:00,1904640.0,18841600.0,21471232.0,21471232.0,19.59,0.238243088,47.38,1753807.0,0.0,0.0,5443.0,2501510.0,0.0,0.0,4061.0,0.0,0.0,0.0,0.0
