timestamp,container_fs_usage_bytes,container_memory_rss,container_memory_usage_bytes,container_memory_working_set_bytes,container_cpu_system_seconds_total,container_cpu_usage_seconds_total,container_cpu_user_seconds_total,container_network_receive_bytes_total,container_network_receive_errors_total,container_network_receive_packets_dropped_total,container_network_receive_packets_total,container_network_transmit_bytes_total,container_network_transmit_errors_total,container_network_transmit_packets_dropped_total,container_network_transmit_packets_total,container_fs_io_time_seconds_total,container_memory_failures_total,container_memory_failcnt,container_fs_write_seconds_total
2023-03-20 15:21:33.493000+00:00,135168.0,62853120.0,171249664.0,163770368.0,2.28,0.000537382,5.74,440447.0,0.0,0.0,3954.0,579122.0,0.0,0.0,2354.0,0.0,0.0,0.0,0.0
2023-03-20 15:21:39.366000+00:00,135168.0,62853120.0,171249664.0,163770368.0,2.3,0.000537382,5.8,440447.0,0.0,0.0,4026.0,589551.0,0.0,0.0,2397.0,0.0,0.0,0.0,0.0
2023-03-20 15:21:43.606000+00:00,135168.0,63156224.0,171839488.0,164319232.0,2.32,0.000537382,5.84,450972.0,0.0,0.0,4045.0,593252.0,0.0,0.0,2413.0,0.0,0.0,0.0,0.0
2023-03-20 15:21:48.680000+00:00,135168.0,63156224.0,171839488.0,164323328.0,2.34,0.000537382,5.87,458530.0,0.0,0.0,4110.0,605829.0,0.0,0.0,2458.0,0.0,0.0,0.0,0.0
2023-03-20 15:21:53.919000+00:00,135168.0,63168512.0,171868160.0,164327424.0,2.36,0.000537382,5.93,470576.0,0.0,0.0,4215.0,621493.0,0.0,0.0,2516.0,0.0,0.0,0.0,0.0
2023-03-20 15:21:58.791000+00:00,135168.0,63168512.0,171868160.0,164327424.0,2.38,0.000537382,5.98,470576.0,0.0,0.0,4215.0,621493.0,0.0,0.0,2516.0,0.0,0.0,0.0,0.0
2023-03-20 15:22:04.854000+00:00,135168.0,63184896.0,171634688.0,164093952.0,2.42,0.000537382,6.03,506982.0,0.0,0.0,4524.0,664333.0,0.0,0.0,2696.0,0.0,0.0,0.0,0.0
2023-03-20 15:22:09.274000+00:00,135168.0,63184896.0,171634688.0,164093952.0,2.44,0.000537382,6.06,506982.0,0.0,0.0,4524.0,664333.0,0.0,0.0,2744.0,0.0,0.0,0.0,0.0
2023-03-20 15:22:14.679000+00:00,135168.0,63184896.0,171868160.0,164327424.0,2.46,0.000586152,6.09,526835.0,0.0,0.0,4686.0,686694.0,0.0,0.0,2789.0,0.0,0.0,0.0,0.0
2023-03-20 15:22:18.945000+00:00,135168.0,63184896.0,171868160.0,164347904.0,2.48,0.000586152,6.09,532794.0,0.0,0.0,4730.0,691269.0,0.0,0.0,2821.0,0.0,0.0,0.0,0.0
2023-03-20 15:22:24.219000+00:00,135168.0,63184896.0,171872256.0,164327424.0,2.51,0.000586152,6.14,540590.0,0.0,0.0,4801.0,708302.0,0.0,0.0,2867.0,0.0,0.0,0.0,0.0
2023-03-20 15:22:28.651000+00:00,135168.0,63184896.0,171872256.0,164327424.0,2.52,0.000586152,6.18,540590.0,0.0,0.0,4801.0,708302.0,0.0,0.0,2867.0,0.0,0.0,0.0,0.0
2023-03-20 15:22:34.122000+00:00,135168.0,63250432.0,171700224.0,164155392.0,2.55,0.000586152,6.22,562806.0,0.0,0.0,4983.0,734727.0,0.0,0.0,2986.0,0.0,0.0,0.0,0.0
2023-03-20 15:22:39.486000+00:00,135168.0,63262720.0,171995136.0,164454400.0,2.57,0.000586152,6.27,583940.0,0.0,0.0,5150.0,759002.0,0.0,0.0,3094.0,0.0,0.0,0.0,0.0
2023-03-20 15:22:44.715000+00:00,135168.0,63369216.0,171958272.0,164417536.0,2.6,0.000586152,6.32,594055.0,0.0,0.0,5244.0,776182.0,0.0,0.0,3148.0,0.0,0.0,0.0,0.0
2023-03-20 15:22:48.910000+00:00,135168.0,63676416.0,171958272.0,164417536.0,2.62,0.000586152,6.34,594055.0,0.0,0.0,5244.0,786909.0,0.0,0.0,3201.0,0.0,0.0,0.0,0.0
2023-03-20 15:22:54.714000+00:00,135168.0,64000000.0,172601344.0,165056512.0,2.65,0.000586152,6.38,614191.0,0.0,0.0,5395.0,799835.0,0.0,0.0,3265.0,0.0,0.0,0.0,0.0
2023-03-20 15:22:59.314000+00:00,135168.0,64000000.0,172601344.0,165056512.0,2.67,0.000586152,6.43,614191.0,0.0,0.0,5395.0,799835.0,0.0,0.0,3265.0,0.0,0.0,0.0,0.0
2023-03-20 15:23:04.200000+00:00,135168.0,64024576.0,172539904.0,164995072.0,2.7,0.000720246,6.47,635588.0,0.0,0.0,5578.0,828703.0,0.0,0.0,3387.0,0.0,0.0,0.0,0.0
2023-03-20 15:23:09.092000+00:00,135168.0,64024576.0,172670976.0,165126144.0,2.73,0.000740297,6.5,648414.0,0.0,0.0,5682.0,846279.0,0.0,0.0,3460.0,0.0,0.0,0.0,0.0
2023-03-20 15:23:13.497000+00:00,135168.0,64024576.0,172539904.0,164995072.0,2.74,0.000740297,6.54,658441.0,0.0,0.0,5771.0,857226.0,0.0,0.0,3510.0,0.0,0.0,0.0,0.0
2023-03-20 15:23:19.867000+00:00,135168.0,64024576.0,172539904.0,164995072.0,2.77,0.000740297,6.58,671542.0,0.0,0.0,5880.0,874622.0,0.0,0.0,3577.0,0.0,0.0,0.0,0.0
2023-03-20 15:23:23.517000+00:00,135168.0,64032768.0,172552192.0,165007360.0,2.78,0.000740297,6.61,678691.0,0.0,0.0,5936.0,884172.0,0.0,0.0,3612.0,0.0,0.0,0.0,0.0
2023-03-20 15:23:29.637000+00:00,135168.0,64032768.0,172552192.0,165007360.0,2.82,0.000740297,6.67,678691.0,0.0,0.0,5936.0,884172.0,0.0,0.0,3612.0,0.0,0.0,0.0,0.0
2023-03-20 15:23:33.775000+00:00,135168.0,64057344.0,172576768.0,165027840.0,2.84,0.000740297,6.7,707254.0,0.0,0.0,6183.0,923233.0,0.0,0.0,3769.0,0.0,0.0,0.0,0.0
2023-03-20 15:23:38.273000+00:00,135168.0,64057344.0,172576768.0,165027840.0,2.87,0.000740297,6.7,707254.0,0.0,0.0,6183.0,940816.0,0.0,0.0,3845.0,0.0,0.0,0.0,0.0
2023-03-20 15:23:43.699000+00:00,135168.0,64131072.0,172793856.0,165244928.0,2.89,0.000740297,6.82,739532.0,0.0,0.0,6451.0,964674.0,0.0,0.0,3935.0,0.0,0.0,0.0,0.0
2023-03-20 15:23:48.562000+00:00,135168.0,64131072.0,172793856.0,165244928.0,2.92,0.000740297,6.86,759607.0,0.0,0.0,6621.0,994311.0,0.0,0.0,4042.0,0.0,0.0,0.0,0.0
2023-03-20 15:23:53.961000+00:00,135168.0,64196608.0,172867584.0,165318656.0,2.94,0.000740297,6.92,777084.0,0.0,0.0,6766.0,1020462.0,0.0,0.0,4129.0,0.0,0.0,0.0,0.0
2023-03-20 15:23:58.194000+00:00,135168.0,64196608.0,172867584.0,165318656.0,2.97,0.000740297,6.97,777084.0,0.0,0.0,6766.0,1020462.0,0.0,0.0,4129.0,0.0,0.0,0.0,0.0
2023-03-20 15:24:04.456000+00:00,135168.0,64196608.0,172830720.0,165277696.0,3.0,0.000740297,7.02,796383.0,0.0,0.0,6928.0,1044373.0,0.0,0.0,4230.0,0.0,0.0,0.0,0.0
2023-03-20 15:24:08.979000+00:00,135168.0,64196608.0,172830720.0,165277696.0,3.02,0.000799994,7.08,796383.0,0.0,0.0,6928.0,1044373.0,0.0,0.0,4288.0,0.0,0.0,0.0,0.0
2023-03-20 15:24:13.632000+00:00,135168.0,64196608.0,172732416.0,165179392.0,3.04,0.001127431,7.11,823790.0,0.0,0.0,7159.0,1083268.0,0.0,0.0,4364.0,0.0,0.0,0.0,0.0
2023-03-20 15:24:19.413000+00:00,135168.0,64196608.0,172732416.0,165191680.0,3.08,0.001534928,7.15,838064.0,0.0,0.0,7272.0,1098009.0,0.0,0.0,4439.0,0.0,0.0,0.0,0.0
2023-03-20 15:24:24.092000+00:00,135168.0,64315392.0,172961792.0,165408768.0,3.1,0.001820787,7.2,847804.0,0.0,0.0,7345.0,1109945.0,0.0,0.0,4486.0,0.0,0.0,0.0,0.0
2023-03-20 15:24:29.120000+00:00,135168.0,64315392.0,172982272.0,165429248.0,3.13,0.002148735,7.24,862267.0,0.0,0.0,7479.0,1132755.0,0.0,0.0,4565.0,0.0,0.0,0.0,0.0
2023-03-20 15:24:34.459000+00:00,135168.0,64380928.0,173051904.0,165494784.0,3.16,0.00244643,7.28,879127.0,0.0,0.0,7611.0,1155199.0,0.0,0.0,4647.0,0.0,0.0,0.0,0.0
2023-03-20 15:24:39.497000+00:00,135168.0,64380928.0,173051904.0,165494784.0,3.21,0.00244643,7.3,879127.0,0.0,0.0,7702.0,1166015.0,0.0,0.0,4706.0,0.0,0.0,0.0,0.0
2023-03-20 15:24:44.279000+00:00,135168.0,64536576.0,173211648.0,165662720.0,3.23,0.00244643,7.36,904913.0,0.0,0.0,7819.0,1184503.0,0.0,0.0,4779.0,0.0,0.0,0.0,0.0
2023-03-20 15:24:49.640000+00:00,135168.0,64536576.0,173211648.0,165531648.0,3.25,0.00244643,7.36,918344.0,0.0,0.0,7933.0,1203534.0,0.0,0.0,4845.0,0.0,0.0,0.0,0.0
2023-03-20 15:24:54.195000+00:00,135168.0,64536576.0,173166592.0,165617664.0,3.28,0.00244643,7.44,929913.0,0.0,0.0,8031.0,1219672.0,0.0,0.0,4909.0,0.0,0.0,0.0,0.0
2023-03-20 15:24:59.868000+00:00,135168.0,64536576.0,173166592.0,165617664.0,3.32,0.002771134,7.46,929913.0,0.0,0.0,8031.0,1219672.0,0.0,0.0,4909.0,0.0,0.0,0.0,0.0
2023-03-20 15:25:03.933000+00:00,135168.0,64536576.0,173076480.0,165527552.0,3.33,0.002978395,7.5,948695.0,0.0,0.0,8189.0,1241986.0,0.0,0.0,5000.0,0.0,0.0,0.0,0.0
2023-03-20 15:25:07.990000+00:00,135168.0,64536576.0,173084672.0,165531648.0,3.34,0.003222977,7.54,959063.0,0.0,0.0,8270.0,1257393.0,0.0,0.0,5052.0,0.0,0.0,0.0,0.0
2023-03-20 15:25:13.955000+00:00,135168.0,64536576.0,173338624.0,165785600.0,3.36,0.003561792,7.57,969550.0,0.0,0.0,8365.0,1275577.0,0.0,0.0,5122.0,0.0,0.0,0.0,0.0
2023-03-20 15:25:19.110000+00:00,135168.0,64536576.0,173338624.0,165658624.0,3.39,0.0036205,7.64,986718.0,0.0,0.0,8517.0,1300319.0,0.0,0.0,5210.0,0.0,0.0,0.0,0.0
2023-03-20 15:25:24.387000+00:00,135168.0,64536576.0,173170688.0,165617664.0,3.43,0.0036205,7.69,996751.0,0.0,0.0,8609.0,1318326.0,0.0,0.0,5269.0,0.0,0.0,0.0,0.0
2023-03-20 15:25:29.435000+00:00,135168.0,64536576.0,173170688.0,165617664.0,3.46,0.0036205,7.69,996751.0,0.0,0.0,8609.0,1318326.0,0.0,0.0,5269.0,0.0,0.0,0.0,0.0
2023-03-20 15:25:33.315000+00:00,135168.0,64544768.0,173355008.0,165801984.0,3.48,0.0036205,7.76,1031679.0,0.0,0.0,8887.0,1363468.0,0.0,0.0,5451.0,0.0,0.0,0.0,0.0
2023-03-20 15:25:39.641000+00:00,135168.0,64552960.0,173244416.0,165687296.0,3.5,0.0036205,7.82,1043085.0,0.0,0.0,8965.0,1375425.0,0.0,0.0,5510.0,0.0,0.0,0.0,0.0
2023-03-20 15:25:44.326000+00:00,135168.0,64552960.0,173330432.0,165777408.0,3.53,0.0036205,7.86,1059831.0,0.0,0.0,9095.0,1394788.0,0.0,0.0,5598.0,0.0,0.0,0.0,0.0
2023-03-20 15:25:49.020000+00:00,135168.0,64552960.0,173330432.0,165699584.0,3.56,0.0036205,7.86,1074132.0,0.0,0.0,9222.0,1414794.0,0.0,0.0,5672.0,0.0,0.0,0.0,0.0
2023-03-20 15:25:54.261000+00:00,135168.0,64552960.0,173203456.0,165650432.0,3.58,0.0036205,7.96,1086014.0,0.0,0.0,9320.0,1429188.0,0.0,0.0,5733.0,0.0,0.0,0.0,0.0
2023-03-20 15:25:59.389000+00:00,135168.0,64552960.0,173203456.0,165650432.0,3.6,0.0036205,8.0,1086014.0,0.0,0.0,9320.0,1429188.0,0.0,0.0,5733.0,0.0,0.0,0.0,0.0
2023-03-20 15:26:04.607000+00:00,135168.0,64552960.0,173252608.0,165699584.0,3.62,0.0036205,8.06,1105871.0,0.0,0.0,9493.0,1460335.0,0.0,0.0,5841.0,0.0,0.0,0.0,0.0
2023-03-20 15:26:09.152000+00:00,135168.0,64552960.0,173252608.0,165699584.0,3.65,0.0036205,8.09,1105871.0,0.0,0.0,9587.0,1477165.0,0.0,0.0,5900.0,0.0,0.0,0.0,0.0
2023-03-20 15:26:14.738000+00:00,135168.0,64557056.0,173199360.0,165642240.0,3.68,0.0036205,8.16,1133943.0,0.0,0.0,9723.0,1502057.0,0.0,0.0,5976.0,0.0,0.0,0.0,0.0
2023-03-20 15:26:19.240000+00:00,139264.0,64557056.0,173199360.0,165699584.0,3.7,0.0036205,8.2,1152153.0,0.0,0.0,9873.0,1528046.0,0.0,0.0,6063.0,0.0,0.0,0.0,0.0
2023-03-20 15:26:23.925000+00:00,139264.0,64557056.0,173395968.0,165838848.0,3.72,0.0036205,8.23,1166894.0,0.0,0.0,9984.0,1542599.0,0.0,0.0,6139.0,0.0,0.0,0.0,0.0
2023-03-20 15:26:29.892000+00:00,139264.0,64565248.0,173264896.0,165707776.0,3.76,0.0036205,8.29,1194052.0,0.0,0.0,10214.0,1582066.0,0.0,0.0,6269.0,0.0,0.0,0.0,0.0
2023-03-20 15:26:34.807000+00:00,139264.0,64569344.0,173268992.0,165711872.0,3.77,0.0036205,8.36,1208729.0,0.0,0.0,10330.0,1601153.0,0.0,0.0,6344.0,0.0,0.0,0.0,0.0
2023-03-20 15:26:38.989000+00:00,139264.0,64569344.0,173645824.0,166088704.0,3.78,0.0036205,8.36,1214583.0,0.0,0.0,10377.0,1607279.0,0.0,0.0,6382.0,0.0,0.0,0.0,0.0
2023-03-20 15:26:43.752000+00:00,139264.0,64819200.0,173568000.0,165969920.0,3.81,0.0036205,8.42,1228102.0,0.0,0.0,10488.0,1623282.0,0.0,0.0,6450.0,0.0,0.0,0.0,0.0
2023-03-20 15:26:49.370000+00:00,139264.0,64819200.0,173453312.0,165834752.0,3.84,0.0036205,8.47,1240631.0,0.0,0.0,10581.0,1645532.0,0.0,0.0,6517.0,0.0,0.0,0.0,0.0
2023-03-20 15:26:54.829000+00:00,139264.0,64843776.0,173477888.0,165859328.0,3.86,0.0036205,8.51,1255035.0,0.0,0.0,10705.0,1665943.0,0.0,0.0,6599.0,0.0,0.0,0.0,0.0
2023-03-20 15:26:59.877000+00:00,139264.0,64843776.0,173486080.0,165867520.0,3.87,0.0036205,8.57,1265443.0,0.0,0.0,10776.0,1679394.0,0.0,0.0,6646.0,0.0,0.0,0.0,0.0
2023-03-20 15:27:04.439000+00:00,139264.0,64872448.0,173596672.0,165978112.0,3.87,0.0036205,8.62,1274841.0,0.0,0.0,10856.0,1693074.0,0.0,0.0,6698.0,0.0,0.0,0.0,0.0
2023-03-20 15:27:09.389000+00:00,139264.0,64872448.0,173768704.0,166150144.0,3.91,0.065839747,8.62,1292065.0,0.0,0.0,11000.0,1717493.0,0.0,0.0,6784.0,0.0,0.0,0.0,0.0
2023-03-20 15:27:14.862000+00:00,139264.0,64872448.0,173621248.0,165998592.0,3.92,0.0036205,8.66,1295758.0,0.0,0.0,11034.0,1724556.0,0.0,0.0,6807.0,0.0,0.0,0.0,0.0
2023-03-20 15:27:19.277000+00:00,139264.0,64872448.0,173780992.0,166158336.0,3.94,0.0036205,8.69,1307047.0,0.0,0.0,11132.0,1739279.0,0.0,0.0,6867.0,0.0,0.0,0.0,0.0
2023-03-20 15:27:24.136000+00:00,139264.0,64876544.0,173752320.0,166129664.0,3.97,0.0036205,8.72,1318516.0,0.0,0.0,11215.0,1754335.0,0.0,0.0,6922.0,0.0,0.0,0.0,0.0
2023-03-20 15:27:29.232000+00:00,139264.0,64876544.0,173752320.0,166129664.0,3.99,0.0036205,8.76,1318516.0,0.0,0.0,11215.0,1754335.0,0.0,0.0,6922.0,0.0,0.0,0.0,0.0
2023-03-20 15:27:34.054000+00:00,139264.0,64876544.0,173625344.0,166002688.0,4.02,0.0036205,8.77,1338089.0,0.0,0.0,11389.0,1778597.0,0.0,0.0,7038.0,0.0,0.0,0.0,0.0
2023-03-20 15:27:39.653000+00:00,139264.0,64888832.0,173916160.0,166293504.0,4.06,0.0036205,8.81,1360722.0,0.0,0.0,11557.0,1804603.0,0.0,0.0,7149.0,0.0,0.0,0.0,0.0
2023-03-20 15:27:43.951000+00:00,139264.0,64892928.0,173666304.0,166047744.0,4.09,0.0036205,8.84,1368250.0,0.0,0.0,11618.0,1816586.0,0.0,0.0,7188.0,0.0,0.0,0.0,0.0
2023-03-20 15:27:48.598000+00:00,139264.0,64901120.0,173678592.0,166055936.0,4.11,0.0036205,8.88,1372393.0,0.0,0.0,11653.0,1822167.0,0.0,0.0,7213.0,0.0,0.0,0.0,0.0
2023-03-20 15:27:54.581000+00:00,139264.0,64901120.0,173547520.0,165924864.0,4.14,0.0036205,8.95,1397142.0,0.0,0.0,11881.0,1864317.0,0.0,0.0,7342.0,0.0,0.0,0.0,0.0
2023-03-20 15:27:59.856000+00:00,139264.0,64909312.0,173686784.0,166064128.0,4.16,0.0036205,8.97,1412914.0,0.0,0.0,11977.0,1881610.0,0.0,0.0,7342.0,0.0,0.0,0.0,0.0
2023-03-20 15:28:04.751000+00:00,139264.0,64909312.0,173563904.0,165941248.0,4.19,0.0036205,9.03,1424719.0,0.0,0.0,12072.0,1898682.0,0.0,0.0,7479.0,0.0,0.0,0.0,0.0
2023-03-20 15:28:09.123000+00:00,139264.0,64909312.0,173563904.0,165941248.0,4.21,0.0036205,9.07,1424719.0,0.0,0.0,12160.0,1912291.0,0.0,0.0,7528.0,0.0,0.0,0.0,0.0
2023-03-20 15:28:13.425000+00:00,139264.0,64909312.0,173686784.0,166064128.0,4.22,0.0036205,9.09,1443326.0,0.0,0.0,12234.0,1924263.0,0.0,0.0,7577.0,0.0,0.0,0.0,0.0
2023-03-20 15:28:18.788000+00:00,139264.0,64909312.0,173686784.0,166191104.0,4.25,0.0036205,9.13,1455299.0,0.0,0.0,12339.0,1942073.0,0.0,0.0,7640.0,0.0,0.0,0.0,0.0
2023-03-20 15:28:23.404000+00:00,139264.0,64909312.0,173551616.0,165928960.0,4.27,0.0036205,9.17,1470066.0,0.0,0.0,12461.0,1963788.0,0.0,0.0,7715.0,0.0,0.0,0.0,0.0
2023-03-20 15:28:28.477000+00:00,139264.0,64909312.0,173559808.0,165933056.0,4.3,0.0036205,9.21,1495102.0,0.0,0.0,12647.0,1997368.0,0.0,0.0,7822.0,0.0,0.0,0.0,0.0
2023-03-20 15:28:33.981000+00:00,139264.0,64909312.0,173686784.0,166060032.0,4.33,0.0036205,9.25,1506526.0,0.0,0.0,12738.0,2010405.0,0.0,0.0,7883.0,0.0,0.0,0.0,0.0
2023-03-20 15:28:39.818000+00:00,139264.0,64909312.0,173563904.0,165937152.0,4.37,0.0036205,9.31,1528218.0,0.0,0.0,12901.0,2039155.0,0.0,0.0,7978.0,0.0,0.0,0.0,0.0
2023-03-20 15:28:44.337000+00:00,139264.0,64909312.0,173547520.0,165949440.0,4.42,0.0036205,9.36,1536420.0,0.0,0.0,12970.0,2049912.0,0.0,0.0,8022.0,0.0,0.0,0.0,0.0
2023-03-20 15:28:48.794000+00:00,139264.0,64913408.0,173670400.0,166072320.0,4.45,0.0036205,9.38,1548541.0,0.0,0.0,13048.0,2066086.0,0.0,0.0,8068.0,0.0,0.0,0.0,0.0
2023-03-20 15:28:54.478000+00:00,139264.0,64921600.0,173654016.0,166051840.0,4.48,0.0036205,9.44,1566421.0,0.0,0.0,13149.0,2088335.0,0.0,0.0,8133.0,0.0,0.0,0.0,0.0
2023-03-20 15:28:59.734000+00:00,139264.0,64921600.0,173654016.0,166051840.0,4.5,0.0036205,9.48,1566421.0,0.0,0.0,13149.0,2088335.0,0.0,0.0,8133.0,0.0,0.0,0.0,0.0
2023-03-20 15:29:04.306000+00:00,139264.0,64921600.0,173662208.0,166060032.0,4.52,0.0036205,9.53,1583152.0,0.0,0.0,13291.0,2105861.0,0.0,0.0,8220.0,0.0,0.0,0.0,0.0
2023-03-20 15:29:08.641000+00:00,139264.0,64921600.0,173826048.0,166223872.0,4.52,0.0036205,9.56,1586476.0,0.0,0.0,13319.0,2108509.0,0.0,0.0,8239.0,0.0,0.0,0.0,0.0
2023-03-20 15:29:14.371000+00:00,139264.0,64929792.0,173658112.0,166055936.0,4.54,0.0036205,9.62,1594584.0,0.0,0.0,13383.0,2118045.0,0.0,0.0,8278.0,0.0,0.0,0.0,0.0
2023-03-20 15:29:18.837000+00:00,139264.0,64929792.0,173658112.0,165969920.0,4.56,0.0036205,9.66,1601097.0,0.0,0.0,13442.0,2137468.0,0.0,0.0,8313.0,0.0,0.0,0.0,0.0
2023-03-20 15:29:23.516000+00:00,139264.0,64929792.0,173576192.0,165974016.0,4.58,0.0036205,9.68,1608706.0,0.0,0.0,13511.0,2146032.0,0.0,0.0,8356.0,0.0,0.0,0.0,0.0
2023-03-20 15:29:28.545000+00:00,139264.0,64929792.0,173576192.0,165974016.0,4.62,0.0036205,9.74,1608706.0,0.0,0.0,13511.0,2146032.0,0.0,0.0,8356.0,0.0,0.0,0.0,0.0
2023-03-20 15:29:34.805000+00:00,139264.0,64929792.0,173707264.0,166100992.0,4.65,0.0036205,9.79,1630142.0,0.0,0.0,13697.0,2178666.0,0.0,0.0,8474.0,0.0,0.0,0.0,0.0
2023-03-20 15:29:38.612000+00:00,139264.0,64929792.0,173707264.0,166305792.0,4.68,0.0036205,9.82,1647174.0,0.0,0.0,13800.0,2198024.0,0.0,0.0,8535.0,0.0,0.0,0.0,0.0
2023-03-20 15:29:44.431000+00:00,139264.0,65081344.0,173744128.0,166133760.0,4.72,0.0036205,9.87,1657287.0,0.0,0.0,13878.0,2209574.0,0.0,0.0,8583.0,0.0,0.0,0.0,0.0
2023-03-20 15:29:49.602000+00:00,139264.0,65081344.0,174133248.0,166522880.0,4.74,0.0036205,9.87,1669368.0,0.0,0.0,13941.0,2224954.0,0.0,0.0,8623.0,0.0,0.0,0.0,0.0
2023-03-20 15:29:53.801000+00:00,139264.0,65089536.0,173879296.0,166268928.0,4.76,0.0036205,9.93,1678356.0,0.0,0.0,14025.0,2239911.0,0.0,0.0,8678.0,0.0,0.0,0.0,0.0
2023-03-20 15:29:59.044000+00:00,139264.0,65089536.0,173879296.0,166268928.0,4.79,0.0036205,9.98,1678356.0,0.0,0.0,14025.0,2239911.0,0.0,0.0,8678.0,0.0,0.0,0.0,0.0
2023-03-20 15:30:03.781000+00:00,139264.0,65126400.0,173916160.0,166305792.0,4.82,0.0036205,10.0,1699797.0,0.0,0.0,14171.0,2266736.0,0.0,0.0,8775.0,0.0,0.0,0.0,0.0
2023-03-20 15:30:09.810000+00:00,139264.0,65126400.0,174047232.0,166436864.0,4.84,0.0036205,10.07,1709277.0,0.0,0.0,14252.0,2287782.0,0.0,0.0,8827.0,0.0,0.0,0.0,0.0
2023-03-20 15:30:13.710000+00:00,139264.0,65126400.0,173920256.0,166309888.0,4.87,0.0036205,10.09,1720929.0,0.0,0.0,14339.0,2301613.0,0.0,0.0,8882.0,0.0,0.0,0.0,0.0
2023-03-20 15:30:19.893000+00:00,139264.0,65126400.0,173920256.0,166309888.0,4.92,0.0036205,10.15,1720929.0,0.0,0.0,14590.0,2343676.0,0.0,0.0,9034.0,0.0,0.0,0.0,0.0
2023-03-20 15:30:24.286000+00:00,139264.0,65126400.0,173924352.0,166309888.0,4.93,0.0036205,10.22,1764863.0,0.0,0.0,14710.0,2368754.0,0.0,0.0,9116.0,0.0,0.0,0.0,0.0
2023-03-20 15:30:29.438000+00:00,139264.0,65126400.0,173924352.0,166309888.0,4.96,0.0036205,10.27,1764863.0,0.0,0.0,14710.0,2368754.0,0.0,0.0,9116.0,0.0,0.0,0.0,0.0
2023-03-20 15:30:34.301000+00:00,139264.0,65126400.0,174006272.0,166391808.0,4.98,0.0036205,10.34,1799343.0,0.0,0.0,14997.0,2417295.0,0.0,0.0,9284.0,0.0,0.0,0.0,0.0
2023-03-20 15:30:39.535000+00:00,139264.0,65126400.0,174006272.0,166391808.0,4.99,0.0036205,10.37,1799343.0,0.0,0.0,15069.0,2436869.0,0.0,0.0,9332.0,0.0,0.0,0.0,0.0
2023-03-20 15:30:44.324000+00:00,139264.0,65224704.0,174231552.0,166563840.0,5.02,0.0036205,10.44,1821271.0,0.0,0.0,15156.0,2450867.0,0.0,0.0,9391.0,0.0,0.0,0.0,0.0
2023-03-20 15:30:48.969000+00:00,139264.0,65224704.0,174080000.0,166412288.0,5.03,0.0036205,10.44,1829823.0,0.0,0.0,15226.0,2462129.0,0.0,0.0,9437.0,0.0,0.0,0.0,0.0
2023-03-20 15:30:54.018000+00:00,139264.0,65228800.0,174215168.0,166547456.0,5.06,0.0036205,10.51,1835197.0,0.0,0.0,15274.0,2472988.0,0.0,0.0,9472.0,0.0,0.0,0.0,0.0
2023-03-20 15:30:58.889000+00:00,139264.0,65228800.0,174215168.0,166547456.0,5.08,0.0036205,10.55,1835197.0,0.0,0.0,15274.0,2472988.0,0.0,0.0,9472.0,0.0,0.0,0.0,0.0
2023-03-20 15:31:03.567000+00:00,139264.0,65228800.0,174219264.0,166551552.0,5.11,0.0036205,10.57,1853155.0,0.0,0.0,15416.0,2499345.0,0.0,0.0,9569.0,0.0,0.0,0.0,0.0
2023-03-20 15:31:08.459000+00:00,139264.0,65228800.0,174215168.0,166547456.0,5.13,0.0036205,10.57,1860173.0,0.0,0.0,15477.0,2506981.0,0.0,0.0,9606.0,0.0,0.0,0.0,0.0
2023-03-20 15:31:14.049000+00:00,139264.0,65236992.0,174039040.0,166371328.0,5.16,0.0036205,10.68,1871803.0,0.0,0.0,15574.0,2528039.0,0.0,0.0,9679.0,0.0,0.0,0.0,0.0
2023-03-20 15:31:19.397000+00:00,139264.0,65236992.0,173961216.0,166293504.0,5.18,0.0036205,10.72,1885003.0,0.0,0.0,15679.0,2538788.0,0.0,0.0,9737.0,0.0,0.0,0.0,0.0
2023-03-20 15:31:24.444000+00:00,139264.0,65241088.0,174047232.0,166375424.0,5.2,0.0036205,10.78,1898501.0,0.0,0.0,15796.0,2554019.0,0.0,0.0,9804.0,0.0,0.0,0.0,0.0
2023-03-20 15:31:29.547000+00:00,139264.0,65241088.0,174047232.0,166375424.0,5.23,0.0036205,10.82,1898501.0,0.0,0.0,15796.0,2554019.0,0.0,0.0,9804.0,0.0,0.0,0.0,0.0
2023-03-20 15:31:34.107000+00:00,139264.0,65249280.0,173973504.0,166305792.0,5.26,0.0036205,10.87,1919436.0,0.0,0.0,15924.0,2579653.0,0.0,0.0,9898.0,0.0,0.0,0.0,0.0
2023-03-20 15:31:39.479000+00:00,139264.0,65249280.0,174366720.0,166699008.0,5.28,0.0036205,10.89,1924984.0,0.0,0.0,15977.0,2589647.0,0.0,0.0,9930.0,0.0,0.0,0.0,0.0
2023-03-20 15:31:44.175000+00:00,139264.0,65400832.0,174268416.0,166596608.0,5.32,0.0036205,10.95,1947413.0,0.0,0.0,16112.0,2616605.0,0.0,0.0,10017.0,0.0,0.0,0.0,0.0
2023-03-20 15:31:48.672000+00:00,139264.0,65400832.0,174268416.0,166723584.0,5.33,0.0036205,10.95,1958756.0,0.0,0.0,16205.0,2633135.0,0.0,0.0,10078.0,0.0,0.0,0.0,0.0
2023-03-20 15:31:54.477000+00:00,139264.0,65400832.0,174268416.0,166576128.0,5.35,0.0036205,11.03,1966751.0,0.0,0.0,16279.0,2645799.0,0.0,0.0,10122.0,0.0,0.0,0.0,0.0
2023-03-20 15:31:59.013000+00:00,139264.0,65400832.0,174546944.0,166854656.0,5.38,0.0036205,11.05,1980765.0,0.0,0.0,16391.0,2667695.0,0.0,0.0,10195.0,0.0,0.0,0.0,0.0
2023-03-20 15:32:03.266000+00:00,139264.0,65400832.0,174419968.0,166727680.0,5.4,0.0036205,11.08,1996653.0,0.0,0.0,16525.0,2704858.0,0.0,0.0,10287.0,0.0,0.0,0.0,0.0
2023-03-20 15:32:08.339000+00:00,139264.0,65400832.0,174419968.0,166727680.0,5.43,0.0036205,11.12,1996653.0,0.0,0.0,16525.0,2704858.0,0.0,0.0,10287.0,0.0,0.0,0.0,0.0
2023-03-20 15:32:14.027000+00:00,139264.0,65400832.0,174272512.0,166576128.0,5.48,0.0036205,11.16,2028259.0,0.0,0.0,16783.0,2759638.0,0.0,0.0,10454.0,0.0,0.0,0.0,0.0
2023-03-20 15:32:18.531000+00:00,139264.0,65400832.0,174419968.0,166723584.0,5.5,0.0036205,11.2,2040258.0,0.0,0.0,16884.0,2773847.0,0.0,0.0,10516.0,0.0,0.0,0.0,0.0
2023-03-20 15:32:23.203000+00:00,139264.0,65400832.0,174424064.0,166727680.0,5.52,0.0036205,11.22,2048037.0,0.0,0.0,16947.0,2782263.0,0.0,0.0,10556.0,0.0,0.0,0.0,0.0
2023-03-20 15:32:29.816000+00:00,139264.0,65400832.0,174424064.0,166727680.0,5.58,0.0036205,11.22,2069401.0,0.0,0.0,17135.0,2816675.0,0.0,0.0,10669.0,0.0,0.0,0.0,0.0
2023-03-20 15:32:33.490000+00:00,139264.0,65400832.0,174419968.0,166723584.0,5.59,0.0036205,11.29,2079382.0,0.0,0.0,17228.0,2834434.0,0.0,0.0,10724.0,0.0,0.0,0.0,0.0
2023-03-20 15:32:39.433000+00:00,139264.0,65400832.0,174419968.0,166723584.0,5.61,0.0036205,11.35,2079382.0,0.0,0.0,17321.0,2845979.0,0.0,0.0,10785.0,0.0,0.0,0.0,0.0
2023-03-20 15:32:43.676000+00:00,139264.0,65470464.0,174489600.0,166793216.0,5.63,0.0036205,11.38,2103891.0,0.0,0.0,17423.0,2861062.0,0.0,0.0,10845.0,0.0,0.0,0.0,0.0
2023-03-20 15:32:49.508000+00:00,139264.0,65515520.0,174252032.0,166588416.0,5.66,0.0036205,11.44,2116334.0,0.0,0.0,17518.0,2880137.0,0.0,0.0,10911.0,0.0,0.0,0.0,0.0
2023-03-20 15:32:54.048000+00:00,139264.0,65515520.0,174485504.0,166817792.0,5.68,0.0036205,11.47,2119924.0,0.0,0.0,17544.0,2882629.0,0.0,0.0,10927.0,0.0,0.0,0.0,0.0
2023-03-20 15:32:58.759000+00:00,139264.0,65515520.0,174252032.0,166584320.0,5.7,0.0036205,11.47,2127159.0,0.0,0.0,17604.0,2892759.0,0.0,0.0,10962.0,0.0,0.0,0.0,0.0
2023-03-20 15:33:04.061000+00:00,139264.0,65515520.0,174354432.0,166686720.0,5.73,0.0036205,11.54,2130447.0,0.0,0.0,17634.0,2898192.0,0.0,0.0,10983.0,0.0,0.0,0.0,0.0
2023-03-20 15:33:08.659000+00:00,139264.0,65515520.0,174252032.0,166584320.0,5.75,0.0036205,11.54,2139941.0,0.0,0.0,17719.0,2912885.0,0.0,0.0,11040.0,0.0,0.0,0.0,0.0
2023-03-20 15:33:14.750000+00:00,139264.0,65515520.0,174383104.0,166715392.0,5.77,0.0036205,11.62,2147534.0,0.0,0.0,17789.0,2922745.0,0.0,0.0,11086.0,0.0,0.0,0.0,0.0
2023-03-20 15:33:18.909000+00:00,139264.0,65515520.0,174383104.0,166715392.0,5.8,0.0036205,11.64,2147534.0,0.0,0.0,17789.0,2935690.0,0.0,0.0,11132.0,0.0,0.0,0.0,0.0
2023-03-20 15:33:24.699000+00:00,139264.0,65515520.0,174485504.0,166813696.0,5.83,0.0036205,11.68,2172585.0,0.0,0.0,17998.0,2958706.0,0.0,0.0,11225.0,0.0,0.0,0.0,0.0
2023-03-20 15:33:28.171000+00:00,139264.0,65515520.0,174485504.0,166813696.0,5.84,0.0036205,11.7,2172585.0,0.0,0.0,17998.0,2958706.0,0.0,0.0,11225.0,0.0,0.0,0.0,0.0
2023-03-20 15:33:33.814000+00:00,139264.0,65515520.0,174518272.0,166846464.0,5.86,0.0036205,11.74,2188971.0,0.0,0.0,18143.0,2979067.0,0.0,0.0,11325.0,0.0,0.0,0.0,0.0
2023-03-20 15:33:38.343000+00:00,139264.0,65515520.0,174256128.0,166584320.0,5.89,0.0036205,11.78,2197659.0,0.0,0.0,18223.0,2991325.0,0.0,0.0,11369.0,0.0,0.0,0.0,0.0
2023-03-20 15:33:44.549000+00:00,139264.0,65716224.0,174465024.0,166793216.0,5.91,0.0036205,11.84,2212395.0,0.0,0.0,18346.0,3008235.0,0.0,0.0,11444.0,0.0,0.0,0.0,0.0
2023-03-20 15:33:48.995000+00:00,139264.0,65716224.0,174473216.0,166801408.0,5.94,0.0036205,11.87,2216898.0,0.0,0.0,18382.0,3012126.0,0.0,0.0,11469.0,0.0,0.0,0.0,0.0
2023-03-20 15:33:53.921000+00:00,139264.0,65716224.0,174469120.0,166797312.0,5.97,0.0036205,11.9,2233858.0,0.0,0.0,18533.0,3037208.0,0.0,0.0,11556.0,0.0,0.0,0.0,0.0
2023-03-20 15:33:58.790000+00:00,139264.0,65716224.0,174469120.0,166797312.0,6.0,0.0036205,11.9,2233858.0,0.0,0.0,18533.0,3037208.0,0.0,0.0,11556.0,0.0,0.0,0.0,0.0
2023-03-20 15:34:03.929000+00:00,139264.0,65716224.0,174469120.0,166797312.0,6.03,0.0036205,11.96,2253306.0,0.0,0.0,18699.0,3061366.0,0.0,0.0,11668.0,0.0,0.0,0.0,0.0
2023-03-20 15:34:09.642000+00:00,139264.0,65716224.0,174469120.0,166924288.0,6.06,0.0036205,12.01,2262461.0,0.0,0.0,18775.0,3076610.0,0.0,0.0,11717.0,0.0,0.0,0.0,0.0
2023-03-20 15:34:14.429000+00:00,139264.0,65716224.0,174473216.0,166797312.0,6.07,0.0036205,12.06,2269261.0,0.0,0.0,18836.0,3085945.0,0.0,0.0,11753.0,0.0,0.0,0.0,0.0
2023-03-20 15:34:19.012000+00:00,143360.0,65716224.0,174600192.0,166924288.0,6.11,0.0036205,12.11,2283734.0,0.0,0.0,18972.0,3110635.0,0.0,0.0,11827.0,0.0,0.0,0.0,0.0
2023-03-20 15:34:23.630000+00:00,143360.0,65716224.0,174600192.0,166924288.0,6.14,0.0036205,12.14,2289255.0,0.0,0.0,19013.0,3117643.0,0.0,0.0,11854.0,0.0,0.0,0.0,0.0
2023-03-20 15:34:28.597000+00:00,143360.0,65716224.0,174600192.0,166924288.0,6.17,0.0036205,12.19,2289255.0,0.0,0.0,19013.0,3117643.0,0.0,0.0,11854.0,0.0,0.0,0.0,0.0
2023-03-20 15:34:33.988000+00:00,143360.0,65716224.0,174600192.0,166924288.0,6.2,0.0036205,12.24,2325489.0,0.0,0.0,19301.0,3169740.0,0.0,0.0,12034.0,0.0,0.0,0.0,0.0
2023-03-20 15:34:39.386000+00:00,143360.0,65716224.0,174600192.0,166924288.0,6.24,0.0036205,12.29,2347511.0,0.0,0.0,19425.0,3197832.0,0.0,0.0,12119.0,0.0,0.0,0.0,0.0
2023-03-20 15:34:43.074000+00:00,143360.0,65458176.0,174473216.0,166797312.0,6.26,0.0036205,12.3,2353611.0,0.0,0.0,19484.0,3208343.0,0.0,0.0,12150.0,0.0,0.0,0.0,0.0
2023-03-20 15:34:48.868000+00:00,143360.0,65458176.0,174530560.0,166780928.0,6.28,0.0036205,12.3,2371129.0,0.0,0.0,19611.0,3228461.0,0.0,0.0,12238.0,0.0,0.0,0.0,0.0
2023-03-20 15:34:54.270000+00:00,143360.0,65638400.0,174485504.0,166735872.0,6.3,0.0036205,12.42,2397391.0,0.0,0.0,19771.0,3260972.0,0.0,0.0,12339.0,0.0,0.0,0.0,0.0
2023-03-20 15:34:59.166000+00:00,143360.0,65638400.0,174743552.0,166993920.0,6.32,0.0036205,12.44,2411350.0,0.0,0.0,19876.0,3279745.0,0.0,0.0,12410.0,0.0,0.0,0.0,0.0
2023-03-20 15:35:04.188000+00:00,143360.0,65720320.0,174706688.0,166957056.0,6.34,0.0036205,12.49,2416921.0,0.0,0.0,19922.0,3286570.0,0.0,0.0,12448.0,0.0,0.0,0.0,0.0
2023-03-20 15:35:09.826000+00:00,143360.0,65720320.0,174706688.0,166948864.0,6.36,0.0036205,12.49,2418389.0,0.0,0.0,19937.0,3289213.0,0.0,0.0,12458.0,0.0,0.0,0.0,0.0
2023-03-20 15:35:13.779000+00:00,143360.0,65720320.0,174702592.0,166952960.0,6.38,0.0036205,12.54,2425401.0,0.0,0.0,20002.0,3299216.0,0.0,0.0,12498.0,0.0,0.0,0.0,0.0
2023-03-20 15:35:19.248000+00:00,143360.0,65724416.0,174706688.0,166952960.0,6.42,0.0036205,12.6,2439664.0,0.0,0.0,20122.0,3319720.0,0.0,0.0,12582.0,0.0,0.0,0.0,0.0
2023-03-20 15:35:23.982000+00:00,143360.0,65724416.0,174575616.0,166821888.0,6.44,0.0036205,12.62,2444791.0,0.0,0.0,20165.0,3334159.0,0.0,0.0,12615.0,0.0,0.0,0.0,0.0
2023-03-20 15:35:29.840000+00:00,143360.0,65728512.0,174710784.0,166957056.0,6.46,0.0036205,12.66,2457644.0,0.0,0.0,20263.0,3343260.0,0.0,0.0,12685.0,0.0,0.0,0.0,0.0
2023-03-20 15:35:34.850000+00:00,143360.0,65732608.0,174583808.0,166830080.0,6.47,0.0036205,12.72,2464104.0,0.0,0.0,20321.0,3352124.0,0.0,0.0,12724.0,0.0,0.0,0.0,0.0
2023-03-20 15:35:38.527000+00:00,143360.0,65732608.0,174710784.0,166957056.0,6.49,0.0036205,12.74,2466135.0,0.0,0.0,20337.0,3353279.0,0.0,0.0,12732.0,0.0,0.0,0.0,0.0
2023-03-20 15:35:43.399000+00:00,143360.0,65998848.0,174985216.0,167231488.0,6.49,0.0036205,12.78,2467672.0,0.0,0.0,20353.0,3355008.0,0.0,0.0,12742.0,0.0,0.0,0.0,0.0
2023-03-20 15:35:49.406000+00:00,143360.0,65998848.0,175214592.0,167464960.0,6.53,0.0036205,12.78,2475872.0,0.0,0.0,20427.0,3364126.0,0.0,0.0,12787.0,0.0,0.0,0.0,0.0
2023-03-20 15:35:53.362000+00:00,143360.0,66232320.0,175218688.0,167469056.0,6.54,0.0036205,12.85,2483397.0,0.0,0.0,20491.0,3373004.0,0.0,0.0,12826.0,0.0,0.0,0.0,0.0
2023-03-20 15:35:59.001000+00:00,143360.0,66232320.0,175218688.0,167469056.0,6.58,0.0036205,12.9,2483397.0,0.0,0.0,20491.0,3373004.0,0.0,0.0,12826.0,0.0,0.0,0.0,0.0
2023-03-20 15:36:04.022000+00:00,143360.0,66240512.0,175222784.0,167469056.0,6.6,0.0036205,12.94,2494765.0,0.0,0.0,20595.0,3386327.0,0.0,0.0,12894.0,0.0,0.0,0.0,0.0
2023-03-20 15:36:09.622000+00:00,143360.0,66240512.0,175222784.0,167469056.0,6.61,0.0036205,12.98,2494765.0,0.0,0.0,20643.0,3392114.0,0.0,0.0,12929.0,0.0,0.0,0.0,0.0
2023-03-20 15:36:13.991000+00:00,143360.0,66240512.0,175230976.0,167477248.0,6.63,0.0036205,13.01,2506710.0,0.0,0.0,20705.0,3401282.0,0.0,0.0,12968.0,0.0,0.0,0.0,0.0
2023-03-20 15:36:19.313000+00:00,143360.0,66244608.0,175230976.0,167477248.0,6.66,0.0036205,13.05,2512009.0,0.0,0.0,20741.0,3409062.0,0.0,0.0,12997.0,0.0,0.0,0.0,0.0
2023-03-20 15:36:24.833000+00:00,143360.0,66244608.0,175099904.0,167346176.0,6.7,0.0036205,13.11,2531108.0,0.0,0.0,20910.0,3438318.0,0.0,0.0,13095.0,0.0,0.0,0.0,0.0
2023-03-20 15:36:28.872000+00:00,143360.0,66244608.0,175099904.0,167346176.0,6.72,0.0036205,13.14,2543851.0,0.0,0.0,21023.0,3456759.0,0.0,0.0,13159.0,0.0,0.0,0.0,0.0
2023-03-20 15:36:33.836000+00:00,143360.0,66248704.0,175104000.0,167350272.0,6.75,0.0036205,13.21,2556939.0,0.0,0.0,21142.0,3475551.0,0.0,0.0,13225.0,0.0,0.0,0.0,0.0
2023-03-20 15:36:38.059000+00:00,143360.0,66248704.0,175366144.0,167612416.0,6.78,0.0036205,13.25,2578403.0,0.0,0.0,21267.0,3501745.0,0.0,0.0,13300.0,0.0,0.0,0.0,0.0
2023-03-20 15:36:42.927000+00:00,143360.0,66514944.0,175640576.0,167886848.0,6.82,0.0036205,13.28,2592668.0,0.0,0.0,21381.0,3520611.0,0.0,0.0,13370.0,0.0,0.0,0.0,0.0
2023-03-20 15:36:49.853000+00:00,143360.0,66514944.0,175640576.0,167858176.0,6.86,0.0036205,13.33,2611787.0,0.0,0.0,21530.0,3544423.0,0.0,0.0,13463.0,0.0,0.0,0.0,0.0
2023-03-20 15:36:54.706000+00:00,143360.0,66625536.0,175685632.0,167964672.0,6.89,0.0036205,13.37,2625889.0,0.0,0.0,21656.0,3564544.0,0.0,0.0,13538.0,0.0,0.0,0.0,0.0
2023-03-20 15:36:58.733000+00:00,143360.0,66625536.0,175464448.0,167743488.0,6.91,0.0036205,13.37,2634198.0,0.0,0.0,21721.0,3574601.0,0.0,0.0,13576.0,0.0,0.0,0.0,0.0
2023-03-20 15:37:04.049000+00:00,143360.0,66629632.0,175575040.0,167854080.0,6.94,0.0036205,13.46,2648560.0,0.0,0.0,21846.0,3592598.0,0.0,0.0,13654.0,0.0,0.0,0.0,0.0
2023-03-20 15:37:09.615000+00:00,143360.0,66629632.0,175575040.0,167854080.0,6.95,0.0036205,13.51,2648560.0,0.0,0.0,21991.0,3612607.0,0.0,0.0,13745.0,0.0,0.0,0.0,0.0
2023-03-20 15:37:13.802000+00:00,143360.0,66629632.0,175460352.0,167739392.0,6.97,0.0036205,13.52,2671305.0,0.0,0.0,22030.0,3620134.0,0.0,0.0,13767.0,0.0,0.0,0.0,0.0
2023-03-20 15:37:19.389000+00:00,143360.0,66629632.0,175603712.0,167878656.0,7.01,0.0036205,13.52,2687538.0,0.0,0.0,22168.0,3652038.0,0.0,0.0,13856.0,0.0,0.0,0.0,0.0
2023-03-20 15:37:24.080000+00:00,143360.0,66633728.0,175702016.0,167976960.0,7.01,0.0036205,13.61,2697631.0,0.0,0.0,22248.0,3665945.0,0.0,0.0,13911.0,0.0,0.0,0.0,0.0
2023-03-20 15:37:28.593000+00:00,143360.0,66633728.0,175599616.0,167874560.0,7.02,0.0036205,13.66,2712635.0,0.0,0.0,22371.0,3685113.0,0.0,0.0,13995.0,0.0,0.0,0.0,0.0
2023-03-20 15:37:34.041000+00:00,143360.0,66633728.0,175575040.0,167849984.0,7.04,0.0036205,13.7,2717520.0,0.0,0.0,22408.0,3691115.0,0.0,0.0,14019.0,0.0,0.0,0.0,0.0
2023-03-20 15:37:38.816000+00:00,143360.0,66633728.0,175599616.0,167874560.0,7.05,0.0036205,13.72,2725473.0,0.0,0.0,22479.0,3702302.0,0.0,0.0,14065.0,0.0,0.0,0.0,0.0
2023-03-20 15:37:44.378000+00:00,143360.0,66633728.0,175472640.0,167747584.0,7.07,0.0036205,13.76,2730341.0,0.0,0.0,22520.0,3709236.0,0.0,0.0,14094.0,0.0,0.0,0.0,0.0
2023-03-20 15:37:49.608000+00:00,143360.0,66633728.0,175472640.0,167747584.0,7.1,0.0036205,13.8,2730341.0,0.0,0.0,22520.0,3709236.0,0.0,0.0,14144.0,0.0,0.0,0.0,0.0
2023-03-20 15:37:54.442000+00:00,143360.0,66662400.0,175648768.0,167911424.0,7.11,0.0036205,13.84,2750763.0,0.0,0.0,22691.0,3732035.0,0.0,0.0,14202.0,0.0,0.0,0.0,0.0
2023-03-20 15:37:59.500000+00:00,143360.0,66662400.0,175648768.0,167911424.0,7.13,0.0036205,13.87,2750763.0,0.0,0.0,22691.0,3732035.0,0.0,0.0,14202.0,0.0,0.0,0.0,0.0
2023-03-20 15:38:03.511000+00:00,143360.0,66666496.0,175521792.0,167784448.0,7.16,0.0036205,13.9,2779590.0,0.0,0.0,22876.0,3766152.0,0.0,0.0,14322.0,0.0,0.0,0.0,0.0
2023-03-20 15:38:09.471000+00:00,143360.0,66666496.0,175644672.0,167907328.0,7.2,0.0036205,13.96,2800438.0,0.0,0.0,23045.0,3795871.0,0.0,0.0,14425.0,0.0,0.0,0.0,0.0
2023-03-20 15:38:14.729000+00:00,143360.0,66670592.0,175886336.0,168148992.0,7.22,0.0036205,14.02,2821365.0,0.0,0.0,23154.0,3817304.0,0.0,0.0,14501.0,0.0,0.0,0.0,0.0
2023-03-20 15:38:19.134000+00:00,143360.0,66670592.0,175783936.0,168046592.0,7.24,0.0036205,14.05,2836832.0,0.0,0.0,23289.0,3838029.0,0.0,0.0,14582.0,0.0,0.0,0.0,0.0
2023-03-20 15:38:24.272000+00:00,143360.0,66670592.0,175747072.0,168005632.0,7.27,0.0036205,14.09,2842874.0,0.0,0.0,23348.0,3848951.0,0.0,0.0,14615.0,0.0,0.0,0.0,0.0
2023-03-20 15:38:28.134000+00:00,143360.0,66670592.0,175521792.0,167780352.0,7.31,0.0036205,14.12,2866291.0,0.0,0.0,23551.0,3894132.0,0.0,0.0,14746.0,0.0,0.0,0.0,0.0
2023-03-20 15:38:33.138000+00:00,143360.0,66670592.0,175525888.0,167784448.0,7.33,0.0036205,14.15,2873460.0,0.0,0.0,23601.0,3903082.0,0.0,0.0,14782.0,0.0,0.0,0.0,0.0
2023-03-20 15:38:38.089000+00:00,143360.0,66674688.0,175788032.0,168046592.0,7.36,0.0036205,14.19,2897287.0,0.0,0.0,23712.0,3929485.0,0.0,0.0,14858.0,0.0,0.0,0.0,0.0
2023-03-20 15:38:43.913000+00:00,143360.0,66830336.0,175681536.0,167940096.0,7.41,0.0036205,14.22,2926472.0,0.0,0.0,23895.0,3979894.0,0.0,0.0,14979.0,0.0,0.0,0.0,0.0
2023-03-20 15:38:48.448000+00:00,143360.0,66830336.0,175681536.0,167940096.0,7.44,0.0036205,14.27,2926472.0,0.0,0.0,23998.0,3995753.0,0.0,0.0,15041.0,0.0,0.0,0.0,0.0
2023-03-20 15:38:53.609000+00:00,143360.0,66830336.0,175755264.0,167952384.0,7.47,0.0036205,14.29,2966141.0,0.0,0.0,24164.0,4030410.0,0.0,0.0,15140.0,0.0,0.0,0.0,0.0
2023-03-20 15:38:59.813000+00:00,143360.0,66830336.0,175755264.0,167952384.0,7.53,0.0036205,14.33,2966141.0,0.0,0.0,24164.0,4030410.0,0.0,0.0,15140.0,0.0,0.0,0.0,0.0
2023-03-20 15:39:04.875000+00:00,143360.0,66830336.0,175759360.0,167952384.0,7.58,0.0036205,14.39,3002750.0,0.0,0.0,24483.0,4090989.0,0.0,0.0,15325.0,0.0,0.0,0.0,0.0
2023-03-20 15:39:08.854000+00:00,143360.0,66830336.0,175759360.0,167956480.0,7.6,0.0036205,14.42,3014673.0,0.0,0.0,24578.0,4106451.0,0.0,0.0,15381.0,0.0,0.0,0.0,0.0
2023-03-20 15:39:14.179000+00:00,143360.0,66834432.0,175984640.0,168177664.0,7.62,0.0036205,14.47,3053971.0,0.0,0.0,24742.0,4159874.0,0.0,0.0,15500.0,0.0,0.0,0.0,0.0
2023-03-20 15:39:19.562000+00:00,143360.0,66834432.0,175763456.0,167956480.0,7.64,0.0036205,14.49,3061761.0,0.0,0.0,24799.0,4178770.0,0.0,0.0,15539.0,0.0,0.0,0.0,0.0
2023-03-20 15:39:24.352000+00:00,143360.0,66834432.0,175861760.0,168054784.0,7.67,0.0036205,14.55,3079540.0,0.0,0.0,24941.0,4206202.0,0.0,0.0,15625.0,0.0,0.0,0.0,0.0
2023-03-20 15:39:29.461000+00:00,143360.0,66834432.0,175861760.0,168054784.0,7.68,0.0036205,14.57,3079540.0,0.0,0.0,24941.0,4206202.0,0.0,0.0,15625.0,0.0,0.0,0.0,0.0
2023-03-20 15:39:34.573000+00:00,143360.0,66838528.0,175865856.0,168054784.0,7.7,0.0036205,14.62,3090375.0,0.0,0.0,25029.0,4217533.0,0.0,0.0,15687.0,0.0,0.0,0.0,0.0
2023-03-20 15:39:38.988000+00:00,143360.0,66838528.0,176033792.0,168222720.0,7.71,0.0036205,14.64,3098964.0,0.0,0.0,25093.0,4228857.0,0.0,0.0,15726.0,0.0,0.0,0.0,0.0
2023-03-20 15:39:44.616000+00:00,143360.0,66838528.0,175771648.0,167960576.0,7.73,0.0036205,14.7,3113668.0,0.0,0.0,25201.0,4254013.0,0.0,0.0,15804.0,0.0,0.0,0.0,0.0
2023-03-20 15:39:48.859000+00:00,143360.0,66838528.0,175906816.0,168095744.0,7.74,0.0036205,14.7,3124829.0,0.0,0.0,25283.0,4263782.0,0.0,0.0,15858.0,0.0,0.0,0.0,0.0
2023-03-20 15:39:53.346000+00:00,143360.0,66838528.0,175779840.0,167964672.0,7.76,0.0036205,14.77,3134329.0,0.0,0.0,25360.0,4274457.0,0.0,0.0,15906.0,0.0,0.0,0.0,0.0
2023-03-20 15:39:59.268000+00:00,143360.0,66838528.0,176041984.0,168226816.0,7.78,0.0036205,14.82,3138654.0,0.0,0.0,25398.0,4280058.0,0.0,0.0,15936.0,0.0,0.0,0.0,0.0
2023-03-20 15:40:02.932000+00:00,143360.0,66838528.0,175779840.0,167964672.0,7.8,0.0036205,14.84,3151406.0,0.0,0.0,25515.0,4302552.0,0.0,0.0,16003.0,0.0,0.0,0.0,0.0
2023-03-20 15:40:08.972000+00:00,143360.0,66838528.0,175915008.0,168095744.0,7.82,0.0036205,14.84,3155698.0,0.0,0.0,25546.0,4306644.0,0.0,0.0,16025.0,0.0,0.0,0.0,0.0
2023-03-20 15:40:13.684000+00:00,143360.0,66838528.0,175783936.0,167964672.0,7.84,0.0036205,14.94,3168091.0,0.0,0.0,25652.0,4326813.0,0.0,0.0,16097.0,0.0,0.0,0.0,0.0
2023-03-20 15:40:19.216000+00:00,143360.0,66838528.0,175783936.0,167964672.0,7.88,0.0036205,15.0,3168091.0,0.0,0.0,25652.0,4326813.0,0.0,0.0,16187.0,0.0,0.0,0.0,0.0
2023-03-20 15:40:23.439000+00:00,143360.0,66838528.0,175910912.0,168091648.0,7.89,0.0036205,15.02,3204684.0,0.0,0.0,25937.0,4375296.0,0.0,0.0,16287.0,0.0,0.0,0.0,0.0
2023-03-20 15:40:28.810000+00:00,143360.0,66838528.0,175910912.0,168091648.0,7.92,0.0036205,15.06,3208727.0,0.0,0.0,25968.0,4378079.0,0.0,0.0,16306.0,0.0,0.0,0.0,0.0
2023-03-20 15:40:34.272000+00:00,143360.0,66838528.0,176001024.0,168181760.0,7.93,0.0036205,15.12,3209922.0,0.0,0.0,25981.0,4379994.0,0.0,0.0,16315.0,0.0,0.0,0.0,0.0
2023-03-20 15:40:38.468000+00:00,143360.0,66838528.0,176046080.0,168226816.0,7.94,0.0036205,15.14,3216064.0,0.0,0.0,26038.0,4390225.0,0.0,0.0,16352.0,0.0,0.0,0.0,0.0
2023-03-20 15:40:44.094000+00:00,143360.0,66838528.0,175865856.0,168042496.0,7.96,0.0036205,15.22,3230948.0,0.0,0.0,26167.0,4412446.0,0.0,0.0,16432.0,0.0,0.0,0.0,0.0
2023-03-20 15:40:49.657000+00:00,143360.0,66838528.0,175915008.0,168091648.0,7.99,0.0036205,15.27,3251094.0,0.0,0.0,26336.0,4442157.0,0.0,0.0,16527.0,0.0,0.0,0.0,0.0
2023-03-20 15:40:54.173000+00:00,143360.0,66838528.0,175968256.0,168181760.0,8.01,0.0036205,15.34,3267795.0,0.0,0.0,26479.0,4464132.0,0.0,0.0,16614.0,0.0,0.0,0.0,0.0
2023-03-20 15:40:59.841000+00:00,143360.0,66838528.0,175968256.0,168181760.0,8.03,0.0036205,15.38,3267795.0,0.0,0.0,26479.0,4464132.0,0.0,0.0,16614.0,0.0,0.0,0.0,0.0
2023-03-20 15:41:04.751000+00:00,143360.0,66838528.0,175755264.0,167968768.0,8.05,0.0036205,15.44,3301366.0,0.0,0.0,26747.0,4504376.0,0.0,0.0,16775.0,0.0,0.0,0.0,0.0
2023-03-20 15:41:08.962000+00:00,143360.0,66838528.0,175886336.0,168099840.0,8.07,0.0036205,15.44,3308906.0,0.0,0.0,26799.0,4510393.0,0.0,0.0,16814.0,0.0,0.0,0.0,0.0
2023-03-20 15:41:13.739000+00:00,143360.0,66838528.0,176013312.0,168226816.0,8.08,0.0036205,15.5,3310213.0,0.0,0.0,26814.0,4513258.0,0.0,0.0,16827.0,0.0,0.0,0.0,0.0
2023-03-20 15:41:18.882000+00:00,143360.0,66838528.0,176013312.0,168226816.0,8.08,0.0036205,15.57,3310213.0,0.0,0.0,26970.0,4539501.0,0.0,0.0,16928.0,0.0,0.0,0.0,0.0
2023-03-20 15:41:24.812000+00:00,143360.0,66838528.0,175968256.0,168177664.0,8.12,0.0036205,15.63,3336854.0,0.0,0.0,27045.0,4550340.0,0.0,0.0,16976.0,0.0,0.0,0.0,0.0
2023-03-20 15:41:29.091000+00:00,143360.0,66838528.0,175890432.0,168099840.0,8.16,0.0036205,15.66,3346218.0,0.0,0.0,27130.0,4564358.0,0.0,0.0,17028.0,0.0,0.0,0.0,0.0
2023-03-20 15:41:33.952000+00:00,143360.0,66838528.0,175837184.0,168046592.0,8.16,0.0036205,15.73,3362012.0,0.0,0.0,27254.0,4586060.0,0.0,0.0,17105.0,0.0,0.0,0.0,0.0
2023-03-20 15:41:38.435000+00:00,143360.0,66838528.0,175755264.0,167964672.0,8.18,0.0036205,15.76,3371299.0,0.0,0.0,27324.0,4596438.0,0.0,0.0,17145.0,0.0,0.0,0.0,0.0
2023-03-20 15:41:44.214000+00:00,143360.0,66838528.0,176152576.0,168361984.0,8.22,0.0036205,15.82,3390615.0,0.0,0.0,27491.0,4625167.0,0.0,0.0,17248.0,0.0,0.0,0.0,0.0
2023-03-20 15:41:48.297000+00:00,143360.0,66838528.0,176041984.0,168251392.0,8.24,0.0036205,15.85,3396595.0,0.0,0.0,27543.0,4632856.0,0.0,0.0,17286.0,0.0,0.0,0.0,0.0
2023-03-20 15:41:53.938000+00:00,143360.0,66838528.0,175788032.0,167968768.0,8.27,0.0036205,15.9,3407546.0,0.0,0.0,27623.0,4643971.0,0.0,0.0,17341.0,0.0,0.0,0.0,0.0
2023-03-20 15:41:59.418000+00:00,143360.0,66838528.0,175788032.0,167968768.0,8.3,0.0036205,15.94,3407546.0,0.0,0.0,27623.0,4643971.0,0.0,0.0,17341.0,0.0,0.0,0.0,0.0
2023-03-20 15:42:04.411000+00:00,143360.0,66838528.0,176025600.0,168206336.0,8.32,0.0036205,15.99,3433968.0,0.0,0.0,27836.0,4677434.0,0.0,0.0,17473.0,0.0,0.0,0.0,0.0
2023-03-20 15:42:08.571000+00:00,143360.0,66838528.0,175915008.0,168095744.0,8.34,0.0036205,16.02,3443559.0,0.0,0.0,27912.0,4693758.0,0.0,0.0,17518.0,0.0,0.0,0.0,0.0
2023-03-20 15:42:13.246000+00:00,143360.0,66838528.0,175915008.0,168095744.0,8.37,0.0036205,16.06,3455466.0,0.0,0.0,28013.0,4709912.0,0.0,0.0,17580.0,0.0,0.0,0.0,0.0
2023-03-20 15:42:19.535000+00:00,147456.0,66838528.0,175915008.0,168095744.0,8.39,0.0036205,16.1,3466565.0,0.0,0.0,28092.0,4723594.0,0.0,0.0,17633.0,0.0,0.0,0.0,0.0
2023-03-20 15:42:24.084000+00:00,147456.0,66838528.0,176025600.0,168202240.0,8.41,0.0036205,16.14,3469230.0,0.0,0.0,28118.0,4726663.0,0.0,0.0,17648.0,0.0,0.0,0.0,0.0
2023-03-20 15:42:29.299000+00:00,147456.0,66842624.0,175923200.0,168099840.0,8.44,0.0036205,16.18,3503615.0,0.0,0.0,28328.0,4770198.0,0.0,0.0,17780.0,0.0,0.0,0.0,0.0
2023-03-20 15:42:33.588000+00:00,147456.0,66846720.0,176062464.0,168239104.0,8.46,0.0036205,16.22,3531795.0,0.0,0.0,28461.0,4800676.0,0.0,0.0,17875.0,0.0,0.0,0.0,0.0
2023-03-20 15:42:38.977000+00:00,147456.0,66846720.0,176062464.0,168239104.0,8.48,0.0036205,16.25,3531795.0,0.0,0.0,28533.0,4816269.0,0.0,0.0,17935.0,0.0,0.0,0.0,0.0
2023-03-20 15:42:43.626000+00:00,147456.0,66846720.0,175931392.0,168108032.0,8.51,0.0036205,16.27,3548739.0,0.0,0.0,28614.0,4829777.0,0.0,0.0,17977.0,0.0,0.0,0.0,0.0
2023-03-20 15:42:49.709000+00:00,147456.0,66846720.0,175931392.0,168108032.0,8.55,0.0036205,16.3,3548739.0,0.0,0.0,28614.0,4829777.0,0.0,0.0,18068.0,0.0,0.0,0.0,0.0
2023-03-20 15:42:53.333000+00:00,147456.0,66850816.0,176017408.0,168116224.0,8.58,0.0036205,16.33,3585456.0,0.0,0.0,28825.0,4887088.0,0.0,0.0,18114.0,0.0,0.0,0.0,0.0
2023-03-20 15:42:59.046000+00:00,147456.0,66859008.0,176017408.0,168116224.0,8.63,0.0036205,16.36,3585456.0,0.0,0.0,28825.0,4887088.0,0.0,0.0,18114.0,0.0,0.0,0.0,0.0
2023-03-20 15:43:04.507000+00:00,147456.0,66859008.0,176033792.0,168128512.0,8.66,0.0036205,16.41,3620866.0,0.0,0.0,29112.0,4948402.0,0.0,0.0,18295.0,0.0,0.0,0.0,0.0
2023-03-20 15:43:09.292000+00:00,147456.0,66859008.0,176033792.0,168128512.0,8.68,0.0036205,16.41,3628701.0,0.0,0.0,29183.0,4971534.0,0.0,0.0,18348.0,0.0,0.0,0.0,0.0
2023-03-20 15:43:14.836000+00:00,147456.0,66859008.0,176005120.0,168099840.0,8.71,0.0036205,16.48,3645116.0,0.0,0.0,29319.0,4993673.0,0.0,0.0,18429.0,0.0,0.0,0.0,0.0
2023-03-20 15:43:18.334000+00:00,147456.0,66859008.0,176005120.0,168099840.0,8.73,0.0036205,16.48,3645116.0,0.0,0.0,29416.0,5023109.0,0.0,0.0,18483.0,0.0,0.0,0.0,0.0
2023-03-20 15:43:24.876000+00:00,147456.0,66859008.0,176037888.0,168128512.0,8.76,0.0036205,16.58,3668560.0,0.0,0.0,29540.0,5043054.0,0.0,0.0,18556.0,0.0,0.0,0.0,0.0
2023-03-20 15:43:28.014000+00:00,147456.0,66859008.0,176037888.0,168128512.0,8.78,0.0036205,16.6,3668560.0,0.0,0.0,29540.0,5043054.0,0.0,0.0,18556.0,0.0,0.0,0.0,0.0
2023-03-20 15:43:34.346000+00:00,147456.0,66859008.0,176005120.0,168095744.0,8.8,0.0036205,16.66,3680558.0,0.0,0.0,29645.0,5057269.0,0.0,0.0,18615.0,0.0,0.0,0.0,0.0
2023-03-20 15:43:38.529000+00:00,147456.0,66859008.0,176005120.0,168124416.0,8.82,0.0036205,16.66,3687347.0,0.0,0.0,29706.0,5072657.0,0.0,0.0,18662.0,0.0,0.0,0.0,0.0
2023-03-20 15:43:43.238000+00:00,147456.0,66859008.0,176033792.0,168124416.0,8.85,0.0036205,16.7,3705237.0,0.0,0.0,29848.0,5091659.0,0.0,0.0,18757.0,0.0,0.0,0.0,0.0
2023-03-20 15:43:49.325000+00:00,147456.0,66859008.0,176168960.0,168259584.0,8.89,0.0036205,16.78,3733370.0,0.0,0.0,30088.0,5131426.0,0.0,0.0,18906.0,0.0,0.0,0.0,0.0
2023-03-20 15:43:53.800000+00:00,147456.0,66859008.0,176160768.0,168259584.0,8.9,0.0036205,16.81,3738100.0,0.0,0.0,30122.0,5135937.0,0.0,0.0,18930.0,0.0,0.0,0.0,0.0
2023-03-20 15:43:58.790000+00:00,147456.0,66863104.0,176160768.0,168259584.0,8.92,0.0036205,16.87,3738100.0,0.0,0.0,30122.0,5135937.0,0.0,0.0,18930.0,0.0,0.0,0.0,0.0
2023-03-20 15:44:04.391000+00:00,147456.0,66928640.0,176013312.0,168108032.0,8.94,0.0036205,16.93,3791146.0,0.0,0.0,30404.0,5189987.0,0.0,0.0,19128.0,0.0,0.0,0.0,0.0
2023-03-20 15:44:08.973000+00:00,147456.0,66928640.0,176013312.0,168206336.0,8.95,0.0036205,16.93,3820545.0,0.0,0.0,30534.0,5220351.0,0.0,0.0,19216.0,0.0,0.0,0.0,0.0
2023-03-20 15:44:14.238000+00:00,147456.0,66936832.0,176209920.0,168304640.0,8.98,0.0036205,17.01,3834550.0,0.0,0.0,30644.0,5239558.0,0.0,0.0,19299.0,0.0,0.0,0.0,0.0
2023-03-20 15:44:19.442000+00:00,147456.0,66936832.0,176209920.0,168304640.0,8.99,0.0036205,17.05,3834550.0,0.0,0.0,30644.0,5239558.0,0.0,0.0,19365.0,0.0,0.0,0.0,0.0
2023-03-20 15:44:24.203000+00:00,147456.0,66936832.0,176078848.0,168173568.0,9.01,0.0036205,17.1,3857571.0,0.0,0.0,30841.0,5280189.0,0.0,0.0,19426.0,0.0,0.0,0.0,0.0
2023-03-20 15:44:29.714000+00:00,147456.0,66936832.0,175988736.0,168083456.0,9.04,0.0036205,17.13,3870257.0,0.0,0.0,30958.0,5300676.0,0.0,0.0,19494.0,0.0,0.0,0.0,0.0
2023-03-20 15:44:34.542000+00:00,147456.0,66936832.0,175988736.0,168079360.0,9.06,0.0036205,17.18,3887077.0,0.0,0.0,31095.0,5324677.0,0.0,0.0,19574.0,0.0,0.0,0.0,0.0
2023-03-20 15:44:38.289000+00:00,147456.0,66936832.0,175988736.0,168079360.0,9.07,0.0036205,17.2,3887077.0,0.0,0.0,31095.0,5336762.0,0.0,0.0,19622.0,0.0,0.0,0.0,0.0
2023-03-20 15:44:43.598000+00:00,147456.0,66936832.0,176250880.0,168341504.0,9.09,0.0036205,17.24,3917369.0,0.0,0.0,31349.0,5393205.0,0.0,0.0,19737.0,0.0,0.0,0.0,0.0
2023-03-20 15:44:49.562000+00:00,147456.0,66936832.0,176128000.0,168218624.0,9.12,0.0036205,17.24,3932558.0,0.0,0.0,31460.0,5412075.0,0.0,0.0,19811.0,0.0,0.0,0.0,0.0
2023-03-20 15:44:53.952000+00:00,147456.0,67059712.0,176201728.0,168345600.0,9.12,0.0036205,17.34,3955897.0,0.0,0.0,31540.0,5437373.0,0.0,0.0,19875.0,0.0,0.0,0.0,0.0
2023-03-20 15:44:58.513000+00:00,147456.0,67059712.0,176201728.0,168345600.0,9.14,0.0036205,17.39,3955897.0,0.0,0.0,31540.0,5437373.0,0.0,0.0,19875.0,0.0,0.0,0.0,0.0
2023-03-20 15:45:04.838000+00:00,147456.0,67141632.0,176152576.0,168296448.0,9.18,0.0036205,17.44,3975520.0,0.0,0.0,31712.0,5463659.0,0.0,0.0,19976.0,0.0,0.0,0.0,0.0
2023-03-20 15:45:09.657000+00:00,147456.0,67141632.0,176152576.0,168554496.0,9.2,0.0036205,17.48,3993584.0,0.0,0.0,31876.0,5492232.0,0.0,0.0,20068.0,0.0,0.0,0.0,0.0
2023-03-20 15:45:13.537000+00:00,147456.0,67141632.0,176156672.0,168300544.0,9.22,0.0036205,17.5,4008761.0,0.0,0.0,32008.0,5512840.0,0.0,0.0,20152.0,0.0,0.0,0.0,0.0
2023-03-20 15:45:19.674000+00:00,147456.0,67145728.0,176422912.0,168562688.0,9.24,0.0036205,17.56,4023842.0,0.0,0.0,32111.0,5525415.0,0.0,0.0,20224.0,0.0,0.0,0.0,0.0
2023-03-20 15:45:24.158000+00:00,147456.0,67149824.0,176164864.0,168304640.0,9.26,0.0036205,17.61,4030663.0,0.0,0.0,32165.0,5546184.0,0.0,0.0,20261.0,0.0,0.0,0.0,0.0
2023-03-20 15:45:28.827000+00:00,147456.0,67149824.0,176291840.0,168431616.0,9.28,0.0036205,17.63,4038671.0,0.0,0.0,32237.0,5558674.0,0.0,0.0,20307.0,0.0,0.0,0.0,0.0
2023-03-20 15:45:32.998000+00:00,147456.0,67149824.0,176295936.0,168435712.0,9.3,0.0036205,17.66,4048194.0,0.0,0.0,32313.0,5570425.0,0.0,0.0,20354.0,0.0,0.0,0.0,0.0
2023-03-20 15:45:39.113000+00:00,147456.0,67149824.0,176295936.0,168435712.0,9.32,0.0036205,17.75,4048194.0,0.0,0.0,32466.0,5597472.0,0.0,0.0,20446.0,0.0,0.0,0.0,0.0
2023-03-20 15:45:44.543000+00:00,147456.0,67162112.0,176386048.0,168521728.0,9.33,0.0036205,17.81,4083664.0,0.0,0.0,32618.0,5620129.0,0.0,0.0,20539.0,0.0,0.0,0.0,0.0
2023-03-20 15:45:49.225000+00:00,147456.0,67162112.0,176336896.0,168472576.0,9.34,0.0036205,17.84,4093922.0,0.0,0.0,32705.0,5633493.0,0.0,0.0,20591.0,0.0,0.0,0.0,0.0
2023-03-20 15:45:53.890000+00:00,147456.0,67186688.0,176590848.0,168697856.0,9.37,0.0036205,17.86,4106625.0,0.0,0.0,32801.0,5649680.0,0.0,0.0,20660.0,0.0,0.0,0.0,0.0
2023-03-20 15:45:58.607000+00:00,147456.0,67186688.0,176590848.0,168697856.0,9.39,0.0036205,17.86,4106625.0,0.0,0.0,32801.0,5649680.0,0.0,0.0,20660.0,0.0,0.0,0.0,0.0
2023-03-20 15:46:03.757000+00:00,147456.0,67190784.0,176369664.0,168476672.0,9.43,0.0036205,17.96,4140855.0,0.0,0.0,33086.0,5700076.0,0.0,0.0,20838.0,0.0,0.0,0.0,0.0
2023-03-20 15:46:08.404000+00:00,147456.0,67194880.0,176246784.0,168353792.0,9.46,0.0036205,17.96,4145022.0,0.0,0.0,33122.0,5704027.0,0.0,0.0,20863.0,0.0,0.0,0.0,0.0
2023-03-20 15:46:14.612000+00:00,147456.0,67198976.0,176328704.0,168435712.0,9.46,0.0036205,18.08,4152927.0,0.0,0.0,33193.0,5714203.0,0.0,0.0,20908.0,0.0,0.0,0.0,0.0
2023-03-20 15:46:18.278000+00:00,147456.0,67198976.0,176328704.0,168435712.0,9.48,0.0036205,18.12,4152927.0,0.0,0.0,33297.0,5733038.0,0.0,0.0,20964.0,0.0,0.0,0.0,0.0
2023-03-20 15:46:24.629000+00:00,147456.0,67207168.0,176463872.0,168566784.0,9.51,0.0036205,18.18,4204172.0,0.0,0.0,33542.0,5790906.0,0.0,0.0,21109.0,0.0,0.0,0.0,0.0
2023-03-20 15:46:28.981000+00:00,147456.0,67207168.0,176463872.0,168566784.0,9.54,0.0036205,18.2,4204172.0,0.0,0.0,33542.0,5790906.0,0.0,0.0,21109.0,0.0,0.0,0.0,0.0
2023-03-20 15:46:33.685000+00:00,147456.0,67211264.0,176263168.0,168370176.0,9.56,0.0036205,18.26,4224423.0,0.0,0.0,33717.0,5821553.0,0.0,0.0,21227.0,0.0,0.0,0.0,0.0
2023-03-20 15:46:37.982000+00:00,147456.0,67211264.0,176386048.0,168493056.0,9.59,0.0036205,18.26,4253354.0,0.0,0.0,33843.0,5855731.0,0.0,0.0,21312.0,0.0,0.0,0.0,0.0
2023-03-20 15:46:44.710000+00:00,147456.0,67297280.0,176541696.0,168648704.0,9.63,0.0036205,18.34,4284753.0,0.0,0.0,33984.0,5889824.0,0.0,0.0,21403.0,0.0,0.0,0.0,0.0
2023-03-20 15:46:48.765000+00:00,147456.0,67297280.0,176541696.0,168648704.0,9.65,0.0036205,18.37,4284753.0,0.0,0.0,33984.0,5889824.0,0.0,0.0,21447.0,0.0,0.0,0.0,0.0
2023-03-20 15:46:53.589000+00:00,147456.0,67379200.0,176582656.0,168669184.0,9.66,0.0036205,18.41,4309924.0,0.0,0.0,34161.0,5938323.0,0.0,0.0,21524.0,0.0,0.0,0.0,0.0
2023-03-20 15:46:59.209000+00:00,147456.0,67379200.0,176582656.0,168669184.0,9.69,0.0036205,18.47,4309924.0,0.0,0.0,34161.0,5938323.0,0.0,0.0,21524.0,0.0,0.0,0.0,0.0
2023-03-20 15:47:03.814000+00:00,147456.0,67379200.0,176648192.0,168677376.0,9.71,0.0036205,18.49,4326435.0,0.0,0.0,34298.0,5960656.0,0.0,0.0,21623.0,0.0,0.0,0.0,0.0
2023-03-20 15:47:09.007000+00:00,147456.0,67379200.0,176648192.0,168677376.0,9.73,0.0036205,18.56,4326435.0,0.0,0.0,34298.0,5960656.0,0.0,0.0,21693.0,0.0,0.0,0.0,0.0
2023-03-20 15:47:13.434000+00:00,147456.0,67379200.0,176783360.0,168812544.0,9.74,0.0036205,18.6,4350368.0,0.0,0.0,34500.0,5991765.0,0.0,0.0,21745.0,0.0,0.0,0.0,0.0
2023-03-20 15:47:19.674000+00:00,147456.0,67383296.0,176787456.0,168812544.0,9.75,0.0036205,18.67,4378112.0,0.0,0.0,34611.0,6037423.0,0.0,0.0,21823.0,0.0,0.0,0.0,0.0
2023-03-20 15:47:24.333000+00:00,147456.0,67383296.0,176766976.0,168792064.0,9.76,0.0036205,18.7,4385035.0,0.0,0.0,34671.0,6061550.0,0.0,0.0,21872.0,0.0,0.0,0.0,0.0
2023-03-20 15:47:28.475000+00:00,147456.0,67383296.0,176766976.0,168792064.0,9.78,0.0036205,18.72,4385035.0,0.0,0.0,34671.0,6061550.0,0.0,0.0,21872.0,0.0,0.0,0.0,0.0
2023-03-20 15:47:34.045000+00:00,147456.0,67383296.0,176766976.0,168792064.0,9.8,0.0036205,18.77,4399545.0,0.0,0.0,34794.0,6082340.0,0.0,0.0,21944.0,0.0,0.0,0.0,0.0
2023-03-20 15:47:38.400000+00:00,147456.0,67383296.0,176787456.0,168812544.0,9.81,0.0036205,18.77,4409603.0,0.0,0.0,34884.0,6095687.0,0.0,0.0,21995.0,0.0,0.0,0.0,0.0
2023-03-20 15:47:43.803000+00:00,147456.0,67383296.0,176660480.0,168685568.0,9.83,0.0036205,18.83,4419379.0,0.0,0.0,34957.0,6103682.0,0.0,0.0,22049.0,0.0,0.0,0.0,0.0
2023-03-20 15:47:48.323000+00:00,147456.0,67383296.0,176656384.0,168681472.0,9.84,0.0036205,18.83,4428291.0,0.0,0.0,35037.0,6113752.0,0.0,0.0,22102.0,0.0,0.0,0.0,0.0
2023-03-20 15:47:53.683000+00:00,147456.0,67383296.0,176660480.0,168685568.0,9.87,0.0036205,18.91,4436268.0,0.0,0.0,35114.0,6142635.0,0.0,0.0,22155.0,0.0,0.0,0.0,0.0
2023-03-20 15:47:59.931000+00:00,147456.0,67383296.0,176660480.0,168685568.0,9.9,0.0036205,18.98,4436268.0,0.0,0.0,35114.0,6142635.0,0.0,0.0,22155.0,0.0,0.0,0.0,0.0
2023-03-20 15:48:04.906000+00:00,147456.0,67383296.0,176627712.0,168656896.0,9.92,0.0036205,19.03,4456807.0,0.0,0.0,35295.0,6170701.0,0.0,0.0,22270.0,0.0,0.0,0.0,0.0
2023-03-20 15:48:08.128000+00:00,147456.0,67383296.0,176627712.0,168812544.0,9.93,0.0036205,19.07,4481069.0,0.0,0.0,35376.0,6197548.0,0.0,0.0,22327.0,0.0,0.0,0.0,0.0
2023-03-20 15:48:13.853000+00:00,147456.0,67387392.0,176787456.0,168816640.0,9.96,0.0036205,19.1,4493453.0,0.0,0.0,35478.0,6211895.0,0.0,0.0,22393.0,0.0,0.0,0.0,0.0
2023-03-20 15:48:18.590000+00:00,147456.0,67387392.0,176525312.0,168554496.0,9.98,0.0036205,19.16,4512821.0,0.0,0.0,35633.0,6256502.0,0.0,0.0,22493.0,0.0,0.0,0.0,0.0
2023-03-20 15:48:23.753000+00:00,151552.0,67387392.0,176656384.0,168685568.0,9.99,0.0036205,19.2,4526500.0,0.0,0.0,35743.0,6273223.0,0.0,0.0,22563.0,0.0,0.0,0.0,0.0
2023-03-20 15:48:28.770000+00:00,151552.0,67403776.0,176668672.0,168693760.0,10.02,0.0036205,19.24,4555963.0,0.0,0.0,35743.0,6273223.0,0.0,0.0,22563.0,0.0,0.0,0.0,0.0
2023-03-20 15:48:34.002000+00:00,151552.0,67403776.0,176676864.0,168701952.0,10.04,0.0036205,19.29,4563947.0,0.0,0.0,35929.0,6319237.0,0.0,0.0,22684.0,0.0,0.0,0.0,0.0
2023-03-20 15:48:38.626000+00:00,151552.0,67403776.0,176676864.0,168701952.0,10.05,0.0036205,19.33,4563947.0,0.0,0.0,36004.0,6328999.0,0.0,0.0,22734.0,0.0,0.0,0.0,0.0
2023-03-20 15:48:44.502000+00:00,151552.0,67403776.0,176775168.0,168800256.0,10.07,0.0036205,19.39,4592037.0,0.0,0.0,36157.0,6375029.0,0.0,0.0,22834.0,0.0,0.0,0.0,0.0
2023-03-20 15:48:48.210000+00:00,151552.0,67403776.0,176746496.0,168771584.0,10.08,0.0036205,19.39,4605059.0,0.0,0.0,36260.0,6391889.0,0.0,0.0,22900.0,0.0,0.0,0.0,0.0
2023-03-20 15:48:54.126000+00:00,151552.0,67473408.0,176848896.0,168873984.0,10.1,0.0036205,19.48,4616324.0,0.0,0.0,36350.0,6405228.0,0.0,0.0,22957.0,0.0,0.0,0.0,0.0
2023-03-20 15:48:59.863000+00:00,151552.0,67473408.0,176848896.0,168873984.0,10.12,0.0036205,19.48,4616324.0,0.0,0.0,36350.0,6405228.0,0.0,0.0,22957.0,0.0,0.0,0.0,0.0
2023-03-20 15:49:04.077000+00:00,151552.0,67506176.0,176750592.0,168742912.0,10.14,0.0036205,19.56,4648156.0,0.0,0.0,36492.0,6464292.0,0.0,0.0,23055.0,0.0,0.0,0.0,0.0
2023-03-20 15:49:09.141000+00:00,151552.0,67506176.0,176824320.0,168816640.0,10.17,0.0036205,19.6,4668225.0,0.0,0.0,36658.0,6503865.0,0.0,0.0,23154.0,0.0,0.0,0.0,0.0
2023-03-20 15:49:14.056000+00:00,151552.0,67506176.0,176779264.0,168771584.0,10.2,0.0036205,19.67,4685139.0,0.0,0.0,36804.0,6534421.0,0.0,0.0,23242.0,0.0,0.0,0.0,0.0
2023-03-20 15:49:19.537000+00:00,151552.0,67506176.0,176779264.0,168943616.0,10.21,0.0036205,19.7,4706741.0,0.0,0.0,36893.0,6563544.0,0.0,0.0,23311.0,0.0,0.0,0.0,0.0
2023-03-20 15:49:23.928000+00:00,151552.0,67510272.0,176955392.0,168947712.0,10.22,0.0036205,19.72,4721149.0,0.0,0.0,36969.0,6574328.0,0.0,0.0,23362.0,0.0,0.0,0.0,0.0
2023-03-20 15:49:29.810000+00:00,151552.0,67510272.0,176955392.0,168947712.0,10.24,0.0036205,19.76,4721149.0,0.0,0.0,36969.0,6574328.0,0.0,0.0,23362.0,0.0,0.0,0.0,0.0
2023-03-20 15:49:34.574000+00:00,151552.0,67584000.0,176988160.0,168980480.0,10.26,0.0036205,19.8,4750599.0,0.0,0.0,37071.0,6621201.0,0.0,0.0,23453.0,0.0,0.0,0.0,0.0
2023-03-20 15:49:39.058000+00:00,151552.0,67584000.0,176898048.0,168890368.0,10.27,0.0036205,19.83,4756922.0,0.0,0.0,37123.0,6628722.0,0.0,0.0,23492.0,0.0,0.0,0.0,0.0
2023-03-20 15:49:44.705000+00:00,151552.0,67584000.0,176992256.0,168980480.0,10.28,0.0036205,19.9,4763968.0,0.0,0.0,37190.0,6638379.0,0.0,0.0,23534.0,0.0,0.0,0.0,0.0
2023-03-20 15:49:49.585000+00:00,151552.0,67584000.0,176992256.0,168980480.0,10.3,0.0036205,19.92,4763968.0,0.0,0.0,37190.0,6638379.0,0.0,0.0,23534.0,0.0,0.0,0.0,0.0
2023-03-20 15:49:54.089000+00:00,151552.0,67653632.0,177057792.0,169046016.0,10.33,0.0036205,19.96,4794653.0,0.0,0.0,37443.0,6700037.0,0.0,0.0,23704.0,0.0,0.0,0.0,0.0
2023-03-20 15:49:59.851000+00:00,151552.0,67850240.0,177172480.0,169046016.0,10.35,0.004618634,20.02,4794653.0,0.0,0.0,37443.0,6700037.0,0.0,0.0,23704.0,0.0,0.0,0.0,0.0
2023-03-20 15:50:03.827000+00:00,151552.0,67850240.0,177045504.0,169033728.0,10.36,0.004618634,20.05,4848990.0,0.0,0.0,37656.0,6790344.0,0.0,0.0,23853.0,0.0,0.0,0.0,0.0
2023-03-20 15:50:08.926000+00:00,151552.0,67850240.0,177045504.0,169033728.0,10.39,0.004618634,20.11,4848990.0,0.0,0.0,37656.0,6790344.0,0.0,0.0,23853.0,0.0,0.0,0.0,0.0
2023-03-20 15:50:14.894000+00:00,151552.0,67854336.0,177053696.0,169037824.0,10.44,0.004618634,20.17,4894694.0,0.0,0.0,37971.0,6843858.0,0.0,0.0,24056.0,0.0,0.0,0.0,0.0
2023-03-20 15:50:18.887000+00:00,151552.0,67854336.0,177311744.0,169295872.0,10.46,0.004618634,20.21,4901869.0,0.0,0.0,38040.0,6856613.0,0.0,0.0,24094.0,0.0,0.0,0.0,0.0
2023-03-20 15:50:24.272000+00:00,151552.0,67854336.0,177135616.0,169119744.0,10.47,0.004618634,20.27,4910065.0,0.0,0.0,38102.0,6863894.0,0.0,0.0,24140.0,0.0,0.0,0.0,0.0
2023-03-20 15:50:29.246000+00:00,151552.0,67854336.0,177135616.0,169119744.0,10.49,0.004618634,20.3,4910065.0,0.0,0.0,38102.0,6863894.0,0.0,0.0,24140.0,0.0,0.0,0.0,0.0
2023-03-20 15:50:34.425000+00:00,151552.0,67854336.0,177143808.0,169127936.0,10.51,0.004618634,20.34,4927271.0,0.0,0.0,38257.0,6908648.0,0.0,0.0,24238.0,0.0,0.0,0.0,0.0
2023-03-20 15:50:38.545000+00:00,151552.0,67854336.0,177049600.0,169033728.0,10.52,0.004618634,20.34,4940855.0,0.0,0.0,38387.0,6971815.0,0.0,0.0,24320.0,0.0,0.0,0.0,0.0
2023-03-20 15:50:43.502000+00:00,151552.0,67854336.0,177053696.0,169037824.0,10.56,0.004618634,20.4,4949140.0,0.0,0.0,38467.0,6986876.0,0.0,0.0,24364.0,0.0,0.0,0.0,0.0
2023-03-20 15:50:49.337000+00:00,151552.0,67854336.0,177311744.0,169295872.0,10.58,0.004618634,20.45,4953749.0,0.0,0.0,38505.0,6990632.0,0.0,0.0,24391.0,0.0,0.0,0.0,0.0
2023-03-20 15:50:53.859000+00:00,151552.0,67854336.0,177311744.0,169295872.0,10.6,0.004618634,20.48,4970263.0,0.0,0.0,38654.0,7031288.0,0.0,0.0,24478.0,0.0,0.0,0.0,0.0
2023-03-20 15:50:58.595000+00:00,151552.0,67854336.0,177311744.0,169295872.0,10.62,0.004618634,20.48,4970263.0,0.0,0.0,38654.0,7031288.0,0.0,0.0,24478.0,0.0,0.0,0.0,0.0
2023-03-20 15:51:03.805000+00:00,151552.0,67858432.0,177156096.0,169172992.0,10.65,0.004618634,20.56,5024226.0,0.0,0.0,38933.0,7092663.0,0.0,0.0,24656.0,0.0,0.0,0.0,0.0
2023-03-20 15:51:08.817000+00:00,151552.0,67858432.0,177025024.0,169041920.0,10.67,0.004618634,20.63,5058318.0,0.0,0.0,39063.0,7128694.0,0.0,0.0,24737.0,0.0,0.0,0.0,0.0
2023-03-20 15:51:14.524000+00:00,151552.0,67866624.0,177242112.0,169259008.0,10.7,0.004618634,20.7,5098000.0,0.0,0.0,39228.0,7177132.0,0.0,0.0,24850.0,0.0,0.0,0.0,0.0
2023-03-20 15:51:19.504000+00:00,151552.0,67866624.0,177033216.0,169050112.0,10.72,0.004618634,20.7,5105028.0,0.0,0.0,39278.0,7186774.0,0.0,0.0,24889.0,0.0,0.0,0.0,0.0
2023-03-20 15:51:23.404000+00:00,151552.0,67866624.0,177291264.0,169308160.0,10.73,0.004618634,20.76,5110066.0,0.0,0.0,39320.0,7192088.0,0.0,0.0,24920.0,0.0,0.0,0.0,0.0
2023-03-20 15:51:28.890000+00:00,151552.0,67866624.0,177291264.0,169308160.0,10.76,0.004618634,20.8,5110066.0,0.0,0.0,39320.0,7192088.0,0.0,0.0,24920.0,0.0,0.0,0.0,0.0
2023-03-20 15:51:33.440000+00:00,151552.0,67866624.0,177377280.0,169394176.0,10.78,0.004618634,20.86,5125225.0,0.0,0.0,39459.0,7255329.0,0.0,0.0,25020.0,0.0,0.0,0.0,0.0
2023-03-20 15:51:39.031000+00:00,151552.0,67866624.0,177291264.0,169308160.0,10.8,0.004618634,20.86,5133859.0,0.0,0.0,39538.0,7286350.0,0.0,0.0,25072.0,0.0,0.0,0.0,0.0
2023-03-20 15:51:43.724000+00:00,151552.0,67866624.0,177160192.0,169177088.0,10.82,0.004618634,20.94,5144911.0,0.0,0.0,39633.0,7302673.0,0.0,0.0,25127.0,0.0,0.0,0.0,0.0
2023-03-20 15:51:48.662000+00:00,151552.0,67866624.0,177180672.0,169177088.0,10.84,0.004618634,20.96,5157835.0,0.0,0.0,39721.0,7317755.0,0.0,0.0,25186.0,0.0,0.0,0.0,0.0
2023-03-20 15:51:53.943000+00:00,151552.0,67866624.0,177053696.0,169050112.0,10.88,0.004618634,20.98,5170778.0,0.0,0.0,39824.0,7334640.0,0.0,0.0,25249.0,0.0,0.0,0.0,0.0
2023-03-20 15:51:59.498000+00:00,151552.0,67866624.0,177053696.0,169050112.0,10.92,0.004618634,21.03,5170778.0,0.0,0.0,39824.0,7334640.0,0.0,0.0,25249.0,0.0,72348.0,0.0,0.0
2023-03-20 15:52:03.532000+00:00,151552.0,67895296.0,177348608.0,169336832.0,10.94,0.004618634,21.06,5206887.0,0.0,0.0,40111.0,7376536.0,0.0,0.0,25414.0,0.0,0.0,0.0,0.0
2023-03-20 15:52:08.611000+00:00,151552.0,67895296.0,177348608.0,169336832.0,10.98,0.004618634,21.09,5216471.0,0.0,0.0,40181.0,7388952.0,0.0,0.0,25466.0,0.0,0.0,0.0,0.0
2023-03-20 15:52:14.621000+00:00,151552.0,67895296.0,177328128.0,169312256.0,11.0,0.004618634,21.13,5225971.0,0.0,0.0,40270.0,7404499.0,0.0,0.0,25524.0,0.0,0.0,0.0,0.0
2023-03-20 15:52:18.997000+00:00,151552.0,67895296.0,177328128.0,169312256.0,11.03,0.004618634,21.16,5225971.0,0.0,0.0,40270.0,7404499.0,0.0,0.0,25587.0,0.0,0.0,0.0,0.0
2023-03-20 15:52:24.520000+00:00,151552.0,67895296.0,177225728.0,169209856.0,11.04,0.004618634,21.21,5264826.0,0.0,0.0,40434.0,7449768.0,0.0,0.0,25632.0,0.0,0.0,0.0,0.0
2023-03-20 15:52:29.272000+00:00,151552.0,67895296.0,177225728.0,169209856.0,11.07,0.004618634,21.22,5279594.0,0.0,0.0,40558.0,7476893.0,0.0,0.0,25707.0,0.0,0.0,0.0,0.0
2023-03-20 15:52:34.383000+00:00,151552.0,67895296.0,177328128.0,169312256.0,11.08,0.006751053,21.27,5290971.0,0.0,0.0,40644.0,7496327.0,0.0,0.0,25771.0,0.0,0.0,0.0,0.0
2023-03-20 15:52:39.050000+00:00,151552.0,67895296.0,177328128.0,169312256.0,11.1,0.006751053,21.31,5290971.0,0.0,0.0,40644.0,7496327.0,0.0,0.0,25811.0,0.0,0.0,0.0,0.0
2023-03-20 15:52:44.210000+00:00,151552.0,67899392.0,177098752.0,169082880.0,11.13,0.006751053,21.36,5341209.0,0.0,0.0,40901.0,7557515.0,0.0,0.0,25935.0,0.0,0.0,0.0,0.0
2023-03-20 15:52:49.141000+00:00,151552.0,67899392.0,177242112.0,169226240.0,11.14,0.006751053,21.4,5348805.0,0.0,0.0,40965.0,7590351.0,0.0,0.0,25977.0,0.0,0.0,0.0,0.0
2023-03-20 15:52:54.111000+00:00,151552.0,67899392.0,177332224.0,169312256.0,11.16,0.006751053,21.47,5366362.0,0.0,0.0,41102.0,7609665.0,0.0,0.0,26055.0,0.0,0.0,0.0,0.0
2023-03-20 15:52:58.535000+00:00,151552.0,67899392.0,177332224.0,169312256.0,11.18,0.006751053,21.49,5366362.0,0.0,0.0,41102.0,7609665.0,0.0,0.0,26055.0,0.0,0.0,0.0,0.0
2023-03-20 15:53:04.157000+00:00,151552.0,68034560.0,177262592.0,169218048.0,11.21,0.006751053,21.55,5394600.0,0.0,0.0,41337.0,7646930.0,0.0,0.0,26201.0,0.0,0.0,0.0,0.0
2023-03-20 15:53:09.488000+00:00,151552.0,68034560.0,177270784.0,169226240.0,11.24,0.006751053,21.58,5406179.0,0.0,0.0,41440.0,7663803.0,0.0,0.0,26270.0,0.0,0.0,0.0,0.0
2023-03-20 15:53:13.702000+00:00,151552.0,68034560.0,177262592.0,169218048.0,11.27,0.006751053,21.6,5417909.0,0.0,0.0,41533.0,7705469.0,0.0,0.0,26338.0,0.0,0.0,0.0,0.0
2023-03-20 15:53:18.478000+00:00,151552.0,68034560.0,177262592.0,169222144.0,11.3,0.006751053,21.64,5429809.0,0.0,0.0,41630.0,7722959.0,0.0,0.0,26403.0,0.0,0.0,0.0,0.0
2023-03-20 15:53:24.076000+00:00,151552.0,68034560.0,177369088.0,169320448.0,11.33,0.006751053,21.68,5438651.0,0.0,0.0,41706.0,7732037.0,0.0,0.0,26448.0,0.0,0.0,0.0,0.0
2023-03-20 15:53:29.833000+00:00,151552.0,68038656.0,177545216.0,169496576.0,11.36,0.006751053,21.7,5472022.0,0.0,0.0,41818.0,7769866.0,0.0,0.0,26529.0,0.0,0.0,0.0,0.0
2023-03-20 15:53:33.699000+00:00,151552.0,68038656.0,177414144.0,169365504.0,11.37,0.006751053,21.72,5478052.0,0.0,0.0,41872.0,7781283.0,0.0,0.0,26566.0,0.0,0.0,0.0,0.0
2023-03-20 15:53:38.199000+00:00,151552.0,68038656.0,177410048.0,169361408.0,11.38,0.006751053,21.72,5481769.0,0.0,0.0,41905.0,7788086.0,0.0,0.0,26588.0,0.0,0.0,0.0,0.0
2023-03-20 15:53:43.972000+00:00,151552.0,68038656.0,177541120.0,169492480.0,11.41,0.006751053,21.79,5490293.0,0.0,0.0,41984.0,7801038.0,0.0,0.0,26632.0,0.0,0.0,0.0,0.0
2023-03-20 15:53:49.482000+00:00,151552.0,68038656.0,177541120.0,169492480.0,11.44,0.006751053,21.79,5490293.0,0.0,0.0,41984.0,7801038.0,0.0,0.0,26632.0,0.0,0.0,0.0,0.0
2023-03-20 15:53:54.262000+00:00,151552.0,68038656.0,177278976.0,169230336.0,11.46,0.006751053,21.9,5518597.0,0.0,0.0,42228.0,7858991.0,0.0,0.0,26788.0,0.0,0.0,0.0,0.0
2023-03-20 15:53:58.716000+00:00,151552.0,68038656.0,177278976.0,169230336.0,11.48,0.006751053,21.93,5518597.0,0.0,0.0,42228.0,7858991.0,0.0,0.0,26788.0,0.0,0.0,0.0,0.0
2023-03-20 15:54:03.839000+00:00,151552.0,68075520.0,177483776.0,169406464.0,11.5,0.006751053,21.96,5562574.0,0.0,0.0,42418.0,7905293.0,0.0,0.0,26925.0,0.0,0.0,0.0,0.0
2023-03-20 15:54:08.741000+00:00,151552.0,68075520.0,177483776.0,169406464.0,11.53,0.006751053,21.99,5562574.0,0.0,0.0,42471.0,7911432.0,0.0,0.0,26964.0,0.0,0.0,0.0,0.0
2023-03-20 15:54:14.212000+00:00,151552.0,68075520.0,177483776.0,169402368.0,11.56,0.006751053,22.05,5577171.0,0.0,0.0,42543.0,7923888.0,0.0,0.0,27005.0,0.0,0.0,0.0,0.0
2023-03-20 15:54:19.652000+00:00,151552.0,68075520.0,177623040.0,169541632.0,11.6,0.006751053,22.1,5596847.0,0.0,0.0,42701.0,7951404.0,0.0,0.0,27110.0,0.0,0.0,0.0,0.0
2023-03-20 15:54:24.179000+00:00,151552.0,68079616.0,177446912.0,169365504.0,11.62,0.006751053,22.15,5612094.0,0.0,0.0,42818.0,7971845.0,0.0,0.0,27191.0,0.0,0.0,0.0,0.0
2023-03-20 15:54:29.750000+00:00,151552.0,68079616.0,177446912.0,169365504.0,11.63,0.006751053,22.18,5612094.0,0.0,0.0,42818.0,7971845.0,0.0,0.0,27191.0,0.0,0.0,0.0,0.0
2023-03-20 15:54:34.610000+00:00,151552.0,68079616.0,177582080.0,169496576.0,11.66,0.006751053,22.21,5628235.0,0.0,0.0,42944.0,8006654.0,0.0,0.0,27288.0,0.0,0.0,0.0,0.0
2023-03-20 15:54:39.474000+00:00,151552.0,68079616.0,177582080.0,169496576.0,11.68,0.006751053,22.24,5628235.0,0.0,0.0,42944.0,8006654.0,0.0,0.0,27310.0,0.0,0.0,0.0,0.0
2023-03-20 15:54:44.126000+00:00,151552.0,68079616.0,177360896.0,169275392.0,11.69,0.006751053,22.3,5633812.0,0.0,0.0,42997.0,8015793.0,0.0,0.0,27328.0,0.0,0.0,0.0,0.0
2023-03-20 15:54:49.443000+00:00,151552.0,68079616.0,177623040.0,169537536.0,11.72,0.006751053,22.33,5641142.0,0.0,0.0,43061.0,8025799.0,0.0,0.0,27372.0,0.0,0.0,0.0,0.0
2023-03-20 15:54:52.892000+00:00,151552.0,68079616.0,177623040.0,169537536.0,11.74,0.006751053,22.35,5645632.0,0.0,0.0,43094.0,8029591.0,0.0,0.0,27396.0,0.0,0.0,0.0,0.0
2023-03-20 15:54:58.769000+00:00,151552.0,68079616.0,177491968.0,169406464.0,11.77,0.006751053,22.39,5655980.0,0.0,0.0,43177.0,8043409.0,0.0,0.0,27454.0,0.0,0.0,0.0,0.0
2023-03-20 15:55:04.254000+00:00,151552.0,68079616.0,177455104.0,169381888.0,11.78,0.006751053,22.45,5660311.0,0.0,0.0,43214.0,8049097.0,0.0,0.0,27486.0,0.0,0.0,0.0,0.0
2023-03-20 15:55:08.670000+00:00,151552.0,68079616.0,177360896.0,169287680.0,11.81,0.006751053,22.46,5669247.0,0.0,0.0,43290.0,8058797.0,0.0,0.0,27533.0,0.0,0.0,0.0,0.0
2023-03-20 15:55:14.139000+00:00,151552.0,68079616.0,177586176.0,169508864.0,11.84,0.006751053,22.51,5676368.0,0.0,0.0,43354.0,8068992.0,0.0,0.0,27576.0,0.0,0.0,0.0,0.0
2023-03-20 15:55:19.740000+00:00,151552.0,68079616.0,177586176.0,169418752.0,11.85,0.006751053,22.56,5688872.0,0.0,0.0,43456.0,8085050.0,0.0,0.0,27638.0,0.0,0.0,0.0,0.0
2023-03-20 15:55:24.112000+00:00,151552.0,68079616.0,177627136.0,169504768.0,11.86,0.006751053,22.61,5692295.0,0.0,0.0,43478.0,8088964.0,0.0,0.0,27653.0,0.0,0.0,0.0,0.0
2023-03-20 15:55:29.619000+00:00,151552.0,68079616.0,177627136.0,169504768.0,11.89,0.006751053,22.65,5692295.0,0.0,0.0,43478.0,8088964.0,0.0,0.0,27653.0,0.0,0.0,0.0,0.0
2023-03-20 15:55:34.248000+00:00,151552.0,68079616.0,177369088.0,169291776.0,11.93,0.006751053,22.72,5736153.0,0.0,0.0,43870.0,8155381.0,0.0,0.0,27878.0,0.0,0.0,0.0,0.0
2023-03-20 15:55:39.101000+00:00,151552.0,68079616.0,177500160.0,169422848.0,11.95,0.006751053,22.72,5778396.0,0.0,0.0,44029.0,8199273.0,0.0,0.0,27984.0,0.0,0.0,0.0,0.0
2023-03-20 15:55:43.950000+00:00,151552.0,68083712.0,177377280.0,169299968.0,11.97,0.006751053,22.78,5783141.0,0.0,0.0,44069.0,8204524.0,0.0,0.0,28016.0,0.0,0.0,0.0,0.0
2023-03-20 15:55:48.191000+00:00,151552.0,68083712.0,177500160.0,169422848.0,12.0,0.006751053,22.82,5795397.0,0.0,0.0,44180.0,8221828.0,0.0,0.0,28081.0,0.0,0.0,0.0,0.0
2023-03-20 15:55:54.709000+00:00,151552.0,68087808.0,177635328.0,169553920.0,12.06,0.006751053,22.87,5840715.0,0.0,0.0,44386.0,8276693.0,0.0,0.0,28213.0,0.0,0.0,0.0,0.0
2023-03-20 15:55:59.890000+00:00,151552.0,68087808.0,177635328.0,169553920.0,12.08,0.006751053,22.89,5840715.0,0.0,0.0,44386.0,8276693.0,0.0,0.0,28213.0,0.0,0.0,0.0,0.0
2023-03-20 15:56:04.213000+00:00,151552.0,68087808.0,177713152.0,169639936.0,12.12,0.006751053,22.94,5849845.0,0.0,0.0,44468.0,8291309.0,0.0,0.0,28262.0,0.0,0.0,0.0,0.0
2023-03-20 15:56:09.167000+00:00,151552.0,68087808.0,177713152.0,169639936.0,12.13,0.006751053,23.0,5849845.0,0.0,0.0,44468.0,8389041.0,0.0,0.0,28398.0,0.0,0.0,0.0,0.0
2023-03-20 15:56:13.828000+00:00,151552.0,68091904.0,177508352.0,169435136.0,12.14,0.006751053,23.04,5900909.0,0.0,0.0,44722.0,8404566.0,0.0,0.0,28451.0,0.0,0.0,0.0,0.0
2023-03-20 15:56:18.595000+00:00,151552.0,68091904.0,177504256.0,169431040.0,12.18,0.006751053,23.09,5917682.0,0.0,0.0,44853.0,8449552.0,0.0,0.0,28538.0,0.0,0.0,0.0,0.0
2023-03-20 15:56:23.612000+00:00,155648.0,68091904.0,177635328.0,169562112.0,12.2,0.006751053,23.12,5930270.0,0.0,0.0,44960.0,8466055.0,0.0,0.0,28601.0,0.0,0.0,0.0,0.0
2023-03-20 15:56:28.847000+00:00,155648.0,68091904.0,177377280.0,169299968.0,12.22,0.006751053,23.18,5938299.0,0.0,0.0,44960.0,8466055.0,0.0,0.0,28601.0,0.0,0.0,0.0,0.0
2023-03-20 15:56:34.285000+00:00,155648.0,68091904.0,177590272.0,169512960.0,12.26,0.006751053,23.25,5950714.0,0.0,0.0,45125.0,8488681.0,0.0,0.0,28721.0,0.0,0.0,0.0,0.0
2023-03-20 15:56:39.711000+00:00,155648.0,68091904.0,177639424.0,169562112.0,12.28,0.006751053,23.25,5959833.0,0.0,0.0,45211.0,8547058.0,0.0,0.0,28794.0,0.0,0.0,0.0,0.0
2023-03-20 15:56:44.225000+00:00,155648.0,68091904.0,177639424.0,169562112.0,12.3,0.006751053,23.3,5963967.0,0.0,0.0,45244.0,8551275.0,0.0,0.0,28820.0,0.0,0.0,0.0,0.0
2023-03-20 15:56:48.324000+00:00,155648.0,68091904.0,177393664.0,169316352.0,12.31,0.006751053,23.34,5975093.0,0.0,0.0,45343.0,8566515.0,0.0,0.0,28882.0,0.0,0.0,0.0,0.0
2023-03-20 15:56:54.230000+00:00,155648.0,68091904.0,177516544.0,169418752.0,12.33,0.006751053,23.38,5989155.0,0.0,0.0,45436.0,8580469.0,0.0,0.0,28947.0,0.0,0.0,0.0,0.0
2023-03-20 15:56:59.702000+00:00,155648.0,68091904.0,177516544.0,169418752.0,12.36,0.006751053,23.42,5989155.0,0.0,0.0,45436.0,8580469.0,0.0,0.0,28947.0,0.0,0.0,0.0,0.0
2023-03-20 15:57:03.078000+00:00,155648.0,68091904.0,177651712.0,169533440.0,12.38,0.006751053,23.46,6011667.0,0.0,0.0,45636.0,8611369.0,0.0,0.0,29068.0,0.0,0.0,0.0,0.0
2023-03-20 15:57:09.004000+00:00,155648.0,68091904.0,177688576.0,169570304.0,12.4,0.006751053,23.5,6019334.0,0.0,0.0,45699.0,8618931.0,0.0,0.0,29115.0,0.0,0.0,0.0,0.0
2023-03-20 15:57:14.562000+00:00,155648.0,68091904.0,177426432.0,169308160.0,12.43,0.006751053,23.53,6033644.0,0.0,0.0,45818.0,8638986.0,0.0,0.0,29187.0,0.0,0.0,0.0,0.0
2023-03-20 15:57:18.995000+00:00,155648.0,68091904.0,177434624.0,169316352.0,12.44,0.006751053,23.53,6074238.0,0.0,0.0,45979.0,8689178.0,0.0,0.0,29305.0,0.0,0.0,0.0,0.0
2023-03-20 15:57:24.794000+00:00,155648.0,68096000.0,177565696.0,169443328.0,12.48,0.006751053,23.6,6098072.0,0.0,0.0,46176.0,8721474.0,0.0,0.0,29424.0,0.0,0.0,0.0,0.0
2023-03-20 15:57:29.028000+00:00,155648.0,68096000.0,177565696.0,169443328.0,12.51,0.006751053,23.63,6098072.0,0.0,0.0,46176.0,8721474.0,0.0,0.0,29424.0,0.0,0.0,0.0,0.0
2023-03-20 15:57:34.102000+00:00,155648.0,68096000.0,177541120.0,169418752.0,12.52,0.006751053,23.68,6120576.0,0.0,0.0,46358.0,8748897.0,0.0,0.0,29542.0,0.0,0.0,0.0,0.0
2023-03-20 15:57:39.249000+00:00,155648.0,68096000.0,177541120.0,169443328.0,12.54,0.006751053,23.73,6139482.0,0.0,0.0,46519.0,8775838.0,0.0,0.0,29638.0,0.0,0.0,0.0,0.0
2023-03-20 15:57:44.446000+00:00,155648.0,68096000.0,177541120.0,169418752.0,12.57,0.006751053,23.79,6185817.0,0.0,0.0,46725.0,8855603.0,0.0,0.0,29788.0,0.0,0.0,0.0,0.0
2023-03-20 15:57:49.192000+00:00,155648.0,68096000.0,177541120.0,169418752.0,12.59,0.006751053,23.83,6185817.0,0.0,0.0,46806.0,8868761.0,0.0,0.0,29835.0,0.0,0.0,0.0,0.0
2023-03-20 15:57:53.419000+00:00,155648.0,68100096.0,177442816.0,169320448.0,12.6,0.006751053,23.86,6233859.0,0.0,0.0,46949.0,8914223.0,0.0,0.0,29935.0,0.0,0.0,0.0,0.0
2023-03-20 15:57:58.823000+00:00,155648.0,68100096.0,177704960.0,169578496.0,12.64,0.006751053,23.9,6252337.0,0.0,0.0,47111.0,8942554.0,0.0,0.0,30039.0,0.0,0.0,0.0,0.0
2023-03-20 15:58:04.924000+00:00,155648.0,68247552.0,177778688.0,169639936.0,12.67,0.006751053,23.96,6267321.0,0.0,0.0,47232.0,8989456.0,0.0,0.0,30137.0,0.0,0.0,0.0,0.0
2023-03-20 15:58:08.476000+00:00,155648.0,68247552.0,177778688.0,169639936.0,12.7,0.006751053,23.97,6267321.0,0.0,0.0,47232.0,9030607.0,0.0,0.0,30200.0,0.0,0.0,0.0,0.0
2023-03-20 15:58:14.902000+00:00,155648.0,68247552.0,177602560.0,169463808.0,12.73,0.006751053,24.02,6308250.0,0.0,0.0,47586.0,9074011.0,0.0,0.0,30352.0,0.0,0.0,0.0,0.0
2023-03-20 15:58:19.029000+00:00,155648.0,68247552.0,177602560.0,169463808.0,12.74,0.006751053,24.05,6308250.0,0.0,0.0,47586.0,9074011.0,0.0,0.0,30391.0,0.0,0.0,0.0,0.0
2023-03-20 15:58:24.832000+00:00,155648.0,68247552.0,177614848.0,169472000.0,12.76,0.006751053,24.1,6320967.0,0.0,0.0,47696.0,9094936.0,0.0,0.0,30429.0,0.0,0.0,0.0,0.0
2023-03-20 15:58:28.550000+00:00,155648.0,68247552.0,177614848.0,169472000.0,12.78,0.006751053,24.12,6320967.0,0.0,0.0,47696.0,9094936.0,0.0,0.0,30429.0,0.0,0.0,0.0,0.0
2023-03-20 15:58:34.049000+00:00,155648.0,68247552.0,177836032.0,169693184.0,12.79,0.006751053,24.18,6336863.0,0.0,0.0,47833.0,9139494.0,0.0,0.0,30517.0,0.0,0.0,0.0,0.0
2023-03-20 15:58:38.814000+00:00,155648.0,68247552.0,177836032.0,169693184.0,12.81,0.006751053,24.18,6336863.0,0.0,0.0,47833.0,9139494.0,0.0,0.0,30575.0,0.0,0.0,0.0,0.0
2023-03-20 15:58:44.151000+00:00,155648.0,68247552.0,177840128.0,169697280.0,12.83,0.006751053,24.27,6357203.0,0.0,0.0,48002.0,9165729.0,0.0,0.0,30631.0,0.0,0.0,0.0,0.0
2023-03-20 15:58:48.786000+00:00,155648.0,68247552.0,177614848.0,169472000.0,12.84,0.006751053,24.27,6364337.0,0.0,0.0,48064.0,9175001.0,0.0,0.0,30673.0,0.0,0.0,0.0,0.0
2023-03-20 15:58:54.164000+00:00,155648.0,68247552.0,177704960.0,169562112.0,12.87,0.006751053,24.36,6369970.0,0.0,0.0,48114.0,9183056.0,0.0,0.0,30707.0,0.0,0.0,0.0,0.0
2023-03-20 15:58:58.760000+00:00,155648.0,68247552.0,177704960.0,169562112.0,12.88,0.006751053,24.39,6369970.0,0.0,0.0,48114.0,9183056.0,0.0,0.0,30707.0,0.0,0.0,0.0,0.0
2023-03-20 15:59:04.264000+00:00,155648.0,68247552.0,177840128.0,169693184.0,12.89,0.006751053,24.44,6416727.0,0.0,0.0,48307.0,9230635.0,0.0,0.0,30851.0,0.0,0.0,0.0,0.0
2023-03-20 15:59:09.922000+00:00,155648.0,68263936.0,177795072.0,169619456.0,12.92,0.006751053,24.49,6432177.0,0.0,0.0,48436.0,9251021.0,0.0,0.0,30934.0,0.0,0.0,0.0,0.0
2023-03-20 15:59:13.545000+00:00,155648.0,68272128.0,177922048.0,169746432.0,12.94,0.006751053,24.51,6462984.0,0.0,0.0,48490.0,9281163.0,0.0,0.0,30978.0,0.0,0.0,0.0,0.0
2023-03-20 15:59:18.423000+00:00,155648.0,68272128.0,177672192.0,169496576.0,12.96,0.006751053,24.51,6473022.0,0.0,0.0,48581.0,9295415.0,0.0,0.0,31035.0,0.0,0.0,0.0,0.0
2023-03-20 15:59:24.486000+00:00,155648.0,68272128.0,177897472.0,169721856.0,12.98,0.006751053,24.62,6481518.0,0.0,0.0,48659.0,9332066.0,0.0,0.0,31087.0,0.0,0.0,0.0,0.0
2023-03-20 15:59:29.287000+00:00,155648.0,68272128.0,177897472.0,169721856.0,13.03,0.006751053,24.68,6481518.0,0.0,0.0,48659.0,9332066.0,0.0,0.0,31087.0,0.0,0.0,0.0,0.0
2023-03-20 15:59:33.764000+00:00,155648.0,68272128.0,177799168.0,169623552.0,13.04,0.006751053,24.71,6506932.0,0.0,0.0,48879.0,9363121.0,0.0,0.0,31221.0,0.0,0.0,0.0,0.0
2023-03-20 15:59:39.263000+00:00,155648.0,68272128.0,177807360.0,169627648.0,13.07,0.006751053,24.71,6526299.0,0.0,0.0,49036.0,9418645.0,0.0,0.0,31331.0,0.0,0.0,0.0,0.0
2023-03-20 15:59:44.054000+00:00,155648.0,68280320.0,177688576.0,169508864.0,13.1,0.006751053,24.84,6564878.0,0.0,0.0,49157.0,9460721.0,0.0,0.0,31412.0,0.0,0.0,0.0,0.0
2023-03-20 15:59:49.565000+00:00,155648.0,68280320.0,177688576.0,169508864.0,13.12,0.006751053,24.84,6564878.0,0.0,0.0,49262.0,9479023.0,0.0,0.0,31480.0,0.0,0.0,0.0,0.0
2023-03-20 15:59:53.944000+00:00,155648.0,68280320.0,177688576.0,169508864.0,13.12,0.006751053,24.92,6583354.0,0.0,0.0,49310.0,9484040.0,0.0,0.0,31511.0,0.0,0.0,0.0,0.0
2023-03-20 15:59:59.853000+00:00,155648.0,68280320.0,177688576.0,169508864.0,13.16,0.006751053,25.0,6583354.0,0.0,0.0,49310.0,9484040.0,0.0,0.0,31511.0,0.0,0.0,0.0,0.0
2023-03-20 16:00:04.749000+00:00,155648.0,68280320.0,177688576.0,169508864.0,13.18,0.006751053,25.08,6616638.0,0.0,0.0,49612.0,9534099.0,0.0,0.0,31677.0,0.0,0.0,0.0,0.0
2023-03-20 16:00:08.522000+00:00,155648.0,68280320.0,177688576.0,169508864.0,13.2,0.006751053,25.12,6616638.0,0.0,0.0,49612.0,9547445.0,0.0,0.0,31726.0,0.0,0.0,0.0,0.0
2023-03-20 16:00:14.500000+00:00,155648.0,68300800.0,177750016.0,169529344.0,13.21,0.006751053,25.2,6675083.0,0.0,0.0,49886.0,9600890.0,0.0,0.0,31865.0,0.0,0.0,0.0,0.0
2023-03-20 16:00:19.274000+00:00,155648.0,68300800.0,177750016.0,169529344.0,13.24,0.006934651,25.22,6675083.0,0.0,0.0,49957.0,9610732.0,0.0,0.0,31902.0,0.0,0.0,0.0,0.0
2023-03-20 16:00:24.315000+00:00,155648.0,68300800.0,177885184.0,169664512.0,13.25,0.007287746,25.29,6699340.0,0.0,0.0,50089.0,9662797.0,0.0,0.0,31992.0,0.0,0.0,0.0,0.0
2023-03-20 16:00:28.538000+00:00,155648.0,68300800.0,177885184.0,169664512.0,13.29,0.007520212,25.3,6699340.0,0.0,0.0,50089.0,9662797.0,0.0,0.0,31992.0,0.0,0.0,0.0,0.0
2023-03-20 16:00:33.309000+00:00,155648.0,68300800.0,178008064.0,169787392.0,13.32,0.007856263,25.35,6725835.0,0.0,0.0,50313.0,9702095.0,0.0,0.0,32136.0,0.0,0.0,0.0,0.0
2023-03-20 16:00:39.098000+00:00,155648.0,68300800.0,178008064.0,169787392.0,13.34,0.008120306,25.35,6725835.0,0.0,0.0,50313.0,9702095.0,0.0,0.0,32136.0,0.0,0.0,0.0,0.0
2023-03-20 16:00:44.478000+00:00,155648.0,68300800.0,177971200.0,169746432.0,13.34,0.008440462,25.49,6748708.0,0.0,0.0,50490.0,9758384.0,0.0,0.0,32261.0,0.0,0.0,0.0,0.0
2023-03-20 16:00:49.752000+00:00,155648.0,68300800.0,177754112.0,169529344.0,13.36,0.008766278,25.53,6757477.0,0.0,0.0,50568.0,9768623.0,0.0,0.0,32307.0,0.0,0.0,0.0,0.0
2023-03-20 16:00:54.866000+00:00,155648.0,68300800.0,177840128.0,169615360.0,13.38,0.009043064,25.59,6769385.0,0.0,0.0,50669.0,9787842.0,0.0,0.0,32371.0,0.0,0.0,0.0,0.0
2023-03-20 16:00:59.338000+00:00,155648.0,68300800.0,177840128.0,169615360.0,13.4,0.009334671,25.61,6769385.0,0.0,0.0,50669.0,9787842.0,0.0,0.0,32371.0,0.0,0.0,0.0,0.0
2023-03-20 16:01:03.823000+00:00,155648.0,68300800.0,178020352.0,169795584.0,13.42,0.009557123,25.64,6782178.0,0.0,0.0,50774.0,9803974.0,0.0,0.0,32441.0,0.0,0.0,0.0,0.0
2023-03-20 16:01:09.746000+00:00,155648.0,68300800.0,177721344.0,169529344.0,13.45,0.009903165,25.71,6799083.0,0.0,0.0,50878.0,9843325.0,0.0,0.0,32508.0,0.0,0.0,0.0,0.0
2023-03-20 16:01:13.260000+00:00,155648.0,68308992.0,177983488.0,169791488.0,13.46,0.010066621,25.74,6828347.0,0.0,0.0,50963.0,9856005.0,0.0,0.0,32563.0,0.0,0.0,0.0,0.0
2023-03-20 16:01:19.107000+00:00,155648.0,68308992.0,177860608.0,169668608.0,13.47,0.010066621,25.74,6879946.0,0.0,0.0,51165.0,9915247.0,0.0,0.0,32710.0,0.0,0.0,0.0,0.0
2023-03-20 16:01:23.699000+00:00,155648.0,68313088.0,177733632.0,169541632.0,13.5,0.010066621,25.85,6894802.0,0.0,0.0,51283.0,9935213.0,0.0,0.0,32780.0,0.0,0.0,0.0,0.0
2023-03-20 16:01:29.111000+00:00,155648.0,68313088.0,177733632.0,169541632.0,13.52,0.010066621,25.9,6894802.0,0.0,0.0,51283.0,9935213.0,0.0,0.0,32780.0,0.0,0.0,0.0,0.0
2023-03-20 16:01:34.866000+00:00,155648.0,68317184.0,177733632.0,169541632.0,13.54,0.010066621,25.98,6916027.0,0.0,0.0,51467.0,9964548.0,0.0,0.0,32899.0,0.0,0.0,0.0,0.0
2023-03-20 16:01:39.774000+00:00,155648.0,68317184.0,177737728.0,169545728.0,13.57,0.010066621,25.98,6932911.0,0.0,0.0,51592.0,9982653.0,0.0,0.0,32982.0,0.0,0.0,0.0,0.0
2023-03-20 16:01:43.766000+00:00,155648.0,68321280.0,177741824.0,169549824.0,13.59,0.010066621,26.04,6977281.0,0.0,0.0,51758.0,10063851.0,0.0,0.0,33091.0,0.0,0.0,0.0,0.0
2023-03-20 16:01:49.223000+00:00,155648.0,68321280.0,177762304.0,169549824.0,13.63,0.010066621,26.04,6995523.0,0.0,0.0,51919.0,10118878.0,0.0,0.0,33186.0,0.0,0.0,0.0,0.0
2023-03-20 16:01:54.490000+00:00,155648.0,68321280.0,177872896.0,169660416.0,13.65,0.010066621,26.14,7010841.0,0.0,0.0,52031.0,10136021.0,0.0,0.0,33259.0,0.0,0.0,0.0,0.0
2023-03-20 16:01:59.277000+00:00,155648.0,68321280.0,178155520.0,169943040.0,13.68,0.010066621,26.14,7017138.0,0.0,0.0,52080.0,10142158.0,0.0,0.0,33259.0,0.0,0.0,0.0,0.0
2023-03-20 16:02:04.708000+00:00,155648.0,68321280.0,177762304.0,169549824.0,13.7,0.010066621,26.19,7040115.0,0.0,0.0,52210.0,10188248.0,0.0,0.0,33381.0,0.0,0.0,0.0,0.0
2023-03-20 16:02:08.582000+00:00,155648.0,68321280.0,177762304.0,169824256.0,13.73,0.010066621,26.19,7075627.0,0.0,0.0,52360.0,10210595.0,0.0,0.0,33475.0,0.0,0.0,0.0,0.0
2023-03-20 16:02:14.157000+00:00,155648.0,68329472.0,177917952.0,169668608.0,13.77,0.010066621,26.28,7093001.0,0.0,0.0,52505.0,10235606.0,0.0,0.0,33569.0,0.0,0.0,0.0,0.0
2023-03-20 16:02:18.266000+00:00,155648.0,68329472.0,177938432.0,169689088.0,13.79,0.010066621,26.31,7106499.0,0.0,0.0,52617.0,10251614.0,0.0,0.0,33633.0,0.0,0.0,0.0,0.0
2023-03-20 16:02:23.205000+00:00,155648.0,68329472.0,178073600.0,169824256.0,13.82,0.010066621,26.34,7113615.0,0.0,0.0,52691.0,10290707.0,0.0,0.0,33688.0,0.0,0.0,0.0,0.0
2023-03-20 16:02:29.846000+00:00,155648.0,68329472.0,178073600.0,169824256.0,13.88,0.010066621,26.4,7113615.0,0.0,0.0,52691.0,10290707.0,0.0,0.0,33688.0,0.0,0.0,0.0,0.0
2023-03-20 16:02:33.636000+00:00,155648.0,68329472.0,177811456.0,169562112.0,13.9,0.010066621,26.42,7147354.0,0.0,0.0,52984.0,10370363.0,0.0,0.0,33881.0,0.0,0.0,0.0,0.0
2023-03-20 16:02:39.080000+00:00,155648.0,68329472.0,177811456.0,169562112.0,13.94,0.010066621,26.46,7147354.0,0.0,0.0,53103.0,10382607.0,0.0,0.0,33950.0,0.0,0.0,0.0,0.0
2023-03-20 16:02:44.678000+00:00,155648.0,68329472.0,177815552.0,169562112.0,13.98,0.010066621,26.49,7166685.0,0.0,0.0,53150.0,10393523.0,0.0,0.0,33981.0,0.0,0.0,0.0,0.0
2023-03-20 16:02:49.469000+00:00,155648.0,68329472.0,177811456.0,169558016.0,14.0,0.010066621,26.54,7184737.0,0.0,0.0,53278.0,10415381.0,0.0,0.0,34070.0,0.0,0.0,0.0,0.0
2023-03-20 16:02:53.831000+00:00,155648.0,68329472.0,177946624.0,169693184.0,14.01,0.010066621,26.57,7202000.0,0.0,0.0,53429.0,10437762.0,0.0,0.0,34160.0,0.0,0.0,0.0,0.0
2023-03-20 16:02:59.505000+00:00,155648.0,68329472.0,177946624.0,169693184.0,14.04,0.010066621,26.62,7202000.0,0.0,0.0,53429.0,10437762.0,0.0,0.0,34160.0,0.0,0.0,0.0,0.0
2023-03-20 16:03:03.138000+00:00,155648.0,68329472.0,177815552.0,169562112.0,14.06,0.010066621,26.64,7234304.0,0.0,0.0,53674.0,10507869.0,0.0,0.0,34335.0,0.0,0.0,0.0,0.0
2023-03-20 16:03:08.711000+00:00,155648.0,68329472.0,177979392.0,169697280.0,14.08,0.010066621,26.69,7245138.0,0.0,0.0,53763.0,10520397.0,0.0,0.0,34392.0,0.0,0.0,0.0,0.0
2023-03-20 16:03:13.643000+00:00,155648.0,68329472.0,177852416.0,169570304.0,14.1,0.010066621,26.72,7257479.0,0.0,0.0,53868.0,10537572.0,0.0,0.0,34464.0,0.0,0.0,0.0,0.0
2023-03-20 16:03:18.603000+00:00,155648.0,68329472.0,178110464.0,169828352.0,14.13,0.010066621,26.72,7264616.0,0.0,0.0,53930.0,10547403.0,0.0,0.0,34503.0,0.0,0.0,0.0,0.0
2023-03-20 16:03:24.506000+00:00,155648.0,68329472.0,177950720.0,169664512.0,14.16,0.010066621,26.82,7278518.0,0.0,0.0,54046.0,10570085.0,0.0,0.0,34581.0,0.0,0.0,0.0,0.0
2023-03-20 16:03:28.904000+00:00,155648.0,68329472.0,177950720.0,169664512.0,14.19,0.010066621,26.85,7278518.0,0.0,0.0,54046.0,10570085.0,0.0,0.0,34581.0,0.0,0.0,0.0,0.0
2023-03-20 16:03:34.197000+00:00,155648.0,68329472.0,177852416.0,169566208.0,14.23,0.010066621,26.89,7318201.0,0.0,0.0,54383.0,10631946.0,0.0,0.0,34790.0,0.0,0.0,0.0,0.0
2023-03-20 16:03:39.156000+00:00,155648.0,68329472.0,177852416.0,169828352.0,14.26,0.010066621,26.89,7333729.0,0.0,0.0,54509.0,10650272.0,0.0,0.0,34866.0,0.0,0.0,0.0,0.0
2023-03-20 16:03:44.546000+00:00,155648.0,68329472.0,177852416.0,169566208.0,14.28,0.010066621,26.97,7353322.0,0.0,0.0,54637.0,10674231.0,0.0,0.0,34965.0,0.0,0.0,0.0,0.0
2023-03-20 16:03:49.526000+00:00,155648.0,68329472.0,177852416.0,169566208.0,14.31,0.010066621,27.0,7353322.0,0.0,0.0,54693.0,10683213.0,0.0,0.0,34998.0,0.0,0.0,0.0,0.0
2023-03-20 16:03:53.518000+00:00,155648.0,68329472.0,178114560.0,169828352.0,14.32,0.010066621,27.03,7370869.0,0.0,0.0,54788.0,10696530.0,0.0,0.0,35061.0,0.0,0.0,0.0,0.0
2023-03-20 16:03:59.034000+00:00,155648.0,68329472.0,178114560.0,169828352.0,14.34,0.010066621,27.08,7370869.0,0.0,0.0,54788.0,10696530.0,0.0,0.0,35061.0,0.0,0.0,0.0,0.0
2023-03-20 16:04:04.509000+00:00,155648.0,68329472.0,178212864.0,169922560.0,14.36,0.010066621,27.12,7390075.0,0.0,0.0,54947.0,10722513.0,0.0,0.0,35166.0,0.0,0.0,0.0,0.0
2023-03-20 16:04:09.649000+00:00,155648.0,68329472.0,178212864.0,169697280.0,14.39,0.010066621,27.16,7407263.0,0.0,0.0,55095.0,10751036.0,0.0,0.0,35264.0,0.0,0.0,0.0,0.0
2023-03-20 16:04:14.006000+00:00,155648.0,68333568.0,178118656.0,169836544.0,14.41,0.010066621,27.16,7415671.0,0.0,0.0,55175.0,10767003.0,0.0,0.0,35311.0,0.0,0.0,0.0,0.0
2023-03-20 16:04:19.554000+00:00,155648.0,68333568.0,178118656.0,169836544.0,14.44,0.010066621,27.2,7415671.0,0.0,0.0,55301.0,10793963.0,0.0,0.0,35391.0,0.0,0.0,0.0,0.0
2023-03-20 16:04:23.868000+00:00,155648.0,68333568.0,177860608.0,169578496.0,14.46,0.010066621,27.23,7437962.0,0.0,0.0,55362.0,10802908.0,0.0,0.0,35427.0,0.0,0.0,0.0,0.0
2023-03-20 16:04:28.439000+00:00,155648.0,68333568.0,177860608.0,169578496.0,14.51,0.010066621,27.29,7437962.0,0.0,0.0,55362.0,10802908.0,0.0,0.0,35427.0,0.0,0.0,0.0,0.0
2023-03-20 16:04:34.349000+00:00,155648.0,68341760.0,178085888.0,169799680.0,14.54,0.010066621,27.35,7508481.0,0.0,0.0,55736.0,10889379.0,0.0,0.0,35653.0,0.0,0.0,0.0,0.0
2023-03-20 16:04:38.850000+00:00,155648.0,68341760.0,178085888.0,169799680.0,14.56,0.010066621,27.39,7508481.0,0.0,0.0,55852.0,10935454.0,0.0,0.0,35743.0,0.0,0.0,0.0,0.0
2023-03-20 16:04:44.799000+00:00,155648.0,68349952.0,177881088.0,169594880.0,14.59,0.010066621,27.46,7573061.0,0.0,0.0,56049.0,10966577.0,0.0,0.0,35874.0,0.0,0.0,0.0,0.0
2023-03-20 16:04:48.066000+00:00,155648.0,68349952.0,178147328.0,169861120.0,14.61,0.010066621,27.48,7582842.0,0.0,0.0,56113.0,10977130.0,0.0,0.0,35930.0,0.0,0.0,0.0,0.0
2023-03-20 16:04:54.521000+00:00,155648.0,68349952.0,178098176.0,169811968.0,14.64,0.010066621,27.54,7594798.0,0.0,0.0,56211.0,11024180.0,0.0,0.0,36007.0,0.0,0.0,0.0,0.0
2023-03-20 16:04:58.957000+00:00,155648.0,68349952.0,178098176.0,169811968.0,14.66,0.010066621,27.55,7594798.0,0.0,0.0,56211.0,11024180.0,0.0,0.0,36007.0,0.0,0.0,0.0,0.0
2023-03-20 16:05:03.087000+00:00,155648.0,68358144.0,178016256.0,169730048.0,14.7,0.010066621,27.58,7640879.0,0.0,0.0,56372.0,11086478.0,0.0,0.0,36138.0,0.0,0.0,0.0,0.0
2023-03-20 16:05:08.582000+00:00,155648.0,68358144.0,178155520.0,169865216.0,14.72,0.010066621,27.62,7650682.0,0.0,0.0,56450.0,11130115.0,0.0,0.0,36204.0,0.0,0.0,0.0,0.0
2023-03-20 16:05:13.113000+00:00,155648.0,68399104.0,178065408.0,169787392.0,14.74,0.010066621,27.66,7661103.0,0.0,0.0,56548.0,11146688.0,0.0,0.0,36259.0,0.0,0.0,0.0,0.0
2023-03-20 16:05:18.651000+00:00,155648.0,68399104.0,178053120.0,169775104.0,14.76,0.010066621,27.66,7683191.0,0.0,0.0,56728.0,11174910.0,0.0,0.0,36366.0,0.0,0.0,0.0,0.0
2023-03-20 16:05:24.703000+00:00,159744.0,68407296.0,178065408.0,169787392.0,14.79,0.010066621,27.81,7738299.0,0.0,0.0,56951.0,11236583.0,0.0,0.0,36506.0,0.0,0.0,0.0,0.0
2023-03-20 16:05:29.767000+00:00,159744.0,68407296.0,178065408.0,169787392.0,14.82,0.010066621,27.81,7738299.0,0.0,0.0,56951.0,11236583.0,0.0,0.0,36506.0,0.0,0.0,0.0,0.0
2023-03-20 16:05:33.142000+00:00,159744.0,68407296.0,178192384.0,169914368.0,14.84,0.010066621,27.87,7763238.0,0.0,0.0,57150.0,11302208.0,0.0,0.0,36646.0,0.0,0.0,0.0,0.0
2023-03-20 16:05:39.717000+00:00,159744.0,68407296.0,178192384.0,169914368.0,14.87,0.010066621,27.92,7775507.0,0.0,0.0,57252.0,11315551.0,0.0,0.0,36711.0,0.0,0.0,0.0,0.0
2023-03-20 16:05:43.830000+00:00,159744.0,68407296.0,178192384.0,169914368.0,14.88,0.010066621,27.95,7780618.0,0.0,0.0,57290.0,11322251.0,0.0,0.0,36738.0,0.0,0.0,0.0,0.0
2023-03-20 16:05:48.396000+00:00,159744.0,68407296.0,177942528.0,169660416.0,14.9,0.010066621,28.01,7796628.0,0.0,0.0,57428.0,11347764.0,0.0,0.0,36823.0,0.0,0.0,0.0,0.0
2023-03-20 16:05:54.230000+00:00,159744.0,68407296.0,178147328.0,169865216.0,14.94,0.010066621,28.08,7808418.0,0.0,0.0,57519.0,11390218.0,0.0,0.0,36887.0,0.0,0.0,0.0,0.0
2023-03-20 16:05:59.564000+00:00,159744.0,68407296.0,177934336.0,169652224.0,14.96,0.010066621,28.11,7817620.0,0.0,0.0,57603.0,11404311.0,0.0,0.0,36938.0,0.0,0.0,0.0,0.0
2023-03-20 16:06:03.525000+00:00,159744.0,68407296.0,177938432.0,169656320.0,14.97,0.010066621,28.14,7824096.0,0.0,0.0,57657.0,11412938.0,0.0,0.0,36974.0,0.0,0.0,0.0,0.0
2023-03-20 16:06:09.095000+00:00,159744.0,68407296.0,178196480.0,169914368.0,14.99,0.010066621,28.14,7827468.0,0.0,0.0,57688.0,11417892.0,0.0,0.0,36995.0,0.0,0.0,0.0,0.0
2023-03-20 16:06:14.832000+00:00,159744.0,68472832.0,178122752.0,169852928.0,15.02,0.010066621,28.25,7836302.0,0.0,0.0,57766.0,11427843.0,0.0,0.0,37044.0,0.0,0.0,0.0,0.0
2023-03-20 16:06:19.069000+00:00,159744.0,68472832.0,178122752.0,169848832.0,15.03,0.010066621,28.28,7844226.0,0.0,0.0,57834.0,11438639.0,0.0,0.0,37089.0,0.0,0.0,0.0,0.0
2023-03-20 16:06:23.709000+00:00,159744.0,68472832.0,177987584.0,169717760.0,15.04,0.010066621,28.31,7856620.0,0.0,0.0,57933.0,11455030.0,0.0,0.0,37151.0,0.0,0.0,0.0,0.0
2023-03-20 16:06:29.183000+00:00,159744.0,68472832.0,177987584.0,169717760.0,15.08,0.010066621,28.31,7856620.0,0.0,0.0,57933.0,11455030.0,0.0,0.0,37151.0,0.0,0.0,0.0,0.0
2023-03-20 16:06:34.594000+00:00,159744.0,68591616.0,178110464.0,169840640.0,15.11,0.010066621,28.43,7883445.0,0.0,0.0,58147.0,11487660.0,0.0,0.0,37283.0,0.0,0.0,0.0,0.0
2023-03-20 16:06:39.227000+00:00,159744.0,68591616.0,178364416.0,170094592.0,15.12,0.010066621,28.46,7886487.0,0.0,0.0,58173.0,11490332.0,0.0,0.0,37300.0,0.0,0.0,0.0,0.0
2023-03-20 16:06:44.168000+00:00,159744.0,68591616.0,178368512.0,170082304.0,15.14,0.010066621,28.49,7894548.0,0.0,0.0,58237.0,11500803.0,0.0,0.0,37342.0,0.0,0.0,0.0,0.0
2023-03-20 16:06:49.785000+00:00,159744.0,68591616.0,178368512.0,170082304.0,15.15,0.010066621,28.54,7894548.0,0.0,0.0,58377.0,11523367.0,0.0,0.0,37421.0,0.0,0.0,0.0,0.0
2023-03-20 16:06:54.528000+00:00,159744.0,68599808.0,178626560.0,170336256.0,15.18,0.010066621,28.58,7950140.0,0.0,0.0,58477.0,11570451.0,0.0,0.0,37503.0,0.0,0.0,0.0,0.0
2023-03-20 16:06:58.922000+00:00,159744.0,68599808.0,178626560.0,170336256.0,15.2,0.010066621,28.62,7950140.0,0.0,0.0,58477.0,11570451.0,0.0,0.0,37503.0,0.0,0.0,0.0,0.0
2023-03-20 16:07:03.011000+00:00,159744.0,68599808.0,178270208.0,169979904.0,15.24,0.010066621,28.66,7975308.0,0.0,0.0,58698.0,11610166.0,0.0,0.0,37635.0,0.0,0.0,0.0,0.0
2023-03-20 16:07:09.049000+00:00,159744.0,68599808.0,178270208.0,169979904.0,15.27,0.010066621,28.68,7975308.0,0.0,0.0,58767.0,11619195.0,0.0,0.0,37684.0,0.0,0.0,0.0,0.0
2023-03-20 16:07:14.014000+00:00,159744.0,68624384.0,178458624.0,170135552.0,15.29,0.010066621,28.73,7998916.0,0.0,0.0,58886.0,11638510.0,0.0,0.0,37760.0,0.0,0.0,0.0,0.0
2023-03-20 16:07:19.719000+00:00,159744.0,68624384.0,178339840.0,170012672.0,15.3,0.010066621,28.79,8009893.0,0.0,0.0,58967.0,11650252.0,0.0,0.0,37820.0,0.0,0.0,0.0,0.0
2023-03-20 16:07:24.532000+00:00,159744.0,68624384.0,178204672.0,169877504.0,15.33,0.010066621,28.84,8021195.0,0.0,0.0,59068.0,11667735.0,0.0,0.0,37881.0,0.0,0.0,0.0,0.0
2023-03-20 16:07:29.631000+00:00,159744.0,68624384.0,178466816.0,169877504.0,15.35,0.010066621,28.84,8021195.0,0.0,0.0,59068.0,11667735.0,0.0,0.0,37881.0,0.0,0.0,0.0,0.0
2023-03-20 16:07:33.685000+00:00,159744.0,68624384.0,178335744.0,170008576.0,15.38,0.010066621,28.9,8051413.0,0.0,0.0,59300.0,11732186.0,0.0,0.0,38024.0,0.0,0.0,0.0,0.0
2023-03-20 16:07:39.241000+00:00,159744.0,68624384.0,178335744.0,170008576.0,15.42,0.010066621,28.97,8051413.0,0.0,0.0,59300.0,11732186.0,0.0,0.0,38024.0,0.0,0.0,0.0,0.0
2023-03-20 16:07:44.462000+00:00,159744.0,68632576.0,178323456.0,169996288.0,15.45,0.010066621,28.99,8116597.0,0.0,0.0,59601.0,11812480.0,0.0,0.0,38208.0,0.0,0.0,0.0,0.0
2023-03-20 16:07:49.534000+00:00,159744.0,68632576.0,178323456.0,169996288.0,15.47,0.010066621,29.02,8116597.0,0.0,0.0,59601.0,11812480.0,0.0,0.0,38208.0,0.0,0.0,0.0,0.0
2023-03-20 16:07:54.578000+00:00,159744.0,68632576.0,178450432.0,170119168.0,15.49,0.010066621,29.07,8130679.0,0.0,0.0,59713.0,11833703.0,0.0,0.0,38289.0,0.0,0.0,0.0,0.0
2023-03-20 16:07:58.909000+00:00,159744.0,68632576.0,178450432.0,170119168.0,15.5,0.010066621,29.09,8130679.0,0.0,0.0,59713.0,11833703.0,0.0,0.0,38289.0,0.0,0.0,0.0,0.0
2023-03-20 16:08:04.821000+00:00,159744.0,68632576.0,178221056.0,169889792.0,15.52,0.010066621,29.14,8145315.0,0.0,0.0,59845.0,11858178.0,0.0,0.0,38374.0,0.0,0.0,0.0,0.0
2023-03-20 16:08:09.386000+00:00,159744.0,68632576.0,178221056.0,169889792.0,15.54,0.010066621,29.16,8145315.0,0.0,0.0,59845.0,11858178.0,0.0,0.0,38374.0,0.0,0.0,0.0,0.0
2023-03-20 16:08:13.122000+00:00,159744.0,68632576.0,178651136.0,170274816.0,15.57,0.010066621,29.19,8155483.0,0.0,0.0,59927.0,11870439.0,0.0,0.0,38428.0,0.0,0.0,0.0,0.0
2023-03-20 16:08:18.743000+00:00,159744.0,68632576.0,178393088.0,170016768.0,15.59,0.010066621,29.22,8170037.0,0.0,0.0,60057.0,11920845.0,0.0,0.0,38519.0,0.0,0.0,0.0,0.0
2023-03-20 16:08:24.247000+00:00,159744.0,68632576.0,178499584.0,170119168.0,15.6,0.010066621,29.3,8187671.0,0.0,0.0,60182.0,11942660.0,0.0,0.0,38613.0,0.0,0.0,0.0,0.0
2023-03-20 16:08:28.745000+00:00,159744.0,68632576.0,178499584.0,170119168.0,15.63,0.010066621,29.32,8187671.0,0.0,0.0,60182.0,11942660.0,0.0,0.0,38613.0,0.0,0.0,0.0,0.0
2023-03-20 16:08:34.612000+00:00,159744.0,68632576.0,178368512.0,169988096.0,15.65,0.010066621,29.37,8216844.0,0.0,0.0,60426.0,11977155.0,0.0,0.0,38765.0,0.0,0.0,0.0,0.0
2023-03-20 16:08:39.215000+00:00,159744.0,68632576.0,178532352.0,170151936.0,15.66,0.010066621,29.41,8222492.0,0.0,0.0,60480.0,11984856.0,0.0,0.0,38797.0,0.0,0.0,0.0,0.0
2023-03-20 16:08:44.030000+00:00,159744.0,68632576.0,178372608.0,169992192.0,15.68,0.010066621,29.46,8230633.0,0.0,0.0,60555.0,11997657.0,0.0,0.0,38840.0,0.0,0.0,0.0,0.0
2023-03-20 16:08:48.615000+00:00,159744.0,68632576.0,178401280.0,170020864.0,15.7,0.010066621,29.48,8243614.0,0.0,0.0,60662.0,12010769.0,0.0,0.0,38909.0,0.0,0.0,0.0,0.0
2023-03-20 16:08:54.838000+00:00,159744.0,68632576.0,178270208.0,169889792.0,15.71,0.010066621,29.53,8254521.0,0.0,0.0,60762.0,12027119.0,0.0,0.0,38968.0,0.0,0.0,0.0,0.0
2023-03-20 16:08:58.529000+00:00,159744.0,68632576.0,178270208.0,169889792.0,15.73,0.010066621,29.56,8254521.0,0.0,0.0,60762.0,12027119.0,0.0,0.0,38968.0,0.0,0.0,0.0,0.0
2023-03-20 16:09:04.193000+00:00,159744.0,68632576.0,178499584.0,170115072.0,15.75,0.010066621,29.6,8269989.0,0.0,0.0,60896.0,12047336.0,0.0,0.0,39054.0,0.0,0.0,0.0,0.0
2023-03-20 16:09:09.077000+00:00,159744.0,68632576.0,178409472.0,170024960.0,15.78,0.010066621,29.6,8276969.0,0.0,0.0,60959.0,12057510.0,0.0,0.0,39099.0,0.0,0.0,0.0,0.0
2023-03-20 16:09:13.803000+00:00,159744.0,68632576.0,178520064.0,170131456.0,15.82,0.010066621,29.66,8288419.0,0.0,0.0,61058.0,12075289.0,0.0,0.0,39158.0,0.0,0.0,0.0,0.0
2023-03-20 16:09:19.775000+00:00,159744.0,68632576.0,178520064.0,170020864.0,15.84,0.010066621,29.66,8303648.0,0.0,0.0,61181.0,12123106.0,0.0,0.0,39253.0,0.0,0.0,0.0,0.0
2023-03-20 16:09:23.570000+00:00,159744.0,68632576.0,178270208.0,169885696.0,15.86,0.010066621,29.75,8315820.0,0.0,0.0,61289.0,12142149.0,0.0,0.0,39317.0,0.0,0.0,0.0,0.0
2023-03-20 16:09:29.201000+00:00,159744.0,68632576.0,178270208.0,169885696.0,15.9,0.010066621,29.81,8315820.0,0.0,0.0,61289.0,12142149.0,0.0,0.0,39317.0,0.0,0.0,0.0,0.0
2023-03-20 16:09:34.897000+00:00,159744.0,68640768.0,178507776.0,170123264.0,15.91,0.010066621,29.89,8383646.0,0.0,0.0,61621.0,12223806.0,0.0,0.0,39522.0,0.0,0.0,0.0,0.0
2023-03-20 16:09:38.718000+00:00,159744.0,68640768.0,178507776.0,170123264.0,15.93,0.010066621,29.91,8383646.0,0.0,0.0,61621.0,12236852.0,0.0,0.0,39571.0,0.0,0.0,0.0,0.0
2023-03-20 16:09:43.424000+00:00,159744.0,68640768.0,178413568.0,170029056.0,15.96,0.010066621,29.94,8410288.0,0.0,0.0,61847.0,12259372.0,0.0,0.0,39653.0,0.0,0.0,0.0,0.0
2023-03-20 16:09:49.208000+00:00,159744.0,68640768.0,178421760.0,170033152.0,15.97,0.010066621,29.98,8454697.0,0.0,0.0,61957.0,12305741.0,0.0,0.0,39747.0,0.0,0.0,0.0,0.0
2023-03-20 16:09:54.877000+00:00,159744.0,68644864.0,178425856.0,170037248.0,15.98,0.010066621,30.02,8459520.0,0.0,0.0,61995.0,12310868.0,0.0,0.0,39772.0,0.0,0.0,0.0,0.0
2023-03-20 16:09:59.164000+00:00,159744.0,68644864.0,178425856.0,170037248.0,16.02,0.010066621,30.06,8459520.0,0.0,0.0,61995.0,12310868.0,0.0,0.0,39772.0,0.0,0.0,0.0,0.0
2023-03-20 16:10:04.360000+00:00,159744.0,68644864.0,178380800.0,169992192.0,16.04,0.010066621,30.11,8490231.0,0.0,0.0,62255.0,12414900.0,0.0,0.0,39946.0,0.0,0.0,0.0,0.0
2023-03-20 16:10:08.545000+00:00,159744.0,68644864.0,178380800.0,169992192.0,16.06,0.010066621,30.12,8490231.0,0.0,0.0,62255.0,12414900.0,0.0,0.0,39973.0,0.0,0.0,0.0,0.0
2023-03-20 16:10:13.911000+00:00,159744.0,68644864.0,178417664.0,170041344.0,16.07,0.010066621,30.16,8502519.0,0.0,0.0,62359.0,12433704.0,0.0,0.0,40010.0,0.0,0.0,0.0,0.0
2023-03-20 16:10:18.526000+00:00,159744.0,68644864.0,178548736.0,170168320.0,16.1,0.010066621,30.22,8509895.0,0.0,0.0,62431.0,12506559.0,0.0,0.0,40064.0,0.0,0.0,0.0,0.0
2023-03-20 16:10:24.145000+00:00,159744.0,68648960.0,178384896.0,170004480.0,16.14,0.010066621,30.27,8528107.0,0.0,0.0,62576.0,12528572.0,0.0,0.0,40161.0,0.0,0.0,0.0,0.0
2023-03-20 16:10:28.676000+00:00,159744.0,68648960.0,178384896.0,170004480.0,16.17,0.010066621,30.3,8528107.0,0.0,0.0,62576.0,12528572.0,0.0,0.0,40161.0,0.0,0.0,0.0,0.0
2023-03-20 16:10:34.822000+00:00,159744.0,68648960.0,178515968.0,170135552.0,16.18,0.010066621,30.36,8546621.0,0.0,0.0,62737.0,12555361.0,0.0,0.0,40258.0,0.0,0.0,0.0,0.0
2023-03-20 16:10:39.596000+00:00,159744.0,68648960.0,178425856.0,170045440.0,16.2,0.010066621,30.4,8551903.0,0.0,0.0,62787.0,12568003.0,0.0,0.0,40290.0,0.0,0.0,0.0,0.0
2023-03-20 16:10:44.490000+00:00,159744.0,68648960.0,178298880.0,169918464.0,16.23,0.010066621,30.46,8560085.0,0.0,0.0,62856.0,12607809.0,0.0,0.0,40345.0,0.0,0.0,0.0,0.0
2023-03-20 16:10:49.201000+00:00,159744.0,68648960.0,178425856.0,170045440.0,16.25,0.010066621,30.46,8579409.0,0.0,0.0,63000.0,12634796.0,0.0,0.0,40432.0,0.0,0.0,0.0,0.0
2023-03-20 16:10:54.659000+00:00,159744.0,68648960.0,178302976.0,169918464.0,16.27,0.010066621,30.54,8591728.0,0.0,0.0,63096.0,12649233.0,0.0,0.0,40493.0,0.0,0.0,0.0,0.0
2023-03-20 16:10:58.689000+00:00,159744.0,68648960.0,178565120.0,170180608.0,16.3,0.010066621,30.55,8593442.0,0.0,0.0,63114.0,12651512.0,0.0,0.0,40493.0,0.0,0.0,0.0,0.0
2023-03-20 16:11:04.871000+00:00,159744.0,68648960.0,178302976.0,169918464.0,16.32,0.010066621,30.6,8596209.0,0.0,0.0,63139.0,12654691.0,0.0,0.0,40521.0,0.0,0.0,0.0,0.0
2023-03-20 16:11:08.690000+00:00,159744.0,68648960.0,178298880.0,169914368.0,16.34,0.010066621,30.64,8605764.0,0.0,0.0,63227.0,12668268.0,0.0,0.0,40577.0,0.0,0.0,0.0,0.0
2023-03-20 16:11:14.802000+00:00,159744.0,68648960.0,178302976.0,169918464.0,16.35,0.010066621,30.7,8615406.0,0.0,0.0,63299.0,12678340.0,0.0,0.0,40628.0,0.0,0.0,0.0,0.0
2023-03-20 16:11:19.210000+00:00,159744.0,68648960.0,178302976.0,169914368.0,16.37,0.010066621,30.75,8627105.0,0.0,0.0,63407.0,12699287.0,0.0,0.0,40689.0,0.0,0.0,0.0,0.0
2023-03-20 16:11:24.942000+00:00,159744.0,68648960.0,178434048.0,170045440.0,16.43,0.010066621,30.81,8643348.0,0.0,0.0,63548.0,12724470.0,0.0,0.0,40769.0,0.0,0.0,0.0,0.0
2023-03-20 16:11:29.027000+00:00,159744.0,68648960.0,178434048.0,170045440.0,16.46,0.010066621,30.86,8643348.0,0.0,0.0,63548.0,12724470.0,0.0,0.0,40769.0,0.0,0.0,0.0,0.0
2023-03-20 16:11:33.665000+00:00,159744.0,68648960.0,178651136.0,170262528.0,16.47,0.010066621,30.92,8670275.0,0.0,0.0,63753.0,12755076.0,0.0,0.0,40901.0,0.0,0.0,0.0,0.0
2023-03-20 16:11:39.324000+00:00,159744.0,68648960.0,178651136.0,170176512.0,16.5,0.010066621,30.95,8681823.0,0.0,0.0,63840.0,12768839.0,0.0,0.0,40957.0,0.0,0.0,0.0,0.0
2023-03-20 16:11:44.292000+00:00,159744.0,68648960.0,178434048.0,170045440.0,16.52,0.010066621,30.98,8692188.0,0.0,0.0,63925.0,12785743.0,0.0,0.0,41007.0,0.0,0.0,0.0,0.0
2023-03-20 16:11:48.779000+00:00,159744.0,68648960.0,178454528.0,170045440.0,16.54,0.010066621,31.02,8704752.0,0.0,0.0,64040.0,12805081.0,0.0,0.0,41074.0,0.0,0.0,0.0,0.0
2023-03-20 16:11:54.565000+00:00,159744.0,68648960.0,178327552.0,169918464.0,16.58,0.010066621,31.07,8722356.0,0.0,0.0,64183.0,12830328.0,0.0,0.0,41164.0,0.0,0.0,0.0,0.0
2023-03-20 16:11:59.435000+00:00,159744.0,68648960.0,178323456.0,169914368.0,16.61,0.010066621,31.1,8733292.0,0.0,0.0,64284.0,12845664.0,0.0,0.0,41226.0,0.0,0.0,0.0,0.0
2023-03-20 16:12:03.068000+00:00,159744.0,68648960.0,178585600.0,170176512.0,16.64,0.010066621,31.11,8740820.0,0.0,0.0,64347.0,12857217.0,0.0,0.0,41268.0,0.0,0.0,0.0,0.0
2023-03-20 16:12:09.374000+00:00,159744.0,68648960.0,178585600.0,170176512.0,16.65,0.010066621,31.16,8755017.0,0.0,0.0,64450.0,12874447.0,0.0,0.0,41337.0,0.0,0.0,0.0,0.0
2023-03-20 16:12:13.911000+00:00,159744.0,68648960.0,178323456.0,169914368.0,16.66,0.010066621,31.2,8771306.0,0.0,0.0,64575.0,12894835.0,0.0,0.0,41421.0,0.0,0.0,0.0,0.0
2023-03-20 16:12:18.528000+00:00,159744.0,68648960.0,178323456.0,170307584.0,16.7,0.010066621,31.26,8779636.0,0.0,0.0,64646.0,12905122.0,0.0,0.0,41466.0,0.0,0.0,0.0,0.0
2023-03-20 16:12:24.579000+00:00,159744.0,68648960.0,178573312.0,170151936.0,16.72,0.010066621,31.3,8799369.0,0.0,0.0,64815.0,12936039.0,0.0,0.0,41568.0,0.0,0.0,0.0,0.0
2023-03-20 16:12:28.299000+00:00,159744.0,68648960.0,178335744.0,169914368.0,16.74,0.010066621,31.33,8806687.0,0.0,0.0,64872.0,12942830.0,0.0,0.0,41617.0,0.0,0.0,0.0,0.0
2023-03-20 16:12:33.736000+00:00,159744.0,68648960.0,178335744.0,169914368.0,16.76,0.010066621,31.36,8813096.0,0.0,0.0,64930.0,12953682.0,0.0,0.0,41651.0,0.0,0.0,0.0,0.0
2023-03-20 16:12:38.108000+00:00,159744.0,68648960.0,178335744.0,169914368.0,16.78,0.010066621,31.39,8823824.0,0.0,0.0,65006.0,12970165.0,0.0,0.0,41704.0,0.0,0.0,0.0,0.0
2023-03-20 16:12:44.406000+00:00,159744.0,68648960.0,178470912.0,170049536.0,16.8,0.010066621,31.44,8835694.0,0.0,0.0,65099.0,12982176.0,0.0,0.0,41766.0,0.0,0.0,0.0,0.0
2023-03-20 16:12:48.280000+00:00,159744.0,68648960.0,178470912.0,170049536.0,16.81,0.010066621,31.47,8835694.0,0.0,0.0,65175.0,12996326.0,0.0,0.0,41809.0,0.0,0.0,0.0,0.0
2023-03-20 16:12:54.815000+00:00,159744.0,68648960.0,178348032.0,169922560.0,16.83,0.010066621,31.54,8865153.0,0.0,0.0,65352.0,13023575.0,0.0,0.0,41916.0,0.0,0.0,0.0,0.0
2023-03-20 16:12:59.213000+00:00,159744.0,68648960.0,178601984.0,170176512.0,16.85,0.010066621,31.57,8874387.0,0.0,0.0,65425.0,13065985.0,0.0,0.0,41963.0,0.0,0.0,0.0,0.0
2023-03-20 16:13:04.680000+00:00,159744.0,68657152.0,178356224.0,169930752.0,16.86,0.010066621,31.62,8914161.0,0.0,0.0,65513.0,13075734.0,0.0,0.0,42027.0,0.0,0.0,0.0,0.0
2023-03-20 16:13:09.535000+00:00,159744.0,68657152.0,178356224.0,169930752.0,16.88,0.010066621,31.65,8922602.0,0.0,0.0,65583.0,13086574.0,0.0,0.0,42076.0,0.0,0.0,0.0,0.0
2023-03-20 16:13:14.097000+00:00,159744.0,68657152.0,178454528.0,170029056.0,16.9,0.010066621,31.7,8928502.0,0.0,0.0,65633.0,13090945.0,0.0,0.0,42109.0,0.0,0.0,0.0,0.0
2023-03-20 16:13:19.007000+00:00,159744.0,68657152.0,178454528.0,170029056.0,16.92,0.010066621,31.74,8928502.0,0.0,0.0,65683.0,13098604.0,0.0,0.0,42146.0,0.0,0.0,0.0,0.0
2023-03-20 16:13:23.447000+00:00,159744.0,68833280.0,178515968.0,170098688.0,16.94,0.010066621,31.77,8946482.0,0.0,0.0,65782.0,13113675.0,0.0,0.0,42207.0,0.0,0.0,0.0,0.0
2023-03-20 16:13:29.678000+00:00,159744.0,68878336.0,178700288.0,170278912.0,16.96,0.010066621,31.83,8961306.0,0.0,0.0,65900.0,13125185.0,0.0,0.0,42288.0,0.0,0.0,0.0,0.0
2023-03-20 16:13:33.854000+00:00,159744.0,68878336.0,178700288.0,170278912.0,16.99,0.010066621,31.84,8964122.0,0.0,0.0,65921.0,13127283.0,0.0,0.0,42303.0,0.0,0.0,0.0,0.0
2023-03-20 16:13:38.685000+00:00,159744.0,68878336.0,178700288.0,170278912.0,17.01,0.010066621,31.88,8967829.0,0.0,0.0,65961.0,13163286.0,0.0,0.0,42341.0,0.0,0.0,0.0,0.0
2023-03-20 16:13:44.686000+00:00,159744.0,68886528.0,178806784.0,170385408.0,17.03,0.010066621,31.93,8972280.0,0.0,0.0,66005.0,13170042.0,0.0,0.0,42364.0,0.0,0.0,0.0,0.0
2023-03-20 16:13:49.273000+00:00,159744.0,68886528.0,178708480.0,170287104.0,17.05,0.010066621,31.96,8981898.0,0.0,0.0,66082.0,13179837.0,0.0,0.0,42416.0,0.0,0.0,0.0,0.0
2023-03-20 16:13:54.811000+00:00,159744.0,68890624.0,178679808.0,170258432.0,17.08,0.010066621,32.0,8991673.0,0.0,0.0,66166.0,13191372.0,0.0,0.0,42477.0,0.0,0.0,0.0,0.0
2023-03-20 16:13:59.653000+00:00,159744.0,69099520.0,178974720.0,170553344.0,17.1,0.010066621,32.04,9000872.0,0.0,0.0,66247.0,13202046.0,0.0,0.0,42525.0,0.0,0.0,0.0,0.0
2023-03-20 16:14:03.561000+00:00,159744.0,69099520.0,179052544.0,170631168.0,17.12,0.010066621,32.05,9004504.0,0.0,0.0,66280.0,13206529.0,0.0,0.0,42552.0,0.0,0.0,0.0,0.0
2023-03-20 16:14:08.513000+00:00,159744.0,69099520.0,179052544.0,170631168.0,17.13,0.010066621,32.05,9004504.0,0.0,0.0,66280.0,13206529.0,0.0,0.0,42616.0,0.0,0.0,0.0,0.0
2023-03-20 16:14:14.752000+00:00,159744.0,69099520.0,178888704.0,170463232.0,17.15,0.010066621,32.16,9025210.0,0.0,0.0,66456.0,13232789.0,0.0,0.0,42657.0,0.0,0.0,0.0,0.0
2023-03-20 16:14:19.471000+00:00,159744.0,69099520.0,178888704.0,170463232.0,17.18,0.010066621,32.2,9025210.0,0.0,0.0,66456.0,13232789.0,0.0,0.0,42675.0,0.0,0.0,0.0,0.0
2023-03-20 16:14:24.425000+00:00,163840.0,69099520.0,179073024.0,170598400.0,17.2,0.010066621,32.25,9030813.0,0.0,0.0,66508.0,13239873.0,0.0,0.0,42690.0,0.0,0.0,0.0,0.0
2023-03-20 16:14:28.336000+00:00,163840.0,69099520.0,179073024.0,170598400.0,17.22,0.010066621,32.29,9030813.0,0.0,0.0,66508.0,13239873.0,0.0,0.0,42690.0,0.0,0.0,0.0,0.0
2023-03-20 16:14:34.281000+00:00,163840.0,69099520.0,178851840.0,170377216.0,17.26,0.010066621,32.36,9079022.0,0.0,0.0,66923.0,13308461.0,0.0,0.0,42936.0,0.0,0.0,0.0,0.0
2023-03-20 16:14:38.855000+00:00,163840.0,69099520.0,178851840.0,170377216.0,17.29,0.010066621,32.37,9079022.0,0.0,0.0,66923.0,13308461.0,0.0,0.0,42936.0,0.0,0.0,0.0,0.0
2023-03-20 16:14:44.248000+00:00,163840.0,69099520.0,179068928.0,170590208.0,17.33,0.010066621,32.4,9100975.0,0.0,0.0,67103.0,13338964.0,0.0,0.0,43045.0,0.0,0.0,0.0,0.0
2023-03-20 16:14:49.818000+00:00,163840.0,69099520.0,179068928.0,170590208.0,17.34,0.010066621,32.44,9100975.0,0.0,0.0,67103.0,13338964.0,0.0,0.0,43139.0,0.0,0.0,0.0,0.0
2023-03-20 16:14:53.820000+00:00,163840.0,69099520.0,178982912.0,170504192.0,17.36,0.010066621,32.47,9126870.0,0.0,0.0,67313.0,13371509.0,0.0,0.0,43180.0,0.0,0.0,0.0,0.0
2023-03-20 16:14:58.301000+00:00,163840.0,69099520.0,179113984.0,170504192.0,17.4,0.010066621,32.52,9126870.0,0.0,0.0,67313.0,13371509.0,0.0,0.0,43180.0,0.0,0.0,0.0,0.0
2023-03-20 16:15:03.946000+00:00,163840.0,69206016.0,179220480.0,170741760.0,17.42,0.010066621,32.54,9144184.0,0.0,0.0,67472.0,13397459.0,0.0,0.0,43276.0,0.0,0.0,0.0,0.0
2023-03-20 16:15:08.611000+00:00,163840.0,69206016.0,179355648.0,170876928.0,17.43,0.010066621,32.6,9156015.0,0.0,0.0,67566.0,13413274.0,0.0,0.0,43340.0,0.0,0.0,0.0,0.0
2023-03-20 16:15:14.234000+00:00,163840.0,69206016.0,179179520.0,170696704.0,17.46,0.010066621,32.65,9169093.0,0.0,0.0,67661.0,13464400.0,0.0,0.0,43410.0,0.0,0.0,0.0,0.0
2023-03-20 16:15:19.006000+00:00,163840.0,69206016.0,179351552.0,170819584.0,17.48,0.010066621,32.7,9176846.0,0.0,0.0,67729.0,13473641.0,0.0,0.0,43452.0,0.0,0.0,0.0,0.0
2023-03-20 16:15:24.095000+00:00,163840.0,69206016.0,179101696.0,170569728.0,17.54,0.010066621,32.76,9191899.0,0.0,0.0,67859.0,13495000.0,0.0,0.0,43530.0,0.0,0.0,0.0,0.0
2023-03-20 16:15:28.391000+00:00,163840.0,69206016.0,179101696.0,170569728.0,17.56,0.010066621,32.8,9191899.0,0.0,0.0,67859.0,13495000.0,0.0,0.0,43530.0,0.0,0.0,0.0,0.0
2023-03-20 16:15:33.177000+00:00,163840.0,69214208.0,179027968.0,170496000.0,17.57,0.010066621,32.83,9247628.0,0.0,0.0,68079.0,13561972.0,0.0,0.0,43686.0,0.0,0.0,0.0,0.0
2023-03-20 16:15:38.267000+00:00,163840.0,69214208.0,179290112.0,170758144.0,17.59,0.010066621,32.88,9256235.0,0.0,0.0,68139.0,13568224.0,0.0,0.0,43730.0,0.0,0.0,0.0,0.0
2023-03-20 16:15:43.736000+00:00,163840.0,69214208.0,179027968.0,170496000.0,17.61,0.010066621,32.91,9272067.0,0.0,0.0,68257.0,13617182.0,0.0,0.0,43815.0,0.0,0.0,0.0,0.0
2023-03-20 16:15:49.735000+00:00,163840.0,69214208.0,179294208.0,170762240.0,17.66,0.010066621,32.91,9318830.0,0.0,0.0,68409.0,13638562.0,0.0,0.0,43918.0,0.0,0.0,0.0,0.0
2023-03-20 16:15:53.663000+00:00,163840.0,69222400.0,179167232.0,170635264.0,17.67,0.010066621,32.99,9328337.0,0.0,0.0,68492.0,13650893.0,0.0,0.0,43976.0,0.0,0.0,0.0,0.0
2023-03-20 16:15:58.976000+00:00,163840.0,69222400.0,179167232.0,170631168.0,17.7,0.010066621,33.02,9341732.0,0.0,0.0,68603.0,13666790.0,0.0,0.0,44047.0,0.0,0.0,0.0,0.0
2023-03-20 16:16:04.231000+00:00,163840.0,69226496.0,179040256.0,170504192.0,17.72,0.010066621,33.09,9383385.0,0.0,0.0,68697.0,13744194.0,0.0,0.0,44130.0,0.0,0.0,0.0,0.0
2023-03-20 16:16:09.696000+00:00,163840.0,69226496.0,179040256.0,170504192.0,17.75,0.010066621,33.12,9383385.0,0.0,0.0,68697.0,13744194.0,0.0,0.0,44130.0,0.0,0.0,0.0,0.0
2023-03-20 16:16:13.832000+00:00,163840.0,69234688.0,179175424.0,170639360.0,17.76,0.010066621,33.15,9434126.0,0.0,0.0,68862.0,13801180.0,0.0,0.0,44246.0,0.0,0.0,0.0,0.0
2023-03-20 16:16:19.625000+00:00,163840.0,69234688.0,179441664.0,170905600.0,17.78,0.011401359,33.22,9438505.0,0.0,0.0,68901.0,13805496.0,0.0,0.0,44272.0,0.0,0.0,0.0,0.0
2023-03-20 16:16:23.736000+00:00,163840.0,69234688.0,179179520.0,170643456.0,17.82,0.011993932,33.26,9454211.0,0.0,0.0,69041.0,13866410.0,0.0,0.0,44367.0,0.0,0.0,0.0,0.0
2023-03-20 16:16:28.721000+00:00,163840.0,69234688.0,179179520.0,170643456.0,17.84,0.011993932,33.32,9454211.0,0.0,0.0,69041.0,13866410.0,0.0,0.0,44367.0,0.0,0.0,0.0,0.0
2023-03-20 16:16:34.110000+00:00,163840.0,69234688.0,179052544.0,170516480.0,17.87,0.011993932,33.42,9500768.0,0.0,0.0,69432.0,13962509.0,0.0,0.0,44608.0,0.0,0.0,0.0,0.0
2023-03-20 16:16:39.475000+00:00,163840.0,69234688.0,179187712.0,170651648.0,17.89,0.011993932,33.46,9516794.0,0.0,0.0,69568.0,14017429.0,0.0,0.0,44702.0,0.0,0.0,0.0,0.0
2023-03-20 16:16:43.289000+00:00,163840.0,69234688.0,179179520.0,170643456.0,17.9,0.011993932,33.5,9524551.0,0.0,0.0,69642.0,14061374.0,0.0,0.0,44754.0,0.0,0.0,0.0,0.0
2023-03-20 16:16:49.502000+00:00,163840.0,69246976.0,179220480.0,170663936.0,17.92,0.011993932,33.5,9575347.0,0.0,0.0,69796.0,14084369.0,0.0,0.0,44855.0,0.0,0.0,0.0,0.0
2023-03-20 16:16:54.543000+00:00,163840.0,69246976.0,179331072.0,170774528.0,17.97,0.011993932,33.6,9602952.0,0.0,0.0,70046.0,14130421.0,0.0,0.0,44994.0,0.0,0.0,0.0,0.0
2023-03-20 16:16:59.484000+00:00,163840.0,69246976.0,179331072.0,170774528.0,18.02,0.011993932,33.62,9602952.0,0.0,0.0,70046.0,14130421.0,0.0,0.0,44994.0,0.0,0.0,0.0,0.0
2023-03-20 16:17:03.680000+00:00,163840.0,69353472.0,179322880.0,170766336.0,18.03,0.011993932,33.66,9637956.0,0.0,0.0,70323.0,14173371.0,0.0,0.0,45170.0,0.0,0.0,0.0,0.0
2023-03-20 16:17:09.642000+00:00,163840.0,69353472.0,179322880.0,170766336.0,18.06,0.011993932,33.72,9655020.0,0.0,0.0,70458.0,14196438.0,0.0,0.0,45257.0,0.0,0.0,0.0,0.0
2023-03-20 16:17:14.706000+00:00,163840.0,69353472.0,179195904.0,170635264.0,18.06,0.011993932,33.77,9665662.0,0.0,0.0,70542.0,14208093.0,0.0,0.0,45309.0,0.0,0.0,0.0,0.0
2023-03-20 16:17:19.381000+00:00,163840.0,69353472.0,179195904.0,170635264.0,18.09,0.011993932,33.8,9665662.0,0.0,0.0,70603.0,14255395.0,0.0,0.0,45360.0,0.0,0.0,0.0,0.0
2023-03-20 16:17:24.322000+00:00,163840.0,69353472.0,179290112.0,170745856.0,18.11,0.011993932,33.87,9683697.0,0.0,0.0,70681.0,14302080.0,0.0,0.0,45406.0,0.0,0.0,0.0,0.0
2023-03-20 16:17:29.809000+00:00,163840.0,69353472.0,179290112.0,170745856.0,18.12,0.011993932,33.92,9683697.0,0.0,0.0,70681.0,14302080.0,0.0,0.0,45406.0,0.0,0.0,0.0,0.0
2023-03-20 16:17:34.292000+00:00,163840.0,69353472.0,179286016.0,170741760.0,18.14,0.011993932,33.96,9705789.0,0.0,0.0,70870.0,14330871.0,0.0,0.0,45525.0,0.0,0.0,0.0,0.0
2023-03-20 16:17:39.713000+00:00,163840.0,69353472.0,179286016.0,170770432.0,18.16,0.011993932,33.96,9715510.0,0.0,0.0,70953.0,14342467.0,0.0,0.0,45575.0,0.0,0.0,0.0,0.0
2023-03-20 16:17:44.750000+00:00,163840.0,69353472.0,179286016.0,170741760.0,18.2,0.011993932,34.03,9734038.0,0.0,0.0,71106.0,14369362.0,0.0,0.0,45669.0,0.0,0.0,0.0,0.0
2023-03-20 16:17:49.282000+00:00,163840.0,69353472.0,179286016.0,170741760.0,18.21,0.011993932,34.06,9734038.0,0.0,0.0,71106.0,14372083.0,0.0,0.0,45691.0,0.0,0.0,0.0,0.0
2023-03-20 16:17:54.803000+00:00,163840.0,69353472.0,179314688.0,170766336.0,18.22,0.011993932,34.1,9745562.0,0.0,0.0,71207.0,14384282.0,0.0,0.0,45739.0,0.0,0.0,0.0,0.0
2023-03-20 16:17:58.500000+00:00,163840.0,69353472.0,179314688.0,170766336.0,18.24,0.011993932,34.12,9745562.0,0.0,0.0,71207.0,14384282.0,0.0,0.0,45739.0,0.0,0.0,0.0,0.0
2023-03-20 16:18:04.293000+00:00,163840.0,69464064.0,179396608.0,170848256.0,18.28,0.011993932,34.16,9757662.0,0.0,0.0,71317.0,14400425.0,0.0,0.0,45804.0,0.0,0.0,0.0,0.0
2023-03-20 16:18:09.483000+00:00,163840.0,69464064.0,179396608.0,170848256.0,18.32,0.011993932,34.21,9757662.0,0.0,0.0,71317.0,14400425.0,0.0,0.0,45907.0,0.0,0.0,0.0,0.0
2023-03-20 16:18:14.305000+00:00,163840.0,69472256.0,179408896.0,170860544.0,18.33,0.011993932,34.26,9817741.0,0.0,0.0,71543.0,14465029.0,0.0,0.0,45957.0,0.0,0.0,0.0,0.0
2023-03-20 16:18:19.789000+00:00,163840.0,69472256.0,179408896.0,170860544.0,18.36,0.011993932,34.28,9817741.0,0.0,0.0,71543.0,14465029.0,0.0,0.0,46021.0,0.0,0.0,0.0,0.0
2023-03-20 16:18:24.437000+00:00,163840.0,69472256.0,179511296.0,170979328.0,18.37,0.011993932,34.33,9831884.0,0.0,0.0,71668.0,14484548.0,0.0,0.0,46034.0,0.0,0.0,0.0,0.0
2023-03-20 16:18:28.937000+00:00,163840.0,69472256.0,179511296.0,170979328.0,18.4,0.011993932,34.36,9831884.0,0.0,0.0,71668.0,14484548.0,0.0,0.0,46034.0,0.0,0.0,0.0,0.0
2023-03-20 16:18:33.281000+00:00,163840.0,69472256.0,179412992.0,170881024.0,18.42,0.011993932,34.4,9856976.0,0.0,0.0,71895.0,14517864.0,0.0,0.0,46162.0,0.0,0.0,0.0,0.0
2023-03-20 16:18:39.268000+00:00,163840.0,69472256.0,179412992.0,170881024.0,18.45,0.011993932,34.44,9856976.0,0.0,0.0,71895.0,14533413.0,0.0,0.0,46220.0,0.0,0.0,0.0,0.0
2023-03-20 16:18:44.286000+00:00,163840.0,69472256.0,179286016.0,170754048.0,18.5,0.011993932,34.49,9889915.0,0.0,0.0,72173.0,14596944.0,0.0,0.0,46338.0,0.0,0.0,0.0,0.0
2023-03-20 16:18:48.842000+00:00,163840.0,69472256.0,179294208.0,170762240.0,18.52,0.011993932,34.52,9941599.0,0.0,0.0,72335.0,14654291.0,0.0,0.0,46448.0,0.0,0.0,0.0,0.0
2023-03-20 16:18:54.355000+00:00,163840.0,69480448.0,179523584.0,170991616.0,18.54,0.011993932,34.58,9953817.0,0.0,0.0,72437.0,14705342.0,0.0,0.0,46510.0,0.0,0.0,0.0,0.0
2023-03-20 16:18:58.856000+00:00,163840.0,69480448.0,179523584.0,170991616.0,18.56,0.011993932,34.62,9953817.0,0.0,0.0,72437.0,14705342.0,0.0,0.0,46510.0,0.0,0.0,0.0,0.0
2023-03-20 16:19:04.843000+00:00,163840.0,69480448.0,179298304.0,170762240.0,18.6,0.011993932,34.66,9973085.0,0.0,0.0,72606.0,14735023.0,0.0,0.0,46610.0,0.0,0.0,0.0,0.0
2023-03-20 16:19:08.617000+00:00,163840.0,69480448.0,179298304.0,170897408.0,18.62,0.011993932,34.66,9985513.0,0.0,0.0,72694.0,14783374.0,0.0,0.0,46665.0,0.0,0.0,0.0,0.0
2023-03-20 16:19:14.834000+00:00,163840.0,69484544.0,179306496.0,170770432.0,18.64,0.011993932,34.75,10044107.0,0.0,0.0,72904.0,14884537.0,0.0,0.0,46809.0,0.0,0.0,0.0,0.0
2023-03-20 16:19:19.499000+00:00,163840.0,69484544.0,179306496.0,170770432.0,18.68,0.011993932,34.78,10044107.0,0.0,0.0,72904.0,14884537.0,0.0,0.0,46881.0,0.0,0.0,0.0,0.0
2023-03-20 16:19:23.657000+00:00,163840.0,69484544.0,179363840.0,170770432.0,18.7,0.011993932,34.82,10059307.0,0.0,0.0,73030.0,14901687.0,0.0,0.0,46899.0,0.0,0.0,0.0,0.0
2023-03-20 16:19:28.952000+00:00,163840.0,69484544.0,179363840.0,170770432.0,18.72,0.011993932,34.87,10059307.0,0.0,0.0,73030.0,14901687.0,0.0,0.0,46899.0,0.0,0.0,0.0,0.0
2023-03-20 16:19:34.037000+00:00,163840.0,69484544.0,179494912.0,170901504.0,18.74,0.011993932,34.92,10074771.0,0.0,0.0,73158.0,14920262.0,0.0,0.0,46983.0,0.0,0.0,0.0,0.0
2023-03-20 16:19:39.586000+00:00,163840.0,69484544.0,179367936.0,170770432.0,18.76,0.011993932,34.92,10087520.0,0.0,0.0,73259.0,14938690.0,0.0,0.0,47043.0,0.0,0.0,0.0,0.0
2023-03-20 16:19:43.979000+00:00,163840.0,69484544.0,179494912.0,170897408.0,18.78,0.011993932,35.03,10116499.0,0.0,0.0,73509.0,15017210.0,0.0,0.0,47191.0,0.0,0.0,0.0,0.0
2023-03-20 16:19:49.260000+00:00,163840.0,69484544.0,179494912.0,170897408.0,18.8,2.559528651,35.03,10116499.0,0.0,0.0,73509.0,15017210.0,0.0,0.0,47315.0,0.0,0.0,0.0,0.0
2023-03-20 16:19:53.746000+00:00,163840.0,69500928.0,179388416.0,170790912.0,18.82,0.011993932,35.11,10207472.0,0.0,0.0,73696.0,15115728.0,0.0,0.0,47350.0,0.0,0.0,0.0,0.0
2023-03-20 16:19:59.867000+00:00,163840.0,69500928.0,179519488.0,170921984.0,18.86,0.011993932,35.16,10231938.0,0.0,0.0,73874.0,15144438.0,0.0,0.0,47466.0,0.0,0.0,0.0,0.0
2023-03-20 16:20:04.730000+00:00,163840.0,69500928.0,179474432.0,170876928.0,18.88,0.011993932,35.22,10241636.0,0.0,0.0,73962.0,15159726.0,0.0,0.0,47522.0,0.0,0.0,0.0,0.0
2023-03-20 16:20:08.980000+00:00,163840.0,69500928.0,179474432.0,170876928.0,18.89,0.011993932,35.23,10241636.0,0.0,0.0,73962.0,15159726.0,0.0,0.0,47551.0,0.0,0.0,0.0,0.0
2023-03-20 16:20:13.833000+00:00,163840.0,69500928.0,179519488.0,170921984.0,18.91,0.011993932,35.26,10256784.0,0.0,0.0,74093.0,15177364.0,0.0,0.0,47601.0,0.0,0.0,0.0,0.0
2023-03-20 16:20:18.538000+00:00,163840.0,69500928.0,179519488.0,170921984.0,18.93,0.011993932,35.32,10256784.0,0.0,0.0,74093.0,15177364.0,0.0,0.0,47601.0,0.0,0.0,0.0,0.0
2023-03-20 16:20:24.662000+00:00,163840.0,69500928.0,179396608.0,170795008.0,18.97,0.011993932,35.4,10286583.0,0.0,0.0,74345.0,15296657.0,0.0,0.0,47770.0,0.0,0.0,0.0,0.0
2023-03-20 16:20:29.638000+00:00,163840.0,69500928.0,179396608.0,170795008.0,19.0,0.011993932,35.43,10286583.0,0.0,0.0,74345.0,15296657.0,0.0,0.0,47770.0,0.0,0.0,0.0,0.0
2023-03-20 16:20:34.030000+00:00,163840.0,69500928.0,179474432.0,170872832.0,19.03,0.011993932,35.49,10317405.0,0.0,0.0,74607.0,15338515.0,0.0,0.0,47923.0,0.0,0.0,0.0,0.0
2023-03-20 16:20:38.638000+00:00,163840.0,69500928.0,179474432.0,170872832.0,19.04,0.011993932,35.49,10317405.0,0.0,0.0,74607.0,15338515.0,0.0,0.0,47964.0,0.0,0.0,0.0,0.0
2023-03-20 16:20:44.409000+00:00,163840.0,69500928.0,179474432.0,170868736.0,19.06,0.011993932,35.57,10340077.0,0.0,0.0,74781.0,15363349.0,0.0,0.0,48039.0,0.0,0.0,0.0,0.0
2023-03-20 16:20:49.288000+00:00,163840.0,69500928.0,179474432.0,170868736.0,19.1,0.028052921,35.57,10340077.0,0.0,0.0,74781.0,15363349.0,0.0,0.0,48039.0,0.0,0.0,0.0,0.0
2023-03-20 16:20:54.625000+00:00,163840.0,69500928.0,179523584.0,170917888.0,19.12,0.011993932,35.66,10367821.0,0.0,0.0,75004.0,15397737.0,0.0,0.0,48191.0,0.0,0.0,0.0,0.0
2023-03-20 16:20:58.947000+00:00,163840.0,69500928.0,179523584.0,170917888.0,19.15,0.011993932,35.68,10378117.0,0.0,0.0,75092.0,15416224.0,0.0,0.0,48253.0,0.0,0.0,0.0,0.0
2023-03-20 16:21:03.109000+00:00,163840.0,69500928.0,179396608.0,170790912.0,19.16,0.011993932,35.7,10381219.0,0.0,0.0,75108.0,15419648.0,0.0,0.0,48264.0,0.0,0.0,0.0,0.0
2023-03-20 16:21:09.730000+00:00,163840.0,69500928.0,179654656.0,171048960.0,19.2,0.011993932,35.7,10393690.0,0.0,0.0,75215.0,15435303.0,0.0,0.0,48327.0,0.0,0.0,0.0,0.0
2023-03-20 16:21:14.427000+00:00,163840.0,69500928.0,179396608.0,170790912.0,19.21,0.011993932,35.81,10396071.0,0.0,0.0,75238.0,15439005.0,0.0,0.0,48347.0,0.0,0.0,0.0,0.0
2023-03-20 16:21:18.504000+00:00,163840.0,69500928.0,179396608.0,170790912.0,19.22,0.011993932,35.86,10414984.0,0.0,0.0,75414.0,15470788.0,0.0,0.0,48450.0,0.0,0.0,0.0,0.0
2023-03-20 16:21:23.907000+00:00,163840.0,69500928.0,179486720.0,170917888.0,19.25,0.011993932,35.9,10427939.0,0.0,0.0,75530.0,15489379.0,0.0,0.0,48527.0,0.0,0.0,0.0,0.0
2023-03-20 16:21:29.075000+00:00,163840.0,69500928.0,179617792.0,171044864.0,19.28,0.011993932,35.96,10434997.0,0.0,0.0,75595.0,15502086.0,0.0,0.0,48572.0,0.0,0.0,0.0,0.0
2023-03-20 16:21:33.730000+00:00,163840.0,69500928.0,179437568.0,170864640.0,19.3,0.011993932,36.02,10442296.0,0.0,0.0,75663.0,15515356.0,0.0,0.0,48610.0,0.0,0.0,0.0,0.0
2023-03-20 16:21:39.772000+00:00,163840.0,69500928.0,179617792.0,171044864.0,19.33,0.011993932,36.07,10458242.0,0.0,0.0,75813.0,15544314.0,0.0,0.0,48694.0,0.0,0.0,0.0,0.0
2023-03-20 16:21:44.802000+00:00,163840.0,69500928.0,179376128.0,170786816.0,19.35,0.011993932,36.11,10465733.0,0.0,0.0,75884.0,15556005.0,0.0,0.0,48734.0,0.0,0.0,0.0,0.0
2023-03-20 16:21:48.631000+00:00,163840.0,69500928.0,179380224.0,170790912.0,19.36,0.011993932,36.11,10475377.0,0.0,0.0,75970.0,15568149.0,0.0,0.0,48783.0,0.0,0.0,0.0,0.0
2023-03-20 16:21:54.755000+00:00,163840.0,69500928.0,179388416.0,170795008.0,19.38,0.011993932,36.2,10486308.0,0.0,0.0,76074.0,15588685.0,0.0,0.0,48844.0,0.0,0.0,0.0,0.0
2023-03-20 16:21:58.323000+00:00,163840.0,69500928.0,179511296.0,170917888.0,19.4,0.011993932,36.22,10496208.0,0.0,0.0,76168.0,15604630.0,0.0,0.0,48895.0,0.0,0.0,0.0,0.0
2023-03-20 16:22:03.711000+00:00,163840.0,69500928.0,179511296.0,170917888.0,19.42,0.011993932,36.26,10505532.0,0.0,0.0,76245.0,15617659.0,0.0,0.0,48945.0,0.0,0.0,0.0,0.0
2023-03-20 16:22:09.242000+00:00,163840.0,69500928.0,179511296.0,170917888.0,19.44,0.011993932,36.31,10505532.0,0.0,0.0,76245.0,15617659.0,0.0,0.0,49015.0,0.0,0.0,0.0,0.0
2023-03-20 16:22:14.408000+00:00,163840.0,69500928.0,179617792.0,171024384.0,19.46,0.011993932,36.36,10569137.0,0.0,0.0,76477.0,15688044.0,0.0,0.0,49108.0,0.0,0.0,0.0,0.0
2023-03-20 16:22:18.499000+00:00,163840.0,69500928.0,179642368.0,171048960.0,19.48,0.011993932,36.36,10580211.0,0.0,0.0,76574.0,15703683.0,0.0,0.0,49173.0,0.0,0.0,0.0,0.0
2023-03-20 16:22:24.721000+00:00,167936.0,69500928.0,179691520.0,171053056.0,19.51,0.011993932,36.43,10596938.0,0.0,0.0,76709.0,15725088.0,0.0,0.0,49251.0,0.0,0.0,0.0,0.0
2023-03-20 16:22:29.240000+00:00,167936.0,69500928.0,179691520.0,171053056.0,19.56,0.011993932,36.46,10596938.0,0.0,0.0,76709.0,15725088.0,0.0,0.0,49251.0,0.0,0.0,0.0,0.0
2023-03-20 16:22:33.597000+00:00,167936.0,69500928.0,179687424.0,171048960.0,19.57,0.011993932,36.49,10619555.0,0.0,0.0,76882.0,15755803.0,0.0,0.0,49368.0,0.0,0.0,0.0,0.0
2023-03-20 16:22:39.734000+00:00,167936.0,69500928.0,179687424.0,171048960.0,19.58,0.011993932,36.55,10619555.0,0.0,0.0,76882.0,15755803.0,0.0,0.0,49454.0,0.0,0.0,0.0,0.0
2023-03-20 16:22:44.855000+00:00,167936.0,69500928.0,179556352.0,170917888.0,19.61,0.011993932,36.58,10647567.0,0.0,0.0,77113.0,15832257.0,0.0,0.0,49514.0,0.0,0.0,0.0,0.0
2023-03-20 16:22:48.659000+00:00,167936.0,69500928.0,179556352.0,170917888.0,19.64,0.011993932,36.58,10667426.0,0.0,0.0,77269.0,15858726.0,0.0,0.0,49605.0,0.0,0.0,0.0,0.0
2023-03-20 16:22:54.657000+00:00,167936.0,69500928.0,179437568.0,170795008.0,19.68,0.011993932,36.66,10687114.0,0.0,0.0,77416.0,15883626.0,0.0,0.0,49707.0,0.0,0.0,0.0,0.0
2023-03-20 16:22:59.275000+00:00,167936.0,69500928.0,179568640.0,170926080.0,19.68,0.011993932,36.71,10700344.0,0.0,0.0,77416.0,15883626.0,0.0,0.0,49707.0,0.0,0.0,0.0,0.0
2023-03-20 16:23:04.489000+00:00,167936.0,69509120.0,179544064.0,170901504.0,19.72,0.011993932,36.77,10750534.0,0.0,0.0,77631.0,15953966.0,0.0,0.0,49861.0,0.0,0.0,0.0,0.0
2023-03-20 16:23:09.442000+00:00,167936.0,69509120.0,179568640.0,170926080.0,19.73,0.011993932,36.8,10758571.0,0.0,0.0,77691.0,15961788.0,0.0,0.0,49908.0,0.0,0.0,0.0,0.0
2023-03-20 16:23:13.970000+00:00,167936.0,69509120.0,179699712.0,171057152.0,19.74,0.011993932,36.83,10777801.0,0.0,0.0,77816.0,15981454.0,0.0,0.0,50015.0,0.0,0.0,0.0,0.0
2023-03-20 16:23:18.775000+00:00,167936.0,69509120.0,179699712.0,171057152.0,19.76,0.011993932,36.88,10777801.0,0.0,0.0,77816.0,15981454.0,0.0,0.0,50107.0,0.0,0.0,0.0,0.0
2023-03-20 16:23:24.093000+00:00,167936.0,69509120.0,179539968.0,170893312.0,19.77,0.011993932,36.94,10831269.0,0.0,0.0,77955.0,16037410.0,0.0,0.0,50127.0,0.0,0.0,0.0,0.0
2023-03-20 16:23:28.620000+00:00,167936.0,69509120.0,179609600.0,170930176.0,19.78,0.011993932,36.96,10837370.0,0.0,0.0,78005.0,16044868.0,0.0,0.0,50163.0,0.0,0.0,0.0,0.0
2023-03-20 16:23:34.570000+00:00,167936.0,69509120.0,179609600.0,170930176.0,19.8,0.011993932,37.02,10844956.0,0.0,0.0,78081.0,16094473.0,0.0,0.0,50225.0,0.0,0.0,0.0,0.0
2023-03-20 16:23:39.537000+00:00,167936.0,69509120.0,179609600.0,170930176.0,19.81,0.21886257,37.02,10844956.0,0.0,0.0,78081.0,16094473.0,0.0,0.0,50225.0,0.0,0.0,0.0,0.0
2023-03-20 16:23:44.778000+00:00,167936.0,69509120.0,179482624.0,170803200.0,19.83,0.011993932,37.11,10868443.0,0.0,0.0,78276.0,16164059.0,0.0,0.0,50368.0,0.0,0.0,0.0,0.0
2023-03-20 16:23:49.662000+00:00,167936.0,69509120.0,179482624.0,170803200.0,19.84,0.002357392,37.11,10868443.0,0.0,0.0,78276.0,16164059.0,0.0,0.0,50368.0,0.0,0.0,0.0,0.0
2023-03-20 16:23:53.799000+00:00,167936.0,69509120.0,179609600.0,170930176.0,19.85,0.011993932,37.17,10885549.0,0.0,0.0,78428.0,16187178.0,0.0,0.0,50465.0,0.0,0.0,0.0,0.0
2023-03-20 16:23:58.420000+00:00,167936.0,69509120.0,179609600.0,170930176.0,19.87,0.011993932,37.22,10885549.0,0.0,0.0,78428.0,16187178.0,0.0,0.0,50465.0,0.0,0.0,0.0,0.0
2023-03-20 16:24:03.718000+00:00,167936.0,69509120.0,179613696.0,170934272.0,19.9,0.011993932,37.25,10900767.0,0.0,0.0,78555.0,16203696.0,0.0,0.0,50555.0,0.0,0.0,0.0,0.0
2023-03-20 16:24:09.679000+00:00,167936.0,69509120.0,179613696.0,170934272.0,19.92,0.011993932,37.3,10900767.0,0.0,0.0,78688.0,16224519.0,0.0,0.0,50639.0,0.0,0.0,0.0,0.0
2023-03-20 16:24:13.539000+00:00,167936.0,69509120.0,179482624.0,170799104.0,19.94,0.011993932,37.34,10931588.0,0.0,0.0,78808.0,16241846.0,0.0,0.0,50714.0,0.0,0.0,0.0,0.0
2023-03-20 16:24:19.818000+00:00,167936.0,69509120.0,179613696.0,170930176.0,19.99,0.011993932,37.4,10948330.0,0.0,0.0,78939.0,16267582.0,0.0,0.0,50810.0,0.0,0.0,0.0,0.0
2023-03-20 16:24:24.551000+00:00,167936.0,69509120.0,179486720.0,170803200.0,20.02,0.011993932,37.47,10971912.0,0.0,0.0,79142.0,16338571.0,0.0,0.0,50939.0,0.0,0.0,0.0,0.0
2023-03-20 16:24:29.259000+00:00,167936.0,69509120.0,179486720.0,170803200.0,20.04,0.011993932,37.51,10971912.0,0.0,0.0,79142.0,16338571.0,0.0,0.0,50939.0,0.0,0.0,0.0,0.0
2023-03-20 16:24:34.708000+00:00,167936.0,69517312.0,179585024.0,170901504.0,20.08,0.011993932,37.56,11031100.0,0.0,0.0,79354.0,16407843.0,0.0,0.0,51078.0,0.0,0.0,0.0,0.0
2023-03-20 16:24:39.296000+00:00,167936.0,69517312.0,179585024.0,170901504.0,20.1,0.011993932,37.6,11031100.0,0.0,0.0,79535.0,16436237.0,0.0,0.0,51186.0,0.0,0.0,0.0,0.0
2023-03-20 16:24:43.473000+00:00,167936.0,69517312.0,179490816.0,170807296.0,20.12,0.011993932,37.63,11106238.0,0.0,0.0,79687.0,16500884.0,0.0,0.0,51305.0,0.0,0.0,0.0,0.0
2023-03-20 16:24:49.353000+00:00,167936.0,69517312.0,179757056.0,171073536.0,20.14,0.011993932,37.73,11130405.0,0.0,0.0,79862.0,16530935.0,0.0,0.0,51409.0,0.0,0.0,0.0,0.0
2023-03-20 16:24:54.431000+00:00,167936.0,69517312.0,179580928.0,170897408.0,20.15,0.011993932,37.78,11137548.0,0.0,0.0,79929.0,16544461.0,0.0,0.0,51444.0,0.0,0.0,0.0,0.0
2023-03-20 16:24:58.831000+00:00,167936.0,69517312.0,179625984.0,170942464.0,20.16,0.011993932,37.8,11144762.0,0.0,0.0,79974.0,16551331.0,0.0,0.0,51482.0,0.0,0.0,0.0,0.0
2023-03-20 16:25:04.152000+00:00,167936.0,69517312.0,179580928.0,170897408.0,20.19,0.011993932,37.86,11158998.0,0.0,0.0,80096.0,16573123.0,0.0,0.0,51554.0,0.0,0.0,0.0,0.0
2023-03-20 16:25:09.259000+00:00,167936.0,69517312.0,179580928.0,171081728.0,20.2,0.011993932,37.91,11215082.0,0.0,0.0,80263.0,16674056.0,0.0,0.0,51677.0,0.0,0.0,0.0,0.0
2023-03-20 16:25:14.473000+00:00,167936.0,69525504.0,179511296.0,170823680.0,20.22,0.011993932,37.98,11238047.0,0.0,0.0,80447.0,16704370.0,0.0,0.0,51786.0,0.0,0.0,0.0,0.0
2023-03-20 16:25:19.272000+00:00,167936.0,69525504.0,179642368.0,170954752.0,20.24,0.011993932,38.02,11258083.0,0.0,0.0,80539.0,16763099.0,0.0,0.0,51861.0,0.0,0.0,0.0,0.0
2023-03-20 16:25:24.473000+00:00,167936.0,69533696.0,179646464.0,170958848.0,20.26,0.011993932,38.07,11296980.0,0.0,0.0,80620.0,16814021.0,0.0,0.0,51935.0,0.0,0.0,0.0,0.0
2023-03-20 16:25:28.802000+00:00,167936.0,69533696.0,179744768.0,171065344.0,20.28,0.011993932,38.11,11305012.0,0.0,0.0,80691.0,16824124.0,0.0,0.0,51979.0,0.0,0.0,0.0,0.0
2023-03-20 16:25:33.366000+00:00,167936.0,69533696.0,179765248.0,171085824.0,20.3,0.011993932,38.14,11315921.0,0.0,0.0,80792.0,16877261.0,0.0,0.0,52062.0,0.0,0.0,0.0,0.0
2023-03-20 16:25:39.667000+00:00,167936.0,69533696.0,179507200.0,170827776.0,20.31,0.011993932,38.21,11327940.0,0.0,0.0,80884.0,16892644.0,0.0,0.0,52126.0,0.0,0.0,0.0,0.0
2023-03-20 16:25:44.665000+00:00,167936.0,69533696.0,179519488.0,170835968.0,20.33,0.011993932,38.25,11333344.0,0.0,0.0,80926.0,16899936.0,0.0,0.0,52155.0,0.0,0.0,0.0,0.0
2023-03-20 16:25:49.555000+00:00,167936.0,69533696.0,179519488.0,170835968.0,20.34,0.011993932,38.28,11333344.0,0.0,0.0,80926.0,16899936.0,0.0,0.0,52155.0,0.0,0.0,0.0,0.0
2023-03-20 16:25:54.522000+00:00,167936.0,69533696.0,179642368.0,170958848.0,20.35,0.011993932,38.35,11347248.0,0.0,0.0,81054.0,16955695.0,0.0,0.0,52241.0,0.0,0.0,0.0,0.0
2023-03-20 16:25:58.655000+00:00,167936.0,69533696.0,179650560.0,170967040.0,20.38,0.011993932,38.36,11359951.0,0.0,0.0,81145.0,16970072.0,0.0,0.0,52305.0,0.0,0.0,0.0,0.0
2023-03-20 16:26:04.632000+00:00,167936.0,69533696.0,179720192.0,171036672.0,20.39,0.011993932,38.42,11364082.0,0.0,0.0,81178.0,16975991.0,0.0,0.0,52333.0,0.0,0.0,0.0,0.0
2023-03-20 16:26:09.348000+00:00,167936.0,69533696.0,179720192.0,171036672.0,20.41,0.011993932,38.46,11364082.0,0.0,0.0,81178.0,16975991.0,0.0,0.0,52333.0,0.0,0.0,0.0,0.0
2023-03-20 16:26:14.136000+00:00,167936.0,69533696.0,179720192.0,171036672.0,20.44,0.011993932,38.52,11388009.0,0.0,0.0,81386.0,17012184.0,0.0,0.0,52465.0,0.0,0.0,0.0,0.0
2023-03-20 16:26:19.100000+00:00,167936.0,69533696.0,179720192.0,171036672.0,20.46,0.011993932,38.55,11388009.0,0.0,0.0,81386.0,17012184.0,0.0,0.0,52465.0,0.0,0.0,0.0,0.0
2023-03-20 16:26:23.298000+00:00,167936.0,69533696.0,179511296.0,170827776.0,20.47,0.011993932,38.59,11405169.0,0.0,0.0,81528.0,17034994.0,0.0,0.0,52567.0,0.0,0.0,0.0,0.0
2023-03-20 16:26:29.722000+00:00,167936.0,69533696.0,179511296.0,170827776.0,20.48,0.011993932,38.66,11405169.0,0.0,0.0,81528.0,17034994.0,0.0,0.0,52567.0,0.0,0.0,0.0,0.0
2023-03-20 16:26:34.223000+00:00,167936.0,69533696.0,179654656.0,170967040.0,20.5,0.011993932,38.71,11414447.0,0.0,0.0,81614.0,17047388.0,0.0,0.0,52622.0,0.0,0.0,0.0,0.0
2023-03-20 16:26:38.189000+00:00,167936.0,69533696.0,179781632.0,171094016.0,20.53,0.011993932,38.74,11425662.0,0.0,0.0,81709.0,17061615.0,0.0,0.0,52674.0,0.0,0.0,0.0,0.0
2023-03-20 16:26:44.591000+00:00,167936.0,69533696.0,179548160.0,170840064.0,20.58,0.011993932,38.78,11439962.0,0.0,0.0,81836.0,17085472.0,0.0,0.0,52750.0,0.0,0.0,0.0,0.0
2023-03-20 16:26:49.592000+00:00,167936.0,69533696.0,179548160.0,170840064.0,20.6,0.011993932,38.83,11439962.0,0.0,0.0,81836.0,17085472.0,0.0,0.0,52750.0,0.0,0.0,0.0,0.0
2023-03-20 16:26:54.262000+00:00,167936.0,69545984.0,179671040.0,170962944.0,20.62,0.011993932,38.87,11521408.0,0.0,0.0,82200.0,17185351.0,0.0,0.0,52991.0,0.0,0.0,0.0,0.0
2023-03-20 16:26:59.487000+00:00,167936.0,69545984.0,179695616.0,170987520.0,20.65,0.011993932,38.9,11527571.0,0.0,0.0,82260.0,17185351.0,0.0,0.0,52991.0,0.0,0.0,0.0,0.0
2023-03-20 16:27:03.931000+00:00,167936.0,69545984.0,179822592.0,171114496.0,20.69,0.011993932,38.91,11547253.0,0.0,0.0,82408.0,17217978.0,0.0,0.0,53124.0,0.0,0.0,0.0,0.0
2023-03-20 16:27:09.430000+00:00,167936.0,69545984.0,179560448.0,170852352.0,20.72,0.011993932,38.96,11568457.0,0.0,0.0,82573.0,17244794.0,0.0,0.0,53219.0,0.0,0.0,0.0,0.0
2023-03-20 16:27:14.838000+00:00,167936.0,69545984.0,179564544.0,170852352.0,20.72,0.011993932,39.0,11579801.0,0.0,0.0,82676.0,17260616.0,0.0,0.0,53281.0,0.0,0.0,0.0,0.0
2023-03-20 16:27:19.434000+00:00,167936.0,69545984.0,179564544.0,170852352.0,20.74,0.011993932,39.04,11579801.0,0.0,0.0,82676.0,17260616.0,0.0,0.0,53281.0,0.0,0.0,0.0,0.0
2023-03-20 16:27:24.140000+00:00,167936.0,69545984.0,179675136.0,170962944.0,20.78,0.011993932,39.1,11611873.0,0.0,0.0,82955.0,17348934.0,0.0,0.0,53456.0,0.0,0.0,0.0,0.0
2023-03-20 16:27:28.943000+00:00,167936.0,69545984.0,179695616.0,170983424.0,20.8,0.011993932,39.13,11621681.0,0.0,0.0,83032.0,17362370.0,0.0,0.0,53509.0,0.0,0.0,0.0,0.0
2023-03-20 16:27:33.431000+00:00,167936.0,69545984.0,179728384.0,170995712.0,20.82,0.011993932,39.18,11625952.0,0.0,0.0,83068.0,17371215.0,0.0,0.0,53535.0,0.0,0.0,0.0,0.0
2023-03-20 16:27:39.162000+00:00,167936.0,69545984.0,179728384.0,170995712.0,20.83,0.011993932,39.22,11625952.0,0.0,0.0,83068.0,17371215.0,0.0,0.0,53565.0,0.0,0.0,0.0,0.0
2023-03-20 16:27:44.382000+00:00,167936.0,69545984.0,179834880.0,171102208.0,20.85,0.011993932,39.26,11640727.0,0.0,0.0,83191.0,17391036.0,0.0,0.0,53620.0,0.0,0.0,0.0,0.0
2023-03-20 16:27:48.116000+00:00,167936.0,69545984.0,179834880.0,171102208.0,20.87,0.011993932,39.28,11640727.0,0.0,0.0,83191.0,17391036.0,0.0,0.0,53620.0,0.0,0.0,0.0,0.0
2023-03-20 16:27:53.085000+00:00,167936.0,69558272.0,180117504.0,171384832.0,20.89,0.011993932,39.32,11703145.0,0.0,0.0,83397.0,17463059.0,0.0,0.0,53783.0,0.0,0.0,0.0,0.0
2023-03-20 16:27:59.256000+00:00,167936.0,69558272.0,180117504.0,171384832.0,20.92,0.011993932,39.37,11703145.0,0.0,0.0,83397.0,17463059.0,0.0,0.0,53783.0,0.0,0.0,0.0,0.0
2023-03-20 16:28:04.274000+00:00,167936.0,69558272.0,179716096.0,170979328.0,20.92,0.011993932,39.42,11715317.0,0.0,0.0,83501.0,17479919.0,0.0,0.0,53849.0,0.0,0.0,0.0,0.0
2023-03-20 16:28:08.771000+00:00,167936.0,69558272.0,179716096.0,170979328.0,20.94,0.011993932,39.45,11715317.0,0.0,0.0,83501.0,17479919.0,0.0,0.0,53849.0,0.0,0.0,0.0,0.0
2023-03-20 16:28:14.917000+00:00,167936.0,69664768.0,179851264.0,171114496.0,20.94,0.011993932,39.52,11737042.0,0.0,0.0,83675.0,17508182.0,0.0,0.0,53963.0,0.0,0.0,0.0,0.0
2023-03-20 16:28:18.379000+00:00,167936.0,69664768.0,179851264.0,171114496.0,20.96,0.011993932,39.53,11740583.0,0.0,0.0,83704.0,17510608.0,0.0,0.0,53983.0,0.0,0.0,0.0,0.0
2023-03-20 16:28:23.543000+00:00,167936.0,69664768.0,179978240.0,171241472.0,20.98,0.011993932,39.56,11751163.0,0.0,0.0,83802.0,17562787.0,0.0,0.0,54063.0,0.0,0.0,0.0,0.0
2023-03-20 16:28:28.753000+00:00,167936.0,69664768.0,179978240.0,171241472.0,21.02,0.011993932,39.56,11751163.0,0.0,0.0,83802.0,17615655.0,0.0,0.0,54163.0,0.0,0.0,0.0,0.0
2023-03-20 16:28:34.093000+00:00,167936.0,69865472.0,180129792.0,171364352.0,21.07,0.011993932,39.67,11813047.0,0.0,0.0,84006.0,17628423.0,0.0,0.0,54209.0,0.0,0.0,0.0,0.0
2023-03-20 16:28:39.492000+00:00,167936.0,69865472.0,180129792.0,171364352.0,21.08,0.011993932,39.71,11813047.0,0.0,0.0,84006.0,17628423.0,0.0,0.0,54209.0,0.0,0.0,0.0,0.0
2023-03-20 16:28:44.751000+00:00,167936.0,69881856.0,180191232.0,171425792.0,21.12,0.011993932,39.75,11888433.0,0.0,0.0,84333.0,17721563.0,0.0,0.0,54422.0,0.0,0.0,0.0,0.0
2023-03-20 16:28:49.788000+00:00,167936.0,69881856.0,180191232.0,171425792.0,21.13,0.011993932,39.78,11888433.0,0.0,0.0,84333.0,17721563.0,0.0,0.0,54422.0,0.0,0.0,0.0,0.0
2023-03-20 16:28:53.631000+00:00,167936.0,69881856.0,180097024.0,171331584.0,21.14,0.011993932,39.81,11901579.0,0.0,0.0,84422.0,17738352.0,0.0,0.0,54493.0,0.0,0.0,0.0,0.0
2023-03-20 16:28:59.393000+00:00,167936.0,69881856.0,180097024.0,171331584.0,21.17,0.011993932,39.85,11901579.0,0.0,0.0,84422.0,17738352.0,0.0,0.0,54493.0,0.0,0.0,0.0,0.0
2023-03-20 16:29:04.332000+00:00,167936.0,69885952.0,180072448.0,171302912.0,21.18,0.011993932,39.9,11927236.0,0.0,0.0,84654.0,17814378.0,0.0,0.0,54640.0,0.0,0.0,0.0,0.0
2023-03-20 16:29:09.801000+00:00,167936.0,69885952.0,180072448.0,171302912.0,21.2,0.011993932,39.95,11927236.0,0.0,0.0,84654.0,17814378.0,0.0,0.0,54640.0,0.0,0.0,0.0,0.0
2023-03-20 16:29:14.629000+00:00,167936.0,70094848.0,180183040.0,171413504.0,21.22,0.011993932,40.0,11950506.0,0.0,0.0,84855.0,17847718.0,0.0,0.0,54773.0,0.0,0.0,0.0,0.0
2023-03-20 16:29:19.122000+00:00,167936.0,70094848.0,180580352.0,171810816.0,21.25,0.011993932,40.0,11963739.0,0.0,0.0,84963.0,17907016.0,0.0,0.0,54845.0,0.0,0.0,0.0,0.0
2023-03-20 16:29:23.563000+00:00,167936.0,70094848.0,180314112.0,171544576.0,21.28,0.011993932,40.08,11977912.0,0.0,0.0,85089.0,17929865.0,0.0,0.0,54921.0,0.0,0.0,0.0,0.0
2023-03-20 16:29:28.901000+00:00,167936.0,70094848.0,180314112.0,171544576.0,21.3,0.011993932,40.12,11977912.0,0.0,0.0,85089.0,17929865.0,0.0,0.0,54921.0,0.0,0.0,0.0,0.0
2023-03-20 16:29:33.846000+00:00,167936.0,70094848.0,180211712.0,171417600.0,21.34,0.011993932,40.2,12009629.0,0.0,0.0,85366.0,17977742.0,0.0,0.0,55091.0,0.0,0.0,0.0,0.0
2023-03-20 16:29:39.199000+00:00,167936.0,70094848.0,180473856.0,171679744.0,21.38,0.011993932,40.24,12022364.0,0.0,0.0,85474.0,18033927.0,0.0,0.0,55172.0,0.0,0.0,0.0,0.0
2023-03-20 16:29:44.445000+00:00,167936.0,70094848.0,180436992.0,171638784.0,21.39,0.011993932,40.29,12035299.0,0.0,0.0,85549.0,18045246.0,0.0,0.0,55229.0,0.0,0.0,0.0,0.0
2023-03-20 16:29:48.744000+00:00,167936.0,70094848.0,180436992.0,171638784.0,21.4,0.011993932,40.32,12035299.0,0.0,0.0,85549.0,18045246.0,0.0,0.0,55229.0,0.0,0.0,0.0,0.0
2023-03-20 16:29:53.736000+00:00,167936.0,70094848.0,180215808.0,171417600.0,21.42,0.011993932,40.35,12051617.0,0.0,0.0,85692.0,18098759.0,0.0,0.0,55329.0,0.0,0.0,0.0,0.0
2023-03-20 16:29:59.231000+00:00,167936.0,70094848.0,180215808.0,171417600.0,21.45,0.011993932,40.4,12051617.0,0.0,0.0,85692.0,18098759.0,0.0,0.0,55329.0,0.0,0.0,0.0,0.0
2023-03-20 16:30:03.474000+00:00,167936.0,70094848.0,180342784.0,171544576.0,21.46,0.011993932,40.44,12064605.0,0.0,0.0,85811.0,18131171.0,0.0,0.0,55411.0,0.0,0.0,0.0,0.0
2023-03-20 16:30:09.412000+00:00,167936.0,70094848.0,180473856.0,171675648.0,21.47,0.011993932,40.49,12067881.0,0.0,0.0,85811.0,18131171.0,0.0,0.0,55411.0,0.0,0.0,0.0,0.0
2023-03-20 16:30:14.881000+00:00,167936.0,70094848.0,180305920.0,171503616.0,21.5,0.011993932,40.54,12078162.0,0.0,0.0,85935.0,18152613.0,0.0,0.0,55486.0,0.0,0.0,0.0,0.0
2023-03-20 16:30:18.684000+00:00,167936.0,70094848.0,180350976.0,171548672.0,21.53,0.011993932,40.54,12085142.0,0.0,0.0,85999.0,18161816.0,0.0,0.0,55524.0,0.0,0.0,0.0,0.0
2023-03-20 16:30:24.745000+00:00,172032.0,70103040.0,180314112.0,171511808.0,21.56,0.011993932,40.63,12143899.0,0.0,0.0,86170.0,18227714.0,0.0,0.0,55637.0,0.0,0.0,0.0,0.0
2023-03-20 16:30:29.721000+00:00,172032.0,70103040.0,180359168.0,171556864.0,21.59,0.011993932,40.66,12160161.0,0.0,0.0,86311.0,18329312.0,0.0,0.0,55637.0,0.0,0.0,0.0,0.0
2023-03-20 16:30:34.074000+00:00,172032.0,70103040.0,180432896.0,171614208.0,21.6,0.011993932,40.72,12182955.0,0.0,0.0,86341.0,18331971.0,0.0,0.0,55766.0,0.0,0.0,0.0,0.0
2023-03-20 16:30:39.753000+00:00,172032.0,70131712.0,180539392.0,171720704.0,21.63,0.011993932,40.74,12215104.0,0.0,0.0,86441.0,18345253.0,0.0,0.0,55840.0,0.0,0.0,0.0,0.0
2023-03-20 16:30:44.154000+00:00,172032.0,70131712.0,180367360.0,171548672.0,21.66,0.011993932,40.78,12225820.0,0.0,0.0,86539.0,18363031.0,0.0,0.0,55900.0,0.0,0.0,0.0,0.0
2023-03-20 16:30:49.591000+00:00,172032.0,70131712.0,180367360.0,171548672.0,21.68,0.011993932,40.82,12225820.0,0.0,0.0,86539.0,18363031.0,0.0,0.0,55900.0,0.0,0.0,0.0,0.0
2023-03-20 16:30:54.729000+00:00,172032.0,70131712.0,180498432.0,171675648.0,21.69,0.011993932,40.88,12251186.0,0.0,0.0,86731.0,18396305.0,0.0,0.0,56023.0,0.0,0.0,0.0,0.0
2023-03-20 16:30:59.569000+00:00,172032.0,70131712.0,180289536.0,171466752.0,21.72,0.011993932,40.92,12267636.0,0.0,0.0,86882.0,18462403.0,0.0,0.0,56127.0,0.0,0.0,0.0,0.0
2023-03-20 16:31:04.307000+00:00,172032.0,70131712.0,180416512.0,171593728.0,21.74,0.011993932,40.97,12272584.0,0.0,0.0,86924.0,18468047.0,0.0,0.0,56163.0,0.0,0.0,0.0,0.0
2023-03-20 16:31:09.704000+00:00,172032.0,70131712.0,180416512.0,171593728.0,21.76,0.011993932,40.97,12272584.0,0.0,0.0,86924.0,18468047.0,0.0,0.0,56278.0,0.0,0.0,0.0,0.0
2023-03-20 16:31:13.795000+00:00,172032.0,70352896.0,180768768.0,171945984.0,21.78,0.011993932,41.02,12300700.0,0.0,0.0,87158.0,18550781.0,0.0,0.0,56320.0,0.0,0.0,0.0,0.0
2023-03-20 16:31:18.418000+00:00,172032.0,70352896.0,180768768.0,171945984.0,21.81,0.011993932,41.08,12300700.0,0.0,0.0,87158.0,18550781.0,0.0,0.0,56320.0,0.0,0.0,0.0,0.0
2023-03-20 16:31:24.718000+00:00,172032.0,70352896.0,180510720.0,171683840.0,21.85,0.011993932,41.14,12330926.0,0.0,0.0,87399.0,18594506.0,0.0,0.0,56469.0,0.0,0.0,0.0,0.0
2023-03-20 16:31:28.898000+00:00,172032.0,70352896.0,180510720.0,171683840.0,21.87,0.011993932,41.18,12330926.0,0.0,0.0,87399.0,18594506.0,0.0,0.0,56469.0,0.0,0.0,0.0,0.0
2023-03-20 16:31:33.606000+00:00,172032.0,70352896.0,180822016.0,172003328.0,21.89,0.011993932,41.26,12355291.0,0.0,0.0,87598.0,18627888.0,0.0,0.0,56595.0,0.0,0.0,0.0,0.0
2023-03-20 16:31:39.526000+00:00,172032.0,70352896.0,180822016.0,172003328.0,21.92,0.011993932,41.29,12355291.0,0.0,0.0,87598.0,18627888.0,0.0,0.0,56595.0,0.0,0.0,0.0,0.0
2023-03-20 16:31:44.521000+00:00,172032.0,70365184.0,180776960.0,171958272.0,21.93,0.011993932,41.33,12417820.0,0.0,0.0,87789.0,18695392.0,0.0,0.0,56737.0,0.0,0.0,0.0,0.0
2023-03-20 16:31:48.942000+00:00,172032.0,70365184.0,180535296.0,171696128.0,21.95,0.011993932,41.36,12425800.0,0.0,0.0,87865.0,18708105.0,0.0,0.0,56784.0,0.0,0.0,0.0,0.0
2023-03-20 16:31:54.179000+00:00,172032.0,70365184.0,180781056.0,171941888.0,21.98,0.011993932,41.41,12439649.0,0.0,0.0,87988.0,18728316.0,0.0,0.0,56854.0,0.0,0.0,0.0,0.0
2023-03-20 16:31:58.846000+00:00,172032.0,70365184.0,180539392.0,171700224.0,22.01,0.011993932,41.43,12453232.0,0.0,0.0,88105.0,18746479.0,0.0,0.0,56932.0,0.0,0.0,0.0,0.0
2023-03-20 16:32:03.480000+00:00,172032.0,70365184.0,180535296.0,171696128.0,22.05,0.011993932,41.46,12467337.0,0.0,0.0,88209.0,18763121.0,0.0,0.0,57015.0,0.0,0.0,0.0,0.0
2023-03-20 16:32:09.413000+00:00,172032.0,70365184.0,180535296.0,171696128.0,22.08,0.011993932,41.5,12467337.0,0.0,0.0,88209.0,18763121.0,0.0,0.0,57015.0,0.0,0.0,0.0,0.0
2023-03-20 16:32:13.625000+00:00,172032.0,70365184.0,180670464.0,171831296.0,22.1,0.011993932,41.53,12482181.0,0.0,0.0,88325.0,18779725.0,0.0,0.0,57093.0,0.0,0.0,0.0,0.0
2023-03-20 16:32:19.434000+00:00,172032.0,70365184.0,180797440.0,171958272.0,22.13,0.011993932,41.53,12492690.0,0.0,0.0,88419.0,18833374.0,0.0,0.0,57155.0,0.0,0.0,0.0,0.0
2023-03-20 16:32:24.453000+00:00,172032.0,70365184.0,180776960.0,171933696.0,22.14,0.011993932,41.63,12502365.0,0.0,0.0,88511.0,18847797.0,0.0,0.0,57204.0,0.0,0.0,0.0,0.0
2023-03-20 16:32:28.699000+00:00,172032.0,70365184.0,180776960.0,171933696.0,22.16,0.011993932,41.63,12502365.0,0.0,0.0,88511.0,18847797.0,0.0,0.0,57204.0,0.0,0.0,0.0,0.0
2023-03-20 16:32:34.315000+00:00,172032.0,70365184.0,180662272.0,171753472.0,22.17,0.011993932,41.72,12527831.0,0.0,0.0,88712.0,18868332.0,0.0,0.0,57349.0,0.0,0.0,0.0,0.0
2023-03-20 16:32:39.198000+00:00,172032.0,70365184.0,180662272.0,171753472.0,22.2,0.011993932,41.74,12527831.0,0.0,0.0,88712.0,18868332.0,0.0,0.0,57349.0,0.0,0.0,0.0,0.0
2023-03-20 16:32:44.469000+00:00,172032.0,70369280.0,180854784.0,171945984.0,22.22,0.011993932,41.78,12583797.0,0.0,0.0,88851.0,18926282.0,0.0,0.0,57458.0,0.0,0.0,0.0,0.0
2023-03-20 16:32:49.591000+00:00,172032.0,70369280.0,180617216.0,171708416.0,22.25,0.011993932,41.8,12589176.0,0.0,0.0,88901.0,18933426.0,0.0,0.0,57487.0,0.0,0.0,0.0,0.0
2023-03-20 16:32:54.831000+00:00,172032.0,70369280.0,180621312.0,171708416.0,22.26,0.011993932,41.84,12595096.0,0.0,0.0,88943.0,18940560.0,0.0,0.0,57521.0,0.0,0.0,0.0,0.0
2023-03-20 16:32:58.629000+00:00,172032.0,70369280.0,180621312.0,171708416.0,22.28,0.011993932,41.86,12595096.0,0.0,0.0,88943.0,18940560.0,0.0,0.0,57521.0,0.0,0.0,0.0,0.0
2023-03-20 16:33:04.726000+00:00,172032.0,70369280.0,180850688.0,171937792.0,22.3,0.011993932,41.91,12613731.0,0.0,0.0,89105.0,18963981.0,0.0,0.0,57629.0,0.0,0.0,0.0,0.0
2023-03-20 16:33:09.079000+00:00,172032.0,70369280.0,180850688.0,171937792.0,22.32,0.011993932,41.92,12613731.0,0.0,0.0,89105.0,18963981.0,0.0,0.0,57629.0,0.0,0.0,0.0,0.0
2023-03-20 16:33:13.934000+00:00,172032.0,70369280.0,180748288.0,171835392.0,22.34,0.011993932,41.94,12619007.0,0.0,0.0,89155.0,18970244.0,0.0,0.0,57667.0,0.0,0.0,0.0,0.0
2023-03-20 16:33:18.656000+00:00,172032.0,70369280.0,180748288.0,171835392.0,22.37,0.011993932,41.98,12632367.0,0.0,0.0,89278.0,19031348.0,0.0,0.0,57741.0,0.0,0.0,0.0,0.0
2023-03-20 16:33:24.467000+00:00,172032.0,70369280.0,180727808.0,171814912.0,22.39,0.011993932,42.02,12643421.0,0.0,0.0,89363.0,19042545.0,0.0,0.0,57792.0,0.0,0.0,0.0,0.0
2023-03-20 16:33:28.910000+00:00,172032.0,70369280.0,180621312.0,171708416.0,22.42,0.011993932,42.02,12659563.0,0.0,0.0,89505.0,19064985.0,0.0,0.0,57792.0,0.0,0.0,0.0,0.0
2023-03-20 16:33:33.815000+00:00,172032.0,70369280.0,180752384.0,171839488.0,22.45,0.011993932,42.14,12686147.0,0.0,0.0,89742.0,19105661.0,0.0,0.0,58009.0,0.0,0.0,0.0,0.0
2023-03-20 16:33:38.790000+00:00,172032.0,70369280.0,180613120.0,171704320.0,22.48,0.011993932,42.14,12695790.0,0.0,0.0,89826.0,19119078.0,0.0,0.0,58057.0,0.0,0.0,0.0,0.0
2023-03-20 16:33:44.196000+00:00,172032.0,70369280.0,180617216.0,171708416.0,22.51,0.011993932,42.24,12746282.0,0.0,0.0,90022.0,19188702.0,0.0,0.0,58197.0,0.0,0.0,0.0,0.0
2023-03-20 16:33:48.357000+00:00,172032.0,70369280.0,180617216.0,171708416.0,22.53,0.011993932,42.26,12746282.0,0.0,0.0,90116.0,19202804.0,0.0,0.0,58265.0,0.0,0.0,0.0,0.0
2023-03-20 16:33:53.147000+00:00,172032.0,70393856.0,180768768.0,171859968.0,22.55,0.011993932,42.3,12827075.0,0.0,0.0,90239.0,19264029.0,0.0,0.0,58363.0,0.0,0.0,0.0,0.0
2023-03-20 16:33:59.759000+00:00,172032.0,70393856.0,180768768.0,171859968.0,22.58,0.011993932,42.33,12827075.0,0.0,0.0,90239.0,19264029.0,0.0,0.0,58363.0,0.0,0.0,0.0,0.0
2023-03-20 16:34:04.333000+00:00,172032.0,70393856.0,180740096.0,171827200.0,22.6,0.011993932,42.38,12841521.0,0.0,0.0,90364.0,19287283.0,0.0,0.0,58450.0,0.0,0.0,0.0,0.0
2023-03-20 16:34:08.584000+00:00,172032.0,70393856.0,180740096.0,171728896.0,22.61,0.011993932,42.38,12852022.0,0.0,0.0,90461.0,19305081.0,0.0,0.0,58506.0,0.0,0.0,0.0,0.0
2023-03-20 16:34:13.356000+00:00,172032.0,70393856.0,180903936.0,171991040.0,22.63,0.011993932,42.46,12861184.0,0.0,0.0,90549.0,19364137.0,0.0,0.0,58575.0,0.0,0.0,0.0,0.0
2023-03-20 16:34:18.828000+00:00,172032.0,70393856.0,180903936.0,171991040.0,22.66,0.011993932,42.5,12861184.0,0.0,0.0,90549.0,19364137.0,0.0,0.0,58652.0,0.0,0.0,0.0,0.0
2023-03-20 16:34:23.403000+00:00,172032.0,70402048.0,180908032.0,171995136.0,22.67,0.011993932,42.55,12938644.0,0.0,0.0,90813.0,19480878.0,0.0,0.0,58763.0,0.0,0.0,0.0,0.0
2023-03-20 16:34:29.477000+00:00,172032.0,70402048.0,180908032.0,171995136.0,22.7,0.011993932,42.55,12938644.0,0.0,0.0,90813.0,19480878.0,0.0,0.0,58763.0,0.0,0.0,0.0,0.0
2023-03-20 16:34:34.219000+00:00,172032.0,70402048.0,180879360.0,171966464.0,22.72,0.011993932,42.66,12955283.0,0.0,0.0,90962.0,19499338.0,0.0,0.0,58851.0,0.0,0.0,0.0,0.0
2023-03-20 16:34:39.839000+00:00,172032.0,70402048.0,180879360.0,171966464.0,22.76,0.011993932,42.71,12968517.0,0.0,0.0,91078.0,19515800.0,0.0,0.0,58919.0,0.0,0.0,0.0,0.0
2023-03-20 16:34:44.924000+00:00,172032.0,70402048.0,180670464.0,171737088.0,22.78,0.011993932,42.77,12983872.0,0.0,0.0,91218.0,19539201.0,0.0,0.0,59001.0,0.0,0.0,0.0,0.0
2023-03-20 16:34:49.717000+00:00,172032.0,70402048.0,180670464.0,171737088.0,22.8,0.011993932,42.8,12983872.0,0.0,0.0,91218.0,19539201.0,0.0,0.0,59065.0,0.0,0.0,0.0,0.0
2023-03-20 16:34:54.649000+00:00,172032.0,70402048.0,180891648.0,171958272.0,22.83,0.011993932,42.84,13005298.0,0.0,0.0,91388.0,19566348.0,0.0,0.0,59125.0,0.0,0.0,0.0,0.0
2023-03-20 16:34:59.680000+00:00,172032.0,70402048.0,180805632.0,171872256.0,22.86,0.011993932,42.87,13015512.0,0.0,0.0,91470.0,19580478.0,0.0,0.0,59182.0,0.0,0.0,0.0,0.0
2023-03-20 16:35:03.768000+00:00,172032.0,70402048.0,180670464.0,171737088.0,22.88,0.011993932,42.89,13019856.0,0.0,0.0,91513.0,19627643.0,0.0,0.0,59218.0,0.0,0.0,0.0,0.0
2023-03-20 16:35:08.131000+00:00,172032.0,70402048.0,180678656.0,171745280.0,22.91,0.011993932,42.96,13035856.0,0.0,0.0,91658.0,19654062.0,0.0,0.0,59297.0,0.0,0.0,0.0,0.0
2023-03-20 16:35:14.707000+00:00,172032.0,70418432.0,180920320.0,171982848.0,22.94,0.011993932,43.03,13148671.0,0.0,0.0,91907.0,19774131.0,0.0,0.0,59480.0,0.0,0.0,0.0,0.0
2023-03-20 16:35:18.873000+00:00,172032.0,70418432.0,180920320.0,171982848.0,22.96,0.011993932,43.07,13148671.0,0.0,0.0,91907.0,19774131.0,0.0,0.0,59567.0,0.0,0.0,0.0,0.0
2023-03-20 16:35:23.352000+00:00,172032.0,70418432.0,180957184.0,172019712.0,22.98,0.011993932,43.09,13173994.0,0.0,0.0,92116.0,19808290.0,0.0,0.0,59606.0,0.0,0.0,0.0,0.0
2023-03-20 16:35:29.572000+00:00,172032.0,70418432.0,180957184.0,172019712.0,23.02,0.011993932,43.16,13173994.0,0.0,0.0,92116.0,19808290.0,0.0,0.0,59606.0,0.0,0.0,0.0,0.0
2023-03-20 16:35:33.967000+00:00,172032.0,70418432.0,180830208.0,171892736.0,23.04,0.011993932,43.19,13209299.0,0.0,0.0,92406.0,19894176.0,0.0,0.0,59794.0,0.0,0.0,0.0,0.0
2023-03-20 16:35:38.990000+00:00,172032.0,70418432.0,180830208.0,171892736.0,23.08,0.011993932,43.26,13209299.0,0.0,0.0,92406.0,19894176.0,0.0,0.0,59884.0,0.0,0.0,0.0,0.0
2023-03-20 16:35:43.900000+00:00,172032.0,70418432.0,181002240.0,172023808.0,23.1,0.011993932,43.3,13248915.0,0.0,0.0,92759.0,20014429.0,0.0,0.0,60005.0,0.0,0.0,0.0,0.0
2023-03-20 16:35:49.775000+00:00,172032.0,70418432.0,180736000.0,171757568.0,23.12,0.011993932,43.36,13270001.0,0.0,0.0,92903.0,20059622.0,0.0,0.0,60119.0,0.0,0.0,0.0,0.0
2023-03-20 16:35:54.283000+00:00,172032.0,70418432.0,181088256.0,172105728.0,23.16,0.011993932,43.44,13283226.0,0.0,0.0,93028.0,20082929.0,0.0,0.0,60191.0,0.0,0.0,0.0,0.0
2023-03-20 16:35:59.771000+00:00,172032.0,70418432.0,181088256.0,172105728.0,23.2,0.011993932,43.46,13283226.0,0.0,0.0,93028.0,20082929.0,0.0,0.0,60191.0,0.0,0.0,0.0,0.0
2023-03-20 16:36:04.263000+00:00,172032.0,70418432.0,180826112.0,171843584.0,23.21,0.011993932,43.51,13301112.0,0.0,0.0,93168.0,20105281.0,0.0,0.0,60299.0,0.0,0.0,0.0,0.0
2023-03-20 16:36:08.448000+00:00,172032.0,70418432.0,180871168.0,171888640.0,23.23,0.011993932,43.54,13312853.0,0.0,0.0,93277.0,20127955.0,0.0,0.0,60370.0,0.0,0.0,0.0,0.0
2023-03-20 16:36:14.629000+00:00,172032.0,70418432.0,180826112.0,171843584.0,23.24,0.011993932,43.6,13327701.0,0.0,0.0,93384.0,20144683.0,0.0,0.0,60443.0,0.0,0.0,0.0,0.0
2023-03-20 16:36:19.302000+00:00,172032.0,70418432.0,181006336.0,172023808.0,23.25,0.011993932,43.63,13333776.0,0.0,0.0,93434.0,20152068.0,0.0,0.0,60480.0,0.0,0.0,0.0,0.0
2023-03-20 16:36:23.753000+00:00,172032.0,70418432.0,180875264.0,171892736.0,23.28,0.011993932,43.65,13345481.0,0.0,0.0,93532.0,20169698.0,0.0,0.0,60541.0,0.0,0.0,0.0,0.0
2023-03-20 16:36:29.120000+00:00,172032.0,70418432.0,180875264.0,171896832.0,23.29,0.011993932,43.65,13355926.0,0.0,0.0,93616.0,20181695.0,0.0,0.0,60598.0,0.0,0.0,0.0,0.0
2023-03-20 16:36:34.717000+00:00,172032.0,70418432.0,180752384.0,171765760.0,23.32,0.011993932,43.82,13406653.0,0.0,0.0,93786.0,20249271.0,0.0,0.0,60717.0,0.0,0.0,0.0,0.0
2023-03-20 16:36:38.117000+00:00,172032.0,70512640.0,180957184.0,171982848.0,23.35,0.011993932,43.85,13424866.0,0.0,0.0,93853.0,20303550.0,0.0,0.0,60765.0,0.0,0.0,0.0,0.0
2023-03-20 16:36:43.820000+00:00,172032.0,70512640.0,181088256.0,172113920.0,23.36,0.011993932,43.91,13443685.0,0.0,0.0,94006.0,20325774.0,0.0,0.0,60874.0,0.0,0.0,0.0,0.0
2023-03-20 16:36:49.325000+00:00,172032.0,70512640.0,181088256.0,172113920.0,23.38,0.011993932,43.96,13443685.0,0.0,0.0,94006.0,20325774.0,0.0,0.0,60874.0,0.0,0.0,0.0,0.0
2023-03-20 16:36:53.608000+00:00,172032.0,70512640.0,180985856.0,171991040.0,23.4,0.011993932,43.98,13462335.0,0.0,0.0,94155.0,20347703.0,0.0,0.0,60976.0,0.0,0.0,0.0,0.0
2023-03-20 16:36:59.383000+00:00,172032.0,70512640.0,180985856.0,171991040.0,23.42,0.011993932,44.02,13462335.0,0.0,0.0,94155.0,20347703.0,0.0,0.0,60976.0,0.0,0.0,0.0,0.0
2023-03-20 16:37:04.108000+00:00,172032.0,70529024.0,181088256.0,172093440.0,23.44,0.011993932,44.08,13484099.0,0.0,0.0,94345.0,20424459.0,0.0,0.0,61109.0,0.0,0.0,0.0,0.0
2023-03-20 16:37:08.652000+00:00,172032.0,70529024.0,181088256.0,172093440.0,23.46,0.011993932,44.1,13484099.0,0.0,0.0,94424.0,20434559.0,0.0,0.0,61161.0,0.0,0.0,0.0,0.0
2023-03-20 16:37:14.230000+00:00,172032.0,70533120.0,181104640.0,172105728.0,23.49,0.011993932,44.14,13500783.0,0.0,0.0,94491.0,20447132.0,0.0,0.0,61207.0,0.0,0.0,0.0,0.0
2023-03-20 16:37:19.447000+00:00,172032.0,70533120.0,181104640.0,172105728.0,23.51,0.011993932,44.18,13500783.0,0.0,0.0,94491.0,20447132.0,0.0,0.0,61249.0,0.0,0.0,0.0,0.0
2023-03-20 16:37:24.017000+00:00,172032.0,70533120.0,181133312.0,172134400.0,23.53,0.011993932,44.21,13515138.0,0.0,0.0,94613.0,20465603.0,0.0,0.0,61285.0,0.0,0.0,0.0,0.0
2023-03-20 16:37:28.933000+00:00,172032.0,70533120.0,181133312.0,172134400.0,23.54,0.562620555,44.21,13515138.0,0.0,0.0,94613.0,20465603.0,0.0,0.0,61285.0,0.0,0.0,0.0,0.0
2023-03-20 16:37:34.153000+00:00,172032.0,70549504.0,181125120.0,172126208.0,23.58,0.011993932,44.3,13635119.0,0.0,0.0,94923.0,20600251.0,0.0,0.0,61505.0,0.0,0.0,0.0,0.0
2023-03-20 16:37:38.359000+00:00,172032.0,70549504.0,180908032.0,171909120.0,23.6,0.011993932,44.34,13648711.0,0.0,0.0,95000.0,20607412.0,0.0,0.0,61553.0,0.0,0.0,0.0,0.0
2023-03-20 16:37:44.121000+00:00,172032.0,70565888.0,180899840.0,171913216.0,23.64,0.011993932,44.41,13672665.0,0.0,0.0,95190.0,20636967.0,0.0,0.0,61670.0,0.0,0.0,0.0,0.0
2023-03-20 16:37:49.408000+00:00,172032.0,70565888.0,181030912.0,172044288.0,23.65,0.011993932,44.41,13681017.0,0.0,0.0,95260.0,20645848.0,0.0,0.0,61709.0,0.0,0.0,0.0,0.0
2023-03-20 16:37:53.577000+00:00,172032.0,70565888.0,181161984.0,172175360.0,23.66,0.011993932,44.48,13689907.0,0.0,0.0,95335.0,20657933.0,0.0,0.0,61760.0,0.0,0.0,0.0,0.0
2023-03-20 16:37:59.255000+00:00,172032.0,70565888.0,181161984.0,172175360.0,23.69,0.011993932,44.54,13689907.0,0.0,0.0,95335.0,20657933.0,0.0,0.0,61760.0,0.0,0.0,0.0,0.0
2023-03-20 16:38:03.964000+00:00,172032.0,70565888.0,180903936.0,171917312.0,23.71,0.011993932,44.57,13714928.0,0.0,0.0,95567.0,20749231.0,0.0,0.0,61906.0,0.0,0.0,0.0,0.0
2023-03-20 16:38:09.318000+00:00,172032.0,70565888.0,180903936.0,171917312.0,23.74,0.011993932,44.64,13714928.0,0.0,0.0,95567.0,20749231.0,0.0,0.0,61906.0,0.0,0.0,0.0,0.0
2023-03-20 16:38:13.901000+00:00,172032.0,70569984.0,181035008.0,172048384.0,23.75,0.011993932,44.66,13789703.0,0.0,0.0,95816.0,20871739.0,0.0,0.0,62106.0,0.0,0.0,0.0,0.0
2023-03-20 16:38:18.465000+00:00,172032.0,70569984.0,181035008.0,172052480.0,23.78,0.011993932,44.66,13799544.0,0.0,0.0,95909.0,20893118.0,0.0,0.0,62165.0,0.0,0.0,0.0,0.0
2023-03-20 16:38:24.806000+00:00,176128.0,70569984.0,181006336.0,172015616.0,23.82,0.011993932,44.74,13818813.0,0.0,0.0,96052.0,20918264.0,0.0,0.0,62257.0,0.0,0.0,0.0,0.0
2023-03-20 16:38:29.280000+00:00,176128.0,70569984.0,181006336.0,172015616.0,23.84,0.011993932,44.77,13818813.0,0.0,0.0,96052.0,20918264.0,0.0,0.0,62257.0,0.0,0.0,0.0,0.0
2023-03-20 16:38:34.638000+00:00,176128.0,70586368.0,181026816.0,172036096.0,23.86,0.011993932,44.82,13893636.0,0.0,0.0,96300.0,21048574.0,0.0,0.0,62462.0,0.0,0.0,0.0,0.0
2023-03-20 16:38:38.970000+00:00,176128.0,70586368.0,181055488.0,172064768.0,23.88,0.011993932,44.85,13899049.0,0.0,0.0,96349.0,21056904.0,0.0,0.0,62494.0,0.0,0.0,0.0,0.0
2023-03-20 16:38:44.209000+00:00,176128.0,70586368.0,181305344.0,172302336.0,23.91,0.011993932,44.94,13916399.0,0.0,0.0,96492.0,21079962.0,0.0,0.0,62584.0,0.0,0.0,0.0,0.0
2023-03-20 16:38:48.234000+00:00,176128.0,70586368.0,180944896.0,171941888.0,23.92,0.011993932,44.94,13931961.0,0.0,0.0,96615.0,21097490.0,0.0,0.0,62657.0,0.0,0.0,0.0,0.0
2023-03-20 16:38:53.868000+00:00,176128.0,70586368.0,181202944.0,172199936.0,23.94,0.011993932,45.02,13936846.0,0.0,0.0,96658.0,21102877.0,0.0,0.0,62688.0,0.0,0.0,0.0,0.0
2023-03-20 16:38:58.694000+00:00,176128.0,70586368.0,181202944.0,172199936.0,23.95,0.011993932,45.08,13936846.0,0.0,0.0,96658.0,21102877.0,0.0,0.0,62688.0,0.0,0.0,0.0,0.0
2023-03-20 16:39:03.861000+00:00,176128.0,70586368.0,180948992.0,171945984.0,23.98,0.011993932,45.1,13953798.0,0.0,0.0,96815.0,21178461.0,0.0,0.0,62792.0,0.0,0.0,0.0,0.0
2023-03-20 16:39:09.198000+00:00,176128.0,70586368.0,181075968.0,172068864.0,24.02,0.011993932,45.1,13965142.0,0.0,0.0,96918.0,21198389.0,0.0,0.0,62853.0,0.0,0.0,0.0,0.0
2023-03-20 16:39:14.619000+00:00,176128.0,70586368.0,180944896.0,171937792.0,24.03,0.011993932,45.2,13977073.0,0.0,0.0,97021.0,21216703.0,0.0,0.0,62919.0,0.0,0.0,0.0,0.0
2023-03-20 16:39:19.084000+00:00,176128.0,70586368.0,181207040.0,172199936.0,24.06,0.011993932,45.22,13985055.0,0.0,0.0,97085.0,21228407.0,0.0,0.0,62959.0,0.0,0.0,0.0,0.0
2023-03-20 16:39:24.560000+00:00,176128.0,70586368.0,181174272.0,172167168.0,24.06,0.011993932,45.28,13997062.0,0.0,0.0,97181.0,21242955.0,0.0,0.0,63028.0,0.0,0.0,0.0,0.0
2023-03-20 16:39:28.930000+00:00,176128.0,70586368.0,181174272.0,172167168.0,24.1,0.011993932,45.28,13997062.0,0.0,0.0,97181.0,21242955.0,0.0,0.0,63028.0,0.0,0.0,0.0,0.0
2023-03-20 16:39:34.034000+00:00,176128.0,70586368.0,181043200.0,172032000.0,24.13,0.011993932,45.35,14014093.0,0.0,0.0,97335.0,21313967.0,0.0,0.0,63140.0,0.0,0.0,0.0,0.0
2023-03-20 16:39:38.245000+00:00,176128.0,70586368.0,181080064.0,172068864.0,24.17,0.011993932,45.37,14027319.0,0.0,0.0,97441.0,21330055.0,0.0,0.0,63208.0,0.0,0.0,0.0,0.0
2023-03-20 16:39:43.574000+00:00,176128.0,70610944.0,181108736.0,172097536.0,24.22,0.011993932,45.4,14092496.0,0.0,0.0,97620.0,21404501.0,0.0,0.0,63337.0,0.0,0.0,0.0,0.0
2023-03-20 16:39:49.681000+00:00,176128.0,70610944.0,180973568.0,171962368.0,24.26,0.011993932,45.4,14114452.0,0.0,0.0,97815.0,21438040.0,0.0,0.0,63455.0,0.0,0.0,0.0,0.0
2023-03-20 16:39:54.296000+00:00,176128.0,70610944.0,181067776.0,172056576.0,24.28,0.011993932,45.5,14122092.0,0.0,0.0,97882.0,21449776.0,0.0,0.0,63500.0,0.0,0.0,0.0,0.0
2023-03-20 16:39:58.752000+00:00,176128.0,70610944.0,181067776.0,172056576.0,24.3,0.011993932,45.52,14122092.0,0.0,0.0,97882.0,21449776.0,0.0,0.0,63500.0,0.0,0.0,0.0,0.0
2023-03-20 16:40:04.013000+00:00,176128.0,70610944.0,181108736.0,172097536.0,24.34,0.011993932,45.57,14146929.0,0.0,0.0,98086.0,21516729.0,0.0,0.0,63635.0,0.0,0.0,0.0,0.0
2023-03-20 16:40:09.310000+00:00,176128.0,70610944.0,181108736.0,172097536.0,24.35,0.011993932,45.62,14146929.0,0.0,0.0,98227.0,21604320.0,0.0,0.0,63737.0,0.0,0.0,0.0,0.0
2023-03-20 16:40:14.716000+00:00,176128.0,70610944.0,180989952.0,171974656.0,24.37,0.011993932,45.68,14223385.0,0.0,0.0,98370.0,21624750.0,0.0,0.0,63826.0,0.0,0.0,0.0,0.0
2023-03-20 16:40:19.524000+00:00,176128.0,70610944.0,181211136.0,172195840.0,24.4,0.011993932,45.68,14238977.0,0.0,0.0,98497.0,21648099.0,0.0,0.0,63911.0,0.0,0.0,0.0,0.0
2023-03-20 16:40:24.269000+00:00,176128.0,70713344.0,181219328.0,172204032.0,24.42,0.011993932,45.78,14267177.0,0.0,0.0,98648.0,21717234.0,0.0,0.0,64020.0,0.0,0.0,0.0,0.0
2023-03-20 16:40:28.762000+00:00,176128.0,70725632.0,181219328.0,172204032.0,24.46,0.011993932,45.82,14267177.0,0.0,0.0,98648.0,21717234.0,0.0,0.0,64020.0,0.0,0.0,0.0,0.0
2023-03-20 16:40:34.244000+00:00,176128.0,70725632.0,181317632.0,172302336.0,24.48,0.011993932,45.89,14393714.0,0.0,0.0,98982.0,21814478.0,0.0,0.0,64264.0,0.0,0.0,0.0,0.0
2023-03-20 16:40:39.717000+00:00,176128.0,70725632.0,181100544.0,172085248.0,24.49,0.011993932,45.89,14402557.0,0.0,0.0,99067.0,21829647.0,0.0,0.0,64313.0,0.0,0.0,0.0,0.0
2023-03-20 16:40:43.956000+00:00,176128.0,70725632.0,181186560.0,172212224.0,24.51,0.011993932,45.96,14411837.0,0.0,0.0,99144.0,21843566.0,0.0,0.0,64354.0,0.0,0.0,0.0,0.0
2023-03-20 16:40:49.119000+00:00,176128.0,70725632.0,181055488.0,172077056.0,24.53,0.011993932,46.03,14425802.0,0.0,0.0,99259.0,21864236.0,0.0,0.0,64428.0,0.0,0.0,0.0,0.0
2023-03-20 16:40:54.458000+00:00,176128.0,70725632.0,181059584.0,172081152.0,24.56,0.011993932,46.08,14445378.0,0.0,0.0,99432.0,21943907.0,0.0,0.0,64546.0,0.0,0.0,0.0,0.0
2023-03-20 16:40:59.621000+00:00,176128.0,70725632.0,181194752.0,172216320.0,24.58,0.011993932,46.11,14453329.0,0.0,0.0,99499.0,22002086.0,0.0,0.0,64599.0,0.0,0.0,0.0,0.0
2023-03-20 16:41:03.429000+00:00,176128.0,70725632.0,181198848.0,172220416.0,24.6,0.011993932,46.14,14461610.0,0.0,0.0,99553.0,22010416.0,0.0,0.0,64641.0,0.0,0.0,0.0,0.0
2023-03-20 16:41:09.180000+00:00,176128.0,70725632.0,181198848.0,172220416.0,24.63,0.011993932,46.2,14461610.0,0.0,0.0,99645.0,22024077.0,0.0,0.0,64697.0,0.0,0.0,0.0,0.0
2023-03-20 16:41:13.754000+00:00,176128.0,70725632.0,181194752.0,172216320.0,24.66,0.011993932,46.22,14488010.0,0.0,0.0,99778.0,22096350.0,0.0,0.0,64792.0,0.0,0.0,0.0,0.0
2023-03-20 16:41:18.961000+00:00,176128.0,70725632.0,181194752.0,172216320.0,24.69,0.011993932,46.27,14488010.0,0.0,0.0,99871.0,22107068.0,0.0,0.0,64851.0,0.0,0.0,0.0,0.0
2023-03-20 16:41:23.177000+00:00,176128.0,70725632.0,181190656.0,172212224.0,24.72,0.011993932,46.31,14509663.0,0.0,0.0,99966.0,22121948.0,0.0,0.0,64907.0,0.0,0.0,0.0,0.0
2023-03-20 16:41:29.619000+00:00,176128.0,70725632.0,181190656.0,172220416.0,24.76,0.011993932,46.38,14574439.0,0.0,0.0,100130.0,22192362.0,0.0,0.0,65029.0,0.0,0.0,0.0,0.0
2023-03-20 16:41:33.660000+00:00,176128.0,70729728.0,181276672.0,172298240.0,24.76,0.011993932,46.46,14587627.0,0.0,0.0,100230.0,22207757.0,0.0,0.0,65099.0,0.0,0.0,0.0,0.0
2023-03-20 16:41:39.480000+00:00,176128.0,70729728.0,181276672.0,172298240.0,24.79,0.011993932,46.48,14587627.0,0.0,0.0,100409.0,22237286.0,0.0,0.0,65211.0,0.0,0.0,0.0,0.0
2023-03-20 16:41:44.074000+00:00,176128.0,70729728.0,181338112.0,172339200.0,24.81,0.011993932,46.52,14616227.0,0.0,0.0,100460.0,22247687.0,0.0,0.0,65254.0,0.0,0.0,0.0,0.0
2023-03-20 16:41:49.419000+00:00,176128.0,70729728.0,181338112.0,172339200.0,24.83,0.011993932,46.55,14616227.0,0.0,0.0,100460.0,22319907.0,0.0,0.0,65379.0,0.0,0.0,0.0,0.0
2023-03-20 16:41:52.900000+00:00,176128.0,70742016.0,181121024.0,172101632.0,24.84,0.011993932,46.58,14690444.0,0.0,0.0,100701.0,22328822.0,0.0,0.0,65420.0,0.0,0.0,0.0,0.0
2023-03-20 16:41:59.724000+00:00,176128.0,70742016.0,181252096.0,172232704.0,24.86,0.011993932,46.64,14699596.0,0.0,0.0,100783.0,22392071.0,0.0,0.0,65481.0,0.0,0.0,0.0,0.0
2023-03-20 16:42:04.332000+00:00,176128.0,70742016.0,181252096.0,172232704.0,24.87,0.011993932,46.69,14705921.0,0.0,0.0,100843.0,22401451.0,0.0,0.0,65518.0,0.0,0.0,0.0,0.0
2023-03-20 16:42:08.640000+00:00,176128.0,70742016.0,181252096.0,172232704.0,24.9,0.011993932,46.72,14722296.0,0.0,0.0,100987.0,22426535.0,0.0,0.0,65606.0,0.0,0.0,0.0,0.0
2023-03-20 16:42:13.427000+00:00,176128.0,70742016.0,181252096.0,172232704.0,24.92,0.011993932,46.76,14735660.0,0.0,0.0,101109.0,22492611.0,0.0,0.0,65697.0,0.0,0.0,0.0,0.0
2023-03-20 16:42:18.338000+00:00,176128.0,70742016.0,181252096.0,172232704.0,24.93,0.011993932,46.81,14735660.0,0.0,0.0,101183.0,22551191.0,0.0,0.0,65746.0,0.0,0.0,0.0,0.0
2023-03-20 16:42:23.716000+00:00,176128.0,70742016.0,181383168.0,172359680.0,24.96,0.011993932,46.86,14760006.0,0.0,0.0,101331.0,22580163.0,0.0,0.0,65832.0,0.0,0.0,0.0,0.0
2023-03-20 16:42:28.961000+00:00,176128.0,70742016.0,181383168.0,172359680.0,24.98,0.011993932,46.9,14770497.0,0.0,0.0,101402.0,22593361.0,0.0,0.0,65886.0,0.0,0.0,0.0,0.0
2023-03-20 16:42:33.987000+00:00,176128.0,70742016.0,181256192.0,172232704.0,24.99,0.011993932,46.94,14787623.0,0.0,0.0,101555.0,22616707.0,0.0,0.0,65976.0,0.0,0.0,0.0,0.0
2023-03-20 16:42:39.471000+00:00,176128.0,70742016.0,181256192.0,172240896.0,25.01,0.011993932,47.0,14858783.0,0.0,0.0,101755.0,22693797.0,0.0,0.0,66134.0,0.0,0.0,0.0,0.0
2023-03-20 16:42:44.556000+00:00,176128.0,70754304.0,181506048.0,172421120.0,25.04,0.011993932,47.05,14875161.0,0.0,0.0,101907.0,22720776.0,0.0,0.0,66224.0,0.0,0.0,0.0,0.0
2023-03-20 16:42:48.988000+00:00,176128.0,70754304.0,181202944.0,172118016.0,25.06,0.011993932,47.09,14892957.0,0.0,0.0,102052.0,22744550.0,0.0,0.0,66317.0,0.0,0.0,0.0,0.0
2023-03-20 16:42:53.401000+00:00,176128.0,70754304.0,181334016.0,172249088.0,25.09,0.011993932,47.12,14901486.0,0.0,0.0,102121.0,22753632.0,0.0,0.0,66359.0,0.0,0.0,0.0,0.0
2023-03-20 16:42:58.463000+00:00,176128.0,70754304.0,181334016.0,172249088.0,25.11,0.011993932,47.17,14901486.0,0.0,0.0,102121.0,22753632.0,0.0,0.0,66359.0,0.0,0.0,0.0,0.0
2023-03-20 16:43:04.400000+00:00,176128.0,70766592.0,181575680.0,172486656.0,25.12,0.011993932,47.23,14983879.0,0.0,0.0,102391.0,22844091.0,0.0,0.0,66556.0,0.0,0.0,0.0,0.0
2023-03-20 16:43:09.153000+00:00,176128.0,70766592.0,181575680.0,172261376.0,25.14,0.011993932,47.27,14994156.0,0.0,0.0,102463.0,22854288.0,0.0,0.0,66613.0,0.0,0.0,0.0,0.0
2023-03-20 16:43:14.863000+00:00,176128.0,70766592.0,181219328.0,172130304.0,25.16,0.011993932,47.32,15013513.0,0.0,0.0,102628.0,22881730.0,0.0,0.0,66717.0,0.0,0.0,0.0,0.0
2023-03-20 16:43:19.151000+00:00,176128.0,70766592.0,181481472.0,172392448.0,25.19,0.011993932,47.35,15026553.0,0.0,0.0,102739.0,22952112.0,0.0,0.0,66800.0,0.0,0.0,0.0,0.0
2023-03-20 16:43:23.757000+00:00,176128.0,70766592.0,181223424.0,172134400.0,25.2,0.011993932,47.38,15035010.0,0.0,0.0,102806.0,22962630.0,0.0,0.0,66844.0,0.0,0.0,0.0,0.0
2023-03-20 16:43:28.412000+00:00,176128.0,70766592.0,181354496.0,172261376.0,25.22,0.011993932,47.44,15045855.0,0.0,0.0,102904.0,22976925.0,0.0,0.0,66903.0,0.0,0.0,0.0,0.0
2023-03-20 16:43:33.956000+00:00,176128.0,70766592.0,181354496.0,172261376.0,25.23,0.011993932,47.48,15063548.0,0.0,0.0,103037.0,22997850.0,0.0,0.0,66984.0,0.0,0.0,0.0,0.0
2023-03-20 16:43:39.437000+00:00,176128.0,70774784.0,181231616.0,172138496.0,25.25,0.011993932,47.48,15128036.0,0.0,0.0,103172.0,23062764.0,0.0,0.0,67082.0,0.0,0.0,0.0,0.0
2023-03-20 16:43:44.642000+00:00,176128.0,70778880.0,181440512.0,172331008.0,25.28,0.011993932,47.6,15142664.0,0.0,0.0,103308.0,23142289.0,0.0,0.0,67168.0,0.0,0.0,0.0,0.0
2023-03-20 16:43:49.174000+00:00,176128.0,70778880.0,181518336.0,172408832.0,25.29,0.011993932,47.6,15161537.0,0.0,0.0,103460.0,23213943.0,0.0,0.0,67271.0,0.0,0.0,0.0,0.0
2023-03-20 16:43:54.014000+00:00,176128.0,70791168.0,181522432.0,172412928.0,25.3,0.011993932,47.69,15220815.0,0.0,0.0,103560.0,23227003.0,0.0,0.0,67349.0,0.0,0.0,0.0,0.0
2023-03-20 16:43:59.045000+00:00,176128.0,70791168.0,181522432.0,172412928.0,25.33,0.011993932,47.71,15220815.0,0.0,0.0,103560.0,23227003.0,0.0,0.0,67349.0,0.0,0.0,0.0,0.0
2023-03-20 16:44:04.222000+00:00,176128.0,70791168.0,181358592.0,172244992.0,25.35,0.011993932,47.76,15234557.0,0.0,0.0,103674.0,23246450.0,0.0,0.0,67424.0,0.0,0.0,0.0,0.0
2023-03-20 16:44:09.203000+00:00,176128.0,70791168.0,181399552.0,172285952.0,25.38,0.012136802,47.78,15243474.0,0.0,0.0,103741.0,23255077.0,0.0,0.0,67471.0,0.0,0.0,0.0,0.0
2023-03-20 16:44:13.520000+00:00,176128.0,70791168.0,181268480.0,172154880.0,25.4,0.012365621,47.8,15244992.0,0.0,0.0,103756.0,23257359.0,0.0,0.0,67481.0,0.0,0.0,0.0,0.0
2023-03-20 16:44:18.459000+00:00,176128.0,70791168.0,181530624.0,172417024.0,25.42,0.012653507,47.8,15249457.0,0.0,0.0,103804.0,23314487.0,0.0,0.0,67533.0,0.0,0.0,0.0,0.0
2023-03-20 16:44:24.008000+00:00,176128.0,70791168.0,181526528.0,172412928.0,25.45,0.013031868,47.86,15263653.0,0.0,0.0,103933.0,23337328.0,0.0,0.0,67614.0,0.0,0.0,0.0,0.0
2023-03-20 16:44:28.771000+00:00,176128.0,70791168.0,181526528.0,172412928.0,25.47,0.013153186,47.92,15263653.0,0.0,0.0,103933.0,23337328.0,0.0,0.0,67614.0,0.0,0.0,0.0,0.0
2023-03-20 16:44:34.246000+00:00,176128.0,70795264.0,181489664.0,172371968.0,25.5,0.013153186,47.97,15286790.0,0.0,0.0,104148.0,23424051.0,0.0,0.0,67742.0,0.0,0.0,0.0,0.0
2023-03-20 16:44:38.712000+00:00,176128.0,70795264.0,181489664.0,172167168.0,25.52,0.013153186,48.0,15303907.0,0.0,0.0,104274.0,23446882.0,0.0,0.0,67822.0,0.0,0.0,0.0,0.0
2023-03-20 16:44:43.266000+00:00,176128.0,70795264.0,181534720.0,172417024.0,25.54,0.013153186,48.03,15312691.0,0.0,0.0,104337.0,23457851.0,0.0,0.0,67873.0,0.0,0.0,0.0,0.0
2023-03-20 16:44:48.871000+00:00,176128.0,70795264.0,181534720.0,172417024.0,25.56,0.013153186,48.1,15312691.0,0.0,0.0,104337.0,23457851.0,0.0,0.0,67986.0,0.0,0.0,0.0,0.0
2023-03-20 16:44:54.784000+00:00,176128.0,70795264.0,181379072.0,172290048.0,25.59,0.013153186,48.15,15345999.0,0.0,0.0,104586.0,23498155.0,0.0,0.0,68044.0,0.0,0.0,0.0,0.0
2023-03-20 16:44:59.027000+00:00,176128.0,70795264.0,181379072.0,172290048.0,25.6,0.013153186,48.18,15345999.0,0.0,0.0,104586.0,23498155.0,0.0,0.0,68044.0,0.0,0.0,0.0,0.0
2023-03-20 16:45:03.696000+00:00,176128.0,70795264.0,181248000.0,172158976.0,25.62,0.013153186,48.2,15362929.0,0.0,0.0,104734.0,23525669.0,0.0,0.0,68143.0,0.0,0.0,0.0,0.0
2023-03-20 16:45:09.734000+00:00,176128.0,70795264.0,181506048.0,172417024.0,25.65,0.013153186,48.2,15378322.0,0.0,0.0,104865.0,23545842.0,0.0,0.0,68224.0,0.0,0.0,0.0,0.0
2023-03-20 16:45:14.188000+00:00,176128.0,70795264.0,181338112.0,172244992.0,25.68,0.013153186,48.3,15384863.0,0.0,0.0,104923.0,23557611.0,0.0,0.0,68258.0,0.0,0.0,0.0,0.0
2023-03-20 16:45:19.843000+00:00,176128.0,70795264.0,181338112.0,172244992.0,25.71,2.365642764,48.3,15384863.0,0.0,0.0,104923.0,23584301.0,0.0,0.0,68339.0,0.0,0.0,0.0,0.0
2023-03-20 16:45:24.500000+00:00,176128.0,70823936.0,181493760.0,172400640.0,25.73,0.013700652,48.4,15416040.0,0.0,0.0,105198.0,23609398.0,0.0,0.0,68428.0,0.0,0.0,0.0,0.0
2023-03-20 16:45:29.070000+00:00,176128.0,70823936.0,181538816.0,172445696.0,25.75,0.01402539,48.42,15425704.0,0.0,0.0,105274.0,23621129.0,0.0,0.0,68482.0,0.0,0.0,0.0,0.0
2023-03-20 16:45:34.664000+00:00,176128.0,70823936.0,181420032.0,172326912.0,25.77,0.014389442,48.48,15439109.0,0.0,0.0,105360.0,23636235.0,0.0,0.0,68552.0,0.0,0.0,0.0,0.0
2023-03-20 16:45:39.747000+00:00,176128.0,70823936.0,181407744.0,172314624.0,25.8,0.01467582,48.51,15446368.0,0.0,0.0,105416.0,23646095.0,0.0,0.0,68587.0,0.0,0.0,0.0,0.0
2023-03-20 16:45:43.581000+00:00,176128.0,70823936.0,181538816.0,172445696.0,25.81,0.014849882,48.54,15453523.0,0.0,0.0,105483.0,23659469.0,0.0,0.0,68628.0,0.0,0.0,0.0,0.0
2023-03-20 16:45:49.421000+00:00,176128.0,70823936.0,181538816.0,172445696.0,25.85,0.015195501,48.62,15453523.0,0.0,0.0,105483.0,23659469.0,0.0,0.0,68684.0,0.0,0.0,0.0,0.0
2023-03-20 16:45:53.444000+00:00,176128.0,70823936.0,181276672.0,172187648.0,25.87,0.015424101,48.64,15468341.0,0.0,0.0,105609.0,23678889.0,0.0,0.0,68706.0,0.0,0.0,0.0,0.0
2023-03-20 16:45:58.806000+00:00,176128.0,70823936.0,181542912.0,172449792.0,25.9,0.015790793,48.69,15480615.0,0.0,0.0,105714.0,23695816.0,0.0,0.0,68775.0,0.0,0.0,0.0,0.0
2023-03-20 16:46:03.785000+00:00,176128.0,70823936.0,181284864.0,172191744.0,25.93,0.016093707,48.7,15489748.0,0.0,0.0,105798.0,23710036.0,0.0,0.0,68823.0,0.0,0.0,0.0,0.0
2023-03-20 16:46:09.704000+00:00,176128.0,70823936.0,181284864.0,172191744.0,25.96,0.01644605,48.76,15489748.0,0.0,0.0,105885.0,23724914.0,0.0,0.0,68882.0,0.0,0.0,0.0,0.0
2023-03-20 16:46:14.863000+00:00,176128.0,70823936.0,181366784.0,172273664.0,25.98,0.01644605,48.81,15508868.0,0.0,0.0,105950.0,23737409.0,0.0,0.0,68925.0,0.0,0.0,0.0,0.0
2023-03-20 16:46:19.137000+00:00,176128.0,70823936.0,181366784.0,172273664.0,26.0,0.016625438,48.84,15508868.0,0.0,0.0,105950.0,23737409.0,0.0,0.0,68966.0,0.0,0.0,0.0,0.0
2023-03-20 16:46:24.141000+00:00,180224.0,70823936.0,181420032.0,172322816.0,26.01,0.016910627,48.9,15524047.0,0.0,0.0,106088.0,23806864.0,0.0,0.0,69034.0,0.0,0.0,0.0,0.0
2023-03-20 16:46:29.639000+00:00,180224.0,70823936.0,181415936.0,172318720.0,26.03,0.017222583,48.92,15530639.0,0.0,0.0,106144.0,23816145.0,0.0,0.0,69066.0,0.0,0.0,0.0,0.0
2023-03-20 16:46:34.707000+00:00,180224.0,70823936.0,181411840.0,172318720.0,26.05,0.017590304,48.98,15541351.0,0.0,0.0,106234.0,23829034.0,0.0,0.0,69124.0,0.0,0.0,0.0,0.0
2023-03-20 16:46:39.746000+00:00,180224.0,70823936.0,181411840.0,172318720.0,26.08,0.017884652,49.03,15560443.0,0.0,0.0,106394.0,23855726.0,0.0,0.0,69220.0,0.0,0.0,0.0,0.0
2023-03-20 16:46:44.596000+00:00,180224.0,70823936.0,181301248.0,172208128.0,26.1,0.018122361,49.09,15577678.0,0.0,0.0,106538.0,23878221.0,0.0,0.0,69306.0,0.0,0.0,0.0,0.0
2023-03-20 16:46:48.647000+00:00,180224.0,70823936.0,181301248.0,172208128.0,26.13,0.018375797,49.13,15577678.0,0.0,0.0,106538.0,23878221.0,0.0,0.0,69354.0,0.0,0.0,0.0,0.0
2023-03-20 16:46:53.928000+00:00,180224.0,70823936.0,181633024.0,172457984.0,26.16,0.018737517,49.16,15604938.0,0.0,0.0,106759.0,23913458.0,0.0,0.0,69446.0,0.0,0.0,0.0,0.0
2023-03-20 16:46:59.514000+00:00,180224.0,70823936.0,181633024.0,172457984.0,26.18,0.019039487,49.2,15604938.0,0.0,0.0,106759.0,23913458.0,0.0,0.0,69446.0,0.0,0.0,0.0,0.0
2023-03-20 16:47:03.457000+00:00,180224.0,70823936.0,181628928.0,172453888.0,26.2,0.019323222,49.22,15629194.0,0.0,0.0,106934.0,23942085.0,0.0,0.0,69565.0,0.0,0.0,0.0,0.0
2023-03-20 16:47:09.771000+00:00,180224.0,70823936.0,181628928.0,172191744.0,26.22,0.019733076,49.28,15634835.0,0.0,0.0,106982.0,23950995.0,0.0,0.0,69598.0,0.0,0.0,0.0,0.0
2023-03-20 16:47:14.825000+00:00,180224.0,70823936.0,181370880.0,172191744.0,26.26,0.020061852,49.33,15649445.0,0.0,0.0,107115.0,23972872.0,0.0,0.0,69673.0,0.0,0.0,0.0,0.0
2023-03-20 16:47:19.044000+00:00,180224.0,70823936.0,181370880.0,172191744.0,26.27,0.691161236,49.33,15649445.0,0.0,0.0,107115.0,23972872.0,0.0,0.0,69709.0,0.0,0.0,0.0,0.0
2023-03-20 16:47:24.079000+00:00,180224.0,70828032.0,181477376.0,172298240.0,26.28,0.020580529,49.41,15719103.0,0.0,0.0,107290.0,24052708.0,0.0,0.0,69806.0,0.0,0.0,0.0,0.0
2023-03-20 16:47:28.986000+00:00,180224.0,70828032.0,181637120.0,172457984.0,26.3,0.020879985,49.44,15725930.0,0.0,0.0,107352.0,24067033.0,0.0,0.0,69844.0,0.0,0.0,0.0,0.0
2023-03-20 16:47:34.614000+00:00,180224.0,70828032.0,181616640.0,172437504.0,26.32,0.021149384,49.49,15734255.0,0.0,0.0,107420.0,24076584.0,0.0,0.0,69884.0,0.0,0.0,0.0,0.0
2023-03-20 16:47:38.947000+00:00,180224.0,70828032.0,181616640.0,172322816.0,26.35,0.021456589,49.55,15759138.0,0.0,0.0,107643.0,24117911.0,0.0,0.0,70014.0,0.0,0.0,0.0,0.0
2023-03-20 16:47:43.969000+00:00,180224.0,70828032.0,181637120.0,172457984.0,26.38,0.021742462,49.57,15765400.0,0.0,0.0,107697.0,24122830.0,0.0,0.0,70050.0,0.0,0.0,0.0,0.0
2023-03-20 16:47:48.984000+00:00,180224.0,70828032.0,181637120.0,172457984.0,26.41,0.021986747,49.64,15765400.0,0.0,0.0,107697.0,24200632.0,0.0,0.0,70166.0,0.0,0.0,0.0,0.0
2023-03-20 16:47:54.226000+00:00,180224.0,70828032.0,181788672.0,172564480.0,26.44,0.022287866,49.69,15795826.0,0.0,0.0,107947.0,24215239.0,0.0,0.0,70226.0,0.0,0.0,0.0,0.0
2023-03-20 16:47:58.886000+00:00,180224.0,70828032.0,181559296.0,172335104.0,26.45,0.022596376,49.72,15806729.0,0.0,0.0,108035.0,24232512.0,0.0,0.0,70282.0,0.0,0.0,0.0,0.0
2023-03-20 16:48:04.580000+00:00,180224.0,70828032.0,181428224.0,172204032.0,26.46,0.022887648,49.79,15821320.0,0.0,0.0,108151.0,24249383.0,0.0,0.0,70356.0,0.0,0.0,0.0,0.0
2023-03-20 16:48:09.678000+00:00,180224.0,70828032.0,181428224.0,172462080.0,26.49,0.023053961,49.79,15831238.0,0.0,0.0,108230.0,24264473.0,0.0,0.0,70417.0,0.0,0.0,0.0,0.0
2023-03-20 16:48:13.521000+00:00,180224.0,70828032.0,181428224.0,172204032.0,26.5,0.023053961,49.84,15838410.0,0.0,0.0,108272.0,24272805.0,0.0,0.0,70448.0,0.0,0.0,0.0,0.0
2023-03-20 16:48:18.344000+00:00,180224.0,70828032.0,181428224.0,172204032.0,26.52,0.023053961,49.84,15838410.0,0.0,0.0,108347.0,24286126.0,0.0,0.0,70495.0,0.0,0.0,0.0,0.0
2023-03-20 16:48:23.786000+00:00,180224.0,70828032.0,181555200.0,172331008.0,26.54,0.023053961,49.91,15856648.0,0.0,0.0,108411.0,24298258.0,0.0,0.0,70543.0,0.0,0.0,0.0,0.0
2023-03-20 16:48:28.672000+00:00,180224.0,70828032.0,181555200.0,172331008.0,26.55,0.023053961,49.96,15856648.0,0.0,0.0,108411.0,24298258.0,0.0,0.0,70543.0,0.0,0.0,0.0,0.0
2023-03-20 16:48:34.446000+00:00,180224.0,70828032.0,181530624.0,172302336.0,26.57,0.023053961,50.02,15879178.0,0.0,0.0,108600.0,24331187.0,0.0,0.0,70670.0,0.0,0.0,0.0,0.0
2023-03-20 16:48:39.029000+00:00,180224.0,70828032.0,181530624.0,172331008.0,26.6,0.023053961,50.04,15887843.0,0.0,0.0,108682.0,24343461.0,0.0,0.0,70715.0,0.0,0.0,0.0,0.0
2023-03-20 16:48:44.138000+00:00,180224.0,70828032.0,181526528.0,172298240.0,26.62,0.023053961,50.08,15898485.0,0.0,0.0,108769.0,24359655.0,0.0,0.0,70772.0,0.0,0.0,0.0,0.0
2023-03-20 16:48:48.938000+00:00,180224.0,70828032.0,181526528.0,172466176.0,26.64,0.023053961,50.08,15908453.0,0.0,0.0,108849.0,24378960.0,0.0,0.0,70828.0,0.0,0.0,0.0,0.0
2023-03-20 16:48:54.821000+00:00,180224.0,70828032.0,181645312.0,172433408.0,26.66,0.023053961,50.19,15919014.0,0.0,0.0,108942.0,24395041.0,0.0,0.0,70887.0,0.0,0.0,0.0,0.0
2023-03-20 16:48:59.721000+00:00,180224.0,70828032.0,181645312.0,172433408.0,26.68,0.023053961,50.21,15919014.0,0.0,0.0,108942.0,24395041.0,0.0,0.0,70887.0,0.0,0.0,0.0,0.0
2023-03-20 16:49:04.134000+00:00,180224.0,70828032.0,181641216.0,172425216.0,26.7,0.023053961,50.25,15937301.0,0.0,0.0,109094.0,24417487.0,0.0,0.0,70986.0,0.0,0.0,0.0,0.0
2023-03-20 16:49:09.734000+00:00,180224.0,70828032.0,181686272.0,172470272.0,26.73,0.023195756,50.25,15956673.0,0.0,0.0,109241.0,24444054.0,0.0,0.0,71085.0,0.0,0.0,0.0,0.0
2023-03-20 16:49:13.061000+00:00,180224.0,70828032.0,181678080.0,172462080.0,26.74,0.023195756,50.3,15958159.0,0.0,0.0,109255.0,24445502.0,0.0,0.0,71094.0,0.0,0.0,0.0,0.0
2023-03-20 16:49:18.778000+00:00,180224.0,70828032.0,181678080.0,172199936.0,26.78,0.023195756,50.3,15970195.0,0.0,0.0,109369.0,24466888.0,0.0,0.0,71154.0,0.0,0.0,0.0,0.0
2023-03-20 16:49:24.170000+00:00,180224.0,70828032.0,181514240.0,172298240.0,26.8,0.023195756,50.4,15986039.0,0.0,0.0,109506.0,24488755.0,0.0,0.0,71236.0,0.0,0.0,0.0,0.0
2023-03-20 16:49:28.786000+00:00,180224.0,70828032.0,181514240.0,172298240.0,26.82,0.023195756,50.42,15986039.0,0.0,0.0,109506.0,24488755.0,0.0,0.0,71236.0,0.0,0.0,0.0,0.0
2023-03-20 16:49:34.729000+00:00,180224.0,70828032.0,181514240.0,172298240.0,26.85,0.023195756,50.47,16018244.0,0.0,0.0,109745.0,24535509.0,0.0,0.0,71397.0,0.0,0.0,0.0,0.0
2023-03-20 16:49:39.052000+00:00,180224.0,70828032.0,181551104.0,172335104.0,26.86,0.023195756,50.51,16050795.0,0.0,0.0,109832.0,24602480.0,0.0,0.0,71475.0,0.0,0.0,0.0,0.0
2023-03-20 16:49:43.770000+00:00,180224.0,70840320.0,181559296.0,172343296.0,26.87,0.023195756,50.54,16087421.0,0.0,0.0,109900.0,24610279.0,0.0,0.0,71526.0,0.0,0.0,0.0,0.0
2023-03-20 16:49:49.534000+00:00,180224.0,70840320.0,181694464.0,172474368.0,26.9,0.023195756,50.58,16105498.0,0.0,0.0,110054.0,24638908.0,0.0,0.0,71614.0,0.0,0.0,0.0,0.0
2023-03-20 16:49:53.851000+00:00,180224.0,70840320.0,181567488.0,172343296.0,26.92,0.023195756,50.63,16117359.0,0.0,0.0,110142.0,24651181.0,0.0,0.0,71672.0,0.0,0.0,0.0,0.0
2023-03-20 16:49:58.541000+00:00,180224.0,70840320.0,181567488.0,172343296.0,26.94,0.023195756,50.68,16117359.0,0.0,0.0,110142.0,24651181.0,0.0,0.0,71672.0,0.0,0.0,0.0,0.0
2023-03-20 16:50:04.529000+00:00,180224.0,70840320.0,181657600.0,172433408.0,26.97,0.023195756,50.74,16139693.0,0.0,0.0,110329.0,24683102.0,0.0,0.0,71791.0,0.0,0.0,0.0,0.0
2023-03-20 16:50:09.299000+00:00,180224.0,70840320.0,181571584.0,172347392.0,26.98,0.023195756,50.74,16147098.0,0.0,0.0,110393.0,24745687.0,0.0,0.0,71845.0,0.0,0.0,0.0,0.0
2023-03-20 16:50:14.107000+00:00,180224.0,70840320.0,181526528.0,172298240.0,26.99,0.023195756,50.82,16156308.0,0.0,0.0,110478.0,24762349.0,0.0,0.0,71895.0,0.0,0.0,0.0,0.0
2023-03-20 16:50:18.371000+00:00,180224.0,70840320.0,181706752.0,172478464.0,27.01,0.023195756,50.85,16162524.0,0.0,0.0,110516.0,24770096.0,0.0,0.0,71920.0,0.0,0.0,0.0,0.0
2023-03-20 16:50:24.313000+00:00,180224.0,70840320.0,181530624.0,172302336.0,27.02,0.023195756,50.92,16180368.0,0.0,0.0,110656.0,24795222.0,0.0,0.0,72005.0,0.0,0.0,0.0,0.0
2023-03-20 16:50:29.166000+00:00,180224.0,70840320.0,181706752.0,172478464.0,27.04,0.023195756,50.98,16189196.0,0.0,0.0,110724.0,24807236.0,0.0,0.0,72005.0,0.0,0.0,0.0,0.0
2023-03-20 16:50:34.661000+00:00,180224.0,70840320.0,181440512.0,172212224.0,27.05,0.023195756,51.04,16198824.0,0.0,0.0,110816.0,24823758.0,0.0,0.0,72116.0,0.0,0.0,0.0,0.0
2023-03-20 16:50:39.307000+00:00,180224.0,70840320.0,181841920.0,172613632.0,27.08,0.023195756,51.07,16209628.0,0.0,0.0,110913.0,24836802.0,0.0,0.0,72177.0,0.0,0.0,0.0,0.0
2023-03-20 16:50:44.176000+00:00,180224.0,70840320.0,181534720.0,172306432.0,27.08,0.023195756,51.12,16213818.0,0.0,0.0,110946.0,24844493.0,0.0,0.0,72202.0,0.0,0.0,0.0,0.0
2023-03-20 16:50:49.548000+00:00,180224.0,70840320.0,181706752.0,172478464.0,27.11,0.023195756,51.12,16222276.0,0.0,0.0,111023.0,24853795.0,0.0,0.0,72251.0,0.0,0.0,0.0,0.0
2023-03-20 16:50:54.471000+00:00,180224.0,70840320.0,181657600.0,172429312.0,27.13,0.023195756,51.23,16229331.0,0.0,0.0,111086.0,24861969.0,0.0,0.0,72289.0,0.0,0.0,0.0,0.0
2023-03-20 16:50:59.199000+00:00,180224.0,70840320.0,181571584.0,172343296.0,27.15,0.023195756,51.25,16237829.0,0.0,0.0,111156.0,24873800.0,0.0,0.0,72332.0,0.0,0.0,0.0,0.0
2023-03-20 16:51:04.366000+00:00,180224.0,70840320.0,181522432.0,172294144.0,27.16,0.023195756,51.3,16257642.0,0.0,0.0,111327.0,24899615.0,0.0,0.0,72433.0,0.0,0.0,0.0,0.0
2023-03-20 16:51:09.070000+00:00,180224.0,70840320.0,181702656.0,172474368.0,27.19,0.023195756,51.35,16270510.0,0.0,0.0,111431.0,24915427.0,0.0,0.0,72497.0,0.0,0.0,0.0,0.0
2023-03-20 16:51:14.431000+00:00,180224.0,70852608.0,181653504.0,172425216.0,27.24,0.023195756,51.4,16341548.0,0.0,0.0,111612.0,24991786.0,0.0,0.0,72623.0,0.0,0.0,0.0,0.0
2023-03-20 16:51:18.583000+00:00,180224.0,70852608.0,181714944.0,172486656.0,27.26,0.023195756,51.42,16349005.0,0.0,0.0,111671.0,24998826.0,0.0,0.0,72668.0,0.0,0.0,0.0,0.0
2023-03-20 16:51:23.598000+00:00,180224.0,70852608.0,181719040.0,172490752.0,27.27,0.023195756,51.46,16351944.0,0.0,0.0,111700.0,25001905.0,0.0,0.0,72688.0,0.0,0.0,0.0,0.0
2023-03-20 16:51:29.220000+00:00,180224.0,70852608.0,181460992.0,172232704.0,27.3,0.023195756,51.52,16358233.0,0.0,0.0,111758.0,25010200.0,0.0,0.0,72725.0,0.0,0.0,0.0,0.0
2023-03-20 16:51:33.941000+00:00,180224.0,70852608.0,181538816.0,172306432.0,27.33,0.023195756,51.58,16379945.0,0.0,0.0,111937.0,25037579.0,0.0,0.0,72839.0,0.0,0.0,0.0,0.0
2023-03-20 16:51:39.325000+00:00,180224.0,70852608.0,181538816.0,172306432.0,27.35,0.023195756,51.62,16379945.0,0.0,0.0,111937.0,25037579.0,0.0,0.0,72839.0,0.0,0.0,0.0,0.0
2023-03-20 16:51:44.740000+00:00,180224.0,70852608.0,181719040.0,172486656.0,27.36,0.023195756,51.64,16394637.0,0.0,0.0,112050.0,25049258.0,0.0,0.0,72928.0,0.0,0.0,0.0,0.0
2023-03-20 16:51:49.894000+00:00,180224.0,70852608.0,181719040.0,172486656.0,27.38,0.023195756,51.67,16394637.0,0.0,0.0,112050.0,25049258.0,0.0,0.0,72928.0,0.0,0.0,0.0,0.0
2023-03-20 16:51:53.782000+00:00,180224.0,70852608.0,181813248.0,172552192.0,27.39,0.023195756,51.71,16398494.0,0.0,0.0,112092.0,25108625.0,0.0,0.0,72974.0,0.0,0.0,0.0,0.0
2023-03-20 16:51:59.737000+00:00,180224.0,70852608.0,181813248.0,172552192.0,27.4,0.023195756,51.76,16398494.0,0.0,0.0,112092.0,25108625.0,0.0,0.0,72974.0,0.0,0.0,0.0,0.0
2023-03-20 16:52:03.954000+00:00,180224.0,70852608.0,181628928.0,172363776.0,27.42,0.023195756,51.78,16417527.0,0.0,0.0,112249.0,25135996.0,0.0,0.0,73084.0,0.0,0.0,0.0,0.0
2023-03-20 16:52:08.790000+00:00,180224.0,70852608.0,181628928.0,172363776.0,27.44,0.023195756,51.83,16417527.0,0.0,0.0,112249.0,25135996.0,0.0,0.0,73125.0,0.0,0.0,0.0,0.0
2023-03-20 16:52:14.357000+00:00,180224.0,70852608.0,181739520.0,172474368.0,27.46,0.023195756,51.88,16429331.0,0.0,0.0,112354.0,25152798.0,0.0,0.0,73159.0,0.0,0.0,0.0,0.0
2023-03-20 16:52:19.433000+00:00,180224.0,70852608.0,181628928.0,172363776.0,27.48,0.023195756,51.88,16437365.0,0.0,0.0,112416.0,25163452.0,0.0,0.0,73195.0,0.0,0.0,0.0,0.0
2023-03-20 16:52:24.158000+00:00,180224.0,70852608.0,181637120.0,172367872.0,27.5,0.023195756,51.94,16449287.0,0.0,0.0,112512.0,25183893.0,0.0,0.0,73253.0,0.0,0.0,0.0,0.0
2023-03-20 16:52:28.988000+00:00,180224.0,70852608.0,181637120.0,172367872.0,27.54,0.023195756,51.96,16449287.0,0.0,0.0,112512.0,25183893.0,0.0,0.0,73253.0,0.0,0.0,0.0,0.0
2023-03-20 16:52:34.741000+00:00,180224.0,70852608.0,181743616.0,172474368.0,27.57,0.023195756,52.02,16488379.0,0.0,0.0,112830.0,25239404.0,0.0,0.0,73435.0,0.0,0.0,0.0,0.0
2023-03-20 16:52:39.279000+00:00,180224.0,70852608.0,181633024.0,172363776.0,27.62,0.023195756,52.05,16507517.0,0.0,0.0,112993.0,25270403.0,0.0,0.0,73531.0,0.0,0.0,0.0,0.0
2023-03-20 16:52:44.636000+00:00,180224.0,70852608.0,181739520.0,172470272.0,27.65,0.023195756,52.09,16518628.0,0.0,0.0,113075.0,25283089.0,0.0,0.0,73586.0,0.0,0.0,0.0,0.0
2023-03-20 16:52:49.006000+00:00,180224.0,70860800.0,181776384.0,172507136.0,27.66,0.023195756,52.11,16579601.0,0.0,0.0,113172.0,25347545.0,0.0,0.0,73678.0,0.0,0.0,0.0,0.0
2023-03-20 16:52:53.970000+00:00,180224.0,70860800.0,181772288.0,172503040.0,27.69,0.023195756,52.16,16596359.0,0.0,0.0,113304.0,25367390.0,0.0,0.0,73768.0,0.0,0.0,0.0,0.0
2023-03-20 16:52:59.836000+00:00,180224.0,70860800.0,181772288.0,172503040.0,27.7,0.023195756,52.22,16596359.0,0.0,0.0,113304.0,25367390.0,0.0,0.0,73768.0,0.0,0.0,0.0,0.0
2023-03-20 16:53:04.661000+00:00,180224.0,70860800.0,181747712.0,172474368.0,27.72,0.023195756,52.27,16627288.0,0.0,0.0,113534.0,25415138.0,0.0,0.0,73916.0,0.0,0.0,0.0,0.0
2023-03-20 16:53:09.028000+00:00,180224.0,70860800.0,181649408.0,172376064.0,27.75,0.023195756,52.3,16632355.0,0.0,0.0,113581.0,25425375.0,0.0,0.0,73945.0,0.0,0.0,0.0,0.0
2023-03-20 16:53:14.623000+00:00,180224.0,70860800.0,181755904.0,172482560.0,27.78,0.023195756,52.34,16643934.0,0.0,0.0,113682.0,25490712.0,0.0,0.0,74014.0,0.0,0.0,0.0,0.0
2023-03-20 16:53:19.427000+00:00,180224.0,70860800.0,181755904.0,172240896.0,27.78,0.023195756,52.38,16653114.0,0.0,0.0,113756.0,25501438.0,0.0,0.0,74071.0,0.0,0.0,0.0,0.0
2023-03-20 16:53:24.701000+00:00,180224.0,70860800.0,181616640.0,172343296.0,27.79,0.023195756,52.44,16662332.0,0.0,0.0,113838.0,25511195.0,0.0,0.0,74123.0,0.0,0.0,0.0,0.0
2023-03-20 16:53:29.483000+00:00,180224.0,70860800.0,181776384.0,172503040.0,27.81,0.023195756,52.48,16672653.0,0.0,0.0,113925.0,25524617.0,0.0,0.0,74123.0,0.0,0.0,0.0,0.0
2023-03-20 16:53:34.716000+00:00,180224.0,70860800.0,181653504.0,172376064.0,27.82,0.023195756,52.53,16688003.0,0.0,0.0,114046.0,25543736.0,0.0,0.0,74254.0,0.0,0.0,0.0,0.0
2023-03-20 16:53:38.325000+00:00,180224.0,70860800.0,181784576.0,172507136.0,27.84,0.023195756,52.56,16692782.0,0.0,0.0,114087.0,25550719.0,0.0,0.0,74288.0,0.0,0.0,0.0,0.0
2023-03-20 16:53:43.231000+00:00,180224.0,70860800.0,181522432.0,172244992.0,27.86,0.023195756,52.58,16697199.0,0.0,0.0,114131.0,25557309.0,0.0,0.0,74312.0,0.0,0.0,0.0,0.0
2023-03-20 16:53:48.988000+00:00,180224.0,70832128.0,181624832.0,172347392.0,27.88,0.023195756,52.64,16712134.0,0.0,0.0,114267.0,25614354.0,0.0,0.0,74402.0,0.0,0.0,0.0,0.0
2023-03-20 16:53:54.471000+00:00,180224.0,70848512.0,181641216.0,172363776.0,27.89,0.023195756,52.7,16719725.0,0.0,0.0,114329.0,25623487.0,0.0,0.0,74447.0,0.0,0.0,0.0,0.0
2023-03-20 16:53:58.810000+00:00,180224.0,70848512.0,181641216.0,172363776.0,27.91,0.023195756,52.72,16719725.0,0.0,0.0,114329.0,25623487.0,0.0,0.0,74447.0,0.0,0.0,0.0,0.0
2023-03-20 16:54:03.362000+00:00,180224.0,70848512.0,181641216.0,172363776.0,27.93,0.023195756,52.76,16743547.0,0.0,0.0,114499.0,25674394.0,0.0,0.0,74557.0,0.0,0.0,0.0,0.0
2023-03-20 16:54:09.203000+00:00,180224.0,70848512.0,181641216.0,172363776.0,27.94,0.023195756,52.83,16743547.0,0.0,0.0,114676.0,25698181.0,0.0,0.0,74670.0,0.0,0.0,0.0,0.0
2023-03-20 16:54:14.780000+00:00,180224.0,70819840.0,181612544.0,172331008.0,27.96,0.023195756,52.88,16825561.0,0.0,0.0,114798.0,25718167.0,0.0,0.0,74744.0,0.0,0.0,0.0,0.0
2023-03-20 16:54:18.625000+00:00,184320.0,70819840.0,181612544.0,172331008.0,27.98,0.023195756,52.92,16825561.0,0.0,0.0,114798.0,25718167.0,0.0,0.0,74744.0,0.0,0.0,0.0,0.0
2023-03-20 16:54:24.548000+00:00,184320.0,70860800.0,181526528.0,172244992.0,28.0,0.023195756,52.98,16906230.0,0.0,0.0,115044.0,25805213.0,0.0,0.0,74930.0,0.0,0.0,0.0,0.0
2023-03-20 16:54:29.354000+00:00,184320.0,70860800.0,181526528.0,172244992.0,28.03,0.023195756,53.02,16906230.0,0.0,0.0,115044.0,25805213.0,0.0,0.0,74930.0,0.0,0.0,0.0,0.0
2023-03-20 16:54:33.764000+00:00,184320.0,70860800.0,181526528.0,172244992.0,28.05,0.023195756,53.07,16946607.0,0.0,0.0,115418.0,25920680.0,0.0,0.0,75154.0,0.0,0.0,0.0,0.0
2023-03-20 16:54:39.758000+00:00,184320.0,70860800.0,181796864.0,172515328.0,28.08,0.023195756,53.12,16961129.0,0.0,0.0,115527.0,25935564.0,0.0,0.0,75228.0,0.0,0.0,0.0,0.0
2023-03-20 16:54:44.791000+00:00,184320.0,70868992.0,181542912.0,172257280.0,28.09,0.023195756,53.18,16976615.0,0.0,0.0,115651.0,26010069.0,0.0,0.0,75316.0,0.0,0.0,0.0,0.0
2023-03-20 16:54:48.849000+00:00,184320.0,70868992.0,181542912.0,172253184.0,28.11,0.023195756,53.21,16987602.0,0.0,0.0,115748.0,26027111.0,0.0,0.0,75371.0,0.0,0.0,0.0,0.0
2023-03-20 16:54:54.272000+00:00,184320.0,70868992.0,181628928.0,172343296.0,28.15,0.023195756,53.25,17002345.0,0.0,0.0,115884.0,26105286.0,0.0,0.0,75465.0,0.0,0.0,0.0,0.0
2023-03-20 16:54:59.394000+00:00,184320.0,70868992.0,181628928.0,172343296.0,28.18,0.023195756,53.3,17002345.0,0.0,0.0,115884.0,26105286.0,0.0,0.0,75465.0,0.0,0.0,0.0,0.0
2023-03-20 16:55:04.036000+00:00,184320.0,70848512.0,181743616.0,172457984.0,28.19,0.023195756,53.36,17032278.0,0.0,0.0,116129.0,26147572.0,0.0,0.0,75621.0,0.0,0.0,0.0,0.0
2023-03-20 16:55:09.822000+00:00,184320.0,70848512.0,181743616.0,172457984.0,28.2,0.023195756,53.4,17032278.0,0.0,0.0,116129.0,26157722.0,0.0,0.0,75680.0,0.0,0.0,0.0,0.0
2023-03-20 16:55:14.593000+00:00,184320.0,70856704.0,181620736.0,172331008.0,28.22,0.023195756,53.47,17063092.0,0.0,0.0,116375.0,26181024.0,0.0,0.0,75779.0,0.0,0.0,0.0,0.0
2023-03-20 16:55:18.848000+00:00,184320.0,70856704.0,181665792.0,172376064.0,28.23,0.023195756,53.5,17071231.0,0.0,0.0,116435.0,26193417.0,0.0,0.0,75824.0,0.0,0.0,0.0,0.0
2023-03-20 16:55:23.626000+00:00,184320.0,71008256.0,182071296.0,172781568.0,28.26,0.023195756,53.52,17119605.0,0.0,0.0,116539.0,26259202.0,0.0,0.0,75897.0,0.0,0.0,0.0,0.0
2023-03-20 16:55:28.014000+00:00,184320.0,71008256.0,182071296.0,172781568.0,28.28,0.023195756,53.57,17119605.0,0.0,0.0,116539.0,26259202.0,0.0,0.0,75897.0,0.0,0.0,0.0,0.0
2023-03-20 16:55:33.677000+00:00,184320.0,71020544.0,181829632.0,172539904.0,28.3,0.023195756,53.62,17168303.0,0.0,0.0,116813.0,26306710.0,0.0,0.0,76073.0,0.0,0.0,0.0,0.0
2023-03-20 16:55:38.234000+00:00,184320.0,71020544.0,181956608.0,172666880.0,28.32,0.023195756,53.67,17176616.0,0.0,0.0,116884.0,26317739.0,0.0,0.0,76120.0,0.0,0.0,0.0,0.0
2023-03-20 16:55:44.093000+00:00,184320.0,71020544.0,182038528.0,172748800.0,28.32,0.023195756,53.74,17186519.0,0.0,0.0,116958.0,26329540.0,0.0,0.0,76170.0,0.0,0.0,0.0,0.0
2023-03-20 16:55:49.457000+00:00,184320.0,71020544.0,181837824.0,172548096.0,28.34,0.023195756,53.74,17248568.0,0.0,0.0,117040.0,26390643.0,0.0,0.0,76235.0,0.0,0.0,0.0,0.0
2023-03-20 16:55:53.619000+00:00,184320.0,71028736.0,181833728.0,172544000.0,28.36,0.023195756,53.8,17262252.0,0.0,0.0,117144.0,26459918.0,0.0,0.0,76311.0,0.0,0.0,0.0,0.0
2023-03-20 16:55:59.818000+00:00,184320.0,71028736.0,181833728.0,172544000.0,28.39,0.023195756,53.87,17262252.0,0.0,0.0,117144.0,26459918.0,0.0,0.0,76311.0,0.0,0.0,0.0,0.0
2023-03-20 16:56:03.361000+00:00,184320.0,71041024.0,182308864.0,172941312.0,28.4,0.023195756,53.9,17332350.0,0.0,0.0,117300.0,26530720.0,0.0,0.0,76421.0,0.0,0.0,0.0,0.0
2023-03-20 16:56:08.518000+00:00,184320.0,71041024.0,182308864.0,172941312.0,28.43,0.023195756,53.9,17332350.0,0.0,0.0,117300.0,26543428.0,0.0,0.0,76459.0,0.0,0.0,0.0,0.0
2023-03-20 16:56:13.825000+00:00,184320.0,70918144.0,181809152.0,172441600.0,28.45,0.023195756,53.98,17348555.0,0.0,0.0,117442.0,26558905.0,0.0,0.0,76516.0,0.0,0.0,0.0,0.0
2023-03-20 16:56:19.823000+00:00,184320.0,70983680.0,181874688.0,172507136.0,28.48,0.023195756,54.04,17362700.0,0.0,0.0,117552.0,26577448.0,0.0,0.0,76589.0,0.0,0.0,0.0,0.0
2023-03-20 16:56:24.559000+00:00,184320.0,70983680.0,181956608.0,172584960.0,28.5,0.023195756,54.1,17376905.0,0.0,0.0,117686.0,26707542.0,0.0,0.0,76675.0,0.0,0.0,0.0,0.0
2023-03-20 16:56:28.819000+00:00,184320.0,70983680.0,181878784.0,172507136.0,28.53,0.023195756,54.13,17387173.0,0.0,0.0,117686.0,26707542.0,0.0,0.0,76675.0,0.0,0.0,0.0,0.0
2023-03-20 16:56:34.662000+00:00,184320.0,70987776.0,182087680.0,172720128.0,28.55,0.023195756,54.21,17397368.0,0.0,0.0,117844.0,26728928.0,0.0,0.0,76790.0,0.0,0.0,0.0,0.0
2023-03-20 16:56:38.854000+00:00,184320.0,70987776.0,182087680.0,172720128.0,28.56,0.023195756,54.24,17397368.0,0.0,0.0,117844.0,26738275.0,0.0,0.0,76832.0,0.0,0.0,0.0,0.0
2023-03-20 16:56:44.489000+00:00,184320.0,70987776.0,182001664.0,172621824.0,28.58,0.023195756,54.29,17415009.0,0.0,0.0,118002.0,26751451.0,0.0,0.0,76883.0,0.0,0.0,0.0,0.0
2023-03-20 16:56:49.643000+00:00,184320.0,70987776.0,181895168.0,172507136.0,28.61,0.023195756,54.32,17425306.0,0.0,0.0,118087.0,26766281.0,0.0,0.0,76934.0,0.0,0.0,0.0,0.0
2023-03-20 16:56:54.041000+00:00,184320.0,71057408.0,181944320.0,172556288.0,28.63,0.023195756,54.37,17493648.0,0.0,0.0,118224.0,26838507.0,0.0,0.0,77045.0,0.0,0.0,0.0,0.0
2023-03-20 16:56:59.179000+00:00,184320.0,71057408.0,181944320.0,172556288.0,28.66,0.023195756,54.42,17493648.0,0.0,0.0,118224.0,26838507.0,0.0,0.0,77045.0,0.0,0.0,0.0,0.0
2023-03-20 16:57:03.804000+00:00,184320.0,71065600.0,182104064.0,172716032.0,28.68,0.023195756,54.45,17584148.0,0.0,0.0,118546.0,26943228.0,0.0,0.0,77260.0,0.0,0.0,0.0,0.0
2023-03-20 16:57:08.486000+00:00,184320.0,71065600.0,182104064.0,172716032.0,28.7,0.023195756,54.49,17584148.0,0.0,0.0,118546.0,26943228.0,0.0,0.0,77260.0,0.0,0.0,0.0,0.0
2023-03-20 16:57:14.365000+00:00,184320.0,71065600.0,182087680.0,172695552.0,28.74,0.023195756,54.55,17607344.0,0.0,0.0,118739.0,26973804.0,0.0,0.0,77380.0,0.0,0.0,0.0,0.0
2023-03-20 16:57:18.807000+00:00,184320.0,71065600.0,182087680.0,172695552.0,28.77,0.023195756,54.57,17607344.0,0.0,0.0,118739.0,26973804.0,0.0,0.0,77380.0,0.0,0.0,0.0,0.0
2023-03-20 16:57:24.629000+00:00,184320.0,71065600.0,181981184.0,172589056.0,28.78,0.023195756,54.63,17628128.0,0.0,0.0,118912.0,27002425.0,0.0,0.0,77493.0,0.0,0.0,0.0,0.0
2023-03-20 16:57:29.693000+00:00,184320.0,71065600.0,181981184.0,172589056.0,28.8,0.023195756,54.68,17628128.0,0.0,0.0,118912.0,27002425.0,0.0,0.0,77493.0,0.0,0.0,0.0,0.0
2023-03-20 16:57:34.063000+00:00,184320.0,71065600.0,181952512.0,172560384.0,28.83,0.023195756,54.72,17660581.0,0.0,0.0,119179.0,27156678.0,0.0,0.0,77680.0,0.0,0.0,0.0,0.0
2023-03-20 16:57:38.877000+00:00,184320.0,71065600.0,181952512.0,172560384.0,28.84,0.023195756,54.75,17660581.0,0.0,0.0,119254.0,27167217.0,0.0,0.0,77727.0,0.0,0.0,0.0,0.0
2023-03-20 16:57:44.023000+00:00,184320.0,71073792.0,181985280.0,172593152.0,28.88,0.023195756,54.83,17741915.0,0.0,0.0,119419.0,27248119.0,0.0,0.0,77838.0,0.0,0.0,0.0,0.0
2023-03-20 16:57:49.204000+00:00,184320.0,71073792.0,181985280.0,172593152.0,28.9,0.023195756,54.86,17741915.0,0.0,0.0,119419.0,27248119.0,0.0,0.0,77838.0,0.0,0.0,0.0,0.0
2023-03-20 16:57:54.815000+00:00,184320.0,71073792.0,181960704.0,172564480.0,28.93,0.023195756,54.9,17769659.0,0.0,0.0,119634.0,27283236.0,0.0,0.0,77975.0,0.0,0.0,0.0,0.0
2023-03-20 16:57:58.627000+00:00,184320.0,71073792.0,182226944.0,172765184.0,28.96,0.023195756,54.94,17774940.0,0.0,0.0,119684.0,27292233.0,0.0,0.0,78006.0,0.0,0.0,0.0,0.0
2023-03-20 16:58:03.855000+00:00,184320.0,71073792.0,181932032.0,172470272.0,28.98,0.023195756,54.98,17785024.0,0.0,0.0,119770.0,27361037.0,0.0,0.0,78069.0,0.0,0.0,0.0,0.0
2023-03-20 16:58:08.716000+00:00,184320.0,71073792.0,181932032.0,172470272.0,29.0,0.023195756,54.98,17785024.0,0.0,0.0,119855.0,27428486.0,0.0,0.0,78138.0,0.0,0.0,0.0,0.0
2023-03-20 16:58:14.239000+00:00,184320.0,71090176.0,181944320.0,172482560.0,29.03,0.023195756,55.08,17868185.0,0.0,0.0,120026.0,27506308.0,0.0,0.0,78270.0,0.0,0.0,0.0,0.0
2023-03-20 16:58:19.542000+00:00,184320.0,71090176.0,181944320.0,172482560.0,29.04,0.023195756,55.12,17868185.0,0.0,0.0,120101.0,27575141.0,0.0,0.0,78332.0,0.0,0.0,0.0,0.0
2023-03-20 16:58:24.370000+00:00,184320.0,71090176.0,181948416.0,172482560.0,29.05,0.023195756,55.16,17882404.0,0.0,0.0,120157.0,27583130.0,0.0,0.0,78366.0,0.0,0.0,0.0,0.0
2023-03-20 16:58:28.953000+00:00,184320.0,71090176.0,181948416.0,172482560.0,29.07,0.023195756,55.18,17882404.0,0.0,0.0,120157.0,27583130.0,0.0,0.0,78366.0,0.0,0.0,0.0,0.0
2023-03-20 16:58:34.096000+00:00,184320.0,71213056.0,182439936.0,172974080.0,29.08,0.023195756,55.25,17968435.0,0.0,0.0,120441.0,27738953.0,0.0,0.0,78564.0,0.0,0.0,0.0,0.0
2023-03-20 16:58:38.749000+00:00,184320.0,71213056.0,182439936.0,173015040.0,29.1,0.023195756,55.28,18041373.0,0.0,0.0,120602.0,27815303.0,0.0,0.0,78683.0,0.0,0.0,0.0,0.0
2023-03-20 16:58:44.492000+00:00,184320.0,71229440.0,182321152.0,172855296.0,29.12,0.023195756,55.33,18054854.0,0.0,0.0,120709.0,27829777.0,0.0,0.0,78750.0,0.0,0.0,0.0,0.0
2023-03-20 16:58:49.590000+00:00,184320.0,71229440.0,182218752.0,172752896.0,29.14,0.023195756,55.37,18065709.0,0.0,0.0,120791.0,27840925.0,0.0,0.0,78805.0,0.0,0.0,0.0,0.0
2023-03-20 16:58:54.591000+00:00,184320.0,71237632.0,182444032.0,172978176.0,29.16,0.023195756,55.42,18138570.0,0.0,0.0,120944.0,27917686.0,0.0,0.0,78919.0,0.0,0.0,0.0,0.0
2023-03-20 16:58:59.042000+00:00,184320.0,71237632.0,182444032.0,172978176.0,29.19,0.023195756,55.48,18138570.0,0.0,0.0,120944.0,27917686.0,0.0,0.0,78919.0,0.0,0.0,0.0,0.0
2023-03-20 16:59:04.352000+00:00,184320.0,71245824.0,182333440.0,172863488.0,29.22,0.023195756,55.54,18204899.0,0.0,0.0,121285.0,28087297.0,0.0,0.0,79146.0,0.0,0.0,0.0,0.0
2023-03-20 16:59:09.107000+00:00,184320.0,71245824.0,182333440.0,172646400.0,29.26,0.023195756,55.54,18249025.0,0.0,0.0,121409.0,28161525.0,0.0,0.0,79246.0,0.0,0.0,0.0,0.0
2023-03-20 16:59:13.424000+00:00,184320.0,71249920.0,182120448.0,172650496.0,29.28,0.023195756,55.6,18256396.0,0.0,0.0,121473.0,28170884.0,0.0,0.0,79287.0,0.0,0.0,0.0,0.0
2023-03-20 16:59:18.875000+00:00,184320.0,71249920.0,182120448.0,172650496.0,29.3,0.023195756,55.66,18256396.0,0.0,0.0,121473.0,28196162.0,0.0,0.0,79380.0,0.0,0.0,0.0,0.0
2023-03-20 16:59:23.260000+00:00,184320.0,71266304.0,182263808.0,172793856.0,29.33,0.023195756,55.71,18351606.0,0.0,0.0,121798.0,28276074.0,0.0,0.0,79498.0,0.0,0.0,0.0,0.0
2023-03-20 16:59:28.985000+00:00,184320.0,71450624.0,182263808.0,172793856.0,29.36,0.023195756,55.75,18351606.0,0.0,0.0,121798.0,28276074.0,0.0,0.0,79498.0,0.0,0.0,0.0,0.0
2023-03-20 16:59:33.822000+00:00,184320.0,71471104.0,182468608.0,172998656.0,29.38,0.023195756,55.78,18506837.0,0.0,0.0,122162.0,28560068.0,0.0,0.0,79750.0,0.0,0.0,0.0,0.0
2023-03-20 16:59:39.428000+00:00,184320.0,71471104.0,182468608.0,172867584.0,29.4,0.023195756,55.84,18582374.0,0.0,0.0,122336.0,28643235.0,0.0,0.0,79861.0,0.0,0.0,0.0,0.0
2023-03-20 16:59:44.114000+00:00,184320.0,71487488.0,182362112.0,172888064.0,29.43,0.023195756,55.91,18663157.0,0.0,0.0,122526.0,28730841.0,0.0,0.0,79992.0,0.0,0.0,0.0,0.0
2023-03-20 16:59:49.779000+00:00,184320.0,71487488.0,182362112.0,173015040.0,29.44,0.023195756,55.94,18681758.0,0.0,0.0,122643.0,28750465.0,0.0,0.0,80073.0,0.0,0.0,0.0,0.0
2023-03-20 16:59:53.791000+00:00,184320.0,71487488.0,182620160.0,173146112.0,29.46,0.023195756,55.98,18696573.0,0.0,0.0,122780.0,28835219.0,0.0,0.0,80173.0,0.0,0.0,0.0,0.0
2023-03-20 16:59:59.886000+00:00,184320.0,71487488.0,182620160.0,173146112.0,29.49,0.023195756,56.06,18696573.0,0.0,0.0,122780.0,28835219.0,0.0,0.0,80173.0,0.0,0.0,0.0,0.0
2023-03-20 17:00:03.120000+00:00,184320.0,71487488.0,182587392.0,173154304.0,29.5,0.023195756,56.09,18720479.0,0.0,0.0,122995.0,29045597.0,0.0,0.0,80325.0,0.0,0.0,0.0,0.0
2023-03-20 17:00:09.144000+00:00,184320.0,71487488.0,182587392.0,173154304.0,29.54,0.023195756,56.13,18729952.0,0.0,0.0,123074.0,29056341.0,0.0,0.0,80382.0,0.0,0.0,0.0,0.0
2023-03-20 17:00:13.057000+00:00,184320.0,71487488.0,182591488.0,173154304.0,29.56,0.023195756,56.16,18744012.0,0.0,0.0,123190.0,29073936.0,0.0,0.0,80459.0,0.0,0.0,0.0,0.0
2023-03-20 17:00:19.882000+00:00,184320.0,71487488.0,182591488.0,172892160.0,29.59,0.023195756,56.22,18752115.0,0.0,0.0,123261.0,29146182.0,0.0,0.0,80511.0,0.0,0.0,0.0,0.0
2023-03-20 17:00:23.782000+00:00,184320.0,71487488.0,182456320.0,173019136.0,29.6,0.023787759,56.24,18758382.0,0.0,0.0,123319.0,29155834.0,0.0,0.0,80552.0,0.0,0.0,0.0,0.0
2023-03-20 17:00:28.636000+00:00,184320.0,71487488.0,182456320.0,173019136.0,29.63,0.025644578,56.3,18758382.0,0.0,0.0,123319.0,29155834.0,0.0,0.0,80552.0,0.0,0.0,0.0,0.0
2023-03-20 17:00:33.730000+00:00,184320.0,71487488.0,182591488.0,173154304.0,29.65,0.026722539,56.34,18788637.0,0.0,0.0,123564.0,29197782.0,0.0,0.0,80712.0,0.0,0.0,0.0,0.0
2023-03-20 17:00:39.493000+00:00,184320.0,71487488.0,182276096.0,172838912.0,29.67,0.026722539,56.4,18804189.0,0.0,0.0,123703.0,29219779.0,0.0,0.0,80796.0,0.0,0.0,0.0,0.0
2023-03-20 17:00:44.002000+00:00,184320.0,71168000.0,182140928.0,172703744.0,29.68,0.026722539,56.44,18813091.0,0.0,0.0,123772.0,29227353.0,0.0,0.0,80845.0,0.0,0.0,0.0,0.0
2023-03-20 17:00:49.489000+00:00,184320.0,71168000.0,182140928.0,172683264.0,29.7,0.026722539,56.5,18826456.0,0.0,0.0,123886.0,29249810.0,0.0,0.0,80920.0,0.0,0.0,0.0,0.0
2023-03-20 17:00:53.335000+00:00,184320.0,71270400.0,182120448.0,172679168.0,29.71,0.026722539,56.52,18832701.0,0.0,0.0,123931.0,29256705.0,0.0,0.0,80948.0,0.0,0.0,0.0,0.0
2023-03-20 17:00:59.628000+00:00,184320.0,71376896.0,182226944.0,172785664.0,29.74,0.026722539,56.58,18852612.0,0.0,0.0,124089.0,29284222.0,0.0,0.0,80948.0,0.0,0.0,0.0,0.0
2023-03-20 17:01:04.886000+00:00,184320.0,71385088.0,182251520.0,172802048.0,29.76,0.026722539,56.66,18867385.0,0.0,0.0,124210.0,29307304.0,0.0,0.0,81121.0,0.0,0.0,0.0,0.0
2023-03-20 17:01:09.493000+00:00,184320.0,71385088.0,182251520.0,172802048.0,29.8,0.026722539,56.66,18867385.0,0.0,0.0,124210.0,29307304.0,0.0,0.0,81121.0,0.0,0.0,0.0,0.0
2023-03-20 17:01:13.729000+00:00,184320.0,71385088.0,182374400.0,172924928.0,29.8,0.026722539,56.73,18888913.0,0.0,0.0,124391.0,29401063.0,0.0,0.0,81255.0,0.0,0.0,0.0,0.0
2023-03-20 17:01:19.240000+00:00,184320.0,71385088.0,182509568.0,173056000.0,29.86,0.026722539,56.81,18916569.0,0.0,0.0,124628.0,29439276.0,0.0,0.0,81394.0,0.0,0.0,0.0,0.0
2023-03-20 17:01:24.083000+00:00,184320.0,71389184.0,182464512.0,173010944.0,29.89,0.026722539,56.87,18932154.0,0.0,0.0,124756.0,29464692.0,0.0,0.0,81469.0,0.0,0.0,0.0,0.0
2023-03-20 17:01:29.542000+00:00,184320.0,71389184.0,182464512.0,173010944.0,29.92,0.026722539,56.9,18932154.0,0.0,0.0,124756.0,29547622.0,0.0,0.0,81583.0,0.0,0.0,0.0,0.0
2023-03-20 17:01:34.575000+00:00,184320.0,71725056.0,182595584.0,173142016.0,29.95,0.026722539,56.99,19030725.0,0.0,0.0,125104.0,29584945.0,0.0,0.0,81705.0,0.0,0.0,0.0,0.0
2023-03-20 17:01:39.134000+00:00,184320.0,71725056.0,182595584.0,173142016.0,29.97,0.026722539,57.03,19030725.0,0.0,0.0,125104.0,29584945.0,0.0,0.0,81705.0,0.0,0.0,0.0,0.0
2023-03-20 17:01:43.810000+00:00,184320.0,71725056.0,182722560.0,173268992.0,30.0,0.026722539,57.06,19058293.0,0.0,0.0,125329.0,29621202.0,0.0,0.0,81846.0,0.0,0.0,0.0,0.0
2023-03-20 17:01:49.464000+00:00,184320.0,71729152.0,182878208.0,173404160.0,30.03,0.026722539,57.1,19070696.0,0.0,0.0,125428.0,29633543.0,0.0,0.0,81910.0,0.0,0.0,0.0,0.0
2023-03-20 17:01:54.730000+00:00,184320.0,71729152.0,182624256.0,173150208.0,30.04,0.026722539,57.16,19077065.0,0.0,0.0,125487.0,29643422.0,0.0,0.0,81948.0,0.0,0.0,0.0,0.0
2023-03-20 17:01:59.202000+00:00,184320.0,71729152.0,182624256.0,173150208.0,30.05,0.026722539,57.2,19081198.0,0.0,0.0,125523.0,29643422.0,0.0,0.0,81948.0,0.0,0.0,0.0,0.0
2023-03-20 17:02:03.505000+00:00,184320.0,71835648.0,182767616.0,173264896.0,30.07,0.026722539,57.24,19092272.0,0.0,0.0,125623.0,29666127.0,0.0,0.0,82039.0,0.0,0.0,0.0,0.0
2023-03-20 17:02:08.378000+00:00,184320.0,71835648.0,182767616.0,173264896.0,30.08,0.026722539,57.24,19092272.0,0.0,0.0,125623.0,29666127.0,0.0,0.0,82189.0,0.0,0.0,0.0,0.0
2023-03-20 17:02:14.587000+00:00,184320.0,71872512.0,183017472.0,173510656.0,30.1,0.026722539,57.34,19181663.0,0.0,0.0,125900.0,29889803.0,0.0,0.0,82280.0,0.0,0.0,0.0,0.0
2023-03-20 17:02:19.190000+00:00,184320.0,71880704.0,183017472.0,173510656.0,30.11,0.026722539,57.38,19181663.0,0.0,0.0,125900.0,29889803.0,0.0,0.0,82280.0,0.0,0.0,0.0,0.0
2023-03-20 17:02:23.901000+00:00,188416.0,71880704.0,182939648.0,173432832.0,30.12,0.026722539,57.41,19258209.0,0.0,0.0,126056.0,29967939.0,0.0,0.0,82396.0,0.0,0.0,0.0,0.0
2023-03-20 17:02:28.917000+00:00,188416.0,71970816.0,183160832.0,173654016.0,30.16,0.026722539,57.45,19276018.0,0.0,0.0,126196.0,29986863.0,0.0,0.0,82492.0,0.0,0.0,0.0,0.0
2023-03-20 17:02:34.104000+00:00,188416.0,71970816.0,183005184.0,173498368.0,30.18,0.026722539,57.48,19283450.0,0.0,0.0,126267.0,29998799.0,0.0,0.0,82531.0,0.0,0.0,0.0,0.0
2023-03-20 17:02:39.720000+00:00,188416.0,71970816.0,183005184.0,173498368.0,30.2,0.026722539,57.52,19283450.0,0.0,0.0,126267.0,29998799.0,0.0,0.0,82657.0,0.0,0.0,0.0,0.0
2023-03-20 17:02:44.792000+00:00,188416.0,71987200.0,183152640.0,173645824.0,30.23,0.026722539,57.56,19385030.0,0.0,0.0,126649.0,30236435.0,0.0,0.0,82797.0,0.0,0.0,0.0,0.0
2023-03-20 17:02:49.643000+00:00,188416.0,71987200.0,183152640.0,173645824.0,30.24,0.026722539,57.6,19385030.0,0.0,0.0,126649.0,30236435.0,0.0,0.0,82832.0,0.0,0.0,0.0,0.0
2023-03-20 17:02:53.091000+00:00,188416.0,71987200.0,183050240.0,173543424.0,30.26,0.026722539,57.63,19401644.0,0.0,0.0,126800.0,30258371.0,0.0,0.0,82884.0,0.0,0.0,0.0,0.0
2023-03-20 17:02:58.246000+00:00,188416.0,71995392.0,183189504.0,173678592.0,30.28,0.026722539,57.67,19409613.0,0.0,0.0,126864.0,30310180.0,0.0,0.0,82946.0,0.0,0.0,0.0,0.0
2023-03-20 17:03:04.723000+00:00,188416.0,71995392.0,183095296.0,173559808.0,30.31,0.026722539,57.73,19416907.0,0.0,0.0,126936.0,30344329.0,0.0,0.0,82994.0,0.0,0.0,0.0,0.0
2023-03-20 17:03:09.125000+00:00,188416.0,71995392.0,183095296.0,173559808.0,30.33,0.026722539,57.76,19427847.0,0.0,0.0,127032.0,30361872.0,0.0,0.0,83055.0,0.0,0.0,0.0,0.0
2023-03-20 17:03:14.751000+00:00,188416.0,71995392.0,182960128.0,173424640.0,30.35,0.026722539,57.8,19438474.0,0.0,0.0,127117.0,30438553.0,0.0,0.0,83128.0,0.0,0.0,0.0,0.0
2023-03-20 17:03:17.986000+00:00,188416.0,71995392.0,182960128.0,173424640.0,30.37,0.026722539,57.81,19438474.0,0.0,0.0,127144.0,30442862.0,0.0,0.0,83149.0,0.0,0.0,0.0,0.0
2023-03-20 17:03:24.669000+00:00,188416.0,71995392.0,183058432.0,173518848.0,30.4,0.026722539,57.88,19454699.0,0.0,0.0,127267.0,30464784.0,0.0,0.0,83219.0,0.0,0.0,0.0,0.0
2023-03-20 17:03:29.697000+00:00,188416.0,72069120.0,183287808.0,173748224.0,30.43,0.026722539,57.92,19474314.0,0.0,0.0,127426.0,30491655.0,0.0,0.0,83316.0,0.0,0.0,0.0,0.0
2023-03-20 17:03:34.155000+00:00,188416.0,72089600.0,183414784.0,173875200.0,30.45,0.026722539,57.98,19557255.0,0.0,0.0,127627.0,30579033.0,0.0,0.0,83456.0,0.0,0.0,0.0,0.0
2023-03-20 17:03:38.639000+00:00,188416.0,72089600.0,183414784.0,173522944.0,30.46,0.026722539,58.02,19629779.0,0.0,0.0,127731.0,30654830.0,0.0,0.0,83549.0,0.0,0.0,0.0,0.0
2023-03-20 17:03:44.628000+00:00,188416.0,72093696.0,183291904.0,173752320.0,30.5,0.026722539,58.1,19649538.0,0.0,0.0,127889.0,30678877.0,0.0,0.0,83648.0,0.0,0.0,0.0,0.0
2023-03-20 17:03:49.217000+00:00,188416.0,72093696.0,183066624.0,173527040.0,30.52,0.026722539,58.12,19654270.0,0.0,0.0,127928.0,30685509.0,0.0,0.0,83682.0,0.0,0.0,0.0,0.0
2023-03-20 17:03:53.811000+00:00,188416.0,72093696.0,183193600.0,173654016.0,30.53,0.026722539,58.15,19658418.0,0.0,0.0,127963.0,30689506.0,0.0,0.0,83707.0,0.0,0.0,0.0,0.0
2023-03-20 17:03:58.922000+00:00,188416.0,72093696.0,183193600.0,173654016.0,30.55,0.026722539,58.2,19658418.0,0.0,0.0,127963.0,30689506.0,0.0,0.0,83707.0,0.0,0.0,0.0,0.0
2023-03-20 17:04:04.014000+00:00,188416.0,72093696.0,183296000.0,173772800.0,30.58,0.026722539,58.26,19681533.0,0.0,0.0,128161.0,30726147.0,0.0,0.0,83824.0,0.0,0.0,0.0,0.0
2023-03-20 17:04:09.763000+00:00,188416.0,72093696.0,183296000.0,173543424.0,30.6,0.026722539,58.26,19764607.0,0.0,0.0,128362.0,30882889.0,0.0,0.0,83988.0,0.0,0.0,0.0,0.0
2023-03-20 17:04:14.027000+00:00,188416.0,72110080.0,183287808.0,173760512.0,30.62,0.026722539,58.35,19774004.0,0.0,0.0,128434.0,30954336.0,0.0,0.0,84043.0,0.0,0.0,0.0,0.0
2023-03-20 17:04:18.897000+00:00,188416.0,72110080.0,183287808.0,173760512.0,30.64,0.026722539,58.37,19774004.0,0.0,0.0,128592.0,31037780.0,0.0,0.0,84152.0,0.0,0.0,0.0,0.0
2023-03-20 17:04:23.792000+00:00,188416.0,72114176.0,183070720.0,173543424.0,30.66,0.026722539,58.4,19857941.0,0.0,0.0,128629.0,31045034.0,0.0,0.0,84182.0,0.0,0.0,0.0,0.0
2023-03-20 17:04:29.451000+00:00,188416.0,72314880.0,183398400.0,173871104.0,30.68,0.026722539,58.48,19872945.0,0.0,0.0,128761.0,31066678.0,0.0,0.0,84257.0,0.0,0.0,0.0,0.0
2023-03-20 17:04:34.784000+00:00,188416.0,72314880.0,183406592.0,173875200.0,30.72,0.026722539,58.56,19893212.0,0.0,0.0,128920.0,31092739.0,0.0,0.0,84353.0,0.0,0.0,0.0,0.0
2023-03-20 17:04:39.675000+00:00,188416.0,72314880.0,183537664.0,174006272.0,30.74,0.026722539,58.58,19901633.0,0.0,0.0,128986.0,31163921.0,0.0,0.0,84416.0,0.0,0.0,0.0,0.0
2023-03-20 17:04:43.477000+00:00,188416.0,72314880.0,183537664.0,174006272.0,30.76,0.026722539,58.6,19914583.0,0.0,0.0,129102.0,31244345.0,0.0,0.0,84501.0,0.0,0.0,0.0,0.0
2023-03-20 17:04:48.675000+00:00,188416.0,72314880.0,183275520.0,173744128.0,30.77,0.026722539,58.6,19922248.0,0.0,0.0,129169.0,31255887.0,0.0,0.0,84549.0,0.0,0.0,0.0,0.0
2023-03-20 17:04:53.507000+00:00,188416.0,72314880.0,183537664.0,174006272.0,30.79,0.026722539,58.69,19930781.0,0.0,0.0,129241.0,31266383.0,0.0,0.0,84598.0,0.0,0.0,0.0,0.0
2023-03-20 17:04:58.683000+00:00,188416.0,72314880.0,183537664.0,174006272.0,30.81,0.026722539,58.69,19930781.0,0.0,0.0,129241.0,31266383.0,0.0,0.0,84598.0,0.0,0.0,0.0,0.0
2023-03-20 17:05:04.651000+00:00,188416.0,72314880.0,183496704.0,173965312.0,30.83,0.026722539,58.8,19954388.0,0.0,0.0,129446.0,31301057.0,0.0,0.0,84727.0,0.0,0.0,0.0,0.0
2023-03-20 17:05:08.959000+00:00,188416.0,72318976.0,183275520.0,173756416.0,30.85,0.026722539,58.85,19963767.0,0.0,0.0,129518.0,31312637.0,0.0,0.0,84769.0,0.0,0.0,0.0,0.0
2023-03-20 17:05:14.110000+00:00,188416.0,72318976.0,183496704.0,173973504.0,30.88,0.026722539,58.9,19975076.0,0.0,0.0,129620.0,31328028.0,0.0,0.0,84830.0,0.0,0.0,0.0,0.0
2023-03-20 17:05:18.866000+00:00,188416.0,72318976.0,183283712.0,173760512.0,30.89,0.026722539,58.9,19987826.0,0.0,0.0,129720.0,31342221.0,0.0,0.0,84897.0,0.0,0.0,0.0,0.0
2023-03-20 17:05:23.555000+00:00,188416.0,72318976.0,183410688.0,173887488.0,30.9,0.026722539,58.95,19994382.0,0.0,0.0,129774.0,31350066.0,0.0,0.0,84935.0,0.0,0.0,0.0,0.0
2023-03-20 17:05:29.044000+00:00,188416.0,72318976.0,183410688.0,173887488.0,30.92,0.026722539,59.0,19994382.0,0.0,0.0,129887.0,31425830.0,0.0,0.0,85027.0,0.0,0.0,0.0,0.0
2023-03-20 17:05:33.667000+00:00,188416.0,72335360.0,183558144.0,174034944.0,30.96,0.026722539,59.03,20081174.0,0.0,0.0,129984.0,31441091.0,0.0,0.0,85087.0,0.0,0.0,0.0,0.0
2023-03-20 17:05:39.348000+00:00,188416.0,72335360.0,183296000.0,173772800.0,30.99,0.026722539,59.08,20097737.0,0.0,0.0,130128.0,31464725.0,0.0,0.0,85174.0,0.0,0.0,0.0,0.0
2023-03-20 17:05:44.026000+00:00,188416.0,72335360.0,183562240.0,174039040.0,31.02,0.026722539,59.14,20112577.0,0.0,0.0,130251.0,31488151.0,0.0,0.0,85258.0,0.0,0.0,0.0,0.0
2023-03-20 17:05:48.777000+00:00,188416.0,72335360.0,183427072.0,173903872.0,31.04,0.026722539,59.14,20133623.0,0.0,0.0,130423.0,31513410.0,0.0,0.0,85355.0,0.0,0.0,0.0,0.0
2023-03-20 17:05:54.853000+00:00,188416.0,72335360.0,183304192.0,173776896.0,31.07,0.026722539,59.23,20148752.0,0.0,0.0,130556.0,31533869.0,0.0,0.0,85428.0,0.0,0.0,0.0,0.0
2023-03-20 17:05:59.579000+00:00,188416.0,72347648.0,183447552.0,173920256.0,31.09,0.026722539,59.26,20231872.0,0.0,0.0,130730.0,31625155.0,0.0,0.0,85428.0,0.0,0.0,0.0,0.0
2023-03-20 17:06:04.463000+00:00,188416.0,72347648.0,183656448.0,174129152.0,31.14,0.026722539,59.3,20236764.0,0.0,0.0,130774.0,31697084.0,0.0,0.0,85605.0,0.0,0.0,0.0,0.0
2023-03-20 17:06:09.571000+00:00,188416.0,72347648.0,183656448.0,174129152.0,31.15,0.026722539,59.37,20236764.0,0.0,0.0,130774.0,31697084.0,0.0,0.0,85605.0,0.0,0.0,0.0,0.0
2023-03-20 17:06:13.209000+00:00,188416.0,72347648.0,183332864.0,173793280.0,31.18,0.026722539,59.39,20252695.0,0.0,0.0,130922.0,31720206.0,0.0,0.0,85695.0,0.0,0.0,0.0,0.0
2023-03-20 17:06:18.279000+00:00,188416.0,72347648.0,183332864.0,173793280.0,31.2,0.026722539,59.44,20252695.0,0.0,0.0,130922.0,31720206.0,0.0,0.0,85695.0,0.0,0.0,0.0,0.0
2023-03-20 17:06:23.875000+00:00,188416.0,72347648.0,183595008.0,174055424.0,31.22,0.026722539,59.47,20273730.0,0.0,0.0,131098.0,31818449.0,0.0,0.0,85814.0,0.0,0.0,0.0,0.0
2023-03-20 17:06:29.853000+00:00,188416.0,72347648.0,183595008.0,174055424.0,31.24,0.026722539,59.54,20273730.0,0.0,0.0,131098.0,31818449.0,0.0,0.0,85814.0,0.0,0.0,0.0,0.0
