timestamp,container_fs_usage_bytes,container_memory_rss,container_memory_usage_bytes,container_memory_working_set_bytes,container_cpu_system_seconds_total,container_cpu_usage_seconds_total,container_cpu_user_seconds_total,container_network_receive_bytes_total,container_network_receive_errors_total,container_network_receive_packets_dropped_total,container_network_receive_packets_total,container_network_transmit_bytes_total,container_network_transmit_errors_total,container_network_transmit_packets_dropped_total,container_network_transmit_packets_total,container_fs_io_time_seconds_total,container_memory_failures_total,container_memory_failcnt,container_fs_write_seconds_total
2023-03-21 02:40:04.686000+00:00,131072.0,35336192.0,38121472.0,38121472.0,1.61,0.149987882,6.15,180732.0,0.0,0.0,1989.0,843263.0,0.0,0.0,1953.0,0.0,0.0,0.0,0.0
2023-03-21 02:40:09.447000+00:00,131072.0,35336192.0,38129664.0,38129664.0,1.63,0.152595472,6.21,181857.0,0.0,0.0,2003.0,848604.0,0.0,0.0,1967.0,0.0,0.0,0.0,0.0
2023-03-21 02:40:13.231000+00:00,131072.0,35336192.0,38113280.0,38113280.0,1.63,0.152595472,6.22,182866.0,0.0,0.0,2015.0,853837.0,0.0,0.0,1979.0,0.0,0.0,0.0,0.0
2023-03-21 02:40:18.946000+00:00,131072.0,35336192.0,38170624.0,38170624.0,1.65,0.152595472,6.22,183833.0,0.0,0.0,2026.0,859028.0,0.0,0.0,1990.0,0.0,0.0,0.0,0.0
2023-03-21 02:40:23.413000+00:00,131072.0,35336192.0,38129664.0,38129664.0,1.65,0.152595472,6.28,184800.0,0.0,0.0,2037.0,864219.0,0.0,0.0,2001.0,0.0,0.0,0.0,0.0
2023-03-21 02:40:29.240000+00:00,131072.0,35336192.0,38129664.0,38129664.0,1.66,0.152595472,6.35,184800.0,0.0,0.0,2037.0,864219.0,0.0,0.0,2001.0,0.0,0.0,0.0,0.0
2023-03-21 02:40:34.487000+00:00,131072.0,35344384.0,38121472.0,38121472.0,1.66,0.152595472,6.36,186788.0,0.0,0.0,2060.0,874609.0,0.0,0.0,2023.0,0.0,0.0,0.0,0.0
2023-03-21 02:40:38.558000+00:00,131072.0,35356672.0,38162432.0,38162432.0,1.69,0.152595472,6.42,187821.0,0.0,0.0,2072.0,879800.0,0.0,0.0,2034.0,0.0,0.0,0.0,0.0
2023-03-21 02:40:43.762000+00:00,131072.0,35360768.0,38137856.0,38137856.0,1.69,0.152595472,6.43,188788.0,0.0,0.0,2083.0,884991.0,0.0,0.0,2045.0,0.0,0.0,0.0,0.0
2023-03-21 02:40:48.131000+00:00,131072.0,35360768.0,38166528.0,38166528.0,1.7,0.152595472,6.43,189755.0,0.0,0.0,2094.0,890182.0,0.0,0.0,2056.0,0.0,0.0,0.0,0.0
2023-03-21 02:40:53.678000+00:00,131072.0,35360768.0,38137856.0,38137856.0,1.7,0.152595472,6.5,190722.0,0.0,0.0,2105.0,895373.0,0.0,0.0,2067.0,0.0,0.0,0.0,0.0
2023-03-21 02:40:59.605000+00:00,131072.0,35360768.0,38137856.0,38137856.0,1.72,0.155795098,6.56,190722.0,0.0,0.0,2105.0,895373.0,0.0,0.0,2067.0,0.0,0.0,0.0,0.0
2023-03-21 02:41:04.666000+00:00,135168.0,35364864.0,38146048.0,38146048.0,1.72,0.155795098,6.58,192710.0,0.0,0.0,2128.0,905829.0,0.0,0.0,2090.0,0.0,0.0,0.0,0.0
2023-03-21 02:41:08.581000+00:00,135168.0,35364864.0,38166528.0,38166528.0,1.74,0.155795098,6.64,193761.0,0.0,0.0,2141.0,911104.0,0.0,0.0,2103.0,0.0,0.0,0.0,0.0
2023-03-21 02:41:13.727000+00:00,135168.0,35364864.0,38146048.0,38146048.0,1.74,0.155795098,6.65,194728.0,0.0,0.0,2152.0,916295.0,0.0,0.0,2114.0,0.0,0.0,0.0,0.0
2023-03-21 02:41:18.766000+00:00,135168.0,35364864.0,38428672.0,38428672.0,1.76,0.155795098,6.65,195695.0,0.0,0.0,2163.0,921486.0,0.0,0.0,2125.0,0.0,0.0,0.0,0.0
2023-03-21 02:41:24.112000+00:00,135168.0,35364864.0,38146048.0,38146048.0,1.76,0.158990467,6.71,196662.0,0.0,0.0,2174.0,926677.0,0.0,0.0,2136.0,0.0,0.0,0.0,0.0
2023-03-21 02:41:29.551000+00:00,135168.0,35364864.0,38146048.0,38146048.0,1.78,0.162205506,6.78,196662.0,0.0,0.0,2174.0,926677.0,0.0,0.0,2136.0,0.0,0.0,0.0,0.0
2023-03-21 02:41:33.244000+00:00,135168.0,35373056.0,38158336.0,38158336.0,1.78,0.162205506,6.79,198584.0,0.0,0.0,2196.0,937067.0,0.0,0.0,2158.0,0.0,0.0,0.0,0.0
2023-03-21 02:41:38.598000+00:00,135168.0,35373056.0,38617088.0,38617088.0,1.8,0.165431706,6.86,199551.0,0.0,0.0,2207.0,942258.0,0.0,0.0,2169.0,0.0,0.0,0.0,0.0
2023-03-21 02:41:43.920000+00:00,135168.0,35373056.0,38195200.0,38195200.0,1.8,0.165431706,6.86,200518.0,0.0,0.0,2218.0,947449.0,0.0,0.0,2180.0,0.0,0.0,0.0,0.0
2023-03-21 02:41:49.354000+00:00,135168.0,35373056.0,38375424.0,38375424.0,1.81,0.168692232,6.93,201485.0,0.0,0.0,2229.0,952640.0,0.0,0.0,2191.0,0.0,0.0,0.0,0.0
2023-03-21 02:41:53.894000+00:00,135168.0,35373056.0,38289408.0,38289408.0,1.81,0.168692232,6.93,202452.0,0.0,0.0,2240.0,957831.0,0.0,0.0,2202.0,0.0,0.0,0.0,0.0
2023-03-21 02:41:58.764000+00:00,135168.0,35373056.0,38289408.0,38289408.0,1.81,0.168692232,6.94,202452.0,0.0,0.0,2240.0,957831.0,0.0,0.0,2202.0,0.0,0.0,0.0,0.0
2023-03-21 02:42:04.674000+00:00,139264.0,35373056.0,38150144.0,38150144.0,1.82,0.171631321,7.02,204440.0,0.0,0.0,2263.0,968287.0,0.0,0.0,2225.0,0.0,0.0,0.0,0.0
2023-03-21 02:42:09.083000+00:00,139264.0,35373056.0,38150144.0,38150144.0,1.83,0.171631321,7.02,205491.0,0.0,0.0,2276.0,973562.0,0.0,0.0,2238.0,0.0,142542.0,0.0,0.0
2023-03-21 02:42:13.864000+00:00,139264.0,35373056.0,38191104.0,38191104.0,1.84,0.173333103,7.09,206458.0,0.0,0.0,2287.0,978753.0,0.0,0.0,2249.0,0.0,0.0,0.0,0.0
2023-03-21 02:42:18.804000+00:00,139264.0,35373056.0,38154240.0,38154240.0,1.84,0.173333103,7.09,207425.0,0.0,0.0,2298.0,983944.0,0.0,0.0,2260.0,0.0,0.0,0.0,0.0
2023-03-21 02:42:24.112000+00:00,139264.0,35373056.0,38166528.0,38166528.0,1.86,0.176678187,7.15,208392.0,0.0,0.0,2309.0,989135.0,0.0,0.0,2271.0,0.0,0.0,0.0,0.0
2023-03-21 02:42:29.191000+00:00,139264.0,35373056.0,38166528.0,38166528.0,1.86,0.176678187,7.16,208392.0,0.0,0.0,2309.0,989135.0,0.0,0.0,2271.0,0.0,0.0,0.0,0.0
2023-03-21 02:42:34.771000+00:00,139264.0,35385344.0,38244352.0,38244352.0,1.88,0.179780339,7.24,211281.0,0.0,0.0,2342.0,1004716.0,0.0,0.0,2304.0,0.0,0.0,0.0,0.0
2023-03-21 02:42:39.619000+00:00,139264.0,35385344.0,38166528.0,38166528.0,1.88,0.179780339,7.24,211281.0,0.0,0.0,2342.0,1004716.0,0.0,0.0,2304.0,0.0,0.0,0.0,0.0
2023-03-21 02:42:44.356000+00:00,139264.0,35385344.0,38219776.0,38219776.0,1.9,0.183207605,7.3,212248.0,0.0,0.0,2353.0,1009907.0,0.0,0.0,2315.0,0.0,0.0,0.0,0.0
2023-03-21 02:42:49.577000+00:00,139264.0,35385344.0,38219776.0,38219776.0,1.9,0.183207605,7.3,213215.0,0.0,0.0,2364.0,1015098.0,0.0,0.0,2326.0,0.0,0.0,0.0,0.0
2023-03-21 02:42:54.378000+00:00,139264.0,35385344.0,38207488.0,38207488.0,1.91,0.186532275,7.38,214182.0,0.0,0.0,2375.0,1020289.0,0.0,0.0,2337.0,0.0,0.0,0.0,0.0
2023-03-21 02:42:59.719000+00:00,143360.0,35385344.0,38207488.0,38207488.0,1.91,0.186532275,7.38,214182.0,0.0,0.0,2375.0,1020289.0,0.0,0.0,2337.0,0.0,0.0,0.0,0.0
2023-03-21 02:43:03.783000+00:00,143360.0,35389440.0,38248448.0,38248448.0,1.93,0.189757686,7.45,216170.0,0.0,0.0,2398.0,1030745.0,0.0,0.0,2360.0,0.0,0.0,0.0,0.0
2023-03-21 02:43:08.826000+00:00,143360.0,35389440.0,38187008.0,38187008.0,1.93,0.189757686,7.45,217221.0,0.0,0.0,2411.0,1036020.0,0.0,0.0,2373.0,0.0,0.0,0.0,0.0
2023-03-21 02:43:14.653000+00:00,143360.0,35389440.0,38420480.0,38420480.0,1.96,0.192457991,7.5,218188.0,0.0,0.0,2422.0,1041211.0,0.0,0.0,2384.0,0.0,0.0,0.0,0.0
2023-03-21 02:43:19.137000+00:00,143360.0,35389440.0,38174720.0,38174720.0,1.96,0.192457991,7.51,219155.0,0.0,0.0,2433.0,1046402.0,0.0,0.0,2395.0,0.0,0.0,0.0,0.0
2023-03-21 02:43:23.780000+00:00,143360.0,35389440.0,38395904.0,38395904.0,1.97,0.195317991,7.58,220122.0,0.0,0.0,2444.0,1051593.0,0.0,0.0,2406.0,0.0,0.0,0.0,0.0
2023-03-21 02:43:29.027000+00:00,143360.0,35389440.0,38395904.0,38395904.0,1.97,0.195317991,7.58,220122.0,0.0,0.0,2444.0,1051593.0,0.0,0.0,2406.0,0.0,0.0,0.0,0.0
2023-03-21 02:43:33.189000+00:00,143360.0,35393536.0,38264832.0,38264832.0,1.99,0.195317991,7.65,222110.0,0.0,0.0,2467.0,1062049.0,0.0,0.0,2429.0,0.0,0.0,0.0,0.0
2023-03-21 02:43:37.976000+00:00,143360.0,35393536.0,38264832.0,38182912.0,1.99,0.195317991,7.66,223119.0,0.0,0.0,2479.0,1067282.0,0.0,0.0,2441.0,0.0,0.0,0.0,0.0
2023-03-21 02:43:44.485000+00:00,143360.0,35393536.0,38420480.0,38420480.0,2.02,0.195317991,7.72,223954.0,0.0,0.0,2488.0,1072341.0,0.0,0.0,2450.0,0.0,0.0,0.0,0.0
2023-03-21 02:43:49.549000+00:00,143360.0,35393536.0,38232064.0,38232064.0,2.02,0.195317991,7.72,224921.0,0.0,0.0,2499.0,1077532.0,0.0,0.0,2461.0,0.0,0.0,0.0,0.0
2023-03-21 02:43:54.020000+00:00,143360.0,35393536.0,38572032.0,38572032.0,2.04,0.195317991,7.78,225888.0,0.0,0.0,2510.0,1082723.0,0.0,0.0,2472.0,0.0,0.0,0.0,0.0
2023-03-21 02:43:58.576000+00:00,143360.0,35393536.0,38572032.0,38572032.0,2.04,0.195317991,7.79,225888.0,0.0,0.0,2510.0,1082723.0,0.0,0.0,2472.0,0.0,0.0,0.0,0.0
2023-03-21 02:44:04.837000+00:00,151552.0,35409920.0,38457344.0,38457344.0,2.06,0.195317991,7.85,228950.0,0.0,0.0,2545.0,1098370.0,0.0,0.0,2506.0,0.0,0.0,0.0,0.0
2023-03-21 02:44:08.958000+00:00,151552.0,35409920.0,38195200.0,38195200.0,2.06,0.195317991,7.85,229034.0,0.0,0.0,2547.0,1098454.0,0.0,0.0,2508.0,0.0,0.0,0.0,0.0
2023-03-21 02:44:13.478000+00:00,151552.0,35409920.0,38469632.0,38469632.0,2.08,0.195317991,7.9,230001.0,0.0,0.0,2558.0,1103645.0,0.0,0.0,2519.0,0.0,0.0,0.0,0.0
2023-03-21 02:44:18.980000+00:00,151552.0,35409920.0,38199296.0,38199296.0,2.08,0.195317991,7.91,230968.0,0.0,0.0,2569.0,1108836.0,0.0,0.0,2530.0,0.0,0.0,0.0,0.0
2023-03-21 02:44:23.904000+00:00,151552.0,35409920.0,38653952.0,38653952.0,2.1,0.195317991,7.97,231935.0,0.0,0.0,2580.0,1114027.0,0.0,0.0,2541.0,0.0,0.0,0.0,0.0
2023-03-21 02:44:29.675000+00:00,151552.0,35409920.0,38653952.0,38653952.0,2.1,0.195317991,7.98,231935.0,0.0,0.0,2580.0,1114027.0,0.0,0.0,2541.0,0.0,0.0,0.0,0.0
2023-03-21 02:44:33.584000+00:00,151552.0,35414016.0,38191104.0,38191104.0,2.11,0.195317991,7.98,233923.0,0.0,0.0,2603.0,1124483.0,0.0,0.0,2564.0,0.0,0.0,0.0,0.0
2023-03-21 02:44:38.668000+00:00,151552.0,35414016.0,38236160.0,38236160.0,2.12,0.195317991,8.06,234932.0,0.0,0.0,2615.0,1129716.0,0.0,0.0,2576.0,0.0,0.0,0.0,0.0
2023-03-21 02:44:43.363000+00:00,151552.0,35414016.0,38191104.0,38191104.0,2.12,0.195317991,8.06,235899.0,0.0,0.0,2626.0,1134907.0,0.0,0.0,2587.0,0.0,0.0,0.0,0.0
2023-03-21 02:44:48.523000+00:00,151552.0,35414016.0,38215680.0,38215680.0,2.15,0.195317991,8.11,236866.0,0.0,0.0,2637.0,1140098.0,0.0,0.0,2598.0,0.0,0.0,0.0,0.0
2023-03-21 02:44:53.574000+00:00,151552.0,35414016.0,38191104.0,38191104.0,2.15,0.195317991,8.12,237833.0,0.0,0.0,2648.0,1145289.0,0.0,0.0,2609.0,0.0,0.0,0.0,0.0
2023-03-21 02:44:59.640000+00:00,151552.0,35414016.0,38191104.0,38191104.0,2.18,0.198103485,8.17,237833.0,0.0,0.0,2648.0,1145289.0,0.0,0.0,2609.0,0.0,0.0,0.0,0.0
2023-03-21 02:45:04.357000+00:00,155648.0,35418112.0,38195200.0,38195200.0,2.18,0.198103485,8.18,239821.0,0.0,0.0,2671.0,1155745.0,0.0,0.0,2632.0,0.0,0.0,0.0,0.0
2023-03-21 02:45:08.885000+00:00,155648.0,35418112.0,38195200.0,38195200.0,2.22,0.202429201,8.23,239821.0,0.0,0.0,2684.0,1161020.0,0.0,0.0,2645.0,0.0,0.0,0.0,0.0
2023-03-21 02:45:13.703000+00:00,155648.0,35418112.0,38199296.0,38199296.0,2.22,0.202429201,8.23,241839.0,0.0,0.0,2695.0,1166211.0,0.0,0.0,2656.0,0.0,0.0,0.0,0.0
2023-03-21 02:45:19.697000+00:00,155648.0,35418112.0,38199296.0,38223872.0,2.24,0.205622252,8.3,242806.0,0.0,0.0,2706.0,1171402.0,0.0,0.0,2667.0,0.0,0.0,0.0,0.0
2023-03-21 02:45:24.543000+00:00,155648.0,35418112.0,38195200.0,38195200.0,2.24,0.205622252,8.3,243773.0,0.0,0.0,2717.0,1176593.0,0.0,0.0,2678.0,0.0,0.0,0.0,0.0
2023-03-21 02:45:29.437000+00:00,155648.0,35418112.0,38195200.0,38195200.0,2.24,0.205622252,8.38,243773.0,0.0,0.0,2717.0,1176593.0,0.0,0.0,2678.0,0.0,0.0,0.0,0.0
2023-03-21 02:45:34.803000+00:00,155648.0,35418112.0,38326272.0,38326272.0,2.24,0.205622252,8.4,246662.0,0.0,0.0,2750.0,1192174.0,0.0,0.0,2711.0,0.0,0.0,0.0,0.0
2023-03-21 02:45:39.432000+00:00,155648.0,35418112.0,38219776.0,38219776.0,2.24,0.209001621,8.46,246704.0,0.0,0.0,2751.0,1192216.0,0.0,0.0,2712.0,0.0,0.0,0.0,0.0
2023-03-21 02:45:43.376000+00:00,155648.0,35418112.0,38195200.0,38195200.0,2.24,0.209001621,8.47,247671.0,0.0,0.0,2762.0,1197407.0,0.0,0.0,2723.0,0.0,0.0,0.0,0.0
2023-03-21 02:45:49.754000+00:00,155648.0,35418112.0,38400000.0,38400000.0,2.26,0.211890921,8.53,249605.0,0.0,0.0,2784.0,1207789.0,0.0,0.0,2745.0,0.0,0.0,0.0,0.0
2023-03-21 02:45:54.531000+00:00,155648.0,35418112.0,38223872.0,38223872.0,2.26,0.211890921,8.53,249605.0,0.0,0.0,2784.0,1207789.0,0.0,0.0,2745.0,0.0,0.0,0.0,0.0
2023-03-21 02:45:58.567000+00:00,155648.0,35418112.0,38301696.0,38301696.0,2.28,0.215249823,8.59,250642.0,0.0,0.0,2796.0,1212980.0,0.0,0.0,2756.0,0.0,0.0,0.0,0.0
2023-03-21 02:46:04.349000+00:00,159744.0,35418112.0,38322176.0,38322176.0,2.28,0.215249823,8.6,251663.0,0.0,0.0,2808.0,1218245.0,0.0,0.0,2768.0,0.0,0.0,0.0,0.0
2023-03-21 02:46:08.583000+00:00,159744.0,35418112.0,38322176.0,38469632.0,2.3,0.218556961,8.66,252714.0,0.0,0.0,2821.0,1223520.0,0.0,0.0,2781.0,0.0,0.0,0.0,0.0
2023-03-21 02:46:14.446000+00:00,159744.0,35418112.0,38199296.0,38199296.0,2.3,0.218556961,8.66,253681.0,0.0,0.0,2832.0,1228711.0,0.0,0.0,2792.0,0.0,0.0,0.0,0.0
2023-03-21 02:46:19.628000+00:00,159744.0,35418112.0,38318080.0,38318080.0,2.32,0.218556961,8.66,254648.0,0.0,0.0,2843.0,1233902.0,0.0,0.0,2803.0,0.0,0.0,0.0,0.0
2023-03-21 02:46:24.377000+00:00,159744.0,35418112.0,38260736.0,38260736.0,2.32,0.221562206,8.73,255615.0,0.0,0.0,2854.0,1239093.0,0.0,0.0,2814.0,0.0,0.0,0.0,0.0
2023-03-21 02:46:29.307000+00:00,159744.0,35418112.0,38510592.0,38510592.0,2.35,0.224750992,8.79,256582.0,0.0,0.0,2854.0,1239093.0,0.0,0.0,2814.0,0.0,0.0,0.0,0.0
2023-03-21 02:46:34.429000+00:00,159744.0,35418112.0,38330368.0,38330368.0,2.35,0.224750992,8.8,257603.0,0.0,0.0,2877.0,1249549.0,0.0,0.0,2837.0,0.0,0.0,0.0,0.0
2023-03-21 02:46:39.173000+00:00,159744.0,35418112.0,38469632.0,38469632.0,2.36,0.22813578,8.87,258612.0,0.0,0.0,2889.0,1254782.0,0.0,0.0,2849.0,0.0,0.0,0.0,0.0
2023-03-21 02:46:44.421000+00:00,159744.0,35418112.0,38203392.0,38203392.0,2.36,0.22813578,8.88,259579.0,0.0,0.0,2900.0,1259973.0,0.0,0.0,2860.0,0.0,0.0,0.0,0.0
2023-03-21 02:46:49.213000+00:00,159744.0,35418112.0,38203392.0,38203392.0,2.38,0.231277875,8.94,259579.0,0.0,0.0,2911.0,1265164.0,0.0,0.0,2871.0,0.0,0.0,0.0,0.0
2023-03-21 02:46:53.713000+00:00,159744.0,35418112.0,38227968.0,38227968.0,2.38,0.231277875,8.94,261513.0,0.0,0.0,2922.0,1270355.0,0.0,0.0,2882.0,0.0,0.0,0.0,0.0
2023-03-21 02:46:58.986000+00:00,159744.0,35418112.0,38227968.0,38227968.0,2.41,0.234700103,8.99,261513.0,0.0,0.0,2922.0,1270355.0,0.0,0.0,2893.0,0.0,0.0,0.0,0.0
2023-03-21 02:47:03.746000+00:00,163840.0,35422208.0,38260736.0,38260736.0,2.41,0.234700103,9.0,263501.0,0.0,0.0,2945.0,1280811.0,0.0,0.0,2905.0,0.0,0.0,0.0,0.0
2023-03-21 02:47:09.850000+00:00,163840.0,35422208.0,38461440.0,38461440.0,2.43,0.237658766,9.08,265453.0,0.0,0.0,2968.0,1291211.0,0.0,0.0,2928.0,0.0,0.0,0.0,0.0
2023-03-21 02:47:13.535000+00:00,163840.0,35422208.0,38227968.0,38227968.0,2.43,0.237658766,9.08,265453.0,0.0,0.0,2968.0,1291211.0,0.0,0.0,2928.0,0.0,0.0,0.0,0.0
2023-03-21 02:47:19.586000+00:00,163840.0,35422208.0,38346752.0,38346752.0,2.44,0.24080919,9.15,266420.0,0.0,0.0,2979.0,1296402.0,0.0,0.0,2939.0,0.0,0.0,0.0,0.0
2023-03-21 02:47:24.283000+00:00,163840.0,35422208.0,38240256.0,38240256.0,2.44,0.24080919,9.15,267387.0,0.0,0.0,2990.0,1301593.0,0.0,0.0,2950.0,0.0,0.0,0.0,0.0
2023-03-21 02:47:28.169000+00:00,163840.0,35422208.0,38240256.0,38240256.0,2.44,0.24080919,9.16,267387.0,0.0,0.0,2990.0,1301593.0,0.0,0.0,2950.0,0.0,0.0,0.0,0.0
2023-03-21 02:47:34.671000+00:00,163840.0,35426304.0,38219776.0,38219776.0,2.45,0.24080919,9.23,269375.0,0.0,0.0,3013.0,1312049.0,0.0,0.0,2973.0,0.0,0.0,0.0,0.0
2023-03-21 02:47:39.170000+00:00,163840.0,35426304.0,38211584.0,38211584.0,2.45,0.24080919,9.23,270342.0,0.0,0.0,3024.0,1317240.0,0.0,0.0,2984.0,0.0,0.0,0.0,0.0
2023-03-21 02:47:44.174000+00:00,163840.0,35426304.0,38264832.0,38264832.0,2.46,0.24080919,9.3,271309.0,0.0,0.0,3035.0,1322431.0,0.0,0.0,2995.0,0.0,0.0,0.0,0.0
2023-03-21 02:47:49.875000+00:00,163840.0,35426304.0,38203392.0,38203392.0,2.46,0.24080919,9.3,273243.0,0.0,0.0,3057.0,1332813.0,0.0,0.0,3017.0,0.0,0.0,0.0,0.0
2023-03-21 02:47:54.381000+00:00,163840.0,35426304.0,38277120.0,38277120.0,2.46,0.24080919,9.39,273243.0,0.0,0.0,3057.0,1332813.0,0.0,0.0,3017.0,0.0,0.0,0.0,0.0
2023-03-21 02:47:58.956000+00:00,163840.0,35426304.0,38277120.0,38277120.0,2.46,0.24080919,9.39,273243.0,0.0,0.0,3057.0,1332813.0,0.0,0.0,3017.0,0.0,0.0,0.0,0.0
2023-03-21 02:48:04.687000+00:00,167936.0,35426304.0,38281216.0,38281216.0,2.48,0.2439801,9.46,275231.0,0.0,0.0,3080.0,1343269.0,0.0,0.0,3040.0,0.0,0.0,0.0,0.0
2023-03-21 02:48:09.093000+00:00,167936.0,35426304.0,38281216.0,38281216.0,2.48,0.2439801,9.46,275231.0,0.0,0.0,3093.0,1348544.0,0.0,0.0,3053.0,0.0,0.0,0.0,0.0
2023-03-21 02:48:13.308000+00:00,167936.0,35426304.0,38334464.0,38334464.0,2.49,0.247297833,9.54,277249.0,0.0,0.0,3104.0,1353735.0,0.0,0.0,3064.0,0.0,0.0,0.0,0.0
2023-03-21 02:48:19.532000+00:00,167936.0,35426304.0,38334464.0,38215680.0,2.49,0.247297833,9.54,278216.0,0.0,0.0,3115.0,1358926.0,0.0,0.0,3075.0,0.0,0.0,0.0,0.0
2023-03-21 02:48:23.108000+00:00,167936.0,35426304.0,38514688.0,38514688.0,2.5,0.250120242,9.61,279183.0,0.0,0.0,3126.0,1364117.0,0.0,0.0,3086.0,0.0,0.0,0.0,0.0
2023-03-21 02:48:28.985000+00:00,167936.0,35426304.0,38514688.0,38514688.0,2.51,0.250120242,9.61,279183.0,0.0,0.0,3126.0,1364117.0,0.0,0.0,3086.0,0.0,0.0,0.0,0.0
2023-03-21 02:48:34.125000+00:00,167936.0,35426304.0,38371328.0,38371328.0,2.53,0.25301137,9.67,281171.0,0.0,0.0,3149.0,1374573.0,0.0,0.0,3109.0,0.0,0.0,0.0,0.0
2023-03-21 02:48:39.707000+00:00,167936.0,35426304.0,38211584.0,38211584.0,2.53,0.25301137,9.68,282138.0,0.0,0.0,3160.0,1379764.0,0.0,0.0,3120.0,0.0,0.0,0.0,0.0
2023-03-21 02:48:44.206000+00:00,167936.0,35426304.0,38273024.0,38273024.0,2.55,0.25301137,9.73,283105.0,0.0,0.0,3171.0,1384955.0,0.0,0.0,3131.0,0.0,0.0,0.0,0.0
2023-03-21 02:48:49.012000+00:00,167936.0,35426304.0,38203392.0,38203392.0,2.55,0.25301137,9.74,284006.0,0.0,0.0,3181.0,1390080.0,0.0,0.0,3141.0,0.0,0.0,0.0,0.0
2023-03-21 02:48:54.014000+00:00,167936.0,35426304.0,38629376.0,38629376.0,2.58,0.255829516,9.79,284973.0,0.0,0.0,3192.0,1395271.0,0.0,0.0,3152.0,0.0,0.0,0.0,0.0
2023-03-21 02:48:58.640000+00:00,167936.0,35426304.0,38629376.0,38629376.0,2.58,0.255829516,9.8,284973.0,0.0,0.0,3192.0,1395271.0,0.0,0.0,3152.0,0.0,0.0,0.0,0.0
2023-03-21 02:49:04.857000+00:00,172032.0,35430400.0,38326272.0,38326272.0,2.6,0.259007379,9.87,287928.0,0.0,0.0,3226.0,1410918.0,0.0,0.0,3186.0,0.0,0.0,0.0,0.0
2023-03-21 02:49:09.658000+00:00,172032.0,35430400.0,38219776.0,38219776.0,2.6,0.259007379,9.87,288012.0,0.0,0.0,3228.0,1411002.0,0.0,0.0,3188.0,0.0,0.0,0.0,0.0
2023-03-21 02:49:14.823000+00:00,172032.0,35430400.0,38547456.0,38547456.0,2.61,0.261945526,9.94,289946.0,0.0,0.0,3250.0,1421384.0,0.0,0.0,3210.0,0.0,0.0,0.0,0.0
2023-03-21 02:49:19.302000+00:00,172032.0,35430400.0,38227968.0,38227968.0,2.61,0.261945526,9.94,289946.0,0.0,0.0,3250.0,1421384.0,0.0,0.0,3210.0,0.0,0.0,0.0,0.0
2023-03-21 02:49:24.683000+00:00,172032.0,35430400.0,38572032.0,38572032.0,2.64,0.265345299,10.0,290913.0,0.0,0.0,3261.0,1426575.0,0.0,0.0,3221.0,0.0,0.0,0.0,0.0
2023-03-21 02:49:29.079000+00:00,172032.0,35430400.0,38572032.0,38572032.0,2.64,0.265345299,10.0,290913.0,0.0,0.0,3261.0,1426575.0,0.0,0.0,3221.0,0.0,0.0,0.0,0.0
2023-03-21 02:49:34.895000+00:00,172032.0,35430400.0,38285312.0,38285312.0,2.65,0.265345299,10.08,293868.0,0.0,0.0,3295.0,1442222.0,0.0,0.0,3255.0,0.0,0.0,0.0,0.0
2023-03-21 02:49:38.484000+00:00,172032.0,35430400.0,38285312.0,38219776.0,2.65,0.265345299,10.08,293868.0,0.0,0.0,3295.0,1442222.0,0.0,0.0,3255.0,0.0,0.0,0.0,0.0
2023-03-21 02:49:44.629000+00:00,172032.0,35430400.0,38420480.0,38420480.0,2.66,0.268582869,10.14,294835.0,0.0,0.0,3306.0,1447413.0,0.0,0.0,3266.0,0.0,0.0,0.0,0.0
2023-03-21 02:49:49.666000+00:00,172032.0,35430400.0,38248448.0,38248448.0,2.66,0.268582869,10.14,295802.0,0.0,0.0,3317.0,1452604.0,0.0,0.0,3277.0,0.0,0.0,0.0,0.0
2023-03-21 02:49:53.797000+00:00,172032.0,35430400.0,38338560.0,38338560.0,2.66,0.268582869,10.16,296769.0,0.0,0.0,3328.0,1457795.0,0.0,0.0,3288.0,0.0,0.0,0.0,0.0
2023-03-21 02:49:59.353000+00:00,172032.0,35430400.0,38211584.0,38211584.0,2.67,0.268827069,10.22,297736.0,0.0,0.0,3339.0,1462986.0,0.0,0.0,3299.0,0.0,0.0,0.0,0.0
2023-03-21 02:50:04.668000+00:00,180224.0,35430400.0,38211584.0,38211584.0,2.67,0.268827069,10.24,298757.0,0.0,0.0,3351.0,1468251.0,0.0,0.0,3311.0,0.0,0.0,0.0,0.0
2023-03-21 02:50:09.227000+00:00,180224.0,35430400.0,38211584.0,38211584.0,2.7,0.271687292,10.29,299808.0,0.0,0.0,3364.0,1473526.0,0.0,0.0,3324.0,0.0,0.0,0.0,0.0
2023-03-21 02:50:14.023000+00:00,180224.0,35430400.0,38211584.0,38211584.0,2.7,0.271687292,10.3,300775.0,0.0,0.0,3375.0,1478717.0,0.0,0.0,3335.0,0.0,0.0,0.0,0.0
2023-03-21 02:50:19.564000+00:00,180224.0,35430400.0,38211584.0,38240256.0,2.72,0.274553797,10.3,301742.0,0.0,0.0,3386.0,1483908.0,0.0,0.0,3346.0,0.0,0.0,0.0,0.0
2023-03-21 02:50:24.043000+00:00,180224.0,35430400.0,38211584.0,38211584.0,2.72,0.274553797,10.36,302709.0,0.0,0.0,3397.0,1489099.0,0.0,0.0,3357.0,0.0,0.0,0.0,0.0
2023-03-21 02:50:28.397000+00:00,180224.0,35430400.0,38211584.0,38211584.0,2.74,0.274553797,10.42,302709.0,0.0,0.0,3397.0,1489099.0,0.0,0.0,3357.0,0.0,0.0,0.0,0.0
2023-03-21 02:50:34.648000+00:00,180224.0,35434496.0,38227968.0,38227968.0,2.74,0.274553797,10.44,304697.0,0.0,0.0,3420.0,1499555.0,0.0,0.0,3380.0,0.0,0.0,0.0,0.0
2023-03-21 02:50:39.260000+00:00,180224.0,35434496.0,38445056.0,38445056.0,2.76,0.278034152,10.5,305664.0,0.0,0.0,3431.0,1504746.0,0.0,0.0,3391.0,0.0,0.0,0.0,0.0
2023-03-21 02:50:43.945000+00:00,180224.0,35434496.0,38232064.0,38232064.0,2.76,0.278034152,10.5,306631.0,0.0,0.0,3442.0,1509937.0,0.0,0.0,3402.0,0.0,0.0,0.0,0.0
2023-03-21 02:50:48.746000+00:00,180224.0,35434496.0,38232064.0,38232064.0,2.79,0.281001473,10.57,306631.0,0.0,0.0,3453.0,1515128.0,0.0,0.0,3413.0,0.0,0.0,0.0,0.0
2023-03-21 02:50:54.642000+00:00,180224.0,35434496.0,38215680.0,38215680.0,2.79,0.281001473,10.57,308565.0,0.0,0.0,3464.0,1520319.0,0.0,0.0,3424.0,0.0,0.0,0.0,0.0
2023-03-21 02:50:59.886000+00:00,184320.0,35434496.0,38215680.0,38215680.0,2.8,0.284131885,10.65,308565.0,0.0,0.0,3464.0,1520319.0,0.0,0.0,3424.0,0.0,0.0,0.0,0.0
2023-03-21 02:51:03.447000+00:00,184320.0,35442688.0,38223872.0,38223872.0,2.8,0.284131885,10.66,310553.0,0.0,0.0,3487.0,1530775.0,0.0,0.0,3447.0,0.0,0.0,0.0,0.0
2023-03-21 02:51:09.137000+00:00,184320.0,35442688.0,38522880.0,38522880.0,2.82,0.287041052,10.71,311604.0,0.0,0.0,3500.0,1536050.0,0.0,0.0,3460.0,0.0,0.0,0.0,0.0
2023-03-21 02:51:13.682000+00:00,184320.0,35442688.0,38232064.0,38232064.0,2.82,0.287041052,10.72,312571.0,0.0,0.0,3511.0,1541241.0,0.0,0.0,3471.0,0.0,0.0,0.0,0.0
2023-03-21 02:51:18.628000+00:00,184320.0,35442688.0,38268928.0,38268928.0,2.84,0.290157481,10.78,313538.0,0.0,0.0,3522.0,1546432.0,0.0,0.0,3482.0,0.0,0.0,0.0,0.0
2023-03-21 02:51:24.134000+00:00,184320.0,35442688.0,38223872.0,38223872.0,2.84,0.290157481,10.78,314505.0,0.0,0.0,3533.0,1551623.0,0.0,0.0,3493.0,0.0,0.0,0.0,0.0
2023-03-21 02:51:29.719000+00:00,184320.0,35442688.0,38305792.0,38223872.0,2.86,0.293112706,10.84,314505.0,0.0,0.0,3533.0,1551623.0,0.0,0.0,3493.0,0.0,0.0,0.0,0.0
2023-03-21 02:51:34.269000+00:00,184320.0,35442688.0,38223872.0,38223872.0,2.87,0.293112706,10.84,316493.0,0.0,0.0,3556.0,1562079.0,0.0,0.0,3516.0,0.0,0.0,0.0,0.0
2023-03-21 02:51:39.225000+00:00,184320.0,35442688.0,38412288.0,38412288.0,2.88,0.293112706,10.91,317460.0,0.0,0.0,3567.0,1567270.0,0.0,0.0,3527.0,0.0,0.0,0.0,0.0
2023-03-21 02:51:44.105000+00:00,184320.0,35442688.0,38223872.0,38223872.0,2.88,0.293112706,10.91,318427.0,0.0,0.0,3578.0,1572461.0,0.0,0.0,3538.0,0.0,0.0,0.0,0.0
2023-03-21 02:51:49.898000+00:00,184320.0,35442688.0,38293504.0,38293504.0,2.91,0.29628397,10.99,320295.0,0.0,0.0,3599.0,1582777.0,0.0,0.0,3559.0,0.0,0.0,0.0,0.0
2023-03-21 02:51:54.904000+00:00,184320.0,35442688.0,38219776.0,38219776.0,2.91,0.29628397,10.99,321262.0,0.0,0.0,3610.0,1587968.0,0.0,0.0,3570.0,0.0,0.0,0.0,0.0
2023-03-21 02:51:58.716000+00:00,184320.0,35442688.0,38219776.0,38219776.0,2.91,0.29628397,10.99,321262.0,0.0,0.0,3610.0,1587968.0,0.0,0.0,3570.0,0.0,0.0,0.0,0.0
2023-03-21 02:52:03.234000+00:00,188416.0,35442688.0,38359040.0,38359040.0,2.92,0.299250715,11.06,322283.0,0.0,0.0,3622.0,1593233.0,0.0,0.0,3582.0,0.0,0.0,0.0,0.0
2023-03-21 02:52:09.027000+00:00,188416.0,35442688.0,38359040.0,38227968.0,2.92,0.299250715,11.06,323202.0,0.0,0.0,3633.0,1598376.0,0.0,0.0,3593.0,0.0,0.0,0.0,0.0
2023-03-21 02:52:14.158000+00:00,188416.0,35442688.0,38248448.0,38248448.0,2.94,0.299250715,11.13,324169.0,0.0,0.0,3644.0,1603567.0,0.0,0.0,3604.0,0.0,0.0,0.0,0.0
2023-03-21 02:52:18.329000+00:00,188416.0,35442688.0,38248448.0,38223872.0,2.94,0.299250715,11.13,325136.0,0.0,0.0,3655.0,1608758.0,0.0,0.0,3615.0,0.0,0.0,0.0,0.0
2023-03-21 02:52:24.523000+00:00,188416.0,35446784.0,38236160.0,38236160.0,2.97,0.301927584,11.19,326103.0,0.0,0.0,3666.0,1613949.0,0.0,0.0,3626.0,0.0,0.0,0.0,0.0
2023-03-21 02:52:28.976000+00:00,188416.0,35446784.0,38236160.0,38236160.0,2.97,0.301927584,11.2,326103.0,0.0,0.0,3666.0,1613949.0,0.0,0.0,3626.0,0.0,0.0,0.0,0.0
2023-03-21 02:52:33.773000+00:00,188416.0,35446784.0,38350848.0,38350848.0,2.99,0.301927584,11.26,328091.0,0.0,0.0,3689.0,1624405.0,0.0,0.0,3649.0,0.0,0.0,0.0,0.0
2023-03-21 02:52:39.775000+00:00,188416.0,35446784.0,38350848.0,38350848.0,2.99,0.301927584,11.27,328091.0,0.0,0.0,3710.0,1634721.0,0.0,0.0,3670.0,0.0,0.0,0.0,0.0
2023-03-21 02:52:43.857000+00:00,188416.0,35450880.0,38248448.0,38248448.0,3.01,0.302320299,11.33,329959.0,0.0,0.0,3710.0,1634721.0,0.0,0.0,3670.0,0.0,0.0,0.0,0.0
2023-03-21 02:52:48.790000+00:00,188416.0,35450880.0,38248448.0,38248448.0,3.01,0.302320299,11.33,330926.0,0.0,0.0,3721.0,1639912.0,0.0,0.0,3681.0,0.0,0.0,0.0,0.0
2023-03-21 02:52:53.422000+00:00,188416.0,35454976.0,38252544.0,38252544.0,3.04,0.305159144,11.39,331893.0,0.0,0.0,3732.0,1645103.0,0.0,0.0,3692.0,0.0,0.0,0.0,0.0
2023-03-21 02:52:59.460000+00:00,188416.0,35454976.0,38252544.0,38252544.0,3.04,0.305159144,11.39,331893.0,0.0,0.0,3732.0,1645103.0,0.0,0.0,3692.0,0.0,0.0,0.0,0.0
2023-03-21 02:53:03.991000+00:00,192512.0,35459072.0,38412288.0,38412288.0,3.06,0.308181727,11.47,333815.0,0.0,0.0,3754.0,1655493.0,0.0,0.0,3714.0,0.0,0.0,0.0,0.0
2023-03-21 02:53:08.958000+00:00,192512.0,35459072.0,38248448.0,38248448.0,3.06,0.308181727,11.48,334800.0,0.0,0.0,3766.0,1660702.0,0.0,0.0,3726.0,0.0,0.0,0.0,0.0
2023-03-21 02:53:14.387000+00:00,192512.0,35459072.0,38498304.0,38498304.0,3.08,0.311169183,11.54,335767.0,0.0,0.0,3777.0,1665893.0,0.0,0.0,3737.0,0.0,0.0,0.0,0.0
2023-03-21 02:53:17.987000+00:00,192512.0,35459072.0,38264832.0,38264832.0,3.08,0.311169183,11.54,336734.0,0.0,0.0,3788.0,1671084.0,0.0,0.0,3748.0,0.0,0.0,0.0,0.0
2023-03-21 02:53:24.614000+00:00,192512.0,35459072.0,38424576.0,38424576.0,3.11,0.314235806,11.6,337701.0,0.0,0.0,3799.0,1676275.0,0.0,0.0,3759.0,0.0,0.0,0.0,0.0
2023-03-21 02:53:28.960000+00:00,192512.0,35459072.0,38424576.0,38424576.0,3.11,0.314235806,11.6,337701.0,0.0,0.0,3799.0,1676275.0,0.0,0.0,3759.0,0.0,0.0,0.0,0.0
2023-03-21 02:53:33.933000+00:00,192512.0,35463168.0,38510592.0,38510592.0,3.13,0.317302459,11.67,339689.0,0.0,0.0,3822.0,1686731.0,0.0,0.0,3782.0,0.0,0.0,0.0,0.0
2023-03-21 02:53:39.450000+00:00,192512.0,35463168.0,38387712.0,38387712.0,3.13,0.317302459,11.67,340698.0,0.0,0.0,3834.0,1691964.0,0.0,0.0,3794.0,0.0,0.0,0.0,0.0
2023-03-21 02:53:44.399000+00:00,192512.0,35463168.0,38457344.0,38457344.0,3.14,0.320584469,11.74,341665.0,0.0,0.0,3845.0,1697155.0,0.0,0.0,3805.0,0.0,0.0,0.0,0.0
2023-03-21 02:53:48.879000+00:00,192512.0,35463168.0,38264832.0,38264832.0,3.14,0.320584469,11.74,342500.0,0.0,0.0,3854.0,1702214.0,0.0,0.0,3814.0,0.0,0.0,0.0,0.0
2023-03-21 02:53:53.778000+00:00,192512.0,35463168.0,38408192.0,38408192.0,3.16,0.323393633,11.81,343467.0,0.0,0.0,3865.0,1707405.0,0.0,0.0,3825.0,0.0,0.0,0.0,0.0
2023-03-21 02:53:58.513000+00:00,192512.0,35463168.0,38408192.0,38408192.0,3.16,0.323393633,11.82,343467.0,0.0,0.0,3865.0,1707405.0,0.0,0.0,3825.0,0.0,0.0,0.0,0.0
2023-03-21 02:54:03.182000+00:00,196608.0,35463168.0,38424576.0,38424576.0,3.2,0.326237143,11.87,345455.0,0.0,0.0,3888.0,1717861.0,0.0,0.0,3848.0,0.0,0.0,0.0,0.0
2023-03-21 02:54:09.211000+00:00,196608.0,35463168.0,38244352.0,38244352.0,3.2,0.326237143,11.88,346506.0,0.0,0.0,3901.0,1723136.0,0.0,0.0,3861.0,0.0,0.0,0.0,0.0
2023-03-21 02:54:13.861000+00:00,196608.0,35463168.0,38551552.0,38551552.0,3.22,0.326237143,11.94,347473.0,0.0,0.0,3912.0,1728327.0,0.0,0.0,3872.0,0.0,0.0,0.0,0.0
2023-03-21 02:54:19.104000+00:00,196608.0,35463168.0,38244352.0,38244352.0,3.22,0.326237143,11.94,348440.0,0.0,0.0,3923.0,1733518.0,0.0,0.0,3883.0,0.0,0.0,0.0,0.0
2023-03-21 02:54:23.283000+00:00,196608.0,35463168.0,38506496.0,38506496.0,3.22,0.328826338,12.03,349407.0,0.0,0.0,3934.0,1738709.0,0.0,0.0,3894.0,0.0,0.0,0.0,0.0
2023-03-21 02:54:28.696000+00:00,196608.0,35463168.0,38240256.0,38240256.0,3.22,0.328826338,12.04,350374.0,0.0,0.0,3945.0,1743900.0,0.0,0.0,3905.0,0.0,0.0,0.0,0.0
2023-03-21 02:54:33.671000+00:00,196608.0,35463168.0,38813696.0,38813696.0,3.24,0.331632975,12.11,351395.0,0.0,0.0,3957.0,1749165.0,0.0,0.0,3917.0,0.0,0.0,0.0,0.0
2023-03-21 02:54:38.428000+00:00,196608.0,35463168.0,38813696.0,38252544.0,3.24,0.331632975,12.11,352404.0,0.0,0.0,3969.0,1754398.0,0.0,0.0,3929.0,0.0,0.0,0.0,0.0
2023-03-21 02:54:44.502000+00:00,196608.0,35463168.0,38580224.0,38580224.0,3.26,0.334779527,12.18,353371.0,0.0,0.0,3980.0,1759589.0,0.0,0.0,3940.0,0.0,0.0,0.0,0.0
2023-03-21 02:54:48.025000+00:00,196608.0,35463168.0,38580224.0,38260736.0,3.26,0.334779527,12.18,354338.0,0.0,0.0,3991.0,1764780.0,0.0,0.0,3951.0,0.0,0.0,0.0,0.0
2023-03-21 02:54:54.105000+00:00,196608.0,35463168.0,38694912.0,38694912.0,3.28,0.337322982,12.25,355305.0,0.0,0.0,4002.0,1769971.0,0.0,0.0,3962.0,0.0,0.0,0.0,0.0
2023-03-21 02:54:59.047000+00:00,196608.0,35463168.0,38694912.0,38694912.0,3.28,0.337322982,12.25,355305.0,0.0,0.0,4002.0,1769971.0,0.0,0.0,3962.0,0.0,0.0,0.0,0.0
2023-03-21 02:55:04.591000+00:00,204800.0,35463168.0,38502400.0,38502400.0,3.3,0.340521138,12.32,357293.0,0.0,0.0,4025.0,1780427.0,0.0,0.0,3985.0,0.0,0.0,0.0,0.0
2023-03-21 02:55:08.788000+00:00,204800.0,35463168.0,38502400.0,38502400.0,3.3,0.340521138,12.33,358344.0,0.0,0.0,4038.0,1785702.0,0.0,0.0,3998.0,0.0,0.0,0.0,0.0
2023-03-21 02:55:14.732000+00:00,204800.0,35463168.0,38711296.0,38711296.0,3.32,0.343230158,12.39,359750.0,0.0,0.0,4052.0,1791033.0,0.0,0.0,4011.0,0.0,0.0,0.0,0.0
2023-03-21 02:55:18.667000+00:00,204800.0,35463168.0,38711296.0,38711296.0,3.32,0.343230158,12.39,360278.0,0.0,0.0,4060.0,1796084.0,0.0,0.0,4020.0,0.0,0.0,0.0,0.0
2023-03-21 02:55:24.825000+00:00,204800.0,37449728.0,40493056.0,40493056.0,3.34,0.343230158,12.43,362212.0,0.0,0.0,4082.0,1806466.0,0.0,0.0,4042.0,0.0,0.0,0.0,0.0
2023-03-21 02:55:29.626000+00:00,204800.0,37449728.0,40493056.0,40493056.0,3.35,0.346304275,12.45,362212.0,0.0,0.0,4082.0,1806466.0,0.0,0.0,4042.0,0.0,0.0,0.0,0.0
2023-03-21 02:55:34.750000+00:00,204800.0,35463168.0,38375424.0,38375424.0,3.35,0.346304275,12.46,364200.0,0.0,0.0,4105.0,1816922.0,0.0,0.0,4065.0,0.0,0.0,0.0,0.0
2023-03-21 02:55:39.868000+00:00,204800.0,35463168.0,38264832.0,38264832.0,3.37,0.349432689,12.54,365209.0,0.0,0.0,4117.0,1822155.0,0.0,0.0,4077.0,0.0,0.0,0.0,0.0
2023-03-21 02:55:44.301000+00:00,204800.0,35463168.0,38244352.0,38244352.0,3.37,0.349432689,12.54,365209.0,0.0,0.0,4117.0,1822155.0,0.0,0.0,4077.0,0.0,0.0,0.0,0.0
2023-03-21 02:55:49.307000+00:00,204800.0,35463168.0,38248448.0,38248448.0,3.38,0.352648025,12.6,366176.0,0.0,0.0,4128.0,1827346.0,0.0,0.0,4088.0,0.0,0.0,0.0,0.0
2023-03-21 02:55:53.895000+00:00,204800.0,35463168.0,38240256.0,38240256.0,3.38,0.352648025,12.61,367143.0,0.0,0.0,4139.0,1832537.0,0.0,0.0,4099.0,0.0,0.0,0.0,0.0
2023-03-21 02:55:59.867000+00:00,208896.0,35463168.0,38240256.0,38240256.0,3.4,0.356090531,12.68,367143.0,0.0,0.0,4139.0,1832537.0,0.0,0.0,4099.0,0.0,0.0,0.0,0.0
2023-03-21 02:56:04.712000+00:00,208896.0,35463168.0,38244352.0,38244352.0,3.4,0.356090531,12.68,368999.0,0.0,0.0,4160.0,1842861.0,0.0,0.0,4120.0,0.0,0.0,0.0,0.0
2023-03-21 02:56:09.406000+00:00,208896.0,35467264.0,38400000.0,38400000.0,3.42,0.358906705,12.76,369984.0,0.0,0.0,4172.0,1848070.0,0.0,0.0,4132.0,0.0,0.0,0.0,0.0
2023-03-21 02:56:14.495000+00:00,208896.0,35467264.0,38260736.0,38260736.0,3.42,0.358906705,12.76,370951.0,0.0,0.0,4183.0,1853261.0,0.0,0.0,4143.0,0.0,0.0,0.0,0.0
2023-03-21 02:56:18.696000+00:00,208896.0,35467264.0,38264832.0,38264832.0,3.43,0.362274492,12.83,371918.0,0.0,0.0,4194.0,1858452.0,0.0,0.0,4154.0,0.0,0.0,0.0,0.0
2023-03-21 02:56:24.910000+00:00,208896.0,35467264.0,38244352.0,38244352.0,3.43,0.362274492,12.84,373852.0,0.0,0.0,4216.0,1868834.0,0.0,0.0,4176.0,0.0,0.0,0.0,0.0
2023-03-21 02:56:28.996000+00:00,208896.0,35467264.0,38256640.0,38244352.0,3.44,0.362274492,12.9,373852.0,0.0,0.0,4216.0,1868834.0,0.0,0.0,4176.0,0.0,0.0,0.0,0.0
2023-03-21 02:56:33.586000+00:00,208896.0,35467264.0,38248448.0,38248448.0,3.44,0.362274492,12.91,374873.0,0.0,0.0,4228.0,1874099.0,0.0,0.0,4188.0,0.0,0.0,0.0,0.0
2023-03-21 02:56:39.222000+00:00,208896.0,35467264.0,38297600.0,38297600.0,3.46,0.365141438,12.98,375882.0,0.0,0.0,4240.0,1879266.0,0.0,0.0,4199.0,0.0,0.0,0.0,0.0
2023-03-21 02:56:43.387000+00:00,208896.0,35467264.0,38248448.0,38248448.0,3.46,0.365141438,12.98,376849.0,0.0,0.0,4251.0,1884457.0,0.0,0.0,4210.0,0.0,0.0,0.0,0.0
2023-03-21 02:56:48.783000+00:00,208896.0,35467264.0,38277120.0,38277120.0,3.49,0.365356645,13.03,377816.0,0.0,0.0,4262.0,1889648.0,0.0,0.0,4221.0,0.0,0.0,0.0,0.0
2023-03-21 02:56:54.900000+00:00,208896.0,35467264.0,38375424.0,38375424.0,3.49,0.365356645,13.04,379750.0,0.0,0.0,4284.0,1900030.0,0.0,0.0,4243.0,0.0,0.0,0.0,0.0
2023-03-21 02:56:59.534000+00:00,208896.0,35467264.0,38604800.0,38604800.0,3.49,0.368140959,13.11,379750.0,0.0,0.0,4284.0,1900030.0,0.0,0.0,4243.0,0.0,0.0,0.0,0.0
2023-03-21 02:57:04.180000+00:00,212992.0,35467264.0,38260736.0,38260736.0,3.49,0.368140959,13.12,380771.0,0.0,0.0,4296.0,1905295.0,0.0,0.0,4255.0,0.0,0.0,0.0,0.0
2023-03-21 02:57:08.740000+00:00,212992.0,35467264.0,38260736.0,38559744.0,3.51,0.371248634,13.19,381822.0,0.0,0.0,4309.0,1910570.0,0.0,0.0,4268.0,0.0,0.0,0.0,0.0
2023-03-21 02:57:13.531000+00:00,212992.0,35467264.0,38264832.0,38264832.0,3.51,0.371248634,13.2,382789.0,0.0,0.0,4320.0,1915761.0,0.0,0.0,4279.0,0.0,0.0,0.0,0.0
2023-03-21 02:57:19.168000+00:00,212992.0,35467264.0,38424576.0,38424576.0,3.52,0.374330877,13.27,383756.0,0.0,0.0,4331.0,1920952.0,0.0,0.0,4290.0,0.0,0.0,0.0,0.0
2023-03-21 02:57:23.788000+00:00,212992.0,35467264.0,38252544.0,38252544.0,3.52,0.374330877,13.28,384723.0,0.0,0.0,4342.0,1926143.0,0.0,0.0,4301.0,0.0,0.0,0.0,0.0
2023-03-21 02:57:28.984000+00:00,212992.0,35467264.0,38354944.0,38354944.0,3.53,0.377020556,13.35,385690.0,0.0,0.0,4353.0,1931334.0,0.0,0.0,4312.0,0.0,0.0,0.0,0.0
2023-03-21 02:57:34.743000+00:00,212992.0,35471360.0,38395904.0,38395904.0,3.54,0.377020556,13.36,387678.0,0.0,0.0,4376.0,1941790.0,0.0,0.0,4335.0,0.0,0.0,0.0,0.0
2023-03-21 02:57:39.342000+00:00,212992.0,35471360.0,38559744.0,38559744.0,3.56,0.380209377,13.42,387720.0,0.0,0.0,4377.0,1941832.0,0.0,0.0,4336.0,0.0,0.0,0.0,0.0
2023-03-21 02:57:44.626000+00:00,212992.0,35471360.0,38273024.0,38273024.0,3.56,0.380209377,13.42,388687.0,0.0,0.0,4388.0,1947023.0,0.0,0.0,4347.0,0.0,0.0,0.0,0.0
2023-03-21 02:57:48.366000+00:00,212992.0,35471360.0,38273024.0,38248448.0,3.56,0.380209377,13.42,389654.0,0.0,0.0,4399.0,1952214.0,0.0,0.0,4358.0,0.0,0.0,0.0,0.0
2023-03-21 02:57:53.417000+00:00,212992.0,35471360.0,38256640.0,38256640.0,3.57,0.380209377,13.49,390621.0,0.0,0.0,4410.0,1957405.0,0.0,0.0,4369.0,0.0,0.0,0.0,0.0
2023-03-21 02:57:58.200000+00:00,212992.0,35471360.0,38256640.0,38256640.0,3.57,0.380209377,13.5,390621.0,0.0,0.0,4410.0,1957405.0,0.0,0.0,4369.0,0.0,0.0,0.0,0.0
2023-03-21 02:58:04.131000+00:00,217088.0,35471360.0,38256640.0,38256640.0,3.59,0.383297599,13.58,392609.0,0.0,0.0,4433.0,1967861.0,0.0,0.0,4392.0,0.0,0.0,0.0,0.0
2023-03-21 02:58:09.703000+00:00,217088.0,35471360.0,38256640.0,38256640.0,3.59,0.383297599,13.58,392609.0,0.0,0.0,4445.0,1973094.0,0.0,0.0,4404.0,0.0,0.0,0.0,0.0
2023-03-21 02:58:13.977000+00:00,217088.0,35471360.0,38285312.0,38285312.0,3.61,0.386371713,13.65,394585.0,0.0,0.0,4456.0,1978285.0,0.0,0.0,4415.0,0.0,0.0,0.0,0.0
2023-03-21 02:58:18.976000+00:00,217088.0,35471360.0,38256640.0,38256640.0,3.61,0.386371713,13.65,395552.0,0.0,0.0,4467.0,1983476.0,0.0,0.0,4426.0,0.0,0.0,0.0,0.0
2023-03-21 02:58:23.825000+00:00,217088.0,35471360.0,38387712.0,38387712.0,3.62,0.38948702,13.72,396519.0,0.0,0.0,4478.0,1988667.0,0.0,0.0,4437.0,0.0,0.0,0.0,0.0
2023-03-21 02:58:28.973000+00:00,217088.0,35471360.0,38387712.0,38387712.0,3.62,0.38948702,13.72,396519.0,0.0,0.0,4478.0,1988667.0,0.0,0.0,4437.0,0.0,0.0,0.0,0.0
2023-03-21 02:58:34.362000+00:00,217088.0,35471360.0,38281216.0,38281216.0,3.64,0.392099699,13.8,398507.0,0.0,0.0,4501.0,1999123.0,0.0,0.0,4460.0,0.0,0.0,0.0,0.0
2023-03-21 02:58:38.904000+00:00,217088.0,35471360.0,38260736.0,38260736.0,3.64,0.392099699,13.81,399516.0,0.0,0.0,4513.0,2004356.0,0.0,0.0,4472.0,0.0,0.0,0.0,0.0
2023-03-21 02:58:43.901000+00:00,217088.0,35471360.0,38502400.0,38502400.0,3.66,0.392528012,13.87,400483.0,0.0,0.0,4524.0,2009547.0,0.0,0.0,4483.0,0.0,0.0,0.0,0.0
2023-03-21 02:58:48.578000+00:00,217088.0,35471360.0,38502400.0,38502400.0,3.66,0.392528012,13.87,400483.0,0.0,0.0,4535.0,2014738.0,0.0,0.0,4494.0,0.0,0.0,0.0,0.0
2023-03-21 02:58:54.653000+00:00,217088.0,35471360.0,38555648.0,38555648.0,3.67,0.395332571,13.94,402417.0,0.0,0.0,4546.0,2019929.0,0.0,0.0,4505.0,0.0,0.0,0.0,0.0
2023-03-21 02:58:59.840000+00:00,217088.0,35471360.0,38252544.0,38252544.0,3.67,0.395332571,13.95,404351.0,0.0,0.0,4568.0,2030311.0,0.0,0.0,4527.0,0.0,0.0,0.0,0.0
2023-03-21 02:59:04.865000+00:00,221184.0,35471360.0,38268928.0,38268928.0,3.68,0.398219097,14.02,405372.0,0.0,0.0,4580.0,2035576.0,0.0,0.0,4539.0,0.0,0.0,0.0,0.0
2023-03-21 02:59:08.990000+00:00,221184.0,35471360.0,38248448.0,38248448.0,3.68,0.398219097,14.02,405414.0,0.0,0.0,4581.0,2035618.0,0.0,0.0,4540.0,0.0,0.0,0.0,0.0
2023-03-21 02:59:14.440000+00:00,221184.0,35471360.0,38408192.0,38408192.0,3.71,0.401365251,14.08,406381.0,0.0,0.0,4592.0,2040809.0,0.0,0.0,4551.0,0.0,0.0,0.0,0.0
2023-03-21 02:59:19.746000+00:00,221184.0,35471360.0,38248448.0,38248448.0,3.71,0.401365251,14.09,408315.0,0.0,0.0,4614.0,2051191.0,0.0,0.0,4573.0,0.0,0.0,0.0,0.0
2023-03-21 02:59:24.158000+00:00,221184.0,35471360.0,38674432.0,38674432.0,3.73,0.404280023,14.15,408315.0,0.0,0.0,4614.0,2051191.0,0.0,0.0,4573.0,0.0,0.0,0.0,0.0
2023-03-21 02:59:29.621000+00:00,221184.0,35471360.0,38674432.0,38674432.0,3.73,0.404280023,14.16,408315.0,0.0,0.0,4614.0,2051191.0,0.0,0.0,4573.0,0.0,0.0,0.0,0.0
2023-03-21 02:59:33.734000+00:00,221184.0,35471360.0,38252544.0,38252544.0,3.73,0.404280023,14.17,410303.0,0.0,0.0,4637.0,2061647.0,0.0,0.0,4596.0,0.0,0.0,0.0,0.0
2023-03-21 02:59:38.585000+00:00,221184.0,35471360.0,38273024.0,38273024.0,3.74,0.407498846,14.24,411312.0,0.0,0.0,4649.0,2066880.0,0.0,0.0,4608.0,0.0,0.0,0.0,0.0
2023-03-21 02:59:44.123000+00:00,221184.0,35471360.0,38248448.0,38248448.0,3.74,0.407498846,14.24,412279.0,0.0,0.0,4660.0,2072071.0,0.0,0.0,4619.0,0.0,0.0,0.0,0.0
2023-03-21 02:59:49.595000+00:00,221184.0,35471360.0,38268928.0,38268928.0,3.77,0.407498846,14.24,413246.0,0.0,0.0,4671.0,2077262.0,0.0,0.0,4630.0,0.0,0.0,0.0,0.0
2023-03-21 02:59:54.830000+00:00,221184.0,35471360.0,38248448.0,38248448.0,3.77,0.410781789,14.3,415180.0,0.0,0.0,4693.0,2087644.0,0.0,0.0,4652.0,0.0,0.0,0.0,0.0
2023-03-21 02:59:59.187000+00:00,221184.0,35471360.0,38248448.0,38248448.0,3.78,0.413950995,14.37,415180.0,0.0,0.0,4693.0,2087644.0,0.0,0.0,4652.0,0.0,0.0,0.0,0.0
2023-03-21 03:00:04.530000+00:00,229376.0,35471360.0,38248448.0,38248448.0,3.78,0.413950995,14.38,416201.0,0.0,0.0,4705.0,2092909.0,0.0,0.0,4664.0,0.0,0.0,0.0,0.0
2023-03-21 03:00:09.063000+00:00,229376.0,35471360.0,38268928.0,38268928.0,3.8,0.41778604,14.45,417210.0,0.0,0.0,4717.0,2098142.0,0.0,0.0,4676.0,0.0,0.0,0.0,0.0
2023-03-21 03:00:13.719000+00:00,229376.0,35471360.0,38256640.0,38256640.0,3.8,0.41778604,14.46,418177.0,0.0,0.0,4728.0,2103333.0,0.0,0.0,4687.0,0.0,0.0,0.0,0.0
2023-03-21 03:00:18.690000+00:00,229376.0,35471360.0,38330368.0,38330368.0,3.82,0.420746859,14.53,419144.0,0.0,0.0,4739.0,2108524.0,0.0,0.0,4698.0,0.0,0.0,0.0,0.0
2023-03-21 03:00:23.626000+00:00,229376.0,35471360.0,38248448.0,38248448.0,3.82,0.420746859,14.53,420111.0,0.0,0.0,4750.0,2113715.0,0.0,0.0,4709.0,0.0,0.0,0.0,0.0
2023-03-21 03:00:28.630000+00:00,229376.0,35471360.0,38322176.0,38322176.0,3.84,0.423612409,14.59,421078.0,0.0,0.0,4761.0,2118906.0,0.0,0.0,4720.0,0.0,0.0,0.0,0.0
2023-03-21 03:00:33.896000+00:00,229376.0,35471360.0,38252544.0,38252544.0,3.84,0.423612409,14.6,422099.0,0.0,0.0,4773.0,2124171.0,0.0,0.0,4732.0,0.0,0.0,0.0,0.0
2023-03-21 03:00:39.557000+00:00,229376.0,35471360.0,38363136.0,38363136.0,3.86,0.426580675,14.65,423042.0,0.0,0.0,4784.0,2129338.0,0.0,0.0,4743.0,0.0,0.0,0.0,0.0
2023-03-21 03:00:44.861000+00:00,229376.0,35471360.0,38268928.0,38268928.0,3.86,0.426580675,14.66,424976.0,0.0,0.0,4806.0,2139720.0,0.0,0.0,4765.0,0.0,0.0,0.0,0.0
2023-03-21 03:00:49.136000+00:00,229376.0,35471360.0,38273024.0,38273024.0,3.88,0.426580675,14.72,424976.0,0.0,0.0,4806.0,2139720.0,0.0,0.0,4765.0,0.0,0.0,0.0,0.0
2023-03-21 03:00:53.962000+00:00,229376.0,35471360.0,38264832.0,38264832.0,3.88,0.426580675,14.73,425943.0,0.0,0.0,4817.0,2144911.0,0.0,0.0,4776.0,0.0,0.0,0.0,0.0
2023-03-21 03:00:59.768000+00:00,233472.0,35471360.0,38588416.0,38588416.0,3.9,0.429877545,14.79,427877.0,0.0,0.0,4839.0,2155293.0,0.0,0.0,4798.0,0.0,0.0,0.0,0.0
2023-03-21 03:01:04.504000+00:00,233472.0,35475456.0,38289408.0,38289408.0,3.9,0.429877545,14.8,427931.0,0.0,0.0,4840.0,2155367.0,0.0,0.0,4799.0,0.0,0.0,0.0,0.0
2023-03-21 03:01:09.145000+00:00,233472.0,35475456.0,38289408.0,38424576.0,3.92,0.429877545,14.86,429047.0,0.0,0.0,4853.0,2160600.0,0.0,0.0,4811.0,0.0,0.0,0.0,0.0
2023-03-21 03:01:13.458000+00:00,233472.0,35475456.0,38256640.0,38256640.0,3.92,0.429877545,14.86,429948.0,0.0,0.0,4863.0,2165725.0,0.0,0.0,4821.0,0.0,0.0,0.0,0.0
2023-03-21 03:01:18.883000+00:00,233472.0,35475456.0,38494208.0,38494208.0,3.94,0.432725482,14.93,430915.0,0.0,0.0,4874.0,2170916.0,0.0,0.0,4832.0,0.0,0.0,0.0,0.0
2023-03-21 03:01:24.621000+00:00,233472.0,35475456.0,38285312.0,38285312.0,3.94,0.432725482,14.93,431816.0,0.0,0.0,4884.0,2176041.0,0.0,0.0,4842.0,0.0,0.0,0.0,0.0
2023-03-21 03:01:28.409000+00:00,233472.0,35475456.0,38285312.0,38285312.0,3.96,0.435567071,15.0,431816.0,0.0,0.0,4884.0,2176041.0,0.0,0.0,4842.0,0.0,0.0,0.0,0.0
2023-03-21 03:01:34.216000+00:00,233472.0,35475456.0,38256640.0,38256640.0,3.96,0.435567071,15.01,433804.0,0.0,0.0,4907.0,2186497.0,0.0,0.0,4865.0,0.0,0.0,0.0,0.0
2023-03-21 03:01:39.690000+00:00,233472.0,35475456.0,38256640.0,38256640.0,3.98,0.438202959,15.07,434813.0,0.0,0.0,4919.0,2191730.0,0.0,0.0,4877.0,0.0,0.0,0.0,0.0
2023-03-21 03:01:44.608000+00:00,233472.0,35475456.0,38305792.0,38305792.0,3.98,0.438202959,15.07,435780.0,0.0,0.0,4930.0,2196921.0,0.0,0.0,4888.0,0.0,0.0,0.0,0.0
2023-03-21 03:01:49.258000+00:00,233472.0,35475456.0,38305792.0,38383616.0,4.01,0.441294922,15.13,436681.0,0.0,0.0,4940.0,2202046.0,0.0,0.0,4898.0,0.0,0.0,0.0,0.0
2023-03-21 03:01:54.230000+00:00,233472.0,35475456.0,38264832.0,38264832.0,4.01,0.441294922,15.14,437648.0,0.0,0.0,4951.0,2207237.0,0.0,0.0,4909.0,0.0,0.0,0.0,0.0
2023-03-21 03:01:59.574000+00:00,233472.0,35475456.0,38264832.0,38264832.0,4.04,0.444481737,15.19,437648.0,0.0,0.0,4951.0,2207237.0,0.0,0.0,4909.0,0.0,0.0,0.0,0.0
2023-03-21 03:02:04.624000+00:00,237568.0,35475456.0,38252544.0,38252544.0,4.04,0.444481737,15.2,439636.0,0.0,0.0,4974.0,2217693.0,0.0,0.0,4932.0,0.0,0.0,0.0,0.0
2023-03-21 03:02:09.119000+00:00,237568.0,35475456.0,38252544.0,38252544.0,4.04,0.444481737,15.2,439636.0,0.0,0.0,4986.0,2222926.0,0.0,0.0,4944.0,0.0,0.0,0.0,0.0
2023-03-21 03:02:14.558000+00:00,237568.0,35475456.0,38277120.0,38277120.0,4.05,0.444481737,15.27,441612.0,0.0,0.0,4997.0,2228117.0,0.0,0.0,4955.0,0.0,0.0,0.0,0.0
2023-03-21 03:02:19.337000+00:00,237568.0,35475456.0,38277120.0,38252544.0,4.05,0.444481737,15.28,442579.0,0.0,0.0,5008.0,2233308.0,0.0,0.0,4966.0,0.0,0.0,0.0,0.0
2023-03-21 03:02:23.642000+00:00,237568.0,35475456.0,38264832.0,38264832.0,4.06,0.444481737,15.35,443546.0,0.0,0.0,5019.0,2238499.0,0.0,0.0,4977.0,0.0,0.0,0.0,0.0
2023-03-21 03:02:29.594000+00:00,237568.0,35475456.0,38264832.0,38264832.0,4.06,0.444481737,15.36,443546.0,0.0,0.0,5019.0,2238499.0,0.0,0.0,4977.0,0.0,0.0,0.0,0.0
2023-03-21 03:02:34.668000+00:00,237568.0,35475456.0,38277120.0,38277120.0,4.07,0.444481737,15.44,445534.0,0.0,0.0,5042.0,2248955.0,0.0,0.0,5000.0,0.0,0.0,0.0,0.0
2023-03-21 03:02:39.531000+00:00,237568.0,35475456.0,38277120.0,38277120.0,4.07,0.444481737,15.44,445534.0,0.0,0.0,5054.0,2254188.0,0.0,0.0,5012.0,0.0,0.0,0.0,0.0
2023-03-21 03:02:43.908000+00:00,237568.0,35475456.0,38318080.0,38318080.0,4.1,0.444481737,15.5,447510.0,0.0,0.0,5065.0,2259379.0,0.0,0.0,5023.0,0.0,0.0,0.0,0.0
2023-03-21 03:02:48.525000+00:00,237568.0,35475456.0,38318080.0,38318080.0,4.1,0.444481737,15.5,448477.0,0.0,0.0,5076.0,2264570.0,0.0,0.0,5034.0,0.0,0.0,0.0,0.0
2023-03-21 03:02:53.378000+00:00,237568.0,35475456.0,38273024.0,38273024.0,4.13,0.444481737,15.56,449444.0,0.0,0.0,5087.0,2269761.0,0.0,0.0,5045.0,0.0,0.0,0.0,0.0
2023-03-21 03:02:59.851000+00:00,237568.0,35475456.0,38252544.0,38252544.0,4.13,0.444481737,15.56,451378.0,0.0,0.0,5109.0,2280143.0,0.0,0.0,5045.0,0.0,0.0,0.0,0.0
2023-03-21 03:03:03.118000+00:00,241664.0,35475456.0,38629376.0,38629376.0,4.16,0.444481737,15.63,451432.0,0.0,0.0,5110.0,2280217.0,0.0,0.0,5068.0,0.0,0.0,0.0,0.0
2023-03-21 03:03:09.381000+00:00,241664.0,35475456.0,38260736.0,38260736.0,4.16,0.444481737,15.63,452441.0,0.0,0.0,5122.0,2285450.0,0.0,0.0,5080.0,0.0,0.0,0.0,0.0
2023-03-21 03:03:13.758000+00:00,241664.0,35475456.0,38391808.0,38391808.0,4.18,0.444481737,15.69,453408.0,0.0,0.0,5133.0,2290641.0,0.0,0.0,5091.0,0.0,0.0,0.0,0.0
2023-03-21 03:03:18.292000+00:00,241664.0,35475456.0,38391808.0,38391808.0,4.18,0.444481737,15.7,453408.0,0.0,0.0,5144.0,2295832.0,0.0,0.0,5102.0,0.0,0.0,0.0,0.0
2023-03-21 03:03:24.297000+00:00,241664.0,35475456.0,38477824.0,38477824.0,4.2,0.444481737,15.75,455342.0,0.0,0.0,5155.0,2301023.0,0.0,0.0,5113.0,0.0,0.0,0.0,0.0
2023-03-21 03:03:29.041000+00:00,241664.0,35475456.0,38260736.0,38260736.0,4.2,0.444481737,15.76,456309.0,0.0,0.0,5166.0,2306214.0,0.0,0.0,5113.0,0.0,0.0,0.0,0.0
2023-03-21 03:03:34.121000+00:00,241664.0,35475456.0,38363136.0,38363136.0,4.23,0.444481737,15.82,457330.0,0.0,0.0,5178.0,2311479.0,0.0,0.0,5136.0,0.0,0.0,0.0,0.0
2023-03-21 03:03:39.795000+00:00,241664.0,35475456.0,38252544.0,38252544.0,4.23,0.444481737,15.82,459306.0,0.0,0.0,5201.0,2321903.0,0.0,0.0,5159.0,0.0,0.0,0.0,0.0
2023-03-21 03:03:44.817000+00:00,241664.0,35475456.0,38440960.0,38440960.0,4.26,0.444481737,15.88,460273.0,0.0,0.0,5212.0,2327094.0,0.0,0.0,5170.0,0.0,0.0,0.0,0.0
2023-03-21 03:03:49.102000+00:00,241664.0,35475456.0,38440960.0,38440960.0,4.26,0.444481737,15.88,460273.0,0.0,0.0,5212.0,2327094.0,0.0,0.0,5170.0,0.0,0.0,0.0,0.0
2023-03-21 03:03:54.540000+00:00,241664.0,35475456.0,38281216.0,38281216.0,4.28,0.444481737,15.95,461240.0,0.0,0.0,5223.0,2332285.0,0.0,0.0,5181.0,0.0,0.0,0.0,0.0
2023-03-21 03:03:59.240000+00:00,241664.0,35475456.0,38281216.0,38281216.0,4.28,0.444481737,15.96,461240.0,0.0,0.0,5223.0,2332285.0,0.0,0.0,5181.0,0.0,0.0,0.0,0.0
2023-03-21 03:04:03.718000+00:00,245760.0,35475456.0,38486016.0,38486016.0,4.29,0.467773754,16.03,463228.0,0.0,0.0,5246.0,2342741.0,0.0,0.0,5204.0,0.0,0.0,0.0,0.0
2023-03-21 03:04:09.523000+00:00,245760.0,35475456.0,38297600.0,38297600.0,4.29,0.467773754,16.04,464237.0,0.0,0.0,5258.0,2347974.0,0.0,0.0,5216.0,0.0,0.0,0.0,0.0
2023-03-21 03:04:14.660000+00:00,245760.0,35475456.0,38313984.0,38313984.0,4.31,0.467773754,16.1,465204.0,0.0,0.0,5269.0,2353165.0,0.0,0.0,5227.0,0.0,0.0,0.0,0.0
2023-03-21 03:04:19.509000+00:00,245760.0,35475456.0,38313984.0,38313984.0,4.31,0.467773754,16.1,465204.0,0.0,0.0,5269.0,2358356.0,0.0,0.0,5238.0,0.0,0.0,0.0,0.0
2023-03-21 03:04:23.528000+00:00,245760.0,35475456.0,38428672.0,38428672.0,4.32,0.467773754,16.17,467138.0,0.0,0.0,5291.0,2363547.0,0.0,0.0,5249.0,0.0,0.0,0.0,0.0
2023-03-21 03:04:29.244000+00:00,245760.0,35475456.0,38428672.0,38428672.0,4.32,0.467773754,16.18,467138.0,0.0,0.0,5291.0,2363547.0,0.0,0.0,5249.0,0.0,0.0,0.0,0.0
2023-03-21 03:04:34.824000+00:00,245760.0,35475456.0,38465536.0,38465536.0,4.34,0.467773754,16.25,470093.0,0.0,0.0,5325.0,2379194.0,0.0,0.0,5283.0,0.0,0.0,0.0,0.0
2023-03-21 03:04:39.242000+00:00,245760.0,35475456.0,38256640.0,38256640.0,4.34,0.467773754,16.25,470135.0,0.0,0.0,5326.0,2379236.0,0.0,0.0,5284.0,0.0,0.0,0.0,0.0
2023-03-21 03:04:44.226000+00:00,245760.0,35475456.0,38318080.0,38318080.0,4.35,0.467773754,16.32,471102.0,0.0,0.0,5337.0,2384427.0,0.0,0.0,5295.0,0.0,0.0,0.0,0.0
2023-03-21 03:04:49.530000+00:00,245760.0,35475456.0,38252544.0,38252544.0,4.35,0.467773754,16.32,472069.0,0.0,0.0,5348.0,2389618.0,0.0,0.0,5306.0,0.0,0.0,0.0,0.0
2023-03-21 03:04:54.003000+00:00,245760.0,35475456.0,38252544.0,38252544.0,4.36,0.467773754,16.32,473036.0,0.0,0.0,5359.0,2394809.0,0.0,0.0,5317.0,0.0,0.0,0.0,0.0
2023-03-21 03:04:58.944000+00:00,245760.0,35475456.0,38318080.0,38318080.0,4.38,0.467773754,16.39,474003.0,0.0,0.0,5370.0,2400000.0,0.0,0.0,5328.0,0.0,0.0,0.0,0.0
2023-03-21 03:05:03.394000+00:00,253952.0,35475456.0,38252544.0,38252544.0,4.38,0.467773754,16.41,475024.0,0.0,0.0,5382.0,2405265.0,0.0,0.0,5340.0,0.0,0.0,0.0,0.0
2023-03-21 03:05:09.602000+00:00,253952.0,35475456.0,38281216.0,38281216.0,4.4,0.467773754,16.47,476033.0,0.0,0.0,5394.0,2410498.0,0.0,0.0,5352.0,0.0,0.0,0.0,0.0
2023-03-21 03:05:14.332000+00:00,253952.0,35475456.0,38252544.0,38252544.0,4.4,0.467773754,16.48,477000.0,0.0,0.0,5405.0,2415689.0,0.0,0.0,5363.0,0.0,0.0,0.0,0.0
2023-03-21 03:05:19.846000+00:00,253952.0,35475456.0,38252544.0,38252544.0,4.42,0.467773754,16.54,478934.0,0.0,0.0,5427.0,2426071.0,0.0,0.0,5385.0,0.0,0.0,0.0,0.0
2023-03-21 03:05:24.506000+00:00,253952.0,35475456.0,38252544.0,38252544.0,4.42,0.467773754,16.54,478934.0,0.0,0.0,5427.0,2426071.0,0.0,0.0,5385.0,0.0,0.0,0.0,0.0
2023-03-21 03:05:29.583000+00:00,253952.0,35475456.0,38252544.0,38252544.0,4.44,0.467773754,16.61,478934.0,0.0,0.0,5427.0,2426071.0,0.0,0.0,5385.0,0.0,0.0,0.0,0.0
2023-03-21 03:05:34.418000+00:00,253952.0,35479552.0,38260736.0,38260736.0,4.44,0.467773754,16.62,480922.0,0.0,0.0,5450.0,2436527.0,0.0,0.0,5408.0,0.0,0.0,0.0,0.0
2023-03-21 03:05:38.959000+00:00,253952.0,35479552.0,38457344.0,38457344.0,4.46,0.467773754,16.68,481931.0,0.0,0.0,5462.0,2441760.0,0.0,0.0,5420.0,0.0,0.0,0.0,0.0
2023-03-21 03:05:44.636000+00:00,253952.0,35479552.0,38256640.0,38256640.0,4.46,0.467773754,16.69,482898.0,0.0,0.0,5473.0,2446951.0,0.0,0.0,5431.0,0.0,0.0,0.0,0.0
2023-03-21 03:05:48.240000+00:00,253952.0,35479552.0,38256640.0,38256640.0,4.47,0.467773754,16.76,482898.0,0.0,0.0,5473.0,2452142.0,0.0,0.0,5442.0,0.0,0.0,0.0,0.0
2023-03-21 03:05:54.605000+00:00,253952.0,35479552.0,38260736.0,38260736.0,4.47,0.467773754,16.76,484902.0,0.0,0.0,5496.0,2457333.0,0.0,0.0,5453.0,0.0,0.0,0.0,0.0
2023-03-21 03:05:59.094000+00:00,253952.0,35479552.0,38260736.0,38260736.0,4.49,0.467773754,16.82,484902.0,0.0,0.0,5496.0,2457333.0,0.0,0.0,5453.0,0.0,0.0,0.0,0.0
2023-03-21 03:06:04.169000+00:00,258048.0,35479552.0,38260736.0,38260736.0,4.49,0.467773754,16.83,486824.0,0.0,0.0,5518.0,2467723.0,0.0,0.0,5475.0,0.0,0.0,0.0,0.0
2023-03-21 03:06:09.420000+00:00,258048.0,35479552.0,38268928.0,38268928.0,4.51,0.467773754,16.9,487767.0,0.0,0.0,5529.0,2472890.0,0.0,0.0,5486.0,0.0,0.0,0.0,0.0
2023-03-21 03:06:13.943000+00:00,258048.0,35479552.0,38256640.0,38256640.0,4.51,0.467773754,16.9,488734.0,0.0,0.0,5540.0,2478081.0,0.0,0.0,5497.0,0.0,0.0,0.0,0.0
2023-03-21 03:06:19.342000+00:00,258048.0,35479552.0,38256640.0,38256640.0,4.53,0.467773754,16.96,489701.0,0.0,0.0,5551.0,2483272.0,0.0,0.0,5508.0,0.0,0.0,0.0,0.0
2023-03-21 03:06:24.405000+00:00,258048.0,35479552.0,38264832.0,38264832.0,4.53,0.467773754,16.96,490668.0,0.0,0.0,5562.0,2488463.0,0.0,0.0,5519.0,0.0,0.0,0.0,0.0
2023-03-21 03:06:28.370000+00:00,258048.0,35479552.0,38506496.0,38506496.0,4.54,0.467773754,17.03,491635.0,0.0,0.0,5573.0,2493654.0,0.0,0.0,5519.0,0.0,0.0,0.0,0.0
2023-03-21 03:06:34.282000+00:00,258048.0,35479552.0,38387712.0,38387712.0,4.55,0.467773754,17.04,492656.0,0.0,0.0,5585.0,2498919.0,0.0,0.0,5542.0,0.0,0.0,0.0,0.0
2023-03-21 03:06:38.462000+00:00,258048.0,35479552.0,38375424.0,38375424.0,4.56,0.467773754,17.1,493665.0,0.0,0.0,5597.0,2504152.0,0.0,0.0,5554.0,0.0,0.0,0.0,0.0
2023-03-21 03:06:43.610000+00:00,258048.0,35479552.0,38277120.0,38277120.0,4.56,0.467773754,17.11,494632.0,0.0,0.0,5608.0,2509343.0,0.0,0.0,5565.0,0.0,0.0,0.0,0.0
2023-03-21 03:06:49.440000+00:00,258048.0,35479552.0,38277120.0,38277120.0,4.58,0.467773754,17.17,495599.0,0.0,0.0,5619.0,2514534.0,0.0,0.0,5576.0,0.0,0.0,0.0,0.0
2023-03-21 03:06:54.595000+00:00,258048.0,35479552.0,38268928.0,38268928.0,4.58,0.467773754,17.17,496566.0,0.0,0.0,5630.0,2519725.0,0.0,0.0,5587.0,0.0,0.0,0.0,0.0
2023-03-21 03:06:59.263000+00:00,258048.0,35479552.0,38268928.0,38268928.0,4.6,0.467773754,17.24,496566.0,0.0,0.0,5630.0,2519725.0,0.0,0.0,5587.0,0.0,0.0,0.0,0.0
2023-03-21 03:07:04.628000+00:00,262144.0,35479552.0,38260736.0,38260736.0,4.6,0.467773754,17.24,498554.0,0.0,0.0,5653.0,2530181.0,0.0,0.0,5610.0,0.0,0.0,0.0,0.0
2023-03-21 03:07:08.847000+00:00,262144.0,35479552.0,38260736.0,38260736.0,4.62,0.467773754,17.31,498554.0,0.0,0.0,5665.0,2535414.0,0.0,0.0,5622.0,0.0,0.0,0.0,0.0
2023-03-21 03:07:13.593000+00:00,262144.0,35479552.0,38305792.0,38305792.0,4.62,0.467773754,17.32,500530.0,0.0,0.0,5676.0,2540605.0,0.0,0.0,5633.0,0.0,0.0,0.0,0.0
2023-03-21 03:07:19.887000+00:00,262144.0,35479552.0,38338560.0,38338560.0,4.65,0.467773754,17.38,502464.0,0.0,0.0,5698.0,2550987.0,0.0,0.0,5655.0,0.0,0.0,0.0,0.0
2023-03-21 03:07:23.676000+00:00,262144.0,35479552.0,38281216.0,38281216.0,4.65,0.467773754,17.38,502464.0,0.0,0.0,5698.0,2550987.0,0.0,0.0,5655.0,0.0,0.0,0.0,0.0
2023-03-21 03:07:28.916000+00:00,262144.0,35479552.0,38281216.0,38281216.0,4.65,0.467773754,17.38,502464.0,0.0,0.0,5698.0,2550987.0,0.0,0.0,5655.0,0.0,0.0,0.0,0.0
2023-03-21 03:07:32.995000+00:00,262144.0,35479552.0,38301696.0,38301696.0,4.67,0.467773754,17.44,504452.0,0.0,0.0,5721.0,2561443.0,0.0,0.0,5678.0,0.0,0.0,0.0,0.0
2023-03-21 03:07:39.786000+00:00,262144.0,35479552.0,38301696.0,38301696.0,4.67,0.467773754,17.45,506428.0,0.0,0.0,5744.0,2571867.0,0.0,0.0,5701.0,0.0,0.0,0.0,0.0
2023-03-21 03:07:43.695000+00:00,262144.0,35479552.0,38293504.0,38293504.0,4.7,0.467773754,17.5,506428.0,0.0,0.0,5744.0,2571867.0,0.0,0.0,5701.0,0.0,0.0,0.0,0.0
2023-03-21 03:07:48.788000+00:00,262144.0,35479552.0,38256640.0,38256640.0,4.7,0.467773754,17.51,507395.0,0.0,0.0,5755.0,2577058.0,0.0,0.0,5712.0,0.0,0.0,0.0,0.0
2023-03-21 03:07:54.459000+00:00,262144.0,35479552.0,38313984.0,38313984.0,4.72,0.470406767,17.57,508362.0,0.0,0.0,5766.0,2582249.0,0.0,0.0,5723.0,0.0,0.0,0.0,0.0
2023-03-21 03:07:59.332000+00:00,262144.0,35479552.0,38256640.0,38256640.0,4.72,0.470406767,17.57,509329.0,0.0,0.0,5777.0,2587440.0,0.0,0.0,5734.0,0.0,0.0,0.0,0.0
2023-03-21 03:08:03.696000+00:00,266240.0,35483648.0,38293504.0,38293504.0,4.74,0.470406767,17.64,510350.0,0.0,0.0,5789.0,2592705.0,0.0,0.0,5746.0,0.0,0.0,0.0,0.0
2023-03-21 03:08:09.879000+00:00,266240.0,35483648.0,38293504.0,38260736.0,4.74,0.470406767,17.65,512326.0,0.0,0.0,5812.0,2603129.0,0.0,0.0,5769.0,0.0,0.0,0.0,0.0
2023-03-21 03:08:13.301000+00:00,266240.0,35483648.0,38297600.0,38297600.0,4.78,0.470406767,17.7,512326.0,0.0,0.0,5812.0,2603129.0,0.0,0.0,5769.0,0.0,0.0,0.0,0.0
2023-03-21 03:08:18.668000+00:00,266240.0,35483648.0,38260736.0,38260736.0,4.78,0.470406767,17.7,513293.0,0.0,0.0,5823.0,2608320.0,0.0,0.0,5780.0,0.0,0.0,0.0,0.0
2023-03-21 03:08:24.883000+00:00,266240.0,35483648.0,38260736.0,38260736.0,4.8,0.470406767,17.76,515227.0,0.0,0.0,5845.0,2618702.0,0.0,0.0,5802.0,0.0,0.0,0.0,0.0
2023-03-21 03:08:29.691000+00:00,266240.0,35483648.0,38260736.0,38260736.0,4.8,0.470406767,17.76,515227.0,0.0,0.0,5845.0,2618702.0,0.0,0.0,5802.0,0.0,0.0,0.0,0.0
2023-03-21 03:08:34.764000+00:00,266240.0,35483648.0,38395904.0,38395904.0,4.82,0.470406767,17.83,517215.0,0.0,0.0,5868.0,2629158.0,0.0,0.0,5825.0,0.0,0.0,0.0,0.0
2023-03-21 03:08:38.504000+00:00,266240.0,35483648.0,38264832.0,38264832.0,4.82,0.470406767,17.83,517257.0,0.0,0.0,5869.0,2629200.0,0.0,0.0,5826.0,0.0,0.0,0.0,0.0
2023-03-21 03:08:44.081000+00:00,266240.0,35483648.0,38342656.0,38342656.0,4.84,0.470406767,17.9,518224.0,0.0,0.0,5880.0,2634391.0,0.0,0.0,5837.0,0.0,0.0,0.0,0.0
2023-03-21 03:08:49.014000+00:00,266240.0,35483648.0,38264832.0,38264832.0,4.84,0.470406767,17.9,519191.0,0.0,0.0,5891.0,2639582.0,0.0,0.0,5848.0,0.0,0.0,0.0,0.0
2023-03-21 03:08:54.195000+00:00,266240.0,35483648.0,38305792.0,38305792.0,4.85,0.470406767,17.98,520158.0,0.0,0.0,5902.0,2644773.0,0.0,0.0,5859.0,0.0,0.0,0.0,0.0
2023-03-21 03:08:59.168000+00:00,266240.0,35483648.0,38305792.0,38305792.0,4.85,0.470406767,17.98,520158.0,0.0,0.0,5902.0,2644773.0,0.0,0.0,5859.0,0.0,0.0,0.0,0.0
2023-03-21 03:09:03.879000+00:00,270336.0,35483648.0,38318080.0,38318080.0,4.86,0.470406767,18.06,522146.0,0.0,0.0,5925.0,2655229.0,0.0,0.0,5882.0,0.0,0.0,0.0,0.0
2023-03-21 03:09:09.832000+00:00,270336.0,35483648.0,38260736.0,38260736.0,4.86,0.470406767,18.06,524122.0,0.0,0.0,5948.0,2665653.0,0.0,0.0,5905.0,0.0,0.0,0.0,0.0
2023-03-21 03:09:13.791000+00:00,270336.0,35483648.0,38830080.0,38830080.0,4.88,0.470406767,18.12,524122.0,0.0,0.0,5948.0,2665653.0,0.0,0.0,5905.0,0.0,0.0,0.0,0.0
2023-03-21 03:09:17.946000+00:00,270336.0,35483648.0,38264832.0,38264832.0,4.88,0.470406767,18.13,525089.0,0.0,0.0,5959.0,2670844.0,0.0,0.0,5916.0,0.0,0.0,0.0,0.0
2023-03-21 03:09:24.369000+00:00,270336.0,35483648.0,38400000.0,38400000.0,4.91,0.470406767,18.18,526056.0,0.0,0.0,5970.0,2676035.0,0.0,0.0,5927.0,0.0,0.0,0.0,0.0
2023-03-21 03:09:28.839000+00:00,270336.0,35483648.0,38400000.0,38400000.0,4.91,0.470406767,18.19,526056.0,0.0,0.0,5970.0,2676035.0,0.0,0.0,5927.0,0.0,0.0,0.0,0.0
2023-03-21 03:09:33.707000+00:00,270336.0,35483648.0,38490112.0,38490112.0,4.93,0.470406767,18.26,528044.0,0.0,0.0,5993.0,2686491.0,0.0,0.0,5950.0,0.0,0.0,0.0,0.0
2023-03-21 03:09:38.544000+00:00,270336.0,35483648.0,38268928.0,38268928.0,4.93,0.470406767,18.26,529053.0,0.0,0.0,6005.0,2691724.0,0.0,0.0,5962.0,0.0,0.0,0.0,0.0
2023-03-21 03:09:44.729000+00:00,270336.0,35483648.0,38338560.0,38338560.0,4.95,0.470406767,18.32,530020.0,0.0,0.0,6016.0,2696915.0,0.0,0.0,5973.0,0.0,0.0,0.0,0.0
2023-03-21 03:09:49.403000+00:00,270336.0,35483648.0,38264832.0,38264832.0,4.95,0.470406767,18.33,530987.0,0.0,0.0,6027.0,2702106.0,0.0,0.0,5984.0,0.0,0.0,0.0,0.0
2023-03-21 03:09:54.822000+00:00,270336.0,35483648.0,38649856.0,38649856.0,4.96,0.470406767,18.4,532921.0,0.0,0.0,6049.0,2712422.0,0.0,0.0,6005.0,0.0,0.0,0.0,0.0
2023-03-21 03:09:59.028000+00:00,270336.0,35483648.0,38649856.0,38649856.0,4.96,0.470406767,18.4,532921.0,0.0,0.0,6049.0,2712422.0,0.0,0.0,6005.0,0.0,0.0,0.0,0.0
2023-03-21 03:10:03.217000+00:00,278528.0,35483648.0,38260736.0,38260736.0,4.96,0.470406767,18.41,533942.0,0.0,0.0,6061.0,2717687.0,0.0,0.0,6017.0,0.0,0.0,0.0,0.0
2023-03-21 03:10:09.425000+00:00,278528.0,35483648.0,38285312.0,38285312.0,4.98,0.470406767,18.46,534951.0,0.0,0.0,6073.0,2722920.0,0.0,0.0,6029.0,0.0,0.0,0.0,0.0
2023-03-21 03:10:14.330000+00:00,278528.0,35483648.0,38260736.0,38260736.0,4.98,0.470406767,18.47,535918.0,0.0,0.0,6084.0,2728111.0,0.0,0.0,6040.0,0.0,0.0,0.0,0.0
2023-03-21 03:10:18.779000+00:00,278528.0,35483648.0,38260736.0,38268928.0,5.0,0.470406767,18.53,536885.0,0.0,0.0,6095.0,2733302.0,0.0,0.0,6051.0,0.0,0.0,0.0,0.0
2023-03-21 03:10:23.575000+00:00,278528.0,35483648.0,38260736.0,38260736.0,5.0,0.470406767,18.53,537852.0,0.0,0.0,6106.0,2738493.0,0.0,0.0,6062.0,0.0,0.0,0.0,0.0
2023-03-21 03:10:28.154000+00:00,278528.0,35483648.0,38260736.0,38260736.0,5.02,0.470406767,18.6,537852.0,0.0,0.0,6106.0,2738493.0,0.0,0.0,6062.0,0.0,0.0,0.0,0.0
2023-03-21 03:10:34.011000+00:00,278528.0,35483648.0,38260736.0,38260736.0,5.02,0.470406767,18.6,539840.0,0.0,0.0,6129.0,2748949.0,0.0,0.0,6085.0,0.0,0.0,0.0,0.0
2023-03-21 03:10:39.658000+00:00,278528.0,35483648.0,38260736.0,38260736.0,5.04,0.470406767,18.67,539840.0,0.0,0.0,6141.0,2754182.0,0.0,0.0,6097.0,0.0,0.0,0.0,0.0
2023-03-21 03:10:43.549000+00:00,278528.0,35483648.0,38260736.0,38260736.0,5.04,0.470406767,18.68,541816.0,0.0,0.0,6152.0,2759373.0,0.0,0.0,6108.0,0.0,0.0,0.0,0.0
2023-03-21 03:10:48.794000+00:00,278528.0,35483648.0,38260736.0,38277120.0,5.05,0.470406767,18.74,542783.0,0.0,0.0,6163.0,2764564.0,0.0,0.0,6119.0,0.0,0.0,0.0,0.0
2023-03-21 03:10:53.355000+00:00,278528.0,35483648.0,38260736.0,38260736.0,5.05,0.470406767,18.74,543750.0,0.0,0.0,6174.0,2769755.0,0.0,0.0,6130.0,0.0,0.0,0.0,0.0
2023-03-21 03:10:58.958000+00:00,278528.0,35483648.0,38260736.0,38260736.0,5.06,0.470406767,18.81,543750.0,0.0,0.0,6174.0,2769755.0,0.0,0.0,6130.0,0.0,0.0,0.0,0.0
2023-03-21 03:11:04.536000+00:00,282624.0,35483648.0,38260736.0,38260736.0,5.06,0.470406767,18.82,545738.0,0.0,0.0,6197.0,2780211.0,0.0,0.0,6153.0,0.0,0.0,0.0,0.0
2023-03-21 03:11:08.807000+00:00,282624.0,35483648.0,38260736.0,38297600.0,5.09,0.470406767,18.88,546747.0,0.0,0.0,6209.0,2785444.0,0.0,0.0,6165.0,0.0,0.0,0.0,0.0
2023-03-21 03:11:13.234000+00:00,282624.0,35483648.0,38264832.0,38264832.0,5.09,0.470406767,18.88,547714.0,0.0,0.0,6220.0,2790635.0,0.0,0.0,6176.0,0.0,0.0,0.0,0.0
2023-03-21 03:11:19.371000+00:00,282624.0,35483648.0,38322176.0,38322176.0,5.12,0.470406767,18.94,548681.0,0.0,0.0,6231.0,2795826.0,0.0,0.0,6187.0,0.0,0.0,0.0,0.0
2023-03-21 03:11:24.678000+00:00,282624.0,35483648.0,38260736.0,38260736.0,5.12,0.470406767,18.94,549582.0,0.0,0.0,6241.0,2800951.0,0.0,0.0,6197.0,0.0,0.0,0.0,0.0
2023-03-21 03:11:29.278000+00:00,282624.0,35483648.0,38395904.0,38395904.0,5.14,0.470406767,19.0,550417.0,0.0,0.0,6250.0,2806010.0,0.0,0.0,6206.0,0.0,0.0,0.0,0.0
2023-03-21 03:11:34.024000+00:00,282624.0,35483648.0,38264832.0,38264832.0,5.14,0.470406767,19.01,551438.0,0.0,0.0,6262.0,2811209.0,0.0,0.0,6217.0,0.0,0.0,0.0,0.0
2023-03-21 03:11:38.419000+00:00,282624.0,35483648.0,38625280.0,38625280.0,5.16,0.470406767,19.08,552447.0,0.0,0.0,6274.0,2816442.0,0.0,0.0,6229.0,0.0,0.0,0.0,0.0
2023-03-21 03:11:43.974000+00:00,282624.0,35483648.0,38264832.0,38264832.0,5.16,0.470406767,19.08,553414.0,0.0,0.0,6285.0,2821633.0,0.0,0.0,6240.0,0.0,0.0,0.0,0.0
2023-03-21 03:11:48.930000+00:00,282624.0,35483648.0,38330368.0,38330368.0,5.17,0.470406767,19.15,554381.0,0.0,0.0,6296.0,2826824.0,0.0,0.0,6251.0,0.0,0.0,0.0,0.0
2023-03-21 03:11:54.224000+00:00,282624.0,35483648.0,38264832.0,38264832.0,5.17,0.470406767,19.16,555348.0,0.0,0.0,6307.0,2832015.0,0.0,0.0,6262.0,0.0,0.0,0.0,0.0
2023-03-21 03:11:58.721000+00:00,282624.0,35483648.0,38264832.0,38264832.0,5.19,0.470406767,19.22,555348.0,0.0,0.0,6307.0,2832015.0,0.0,0.0,6262.0,0.0,0.0,0.0,0.0
2023-03-21 03:12:04.542000+00:00,286720.0,35483648.0,38260736.0,38260736.0,5.19,0.470406767,19.22,557270.0,0.0,0.0,6329.0,2842405.0,0.0,0.0,6284.0,0.0,0.0,0.0,0.0
2023-03-21 03:12:08.314000+00:00,286720.0,35483648.0,38260736.0,38260736.0,5.19,0.470406767,19.23,558279.0,0.0,0.0,6341.0,2847638.0,0.0,0.0,6296.0,0.0,0.0,0.0,0.0
2023-03-21 03:12:13.616000+00:00,286720.0,35483648.0,38260736.0,38260736.0,5.2,0.470406767,19.29,559246.0,0.0,0.0,6352.0,2852829.0,0.0,0.0,6307.0,0.0,0.0,0.0,0.0
2023-03-21 03:12:19.314000+00:00,286720.0,35483648.0,38400000.0,38400000.0,5.22,0.470406767,19.36,560213.0,0.0,0.0,6363.0,2858020.0,0.0,0.0,6318.0,0.0,0.0,0.0,0.0
2023-03-21 03:12:24.512000+00:00,286720.0,35483648.0,38281216.0,38281216.0,5.22,0.470406767,19.37,561180.0,0.0,0.0,6374.0,2863211.0,0.0,0.0,6329.0,0.0,0.0,0.0,0.0
2023-03-21 03:12:28.622000+00:00,286720.0,35483648.0,38260736.0,38260736.0,5.22,0.470406767,19.37,562147.0,0.0,0.0,6385.0,2868402.0,0.0,0.0,6340.0,0.0,0.0,0.0,0.0
2023-03-21 03:12:33.886000+00:00,286720.0,35483648.0,38264832.0,38264832.0,5.23,0.470406767,19.44,563168.0,0.0,0.0,6397.0,2873667.0,0.0,0.0,6352.0,0.0,0.0,0.0,0.0
2023-03-21 03:12:39.307000+00:00,286720.0,35483648.0,38260736.0,38260736.0,5.23,0.470406767,19.44,564177.0,0.0,0.0,6409.0,2878900.0,0.0,0.0,6364.0,0.0,0.0,0.0,0.0
2023-03-21 03:12:44.357000+00:00,286720.0,35483648.0,38277120.0,38277120.0,5.24,0.470406767,19.51,565144.0,0.0,0.0,6420.0,2884091.0,0.0,0.0,6375.0,0.0,0.0,0.0,0.0
2023-03-21 03:12:49.651000+00:00,286720.0,35483648.0,38277120.0,38277120.0,5.24,0.470406767,19.51,565144.0,0.0,0.0,6431.0,2889282.0,0.0,0.0,6386.0,0.0,0.0,0.0,0.0
2023-03-21 03:12:54.496000+00:00,286720.0,35483648.0,38277120.0,38277120.0,5.27,0.470406767,19.57,567078.0,0.0,0.0,6442.0,2894473.0,0.0,0.0,6397.0,0.0,0.0,0.0,0.0
2023-03-21 03:12:59.759000+00:00,286720.0,35483648.0,38277120.0,38277120.0,5.27,0.470406767,19.58,567078.0,0.0,0.0,6442.0,2894473.0,0.0,0.0,6419.0,0.0,0.0,0.0,0.0
2023-03-21 03:13:03.450000+00:00,290816.0,35483648.0,38260736.0,38260736.0,5.3,0.470406767,19.63,569066.0,0.0,0.0,6465.0,2904929.0,0.0,0.0,6420.0,0.0,0.0,0.0,0.0
2023-03-21 03:13:08.605000+00:00,290816.0,35483648.0,38260736.0,38260736.0,5.3,0.470406767,19.64,569066.0,0.0,0.0,6477.0,2910162.0,0.0,0.0,6432.0,0.0,0.0,0.0,0.0
2023-03-21 03:13:13.998000+00:00,290816.0,35483648.0,38309888.0,38309888.0,5.32,0.470406767,19.71,571042.0,0.0,0.0,6488.0,2915353.0,0.0,0.0,6443.0,0.0,0.0,0.0,0.0
2023-03-21 03:13:19.729000+00:00,290816.0,35483648.0,38309888.0,38260736.0,5.32,0.470406767,19.71,572083.0,0.0,0.0,6500.0,2920618.0,0.0,0.0,6455.0,0.0,0.0,0.0,0.0
2023-03-21 03:13:23.324000+00:00,290816.0,35483648.0,38305792.0,38305792.0,5.34,0.470406767,19.78,572976.0,0.0,0.0,6510.0,2925735.0,0.0,0.0,6465.0,0.0,0.0,0.0,0.0
2023-03-21 03:13:29.742000+00:00,290816.0,35483648.0,38305792.0,38305792.0,5.34,0.470406767,19.79,572976.0,0.0,0.0,6510.0,2925735.0,0.0,0.0,6465.0,0.0,0.0,0.0,0.0
2023-03-21 03:13:34.635000+00:00,290816.0,35483648.0,38285312.0,38285312.0,5.36,0.470406767,19.86,574964.0,0.0,0.0,6533.0,2936191.0,0.0,0.0,6488.0,0.0,0.0,0.0,0.0
2023-03-21 03:13:39.497000+00:00,290816.0,35483648.0,38285312.0,38260736.0,5.36,0.470406767,19.86,575973.0,0.0,0.0,6545.0,2941424.0,0.0,0.0,6500.0,0.0,0.0,0.0,0.0
2023-03-21 03:13:44.599000+00:00,290816.0,35483648.0,38301696.0,38301696.0,5.38,0.470406767,19.92,576940.0,0.0,0.0,6556.0,2946615.0,0.0,0.0,6511.0,0.0,0.0,0.0,0.0
2023-03-21 03:13:49.131000+00:00,290816.0,35483648.0,38264832.0,38264832.0,5.38,0.470406767,19.92,577907.0,0.0,0.0,6567.0,2951806.0,0.0,0.0,6522.0,0.0,0.0,0.0,0.0
2023-03-21 03:13:54.235000+00:00,290816.0,35483648.0,38301696.0,38301696.0,5.4,0.470406767,19.99,578874.0,0.0,0.0,6578.0,2956997.0,0.0,0.0,6533.0,0.0,0.0,0.0,0.0
2023-03-21 03:13:59.552000+00:00,290816.0,35483648.0,38301696.0,38301696.0,5.4,0.470406767,19.99,578874.0,0.0,0.0,6578.0,2956997.0,0.0,0.0,6533.0,0.0,0.0,0.0,0.0
2023-03-21 03:14:03.927000+00:00,294912.0,35483648.0,38354944.0,38354944.0,5.42,0.470406767,20.06,580862.0,0.0,0.0,6601.0,2967453.0,0.0,0.0,6556.0,0.0,0.0,0.0,0.0
2023-03-21 03:14:09.826000+00:00,294912.0,35483648.0,38391808.0,38391808.0,5.42,0.470406767,20.06,582838.0,0.0,0.0,6624.0,2977877.0,0.0,0.0,6579.0,0.0,0.0,0.0,0.0
2023-03-21 03:14:13.646000+00:00,294912.0,35483648.0,38453248.0,38453248.0,5.44,0.470406767,20.12,582838.0,0.0,0.0,6624.0,2977877.0,0.0,0.0,6579.0,0.0,0.0,0.0,0.0
2023-03-21 03:14:19.184000+00:00,294912.0,35483648.0,38273024.0,38273024.0,5.44,0.470406767,20.13,583805.0,0.0,0.0,6635.0,2983068.0,0.0,0.0,6590.0,0.0,0.0,0.0,0.0
2023-03-21 03:14:24.630000+00:00,294912.0,35483648.0,38330368.0,38330368.0,5.46,0.470406767,20.18,584772.0,0.0,0.0,6646.0,2988259.0,0.0,0.0,6601.0,0.0,0.0,0.0,0.0
2023-03-21 03:14:29.383000+00:00,294912.0,35483648.0,38330368.0,38330368.0,5.46,0.470406767,20.19,584772.0,0.0,0.0,6646.0,2988259.0,0.0,0.0,6601.0,0.0,0.0,0.0,0.0
2023-03-21 03:14:33.447000+00:00,294912.0,35483648.0,38641664.0,38641664.0,5.49,0.470406767,20.25,586760.0,0.0,0.0,6669.0,2998715.0,0.0,0.0,6624.0,0.0,0.0,0.0,0.0
2023-03-21 03:14:38.973000+00:00,294912.0,35483648.0,38260736.0,38260736.0,5.49,0.470406767,20.25,587703.0,0.0,0.0,6680.0,3003882.0,0.0,0.0,6635.0,0.0,0.0,0.0,0.0
2023-03-21 03:14:44.030000+00:00,294912.0,35483648.0,38338560.0,38338560.0,5.51,0.470406767,20.32,588670.0,0.0,0.0,6691.0,3009073.0,0.0,0.0,6646.0,0.0,0.0,0.0,0.0
2023-03-21 03:14:48.861000+00:00,294912.0,35483648.0,38264832.0,38264832.0,5.51,0.470406767,20.33,589505.0,0.0,0.0,6700.0,3014132.0,0.0,0.0,6655.0,0.0,0.0,0.0,0.0
2023-03-21 03:14:54.107000+00:00,294912.0,35483648.0,38502400.0,38502400.0,5.53,0.470406767,20.39,590340.0,0.0,0.0,6709.0,3019191.0,0.0,0.0,6664.0,0.0,0.0,0.0,0.0
2023-03-21 03:14:59.574000+00:00,294912.0,35483648.0,38502400.0,38502400.0,5.53,0.470406767,20.4,590340.0,0.0,0.0,6709.0,3019191.0,0.0,0.0,6664.0,0.0,0.0,0.0,0.0
2023-03-21 03:15:03.952000+00:00,303104.0,35483648.0,38264832.0,38264832.0,5.53,0.470406767,20.41,592328.0,0.0,0.0,6732.0,3029647.0,0.0,0.0,6687.0,0.0,0.0,0.0,0.0
2023-03-21 03:15:09.842000+00:00,303104.0,35483648.0,38260736.0,38260736.0,5.55,0.470406767,20.48,594304.0,0.0,0.0,6755.0,3040071.0,0.0,0.0,6710.0,0.0,0.0,0.0,0.0
2023-03-21 03:15:14.380000+00:00,303104.0,35483648.0,38260736.0,38260736.0,5.55,0.470406767,20.48,594304.0,0.0,0.0,6755.0,3040071.0,0.0,0.0,6710.0,0.0,0.0,0.0,0.0
2023-03-21 03:15:19.167000+00:00,303104.0,35483648.0,38260736.0,38260736.0,5.56,0.470406767,20.54,594304.0,0.0,0.0,6766.0,3045262.0,0.0,0.0,6721.0,0.0,0.0,0.0,0.0
2023-03-21 03:15:23.387000+00:00,303104.0,35483648.0,38260736.0,38260736.0,5.56,0.470406767,20.54,596238.0,0.0,0.0,6777.0,3050453.0,0.0,0.0,6732.0,0.0,0.0,0.0,0.0
2023-03-21 03:15:29.488000+00:00,303104.0,35483648.0,38260736.0,38260736.0,5.58,0.470406767,20.61,596238.0,0.0,0.0,6777.0,3050453.0,0.0,0.0,6732.0,0.0,0.0,0.0,0.0
2023-03-21 03:15:34.603000+00:00,303104.0,35483648.0,38260736.0,38260736.0,5.58,0.470406767,20.62,598226.0,0.0,0.0,6800.0,3060909.0,0.0,0.0,6755.0,0.0,0.0,0.0,0.0
2023-03-21 03:15:38.955000+00:00,303104.0,35483648.0,38268928.0,38268928.0,5.59,0.470406767,20.7,599235.0,0.0,0.0,6812.0,3066142.0,0.0,0.0,6767.0,0.0,0.0,0.0,0.0
2023-03-21 03:15:44.777000+00:00,303104.0,35483648.0,38391808.0,38391808.0,5.59,0.470406767,20.7,601169.0,0.0,0.0,6834.0,3076524.0,0.0,0.0,6789.0,0.0,0.0,0.0,0.0
2023-03-21 03:15:49.271000+00:00,303104.0,35483648.0,38268928.0,38268928.0,5.61,0.470406767,20.7,601169.0,0.0,0.0,6834.0,3076524.0,0.0,0.0,6789.0,0.0,0.0,0.0,0.0
2023-03-21 03:15:53.935000+00:00,303104.0,35483648.0,38260736.0,38260736.0,5.61,0.470406767,20.76,602136.0,0.0,0.0,6845.0,3081715.0,0.0,0.0,6800.0,0.0,0.0,0.0,0.0
2023-03-21 03:15:59.072000+00:00,303104.0,35483648.0,38260736.0,38260736.0,5.62,0.470406767,20.83,602136.0,0.0,0.0,6845.0,3081715.0,0.0,0.0,6800.0,0.0,0.0,0.0,0.0
2023-03-21 03:16:04.634000+00:00,307200.0,35483648.0,38260736.0,38260736.0,5.62,0.470406767,20.84,604124.0,0.0,0.0,6868.0,3092171.0,0.0,0.0,6823.0,0.0,0.0,0.0,0.0
2023-03-21 03:16:09.105000+00:00,307200.0,35483648.0,38260736.0,38268928.0,5.64,0.470406767,20.9,605133.0,0.0,0.0,6880.0,3097404.0,0.0,0.0,6835.0,0.0,0.0,0.0,0.0
2023-03-21 03:16:13.551000+00:00,307200.0,35483648.0,38260736.0,38260736.0,5.64,0.470406767,20.91,606100.0,0.0,0.0,6891.0,3102595.0,0.0,0.0,6846.0,0.0,0.0,0.0,0.0
2023-03-21 03:16:19.807000+00:00,307200.0,35483648.0,38260736.0,38260736.0,5.66,0.470406767,20.98,608034.0,0.0,0.0,6913.0,3112977.0,0.0,0.0,6868.0,0.0,0.0,0.0,0.0
2023-03-21 03:16:24.126000+00:00,307200.0,35483648.0,38260736.0,38260736.0,5.66,0.470406767,20.98,608034.0,0.0,0.0,6913.0,3112977.0,0.0,0.0,6868.0,0.0,0.0,0.0,0.0
2023-03-21 03:16:29.471000+00:00,307200.0,35483648.0,38293504.0,38293504.0,5.68,0.470406767,21.04,609001.0,0.0,0.0,6924.0,3118168.0,0.0,0.0,6879.0,0.0,0.0,0.0,0.0
2023-03-21 03:16:34.349000+00:00,307200.0,35483648.0,38260736.0,38260736.0,5.68,0.470406767,21.06,610022.0,0.0,0.0,6936.0,3123433.0,0.0,0.0,6891.0,0.0,0.0,0.0,0.0
2023-03-21 03:16:38.275000+00:00,307200.0,35483648.0,38260736.0,38260736.0,5.68,0.470406767,21.06,611031.0,0.0,0.0,6948.0,3128666.0,0.0,0.0,6903.0,0.0,0.0,0.0,0.0
2023-03-21 03:16:44.578000+00:00,307200.0,35483648.0,38342656.0,38342656.0,5.7,0.470406767,21.13,611998.0,0.0,0.0,6959.0,3133857.0,0.0,0.0,6914.0,0.0,0.0,0.0,0.0
2023-03-21 03:16:48.481000+00:00,307200.0,35483648.0,38264832.0,38264832.0,5.7,0.470406767,21.14,612965.0,0.0,0.0,6970.0,3139048.0,0.0,0.0,6925.0,0.0,0.0,0.0,0.0
2023-03-21 03:16:54.145000+00:00,307200.0,35483648.0,38322176.0,38322176.0,5.71,0.470406767,21.21,613932.0,0.0,0.0,6981.0,3144239.0,0.0,0.0,6936.0,0.0,0.0,0.0,0.0
2023-03-21 03:16:59.877000+00:00,323584.0,35483648.0,38342656.0,38342656.0,5.73,0.470406767,21.28,615866.0,0.0,0.0,7003.0,3154621.0,0.0,0.0,6958.0,0.0,0.0,0.0,0.0
2023-03-21 03:17:04.614000+00:00,323584.0,35483648.0,38260736.0,38260736.0,5.73,0.470406767,21.29,615920.0,0.0,0.0,7004.0,3154695.0,0.0,0.0,6959.0,0.0,0.0,0.0,0.0
2023-03-21 03:17:09.431000+00:00,323584.0,35483648.0,38260736.0,38260736.0,5.73,0.470406767,21.29,616929.0,0.0,0.0,7016.0,3159928.0,0.0,0.0,6971.0,0.0,0.0,0.0,0.0
2023-03-21 03:17:14.711000+00:00,323584.0,35483648.0,38453248.0,38453248.0,5.75,0.470406767,21.35,617896.0,0.0,0.0,7027.0,3165119.0,0.0,0.0,6982.0,0.0,0.0,0.0,0.0
2023-03-21 03:17:18.743000+00:00,323584.0,35483648.0,38273024.0,38273024.0,5.75,0.470406767,21.36,618863.0,0.0,0.0,7038.0,3170310.0,0.0,0.0,6993.0,0.0,0.0,0.0,0.0
2023-03-21 03:17:24.713000+00:00,323584.0,35483648.0,38445056.0,38445056.0,5.75,0.470406767,21.43,619830.0,0.0,0.0,7049.0,3175501.0,0.0,0.0,7004.0,0.0,0.0,0.0,0.0
2023-03-21 03:17:29.486000+00:00,323584.0,35483648.0,38445056.0,38445056.0,5.75,0.470406767,21.44,619830.0,0.0,0.0,7049.0,3175501.0,0.0,0.0,7004.0,0.0,0.0,0.0,0.0
2023-03-21 03:17:34.592000+00:00,323584.0,35483648.0,38309888.0,38309888.0,5.76,0.470406767,21.5,621818.0,0.0,0.0,7072.0,3185957.0,0.0,0.0,7027.0,0.0,0.0,0.0,0.0
2023-03-21 03:17:38.900000+00:00,323584.0,35483648.0,38309888.0,38309888.0,5.76,0.470406767,21.51,621818.0,0.0,0.0,7084.0,3191190.0,0.0,0.0,7039.0,0.0,0.0,0.0,0.0
2023-03-21 03:17:44.106000+00:00,323584.0,35483648.0,38420480.0,38420480.0,5.78,0.470406767,21.57,623794.0,0.0,0.0,7095.0,3196381.0,0.0,0.0,7050.0,0.0,0.0,0.0,0.0
2023-03-21 03:17:48.566000+00:00,323584.0,35483648.0,38420480.0,38268928.0,5.78,0.470406767,21.58,624761.0,0.0,0.0,7106.0,3201572.0,0.0,0.0,7061.0,0.0,0.0,0.0,0.0
2023-03-21 03:17:54.134000+00:00,323584.0,35483648.0,38379520.0,38379520.0,5.79,0.470406767,21.64,625728.0,0.0,0.0,7117.0,3206763.0,0.0,0.0,7072.0,0.0,0.0,0.0,0.0
2023-03-21 03:17:58.398000+00:00,323584.0,35483648.0,38379520.0,38379520.0,5.79,0.470406767,21.65,625728.0,0.0,0.0,7117.0,3206763.0,0.0,0.0,7072.0,0.0,0.0,0.0,0.0
2023-03-21 03:18:04.427000+00:00,315392.0,35483648.0,38481920.0,38481920.0,5.81,0.471291226,21.72,627716.0,0.0,0.0,7140.0,3217219.0,0.0,0.0,7095.0,0.0,0.0,0.0,0.0
2023-03-21 03:18:08.358000+00:00,315392.0,35483648.0,38273024.0,38273024.0,5.81,0.471291226,21.72,628725.0,0.0,0.0,7152.0,3222452.0,0.0,0.0,7107.0,0.0,0.0,0.0,0.0
2023-03-21 03:18:14.783000+00:00,315392.0,35483648.0,38473728.0,38473728.0,5.82,0.471291226,21.8,630659.0,0.0,0.0,7174.0,3232834.0,0.0,0.0,7129.0,0.0,0.0,0.0,0.0
2023-03-21 03:18:19.232000+00:00,315392.0,35483648.0,38264832.0,38264832.0,5.82,0.471291226,21.8,630659.0,0.0,0.0,7174.0,3232834.0,0.0,0.0,7129.0,0.0,0.0,0.0,0.0
2023-03-21 03:18:23.978000+00:00,315392.0,35483648.0,38555648.0,38555648.0,5.84,0.471291226,21.86,631626.0,0.0,0.0,7185.0,3238025.0,0.0,0.0,7140.0,0.0,0.0,0.0,0.0
2023-03-21 03:18:29.444000+00:00,315392.0,35483648.0,38277120.0,38277120.0,5.84,0.471291226,21.87,632593.0,0.0,0.0,7196.0,3243216.0,0.0,0.0,7151.0,0.0,0.0,0.0,0.0
2023-03-21 03:18:34.205000+00:00,315392.0,35483648.0,38400000.0,38400000.0,5.87,0.471291226,21.93,633614.0,0.0,0.0,7208.0,3248481.0,0.0,0.0,7163.0,0.0,0.0,0.0,0.0
2023-03-21 03:18:39.765000+00:00,315392.0,35483648.0,38260736.0,38260736.0,5.87,0.471291226,21.93,635590.0,0.0,0.0,7231.0,3258905.0,0.0,0.0,7186.0,0.0,0.0,0.0,0.0
2023-03-21 03:18:44.763000+00:00,315392.0,35483648.0,38383616.0,38383616.0,5.89,0.471291226,22.0,636557.0,0.0,0.0,7242.0,3264096.0,0.0,0.0,7197.0,0.0,0.0,0.0,0.0
2023-03-21 03:18:48.414000+00:00,315392.0,35483648.0,38334464.0,38334464.0,5.89,0.471291226,22.0,636557.0,0.0,0.0,7242.0,3264096.0,0.0,0.0,7197.0,0.0,0.0,0.0,0.0
2023-03-21 03:18:53.678000+00:00,315392.0,35483648.0,38612992.0,38612992.0,5.9,0.471291226,22.06,637524.0,0.0,0.0,7253.0,3269287.0,0.0,0.0,7208.0,0.0,0.0,0.0,0.0
2023-03-21 03:18:58.848000+00:00,315392.0,35483648.0,38612992.0,38612992.0,5.9,0.471291226,22.06,637524.0,0.0,0.0,7253.0,3269287.0,0.0,0.0,7208.0,0.0,0.0,0.0,0.0
2023-03-21 03:19:03.086000+00:00,319488.0,35483648.0,38260736.0,38260736.0,5.9,0.471291226,22.08,639512.0,0.0,0.0,7276.0,3279743.0,0.0,0.0,7231.0,0.0,0.0,0.0,0.0
2023-03-21 03:19:09.696000+00:00,319488.0,35483648.0,38268928.0,38268928.0,5.92,0.471291226,22.14,640521.0,0.0,0.0,7288.0,3284976.0,0.0,0.0,7243.0,0.0,0.0,0.0,0.0
2023-03-21 03:19:13.851000+00:00,319488.0,35483648.0,38592512.0,38592512.0,5.93,0.471452532,22.22,641488.0,0.0,0.0,7299.0,3290167.0,0.0,0.0,7254.0,0.0,0.0,0.0,0.0
2023-03-21 03:19:19.739000+00:00,319488.0,35483648.0,38592512.0,38592512.0,5.93,0.471452532,22.22,643422.0,0.0,0.0,7321.0,3300549.0,0.0,0.0,7276.0,0.0,0.0,0.0,0.0
2023-03-21 03:19:24.353000+00:00,319488.0,35483648.0,38424576.0,38424576.0,5.96,0.471452532,22.28,643422.0,0.0,0.0,7321.0,3300549.0,0.0,0.0,7276.0,0.0,0.0,0.0,0.0
2023-03-21 03:19:28.429000+00:00,319488.0,35483648.0,38277120.0,38277120.0,5.96,0.471452532,22.28,644389.0,0.0,0.0,7332.0,3305740.0,0.0,0.0,7287.0,0.0,0.0,0.0,0.0
2023-03-21 03:19:33.432000+00:00,319488.0,35483648.0,38387712.0,38387712.0,5.96,0.471452532,22.3,645410.0,0.0,0.0,7344.0,3311005.0,0.0,0.0,7299.0,0.0,0.0,0.0,0.0
2023-03-21 03:19:39.478000+00:00,319488.0,35483648.0,38387712.0,38387712.0,5.97,0.471452532,22.36,645410.0,0.0,0.0,7357.0,3316280.0,0.0,0.0,7312.0,0.0,0.0,0.0,0.0
2023-03-21 03:19:44.753000+00:00,319488.0,35483648.0,38514688.0,38514688.0,6.0,0.471452532,22.43,648395.0,0.0,0.0,7379.0,3326662.0,0.0,0.0,7334.0,0.0,0.0,0.0,0.0
2023-03-21 03:19:49.531000+00:00,319488.0,35483648.0,38354944.0,38354944.0,6.0,0.471452532,22.43,648395.0,0.0,0.0,7379.0,3326662.0,0.0,0.0,7334.0,0.0,0.0,0.0,0.0
2023-03-21 03:19:54.012000+00:00,319488.0,35483648.0,38281216.0,38281216.0,6.0,0.471452532,22.43,649362.0,0.0,0.0,7390.0,3331853.0,0.0,0.0,7345.0,0.0,0.0,0.0,0.0
2023-03-21 03:19:59.741000+00:00,327680.0,35483648.0,38281216.0,38281216.0,6.02,0.471452532,22.5,649362.0,0.0,0.0,7390.0,3331853.0,0.0,0.0,7345.0,0.0,0.0,0.0,0.0
2023-03-21 03:20:04.331000+00:00,327680.0,35483648.0,38264832.0,38264832.0,6.02,0.471452532,22.51,651350.0,0.0,0.0,7413.0,3342309.0,0.0,0.0,7368.0,0.0,0.0,0.0,0.0
2023-03-21 03:20:08.794000+00:00,327680.0,35483648.0,38264832.0,38273024.0,6.03,0.471452532,22.51,652359.0,0.0,0.0,7425.0,3347542.0,0.0,0.0,7380.0,0.0,0.0,0.0,0.0
2023-03-21 03:20:14.849000+00:00,327680.0,35483648.0,38260736.0,38260736.0,6.03,0.471452532,22.58,654293.0,0.0,0.0,7447.0,3357924.0,0.0,0.0,7402.0,0.0,0.0,0.0,0.0
2023-03-21 03:20:19.794000+00:00,327680.0,35483648.0,38264832.0,38264832.0,6.04,0.471452532,22.58,655260.0,0.0,0.0,7458.0,3363115.0,0.0,0.0,7413.0,0.0,0.0,0.0,0.0
2023-03-21 03:20:23.833000+00:00,327680.0,35483648.0,38260736.0,38260736.0,6.04,0.471452532,22.65,655260.0,0.0,0.0,7458.0,3363115.0,0.0,0.0,7413.0,0.0,0.0,0.0,0.0
2023-03-21 03:20:28.189000+00:00,327680.0,35483648.0,38309888.0,38309888.0,6.06,0.471452532,22.73,656227.0,0.0,0.0,7469.0,3368306.0,0.0,0.0,7424.0,0.0,0.0,0.0,0.0
2023-03-21 03:20:34.766000+00:00,327680.0,35487744.0,38400000.0,38400000.0,6.06,0.471452532,22.74,658215.0,0.0,0.0,7492.0,3378762.0,0.0,0.0,7447.0,0.0,0.0,0.0,0.0
2023-03-21 03:20:39.533000+00:00,327680.0,35487744.0,38289408.0,38289408.0,6.08,0.471452532,22.8,658299.0,0.0,0.0,7494.0,3378846.0,0.0,0.0,7449.0,0.0,0.0,0.0,0.0
2023-03-21 03:20:44.818000+00:00,327680.0,35487744.0,38264832.0,38264832.0,6.08,0.471452532,22.81,660233.0,0.0,0.0,7516.0,3389228.0,0.0,0.0,7471.0,0.0,0.0,0.0,0.0
2023-03-21 03:20:49.667000+00:00,327680.0,35487744.0,38264832.0,38264832.0,6.1,0.471452532,22.87,660233.0,0.0,0.0,7516.0,3389228.0,0.0,0.0,7471.0,0.0,0.0,0.0,0.0
2023-03-21 03:20:53.467000+00:00,327680.0,35487744.0,38264832.0,38264832.0,6.1,0.471452532,22.87,661200.0,0.0,0.0,7527.0,3394419.0,0.0,0.0,7482.0,0.0,0.0,0.0,0.0
2023-03-21 03:20:59.806000+00:00,331776.0,35487744.0,38264832.0,38264832.0,6.11,0.471452532,22.94,661200.0,0.0,0.0,7527.0,3394419.0,0.0,0.0,7482.0,0.0,0.0,0.0,0.0
2023-03-21 03:21:04.823000+00:00,331776.0,35487744.0,38264832.0,38264832.0,6.11,0.471452532,22.96,664155.0,0.0,0.0,7561.0,3410066.0,0.0,0.0,7516.0,0.0,0.0,0.0,0.0
2023-03-21 03:21:08.478000+00:00,331776.0,35487744.0,38338560.0,38338560.0,6.14,0.471452532,23.02,664197.0,0.0,0.0,7562.0,3410108.0,0.0,0.0,7517.0,0.0,0.0,0.0,0.0
2023-03-21 03:21:14.220000+00:00,331776.0,35487744.0,38268928.0,38268928.0,6.14,0.471452532,23.02,665164.0,0.0,0.0,7573.0,3415299.0,0.0,0.0,7528.0,0.0,0.0,0.0,0.0
2023-03-21 03:21:18.629000+00:00,331776.0,35487744.0,38273024.0,38273024.0,6.16,0.471452532,23.08,666131.0,0.0,0.0,7584.0,3420490.0,0.0,0.0,7539.0,0.0,0.0,0.0,0.0
2023-03-21 03:21:23.733000+00:00,331776.0,35487744.0,38268928.0,38268928.0,6.16,0.471452532,23.08,667098.0,0.0,0.0,7595.0,3425681.0,0.0,0.0,7550.0,0.0,0.0,0.0,0.0
2023-03-21 03:21:29.007000+00:00,331776.0,35487744.0,38268928.0,38268928.0,6.18,0.471452532,23.08,667098.0,0.0,0.0,7595.0,3425681.0,0.0,0.0,7550.0,0.0,0.0,0.0,0.0
2023-03-21 03:21:34.680000+00:00,331776.0,35487744.0,38264832.0,38264832.0,6.18,0.471452532,23.16,669086.0,0.0,0.0,7618.0,3436137.0,0.0,0.0,7573.0,0.0,0.0,0.0,0.0
2023-03-21 03:21:39.519000+00:00,331776.0,35487744.0,38264832.0,38264832.0,6.19,0.471452532,23.22,669086.0,0.0,0.0,7631.0,3441412.0,0.0,0.0,7586.0,0.0,0.0,0.0,0.0
2023-03-21 03:21:44.589000+00:00,331776.0,35487744.0,38281216.0,38281216.0,6.19,0.471452532,23.22,671104.0,0.0,0.0,7642.0,3446603.0,0.0,0.0,7597.0,0.0,0.0,0.0,0.0
2023-03-21 03:21:49.656000+00:00,331776.0,35487744.0,38281216.0,38318080.0,6.2,0.471452532,23.22,672071.0,0.0,0.0,7653.0,3451794.0,0.0,0.0,7608.0,0.0,0.0,0.0,0.0
2023-03-21 03:21:54.625000+00:00,331776.0,35487744.0,38273024.0,38273024.0,6.2,0.471452532,23.3,673038.0,0.0,0.0,7664.0,3456985.0,0.0,0.0,7619.0,0.0,0.0,0.0,0.0
2023-03-21 03:21:59.525000+00:00,331776.0,35487744.0,38264832.0,38264832.0,6.2,0.471452532,23.3,674005.0,0.0,0.0,7675.0,3462176.0,0.0,0.0,7630.0,0.0,0.0,0.0,0.0
2023-03-21 03:22:04.065000+00:00,348160.0,35487744.0,38400000.0,38400000.0,6.23,0.471452532,23.36,675026.0,0.0,0.0,7687.0,3467441.0,0.0,0.0,7642.0,0.0,0.0,0.0,0.0
2023-03-21 03:22:09.792000+00:00,348160.0,35487744.0,38400000.0,38395904.0,6.24,0.471452532,23.37,676870.0,0.0,0.0,7708.0,3477733.0,0.0,0.0,7663.0,0.0,0.0,0.0,0.0
2023-03-21 03:22:14.886000+00:00,348160.0,35487744.0,38400000.0,38400000.0,6.26,0.471452532,23.43,677837.0,0.0,0.0,7719.0,3482924.0,0.0,0.0,7674.0,0.0,0.0,0.0,0.0
2023-03-21 03:22:19.832000+00:00,348160.0,35487744.0,38264832.0,38264832.0,6.26,0.471452532,23.44,678804.0,0.0,0.0,7730.0,3488115.0,0.0,0.0,7685.0,0.0,0.0,0.0,0.0
2023-03-21 03:22:24.259000+00:00,348160.0,35487744.0,38301696.0,38301696.0,6.28,0.471452532,23.5,678804.0,0.0,0.0,7730.0,3488115.0,0.0,0.0,7685.0,0.0,0.0,0.0,0.0
2023-03-21 03:22:29.491000+00:00,348160.0,35487744.0,38301696.0,38301696.0,6.28,0.471452532,23.5,678804.0,0.0,0.0,7730.0,3488115.0,0.0,0.0,7685.0,0.0,0.0,0.0,0.0
2023-03-21 03:22:33.850000+00:00,348160.0,35487744.0,38391808.0,38391808.0,6.3,0.471452532,23.58,680726.0,0.0,0.0,7752.0,3498505.0,0.0,0.0,7707.0,0.0,0.0,0.0,0.0
2023-03-21 03:22:38.196000+00:00,348160.0,35487744.0,38268928.0,38268928.0,6.3,0.471452532,23.58,681777.0,0.0,0.0,7765.0,3503780.0,0.0,0.0,7720.0,0.0,0.0,0.0,0.0
2023-03-21 03:22:43.307000+00:00,348160.0,35487744.0,38428672.0,38428672.0,6.31,0.471452532,23.64,682744.0,0.0,0.0,7776.0,3508971.0,0.0,0.0,7731.0,0.0,0.0,0.0,0.0
2023-03-21 03:22:48.967000+00:00,348160.0,35487744.0,38273024.0,38273024.0,6.31,0.471452532,23.65,683711.0,0.0,0.0,7787.0,3514162.0,0.0,0.0,7742.0,0.0,0.0,0.0,0.0
2023-03-21 03:22:53.085000+00:00,348160.0,35487744.0,38461440.0,38461440.0,6.34,0.471741897,23.7,684678.0,0.0,0.0,7798.0,3519353.0,0.0,0.0,7753.0,0.0,0.0,0.0,0.0
2023-03-21 03:22:59.633000+00:00,348160.0,35487744.0,38461440.0,38461440.0,6.34,0.471741897,23.7,684678.0,0.0,0.0,7798.0,3519353.0,0.0,0.0,7753.0,0.0,0.0,0.0,0.0
2023-03-21 03:23:04.275000+00:00,339968.0,35491840.0,38281216.0,38281216.0,6.38,0.471741897,23.76,686666.0,0.0,0.0,7821.0,3529809.0,0.0,0.0,7776.0,0.0,0.0,0.0,0.0
2023-03-21 03:23:08.309000+00:00,339968.0,35491840.0,38281216.0,38281216.0,6.38,0.471741897,23.76,687675.0,0.0,0.0,7833.0,3535042.0,0.0,0.0,7788.0,0.0,0.0,0.0,0.0
2023-03-21 03:23:14.699000+00:00,339968.0,35491840.0,38338560.0,38338560.0,6.4,0.471741897,23.82,688642.0,0.0,0.0,7844.0,3540233.0,0.0,0.0,7799.0,0.0,0.0,0.0,0.0
2023-03-21 03:23:19.527000+00:00,339968.0,35491840.0,38338560.0,38273024.0,6.4,0.471741897,23.82,689609.0,0.0,0.0,7855.0,3545424.0,0.0,0.0,7810.0,0.0,0.0,0.0,0.0
2023-03-21 03:23:23.911000+00:00,339968.0,35491840.0,38363136.0,38363136.0,6.41,0.471741897,23.9,690576.0,0.0,0.0,7866.0,3550615.0,0.0,0.0,7821.0,0.0,0.0,0.0,0.0
2023-03-21 03:23:28.777000+00:00,339968.0,35491840.0,38273024.0,38273024.0,6.41,0.471741897,23.9,691543.0,0.0,0.0,7866.0,3550615.0,0.0,0.0,7821.0,0.0,0.0,0.0,0.0
2023-03-21 03:23:34.649000+00:00,339968.0,35491840.0,38367232.0,38367232.0,6.43,0.471741897,23.97,692564.0,0.0,0.0,7889.0,3561071.0,0.0,0.0,7844.0,0.0,0.0,0.0,0.0
2023-03-21 03:23:39.473000+00:00,339968.0,35491840.0,38367232.0,38273024.0,6.43,0.471741897,23.98,693483.0,0.0,0.0,7900.0,3566214.0,0.0,0.0,7855.0,0.0,0.0,0.0,0.0
2023-03-21 03:23:43.957000+00:00,339968.0,35491840.0,38375424.0,38375424.0,6.45,0.471741897,24.04,694450.0,0.0,0.0,7911.0,3571405.0,0.0,0.0,7866.0,0.0,0.0,0.0,0.0
2023-03-21 03:23:49.472000+00:00,339968.0,35491840.0,38273024.0,38273024.0,6.45,0.471741897,24.04,695417.0,0.0,0.0,7922.0,3576596.0,0.0,0.0,7877.0,0.0,0.0,0.0,0.0
2023-03-21 03:23:54.475000+00:00,339968.0,35491840.0,38473728.0,38473728.0,6.47,0.471741897,24.1,696384.0,0.0,0.0,7933.0,3581787.0,0.0,0.0,7888.0,0.0,0.0,0.0,0.0
2023-03-21 03:23:59.702000+00:00,344064.0,35491840.0,38273024.0,38273024.0,6.47,0.471741897,24.11,697351.0,0.0,0.0,7944.0,3586978.0,0.0,0.0,7899.0,0.0,0.0,0.0,0.0
2023-03-21 03:24:03.699000+00:00,344064.0,35491840.0,38268928.0,38268928.0,6.47,0.471741897,24.12,698372.0,0.0,0.0,7956.0,3592243.0,0.0,0.0,7911.0,0.0,0.0,0.0,0.0
2023-03-21 03:24:08.911000+00:00,344064.0,35491840.0,38273024.0,38273024.0,6.49,0.471741897,24.18,699339.0,0.0,0.0,7967.0,3597434.0,0.0,0.0,7922.0,0.0,0.0,0.0,0.0
2023-03-21 03:24:13.241000+00:00,344064.0,35491840.0,38268928.0,38268928.0,6.49,0.471741897,24.18,700240.0,0.0,0.0,7977.0,3602559.0,0.0,0.0,7932.0,0.0,0.0,0.0,0.0
2023-03-21 03:24:18.848000+00:00,344064.0,35491840.0,38277120.0,38277120.0,6.51,0.471741897,24.24,701207.0,0.0,0.0,7988.0,3607750.0,0.0,0.0,7943.0,0.0,0.0,0.0,0.0
2023-03-21 03:24:24.763000+00:00,344064.0,35491840.0,38268928.0,38268928.0,6.51,0.471741897,24.25,703141.0,0.0,0.0,8010.0,3618132.0,0.0,0.0,7965.0,0.0,0.0,0.0,0.0
2023-03-21 03:24:29.845000+00:00,344064.0,35491840.0,38268928.0,38268928.0,6.54,0.471741897,24.32,703141.0,0.0,0.0,8010.0,3618132.0,0.0,0.0,7965.0,0.0,0.0,0.0,0.0
2023-03-21 03:24:34.759000+00:00,344064.0,35491840.0,38268928.0,38268928.0,6.54,0.471741897,24.33,705129.0,0.0,0.0,8033.0,3628588.0,0.0,0.0,7988.0,0.0,0.0,0.0,0.0
2023-03-21 03:24:39.635000+00:00,344064.0,35491840.0,38293504.0,38293504.0,6.57,0.471741897,24.38,705213.0,0.0,0.0,8035.0,3628672.0,0.0,0.0,7990.0,0.0,0.0,0.0,0.0
2023-03-21 03:24:43.925000+00:00,344064.0,35491840.0,38273024.0,38273024.0,6.57,0.471741897,24.38,706180.0,0.0,0.0,8046.0,3633863.0,0.0,0.0,8001.0,0.0,0.0,0.0,0.0
2023-03-21 03:24:49.125000+00:00,344064.0,35491840.0,38273024.0,38273024.0,6.59,0.471741897,24.45,706180.0,0.0,0.0,8057.0,3639054.0,0.0,0.0,8012.0,0.0,0.0,0.0,0.0
2023-03-21 03:24:54.727000+00:00,344064.0,35491840.0,38277120.0,38277120.0,6.59,0.471741897,24.46,708114.0,0.0,0.0,8068.0,3644245.0,0.0,0.0,8023.0,0.0,0.0,0.0,0.0
2023-03-21 03:24:58.938000+00:00,344064.0,35491840.0,38277120.0,38277120.0,6.61,0.471741897,24.52,708114.0,0.0,0.0,8068.0,3644245.0,0.0,0.0,8023.0,0.0,0.0,0.0,0.0
2023-03-21 03:25:04.318000+00:00,352256.0,35491840.0,38285312.0,38285312.0,6.61,0.471741897,24.53,710102.0,0.0,0.0,8091.0,3654701.0,0.0,0.0,8046.0,0.0,0.0,0.0,0.0
2023-03-21 03:25:09.691000+00:00,352256.0,35500032.0,38309888.0,38309888.0,6.64,0.471741897,24.59,711069.0,0.0,0.0,8102.0,3659892.0,0.0,0.0,8057.0,0.0,0.0,0.0,0.0
2023-03-21 03:25:13.397000+00:00,352256.0,35504128.0,38289408.0,38289408.0,6.64,0.471741897,24.59,712036.0,0.0,0.0,8113.0,3665083.0,0.0,0.0,8068.0,0.0,0.0,0.0,0.0
2023-03-21 03:25:18.730000+00:00,352256.0,35504128.0,38440960.0,38440960.0,6.66,0.471741897,24.59,713003.0,0.0,0.0,8124.0,3670274.0,0.0,0.0,8079.0,0.0,0.0,0.0,0.0
2023-03-21 03:25:23.638000+00:00,352256.0,35504128.0,38289408.0,38289408.0,6.66,0.471741897,24.65,713970.0,0.0,0.0,8135.0,3675465.0,0.0,0.0,8090.0,0.0,0.0,0.0,0.0
2023-03-21 03:25:28.891000+00:00,352256.0,35504128.0,38289408.0,38289408.0,6.68,0.471741897,24.71,713970.0,0.0,0.0,8135.0,3675465.0,0.0,0.0,8090.0,0.0,0.0,0.0,0.0
2023-03-21 03:25:33.872000+00:00,352256.0,35504128.0,38281216.0,38281216.0,6.68,0.471741897,24.72,715958.0,0.0,0.0,8158.0,3685921.0,0.0,0.0,8113.0,0.0,0.0,0.0,0.0
2023-03-21 03:25:38.511000+00:00,352256.0,35504128.0,38281216.0,38526976.0,6.71,0.471741897,24.78,717009.0,0.0,0.0,8171.0,3691196.0,0.0,0.0,8126.0,0.0,0.0,0.0,0.0
2023-03-21 03:25:42.948000+00:00,352256.0,35504128.0,38293504.0,38293504.0,6.71,0.471741897,24.78,717976.0,0.0,0.0,8182.0,3696387.0,0.0,0.0,8137.0,0.0,0.0,0.0,0.0
2023-03-21 03:25:49.416000+00:00,352256.0,35504128.0,38412288.0,38412288.0,6.72,0.471741897,24.86,718943.0,0.0,0.0,8193.0,3701578.0,0.0,0.0,8148.0,0.0,0.0,0.0,0.0
2023-03-21 03:25:54.388000+00:00,352256.0,35504128.0,38293504.0,38293504.0,6.72,0.471741897,24.86,719910.0,0.0,0.0,8204.0,3706769.0,0.0,0.0,8159.0,0.0,0.0,0.0,0.0
2023-03-21 03:25:59.486000+00:00,352256.0,35504128.0,38563840.0,38563840.0,6.73,0.471741897,24.86,720877.0,0.0,0.0,8215.0,3711960.0,0.0,0.0,8170.0,0.0,0.0,0.0,0.0
2023-03-21 03:26:04.215000+00:00,356352.0,35504128.0,38285312.0,38285312.0,6.73,0.471741897,24.95,721898.0,0.0,0.0,8227.0,3717225.0,0.0,0.0,8182.0,0.0,0.0,0.0,0.0
2023-03-21 03:26:08.670000+00:00,356352.0,35504128.0,38432768.0,38432768.0,6.74,0.472317892,25.02,722865.0,0.0,0.0,8238.0,3722416.0,0.0,0.0,8193.0,0.0,0.0,0.0,0.0
2023-03-21 03:26:14.032000+00:00,356352.0,35504128.0,38289408.0,38289408.0,6.74,0.472317892,25.03,723832.0,0.0,0.0,8249.0,3727607.0,0.0,0.0,8204.0,0.0,0.0,0.0,0.0
2023-03-21 03:26:19.239000+00:00,356352.0,35504128.0,38322176.0,38322176.0,6.77,0.472317892,25.09,724799.0,0.0,0.0,8260.0,3732798.0,0.0,0.0,8215.0,0.0,0.0,0.0,0.0
2023-03-21 03:26:23.862000+00:00,356352.0,35504128.0,38285312.0,38285312.0,6.77,0.472317892,25.09,725766.0,0.0,0.0,8271.0,3737989.0,0.0,0.0,8226.0,0.0,0.0,0.0,0.0
2023-03-21 03:26:29.060000+00:00,356352.0,35504128.0,38285312.0,38285312.0,6.8,0.472317892,25.15,725766.0,0.0,0.0,8271.0,3737989.0,0.0,0.0,8226.0,0.0,0.0,0.0,0.0
2023-03-21 03:26:33.759000+00:00,356352.0,35504128.0,38285312.0,38285312.0,6.8,0.472317892,25.16,727754.0,0.0,0.0,8294.0,3748445.0,0.0,0.0,8249.0,0.0,0.0,0.0,0.0
2023-03-21 03:26:39.394000+00:00,356352.0,35504128.0,38285312.0,38285312.0,6.83,0.472317892,25.22,727754.0,0.0,0.0,8294.0,3748445.0,0.0,0.0,8262.0,0.0,0.0,0.0,0.0
2023-03-21 03:26:44.898000+00:00,356352.0,35504128.0,38281216.0,38281216.0,6.83,0.472317892,25.22,730739.0,0.0,0.0,8329.0,3764036.0,0.0,0.0,8283.0,0.0,0.0,0.0,0.0
2023-03-21 03:26:49.395000+00:00,356352.0,35504128.0,38281216.0,38281216.0,6.83,0.472317892,25.22,730739.0,0.0,0.0,8329.0,3764036.0,0.0,0.0,8283.0,0.0,0.0,0.0,0.0
2023-03-21 03:26:53.993000+00:00,356352.0,35504128.0,38293504.0,38293504.0,6.86,0.472317892,25.28,731706.0,0.0,0.0,8340.0,3769227.0,0.0,0.0,8294.0,0.0,0.0,0.0,0.0
2023-03-21 03:26:59.529000+00:00,356352.0,35504128.0,38293504.0,38293504.0,6.86,0.472317892,25.29,731706.0,0.0,0.0,8340.0,3769227.0,0.0,0.0,8294.0,0.0,0.0,0.0,0.0
2023-03-21 03:27:04.132000+00:00,360448.0,35504128.0,38285312.0,38285312.0,6.88,0.472317892,25.36,733694.0,0.0,0.0,8363.0,3779683.0,0.0,0.0,8317.0,0.0,0.0,0.0,0.0
2023-03-21 03:27:08.492000+00:00,360448.0,35504128.0,38285312.0,38285312.0,6.88,0.472317892,25.37,734661.0,0.0,0.0,8374.0,3784874.0,0.0,0.0,8328.0,0.0,0.0,0.0,0.0
2023-03-21 03:27:13.987000+00:00,360448.0,35504128.0,38293504.0,38293504.0,6.89,0.472317892,25.43,735628.0,0.0,0.0,8385.0,3790065.0,0.0,0.0,8339.0,0.0,0.0,0.0,0.0
2023-03-21 03:27:19.265000+00:00,360448.0,35504128.0,38281216.0,38281216.0,6.89,0.472317892,25.43,736595.0,0.0,0.0,8396.0,3795256.0,0.0,0.0,8350.0,0.0,0.0,0.0,0.0
2023-03-21 03:27:24.308000+00:00,360448.0,35504128.0,38289408.0,38289408.0,6.92,0.472317892,25.49,737562.0,0.0,0.0,8407.0,3800447.0,0.0,0.0,8361.0,0.0,0.0,0.0,0.0
2023-03-21 03:27:29.486000+00:00,360448.0,35504128.0,38281216.0,38281216.0,6.92,0.472317892,25.49,738529.0,0.0,0.0,8418.0,3805638.0,0.0,0.0,8372.0,0.0,0.0,0.0,0.0
2023-03-21 03:27:34.393000+00:00,360448.0,35504128.0,38416384.0,38416384.0,6.94,0.472317892,25.56,739550.0,0.0,0.0,8430.0,3810903.0,0.0,0.0,8384.0,0.0,0.0,0.0,0.0
2023-03-21 03:27:38.876000+00:00,360448.0,35504128.0,38412288.0,38412288.0,6.94,0.472317892,25.56,740601.0,0.0,0.0,8443.0,3816178.0,0.0,0.0,8397.0,0.0,0.0,0.0,0.0
2023-03-21 03:27:44.062000+00:00,360448.0,35504128.0,38707200.0,38707200.0,6.96,0.472317892,25.62,741568.0,0.0,0.0,8454.0,3821369.0,0.0,0.0,8408.0,0.0,0.0,0.0,0.0
2023-03-21 03:27:48.628000+00:00,360448.0,35504128.0,38301696.0,38301696.0,6.96,0.472317892,25.63,742535.0,0.0,0.0,8465.0,3826560.0,0.0,0.0,8419.0,0.0,0.0,0.0,0.0
2023-03-21 03:27:53.449000+00:00,360448.0,35504128.0,38625280.0,38625280.0,7.0,0.472317892,25.69,743502.0,0.0,0.0,8476.0,3831751.0,0.0,0.0,8430.0,0.0,0.0,0.0,0.0
2023-03-21 03:27:59.681000+00:00,364544.0,35504128.0,38625280.0,38625280.0,7.0,0.472317892,25.7,743502.0,0.0,0.0,8476.0,3831751.0,0.0,0.0,8430.0,0.0,0.0,0.0,0.0
2023-03-21 03:28:03.778000+00:00,364544.0,35508224.0,38440960.0,38440960.0,7.01,0.472317892,25.77,745490.0,0.0,0.0,8499.0,3842207.0,0.0,0.0,8453.0,0.0,0.0,0.0,0.0
2023-03-21 03:28:09.072000+00:00,364544.0,35508224.0,38289408.0,38289408.0,7.01,0.472317892,25.77,746457.0,0.0,0.0,8510.0,3847398.0,0.0,0.0,8464.0,0.0,0.0,0.0,0.0
2023-03-21 03:28:14.743000+00:00,364544.0,35508224.0,38297600.0,38297600.0,7.04,0.472317892,25.83,748391.0,0.0,0.0,8532.0,3857780.0,0.0,0.0,8486.0,0.0,0.0,0.0,0.0
2023-03-21 03:28:18.104000+00:00,364544.0,35508224.0,38297600.0,38285312.0,7.04,0.472317892,25.83,748391.0,0.0,0.0,8532.0,3857780.0,0.0,0.0,8486.0,0.0,0.0,0.0,0.0
2023-03-21 03:28:24.509000+00:00,364544.0,35508224.0,38301696.0,38301696.0,7.06,0.472317892,25.89,749358.0,0.0,0.0,8543.0,3862971.0,0.0,0.0,8497.0,0.0,0.0,0.0,0.0
2023-03-21 03:28:28.144000+00:00,364544.0,35508224.0,38301696.0,38301696.0,7.06,0.472317892,25.9,749358.0,0.0,0.0,8543.0,3862971.0,0.0,0.0,8497.0,0.0,0.0,0.0,0.0
2023-03-21 03:28:34.102000+00:00,364544.0,35508224.0,38551552.0,38551552.0,7.07,0.472317892,25.97,751346.0,0.0,0.0,8566.0,3873427.0,0.0,0.0,8520.0,0.0,0.0,0.0,0.0
2023-03-21 03:28:39.291000+00:00,364544.0,35508224.0,38551552.0,38297600.0,7.07,0.472317892,25.97,752397.0,0.0,0.0,8579.0,3878702.0,0.0,0.0,8533.0,0.0,0.0,0.0,0.0
2023-03-21 03:28:44.700000+00:00,364544.0,35508224.0,38412288.0,38412288.0,7.1,0.472317892,26.04,753364.0,0.0,0.0,8590.0,3883893.0,0.0,0.0,8544.0,0.0,0.0,0.0,0.0
2023-03-21 03:28:49.598000+00:00,364544.0,35508224.0,38285312.0,38285312.0,7.1,0.472317892,26.04,754331.0,0.0,0.0,8601.0,3889084.0,0.0,0.0,8555.0,0.0,0.0,0.0,0.0
2023-03-21 03:28:54.116000+00:00,364544.0,35508224.0,38285312.0,38285312.0,7.1,0.472317892,26.04,755298.0,0.0,0.0,8612.0,3894275.0,0.0,0.0,8566.0,0.0,0.0,0.0,0.0
2023-03-21 03:28:59.068000+00:00,364544.0,35508224.0,38293504.0,38293504.0,7.13,0.473275905,26.09,756265.0,0.0,0.0,8623.0,3899466.0,0.0,0.0,8577.0,0.0,0.0,0.0,0.0
2023-03-21 03:29:03.370000+00:00,368640.0,35512320.0,38289408.0,38289408.0,7.13,0.473275905,26.1,757286.0,0.0,0.0,8635.0,3904731.0,0.0,0.0,8589.0,0.0,0.0,0.0,0.0
2023-03-21 03:29:09.659000+00:00,368640.0,35512320.0,38293504.0,38293504.0,7.14,0.473275905,26.17,758253.0,0.0,0.0,8646.0,3909922.0,0.0,0.0,8600.0,0.0,0.0,0.0,0.0
2023-03-21 03:29:14.379000+00:00,368640.0,35512320.0,38289408.0,38289408.0,7.14,0.473275905,26.18,759220.0,0.0,0.0,8657.0,3915113.0,0.0,0.0,8611.0,0.0,0.0,0.0,0.0
2023-03-21 03:29:19.327000+00:00,368640.0,35512320.0,38289408.0,38289408.0,7.16,0.473275905,26.24,760187.0,0.0,0.0,8668.0,3920304.0,0.0,0.0,8622.0,0.0,0.0,0.0,0.0
2023-03-21 03:29:23.808000+00:00,368640.0,35512320.0,38289408.0,38289408.0,7.16,0.473275905,26.24,761154.0,0.0,0.0,8679.0,3925495.0,0.0,0.0,8633.0,0.0,0.0,0.0,0.0
2023-03-21 03:29:28.587000+00:00,368640.0,35512320.0,38289408.0,38289408.0,7.17,0.473275905,26.32,761154.0,0.0,0.0,8679.0,3925495.0,0.0,0.0,8633.0,0.0,0.0,0.0,0.0
2023-03-21 03:29:34.253000+00:00,368640.0,35512320.0,38289408.0,38289408.0,7.18,0.473275905,26.32,763010.0,0.0,0.0,8700.0,3935819.0,0.0,0.0,8654.0,0.0,0.0,0.0,0.0
2023-03-21 03:29:37.922000+00:00,368640.0,35512320.0,38469632.0,38469632.0,7.2,0.473275905,26.38,764061.0,0.0,0.0,8713.0,3941094.0,0.0,0.0,8667.0,0.0,0.0,0.0,0.0
2023-03-21 03:29:44.217000+00:00,368640.0,35512320.0,38305792.0,38305792.0,7.2,0.473275905,26.38,764962.0,0.0,0.0,8723.0,3946219.0,0.0,0.0,8677.0,0.0,0.0,0.0,0.0
2023-03-21 03:29:49.401000+00:00,368640.0,35512320.0,38436864.0,38436864.0,7.22,0.473275905,26.44,765929.0,0.0,0.0,8734.0,3951410.0,0.0,0.0,8688.0,0.0,0.0,0.0,0.0
2023-03-21 03:29:54.381000+00:00,368640.0,35512320.0,38305792.0,38305792.0,7.22,0.473275905,26.45,766896.0,0.0,0.0,8745.0,3956601.0,0.0,0.0,8699.0,0.0,0.0,0.0,0.0
2023-03-21 03:29:59.377000+00:00,368640.0,35512320.0,38305792.0,38305792.0,7.24,0.473275905,26.45,766896.0,0.0,0.0,8745.0,3956601.0,0.0,0.0,8699.0,0.0,0.0,0.0,0.0
2023-03-21 03:30:04.844000+00:00,376832.0,35512320.0,38289408.0,38289408.0,7.25,0.473275905,26.52,769806.0,0.0,0.0,8778.0,3972116.0,0.0,0.0,8731.0,0.0,0.0,0.0,0.0
2023-03-21 03:30:08.740000+00:00,376832.0,35512320.0,38289408.0,38432768.0,7.26,0.473275905,26.58,769806.0,0.0,0.0,8778.0,3972116.0,0.0,0.0,8731.0,0.0,0.0,0.0,0.0
2023-03-21 03:30:13.830000+00:00,376832.0,35512320.0,38301696.0,38301696.0,7.26,0.473275905,26.59,770773.0,0.0,0.0,8789.0,3977307.0,0.0,0.0,8742.0,0.0,0.0,0.0,0.0
2023-03-21 03:30:18.881000+00:00,376832.0,35512320.0,38326272.0,38326272.0,7.28,0.473275905,26.65,771740.0,0.0,0.0,8800.0,3982498.0,0.0,0.0,8753.0,0.0,0.0,0.0,0.0
2023-03-21 03:30:24.279000+00:00,376832.0,35512320.0,38289408.0,38289408.0,7.28,0.473275905,26.66,772641.0,0.0,0.0,8810.0,3987623.0,0.0,0.0,8763.0,0.0,0.0,0.0,0.0
2023-03-21 03:30:29.153000+00:00,376832.0,35512320.0,38424576.0,38424576.0,7.29,0.473275905,26.72,773608.0,0.0,0.0,8821.0,3992814.0,0.0,0.0,8774.0,0.0,0.0,0.0,0.0
2023-03-21 03:30:34.889000+00:00,376832.0,35512320.0,38293504.0,38293504.0,7.3,0.473275905,26.73,775596.0,0.0,0.0,8844.0,4003270.0,0.0,0.0,8797.0,0.0,0.0,0.0,0.0
2023-03-21 03:30:39.057000+00:00,376832.0,35512320.0,38424576.0,38424576.0,7.3,0.473275905,26.8,775680.0,0.0,0.0,8846.0,4003354.0,0.0,0.0,8799.0,0.0,0.0,0.0,0.0
2023-03-21 03:30:43.951000+00:00,376832.0,35512320.0,38293504.0,38293504.0,7.3,0.473275905,26.8,776647.0,0.0,0.0,8857.0,4008545.0,0.0,0.0,8810.0,0.0,0.0,0.0,0.0
2023-03-21 03:30:49.618000+00:00,376832.0,35516416.0,38539264.0,38539264.0,7.32,0.473841648,26.87,777614.0,0.0,0.0,8868.0,4013736.0,0.0,0.0,8821.0,0.0,0.0,0.0,0.0
2023-03-21 03:30:54.705000+00:00,376832.0,35516416.0,38371328.0,38371328.0,7.32,0.473841648,26.88,778581.0,0.0,0.0,8879.0,4018927.0,0.0,0.0,8832.0,0.0,0.0,0.0,0.0
2023-03-21 03:30:59.103000+00:00,376832.0,35516416.0,38371328.0,38371328.0,7.35,0.473841648,26.93,778581.0,0.0,0.0,8879.0,4018927.0,0.0,0.0,8832.0,0.0,0.0,0.0,0.0
2023-03-21 03:31:03.367000+00:00,380928.0,35516416.0,38297600.0,38297600.0,7.36,0.473841648,26.93,780569.0,0.0,0.0,8902.0,4029383.0,0.0,0.0,8855.0,0.0,0.0,0.0,0.0
2023-03-21 03:31:09.322000+00:00,380928.0,35516416.0,38297600.0,38297600.0,7.36,0.473841648,26.94,780569.0,0.0,0.0,8902.0,4029383.0,0.0,0.0,8866.0,0.0,0.0,0.0,0.0
2023-03-21 03:31:14.004000+00:00,380928.0,35516416.0,38346752.0,38346752.0,7.39,0.473841648,27.0,782503.0,0.0,0.0,8924.0,4039765.0,0.0,0.0,8877.0,0.0,0.0,0.0,0.0
2023-03-21 03:31:18.756000+00:00,380928.0,35516416.0,38346752.0,38293504.0,7.39,0.473841648,27.0,783404.0,0.0,0.0,8934.0,4044890.0,0.0,0.0,8887.0,0.0,0.0,0.0,0.0
2023-03-21 03:31:23.849000+00:00,380928.0,35516416.0,38293504.0,38293504.0,7.41,0.473841648,27.07,784371.0,0.0,0.0,8945.0,4050081.0,0.0,0.0,8898.0,0.0,0.0,0.0,0.0
2023-03-21 03:31:28.276000+00:00,380928.0,35516416.0,38293504.0,38293504.0,7.41,0.473841648,27.07,784371.0,0.0,0.0,8945.0,4050081.0,0.0,0.0,8898.0,0.0,0.0,0.0,0.0
2023-03-21 03:31:34.538000+00:00,380928.0,35516416.0,38297600.0,38297600.0,7.43,0.474862449,27.13,786359.0,0.0,0.0,8968.0,4060537.0,0.0,0.0,8921.0,0.0,0.0,0.0,0.0
2023-03-21 03:31:39.721000+00:00,380928.0,35516416.0,38297600.0,38297600.0,7.43,0.474862449,27.14,787344.0,0.0,0.0,8980.0,4065746.0,0.0,0.0,8933.0,0.0,0.0,0.0,0.0
2023-03-21 03:31:44.275000+00:00,380928.0,35516416.0,38404096.0,38404096.0,7.45,0.474862449,27.2,788311.0,0.0,0.0,8991.0,4070937.0,0.0,0.0,8944.0,0.0,0.0,0.0,0.0
2023-03-21 03:31:48.966000+00:00,380928.0,35516416.0,38375424.0,38375424.0,7.45,0.474862449,27.2,789212.0,0.0,0.0,9001.0,4076062.0,0.0,0.0,8954.0,0.0,0.0,0.0,0.0
2023-03-21 03:31:54.367000+00:00,380928.0,35516416.0,38354944.0,38354944.0,7.48,0.474862449,27.26,790179.0,0.0,0.0,9012.0,4081253.0,0.0,0.0,8965.0,0.0,0.0,0.0,0.0
2023-03-21 03:31:58.841000+00:00,380928.0,35516416.0,38322176.0,38322176.0,7.48,0.474862449,27.27,791080.0,0.0,0.0,9022.0,4086378.0,0.0,0.0,8975.0,0.0,0.0,0.0,0.0
2023-03-21 03:32:04.222000+00:00,385024.0,35516416.0,38338560.0,38338560.0,7.51,0.474862449,27.32,792101.0,0.0,0.0,9034.0,4091643.0,0.0,0.0,8987.0,0.0,0.0,0.0,0.0
2023-03-21 03:32:09.643000+00:00,385024.0,35516416.0,38293504.0,38293504.0,7.51,0.474862449,27.33,793068.0,0.0,0.0,9045.0,4096834.0,0.0,0.0,8998.0,0.0,0.0,0.0,0.0
2023-03-21 03:32:14.383000+00:00,385024.0,35516416.0,38354944.0,38354944.0,7.54,0.474862449,27.38,794035.0,0.0,0.0,9056.0,4102025.0,0.0,0.0,9009.0,0.0,0.0,0.0,0.0
2023-03-21 03:32:18.915000+00:00,385024.0,35516416.0,38354944.0,38354944.0,7.54,0.474862449,27.38,794035.0,0.0,0.0,9056.0,4102025.0,0.0,0.0,9020.0,0.0,0.0,0.0,0.0
2023-03-21 03:32:24.470000+00:00,385024.0,35516416.0,38481920.0,38481920.0,7.56,0.474862449,27.45,795903.0,0.0,0.0,9077.0,4112341.0,0.0,0.0,9030.0,0.0,0.0,0.0,0.0
2023-03-21 03:32:29.747000+00:00,385024.0,35516416.0,38481920.0,38481920.0,7.56,0.474862449,27.46,795903.0,0.0,0.0,9077.0,4112341.0,0.0,0.0,9030.0,0.0,0.0,0.0,0.0
2023-03-21 03:32:34.213000+00:00,385024.0,35516416.0,38305792.0,38305792.0,7.58,0.474862449,27.52,797627.0,0.0,0.0,9096.0,4122533.0,0.0,0.0,9049.0,0.0,0.0,0.0,0.0
2023-03-21 03:32:38.536000+00:00,385024.0,35516416.0,38301696.0,38301696.0,7.58,0.474862449,27.53,798678.0,0.0,0.0,9109.0,4127808.0,0.0,0.0,9062.0,0.0,0.0,0.0,0.0
2023-03-21 03:32:44.742000+00:00,385024.0,35516416.0,38342656.0,38342656.0,7.6,0.474862449,27.59,800480.0,0.0,0.0,9129.0,4138058.0,0.0,0.0,9082.0,0.0,0.0,0.0,0.0
2023-03-21 03:32:49.847000+00:00,385024.0,35516416.0,38342656.0,38293504.0,7.6,0.474862449,27.6,801381.0,0.0,0.0,9139.0,4143183.0,0.0,0.0,9092.0,0.0,0.0,0.0,0.0
2023-03-21 03:32:53.994000+00:00,385024.0,35516416.0,38404096.0,38404096.0,7.62,0.4764061,27.65,801381.0,0.0,0.0,9139.0,4143183.0,0.0,0.0,9092.0,0.0,0.0,0.0,0.0
2023-03-21 03:32:58.939000+00:00,385024.0,35516416.0,38404096.0,38404096.0,7.62,0.4764061,27.66,801381.0,0.0,0.0,9139.0,4143183.0,0.0,0.0,9092.0,0.0,0.0,0.0,0.0
2023-03-21 03:33:03.014000+00:00,389120.0,35516416.0,38293504.0,38293504.0,7.62,0.4764061,27.67,803303.0,0.0,0.0,9161.0,4153573.0,0.0,0.0,9114.0,0.0,0.0,0.0,0.0
2023-03-21 03:33:09.345000+00:00,389120.0,35516416.0,38293504.0,38309888.0,7.64,0.4764061,27.73,804270.0,0.0,0.0,9172.0,4158764.0,0.0,0.0,9125.0,0.0,0.0,0.0,0.0
2023-03-21 03:33:14.457000+00:00,389120.0,35516416.0,38936576.0,38936576.0,7.68,0.4774268,27.78,805237.0,0.0,0.0,9183.0,4163955.0,0.0,0.0,9136.0,0.0,0.0,0.0,0.0
2023-03-21 03:33:18.638000+00:00,389120.0,35516416.0,38367232.0,38367232.0,7.68,0.4774268,27.78,806204.0,0.0,0.0,9194.0,4169146.0,0.0,0.0,9147.0,0.0,0.0,0.0,0.0
2023-03-21 03:33:24.101000+00:00,389120.0,35516416.0,38387712.0,38387712.0,7.7,0.4774268,27.84,807171.0,0.0,0.0,9205.0,4174337.0,0.0,0.0,9158.0,0.0,0.0,0.0,0.0
2023-03-21 03:33:28.482000+00:00,389120.0,35516416.0,38387712.0,38387712.0,7.7,0.4774268,27.84,807171.0,0.0,0.0,9205.0,4174337.0,0.0,0.0,9158.0,0.0,0.0,0.0,0.0
2023-03-21 03:33:33.298000+00:00,389120.0,35516416.0,38293504.0,38293504.0,7.7,0.4774268,27.86,809159.0,0.0,0.0,9228.0,4184793.0,0.0,0.0,9181.0,0.0,0.0,0.0,0.0
2023-03-21 03:33:39.221000+00:00,389120.0,35516416.0,38309888.0,38309888.0,7.72,0.4774268,27.92,810210.0,0.0,0.0,9241.0,4190068.0,0.0,0.0,9194.0,0.0,0.0,0.0,0.0
2023-03-21 03:33:44.086000+00:00,389120.0,35516416.0,38293504.0,38293504.0,7.72,0.4774268,27.92,811111.0,0.0,0.0,9251.0,4195193.0,0.0,0.0,9204.0,0.0,0.0,0.0,0.0
2023-03-21 03:33:48.755000+00:00,389120.0,35516416.0,38293504.0,38293504.0,7.74,0.477628899,27.99,811111.0,0.0,0.0,9251.0,4200384.0,0.0,0.0,9215.0,0.0,0.0,0.0,0.0
2023-03-21 03:33:53.654000+00:00,389120.0,35516416.0,38293504.0,38293504.0,7.74,0.477628899,27.99,812913.0,0.0,0.0,9271.0,4205443.0,0.0,0.0,9224.0,0.0,0.0,0.0,0.0
2023-03-21 03:33:58.401000+00:00,389120.0,35516416.0,38293504.0,38293504.0,7.76,0.477628899,27.99,812913.0,0.0,0.0,9271.0,4205443.0,0.0,0.0,9224.0,0.0,0.0,0.0,0.0
2023-03-21 03:34:04.801000+00:00,393216.0,35516416.0,38551552.0,38551552.0,7.76,0.477628899,28.08,815868.0,0.0,0.0,9305.0,4221090.0,0.0,0.0,9258.0,0.0,0.0,0.0,0.0
2023-03-21 03:34:09.275000+00:00,393216.0,35516416.0,38551552.0,38551552.0,7.78,0.477628899,28.14,815868.0,0.0,0.0,9305.0,4221090.0,0.0,0.0,9258.0,0.0,0.0,0.0,0.0
2023-03-21 03:34:14.246000+00:00,393216.0,35516416.0,38293504.0,38293504.0,7.78,0.477628899,28.14,816835.0,0.0,0.0,9316.0,4226281.0,0.0,0.0,9269.0,0.0,0.0,0.0,0.0
2023-03-21 03:34:18.783000+00:00,393216.0,35516416.0,38293504.0,38305792.0,7.8,0.477628899,28.2,817802.0,0.0,0.0,9327.0,4231472.0,0.0,0.0,9280.0,0.0,0.0,0.0,0.0
2023-03-21 03:34:24.872000+00:00,393216.0,35516416.0,38424576.0,38424576.0,7.81,0.477628899,28.2,819736.0,0.0,0.0,9349.0,4241854.0,0.0,0.0,9302.0,0.0,0.0,0.0,0.0
2023-03-21 03:34:29.757000+00:00,393216.0,35516416.0,38424576.0,38424576.0,7.82,0.477812153,28.26,819736.0,0.0,0.0,9349.0,4241854.0,0.0,0.0,9302.0,0.0,0.0,0.0,0.0
2023-03-21 03:34:34.511000+00:00,393216.0,35516416.0,38293504.0,38293504.0,7.82,0.477812153,28.27,820757.0,0.0,0.0,9361.0,4247119.0,0.0,0.0,9314.0,0.0,0.0,0.0,0.0
2023-03-21 03:34:39.423000+00:00,393216.0,35516416.0,38506496.0,38506496.0,7.84,0.477812153,28.27,821808.0,0.0,0.0,9374.0,4252394.0,0.0,0.0,9327.0,0.0,0.0,0.0,0.0
2023-03-21 03:34:43.777000+00:00,393216.0,35516416.0,38305792.0,38305792.0,7.84,0.477812153,28.34,822775.0,0.0,0.0,9385.0,4257585.0,0.0,0.0,9338.0,0.0,0.0,0.0,0.0
2023-03-21 03:34:49.646000+00:00,393216.0,35516416.0,38359040.0,38359040.0,7.85,0.477812153,28.41,823742.0,0.0,0.0,9396.0,4262776.0,0.0,0.0,9349.0,0.0,0.0,0.0,0.0
2023-03-21 03:34:54.232000+00:00,393216.0,35516416.0,38297600.0,38297600.0,7.85,0.477812153,28.42,824709.0,0.0,0.0,9407.0,4267967.0,0.0,0.0,9360.0,0.0,0.0,0.0,0.0
2023-03-21 03:34:58.960000+00:00,393216.0,35516416.0,38297600.0,38297600.0,7.88,0.477812153,28.47,824709.0,0.0,0.0,9407.0,4267967.0,0.0,0.0,9360.0,0.0,0.0,0.0,0.0
2023-03-21 03:35:03.907000+00:00,401408.0,35516416.0,38297600.0,38297600.0,7.88,0.477812153,28.48,826697.0,0.0,0.0,9430.0,4278423.0,0.0,0.0,9383.0,0.0,0.0,0.0,0.0
2023-03-21 03:35:08.582000+00:00,401408.0,35516416.0,38604800.0,38604800.0,7.9,0.477812153,28.54,827664.0,0.0,0.0,9441.0,4283614.0,0.0,0.0,9394.0,0.0,0.0,0.0,0.0
2023-03-21 03:35:13.366000+00:00,401408.0,35516416.0,38318080.0,38318080.0,7.9,0.477812153,28.54,828631.0,0.0,0.0,9452.0,4288805.0,0.0,0.0,9405.0,0.0,0.0,0.0,0.0
2023-03-21 03:35:19.038000+00:00,401408.0,35516416.0,38297600.0,38297600.0,7.92,0.477812153,28.6,829705.0,0.0,0.0,9464.0,4293996.0,0.0,0.0,9416.0,0.0,0.0,0.0,0.0
2023-03-21 03:35:23.841000+00:00,401408.0,35516416.0,38293504.0,38293504.0,7.92,0.477812153,28.61,830672.0,0.0,0.0,9475.0,4299187.0,0.0,0.0,9427.0,0.0,0.0,0.0,0.0
2023-03-21 03:35:29.671000+00:00,401408.0,35516416.0,38293504.0,38293504.0,7.94,0.477812153,28.68,830672.0,0.0,0.0,9475.0,4299187.0,0.0,0.0,9427.0,0.0,0.0,0.0,0.0
2023-03-21 03:35:33.161000+00:00,401408.0,35516416.0,38293504.0,38293504.0,7.95,0.477812153,28.68,832660.0,0.0,0.0,9498.0,4309643.0,0.0,0.0,9450.0,0.0,0.0,0.0,0.0
2023-03-21 03:35:39.464000+00:00,401408.0,35516416.0,38293504.0,38293504.0,7.98,0.477812153,28.74,832660.0,0.0,0.0,9511.0,4314918.0,0.0,0.0,9463.0,0.0,0.0,0.0,0.0
2023-03-21 03:35:43.655000+00:00,401408.0,35516416.0,38297600.0,38297600.0,7.98,0.477812153,28.74,834678.0,0.0,0.0,9522.0,4320109.0,0.0,0.0,9474.0,0.0,0.0,0.0,0.0
2023-03-21 03:35:49.743000+00:00,401408.0,35516416.0,38535168.0,38535168.0,7.99,0.477812153,28.81,836719.0,0.0,0.0,9545.0,4330491.0,0.0,0.0,9496.0,0.0,0.0,0.0,0.0
2023-03-21 03:35:54.084000+00:00,401408.0,35516416.0,38326272.0,38326272.0,7.99,0.477812153,28.81,836719.0,0.0,0.0,9545.0,4330491.0,0.0,0.0,9496.0,0.0,0.0,0.0,0.0
2023-03-21 03:35:58.277000+00:00,401408.0,35516416.0,38293504.0,38293504.0,7.99,0.477812153,28.82,837686.0,0.0,0.0,9556.0,4335682.0,0.0,0.0,9507.0,0.0,0.0,0.0,0.0
2023-03-21 03:36:04.862000+00:00,405504.0,35516416.0,38424576.0,38424576.0,8.02,0.477812153,28.88,839674.0,0.0,0.0,9579.0,4346138.0,0.0,0.0,9530.0,0.0,0.0,0.0,0.0
2023-03-21 03:36:09.828000+00:00,405504.0,35516416.0,38490112.0,38490112.0,8.03,0.477812153,28.88,840641.0,0.0,0.0,9590.0,4351329.0,0.0,0.0,9541.0,0.0,0.0,0.0,0.0
2023-03-21 03:36:14.468000+00:00,405504.0,35516416.0,38297600.0,38297600.0,8.03,0.477812153,28.96,840641.0,0.0,0.0,9590.0,4351329.0,0.0,0.0,9541.0,0.0,0.0,0.0,0.0
2023-03-21 03:36:18.850000+00:00,405504.0,35516416.0,38293504.0,38293504.0,8.03,0.477812153,28.96,841608.0,0.0,0.0,9601.0,4356520.0,0.0,0.0,9552.0,0.0,0.0,0.0,0.0
2023-03-21 03:36:23.643000+00:00,405504.0,35516416.0,38330368.0,38330368.0,8.07,0.477812153,29.01,842575.0,0.0,0.0,9612.0,4361711.0,0.0,0.0,9563.0,0.0,0.0,0.0,0.0
2023-03-21 03:36:28.862000+00:00,405504.0,35516416.0,38293504.0,38293504.0,8.07,0.477812153,29.02,843542.0,0.0,0.0,9623.0,4366902.0,0.0,0.0,9574.0,0.0,0.0,0.0,0.0
2023-03-21 03:36:34.801000+00:00,405504.0,35516416.0,38490112.0,38490112.0,8.08,0.478193105,29.09,845530.0,0.0,0.0,9646.0,4377358.0,0.0,0.0,9597.0,0.0,0.0,0.0,0.0
2023-03-21 03:36:38.351000+00:00,405504.0,35516416.0,38297600.0,38297600.0,8.08,0.478193105,29.09,845614.0,0.0,0.0,9648.0,4377442.0,0.0,0.0,9599.0,0.0,0.0,0.0,0.0
2023-03-21 03:36:44.395000+00:00,405504.0,35516416.0,38346752.0,38346752.0,8.1,0.478193105,29.16,846581.0,0.0,0.0,9659.0,4382633.0,0.0,0.0,9610.0,0.0,0.0,0.0,0.0
2023-03-21 03:36:49.325000+00:00,405504.0,35516416.0,38346752.0,38346752.0,8.1,0.478193105,29.17,846581.0,0.0,0.0,9670.0,4387824.0,0.0,0.0,9621.0,0.0,0.0,0.0,0.0
2023-03-21 03:36:54.184000+00:00,405504.0,35516416.0,38432768.0,38432768.0,8.12,0.478193105,29.22,848515.0,0.0,0.0,9681.0,4393015.0,0.0,0.0,9632.0,0.0,0.0,0.0,0.0
2023-03-21 03:36:58.664000+00:00,405504.0,35516416.0,38432768.0,38432768.0,8.12,0.478193105,29.23,848515.0,0.0,0.0,9681.0,4393015.0,0.0,0.0,9632.0,0.0,0.0,0.0,0.0
2023-03-21 03:37:03.107000+00:00,409600.0,35516416.0,38301696.0,38301696.0,8.13,0.478193105,29.3,850503.0,0.0,0.0,9704.0,4403471.0,0.0,0.0,9655.0,0.0,0.0,0.0,0.0
2023-03-21 03:37:08.646000+00:00,409600.0,35516416.0,38301696.0,38293504.0,8.13,0.478193105,29.3,851470.0,0.0,0.0,9715.0,4408662.0,0.0,0.0,9666.0,0.0,0.0,0.0,0.0
2023-03-21 03:37:14.302000+00:00,409600.0,35516416.0,38412288.0,38412288.0,8.16,0.478193105,29.37,852437.0,0.0,0.0,9726.0,4413853.0,0.0,0.0,9677.0,0.0,0.0,0.0,0.0
2023-03-21 03:37:19.648000+00:00,409600.0,35516416.0,38301696.0,38301696.0,8.16,0.478193105,29.37,853404.0,0.0,0.0,9737.0,4419044.0,0.0,0.0,9688.0,0.0,0.0,0.0,0.0
2023-03-21 03:37:23.867000+00:00,409600.0,35516416.0,38404096.0,38404096.0,8.18,0.478193105,29.44,854371.0,0.0,0.0,9748.0,4424235.0,0.0,0.0,9699.0,0.0,0.0,0.0,0.0
2023-03-21 03:37:29.179000+00:00,409600.0,35516416.0,38404096.0,38293504.0,8.18,0.478193105,29.44,855338.0,0.0,0.0,9759.0,4429426.0,0.0,0.0,9710.0,0.0,0.0,0.0,0.0
2023-03-21 03:37:34.136000+00:00,409600.0,35516416.0,38436864.0,38436864.0,8.2,0.478193105,29.51,856359.0,0.0,0.0,9771.0,4434691.0,0.0,0.0,9722.0,0.0,0.0,0.0,0.0
2023-03-21 03:37:39.799000+00:00,409600.0,35516416.0,38293504.0,38293504.0,8.2,0.478193105,29.52,858377.0,0.0,0.0,9795.0,4445157.0,0.0,0.0,9746.0,0.0,0.0,0.0,0.0
2023-03-21 03:37:44.733000+00:00,409600.0,35516416.0,38440960.0,38440960.0,8.23,0.478193105,29.58,858816.0,0.0,0.0,9798.0,4445297.0,0.0,0.0,9748.0,0.0,0.0,0.0,0.0
2023-03-21 03:37:49.544000+00:00,409600.0,35516416.0,38297600.0,38297600.0,8.23,0.478193105,29.58,859344.0,0.0,0.0,9806.0,4450348.0,0.0,0.0,9757.0,0.0,0.0,0.0,0.0
2023-03-21 03:37:54.650000+00:00,409600.0,35516416.0,38359040.0,38359040.0,8.24,0.478193105,29.64,860311.0,0.0,0.0,9817.0,4455539.0,0.0,0.0,9768.0,0.0,0.0,0.0,0.0
2023-03-21 03:37:59.824000+00:00,413696.0,35516416.0,38359040.0,38359040.0,8.24,0.478193105,29.65,860311.0,0.0,0.0,9817.0,4455539.0,0.0,0.0,9768.0,0.0,0.0,0.0,0.0
2023-03-21 03:38:04.448000+00:00,413696.0,35516416.0,38580224.0,38580224.0,8.26,0.478193105,29.72,862299.0,0.0,0.0,9840.0,4465995.0,0.0,0.0,9791.0,0.0,0.0,0.0,0.0
2023-03-21 03:38:09.592000+00:00,413696.0,35516416.0,38408192.0,38408192.0,8.26,0.478193105,29.72,863266.0,0.0,0.0,9851.0,4471186.0,0.0,0.0,9802.0,0.0,0.0,0.0,0.0
2023-03-21 03:38:14.821000+00:00,413696.0,35516416.0,38453248.0,38453248.0,8.28,0.478193105,29.79,865200.0,0.0,0.0,9873.0,4481568.0,0.0,0.0,9824.0,0.0,0.0,0.0,0.0
2023-03-21 03:38:19.361000+00:00,413696.0,35516416.0,38453248.0,38453248.0,8.28,0.478193105,29.79,865200.0,0.0,0.0,9873.0,4481568.0,0.0,0.0,9824.0,0.0,0.0,0.0,0.0
2023-03-21 03:38:23.308000+00:00,413696.0,35516416.0,38293504.0,38293504.0,8.28,0.478193105,29.8,866167.0,0.0,0.0,9884.0,4486759.0,0.0,0.0,9835.0,0.0,0.0,0.0,0.0
2023-03-21 03:38:29.540000+00:00,413696.0,35516416.0,38297600.0,38297600.0,8.29,0.478976531,29.86,867134.0,0.0,0.0,9884.0,4486759.0,0.0,0.0,9835.0,0.0,0.0,0.0,0.0
2023-03-21 03:38:34.414000+00:00,413696.0,35516416.0,38293504.0,38293504.0,8.29,0.478976531,29.87,868155.0,0.0,0.0,9907.0,4497215.0,0.0,0.0,9858.0,0.0,0.0,0.0,0.0
2023-03-21 03:38:38.512000+00:00,413696.0,35516416.0,38346752.0,38346752.0,8.31,0.478976531,29.94,869074.0,0.0,0.0,9918.0,4502358.0,0.0,0.0,9869.0,0.0,0.0,0.0,0.0
2023-03-21 03:38:44.896000+00:00,413696.0,35516416.0,38293504.0,38293504.0,8.31,0.478976531,29.95,871008.0,0.0,0.0,9940.0,4512674.0,0.0,0.0,9890.0,0.0,0.0,0.0,0.0
2023-03-21 03:38:48.549000+00:00,413696.0,35516416.0,38510592.0,38510592.0,8.33,0.478976531,30.01,871008.0,0.0,0.0,9940.0,4512674.0,0.0,0.0,9890.0,0.0,0.0,0.0,0.0
2023-03-21 03:38:54.684000+00:00,413696.0,35516416.0,38293504.0,38293504.0,8.33,0.478976531,30.02,871975.0,0.0,0.0,9951.0,4517865.0,0.0,0.0,9901.0,0.0,0.0,0.0,0.0
2023-03-21 03:38:59.319000+00:00,413696.0,35516416.0,38293504.0,38293504.0,8.36,0.478976531,30.08,871975.0,0.0,0.0,9951.0,4517865.0,0.0,0.0,9901.0,0.0,0.0,0.0,0.0
2023-03-21 03:39:04.082000+00:00,417792.0,35516416.0,38297600.0,38297600.0,8.36,0.478976531,30.09,873963.0,0.0,0.0,9974.0,4528321.0,0.0,0.0,9924.0,0.0,0.0,0.0,0.0
2023-03-21 03:39:09.017000+00:00,417792.0,35516416.0,38436864.0,38436864.0,8.37,0.478976531,30.16,874930.0,0.0,0.0,9985.0,4533512.0,0.0,0.0,9935.0,0.0,0.0,0.0,0.0
2023-03-21 03:39:13.838000+00:00,417792.0,35516416.0,38342656.0,38342656.0,8.37,0.478976531,30.16,875897.0,0.0,0.0,9996.0,4538703.0,0.0,0.0,9946.0,0.0,0.0,0.0,0.0
2023-03-21 03:39:19.368000+00:00,417792.0,35516416.0,38326272.0,38326272.0,8.39,0.478976531,30.16,876864.0,0.0,0.0,10007.0,4543894.0,0.0,0.0,9957.0,0.0,0.0,0.0,0.0
2023-03-21 03:39:24.150000+00:00,417792.0,35516416.0,38297600.0,38297600.0,8.39,0.478976531,30.23,877831.0,0.0,0.0,10018.0,4549085.0,0.0,0.0,9968.0,0.0,0.0,0.0,0.0
2023-03-21 03:39:29.150000+00:00,417792.0,35516416.0,38297600.0,38297600.0,8.41,0.478976531,30.3,877831.0,0.0,0.0,10018.0,4549085.0,0.0,0.0,9968.0,0.0,0.0,0.0,0.0
2023-03-21 03:39:33.644000+00:00,417792.0,35520512.0,38297600.0,38297600.0,8.41,0.478976531,30.31,879819.0,0.0,0.0,10041.0,4559541.0,0.0,0.0,9991.0,0.0,0.0,0.0,0.0
2023-03-21 03:39:38.531000+00:00,417792.0,35520512.0,38305792.0,38305792.0,8.42,0.478976531,30.37,880870.0,0.0,0.0,10054.0,4564816.0,0.0,0.0,10004.0,0.0,0.0,0.0,0.0
2023-03-21 03:39:43.705000+00:00,417792.0,35520512.0,38297600.0,38297600.0,8.42,0.478976531,30.38,881837.0,0.0,0.0,10065.0,4570007.0,0.0,0.0,10015.0,0.0,0.0,0.0,0.0
2023-03-21 03:39:49.321000+00:00,417792.0,35520512.0,38297600.0,38318080.0,8.45,0.478976531,30.43,882804.0,0.0,0.0,10076.0,4575198.0,0.0,0.0,10026.0,0.0,0.0,0.0,0.0
2023-03-21 03:39:53.415000+00:00,417792.0,35520512.0,38301696.0,38301696.0,8.45,0.478976531,30.43,883771.0,0.0,0.0,10087.0,4580389.0,0.0,0.0,10037.0,0.0,0.0,0.0,0.0
2023-03-21 03:39:57.999000+00:00,417792.0,35520512.0,38416384.0,38416384.0,8.48,0.478976531,30.49,884738.0,0.0,0.0,10087.0,4580389.0,0.0,0.0,10037.0,0.0,0.0,0.0,0.0
2023-03-21 03:40:04.043000+00:00,425984.0,35520512.0,38297600.0,38297600.0,8.48,0.478976531,30.5,885759.0,0.0,0.0,10110.0,4590845.0,0.0,0.0,10060.0,0.0,0.0,0.0,0.0
2023-03-21 03:40:09.326000+00:00,425984.0,35520512.0,38297600.0,38346752.0,8.5,0.478976531,30.56,886726.0,0.0,0.0,10121.0,4596036.0,0.0,0.0,10071.0,0.0,0.0,0.0,0.0
2023-03-21 03:40:13.838000+00:00,425984.0,35520512.0,38297600.0,38297600.0,8.5,0.478976531,30.57,887693.0,0.0,0.0,10132.0,4601227.0,0.0,0.0,10082.0,0.0,0.0,0.0,0.0
2023-03-21 03:40:19.248000+00:00,425984.0,35520512.0,38408192.0,38408192.0,8.52,0.478976531,30.57,888660.0,0.0,0.0,10143.0,4606418.0,0.0,0.0,10093.0,0.0,0.0,0.0,0.0
2023-03-21 03:40:24.542000+00:00,425984.0,35520512.0,38313984.0,38313984.0,8.52,0.478976531,30.64,889627.0,0.0,0.0,10154.0,4611609.0,0.0,0.0,10104.0,0.0,0.0,0.0,0.0
2023-03-21 03:40:29.735000+00:00,425984.0,35520512.0,38313984.0,38313984.0,8.54,0.478976531,30.71,889627.0,0.0,0.0,10154.0,4611609.0,0.0,0.0,10104.0,0.0,0.0,0.0,0.0
2023-03-21 03:40:34.525000+00:00,425984.0,35520512.0,38297600.0,38297600.0,8.54,0.478976531,30.72,891615.0,0.0,0.0,10177.0,4622065.0,0.0,0.0,10127.0,0.0,0.0,0.0,0.0
2023-03-21 03:40:39.072000+00:00,425984.0,35520512.0,38297600.0,38297600.0,8.54,0.478976531,30.72,892666.0,0.0,0.0,10190.0,4627340.0,0.0,0.0,10140.0,0.0,0.0,0.0,0.0
2023-03-21 03:40:44.367000+00:00,425984.0,35520512.0,38301696.0,38301696.0,8.56,0.478976531,30.79,893633.0,0.0,0.0,10201.0,4632531.0,0.0,0.0,10151.0,0.0,0.0,0.0,0.0
2023-03-21 03:40:49.535000+00:00,425984.0,37756928.0,40828928.0,40828928.0,8.56,0.479414481,30.85,894600.0,0.0,0.0,10212.0,4637722.0,0.0,0.0,10162.0,0.0,0.0,0.0,0.0
2023-03-21 03:40:54.494000+00:00,425984.0,35520512.0,38305792.0,38305792.0,8.58,0.479810307,30.86,895567.0,0.0,0.0,10223.0,4642913.0,0.0,0.0,10173.0,0.0,0.0,0.0,0.0
2023-03-21 03:40:58.723000+00:00,425984.0,35520512.0,38305792.0,38305792.0,8.58,0.479810307,30.87,895567.0,0.0,0.0,10223.0,4642913.0,0.0,0.0,10173.0,0.0,0.0,0.0,0.0
2023-03-21 03:41:04.361000+00:00,430080.0,35520512.0,38424576.0,38424576.0,8.6,0.479810307,30.93,897555.0,0.0,0.0,10246.0,4653369.0,0.0,0.0,10196.0,0.0,0.0,0.0,0.0
2023-03-21 03:41:09.789000+00:00,430080.0,35520512.0,38424576.0,38424576.0,8.6,0.479810307,30.93,897555.0,0.0,0.0,10246.0,4663751.0,0.0,0.0,10218.0,0.0,0.0,0.0,0.0
2023-03-21 03:41:14.407000+00:00,430080.0,35520512.0,38301696.0,38301696.0,8.63,0.479810307,30.99,899489.0,0.0,0.0,10268.0,4663751.0,0.0,0.0,10218.0,0.0,0.0,0.0,0.0
2023-03-21 03:41:19.350000+00:00,430080.0,35520512.0,38301696.0,38301696.0,8.63,0.479810307,31.0,900456.0,0.0,0.0,10279.0,4668942.0,0.0,0.0,10229.0,0.0,0.0,0.0,0.0
2023-03-21 03:41:24.583000+00:00,430080.0,35520512.0,38305792.0,38305792.0,8.66,0.479810307,31.05,901423.0,0.0,0.0,10290.0,4674133.0,0.0,0.0,10240.0,0.0,0.0,0.0,0.0
2023-03-21 03:41:28.469000+00:00,430080.0,35520512.0,38305792.0,38305792.0,8.66,0.479810307,31.05,901423.0,0.0,0.0,10290.0,4674133.0,0.0,0.0,10240.0,0.0,0.0,0.0,0.0
2023-03-21 03:41:34.685000+00:00,430080.0,35520512.0,38301696.0,38301696.0,8.68,0.480429782,31.11,903411.0,0.0,0.0,10313.0,4684589.0,0.0,0.0,10263.0,0.0,0.0,0.0,0.0
2023-03-21 03:41:38.677000+00:00,430080.0,35520512.0,38301696.0,38301696.0,8.68,0.480429782,31.11,904462.0,0.0,0.0,10326.0,4689864.0,0.0,0.0,10276.0,0.0,0.0,0.0,0.0
2023-03-21 03:41:44.150000+00:00,430080.0,35520512.0,38428672.0,38428672.0,8.69,0.480429782,31.18,905429.0,0.0,0.0,10337.0,4695055.0,0.0,0.0,10287.0,0.0,0.0,0.0,0.0
2023-03-21 03:41:48.492000+00:00,430080.0,35520512.0,38305792.0,38305792.0,8.69,0.480429782,31.19,906396.0,0.0,0.0,10348.0,4700246.0,0.0,0.0,10298.0,0.0,0.0,0.0,0.0
2023-03-21 03:41:54.067000+00:00,430080.0,35520512.0,38322176.0,38322176.0,8.71,0.480429782,31.24,907363.0,0.0,0.0,10359.0,4705437.0,0.0,0.0,10309.0,0.0,0.0,0.0,0.0
2023-03-21 03:41:58.962000+00:00,430080.0,35520512.0,38322176.0,38322176.0,8.71,0.480429782,31.25,907363.0,0.0,0.0,10359.0,4705437.0,0.0,0.0,10309.0,0.0,0.0,0.0,0.0
2023-03-21 03:42:04.434000+00:00,434176.0,35520512.0,38346752.0,38346752.0,8.73,0.480429782,31.32,909351.0,0.0,0.0,10382.0,4715893.0,0.0,0.0,10332.0,0.0,0.0,0.0,0.0
2023-03-21 03:42:09.290000+00:00,434176.0,35520512.0,38297600.0,38297600.0,8.73,0.480429782,31.32,910318.0,0.0,0.0,10393.0,4721084.0,0.0,0.0,10343.0,0.0,0.0,0.0,0.0
2023-03-21 03:42:14.645000+00:00,434176.0,35520512.0,38346752.0,38346752.0,8.75,0.480429782,31.38,911285.0,0.0,0.0,10404.0,4726275.0,0.0,0.0,10354.0,0.0,0.0,0.0,0.0
2023-03-21 03:42:18.856000+00:00,434176.0,35520512.0,38346752.0,38346752.0,8.75,0.480429782,31.39,911285.0,0.0,0.0,10415.0,4731466.0,0.0,0.0,10365.0,0.0,0.0,0.0,0.0
2023-03-21 03:42:24.137000+00:00,434176.0,35520512.0,38322176.0,38322176.0,8.78,0.480429782,31.44,913219.0,0.0,0.0,10426.0,4736657.0,0.0,0.0,10376.0,0.0,0.0,0.0,0.0
2023-03-21 03:42:28.678000+00:00,434176.0,35520512.0,38322176.0,38322176.0,8.78,0.480429782,31.45,913219.0,0.0,0.0,10426.0,4736657.0,0.0,0.0,10387.0,0.0,0.0,0.0,0.0
2023-03-21 03:42:34.108000+00:00,434176.0,35520512.0,38649856.0,38649856.0,8.8,0.480429782,31.51,915207.0,0.0,0.0,10449.0,4747113.0,0.0,0.0,10399.0,0.0,0.0,0.0,0.0
2023-03-21 03:42:39.467000+00:00,434176.0,35520512.0,38649856.0,38649856.0,8.8,0.480429782,31.51,915207.0,0.0,0.0,10462.0,4752388.0,0.0,0.0,10412.0,0.0,0.0,0.0,0.0
2023-03-21 03:42:44.465000+00:00,434176.0,35520512.0,38514688.0,38514688.0,8.82,0.480429782,31.57,917225.0,0.0,0.0,10473.0,4757579.0,0.0,0.0,10423.0,0.0,0.0,0.0,0.0
2023-03-21 03:42:48.814000+00:00,434176.0,35520512.0,38313984.0,38313984.0,8.82,0.480429782,31.57,918192.0,0.0,0.0,10484.0,4762770.0,0.0,0.0,10434.0,0.0,0.0,0.0,0.0
2023-03-21 03:42:53.814000+00:00,434176.0,35520512.0,38297600.0,38297600.0,8.82,0.480429782,31.58,919093.0,0.0,0.0,10494.0,4767895.0,0.0,0.0,10444.0,0.0,0.0,0.0,0.0
2023-03-21 03:42:59.861000+00:00,438272.0,35520512.0,38297600.0,38297600.0,8.85,0.481422893,31.63,919093.0,0.0,0.0,10494.0,4767895.0,0.0,0.0,10444.0,0.0,0.0,0.0,0.0
2023-03-21 03:43:04.047000+00:00,438272.0,35520512.0,38297600.0,38297600.0,8.85,0.481422893,31.64,921085.0,0.0,0.0,10517.0,4778285.0,0.0,0.0,10466.0,0.0,0.0,0.0,0.0
2023-03-21 03:43:09.103000+00:00,438272.0,35520512.0,38309888.0,38309888.0,8.87,0.481422893,31.71,922052.0,0.0,0.0,10528.0,4783476.0,0.0,0.0,10477.0,0.0,0.0,0.0,0.0
2023-03-21 03:43:14.604000+00:00,438272.0,35520512.0,38297600.0,38297600.0,8.87,0.481422893,31.71,923019.0,0.0,0.0,10539.0,4788667.0,0.0,0.0,10488.0,0.0,0.0,0.0,0.0
2023-03-21 03:43:18.061000+00:00,438272.0,35520512.0,38346752.0,38346752.0,8.89,0.481422893,31.78,923986.0,0.0,0.0,10550.0,4793858.0,0.0,0.0,10499.0,0.0,0.0,0.0,0.0
2023-03-21 03:43:24.145000+00:00,438272.0,35520512.0,38301696.0,38301696.0,8.89,0.481422893,31.79,924821.0,0.0,0.0,10559.0,4798917.0,0.0,0.0,10508.0,0.0,0.0,0.0,0.0
2023-03-21 03:43:29.375000+00:00,438272.0,35520512.0,38301696.0,38301696.0,8.9,0.48161675,31.85,924821.0,0.0,0.0,10559.0,4798917.0,0.0,0.0,10508.0,0.0,0.0,0.0,0.0
2023-03-21 03:43:33.949000+00:00,438272.0,35520512.0,38297600.0,38297600.0,8.9,0.48161675,31.86,926809.0,0.0,0.0,10582.0,4809373.0,0.0,0.0,10531.0,0.0,0.0,0.0,0.0
2023-03-21 03:43:38.519000+00:00,438272.0,35520512.0,38322176.0,38322176.0,8.92,0.48161675,31.92,927860.0,0.0,0.0,10595.0,4814648.0,0.0,0.0,10544.0,0.0,0.0,0.0,0.0
2023-03-21 03:43:43.775000+00:00,438272.0,35520512.0,38301696.0,38301696.0,8.92,0.48161675,31.93,928827.0,0.0,0.0,10606.0,4819839.0,0.0,0.0,10555.0,0.0,0.0,0.0,0.0
2023-03-21 03:43:49.197000+00:00,438272.0,35520512.0,38301696.0,38301696.0,8.94,0.48161675,31.98,929794.0,0.0,0.0,10617.0,4825030.0,0.0,0.0,10566.0,0.0,0.0,0.0,0.0
2023-03-21 03:43:53.520000+00:00,438272.0,35520512.0,38318080.0,38318080.0,8.94,0.48161675,31.98,930761.0,0.0,0.0,10628.0,4830221.0,0.0,0.0,10577.0,0.0,0.0,0.0,0.0
2023-03-21 03:43:59.656000+00:00,438272.0,35520512.0,38318080.0,38318080.0,8.95,0.48161675,32.06,930761.0,0.0,0.0,10628.0,4830221.0,0.0,0.0,10577.0,0.0,0.0,0.0,0.0
2023-03-21 03:44:04.096000+00:00,442368.0,35520512.0,38445056.0,38445056.0,8.95,0.48161675,32.07,932749.0,0.0,0.0,10651.0,4840677.0,0.0,0.0,10600.0,0.0,0.0,0.0,0.0
2023-03-21 03:44:09.690000+00:00,442368.0,35520512.0,38350848.0,38350848.0,8.97,0.48161675,32.13,933716.0,0.0,0.0,10662.0,4845868.0,0.0,0.0,10611.0,0.0,0.0,0.0,0.0
2023-03-21 03:44:13.243000+00:00,442368.0,35520512.0,38322176.0,38322176.0,8.97,0.48161675,32.13,934683.0,0.0,0.0,10673.0,4851059.0,0.0,0.0,10622.0,0.0,0.0,0.0,0.0
2023-03-21 03:44:18.241000+00:00,442368.0,35520512.0,38703104.0,38703104.0,8.98,0.48161675,32.13,935584.0,0.0,0.0,10683.0,4856184.0,0.0,0.0,10632.0,0.0,0.0,0.0,0.0
2023-03-21 03:44:24.789000+00:00,442368.0,35520512.0,38428672.0,38428672.0,8.98,0.48161675,32.2,937452.0,0.0,0.0,10704.0,4866500.0,0.0,0.0,10653.0,0.0,0.0,0.0,0.0
2023-03-21 03:44:29.436000+00:00,442368.0,35520512.0,38486016.0,38486016.0,8.99,0.48161675,32.27,937452.0,0.0,0.0,10704.0,4866500.0,0.0,0.0,10653.0,0.0,0.0,0.0,0.0
2023-03-21 03:44:33.666000+00:00,442368.0,35520512.0,38322176.0,38322176.0,8.99,0.48161675,32.28,938473.0,0.0,0.0,10716.0,4871765.0,0.0,0.0,10665.0,0.0,0.0,0.0,0.0
2023-03-21 03:44:39.684000+00:00,442368.0,35520512.0,38346752.0,38346752.0,9.01,0.48161675,32.34,939524.0,0.0,0.0,10729.0,4877040.0,0.0,0.0,10678.0,0.0,0.0,0.0,0.0
2023-03-21 03:44:44.408000+00:00,442368.0,35520512.0,38318080.0,38318080.0,9.01,0.48161675,32.35,940491.0,0.0,0.0,10740.0,4882231.0,0.0,0.0,10689.0,0.0,0.0,0.0,0.0
2023-03-21 03:44:48.501000+00:00,442368.0,35520512.0,38440960.0,38440960.0,9.03,0.482144559,32.4,941458.0,0.0,0.0,10751.0,4887422.0,0.0,0.0,10700.0,0.0,0.0,0.0,0.0
2023-03-21 03:44:53.113000+00:00,442368.0,35520512.0,38428672.0,38428672.0,9.03,0.482144559,32.41,942425.0,0.0,0.0,10762.0,4892613.0,0.0,0.0,10711.0,0.0,0.0,0.0,0.0
2023-03-21 03:44:59.640000+00:00,442368.0,35520512.0,38428672.0,38428672.0,9.04,0.482144559,32.48,942425.0,0.0,0.0,10762.0,4892613.0,0.0,0.0,10711.0,0.0,0.0,0.0,0.0
2023-03-21 03:45:03.379000+00:00,450560.0,35520512.0,38322176.0,38322176.0,9.04,0.482144559,32.49,944413.0,0.0,0.0,10785.0,4903069.0,0.0,0.0,10734.0,0.0,0.0,0.0,0.0
2023-03-21 03:45:08.792000+00:00,450560.0,35520512.0,38322176.0,38322176.0,9.06,0.482144559,32.56,944413.0,0.0,0.0,10785.0,4908260.0,0.0,0.0,10745.0,0.0,0.0,0.0,0.0
2023-03-21 03:45:14.250000+00:00,450560.0,35520512.0,38412288.0,38412288.0,9.06,0.482144559,32.56,946347.0,0.0,0.0,10807.0,4913451.0,0.0,0.0,10756.0,0.0,0.0,0.0,0.0
2023-03-21 03:45:18.796000+00:00,450560.0,35520512.0,38461440.0,38461440.0,9.06,0.482144559,32.64,947314.0,0.0,0.0,10818.0,4918642.0,0.0,0.0,10767.0,0.0,0.0,0.0,0.0
2023-03-21 03:45:23.988000+00:00,450560.0,35520512.0,38305792.0,38305792.0,9.06,0.482144559,32.64,948281.0,0.0,0.0,10829.0,4923833.0,0.0,0.0,10778.0,0.0,0.0,0.0,0.0
2023-03-21 03:45:28.852000+00:00,450560.0,35520512.0,38305792.0,38305792.0,9.06,0.482144559,32.68,948281.0,0.0,0.0,10829.0,4923833.0,0.0,0.0,10778.0,0.0,0.0,0.0,0.0
2023-03-21 03:45:33.168000+00:00,450560.0,35520512.0,38309888.0,38309888.0,9.08,0.482144559,32.72,950269.0,0.0,0.0,10852.0,4934289.0,0.0,0.0,10801.0,0.0,0.0,0.0,0.0
2023-03-21 03:45:39.369000+00:00,450560.0,35520512.0,38510592.0,38510592.0,9.1,0.482144559,32.72,951320.0,0.0,0.0,10865.0,4939564.0,0.0,0.0,10814.0,0.0,0.0,0.0,0.0
2023-03-21 03:45:43.647000+00:00,450560.0,35520512.0,38301696.0,38301696.0,9.1,0.482144559,32.78,952287.0,0.0,0.0,10876.0,4944755.0,0.0,0.0,10825.0,0.0,0.0,0.0,0.0
2023-03-21 03:45:48.845000+00:00,450560.0,35520512.0,38297600.0,38297600.0,9.1,0.482144559,32.78,953254.0,0.0,0.0,10887.0,4949946.0,0.0,0.0,10836.0,0.0,0.0,0.0,0.0
2023-03-21 03:45:54.582000+00:00,450560.0,35520512.0,38338560.0,38338560.0,9.12,0.482144559,32.84,954221.0,0.0,0.0,10898.0,4955137.0,0.0,0.0,10847.0,0.0,0.0,0.0,0.0
2023-03-21 03:45:59.148000+00:00,450560.0,35520512.0,38338560.0,38338560.0,9.12,0.482144559,32.84,954221.0,0.0,0.0,10898.0,4955137.0,0.0,0.0,10847.0,0.0,0.0,0.0,0.0
2023-03-21 03:46:04.508000+00:00,454656.0,35520512.0,38301696.0,38301696.0,9.15,0.482937726,32.91,956209.0,0.0,0.0,10921.0,4965593.0,0.0,0.0,10870.0,0.0,0.0,0.0,0.0
2023-03-21 03:46:09.508000+00:00,454656.0,35520512.0,38301696.0,38301696.0,9.15,0.482937726,32.92,957218.0,0.0,0.0,10933.0,4970826.0,0.0,0.0,10882.0,0.0,0.0,0.0,0.0
2023-03-21 03:46:14.765000+00:00,454656.0,35520512.0,38490112.0,38490112.0,9.16,0.482937726,32.99,959152.0,0.0,0.0,10955.0,4981208.0,0.0,0.0,10904.0,0.0,0.0,0.0,0.0
2023-03-21 03:46:18.842000+00:00,454656.0,35520512.0,38490112.0,38490112.0,9.16,0.482937726,32.99,959152.0,0.0,0.0,10955.0,4981208.0,0.0,0.0,10904.0,0.0,0.0,0.0,0.0
2023-03-21 03:46:24.851000+00:00,454656.0,35520512.0,38334464.0,38334464.0,9.18,0.482937726,33.06,961086.0,0.0,0.0,10977.0,4991590.0,0.0,0.0,10926.0,0.0,0.0,0.0,0.0
2023-03-21 03:46:28.782000+00:00,454656.0,35520512.0,38334464.0,38334464.0,9.18,0.482937726,33.06,961086.0,0.0,0.0,10977.0,4991590.0,0.0,0.0,10926.0,0.0,0.0,0.0,0.0
2023-03-21 03:46:33.119000+00:00,454656.0,35520512.0,38543360.0,38543360.0,9.2,0.482937726,33.13,962107.0,0.0,0.0,10989.0,4996855.0,0.0,0.0,10938.0,0.0,0.0,0.0,0.0
2023-03-21 03:46:38.935000+00:00,454656.0,35520512.0,38543360.0,38543360.0,9.2,0.482937726,33.14,962107.0,0.0,0.0,11001.0,5002088.0,0.0,0.0,10950.0,0.0,0.0,0.0,0.0
2023-03-21 03:46:43.543000+00:00,454656.0,35520512.0,38342656.0,38342656.0,9.22,0.482937726,33.2,964083.0,0.0,0.0,11012.0,5007279.0,0.0,0.0,10961.0,0.0,0.0,0.0,0.0
2023-03-21 03:46:49.672000+00:00,454656.0,35520512.0,38342656.0,38301696.0,9.22,0.482937726,33.2,965050.0,0.0,0.0,11023.0,5012470.0,0.0,0.0,10972.0,0.0,0.0,0.0,0.0
2023-03-21 03:46:53.981000+00:00,454656.0,35520512.0,38494208.0,38494208.0,9.22,0.482937726,33.28,966017.0,0.0,0.0,11034.0,5017661.0,0.0,0.0,10983.0,0.0,0.0,0.0,0.0
2023-03-21 03:46:59.189000+00:00,454656.0,35520512.0,38494208.0,38494208.0,9.22,0.482937726,33.28,966017.0,0.0,0.0,11034.0,5017661.0,0.0,0.0,10983.0,0.0,0.0,0.0,0.0
2023-03-21 03:47:04.654000+00:00,458752.0,35520512.0,38350848.0,38350848.0,9.24,0.482937726,33.35,967939.0,0.0,0.0,11056.0,5028051.0,0.0,0.0,11005.0,0.0,0.0,0.0,0.0
2023-03-21 03:47:08.525000+00:00,458752.0,35520512.0,38301696.0,38301696.0,9.24,0.482937726,33.36,968816.0,0.0,0.0,11066.0,5033152.0,0.0,0.0,11015.0,0.0,0.0,0.0,0.0
2023-03-21 03:47:13.367000+00:00,458752.0,35520512.0,38514688.0,38514688.0,9.26,0.482937726,33.42,969783.0,0.0,0.0,11077.0,5038343.0,0.0,0.0,11026.0,0.0,0.0,0.0,0.0
2023-03-21 03:47:19.728000+00:00,458752.0,35520512.0,38309888.0,38309888.0,9.26,0.482937726,33.43,970750.0,0.0,0.0,11088.0,5043534.0,0.0,0.0,11037.0,0.0,0.0,0.0,0.0
2023-03-21 03:47:24.603000+00:00,458752.0,35520512.0,38518784.0,38518784.0,9.28,0.482937726,33.5,971717.0,0.0,0.0,11099.0,5048725.0,0.0,0.0,11048.0,0.0,0.0,0.0,0.0
2023-03-21 03:47:29.259000+00:00,458752.0,35520512.0,38518784.0,38518784.0,9.28,0.482937726,33.5,971717.0,0.0,0.0,11099.0,5048725.0,0.0,0.0,11048.0,0.0,0.0,0.0,0.0
2023-03-21 03:47:33.332000+00:00,458752.0,35520512.0,38588416.0,38588416.0,9.31,0.482937726,33.56,973705.0,0.0,0.0,11122.0,5059181.0,0.0,0.0,11071.0,0.0,0.0,0.0,0.0
2023-03-21 03:47:38.968000+00:00,458752.0,35520512.0,38334464.0,38334464.0,9.31,0.482937726,33.57,974756.0,0.0,0.0,11135.0,5064456.0,0.0,0.0,11084.0,0.0,0.0,0.0,0.0
2023-03-21 03:47:43.974000+00:00,458752.0,35520512.0,38350848.0,38350848.0,9.33,0.482937726,33.63,975723.0,0.0,0.0,11146.0,5069647.0,0.0,0.0,11095.0,0.0,0.0,0.0,0.0
2023-03-21 03:47:49.079000+00:00,458752.0,35520512.0,38350848.0,38350848.0,9.33,0.482937726,33.63,975723.0,0.0,0.0,11157.0,5074838.0,0.0,0.0,11106.0,0.0,0.0,0.0,0.0
2023-03-21 03:47:54.496000+00:00,458752.0,35520512.0,38617088.0,38617088.0,9.35,0.482937726,33.7,977657.0,0.0,0.0,11168.0,5080029.0,0.0,0.0,11117.0,0.0,0.0,0.0,0.0
2023-03-21 03:47:58.503000+00:00,458752.0,35520512.0,38617088.0,38617088.0,9.35,0.482937726,33.7,977657.0,0.0,0.0,11168.0,5080029.0,0.0,0.0,11117.0,0.0,0.0,0.0,0.0
2023-03-21 03:48:04.246000+00:00,462848.0,35520512.0,38404096.0,38404096.0,9.36,0.482937726,33.77,979579.0,0.0,0.0,11190.0,5090419.0,0.0,0.0,11139.0,0.0,0.0,0.0,0.0
2023-03-21 03:48:09.706000+00:00,462848.0,35520512.0,38404096.0,38301696.0,9.36,0.482937726,33.78,980546.0,0.0,0.0,11201.0,5095610.0,0.0,0.0,11150.0,0.0,0.0,0.0,0.0
2023-03-21 03:48:13.542000+00:00,462848.0,35520512.0,38428672.0,38428672.0,9.36,0.482937726,33.78,981381.0,0.0,0.0,11210.0,5100669.0,0.0,0.0,11159.0,0.0,0.0,0.0,0.0
2023-03-21 03:48:19.183000+00:00,462848.0,35520512.0,38342656.0,38342656.0,9.39,0.482937726,33.78,982348.0,0.0,0.0,11221.0,5105860.0,0.0,0.0,11170.0,0.0,0.0,0.0,0.0
2023-03-21 03:48:24.331000+00:00,462848.0,35520512.0,38301696.0,38301696.0,9.39,0.482937726,33.84,983315.0,0.0,0.0,11232.0,5111051.0,0.0,0.0,11181.0,0.0,0.0,0.0,0.0
2023-03-21 03:48:29.009000+00:00,462848.0,35520512.0,38301696.0,38301696.0,9.41,0.482937726,33.89,983315.0,0.0,0.0,11232.0,5111051.0,0.0,0.0,11181.0,0.0,0.0,0.0,0.0
2023-03-21 03:48:33.073000+00:00,462848.0,35520512.0,38424576.0,38424576.0,9.41,0.482937726,33.9,985303.0,0.0,0.0,11255.0,5121507.0,0.0,0.0,11204.0,0.0,0.0,0.0,0.0
2023-03-21 03:48:39.523000+00:00,462848.0,35520512.0,38350848.0,38350848.0,9.44,0.482937726,33.97,986354.0,0.0,0.0,11268.0,5126782.0,0.0,0.0,11217.0,0.0,0.0,0.0,0.0
2023-03-21 03:48:44.395000+00:00,462848.0,35520512.0,38305792.0,38305792.0,9.44,0.482937726,33.97,987321.0,0.0,0.0,11279.0,5131973.0,0.0,0.0,11228.0,0.0,0.0,0.0,0.0
2023-03-21 03:48:48.927000+00:00,462848.0,35520512.0,38322176.0,38322176.0,9.46,0.482937726,34.03,988288.0,0.0,0.0,11290.0,5137164.0,0.0,0.0,11239.0,0.0,0.0,0.0,0.0
2023-03-21 03:48:54.284000+00:00,462848.0,35520512.0,38297600.0,38297600.0,9.46,0.482937726,34.03,989255.0,0.0,0.0,11301.0,5142355.0,0.0,0.0,11250.0,0.0,0.0,0.0,0.0
2023-03-21 03:48:58.592000+00:00,462848.0,35520512.0,38297600.0,38297600.0,9.48,0.482937726,34.09,989255.0,0.0,0.0,11301.0,5142355.0,0.0,0.0,11250.0,0.0,0.0,0.0,0.0
2023-03-21 03:49:03.450000+00:00,466944.0,35520512.0,38305792.0,38305792.0,9.48,0.482937726,34.1,991177.0,0.0,0.0,11323.0,5152745.0,0.0,0.0,11272.0,0.0,0.0,0.0,0.0
2023-03-21 03:49:08.717000+00:00,466944.0,35520512.0,38305792.0,38305792.0,9.49,0.482937726,34.16,991177.0,0.0,0.0,11323.0,5152745.0,0.0,0.0,11284.0,0.0,0.0,0.0,0.0
2023-03-21 03:49:14.810000+00:00,466944.0,35520512.0,38301696.0,38301696.0,9.49,0.482937726,34.17,994120.0,0.0,0.0,11357.0,5168360.0,0.0,0.0,11306.0,0.0,0.0,0.0,0.0
2023-03-21 03:49:19.586000+00:00,466944.0,35520512.0,38301696.0,38334464.0,9.5,0.482937726,34.24,994120.0,0.0,0.0,11357.0,5168360.0,0.0,0.0,11306.0,0.0,0.0,0.0,0.0
2023-03-21 03:49:24.319000+00:00,466944.0,35520512.0,38305792.0,38305792.0,9.5,0.482937726,34.24,995087.0,0.0,0.0,11368.0,5173551.0,0.0,0.0,11317.0,0.0,0.0,0.0,0.0
2023-03-21 03:49:29.282000+00:00,466944.0,35520512.0,38305792.0,38305792.0,9.53,0.482937726,34.3,995087.0,0.0,0.0,11368.0,5173551.0,0.0,0.0,11317.0,0.0,0.0,0.0,0.0
2023-03-21 03:49:34.907000+00:00,466944.0,35520512.0,38428672.0,38428672.0,9.53,0.482937726,34.32,998042.0,0.0,0.0,11402.0,5189198.0,0.0,0.0,11351.0,0.0,0.0,0.0,0.0
2023-03-21 03:49:38.682000+00:00,466944.0,35520512.0,38428672.0,38518784.0,9.55,0.485778737,34.37,998084.0,0.0,0.0,11403.0,5189240.0,0.0,0.0,11352.0,0.0,0.0,0.0,0.0
2023-03-21 03:49:43.396000+00:00,466944.0,35520512.0,38326272.0,38326272.0,9.55,0.485778737,34.37,999051.0,0.0,0.0,11414.0,5194431.0,0.0,0.0,11363.0,0.0,0.0,0.0,0.0
2023-03-21 03:49:49.239000+00:00,466944.0,35520512.0,38363136.0,38363136.0,9.57,0.485778737,34.44,1000018.0,0.0,0.0,11425.0,5199622.0,0.0,0.0,11374.0,0.0,0.0,0.0,0.0
2023-03-21 03:49:53.396000+00:00,466944.0,35520512.0,38297600.0,38297600.0,9.57,0.485778737,34.44,1000985.0,0.0,0.0,11436.0,5204813.0,0.0,0.0,11385.0,0.0,0.0,0.0,0.0
2023-03-21 03:49:59.326000+00:00,466944.0,35520512.0,38330368.0,38330368.0,9.58,0.485778737,34.51,1001952.0,0.0,0.0,11447.0,5210004.0,0.0,0.0,11396.0,0.0,0.0,0.0,0.0
2023-03-21 03:50:04.063000+00:00,475136.0,35520512.0,38301696.0,38301696.0,9.58,0.485778737,34.52,1002973.0,0.0,0.0,11459.0,5215269.0,0.0,0.0,11408.0,0.0,0.0,0.0,0.0
2023-03-21 03:50:08.243000+00:00,475136.0,35520512.0,38559744.0,38559744.0,9.6,0.485778737,34.58,1004024.0,0.0,0.0,11472.0,5220544.0,0.0,0.0,11421.0,0.0,0.0,0.0,0.0
2023-03-21 03:50:14.870000+00:00,475136.0,35520512.0,38297600.0,38297600.0,9.6,0.485778737,34.59,1005958.0,0.0,0.0,11494.0,5230926.0,0.0,0.0,11443.0,0.0,0.0,0.0,0.0
2023-03-21 03:50:19.689000+00:00,475136.0,35520512.0,38297600.0,38297600.0,9.61,0.485778737,34.65,1005958.0,0.0,0.0,11494.0,5230926.0,0.0,0.0,11443.0,0.0,0.0,0.0,0.0
2023-03-21 03:50:24.494000+00:00,475136.0,35520512.0,38301696.0,38301696.0,9.62,0.485778737,34.65,1006925.0,0.0,0.0,11505.0,5236117.0,0.0,0.0,11454.0,0.0,0.0,0.0,0.0
2023-03-21 03:50:28.381000+00:00,475136.0,35520512.0,38301696.0,38301696.0,9.63,0.485778737,34.71,1006925.0,0.0,0.0,11505.0,5236117.0,0.0,0.0,11454.0,0.0,0.0,0.0,0.0
2023-03-21 03:50:34.278000+00:00,475136.0,35524608.0,38432768.0,38432768.0,9.64,0.485778737,34.72,1008847.0,0.0,0.0,11527.0,5246507.0,0.0,0.0,11476.0,0.0,0.0,0.0,0.0
2023-03-21 03:50:39.928000+00:00,475136.0,35524608.0,38432768.0,38432768.0,9.65,0.485778737,34.8,1008847.0,0.0,0.0,11550.0,5256931.0,0.0,0.0,11499.0,0.0,0.0,0.0,0.0
2023-03-21 03:50:43.991000+00:00,475136.0,35524608.0,38305792.0,38305792.0,9.65,0.485778737,34.8,1010823.0,0.0,0.0,11550.0,5256931.0,0.0,0.0,11499.0,0.0,0.0,0.0,0.0
2023-03-21 03:50:49.766000+00:00,475136.0,35524608.0,38305792.0,38608896.0,9.66,0.485778737,34.88,1012757.0,0.0,0.0,11572.0,5267313.0,0.0,0.0,11521.0,0.0,0.0,0.0,0.0
2023-03-21 03:50:54.528000+00:00,475136.0,35524608.0,38346752.0,38346752.0,9.66,0.485778737,34.88,1012757.0,0.0,0.0,11572.0,5267313.0,0.0,0.0,11521.0,0.0,0.0,0.0,0.0
2023-03-21 03:50:58.014000+00:00,475136.0,35524608.0,38305792.0,38305792.0,9.67,0.485778737,34.88,1013724.0,0.0,0.0,11583.0,5272504.0,0.0,0.0,11532.0,0.0,0.0,0.0,0.0
2023-03-21 03:51:03.014000+00:00,479232.0,35524608.0,38461440.0,38461440.0,9.68,0.485778737,34.95,1014745.0,0.0,0.0,11595.0,5277769.0,0.0,0.0,11544.0,0.0,0.0,0.0,0.0
2023-03-21 03:51:08.804000+00:00,479232.0,35524608.0,38305792.0,38305792.0,9.68,0.485778737,34.95,1015796.0,0.0,0.0,11608.0,5283044.0,0.0,0.0,11557.0,0.0,0.0,0.0,0.0
2023-03-21 03:51:14.047000+00:00,479232.0,35524608.0,38416384.0,38416384.0,9.71,0.485778737,35.02,1016763.0,0.0,0.0,11619.0,5288235.0,0.0,0.0,11568.0,0.0,0.0,0.0,0.0
2023-03-21 03:51:18.967000+00:00,479232.0,35524608.0,38305792.0,38305792.0,9.71,0.485778737,35.02,1017730.0,0.0,0.0,11630.0,5293426.0,0.0,0.0,11579.0,0.0,0.0,0.0,0.0
2023-03-21 03:51:23.979000+00:00,479232.0,35524608.0,38350848.0,38350848.0,9.72,0.485778737,35.08,1018631.0,0.0,0.0,11640.0,5298551.0,0.0,0.0,11589.0,0.0,0.0,0.0,0.0
2023-03-21 03:51:28.825000+00:00,479232.0,35524608.0,38350848.0,38350848.0,9.72,0.485778737,35.08,1018631.0,0.0,0.0,11640.0,5298551.0,0.0,0.0,11589.0,0.0,0.0,0.0,0.0
2023-03-21 03:51:34.049000+00:00,479232.0,35524608.0,38432768.0,38432768.0,9.74,0.485778737,35.15,1020553.0,0.0,0.0,11662.0,5308941.0,0.0,0.0,11611.0,0.0,0.0,0.0,0.0
2023-03-21 03:51:39.404000+00:00,479232.0,35524608.0,38305792.0,38305792.0,9.74,0.485778737,35.16,1021562.0,0.0,0.0,11674.0,5314174.0,0.0,0.0,11623.0,0.0,0.0,0.0,0.0
2023-03-21 03:51:44.475000+00:00,479232.0,35524608.0,38367232.0,38367232.0,9.74,0.485778737,35.23,1022529.0,0.0,0.0,11685.0,5319365.0,0.0,0.0,11634.0,0.0,0.0,0.0,0.0
2023-03-21 03:51:49.031000+00:00,479232.0,35524608.0,38367232.0,38309888.0,9.74,0.485778737,35.23,1023496.0,0.0,0.0,11696.0,5324556.0,0.0,0.0,11645.0,0.0,0.0,0.0,0.0
2023-03-21 03:51:54.045000+00:00,479232.0,35524608.0,38395904.0,38395904.0,9.76,0.485778737,35.29,1024463.0,0.0,0.0,11707.0,5329747.0,0.0,0.0,11656.0,0.0,0.0,0.0,0.0
2023-03-21 03:51:58.325000+00:00,479232.0,35524608.0,38309888.0,38309888.0,9.76,0.485778737,35.29,1025430.0,0.0,0.0,11718.0,5329747.0,0.0,0.0,11656.0,0.0,0.0,0.0,0.0
2023-03-21 03:52:04.173000+00:00,483328.0,35524608.0,38584320.0,38584320.0,9.79,0.485778737,35.36,1026451.0,0.0,0.0,11730.0,5340203.0,0.0,0.0,11679.0,0.0,0.0,0.0,0.0
2023-03-21 03:52:09.690000+00:00,483328.0,35524608.0,38584320.0,38322176.0,9.79,0.485778737,35.36,1027502.0,0.0,0.0,11743.0,5345478.0,0.0,0.0,11692.0,0.0,0.0,0.0,0.0
2023-03-21 03:52:14.245000+00:00,483328.0,35524608.0,38453248.0,38453248.0,9.81,0.485778737,35.42,1028469.0,0.0,0.0,11754.0,5350669.0,0.0,0.0,11703.0,0.0,0.0,0.0,0.0
2023-03-21 03:52:18.454000+00:00,483328.0,35524608.0,38305792.0,38305792.0,9.81,0.485778737,35.42,1029436.0,0.0,0.0,11765.0,5355860.0,0.0,0.0,11714.0,0.0,0.0,0.0,0.0
2023-03-21 03:52:23.331000+00:00,483328.0,35524608.0,38449152.0,38449152.0,9.83,0.485778737,35.48,1030403.0,0.0,0.0,11776.0,5361051.0,0.0,0.0,11725.0,0.0,0.0,0.0,0.0
2023-03-21 03:52:29.205000+00:00,483328.0,35524608.0,38313984.0,38313984.0,9.83,0.485778737,35.49,1031370.0,0.0,0.0,11787.0,5366242.0,0.0,0.0,11736.0,0.0,0.0,0.0,0.0
2023-03-21 03:52:33.326000+00:00,483328.0,35524608.0,38596608.0,38596608.0,9.85,0.488730778,35.56,1032391.0,0.0,0.0,11799.0,5371507.0,0.0,0.0,11748.0,0.0,0.0,0.0,0.0
2023-03-21 03:52:39.680000+00:00,483328.0,35524608.0,38309888.0,38309888.0,9.86,0.488730778,35.56,1033400.0,0.0,0.0,11811.0,5376740.0,0.0,0.0,11760.0,0.0,0.0,0.0,0.0
2023-03-21 03:52:44.095000+00:00,483328.0,35524608.0,38354944.0,38354944.0,9.88,0.491590209,35.62,1034367.0,0.0,0.0,11822.0,5381931.0,0.0,0.0,11771.0,0.0,0.0,0.0,0.0
2023-03-21 03:52:49.873000+00:00,483328.0,35524608.0,38301696.0,38301696.0,9.88,0.491590209,35.62,1036301.0,0.0,0.0,11844.0,5392313.0,0.0,0.0,11793.0,0.0,0.0,0.0,0.0
2023-03-21 03:52:54.365000+00:00,483328.0,35524608.0,38400000.0,38400000.0,9.9,0.494738462,35.68,1036301.0,0.0,0.0,11844.0,5392313.0,0.0,0.0,11793.0,0.0,0.0,0.0,0.0
2023-03-21 03:52:59.525000+00:00,483328.0,35524608.0,38400000.0,38400000.0,9.9,0.494738462,35.68,1036301.0,0.0,0.0,11844.0,5392313.0,0.0,0.0,11793.0,0.0,0.0,0.0,0.0
2023-03-21 03:53:04.534000+00:00,487424.0,35528704.0,38395904.0,38395904.0,9.92,0.497599243,35.75,1038289.0,0.0,0.0,11867.0,5402769.0,0.0,0.0,11816.0,0.0,0.0,0.0,0.0
2023-03-21 03:53:09.320000+00:00,487424.0,35528704.0,38309888.0,38309888.0,9.92,0.497599243,35.76,1039340.0,0.0,0.0,11880.0,5408044.0,0.0,0.0,11829.0,0.0,0.0,0.0,0.0
2023-03-21 03:53:13.936000+00:00,487424.0,36798464.0,40165376.0,40165376.0,9.93,0.497599243,35.82,1040307.0,0.0,0.0,11891.0,5413235.0,0.0,0.0,11840.0,0.0,0.0,0.0,0.0
2023-03-21 03:53:19.744000+00:00,487424.0,35528704.0,38309888.0,38309888.0,9.94,0.500569192,35.84,1042241.0,0.0,0.0,11913.0,5423617.0,0.0,0.0,11862.0,0.0,0.0,0.0,0.0
2023-03-21 03:53:23.239000+00:00,487424.0,35528704.0,38305792.0,38305792.0,9.94,0.500569192,35.84,1042241.0,0.0,0.0,11913.0,5423617.0,0.0,0.0,11862.0,0.0,0.0,0.0,0.0
2023-03-21 03:53:28.384000+00:00,487424.0,35528704.0,38305792.0,38305792.0,9.95,0.503572733,35.91,1042241.0,0.0,0.0,11913.0,5423617.0,0.0,0.0,11862.0,0.0,0.0,0.0,0.0
2023-03-21 03:53:34.684000+00:00,487424.0,35528704.0,38703104.0,38703104.0,9.98,0.506645471,35.98,1044229.0,0.0,0.0,11936.0,5434073.0,0.0,0.0,11885.0,0.0,0.0,0.0,0.0
2023-03-21 03:53:38.826000+00:00,487424.0,35528704.0,38330368.0,38330368.0,9.98,0.506645471,35.98,1045238.0,0.0,0.0,11948.0,5439306.0,0.0,0.0,11897.0,0.0,0.0,0.0,0.0
2023-03-21 03:53:44.361000+00:00,487424.0,35528704.0,38305792.0,38305792.0,9.98,0.506645471,35.98,1046205.0,0.0,0.0,11959.0,5444497.0,0.0,0.0,11908.0,0.0,0.0,0.0,0.0
2023-03-21 03:53:49.165000+00:00,487424.0,35528704.0,38326272.0,38326272.0,10.01,0.506645471,35.98,1047172.0,0.0,0.0,11970.0,5449688.0,0.0,0.0,11919.0,0.0,0.0,0.0,0.0
2023-03-21 03:53:54.221000+00:00,487424.0,35528704.0,38305792.0,38305792.0,10.01,0.50968288,36.04,1048139.0,0.0,0.0,11981.0,5454879.0,0.0,0.0,11930.0,0.0,0.0,0.0,0.0
2023-03-21 03:53:58.574000+00:00,487424.0,35528704.0,38305792.0,38305792.0,10.04,0.512586982,36.08,1048139.0,0.0,0.0,11981.0,5454879.0,0.0,0.0,11930.0,0.0,0.0,0.0,0.0
2023-03-21 03:54:04.621000+00:00,495616.0,35528704.0,38305792.0,38305792.0,10.04,0.512586982,36.1,1050127.0,0.0,0.0,12004.0,5465335.0,0.0,0.0,11953.0,0.0,0.0,0.0,0.0
2023-03-21 03:54:09.023000+00:00,495616.0,35528704.0,38318080.0,38318080.0,10.06,0.515636811,36.16,1051178.0,0.0,0.0,12017.0,5470610.0,0.0,0.0,11966.0,0.0,0.0,0.0,0.0
2023-03-21 03:54:14.628000+00:00,495616.0,35528704.0,38309888.0,38309888.0,10.06,0.515636811,36.16,1052145.0,0.0,0.0,12028.0,5475801.0,0.0,0.0,11977.0,0.0,0.0,0.0,0.0
2023-03-21 03:54:19.694000+00:00,495616.0,35528704.0,38326272.0,38326272.0,10.07,0.515636811,36.23,1053112.0,0.0,0.0,12039.0,5480992.0,0.0,0.0,11988.0,0.0,0.0,0.0,0.0
2023-03-21 03:54:23.782000+00:00,495616.0,35528704.0,38305792.0,38305792.0,10.07,0.515636811,36.23,1054079.0,0.0,0.0,12050.0,5486183.0,0.0,0.0,11999.0,0.0,0.0,0.0,0.0
2023-03-21 03:54:29.498000+00:00,495616.0,35528704.0,38354944.0,38354944.0,10.09,0.515636811,36.3,1055046.0,0.0,0.0,12061.0,5491374.0,0.0,0.0,11999.0,0.0,0.0,0.0,0.0
2023-03-21 03:54:33.944000+00:00,495616.0,35528704.0,38309888.0,38309888.0,10.09,0.515636811,36.31,1056067.0,0.0,0.0,12073.0,5496639.0,0.0,0.0,12022.0,0.0,0.0,0.0,0.0
2023-03-21 03:54:38.624000+00:00,495616.0,35528704.0,38309888.0,38309888.0,10.1,0.518632767,36.38,1056067.0,0.0,0.0,12085.0,5501872.0,0.0,0.0,12034.0,0.0,0.0,0.0,0.0
2023-03-21 03:54:43.207000+00:00,495616.0,35528704.0,38309888.0,38309888.0,10.1,0.518632767,36.39,1058043.0,0.0,0.0,12096.0,5507063.0,0.0,0.0,12045.0,0.0,0.0,0.0,0.0
2023-03-21 03:54:48.984000+00:00,495616.0,35528704.0,38391808.0,38391808.0,10.12,0.521494929,36.45,1059010.0,0.0,0.0,12107.0,5512254.0,0.0,0.0,12056.0,0.0,0.0,0.0,0.0
2023-03-21 03:54:53.632000+00:00,495616.0,35528704.0,38305792.0,38305792.0,10.12,0.521494929,36.46,1059977.0,0.0,0.0,12118.0,5517445.0,0.0,0.0,12067.0,0.0,0.0,0.0,0.0
2023-03-21 03:54:59.835000+00:00,499712.0,35528704.0,38305792.0,38305792.0,10.13,0.524418358,36.52,1059977.0,0.0,0.0,12118.0,5517445.0,0.0,0.0,12067.0,0.0,0.0,0.0,0.0
2023-03-21 03:55:04.278000+00:00,499712.0,35528704.0,38309888.0,38309888.0,10.13,0.524418358,36.53,1061965.0,0.0,0.0,12141.0,5527901.0,0.0,0.0,12090.0,0.0,0.0,0.0,0.0
2023-03-21 03:55:09.537000+00:00,499712.0,35528704.0,38420480.0,38420480.0,10.15,0.524418358,36.53,1062974.0,0.0,0.0,12153.0,5533134.0,0.0,0.0,12102.0,0.0,0.0,0.0,0.0
2023-03-21 03:55:14.794000+00:00,499712.0,35528704.0,38305792.0,38305792.0,10.15,0.527319252,36.6,1064842.0,0.0,0.0,12174.0,5543450.0,0.0,0.0,12123.0,0.0,0.0,0.0,0.0
2023-03-21 03:55:19.582000+00:00,499712.0,35528704.0,38318080.0,38318080.0,10.16,0.530163747,36.66,1064842.0,0.0,0.0,12174.0,5543450.0,0.0,0.0,12123.0,0.0,0.0,0.0,0.0
2023-03-21 03:55:24.376000+00:00,499712.0,35528704.0,38309888.0,38309888.0,10.17,0.530163747,36.67,1065809.0,0.0,0.0,12185.0,5548641.0,0.0,0.0,12134.0,0.0,0.0,0.0,0.0
2023-03-21 03:55:28.816000+00:00,499712.0,35528704.0,38309888.0,38309888.0,10.19,0.532770454,36.73,1065809.0,0.0,0.0,12185.0,5548641.0,0.0,0.0,12134.0,0.0,0.0,0.0,0.0
2023-03-21 03:55:33.740000+00:00,499712.0,35528704.0,38313984.0,38313984.0,10.19,0.532770454,36.74,1067665.0,0.0,0.0,12206.0,5558965.0,0.0,0.0,12155.0,0.0,0.0,0.0,0.0
2023-03-21 03:55:39.200000+00:00,499712.0,35528704.0,38326272.0,38326272.0,10.21,0.535778463,36.8,1068674.0,0.0,0.0,12218.0,5564198.0,0.0,0.0,12167.0,0.0,0.0,0.0,0.0
2023-03-21 03:55:44.802000+00:00,499712.0,35528704.0,38436864.0,38436864.0,10.21,0.535778463,36.81,1070608.0,0.0,0.0,12240.0,5574580.0,0.0,0.0,12189.0,0.0,0.0,0.0,0.0
2023-03-21 03:55:49.522000+00:00,499712.0,35528704.0,38404096.0,38404096.0,10.22,0.538613068,36.87,1070608.0,0.0,0.0,12240.0,5574580.0,0.0,0.0,12189.0,0.0,0.0,0.0,0.0
2023-03-21 03:55:54.358000+00:00,499712.0,35528704.0,38313984.0,38313984.0,10.22,0.538613068,36.87,1071575.0,0.0,0.0,12251.0,5579771.0,0.0,0.0,12200.0,0.0,0.0,0.0,0.0
2023-03-21 03:55:59.882000+00:00,499712.0,35528704.0,38350848.0,38350848.0,10.24,0.541487142,36.94,1073443.0,0.0,0.0,12272.0,5590087.0,0.0,0.0,12221.0,0.0,0.0,0.0,0.0
2023-03-21 03:56:03.814000+00:00,503808.0,35528704.0,38432768.0,38432768.0,10.24,0.541487142,36.95,1073497.0,0.0,0.0,12273.0,5590161.0,0.0,0.0,12222.0,0.0,0.0,0.0,0.0
2023-03-21 03:56:08.816000+00:00,503808.0,35528704.0,38432768.0,38432768.0,10.24,0.541487142,36.96,1074506.0,0.0,0.0,12285.0,5595394.0,0.0,0.0,12234.0,0.0,0.0,0.0,0.0
2023-03-21 03:56:13.858000+00:00,503808.0,35528704.0,38318080.0,38318080.0,10.25,0.544441715,37.02,1075473.0,0.0,0.0,12296.0,5600585.0,0.0,0.0,12245.0,0.0,0.0,0.0,0.0
2023-03-21 03:56:19.543000+00:00,503808.0,35528704.0,39055360.0,39055360.0,10.26,0.547668333,37.1,1076440.0,0.0,0.0,12307.0,5605776.0,0.0,0.0,12256.0,0.0,0.0,0.0,0.0
2023-03-21 03:56:24.573000+00:00,503808.0,35528704.0,38457344.0,38457344.0,10.26,0.547668333,37.1,1077407.0,0.0,0.0,12318.0,5610967.0,0.0,0.0,12267.0,0.0,0.0,0.0,0.0
2023-03-21 03:56:29.855000+00:00,503808.0,35528704.0,38658048.0,38658048.0,10.27,0.550609084,37.17,1079341.0,0.0,0.0,12340.0,5621349.0,0.0,0.0,12289.0,0.0,0.0,0.0,0.0
2023-03-21 03:56:34.722000+00:00,503808.0,35528704.0,38309888.0,38309888.0,10.27,0.550609084,37.18,1079395.0,0.0,0.0,12341.0,5621423.0,0.0,0.0,12290.0,0.0,0.0,0.0,0.0
2023-03-21 03:56:38.889000+00:00,503808.0,35528704.0,38305792.0,38305792.0,10.27,0.550609084,37.18,1080404.0,0.0,0.0,12353.0,5626656.0,0.0,0.0,12302.0,0.0,0.0,0.0,0.0
2023-03-21 03:56:44.417000+00:00,503808.0,35528704.0,38322176.0,38322176.0,10.29,0.553733066,37.25,1081371.0,0.0,0.0,12364.0,5631847.0,0.0,0.0,12313.0,0.0,0.0,0.0,0.0
2023-03-21 03:56:49.749000+00:00,503808.0,35528704.0,38305792.0,38305792.0,10.29,0.553733066,37.26,1083305.0,0.0,0.0,12386.0,5642163.0,0.0,0.0,12334.0,0.0,0.0,0.0,0.0
2023-03-21 03:56:54.756000+00:00,503808.0,35528704.0,38604800.0,38604800.0,10.3,0.557172502,37.34,1084272.0,0.0,0.0,12397.0,5647354.0,0.0,0.0,12345.0,0.0,0.0,0.0,0.0
2023-03-21 03:56:59.847000+00:00,503808.0,35528704.0,38305792.0,38305792.0,10.3,0.557172502,37.34,1085239.0,0.0,0.0,12408.0,5652545.0,0.0,0.0,12356.0,0.0,0.0,0.0,0.0
2023-03-21 03:57:03.978000+00:00,507904.0,35528704.0,38404096.0,38404096.0,10.32,0.558543254,37.41,1085293.0,0.0,0.0,12409.0,5652619.0,0.0,0.0,12357.0,0.0,0.0,0.0,0.0
2023-03-21 03:57:08.741000+00:00,507904.0,35528704.0,38440960.0,38440960.0,10.32,0.558543254,37.41,1086302.0,0.0,0.0,12421.0,5657852.0,0.0,0.0,12369.0,0.0,0.0,0.0,0.0
2023-03-21 03:57:14.344000+00:00,507904.0,35528704.0,38436864.0,38436864.0,10.34,0.558543254,37.47,1087269.0,0.0,0.0,12432.0,5663043.0,0.0,0.0,12380.0,0.0,0.0,0.0,0.0
2023-03-21 03:57:19.649000+00:00,507904.0,35528704.0,38436864.0,38309888.0,10.34,0.558543254,37.47,1088236.0,0.0,0.0,12443.0,5668234.0,0.0,0.0,12391.0,0.0,0.0,0.0,0.0
2023-03-21 03:57:23.277000+00:00,507904.0,35528704.0,38625280.0,38625280.0,10.36,0.561760475,37.54,1089203.0,0.0,0.0,12454.0,5673425.0,0.0,0.0,12402.0,0.0,0.0,0.0,0.0
2023-03-21 03:57:29.756000+00:00,507904.0,35528704.0,38625280.0,38625280.0,10.36,0.561760475,37.55,1089203.0,0.0,0.0,12476.0,5683807.0,0.0,0.0,12424.0,0.0,0.0,0.0,0.0
2023-03-21 03:57:34.549000+00:00,507904.0,35528704.0,38350848.0,38350848.0,10.37,0.561760475,37.62,1091191.0,0.0,0.0,12477.0,5683881.0,0.0,0.0,12425.0,0.0,0.0,0.0,0.0
2023-03-21 03:57:38.899000+00:00,507904.0,35528704.0,38350848.0,38309888.0,10.37,0.561760475,37.62,1092200.0,0.0,0.0,12489.0,5689114.0,0.0,0.0,12437.0,0.0,0.0,0.0,0.0
2023-03-21 03:57:44.185000+00:00,507904.0,35528704.0,38473728.0,38473728.0,10.39,0.561760475,37.68,1093167.0,0.0,0.0,12500.0,5694305.0,0.0,0.0,12448.0,0.0,0.0,0.0,0.0
2023-03-21 03:57:49.502000+00:00,507904.0,35528704.0,38322176.0,38322176.0,10.39,0.561760475,37.68,1094134.0,0.0,0.0,12511.0,5699496.0,0.0,0.0,12459.0,0.0,0.0,0.0,0.0
2023-03-21 03:57:53.394000+00:00,507904.0,35528704.0,38461440.0,38461440.0,10.42,0.561760475,37.74,1095101.0,0.0,0.0,12522.0,5704687.0,0.0,0.0,12470.0,0.0,0.0,0.0,0.0
2023-03-21 03:57:59.552000+00:00,507904.0,35528704.0,38313984.0,38313984.0,10.43,0.561760475,37.75,1096068.0,0.0,0.0,12533.0,5709878.0,0.0,0.0,12481.0,0.0,0.0,0.0,0.0
2023-03-21 03:58:03.071000+00:00,512000.0,36749312.0,40345600.0,40345600.0,10.43,0.561760475,37.77,1097089.0,0.0,0.0,12545.0,5715143.0,0.0,0.0,12493.0,0.0,0.0,0.0,0.0
2023-03-21 03:58:09.662000+00:00,512000.0,35528704.0,38322176.0,38322176.0,10.45,0.561760475,37.83,1098098.0,0.0,0.0,12557.0,5720376.0,0.0,0.0,12505.0,0.0,0.0,0.0,0.0
2023-03-21 03:58:14.386000+00:00,512000.0,35528704.0,38400000.0,38400000.0,10.47,0.561760475,37.88,1099065.0,0.0,0.0,12568.0,5725567.0,0.0,0.0,12516.0,0.0,0.0,0.0,0.0
2023-03-21 03:58:18.959000+00:00,512000.0,35528704.0,38400000.0,38400000.0,10.47,0.561760475,37.89,1099065.0,0.0,0.0,12568.0,5725567.0,0.0,0.0,12527.0,0.0,0.0,0.0,0.0
2023-03-21 03:58:23.290000+00:00,512000.0,35528704.0,38305792.0,38305792.0,10.47,0.561760475,37.9,1100999.0,0.0,0.0,12590.0,5735949.0,0.0,0.0,12538.0,0.0,0.0,0.0,0.0
2023-03-21 03:58:28.455000+00:00,512000.0,35528704.0,38305792.0,38305792.0,10.5,0.56461595,37.96,1100999.0,0.0,0.0,12590.0,5735949.0,0.0,0.0,12538.0,0.0,0.0,0.0,0.0
2023-03-21 03:58:33.776000+00:00,512000.0,35528704.0,38309888.0,38309888.0,10.51,0.56461595,37.96,1102987.0,0.0,0.0,12613.0,5746405.0,0.0,0.0,12561.0,0.0,0.0,0.0,0.0
2023-03-21 03:58:38.542000+00:00,512000.0,35528704.0,38309888.0,38309888.0,10.52,0.567549888,38.03,1102987.0,0.0,0.0,12624.0,5751572.0,0.0,0.0,12572.0,0.0,0.0,0.0,0.0
2023-03-21 03:58:43.782000+00:00,512000.0,35528704.0,38305792.0,38305792.0,10.52,0.567549888,38.04,1104897.0,0.0,0.0,12635.0,5756763.0,0.0,0.0,12583.0,0.0,0.0,0.0,0.0
2023-03-21 03:58:49.593000+00:00,512000.0,35528704.0,38313984.0,38313984.0,10.53,0.570698642,38.04,1105864.0,0.0,0.0,12646.0,5761954.0,0.0,0.0,12594.0,0.0,0.0,0.0,0.0
2023-03-21 03:58:54.538000+00:00,512000.0,35528704.0,38305792.0,38305792.0,10.53,0.570698642,38.11,1106699.0,0.0,0.0,12655.0,5767013.0,0.0,0.0,12603.0,0.0,0.0,0.0,0.0
2023-03-21 03:58:59.009000+00:00,512000.0,35528704.0,38313984.0,38313984.0,10.56,0.570698642,38.16,1107666.0,0.0,0.0,12666.0,5772204.0,0.0,0.0,12614.0,0.0,0.0,0.0,0.0
2023-03-21 03:59:03.750000+00:00,520192.0,35528704.0,38309888.0,38309888.0,10.56,0.570698642,38.17,1108687.0,0.0,0.0,12678.0,5777469.0,0.0,0.0,12626.0,0.0,0.0,0.0,0.0
2023-03-21 03:59:09.213000+00:00,520192.0,35528704.0,38309888.0,38342656.0,10.57,0.570698642,38.24,1109696.0,0.0,0.0,12690.0,5782702.0,0.0,0.0,12638.0,0.0,0.0,0.0,0.0
2023-03-21 03:59:14.056000+00:00,520192.0,35528704.0,38309888.0,38309888.0,10.57,0.570698642,38.24,1110663.0,0.0,0.0,12701.0,5787893.0,0.0,0.0,12649.0,0.0,0.0,0.0,0.0
2023-03-21 03:59:18.762000+00:00,520192.0,35528704.0,38428672.0,38428672.0,10.58,0.570698642,38.31,1111630.0,0.0,0.0,12712.0,5793084.0,0.0,0.0,12660.0,0.0,0.0,0.0,0.0
2023-03-21 03:59:23.376000+00:00,520192.0,35528704.0,38309888.0,38309888.0,10.58,0.570698642,38.32,1112597.0,0.0,0.0,12723.0,5798275.0,0.0,0.0,12671.0,0.0,0.0,0.0,0.0
2023-03-21 03:59:29.514000+00:00,520192.0,35528704.0,38309888.0,38309888.0,10.6,0.570698642,38.38,1112597.0,0.0,0.0,12723.0,5798275.0,0.0,0.0,12671.0,0.0,0.0,0.0,0.0
2023-03-21 03:59:34.558000+00:00,520192.0,35528704.0,38309888.0,38309888.0,10.6,0.570698642,38.4,1114585.0,0.0,0.0,12746.0,5808731.0,0.0,0.0,12694.0,0.0,0.0,0.0,0.0
2023-03-21 03:59:38.998000+00:00,520192.0,35528704.0,38313984.0,38313984.0,10.62,0.571838496,38.46,1115594.0,0.0,0.0,12758.0,5813964.0,0.0,0.0,12706.0,0.0,0.0,0.0,0.0
2023-03-21 03:59:43.504000+00:00,520192.0,35528704.0,38305792.0,38305792.0,10.62,0.571838496,38.46,1116561.0,0.0,0.0,12769.0,5819155.0,0.0,0.0,12717.0,0.0,0.0,0.0,0.0
2023-03-21 03:59:48.149000+00:00,520192.0,35528704.0,38305792.0,38305792.0,10.64,0.571838496,38.46,1117528.0,0.0,0.0,12780.0,5824346.0,0.0,0.0,12728.0,0.0,0.0,0.0,0.0
2023-03-21 03:59:54.623000+00:00,520192.0,35528704.0,38309888.0,38309888.0,10.64,0.571838496,38.53,1118495.0,0.0,0.0,12791.0,5829537.0,0.0,0.0,12739.0,0.0,0.0,0.0,0.0
2023-03-21 03:59:59.502000+00:00,520192.0,35528704.0,38309888.0,38309888.0,10.66,0.571838496,38.58,1118495.0,0.0,0.0,12791.0,5829537.0,0.0,0.0,12739.0,0.0,0.0,0.0,0.0
2023-03-21 04:00:04.568000+00:00,524288.0,35528704.0,38318080.0,38318080.0,10.67,0.571838496,38.59,1120483.0,0.0,0.0,12814.0,5839993.0,0.0,0.0,12762.0,0.0,0.0,0.0,0.0
2023-03-21 04:00:09.148000+00:00,524288.0,35528704.0,38318080.0,38371328.0,10.69,0.571838496,38.66,1121492.0,0.0,0.0,12826.0,5845226.0,0.0,0.0,12774.0,0.0,0.0,0.0,0.0
2023-03-21 04:00:13.083000+00:00,524288.0,35528704.0,38354944.0,38354944.0,10.69,0.571838496,38.66,1122459.0,0.0,0.0,12837.0,5850417.0,0.0,0.0,12785.0,0.0,0.0,0.0,0.0
2023-03-21 04:00:18.732000+00:00,524288.0,35528704.0,38465536.0,38465536.0,10.71,0.571838496,38.72,1123426.0,0.0,0.0,12848.0,5855608.0,0.0,0.0,12796.0,0.0,0.0,0.0,0.0
2023-03-21 04:00:24.592000+00:00,524288.0,35528704.0,38318080.0,38318080.0,10.71,0.571838496,38.72,1124393.0,0.0,0.0,12859.0,5860799.0,0.0,0.0,12807.0,0.0,0.0,0.0,0.0
2023-03-21 04:00:29.625000+00:00,524288.0,35528704.0,38309888.0,38309888.0,10.72,0.571838496,38.78,1125228.0,0.0,0.0,12868.0,5865858.0,0.0,0.0,12816.0,0.0,0.0,0.0,0.0
2023-03-21 04:00:34.397000+00:00,524288.0,35528704.0,38309888.0,38309888.0,10.72,0.571838496,38.8,1126249.0,0.0,0.0,12880.0,5871123.0,0.0,0.0,12828.0,0.0,0.0,0.0,0.0
2023-03-21 04:00:38.785000+00:00,524288.0,35528704.0,38363136.0,38363136.0,10.74,0.571838496,38.87,1127258.0,0.0,0.0,12892.0,5876356.0,0.0,0.0,12840.0,0.0,0.0,0.0,0.0
2023-03-21 04:00:43.277000+00:00,524288.0,35528704.0,38313984.0,38313984.0,10.74,0.571838496,38.87,1128225.0,0.0,0.0,12903.0,5881547.0,0.0,0.0,12851.0,0.0,0.0,0.0,0.0
2023-03-21 04:00:49.679000+00:00,524288.0,35528704.0,38420480.0,38420480.0,10.75,0.574676126,38.94,1129192.0,0.0,0.0,12914.0,5886738.0,0.0,0.0,12862.0,0.0,0.0,0.0,0.0
2023-03-21 04:00:53.953000+00:00,524288.0,35528704.0,38350848.0,38350848.0,10.75,0.574676126,38.95,1130159.0,0.0,0.0,12925.0,5891929.0,0.0,0.0,12873.0,0.0,0.0,0.0,0.0
2023-03-21 04:00:58.840000+00:00,524288.0,35528704.0,38309888.0,38309888.0,10.75,0.574676126,38.95,1131126.0,0.0,0.0,12936.0,5897120.0,0.0,0.0,12873.0,0.0,0.0,0.0,0.0
2023-03-21 04:01:04.097000+00:00,528384.0,35528704.0,38436864.0,38436864.0,10.77,0.574676126,39.01,1132147.0,0.0,0.0,12948.0,5902385.0,0.0,0.0,12896.0,0.0,0.0,0.0,0.0
2023-03-21 04:01:08.383000+00:00,528384.0,35528704.0,38436864.0,38436864.0,10.77,0.574676126,39.02,1132147.0,0.0,0.0,12948.0,5902385.0,0.0,0.0,12908.0,0.0,0.0,0.0,0.0
2023-03-21 04:01:13.345000+00:00,528384.0,35528704.0,38313984.0,38313984.0,10.8,0.574676126,39.07,1134123.0,0.0,0.0,12971.0,5912809.0,0.0,0.0,12919.0,0.0,0.0,0.0,0.0
2023-03-21 04:01:19.311000+00:00,528384.0,35528704.0,38313984.0,38305792.0,10.8,0.574676126,39.08,1135090.0,0.0,0.0,12982.0,5918000.0,0.0,0.0,12930.0,0.0,0.0,0.0,0.0
2023-03-21 04:01:24.201000+00:00,528384.0,35528704.0,38309888.0,38309888.0,10.82,0.574676126,39.14,1136057.0,0.0,0.0,12993.0,5923191.0,0.0,0.0,12941.0,0.0,0.0,0.0,0.0
2023-03-21 04:01:28.538000+00:00,528384.0,35528704.0,38309888.0,38309888.0,10.82,0.574676126,39.14,1136057.0,0.0,0.0,12993.0,5923191.0,0.0,0.0,12941.0,0.0,0.0,0.0,0.0
2023-03-21 04:01:33.663000+00:00,528384.0,35528704.0,38318080.0,38318080.0,10.84,0.574676126,39.21,1138045.0,0.0,0.0,13016.0,5933647.0,0.0,0.0,12964.0,0.0,0.0,0.0,0.0
2023-03-21 04:01:38.264000+00:00,528384.0,35528704.0,38313984.0,38313984.0,10.84,0.574676126,39.22,1139054.0,0.0,0.0,13028.0,5938880.0,0.0,0.0,12976.0,0.0,0.0,0.0,0.0
2023-03-21 04:01:43.456000+00:00,528384.0,35528704.0,38338560.0,38338560.0,10.86,0.574676126,39.26,1140021.0,0.0,0.0,13039.0,5944071.0,0.0,0.0,12987.0,0.0,0.0,0.0,0.0
2023-03-21 04:01:48.427000+00:00,528384.0,35528704.0,38309888.0,38309888.0,10.86,0.574676126,39.27,1140988.0,0.0,0.0,13050.0,5949262.0,0.0,0.0,12998.0,0.0,0.0,0.0,0.0
2023-03-21 04:01:54.372000+00:00,528384.0,35528704.0,38387712.0,38387712.0,10.87,0.574676126,39.34,1141955.0,0.0,0.0,13061.0,5954453.0,0.0,0.0,13009.0,0.0,0.0,0.0,0.0
2023-03-21 04:01:58.799000+00:00,528384.0,35528704.0,38387712.0,38387712.0,10.87,0.574676126,39.34,1141955.0,0.0,0.0,13061.0,5954453.0,0.0,0.0,13009.0,0.0,0.0,0.0,0.0
2023-03-21 04:02:03.281000+00:00,532480.0,35528704.0,38567936.0,38567936.0,10.9,0.574676126,39.4,1143943.0,0.0,0.0,13084.0,5964909.0,0.0,0.0,13032.0,0.0,0.0,0.0,0.0
2023-03-21 04:02:08.990000+00:00,532480.0,35528704.0,38322176.0,38322176.0,10.9,0.574676126,39.4,1144952.0,0.0,0.0,13096.0,5970142.0,0.0,0.0,13044.0,0.0,0.0,0.0,0.0
2023-03-21 04:02:13.557000+00:00,532480.0,35528704.0,38502400.0,38502400.0,10.9,0.574676126,39.47,1145919.0,0.0,0.0,13107.0,5975333.0,0.0,0.0,13055.0,0.0,0.0,0.0,0.0
2023-03-21 04:02:19.179000+00:00,532480.0,35528704.0,38502400.0,38502400.0,10.9,0.574676126,39.48,1145919.0,0.0,0.0,13118.0,5980524.0,0.0,0.0,13066.0,0.0,0.0,0.0,0.0
2023-03-21 04:02:23.042000+00:00,532480.0,35528704.0,38387712.0,38387712.0,10.92,0.574676126,39.54,1147853.0,0.0,0.0,13129.0,5985715.0,0.0,0.0,13077.0,0.0,0.0,0.0,0.0
2023-03-21 04:02:28.970000+00:00,532480.0,35528704.0,38387712.0,38387712.0,10.92,0.574676126,39.54,1147853.0,0.0,0.0,13129.0,5985715.0,0.0,0.0,13077.0,0.0,0.0,0.0,0.0
2023-03-21 04:02:33.757000+00:00,532480.0,35528704.0,38428672.0,38428672.0,10.94,0.574676126,39.61,1149841.0,0.0,0.0,13152.0,5996171.0,0.0,0.0,13100.0,0.0,0.0,0.0,0.0
2023-03-21 04:02:39.758000+00:00,532480.0,35528704.0,38428672.0,38428672.0,10.94,0.574676126,39.62,1151817.0,0.0,0.0,13175.0,6006595.0,0.0,0.0,13123.0,0.0,0.0,0.0,0.0
2023-03-21 04:02:44.211000+00:00,532480.0,35528704.0,38387712.0,38387712.0,10.96,0.574676126,39.66,1151817.0,0.0,0.0,13175.0,6006595.0,0.0,0.0,13123.0,0.0,0.0,0.0,0.0
2023-03-21 04:02:48.608000+00:00,532480.0,35528704.0,38305792.0,38305792.0,10.96,0.574676126,39.66,1152784.0,0.0,0.0,13186.0,6011786.0,0.0,0.0,13134.0,0.0,0.0,0.0,0.0
2023-03-21 04:02:53.709000+00:00,532480.0,35528704.0,38793216.0,38793216.0,10.98,0.574676126,39.72,1153751.0,0.0,0.0,13197.0,6016977.0,0.0,0.0,13145.0,0.0,0.0,0.0,0.0
2023-03-21 04:02:58.785000+00:00,532480.0,35528704.0,38793216.0,38793216.0,10.98,0.574676126,39.72,1153751.0,0.0,0.0,13197.0,6016977.0,0.0,0.0,13145.0,0.0,0.0,0.0,0.0
2023-03-21 04:03:04.568000+00:00,536576.0,35528704.0,38367232.0,38367232.0,11.0,0.574676126,39.79,1155739.0,0.0,0.0,13220.0,6027433.0,0.0,0.0,13168.0,0.0,0.0,0.0,0.0
2023-03-21 04:03:09.222000+00:00,536576.0,35528704.0,38330368.0,38330368.0,11.0,0.574676126,39.8,1156748.0,0.0,0.0,13232.0,6032666.0,0.0,0.0,13180.0,0.0,0.0,0.0,0.0
2023-03-21 04:03:14.788000+00:00,536576.0,35528704.0,38686720.0,38686720.0,11.02,0.574676126,39.87,1158682.0,0.0,0.0,13254.0,6043048.0,0.0,0.0,13202.0,0.0,0.0,0.0,0.0
2023-03-21 04:03:19.212000+00:00,536576.0,35528704.0,38359040.0,38359040.0,11.02,0.574676126,39.87,1158682.0,0.0,0.0,13254.0,6043048.0,0.0,0.0,13202.0,0.0,0.0,0.0,0.0
2023-03-21 04:03:23.914000+00:00,536576.0,35528704.0,38309888.0,38309888.0,11.02,0.574676126,39.88,1159649.0,0.0,0.0,13265.0,6048239.0,0.0,0.0,13213.0,0.0,0.0,0.0,0.0
2023-03-21 04:03:28.476000+00:00,536576.0,35528704.0,38309888.0,38309888.0,11.06,0.577456601,39.93,1159649.0,0.0,0.0,13265.0,6048239.0,0.0,0.0,13213.0,0.0,0.0,0.0,0.0
2023-03-21 04:03:34.830000+00:00,536576.0,35528704.0,38408192.0,38408192.0,11.07,0.577456601,40.01,1162604.0,0.0,0.0,13299.0,6063886.0,0.0,0.0,13247.0,0.0,0.0,0.0,0.0
2023-03-21 04:03:38.190000+00:00,536576.0,35528704.0,38408192.0,38408192.0,11.07,0.577456601,40.01,1162646.0,0.0,0.0,13300.0,6063928.0,0.0,0.0,13248.0,0.0,0.0,0.0,0.0
2023-03-21 04:03:44.867000+00:00,536576.0,35528704.0,38436864.0,38436864.0,11.07,0.577456601,40.02,1164580.0,0.0,0.0,13322.0,6074310.0,0.0,0.0,13270.0,0.0,0.0,0.0,0.0
2023-03-21 04:03:49.555000+00:00,536576.0,35528704.0,38436864.0,38318080.0,11.09,0.577456601,40.02,1164580.0,0.0,0.0,13322.0,6074310.0,0.0,0.0,13270.0,0.0,0.0,0.0,0.0
2023-03-21 04:03:53.710000+00:00,536576.0,35528704.0,38305792.0,38305792.0,11.09,0.580752077,40.08,1165547.0,0.0,0.0,13333.0,6079501.0,0.0,0.0,13281.0,0.0,0.0,0.0,0.0
2023-03-21 04:03:58.575000+00:00,536576.0,35528704.0,38305792.0,38305792.0,11.12,0.580752077,40.14,1165547.0,0.0,0.0,13333.0,6079501.0,0.0,0.0,13281.0,0.0,0.0,0.0,0.0
2023-03-21 04:04:03.525000+00:00,544768.0,35528704.0,38309888.0,38309888.0,11.12,0.580752077,40.15,1167535.0,0.0,0.0,13356.0,6089957.0,0.0,0.0,13304.0,0.0,0.0,0.0,0.0
2023-03-21 04:04:09.554000+00:00,544768.0,35528704.0,38309888.0,38354944.0,11.13,0.580752077,40.21,1168544.0,0.0,0.0,13368.0,6095190.0,0.0,0.0,13316.0,0.0,0.0,0.0,0.0
2023-03-21 04:04:14.058000+00:00,544768.0,35528704.0,38313984.0,38313984.0,11.13,0.580752077,40.22,1169511.0,0.0,0.0,13379.0,6100381.0,0.0,0.0,13327.0,0.0,0.0,0.0,0.0
2023-03-21 04:04:18.536000+00:00,544768.0,35528704.0,38391808.0,38391808.0,11.16,0.580752077,40.27,1170478.0,0.0,0.0,13390.0,6105572.0,0.0,0.0,13338.0,0.0,0.0,0.0,0.0
2023-03-21 04:04:24.767000+00:00,544768.0,35528704.0,38313984.0,38313984.0,11.16,0.580752077,40.28,1172346.0,0.0,0.0,13411.0,6115888.0,0.0,0.0,13359.0,0.0,0.0,0.0,0.0
2023-03-21 04:04:29.872000+00:00,544768.0,35528704.0,38318080.0,38318080.0,11.18,0.580752077,40.34,1173247.0,0.0,0.0,13421.0,6121013.0,0.0,0.0,13369.0,0.0,0.0,0.0,0.0
2023-03-21 04:04:33.951000+00:00,544768.0,35528704.0,38313984.0,38313984.0,11.18,0.580752077,40.34,1173301.0,0.0,0.0,13422.0,6121087.0,0.0,0.0,13370.0,0.0,0.0,0.0,0.0
2023-03-21 04:04:38.548000+00:00,544768.0,35528704.0,38313984.0,38313984.0,11.22,0.580752077,40.4,1174310.0,0.0,0.0,13434.0,6126320.0,0.0,0.0,13382.0,0.0,0.0,0.0,0.0
2023-03-21 04:04:44.487000+00:00,544768.0,35528704.0,38309888.0,38309888.0,11.22,0.580752077,40.41,1175277.0,0.0,0.0,13445.0,6131511.0,0.0,0.0,13393.0,0.0,0.0,0.0,0.0
2023-03-21 04:04:49.851000+00:00,544768.0,35528704.0,38395904.0,38395904.0,11.22,0.580752077,40.48,1177211.0,0.0,0.0,13467.0,6141893.0,0.0,0.0,13415.0,0.0,0.0,0.0,0.0
2023-03-21 04:04:54.467000+00:00,544768.0,35528704.0,38375424.0,38375424.0,11.22,0.580752077,40.48,1177211.0,0.0,0.0,13467.0,6141893.0,0.0,0.0,13415.0,0.0,0.0,0.0,0.0
2023-03-21 04:04:59.202000+00:00,544768.0,35528704.0,38379520.0,38379520.0,11.25,0.580752077,40.54,1178178.0,0.0,0.0,13478.0,6147084.0,0.0,0.0,13415.0,0.0,0.0,0.0,0.0
2023-03-21 04:05:04.714000+00:00,548864.0,35528704.0,38305792.0,38305792.0,11.25,0.580752077,40.55,1179067.0,0.0,0.0,13488.0,6152217.0,0.0,0.0,13436.0,0.0,0.0,0.0,0.0
2023-03-21 04:05:08.565000+00:00,548864.0,35528704.0,38305792.0,38305792.0,11.25,0.580752077,40.55,1179067.0,0.0,0.0,13500.0,6157450.0,0.0,0.0,13448.0,0.0,0.0,0.0,0.0
2023-03-21 04:05:14.814000+00:00,548864.0,35528704.0,38309888.0,38309888.0,11.26,0.580752077,40.63,1181944.0,0.0,0.0,13521.0,6167766.0,0.0,0.0,13469.0,0.0,0.0,0.0,0.0
2023-03-21 04:05:19.425000+00:00,548864.0,35528704.0,38309888.0,38662144.0,11.27,0.580752077,40.63,1181944.0,0.0,0.0,13521.0,6167766.0,0.0,0.0,13469.0,0.0,0.0,0.0,0.0
2023-03-21 04:05:24.557000+00:00,548864.0,35528704.0,38322176.0,38322176.0,11.27,0.580752077,40.7,1182911.0,0.0,0.0,13532.0,6172957.0,0.0,0.0,13480.0,0.0,0.0,0.0,0.0
2023-03-21 04:05:29.288000+00:00,548864.0,35528704.0,38305792.0,38305792.0,11.27,0.580752077,40.7,1183878.0,0.0,0.0,13543.0,6178148.0,0.0,0.0,13491.0,0.0,0.0,0.0,0.0
2023-03-21 04:05:34.565000+00:00,548864.0,35528704.0,38432768.0,38432768.0,11.29,0.580752077,40.77,1184899.0,0.0,0.0,13555.0,6183413.0,0.0,0.0,13503.0,0.0,0.0,0.0,0.0
2023-03-21 04:05:39.284000+00:00,548864.0,35528704.0,38432768.0,38305792.0,11.29,0.580752077,40.77,1185884.0,0.0,0.0,13567.0,6188622.0,0.0,0.0,13515.0,0.0,0.0,0.0,0.0
2023-03-21 04:05:43.680000+00:00,548864.0,35528704.0,38313984.0,38313984.0,11.32,0.580752077,40.83,1186851.0,0.0,0.0,13578.0,6193813.0,0.0,0.0,13526.0,0.0,0.0,0.0,0.0
2023-03-21 04:05:49.806000+00:00,548864.0,35528704.0,38305792.0,38305792.0,11.32,0.580752077,40.84,1188785.0,0.0,0.0,13600.0,6204195.0,0.0,0.0,13548.0,0.0,0.0,0.0,0.0
2023-03-21 04:05:53.313000+00:00,548864.0,35528704.0,38322176.0,38322176.0,11.34,0.580752077,40.9,1188785.0,0.0,0.0,13600.0,6204195.0,0.0,0.0,13548.0,0.0,0.0,0.0,0.0
2023-03-21 04:05:58.386000+00:00,548864.0,35528704.0,38322176.0,38322176.0,11.34,0.580752077,40.9,1188785.0,0.0,0.0,13600.0,6204195.0,0.0,0.0,13548.0,0.0,0.0,0.0,0.0
2023-03-21 04:06:04.179000+00:00,552960.0,35528704.0,38342656.0,38342656.0,11.36,0.580752077,40.97,1190773.0,0.0,0.0,13623.0,6214651.0,0.0,0.0,13571.0,0.0,0.0,0.0,0.0
2023-03-21 04:06:09.268000+00:00,552960.0,35528704.0,38305792.0,38305792.0,11.36,0.580752077,40.97,1191716.0,0.0,0.0,13634.0,6219818.0,0.0,0.0,13582.0,0.0,0.0,0.0,0.0
2023-03-21 04:06:13.537000+00:00,552960.0,35528704.0,38334464.0,38334464.0,11.38,0.580752077,41.04,1192683.0,0.0,0.0,13645.0,6225009.0,0.0,0.0,13593.0,0.0,0.0,0.0,0.0
2023-03-21 04:06:19.536000+00:00,552960.0,35528704.0,38309888.0,38309888.0,11.38,0.580752077,41.04,1193650.0,0.0,0.0,13656.0,6230200.0,0.0,0.0,13604.0,0.0,0.0,0.0,0.0
2023-03-21 04:06:23.924000+00:00,552960.0,35528704.0,38481920.0,38481920.0,11.4,0.580752077,41.1,1194617.0,0.0,0.0,13667.0,6235391.0,0.0,0.0,13615.0,0.0,0.0,0.0,0.0
2023-03-21 04:06:28.697000+00:00,552960.0,35528704.0,38481920.0,38481920.0,11.4,0.580752077,41.1,1194617.0,0.0,0.0,13667.0,6235391.0,0.0,0.0,13615.0,0.0,0.0,0.0,0.0
2023-03-21 04:06:34.591000+00:00,552960.0,35528704.0,38387712.0,38387712.0,11.42,0.580752077,41.18,1196605.0,0.0,0.0,13690.0,6245847.0,0.0,0.0,13638.0,0.0,0.0,0.0,0.0
2023-03-21 04:06:39.788000+00:00,552960.0,35528704.0,38387712.0,38387712.0,11.42,0.580752077,41.18,1198623.0,0.0,0.0,13714.0,6256313.0,0.0,0.0,13662.0,0.0,0.0,0.0,0.0
2023-03-21 04:06:44.213000+00:00,552960.0,35528704.0,38338560.0,38338560.0,11.44,0.580752077,41.25,1198623.0,0.0,0.0,13714.0,6256313.0,0.0,0.0,13662.0,0.0,0.0,0.0,0.0
2023-03-21 04:06:48.672000+00:00,552960.0,35528704.0,38305792.0,38305792.0,11.44,0.580752077,41.26,1199590.0,0.0,0.0,13725.0,6261504.0,0.0,0.0,13673.0,0.0,0.0,0.0,0.0
2023-03-21 04:06:54.536000+00:00,552960.0,35528704.0,38322176.0,38322176.0,11.45,0.580752077,41.32,1200557.0,0.0,0.0,13736.0,6266695.0,0.0,0.0,13684.0,0.0,0.0,0.0,0.0
2023-03-21 04:06:59.319000+00:00,552960.0,35528704.0,38305792.0,38305792.0,11.45,0.580752077,41.33,1201524.0,0.0,0.0,13747.0,6271886.0,0.0,0.0,13695.0,0.0,0.0,0.0,0.0
2023-03-21 04:07:04.024000+00:00,557056.0,35528704.0,38633472.0,38633472.0,11.47,0.581429222,41.4,1202545.0,0.0,0.0,13759.0,6277151.0,0.0,0.0,13707.0,0.0,0.0,0.0,0.0
2023-03-21 04:07:08.911000+00:00,557056.0,35528704.0,38309888.0,38309888.0,11.47,0.581429222,41.4,1203554.0,0.0,0.0,13771.0,6282384.0,0.0,0.0,13719.0,0.0,0.0,0.0,0.0
2023-03-21 04:07:14.080000+00:00,557056.0,35528704.0,38531072.0,38531072.0,11.47,0.581429222,41.48,1204521.0,0.0,0.0,13782.0,6287575.0,0.0,0.0,13730.0,0.0,0.0,0.0,0.0
2023-03-21 04:07:18.981000+00:00,557056.0,35528704.0,38305792.0,38305792.0,11.47,0.581429222,41.48,1205488.0,0.0,0.0,13793.0,6292766.0,0.0,0.0,13741.0,0.0,0.0,0.0,0.0
2023-03-21 04:07:23.976000+00:00,557056.0,35528704.0,38445056.0,38445056.0,11.49,0.581429222,41.54,1206455.0,0.0,0.0,13804.0,6297957.0,0.0,0.0,13752.0,0.0,0.0,0.0,0.0
2023-03-21 04:07:28.640000+00:00,557056.0,35528704.0,38445056.0,38445056.0,11.49,0.581429222,41.54,1206455.0,0.0,0.0,13804.0,6297957.0,0.0,0.0,13752.0,0.0,0.0,0.0,0.0
2023-03-21 04:07:34.294000+00:00,557056.0,35528704.0,38461440.0,38461440.0,11.51,0.581429222,41.61,1208443.0,0.0,0.0,13827.0,6308413.0,0.0,0.0,13775.0,0.0,0.0,0.0,0.0
2023-03-21 04:07:39.116000+00:00,557056.0,35528704.0,38461440.0,38461440.0,11.51,0.581429222,41.62,1208443.0,0.0,0.0,13827.0,6313688.0,0.0,0.0,13788.0,0.0,0.0,0.0,0.0
2023-03-21 04:07:43.870000+00:00,557056.0,35528704.0,38490112.0,38490112.0,11.54,0.581429222,41.68,1210461.0,0.0,0.0,13851.0,6318879.0,0.0,0.0,13799.0,0.0,0.0,0.0,0.0
2023-03-21 04:07:48.847000+00:00,557056.0,35528704.0,38490112.0,38313984.0,11.54,0.581429222,41.69,1211428.0,0.0,0.0,13862.0,6324070.0,0.0,0.0,13810.0,0.0,0.0,0.0,0.0
2023-03-21 04:07:53.012000+00:00,557056.0,35528704.0,38305792.0,38305792.0,11.54,0.581429222,41.7,1212395.0,0.0,0.0,13873.0,6329261.0,0.0,0.0,13821.0,0.0,0.0,0.0,0.0
2023-03-21 04:07:58.045000+00:00,557056.0,35528704.0,38305792.0,38305792.0,11.56,0.581429222,41.75,1212395.0,0.0,0.0,13873.0,6329261.0,0.0,0.0,13821.0,0.0,0.0,0.0,0.0
2023-03-21 04:08:04.806000+00:00,561152.0,35528704.0,38584320.0,38584320.0,11.58,0.581429222,41.83,1215350.0,0.0,0.0,13907.0,6344908.0,0.0,0.0,13855.0,0.0,0.0,0.0,0.0
2023-03-21 04:08:09.647000+00:00,561152.0,35528704.0,38318080.0,38318080.0,11.58,0.581429222,41.83,1215392.0,0.0,0.0,13908.0,6344950.0,0.0,0.0,13856.0,0.0,0.0,0.0,0.0
2023-03-21 04:08:14.370000+00:00,561152.0,35528704.0,38572032.0,38572032.0,11.59,0.581429222,41.9,1216359.0,0.0,0.0,13919.0,6350141.0,0.0,0.0,13867.0,0.0,0.0,0.0,0.0
2023-03-21 04:08:19.236000+00:00,561152.0,35528704.0,38346752.0,38346752.0,11.59,0.581429222,41.9,1217326.0,0.0,0.0,13930.0,6355332.0,0.0,0.0,13878.0,0.0,0.0,0.0,0.0
2023-03-21 04:08:24.239000+00:00,561152.0,35528704.0,38309888.0,38309888.0,11.59,0.581429222,41.91,1218293.0,0.0,0.0,13941.0,6360523.0,0.0,0.0,13889.0,0.0,0.0,0.0,0.0
2023-03-21 04:08:29.483000+00:00,561152.0,35528704.0,38309888.0,38309888.0,11.62,0.581429222,41.97,1218293.0,0.0,0.0,13941.0,6360523.0,0.0,0.0,13889.0,0.0,0.0,0.0,0.0
2023-03-21 04:08:34.175000+00:00,561152.0,35528704.0,38432768.0,38432768.0,11.62,0.581429222,41.98,1220281.0,0.0,0.0,13964.0,6370979.0,0.0,0.0,13912.0,0.0,0.0,0.0,0.0
2023-03-21 04:08:39.849000+00:00,561152.0,35528704.0,38305792.0,38305792.0,11.64,0.581429222,42.04,1222299.0,0.0,0.0,13988.0,6381445.0,0.0,0.0,13936.0,0.0,0.0,0.0,0.0
2023-03-21 04:08:43.342000+00:00,561152.0,35528704.0,38305792.0,38305792.0,11.64,0.581429222,42.04,1222299.0,0.0,0.0,13988.0,6381445.0,0.0,0.0,13936.0,0.0,0.0,0.0,0.0
2023-03-21 04:08:48.532000+00:00,561152.0,35528704.0,38305792.0,38305792.0,11.66,0.581429222,42.1,1222299.0,0.0,0.0,13999.0,6386636.0,0.0,0.0,13947.0,0.0,0.0,0.0,0.0
2023-03-21 04:08:54.371000+00:00,561152.0,35528704.0,38305792.0,38305792.0,11.66,0.581429222,42.1,1224233.0,0.0,0.0,14010.0,6391827.0,0.0,0.0,13958.0,0.0,0.0,0.0,0.0
2023-03-21 04:08:58.512000+00:00,561152.0,35528704.0,38305792.0,38305792.0,11.67,0.581429222,42.17,1224233.0,0.0,0.0,14010.0,6391827.0,0.0,0.0,13958.0,0.0,0.0,0.0,0.0
2023-03-21 04:09:03.900000+00:00,569344.0,35532800.0,38309888.0,38309888.0,11.67,0.581429222,42.18,1226221.0,0.0,0.0,14033.0,6402217.0,0.0,0.0,13980.0,0.0,0.0,0.0,0.0
2023-03-21 04:09:08.930000+00:00,569344.0,35532800.0,38309888.0,38416384.0,11.68,0.584099549,42.18,1227230.0,0.0,0.0,14045.0,6407450.0,0.0,0.0,13992.0,0.0,0.0,0.0,0.0
2023-03-21 04:09:14.583000+00:00,569344.0,35532800.0,38309888.0,38309888.0,11.69,0.584099549,42.26,1228197.0,0.0,0.0,14056.0,6412641.0,0.0,0.0,14003.0,0.0,0.0,0.0,0.0
2023-03-21 04:09:19.819000+00:00,569344.0,35532800.0,38354944.0,38354944.0,11.7,0.584099549,42.26,1230131.0,0.0,0.0,14078.0,6423023.0,0.0,0.0,14025.0,0.0,0.0,0.0,0.0
2023-03-21 04:09:23.196000+00:00,569344.0,35532800.0,38318080.0,38318080.0,11.7,0.587052946,42.34,1230131.0,0.0,0.0,14078.0,6423023.0,0.0,0.0,14025.0,0.0,0.0,0.0,0.0
2023-03-21 04:09:29.689000+00:00,569344.0,35532800.0,38318080.0,38318080.0,11.72,0.589959404,42.4,1230131.0,0.0,0.0,14078.0,6423023.0,0.0,0.0,14025.0,0.0,0.0,0.0,0.0
2023-03-21 04:09:34.147000+00:00,569344.0,35532800.0,38309888.0,38309888.0,11.72,0.589959404,42.41,1231987.0,0.0,0.0,14099.0,6433347.0,0.0,0.0,14046.0,0.0,0.0,0.0,0.0
2023-03-21 04:09:38.839000+00:00,569344.0,35532800.0,38338560.0,38338560.0,11.75,0.592612974,42.47,1232972.0,0.0,0.0,14111.0,6438556.0,0.0,0.0,14058.0,0.0,0.0,0.0,0.0
2023-03-21 04:09:44.518000+00:00,569344.0,35532800.0,38318080.0,38318080.0,11.75,0.592612974,42.48,1233939.0,0.0,0.0,14122.0,6443747.0,0.0,0.0,14069.0,0.0,0.0,0.0,0.0
2023-03-21 04:09:49.169000+00:00,569344.0,35532800.0,38318080.0,38318080.0,11.77,0.595546951,42.54,1233939.0,0.0,0.0,14133.0,6448938.0,0.0,0.0,14080.0,0.0,0.0,0.0,0.0
2023-03-21 04:09:54.121000+00:00,569344.0,35532800.0,38318080.0,38318080.0,11.77,0.595546951,42.54,1235873.0,0.0,0.0,14144.0,6454129.0,0.0,0.0,14091.0,0.0,0.0,0.0,0.0
2023-03-21 04:09:59.583000+00:00,569344.0,35532800.0,38318080.0,38318080.0,11.79,0.598387107,42.6,1235873.0,0.0,0.0,14144.0,6454129.0,0.0,0.0,14091.0,0.0,0.0,0.0,0.0
2023-03-21 04:10:03.827000+00:00,573440.0,35532800.0,38436864.0,38436864.0,11.79,0.598387107,42.61,1237861.0,0.0,0.0,14167.0,6464585.0,0.0,0.0,14114.0,0.0,0.0,0.0,0.0
2023-03-21 04:10:08.917000+00:00,573440.0,35532800.0,38436864.0,38436864.0,11.81,0.60121277,42.67,1237861.0,0.0,0.0,14179.0,6469818.0,0.0,0.0,14126.0,0.0,0.0,0.0,0.0
2023-03-21 04:10:14.795000+00:00,573440.0,35532800.0,38309888.0,38309888.0,11.81,0.60121277,42.68,1240804.0,0.0,0.0,14201.0,6480200.0,0.0,0.0,14148.0,0.0,0.0,0.0,0.0
2023-03-21 04:10:18.567000+00:00,573440.0,35532800.0,38309888.0,38424576.0,11.82,0.604756079,42.68,1240804.0,0.0,0.0,14201.0,6480200.0,0.0,0.0,14148.0,0.0,0.0,0.0,0.0
2023-03-21 04:10:24.495000+00:00,573440.0,35532800.0,38313984.0,38313984.0,11.82,0.604756079,42.74,1241639.0,0.0,0.0,14210.0,6485259.0,0.0,0.0,14157.0,0.0,0.0,0.0,0.0
2023-03-21 04:10:29.189000+00:00,573440.0,35532800.0,38350848.0,38350848.0,11.85,0.609486549,42.8,1242606.0,0.0,0.0,14221.0,6490450.0,0.0,0.0,14168.0,0.0,0.0,0.0,0.0
2023-03-21 04:10:33.808000+00:00,573440.0,35532800.0,38436864.0,38436864.0,11.85,0.609486549,42.82,1243627.0,0.0,0.0,14233.0,6495715.0,0.0,0.0,14180.0,0.0,0.0,0.0,0.0
2023-03-21 04:10:39.686000+00:00,573440.0,35532800.0,38481920.0,38481920.0,11.88,0.609486549,42.87,1244678.0,0.0,0.0,14246.0,6500990.0,0.0,0.0,14193.0,0.0,0.0,0.0,0.0
2023-03-21 04:10:44.309000+00:00,573440.0,35532800.0,38318080.0,38318080.0,11.88,0.609486549,42.88,1245579.0,0.0,0.0,14256.0,6506115.0,0.0,0.0,14203.0,0.0,0.0,0.0,0.0
2023-03-21 04:10:49.451000+00:00,573440.0,35532800.0,38608896.0,38608896.0,11.9,0.609486549,42.94,1246546.0,0.0,0.0,14267.0,6511306.0,0.0,0.0,14214.0,0.0,0.0,0.0,0.0
2023-03-21 04:10:53.144000+00:00,573440.0,35532800.0,38391808.0,38391808.0,11.9,0.609486549,42.95,1247513.0,0.0,0.0,14278.0,6516497.0,0.0,0.0,14225.0,0.0,0.0,0.0,0.0
2023-03-21 04:10:59.706000+00:00,573440.0,35532800.0,38674432.0,38674432.0,11.92,0.609486549,43.01,1248480.0,0.0,0.0,14289.0,6521688.0,0.0,0.0,14236.0,0.0,0.0,0.0,0.0
2023-03-21 04:11:04.188000+00:00,577536.0,35532800.0,38313984.0,38313984.0,11.92,0.609486549,43.02,1249501.0,0.0,0.0,14301.0,6526953.0,0.0,0.0,14248.0,0.0,0.0,0.0,0.0
2023-03-21 04:11:09.314000+00:00,577536.0,35532800.0,38309888.0,38309888.0,11.92,0.609486549,43.03,1250552.0,0.0,0.0,14314.0,6532228.0,0.0,0.0,14261.0,0.0,0.0,0.0,0.0
2023-03-21 04:11:13.518000+00:00,577536.0,35532800.0,38330368.0,38330368.0,11.93,0.609486549,43.09,1251519.0,0.0,0.0,14325.0,6537419.0,0.0,0.0,14272.0,0.0,0.0,0.0,0.0
2023-03-21 04:11:18.275000+00:00,577536.0,35532800.0,38330368.0,38309888.0,11.93,0.609486549,43.1,1252486.0,0.0,0.0,14336.0,6542610.0,0.0,0.0,14283.0,0.0,0.0,0.0,0.0
2023-03-21 04:11:23.736000+00:00,577536.0,35532800.0,38371328.0,38371328.0,11.96,0.609486549,43.15,1253453.0,0.0,0.0,14347.0,6547801.0,0.0,0.0,14294.0,0.0,0.0,0.0,0.0
2023-03-21 04:11:28.817000+00:00,577536.0,35532800.0,38371328.0,38371328.0,11.96,0.609486549,43.15,1253453.0,0.0,0.0,14347.0,6547801.0,0.0,0.0,14294.0,0.0,0.0,0.0,0.0
2023-03-21 04:11:34.094000+00:00,577536.0,35532800.0,38359040.0,38359040.0,11.96,0.609486549,43.23,1255441.0,0.0,0.0,14370.0,6558257.0,0.0,0.0,14317.0,0.0,0.0,0.0,0.0
2023-03-21 04:11:38.945000+00:00,577536.0,35532800.0,38359040.0,38313984.0,11.96,0.609486549,43.24,1256492.0,0.0,0.0,14383.0,6563532.0,0.0,0.0,14330.0,0.0,0.0,0.0,0.0
2023-03-21 04:11:44.427000+00:00,577536.0,35532800.0,38465536.0,38465536.0,11.99,0.609486549,43.3,1257459.0,0.0,0.0,14394.0,6568723.0,0.0,0.0,14341.0,0.0,0.0,0.0,0.0
2023-03-21 04:11:49.216000+00:00,577536.0,35532800.0,38313984.0,38313984.0,11.99,0.609486549,43.3,1258426.0,0.0,0.0,14405.0,6573914.0,0.0,0.0,14352.0,0.0,0.0,0.0,0.0
2023-03-21 04:11:53.837000+00:00,577536.0,35532800.0,38391808.0,38391808.0,12.01,0.609486549,43.36,1259393.0,0.0,0.0,14416.0,6579105.0,0.0,0.0,14363.0,0.0,0.0,0.0,0.0
2023-03-21 04:11:59.476000+00:00,577536.0,35532800.0,38309888.0,38309888.0,12.02,0.609486549,43.36,1260360.0,0.0,0.0,14427.0,6584296.0,0.0,0.0,14374.0,0.0,0.0,0.0,0.0
2023-03-21 04:12:04.004000+00:00,581632.0,35532800.0,38658048.0,38658048.0,12.04,0.609486549,43.43,1261381.0,0.0,0.0,14439.0,6589561.0,0.0,0.0,14386.0,0.0,0.0,0.0,0.0
2023-03-21 04:12:09.676000+00:00,581632.0,35532800.0,38330368.0,38330368.0,12.04,0.609486549,43.44,1262432.0,0.0,0.0,14452.0,6594836.0,0.0,0.0,14399.0,0.0,0.0,0.0,0.0
2023-03-21 04:12:14.615000+00:00,581632.0,35532800.0,38658048.0,38658048.0,12.06,0.609486549,43.5,1263399.0,0.0,0.0,14463.0,6600027.0,0.0,0.0,14410.0,0.0,0.0,0.0,0.0
2023-03-21 04:12:19.418000+00:00,581632.0,35532800.0,38322176.0,38322176.0,12.06,0.609486549,43.5,1264366.0,0.0,0.0,14474.0,6605218.0,0.0,0.0,14421.0,0.0,0.0,0.0,0.0
2023-03-21 04:12:23.575000+00:00,581632.0,35532800.0,38531072.0,38531072.0,12.07,0.609486549,43.56,1265333.0,0.0,0.0,14485.0,6610409.0,0.0,0.0,14432.0,0.0,0.0,0.0,0.0
2023-03-21 04:12:29.773000+00:00,581632.0,35532800.0,38531072.0,38531072.0,12.07,0.609486549,43.57,1265333.0,0.0,0.0,14485.0,6610409.0,0.0,0.0,14432.0,0.0,0.0,0.0,0.0
2023-03-21 04:12:34.654000+00:00,581632.0,35532800.0,38522880.0,38522880.0,12.1,0.609486549,43.64,1267321.0,0.0,0.0,14508.0,6620865.0,0.0,0.0,14455.0,0.0,0.0,0.0,0.0
2023-03-21 04:12:39.684000+00:00,581632.0,35532800.0,38522880.0,38326272.0,12.1,0.609486549,43.64,1268372.0,0.0,0.0,14521.0,6626140.0,0.0,0.0,14468.0,0.0,0.0,0.0,0.0
2023-03-21 04:12:44.667000+00:00,581632.0,35532800.0,38535168.0,38535168.0,12.11,0.609486549,43.7,1269339.0,0.0,0.0,14532.0,6631331.0,0.0,0.0,14479.0,0.0,0.0,0.0,0.0
2023-03-21 04:12:49.323000+00:00,581632.0,35532800.0,38326272.0,38326272.0,12.11,0.609486549,43.7,1270306.0,0.0,0.0,14543.0,6636522.0,0.0,0.0,14490.0,0.0,0.0,0.0,0.0
2023-03-21 04:12:54.235000+00:00,581632.0,35532800.0,38539264.0,38539264.0,12.14,0.609486549,43.76,1271273.0,0.0,0.0,14554.0,6641713.0,0.0,0.0,14501.0,0.0,0.0,0.0,0.0
2023-03-21 04:12:58.618000+00:00,581632.0,35532800.0,38539264.0,38539264.0,12.14,0.609486549,43.77,1271273.0,0.0,0.0,14554.0,6641713.0,0.0,0.0,14501.0,0.0,0.0,0.0,0.0
2023-03-21 04:13:03.326000+00:00,585728.0,35532800.0,38309888.0,38309888.0,12.14,0.609486549,43.78,1273261.0,0.0,0.0,14577.0,6652169.0,0.0,0.0,14524.0,0.0,0.0,0.0,0.0
2023-03-21 04:13:08.580000+00:00,585728.0,35532800.0,38342656.0,38342656.0,12.16,0.609486549,43.84,1274312.0,0.0,0.0,14590.0,6657444.0,0.0,0.0,14537.0,0.0,0.0,0.0,0.0
2023-03-21 04:13:14.260000+00:00,585728.0,35532800.0,38658048.0,38658048.0,12.18,0.609486549,43.9,1275279.0,0.0,0.0,14601.0,6662635.0,0.0,0.0,14548.0,0.0,0.0,0.0,0.0
2023-03-21 04:13:18.960000+00:00,585728.0,35532800.0,38326272.0,38326272.0,12.18,0.609486549,43.9,1276246.0,0.0,0.0,14612.0,6667826.0,0.0,0.0,14559.0,0.0,0.0,0.0,0.0
2023-03-21 04:13:24.102000+00:00,585728.0,35532800.0,38674432.0,38674432.0,12.21,0.609486549,43.96,1277213.0,0.0,0.0,14623.0,6673017.0,0.0,0.0,14570.0,0.0,0.0,0.0,0.0
2023-03-21 04:13:28.821000+00:00,585728.0,35532800.0,38674432.0,38674432.0,12.21,0.609486549,43.97,1277213.0,0.0,0.0,14623.0,6678208.0,0.0,0.0,14581.0,0.0,0.0,0.0,0.0
2023-03-21 04:13:33.193000+00:00,585728.0,35532800.0,38440960.0,38440960.0,12.21,0.609486549,43.98,1279201.0,0.0,0.0,14646.0,6683473.0,0.0,0.0,14593.0,0.0,0.0,0.0,0.0
2023-03-21 04:13:39.335000+00:00,585728.0,35532800.0,38440960.0,38440960.0,12.23,0.609486549,44.04,1279201.0,0.0,0.0,14659.0,6688748.0,0.0,0.0,14606.0,0.0,0.0,0.0,0.0
2023-03-21 04:13:44.158000+00:00,585728.0,35532800.0,38318080.0,38318080.0,12.23,0.609486549,44.04,1281219.0,0.0,0.0,14670.0,6693939.0,0.0,0.0,14617.0,0.0,0.0,0.0,0.0
2023-03-21 04:13:49.820000+00:00,585728.0,35532800.0,38322176.0,38322176.0,12.25,0.609486549,44.04,1283153.0,0.0,0.0,14692.0,6704321.0,0.0,0.0,14639.0,0.0,0.0,0.0,0.0
2023-03-21 04:13:54.608000+00:00,585728.0,35532800.0,38309888.0,38309888.0,12.25,0.609486549,44.1,1283153.0,0.0,0.0,14692.0,6704321.0,0.0,0.0,14639.0,0.0,0.0,0.0,0.0
2023-03-21 04:13:59.301000+00:00,585728.0,35532800.0,38326272.0,38326272.0,12.26,0.609486549,44.16,1284120.0,0.0,0.0,14703.0,6709512.0,0.0,0.0,14650.0,0.0,0.0,0.0,0.0
2023-03-21 04:14:03.669000+00:00,593920.0,35532800.0,38436864.0,38436864.0,12.26,0.609486549,44.18,1285141.0,0.0,0.0,14715.0,6714777.0,0.0,0.0,14662.0,0.0,0.0,0.0,0.0
2023-03-21 04:14:09.255000+00:00,593920.0,35532800.0,38367232.0,38367232.0,12.28,0.609486549,44.24,1286192.0,0.0,0.0,14728.0,6720052.0,0.0,0.0,14675.0,0.0,0.0,0.0,0.0
2023-03-21 04:14:13.797000+00:00,593920.0,35532800.0,38313984.0,38313984.0,12.28,0.609486549,44.25,1287159.0,0.0,0.0,14739.0,6725243.0,0.0,0.0,14686.0,0.0,0.0,0.0,0.0
2023-03-21 04:14:19.512000+00:00,593920.0,35532800.0,38322176.0,38322176.0,12.29,0.609486549,44.32,1288126.0,0.0,0.0,14750.0,6730434.0,0.0,0.0,14697.0,0.0,0.0,0.0,0.0
2023-03-21 04:14:24.434000+00:00,593920.0,35532800.0,38313984.0,38313984.0,12.29,0.609486549,44.32,1289093.0,0.0,0.0,14761.0,6735625.0,0.0,0.0,14708.0,0.0,0.0,0.0,0.0
2023-03-21 04:14:28.841000+00:00,593920.0,35532800.0,38313984.0,38313984.0,12.31,0.609486549,44.38,1289093.0,0.0,0.0,14761.0,6735625.0,0.0,0.0,14708.0,0.0,0.0,0.0,0.0
2023-03-21 04:14:34.278000+00:00,593920.0,35532800.0,38436864.0,38436864.0,12.31,0.609486549,44.39,1291081.0,0.0,0.0,14784.0,6746081.0,0.0,0.0,14731.0,0.0,0.0,0.0,0.0
2023-03-21 04:14:38.420000+00:00,593920.0,35532800.0,38436864.0,38436864.0,12.32,0.609486549,44.46,1291081.0,0.0,0.0,14784.0,6751356.0,0.0,0.0,14744.0,0.0,0.0,0.0,0.0
2023-03-21 04:14:44.770000+00:00,593920.0,35532800.0,38440960.0,38440960.0,12.32,0.609486549,44.47,1294066.0,0.0,0.0,14819.0,6761738.0,0.0,0.0,14766.0,0.0,0.0,0.0,0.0
2023-03-21 04:14:49.578000+00:00,593920.0,35532800.0,38440960.0,38322176.0,12.34,0.609486549,44.47,1294066.0,0.0,0.0,14819.0,6761738.0,0.0,0.0,14766.0,0.0,0.0,0.0,0.0
2023-03-21 04:14:53.292000+00:00,593920.0,35532800.0,38309888.0,38309888.0,12.34,0.609486549,44.53,1294967.0,0.0,0.0,14829.0,6766863.0,0.0,0.0,14776.0,0.0,0.0,0.0,0.0
2023-03-21 04:14:59.289000+00:00,593920.0,35532800.0,38309888.0,38453248.0,12.36,0.609486549,44.59,1295934.0,0.0,0.0,14840.0,6772054.0,0.0,0.0,14787.0,0.0,0.0,0.0,0.0
2023-03-21 04:15:04.426000+00:00,598016.0,35532800.0,38436864.0,38436864.0,12.36,0.609486549,44.6,1296955.0,0.0,0.0,14852.0,6777319.0,0.0,0.0,14799.0,0.0,0.0,0.0,0.0
2023-03-21 04:15:08.686000+00:00,598016.0,35532800.0,38551552.0,38551552.0,12.38,0.609486549,44.66,1298006.0,0.0,0.0,14865.0,6782594.0,0.0,0.0,14812.0,0.0,0.0,0.0,0.0
2023-03-21 04:15:14.115000+00:00,598016.0,35532800.0,38318080.0,38318080.0,12.38,0.609486549,44.67,1298973.0,0.0,0.0,14876.0,6787785.0,0.0,0.0,14823.0,0.0,0.0,0.0,0.0
2023-03-21 04:15:18.681000+00:00,598016.0,35532800.0,38432768.0,38432768.0,12.4,0.609486549,44.73,1299940.0,0.0,0.0,14887.0,6792976.0,0.0,0.0,14834.0,0.0,0.0,0.0,0.0
2023-03-21 04:15:24.346000+00:00,598016.0,35532800.0,38322176.0,38322176.0,12.4,0.609486549,44.74,1300907.0,0.0,0.0,14898.0,6798167.0,0.0,0.0,14845.0,0.0,0.0,0.0,0.0
2023-03-21 04:15:28.507000+00:00,598016.0,35532800.0,38322176.0,38322176.0,12.42,0.609486549,44.81,1300907.0,0.0,0.0,14898.0,6798167.0,0.0,0.0,14845.0,0.0,0.0,0.0,0.0
2023-03-21 04:15:33.698000+00:00,598016.0,35532800.0,38318080.0,38318080.0,12.42,0.609486549,44.82,1302829.0,0.0,0.0,14920.0,6808557.0,0.0,0.0,14867.0,0.0,0.0,0.0,0.0
2023-03-21 04:15:38.653000+00:00,598016.0,35532800.0,38604800.0,38604800.0,12.44,0.609486549,44.88,1303796.0,0.0,0.0,14931.0,6813748.0,0.0,0.0,14878.0,0.0,0.0,0.0,0.0
2023-03-21 04:15:44.925000+00:00,598016.0,35532800.0,38313984.0,38313984.0,12.44,0.609486549,44.88,1305730.0,0.0,0.0,14953.0,6824130.0,0.0,0.0,14900.0,0.0,0.0,0.0,0.0
2023-03-21 04:15:48.069000+00:00,598016.0,35532800.0,38313984.0,38313984.0,12.44,0.609486549,44.89,1305730.0,0.0,0.0,14953.0,6824130.0,0.0,0.0,14900.0,0.0,0.0,0.0,0.0
2023-03-21 04:15:54.820000+00:00,598016.0,35532800.0,38309888.0,38309888.0,12.46,0.609486549,44.95,1307598.0,0.0,0.0,14974.0,6834446.0,0.0,0.0,14921.0,0.0,0.0,0.0,0.0
2023-03-21 04:15:59.538000+00:00,598016.0,35532800.0,38309888.0,38309888.0,12.49,0.609486549,45.01,1307598.0,0.0,0.0,14974.0,6834446.0,0.0,0.0,14921.0,0.0,0.0,0.0,0.0
2023-03-21 04:16:04.020000+00:00,602112.0,35532800.0,38322176.0,38322176.0,12.49,0.609486549,45.02,1308619.0,0.0,0.0,14986.0,6839711.0,0.0,0.0,14933.0,0.0,0.0,0.0,0.0
2023-03-21 04:16:08.852000+00:00,602112.0,35532800.0,38322176.0,38309888.0,12.49,0.609486549,45.02,1309670.0,0.0,0.0,14999.0,6844986.0,0.0,0.0,14946.0,0.0,0.0,0.0,0.0
2023-03-21 04:16:13.825000+00:00,602112.0,35532800.0,38326272.0,38326272.0,12.51,0.609486549,45.08,1310637.0,0.0,0.0,15010.0,6850177.0,0.0,0.0,14957.0,0.0,0.0,0.0,0.0
2023-03-21 04:16:18.010000+00:00,602112.0,35532800.0,38309888.0,38309888.0,12.51,0.609486549,45.09,1311604.0,0.0,0.0,15021.0,6855368.0,0.0,0.0,14968.0,0.0,0.0,0.0,0.0
2023-03-21 04:16:24.247000+00:00,602112.0,35532800.0,38465536.0,38465536.0,12.52,0.609486549,45.16,1312571.0,0.0,0.0,15032.0,6860559.0,0.0,0.0,14979.0,0.0,0.0,0.0,0.0
2023-03-21 04:16:28.646000+00:00,602112.0,35532800.0,38309888.0,38309888.0,12.52,0.609486549,45.16,1313538.0,0.0,0.0,15043.0,6865750.0,0.0,0.0,14990.0,0.0,0.0,0.0,0.0
2023-03-21 04:16:34.318000+00:00,602112.0,35532800.0,38318080.0,38318080.0,12.54,0.609486549,45.23,1314427.0,0.0,0.0,15053.0,6870883.0,0.0,0.0,15000.0,0.0,0.0,0.0,0.0
2023-03-21 04:16:39.609000+00:00,602112.0,35532800.0,38313984.0,38313984.0,12.54,0.609486549,45.23,1315394.0,0.0,0.0,15064.0,6876074.0,0.0,0.0,15011.0,0.0,0.0,0.0,0.0
2023-03-21 04:16:44.158000+00:00,602112.0,35532800.0,38383616.0,38383616.0,12.56,0.609486549,45.29,1316361.0,0.0,0.0,15075.0,6881265.0,0.0,0.0,15022.0,0.0,0.0,0.0,0.0
2023-03-21 04:16:49.271000+00:00,602112.0,35532800.0,38318080.0,38318080.0,12.56,0.609486549,45.3,1317328.0,0.0,0.0,15086.0,6886456.0,0.0,0.0,15033.0,0.0,0.0,0.0,0.0
2023-03-21 04:16:53.614000+00:00,602112.0,35532800.0,38510592.0,38510592.0,12.57,0.609486549,45.37,1318295.0,0.0,0.0,15097.0,6891647.0,0.0,0.0,15044.0,0.0,0.0,0.0,0.0
2023-03-21 04:16:59.755000+00:00,602112.0,35532800.0,38309888.0,38309888.0,12.57,0.609486549,45.38,1320229.0,0.0,0.0,15119.0,6902029.0,0.0,0.0,15044.0,0.0,0.0,0.0,0.0
2023-03-21 04:17:04.113000+00:00,606208.0,35532800.0,38481920.0,38481920.0,12.59,0.609486549,45.44,1320283.0,0.0,0.0,15120.0,6902103.0,0.0,0.0,15067.0,0.0,0.0,0.0,0.0
2023-03-21 04:17:08.436000+00:00,606208.0,35532800.0,38481920.0,38322176.0,12.59,0.609486549,45.44,1321334.0,0.0,0.0,15133.0,6907378.0,0.0,0.0,15080.0,0.0,0.0,0.0,0.0
2023-03-21 04:17:14.062000+00:00,606208.0,35532800.0,38367232.0,38367232.0,12.61,0.609486549,45.5,1322301.0,0.0,0.0,15144.0,6912569.0,0.0,0.0,15091.0,0.0,0.0,0.0,0.0
2023-03-21 04:17:19.287000+00:00,606208.0,35532800.0,38318080.0,38318080.0,12.61,0.609486549,45.51,1323268.0,0.0,0.0,15155.0,6917760.0,0.0,0.0,15102.0,0.0,0.0,0.0,0.0
2023-03-21 04:17:24.282000+00:00,606208.0,35532800.0,38563840.0,38563840.0,12.63,0.609486549,45.58,1324235.0,0.0,0.0,15166.0,6922951.0,0.0,0.0,15113.0,0.0,0.0,0.0,0.0
2023-03-21 04:17:29.609000+00:00,606208.0,35532800.0,38322176.0,38322176.0,12.63,0.609486549,45.58,1325202.0,0.0,0.0,15177.0,6928142.0,0.0,0.0,15124.0,0.0,0.0,0.0,0.0
2023-03-21 04:17:33.620000+00:00,606208.0,35532800.0,38490112.0,38490112.0,12.64,0.609486549,45.65,1326223.0,0.0,0.0,15189.0,6933407.0,0.0,0.0,15136.0,0.0,0.0,0.0,0.0
2023-03-21 04:17:39.768000+00:00,606208.0,35532800.0,38309888.0,38309888.0,12.64,0.609486549,45.66,1328157.0,0.0,0.0,15211.0,6943789.0,0.0,0.0,15158.0,0.0,0.0,0.0,0.0
2023-03-21 04:17:44.541000+00:00,606208.0,35532800.0,38379520.0,38379520.0,12.67,0.612412037,45.71,1328157.0,0.0,0.0,15211.0,6943789.0,0.0,0.0,15158.0,0.0,0.0,0.0,0.0
2023-03-21 04:17:49.030000+00:00,606208.0,35532800.0,38379520.0,38379520.0,12.67,0.61684445,45.72,1328157.0,0.0,0.0,15211.0,6948980.0,0.0,0.0,15169.0,0.0,0.0,0.0,0.0
2023-03-21 04:17:53.790000+00:00,606208.0,35532800.0,38555648.0,38555648.0,12.69,0.623941282,45.77,1330091.0,0.0,0.0,15233.0,6954171.0,0.0,0.0,15180.0,0.0,0.0,0.0,0.0
2023-03-21 04:17:58.318000+00:00,606208.0,35532800.0,38555648.0,38555648.0,12.69,0.623941282,45.77,1330091.0,0.0,0.0,15233.0,6954171.0,0.0,0.0,15180.0,0.0,0.0,0.0,0.0
2023-03-21 04:18:03.929000+00:00,610304.0,35532800.0,38838272.0,38838272.0,12.73,0.635420791,45.84,1332079.0,0.0,0.0,15256.0,6964627.0,0.0,0.0,15203.0,0.0,0.0,0.0,0.0
2023-03-21 04:18:09.119000+00:00,610304.0,35532800.0,38838272.0,38838272.0,12.73,0.639639561,45.84,1332079.0,0.0,0.0,15269.0,6969902.0,0.0,0.0,15216.0,0.0,0.0,0.0,0.0
2023-03-21 04:18:14.602000+00:00,610304.0,35532800.0,38404096.0,38404096.0,12.74,0.647208187,45.91,1334097.0,0.0,0.0,15280.0,6975093.0,0.0,0.0,15227.0,0.0,0.0,0.0,0.0
2023-03-21 04:18:19.075000+00:00,610304.0,35532800.0,38318080.0,38318080.0,12.74,0.651649986,45.91,1335064.0,0.0,0.0,15291.0,6980284.0,0.0,0.0,15238.0,0.0,0.0,0.0,0.0
2023-03-21 04:18:24.308000+00:00,610304.0,36839424.0,40349696.0,40349696.0,12.76,0.656485893,45.98,1336031.0,0.0,0.0,15302.0,6985475.0,0.0,0.0,15249.0,0.0,0.0,0.0,0.0
2023-03-21 04:18:28.721000+00:00,610304.0,35532800.0,38330368.0,38330368.0,12.76,0.662977808,45.98,1336998.0,0.0,0.0,15313.0,6990666.0,0.0,0.0,15260.0,0.0,0.0,0.0,0.0
2023-03-21 04:18:33.282000+00:00,610304.0,35532800.0,38436864.0,38436864.0,12.76,0.667905906,46.0,1338019.0,0.0,0.0,15325.0,6995931.0,0.0,0.0,15272.0,0.0,0.0,0.0,0.0
2023-03-21 04:18:38.490000+00:00,610304.0,35532800.0,38326272.0,38326272.0,12.77,0.674343751,46.06,1338986.0,0.0,0.0,15336.0,7001122.0,0.0,0.0,15283.0,0.0,0.0,0.0,0.0
2023-03-21 04:18:43.868000+00:00,610304.0,35532800.0,38309888.0,38309888.0,12.77,0.679093631,46.06,1339887.0,0.0,0.0,15346.0,7006247.0,0.0,0.0,15293.0,0.0,0.0,0.0,0.0
2023-03-21 04:18:48.970000+00:00,610304.0,35532800.0,38334464.0,38334464.0,12.8,0.68609916,46.14,1340854.0,0.0,0.0,15357.0,7011438.0,0.0,0.0,15304.0,0.0,0.0,0.0,0.0
2023-03-21 04:18:53.992000+00:00,610304.0,35532800.0,38313984.0,38313984.0,12.8,0.690962592,46.14,1341821.0,0.0,0.0,15368.0,7016629.0,0.0,0.0,15315.0,0.0,0.0,0.0,0.0
2023-03-21 04:18:59.135000+00:00,610304.0,35532800.0,38313984.0,38313984.0,12.82,0.697955953,46.2,1341821.0,0.0,0.0,15368.0,7016629.0,0.0,0.0,15315.0,0.0,0.0,0.0,0.0
2023-03-21 04:19:04.474000+00:00,618496.0,35532800.0,38309888.0,38309888.0,12.82,0.70297894,46.21,1343809.0,0.0,0.0,15391.0,7027085.0,0.0,0.0,15338.0,0.0,0.0,0.0,0.0
2023-03-21 04:19:09.413000+00:00,618496.0,35532800.0,38309888.0,38309888.0,12.84,0.710134815,46.27,1343809.0,0.0,0.0,15391.0,7032360.0,0.0,0.0,15351.0,0.0,0.0,0.0,0.0
2023-03-21 04:19:13.990000+00:00,618496.0,35532800.0,38309888.0,38309888.0,12.84,0.715056738,46.27,1345827.0,0.0,0.0,15415.0,7037551.0,0.0,0.0,15362.0,0.0,0.0,0.0,0.0
2023-03-21 04:19:18.921000+00:00,618496.0,35532800.0,38309888.0,38506496.0,12.86,0.722202764,46.33,1346794.0,0.0,0.0,15426.0,7042742.0,0.0,0.0,15373.0,0.0,0.0,0.0,0.0
2023-03-21 04:19:23.967000+00:00,618496.0,35532800.0,38363136.0,38363136.0,12.86,0.726980097,46.34,1347695.0,0.0,0.0,15436.0,7047867.0,0.0,0.0,15383.0,0.0,0.0,0.0,0.0
2023-03-21 04:19:28.661000+00:00,618496.0,35532800.0,38539264.0,38539264.0,12.88,0.73399388,46.41,1348662.0,0.0,0.0,15447.0,7053058.0,0.0,0.0,15394.0,0.0,0.0,0.0,0.0
2023-03-21 04:19:34.467000+00:00,618496.0,35532800.0,38309888.0,38309888.0,12.88,0.738902591,46.42,1349683.0,0.0,0.0,15459.0,7058323.0,0.0,0.0,15406.0,0.0,0.0,0.0,0.0
2023-03-21 04:19:39.361000+00:00,618496.0,35532800.0,38354944.0,38354944.0,12.88,0.746060532,46.42,1350650.0,0.0,0.0,15470.0,7063514.0,0.0,0.0,15417.0,0.0,0.0,0.0,0.0
2023-03-21 04:19:43.600000+00:00,618496.0,35532800.0,38330368.0,38330368.0,12.89,0.750987477,46.5,1351617.0,0.0,0.0,15481.0,7068705.0,0.0,0.0,15428.0,0.0,0.0,0.0,0.0
2023-03-21 04:19:48.920000+00:00,618496.0,35532800.0,38551552.0,38551552.0,12.91,0.758065701,46.56,1352584.0,0.0,0.0,15492.0,7073896.0,0.0,0.0,15439.0,0.0,0.0,0.0,0.0
2023-03-21 04:19:54.179000+00:00,618496.0,35532800.0,38326272.0,38326272.0,12.91,0.763755267,46.56,1353551.0,0.0,0.0,15503.0,7079087.0,0.0,0.0,15450.0,0.0,0.0,0.0,0.0
2023-03-21 04:19:58.321000+00:00,618496.0,35532800.0,38326272.0,38326272.0,12.93,0.770854188,46.62,1353551.0,0.0,0.0,15503.0,7079087.0,0.0,0.0,15450.0,0.0,0.0,0.0,0.0
2023-03-21 04:20:04.661000+00:00,622592.0,35532800.0,38309888.0,38309888.0,12.93,0.775830456,46.63,1355539.0,0.0,0.0,15526.0,7089543.0,0.0,0.0,15473.0,0.0,0.0,0.0,0.0
2023-03-21 04:20:09.167000+00:00,622592.0,35532800.0,38490112.0,38490112.0,12.94,0.783042639,46.7,1356590.0,0.0,0.0,15539.0,7094818.0,0.0,0.0,15486.0,0.0,0.0,0.0,0.0
2023-03-21 04:20:13.748000+00:00,622592.0,35532800.0,38346752.0,38346752.0,12.94,0.787972487,46.7,1357557.0,0.0,0.0,15550.0,7100009.0,0.0,0.0,15497.0,0.0,0.0,0.0,0.0
2023-03-21 04:20:19.789000+00:00,622592.0,35532800.0,38346752.0,38440960.0,12.95,0.799936938,46.77,1359491.0,0.0,0.0,15572.0,7110391.0,0.0,0.0,15519.0,0.0,0.0,0.0,0.0
2023-03-21 04:20:24.045000+00:00,622592.0,35532800.0,38322176.0,38322176.0,12.95,0.799936938,46.77,1359491.0,0.0,0.0,15572.0,7110391.0,0.0,0.0,15519.0,0.0,0.0,0.0,0.0
2023-03-21 04:20:28.683000+00:00,622592.0,35532800.0,38322176.0,38322176.0,12.97,0.806861152,46.84,1359491.0,0.0,0.0,15572.0,7110391.0,0.0,0.0,15519.0,0.0,0.0,0.0,0.0
2023-03-21 04:20:34.023000+00:00,622592.0,35532800.0,38436864.0,38436864.0,12.97,0.811752515,46.85,1361413.0,0.0,0.0,15594.0,7120781.0,0.0,0.0,15541.0,0.0,0.0,0.0,0.0
2023-03-21 04:20:39.811000+00:00,622592.0,35532800.0,38371328.0,38371328.0,12.98,0.811752515,46.92,1363281.0,0.0,0.0,15615.0,7131097.0,0.0,0.0,15562.0,0.0,0.0,0.0,0.0
2023-03-21 04:20:43.953000+00:00,622592.0,35532800.0,38330368.0,38330368.0,12.98,0.823457462,46.92,1363281.0,0.0,0.0,15615.0,7131097.0,0.0,0.0,15562.0,0.0,0.0,0.0,0.0
2023-03-21 04:20:48.832000+00:00,622592.0,35532800.0,38313984.0,38313984.0,12.98,0.828321386,46.92,1364248.0,0.0,0.0,15626.0,7136288.0,0.0,0.0,15573.0,0.0,0.0,0.0,0.0
2023-03-21 04:20:53.718000+00:00,622592.0,35532800.0,38342656.0,38342656.0,13.0,0.835042267,46.98,1365215.0,0.0,0.0,15637.0,7141479.0,0.0,0.0,15584.0,0.0,0.0,0.0,0.0
2023-03-21 04:20:59.247000+00:00,622592.0,35532800.0,38309888.0,38309888.0,13.0,0.839904737,46.99,1366182.0,0.0,0.0,15648.0,7146670.0,0.0,0.0,15595.0,0.0,0.0,0.0,0.0
2023-03-21 04:21:04.919000+00:00,626688.0,35532800.0,38330368.0,38330368.0,13.03,0.851249081,47.06,1368170.0,0.0,0.0,15671.0,7157126.0,0.0,0.0,15618.0,0.0,0.0,0.0,0.0
2023-03-21 04:21:09.527000+00:00,626688.0,35532800.0,38309888.0,38309888.0,13.03,0.851249081,47.06,1368254.0,0.0,0.0,15673.0,7157210.0,0.0,0.0,15620.0,0.0,0.0,0.0,0.0
2023-03-21 04:21:13.725000+00:00,626688.0,35532800.0,38326272.0,38326272.0,13.05,0.857572918,47.12,1369221.0,0.0,0.0,15684.0,7162401.0,0.0,0.0,15631.0,0.0,0.0,0.0,0.0
2023-03-21 04:21:18.685000+00:00,626688.0,35532800.0,38326272.0,38326272.0,13.05,0.862378261,47.12,1370188.0,0.0,0.0,15695.0,7167592.0,0.0,0.0,15642.0,0.0,0.0,0.0,0.0
2023-03-21 04:21:24.495000+00:00,626688.0,35532800.0,38354944.0,38354944.0,13.07,0.869583438,47.19,1371155.0,0.0,0.0,15706.0,7172783.0,0.0,0.0,15653.0,0.0,0.0,0.0,0.0
2023-03-21 04:21:29.470000+00:00,626688.0,35532800.0,38354944.0,38354944.0,13.07,0.874396804,47.2,1371155.0,0.0,0.0,15706.0,7172783.0,0.0,0.0,15653.0,0.0,0.0,0.0,0.0
2023-03-21 04:21:34.392000+00:00,626688.0,35532800.0,38318080.0,38318080.0,13.09,0.881508411,47.25,1373143.0,0.0,0.0,15729.0,7183239.0,0.0,0.0,15676.0,0.0,0.0,0.0,0.0
2023-03-21 04:21:39.344000+00:00,626688.0,35532800.0,38318080.0,38309888.0,13.09,0.886269411,47.26,1374152.0,0.0,0.0,15741.0,7188472.0,0.0,0.0,15688.0,0.0,0.0,0.0,0.0
2023-03-21 04:21:44.501000+00:00,626688.0,35532800.0,38375424.0,38375424.0,13.13,0.893379612,47.3,1375119.0,0.0,0.0,15752.0,7193663.0,0.0,0.0,15699.0,0.0,0.0,0.0,0.0
2023-03-21 04:21:49.087000+00:00,626688.0,35532800.0,38309888.0,38309888.0,13.13,0.893379612,47.3,1376020.0,0.0,0.0,15762.0,7198788.0,0.0,0.0,15709.0,0.0,0.0,0.0,0.0
2023-03-21 04:21:53.517000+00:00,626688.0,35532800.0,38363136.0,38363136.0,13.15,0.905350186,47.38,1376987.0,0.0,0.0,15773.0,7203979.0,0.0,0.0,15720.0,0.0,0.0,0.0,0.0
2023-03-21 04:21:59.624000+00:00,626688.0,35532800.0,38363136.0,38363136.0,13.15,0.910004867,47.38,1376987.0,0.0,0.0,15773.0,7203979.0,0.0,0.0,15720.0,0.0,0.0,0.0,0.0
2023-03-21 04:22:04.832000+00:00,630784.0,35532800.0,38494208.0,38494208.0,13.16,0.922021205,47.46,1379810.0,0.0,0.0,15805.0,7219494.0,0.0,0.0,15752.0,0.0,0.0,0.0,0.0
2023-03-21 04:22:09.719000+00:00,630784.0,35532800.0,38334464.0,38334464.0,13.16,0.922021205,47.46,1379894.0,0.0,0.0,15807.0,7219578.0,0.0,0.0,15754.0,0.0,0.0,0.0,0.0
2023-03-21 04:22:14.001000+00:00,630784.0,35532800.0,38449152.0,38449152.0,13.18,0.929037115,47.52,1380729.0,0.0,0.0,15816.0,7224637.0,0.0,0.0,15763.0,0.0,0.0,0.0,0.0
2023-03-21 04:22:19.151000+00:00,630784.0,35532800.0,38449152.0,38449152.0,13.19,0.933887196,47.53,1380729.0,0.0,0.0,15827.0,7229828.0,0.0,0.0,15774.0,0.0,0.0,0.0,0.0
2023-03-21 04:22:24.442000+00:00,630784.0,35532800.0,38395904.0,38395904.0,13.21,0.940844666,47.58,1382597.0,0.0,0.0,15837.0,7234953.0,0.0,0.0,15784.0,0.0,0.0,0.0,0.0
2023-03-21 04:22:28.745000+00:00,630784.0,35532800.0,38395904.0,38395904.0,13.21,0.945273254,47.58,1382597.0,0.0,0.0,15837.0,7234953.0,0.0,0.0,15784.0,0.0,0.0,0.0,0.0
2023-03-21 04:22:34.341000+00:00,630784.0,35532800.0,38400000.0,38400000.0,13.23,0.952346611,47.66,1384519.0,0.0,0.0,15859.0,7245343.0,0.0,0.0,15806.0,0.0,0.0,0.0,0.0
2023-03-21 04:22:39.108000+00:00,630784.0,35532800.0,38400000.0,38313984.0,13.23,0.957014988,47.66,1385396.0,0.0,0.0,15869.0,7250444.0,0.0,0.0,15816.0,0.0,0.0,0.0,0.0
2023-03-21 04:22:44.859000+00:00,630784.0,35532800.0,38547456.0,38547456.0,13.25,0.961928331,47.72,1387330.0,0.0,0.0,15891.0,7260826.0,0.0,0.0,15838.0,0.0,0.0,0.0,0.0
2023-03-21 04:22:49.353000+00:00,630784.0,35532800.0,38457344.0,38457344.0,13.25,0.961928331,47.72,1387330.0,0.0,0.0,15891.0,7260826.0,0.0,0.0,15838.0,0.0,0.0,0.0,0.0
2023-03-21 04:22:54.455000+00:00,630784.0,35532800.0,38367232.0,38367232.0,13.26,0.961928331,47.78,1388297.0,0.0,0.0,15902.0,7266017.0,0.0,0.0,15849.0,0.0,0.0,0.0,0.0
2023-03-21 04:22:58.845000+00:00,630784.0,35532800.0,38367232.0,38367232.0,13.26,0.961928331,47.79,1388297.0,0.0,0.0,15902.0,7266017.0,0.0,0.0,15849.0,0.0,0.0,0.0,0.0
2023-03-21 04:23:03.552000+00:00,634880.0,35532800.0,38645760.0,38645760.0,13.27,0.961928331,47.86,1390285.0,0.0,0.0,15925.0,7276473.0,0.0,0.0,15872.0,0.0,0.0,0.0,0.0
2023-03-21 04:23:09.809000+00:00,634880.0,35532800.0,38318080.0,38318080.0,13.27,0.961928331,47.87,1392303.0,0.0,0.0,15949.0,7286939.0,0.0,0.0,15896.0,0.0,0.0,0.0,0.0
2023-03-21 04:23:14.443000+00:00,634880.0,35532800.0,38658048.0,38658048.0,13.29,0.961928331,47.92,1392303.0,0.0,0.0,15949.0,7286939.0,0.0,0.0,15896.0,0.0,0.0,0.0,0.0
2023-03-21 04:23:19.766000+00:00,634880.0,35532800.0,38309888.0,38309888.0,13.29,0.961928331,47.93,1394237.0,0.0,0.0,15971.0,7297321.0,0.0,0.0,15918.0,0.0,0.0,0.0,0.0
2023-03-21 04:23:24.061000+00:00,634880.0,35532800.0,38531072.0,38531072.0,13.32,0.961928331,47.98,1394237.0,0.0,0.0,15971.0,7297321.0,0.0,0.0,15918.0,0.0,0.0,0.0,0.0
2023-03-21 04:23:29.178000+00:00,634880.0,35532800.0,38531072.0,38531072.0,13.32,0.961928331,47.99,1394237.0,0.0,0.0,15971.0,7297321.0,0.0,0.0,15918.0,0.0,0.0,0.0,0.0
2023-03-21 04:23:33.765000+00:00,634880.0,35532800.0,38313984.0,38313984.0,13.32,0.961928331,48.0,1396093.0,0.0,0.0,15992.0,7307645.0,0.0,0.0,15939.0,0.0,0.0,0.0,0.0
2023-03-21 04:23:38.391000+00:00,634880.0,35532800.0,38313984.0,38313984.0,13.34,0.961928331,48.06,1396093.0,0.0,0.0,16004.0,7312878.0,0.0,0.0,15951.0,0.0,0.0,0.0,0.0
2023-03-21 04:23:44.611000+00:00,634880.0,36839424.0,40448000.0,40448000.0,13.35,0.961928331,48.12,1397937.0,0.0,0.0,16013.0,7317937.0,0.0,0.0,15960.0,0.0,0.0,0.0,0.0
2023-03-21 04:23:48.966000+00:00,634880.0,36843520.0,39653376.0,39653376.0,13.36,0.961928331,48.12,1398904.0,0.0,0.0,16024.0,7323128.0,0.0,0.0,15971.0,0.0,0.0,0.0,0.0
2023-03-21 04:23:54.422000+00:00,634880.0,36843520.0,39628800.0,39628800.0,13.36,0.961928331,48.13,1399871.0,0.0,0.0,16035.0,7328319.0,0.0,0.0,15982.0,0.0,0.0,0.0,0.0
2023-03-21 04:23:59.591000+00:00,634880.0,36843520.0,39628800.0,39628800.0,13.38,0.961928331,48.2,1399871.0,0.0,0.0,16035.0,7328319.0,0.0,0.0,15982.0,0.0,0.0,0.0,0.0
2023-03-21 04:24:04.819000+00:00,643072.0,36843520.0,39886848.0,39886848.0,13.38,0.961928331,48.22,1402826.0,0.0,0.0,16069.0,7343966.0,0.0,0.0,16016.0,0.0,0.0,0.0,0.0
2023-03-21 04:24:09.579000+00:00,643072.0,36843520.0,39657472.0,39657472.0,13.41,0.961928331,48.27,1402910.0,0.0,0.0,16071.0,7344050.0,0.0,0.0,16018.0,0.0,0.0,0.0,0.0
2023-03-21 04:24:13.349000+00:00,643072.0,36843520.0,39628800.0,39628800.0,13.41,0.961928331,48.27,1403877.0,0.0,0.0,16082.0,7349241.0,0.0,0.0,16029.0,0.0,0.0,0.0,0.0
2023-03-21 04:24:19.736000+00:00,643072.0,36843520.0,39628800.0,39628800.0,13.43,0.963658145,48.34,1405811.0,0.0,0.0,16104.0,7359623.0,0.0,0.0,16051.0,0.0,0.0,0.0,0.0
2023-03-21 04:24:23.783000+00:00,643072.0,36843520.0,39628800.0,39628800.0,13.43,0.963658145,48.34,1405811.0,0.0,0.0,16104.0,7359623.0,0.0,0.0,16051.0,0.0,0.0,0.0,0.0
2023-03-21 04:24:28.684000+00:00,643072.0,36843520.0,39628800.0,39628800.0,13.45,0.963658145,48.4,1405811.0,0.0,0.0,16104.0,7359623.0,0.0,0.0,16051.0,0.0,0.0,0.0,0.0
2023-03-21 04:24:33.189000+00:00,643072.0,36843520.0,39755776.0,39755776.0,13.46,0.963658145,48.4,1407733.0,0.0,0.0,16126.0,7370013.0,0.0,0.0,16073.0,0.0,0.0,0.0,0.0
2023-03-21 04:24:39.064000+00:00,643072.0,36843520.0,39755776.0,39755776.0,13.48,0.963658145,48.46,1407733.0,0.0,0.0,16138.0,7375246.0,0.0,0.0,16085.0,0.0,0.0,0.0,0.0
2023-03-21 04:24:44.170000+00:00,643072.0,36843520.0,39636992.0,39636992.0,13.48,0.963658145,48.46,1409709.0,0.0,0.0,16149.0,7380437.0,0.0,0.0,16096.0,0.0,0.0,0.0,0.0
2023-03-21 04:24:49.843000+00:00,643072.0,36843520.0,39636992.0,39710720.0,13.49,0.963658145,48.46,1411643.0,0.0,0.0,16171.0,7390819.0,0.0,0.0,16118.0,0.0,0.0,0.0,0.0
2023-03-21 04:24:53.648000+00:00,643072.0,36843520.0,39641088.0,39641088.0,13.49,0.963658145,48.53,1411643.0,0.0,0.0,16171.0,7390819.0,0.0,0.0,16118.0,0.0,0.0,0.0,0.0
2023-03-21 04:24:59.003000+00:00,643072.0,36843520.0,39862272.0,39862272.0,13.51,0.963658145,48.59,1412610.0,0.0,0.0,16182.0,7396010.0,0.0,0.0,16129.0,0.0,0.0,0.0,0.0
