timestamp,container_fs_usage_bytes,container_memory_rss,container_memory_usage_bytes,container_memory_working_set_bytes,container_cpu_system_seconds_total,container_cpu_usage_seconds_total,container_cpu_user_seconds_total,container_network_receive_bytes_total,container_network_receive_errors_total,container_network_receive_packets_dropped_total,container_network_receive_packets_total,container_network_transmit_bytes_total,container_network_transmit_errors_total,container_network_transmit_packets_dropped_total,container_network_transmit_packets_total,container_fs_io_time_seconds_total,container_memory_failures_total,container_memory_failcnt,container_fs_write_seconds_total
2023-03-20 17:30:03.878000+00:00,495616.0,29671424.0,34471936.0,34467840.0,1.09,0.003117269,5.62,348079.0,0.0,0.0,2806.0,633218.0,0.0,0.0,3151.0,0.0,0.0,0.0,0.0
2023-03-20 17:30:08.174000+00:00,495616.0,29671424.0,34676736.0,34672640.0,1.11,0.003117269,5.72,359081.0,0.0,0.0,2883.0,650411.0,0.0,0.0,3239.0,0.0,0.0,0.0,0.0
2023-03-20 17:30:14.373000+00:00,495616.0,29782016.0,34672640.0,34668544.0,1.11,0.003117269,5.77,370411.0,0.0,0.0,2961.0,665951.0,0.0,0.0,3330.0,0.0,0.0,0.0,0.0
2023-03-20 17:30:19.822000+00:00,495616.0,29925376.0,34742272.0,34738176.0,1.14,0.003117269,5.89,381989.0,0.0,0.0,3045.0,683793.0,0.0,0.0,3424.0,0.0,0.0,0.0,0.0
2023-03-20 17:30:24.064000+00:00,663552.0,29728768.0,34742272.0,34738176.0,1.14,0.003117269,5.94,389179.0,0.0,0.0,3095.0,695047.0,0.0,0.0,3478.0,0.0,0.0,0.0,0.0
2023-03-20 17:30:28.715000+00:00,663552.0,29728768.0,34742272.0,34738176.0,1.18,0.003117269,6.06,389179.0,0.0,0.0,3095.0,695047.0,0.0,0.0,3478.0,0.0,0.0,0.0,0.0
2023-03-20 17:30:34.803000+00:00,663552.0,30523392.0,35454976.0,35450880.0,1.2,0.003117269,6.13,421536.0,0.0,0.0,3344.0,740867.0,0.0,0.0,3765.0,0.0,0.0,0.0,0.0
2023-03-20 17:30:38.646000+00:00,663552.0,30523392.0,35647488.0,35643392.0,1.24,0.003117269,6.13,433341.0,0.0,0.0,3425.0,758351.0,0.0,0.0,3858.0,0.0,0.0,0.0,0.0
2023-03-20 17:30:44.048000+00:00,663552.0,30601216.0,35487744.0,35483648.0,1.25,0.003117269,6.33,454323.0,0.0,0.0,3578.0,785866.0,0.0,0.0,4037.0,0.0,0.0,0.0,0.0
2023-03-20 17:30:49.490000+00:00,663552.0,30695424.0,35598336.0,35594240.0,1.28,0.003117269,6.44,465742.0,0.0,0.0,3660.0,802016.0,0.0,0.0,4131.0,0.0,0.0,0.0,0.0
2023-03-20 17:30:53.979000+00:00,663552.0,30507008.0,35397632.0,35393536.0,1.28,0.003117269,6.47,473853.0,0.0,0.0,3710.0,816672.0,0.0,0.0,4191.0,0.0,0.0,0.0,0.0
2023-03-20 17:30:59.201000+00:00,663552.0,30507008.0,35397632.0,35393536.0,1.3,0.003117269,6.55,473853.0,0.0,0.0,3710.0,816672.0,0.0,0.0,4191.0,0.0,0.0,0.0,0.0
2023-03-20 17:31:04.686000+00:00,663552.0,31170560.0,36204544.0,36200448.0,1.3,0.003117269,6.59,492927.0,0.0,0.0,3842.0,846898.0,0.0,0.0,4346.0,0.0,0.0,0.0,0.0
2023-03-20 17:31:08.760000+00:00,663552.0,31170560.0,35926016.0,35921920.0,1.33,0.003882341,6.68,500272.0,0.0,0.0,3888.0,858856.0,0.0,0.0,4401.0,0.0,0.0,0.0,0.0
2023-03-20 17:31:14.400000+00:00,663552.0,31203328.0,36110336.0,36106240.0,1.34,0.003882341,6.81,511883.0,0.0,0.0,3975.0,875612.0,0.0,0.0,4492.0,0.0,0.0,0.0,0.0
2023-03-20 17:31:19.572000+00:00,663552.0,31203328.0,36110336.0,36106240.0,1.36,0.003882341,6.97,511883.0,0.0,0.0,3975.0,875612.0,0.0,0.0,4492.0,0.0,0.0,0.0,0.0
2023-03-20 17:31:24.202000+00:00,864256.0,31158272.0,36159488.0,36155392.0,1.38,0.003882341,7.02,550564.0,0.0,0.0,4234.0,926362.0,0.0,0.0,4794.0,0.0,0.0,0.0,0.0
2023-03-20 17:31:28.724000+00:00,864256.0,31158272.0,36159488.0,36155392.0,1.41,0.003882341,7.11,550564.0,0.0,0.0,4234.0,926362.0,0.0,0.0,4794.0,0.0,0.0,0.0,0.0
2023-03-20 17:31:33.338000+00:00,864256.0,31633408.0,36605952.0,36601856.0,1.42,0.003882341,7.16,566164.0,0.0,0.0,4350.0,953161.0,0.0,0.0,4931.0,0.0,0.0,0.0,0.0
2023-03-20 17:31:38.520000+00:00,864256.0,31633408.0,36605952.0,36601856.0,1.44,0.003882341,7.24,566164.0,0.0,0.0,4397.0,965359.0,0.0,0.0,4991.0,0.0,0.0,0.0,0.0
2023-03-20 17:31:44.447000+00:00,864256.0,32321536.0,37240832.0,37236736.0,1.45,0.078728547,7.33,594811.0,0.0,0.0,4550.0,993894.0,0.0,0.0,5171.0,0.0,0.0,0.0,0.0
2023-03-20 17:31:49.310000+00:00,864256.0,32321536.0,37240832.0,37236736.0,1.49,0.082556721,7.49,614506.0,0.0,0.0,4676.0,1019354.0,0.0,0.0,5310.0,0.0,0.0,0.0,0.0
2023-03-20 17:31:53.679000+00:00,864256.0,32706560.0,37593088.0,37588992.0,1.49,0.082556721,7.52,623681.0,0.0,0.0,4733.0,1034548.0,0.0,0.0,5383.0,0.0,0.0,0.0,0.0
2023-03-20 17:31:58.224000+00:00,864256.0,32706560.0,37593088.0,37588992.0,1.49,0.082556721,7.58,623681.0,0.0,0.0,4733.0,1034548.0,0.0,0.0,5383.0,0.0,0.0,0.0,0.0
2023-03-20 17:32:03.705000+00:00,864256.0,32952320.0,37990400.0,37986304.0,1.54,0.108498293,7.68,649790.0,0.0,0.0,4903.0,1072192.0,0.0,0.0,5581.0,0.0,0.0,0.0,0.0
2023-03-20 17:32:09.300000+00:00,864256.0,32952320.0,37990400.0,37986304.0,1.54,0.140357489,7.78,649790.0,0.0,0.0,4987.0,1088698.0,0.0,0.0,5672.0,0.0,0.0,0.0,0.0
2023-03-20 17:32:14.153000+00:00,864256.0,33071104.0,38166528.0,38162432.0,1.58,0.200446201,7.86,675523.0,0.0,0.0,5083.0,1108640.0,0.0,0.0,5781.0,0.0,0.0,0.0,0.0
2023-03-20 17:32:18.647000+00:00,864256.0,33071104.0,38166528.0,37519360.0,1.6,0.250633975,7.92,691936.0,0.0,0.0,5177.0,1128996.0,0.0,0.0,5886.0,0.0,0.0,0.0,0.0
2023-03-20 17:32:23.077000+00:00,864256.0,32833536.0,37748736.0,37744640.0,1.62,0.309712585,8.03,707971.0,0.0,0.0,5290.0,1151550.0,0.0,0.0,6015.0,0.0,0.0,0.0,0.0
2023-03-20 17:32:28.937000+00:00,864256.0,31162368.0,36110336.0,36106240.0,1.66,0.346712992,8.28,726472.0,0.0,0.0,5420.0,1151550.0,0.0,0.0,6015.0,0.0,0.0,0.0,0.0
2023-03-20 17:32:33.992000+00:00,1077248.0,31416320.0,36364288.0,36360192.0,1.68,0.379931406,8.42,744332.0,0.0,0.0,5549.0,1201827.0,0.0,0.0,6320.0,0.0,0.0,0.0,0.0
2023-03-20 17:32:39.370000+00:00,1077248.0,31416320.0,36364288.0,36700160.0,1.68,0.379931406,8.53,761395.0,0.0,0.0,5666.0,1225958.0,0.0,0.0,6461.0,0.0,0.0,0.0,0.0
2023-03-20 17:32:44.734000+00:00,1077248.0,31559680.0,36442112.0,36438016.0,1.7,0.379931406,8.64,772122.0,0.0,0.0,5743.0,1241126.0,0.0,0.0,6546.0,0.0,0.0,0.0,0.0
2023-03-20 17:32:49.921000+00:00,1077248.0,31559680.0,36630528.0,36626432.0,1.7,0.379931406,8.64,788376.0,0.0,0.0,5839.0,1262510.0,0.0,0.0,6656.0,0.0,0.0,0.0,0.0
2023-03-20 17:32:54.860000+00:00,1077248.0,31186944.0,36089856.0,36085760.0,1.74,0.379931406,8.84,798480.0,0.0,0.0,5906.0,1278632.0,0.0,0.0,6730.0,0.0,0.0,0.0,0.0
2023-03-20 17:32:58.637000+00:00,1077248.0,31186944.0,36089856.0,36085760.0,1.74,0.379931406,8.86,798480.0,0.0,0.0,5906.0,1278632.0,0.0,0.0,6730.0,0.0,0.0,0.0,0.0
2023-03-20 17:33:03.862000+00:00,1077248.0,31322112.0,36159488.0,36155392.0,1.77,0.379931406,9.01,830711.0,0.0,0.0,6113.0,1323568.0,0.0,0.0,6976.0,0.0,0.0,0.0,0.0
2023-03-20 17:33:09.386000+00:00,1077248.0,31322112.0,36159488.0,36155392.0,1.78,0.379931406,9.06,843197.0,0.0,0.0,6193.0,1340180.0,0.0,0.0,7059.0,0.0,0.0,0.0,0.0
2023-03-20 17:33:13.088000+00:00,1077248.0,31174656.0,36098048.0,36093952.0,1.79,0.379931406,9.19,859061.0,0.0,0.0,6292.0,1362109.0,0.0,0.0,7177.0,0.0,0.0,0.0,0.0
2023-03-20 17:33:19.046000+00:00,1077248.0,30916608.0,35799040.0,35794944.0,1.82,0.379931406,9.19,867825.0,0.0,0.0,6359.0,1376862.0,0.0,0.0,7258.0,0.0,0.0,0.0,0.0
2023-03-20 17:33:24.390000+00:00,1286144.0,31019008.0,35971072.0,35966976.0,1.84,0.379931406,9.33,881493.0,0.0,0.0,6459.0,1397635.0,0.0,0.0,7377.0,0.0,0.0,0.0,0.0
2023-03-20 17:33:29.750000+00:00,1286144.0,31019008.0,35971072.0,35966976.0,1.87,0.379931406,9.42,881493.0,0.0,0.0,6459.0,1397635.0,0.0,0.0,7377.0,0.0,0.0,0.0,0.0
2023-03-20 17:33:33.863000+00:00,1286144.0,31092736.0,36171776.0,36167680.0,1.9,0.379931406,9.5,911400.0,0.0,0.0,6656.0,1437446.0,0.0,0.0,7602.0,0.0,0.0,0.0,0.0
2023-03-20 17:33:39.263000+00:00,1286144.0,31092736.0,36171776.0,35909632.0,1.9,0.379931406,9.5,936167.0,0.0,0.0,6816.0,1469505.0,0.0,0.0,7790.0,0.0,0.0,0.0,0.0
2023-03-20 17:33:44.177000+00:00,1286144.0,31367168.0,36618240.0,36614144.0,1.92,0.379931406,9.73,955948.0,0.0,0.0,6954.0,1496349.0,0.0,0.0,7957.0,0.0,0.0,0.0,0.0
2023-03-20 17:33:48.622000+00:00,1286144.0,31367168.0,36069376.0,36065280.0,1.93,0.379931406,9.73,965272.0,0.0,0.0,7019.0,1510013.0,0.0,0.0,8026.0,0.0,0.0,0.0,0.0
2023-03-20 17:33:54.719000+00:00,1286144.0,30879744.0,35774464.0,35770368.0,1.95,0.380108248,9.86,971610.0,0.0,0.0,7074.0,1522651.0,0.0,0.0,8092.0,0.0,0.0,0.0,0.0
2023-03-20 17:33:59.118000+00:00,1286144.0,30879744.0,35774464.0,35770368.0,1.96,0.380108248,9.9,971610.0,0.0,0.0,7074.0,1522651.0,0.0,0.0,8092.0,0.0,0.0,0.0,0.0
2023-03-20 17:34:03.483000+00:00,1286144.0,33640448.0,39067648.0,39063552.0,1.96,0.380108248,9.98,993473.0,0.0,0.0,7241.0,1556633.0,0.0,0.0,8284.0,0.0,0.0,0.0,0.0
2023-03-20 17:34:09.310000+00:00,1286144.0,33640448.0,39067648.0,36245504.0,2.0,0.382686733,9.98,1018322.0,0.0,0.0,7400.0,1587173.0,0.0,0.0,8462.0,0.0,0.0,0.0,0.0
2023-03-20 17:34:14.542000+00:00,1286144.0,30920704.0,36073472.0,36069376.0,2.04,0.383423249,10.22,1040437.0,0.0,0.0,7536.0,1614126.0,0.0,0.0,8622.0,0.0,0.0,0.0,0.0
2023-03-20 17:34:18.836000+00:00,1286144.0,30920704.0,36032512.0,36028416.0,2.05,0.383423249,10.3,1058661.0,0.0,0.0,7651.0,1639350.0,0.0,0.0,8752.0,0.0,0.0,0.0,0.0
2023-03-20 17:34:23.842000+00:00,1286144.0,31481856.0,36335616.0,36331520.0,2.05,0.383423249,10.37,1064528.0,0.0,0.0,7685.0,1651174.0,0.0,0.0,8796.0,0.0,0.0,0.0,0.0
2023-03-20 17:34:28.984000+00:00,1511424.0,31481856.0,36335616.0,36331520.0,2.1,0.383423249,10.46,1064528.0,0.0,0.0,7685.0,1651174.0,0.0,0.0,8796.0,0.0,0.0,0.0,0.0
2023-03-20 17:34:34.608000+00:00,1511424.0,32694272.0,38150144.0,38146048.0,2.12,0.45002019,10.57,1089012.0,0.0,0.0,7864.0,1686135.0,0.0,0.0,8991.0,0.0,0.0,0.0,0.0
2023-03-20 17:34:39.484000+00:00,1511424.0,32694272.0,36229120.0,36225024.0,2.16,0.456869126,10.67,1110082.0,0.0,0.0,8025.0,1716709.0,0.0,0.0,9187.0,0.0,0.0,0.0,0.0
2023-03-20 17:34:43.833000+00:00,1511424.0,31379456.0,36352000.0,36347904.0,2.16,0.456869126,10.74,1123229.0,0.0,0.0,8118.0,1734374.0,0.0,0.0,9286.0,0.0,0.0,0.0,0.0
2023-03-20 17:34:49.147000+00:00,1511424.0,31379456.0,36352000.0,36347904.0,2.17,0.456869126,10.87,1123229.0,0.0,0.0,8118.0,1734374.0,0.0,0.0,9454.0,0.0,0.0,0.0,0.0
2023-03-20 17:34:53.887000+00:00,1511424.0,31539200.0,36376576.0,36372480.0,2.18,0.456869126,10.9,1159030.0,0.0,0.0,8326.0,1783871.0,0.0,0.0,9537.0,0.0,0.0,0.0,0.0
2023-03-20 17:34:59.684000+00:00,1511424.0,31539200.0,36376576.0,36372480.0,2.22,0.456869126,11.04,1159030.0,0.0,0.0,8326.0,1783871.0,0.0,0.0,9537.0,0.0,0.0,0.0,0.0
2023-03-20 17:35:04.741000+00:00,1511424.0,31019008.0,35934208.0,35930112.0,2.23,0.46150644,11.13,1192246.0,0.0,0.0,8556.0,1828706.0,0.0,0.0,9797.0,0.0,0.0,0.0,0.0
2023-03-20 17:35:09.260000+00:00,1511424.0,31019008.0,35934208.0,35930112.0,2.25,0.46150644,11.27,1192246.0,0.0,0.0,8556.0,1854048.0,0.0,0.0,9931.0,0.0,0.0,0.0,0.0
2023-03-20 17:35:13.674000+00:00,1511424.0,30953472.0,36012032.0,36007936.0,2.25,0.46150644,11.3,1217798.0,0.0,0.0,8712.0,1865037.0,0.0,0.0,9982.0,0.0,0.0,0.0,0.0
2023-03-20 17:35:19.101000+00:00,1511424.0,30953472.0,36012032.0,36421632.0,2.3,0.46150644,11.44,1240731.0,0.0,0.0,8849.0,1895026.0,0.0,0.0,10141.0,0.0,0.0,0.0,0.0
2023-03-20 17:35:23.528000+00:00,1511424.0,31121408.0,36175872.0,36171776.0,2.3,0.46150644,11.47,1246625.0,0.0,0.0,8891.0,1905440.0,0.0,0.0,10188.0,0.0,0.0,0.0,0.0
2023-03-20 17:35:28.779000+00:00,1732608.0,31121408.0,36175872.0,36171776.0,2.34,0.46150644,11.57,1246625.0,0.0,0.0,8891.0,1905440.0,0.0,0.0,10188.0,0.0,0.0,0.0,0.0
2023-03-20 17:35:34.395000+00:00,1732608.0,31002624.0,35909632.0,35905536.0,2.35,0.46150644,11.68,1275813.0,0.0,0.0,9080.0,1947170.0,0.0,0.0,10408.0,0.0,0.0,0.0,0.0
2023-03-20 17:35:38.934000+00:00,1732608.0,31002624.0,35909632.0,36167680.0,2.4,0.46150644,11.78,1292840.0,0.0,0.0,9193.0,1970167.0,0.0,0.0,10540.0,0.0,0.0,0.0,0.0
2023-03-20 17:35:44.843000+00:00,1732608.0,31260672.0,36220928.0,36216832.0,2.4,0.46150644,11.91,1315624.0,0.0,0.0,9342.0,1998687.0,0.0,0.0,10712.0,0.0,0.0,0.0,0.0
2023-03-20 17:35:49.805000+00:00,1732608.0,31649792.0,36601856.0,36597760.0,2.43,0.46150644,11.91,1334164.0,0.0,0.0,9468.0,2023341.0,0.0,0.0,10857.0,0.0,0.0,0.0,0.0
2023-03-20 17:35:53.143000+00:00,1732608.0,32120832.0,37093376.0,37089280.0,2.44,0.46150644,12.05,1341937.0,0.0,0.0,9517.0,2036222.0,0.0,0.0,10917.0,0.0,0.0,0.0,0.0
2023-03-20 17:35:58.382000+00:00,1732608.0,32120832.0,36782080.0,36777984.0,2.46,0.46150644,12.14,1347370.0,0.0,0.0,9555.0,2045888.0,0.0,0.0,10959.0,0.0,0.0,0.0,0.0
2023-03-20 17:36:04.494000+00:00,1732608.0,32206848.0,37171200.0,37167104.0,2.46,0.46150644,12.22,1363554.0,0.0,0.0,9679.0,2069596.0,0.0,0.0,11103.0,0.0,0.0,0.0,0.0
2023-03-20 17:36:08.633000+00:00,1732608.0,32206848.0,37019648.0,37015552.0,2.5,0.461568439,12.38,1384107.0,0.0,0.0,9803.0,2094562.0,0.0,0.0,11251.0,0.0,0.0,0.0,0.0
2023-03-20 17:36:13.704000+00:00,1732608.0,32215040.0,37228544.0,37224448.0,2.51,0.461568439,12.45,1398197.0,0.0,0.0,9893.0,2116831.0,0.0,0.0,11352.0,0.0,0.0,0.0,0.0
2023-03-20 17:36:18.956000+00:00,1732608.0,32215040.0,37580800.0,37576704.0,2.52,0.461568439,12.59,1415413.0,0.0,0.0,10000.0,2140686.0,0.0,0.0,11481.0,0.0,0.0,0.0,0.0
2023-03-20 17:36:23.819000+00:00,1732608.0,32387072.0,37421056.0,37416960.0,2.53,0.461568439,12.63,1425093.0,0.0,0.0,10067.0,2155180.0,0.0,0.0,11556.0,0.0,0.0,0.0,0.0
2023-03-20 17:36:28.629000+00:00,1732608.0,32387072.0,37421056.0,37416960.0,2.56,0.461568439,12.68,1425093.0,0.0,0.0,10067.0,2155180.0,0.0,0.0,11556.0,0.0,0.0,0.0,0.0
2023-03-20 17:36:34.284000+00:00,1953792.0,32837632.0,37879808.0,37875712.0,2.59,0.461568439,12.77,1455951.0,0.0,0.0,10276.0,2197733.0,0.0,0.0,11799.0,0.0,0.0,0.0,0.0
2023-03-20 17:36:39.510000+00:00,1953792.0,33193984.0,38629376.0,38625280.0,2.62,0.462071164,12.88,1469186.0,0.0,0.0,10369.0,2217468.0,0.0,0.0,11911.0,0.0,0.0,0.0,0.0
2023-03-20 17:36:44.236000+00:00,1953792.0,33202176.0,38223872.0,38219776.0,2.63,0.462071164,12.92,1482088.0,0.0,0.0,10441.0,2235232.0,0.0,0.0,11989.0,0.0,0.0,0.0,0.0
2023-03-20 17:36:48.795000+00:00,1953792.0,33202176.0,38223872.0,38326272.0,2.63,0.462071164,12.95,1492682.0,0.0,0.0,10532.0,2252238.0,0.0,0.0,12089.0,0.0,0.0,0.0,0.0
2023-03-20 17:36:53.766000+00:00,1953792.0,33669120.0,38600704.0,38596608.0,2.66,0.462071164,13.08,1504819.0,0.0,0.0,10595.0,2269967.0,0.0,0.0,12165.0,0.0,0.0,0.0,0.0
2023-03-20 17:36:59.549000+00:00,1953792.0,33710080.0,38645760.0,38641664.0,2.67,0.462071164,13.12,1519592.0,0.0,0.0,10677.0,2289050.0,0.0,0.0,12262.0,0.0,0.0,0.0,0.0
2023-03-20 17:37:03.739000+00:00,1953792.0,33411072.0,38445056.0,38440960.0,2.68,0.462071164,13.2,1525709.0,0.0,0.0,10722.0,2301121.0,0.0,0.0,12312.0,0.0,0.0,0.0,0.0
2023-03-20 17:37:09.440000+00:00,1953792.0,33411072.0,38445056.0,38895616.0,2.69,0.462071164,13.2,1544675.0,0.0,0.0,10844.0,2326444.0,0.0,0.0,12455.0,0.0,0.0,0.0,0.0
2023-03-20 17:37:14.221000+00:00,1953792.0,34025472.0,39112704.0,39108608.0,2.71,0.536407618,13.38,1561548.0,0.0,0.0,10943.0,2348487.0,0.0,0.0,12565.0,0.0,0.0,0.0,0.0
2023-03-20 17:37:18.876000+00:00,1953792.0,34025472.0,38277120.0,38273024.0,2.74,0.536407618,13.38,1575820.0,0.0,0.0,11039.0,2369253.0,0.0,0.0,12682.0,0.0,0.0,0.0,0.0
2023-03-20 17:37:24.498000+00:00,2146304.0,33288192.0,38223872.0,38219776.0,2.77,0.536407618,13.62,1590974.0,0.0,0.0,11138.0,2391055.0,0.0,0.0,12799.0,0.0,0.0,0.0,0.0
2023-03-20 17:37:29.142000+00:00,2146304.0,33513472.0,38510592.0,38506496.0,2.78,0.536407618,13.64,1591892.0,0.0,0.0,11144.0,2396309.0,0.0,0.0,12806.0,0.0,0.0,0.0,0.0
2023-03-20 17:37:34.505000+00:00,2146304.0,33271808.0,38244352.0,38240256.0,2.84,0.536407618,13.73,1600813.0,0.0,0.0,11207.0,2410713.0,0.0,0.0,12881.0,0.0,0.0,0.0,0.0
2023-03-20 17:37:39.861000+00:00,2146304.0,33271808.0,38580224.0,38576128.0,2.85,0.536407618,13.8,1622300.0,0.0,0.0,11319.0,2438642.0,0.0,0.0,13015.0,0.0,0.0,0.0,0.0
2023-03-20 17:37:44.720000+00:00,2146304.0,33443840.0,38584320.0,38580224.0,2.87,0.536407618,13.92,1634414.0,0.0,0.0,11407.0,2456032.0,0.0,0.0,13112.0,0.0,0.0,0.0,0.0
2023-03-20 17:37:48.414000+00:00,2146304.0,33443840.0,38584320.0,38580224.0,2.88,0.536407618,14.03,1634414.0,0.0,0.0,11407.0,2456032.0,0.0,0.0,13237.0,0.0,0.0,0.0,0.0
2023-03-20 17:37:54.673000+00:00,2146304.0,33492992.0,38649856.0,38645760.0,2.9,0.536407618,14.17,1669511.0,0.0,0.0,11630.0,2504180.0,0.0,0.0,13376.0,0.0,0.0,0.0,0.0
2023-03-20 17:37:59.307000+00:00,2146304.0,33640448.0,38576128.0,38572032.0,2.9,0.536407618,14.24,1688871.0,0.0,0.0,11741.0,2529637.0,0.0,0.0,13511.0,0.0,0.0,0.0,0.0
2023-03-20 17:38:04.194000+00:00,2146304.0,32960512.0,37990400.0,37986304.0,2.93,0.538355399,14.3,1690395.0,0.0,0.0,11752.0,2535572.0,0.0,0.0,13524.0,0.0,0.0,0.0,0.0
2023-03-20 17:38:08.167000+00:00,2146304.0,32960512.0,37990400.0,37986304.0,2.93,0.538355399,14.32,1690395.0,0.0,0.0,11781.0,2544771.0,0.0,0.0,13560.0,0.0,0.0,0.0,0.0
2023-03-20 17:38:14.206000+00:00,2146304.0,33214464.0,38297600.0,38293504.0,2.96,0.538902049,14.41,1706108.0,0.0,0.0,11866.0,2561997.0,0.0,0.0,13653.0,0.0,0.0,0.0,0.0
2023-03-20 17:38:18.948000+00:00,2146304.0,33214464.0,38297600.0,38264832.0,2.96,0.538902049,14.47,1726079.0,0.0,0.0,11967.0,2586535.0,0.0,0.0,13769.0,0.0,0.0,0.0,0.0
2023-03-20 17:38:23.811000+00:00,2146304.0,33230848.0,38518784.0,38514688.0,2.98,0.538902049,14.6,1742551.0,0.0,0.0,12084.0,2608057.0,0.0,0.0,13900.0,0.0,0.0,0.0,0.0
2023-03-20 17:38:28.658000+00:00,2330624.0,33230848.0,38518784.0,38514688.0,3.0,0.538902049,14.68,1742551.0,0.0,0.0,12084.0,2608057.0,0.0,0.0,13900.0,0.0,0.0,0.0,0.0
2023-03-20 17:38:34.257000+00:00,2330624.0,33492992.0,38776832.0,38772736.0,3.02,0.538902049,14.79,1775896.0,0.0,0.0,12307.0,2653922.0,0.0,0.0,14161.0,0.0,0.0,0.0,0.0
2023-03-20 17:38:37.915000+00:00,2330624.0,33492992.0,38572032.0,38567936.0,3.03,0.538902049,14.79,1792076.0,0.0,0.0,12394.0,2671512.0,0.0,0.0,14256.0,0.0,0.0,0.0,0.0
2023-03-20 17:38:44.576000+00:00,2330624.0,32808960.0,37785600.0,37781504.0,3.06,0.538902049,14.98,1814211.0,0.0,0.0,12511.0,2703212.0,0.0,0.0,14398.0,0.0,0.0,0.0,0.0
2023-03-20 17:38:48.935000+00:00,2330624.0,32878592.0,37933056.0,37928960.0,3.07,0.538902049,15.03,1832164.0,0.0,0.0,12601.0,2727111.0,0.0,0.0,14500.0,0.0,0.0,0.0,0.0
2023-03-20 17:38:53.706000+00:00,2330624.0,33497088.0,38481920.0,38477824.0,3.07,0.538902049,15.06,1842238.0,0.0,0.0,12668.0,2742453.0,0.0,0.0,14571.0,0.0,0.0,0.0,0.0
2023-03-20 17:38:59.678000+00:00,2330624.0,33497088.0,38481920.0,38477824.0,3.1,0.538902049,15.22,1842238.0,0.0,0.0,12668.0,2742453.0,0.0,0.0,14571.0,0.0,0.0,0.0,0.0
2023-03-20 17:39:04.757000+00:00,2330624.0,33665024.0,38752256.0,38748160.0,3.12,0.538902049,15.29,1871636.0,0.0,0.0,12860.0,2782865.0,0.0,0.0,14796.0,0.0,0.0,0.0,0.0
2023-03-20 17:39:09.354000+00:00,2330624.0,33480704.0,38531072.0,38526976.0,3.13,0.538902049,15.34,1878110.0,0.0,0.0,12904.0,2794654.0,0.0,0.0,14847.0,0.0,0.0,0.0,0.0
2023-03-20 17:39:13.709000+00:00,2330624.0,33406976.0,38375424.0,38371328.0,3.13,0.538902049,15.41,1895302.0,0.0,0.0,12988.0,2816029.0,0.0,0.0,14943.0,0.0,0.0,0.0,0.0
2023-03-20 17:39:18.389000+00:00,2330624.0,33406976.0,38375424.0,38260736.0,3.18,0.538902049,15.49,1905509.0,0.0,0.0,13063.0,2832999.0,0.0,0.0,15032.0,0.0,0.0,0.0,0.0
2023-03-20 17:39:23.884000+00:00,2330624.0,33509376.0,38547456.0,38543360.0,3.19,0.538902049,15.54,1930177.0,0.0,0.0,13172.0,2863828.0,0.0,0.0,15159.0,0.0,0.0,0.0,0.0
2023-03-20 17:39:28.289000+00:00,2519040.0,34062336.0,39243776.0,39239680.0,3.22,0.539839011,15.62,1936047.0,0.0,0.0,13215.0,2875079.0,0.0,0.0,15210.0,0.0,0.0,0.0,0.0
2023-03-20 17:39:34.092000+00:00,2519040.0,33366016.0,38531072.0,38526976.0,3.23,0.539839011,15.7,1948797.0,0.0,0.0,13307.0,2893082.0,0.0,0.0,15313.0,0.0,0.0,0.0,0.0
2023-03-20 17:39:39.091000+00:00,2519040.0,33366016.0,38531072.0,38871040.0,3.24,0.539839011,15.7,1961030.0,0.0,0.0,13360.0,2911545.0,0.0,0.0,15382.0,0.0,0.0,0.0,0.0
2023-03-20 17:39:44.525000+00:00,2519040.0,33894400.0,38830080.0,38825984.0,3.25,0.539839011,15.82,1974991.0,0.0,0.0,13460.0,2930829.0,0.0,0.0,15495.0,0.0,0.0,0.0,0.0
2023-03-20 17:39:48.961000+00:00,2519040.0,33894400.0,38699008.0,38694912.0,3.27,0.539839011,15.82,1983406.0,0.0,0.0,13519.0,2945155.0,0.0,0.0,15565.0,0.0,0.0,0.0,0.0
2023-03-20 17:39:54.695000+00:00,2519040.0,33669120.0,38817792.0,38813696.0,3.28,0.539839011,15.95,1996104.0,0.0,0.0,13614.0,2964032.0,0.0,0.0,15676.0,0.0,0.0,0.0,0.0
2023-03-20 17:39:58.158000+00:00,2519040.0,33263616.0,38420480.0,38416384.0,3.29,0.539839011,16.04,2001959.0,0.0,0.0,13655.0,2974632.0,0.0,0.0,15723.0,0.0,0.0,0.0,0.0
2023-03-20 17:40:03.830000+00:00,2519040.0,33415168.0,38539264.0,38535168.0,3.3,0.539839011,16.1,2018588.0,0.0,0.0,13771.0,2997738.0,0.0,0.0,15860.0,0.0,0.0,0.0,0.0
2023-03-20 17:40:08.975000+00:00,2519040.0,34004992.0,38928384.0,38924288.0,3.31,0.539839011,16.2,2027208.0,0.0,0.0,13828.0,3011977.0,0.0,0.0,15927.0,0.0,0.0,0.0,0.0
2023-03-20 17:40:14.348000+00:00,2519040.0,33382400.0,38305792.0,38301696.0,3.32,0.539839011,16.27,2044458.0,0.0,0.0,13943.0,3034788.0,0.0,0.0,16058.0,0.0,0.0,0.0,0.0
2023-03-20 17:40:18.945000+00:00,2519040.0,33382400.0,38305792.0,38830080.0,3.35,0.540211305,16.37,2053664.0,0.0,0.0,14006.0,3049353.0,0.0,0.0,16132.0,0.0,0.0,0.0,0.0
2023-03-20 17:40:24.104000+00:00,2707456.0,33198080.0,38264832.0,38260736.0,3.36,0.540211305,16.4,2075015.0,0.0,0.0,14129.0,3075635.0,0.0,0.0,16267.0,0.0,0.0,0.0,0.0
2023-03-20 17:40:29.613000+00:00,2707456.0,33198080.0,38264832.0,38260736.0,3.41,0.540211305,16.54,2075015.0,0.0,0.0,14129.0,3075635.0,0.0,0.0,16267.0,0.0,0.0,0.0,0.0
2023-03-20 17:40:33.627000+00:00,2707456.0,33722368.0,38715392.0,38711296.0,3.44,0.540211305,16.64,2128507.0,0.0,0.0,14362.0,3139729.0,0.0,0.0,16538.0,0.0,0.0,0.0,0.0
2023-03-20 17:40:38.815000+00:00,2707456.0,33722368.0,38305792.0,38301696.0,3.45,0.540211305,16.64,2131725.0,0.0,0.0,14392.0,3149711.0,0.0,0.0,16576.0,0.0,0.0,0.0,0.0
2023-03-20 17:40:43.640000+00:00,2707456.0,33984512.0,38977536.0,38973440.0,3.46,0.540211305,16.76,2143481.0,0.0,0.0,14478.0,3165199.0,0.0,0.0,16667.0,0.0,0.0,0.0,0.0
2023-03-20 17:40:48.691000+00:00,2707456.0,33984512.0,38440960.0,38436864.0,3.49,0.540211305,16.92,2175528.0,0.0,0.0,14610.0,3203996.0,0.0,0.0,16822.0,0.0,0.0,0.0,0.0
2023-03-20 17:40:53.067000+00:00,2707456.0,33947648.0,38899712.0,38895616.0,3.5,0.540211305,16.93,2190826.0,0.0,0.0,14666.0,3223843.0,0.0,0.0,16881.0,0.0,0.0,0.0,0.0
2023-03-20 17:40:58.767000+00:00,2707456.0,33947648.0,38899712.0,38895616.0,3.52,0.540404419,17.02,2190826.0,0.0,0.0,14666.0,3223843.0,0.0,0.0,16881.0,0.0,0.0,0.0,0.0
2023-03-20 17:41:03.467000+00:00,2707456.0,33472512.0,38539264.0,38535168.0,3.54,0.540404419,17.06,2251633.0,0.0,0.0,14904.0,3295985.0,0.0,0.0,17153.0,0.0,0.0,0.0,0.0
2023-03-20 17:41:09.061000+00:00,2707456.0,33472512.0,38400000.0,38395904.0,3.58,0.540404419,17.14,2262254.0,0.0,0.0,14968.0,3312545.0,0.0,0.0,17231.0,0.0,0.0,0.0,0.0
2023-03-20 17:41:13.716000+00:00,2707456.0,33857536.0,38780928.0,38776832.0,3.59,0.540404419,17.18,2273871.0,0.0,0.0,15037.0,3328771.0,0.0,0.0,17311.0,0.0,0.0,0.0,0.0
2023-03-20 17:41:19.376000+00:00,2707456.0,33857536.0,38780928.0,38776832.0,3.6,0.540404419,17.2,2273871.0,0.0,0.0,15087.0,3341266.0,0.0,0.0,17369.0,0.0,0.0,0.0,0.0
2023-03-20 17:41:23.274000+00:00,2707456.0,33456128.0,38428672.0,38424576.0,3.63,0.540404419,17.3,2294353.0,0.0,0.0,15177.0,3359078.0,0.0,0.0,17466.0,0.0,0.0,0.0,0.0
2023-03-20 17:41:28.479000+00:00,2883584.0,33980416.0,39505920.0,39501824.0,3.66,0.540404419,17.38,2316413.0,0.0,0.0,15316.0,3389276.0,0.0,0.0,17640.0,0.0,0.0,0.0,0.0
2023-03-20 17:41:34.510000+00:00,2883584.0,33386496.0,38633472.0,38629376.0,3.71,0.540404419,17.46,2335599.0,0.0,0.0,15438.0,3415645.0,0.0,0.0,17786.0,0.0,0.0,0.0,0.0
2023-03-20 17:41:39.265000+00:00,2883584.0,33386496.0,38633472.0,38739968.0,3.71,0.540404419,17.48,2347856.0,0.0,0.0,15473.0,3424800.0,0.0,0.0,17822.0,0.0,0.0,0.0,0.0
2023-03-20 17:41:44.903000+00:00,2883584.0,33615872.0,38645760.0,38641664.0,3.72,0.54204056,17.6,2353402.0,0.0,0.0,15513.0,3442578.0,0.0,0.0,17872.0,0.0,0.0,0.0,0.0
2023-03-20 17:41:49.566000+00:00,2883584.0,33615872.0,39260160.0,39256064.0,3.72,0.54204056,17.6,2362393.0,0.0,0.0,15581.0,3457298.0,0.0,0.0,17953.0,0.0,0.0,0.0,0.0
2023-03-20 17:41:54.870000+00:00,2883584.0,33427456.0,38359040.0,38354944.0,3.77,0.54204056,17.71,2375946.0,0.0,0.0,15675.0,3476392.0,0.0,0.0,18061.0,0.0,0.0,0.0,0.0
2023-03-20 17:41:59.510000+00:00,2883584.0,34226176.0,39235584.0,39231488.0,3.77,0.54204056,17.76,2389150.0,0.0,0.0,15755.0,3493106.0,0.0,0.0,18147.0,0.0,0.0,0.0,0.0
2023-03-20 17:42:03.726000+00:00,2883584.0,34201600.0,39202816.0,39198720.0,3.79,0.54204056,17.84,2403149.0,0.0,0.0,15844.0,3514735.0,0.0,0.0,18257.0,0.0,0.0,0.0,0.0
2023-03-20 17:42:09.083000+00:00,2883584.0,34201600.0,39202816.0,39198720.0,3.8,0.54204056,17.87,2403149.0,0.0,0.0,15917.0,3538474.0,0.0,0.0,18345.0,0.0,0.0,0.0,0.0
2023-03-20 17:42:14.802000+00:00,2883584.0,33644544.0,38711296.0,38707200.0,3.82,0.54235523,17.95,2426140.0,0.0,0.0,15956.0,3549117.0,0.0,0.0,18393.0,0.0,0.0,0.0,0.0
2023-03-20 17:42:19.866000+00:00,2883584.0,33644544.0,38711296.0,38584320.0,3.82,0.54235523,17.98,2435652.0,0.0,0.0,16030.0,3563926.0,0.0,0.0,18476.0,0.0,0.0,0.0,0.0
2023-03-20 17:42:23.905000+00:00,2883584.0,34263040.0,39354368.0,39350272.0,3.84,0.54235523,18.12,2446711.0,0.0,0.0,16100.0,3579979.0,0.0,0.0,18558.0,0.0,0.0,0.0,0.0
2023-03-20 17:42:29.190000+00:00,3063808.0,34263040.0,39354368.0,39350272.0,3.86,0.54235523,18.19,2446711.0,0.0,0.0,16100.0,3579979.0,0.0,0.0,18558.0,0.0,0.0,0.0,0.0
2023-03-20 17:42:33.468000+00:00,3063808.0,34152448.0,39346176.0,39342080.0,3.88,0.54235523,18.31,2478091.0,0.0,0.0,16329.0,3623823.0,0.0,0.0,18820.0,0.0,0.0,0.0,0.0
2023-03-20 17:42:39.865000+00:00,3063808.0,34152448.0,39346176.0,39333888.0,3.9,0.54235523,18.31,2496413.0,0.0,0.0,16442.0,3647379.0,0.0,0.0,18951.0,0.0,0.0,0.0,0.0
2023-03-20 17:42:43.698000+00:00,3063808.0,34308096.0,39378944.0,39374848.0,3.93,0.54235523,18.5,2517495.0,0.0,0.0,16531.0,3673285.0,0.0,0.0,19054.0,0.0,0.0,0.0,0.0
2023-03-20 17:42:48.634000+00:00,3063808.0,34119680.0,39559168.0,39555072.0,3.94,0.54235523,18.5,2524740.0,0.0,0.0,16587.0,3686022.0,0.0,0.0,19120.0,0.0,0.0,0.0,0.0
2023-03-20 17:42:53.018000+00:00,3063808.0,34828288.0,39813120.0,39809024.0,3.94,0.54235523,18.56,2536415.0,0.0,0.0,16665.0,3703316.0,0.0,0.0,19209.0,0.0,0.0,0.0,0.0
2023-03-20 17:42:59.312000+00:00,3063808.0,34828288.0,39813120.0,39809024.0,3.98,0.54235523,18.66,2536415.0,0.0,0.0,16665.0,3703316.0,0.0,0.0,19209.0,0.0,0.0,0.0,0.0
2023-03-20 17:43:04.437000+00:00,3063808.0,34627584.0,39718912.0,39714816.0,4.02,0.54235523,18.93,2572316.0,0.0,0.0,16854.0,3750697.0,0.0,0.0,19424.0,0.0,0.0,0.0,0.0
2023-03-20 17:43:09.174000+00:00,3063808.0,34320384.0,39280640.0,39276544.0,4.02,0.54235523,18.96,2580530.0,0.0,0.0,16917.0,3764580.0,0.0,0.0,19498.0,0.0,0.0,0.0,0.0
2023-03-20 17:43:14.512000+00:00,3063808.0,35053568.0,40177664.0,40173568.0,4.04,0.54235523,19.06,2588972.0,0.0,0.0,16981.0,3777954.0,0.0,0.0,19568.0,0.0,0.0,0.0,0.0
2023-03-20 17:43:18.908000+00:00,3063808.0,35053568.0,40177664.0,39940096.0,4.06,0.54235523,19.1,2627058.0,0.0,0.0,17068.0,3821087.0,0.0,0.0,19667.0,0.0,0.0,0.0,0.0
2023-03-20 17:43:23.706000+00:00,3063808.0,34619392.0,39702528.0,39698432.0,4.06,0.54235523,19.12,2646385.0,0.0,0.0,17135.0,3845801.0,0.0,0.0,19745.0,0.0,0.0,0.0,0.0
2023-03-20 17:43:29.414000+00:00,3244032.0,34398208.0,39415808.0,39411712.0,4.1,0.54235523,19.22,2654630.0,0.0,0.0,17191.0,3859369.0,0.0,0.0,19808.0,0.0,0.0,0.0,0.0
2023-03-20 17:43:34.583000+00:00,3244032.0,34639872.0,39739392.0,39735296.0,4.14,0.54235523,19.32,2682578.0,0.0,0.0,17316.0,3891527.0,0.0,0.0,19946.0,0.0,0.0,0.0,0.0
2023-03-20 17:43:39.642000+00:00,3244032.0,34639872.0,39727104.0,39723008.0,4.14,0.54235523,19.32,2699639.0,0.0,0.0,17431.0,3916438.0,0.0,0.0,20088.0,0.0,0.0,0.0,0.0
2023-03-20 17:43:43.262000+00:00,3244032.0,34332672.0,39460864.0,39456768.0,4.15,0.54235523,19.42,2705998.0,0.0,0.0,17480.0,3927438.0,0.0,0.0,20143.0,0.0,0.0,0.0,0.0
2023-03-20 17:43:48.492000+00:00,3244032.0,34332672.0,39460864.0,39456768.0,4.18,0.54235523,19.51,2705998.0,0.0,0.0,17562.0,3954240.0,0.0,0.0,20241.0,0.0,0.0,0.0,0.0
2023-03-20 17:43:53.414000+00:00,3244032.0,34721792.0,39677952.0,39673856.0,4.18,0.54235523,19.54,2734091.0,0.0,0.0,17619.0,3967307.0,0.0,0.0,20307.0,0.0,0.0,0.0,0.0
2023-03-20 17:43:59.881000+00:00,3244032.0,34721792.0,39677952.0,39673856.0,4.21,0.54235523,19.61,2734091.0,0.0,0.0,17619.0,3967307.0,0.0,0.0,20383.0,0.0,0.0,0.0,0.0
2023-03-20 17:44:04.680000+00:00,3244032.0,34553856.0,39510016.0,39505920.0,4.22,0.54235523,19.66,2774489.0,0.0,0.0,17793.0,4019188.0,0.0,0.0,20513.0,0.0,0.0,0.0,0.0
2023-03-20 17:44:08.527000+00:00,3244032.0,34553856.0,39510016.0,39432192.0,4.24,0.542523674,19.76,2787021.0,0.0,0.0,17869.0,4036413.0,0.0,0.0,20599.0,0.0,0.0,0.0,0.0
2023-03-20 17:44:13.197000+00:00,3244032.0,34832384.0,39813120.0,39809024.0,4.26,0.542523674,19.85,2815946.0,0.0,0.0,17989.0,4070536.0,0.0,0.0,20735.0,0.0,0.0,0.0,0.0
2023-03-20 17:44:19.777000+00:00,3244032.0,34832384.0,39755776.0,39751680.0,4.28,0.542523674,19.94,2826372.0,0.0,0.0,18061.0,4087025.0,0.0,0.0,20820.0,0.0,0.0,0.0,0.0
2023-03-20 17:44:24.396000+00:00,3432448.0,34701312.0,39686144.0,39682048.0,4.29,0.542523674,20.0,2839605.0,0.0,0.0,18159.0,4106928.0,0.0,0.0,20937.0,0.0,0.0,0.0,0.0
2023-03-20 17:44:29.228000+00:00,3432448.0,34701312.0,39686144.0,39682048.0,4.34,0.542756978,20.14,2839605.0,0.0,0.0,18159.0,4106928.0,0.0,0.0,20937.0,0.0,0.0,0.0,0.0
2023-03-20 17:44:34.319000+00:00,3432448.0,34537472.0,39559168.0,39555072.0,4.34,0.542756978,20.15,2868831.0,0.0,0.0,18317.0,4148882.0,0.0,0.0,21134.0,0.0,0.0,0.0,0.0
2023-03-20 17:44:39.606000+00:00,3432448.0,34537472.0,39268352.0,39264256.0,4.38,0.542756978,20.23,2878407.0,0.0,0.0,18381.0,4163253.0,0.0,0.0,21208.0,0.0,0.0,0.0,0.0
2023-03-20 17:44:43.824000+00:00,3432448.0,34512896.0,39514112.0,39510016.0,4.38,0.542756978,20.25,2880502.0,0.0,0.0,18392.0,4168584.0,0.0,0.0,21216.0,0.0,0.0,0.0,0.0
2023-03-20 17:44:48.476000+00:00,3432448.0,34512896.0,39514112.0,39510016.0,4.4,0.542756978,20.33,2885931.0,0.0,0.0,18437.0,4180821.0,0.0,0.0,21274.0,0.0,0.0,0.0,0.0
2023-03-20 17:44:54.350000+00:00,3432448.0,34189312.0,39354368.0,39350272.0,4.4,0.542756978,20.38,2908188.0,0.0,0.0,18526.0,4205709.0,0.0,0.0,21369.0,0.0,0.0,0.0,0.0
2023-03-20 17:44:59.379000+00:00,3432448.0,34189312.0,39354368.0,39350272.0,4.44,0.542756978,20.45,2908188.0,0.0,0.0,18526.0,4205709.0,0.0,0.0,21369.0,0.0,0.0,0.0,0.0
2023-03-20 17:45:04.632000+00:00,3432448.0,34897920.0,39964672.0,39960576.0,4.44,0.542756978,20.48,2931758.0,0.0,0.0,18697.0,4242960.0,0.0,0.0,21571.0,0.0,0.0,0.0,0.0
2023-03-20 17:45:08.998000+00:00,3432448.0,34897920.0,39489536.0,39485440.0,4.46,0.542756978,20.56,2937197.0,0.0,0.0,18737.0,4253762.0,0.0,0.0,21617.0,0.0,0.0,0.0,0.0
2023-03-20 17:45:14.101000+00:00,3432448.0,34820096.0,39809024.0,39804928.0,4.46,0.542756978,20.58,2941392.0,0.0,0.0,18763.0,4262118.0,0.0,0.0,21646.0,0.0,0.0,0.0,0.0
2023-03-20 17:45:19.455000+00:00,3432448.0,34820096.0,39641088.0,39636992.0,4.48,0.542756978,20.7,2950050.0,0.0,0.0,18837.0,4275584.0,0.0,0.0,21721.0,0.0,0.0,0.0,0.0
2023-03-20 17:45:24.077000+00:00,3596288.0,34152448.0,39243776.0,39239680.0,4.49,0.542756978,20.75,2971004.0,0.0,0.0,18970.0,4302715.0,0.0,0.0,21878.0,0.0,0.0,0.0,0.0
2023-03-20 17:45:28.371000+00:00,3596288.0,34127872.0,39325696.0,39321600.0,4.51,0.542756978,20.89,3004585.0,0.0,0.0,19070.0,4343168.0,0.0,0.0,21996.0,0.0,0.0,0.0,0.0
2023-03-20 17:45:33.682000+00:00,3596288.0,34283520.0,39362560.0,39358464.0,4.53,0.542756978,20.95,3020411.0,0.0,0.0,19175.0,4364136.0,0.0,0.0,22117.0,0.0,0.0,0.0,0.0
2023-03-20 17:45:39.791000+00:00,3596288.0,34746368.0,39714816.0,39710720.0,4.57,0.542756978,21.08,3052635.0,0.0,0.0,19322.0,4400941.0,0.0,0.0,22285.0,0.0,0.0,0.0,0.0
2023-03-20 17:45:44.475000+00:00,3596288.0,34541568.0,39604224.0,39600128.0,4.58,0.542756978,21.12,3064075.0,0.0,0.0,19400.0,4418435.0,0.0,0.0,22379.0,0.0,0.0,0.0,0.0
2023-03-20 17:45:49.710000+00:00,3596288.0,34541568.0,39604224.0,39600128.0,4.6,0.542756978,21.21,3064075.0,0.0,0.0,19452.0,4432241.0,0.0,0.0,22443.0,0.0,0.0,0.0,0.0
2023-03-20 17:45:54.264000+00:00,3596288.0,34467840.0,39497728.0,39493632.0,4.6,0.542756978,21.25,3098645.0,0.0,0.0,19551.0,4462183.0,0.0,0.0,22554.0,0.0,0.0,0.0,0.0
2023-03-20 17:45:58.029000+00:00,3596288.0,34467840.0,39497728.0,39493632.0,4.6,0.542756978,21.31,3098645.0,0.0,0.0,19551.0,4462183.0,0.0,0.0,22554.0,0.0,0.0,0.0,0.0
2023-03-20 17:46:04.518000+00:00,3596288.0,34836480.0,39927808.0,39923712.0,4.63,0.542756978,21.45,3142109.0,0.0,0.0,19778.0,4518689.0,0.0,0.0,22820.0,0.0,0.0,0.0,0.0
2023-03-20 17:46:09.538000+00:00,3596288.0,34836480.0,39927808.0,39837696.0,4.65,0.542756978,21.45,3153753.0,0.0,0.0,19849.0,4536284.0,0.0,0.0,22907.0,0.0,0.0,0.0,0.0
2023-03-20 17:46:13.691000+00:00,3596288.0,34320384.0,39407616.0,39403520.0,4.66,0.542756978,21.55,3161470.0,0.0,0.0,19896.0,4549221.0,0.0,0.0,22959.0,0.0,0.0,0.0,0.0
2023-03-20 17:46:18.462000+00:00,3596288.0,34689024.0,39723008.0,39718912.0,4.67,0.542756978,21.62,3192746.0,0.0,0.0,20039.0,4587453.0,0.0,0.0,23129.0,0.0,0.0,0.0,0.0
2023-03-20 17:46:24.251000+00:00,3805184.0,35033088.0,40079360.0,40075264.0,4.67,0.542756978,21.78,3208075.0,0.0,0.0,20149.0,4608809.0,0.0,0.0,23257.0,0.0,0.0,0.0,0.0
2023-03-20 17:46:28.309000+00:00,3805184.0,35033088.0,40189952.0,40185856.0,4.67,0.542756978,21.82,3226046.0,0.0,0.0,20255.0,4633086.0,0.0,0.0,23385.0,0.0,0.0,0.0,0.0
2023-03-20 17:46:34.549000+00:00,3805184.0,35196928.0,40169472.0,40165376.0,4.71,0.542756978,21.91,3239453.0,0.0,0.0,20353.0,4653280.0,0.0,0.0,23505.0,0.0,0.0,0.0,0.0
2023-03-20 17:46:39.588000+00:00,3805184.0,35196928.0,40169472.0,40165376.0,4.71,0.542756978,21.93,3239453.0,0.0,0.0,20395.0,4663859.0,0.0,0.0,23548.0,0.0,0.0,0.0,0.0
2023-03-20 17:46:44.705000+00:00,3805184.0,35221504.0,40189952.0,40185856.0,4.75,0.542756978,22.04,3266757.0,0.0,0.0,20543.0,4692895.0,0.0,0.0,23727.0,0.0,0.0,0.0,0.0
2023-03-20 17:46:49.167000+00:00,3805184.0,34619392.0,39587840.0,39583744.0,4.75,0.542756978,22.04,3282877.0,0.0,0.0,20661.0,4714403.0,0.0,0.0,23859.0,0.0,0.0,0.0,0.0
2023-03-20 17:46:54.396000+00:00,3805184.0,34455552.0,39473152.0,39469056.0,4.78,0.542756978,22.19,3305571.0,0.0,0.0,20735.0,4742675.0,0.0,0.0,23950.0,0.0,0.0,0.0,0.0
2023-03-20 17:46:58.824000+00:00,3805184.0,34455552.0,39473152.0,39469056.0,4.78,0.542756978,22.24,3305571.0,0.0,0.0,20735.0,4742675.0,0.0,0.0,23950.0,0.0,0.0,0.0,0.0
2023-03-20 17:47:04.514000+00:00,3805184.0,35237888.0,40321024.0,40316928.0,4.8,0.542756978,22.34,3332897.0,0.0,0.0,20906.0,4781308.0,0.0,0.0,24143.0,0.0,0.0,0.0,0.0
2023-03-20 17:47:08.057000+00:00,3805184.0,35237888.0,39579648.0,39575552.0,4.82,0.542756978,22.34,3347098.0,0.0,0.0,21011.0,4802242.0,0.0,0.0,24267.0,0.0,0.0,0.0,0.0
2023-03-20 17:47:14.922000+00:00,3805184.0,34660352.0,39628800.0,39624704.0,4.85,0.542756978,22.48,3361866.0,0.0,0.0,21116.0,4822596.0,0.0,0.0,24386.0,0.0,0.0,0.0,0.0
2023-03-20 17:47:19.297000+00:00,3805184.0,34660352.0,39628800.0,39624704.0,4.85,0.542756978,22.53,3361866.0,0.0,0.0,21216.0,4843655.0,0.0,0.0,24499.0,0.0,0.0,0.0,0.0
2023-03-20 17:47:24.063000+00:00,4026368.0,34447360.0,39550976.0,39546880.0,4.88,0.542756978,22.68,3390603.0,0.0,0.0,21298.0,4862283.0,0.0,0.0,24596.0,0.0,0.0,0.0,0.0
2023-03-20 17:47:28.755000+00:00,4026368.0,34357248.0,39473152.0,39469056.0,4.88,0.542756978,22.73,3402696.0,0.0,0.0,21391.0,4880893.0,0.0,0.0,24596.0,0.0,0.0,0.0,0.0
2023-03-20 17:47:34.810000+00:00,4026368.0,34783232.0,39768064.0,39763968.0,4.92,0.542756978,22.88,3433583.0,0.0,0.0,21522.0,4917099.0,0.0,0.0,24857.0,0.0,0.0,0.0,0.0
2023-03-20 17:47:38.375000+00:00,4026368.0,34783232.0,39768064.0,39956480.0,4.92,0.542756978,22.91,3448685.0,0.0,0.0,21619.0,4938168.0,0.0,0.0,24969.0,0.0,0.0,0.0,0.0
2023-03-20 17:47:43.913000+00:00,4026368.0,34996224.0,40087552.0,40083456.0,4.94,0.542756978,23.02,3476963.0,0.0,0.0,21746.0,4973083.0,0.0,0.0,25115.0,0.0,0.0,0.0,0.0
2023-03-20 17:47:48.631000+00:00,4026368.0,34996224.0,39890944.0,39886848.0,4.94,0.542756978,23.02,3486817.0,0.0,0.0,21832.0,4990377.0,0.0,0.0,25220.0,0.0,0.0,0.0,0.0
2023-03-20 17:47:53.488000+00:00,4026368.0,34566144.0,39682048.0,39677952.0,4.98,0.542756978,23.19,3522735.0,0.0,0.0,21985.0,5032470.0,0.0,0.0,25397.0,0.0,0.0,0.0,0.0
2023-03-20 17:47:59.528000+00:00,4026368.0,34566144.0,39682048.0,39677952.0,4.99,0.542756978,23.26,3522735.0,0.0,0.0,21985.0,5032470.0,0.0,0.0,25397.0,0.0,0.0,0.0,0.0
2023-03-20 17:48:03.751000+00:00,4026368.0,35176448.0,40214528.0,40210432.0,5.0,0.542756978,23.36,3548597.0,0.0,0.0,22154.0,5070629.0,0.0,0.0,25599.0,0.0,0.0,0.0,0.0
2023-03-20 17:48:09.735000+00:00,4026368.0,35176448.0,40214528.0,40210432.0,5.02,0.542756978,23.43,3548597.0,0.0,0.0,22267.0,5103656.0,0.0,0.0,25727.0,0.0,0.0,0.0,0.0
2023-03-20 17:48:13.367000+00:00,4026368.0,35266560.0,40468480.0,40464384.0,5.03,0.54562915,23.56,3584808.0,0.0,0.0,22334.0,5116844.0,0.0,0.0,25800.0,0.0,0.0,0.0,0.0
2023-03-20 17:48:18.464000+00:00,4026368.0,35266560.0,40153088.0,40148992.0,5.05,0.54562915,23.62,3616375.0,0.0,0.0,22461.0,5155217.0,0.0,0.0,25948.0,0.0,0.0,0.0,0.0
2023-03-20 17:48:24.753000+00:00,4255744.0,35291136.0,40501248.0,40497152.0,5.1,0.54562915,23.9,3654019.0,0.0,0.0,22642.0,5201049.0,0.0,0.0,26166.0,0.0,0.0,0.0,0.0
2023-03-20 17:48:28.386000+00:00,4255744.0,35291136.0,40501248.0,40497152.0,5.1,0.54562915,23.92,3654019.0,0.0,0.0,22642.0,5201049.0,0.0,0.0,26166.0,0.0,0.0,0.0,0.0
2023-03-20 17:48:34.555000+00:00,4255744.0,35303424.0,40480768.0,40476672.0,5.15,0.54562915,23.99,3676953.0,0.0,0.0,22715.0,5233122.0,0.0,0.0,26250.0,0.0,0.0,0.0,0.0
2023-03-20 17:48:39.764000+00:00,4255744.0,35303424.0,39911424.0,39907328.0,5.15,0.54562915,24.01,3684348.0,0.0,0.0,22772.0,5246114.0,0.0,0.0,26318.0,0.0,0.0,0.0,0.0
2023-03-20 17:48:43.780000+00:00,4255744.0,35655680.0,41164800.0,41160704.0,5.17,0.54562915,24.09,3694485.0,0.0,0.0,22844.0,5260123.0,0.0,0.0,26390.0,0.0,0.0,0.0,0.0
2023-03-20 17:48:49.824000+00:00,4255744.0,35655680.0,41164800.0,41160704.0,5.19,0.54562915,24.16,3731310.0,0.0,0.0,23011.0,5304630.0,0.0,0.0,26593.0,0.0,0.0,0.0,0.0
2023-03-20 17:48:53.661000+00:00,4255744.0,34955264.0,40091648.0,40087552.0,5.2,0.54562915,24.19,3739783.0,0.0,0.0,23075.0,5319999.0,0.0,0.0,26674.0,0.0,0.0,0.0,0.0
2023-03-20 17:48:59.002000+00:00,4255744.0,34955264.0,40091648.0,40087552.0,5.22,0.54562915,24.27,3739783.0,0.0,0.0,23075.0,5319999.0,0.0,0.0,26674.0,0.0,0.0,0.0,0.0
2023-03-20 17:49:04.695000+00:00,4255744.0,35528704.0,40996864.0,40992768.0,5.24,0.54562915,24.36,3760379.0,0.0,0.0,23217.0,5351374.0,0.0,0.0,26842.0,0.0,0.0,0.0,0.0
2023-03-20 17:49:09.702000+00:00,4255744.0,35528704.0,40996864.0,40095744.0,5.25,0.54562915,24.38,3766590.0,0.0,0.0,23256.0,5362133.0,0.0,0.0,26887.0,0.0,0.0,0.0,0.0
2023-03-20 17:49:14.099000+00:00,4255744.0,35528704.0,40525824.0,40521728.0,5.26,0.54562915,24.42,3773256.0,0.0,0.0,23307.0,5373429.0,0.0,0.0,26939.0,0.0,0.0,0.0,0.0
2023-03-20 17:49:18.374000+00:00,4255744.0,35528704.0,40525824.0,40521728.0,5.28,0.54562915,24.42,3773256.0,0.0,0.0,23307.0,5373429.0,0.0,0.0,27078.0,0.0,0.0,0.0,0.0
2023-03-20 17:49:23.230000+00:00,4255744.0,35336192.0,40431616.0,40427520.0,5.29,0.54562915,24.55,3798837.0,0.0,0.0,23487.0,5411473.0,0.0,0.0,27148.0,0.0,0.0,0.0,0.0
2023-03-20 17:49:28.317000+00:00,4427776.0,35336192.0,40431616.0,40427520.0,5.3,0.54562915,24.65,3798837.0,0.0,0.0,23487.0,5411473.0,0.0,0.0,27148.0,0.0,0.0,0.0,0.0
2023-03-20 17:49:34.461000+00:00,4427776.0,35201024.0,40341504.0,40337408.0,5.33,0.54562915,24.73,3838613.0,0.0,0.0,23658.0,5461041.0,0.0,0.0,27350.0,0.0,0.0,0.0,0.0
2023-03-20 17:49:39.007000+00:00,4427776.0,35201024.0,40341504.0,40337408.0,5.36,0.54562915,24.83,3838613.0,0.0,0.0,23658.0,5461041.0,0.0,0.0,27350.0,0.0,0.0,0.0,0.0
2023-03-20 17:49:44.680000+00:00,4427776.0,34992128.0,40374272.0,40370176.0,5.38,0.54562915,24.87,3862063.0,0.0,0.0,23824.0,5495955.0,0.0,0.0,27541.0,0.0,0.0,0.0,0.0
2023-03-20 17:49:49.708000+00:00,4427776.0,34992128.0,40230912.0,40226816.0,5.4,0.54562915,24.87,3879399.0,0.0,0.0,23941.0,5519350.0,0.0,0.0,27675.0,0.0,0.0,0.0,0.0
2023-03-20 17:49:54.680000+00:00,4427776.0,35209216.0,40218624.0,40214528.0,5.41,0.54562915,25.02,3897575.0,0.0,0.0,24052.0,5543329.0,0.0,0.0,27805.0,0.0,0.0,0.0,0.0
2023-03-20 17:49:59.392000+00:00,4427776.0,35209216.0,40218624.0,40214528.0,5.42,0.548073192,25.12,3897575.0,0.0,0.0,24052.0,5543329.0,0.0,0.0,27805.0,0.0,0.0,0.0,0.0
2023-03-20 17:50:04.122000+00:00,4427776.0,35565568.0,40554496.0,40550400.0,5.43,0.548073192,25.19,3969282.0,0.0,0.0,24288.0,5624848.0,0.0,0.0,28073.0,0.0,0.0,0.0,0.0
2023-03-20 17:50:09.278000+00:00,4427776.0,35663872.0,40767488.0,40763392.0,5.45,0.550911178,25.29,3984804.0,0.0,0.0,24390.0,5645794.0,0.0,0.0,28192.0,0.0,0.0,0.0,0.0
2023-03-20 17:50:14.353000+00:00,4427776.0,35553280.0,40615936.0,40611840.0,5.46,0.550911178,25.35,3999629.0,0.0,0.0,24477.0,5667294.0,0.0,0.0,28295.0,0.0,0.0,0.0,0.0
2023-03-20 17:50:19.279000+00:00,4427776.0,35553280.0,40615936.0,40280064.0,5.5,0.550911178,25.43,4009010.0,0.0,0.0,24535.0,5682075.0,0.0,0.0,28364.0,0.0,0.0,0.0,0.0
2023-03-20 17:50:23.553000+00:00,4427776.0,35557376.0,40566784.0,40562688.0,5.5,0.550911178,25.44,4014304.0,0.0,0.0,24565.0,5692090.0,0.0,0.0,28397.0,0.0,0.0,0.0,0.0
2023-03-20 17:50:28.978000+00:00,4620288.0,35143680.0,40579072.0,40574976.0,5.54,0.550911178,25.56,4047229.0,0.0,0.0,24697.0,5728727.0,0.0,0.0,28547.0,0.0,0.0,0.0,0.0
2023-03-20 17:50:34.031000+00:00,4620288.0,35205120.0,40194048.0,40189952.0,5.56,0.550911178,25.62,4060249.0,0.0,0.0,24795.0,5750428.0,0.0,0.0,28665.0,0.0,0.0,0.0,0.0
2023-03-20 17:50:38.878000+00:00,4620288.0,35205120.0,40194048.0,40189952.0,5.57,0.550911178,25.7,4067600.0,0.0,0.0,24838.0,5762982.0,0.0,0.0,28715.0,0.0,0.0,0.0,0.0
2023-03-20 17:50:43.636000+00:00,4620288.0,35532800.0,40611840.0,40607744.0,5.57,0.550911178,25.73,4079605.0,0.0,0.0,24926.0,5780559.0,0.0,0.0,28813.0,0.0,0.0,0.0,0.0
2023-03-20 17:50:47.917000+00:00,4620288.0,35532800.0,40611840.0,40607744.0,5.62,0.550911178,25.84,4079605.0,0.0,0.0,24926.0,5800121.0,0.0,0.0,28915.0,0.0,0.0,0.0,0.0
2023-03-20 17:50:53.887000+00:00,4620288.0,35127296.0,40161280.0,40157184.0,5.62,0.550911178,25.87,4099613.0,0.0,0.0,25059.0,5812629.0,0.0,0.0,28978.0,0.0,0.0,0.0,0.0
2023-03-20 17:50:59.705000+00:00,4620288.0,35368960.0,40615936.0,40157184.0,5.65,0.550911178,26.01,4099613.0,0.0,0.0,25059.0,5812629.0,0.0,0.0,28978.0,0.0,0.0,0.0,0.0
2023-03-20 17:51:04.779000+00:00,4620288.0,34914304.0,40017920.0,40013824.0,5.66,0.550911178,26.06,4153147.0,0.0,0.0,25334.0,5879811.0,0.0,0.0,29308.0,0.0,0.0,0.0,0.0
2023-03-20 17:51:09.132000+00:00,4620288.0,34914304.0,40308736.0,40304640.0,5.69,0.550911178,26.15,4160418.0,0.0,0.0,25379.0,5891306.0,0.0,0.0,29353.0,0.0,0.0,0.0,0.0
2023-03-20 17:51:13.790000+00:00,4620288.0,35000320.0,40034304.0,40030208.0,5.7,0.550911178,26.17,4169576.0,0.0,0.0,25440.0,5906763.0,0.0,0.0,29432.0,0.0,0.0,0.0,0.0
2023-03-20 17:51:18.441000+00:00,4620288.0,34889728.0,40132608.0,40128512.0,5.72,0.550911178,26.27,4192024.0,0.0,0.0,25512.0,5933340.0,0.0,0.0,29507.0,0.0,0.0,0.0,0.0
2023-03-20 17:51:23.985000+00:00,4620288.0,35315712.0,40357888.0,40353792.0,5.74,0.550911178,26.34,4219078.0,0.0,0.0,25668.0,5966424.0,0.0,0.0,29685.0,0.0,0.0,0.0,0.0
2023-03-20 17:51:29.150000+00:00,4825088.0,35315712.0,40357888.0,40353792.0,5.76,0.550911178,26.44,4219078.0,0.0,0.0,25668.0,5966424.0,0.0,0.0,29685.0,0.0,0.0,0.0,0.0
2023-03-20 17:51:33.851000+00:00,4825088.0,35241984.0,40226816.0,40222720.0,5.78,0.550911178,26.49,4255523.0,0.0,0.0,25836.0,6014582.0,0.0,0.0,29884.0,0.0,0.0,0.0,0.0
2023-03-20 17:51:39.550000+00:00,4825088.0,35385344.0,40439808.0,40435712.0,5.82,0.550911178,26.58,4271963.0,0.0,0.0,25943.0,6035701.0,0.0,0.0,30007.0,0.0,0.0,0.0,0.0
2023-03-20 17:51:43.151000+00:00,4825088.0,35143680.0,40259584.0,40255488.0,5.82,0.550911178,26.61,4296287.0,0.0,0.0,26013.0,6067591.0,0.0,0.0,30096.0,0.0,0.0,0.0,0.0
2023-03-20 17:51:48.087000+00:00,4825088.0,35143680.0,40259584.0,40521728.0,5.83,0.550911178,26.67,4311875.0,0.0,0.0,26135.0,6089266.0,0.0,0.0,30231.0,0.0,0.0,0.0,0.0
2023-03-20 17:51:54.488000+00:00,4825088.0,34832384.0,39895040.0,39890944.0,5.84,0.550911178,26.8,4334730.0,0.0,0.0,26281.0,6117043.0,0.0,0.0,30403.0,0.0,0.0,0.0,0.0
2023-03-20 17:51:59.708000+00:00,4825088.0,34832384.0,39895040.0,39890944.0,5.86,0.550911178,26.8,4334730.0,0.0,0.0,26281.0,6117043.0,0.0,0.0,30403.0,0.0,0.0,0.0,0.0
2023-03-20 17:52:04.263000+00:00,4825088.0,35467264.0,40755200.0,40751104.0,5.88,0.550911178,27.0,4391728.0,0.0,0.0,26546.0,6186083.0,0.0,0.0,30711.0,0.0,0.0,0.0,0.0
2023-03-20 17:52:08.808000+00:00,4825088.0,35520512.0,40787968.0,40783872.0,5.89,0.550911178,27.04,4406457.0,0.0,0.0,26652.0,6206884.0,0.0,0.0,30834.0,0.0,0.0,0.0,0.0
2023-03-20 17:52:14.425000+00:00,4825088.0,35061760.0,40181760.0,40177664.0,5.92,0.550911178,27.18,4443636.0,0.0,0.0,26794.0,6250540.0,0.0,0.0,31000.0,0.0,0.0,0.0,0.0
2023-03-20 17:52:19.104000+00:00,4825088.0,35061760.0,40181760.0,40177664.0,5.92,0.550911178,27.25,4443636.0,0.0,0.0,26923.0,6290527.0,0.0,0.0,31153.0,0.0,0.0,0.0,0.0
2023-03-20 17:52:24.356000+00:00,5058560.0,35364864.0,40493056.0,40488960.0,5.94,0.550911178,27.32,4490335.0,0.0,0.0,26979.0,6304605.0,0.0,0.0,31210.0,0.0,0.0,0.0,0.0
2023-03-20 17:52:29.758000+00:00,5058560.0,35221504.0,40300544.0,40296448.0,5.94,0.550911178,27.36,4501943.0,0.0,0.0,27067.0,6325032.0,0.0,0.0,31315.0,0.0,0.0,0.0,0.0
2023-03-20 17:52:34.320000+00:00,5058560.0,35966976.0,41082880.0,41078784.0,5.97,0.552568865,27.47,4515835.0,0.0,0.0,27137.0,6343437.0,0.0,0.0,31400.0,0.0,0.0,0.0,0.0
2023-03-20 17:52:39.576000+00:00,5058560.0,35966976.0,41082880.0,41078784.0,5.98,0.552568865,27.49,4515835.0,0.0,0.0,27198.0,6357836.0,0.0,0.0,31471.0,0.0,0.0,0.0,0.0
2023-03-20 17:52:44.303000+00:00,5058560.0,35852288.0,40927232.0,40923136.0,6.02,0.552568865,27.59,4539332.0,0.0,0.0,27319.0,6379268.0,0.0,0.0,31603.0,0.0,0.0,0.0,0.0
2023-03-20 17:52:49.311000+00:00,5058560.0,35852288.0,40927232.0,40923136.0,6.02,0.552568865,27.65,4539332.0,0.0,0.0,27319.0,6379268.0,0.0,0.0,31603.0,0.0,0.0,0.0,0.0
2023-03-20 17:52:54.399000+00:00,5058560.0,35381248.0,40472576.0,40468480.0,6.05,0.552568865,27.78,4586800.0,0.0,0.0,27541.0,6437085.0,0.0,0.0,31864.0,0.0,0.0,0.0,0.0
2023-03-20 17:52:59.077000+00:00,5058560.0,35381248.0,41054208.0,41050112.0,6.06,0.552568865,27.82,4598034.0,0.0,0.0,27631.0,6456242.0,0.0,0.0,31975.0,0.0,0.0,0.0,0.0
2023-03-20 17:53:03.864000+00:00,5058560.0,35954688.0,41005056.0,41000960.0,6.07,0.555364837,27.91,4608157.0,0.0,0.0,27701.0,6470332.0,0.0,0.0,32054.0,0.0,0.0,0.0,0.0
2023-03-20 17:53:08.872000+00:00,5058560.0,35926016.0,41005056.0,41000960.0,6.08,0.555364837,27.91,4608157.0,0.0,0.0,27701.0,6470332.0,0.0,0.0,32054.0,0.0,0.0,0.0,0.0
2023-03-20 17:53:14.793000+00:00,5058560.0,35930112.0,40964096.0,40960000.0,6.09,0.555364837,28.06,4652579.0,0.0,0.0,27894.0,6527868.0,0.0,0.0,32283.0,0.0,0.0,0.0,0.0
2023-03-20 17:53:18.729000+00:00,5058560.0,35930112.0,41095168.0,41091072.0,6.1,0.555364837,28.12,4670526.0,0.0,0.0,28009.0,6550797.0,0.0,0.0,32417.0,0.0,0.0,0.0,0.0
2023-03-20 17:53:24.175000+00:00,5263360.0,35717120.0,40730624.0,40726528.0,6.12,0.555364837,28.21,4678213.0,0.0,0.0,28063.0,6565157.0,0.0,0.0,32485.0,0.0,0.0,0.0,0.0
2023-03-20 17:53:28.940000+00:00,5263360.0,35717120.0,40730624.0,40726528.0,6.12,0.555364837,28.26,4678213.0,0.0,0.0,28063.0,6565157.0,0.0,0.0,32485.0,0.0,0.0,0.0,0.0
2023-03-20 17:53:33.326000+00:00,5263360.0,35815424.0,40857600.0,40853504.0,6.17,0.555364837,28.37,4719074.0,0.0,0.0,28242.0,6617417.0,0.0,0.0,32690.0,0.0,0.0,0.0,0.0
2023-03-20 17:53:38.700000+00:00,5263360.0,35917824.0,41000960.0,40996864.0,6.18,0.555364837,28.41,4748374.0,0.0,0.0,28340.0,6649304.0,0.0,0.0,32794.0,0.0,0.0,0.0,0.0
2023-03-20 17:53:43.592000+00:00,5263360.0,35438592.0,40570880.0,40566784.0,6.24,0.555364837,28.65,4768723.0,0.0,0.0,28482.0,6676569.0,0.0,0.0,32959.0,0.0,0.0,0.0,0.0
2023-03-20 17:53:48.404000+00:00,5263360.0,36143104.0,41144320.0,41140224.0,6.24,0.555364837,28.7,4780003.0,0.0,0.0,28570.0,6695908.0,0.0,0.0,33067.0,0.0,0.0,0.0,0.0
2023-03-20 17:53:53.824000+00:00,5263360.0,36102144.0,41459712.0,41455616.0,6.26,0.555364837,28.79,4794523.0,0.0,0.0,28659.0,6714525.0,0.0,0.0,33166.0,0.0,0.0,0.0,0.0
2023-03-20 17:53:58.937000+00:00,5263360.0,36249600.0,41459712.0,41455616.0,6.28,0.555364837,28.86,4794523.0,0.0,0.0,28659.0,6714525.0,0.0,0.0,33166.0,0.0,0.0,0.0,0.0
2023-03-20 17:54:03.533000+00:00,5263360.0,36032512.0,41078784.0,41074688.0,6.28,0.555364837,28.91,4822922.0,0.0,0.0,28865.0,6755811.0,0.0,0.0,33406.0,0.0,0.0,0.0,0.0
2023-03-20 17:54:09.278000+00:00,5263360.0,36032512.0,41078784.0,41074688.0,6.3,0.555648214,29.05,4841150.0,0.0,0.0,28984.0,6779282.0,0.0,0.0,33540.0,0.0,0.0,0.0,0.0
2023-03-20 17:54:14.907000+00:00,5263360.0,35737600.0,41021440.0,41017344.0,6.33,0.555648214,29.18,4913503.0,0.0,0.0,29163.0,6858246.0,0.0,0.0,33750.0,0.0,0.0,0.0,0.0
2023-03-20 17:54:19.644000+00:00,5263360.0,35753984.0,41021440.0,41017344.0,6.34,0.555648214,29.25,4913503.0,0.0,0.0,29254.0,6878334.0,0.0,0.0,33860.0,0.0,0.0,0.0,0.0
2023-03-20 17:54:23.504000+00:00,5263360.0,36229120.0,41455616.0,41451520.0,6.35,0.555648214,29.28,4933971.0,0.0,0.0,29308.0,6889327.0,0.0,0.0,33916.0,0.0,0.0,0.0,0.0
2023-03-20 17:54:29.732000+00:00,5488640.0,36229120.0,41455616.0,41451520.0,6.38,0.555648214,29.39,4933971.0,0.0,0.0,29308.0,6889327.0,0.0,0.0,33916.0,0.0,0.0,0.0,0.0
2023-03-20 17:54:34.420000+00:00,5488640.0,35840000.0,41029632.0,41025536.0,6.42,0.558790081,29.44,4974182.0,0.0,0.0,29557.0,6942076.0,0.0,0.0,34212.0,0.0,0.0,0.0,0.0
2023-03-20 17:54:39.829000+00:00,5488640.0,35840000.0,41029632.0,41025536.0,6.46,0.558790081,29.52,5007084.0,0.0,0.0,29669.0,6979572.0,0.0,0.0,34337.0,0.0,0.0,0.0,0.0
2023-03-20 17:54:44.422000+00:00,5488640.0,35565568.0,40566784.0,40562688.0,6.47,0.558790081,29.54,5017437.0,0.0,0.0,29736.0,6994708.0,0.0,0.0,34416.0,0.0,0.0,0.0,0.0
2023-03-20 17:54:49.564000+00:00,5488640.0,35565568.0,40566784.0,40562688.0,6.49,0.559819757,29.66,5017437.0,0.0,0.0,29736.0,6994708.0,0.0,0.0,34547.0,0.0,0.0,0.0,0.0
2023-03-20 17:54:53.823000+00:00,5488640.0,35938304.0,41046016.0,41041920.0,6.5,0.559819757,29.71,5072166.0,0.0,0.0,29969.0,7058884.0,0.0,0.0,34684.0,0.0,0.0,0.0,0.0
2023-03-20 17:54:58.898000+00:00,5488640.0,35938304.0,41046016.0,41041920.0,6.54,0.560841818,29.81,5072166.0,0.0,0.0,29969.0,7058884.0,0.0,0.0,34684.0,0.0,0.0,0.0,0.0
2023-03-20 17:55:03.990000+00:00,5488640.0,36241408.0,41267200.0,41263104.0,6.54,0.560841818,29.85,5109906.0,0.0,0.0,30202.0,7110205.0,0.0,0.0,34956.0,0.0,0.0,0.0,0.0
2023-03-20 17:55:08.436000+00:00,5488640.0,36122624.0,41140224.0,41136128.0,6.57,0.560841818,29.85,5121405.0,0.0,0.0,30284.0,7127540.0,0.0,0.0,35054.0,0.0,0.0,0.0,0.0
2023-03-20 17:55:14.164000+00:00,5488640.0,36229120.0,41275392.0,41271296.0,6.57,0.560841818,29.99,5137200.0,0.0,0.0,30384.0,7147445.0,0.0,0.0,35168.0,0.0,0.0,0.0,0.0
2023-03-20 17:55:19.546000+00:00,5488640.0,35573760.0,41275392.0,41271296.0,6.6,0.560841818,30.1,5137200.0,0.0,0.0,30384.0,7147445.0,0.0,0.0,35168.0,0.0,0.0,0.0,0.0
2023-03-20 17:55:23.955000+00:00,5488640.0,36155392.0,41218048.0,41213952.0,6.6,0.560841818,30.12,5181851.0,0.0,0.0,30575.0,7205775.0,0.0,0.0,35400.0,0.0,0.0,0.0,0.0
2023-03-20 17:55:29.252000+00:00,5709824.0,36155392.0,41218048.0,41213952.0,6.64,0.562061691,30.23,5181851.0,0.0,0.0,30575.0,7205775.0,0.0,0.0,35400.0,0.0,0.0,0.0,0.0
2023-03-20 17:55:33.395000+00:00,5709824.0,35721216.0,40857600.0,40853504.0,6.67,0.562061691,30.26,5217323.0,0.0,0.0,30804.0,7252443.0,0.0,0.0,35660.0,0.0,0.0,0.0,0.0
2023-03-20 17:55:39.785000+00:00,5709824.0,35475456.0,40857600.0,40853504.0,6.69,0.562061691,30.36,5217323.0,0.0,0.0,30804.0,7252443.0,0.0,0.0,35660.0,0.0,0.0,0.0,0.0
2023-03-20 17:55:43.361000+00:00,5709824.0,35749888.0,40755200.0,40751104.0,6.69,0.562061691,30.38,5230614.0,0.0,0.0,30896.0,7277455.0,0.0,0.0,35773.0,0.0,0.0,0.0,0.0
2023-03-20 17:55:48.079000+00:00,5709824.0,35749888.0,40554496.0,40550400.0,6.69,0.562061691,30.38,5255865.0,0.0,0.0,30960.0,7307117.0,0.0,0.0,35842.0,0.0,0.0,0.0,0.0
2023-03-20 17:55:53.823000+00:00,5709824.0,35487744.0,40726528.0,40722432.0,6.71,0.562061691,30.52,5268618.0,0.0,0.0,31046.0,7325220.0,0.0,0.0,35941.0,0.0,0.0,0.0,0.0
2023-03-20 17:55:59.551000+00:00,5709824.0,36245504.0,41500672.0,41496576.0,6.73,0.562061691,30.61,5280304.0,0.0,0.0,31119.0,7341532.0,0.0,0.0,35941.0,0.0,0.0,0.0,0.0
2023-03-20 17:56:03.858000+00:00,5709824.0,36171776.0,41275392.0,41271296.0,6.74,0.562061691,30.64,5292765.0,0.0,0.0,31211.0,7361940.0,0.0,0.0,36137.0,0.0,0.0,0.0,0.0
2023-03-20 17:56:08.398000+00:00,5709824.0,36171776.0,41426944.0,41422848.0,6.74,0.562061691,30.64,5308030.0,0.0,0.0,31325.0,7382744.0,0.0,0.0,36265.0,0.0,0.0,0.0,0.0
2023-03-20 17:56:14.675000+00:00,5709824.0,36147200.0,41246720.0,41242624.0,6.76,0.562061691,30.79,5318993.0,0.0,0.0,31407.0,7398974.0,0.0,0.0,36360.0,0.0,0.0,0.0,0.0
2023-03-20 17:56:18.202000+00:00,5709824.0,36147200.0,41246720.0,40865792.0,6.78,0.562061691,30.82,5326952.0,0.0,0.0,31463.0,7412473.0,0.0,0.0,36428.0,0.0,0.0,0.0,0.0
2023-03-20 17:56:23.350000+00:00,5709824.0,35606528.0,40738816.0,40734720.0,6.8,0.562061691,30.91,5336948.0,0.0,0.0,31538.0,7427762.0,0.0,0.0,36514.0,0.0,0.0,0.0,0.0
2023-03-20 17:56:28.857000+00:00,5894144.0,35606528.0,40738816.0,40734720.0,6.8,0.562061691,30.94,5336948.0,0.0,0.0,31538.0,7427762.0,0.0,0.0,36514.0,0.0,0.0,0.0,0.0
2023-03-20 17:56:34.064000+00:00,5894144.0,35676160.0,40927232.0,40923136.0,6.84,0.562061691,31.04,5383622.0,0.0,0.0,31725.0,7485245.0,0.0,0.0,36725.0,0.0,0.0,0.0,0.0
2023-03-20 17:56:39.050000+00:00,5894144.0,35676160.0,40710144.0,40706048.0,6.85,0.562061691,31.04,5393689.0,0.0,0.0,31800.0,7501512.0,0.0,0.0,36817.0,0.0,0.0,0.0,0.0
2023-03-20 17:56:44.624000+00:00,5894144.0,36216832.0,41340928.0,41336832.0,6.86,0.562061691,31.2,5402799.0,0.0,0.0,31869.0,7516405.0,0.0,0.0,36897.0,0.0,0.0,0.0,0.0
2023-03-20 17:56:49.050000+00:00,5894144.0,36216832.0,41340928.0,41336832.0,6.87,0.562061691,31.23,5411861.0,0.0,0.0,31935.0,7530191.0,0.0,0.0,36968.0,0.0,0.0,0.0,0.0
2023-03-20 17:56:53.216000+00:00,5894144.0,35598336.0,40865792.0,40861696.0,6.89,0.562061691,31.31,5420577.0,0.0,0.0,31982.0,7541581.0,0.0,0.0,37020.0,0.0,0.0,0.0,0.0
2023-03-20 17:56:58.546000+00:00,5894144.0,35868672.0,40996864.0,40992768.0,6.89,0.562061691,31.36,5438956.0,0.0,0.0,32118.0,7568671.0,0.0,0.0,37176.0,0.0,0.0,0.0,0.0
2023-03-20 17:57:04.230000+00:00,5894144.0,36065280.0,41279488.0,41275392.0,6.93,0.562061691,31.46,5506239.0,0.0,0.0,32231.0,7641648.0,0.0,0.0,37314.0,0.0,0.0,0.0,0.0
2023-03-20 17:57:09.217000+00:00,5894144.0,36065280.0,41279488.0,41275392.0,6.94,0.562061691,31.54,5506239.0,0.0,0.0,32344.0,7664304.0,0.0,0.0,37447.0,0.0,0.0,0.0,0.0
2023-03-20 17:57:14.783000+00:00,5894144.0,36327424.0,41361408.0,41357312.0,6.97,0.562061691,31.64,5540370.0,0.0,0.0,32455.0,7686582.0,0.0,0.0,37574.0,0.0,0.0,0.0,0.0
2023-03-20 17:57:19.059000+00:00,5894144.0,36327424.0,41361408.0,41357312.0,6.97,0.562061691,31.67,5540370.0,0.0,0.0,32526.0,7703171.0,0.0,0.0,37663.0,0.0,0.0,0.0,0.0
2023-03-20 17:57:23.968000+00:00,5894144.0,35692544.0,40820736.0,40816640.0,7.0,0.562061691,31.76,5552775.0,0.0,0.0,32554.0,7710999.0,0.0,0.0,37692.0,0.0,0.0,0.0,0.0
2023-03-20 17:57:29.735000+00:00,6070272.0,35692544.0,40820736.0,40816640.0,7.01,0.562061691,31.83,5552775.0,0.0,0.0,32554.0,7710999.0,0.0,0.0,37692.0,0.0,0.0,0.0,0.0
2023-03-20 17:57:34.052000+00:00,6070272.0,35786752.0,41226240.0,41222144.0,7.05,0.562061691,31.92,5596919.0,0.0,0.0,32741.0,7765644.0,0.0,0.0,37910.0,0.0,0.0,0.0,0.0
2023-03-20 17:57:39.557000+00:00,6070272.0,35786752.0,41226240.0,41222144.0,7.06,0.562061691,31.95,5596919.0,0.0,0.0,32852.0,7802949.0,0.0,0.0,38033.0,0.0,0.0,0.0,0.0
2023-03-20 17:57:44.495000+00:00,6070272.0,36401152.0,41660416.0,41656320.0,7.08,0.562061691,32.04,5639438.0,0.0,0.0,32901.0,7818536.0,0.0,0.0,38094.0,0.0,0.0,0.0,0.0
2023-03-20 17:57:49.553000+00:00,6070272.0,36130816.0,41660416.0,41656320.0,7.08,0.562061691,32.07,5639438.0,0.0,0.0,32901.0,7818536.0,0.0,0.0,38168.0,0.0,0.0,0.0,0.0
2023-03-20 17:57:53.921000+00:00,6070272.0,35815424.0,41046016.0,41041920.0,7.11,0.562061691,32.13,5657082.0,0.0,0.0,33015.0,7847131.0,0.0,0.0,38227.0,0.0,0.0,0.0,0.0
2023-03-20 17:57:59.750000+00:00,6070272.0,35815424.0,41046016.0,41041920.0,7.13,0.562061691,32.23,5657082.0,0.0,0.0,33015.0,7847131.0,0.0,0.0,38227.0,0.0,0.0,0.0,0.0
2023-03-20 17:58:04.769000+00:00,6070272.0,35905536.0,41107456.0,41103360.0,7.16,0.562061691,32.4,5690213.0,0.0,0.0,33221.0,7892543.0,0.0,0.0,38469.0,0.0,0.0,0.0,0.0
2023-03-20 17:58:08.936000+00:00,6070272.0,35905536.0,41107456.0,41103360.0,7.17,0.562061691,32.41,5690213.0,0.0,0.0,33221.0,7902391.0,0.0,0.0,38514.0,0.0,0.0,0.0,0.0
2023-03-20 17:58:14.151000+00:00,6070272.0,35946496.0,40968192.0,40964096.0,7.19,0.562061691,32.49,5704129.0,0.0,0.0,33323.0,7917203.0,0.0,0.0,38589.0,0.0,0.0,0.0,0.0
2023-03-20 17:58:18.895000+00:00,6070272.0,35946496.0,40968192.0,40964096.0,7.2,0.562061691,32.49,5704129.0,0.0,0.0,33323.0,7917203.0,0.0,0.0,38589.0,0.0,0.0,0.0,0.0
2023-03-20 17:58:23.413000+00:00,6070272.0,36098048.0,41222144.0,41218048.0,7.21,0.562061691,32.57,5733910.0,0.0,0.0,33536.0,7958439.0,0.0,0.0,38834.0,0.0,0.0,0.0,0.0
2023-03-20 17:58:29.089000+00:00,6250496.0,36098048.0,41222144.0,41218048.0,7.25,0.562061691,32.66,5733910.0,0.0,0.0,33536.0,7958439.0,0.0,0.0,38834.0,0.0,0.0,0.0,0.0
2023-03-20 17:58:34.314000+00:00,6250496.0,36245504.0,41398272.0,41394176.0,7.3,0.562061691,32.76,5796893.0,0.0,0.0,33731.0,8032821.0,0.0,0.0,39064.0,0.0,0.0,0.0,0.0
2023-03-20 17:58:38.646000+00:00,6250496.0,36245504.0,41398272.0,41394176.0,7.3,0.562061691,32.8,5796893.0,0.0,0.0,33731.0,8032821.0,0.0,0.0,39136.0,0.0,0.0,0.0,0.0
2023-03-20 17:58:43.496000+00:00,6250496.0,36167680.0,41279488.0,41275392.0,7.3,0.562061691,32.83,5810987.0,0.0,0.0,33826.0,8057818.0,0.0,0.0,39178.0,0.0,0.0,0.0,0.0
2023-03-20 17:58:48.385000+00:00,6250496.0,36167680.0,41279488.0,41275392.0,7.34,0.562061691,32.94,5810987.0,0.0,0.0,33826.0,8057818.0,0.0,0.0,39178.0,0.0,0.0,0.0,0.0
2023-03-20 17:58:53.143000+00:00,6250496.0,36425728.0,41742336.0,41738240.0,7.34,0.562061691,33.04,5837433.0,0.0,0.0,33994.0,8095430.0,0.0,0.0,39369.0,0.0,0.0,0.0,0.0
2023-03-20 17:58:59.030000+00:00,6250496.0,36425728.0,41742336.0,41738240.0,7.37,0.562061691,33.14,5837433.0,0.0,0.0,33994.0,8095430.0,0.0,0.0,39369.0,0.0,0.0,0.0,0.0
2023-03-20 17:59:04.721000+00:00,6250496.0,35684352.0,40681472.0,40677376.0,7.37,0.562061691,33.18,5860300.0,0.0,0.0,34153.0,8129028.0,0.0,0.0,39548.0,0.0,0.0,0.0,0.0
2023-03-20 17:59:09.910000+00:00,6250496.0,35684352.0,40681472.0,40677376.0,7.41,0.562061691,33.27,5860300.0,0.0,0.0,34153.0,8129028.0,0.0,0.0,39548.0,0.0,0.0,0.0,0.0
2023-03-20 17:59:12.930000+00:00,6250496.0,36171776.0,41254912.0,41250816.0,7.41,0.562061691,33.29,5897151.0,0.0,0.0,34293.0,8176374.0,0.0,0.0,39714.0,0.0,0.0,0.0,0.0
2023-03-20 17:59:19.694000+00:00,6250496.0,36216832.0,41218048.0,41213952.0,7.45,0.562061691,33.52,5911439.0,0.0,0.0,34398.0,8196781.0,0.0,0.0,39835.0,0.0,0.0,0.0,0.0
2023-03-20 17:59:23.922000+00:00,6250496.0,35794944.0,40873984.0,40869888.0,7.46,0.562061691,33.55,5918750.0,0.0,0.0,34447.0,8209093.0,0.0,0.0,39895.0,0.0,0.0,0.0,0.0
2023-03-20 17:59:29.303000+00:00,6250496.0,35794944.0,40873984.0,40869888.0,7.48,0.562061691,33.7,5918750.0,0.0,0.0,34447.0,8209093.0,0.0,0.0,39895.0,0.0,0.0,0.0,0.0
2023-03-20 17:59:34.289000+00:00,6418432.0,35852288.0,40947712.0,40943616.0,7.51,0.562061691,33.75,5946350.0,0.0,0.0,34659.0,8248336.0,0.0,0.0,40137.0,0.0,0.0,0.0,0.0
2023-03-20 17:59:39.243000+00:00,6418432.0,35852288.0,41230336.0,41226240.0,7.56,0.562061691,33.88,6002151.0,0.0,0.0,34788.0,8307847.0,0.0,0.0,40285.0,0.0,0.0,0.0,0.0
2023-03-20 17:59:43.777000+00:00,6418432.0,36167680.0,41193472.0,41189376.0,7.57,0.562061691,33.9,6019073.0,0.0,0.0,34902.0,8331213.0,0.0,0.0,40420.0,0.0,0.0,0.0,0.0
2023-03-20 17:59:49.295000+00:00,6418432.0,36167680.0,41086976.0,41082880.0,7.59,0.562061691,33.9,6033752.0,0.0,0.0,34994.0,8352831.0,0.0,0.0,40532.0,0.0,0.0,0.0,0.0
2023-03-20 17:59:53.744000+00:00,6418432.0,36454400.0,41525248.0,41521152.0,7.6,0.562061691,34.03,6038813.0,0.0,0.0,35028.0,8362390.0,0.0,0.0,40569.0,0.0,0.0,0.0,0.0
2023-03-20 17:59:59.501000+00:00,6418432.0,36454400.0,41525248.0,41521152.0,7.61,0.562061691,34.12,6038813.0,0.0,0.0,35028.0,8362390.0,0.0,0.0,40569.0,0.0,0.0,0.0,0.0
2023-03-20 18:00:04.182000+00:00,6418432.0,36298752.0,41299968.0,41295872.0,7.62,0.562061691,34.16,6082848.0,0.0,0.0,35189.0,8417619.0,0.0,0.0,40753.0,0.0,0.0,0.0,0.0
2023-03-20 18:00:09.707000+00:00,6418432.0,36298752.0,41254912.0,41250816.0,7.64,0.562061691,34.25,6093937.0,0.0,0.0,35266.0,8434052.0,0.0,0.0,40843.0,0.0,0.0,0.0,0.0
2023-03-20 18:00:13.375000+00:00,6418432.0,36511744.0,41795584.0,41791488.0,7.65,0.562061691,34.27,6099975.0,0.0,0.0,35311.0,8446332.0,0.0,0.0,40894.0,0.0,0.0,0.0,0.0
2023-03-20 18:00:18.366000+00:00,6418432.0,36511744.0,41795584.0,41144320.0,7.66,0.562061691,34.34,6105536.0,0.0,0.0,35354.0,8457341.0,0.0,0.0,40945.0,0.0,0.0,0.0,0.0
2023-03-20 18:00:24.228000+00:00,6606848.0,36491264.0,41521152.0,41517056.0,7.68,0.562061691,34.42,6128476.0,0.0,0.0,35511.0,8486535.0,0.0,0.0,41130.0,0.0,0.0,0.0,0.0
2023-03-20 18:00:29.701000+00:00,6606848.0,36491264.0,41521152.0,41517056.0,7.72,0.562061691,34.51,6128476.0,0.0,0.0,35511.0,8486535.0,0.0,0.0,41130.0,0.0,0.0,0.0,0.0
2023-03-20 18:00:33.781000+00:00,6606848.0,36102144.0,41103360.0,41099264.0,7.74,0.562061691,34.54,6166502.0,0.0,0.0,35651.0,8535070.0,0.0,0.0,41292.0,0.0,0.0,0.0,0.0
2023-03-20 18:00:39.256000+00:00,6606848.0,36225024.0,41435136.0,41431040.0,7.76,0.562061691,34.66,6183560.0,0.0,0.0,35761.0,8556789.0,0.0,0.0,41417.0,0.0,0.0,0.0,0.0
2023-03-20 18:00:44.634000+00:00,6606848.0,36274176.0,41418752.0,41414656.0,7.77,0.562061691,34.71,6200452.0,0.0,0.0,35867.0,8578615.0,0.0,0.0,41541.0,0.0,0.0,0.0,0.0
2023-03-20 18:00:48.362000+00:00,6606848.0,36274176.0,41078784.0,41074688.0,7.78,0.562061691,34.71,6207251.0,0.0,0.0,35918.0,8591833.0,0.0,0.0,41604.0,0.0,0.0,0.0,0.0
2023-03-20 18:00:54.196000+00:00,6606848.0,35876864.0,40878080.0,40873984.0,7.78,0.562061691,34.84,6219250.0,0.0,0.0,35998.0,8609269.0,0.0,0.0,41696.0,0.0,0.0,0.0,0.0
2023-03-20 18:00:59.706000+00:00,6606848.0,35876864.0,40878080.0,40873984.0,7.8,0.562061691,34.95,6219250.0,0.0,0.0,35998.0,8609269.0,0.0,0.0,41696.0,0.0,0.0,0.0,0.0
2023-03-20 18:01:04.690000+00:00,6606848.0,35856384.0,40853504.0,40849408.0,7.8,0.562061691,34.97,6288588.0,0.0,0.0,36181.0,8688554.0,0.0,0.0,41907.0,0.0,0.0,0.0,0.0
2023-03-20 18:01:08.771000+00:00,6606848.0,36077568.0,41402368.0,41398272.0,7.81,0.562061691,35.04,6290710.0,0.0,0.0,36194.0,8695197.0,0.0,0.0,41922.0,0.0,0.0,0.0,0.0
2023-03-20 18:01:14.834000+00:00,6606848.0,36024320.0,41029632.0,41025536.0,7.81,0.562061691,35.12,6321781.0,0.0,0.0,36288.0,8731269.0,0.0,0.0,42031.0,0.0,0.0,0.0,0.0
2023-03-20 18:01:18.905000+00:00,6606848.0,36024320.0,41029632.0,41484288.0,7.83,0.562061691,35.24,6355914.0,0.0,0.0,36389.0,8771169.0,0.0,0.0,42152.0,0.0,0.0,0.0,0.0
2023-03-20 18:01:23.526000+00:00,6606848.0,36167680.0,41189376.0,41185280.0,7.84,0.562061691,35.28,6370562.0,0.0,0.0,36491.0,8790355.0,0.0,0.0,42263.0,0.0,0.0,0.0,0.0
2023-03-20 18:01:29.626000+00:00,6787072.0,36167680.0,41189376.0,41185280.0,7.86,0.562061691,35.41,6370562.0,0.0,0.0,36491.0,8790355.0,0.0,0.0,42263.0,0.0,0.0,0.0,0.0
2023-03-20 18:01:34.789000+00:00,6787072.0,35823616.0,40837120.0,40833024.0,7.9,0.562061691,35.5,6428373.0,0.0,0.0,36752.0,8855382.0,0.0,0.0,42570.0,0.0,0.0,0.0,0.0
2023-03-20 18:01:38.832000+00:00,6787072.0,35823616.0,41209856.0,41205760.0,7.91,0.562061691,35.5,6434119.0,0.0,0.0,36798.0,8871273.0,0.0,0.0,42623.0,0.0,0.0,0.0,0.0
2023-03-20 18:01:43.459000+00:00,6787072.0,36020224.0,41111552.0,41107456.0,7.94,0.562061691,35.6,6444587.0,0.0,0.0,36873.0,8887561.0,0.0,0.0,42715.0,0.0,0.0,0.0,0.0
2023-03-20 18:01:48.624000+00:00,6787072.0,36020224.0,41111552.0,41107456.0,7.94,0.562061691,35.6,6444587.0,0.0,0.0,36873.0,8909604.0,0.0,0.0,42840.0,0.0,0.0,0.0,0.0
2023-03-20 18:01:54.049000+00:00,6787072.0,36237312.0,41369600.0,41365504.0,7.98,0.562061691,35.74,6496920.0,0.0,0.0,37089.0,8949678.0,0.0,0.0,42956.0,0.0,0.0,0.0,0.0
2023-03-20 18:01:59.695000+00:00,6787072.0,36237312.0,41369600.0,41365504.0,7.98,0.562061691,35.77,6496920.0,0.0,0.0,37089.0,8949678.0,0.0,0.0,42956.0,0.0,0.0,0.0,0.0
2023-03-20 18:02:04.127000+00:00,6787072.0,36143104.0,41205760.0,41201664.0,8.02,0.562061691,35.86,6523554.0,0.0,0.0,37268.0,8986352.0,0.0,0.0,43166.0,0.0,0.0,0.0,0.0
2023-03-20 18:02:08.705000+00:00,6787072.0,36143104.0,41205760.0,41201664.0,8.03,0.562061691,35.88,6523554.0,0.0,0.0,37301.0,8997494.0,0.0,0.0,43205.0,0.0,0.0,0.0,0.0
2023-03-20 18:02:14.344000+00:00,6787072.0,35979264.0,41205760.0,41201664.0,8.07,0.562061691,35.99,6552185.0,0.0,0.0,37449.0,9024818.0,0.0,0.0,43374.0,0.0,0.0,0.0,0.0
2023-03-20 18:02:19.725000+00:00,6787072.0,35979264.0,41205760.0,41201664.0,8.08,0.562061691,36.0,6552185.0,0.0,0.0,37484.0,9036267.0,0.0,0.0,43414.0,0.0,0.0,0.0,0.0
2023-03-20 18:02:24.568000+00:00,6983680.0,36335616.0,41459712.0,41455616.0,8.1,0.563600488,36.08,6573529.0,0.0,0.0,37589.0,9056697.0,0.0,0.0,43531.0,0.0,0.0,0.0,0.0
2023-03-20 18:02:29.251000+00:00,6983680.0,36384768.0,41426944.0,41422848.0,8.11,0.563600488,36.13,6587324.0,0.0,0.0,37684.0,9078941.0,0.0,0.0,43643.0,0.0,0.0,0.0,0.0
2023-03-20 18:02:34.064000+00:00,6983680.0,35733504.0,41541632.0,41537536.0,8.15,0.563600488,36.26,6622566.0,0.0,0.0,37788.0,9110385.0,0.0,0.0,43767.0,0.0,0.0,0.0,0.0
2023-03-20 18:02:39.024000+00:00,6983680.0,35733504.0,41541632.0,41521152.0,8.15,0.563600488,36.26,6636024.0,0.0,0.0,37875.0,9139244.0,0.0,0.0,43869.0,0.0,0.0,0.0,0.0
2023-03-20 18:02:44.222000+00:00,6983680.0,36302848.0,41435136.0,41431040.0,8.21,0.563600488,36.37,6646834.0,0.0,0.0,37955.0,9155757.0,0.0,0.0,43959.0,0.0,0.0,0.0,0.0
2023-03-20 18:02:49.324000+00:00,6983680.0,36302848.0,41435136.0,41431040.0,8.22,0.563600488,36.4,6646834.0,0.0,0.0,37955.0,9155757.0,0.0,0.0,44074.0,0.0,0.0,0.0,0.0
2023-03-20 18:02:54.312000+00:00,6983680.0,35852288.0,40988672.0,40984576.0,8.25,0.563600488,36.47,6668699.0,0.0,0.0,38082.0,9188338.0,0.0,0.0,44111.0,0.0,0.0,0.0,0.0
2023-03-20 18:02:59.139000+00:00,6983680.0,35893248.0,40947712.0,40943616.0,8.26,0.563600488,36.52,6703835.0,0.0,0.0,38186.0,9229506.0,0.0,0.0,44235.0,0.0,0.0,0.0,0.0
2023-03-20 18:03:04.407000+00:00,6983680.0,36036608.0,41152512.0,41148416.0,8.28,0.563600488,36.62,6739856.0,0.0,0.0,38294.0,9269790.0,0.0,0.0,44357.0,0.0,0.0,0.0,0.0
2023-03-20 18:03:09.364000+00:00,6983680.0,36036608.0,41152512.0,41148416.0,8.28,0.563600488,36.65,6739856.0,0.0,0.0,38374.0,9289222.0,0.0,0.0,44451.0,0.0,0.0,0.0,0.0
2023-03-20 18:03:14.134000+00:00,6983680.0,36392960.0,41689088.0,41684992.0,8.31,0.563600488,36.74,6760492.0,0.0,0.0,38428.0,9302201.0,0.0,0.0,44516.0,0.0,0.0,0.0,0.0
2023-03-20 18:03:18.561000+00:00,6983680.0,36208640.0,41689088.0,41684992.0,8.32,0.563600488,36.79,6760492.0,0.0,0.0,38428.0,9302201.0,0.0,0.0,44597.0,0.0,0.0,0.0,0.0
2023-03-20 18:03:24.897000+00:00,7159808.0,36306944.0,41369600.0,41365504.0,8.33,0.563600488,36.9,6786757.0,0.0,0.0,38589.0,9335374.0,0.0,0.0,44690.0,0.0,0.0,0.0,0.0
2023-03-20 18:03:28.533000+00:00,7159808.0,36294656.0,41316352.0,41312256.0,8.33,0.563600488,36.94,6798886.0,0.0,0.0,38699.0,9359428.0,0.0,0.0,44843.0,0.0,0.0,0.0,0.0
2023-03-20 18:03:34.696000+00:00,7159808.0,36048896.0,41398272.0,41394176.0,8.37,0.633752079,37.03,6804849.0,0.0,0.0,38744.0,9371235.0,0.0,0.0,44900.0,0.0,0.0,0.0,0.0
2023-03-20 18:03:39.434000+00:00,7159808.0,36282368.0,41398272.0,41394176.0,8.38,0.633752079,37.04,6807479.0,0.0,0.0,38767.0,9378753.0,0.0,0.0,44928.0,0.0,0.0,0.0,0.0
2023-03-20 18:03:43.909000+00:00,7159808.0,36167680.0,41295872.0,41291776.0,8.42,0.633752079,37.08,6821086.0,0.0,0.0,38859.0,9396949.0,0.0,0.0,45033.0,0.0,0.0,0.0,0.0
2023-03-20 18:03:49.891000+00:00,7159808.0,36114432.0,41295872.0,41291776.0,8.45,0.635141422,37.16,6821086.0,0.0,0.0,38859.0,9396949.0,0.0,0.0,45033.0,0.0,0.0,0.0,0.0
2023-03-20 18:03:54.332000+00:00,7159808.0,36503552.0,41607168.0,41603072.0,8.45,0.635141422,37.19,6837792.0,0.0,0.0,38975.0,9425356.0,0.0,0.0,45173.0,0.0,0.0,0.0,0.0
2023-03-20 18:03:59.521000+00:00,7159808.0,36503552.0,41607168.0,41652224.0,8.47,0.635141422,37.3,6848245.0,0.0,0.0,39058.0,9441114.0,0.0,0.0,45261.0,0.0,0.0,0.0,0.0
2023-03-20 18:04:04.653000+00:00,7159808.0,36229120.0,41402368.0,41398272.0,8.47,0.635141422,37.34,6857065.0,0.0,0.0,39116.0,9454771.0,0.0,0.0,45332.0,0.0,0.0,0.0,0.0
2023-03-20 18:04:09.226000+00:00,7159808.0,36229120.0,41402368.0,41398272.0,8.49,0.635141422,37.43,6857065.0,0.0,0.0,39116.0,9454771.0,0.0,0.0,45442.0,0.0,0.0,0.0,0.0
2023-03-20 18:04:13.361000+00:00,7159808.0,36110336.0,41312256.0,41308160.0,8.49,0.635141422,37.46,6881448.0,0.0,0.0,39286.0,9490958.0,0.0,0.0,45531.0,0.0,0.0,0.0,0.0
2023-03-20 18:04:19.618000+00:00,7159808.0,36110336.0,41078784.0,41074688.0,8.52,0.635141422,37.56,6895092.0,0.0,0.0,39383.0,9508836.0,0.0,0.0,45638.0,0.0,0.0,0.0,0.0
2023-03-20 18:04:23.810000+00:00,7159808.0,36438016.0,41553920.0,41549824.0,8.52,0.635141422,37.59,6903075.0,0.0,0.0,39441.0,9523083.0,0.0,0.0,45707.0,0.0,0.0,0.0,0.0
2023-03-20 18:04:28.913000+00:00,7335936.0,36438016.0,41553920.0,41549824.0,8.55,0.635141422,37.72,6903075.0,0.0,0.0,39441.0,9523083.0,0.0,0.0,45707.0,0.0,0.0,0.0,0.0
2023-03-20 18:04:33.282000+00:00,7335936.0,35897344.0,41332736.0,41328640.0,8.56,0.635141422,37.77,6936671.0,0.0,0.0,39676.0,9568595.0,0.0,0.0,45975.0,0.0,0.0,0.0,0.0
2023-03-20 18:04:38.954000+00:00,7335936.0,35897344.0,41332736.0,41328640.0,8.6,0.655459728,37.85,6936671.0,0.0,0.0,39676.0,9568595.0,0.0,0.0,45975.0,0.0,0.0,0.0,0.0
2023-03-20 18:04:44.115000+00:00,7335936.0,36360192.0,41488384.0,41484288.0,8.6,0.655459728,37.86,6978481.0,0.0,0.0,39822.0,9622328.0,0.0,0.0,46156.0,0.0,0.0,0.0,0.0
2023-03-20 18:04:48.202000+00:00,7335936.0,36360192.0,41488384.0,41517056.0,8.62,0.655459728,37.96,6991222.0,0.0,0.0,39918.0,9641472.0,0.0,0.0,46265.0,0.0,0.0,0.0,0.0
2023-03-20 18:04:54.720000+00:00,7335936.0,36569088.0,41676800.0,41672704.0,8.64,0.655459728,37.99,7011338.0,0.0,0.0,40052.0,9668314.0,0.0,0.0,46423.0,0.0,0.0,0.0,0.0
2023-03-20 18:04:58.772000+00:00,7335936.0,36163584.0,41402368.0,41398272.0,8.66,0.655459728,37.99,7036069.0,0.0,0.0,40085.0,9696788.0,0.0,0.0,46459.0,0.0,0.0,0.0,0.0
2023-03-20 18:05:03.315000+00:00,7335936.0,36151296.0,41267200.0,41263104.0,8.66,0.655459728,38.11,7070397.0,0.0,0.0,40179.0,9735542.0,0.0,0.0,46566.0,0.0,0.0,0.0,0.0
2023-03-20 18:05:08.339000+00:00,7335936.0,36151296.0,41316352.0,41312256.0,8.76,0.655459728,38.32,7082686.0,0.0,0.0,40264.0,9753796.0,0.0,0.0,46668.0,0.0,0.0,0.0,0.0
2023-03-20 18:05:14.563000+00:00,7335936.0,35921920.0,41144320.0,41140224.0,8.77,0.655459728,38.36,7095021.0,0.0,0.0,40345.0,9771927.0,0.0,0.0,46764.0,0.0,0.0,0.0,0.0
2023-03-20 18:05:19.378000+00:00,7335936.0,35921920.0,41144320.0,41127936.0,8.8,0.655459728,38.45,7110130.0,0.0,0.0,40453.0,9793784.0,0.0,0.0,46892.0,0.0,0.0,0.0,0.0
2023-03-20 18:05:23.845000+00:00,7335936.0,36503552.0,41512960.0,41508864.0,8.8,0.655459728,38.48,7119466.0,0.0,0.0,40514.0,9808198.0,0.0,0.0,46962.0,0.0,0.0,0.0,0.0
2023-03-20 18:05:29.449000+00:00,7528448.0,36503552.0,41512960.0,41508864.0,8.82,0.655459728,38.64,7119466.0,0.0,0.0,40514.0,9808198.0,0.0,0.0,46962.0,0.0,0.0,0.0,0.0
2023-03-20 18:05:34.633000+00:00,7528448.0,35876864.0,41054208.0,41050112.0,8.84,0.655459728,38.68,7155551.0,0.0,0.0,40749.0,9857134.0,0.0,0.0,47241.0,0.0,0.0,0.0,0.0
2023-03-20 18:05:38.285000+00:00,7528448.0,35876864.0,41467904.0,41463808.0,8.85,0.655459728,38.71,7162682.0,0.0,0.0,40801.0,9870488.0,0.0,0.0,47308.0,0.0,0.0,0.0,0.0
2023-03-20 18:05:44.065000+00:00,7528448.0,36401152.0,41463808.0,41459712.0,8.88,0.655809747,38.82,7178365.0,0.0,0.0,40907.0,9893153.0,0.0,0.0,47432.0,0.0,0.0,0.0,0.0
2023-03-20 18:05:48.375000+00:00,7528448.0,36401152.0,41463808.0,41758720.0,8.89,0.655809747,38.88,7196151.0,0.0,0.0,41042.0,9917269.0,0.0,0.0,47585.0,0.0,0.0,0.0,0.0
2023-03-20 18:05:54.602000+00:00,7528448.0,36048896.0,41324544.0,41320448.0,8.91,0.655809747,39.02,7216847.0,0.0,0.0,41183.0,9944556.0,0.0,0.0,47749.0,0.0,0.0,0.0,0.0
2023-03-20 18:05:59.189000+00:00,7528448.0,36519936.0,41529344.0,41525248.0,8.92,0.655809747,39.02,7224863.0,0.0,0.0,41235.0,9957843.0,0.0,0.0,47812.0,0.0,0.0,0.0,0.0
2023-03-20 18:06:03.627000+00:00,7528448.0,36265984.0,41291776.0,41287680.0,8.95,0.655809747,39.13,7236797.0,0.0,0.0,41299.0,9974474.0,0.0,0.0,47885.0,0.0,0.0,0.0,0.0
2023-03-20 18:06:09.681000+00:00,7528448.0,36265984.0,41291776.0,41426944.0,8.95,0.655809747,39.18,7253897.0,0.0,0.0,41410.0,9995950.0,0.0,0.0,48009.0,0.0,0.0,0.0,0.0
2023-03-20 18:06:13.403000+00:00,7528448.0,36188160.0,41259008.0,41254912.0,8.97,0.65599656,39.28,7265994.0,0.0,0.0,41500.0,10015209.0,0.0,0.0,48116.0,0.0,0.0,0.0,0.0
2023-03-20 18:06:18.918000+00:00,7528448.0,36188160.0,41213952.0,41209856.0,8.98,0.65599656,39.28,7278892.0,0.0,0.0,41588.0,10034024.0,0.0,0.0,48219.0,0.0,0.0,0.0,0.0
2023-03-20 18:06:23.439000+00:00,7528448.0,36081664.0,41418752.0,41414656.0,9.0,0.65599656,39.42,7290690.0,0.0,0.0,41678.0,10051741.0,0.0,0.0,48322.0,0.0,0.0,0.0,0.0
2023-03-20 18:06:29.205000+00:00,7528448.0,36466688.0,41553920.0,41549824.0,9.02,0.65599656,39.49,7332740.0,0.0,0.0,41832.0,10099804.0,0.0,0.0,48322.0,0.0,0.0,0.0,0.0
2023-03-20 18:06:33.816000+00:00,7757824.0,36499456.0,41836544.0,41832448.0,9.06,0.65599656,39.57,7348282.0,0.0,0.0,41933.0,10121103.0,0.0,0.0,48615.0,0.0,0.0,0.0,0.0
2023-03-20 18:06:39.611000+00:00,7757824.0,36499456.0,41611264.0,41607168.0,9.07,0.65599656,39.65,7368432.0,0.0,0.0,42070.0,10148644.0,0.0,0.0,48777.0,0.0,0.0,0.0,0.0
2023-03-20 18:06:44.502000+00:00,7757824.0,35860480.0,41226240.0,41222144.0,9.1,0.65599656,39.78,7383168.0,0.0,0.0,42173.0,10168836.0,0.0,0.0,48894.0,0.0,0.0,0.0,0.0
2023-03-20 18:06:48.494000+00:00,7757824.0,35860480.0,41226240.0,41222144.0,9.1,0.65599656,39.81,7395922.0,0.0,0.0,42269.0,10187557.0,0.0,0.0,49005.0,0.0,0.0,0.0,0.0
2023-03-20 18:06:54.649000+00:00,7757824.0,36311040.0,41553920.0,41549824.0,9.14,0.65599656,39.92,7424398.0,0.0,0.0,42434.0,10221443.0,0.0,0.0,49192.0,0.0,0.0,0.0,0.0
2023-03-20 18:06:59.825000+00:00,7757824.0,36311040.0,41472000.0,41467904.0,9.14,0.65599656,39.92,7440856.0,0.0,0.0,42546.0,10244787.0,0.0,0.0,49328.0,0.0,0.0,0.0,0.0
2023-03-20 18:07:03.642000+00:00,7757824.0,36560896.0,41783296.0,41779200.0,9.16,0.65638674,40.08,7477374.0,0.0,0.0,42661.0,10286572.0,0.0,0.0,49457.0,0.0,0.0,0.0,0.0
2023-03-20 18:07:08.938000+00:00,7757824.0,36560896.0,41615360.0,41611264.0,9.17,0.65638674,40.13,7491429.0,0.0,0.0,42761.0,10306421.0,0.0,0.0,49573.0,0.0,0.0,0.0,0.0
2023-03-20 18:07:13.615000+00:00,7757824.0,36507648.0,41697280.0,41693184.0,9.19,0.65638674,40.24,7505487.0,0.0,0.0,42845.0,10325788.0,0.0,0.0,49674.0,0.0,0.0,0.0,0.0
2023-03-20 18:07:18.429000+00:00,7757824.0,36507648.0,41697280.0,41480192.0,9.2,0.65638674,40.26,7519401.0,0.0,0.0,42932.0,10345599.0,0.0,0.0,49770.0,0.0,0.0,0.0,0.0
2023-03-20 18:07:24.448000+00:00,7995392.0,35921920.0,41050112.0,41046016.0,9.23,0.65638674,40.41,7539737.0,0.0,0.0,43076.0,10373668.0,0.0,0.0,49939.0,0.0,0.0,0.0,0.0
2023-03-20 18:07:29.554000+00:00,7995392.0,36552704.0,41574400.0,41570304.0,9.23,0.65638674,40.44,7551815.0,0.0,0.0,43152.0,10391625.0,0.0,0.0,50034.0,0.0,0.0,0.0,0.0
2023-03-20 18:07:33.768000+00:00,7995392.0,35868672.0,41361408.0,41357312.0,9.26,0.65638674,40.54,7570277.0,0.0,0.0,43263.0,10414881.0,0.0,0.0,50158.0,0.0,0.0,0.0,0.0
2023-03-20 18:07:38.811000+00:00,7995392.0,36405248.0,41480192.0,41476096.0,9.28,0.65638674,40.57,7578471.0,0.0,0.0,43316.0,10429142.0,0.0,0.0,50224.0,0.0,0.0,0.0,0.0
2023-03-20 18:07:43.124000+00:00,7995392.0,35930112.0,41181184.0,41177088.0,9.29,0.65638674,40.58,7585126.0,0.0,0.0,43364.0,10441419.0,0.0,0.0,50279.0,0.0,0.0,0.0,0.0
2023-03-20 18:07:48.983000+00:00,7995392.0,35930112.0,41181184.0,41177088.0,9.3,0.65638674,40.7,7585126.0,0.0,0.0,43484.0,10465189.0,0.0,0.0,50417.0,0.0,0.0,0.0,0.0
2023-03-20 18:07:54.651000+00:00,7995392.0,35999744.0,41107456.0,41103360.0,9.34,0.65638674,40.78,7613804.0,0.0,0.0,43550.0,10482534.0,0.0,0.0,50502.0,0.0,0.0,0.0,0.0
2023-03-20 18:07:59.740000+00:00,7995392.0,35999744.0,41275392.0,41271296.0,9.34,0.65638674,40.78,7625296.0,0.0,0.0,43634.0,10499852.0,0.0,0.0,50601.0,0.0,0.0,0.0,0.0
2023-03-20 18:08:04.529000+00:00,7995392.0,36503552.0,41512960.0,41508864.0,9.35,0.65638674,40.86,7636196.0,0.0,0.0,43697.0,10514641.0,0.0,0.0,50675.0,0.0,0.0,0.0,0.0
2023-03-20 18:08:09.053000+00:00,7995392.0,36433920.0,41529344.0,41525248.0,9.39,0.65638674,40.95,7649069.0,0.0,0.0,43792.0,10533707.0,0.0,0.0,50778.0,0.0,0.0,0.0,0.0
2023-03-20 18:08:14.326000+00:00,7995392.0,36429824.0,41443328.0,41439232.0,9.4,0.65638674,40.98,7666839.0,0.0,0.0,43894.0,10557359.0,0.0,0.0,50900.0,0.0,0.0,0.0,0.0
2023-03-20 18:08:18.591000+00:00,7995392.0,36429824.0,41443328.0,41439232.0,9.41,0.65638674,41.06,7666839.0,0.0,0.0,43948.0,10568033.0,0.0,0.0,50952.0,0.0,0.0,0.0,0.0
2023-03-20 18:08:24.541000+00:00,8192000.0,36380672.0,41500672.0,41496576.0,9.42,0.65638674,41.12,7692702.0,0.0,0.0,44085.0,10594426.0,0.0,0.0,51121.0,0.0,0.0,0.0,0.0
2023-03-20 18:08:29.805000+00:00,8192000.0,36605952.0,41619456.0,41615360.0,9.45,0.656612869,41.22,7709539.0,0.0,0.0,44213.0,10616835.0,0.0,0.0,51265.0,0.0,0.0,0.0,0.0
2023-03-20 18:08:34.403000+00:00,8192000.0,36474880.0,41877504.0,41873408.0,9.48,0.656612869,41.26,7723289.0,0.0,0.0,44286.0,10636419.0,0.0,0.0,51351.0,0.0,0.0,0.0,0.0
2023-03-20 18:08:38.965000+00:00,8192000.0,36061184.0,41070592.0,41066496.0,9.5,0.656612869,41.33,7730525.0,0.0,0.0,44337.0,10649261.0,0.0,0.0,51409.0,0.0,0.0,0.0,0.0
2023-03-20 18:08:44.475000+00:00,8192000.0,36024320.0,41287680.0,41283584.0,9.5,0.656612869,41.37,7745139.0,0.0,0.0,44425.0,10668452.0,0.0,0.0,51512.0,0.0,0.0,0.0,0.0
2023-03-20 18:08:49.519000+00:00,8192000.0,36024320.0,41287680.0,41168896.0,9.52,0.656612869,41.49,7759385.0,0.0,0.0,44529.0,10688722.0,0.0,0.0,51629.0,0.0,0.0,0.0,0.0
2023-03-20 18:08:53.932000+00:00,8192000.0,35926016.0,40935424.0,40931328.0,9.53,0.656612869,41.52,7773494.0,0.0,0.0,44613.0,10708417.0,0.0,0.0,51726.0,0.0,0.0,0.0,0.0
2023-03-20 18:08:59.510000+00:00,8192000.0,36511744.0,40935424.0,40931328.0,9.55,0.656612869,41.6,7773494.0,0.0,0.0,44613.0,10708417.0,0.0,0.0,51726.0,0.0,0.0,0.0,0.0
2023-03-20 18:09:04.551000+00:00,8192000.0,36093952.0,41242624.0,41238528.0,9.59,0.656612869,41.72,7825125.0,0.0,0.0,44832.0,10772652.0,0.0,0.0,51978.0,0.0,0.0,0.0,0.0
2023-03-20 18:09:09.841000+00:00,8192000.0,36093952.0,41570304.0,41566208.0,9.62,0.656612869,41.83,7870554.0,0.0,0.0,44989.0,10823104.0,0.0,0.0,52164.0,0.0,0.0,0.0,0.0
2023-03-20 18:09:13.644000+00:00,8192000.0,36032512.0,41107456.0,41103360.0,9.62,0.656612869,41.84,7875403.0,0.0,0.0,45020.0,10833733.0,0.0,0.0,52200.0,0.0,0.0,0.0,0.0
2023-03-20 18:09:19.546000+00:00,8192000.0,36605952.0,41857024.0,41852928.0,9.64,0.656612869,41.93,7898846.0,0.0,0.0,45088.0,10847321.0,0.0,0.0,52273.0,0.0,0.0,0.0,0.0
2023-03-20 18:09:23.633000+00:00,8192000.0,36626432.0,41693184.0,41689088.0,9.66,0.656612869,41.97,7939736.0,0.0,0.0,45172.0,10908604.0,0.0,0.0,52379.0,0.0,0.0,0.0,0.0
2023-03-20 18:09:28.936000+00:00,8384512.0,36626432.0,41693184.0,41689088.0,9.68,0.656612869,42.1,7939736.0,0.0,0.0,45172.0,10908604.0,0.0,0.0,52379.0,0.0,0.0,0.0,0.0
2023-03-20 18:09:33.934000+00:00,8384512.0,35962880.0,41033728.0,41029632.0,9.69,0.656612869,42.13,7992483.0,0.0,0.0,45396.0,10974382.0,0.0,0.0,52649.0,0.0,0.0,0.0,0.0
2023-03-20 18:09:38.550000+00:00,8384512.0,35962880.0,41639936.0,41635840.0,9.73,0.656612869,42.22,7999046.0,0.0,0.0,45443.0,10986370.0,0.0,0.0,52702.0,0.0,0.0,0.0,0.0
2023-03-20 18:09:44.383000+00:00,8384512.0,36450304.0,41582592.0,41578496.0,9.73,0.656612869,42.28,8011218.0,0.0,0.0,45535.0,11004591.0,0.0,0.0,52810.0,0.0,0.0,0.0,0.0
2023-03-20 18:09:48.993000+00:00,8384512.0,36450304.0,41582592.0,41562112.0,9.77,0.656913236,42.38,8022067.0,0.0,0.0,45617.0,11021767.0,0.0,0.0,52908.0,0.0,0.0,0.0,0.0
2023-03-20 18:09:53.489000+00:00,8384512.0,36012032.0,41197568.0,41193472.0,9.78,0.656913236,42.4,8029113.0,0.0,0.0,45668.0,11032976.0,0.0,0.0,52964.0,0.0,0.0,0.0,0.0
2023-03-20 18:09:59.448000+00:00,8384512.0,36012032.0,41197568.0,41193472.0,9.81,0.656913236,42.5,8029113.0,0.0,0.0,45668.0,11032976.0,0.0,0.0,52964.0,0.0,0.0,0.0,0.0
2023-03-20 18:10:03.439000+00:00,8384512.0,36229120.0,41299968.0,41295872.0,9.82,0.656913236,42.54,8103620.0,0.0,0.0,45883.0,11117559.0,0.0,0.0,53211.0,0.0,0.0,0.0,0.0
2023-03-20 18:10:09.735000+00:00,8384512.0,36229120.0,41635840.0,41631744.0,9.84,0.656913236,42.54,8141041.0,0.0,0.0,45997.0,11162690.0,0.0,0.0,53356.0,0.0,0.0,0.0,0.0
2023-03-20 18:10:13.558000+00:00,8384512.0,36216832.0,41345024.0,41340928.0,9.84,0.656913236,42.69,8151531.0,0.0,0.0,46066.0,11177735.0,0.0,0.0,53433.0,0.0,0.0,0.0,0.0
2023-03-20 18:10:18.602000+00:00,8384512.0,36216832.0,41345024.0,41762816.0,9.84,0.656913236,42.72,8161024.0,0.0,0.0,46136.0,11193109.0,0.0,0.0,53514.0,0.0,0.0,0.0,0.0
2023-03-20 18:10:24.130000+00:00,8581120.0,36917248.0,41975808.0,41971712.0,9.88,0.656913236,42.85,8174056.0,0.0,0.0,46228.0,11211961.0,0.0,0.0,53623.0,0.0,0.0,0.0,0.0
2023-03-20 18:10:28.439000+00:00,8581120.0,36917248.0,41975808.0,41971712.0,9.93,0.656913236,42.99,8174056.0,0.0,0.0,46228.0,11211961.0,0.0,0.0,53623.0,0.0,0.0,0.0,0.0
2023-03-20 18:10:33.916000+00:00,8581120.0,26968064.0,31653888.0,31649792.0,9.96,0.656913236,43.3,8225982.0,0.0,0.0,46436.0,11275627.0,0.0,0.0,53864.0,0.0,0.0,0.0,0.0
2023-03-20 18:10:39.018000+00:00,8581120.0,26968064.0,32104448.0,32100352.0,9.98,0.656913236,43.37,8285098.0,0.0,0.0,46544.0,11338002.0,0.0,0.0,53982.0,0.0,0.0,0.0,0.0
2023-03-20 18:10:44.771000+00:00,8581120.0,27590656.0,32407552.0,32403456.0,10.02,0.656913236,43.5,8306558.0,0.0,0.0,46681.0,11365225.0,0.0,0.0,54136.0,0.0,0.0,0.0,0.0
2023-03-20 18:10:49.551000+00:00,8581120.0,27590656.0,32407552.0,32727040.0,10.03,0.656913236,43.56,8348373.0,0.0,0.0,46802.0,11413342.0,0.0,0.0,54287.0,0.0,0.0,0.0,0.0
2023-03-20 18:10:53.765000+00:00,8581120.0,27570176.0,32399360.0,32395264.0,10.06,0.656913236,43.7,8392558.0,0.0,0.0,46944.0,11462340.0,0.0,0.0,54449.0,0.0,0.0,0.0,0.0
2023-03-20 18:10:58.905000+00:00,8581120.0,27570176.0,32399360.0,32395264.0,10.06,0.656913236,43.78,8392558.0,0.0,0.0,46944.0,11462340.0,0.0,0.0,54449.0,0.0,0.0,0.0,0.0
2023-03-20 18:11:03.750000+00:00,8581120.0,28270592.0,33116160.0,33112064.0,10.08,0.656913236,43.94,8451741.0,0.0,0.0,47169.0,11533063.0,0.0,0.0,54709.0,0.0,0.0,0.0,0.0
2023-03-20 18:11:08.789000+00:00,8581120.0,28270592.0,33361920.0,33357824.0,10.09,0.656913236,43.94,8467847.0,0.0,0.0,47284.0,11555659.0,0.0,0.0,54843.0,0.0,0.0,0.0,0.0
2023-03-20 18:11:14.756000+00:00,8581120.0,28512256.0,33341440.0,33337344.0,10.1,0.656913236,44.12,8538555.0,0.0,0.0,47425.0,11604553.0,0.0,0.0,55002.0,0.0,0.0,0.0,0.0
2023-03-20 18:11:19.350000+00:00,8581120.0,28520448.0,33300480.0,33296384.0,10.11,0.656913236,44.12,8550605.0,0.0,0.0,47520.0,11647859.0,0.0,0.0,55115.0,0.0,0.0,0.0,0.0
2023-03-20 18:11:23.523000+00:00,8581120.0,29089792.0,34004992.0,34000896.0,10.13,0.656913236,44.32,8565924.0,0.0,0.0,47617.0,11667505.0,0.0,0.0,55225.0,0.0,0.0,0.0,0.0
2023-03-20 18:11:28.247000+00:00,8814592.0,29089792.0,34004992.0,34000896.0,10.13,0.656913236,44.43,8565924.0,0.0,0.0,47617.0,11667505.0,0.0,0.0,55225.0,0.0,0.0,0.0,0.0
2023-03-20 18:11:34.132000+00:00,8814592.0,29392896.0,34279424.0,34275328.0,10.16,0.656913236,44.59,8623497.0,0.0,0.0,47843.0,11737356.0,0.0,0.0,55494.0,0.0,0.0,0.0,0.0
2023-03-20 18:11:38.754000+00:00,8814592.0,29732864.0,34279424.0,34275328.0,10.19,0.656913236,44.66,8623497.0,0.0,0.0,47843.0,11737356.0,0.0,0.0,55494.0,0.0,0.0,0.0,0.0
2023-03-20 18:11:44.646000+00:00,8814592.0,29659136.0,34545664.0,34541568.0,10.22,0.656913236,44.8,8683180.0,0.0,0.0,48090.0,11806738.0,0.0,0.0,55768.0,0.0,0.0,0.0,0.0
2023-03-20 18:11:49.638000+00:00,8814592.0,29659136.0,34652160.0,34648064.0,10.22,0.656913236,44.88,8722404.0,0.0,0.0,48202.0,11855002.0,0.0,0.0,55915.0,0.0,0.0,0.0,0.0
2023-03-20 18:11:54.532000+00:00,8814592.0,29921280.0,34680832.0,34676736.0,10.23,0.656913236,44.98,8733281.0,0.0,0.0,48276.0,11872372.0,0.0,0.0,56003.0,0.0,0.0,0.0,0.0
2023-03-20 18:11:59.461000+00:00,8814592.0,29921280.0,34680832.0,34676736.0,10.24,0.656913236,45.0,8733281.0,0.0,0.0,48276.0,11872372.0,0.0,0.0,56003.0,0.0,0.0,0.0,0.0
2023-03-20 18:12:03.629000+00:00,8814592.0,29732864.0,35196928.0,35192832.0,10.25,0.656913236,45.11,8753115.0,0.0,0.0,48399.0,11901139.0,0.0,0.0,56143.0,0.0,0.0,0.0,0.0
2023-03-20 18:12:08.780000+00:00,8814592.0,29732864.0,34693120.0,34689024.0,10.26,0.656913236,45.17,8767136.0,0.0,0.0,48488.0,11922237.0,0.0,0.0,56250.0,0.0,0.0,0.0,0.0
2023-03-20 18:12:13.329000+00:00,8814592.0,30068736.0,34967552.0,34963456.0,10.27,0.656913236,45.22,8780902.0,0.0,0.0,48597.0,11942382.0,0.0,0.0,56371.0,0.0,0.0,0.0,0.0
2023-03-20 18:12:19.590000+00:00,8814592.0,30068736.0,35835904.0,35831808.0,10.29,0.656913236,45.35,8852792.0,0.0,0.0,48762.0,12020319.0,0.0,0.0,56572.0,0.0,0.0,0.0,0.0
2023-03-20 18:12:24.306000+00:00,9039872.0,30887936.0,36118528.0,36114432.0,10.32,0.677305747,45.44,8862168.0,0.0,0.0,48825.0,12034793.0,0.0,0.0,56643.0,0.0,0.0,0.0,0.0
2023-03-20 18:12:29.242000+00:00,9039872.0,30887936.0,36118528.0,36114432.0,10.32,0.677305747,45.49,8862168.0,0.0,0.0,48825.0,12034793.0,0.0,0.0,56643.0,0.0,0.0,0.0,0.0
2023-03-20 18:12:33.195000+00:00,9039872.0,31342592.0,36139008.0,36134912.0,10.33,0.677305747,45.61,8889263.0,0.0,0.0,49022.0,12073785.0,0.0,0.0,56874.0,0.0,0.0,0.0,0.0
2023-03-20 18:12:39.060000+00:00,9039872.0,31092736.0,35983360.0,35979264.0,10.37,0.677305747,45.74,8937751.0,0.0,0.0,49164.0,12126157.0,0.0,0.0,57036.0,0.0,0.0,0.0,0.0
2023-03-20 18:12:44.920000+00:00,9039872.0,31371264.0,36343808.0,36339712.0,10.39,0.677305747,45.87,8954548.0,0.0,0.0,49293.0,12148496.0,0.0,0.0,57181.0,0.0,0.0,0.0,0.0
2023-03-20 18:12:49.345000+00:00,9039872.0,31371264.0,36577280.0,36573184.0,10.4,0.677305747,45.94,8971127.0,0.0,0.0,49416.0,12171926.0,0.0,0.0,57322.0,0.0,0.0,0.0,0.0
2023-03-20 18:12:53.870000+00:00,9039872.0,31395840.0,36294656.0,36290560.0,10.41,0.677305747,46.01,9014658.0,0.0,0.0,49550.0,12221999.0,0.0,0.0,57482.0,0.0,0.0,0.0,0.0
2023-03-20 18:12:59.369000+00:00,9039872.0,31395840.0,36294656.0,36290560.0,10.44,0.677305747,46.14,9014658.0,0.0,0.0,49550.0,12221999.0,0.0,0.0,57482.0,0.0,0.0,0.0,0.0
2023-03-20 18:13:03.730000+00:00,9039872.0,31752192.0,36782080.0,36777984.0,10.44,0.677305747,46.18,9046305.0,0.0,0.0,49751.0,12263111.0,0.0,0.0,57713.0,0.0,0.0,0.0,0.0
2023-03-20 18:13:08.661000+00:00,9039872.0,31752192.0,36782080.0,36777984.0,10.5,0.677661366,46.28,9046305.0,0.0,0.0,49751.0,12263111.0,0.0,0.0,57713.0,0.0,0.0,0.0,0.0
2023-03-20 18:13:14.240000+00:00,9039872.0,31891456.0,36794368.0,36790272.0,10.51,0.677661366,46.33,9078215.0,0.0,0.0,49948.0,12307626.0,0.0,0.0,57939.0,0.0,0.0,0.0,0.0
2023-03-20 18:13:19.217000+00:00,9039872.0,31891456.0,36794368.0,36790272.0,10.54,0.742760915,46.48,9078215.0,0.0,0.0,49948.0,12307626.0,0.0,0.0,57939.0,0.0,0.0,0.0,0.0
2023-03-20 18:13:24.279000+00:00,9269248.0,31887360.0,36864000.0,36859904.0,10.55,0.742760915,46.51,9117808.0,0.0,0.0,50192.0,12359838.0,0.0,0.0,58223.0,0.0,0.0,0.0,0.0
2023-03-20 18:13:28.226000+00:00,9269248.0,31887360.0,36864000.0,36859904.0,10.57,0.742760915,46.61,9117808.0,0.0,0.0,50192.0,12359838.0,0.0,0.0,58223.0,0.0,0.0,0.0,0.0
2023-03-20 18:13:33.240000+00:00,9269248.0,33607680.0,38481920.0,38477824.0,10.58,0.74308856,46.7,9159413.0,0.0,0.0,50301.0,12410810.0,0.0,0.0,58348.0,0.0,0.0,0.0,0.0
2023-03-20 18:13:39.690000+00:00,9269248.0,33607680.0,38481920.0,38477824.0,10.62,0.821968247,46.85,9159413.0,0.0,0.0,50301.0,12410810.0,0.0,0.0,58487.0,0.0,0.0,0.0,0.0
2023-03-20 18:13:44.363000+00:00,9269248.0,34119680.0,39051264.0,39047168.0,10.64,0.821968247,46.9,9190626.0,0.0,0.0,50525.0,12454558.0,0.0,0.0,58605.0,0.0,0.0,0.0,0.0
2023-03-20 18:13:48.624000+00:00,9269248.0,34119680.0,39051264.0,39047168.0,10.66,0.849446205,47.03,9190626.0,0.0,0.0,50525.0,12454558.0,0.0,0.0,58605.0,0.0,0.0,0.0,0.0
2023-03-20 18:13:54.348000+00:00,9269248.0,34734080.0,39616512.0,39612416.0,10.67,0.849446205,47.08,9286112.0,0.0,0.0,50845.0,12566050.0,0.0,0.0,58993.0,0.0,0.0,0.0,0.0
2023-03-20 18:13:58.676000+00:00,9269248.0,34734080.0,39616512.0,39612416.0,10.71,0.850480782,47.18,9286112.0,0.0,0.0,50845.0,12566050.0,0.0,0.0,58993.0,0.0,0.0,0.0,0.0
2023-03-20 18:14:04.293000+00:00,9269248.0,34643968.0,39718912.0,39714816.0,10.72,0.850480782,47.25,9307425.0,0.0,0.0,50989.0,12599324.0,0.0,0.0,59167.0,0.0,0.0,0.0,0.0
2023-03-20 18:14:08.354000+00:00,9269248.0,34643968.0,39718912.0,39714816.0,10.73,0.921554283,47.34,9307425.0,0.0,0.0,50989.0,12599324.0,0.0,0.0,59206.0,0.0,0.0,0.0,0.0
2023-03-20 18:14:14.530000+00:00,9269248.0,34988032.0,39882752.0,39878656.0,10.73,0.921554283,47.36,9348283.0,0.0,0.0,51093.0,12648573.0,0.0,0.0,59284.0,0.0,0.0,0.0,0.0
2023-03-20 18:14:18.979000+00:00,9269248.0,34988032.0,39882752.0,39878656.0,10.76,0.921554283,47.5,9348283.0,0.0,0.0,51093.0,12648573.0,0.0,0.0,59284.0,0.0,0.0,0.0,0.0
2023-03-20 18:14:24.421000+00:00,9469952.0,34136064.0,39043072.0,39038976.0,10.79,0.921554283,47.52,9373644.0,0.0,0.0,51281.0,12685683.0,0.0,0.0,59501.0,0.0,0.0,0.0,0.0
2023-03-20 18:14:29.464000+00:00,9469952.0,34136064.0,39043072.0,39038976.0,10.82,0.921554283,47.63,9373644.0,0.0,0.0,51281.0,12685683.0,0.0,0.0,59501.0,0.0,0.0,0.0,0.0
2023-03-20 18:14:34.639000+00:00,9469952.0,34086912.0,38998016.0,38993920.0,10.82,0.921554283,47.68,9487659.0,0.0,0.0,51522.0,12808975.0,0.0,0.0,59777.0,0.0,0.0,0.0,0.0
2023-03-20 18:14:38.345000+00:00,9469952.0,34086912.0,38998016.0,38993920.0,10.85,0.921554283,47.71,9487659.0,0.0,0.0,51522.0,12808975.0,0.0,0.0,59777.0,0.0,0.0,0.0,0.0
2023-03-20 18:14:44.629000+00:00,9469952.0,34234368.0,39211008.0,39206912.0,10.88,0.921554283,47.82,9512188.0,0.0,0.0,51690.0,12843911.0,0.0,0.0,59970.0,0.0,0.0,0.0,0.0
2023-03-20 18:14:48.841000+00:00,9469952.0,34574336.0,39211008.0,39206912.0,10.88,0.921554283,47.88,9512188.0,0.0,0.0,51690.0,12843911.0,0.0,0.0,59970.0,0.0,0.0,0.0,0.0
2023-03-20 18:14:54.014000+00:00,9469952.0,34775040.0,39854080.0,39849984.0,10.9,0.921554283,47.99,9572488.0,0.0,0.0,51916.0,12915796.0,0.0,0.0,60238.0,0.0,0.0,0.0,0.0
2023-03-20 18:14:58.678000+00:00,9469952.0,34725888.0,39710720.0,39706624.0,10.91,0.921554283,48.02,9584378.0,0.0,0.0,52002.0,12933622.0,0.0,0.0,60334.0,0.0,0.0,0.0,0.0
2023-03-20 18:15:03.400000+00:00,9469952.0,35184640.0,40165376.0,40161280.0,10.93,0.922805256,48.1,9590268.0,0.0,0.0,52048.0,12945216.0,0.0,0.0,60390.0,0.0,0.0,0.0,0.0
2023-03-20 18:15:09.308000+00:00,9469952.0,30699520.0,35635200.0,35631104.0,10.96,0.922805256,48.28,9634004.0,0.0,0.0,52156.0,12992611.0,0.0,0.0,60510.0,0.0,0.0,0.0,0.0
2023-03-20 18:15:14.118000+00:00,9469952.0,30842880.0,35790848.0,35786752.0,11.0,0.922805256,48.38,9651080.0,0.0,0.0,52267.0,13016210.0,0.0,0.0,60644.0,0.0,0.0,0.0,0.0
2023-03-20 18:15:19.701000+00:00,9469952.0,30720000.0,35790848.0,35786752.0,11.01,0.922805256,48.48,9689568.0,0.0,0.0,52355.0,13060597.0,0.0,0.0,60749.0,0.0,0.0,0.0,0.0
2023-03-20 18:15:24.061000+00:00,9666560.0,31420416.0,36499456.0,36495360.0,11.04,0.996752551,48.57,9702313.0,0.0,0.0,52433.0,13077627.0,0.0,0.0,60838.0,0.0,0.0,0.0,0.0
2023-03-20 18:15:29.198000+00:00,9666560.0,31420416.0,36499456.0,36495360.0,11.04,0.996752551,48.62,9702313.0,0.0,0.0,52433.0,13077627.0,0.0,0.0,60838.0,0.0,0.0,0.0,0.0
2023-03-20 18:15:34.058000+00:00,9666560.0,31715328.0,36847616.0,36843520.0,11.07,0.996752551,48.74,9789944.0,0.0,0.0,52644.0,13173606.0,0.0,0.0,61076.0,0.0,0.0,0.0,0.0
2023-03-20 18:15:39.322000+00:00,9666560.0,31715328.0,36847616.0,36843520.0,11.09,0.996752551,48.82,9789944.0,0.0,0.0,52738.0,13193197.0,0.0,0.0,61189.0,0.0,0.0,0.0,0.0
2023-03-20 18:15:44.558000+00:00,9666560.0,31375360.0,36339712.0,36335616.0,11.12,0.997157371,48.9,9809450.0,0.0,0.0,52787.0,13205605.0,0.0,0.0,61247.0,0.0,0.0,0.0,0.0
2023-03-20 18:15:49.047000+00:00,9666560.0,30892032.0,35880960.0,35876864.0,11.13,0.997157371,48.96,9816449.0,0.0,0.0,52838.0,13217769.0,0.0,0.0,61302.0,0.0,0.0,0.0,0.0
2023-03-20 18:15:54.908000+00:00,9666560.0,31289344.0,36323328.0,36319232.0,11.16,1.071145862,49.08,9866709.0,0.0,0.0,52980.0,13244880.0,0.0,0.0,61461.0,0.0,0.0,0.0,0.0
2023-03-20 18:15:59.360000+00:00,9666560.0,31416320.0,36401152.0,36397056.0,11.18,1.071145862,49.12,9884496.0,0.0,0.0,53097.0,13298214.0,0.0,0.0,61613.0,0.0,0.0,0.0,0.0
2023-03-20 18:16:03.853000+00:00,9666560.0,31547392.0,36544512.0,36540416.0,11.22,1.071145862,49.21,9925981.0,0.0,0.0,53196.0,13344169.0,0.0,0.0,61728.0,0.0,0.0,0.0,0.0
2023-03-20 18:16:08.676000+00:00,9666560.0,31547392.0,36544512.0,36540416.0,11.22,1.071145862,49.24,9925981.0,0.0,0.0,53272.0,13360995.0,0.0,0.0,61823.0,0.0,0.0,0.0,0.0
2023-03-20 18:16:14.412000+00:00,9666560.0,31789056.0,36765696.0,36761600.0,11.24,1.071145862,49.34,9941943.0,0.0,0.0,53318.0,13372714.0,0.0,0.0,61875.0,0.0,0.0,0.0,0.0
2023-03-20 18:16:18.781000+00:00,9666560.0,31072256.0,36040704.0,36036608.0,11.24,1.071145862,49.36,9943568.0,0.0,0.0,53318.0,13378508.0,0.0,0.0,61887.0,0.0,0.0,0.0,0.0
2023-03-20 18:16:23.487000+00:00,9666560.0,31338496.0,36253696.0,36249600.0,11.26,1.071145862,49.48,9993144.0,0.0,0.0,53456.0,13420494.0,0.0,0.0,62037.0,0.0,0.0,0.0,0.0
2023-03-20 18:16:28.713000+00:00,9842688.0,30908416.0,35905536.0,35901440.0,11.29,1.071145862,49.59,10006815.0,0.0,0.0,53554.0,13452577.0,0.0,0.0,62150.0,0.0,0.0,0.0,0.0
2023-03-20 18:16:34.803000+00:00,9842688.0,31125504.0,36220928.0,36216832.0,11.33,1.071145862,49.68,10079948.0,0.0,0.0,53671.0,13531780.0,0.0,0.0,62289.0,0.0,0.0,0.0,0.0
2023-03-20 18:16:39.514000+00:00,9842688.0,31125504.0,36220928.0,35823616.0,11.36,1.071145862,49.72,10089673.0,0.0,0.0,53743.0,13547272.0,0.0,0.0,62373.0,0.0,0.0,0.0,0.0
2023-03-20 18:16:44.260000+00:00,9842688.0,31100928.0,36667392.0,36663296.0,11.39,1.071145862,49.82,10132971.0,0.0,0.0,53844.0,13593975.0,0.0,0.0,62485.0,0.0,0.0,0.0,0.0
2023-03-20 18:16:48.579000+00:00,9842688.0,31100928.0,36667392.0,36663296.0,11.39,1.071145862,49.86,10132971.0,0.0,0.0,53899.0,13607367.0,0.0,0.0,62551.0,0.0,0.0,0.0,0.0
2023-03-20 18:16:54.246000+00:00,9842688.0,31195136.0,35995648.0,35991552.0,11.4,1.071145862,49.87,10147010.0,0.0,0.0,53949.0,13619618.0,0.0,0.0,62612.0,0.0,0.0,0.0,0.0
2023-03-20 18:16:59.574000+00:00,9842688.0,31195136.0,35995648.0,35991552.0,11.42,1.071145862,49.98,10147010.0,0.0,0.0,53949.0,13619618.0,0.0,0.0,62612.0,0.0,0.0,0.0,0.0
2023-03-20 18:17:03.875000+00:00,9842688.0,30773248.0,35586048.0,35581952.0,11.42,1.071145862,50.01,10193760.0,0.0,0.0,54084.0,13674370.0,0.0,0.0,62762.0,0.0,0.0,0.0,0.0
2023-03-20 18:17:08.960000+00:00,9842688.0,30773248.0,35586048.0,35819520.0,11.46,1.071145862,50.16,10251034.0,0.0,0.0,54299.0,13736889.0,0.0,0.0,62998.0,0.0,0.0,0.0,0.0
2023-03-20 18:17:14.503000+00:00,9842688.0,30887936.0,35753984.0,35749888.0,11.46,1.071145862,50.19,10266467.0,0.0,0.0,54392.0,13757345.0,0.0,0.0,63110.0,0.0,0.0,0.0,0.0
2023-03-20 18:17:19.909000+00:00,9842688.0,30887936.0,35753984.0,35749888.0,11.5,1.071145862,50.31,10266467.0,0.0,0.0,54502.0,13810226.0,0.0,0.0,63250.0,0.0,0.0,0.0,0.0
2023-03-20 18:17:24.430000+00:00,10031104.0,31604736.0,36495360.0,36491264.0,11.5,1.071145862,50.34,10317361.0,0.0,0.0,54541.0,13820012.0,0.0,0.0,63291.0,0.0,0.0,0.0,0.0
2023-03-20 18:17:29.165000+00:00,10031104.0,31604736.0,36323328.0,36319232.0,11.53,1.07356654,50.45,10327145.0,0.0,0.0,54618.0,13835702.0,0.0,0.0,63379.0,0.0,0.0,0.0,0.0
2023-03-20 18:17:34.304000+00:00,10031104.0,31301632.0,36319232.0,36315136.0,11.53,1.07356654,50.51,10338850.0,0.0,0.0,54705.0,13853439.0,0.0,0.0,63480.0,0.0,0.0,0.0,0.0
2023-03-20 18:17:38.893000+00:00,10031104.0,31330304.0,36343808.0,36339712.0,11.56,1.074178736,50.51,10349277.0,0.0,0.0,54777.0,13869520.0,0.0,0.0,63559.0,0.0,0.0,0.0,0.0
2023-03-20 18:17:44.732000+00:00,10031104.0,31342592.0,36257792.0,36253696.0,11.57,1.074178736,50.67,10365110.0,0.0,0.0,54882.0,13891869.0,0.0,0.0,63683.0,0.0,0.0,0.0,0.0
2023-03-20 18:17:49.504000+00:00,10031104.0,31342592.0,36257792.0,36253696.0,11.59,1.074178736,50.67,10365110.0,0.0,0.0,54992.0,13912652.0,0.0,0.0,63799.0,0.0,0.0,0.0,0.0
2023-03-20 18:17:54.165000+00:00,10031104.0,31846400.0,36773888.0,36769792.0,11.62,1.074178736,50.86,10458352.0,0.0,0.0,55111.0,13994726.0,0.0,0.0,63948.0,0.0,0.0,0.0,0.0
2023-03-20 18:17:59.537000+00:00,10031104.0,31862784.0,36773888.0,36769792.0,11.66,1.074178736,50.94,10458352.0,0.0,0.0,55111.0,13994726.0,0.0,0.0,63948.0,0.0,0.0,0.0,0.0
2023-03-20 18:18:04.304000+00:00,10031104.0,31518720.0,36356096.0,36352000.0,11.66,1.074178736,50.96,10474124.0,0.0,0.0,55222.0,14022001.0,0.0,0.0,64080.0,0.0,0.0,0.0,0.0
2023-03-20 18:18:08.617000+00:00,10031104.0,31518720.0,36581376.0,36577280.0,11.68,1.075382945,50.96,10486582.0,0.0,0.0,55300.0,14038129.0,0.0,0.0,64170.0,0.0,0.0,0.0,0.0
2023-03-20 18:18:14.319000+00:00,10031104.0,31989760.0,36831232.0,36827136.0,11.69,1.075382945,51.12,10494305.0,0.0,0.0,55363.0,14053620.0,0.0,0.0,64244.0,0.0,0.0,0.0,0.0
2023-03-20 18:18:19.224000+00:00,10031104.0,31989760.0,36831232.0,37249024.0,11.72,1.078148651,51.22,10541384.0,0.0,0.0,55480.0,14104658.0,0.0,0.0,64377.0,0.0,0.0,0.0,0.0
2023-03-20 18:18:24.622000+00:00,10203136.0,32227328.0,37171200.0,37167104.0,11.72,1.078148651,51.27,10554066.0,0.0,0.0,55552.0,14122804.0,0.0,0.0,64467.0,0.0,0.0,0.0,0.0
2023-03-20 18:18:28.007000+00:00,10203136.0,31981568.0,37171200.0,37167104.0,11.73,1.078148651,51.35,10554066.0,0.0,0.0,55552.0,14122804.0,0.0,0.0,64467.0,0.0,0.0,0.0,0.0
2023-03-20 18:18:33.514000+00:00,10203136.0,31870976.0,36847616.0,36843520.0,11.73,1.078148651,51.4,10571770.0,0.0,0.0,55677.0,14151812.0,0.0,0.0,64615.0,0.0,0.0,0.0,0.0
2023-03-20 18:18:39.868000+00:00,10203136.0,31870976.0,37523456.0,37519360.0,11.77,1.078148651,51.5,10579807.0,0.0,0.0,55734.0,14165379.0,0.0,0.0,64681.0,0.0,0.0,0.0,0.0
2023-03-20 18:18:43.272000+00:00,10203136.0,32677888.0,37588992.0,37584896.0,11.78,1.078148651,51.56,10594873.0,0.0,0.0,55831.0,14185896.0,0.0,0.0,64792.0,0.0,0.0,0.0,0.0
2023-03-20 18:18:49.465000+00:00,10203136.0,32677888.0,37588992.0,38080512.0,11.81,1.078148651,51.66,10639947.0,0.0,0.0,55930.0,14237724.0,0.0,0.0,64916.0,0.0,0.0,0.0,0.0
2023-03-20 18:18:54.894000+00:00,10203136.0,32940032.0,37904384.0,37900288.0,11.82,1.078148651,51.72,10657931.0,0.0,0.0,56037.0,14261649.0,0.0,0.0,65040.0,0.0,0.0,0.0,0.0
2023-03-20 18:18:59.591000+00:00,10203136.0,33013760.0,38256640.0,38252544.0,11.85,1.078148651,51.82,10669676.0,0.0,0.0,56108.0,14278117.0,0.0,0.0,65120.0,0.0,0.0,0.0,0.0
2023-03-20 18:19:03.967000+00:00,10203136.0,32747520.0,37695488.0,37691392.0,11.85,1.078148651,51.85,10677826.0,0.0,0.0,56166.0,14291248.0,0.0,0.0,65186.0,0.0,0.0,0.0,0.0
2023-03-20 18:19:08.785000+00:00,10203136.0,32747520.0,37695488.0,38191104.0,11.88,1.078148651,51.95,10716179.0,0.0,0.0,56234.0,14335834.0,0.0,0.0,65268.0,0.0,0.0,0.0,0.0
2023-03-20 18:19:14.335000+00:00,10203136.0,32841728.0,37879808.0,37875712.0,11.88,1.078148651,52.0,10732518.0,0.0,0.0,56333.0,14356231.0,0.0,0.0,65379.0,0.0,0.0,0.0,0.0
2023-03-20 18:19:19.547000+00:00,10203136.0,32841728.0,37879808.0,37875712.0,11.9,1.078234702,52.09,10732518.0,0.0,0.0,56333.0,14356231.0,0.0,0.0,65379.0,0.0,0.0,0.0,0.0
2023-03-20 18:19:23.386000+00:00,10203136.0,33714176.0,38682624.0,38678528.0,11.92,1.078234702,52.12,10760336.0,0.0,0.0,56525.0,14395285.0,0.0,0.0,65598.0,0.0,0.0,0.0,0.0
2023-03-20 18:19:29.598000+00:00,10203136.0,33419264.0,38682624.0,38678528.0,11.94,1.078234702,52.24,10810539.0,0.0,0.0,56652.0,14449596.0,0.0,0.0,65598.0,0.0,0.0,0.0,0.0
2023-03-20 18:19:34.027000+00:00,10387456.0,33406976.0,38305792.0,38301696.0,11.95,1.078234702,52.26,10849516.0,0.0,0.0,56730.0,14494075.0,0.0,0.0,65845.0,0.0,0.0,0.0,0.0
2023-03-20 18:19:39.688000+00:00,10387456.0,33406976.0,38862848.0,38858752.0,12.01,1.078328948,52.39,10863043.0,0.0,0.0,56838.0,14513691.0,0.0,0.0,65968.0,0.0,0.0,0.0,0.0
2023-03-20 18:19:44.345000+00:00,10387456.0,33554432.0,38461440.0,38457344.0,12.02,1.078328948,52.47,10875786.0,0.0,0.0,56913.0,14532253.0,0.0,0.0,66058.0,0.0,0.0,0.0,0.0
2023-03-20 18:19:48.792000+00:00,10387456.0,33554432.0,39129088.0,39124992.0,12.03,1.078328948,52.47,10883023.0,0.0,0.0,56954.0,14543652.0,0.0,0.0,66097.0,0.0,0.0,0.0,0.0
2023-03-20 18:19:54.570000+00:00,10387456.0,34451456.0,39370752.0,39366656.0,12.05,1.078328948,52.66,10903092.0,0.0,0.0,57081.0,14571543.0,0.0,0.0,66252.0,0.0,0.0,0.0,0.0
2023-03-20 18:19:59.295000+00:00,10387456.0,34451456.0,39370752.0,39366656.0,12.06,1.078328948,52.66,10903092.0,0.0,0.0,57081.0,14571543.0,0.0,0.0,66252.0,0.0,0.0,0.0,0.0
2023-03-20 18:20:04.780000+00:00,10387456.0,34734080.0,39911424.0,39907328.0,12.08,1.079893223,52.82,10927961.0,0.0,0.0,57245.0,14607790.0,0.0,0.0,66435.0,0.0,0.0,0.0,0.0
2023-03-20 18:20:09.565000+00:00,10387456.0,34734080.0,39911424.0,39907328.0,12.09,1.079893223,52.85,10927961.0,0.0,0.0,57245.0,14607790.0,0.0,0.0,66435.0,0.0,0.0,0.0,0.0
2023-03-20 18:20:14.081000+00:00,10387456.0,34963456.0,40218624.0,40214528.0,12.11,1.079893223,52.91,10940038.0,0.0,0.0,57338.0,14629751.0,0.0,0.0,66541.0,0.0,0.0,0.0,0.0
2023-03-20 18:20:18.662000+00:00,10387456.0,34889728.0,39960576.0,39956480.0,12.12,1.079893223,52.91,10951170.0,0.0,0.0,57414.0,14646921.0,0.0,0.0,66632.0,0.0,0.0,0.0,0.0
2023-03-20 18:20:24.208000+00:00,10559488.0,35254272.0,40345600.0,40341504.0,12.16,1.079893223,53.05,10998212.0,0.0,0.0,57543.0,14701646.0,0.0,0.0,66790.0,0.0,0.0,0.0,0.0
2023-03-20 18:20:29.830000+00:00,10559488.0,34844672.0,39907328.0,39903232.0,12.16,1.079937226,53.13,11018000.0,0.0,0.0,57668.0,14727091.0,0.0,0.0,66936.0,0.0,0.0,0.0,0.0
2023-03-20 18:20:33.900000+00:00,10559488.0,35479552.0,40419328.0,40415232.0,12.2,1.080331435,53.22,11027145.0,0.0,0.0,57739.0,14742611.0,0.0,0.0,67021.0,0.0,0.0,0.0,0.0
2023-03-20 18:20:38.641000+00:00,10559488.0,35479552.0,40419328.0,40415232.0,12.22,1.083526296,53.28,11027145.0,0.0,0.0,57739.0,14742611.0,0.0,0.0,67021.0,0.0,0.0,0.0,0.0
2023-03-20 18:20:43.534000+00:00,10559488.0,35381248.0,40415232.0,40411136.0,12.26,1.083526296,53.38,11080084.0,0.0,0.0,57901.0,14807588.0,0.0,0.0,67217.0,0.0,0.0,0.0,0.0
2023-03-20 18:20:49.198000+00:00,10559488.0,35381248.0,40316928.0,40312832.0,12.26,1.083582384,53.42,11089500.0,0.0,0.0,57965.0,14822352.0,0.0,0.0,67294.0,0.0,0.0,0.0,0.0
2023-03-20 18:20:53.844000+00:00,10559488.0,33042432.0,38027264.0,38023168.0,12.28,1.083637216,53.62,11130588.0,0.0,0.0,58039.0,14866549.0,0.0,0.0,67373.0,0.0,0.0,0.0,0.0
2023-03-20 18:20:59.557000+00:00,10559488.0,33042432.0,38027264.0,38023168.0,12.3,1.083637216,53.7,11130588.0,0.0,0.0,58039.0,14866549.0,0.0,0.0,67373.0,0.0,0.0,0.0,0.0
2023-03-20 18:21:04.265000+00:00,10559488.0,33243136.0,38526976.0,38522880.0,12.34,1.083637216,53.8,11195175.0,0.0,0.0,58265.0,14943410.0,0.0,0.0,67645.0,0.0,0.0,0.0,0.0
2023-03-20 18:21:09.276000+00:00,10559488.0,33243136.0,38526976.0,38522880.0,12.34,1.083637216,53.8,11195175.0,0.0,0.0,58265.0,14943410.0,0.0,0.0,67645.0,0.0,0.0,0.0,0.0
2023-03-20 18:21:13.935000+00:00,10559488.0,33951744.0,39182336.0,39178240.0,12.35,1.083637216,53.93,11281332.0,0.0,0.0,58440.0,15005723.0,0.0,0.0,67837.0,0.0,0.0,0.0,0.0
2023-03-20 18:21:19.458000+00:00,10559488.0,33488896.0,39182336.0,39178240.0,12.35,1.083684617,53.97,11281332.0,0.0,0.0,58440.0,15005723.0,0.0,0.0,67837.0,0.0,0.0,0.0,0.0
2023-03-20 18:21:24.583000+00:00,10743808.0,33456128.0,38674432.0,38670336.0,12.38,1.083684617,54.07,11302159.0,0.0,0.0,58586.0,15071846.0,0.0,0.0,68025.0,0.0,0.0,0.0,0.0
2023-03-20 18:21:29.469000+00:00,10743808.0,33456128.0,38674432.0,38670336.0,12.38,1.083684617,54.1,11302159.0,0.0,0.0,58586.0,15071846.0,0.0,0.0,68025.0,0.0,0.0,0.0,0.0
2023-03-20 18:21:34.048000+00:00,10743808.0,33779712.0,38858752.0,38854656.0,12.4,1.083684617,54.18,11321202.0,0.0,0.0,58726.0,15101596.0,0.0,0.0,68183.0,0.0,0.0,0.0,0.0
2023-03-20 18:21:38.082000+00:00,10743808.0,33603584.0,38563840.0,38559744.0,12.42,1.083684617,54.23,11331358.0,0.0,0.0,58792.0,15115896.0,0.0,0.0,68252.0,0.0,0.0,0.0,0.0
2023-03-20 18:21:44.507000+00:00,10743808.0,33591296.0,38719488.0,38715392.0,12.46,1.083762407,54.32,11377306.0,0.0,0.0,58893.0,15166401.0,0.0,0.0,68372.0,0.0,0.0,0.0,0.0
2023-03-20 18:21:49.841000+00:00,10743808.0,33591296.0,38772736.0,38768640.0,12.46,1.083762407,54.41,11427460.0,0.0,0.0,59019.0,15219954.0,0.0,0.0,68516.0,0.0,0.0,0.0,0.0
2023-03-20 18:21:53.789000+00:00,10743808.0,33701888.0,39473152.0,39469056.0,12.48,1.083762407,54.48,11430385.0,0.0,0.0,59046.0,15228090.0,0.0,0.0,68546.0,0.0,0.0,0.0,0.0
2023-03-20 18:21:59.342000+00:00,10743808.0,33701888.0,39473152.0,39469056.0,12.5,1.083762407,54.54,11430385.0,0.0,0.0,59046.0,15228090.0,0.0,0.0,68546.0,0.0,0.0,0.0,0.0
2023-03-20 18:22:03.644000+00:00,10743808.0,33320960.0,38395904.0,38391808.0,12.51,1.083811856,54.6,11467729.0,0.0,0.0,59270.0,15275461.0,0.0,0.0,68801.0,0.0,0.0,0.0,0.0
2023-03-20 18:22:08.001000+00:00,10743808.0,33320960.0,38395904.0,38391808.0,12.55,1.0848296,54.71,11467729.0,0.0,0.0,59270.0,15365198.0,0.0,0.0,68971.0,0.0,0.0,0.0,0.0
2023-03-20 18:22:14.614000+00:00,10743808.0,33189888.0,38436864.0,38432768.0,12.57,1.0848296,54.81,11601600.0,0.0,0.0,59536.0,15420503.0,0.0,0.0,69110.0,0.0,0.0,0.0,0.0
2023-03-20 18:22:18.963000+00:00,10743808.0,33538048.0,38551552.0,38547456.0,12.57,1.0848296,54.85,11607179.0,0.0,0.0,59576.0,15431185.0,0.0,0.0,69157.0,0.0,0.0,0.0,0.0
2023-03-20 18:22:23.867000+00:00,10743808.0,33366016.0,38268928.0,38264832.0,12.58,1.084902696,54.89,11618662.0,0.0,0.0,59652.0,15448681.0,0.0,0.0,69248.0,0.0,0.0,0.0,0.0
2023-03-20 18:22:28.594000+00:00,10924032.0,33734656.0,38862848.0,38858752.0,12.6,1.084902696,54.99,11667370.0,0.0,0.0,59776.0,15502751.0,0.0,0.0,69398.0,0.0,0.0,0.0,0.0
2023-03-20 18:22:33.818000+00:00,10924032.0,33456128.0,38412288.0,38408192.0,12.6,1.084902696,55.02,11677347.0,0.0,0.0,59850.0,15518784.0,0.0,0.0,69488.0,0.0,0.0,0.0,0.0
2023-03-20 18:22:38.042000+00:00,10924032.0,33853440.0,39088128.0,39084032.0,12.65,1.084902696,55.09,11680470.0,0.0,0.0,59876.0,15527055.0,0.0,0.0,69521.0,0.0,0.0,0.0,0.0
2023-03-20 18:22:44.163000+00:00,10924032.0,33726464.0,38600704.0,38596608.0,12.66,1.084902696,55.11,11722934.0,0.0,0.0,59947.0,15573213.0,0.0,0.0,69603.0,0.0,0.0,0.0,0.0
2023-03-20 18:22:49.821000+00:00,10924032.0,33226752.0,38154240.0,38150144.0,12.68,1.084959249,55.11,11727629.0,0.0,0.0,59981.0,15583150.0,0.0,0.0,69644.0,0.0,0.0,0.0,0.0
2023-03-20 18:22:54.350000+00:00,10924032.0,33255424.0,38367232.0,38363136.0,12.68,1.084959249,55.24,11741782.0,0.0,0.0,60071.0,15600512.0,0.0,0.0,69744.0,0.0,0.0,0.0,0.0
2023-03-20 18:22:59.355000+00:00,10924032.0,33832960.0,38789120.0,38785024.0,12.68,1.087518392,55.33,11751448.0,0.0,0.0,60131.0,15616577.0,0.0,0.0,69815.0,0.0,0.0,0.0,0.0
2023-03-20 18:23:04.518000+00:00,10924032.0,33550336.0,38658048.0,38653952.0,12.69,1.087518392,55.36,11760359.0,0.0,0.0,60190.0,15629997.0,0.0,0.0,69880.0,0.0,0.0,0.0,0.0
2023-03-20 18:23:09.189000+00:00,10924032.0,33550336.0,38658048.0,38653952.0,12.72,1.087518392,55.44,11760359.0,0.0,0.0,60249.0,15644486.0,0.0,0.0,69955.0,0.0,0.0,0.0,0.0
2023-03-20 18:23:13.720000+00:00,10924032.0,33652736.0,38526976.0,38522880.0,12.72,1.087518392,55.46,11772712.0,0.0,0.0,60280.0,15654213.0,0.0,0.0,69992.0,0.0,0.0,0.0,0.0
2023-03-20 18:23:19.729000+00:00,10924032.0,33648640.0,38674432.0,38670336.0,12.74,1.087566618,55.59,11785471.0,0.0,0.0,60373.0,15672776.0,0.0,0.0,70095.0,0.0,0.0,0.0,0.0
2023-03-20 18:23:24.099000+00:00,11087872.0,33529856.0,38481920.0,38477824.0,12.74,1.087566618,55.63,11830093.0,0.0,0.0,60453.0,15722405.0,0.0,0.0,70195.0,0.0,0.0,0.0,0.0
2023-03-20 18:23:29.545000+00:00,11087872.0,33652736.0,38596608.0,38592512.0,12.78,1.087566618,55.72,11845291.0,0.0,0.0,60565.0,15743603.0,0.0,0.0,70322.0,0.0,0.0,0.0,0.0
2023-03-20 18:23:33.704000+00:00,11087872.0,33701888.0,38690816.0,38686720.0,12.78,1.087566618,55.78,11862554.0,0.0,0.0,60685.0,15767994.0,0.0,0.0,70464.0,0.0,0.0,0.0,0.0
2023-03-20 18:23:38.069000+00:00,11087872.0,33701888.0,38690816.0,38686720.0,12.83,1.087639036,55.91,11862554.0,0.0,0.0,60780.0,15786988.0,0.0,0.0,70572.0,0.0,0.0,0.0,0.0
2023-03-20 18:23:44.800000+00:00,11087872.0,33951744.0,38891520.0,38887424.0,12.84,1.087639036,55.95,11927269.0,0.0,0.0,60902.0,15842869.0,0.0,0.0,70717.0,0.0,0.0,0.0,0.0
2023-03-20 18:23:48.984000+00:00,11087872.0,33951744.0,38436864.0,38432768.0,12.87,1.08776338,55.95,11978205.0,0.0,0.0,61018.0,15900163.0,0.0,0.0,70861.0,0.0,0.0,0.0,0.0
2023-03-20 18:23:54.791000+00:00,11087872.0,33857536.0,38821888.0,38817792.0,12.88,1.087837702,56.18,12067412.0,0.0,0.0,61152.0,15973691.0,0.0,0.0,71024.0,0.0,0.0,0.0,0.0
2023-03-20 18:23:58.976000+00:00,11087872.0,33857536.0,38821888.0,38817792.0,12.92,1.087837702,56.25,12067412.0,0.0,0.0,61152.0,15973691.0,0.0,0.0,71024.0,0.0,0.0,0.0,0.0
2023-03-20 18:24:03.638000+00:00,11087872.0,33890304.0,38895616.0,38891520.0,12.92,1.087837702,56.3,12099435.0,0.0,0.0,61362.0,16037739.0,0.0,0.0,71267.0,0.0,0.0,0.0,0.0
2023-03-20 18:24:08.830000+00:00,11087872.0,33890304.0,38895616.0,38891520.0,12.94,1.087837702,56.41,12099435.0,0.0,0.0,61362.0,16037739.0,0.0,0.0,71403.0,0.0,0.0,0.0,0.0
2023-03-20 18:24:13.285000+00:00,11087872.0,33398784.0,38371328.0,38367232.0,12.94,1.087884705,56.44,12155634.0,0.0,0.0,61504.0,16102651.0,0.0,0.0,71432.0,0.0,0.0,0.0,0.0
2023-03-20 18:24:18.233000+00:00,11087872.0,33189888.0,38277120.0,38273024.0,12.96,1.087884705,56.53,12198677.0,0.0,0.0,61568.0,16130111.0,0.0,0.0,71502.0,0.0,0.0,0.0,0.0
2023-03-20 18:24:24.507000+00:00,11296768.0,33697792.0,38572032.0,38567936.0,12.97,1.087884705,56.61,12236551.0,0.0,0.0,61747.0,16179510.0,0.0,0.0,71703.0,0.0,0.0,0.0,0.0
2023-03-20 18:24:29.210000+00:00,11296768.0,33845248.0,39026688.0,39022592.0,12.99,1.087923573,56.79,12279555.0,0.0,0.0,61747.0,16179510.0,0.0,0.0,71703.0,0.0,0.0,0.0,0.0
2023-03-20 18:24:34.889000+00:00,11296768.0,33751040.0,38735872.0,38731776.0,13.0,1.087923573,56.82,12292772.0,0.0,0.0,61982.0,16259356.0,0.0,0.0,71980.0,0.0,0.0,0.0,0.0
2023-03-20 18:24:39.771000+00:00,11296768.0,33751040.0,38735872.0,38731776.0,13.02,1.100688723,56.92,12292772.0,0.0,0.0,61982.0,16259356.0,0.0,0.0,72060.0,0.0,0.0,0.0,0.0
2023-03-20 18:24:44.779000+00:00,11296768.0,34381824.0,39256064.0,39251968.0,13.02,1.114014828,56.96,12316803.0,0.0,0.0,62145.0,16295434.0,0.0,0.0,72174.0,0.0,0.0,0.0,0.0
2023-03-20 18:24:49.767000+00:00,11296768.0,34381824.0,39256064.0,39251968.0,13.05,1.114464203,57.1,12316803.0,0.0,0.0,62145.0,16295434.0,0.0,0.0,72322.0,0.0,0.0,0.0,0.0
2023-03-20 18:24:54.918000+00:00,11296768.0,34291712.0,39243776.0,39239680.0,13.06,1.114464203,57.12,12343765.0,0.0,0.0,62334.0,16336286.0,0.0,0.0,72402.0,0.0,0.0,0.0,0.0
2023-03-20 18:24:59.185000+00:00,11296768.0,37154816.0,42782720.0,42778624.0,13.06,1.114464203,57.2,12359055.0,0.0,0.0,62438.0,16358509.0,0.0,0.0,72528.0,0.0,0.0,0.0,0.0
2023-03-20 18:25:04.091000+00:00,11296768.0,34664448.0,39571456.0,39567360.0,13.1,1.114464203,57.24,12374120.0,0.0,0.0,62540.0,16379555.0,0.0,0.0,72643.0,0.0,0.0,0.0,0.0
2023-03-20 18:25:09.638000+00:00,11296768.0,34664448.0,39571456.0,39567360.0,13.12,1.114464203,57.33,12374120.0,0.0,0.0,62620.0,16396061.0,0.0,0.0,72740.0,0.0,0.0,0.0,0.0
2023-03-20 18:25:14.384000+00:00,11296768.0,34312192.0,39395328.0,39391232.0,13.13,1.114508496,57.36,12389638.0,0.0,0.0,62659.0,16405951.0,0.0,0.0,72782.0,0.0,0.0,0.0,0.0
2023-03-20 18:25:19.320000+00:00,11296768.0,34201600.0,39157760.0,39153664.0,13.14,1.114508496,57.46,12404013.0,0.0,0.0,62754.0,16426616.0,0.0,0.0,72893.0,0.0,0.0,0.0,0.0
2023-03-20 18:25:23.935000+00:00,11296768.0,34684928.0,39698432.0,39694336.0,13.16,1.114508496,57.53,12410216.0,0.0,0.0,62802.0,16438083.0,0.0,0.0,72949.0,0.0,0.0,0.0,0.0
2023-03-20 18:25:29.112000+00:00,11505664.0,34684928.0,39698432.0,39694336.0,13.16,1.114508496,57.66,12410216.0,0.0,0.0,62802.0,16438083.0,0.0,0.0,72949.0,0.0,0.0,0.0,0.0
2023-03-20 18:25:34.753000+00:00,11505664.0,34992128.0,39915520.0,39911424.0,13.18,1.11455286,57.78,12485683.0,0.0,0.0,63092.0,16527458.0,0.0,0.0,73291.0,0.0,0.0,0.0,0.0
2023-03-20 18:25:39.655000+00:00,11505664.0,34803712.0,39952384.0,39948288.0,13.21,1.11455286,57.83,12574501.0,0.0,0.0,63211.0,16584115.0,0.0,0.0,73426.0,0.0,0.0,0.0,0.0
2023-03-20 18:25:43.997000+00:00,11505664.0,34951168.0,39948288.0,39944192.0,13.26,1.11455286,57.92,12589230.0,0.0,0.0,63324.0,16643520.0,0.0,0.0,73571.0,0.0,0.0,0.0,0.0
2023-03-20 18:25:48.825000+00:00,11505664.0,34951168.0,39948288.0,39944192.0,13.28,1.114616858,57.95,12589230.0,0.0,0.0,63432.0,16664601.0,0.0,0.0,73692.0,0.0,0.0,0.0,0.0
2023-03-20 18:25:54.626000+00:00,11505664.0,35676160.0,40742912.0,40738816.0,13.31,1.114616858,58.06,12630003.0,0.0,0.0,63586.0,16695493.0,0.0,0.0,73877.0,0.0,0.0,0.0,0.0
2023-03-20 18:25:58.592000+00:00,11505664.0,35676160.0,40742912.0,40738816.0,13.32,1.114616858,58.12,12630003.0,0.0,0.0,63586.0,16695493.0,0.0,0.0,73877.0,0.0,0.0,0.0,0.0
2023-03-20 18:26:04.612000+00:00,11505664.0,35520512.0,40685568.0,40681472.0,13.36,1.114661462,58.21,12715395.0,0.0,0.0,63835.0,16776688.0,0.0,0.0,74154.0,0.0,0.0,0.0,0.0
2023-03-20 18:26:08.898000+00:00,11505664.0,35520512.0,40685568.0,40681472.0,13.36,1.114661462,58.28,12715395.0,0.0,0.0,63981.0,16876571.0,0.0,0.0,74334.0,0.0,0.0,0.0,0.0
2023-03-20 18:26:14.616000+00:00,11505664.0,35938304.0,40882176.0,40878080.0,13.43,1.114661462,58.48,12817468.0,0.0,0.0,64117.0,16904322.0,0.0,0.0,74493.0,0.0,0.0,0.0,0.0
2023-03-20 18:26:19.708000+00:00,11505664.0,35938304.0,40882176.0,40878080.0,13.44,1.114661462,58.48,12817468.0,0.0,0.0,64117.0,16969046.0,0.0,0.0,74673.0,0.0,0.0,0.0,0.0
2023-03-20 18:26:24.663000+00:00,11755520.0,35246080.0,40222720.0,40218624.0,13.46,1.114661462,58.66,12925916.0,0.0,0.0,64348.0,17023303.0,0.0,0.0,74767.0,0.0,0.0,0.0,0.0
2023-03-20 18:26:29.466000+00:00,11755520.0,35246080.0,40222720.0,40218624.0,13.47,1.114661462,58.7,12925916.0,0.0,0.0,64348.0,17023303.0,0.0,0.0,74767.0,0.0,0.0,0.0,0.0
2023-03-20 18:26:34.014000+00:00,11755520.0,35188736.0,40321024.0,40316928.0,13.5,1.114661462,58.81,12992037.0,0.0,0.0,64569.0,17099990.0,0.0,0.0,75021.0,0.0,0.0,0.0,0.0
2023-03-20 18:26:39.203000+00:00,11755520.0,35717120.0,40931328.0,40927232.0,13.52,1.114661462,58.81,12999489.0,0.0,0.0,64619.0,17113110.0,0.0,0.0,75085.0,0.0,0.0,0.0,0.0
2023-03-20 18:26:43.696000+00:00,11755520.0,35233792.0,40284160.0,40280064.0,13.53,1.114661462,58.9,13006324.0,0.0,0.0,64656.0,17124392.0,0.0,0.0,75125.0,0.0,0.0,0.0,0.0
2023-03-20 18:26:48.057000+00:00,11755520.0,35233792.0,40284160.0,40493056.0,13.54,1.114661462,58.94,13061702.0,0.0,0.0,64790.0,17184607.0,0.0,0.0,75283.0,0.0,0.0,0.0,0.0
2023-03-20 18:26:54.611000+00:00,11755520.0,35438592.0,40488960.0,40484864.0,13.55,1.114661462,59.04,13075804.0,0.0,0.0,64885.0,17204298.0,0.0,0.0,75391.0,0.0,0.0,0.0,0.0
2023-03-20 18:26:59.401000+00:00,11755520.0,35835904.0,40775680.0,40771584.0,13.56,1.114661462,59.06,13082804.0,0.0,0.0,64927.0,17217658.0,0.0,0.0,75445.0,0.0,0.0,0.0,0.0
2023-03-20 18:27:04.094000+00:00,11755520.0,35770368.0,40824832.0,40820736.0,13.57,1.114661462,59.16,13095360.0,0.0,0.0,65018.0,17235284.0,0.0,0.0,75551.0,0.0,0.0,0.0,0.0
2023-03-20 18:27:09.123000+00:00,11755520.0,35770368.0,40267776.0,40263680.0,13.58,1.114661462,59.19,13101518.0,0.0,0.0,65064.0,17248023.0,0.0,0.0,75608.0,0.0,0.0,0.0,0.0
2023-03-20 18:27:14.127000+00:00,11755520.0,35299328.0,40431616.0,40427520.0,13.6,1.117387626,59.29,13112953.0,0.0,0.0,65135.0,17263482.0,0.0,0.0,75686.0,0.0,0.0,0.0,0.0
2023-03-20 18:27:19.425000+00:00,11755520.0,35299328.0,40431616.0,40280064.0,13.61,1.117387626,59.34,13125158.0,0.0,0.0,65217.0,17280971.0,0.0,0.0,75781.0,0.0,0.0,0.0,0.0
2023-03-20 18:27:23.633000+00:00,11755520.0,35885056.0,41041920.0,41037824.0,13.63,1.117387626,59.43,13136485.0,0.0,0.0,65304.0,17299279.0,0.0,0.0,75884.0,0.0,0.0,0.0,0.0
2023-03-20 18:27:29.315000+00:00,11935744.0,35885056.0,41041920.0,41037824.0,13.65,1.117387626,59.48,13136485.0,0.0,0.0,65304.0,17299279.0,0.0,0.0,75884.0,0.0,0.0,0.0,0.0
2023-03-20 18:27:33.930000+00:00,11935744.0,35303424.0,40423424.0,40419328.0,13.68,1.117387626,59.58,13208833.0,0.0,0.0,65534.0,17384082.0,0.0,0.0,76162.0,0.0,0.0,0.0,0.0
2023-03-20 18:27:39.405000+00:00,11935744.0,35659776.0,40865792.0,40861696.0,13.7,1.117387626,59.66,13227365.0,0.0,0.0,65664.0,17408763.0,0.0,0.0,76313.0,0.0,0.0,0.0,0.0
2023-03-20 18:27:44.378000+00:00,11935744.0,35860480.0,41074688.0,41070592.0,13.71,1.118521663,59.76,13281315.0,0.0,0.0,65772.0,17467340.0,0.0,0.0,76441.0,0.0,0.0,0.0,0.0
2023-03-20 18:27:48.850000+00:00,11935744.0,35860480.0,40460288.0,40456192.0,13.71,1.118667046,59.76,13288783.0,0.0,0.0,65825.0,17481304.0,0.0,0.0,76505.0,0.0,0.0,0.0,0.0
2023-03-20 18:27:53.563000+00:00,11935744.0,35328000.0,40415232.0,40411136.0,13.73,1.119718828,59.82,13303012.0,0.0,0.0,65909.0,17501133.0,0.0,0.0,76598.0,0.0,0.0,0.0,0.0
2023-03-20 18:27:58.569000+00:00,11935744.0,35328000.0,40415232.0,40411136.0,13.76,1.119892783,59.92,13303012.0,0.0,0.0,65909.0,17501133.0,0.0,0.0,76598.0,0.0,0.0,0.0,0.0
2023-03-20 18:28:04.108000+00:00,11935744.0,35717120.0,40738816.0,40734720.0,13.78,1.120324271,59.96,13417010.0,0.0,0.0,66160.0,17623737.0,0.0,0.0,76889.0,0.0,0.0,0.0,0.0
2023-03-20 18:28:09.530000+00:00,11935744.0,35717120.0,40714240.0,40710144.0,13.8,1.120640952,60.06,13430253.0,0.0,0.0,66252.0,17644016.0,0.0,0.0,77001.0,0.0,0.0,0.0,0.0
2023-03-20 18:28:13.397000+00:00,11935744.0,35897344.0,40886272.0,40882176.0,13.81,1.122130142,60.12,13481922.0,0.0,0.0,66359.0,17698504.0,0.0,0.0,77115.0,0.0,0.0,0.0,0.0
2023-03-20 18:28:19.812000+00:00,11935744.0,35897344.0,40886272.0,40460288.0,13.84,1.122986226,60.24,13504071.0,0.0,0.0,66510.0,17726287.0,0.0,0.0,77290.0,0.0,0.0,0.0,0.0
2023-03-20 18:28:24.625000+00:00,12152832.0,35323904.0,40288256.0,40284160.0,13.84,1.131159486,60.31,13522668.0,0.0,0.0,66618.0,17751338.0,0.0,0.0,77418.0,0.0,0.0,0.0,0.0
2023-03-20 18:28:29.526000+00:00,12152832.0,35323904.0,40288256.0,40284160.0,13.86,1.131228171,60.45,13522668.0,0.0,0.0,66618.0,17751338.0,0.0,0.0,77418.0,0.0,0.0,0.0,0.0
2023-03-20 18:28:34.543000+00:00,12152832.0,35115008.0,40120320.0,40116224.0,13.87,1.131327907,60.48,13548022.0,0.0,0.0,66797.0,17789251.0,0.0,0.0,77631.0,0.0,0.0,0.0,0.0
2023-03-20 18:28:38.846000+00:00,12152832.0,35115008.0,40714240.0,40710144.0,13.91,1.1317778,60.58,13601134.0,0.0,0.0,66898.0,17844845.0,0.0,0.0,77740.0,0.0,0.0,0.0,0.0
2023-03-20 18:28:43.540000+00:00,12152832.0,35078144.0,40062976.0,40058880.0,13.92,1.131859018,60.61,13613845.0,0.0,0.0,66973.0,17864482.0,0.0,0.0,77831.0,0.0,0.0,0.0,0.0
2023-03-20 18:28:48.794000+00:00,12152832.0,35078144.0,40550400.0,40546304.0,13.96,1.132300544,60.74,13635236.0,0.0,0.0,67109.0,17891900.0,0.0,0.0,77991.0,0.0,0.0,0.0,0.0
2023-03-20 18:28:54.318000+00:00,12152832.0,35299328.0,40329216.0,40325120.0,13.96,1.132508433,60.77,13645758.0,0.0,0.0,67183.0,17908140.0,0.0,0.0,78071.0,0.0,0.0,0.0,0.0
2023-03-20 18:28:58.345000+00:00,12152832.0,35233792.0,40275968.0,40271872.0,13.99,1.132688879,60.77,13657911.0,0.0,0.0,67268.0,17926598.0,0.0,0.0,78177.0,0.0,0.0,0.0,0.0
2023-03-20 18:29:04.434000+00:00,12152832.0,35033088.0,40218624.0,40214528.0,14.0,1.143868046,60.92,13668736.0,0.0,0.0,67342.0,17943829.0,0.0,0.0,78266.0,0.0,0.0,0.0,0.0
2023-03-20 18:29:08.818000+00:00,12152832.0,35033088.0,40181760.0,40177664.0,14.02,1.146404512,61.05,13682699.0,0.0,0.0,67449.0,17965719.0,0.0,0.0,78400.0,0.0,0.0,0.0,0.0
2023-03-20 18:29:13.588000+00:00,12152832.0,35713024.0,40820736.0,40816640.0,14.02,1.146404512,61.08,13692197.0,0.0,0.0,67520.0,17980183.0,0.0,0.0,78479.0,0.0,0.0,0.0,0.0
2023-03-20 18:29:19.092000+00:00,12152832.0,35713024.0,40284160.0,40280064.0,14.06,1.148515691,61.08,13711198.0,0.0,0.0,67653.0,18006639.0,0.0,0.0,78640.0,0.0,0.0,0.0,0.0
2023-03-20 18:29:24.854000+00:00,12361728.0,35123200.0,40161280.0,40157184.0,14.06,1.148561228,61.23,13724583.0,0.0,0.0,67754.0,18026037.0,0.0,0.0,78756.0,0.0,0.0,0.0,0.0
2023-03-20 18:29:29.527000+00:00,12361728.0,35123200.0,40161280.0,40157184.0,14.1,1.148709839,61.32,13724583.0,0.0,0.0,67754.0,18026037.0,0.0,0.0,78756.0,0.0,0.0,0.0,0.0
2023-03-20 18:29:34.590000+00:00,12361728.0,34996224.0,40296448.0,40292352.0,14.1,1.148709839,61.36,13786397.0,0.0,0.0,67930.0,18100013.0,0.0,0.0,78967.0,0.0,0.0,0.0,0.0
2023-03-20 18:29:39.670000+00:00,12361728.0,35573760.0,40906752.0,40902656.0,14.15,1.148709839,61.36,13823609.0,0.0,0.0,68085.0,18128303.0,0.0,0.0,79141.0,0.0,0.0,0.0,0.0
2023-03-20 18:29:44.183000+00:00,12361728.0,35676160.0,40701952.0,40697856.0,14.16,1.148709839,61.57,13903136.0,0.0,0.0,68196.0,18199370.0,0.0,0.0,79273.0,0.0,0.0,0.0,0.0
2023-03-20 18:29:49.672000+00:00,12361728.0,35676160.0,40701952.0,40529920.0,14.18,1.149100392,61.68,13925456.0,0.0,0.0,68346.0,18257594.0,0.0,0.0,79455.0,0.0,0.0,0.0,0.0
2023-03-20 18:29:54.305000+00:00,12361728.0,35180544.0,40308736.0,40304640.0,14.19,1.149550845,61.72,13976481.0,0.0,0.0,68423.0,18315170.0,0.0,0.0,79556.0,0.0,0.0,0.0,0.0
2023-03-20 18:29:59.360000+00:00,12361728.0,35180544.0,40308736.0,40304640.0,14.2,1.150002587,61.82,13976481.0,0.0,0.0,68423.0,18315170.0,0.0,0.0,79556.0,0.0,0.0,0.0,0.0
2023-03-20 18:30:04.279000+00:00,12361728.0,35295232.0,40636416.0,40632320.0,14.2,1.150600509,61.87,14080307.0,0.0,0.0,68606.0,18386494.0,0.0,0.0,79748.0,0.0,0.0,0.0,0.0
2023-03-20 18:30:08.416000+00:00,12361728.0,35295232.0,40824832.0,40820736.0,14.2,1.150876329,61.87,14098462.0,0.0,0.0,68719.0,18447451.0,0.0,0.0,79885.0,0.0,0.0,0.0,0.0
2023-03-20 18:30:14.115000+00:00,12361728.0,35328000.0,40280064.0,40275968.0,14.25,1.151832302,62.08,14204282.0,0.0,0.0,68903.0,18560060.0,0.0,0.0,80109.0,0.0,0.0,0.0,0.0
2023-03-20 18:30:19.678000+00:00,12361728.0,35328000.0,40280064.0,41123840.0,14.28,1.152129897,62.18,14307957.0,0.0,0.0,69072.0,18667159.0,0.0,0.0,80304.0,0.0,0.0,0.0,0.0
2023-03-20 18:30:23.154000+00:00,12361728.0,35733504.0,40677376.0,40673280.0,14.29,1.152308236,62.21,14317194.0,0.0,0.0,69146.0,18682978.0,0.0,0.0,80389.0,0.0,0.0,0.0,0.0
2023-03-20 18:30:29.131000+00:00,12595200.0,35561472.0,40665088.0,40660992.0,14.31,1.152989802,62.31,14341068.0,0.0,0.0,69307.0,18711314.0,0.0,0.0,80571.0,0.0,0.0,0.0,0.0
2023-03-20 18:30:34.252000+00:00,12595200.0,35979264.0,41000960.0,40996864.0,14.33,1.18487013,62.48,14402615.0,0.0,0.0,69463.0,18777198.0,0.0,0.0,80749.0,0.0,0.0,0.0,0.0
2023-03-20 18:30:38.779000+00:00,12595200.0,35979264.0,41000960.0,41238528.0,14.34,1.185110869,62.53,14463657.0,0.0,0.0,69591.0,18844439.0,0.0,0.0,80901.0,0.0,0.0,0.0,0.0
2023-03-20 18:30:43.627000+00:00,12595200.0,36233216.0,41283584.0,41279488.0,14.37,1.186176109,62.66,14568025.0,0.0,0.0,69752.0,18954148.0,0.0,0.0,81102.0,0.0,0.0,0.0,0.0
2023-03-20 18:30:48.669000+00:00,12595200.0,35622912.0,40722432.0,40718336.0,14.37,1.186882023,62.7,14627210.0,0.0,0.0,69872.0,19016556.0,0.0,0.0,81233.0,0.0,0.0,0.0,0.0
2023-03-20 18:30:54.662000+00:00,12595200.0,36397056.0,41480192.0,41476096.0,14.41,1.186882023,62.82,14639564.0,0.0,0.0,69960.0,19034327.0,0.0,0.0,81332.0,0.0,0.0,0.0,0.0
2023-03-20 18:30:59.233000+00:00,12595200.0,36089856.0,41054208.0,41050112.0,14.41,1.186920686,62.84,14645096.0,0.0,0.0,69998.0,19043735.0,0.0,0.0,81373.0,0.0,0.0,0.0,0.0
2023-03-20 18:31:03.846000+00:00,12595200.0,36298752.0,41504768.0,41500672.0,14.45,1.19233242,62.94,14697859.0,0.0,0.0,70078.0,19100097.0,0.0,0.0,81461.0,0.0,0.0,0.0,0.0
2023-03-20 18:31:09.370000+00:00,12595200.0,36298752.0,41504768.0,41349120.0,14.5,1.223321615,63.16,14770747.0,0.0,0.0,70304.0,19178411.0,0.0,0.0,81713.0,0.0,0.0,0.0,0.0
2023-03-20 18:31:13.805000+00:00,12595200.0,36159488.0,41246720.0,41242624.0,14.53,1.223366743,63.25,14784662.0,0.0,0.0,70389.0,19198118.0,0.0,0.0,81818.0,0.0,0.0,0.0,0.0
2023-03-20 18:31:19.553000+00:00,12595200.0,36159488.0,41246720.0,41242624.0,14.54,1.237571789,63.34,14784662.0,0.0,0.0,70467.0,19214733.0,0.0,0.0,81907.0,0.0,0.0,0.0,0.0
2023-03-20 18:31:23.906000+00:00,12595200.0,37068800.0,42291200.0,42287104.0,14.56,1.23760854,63.44,14809566.0,0.0,0.0,70550.0,19233701.0,0.0,0.0,82000.0,0.0,0.0,0.0,0.0
2023-03-20 18:31:28.172000+00:00,12816384.0,37076992.0,42205184.0,42201088.0,14.56,1.237652068,63.49,14865481.0,0.0,0.0,70657.0,19295561.0,0.0,0.0,82133.0,0.0,0.0,0.0,0.0
2023-03-20 18:31:34.695000+00:00,12816384.0,36638720.0,41734144.0,41730048.0,14.58,1.238552345,63.64,14889997.0,0.0,0.0,70824.0,19327126.0,0.0,0.0,82328.0,0.0,0.0,0.0,0.0
2023-03-20 18:31:38.518000+00:00,12816384.0,37249024.0,42295296.0,42291200.0,14.58,1.238552345,63.64,14902682.0,0.0,0.0,70905.0,19345549.0,0.0,0.0,82424.0,0.0,0.0,0.0,0.0
2023-03-20 18:31:43.856000+00:00,12816384.0,36913152.0,42037248.0,42033152.0,14.63,1.240214128,63.78,15008262.0,0.0,0.0,71054.0,19414045.0,0.0,0.0,82600.0,0.0,0.0,0.0,0.0
2023-03-20 18:31:49.676000+00:00,12816384.0,36913152.0,42037248.0,42033152.0,14.64,1.240851651,63.82,15008262.0,0.0,0.0,71217.0,19492919.0,0.0,0.0,82808.0,0.0,0.0,0.0,0.0
2023-03-20 18:31:53.999000+00:00,12816384.0,36691968.0,41820160.0,41816064.0,14.68,1.242738467,63.92,15095454.0,0.0,0.0,71337.0,19556400.0,0.0,0.0,82950.0,0.0,0.0,0.0,0.0
2023-03-20 18:31:58.206000+00:00,12816384.0,37085184.0,42119168.0,42115072.0,14.69,1.242738467,63.94,15101460.0,0.0,0.0,71378.0,19568759.0,0.0,0.0,82999.0,0.0,0.0,0.0,0.0
2023-03-20 18:32:04.722000+00:00,12816384.0,36937728.0,42033152.0,42029056.0,14.7,1.243141038,64.04,15113283.0,0.0,0.0,71455.0,19585538.0,0.0,0.0,83083.0,0.0,0.0,0.0,0.0
2023-03-20 18:32:09.390000+00:00,12816384.0,36937728.0,42033152.0,42029056.0,14.71,1.243173821,64.06,15113283.0,0.0,0.0,71455.0,19585538.0,0.0,0.0,83196.0,0.0,0.0,0.0,0.0
2023-03-20 18:32:14.462000+00:00,12816384.0,36646912.0,42008576.0,42004480.0,14.72,1.243364042,64.16,15177380.0,0.0,0.0,71610.0,19662534.0,0.0,0.0,83274.0,0.0,0.0,0.0,0.0
2023-03-20 18:32:19.402000+00:00,12816384.0,36646912.0,42008576.0,42098688.0,14.73,1.244420817,64.16,15240417.0,0.0,0.0,71737.0,19727166.0,0.0,0.0,83416.0,0.0,0.0,0.0,0.0
2023-03-20 18:32:24.647000+00:00,13049856.0,36986880.0,42156032.0,42151936.0,14.76,1.245790086,64.36,15311849.0,0.0,0.0,71946.0,19803951.0,0.0,0.0,83655.0,0.0,0.0,0.0,0.0
2023-03-20 18:32:29.168000+00:00,13049856.0,36986880.0,42156032.0,42151936.0,14.76,1.245790086,64.43,15311849.0,0.0,0.0,71946.0,19803951.0,0.0,0.0,83655.0,0.0,0.0,0.0,0.0
2023-03-20 18:32:33.763000+00:00,13049856.0,36671488.0,42278912.0,42274816.0,14.81,1.245790086,64.54,15435257.0,0.0,0.0,72210.0,19935150.0,0.0,0.0,83956.0,0.0,0.0,0.0,0.0
2023-03-20 18:32:38.793000+00:00,13049856.0,36655104.0,41766912.0,41762816.0,14.81,1.245790086,64.56,15450626.0,0.0,0.0,72311.0,19958556.0,0.0,0.0,84080.0,0.0,0.0,0.0,0.0
2023-03-20 18:32:44.748000+00:00,13049856.0,36974592.0,42172416.0,42168320.0,14.85,1.245790086,64.69,15472099.0,0.0,0.0,72440.0,19983810.0,0.0,0.0,84231.0,0.0,0.0,0.0,0.0
2023-03-20 18:32:48.688000+00:00,13049856.0,36974592.0,42098688.0,42094592.0,14.87,1.245790086,64.74,15489113.0,0.0,0.0,72560.0,20009699.0,0.0,0.0,84368.0,0.0,0.0,0.0,0.0
2023-03-20 18:32:53.485000+00:00,13049856.0,37179392.0,42246144.0,42242048.0,14.88,1.245790086,64.79,15506220.0,0.0,0.0,72672.0,20031894.0,0.0,0.0,84497.0,0.0,0.0,0.0,0.0
2023-03-20 18:32:58.741000+00:00,13049856.0,37179392.0,42246144.0,42242048.0,14.9,1.245790086,64.96,15506220.0,0.0,0.0,72672.0,20031894.0,0.0,0.0,84497.0,0.0,0.0,0.0,0.0
2023-03-20 18:33:03.196000+00:00,13049856.0,36564992.0,41766912.0,41762816.0,14.92,1.245790086,65.0,15682704.0,0.0,0.0,72989.0,20220852.0,0.0,0.0,84878.0,0.0,0.0,0.0,0.0
2023-03-20 18:33:08.534000+00:00,13049856.0,36564992.0,41766912.0,41762816.0,14.94,1.245790086,65.1,15682704.0,0.0,0.0,73059.0,20239156.0,0.0,0.0,84961.0,0.0,0.0,0.0,0.0
2023-03-20 18:33:14.740000+00:00,13049856.0,36642816.0,41693184.0,41689088.0,14.95,1.245790086,65.15,15716792.0,0.0,0.0,73189.0,20265505.0,0.0,0.0,85104.0,0.0,0.0,0.0,0.0
2023-03-20 18:33:19.156000+00:00,13049856.0,36642816.0,41971712.0,41967616.0,14.98,1.245790086,65.15,15774680.0,0.0,0.0,73287.0,20330456.0,0.0,0.0,85234.0,0.0,0.0,0.0,0.0
2023-03-20 18:33:23.486000+00:00,13049856.0,36843520.0,41828352.0,41824256.0,14.98,1.245790086,65.27,15832610.0,0.0,0.0,73377.0,20347215.0,0.0,0.0,85331.0,0.0,0.0,0.0,0.0
2023-03-20 18:33:29.428000+00:00,13291520.0,36843520.0,41828352.0,41824256.0,15.0,1.247337243,65.42,15832610.0,0.0,0.0,73377.0,20347215.0,0.0,0.0,85331.0,0.0,0.0,0.0,0.0
2023-03-20 18:33:34.244000+00:00,13291520.0,36638720.0,41631744.0,41627648.0,15.0,1.248572354,65.48,15964607.0,0.0,0.0,73695.0,20532955.0,0.0,0.0,85704.0,0.0,0.0,0.0,0.0
2023-03-20 18:33:37.987000+00:00,13291520.0,36638720.0,41631744.0,41680896.0,15.05,1.248860965,65.56,15976774.0,0.0,0.0,73774.0,20550702.0,0.0,0.0,85804.0,0.0,0.0,0.0,0.0
2023-03-20 18:33:44.087000+00:00,13291520.0,36749312.0,41717760.0,41713664.0,15.07,1.249160668,65.62,16038347.0,0.0,0.0,73892.0,20616978.0,0.0,0.0,85939.0,0.0,0.0,0.0,0.0
2023-03-20 18:33:49.165000+00:00,13291520.0,36708352.0,41779200.0,41775104.0,15.08,1.249653949,65.72,16050750.0,0.0,0.0,73978.0,20634568.0,0.0,0.0,86037.0,0.0,0.0,0.0,0.0
2023-03-20 18:33:53.797000+00:00,13291520.0,36655104.0,41623552.0,41619456.0,15.08,1.24968614,65.76,16063337.0,0.0,0.0,74079.0,20652950.0,0.0,0.0,86149.0,0.0,0.0,0.0,0.0
2023-03-20 18:33:59.911000+00:00,13291520.0,36655104.0,41623552.0,41619456.0,15.1,1.249721645,65.89,16063337.0,0.0,0.0,74079.0,20652950.0,0.0,0.0,86149.0,0.0,0.0,0.0,0.0
2023-03-20 18:34:04.813000+00:00,13291520.0,36405248.0,41435136.0,41431040.0,15.1,1.25041875,65.93,16089917.0,0.0,0.0,74255.0,20690154.0,0.0,0.0,86355.0,0.0,0.0,0.0,0.0
2023-03-20 18:34:08.916000+00:00,13291520.0,36405248.0,41435136.0,42180608.0,15.12,1.252069085,65.93,16098744.0,0.0,0.0,74310.0,20703363.0,0.0,0.0,86416.0,0.0,0.0,0.0,0.0
2023-03-20 18:34:13.760000+00:00,13291520.0,36683776.0,41775104.0,41771008.0,15.12,1.252263549,66.04,16106176.0,0.0,0.0,74371.0,20717561.0,0.0,0.0,86488.0,0.0,0.0,0.0,0.0
2023-03-20 18:34:19.623000+00:00,13291520.0,36683776.0,41775104.0,41771008.0,15.14,1.252302834,66.13,16106176.0,0.0,0.0,74371.0,20717561.0,0.0,0.0,86569.0,0.0,0.0,0.0,0.0
2023-03-20 18:34:24.237000+00:00,13475840.0,36929536.0,41967616.0,41963520.0,15.15,1.252302834,66.14,16123631.0,0.0,0.0,74491.0,20746975.0,0.0,0.0,86632.0,0.0,0.0,0.0,0.0
2023-03-20 18:34:28.706000+00:00,13475840.0,36929536.0,41967616.0,41963520.0,15.18,1.252484197,66.24,16123631.0,0.0,0.0,74491.0,20746975.0,0.0,0.0,86632.0,0.0,0.0,0.0,0.0
2023-03-20 18:34:33.795000+00:00,13475840.0,36986880.0,41967616.0,41963520.0,15.19,1.252736883,66.27,16197463.0,0.0,0.0,74687.0,20832584.0,0.0,0.0,86860.0,0.0,0.0,0.0,0.0
2023-03-20 18:34:39.753000+00:00,13475840.0,36581376.0,42090496.0,42086400.0,15.26,1.255667095,66.4,16263628.0,0.0,0.0,74843.0,20906540.0,0.0,0.0,87049.0,0.0,0.0,0.0,0.0
2023-03-20 18:34:44.790000+00:00,13475840.0,36671488.0,41705472.0,41701376.0,15.26,1.255667095,66.44,16280536.0,0.0,0.0,74943.0,20928831.0,0.0,0.0,87168.0,0.0,0.0,0.0,0.0
2023-03-20 18:34:49.374000+00:00,13475840.0,36671488.0,41705472.0,41701376.0,15.28,1.255667095,66.54,16280536.0,0.0,0.0,74990.0,20940296.0,0.0,0.0,87224.0,0.0,0.0,0.0,0.0
2023-03-20 18:34:54.918000+00:00,13475840.0,36995072.0,41963520.0,41959424.0,15.29,1.255667095,66.56,16299175.0,0.0,0.0,75069.0,20957969.0,0.0,0.0,87316.0,0.0,0.0,0.0,0.0
2023-03-20 18:34:59.745000+00:00,13475840.0,37007360.0,42291200.0,42287104.0,15.31,1.255667095,66.73,16359763.0,0.0,0.0,75168.0,20978211.0,0.0,0.0,87430.0,0.0,0.0,0.0,0.0
2023-03-20 18:35:03.844000+00:00,13475840.0,37040128.0,42131456.0,42127360.0,15.31,1.255667095,66.76,16413997.0,0.0,0.0,75249.0,21079461.0,0.0,0.0,87520.0,0.0,0.0,0.0,0.0
2023-03-20 18:35:09.918000+00:00,13475840.0,37040128.0,41975808.0,41971712.0,15.35,1.328553543,66.84,16424379.0,0.0,0.0,75325.0,21095651.0,0.0,0.0,87608.0,0.0,0.0,0.0,0.0
2023-03-20 18:35:13.657000+00:00,13475840.0,36626432.0,41857024.0,41852928.0,15.36,1.328666464,66.86,16434813.0,0.0,0.0,75399.0,21112012.0,0.0,0.0,87695.0,0.0,0.0,0.0,0.0
2023-03-20 18:35:18.199000+00:00,13475840.0,36626432.0,41857024.0,41852928.0,15.38,1.329282892,66.9,16434813.0,0.0,0.0,75482.0,21128933.0,0.0,0.0,87787.0,0.0,0.0,0.0,0.0
2023-03-20 18:35:24.223000+00:00,13660160.0,36765696.0,42029056.0,42024960.0,15.4,1.329408808,67.0,16464781.0,0.0,0.0,75600.0,21152830.0,0.0,0.0,87927.0,0.0,0.0,0.0,0.0
2023-03-20 18:35:28.893000+00:00,13660160.0,36765696.0,42029056.0,42024960.0,15.4,1.330214335,67.03,16464781.0,0.0,0.0,75600.0,21152830.0,0.0,0.0,87927.0,0.0,0.0,0.0,0.0
2023-03-20 18:35:34.311000+00:00,13660160.0,37208064.0,42319872.0,42315776.0,15.42,1.330214335,67.12,16486576.0,0.0,0.0,75747.0,21185022.0,0.0,0.0,88093.0,0.0,0.0,0.0,0.0
2023-03-20 18:35:39.003000+00:00,13660160.0,37208064.0,42319872.0,42315776.0,15.42,1.330637382,67.16,16486576.0,0.0,0.0,75747.0,21185022.0,0.0,0.0,88213.0,0.0,0.0,0.0,0.0
2023-03-20 18:35:44.546000+00:00,13660160.0,36708352.0,41750528.0,41746432.0,15.49,1.331708245,67.28,16521468.0,0.0,0.0,75985.0,21234127.0,0.0,0.0,88379.0,0.0,0.0,0.0,0.0
2023-03-20 18:35:48.254000+00:00,13660160.0,36708352.0,41750528.0,41861120.0,15.49,1.331708245,67.28,16523791.0,0.0,0.0,76005.0,21241021.0,0.0,0.0,88399.0,0.0,0.0,0.0,0.0
2023-03-20 18:35:54.403000+00:00,13660160.0,37072896.0,42287104.0,42283008.0,15.53,1.334834581,67.39,16542760.0,0.0,0.0,76135.0,21265838.0,0.0,0.0,88543.0,0.0,0.0,0.0,0.0
2023-03-20 18:35:59.143000+00:00,13660160.0,37072896.0,42287104.0,42283008.0,15.53,1.335131762,67.42,16542760.0,0.0,0.0,76135.0,21265838.0,0.0,0.0,88543.0,0.0,0.0,0.0,0.0
2023-03-20 18:36:04.356000+00:00,13660160.0,36745216.0,41861120.0,41857024.0,15.56,1.335526624,67.5,16566729.0,0.0,0.0,76288.0,21300922.0,0.0,0.0,88725.0,0.0,0.0,0.0,0.0
2023-03-20 18:36:08.700000+00:00,13660160.0,36745216.0,41861120.0,41857024.0,15.56,1.335526624,67.51,16566729.0,0.0,0.0,76323.0,21311228.0,0.0,0.0,88770.0,0.0,0.0,0.0,0.0
2023-03-20 18:36:14.806000+00:00,13660160.0,37117952.0,42348544.0,42344448.0,15.6,1.336021691,67.58,16584488.0,0.0,0.0,76414.0,21329648.0,0.0,0.0,88872.0,0.0,0.0,0.0,0.0
2023-03-20 18:36:19.682000+00:00,13660160.0,36835328.0,41877504.0,41873408.0,15.61,1.336296378,67.61,16592433.0,0.0,0.0,76467.0,21343653.0,0.0,0.0,88937.0,0.0,0.0,0.0,0.0
2023-03-20 18:36:23.857000+00:00,13660160.0,36503552.0,41635840.0,41631744.0,15.66,1.362703732,67.82,16601181.0,0.0,0.0,76530.0,21357421.0,0.0,0.0,89005.0,0.0,0.0,0.0,0.0
2023-03-20 18:36:29.603000+00:00,13836288.0,36503552.0,41635840.0,41631744.0,15.67,1.363193115,67.89,16601181.0,0.0,0.0,76530.0,21357421.0,0.0,0.0,89005.0,0.0,0.0,0.0,0.0
2023-03-20 18:36:34.612000+00:00,13836288.0,37322752.0,42528768.0,42524672.0,15.69,1.363193115,67.98,16629131.0,0.0,0.0,76709.0,21397059.0,0.0,0.0,89212.0,0.0,0.0,0.0,0.0
2023-03-20 18:36:38.852000+00:00,13836288.0,37322752.0,42528768.0,42229760.0,15.7,1.363489746,68.01,16641487.0,0.0,0.0,76792.0,21414933.0,0.0,0.0,89313.0,0.0,0.0,0.0,0.0
2023-03-20 18:36:43.807000+00:00,13836288.0,36900864.0,42082304.0,42078208.0,15.74,1.363559437,68.08,16647376.0,0.0,0.0,76833.0,21425822.0,0.0,0.0,89358.0,0.0,0.0,0.0,0.0
2023-03-20 18:36:48.630000+00:00,13836288.0,37068800.0,42049536.0,42045440.0,15.76,1.363559437,68.12,16664943.0,0.0,0.0,76953.0,21449542.0,0.0,0.0,89492.0,0.0,0.0,0.0,0.0
2023-03-20 18:36:54.774000+00:00,13836288.0,37384192.0,42774528.0,42770432.0,15.77,1.363926734,68.23,16730744.0,0.0,0.0,77080.0,21521497.0,0.0,0.0,89650.0,0.0,0.0,0.0,0.0
2023-03-20 18:36:58.624000+00:00,13836288.0,37384192.0,42774528.0,42770432.0,15.78,1.364194223,68.26,16730744.0,0.0,0.0,77080.0,21521497.0,0.0,0.0,89650.0,0.0,0.0,0.0,0.0
2023-03-20 18:37:03.195000+00:00,13836288.0,37208064.0,42250240.0,42246144.0,15.79,1.364231676,68.29,16801531.0,0.0,0.0,77255.0,21600139.0,0.0,0.0,89847.0,0.0,0.0,0.0,0.0
2023-03-20 18:37:09.776000+00:00,13836288.0,37208064.0,42250240.0,42057728.0,15.82,1.364803397,68.38,16813413.0,0.0,0.0,77331.0,21618172.0,0.0,0.0,89940.0,0.0,0.0,0.0,0.0
2023-03-20 18:37:14.161000+00:00,13836288.0,36892672.0,41873408.0,41869312.0,15.83,1.365217692,68.44,16828794.0,0.0,0.0,77433.0,21639169.0,0.0,0.0,90052.0,0.0,0.0,0.0,0.0
2023-03-20 18:37:18.985000+00:00,13836288.0,36892672.0,41873408.0,41869312.0,15.85,1.365387684,68.53,16828794.0,0.0,0.0,77433.0,21639169.0,0.0,0.0,90142.0,0.0,0.0,0.0,0.0
2023-03-20 18:37:24.202000+00:00,14020608.0,36777984.0,41779200.0,41775104.0,15.86,1.365425829,68.56,16901116.0,0.0,0.0,77603.0,21719073.0,0.0,0.0,90249.0,0.0,0.0,0.0,0.0
2023-03-20 18:37:29.659000+00:00,14020608.0,36777984.0,41779200.0,41775104.0,15.88,1.365773521,68.56,16901116.0,0.0,0.0,77603.0,21719073.0,0.0,0.0,90249.0,0.0,0.0,0.0,0.0
2023-03-20 18:37:34.033000+00:00,14020608.0,37240832.0,42270720.0,42266624.0,15.88,1.365773521,68.69,16922099.0,0.0,0.0,77734.0,21751090.0,0.0,0.0,90400.0,0.0,0.0,0.0,0.0
2023-03-20 18:37:38.893000+00:00,14020608.0,36614144.0,41959424.0,41955328.0,15.92,1.366072252,68.69,16941345.0,0.0,0.0,77853.0,21775283.0,0.0,0.0,90534.0,0.0,0.0,0.0,0.0
2023-03-20 18:37:44.728000+00:00,14020608.0,36941824.0,41951232.0,41947136.0,15.94,1.366696997,68.87,16958374.0,0.0,0.0,77966.0,21799015.0,0.0,0.0,90668.0,0.0,0.0,0.0,0.0
2023-03-20 18:37:49.289000+00:00,14020608.0,36913152.0,42016768.0,42012672.0,15.97,1.36694625,68.98,16971566.0,0.0,0.0,78065.0,21818608.0,0.0,0.0,90780.0,0.0,0.0,0.0,0.0
2023-03-20 18:37:54.173000+00:00,14020608.0,37568512.0,42569728.0,42565632.0,15.98,1.36694625,69.01,16984284.0,0.0,0.0,78142.0,21835008.0,0.0,0.0,90870.0,0.0,0.0,0.0,0.0
2023-03-20 18:37:59.125000+00:00,14020608.0,37568512.0,42217472.0,42213376.0,16.0,1.380332746,69.11,16995157.0,0.0,0.0,78217.0,21851840.0,0.0,0.0,90958.0,0.0,0.0,0.0,0.0
2023-03-20 18:38:04.068000+00:00,14020608.0,36925440.0,41971712.0,41967616.0,16.01,1.380667521,69.14,17002968.0,0.0,0.0,78281.0,21866004.0,0.0,0.0,91035.0,0.0,0.0,0.0,0.0
2023-03-20 18:38:08.634000+00:00,14020608.0,36925440.0,42303488.0,42299392.0,16.03,1.380717468,69.26,17068583.0,0.0,0.0,78415.0,21940135.0,0.0,0.0,91203.0,0.0,0.0,0.0,0.0
2023-03-20 18:38:14.744000+00:00,14020608.0,37007360.0,42070016.0,42065920.0,16.03,1.381128862,69.3,17078120.0,0.0,0.0,78484.0,21955270.0,0.0,0.0,91284.0,0.0,0.0,0.0,0.0
2023-03-20 18:38:19.091000+00:00,14020608.0,37007360.0,42070016.0,41910272.0,16.06,1.381310193,69.38,17087193.0,0.0,0.0,78547.0,21970053.0,0.0,0.0,91358.0,0.0,0.0,0.0,0.0
2023-03-20 18:38:24.191000+00:00,14204928.0,37203968.0,42270720.0,42266624.0,16.06,1.381310193,69.39,17094418.0,0.0,0.0,78593.0,21982555.0,0.0,0.0,91410.0,0.0,0.0,0.0,0.0
2023-03-20 18:38:29.765000+00:00,14204928.0,37203968.0,42270720.0,42266624.0,16.09,1.426905717,69.54,17094418.0,0.0,0.0,78593.0,21982555.0,0.0,0.0,91410.0,0.0,0.0,0.0,0.0
2023-03-20 18:38:34.495000+00:00,14204928.0,36958208.0,41992192.0,41988096.0,16.1,1.42694029,69.58,17217740.0,0.0,0.0,78806.0,22118142.0,0.0,0.0,91671.0,0.0,0.0,0.0,0.0
2023-03-20 18:38:38.923000+00:00,14204928.0,37068800.0,42110976.0,42106880.0,16.12,1.430187645,69.65,17276977.0,0.0,0.0,78893.0,22148699.0,0.0,0.0,91768.0,0.0,0.0,0.0,0.0
2023-03-20 18:38:43.962000+00:00,14204928.0,37044224.0,42024960.0,42020864.0,16.14,1.430268255,69.7,17289913.0,0.0,0.0,78997.0,22199998.0,0.0,0.0,91889.0,0.0,0.0,0.0,0.0
2023-03-20 18:38:49.246000+00:00,14204928.0,37044224.0,42045440.0,42041344.0,16.16,1.430491334,69.7,17299551.0,0.0,0.0,79072.0,22215447.0,0.0,0.0,91976.0,0.0,0.0,0.0,0.0
2023-03-20 18:38:54.684000+00:00,14204928.0,37142528.0,42246144.0,42242048.0,16.16,1.430538123,69.82,17412165.0,0.0,0.0,79217.0,22332312.0,0.0,0.0,92151.0,0.0,0.0,0.0,0.0
2023-03-20 18:38:59.220000+00:00,14204928.0,37142528.0,42246144.0,42242048.0,16.18,1.43098588,69.92,17412165.0,0.0,0.0,79217.0,22332312.0,0.0,0.0,92151.0,0.0,0.0,0.0,0.0
2023-03-20 18:39:04.670000+00:00,14204928.0,37216256.0,42258432.0,42254336.0,16.19,1.43126028,69.95,17490236.0,0.0,0.0,79413.0,22416817.0,0.0,0.0,92369.0,0.0,0.0,0.0,0.0
2023-03-20 18:39:09.824000+00:00,14204928.0,37216256.0,42258432.0,42254336.0,16.21,1.43126028,70.08,17490236.0,0.0,0.0,79555.0,22492199.0,0.0,0.0,92546.0,0.0,0.0,0.0,0.0
2023-03-20 18:39:14.854000+00:00,14204928.0,37625856.0,42807296.0,42803200.0,16.22,1.43126028,70.1,17573990.0,0.0,0.0,79652.0,22514533.0,0.0,0.0,92665.0,0.0,0.0,0.0,0.0
2023-03-20 18:39:18.031000+00:00,14204928.0,37625856.0,42590208.0,42586112.0,16.23,1.43126028,70.16,17585809.0,0.0,0.0,79731.0,22531816.0,0.0,0.0,92752.0,0.0,0.0,0.0,0.0
2023-03-20 18:39:23.464000+00:00,14204928.0,37335040.0,42311680.0,42307584.0,16.25,1.43126028,70.26,17595967.0,0.0,0.0,79800.0,22547952.0,0.0,0.0,92835.0,0.0,0.0,0.0,0.0
2023-03-20 18:39:28.632000+00:00,14204928.0,37335040.0,42577920.0,42573824.0,16.26,1.43126028,70.28,17599102.0,0.0,0.0,79824.0,22555904.0,0.0,0.0,92863.0,0.0,0.0,0.0,0.0
2023-03-20 18:39:33.665000+00:00,14397440.0,37261312.0,42369024.0,42364928.0,16.29,1.43126028,70.38,17711999.0,0.0,0.0,79953.0,22621759.0,0.0,0.0,93001.0,0.0,0.0,0.0,0.0
2023-03-20 18:39:39.634000+00:00,14397440.0,37261312.0,42369024.0,42364928.0,16.32,1.433997735,70.5,17785551.0,0.0,0.0,80132.0,22748242.0,0.0,0.0,93208.0,0.0,0.0,0.0,0.0
2023-03-20 18:39:43.694000+00:00,14397440.0,37023744.0,42164224.0,42160128.0,16.37,1.433997735,70.58,17803172.0,0.0,0.0,80234.0,22771766.0,0.0,0.0,93328.0,0.0,0.0,0.0,0.0
2023-03-20 18:39:48.751000+00:00,14397440.0,37023744.0,42164224.0,42160128.0,16.37,1.433997735,70.61,17803172.0,0.0,0.0,80234.0,22771766.0,0.0,0.0,93328.0,0.0,0.0,0.0,0.0
2023-03-20 18:39:54.406000+00:00,14397440.0,37027840.0,42217472.0,42213376.0,16.39,1.433997735,70.73,17881691.0,0.0,0.0,80423.0,22811202.0,0.0,0.0,93542.0,0.0,0.0,0.0,0.0
2023-03-20 18:39:58.043000+00:00,14397440.0,37494784.0,42704896.0,42700800.0,16.39,1.433997735,70.76,17889005.0,0.0,0.0,80481.0,22875049.0,0.0,0.0,93622.0,0.0,0.0,0.0,0.0
2023-03-20 18:40:03.973000+00:00,14397440.0,37466112.0,42516480.0,42512384.0,16.41,1.434060569,70.84,17902323.0,0.0,0.0,80574.0,22893640.0,0.0,0.0,93730.0,0.0,0.0,0.0,0.0
2023-03-20 18:40:09.002000+00:00,14397440.0,37466112.0,42594304.0,42590208.0,16.42,1.434060569,70.84,17965117.0,0.0,0.0,80686.0,22960001.0,0.0,0.0,93857.0,0.0,0.0,0.0,0.0
2023-03-20 18:40:14.763000+00:00,14397440.0,37335040.0,42418176.0,42414080.0,16.45,1.434528983,70.99,17977212.0,0.0,0.0,80757.0,22978434.0,0.0,0.0,93941.0,0.0,0.0,0.0,0.0
2023-03-20 18:40:19.709000+00:00,14397440.0,37109760.0,42090496.0,42086400.0,16.46,1.434528983,71.02,17987845.0,0.0,0.0,80818.0,22993909.0,0.0,0.0,94012.0,0.0,0.0,0.0,0.0
2023-03-20 18:40:24.500000+00:00,14569472.0,37683200.0,42700800.0,42696704.0,16.46,1.434528983,71.1,17995811.0,0.0,0.0,80875.0,23006224.0,0.0,0.0,94077.0,0.0,0.0,0.0,0.0
2023-03-20 18:40:29.760000+00:00,14569472.0,36974592.0,42094592.0,42090496.0,16.47,1.43458181,71.15,18013816.0,0.0,0.0,80997.0,23030066.0,0.0,0.0,94214.0,0.0,0.0,0.0,0.0
2023-03-20 18:40:33.895000+00:00,14569472.0,37277696.0,42291200.0,42287104.0,16.5,1.43458181,71.23,18125696.0,0.0,0.0,81109.0,23095022.0,0.0,0.0,94338.0,0.0,0.0,0.0,0.0
2023-03-20 18:40:39.581000+00:00,14569472.0,37277696.0,41992192.0,41988096.0,16.5,1.43458181,71.23,18138266.0,0.0,0.0,81192.0,23159947.0,0.0,0.0,94434.0,0.0,0.0,0.0,0.0
2023-03-20 18:40:43.186000+00:00,14569472.0,37466112.0,42598400.0,42594304.0,16.54,1.43458181,71.34,18142363.0,0.0,0.0,81229.0,23169414.0,0.0,0.0,94477.0,0.0,0.0,0.0,0.0
2023-03-20 18:40:48.933000+00:00,14569472.0,37466112.0,42598400.0,42594304.0,16.54,1.43464589,71.34,18142363.0,0.0,0.0,81229.0,23192196.0,0.0,0.0,94609.0,0.0,0.0,0.0,0.0
2023-03-20 18:40:53.929000+00:00,14569472.0,37527552.0,42536960.0,42532864.0,16.57,1.43464589,71.48,18173513.0,0.0,0.0,81431.0,23211293.0,0.0,0.0,94711.0,0.0,0.0,0.0,0.0
2023-03-20 18:40:59.807000+00:00,14569472.0,37527552.0,42520576.0,42516480.0,16.59,1.43464589,71.59,18186979.0,0.0,0.0,81527.0,23231699.0,0.0,0.0,94829.0,0.0,0.0,0.0,0.0
2023-03-20 18:41:03.521000+00:00,14569472.0,37376000.0,42393600.0,42389504.0,16.62,1.43464589,71.69,18198265.0,0.0,0.0,81608.0,23250084.0,0.0,0.0,94922.0,0.0,0.0,0.0,0.0
2023-03-20 18:41:08.461000+00:00,14569472.0,37097472.0,42082304.0,42078208.0,16.62,1.434708236,71.73,18211278.0,0.0,0.0,81679.0,23268227.0,0.0,0.0,95006.0,0.0,0.0,0.0,0.0
2023-03-20 18:41:14.716000+00:00,14569472.0,37363712.0,42422272.0,42418176.0,16.64,1.434708236,71.86,18226125.0,0.0,0.0,81783.0,23288940.0,0.0,0.0,95128.0,0.0,0.0,0.0,0.0
2023-03-20 18:41:19.581000+00:00,14569472.0,37363712.0,42352640.0,42348544.0,16.65,1.434708236,71.91,18238834.0,0.0,0.0,81869.0,23306865.0,0.0,0.0,95225.0,0.0,0.0,0.0,0.0
2023-03-20 18:41:23.462000+00:00,14569472.0,37810176.0,42807296.0,42803200.0,16.68,1.434708236,71.99,18247249.0,0.0,0.0,81932.0,23320952.0,0.0,0.0,95296.0,0.0,0.0,0.0,0.0
2023-03-20 18:41:29.589000+00:00,14761984.0,37376000.0,42426368.0,42422272.0,16.69,1.434752336,72.06,18268054.0,0.0,0.0,82085.0,23350555.0,0.0,0.0,95488.0,0.0,0.0,0.0,0.0
2023-03-20 18:41:33.328000+00:00,14761984.0,37863424.0,43192320.0,43188224.0,16.71,1.434752336,72.13,18274719.0,0.0,0.0,82137.0,23363526.0,0.0,0.0,95552.0,0.0,0.0,0.0,0.0
2023-03-20 18:41:39.689000+00:00,14761984.0,37863424.0,43192320.0,43188224.0,16.71,1.434752336,72.14,18274719.0,0.0,0.0,82137.0,23363526.0,0.0,0.0,95593.0,0.0,0.0,0.0,0.0
2023-03-20 18:41:43.660000+00:00,14761984.0,37609472.0,42729472.0,42725376.0,16.74,1.437063689,72.22,18281793.0,0.0,0.0,82184.0,23380603.0,0.0,0.0,95609.0,0.0,0.0,0.0,0.0
2023-03-20 18:41:48.583000+00:00,14761984.0,37609472.0,42319872.0,42315776.0,16.74,1.437063689,72.23,18288186.0,0.0,0.0,82230.0,23392081.0,0.0,0.0,95662.0,0.0,0.0,0.0,0.0
2023-03-20 18:41:54.891000+00:00,14761984.0,37662720.0,42725376.0,42721280.0,16.76,1.437063689,72.3,18294585.0,0.0,0.0,82274.0,23403896.0,0.0,0.0,95711.0,0.0,0.0,0.0,0.0
2023-03-20 18:41:58.833000+00:00,14761984.0,37568512.0,42676224.0,42672128.0,16.76,1.437063689,72.34,18354313.0,0.0,0.0,82353.0,23459512.0,0.0,0.0,95816.0,0.0,0.0,0.0,0.0
2023-03-20 18:42:04.510000+00:00,14761984.0,37748736.0,42926080.0,42921984.0,16.8,1.437125798,72.44,18370379.0,0.0,0.0,82468.0,23491978.0,0.0,0.0,95949.0,0.0,0.0,0.0,0.0
2023-03-20 18:42:09.066000+00:00,14761984.0,37748736.0,42926080.0,42590208.0,16.8,1.437125798,72.46,18380507.0,0.0,0.0,82544.0,23508657.0,0.0,0.0,96041.0,0.0,0.0,0.0,0.0
2023-03-20 18:42:13.980000+00:00,14761984.0,37281792.0,42348544.0,42344448.0,16.81,1.437125798,72.48,18388370.0,0.0,0.0,82600.0,23520592.0,0.0,0.0,96104.0,0.0,0.0,0.0,0.0
2023-03-20 18:42:19.041000+00:00,14761984.0,37556224.0,42545152.0,42541056.0,16.84,1.437125798,72.53,18391428.0,0.0,0.0,82627.0,23530213.0,0.0,0.0,96142.0,0.0,0.0,0.0,0.0
2023-03-20 18:42:24.032000+00:00,14761984.0,37548032.0,42643456.0,42639360.0,16.89,1.437170891,72.66,18454192.0,0.0,0.0,82735.0,23595050.0,0.0,0.0,96259.0,0.0,0.0,0.0,0.0
2023-03-20 18:42:29.365000+00:00,14913536.0,37183488.0,42225664.0,42221568.0,16.92,1.437232683,72.77,18474318.0,0.0,0.0,82878.0,23621942.0,0.0,0.0,96429.0,0.0,0.0,0.0,0.0
2023-03-20 18:42:33.916000+00:00,14913536.0,37122048.0,42328064.0,42323968.0,16.93,1.437232683,72.81,18487600.0,0.0,0.0,82966.0,23638734.0,0.0,0.0,96527.0,0.0,0.0,0.0,0.0
2023-03-20 18:42:39.230000+00:00,14913536.0,37122048.0,42328064.0,42405888.0,16.94,1.437232683,72.94,18504870.0,0.0,0.0,83091.0,23663500.0,0.0,0.0,96666.0,0.0,0.0,0.0,0.0
2023-03-20 18:42:44.574000+00:00,14913536.0,37527552.0,42573824.0,42569728.0,16.95,1.474358183,73.0,18523339.0,0.0,0.0,83214.0,23687722.0,0.0,0.0,96806.0,0.0,0.0,0.0,0.0
2023-03-20 18:42:49.089000+00:00,14913536.0,37675008.0,42573824.0,42569728.0,17.0,1.529433007,73.1,18523339.0,0.0,0.0,83214.0,23687722.0,0.0,0.0,96806.0,0.0,0.0,0.0,0.0
2023-03-20 18:42:53.700000+00:00,14913536.0,37572608.0,42549248.0,42545152.0,17.0,1.535623349,73.13,18603023.0,0.0,0.0,83412.0,23781353.0,0.0,0.0,97058.0,0.0,0.0,0.0,0.0
2023-03-20 18:42:58.302000+00:00,14913536.0,37257216.0,42549248.0,42545152.0,17.03,1.535623349,73.22,18603023.0,0.0,0.0,83412.0,23781353.0,0.0,0.0,97058.0,0.0,0.0,0.0,0.0
2023-03-20 18:43:03.013000+00:00,14913536.0,37277696.0,42352640.0,42348544.0,17.04,1.550864253,73.26,18640599.0,0.0,0.0,83582.0,23814379.0,0.0,0.0,97240.0,0.0,0.0,0.0,0.0
2023-03-20 18:43:09.815000+00:00,14913536.0,37277696.0,42553344.0,42549248.0,17.06,1.574540258,73.41,18753070.0,0.0,0.0,83772.0,23947544.0,0.0,0.0,97480.0,0.0,0.0,0.0,0.0
2023-03-20 18:43:13.526000+00:00,14913536.0,37699584.0,42741760.0,42737664.0,17.07,1.574540258,73.42,18758242.0,0.0,0.0,83808.0,23958130.0,0.0,0.0,97520.0,0.0,0.0,0.0,0.0
2023-03-20 18:43:18.891000+00:00,14913536.0,37699584.0,42741760.0,42737664.0,17.1,1.574540258,73.52,18758242.0,0.0,0.0,83847.0,23968216.0,0.0,0.0,97562.0,0.0,0.0,0.0,0.0
2023-03-20 18:43:24.511000+00:00,15118336.0,37081088.0,42172416.0,42168320.0,17.1,1.574540258,73.57,18780575.0,0.0,0.0,83952.0,23990066.0,0.0,0.0,97680.0,0.0,0.0,0.0,0.0
2023-03-20 18:43:29.657000+00:00,15118336.0,37568512.0,42708992.0,42704896.0,17.12,1.574540258,73.7,18851911.0,0.0,0.0,84099.0,24069575.0,0.0,0.0,97866.0,0.0,0.0,0.0,0.0
2023-03-20 18:43:33.058000+00:00,15118336.0,37191680.0,42205184.0,42201088.0,17.12,1.574540258,73.73,18859135.0,0.0,0.0,84155.0,24082281.0,0.0,0.0,97930.0,0.0,0.0,0.0,0.0
2023-03-20 18:43:38.621000+00:00,15118336.0,37523456.0,42835968.0,42831872.0,17.14,1.574540258,73.87,19039473.0,0.0,0.0,84380.0,24263884.0,0.0,0.0,98195.0,0.0,0.0,0.0,0.0
2023-03-20 18:43:43.959000+00:00,15118336.0,37330944.0,42479616.0,42475520.0,17.16,1.574540258,73.9,19050121.0,0.0,0.0,84466.0,24281446.0,0.0,0.0,98297.0,0.0,0.0,0.0,0.0
2023-03-20 18:43:48.627000+00:00,15118336.0,37330944.0,42557440.0,42553344.0,17.19,1.574540258,74.0,19059505.0,0.0,0.0,84536.0,24296376.0,0.0,0.0,98381.0,0.0,0.0,0.0,0.0
2023-03-20 18:43:54.763000+00:00,15118336.0,37343232.0,42328064.0,42323968.0,17.2,1.574540258,74.02,19076852.0,0.0,0.0,84650.0,24321715.0,0.0,0.0,98519.0,0.0,0.0,0.0,0.0
2023-03-20 18:43:59.409000+00:00,15118336.0,37343232.0,42328064.0,42323968.0,17.23,1.574540258,74.12,19076852.0,0.0,0.0,84650.0,24321715.0,0.0,0.0,98519.0,0.0,0.0,0.0,0.0
2023-03-20 18:44:03.757000+00:00,15118336.0,37208064.0,42319872.0,42315776.0,17.25,1.574540258,74.17,19158544.0,0.0,0.0,84860.0,24411264.0,0.0,0.0,98756.0,0.0,0.0,0.0,0.0
2023-03-20 18:44:09.791000+00:00,15118336.0,36601856.0,41914368.0,41910272.0,17.29,1.598890443,74.3,19178122.0,0.0,0.0,84983.0,24433142.0,0.0,0.0,98895.0,0.0,0.0,0.0,0.0
2023-03-20 18:44:14.266000+00:00,15118336.0,37191680.0,42266624.0,42262528.0,17.31,1.6551237,74.35,19253800.0,0.0,0.0,85154.0,24515937.0,0.0,0.0,99090.0,0.0,0.0,0.0,0.0
2023-03-20 18:44:18.889000+00:00,15118336.0,37191680.0,42414080.0,42409984.0,17.35,1.6551237,74.43,19267503.0,0.0,0.0,85248.0,24536011.0,0.0,0.0,99205.0,0.0,0.0,0.0,0.0
2023-03-20 18:44:24.119000+00:00,15360000.0,37163008.0,42246144.0,42242048.0,17.35,1.6551237,74.48,19282326.0,0.0,0.0,85344.0,24555772.0,0.0,0.0,99313.0,0.0,0.0,0.0,0.0
2023-03-20 18:44:29.437000+00:00,15360000.0,37163008.0,42246144.0,42242048.0,17.39,1.6551237,74.57,19282326.0,0.0,0.0,85344.0,24555772.0,0.0,0.0,99313.0,0.0,0.0,0.0,0.0
2023-03-20 18:44:34.812000+00:00,15360000.0,37306368.0,42373120.0,42369024.0,17.39,1.6551237,74.6,19364302.0,0.0,0.0,85555.0,24651242.0,0.0,0.0,99576.0,0.0,0.0,0.0,0.0
2023-03-20 18:44:39.324000+00:00,15360000.0,37306368.0,42373120.0,42115072.0,17.42,1.6551237,74.73,19436137.0,0.0,0.0,85680.0,24675927.0,0.0,0.0,99712.0,0.0,0.0,0.0,0.0
2023-03-20 18:44:43.935000+00:00,15360000.0,36954112.0,42201088.0,42196992.0,17.44,1.6551237,74.8,19452811.0,0.0,0.0,85798.0,24753195.0,0.0,0.0,99867.0,0.0,0.0,0.0,0.0
2023-03-20 18:44:49.313000+00:00,15360000.0,36646912.0,41713664.0,41709568.0,17.46,1.6551237,74.86,19477611.0,0.0,0.0,85971.0,24784672.0,0.0,0.0,100066.0,0.0,0.0,0.0,0.0
2023-03-20 18:44:54.469000+00:00,15360000.0,36802560.0,41910272.0,41906176.0,17.47,1.6551237,74.97,19544439.0,0.0,0.0,86073.0,24858213.0,0.0,0.0,100197.0,0.0,0.0,0.0,0.0
2023-03-20 18:44:58.935000+00:00,15360000.0,36802560.0,41910272.0,41906176.0,17.47,1.6551237,74.97,19544439.0,0.0,0.0,86073.0,24858213.0,0.0,0.0,100197.0,0.0,0.0,0.0,0.0
2023-03-20 18:45:04.133000+00:00,15360000.0,36773888.0,41893888.0,41889792.0,17.49,1.6551237,75.08,19576583.0,0.0,0.0,86285.0,24900679.0,0.0,0.0,100436.0,0.0,0.0,0.0,0.0
2023-03-20 18:45:09.860000+00:00,15360000.0,36667392.0,41644032.0,41639936.0,17.5,1.6551237,75.15,19656261.0,0.0,0.0,86477.0,24982963.0,0.0,0.0,100652.0,0.0,0.0,0.0,0.0
2023-03-20 18:45:14.840000+00:00,15360000.0,37199872.0,42336256.0,42332160.0,17.53,1.6551237,75.25,19734335.0,0.0,0.0,86642.0,25064113.0,0.0,0.0,100840.0,0.0,0.0,0.0,0.0
2023-03-20 18:45:19.616000+00:00,15360000.0,36614144.0,41832448.0,41828352.0,17.55,1.6551237,75.32,19864439.0,0.0,0.0,86823.0,25198155.0,0.0,0.0,101054.0,0.0,0.0,0.0,0.0
2023-03-20 18:45:23.725000+00:00,15360000.0,37470208.0,42602496.0,42598400.0,17.57,1.6551237,75.42,19880827.0,0.0,0.0,86923.0,25219126.0,0.0,0.0,101167.0,0.0,0.0,0.0,0.0
2023-03-20 18:45:28.737000+00:00,15613952.0,36954112.0,42078208.0,42074112.0,17.58,1.6551237,75.44,19885522.0,0.0,0.0,86962.0,25230670.0,0.0,0.0,101219.0,0.0,0.0,0.0,0.0
2023-03-20 18:45:34.668000+00:00,15613952.0,36691968.0,42061824.0,42057728.0,17.6,1.6551237,75.52,19898612.0,0.0,0.0,87032.0,25249191.0,0.0,0.0,101302.0,0.0,0.0,0.0,0.0
2023-03-20 18:45:38.844000+00:00,15613952.0,36691968.0,42061824.0,42000384.0,17.6,1.6551237,75.53,19901909.0,0.0,0.0,87054.0,25256059.0,0.0,0.0,101321.0,0.0,0.0,0.0,0.0
2023-03-20 18:45:43.500000+00:00,15613952.0,37003264.0,42225664.0,42221568.0,17.64,1.6551237,75.62,19915995.0,0.0,0.0,87157.0,25278589.0,0.0,0.0,101451.0,0.0,0.0,0.0,0.0
2023-03-20 18:45:49.461000+00:00,15613952.0,37003264.0,42225664.0,42221568.0,17.65,1.6551237,75.7,19915995.0,0.0,0.0,87157.0,25278589.0,0.0,0.0,101649.0,0.0,0.0,0.0,0.0
2023-03-20 18:45:54.851000+00:00,15613952.0,36950016.0,42070016.0,42065920.0,17.68,1.6551237,75.78,20011978.0,0.0,0.0,87439.0,25384126.0,0.0,0.0,101781.0,0.0,0.0,0.0,0.0
2023-03-20 18:45:59.872000+00:00,15613952.0,37277696.0,42381312.0,42377216.0,17.68,1.6551237,75.79,20015991.0,0.0,0.0,87467.0,25393213.0,0.0,0.0,101815.0,0.0,0.0,0.0,0.0
2023-03-20 18:46:04.567000+00:00,15613952.0,36724736.0,41787392.0,41783296.0,17.7,1.6551237,75.86,20019289.0,0.0,0.0,87494.0,25401681.0,0.0,0.0,101847.0,0.0,0.0,0.0,0.0
2023-03-20 18:46:09.045000+00:00,15613952.0,36724736.0,42377216.0,42373120.0,17.7,1.6551237,75.94,20028610.0,0.0,0.0,87557.0,25416834.0,0.0,0.0,101921.0,0.0,0.0,0.0,0.0
2023-03-20 18:46:14.085000+00:00,15613952.0,37130240.0,42184704.0,42180608.0,17.71,1.6551237,76.04,20037906.0,0.0,0.0,87626.0,25431598.0,0.0,0.0,102001.0,0.0,0.0,0.0,0.0
2023-03-20 18:46:19.404000+00:00,15613952.0,37130240.0,42184704.0,42180608.0,17.71,1.6551237,76.07,20037906.0,0.0,0.0,87728.0,25456532.0,0.0,0.0,102120.0,0.0,0.0,0.0,0.0
2023-03-20 18:46:24.394000+00:00,15785984.0,37339136.0,42426368.0,42422272.0,17.73,1.6551237,76.18,20125627.0,0.0,0.0,87841.0,25532527.0,0.0,0.0,102263.0,0.0,0.0,0.0,0.0
2023-03-20 18:46:29.553000+00:00,15785984.0,37445632.0,42516480.0,42512384.0,17.73,1.6551237,76.24,20142907.0,0.0,0.0,87960.0,25556188.0,0.0,0.0,102404.0,0.0,0.0,0.0,0.0
2023-03-20 18:46:34.720000+00:00,15785984.0,37138432.0,42352640.0,42348544.0,17.76,1.6551237,76.3,20150249.0,0.0,0.0,88016.0,25568517.0,0.0,0.0,102469.0,0.0,0.0,0.0,0.0
2023-03-20 18:46:39.510000+00:00,15785984.0,36810752.0,41897984.0,41893888.0,17.76,1.6551237,76.32,20158407.0,0.0,0.0,88067.0,25581424.0,0.0,0.0,102523.0,0.0,0.0,0.0,0.0
2023-03-20 18:46:43.620000+00:00,15785984.0,36777984.0,41914368.0,41910272.0,17.8,1.6551237,76.41,20173333.0,0.0,0.0,88148.0,25602030.0,0.0,0.0,102620.0,0.0,0.0,0.0,0.0
2023-03-20 18:46:49.224000+00:00,15785984.0,36777984.0,41914368.0,41910272.0,17.8,1.6551237,76.47,20173333.0,0.0,0.0,88252.0,25622068.0,0.0,0.0,102741.0,0.0,0.0,0.0,0.0
2023-03-20 18:46:54.284000+00:00,15785984.0,37052416.0,42127360.0,42123264.0,17.82,1.6551237,76.57,20206959.0,0.0,0.0,88390.0,25646009.0,0.0,0.0,102889.0,0.0,0.0,0.0,0.0
2023-03-20 18:46:59.130000+00:00,15785984.0,37052416.0,42127360.0,42123264.0,17.83,1.6551237,76.62,20206959.0,0.0,0.0,88390.0,25646009.0,0.0,0.0,102889.0,0.0,0.0,0.0,0.0
2023-03-20 18:47:03.734000+00:00,15785984.0,37404672.0,42496000.0,42491904.0,17.84,1.6551237,76.65,20347871.0,0.0,0.0,88636.0,25796805.0,0.0,0.0,103181.0,0.0,0.0,0.0,0.0
2023-03-20 18:47:09.728000+00:00,15785984.0,37404672.0,41848832.0,41844736.0,17.89,1.6551237,76.65,20366013.0,0.0,0.0,88752.0,25819505.0,0.0,0.0,103312.0,0.0,0.0,0.0,0.0
2023-03-20 18:47:14.085000+00:00,15785984.0,36855808.0,41951232.0,41947136.0,17.92,1.6551237,76.88,20438104.0,0.0,0.0,88879.0,25898943.0,0.0,0.0,103470.0,0.0,0.0,0.0,0.0
2023-03-20 18:47:18.978000+00:00,15785984.0,36855808.0,41951232.0,41947136.0,17.93,1.6551237,76.98,20438104.0,0.0,0.0,88879.0,25916352.0,0.0,0.0,103561.0,0.0,0.0,0.0,0.0
2023-03-20 18:47:24.685000+00:00,15994880.0,37490688.0,42524672.0,42520576.0,17.93,1.6551237,77.03,20465729.0,0.0,0.0,89065.0,25937665.0,0.0,0.0,103686.0,0.0,0.0,0.0,0.0
2023-03-20 18:47:29.667000+00:00,15994880.0,37244928.0,42332160.0,42328064.0,17.95,1.6551237,77.15,20547307.0,0.0,0.0,89247.0,26021141.0,0.0,0.0,103880.0,0.0,0.0,0.0,0.0
2023-03-20 18:47:34.737000+00:00,15994880.0,36974592.0,41955328.0,41951232.0,17.96,1.6551237,77.18,20560158.0,0.0,0.0,89321.0,26040127.0,0.0,0.0,103968.0,0.0,0.0,0.0,0.0
2023-03-20 18:47:39.578000+00:00,15994880.0,36974592.0,41881600.0,41877504.0,17.98,1.6551237,77.26,20622543.0,0.0,0.0,89395.0,26104354.0,0.0,0.0,104049.0,0.0,0.0,0.0,0.0
2023-03-20 18:47:44.031000+00:00,15994880.0,37347328.0,42463232.0,42459136.0,17.99,1.6551237,77.28,20629065.0,0.0,0.0,89440.0,26115738.0,0.0,0.0,104097.0,0.0,0.0,0.0,0.0
2023-03-20 18:47:48.573000+00:00,15994880.0,37347328.0,42463232.0,42459136.0,18.01,1.6551237,77.37,20629065.0,0.0,0.0,89557.0,26187209.0,0.0,0.0,104226.0,0.0,0.0,0.0,0.0
2023-03-20 18:47:53.296000+00:00,15994880.0,37126144.0,42213376.0,42209280.0,18.01,1.6551237,77.42,20773582.0,0.0,0.0,89709.0,26265697.0,0.0,0.0,104397.0,0.0,0.0,0.0,0.0
2023-03-20 18:47:58.350000+00:00,15994880.0,37203968.0,42373120.0,42369024.0,18.04,1.6551237,77.5,20793122.0,0.0,0.0,89821.0,26291614.0,0.0,0.0,104530.0,0.0,0.0,0.0,0.0
2023-03-20 18:48:04.296000+00:00,15994880.0,36990976.0,42094592.0,42090496.0,18.06,1.6551237,77.52,20803322.0,0.0,0.0,89894.0,26307913.0,0.0,0.0,104618.0,0.0,0.0,0.0,0.0
2023-03-20 18:48:08.164000+00:00,15994880.0,36990976.0,42094592.0,42090496.0,18.08,1.6551237,77.61,20803322.0,0.0,0.0,89894.0,26307913.0,0.0,0.0,104699.0,0.0,0.0,0.0,0.0
2023-03-20 18:48:14.395000+00:00,15994880.0,37081088.0,42168320.0,42164224.0,18.08,1.6551237,77.63,20816969.0,0.0,0.0,89997.0,26332748.0,0.0,0.0,104741.0,0.0,0.0,0.0,0.0
2023-03-20 18:48:18.821000+00:00,15994880.0,37081088.0,42168320.0,42201088.0,18.13,1.6551237,77.71,20830022.0,0.0,0.0,90090.0,26350807.0,0.0,0.0,104846.0,0.0,0.0,0.0,0.0
2023-03-20 18:48:23.615000+00:00,15994880.0,37191680.0,42233856.0,42229760.0,18.14,1.6551237,77.74,20898998.0,0.0,0.0,90197.0,26425642.0,0.0,0.0,104966.0,0.0,0.0,0.0,0.0
2023-03-20 18:48:28.598000+00:00,16183296.0,37191680.0,42233856.0,42229760.0,18.17,1.6551237,77.82,20898998.0,0.0,0.0,90197.0,26425642.0,0.0,0.0,104966.0,0.0,0.0,0.0,0.0
2023-03-20 18:48:33.403000+00:00,16183296.0,37486592.0,42721280.0,42717184.0,18.18,1.6551237,77.88,20977825.0,0.0,0.0,90459.0,26474051.0,0.0,0.0,105265.0,0.0,0.0,0.0,0.0
2023-03-20 18:48:38.693000+00:00,16183296.0,37486592.0,42721280.0,42717184.0,18.2,1.6551237,78.0,20977825.0,0.0,0.0,90459.0,26474051.0,0.0,0.0,105429.0,0.0,0.0,0.0,0.0
2023-03-20 18:48:44.794000+00:00,16183296.0,36810752.0,41889792.0,41885696.0,18.22,1.6551237,78.04,21015816.0,0.0,0.0,90647.0,26568850.0,0.0,0.0,105509.0,0.0,0.0,0.0,0.0
2023-03-20 18:48:48.925000+00:00,16183296.0,36810752.0,42774528.0,42770432.0,18.25,1.6551237,78.13,21027442.0,0.0,0.0,90740.0,26585619.0,0.0,0.0,105613.0,0.0,0.0,0.0,0.0
2023-03-20 18:48:54.726000+00:00,16183296.0,37171200.0,42147840.0,42143744.0,18.25,1.6551237,78.2,21052253.0,0.0,0.0,90908.0,26617452.0,0.0,0.0,105805.0,0.0,0.0,0.0,0.0
2023-03-20 18:48:58.783000+00:00,16183296.0,37335040.0,42967040.0,42962944.0,18.25,1.6551237,78.31,21130635.0,0.0,0.0,91065.0,26697360.0,0.0,0.0,105985.0,0.0,0.0,0.0,0.0
2023-03-20 18:49:04.095000+00:00,16183296.0,37036032.0,42086400.0,42082304.0,18.26,1.6551237,78.36,21148250.0,0.0,0.0,91187.0,26721662.0,0.0,0.0,106125.0,0.0,0.0,0.0,0.0
2023-03-20 18:49:08.924000+00:00,16183296.0,37036032.0,42086400.0,42082304.0,18.26,1.6551237,78.4,21148250.0,0.0,0.0,91322.0,26795764.0,0.0,0.0,106274.0,0.0,0.0,0.0,0.0
2023-03-20 18:49:13.491000+00:00,16183296.0,37433344.0,42483712.0,42479616.0,18.28,1.6551237,78.5,21287898.0,0.0,0.0,91421.0,26870647.0,0.0,0.0,106398.0,0.0,0.0,0.0,0.0
2023-03-20 18:49:19.706000+00:00,16183296.0,37433344.0,42483712.0,42479616.0,18.29,1.6551237,78.52,21287898.0,0.0,0.0,91421.0,26870647.0,0.0,0.0,106483.0,0.0,0.0,0.0,0.0
2023-03-20 18:49:24.194000+00:00,16416768.0,36896768.0,41930752.0,41926656.0,18.32,1.6551237,78.61,21310598.0,0.0,0.0,91567.0,26904778.0,0.0,0.0,106569.0,0.0,0.0,0.0,0.0
2023-03-20 18:49:29.929000+00:00,16416768.0,36896768.0,41930752.0,41926656.0,18.34,1.6551237,78.65,21310598.0,0.0,0.0,91567.0,26904778.0,0.0,0.0,106569.0,0.0,0.0,0.0,0.0
2023-03-20 18:49:34.434000+00:00,16416768.0,37220352.0,42283008.0,42278912.0,18.36,1.6551237,78.76,21346226.0,0.0,0.0,91810.0,26952623.0,0.0,0.0,106844.0,0.0,0.0,0.0,0.0
2023-03-20 18:49:39.105000+00:00,16416768.0,37220352.0,42283008.0,42377216.0,18.37,1.6551237,78.8,21362592.0,0.0,0.0,91923.0,26975814.0,0.0,0.0,106976.0,0.0,0.0,0.0,0.0
2023-03-20 18:49:43.828000+00:00,16416768.0,37052416.0,42377216.0,42373120.0,18.4,1.656144327,78.92,21440569.0,0.0,0.0,92087.0,27056438.0,0.0,0.0,107158.0,0.0,0.0,0.0,0.0
2023-03-20 18:49:48.970000+00:00,16416768.0,37052416.0,42377216.0,42373120.0,18.41,1.656144327,78.96,21440569.0,0.0,0.0,92165.0,27075161.0,0.0,0.0,107257.0,0.0,0.0,0.0,0.0
2023-03-20 18:49:53.944000+00:00,16416768.0,37449728.0,42635264.0,42631168.0,18.43,1.656144327,79.03,21462033.0,0.0,0.0,92222.0,27089758.0,0.0,0.0,107320.0,0.0,0.0,0.0,0.0
2023-03-20 18:49:58.945000+00:00,16416768.0,37449728.0,42635264.0,42631168.0,18.44,1.656144327,79.05,21462033.0,0.0,0.0,92222.0,27089758.0,0.0,0.0,107320.0,0.0,0.0,0.0,0.0
2023-03-20 18:50:04.157000+00:00,16416768.0,37396480.0,42516480.0,42512384.0,18.45,1.656144327,79.14,21491685.0,0.0,0.0,92409.0,27130529.0,0.0,0.0,107533.0,0.0,0.0,0.0,0.0
2023-03-20 18:50:09.493000+00:00,16416768.0,37396480.0,42070016.0,42065920.0,18.46,1.656144327,79.21,21569561.0,0.0,0.0,92563.0,27217290.0,0.0,0.0,107726.0,0.0,0.0,0.0,0.0
2023-03-20 18:50:14.182000+00:00,16416768.0,36978688.0,42037248.0,42033152.0,18.49,1.656144327,79.29,21580745.0,0.0,0.0,92648.0,27235179.0,0.0,0.0,107829.0,0.0,0.0,0.0,0.0
2023-03-20 18:50:19.346000+00:00,16416768.0,36978688.0,42037248.0,42270720.0,18.49,1.656144327,79.3,21585034.0,0.0,0.0,92682.0,27244695.0,0.0,0.0,107870.0,0.0,0.0,0.0,0.0
2023-03-20 18:50:24.074000+00:00,16416768.0,36937728.0,42057728.0,42053632.0,18.51,1.656144327,79.4,21592372.0,0.0,0.0,92736.0,27257470.0,0.0,0.0,107932.0,0.0,0.0,0.0,0.0
2023-03-20 18:50:29.376000+00:00,16625664.0,37023744.0,42094592.0,42090496.0,18.52,1.656144327,79.46,21607261.0,0.0,0.0,92841.0,27278108.0,0.0,0.0,108051.0,0.0,0.0,0.0,0.0
2023-03-20 18:50:34.162000+00:00,16625664.0,36868096.0,42024960.0,42020864.0,18.54,1.656272403,79.57,21685278.0,0.0,0.0,93011.0,27358516.0,0.0,0.0,108246.0,0.0,0.0,0.0,0.0
2023-03-20 18:50:39.645000+00:00,16625664.0,36868096.0,42463232.0,42459136.0,18.56,1.656272403,79.62,21759433.0,0.0,0.0,93162.0,27437208.0,0.0,0.0,108418.0,0.0,0.0,0.0,0.0
2023-03-20 18:50:43.955000+00:00,16625664.0,37580800.0,42713088.0,42708992.0,18.59,1.656272403,79.78,21831263.0,0.0,0.0,93283.0,27515802.0,0.0,0.0,108566.0,0.0,0.0,0.0,0.0
2023-03-20 18:50:48.994000+00:00,16625664.0,37580800.0,41795584.0,41791488.0,18.6,1.656272403,79.78,21848737.0,0.0,0.0,93404.0,27537566.0,0.0,0.0,108701.0,0.0,0.0,0.0,0.0
2023-03-20 18:50:54.534000+00:00,16625664.0,37171200.0,42315776.0,42311680.0,18.62,1.656272403,79.94,21922647.0,0.0,0.0,93534.0,27560097.0,0.0,0.0,108844.0,0.0,0.0,0.0,0.0
2023-03-20 18:50:58.255000+00:00,16625664.0,37052416.0,42102784.0,42098688.0,18.63,1.656272403,79.96,21936480.0,0.0,0.0,93628.0,27637807.0,0.0,0.0,108966.0,0.0,0.0,0.0,0.0
2023-03-20 18:51:04.715000+00:00,16625664.0,37425152.0,42532864.0,42528768.0,18.64,1.656272403,80.08,22013500.0,0.0,0.0,93766.0,27721657.0,0.0,0.0,109140.0,0.0,0.0,0.0,0.0
2023-03-20 18:51:08.495000+00:00,16625664.0,37425152.0,42532864.0,42528768.0,18.65,1.656272403,80.12,22013500.0,0.0,0.0,93766.0,27721657.0,0.0,0.0,109232.0,0.0,0.0,0.0,0.0
2023-03-20 18:51:13.354000+00:00,16625664.0,38600704.0,44478464.0,44474368.0,18.68,1.656272403,80.15,22104582.0,0.0,0.0,93992.0,27779396.0,0.0,0.0,109389.0,0.0,0.0,0.0,0.0
2023-03-20 18:51:19.245000+00:00,16625664.0,38600704.0,41885696.0,41881600.0,18.71,1.684752585,80.25,22186368.0,0.0,0.0,94182.0,27903809.0,0.0,0.0,109597.0,0.0,0.0,0.0,0.0
2023-03-20 18:51:24.392000+00:00,16871424.0,36990976.0,42024960.0,42020864.0,18.73,1.684752585,80.34,22258886.0,0.0,0.0,94299.0,27978735.0,0.0,0.0,109729.0,0.0,0.0,0.0,0.0
2023-03-20 18:51:28.747000+00:00,16871424.0,36990976.0,42024960.0,42020864.0,18.73,1.684752585,80.36,22258886.0,0.0,0.0,94299.0,27978735.0,0.0,0.0,109729.0,0.0,0.0,0.0,0.0
2023-03-20 18:51:34.763000+00:00,16871424.0,37445632.0,42455040.0,42450944.0,18.76,1.684752585,80.46,22278305.0,0.0,0.0,94442.0,28009281.0,0.0,0.0,109887.0,0.0,0.0,0.0,0.0
2023-03-20 18:51:39.271000+00:00,16871424.0,37445632.0,42455040.0,42074112.0,18.77,1.684752585,80.51,22300371.0,0.0,0.0,94578.0,28037513.0,0.0,0.0,110051.0,0.0,0.0,0.0,0.0
2023-03-20 18:51:44.620000+00:00,16871424.0,37265408.0,42582016.0,42577920.0,18.82,1.684752585,80.64,22323109.0,0.0,0.0,94721.0,28065553.0,0.0,0.0,110216.0,0.0,0.0,0.0,0.0
2023-03-20 18:51:48.121000+00:00,16871424.0,37457920.0,42582016.0,42577920.0,18.82,1.684752585,80.69,22323109.0,0.0,0.0,94721.0,28065553.0,0.0,0.0,110333.0,0.0,0.0,0.0,0.0
2023-03-20 18:51:54.710000+00:00,16871424.0,37502976.0,42848256.0,42844160.0,18.86,1.684752585,80.76,22356729.0,0.0,0.0,94935.0,28112194.0,0.0,0.0,110464.0,0.0,0.0,0.0,0.0
2023-03-20 18:51:58.824000+00:00,16871424.0,37556224.0,42659840.0,42655744.0,18.87,1.684752585,80.79,22425196.0,0.0,0.0,95019.0,28189043.0,0.0,0.0,110581.0,0.0,0.0,0.0,0.0
2023-03-20 18:52:03.919000+00:00,16871424.0,37105664.0,42217472.0,42213376.0,18.88,1.684752585,80.8,22431082.0,0.0,0.0,95065.0,28200280.0,0.0,0.0,110634.0,0.0,0.0,0.0,0.0
2023-03-20 18:52:09.031000+00:00,16871424.0,37105664.0,42917888.0,42913792.0,18.9,1.684752585,80.88,22443729.0,0.0,0.0,95150.0,28218218.0,0.0,0.0,110728.0,0.0,0.0,0.0,0.0
2023-03-20 18:52:14.126000+00:00,16871424.0,37695488.0,42848256.0,42844160.0,18.93,1.684752585,81.01,22468842.0,0.0,0.0,95322.0,28247920.0,0.0,0.0,110926.0,0.0,0.0,0.0,0.0
2023-03-20 18:52:18.917000+00:00,16871424.0,37695488.0,42848256.0,42811392.0,18.97,1.684752585,81.12,22483904.0,0.0,0.0,95433.0,28273281.0,0.0,0.0,111066.0,0.0,0.0,0.0,0.0
2023-03-20 18:52:23.724000+00:00,16871424.0,38121472.0,43184128.0,43180032.0,18.97,1.684752585,81.14,22491945.0,0.0,0.0,95475.0,28286673.0,0.0,0.0,111116.0,0.0,0.0,0.0,0.0
2023-03-20 18:52:29.298000+00:00,17084416.0,38121472.0,43184128.0,43180032.0,19.01,1.684752585,81.23,22491945.0,0.0,0.0,95475.0,28286673.0,0.0,0.0,111116.0,0.0,0.0,0.0,0.0
2023-03-20 18:52:33.830000+00:00,17084416.0,37859328.0,42856448.0,42852352.0,19.02,1.684752585,81.25,22568571.0,0.0,0.0,95626.0,28370137.0,0.0,0.0,111283.0,0.0,0.0,0.0,0.0
2023-03-20 18:52:38.758000+00:00,17084416.0,37859328.0,42856448.0,42852352.0,19.04,1.685876969,81.32,22568571.0,0.0,0.0,95626.0,28370137.0,0.0,0.0,111331.0,0.0,0.0,0.0,0.0
2023-03-20 18:52:43.785000+00:00,17084416.0,37552128.0,42811392.0,42807296.0,19.07,1.687723241,81.35,22643539.0,0.0,0.0,95775.0,28451220.0,0.0,0.0,111447.0,0.0,0.0,0.0,0.0
2023-03-20 18:52:49.710000+00:00,17084416.0,37376000.0,42553344.0,42549248.0,19.09,1.687723241,81.46,22724615.0,0.0,0.0,95967.0,28535512.0,0.0,0.0,111655.0,0.0,0.0,0.0,0.0
2023-03-20 18:52:54.102000+00:00,17084416.0,37920768.0,42917888.0,42913792.0,19.09,1.687723241,81.5,22735257.0,0.0,0.0,96028.0,28552457.0,0.0,0.0,111731.0,0.0,0.0,0.0,0.0
2023-03-20 18:52:58.253000+00:00,17084416.0,37920768.0,42917888.0,42913792.0,19.12,1.687723241,81.58,22735257.0,0.0,0.0,96028.0,28552457.0,0.0,0.0,111731.0,0.0,0.0,0.0,0.0
2023-03-20 18:53:04.032000+00:00,17084416.0,37584896.0,42582016.0,42577920.0,19.12,1.687723241,81.63,22759083.0,0.0,0.0,96191.0,28586978.0,0.0,0.0,111919.0,0.0,0.0,0.0,0.0
2023-03-20 18:53:09.742000+00:00,17084416.0,37584896.0,42582016.0,42577920.0,19.15,1.687723241,81.73,22759083.0,0.0,0.0,96291.0,28607934.0,0.0,0.0,112038.0,0.0,0.0,0.0,0.0
2023-03-20 18:53:13.854000+00:00,17084416.0,37908480.0,42995712.0,42991616.0,19.16,1.687723241,81.77,22846682.0,0.0,0.0,96411.0,28681669.0,0.0,0.0,112166.0,0.0,0.0,0.0,0.0
2023-03-20 18:53:18.886000+00:00,17084416.0,37908480.0,42610688.0,42606592.0,19.18,1.688023485,81.77,22853430.0,0.0,0.0,96470.0,28694878.0,0.0,0.0,112235.0,0.0,0.0,0.0,0.0
2023-03-20 18:53:23.137000+00:00,17084416.0,37662720.0,42704896.0,42700800.0,19.18,1.688023485,81.86,22870774.0,0.0,0.0,96595.0,28717243.0,0.0,0.0,112372.0,0.0,0.0,0.0,0.0
2023-03-20 18:53:29.722000+00:00,17272832.0,38002688.0,43180032.0,43175936.0,19.22,1.688023485,81.95,22949826.0,0.0,0.0,96732.0,28803294.0,0.0,0.0,112547.0,0.0,0.0,0.0,0.0
2023-03-20 18:53:34.786000+00:00,17272832.0,37806080.0,42807296.0,42803200.0,19.23,1.688023485,81.99,22963516.0,0.0,0.0,96824.0,28822976.0,0.0,0.0,112652.0,0.0,0.0,0.0,0.0
2023-03-20 18:53:38.318000+00:00,17272832.0,37806080.0,42807296.0,43098112.0,19.25,1.688023485,82.1,22979067.0,0.0,0.0,96926.0,28844404.0,0.0,0.0,112772.0,0.0,0.0,0.0,0.0
2023-03-20 18:53:44.265000+00:00,17272832.0,38010880.0,43397120.0,43393024.0,19.28,1.688023485,82.13,22996253.0,0.0,0.0,97042.0,28867414.0,0.0,0.0,112907.0,0.0,0.0,0.0,0.0
2023-03-20 18:53:49.874000+00:00,17272832.0,38010880.0,43397120.0,43393024.0,19.32,1.688023485,82.22,22996253.0,0.0,0.0,97042.0,28885112.0,0.0,0.0,113022.0,0.0,0.0,0.0,0.0
2023-03-20 18:53:53.224000+00:00,17272832.0,38023168.0,43147264.0,43143168.0,19.32,1.688023485,82.22,23132655.0,0.0,0.0,97231.0,29007510.0,0.0,0.0,113109.0,0.0,0.0,0.0,0.0
2023-03-20 18:53:58.178000+00:00,17272832.0,38023168.0,43147264.0,43143168.0,19.33,1.688023485,82.26,23132655.0,0.0,0.0,97231.0,29007510.0,0.0,0.0,113109.0,0.0,0.0,0.0,0.0
2023-03-20 18:54:04.631000+00:00,17272832.0,37969920.0,43020288.0,43016192.0,19.34,1.688023485,82.36,23215333.0,0.0,0.0,97407.0,29101151.0,0.0,0.0,113306.0,0.0,0.0,0.0,0.0
2023-03-20 18:54:09.530000+00:00,17272832.0,37978112.0,43061248.0,43057152.0,19.38,1.75720349,82.45,23284109.0,0.0,0.0,97488.0,29176939.0,0.0,0.0,113413.0,0.0,0.0,0.0,0.0
2023-03-20 18:54:13.746000+00:00,17272832.0,37756928.0,42831872.0,42827776.0,19.38,1.75720349,82.48,23294590.0,0.0,0.0,97560.0,29193316.0,0.0,0.0,113497.0,0.0,0.0,0.0,0.0
2023-03-20 18:54:19.238000+00:00,17272832.0,37756928.0,42831872.0,42807296.0,19.41,1.75720349,82.56,23306489.0,0.0,0.0,97651.0,29211477.0,0.0,0.0,113601.0,0.0,0.0,0.0,0.0
2023-03-20 18:54:24.494000+00:00,17457152.0,38047744.0,43118592.0,43114496.0,19.42,1.75720349,82.6,23327997.0,0.0,0.0,97807.0,29238555.0,0.0,0.0,113776.0,0.0,0.0,0.0,0.0
2023-03-20 18:54:29.298000+00:00,17457152.0,38039552.0,43036672.0,43032576.0,19.43,1.75720349,82.64,23399224.0,0.0,0.0,97899.0,29317242.0,0.0,0.0,113902.0,0.0,0.0,0.0,0.0
2023-03-20 18:54:33.933000+00:00,17457152.0,37593088.0,42610688.0,42606592.0,19.44,1.75720349,82.72,23406537.0,0.0,0.0,97944.0,29329178.0,0.0,0.0,113954.0,0.0,0.0,0.0,0.0
2023-03-20 18:54:38.765000+00:00,17457152.0,37593088.0,42610688.0,42606592.0,19.45,1.75720349,82.74,23406537.0,0.0,0.0,98024.0,29399377.0,0.0,0.0,114044.0,0.0,0.0,0.0,0.0
2023-03-20 18:54:43.763000+00:00,17457152.0,37593088.0,42795008.0,42790912.0,19.48,1.75720349,82.84,23487894.0,0.0,0.0,98118.0,29417465.0,0.0,0.0,114148.0,0.0,0.0,0.0,0.0
2023-03-20 18:54:48.197000+00:00,17457152.0,38146048.0,43241472.0,43237376.0,19.5,1.760397525,82.89,23622691.0,0.0,0.0,98254.0,29555693.0,0.0,0.0,114309.0,0.0,0.0,0.0,0.0
2023-03-20 18:54:54.519000+00:00,17457152.0,37986304.0,42999808.0,42995712.0,19.52,1.760397525,82.98,23634680.0,0.0,0.0,98338.0,29573965.0,0.0,0.0,114411.0,0.0,0.0,0.0,0.0
2023-03-20 18:54:59.380000+00:00,17457152.0,38064128.0,42999808.0,42995712.0,19.54,1.760397525,83.02,23634680.0,0.0,0.0,98338.0,29573965.0,0.0,0.0,114411.0,0.0,0.0,0.0,0.0
2023-03-20 18:55:04.363000+00:00,17457152.0,37761024.0,42860544.0,42856448.0,19.56,1.760397525,83.1,23714549.0,0.0,0.0,98497.0,29660255.0,0.0,0.0,114584.0,0.0,0.0,0.0,0.0
2023-03-20 18:55:08.857000+00:00,17457152.0,37761024.0,42860544.0,42725376.0,19.57,1.760397525,83.14,23730440.0,0.0,0.0,98596.0,29681722.0,0.0,0.0,114699.0,0.0,0.0,0.0,0.0
2023-03-20 18:55:14.573000+00:00,17457152.0,37494784.0,42717184.0,42713088.0,19.59,1.760397525,83.24,23737689.0,0.0,0.0,98657.0,29694710.0,0.0,0.0,114770.0,0.0,0.0,0.0,0.0
2023-03-20 18:55:19.471000+00:00,17457152.0,37494784.0,42700800.0,42696704.0,19.6,1.760397525,83.24,23798809.0,0.0,0.0,98783.0,29718421.0,0.0,0.0,114908.0,0.0,0.0,0.0,0.0
2023-03-20 18:55:24.361000+00:00,17637376.0,37892096.0,42905600.0,42901504.0,19.61,1.761445411,83.39,23830647.0,0.0,0.0,98903.0,29795371.0,0.0,0.0,115047.0,0.0,0.0,0.0,0.0
2023-03-20 18:55:29.297000+00:00,17637376.0,37892096.0,42905600.0,42901504.0,19.61,1.761445411,83.47,23830647.0,0.0,0.0,98903.0,29795371.0,0.0,0.0,115047.0,0.0,0.0,0.0,0.0
2023-03-20 18:55:32.921000+00:00,17637376.0,37412864.0,42475520.0,42471424.0,19.63,1.761445411,83.54,23854114.0,0.0,0.0,99065.0,29830694.0,0.0,0.0,115241.0,0.0,0.0,0.0,0.0
2023-03-20 18:55:39.369000+00:00,17637376.0,37412864.0,42475520.0,42496000.0,19.65,1.761445411,83.57,23867452.0,0.0,0.0,99169.0,29850786.0,0.0,0.0,115359.0,0.0,0.0,0.0,0.0
2023-03-20 18:55:43.776000+00:00,17637376.0,37425152.0,42475520.0,42471424.0,19.68,1.761445411,83.65,23884426.0,0.0,0.0,99264.0,29872058.0,0.0,0.0,115471.0,0.0,0.0,0.0,0.0
2023-03-20 18:55:48.659000+00:00,17637376.0,37425152.0,42475520.0,42471424.0,19.71,1.761445411,83.69,23897653.0,0.0,0.0,99365.0,29891760.0,0.0,0.0,115582.0,0.0,0.0,0.0,0.0
2023-03-20 18:55:53.989000+00:00,17637376.0,37306368.0,42401792.0,42397696.0,19.74,1.761445411,83.77,23909915.0,0.0,0.0,99450.0,29910469.0,0.0,0.0,115681.0,0.0,0.0,0.0,0.0
2023-03-20 18:55:59.557000+00:00,17637376.0,37928960.0,42983424.0,42979328.0,19.74,1.761445411,83.8,23919470.0,0.0,0.0,99521.0,29925026.0,0.0,0.0,115762.0,0.0,0.0,0.0,0.0
2023-03-20 18:56:03.899000+00:00,17637376.0,37715968.0,42979328.0,42975232.0,19.76,1.761445411,83.88,23928943.0,0.0,0.0,99588.0,29940359.0,0.0,0.0,115842.0,0.0,0.0,0.0,0.0
2023-03-20 18:56:09.577000+00:00,17637376.0,37478400.0,42491904.0,42487808.0,19.76,1.761445411,83.9,23939379.0,0.0,0.0,99661.0,29956557.0,0.0,0.0,115928.0,0.0,0.0,0.0,0.0
2023-03-20 18:56:13.243000+00:00,17637376.0,37793792.0,42921984.0,42917888.0,19.76,1.761445411,83.98,23943222.0,0.0,0.0,99686.0,29965409.0,0.0,0.0,115953.0,0.0,0.0,0.0,0.0
2023-03-20 18:56:19.518000+00:00,17637376.0,37793792.0,42921984.0,42926080.0,19.78,1.761445411,83.98,23957759.0,0.0,0.0,99786.0,29985529.0,0.0,0.0,116067.0,0.0,0.0,0.0,0.0
2023-03-20 18:56:23.849000+00:00,17637376.0,37789696.0,42967040.0,42962944.0,19.8,1.761445411,84.11,23974447.0,0.0,0.0,99886.0,30005901.0,0.0,0.0,116181.0,0.0,0.0,0.0,0.0
2023-03-20 18:56:29.583000+00:00,17813504.0,37789696.0,42967040.0,42962944.0,19.82,1.761445411,84.13,23974447.0,0.0,0.0,99886.0,30005901.0,0.0,0.0,116181.0,0.0,0.0,0.0,0.0
2023-03-20 18:56:34.147000+00:00,17813504.0,37502976.0,42512384.0,42508288.0,19.84,1.761445411,84.2,24054351.0,0.0,0.0,100048.0,30100420.0,0.0,0.0,116386.0,0.0,0.0,0.0,0.0
2023-03-20 18:56:38.689000+00:00,17813504.0,37502976.0,42512384.0,42508288.0,19.84,1.761445411,84.24,24054351.0,0.0,0.0,100048.0,30100420.0,0.0,0.0,116485.0,0.0,0.0,0.0,0.0
2023-03-20 18:56:44.820000+00:00,17813504.0,37584896.0,43048960.0,43044864.0,19.88,1.761445411,84.4,24082135.0,0.0,0.0,100248.0,30141135.0,0.0,0.0,116623.0,0.0,0.0,0.0,0.0
2023-03-20 18:56:48.974000+00:00,17813504.0,37584896.0,42610688.0,42606592.0,19.9,1.761445411,84.44,24096204.0,0.0,0.0,100350.0,30161540.0,0.0,0.0,116743.0,0.0,0.0,0.0,0.0
2023-03-20 18:56:54.081000+00:00,17813504.0,38002688.0,43085824.0,43081728.0,19.92,1.761445411,84.5,24101246.0,0.0,0.0,100390.0,30171811.0,0.0,0.0,116790.0,0.0,0.0,0.0,0.0
2023-03-20 18:56:59.385000+00:00,17813504.0,38002688.0,43085824.0,43081728.0,19.93,1.761445411,84.54,24101246.0,0.0,0.0,100390.0,30171811.0,0.0,0.0,116790.0,0.0,0.0,0.0,0.0
2023-03-20 18:57:03.475000+00:00,17813504.0,37785600.0,42881024.0,42876928.0,19.94,1.761445411,84.57,24184962.0,0.0,0.0,100551.0,30261112.0,0.0,0.0,116966.0,0.0,0.0,0.0,0.0
2023-03-20 18:57:09.217000+00:00,17813504.0,37785600.0,42881024.0,42983424.0,19.96,1.761445411,84.67,24202060.0,0.0,0.0,100662.0,30284212.0,0.0,0.0,117096.0,0.0,0.0,0.0,0.0
2023-03-20 18:57:14.134000+00:00,17813504.0,37756928.0,43311104.0,43307008.0,19.98,1.761445411,84.76,24212492.0,0.0,0.0,100735.0,30299945.0,0.0,0.0,117179.0,0.0,0.0,0.0,0.0
2023-03-20 18:57:18.548000+00:00,17813504.0,37756928.0,43311104.0,43307008.0,19.99,1.761445411,84.78,24212492.0,0.0,0.0,100735.0,30314938.0,0.0,0.0,117257.0,0.0,0.0,0.0,0.0
2023-03-20 18:57:23.718000+00:00,17813504.0,37392384.0,42397696.0,42393600.0,19.99,1.761445411,84.82,24233328.0,0.0,0.0,100891.0,30332964.0,0.0,0.0,117362.0,0.0,0.0,0.0,0.0
2023-03-20 18:57:28.334000+00:00,18001920.0,37322752.0,42434560.0,42430464.0,20.0,1.761445411,84.91,24305147.0,0.0,0.0,100969.0,30408422.0,0.0,0.0,117362.0,0.0,0.0,0.0,0.0
2023-03-20 18:57:33.637000+00:00,18001920.0,37294080.0,42291200.0,42287104.0,20.0,1.761445411,84.96,24320258.0,0.0,0.0,101071.0,30431999.0,0.0,0.0,117584.0,0.0,0.0,0.0,0.0
2023-03-20 18:57:38.839000+00:00,18001920.0,37294080.0,43020288.0,43016192.0,20.03,1.761445411,85.03,24330605.0,0.0,0.0,101143.0,30446461.0,0.0,0.0,117661.0,0.0,0.0,0.0,0.0
2023-03-20 18:57:43.953000+00:00,18001920.0,37928960.0,42962944.0,42958848.0,20.04,1.761445411,85.06,24346976.0,0.0,0.0,101247.0,30469842.0,0.0,0.0,117788.0,0.0,0.0,0.0,0.0
2023-03-20 18:57:48.512000+00:00,18001920.0,37928960.0,42962944.0,42958848.0,20.06,1.761445411,85.17,24346976.0,0.0,0.0,101337.0,30486561.0,0.0,0.0,117888.0,0.0,0.0,0.0,0.0
2023-03-20 18:57:54.522000+00:00,18001920.0,37380096.0,42479616.0,42475520.0,20.08,1.761445411,85.23,24380668.0,0.0,0.0,101484.0,30515678.0,0.0,0.0,118060.0,0.0,0.0,0.0,0.0
2023-03-20 18:57:59.011000+00:00,18001920.0,37933056.0,42958848.0,42954752.0,20.09,1.761445411,85.31,24391670.0,0.0,0.0,101551.0,30531552.0,0.0,0.0,118137.0,0.0,0.0,0.0,0.0
2023-03-20 18:58:04.225000+00:00,18001920.0,37167104.0,42205184.0,42201088.0,20.1,1.761445411,85.42,24466241.0,0.0,0.0,101657.0,30606448.0,0.0,0.0,118248.0,0.0,0.0,0.0,0.0
2023-03-20 18:58:09.337000+00:00,18001920.0,37167104.0,42205184.0,42201088.0,20.11,1.761445411,85.51,24466241.0,0.0,0.0,101657.0,30606448.0,0.0,0.0,118335.0,0.0,0.0,0.0,0.0
2023-03-20 18:58:14.220000+00:00,18001920.0,37965824.0,42967040.0,42962944.0,20.12,1.761445411,85.55,24495817.0,0.0,0.0,101845.0,30647327.0,0.0,0.0,118464.0,0.0,0.0,0.0,0.0
2023-03-20 18:58:18.933000+00:00,18001920.0,37965824.0,42860544.0,42856448.0,20.14,1.761445411,85.55,24506570.0,0.0,0.0,101918.0,30664270.0,0.0,0.0,118549.0,0.0,0.0,0.0,0.0
2023-03-20 18:58:24.298000+00:00,18186240.0,37322752.0,42598400.0,42594304.0,20.15,1.761445411,85.67,24513602.0,0.0,0.0,101972.0,30677418.0,0.0,0.0,118614.0,0.0,0.0,0.0,0.0
2023-03-20 18:58:28.417000+00:00,18186240.0,37777408.0,42774528.0,42770432.0,20.16,1.761445411,85.74,24520441.0,0.0,0.0,102015.0,30689773.0,0.0,0.0,118666.0,0.0,0.0,0.0,0.0
2023-03-20 18:58:33.068000+00:00,18186240.0,37425152.0,42528768.0,42524672.0,20.17,1.761445411,85.76,24529718.0,0.0,0.0,102071.0,30702675.0,0.0,0.0,118730.0,0.0,0.0,0.0,0.0
2023-03-20 18:58:39.856000+00:00,18186240.0,37425152.0,42528768.0,42524672.0,20.2,1.761445411,85.87,24529718.0,0.0,0.0,102216.0,30733714.0,0.0,0.0,118896.0,0.0,0.0,0.0,0.0
2023-03-20 18:58:43.792000+00:00,18186240.0,37605376.0,42762240.0,42758144.0,20.22,1.761445411,85.91,24567949.0,0.0,0.0,102318.0,30755260.0,0.0,0.0,119016.0,0.0,0.0,0.0,0.0
2023-03-20 18:58:49.347000+00:00,18186240.0,37605376.0,42684416.0,42680320.0,20.28,1.761445411,86.0,24582542.0,0.0,0.0,102410.0,30775341.0,0.0,0.0,119125.0,0.0,0.0,0.0,0.0
2023-03-20 18:58:53.192000+00:00,18186240.0,37597184.0,42713088.0,42708992.0,20.28,1.761445411,86.05,24657757.0,0.0,0.0,102508.0,30855967.0,0.0,0.0,119245.0,0.0,0.0,0.0,0.0
2023-03-20 18:58:59.747000+00:00,18186240.0,37597184.0,42713088.0,42708992.0,20.32,1.761445411,86.13,24657757.0,0.0,0.0,102508.0,30855967.0,0.0,0.0,119245.0,0.0,0.0,0.0,0.0
2023-03-20 18:59:04.360000+00:00,18186240.0,37740544.0,42815488.0,42811392.0,20.32,1.761445411,86.16,24674199.0,0.0,0.0,102613.0,30883278.0,0.0,0.0,119368.0,0.0,0.0,0.0,0.0
2023-03-20 18:59:08.913000+00:00,18186240.0,37625856.0,42651648.0,42647552.0,20.34,1.761445411,86.16,24686831.0,0.0,0.0,102696.0,30901307.0,0.0,0.0,119461.0,0.0,0.0,0.0,0.0
2023-03-20 18:59:14.625000+00:00,18186240.0,37797888.0,42995712.0,42991616.0,20.35,1.761445411,86.33,24707862.0,0.0,0.0,102830.0,30929578.0,0.0,0.0,119619.0,0.0,0.0,0.0,0.0
2023-03-20 18:59:19.682000+00:00,18186240.0,37797888.0,42995712.0,42991616.0,20.37,1.761445411,86.4,24707862.0,0.0,0.0,102917.0,30947199.0,0.0,0.0,119714.0,0.0,0.0,0.0,0.0
2023-03-20 18:59:24.408000+00:00,18370560.0,37765120.0,42921984.0,42917888.0,20.38,1.761445411,86.45,24793864.0,0.0,0.0,103011.0,31025147.0,0.0,0.0,119831.0,0.0,0.0,0.0,0.0
2023-03-20 18:59:28.347000+00:00,18370560.0,37543936.0,42840064.0,42835968.0,20.4,1.831030313,86.52,24848810.0,0.0,0.0,103095.0,31042873.0,0.0,0.0,119925.0,0.0,0.0,0.0,0.0
2023-03-20 18:59:34.153000+00:00,18370560.0,37765120.0,42819584.0,42815488.0,20.4,1.831030313,86.57,24881956.0,0.0,0.0,103210.0,31121729.0,0.0,0.0,120063.0,0.0,0.0,0.0,0.0
2023-03-20 18:59:39.015000+00:00,18370560.0,37449728.0,42618880.0,42614784.0,20.43,1.831030313,86.65,24891803.0,0.0,0.0,103257.0,31136520.0,0.0,0.0,120122.0,0.0,0.0,0.0,0.0
2023-03-20 18:59:43.165000+00:00,18370560.0,37908480.0,42938368.0,42934272.0,20.44,1.831030313,86.66,24898748.0,0.0,0.0,103313.0,31149470.0,0.0,0.0,120190.0,0.0,0.0,0.0,0.0
2023-03-20 18:59:48.665000+00:00,18370560.0,37908480.0,42938368.0,43282432.0,20.5,1.831030313,86.66,24981524.0,0.0,0.0,103482.0,31238202.0,0.0,0.0,120387.0,0.0,0.0,0.0,0.0
2023-03-20 18:59:53.032000+00:00,18370560.0,37888000.0,42913792.0,42909696.0,20.52,1.831030313,86.78,24997956.0,0.0,0.0,103593.0,31261531.0,0.0,0.0,120516.0,0.0,0.0,0.0,0.0
2023-03-20 18:59:59.442000+00:00,18370560.0,37888000.0,42913792.0,42909696.0,20.55,1.831030313,86.9,24997956.0,0.0,0.0,103593.0,31261531.0,0.0,0.0,120516.0,0.0,0.0,0.0,0.0
2023-03-20 19:00:04.302000+00:00,18370560.0,37883904.0,42909696.0,42905600.0,20.55,1.831030313,86.95,25164697.0,0.0,0.0,103877.0,31435214.0,0.0,0.0,120845.0,0.0,0.0,0.0,0.0
2023-03-20 19:00:09.498000+00:00,18370560.0,37687296.0,42909696.0,42905600.0,20.57,1.831030313,87.04,25164697.0,0.0,0.0,103877.0,31435214.0,0.0,0.0,120845.0,0.0,0.0,0.0,0.0
2023-03-20 19:00:13.812000+00:00,18370560.0,38215680.0,43298816.0,43294720.0,20.57,1.831030313,87.05,25184228.0,0.0,0.0,104009.0,31465279.0,0.0,0.0,120998.0,0.0,0.0,0.0,0.0
2023-03-20 19:00:19.663000+00:00,18370560.0,38215680.0,43298816.0,43331584.0,20.59,1.831030313,87.05,25264238.0,0.0,0.0,104142.0,31547493.0,0.0,0.0,121145.0,0.0,0.0,0.0,0.0
2023-03-20 19:00:24.454000+00:00,18571264.0,37351424.0,42524672.0,42520576.0,20.62,1.831030313,87.2,25344426.0,0.0,0.0,104276.0,31629000.0,0.0,0.0,121290.0,0.0,0.0,0.0,0.0
2023-03-20 19:00:28.951000+00:00,18571264.0,37351424.0,42524672.0,42520576.0,20.62,1.831030313,87.21,25344426.0,0.0,0.0,104276.0,31629000.0,0.0,0.0,121290.0,0.0,0.0,0.0,0.0
2023-03-20 19:00:34.136000+00:00,18571264.0,38100992.0,43126784.0,43122688.0,20.65,1.831030313,87.33,25369578.0,0.0,0.0,104466.0,31669186.0,0.0,0.0,121530.0,0.0,0.0,0.0,0.0
2023-03-20 19:00:39.625000+00:00,18571264.0,37699584.0,42717184.0,42713088.0,20.66,1.831030313,87.36,25378746.0,0.0,0.0,104530.0,31683376.0,0.0,0.0,121600.0,0.0,0.0,0.0,0.0
2023-03-20 19:00:43.439000+00:00,18571264.0,38117376.0,43188224.0,43184128.0,20.68,1.831519183,87.44,25384256.0,0.0,0.0,104572.0,31694896.0,0.0,0.0,121653.0,0.0,0.0,0.0,0.0
2023-03-20 19:00:49.807000+00:00,18571264.0,38117376.0,42819584.0,42815488.0,20.71,1.834470806,87.47,25391322.0,0.0,0.0,104622.0,31706357.0,0.0,0.0,121712.0,0.0,0.0,0.0,0.0
2023-03-20 19:00:54.273000+00:00,18571264.0,37838848.0,42909696.0,42905600.0,20.73,1.834876912,87.56,25463903.0,0.0,0.0,104710.0,31786586.0,0.0,0.0,121826.0,0.0,0.0,0.0,0.0
2023-03-20 19:00:59.173000+00:00,18571264.0,37838848.0,42909696.0,42905600.0,20.74,1.834876912,87.6,25463903.0,0.0,0.0,104710.0,31786586.0,0.0,0.0,121826.0,0.0,0.0,0.0,0.0
2023-03-20 19:01:04.230000+00:00,18571264.0,38002688.0,43012096.0,43008000.0,20.76,1.835066026,87.67,25477673.0,0.0,0.0,104810.0,31811118.0,0.0,0.0,121946.0,0.0,0.0,0.0,0.0
2023-03-20 19:01:08.569000+00:00,18571264.0,38002688.0,43012096.0,42815488.0,20.77,1.835066026,87.67,25484638.0,0.0,0.0,104856.0,31822758.0,0.0,0.0,121996.0,0.0,0.0,0.0,0.0
2023-03-20 19:01:13.450000+00:00,18571264.0,37515264.0,42631168.0,42627072.0,20.78,1.835066026,87.76,25495847.0,0.0,0.0,104928.0,31839034.0,0.0,0.0,122080.0,0.0,0.0,0.0,0.0
2023-03-20 19:01:18.329000+00:00,18571264.0,37515264.0,42631168.0,42627072.0,20.78,1.835066026,87.78,25495847.0,0.0,0.0,104928.0,31839034.0,0.0,0.0,122172.0,0.0,0.0,0.0,0.0
2023-03-20 19:01:24.638000+00:00,18739200.0,37527552.0,42774528.0,42770432.0,20.82,1.835066026,87.86,25585460.0,0.0,0.0,105135.0,31936237.0,0.0,0.0,122314.0,0.0,0.0,0.0,0.0
2023-03-20 19:01:29.093000+00:00,18739200.0,37527552.0,42774528.0,43175936.0,20.82,1.835066026,87.89,25595944.0,0.0,0.0,105200.0,31951810.0,0.0,0.0,122387.0,0.0,0.0,0.0,0.0
2023-03-20 19:01:33.931000+00:00,18739200.0,37679104.0,42729472.0,42725376.0,20.85,1.835066026,87.98,25672894.0,0.0,0.0,105316.0,32035281.0,0.0,0.0,122530.0,0.0,0.0,0.0,0.0
2023-03-20 19:01:38.464000+00:00,18739200.0,37457920.0,42631168.0,42627072.0,20.85,1.835066026,87.98,25685672.0,0.0,0.0,105398.0,32052125.0,0.0,0.0,122624.0,0.0,0.0,0.0,0.0
2023-03-20 19:01:43.244000+00:00,18739200.0,38244352.0,43454464.0,43450368.0,20.88,1.835066026,88.09,25699125.0,0.0,0.0,105495.0,32071883.0,0.0,0.0,122737.0,0.0,0.0,0.0,0.0
2023-03-20 19:01:49.599000+00:00,18739200.0,38244352.0,43454464.0,43450368.0,20.9,1.835066026,88.15,25699125.0,0.0,0.0,105495.0,32162114.0,0.0,0.0,122916.0,0.0,0.0,0.0,0.0
2023-03-20 19:01:53.736000+00:00,18739200.0,38060032.0,43311104.0,43307008.0,20.92,1.835066026,88.27,25861305.0,0.0,0.0,105764.0,32245838.0,0.0,0.0,123051.0,0.0,0.0,0.0,0.0
2023-03-20 19:01:59.059000+00:00,18739200.0,38060032.0,43311104.0,43307008.0,20.92,1.835066026,88.32,25861305.0,0.0,0.0,105764.0,32245838.0,0.0,0.0,123051.0,0.0,0.0,0.0,0.0
2023-03-20 19:02:04.916000+00:00,18739200.0,37797888.0,42905600.0,42901504.0,20.95,1.835066026,88.4,25965630.0,0.0,0.0,106044.0,32358293.0,0.0,0.0,123371.0,0.0,0.0,0.0,0.0
2023-03-20 19:02:09.792000+00:00,18739200.0,37797888.0,42786816.0,42782720.0,20.95,1.835066026,88.44,25976531.0,0.0,0.0,106121.0,32374330.0,0.0,0.0,123455.0,0.0,0.0,0.0,0.0
2023-03-20 19:02:14.044000+00:00,18739200.0,37490688.0,42790912.0,42786816.0,20.98,1.835066026,88.53,25988540.0,0.0,0.0,106190.0,32389246.0,0.0,0.0,123537.0,0.0,0.0,0.0,0.0
2023-03-20 19:02:18.949000+00:00,18739200.0,37490688.0,42790912.0,42917888.0,20.99,1.835066026,88.56,26069988.0,0.0,0.0,106329.0,32475092.0,0.0,0.0,123688.0,0.0,0.0,0.0,0.0
2023-03-20 19:02:24.683000+00:00,18935808.0,37830656.0,43151360.0,43147264.0,21.02,1.835066026,88.67,26084315.0,0.0,0.0,106425.0,32495630.0,0.0,0.0,123795.0,0.0,0.0,0.0,0.0
2023-03-20 19:02:29.760000+00:00,18935808.0,37830656.0,43151360.0,43147264.0,21.02,1.835066026,88.7,26084315.0,0.0,0.0,106425.0,32495630.0,0.0,0.0,123795.0,0.0,0.0,0.0,0.0
2023-03-20 19:02:33.907000+00:00,18935808.0,37859328.0,42893312.0,42889216.0,21.03,1.835066026,88.76,26175107.0,0.0,0.0,106615.0,32592100.0,0.0,0.0,124005.0,0.0,0.0,0.0,0.0
2023-03-20 19:02:39.704000+00:00,18935808.0,37859328.0,42893312.0,42889216.0,21.04,1.835066026,88.87,26175107.0,0.0,0.0,106757.0,32620390.0,0.0,0.0,124177.0,0.0,0.0,0.0,0.0
2023-03-20 19:02:44.116000+00:00,18935808.0,38166528.0,43241472.0,43237376.0,21.05,1.835066026,88.92,26211385.0,0.0,0.0,106862.0,32644368.0,0.0,0.0,124307.0,0.0,0.0,0.0,0.0
2023-03-20 19:02:49.629000+00:00,18935808.0,37847040.0,42885120.0,42881024.0,21.1,1.835066026,88.98,26217252.0,0.0,0.0,106905.0,32654356.0,0.0,0.0,124351.0,0.0,0.0,0.0,0.0
2023-03-20 19:02:54.457000+00:00,18935808.0,37539840.0,42758144.0,42754048.0,21.11,1.835066026,89.0,26225799.0,0.0,0.0,106961.0,32666847.0,0.0,0.0,124415.0,0.0,0.0,0.0,0.0
2023-03-20 19:02:59.874000+00:00,18935808.0,37539840.0,42758144.0,42754048.0,21.14,1.835066026,89.0,26225799.0,0.0,0.0,106961.0,32666847.0,0.0,0.0,124415.0,0.0,0.0,0.0,0.0
2023-03-20 19:03:04.121000+00:00,18935808.0,37527552.0,42524672.0,42520576.0,21.14,1.835066026,89.13,26254145.0,0.0,0.0,107161.0,32710557.0,0.0,0.0,124661.0,0.0,0.0,0.0,0.0
2023-03-20 19:03:09.351000+00:00,18935808.0,37527552.0,42524672.0,42520576.0,21.16,1.835066026,89.23,26277907.0,0.0,0.0,107317.0,32740527.0,0.0,0.0,124838.0,0.0,0.0,0.0,0.0
2023-03-20 19:03:14.117000+00:00,18935808.0,37617664.0,42700800.0,42696704.0,21.17,1.835066026,89.3,26359996.0,0.0,0.0,107465.0,32831497.0,0.0,0.0,125027.0,0.0,0.0,0.0,0.0
2023-03-20 19:03:19.519000+00:00,18935808.0,37904384.0,43065344.0,43061248.0,21.2,1.836255205,89.42,26378165.0,0.0,0.0,107582.0,32855386.0,0.0,0.0,125168.0,0.0,0.0,0.0,0.0
2023-03-20 19:03:24.282000+00:00,19177472.0,37847040.0,42844160.0,42840064.0,21.22,1.836255205,89.45,26392034.0,0.0,0.0,107685.0,32874163.0,0.0,0.0,125278.0,0.0,0.0,0.0,0.0
2023-03-20 19:03:29.228000+00:00,19177472.0,37847040.0,42844160.0,42840064.0,21.24,1.836255205,89.56,26392034.0,0.0,0.0,107685.0,32874163.0,0.0,0.0,125278.0,0.0,0.0,0.0,0.0
2023-03-20 19:03:34.346000+00:00,19177472.0,38133760.0,43130880.0,43126784.0,21.25,1.836255205,89.61,26494038.0,0.0,0.0,107916.0,32988826.0,0.0,0.0,125563.0,0.0,0.0,0.0,0.0
2023-03-20 19:03:39.340000+00:00,19177472.0,38338560.0,43429888.0,43425792.0,21.27,1.836255205,89.82,26574625.0,0.0,0.0,108049.0,33070374.0,0.0,0.0,125700.0,0.0,0.0,0.0,0.0
2023-03-20 19:03:44.871000+00:00,19177472.0,37642240.0,42643456.0,42639360.0,21.29,1.836255205,89.86,26596447.0,0.0,0.0,108176.0,33097732.0,0.0,0.0,125849.0,0.0,0.0,0.0,0.0
2023-03-20 19:03:49.763000+00:00,19177472.0,37642240.0,42643456.0,42639360.0,21.33,1.836255205,89.99,26596447.0,0.0,0.0,108297.0,33122601.0,0.0,0.0,125983.0,0.0,0.0,0.0,0.0
2023-03-20 19:03:53.906000+00:00,19177472.0,38293504.0,43499520.0,43495424.0,21.33,1.836255205,90.01,26622722.0,0.0,0.0,108346.0,33135402.0,0.0,0.0,126045.0,0.0,0.0,0.0,0.0
2023-03-20 19:03:59.425000+00:00,19177472.0,38293504.0,43499520.0,43495424.0,21.36,1.836255205,90.13,26622722.0,0.0,0.0,108346.0,33135402.0,0.0,0.0,126045.0,0.0,0.0,0.0,0.0
2023-03-20 19:04:03.619000+00:00,19177472.0,38264832.0,43454464.0,43450368.0,21.37,1.836255205,90.16,26792483.0,0.0,0.0,108652.0,33315157.0,0.0,0.0,126399.0,0.0,0.0,0.0,0.0
2023-03-20 19:04:09.312000+00:00,19177472.0,38264832.0,43454464.0,43450368.0,21.41,1.836255205,90.3,26792483.0,0.0,0.0,108652.0,33315157.0,0.0,0.0,126399.0,0.0,0.0,0.0,0.0
2023-03-20 19:04:14.400000+00:00,19177472.0,37687296.0,42827776.0,42823680.0,21.41,1.836255205,90.36,26833453.0,0.0,0.0,108904.0,33366862.0,0.0,0.0,126692.0,0.0,0.0,0.0,0.0
2023-03-20 19:04:19.385000+00:00,19177472.0,37687296.0,43036672.0,43032576.0,21.45,1.836255205,90.46,26855273.0,0.0,0.0,109037.0,33393617.0,0.0,0.0,126844.0,0.0,0.0,0.0,0.0
2023-03-20 19:04:23.824000+00:00,19177472.0,37957632.0,43126784.0,43122688.0,21.45,1.836255205,90.51,26872179.0,0.0,0.0,109149.0,33418090.0,0.0,0.0,126983.0,0.0,0.0,0.0,0.0
2023-03-20 19:04:29.022000+00:00,19177472.0,38354944.0,43126784.0,43122688.0,21.47,1.836255205,90.59,26872179.0,0.0,0.0,109149.0,33418090.0,0.0,0.0,126983.0,0.0,0.0,0.0,0.0
2023-03-20 19:04:33.821000+00:00,19423232.0,37724160.0,42782720.0,42778624.0,21.48,1.836255205,90.66,26958843.0,0.0,0.0,109321.0,33512113.0,0.0,0.0,127176.0,0.0,0.0,0.0,0.0
2023-03-20 19:04:38.806000+00:00,19423232.0,37724160.0,42782720.0,42778624.0,21.51,1.836255205,90.75,26958843.0,0.0,0.0,109388.0,33529067.0,0.0,0.0,127252.0,0.0,0.0,0.0,0.0
2023-03-20 19:04:43.498000+00:00,19423232.0,37957632.0,43139072.0,43134976.0,21.52,1.836255205,90.8,27116388.0,0.0,0.0,109515.0,33614019.0,0.0,0.0,127390.0,0.0,0.0,0.0,0.0
2023-03-20 19:04:49.678000+00:00,19423232.0,37957632.0,43139072.0,43134976.0,21.54,1.837432235,90.8,27116388.0,0.0,0.0,109515.0,33614019.0,0.0,0.0,127536.0,0.0,0.0,0.0,0.0
2023-03-20 19:04:53.880000+00:00,19423232.0,38199296.0,43270144.0,43266048.0,21.54,1.837432235,90.93,27138857.0,0.0,0.0,109654.0,33714157.0,0.0,0.0,127571.0,0.0,0.0,0.0,0.0
2023-03-20 19:04:58.941000+00:00,19423232.0,40067072.0,45592576.0,45588480.0,21.56,1.837432235,91.04,27157116.0,0.0,0.0,109791.0,33739134.0,0.0,0.0,127571.0,0.0,0.0,0.0,0.0
2023-03-20 19:05:04.497000+00:00,19423232.0,38158336.0,43229184.0,43225088.0,21.58,1.837432235,91.12,27242293.0,0.0,0.0,109942.0,33831354.0,0.0,0.0,127918.0,0.0,0.0,0.0,0.0
2023-03-20 19:05:09.009000+00:00,19423232.0,38158336.0,42893312.0,42889216.0,21.58,1.837432235,91.14,27246121.0,0.0,0.0,109975.0,33840954.0,0.0,0.0,127958.0,0.0,0.0,0.0,0.0
2023-03-20 19:05:14.316000+00:00,19423232.0,38293504.0,43462656.0,43458560.0,21.6,1.837432235,91.24,27331703.0,0.0,0.0,110130.0,33929235.0,0.0,0.0,128131.0,0.0,0.0,0.0,0.0
2023-03-20 19:05:19.546000+00:00,19423232.0,38293504.0,43462656.0,43458560.0,21.61,1.837432235,91.28,27404242.0,0.0,0.0,110200.0,34002686.0,0.0,0.0,128205.0,0.0,0.0,0.0,0.0
2023-03-20 19:05:24.531000+00:00,19603456.0,38137856.0,43327488.0,43323392.0,21.63,1.837432235,91.35,27421757.0,0.0,0.0,110306.0,34023698.0,0.0,0.0,128322.0,0.0,0.0,0.0,0.0
2023-03-20 19:05:28.822000+00:00,19603456.0,37961728.0,43032576.0,43028480.0,21.63,1.837432235,91.38,27432379.0,0.0,0.0,110383.0,34039921.0,0.0,0.0,128409.0,0.0,0.0,0.0,0.0
2023-03-20 19:05:34.644000+00:00,19603456.0,38060032.0,43143168.0,43139072.0,21.66,1.837432235,91.48,27450117.0,0.0,0.0,110508.0,34064662.0,0.0,0.0,128558.0,0.0,0.0,0.0,0.0
2023-03-20 19:05:39.555000+00:00,19603456.0,37978112.0,42971136.0,42967040.0,21.66,1.837432235,91.51,27462281.0,0.0,0.0,110596.0,34083627.0,0.0,0.0,128661.0,0.0,0.0,0.0,0.0
2023-03-20 19:05:43.902000+00:00,19603456.0,37953536.0,43167744.0,43163648.0,21.67,1.837432235,91.6,27533302.0,0.0,0.0,110640.0,34091868.0,0.0,0.0,128699.0,0.0,0.0,0.0,0.0
2023-03-20 19:05:49.503000+00:00,19603456.0,38096896.0,43126784.0,43122688.0,21.69,1.837432235,91.6,27551529.0,0.0,0.0,110779.0,34177884.0,0.0,0.0,128857.0,0.0,0.0,0.0,0.0
2023-03-20 19:05:53.031000+00:00,19603456.0,37904384.0,43020288.0,43016192.0,21.72,1.837432235,91.73,27560481.0,0.0,0.0,110849.0,34194670.0,0.0,0.0,128948.0,0.0,0.0,0.0,0.0
2023-03-20 19:05:59.047000+00:00,19603456.0,38174720.0,43171840.0,43167744.0,21.74,1.837432235,91.77,27580928.0,0.0,0.0,110989.0,34221662.0,0.0,0.0,129107.0,0.0,0.0,0.0,0.0
2023-03-20 19:06:03.900000+00:00,19603456.0,38178816.0,43319296.0,43315200.0,21.76,1.837432235,91.86,27596840.0,0.0,0.0,111087.0,34242273.0,0.0,0.0,129218.0,0.0,0.0,0.0,0.0
2023-03-20 19:06:09.279000+00:00,19603456.0,38178816.0,43319296.0,43204608.0,21.76,1.837432235,91.91,27672700.0,0.0,0.0,111174.0,34323740.0,0.0,0.0,129316.0,0.0,0.0,0.0,0.0
2023-03-20 19:06:13.951000+00:00,19603456.0,38060032.0,43192320.0,43188224.0,21.78,1.837432235,92.01,27686138.0,0.0,0.0,111275.0,34342795.0,0.0,0.0,129431.0,0.0,0.0,0.0,0.0
2023-03-20 19:06:18.522000+00:00,19603456.0,38060032.0,43458560.0,43454464.0,21.79,1.837432235,92.07,27702801.0,0.0,0.0,111389.0,34366409.0,0.0,0.0,129565.0,0.0,0.0,0.0,0.0
2023-03-20 19:06:23.180000+00:00,19603456.0,37695488.0,42786816.0,42782720.0,21.81,1.837432235,92.18,27723095.0,0.0,0.0,111525.0,34393757.0,0.0,0.0,129725.0,0.0,0.0,0.0,0.0
2023-03-20 19:06:29.760000+00:00,19603456.0,37695488.0,42786816.0,42782720.0,21.82,1.837432235,92.18,27723095.0,0.0,0.0,111525.0,34393757.0,0.0,0.0,129725.0,0.0,0.0,0.0,0.0
2023-03-20 19:06:34.651000+00:00,19824640.0,38121472.0,43155456.0,43151360.0,21.84,1.837432235,92.27,27747765.0,0.0,0.0,111676.0,34429243.0,0.0,0.0,129906.0,0.0,0.0,0.0,0.0
2023-03-20 19:06:39.141000+00:00,19824640.0,38121472.0,42627072.0,42622976.0,21.85,1.837432235,92.27,27752655.0,0.0,0.0,111708.0,34439023.0,0.0,0.0,129942.0,0.0,0.0,0.0,0.0
2023-03-20 19:06:43.580000+00:00,19824640.0,38359040.0,43528192.0,43524096.0,21.87,1.837432235,92.37,27901487.0,0.0,0.0,111842.0,34526226.0,0.0,0.0,130088.0,0.0,0.0,0.0,0.0
2023-03-20 19:06:49.012000+00:00,19824640.0,38158336.0,43212800.0,43208704.0,21.91,1.837432235,92.44,27990426.0,0.0,0.0,112012.0,34631225.0,0.0,0.0,130281.0,0.0,0.0,0.0,0.0
2023-03-20 19:06:54.831000+00:00,19824640.0,38162432.0,43290624.0,43286528.0,21.94,1.837432235,92.53,28088195.0,0.0,0.0,112244.0,34787132.0,0.0,0.0,130560.0,0.0,0.0,0.0,0.0
2023-03-20 19:06:59.563000+00:00,19824640.0,37953536.0,43073536.0,43069440.0,21.95,1.837432235,92.55,28101616.0,0.0,0.0,112309.0,34805901.0,0.0,0.0,130637.0,0.0,0.0,0.0,0.0
2023-03-20 19:07:04.835000+00:00,19824640.0,37851136.0,43024384.0,43020288.0,21.98,1.837432235,92.63,28112219.0,0.0,0.0,112387.0,34822613.0,0.0,0.0,130729.0,0.0,0.0,0.0,0.0
2023-03-20 19:07:09.532000+00:00,19824640.0,37851136.0,43024384.0,43020288.0,21.98,1.837432235,92.64,28112219.0,0.0,0.0,112387.0,34822613.0,0.0,0.0,130760.0,0.0,0.0,0.0,0.0
2023-03-20 19:07:13.303000+00:00,19824640.0,37822464.0,42921984.0,42917888.0,21.99,1.837432235,92.74,28124297.0,0.0,0.0,112469.0,34843792.0,0.0,0.0,130826.0,0.0,0.0,0.0,0.0
2023-03-20 19:07:18.590000+00:00,19824640.0,37822464.0,43577344.0,43573248.0,22.0,1.837432235,92.8,28213282.0,0.0,0.0,112646.0,34935187.0,0.0,0.0,131016.0,0.0,0.0,0.0,0.0
2023-03-20 19:07:23.762000+00:00,19824640.0,38068224.0,43302912.0,43298816.0,22.04,1.839234742,92.9,28251966.0,0.0,0.0,112812.0,34966141.0,0.0,0.0,131205.0,0.0,0.0,0.0,0.0
2023-03-20 19:07:29.021000+00:00,20025344.0,38068224.0,43302912.0,43298816.0,22.05,1.839234742,92.93,28251966.0,0.0,0.0,112812.0,34966141.0,0.0,0.0,131205.0,0.0,0.0,0.0,0.0
2023-03-20 19:07:34.622000+00:00,20025344.0,37310464.0,42868736.0,42864640.0,22.08,1.839234742,93.07,28402719.0,0.0,0.0,113045.0,35139996.0,0.0,0.0,131480.0,0.0,0.0,0.0,0.0
2023-03-20 19:07:38.178000+00:00,20025344.0,37310464.0,42868736.0,42864640.0,22.08,1.839234742,93.08,28408874.0,0.0,0.0,113088.0,35151121.0,0.0,0.0,131529.0,0.0,0.0,0.0,0.0
2023-03-20 19:07:43.909000+00:00,20025344.0,38039552.0,43204608.0,43200512.0,22.08,1.839234742,93.12,28489668.0,0.0,0.0,113179.0,35167192.0,0.0,0.0,131622.0,0.0,0.0,0.0,0.0
2023-03-20 19:07:49.636000+00:00,20025344.0,38039552.0,42975232.0,42971136.0,22.14,1.842320527,93.26,28578857.0,0.0,0.0,113335.0,35269164.0,0.0,0.0,131795.0,0.0,0.0,0.0,0.0
2023-03-20 19:07:54.216000+00:00,20025344.0,38068224.0,43139072.0,43134976.0,22.15,1.842320527,93.31,28734315.0,0.0,0.0,113519.0,35487937.0,0.0,0.0,132029.0,0.0,0.0,0.0,0.0
2023-03-20 19:07:58.942000+00:00,20025344.0,38068224.0,43139072.0,43134976.0,22.18,1.842320527,93.41,28734315.0,0.0,0.0,113519.0,35487937.0,0.0,0.0,132153.0,0.0,0.0,0.0,0.0
2023-03-20 19:08:04.579000+00:00,20025344.0,37957632.0,42954752.0,42950656.0,22.19,1.842320527,93.44,28767579.0,0.0,0.0,113754.0,35534053.0,0.0,0.0,132300.0,0.0,0.0,0.0,0.0
2023-03-20 19:08:09.259000+00:00,20025344.0,37957632.0,43061248.0,43057152.0,22.23,1.842320527,93.53,28784662.0,0.0,0.0,113854.0,35556535.0,0.0,0.0,132414.0,0.0,0.0,0.0,0.0
2023-03-20 19:08:14.137000+00:00,20025344.0,37629952.0,42627072.0,42622976.0,22.24,1.842320527,93.56,28793930.0,0.0,0.0,113916.0,35570234.0,0.0,0.0,132483.0,0.0,0.0,0.0,0.0
2023-03-20 19:08:19.238000+00:00,20025344.0,37629952.0,42627072.0,42622976.0,22.26,1.842320527,93.72,28793930.0,0.0,0.0,113916.0,35808859.0,0.0,0.0,132771.0,0.0,0.0,0.0,0.0
2023-03-20 19:08:24.479000+00:00,20246528.0,37531648.0,42545152.0,42541056.0,22.27,1.842320527,93.77,29048129.0,0.0,0.0,114284.0,35829450.0,0.0,0.0,132893.0,0.0,0.0,0.0,0.0
2023-03-20 19:08:29.881000+00:00,20246528.0,37531648.0,42545152.0,42541056.0,22.3,1.842320527,93.9,29048129.0,0.0,0.0,114284.0,35829450.0,0.0,0.0,132893.0,0.0,0.0,0.0,0.0
2023-03-20 19:08:34.306000+00:00,20246528.0,37871616.0,42995712.0,42991616.0,22.3,1.842320527,93.93,29153941.0,0.0,0.0,114533.0,35947863.0,0.0,0.0,133183.0,0.0,0.0,0.0,0.0
2023-03-20 19:08:38.454000+00:00,20246528.0,37658624.0,42995712.0,42991616.0,22.34,1.846028715,93.93,29153941.0,0.0,0.0,114533.0,35947863.0,0.0,0.0,133183.0,0.0,0.0,0.0,0.0
2023-03-20 19:08:44.503000+00:00,20246528.0,37797888.0,42795008.0,42790912.0,22.34,1.846028715,94.14,29191436.0,0.0,0.0,114756.0,35996705.0,0.0,0.0,133446.0,0.0,0.0,0.0,0.0
2023-03-20 19:08:49.412000+00:00,20246528.0,37797888.0,43282432.0,43278336.0,22.38,1.846028715,94.24,29275201.0,0.0,0.0,114867.0,36079739.0,0.0,0.0,133557.0,0.0,0.0,0.0,0.0
2023-03-20 19:08:54.429000+00:00,20246528.0,37756928.0,42795008.0,42790912.0,22.4,1.846028715,94.27,29358578.0,0.0,0.0,114979.0,36113481.0,0.0,0.0,133672.0,0.0,0.0,0.0,0.0
2023-03-20 19:08:59.183000+00:00,20246528.0,37560320.0,42663936.0,42659840.0,22.42,1.846028715,94.38,29388897.0,0.0,0.0,115166.0,36200840.0,0.0,0.0,133885.0,0.0,0.0,0.0,0.0
2023-03-20 19:09:04.209000+00:00,20246528.0,38047744.0,43118592.0,43114496.0,22.43,1.846028715,94.41,29479134.0,0.0,0.0,115313.0,36292531.0,0.0,0.0,134051.0,0.0,0.0,0.0,0.0
2023-03-20 19:09:09.678000+00:00,20246528.0,38047744.0,43118592.0,43114496.0,22.44,1.846028715,94.51,29491399.0,0.0,0.0,115382.0,36311018.0,0.0,0.0,134132.0,0.0,0.0,0.0,0.0
2023-03-20 19:09:14.530000+00:00,20246528.0,37662720.0,42672128.0,42668032.0,22.45,1.846028715,94.54,29503328.0,0.0,0.0,115462.0,36326864.0,0.0,0.0,134212.0,0.0,0.0,0.0,0.0
2023-03-20 19:09:19.745000+00:00,20246528.0,38084608.0,42672128.0,42668032.0,22.48,1.846028715,94.64,29503328.0,0.0,0.0,115462.0,36326864.0,0.0,0.0,134212.0,0.0,0.0,0.0,0.0
2023-03-20 19:09:24.610000+00:00,20488192.0,37519360.0,42602496.0,42598400.0,22.48,1.846028715,94.68,29547564.0,0.0,0.0,115756.0,36385865.0,0.0,0.0,134563.0,0.0,0.0,0.0,0.0
2023-03-20 19:09:28.209000+00:00,20488192.0,37519360.0,42602496.0,42598400.0,22.52,1.846028715,94.77,29547564.0,0.0,0.0,115756.0,36385865.0,0.0,0.0,134563.0,0.0,0.0,0.0,0.0
2023-03-20 19:09:33.672000+00:00,20488192.0,37687296.0,42717184.0,42713088.0,22.53,1.846028715,94.78,29564104.0,0.0,0.0,115871.0,36413983.0,0.0,0.0,134696.0,0.0,0.0,0.0,0.0
2023-03-20 19:09:39.551000+00:00,20488192.0,37687296.0,42717184.0,43134976.0,22.56,1.846028715,94.78,29647789.0,0.0,0.0,115985.0,36504264.0,0.0,0.0,134839.0,0.0,0.0,0.0,0.0
2023-03-20 19:09:44.046000+00:00,20488192.0,38023168.0,43167744.0,43163648.0,22.57,1.846028715,94.91,29665756.0,0.0,0.0,116099.0,36527175.0,0.0,0.0,134965.0,0.0,0.0,0.0,0.0
2023-03-20 19:09:49.509000+00:00,20488192.0,38080512.0,43319296.0,43315200.0,22.62,1.907777622,95.02,29694604.0,0.0,0.0,116292.0,36564957.0,0.0,0.0,135194.0,0.0,0.0,0.0,0.0
2023-03-20 19:09:54.624000+00:00,20488192.0,38055936.0,43057152.0,43053056.0,22.62,1.911895172,95.08,29715147.0,0.0,0.0,116409.0,36591781.0,0.0,0.0,135337.0,0.0,0.0,0.0,0.0
2023-03-20 19:09:58.054000+00:00,20488192.0,37679104.0,42754048.0,42749952.0,22.62,1.911895172,95.1,29721462.0,0.0,0.0,116459.0,36603774.0,0.0,0.0,135396.0,0.0,0.0,0.0,0.0
2023-03-20 19:10:04.303000+00:00,20488192.0,38109184.0,43151360.0,43147264.0,22.63,1.911895172,95.18,29805975.0,0.0,0.0,116583.0,36689964.0,0.0,0.0,135531.0,0.0,0.0,0.0,0.0
2023-03-20 19:10:08.084000+00:00,20488192.0,38109184.0,43151360.0,43147264.0,22.63,1.911895172,95.2,29805975.0,0.0,0.0,116583.0,36689964.0,0.0,0.0,135566.0,0.0,0.0,0.0,0.0
2023-03-20 19:10:14.711000+00:00,20488192.0,37675008.0,42733568.0,42729472.0,22.66,1.911895172,95.28,29828197.0,0.0,0.0,116729.0,36723773.0,0.0,0.0,135702.0,0.0,0.0,0.0,0.0
2023-03-20 19:10:18.119000+00:00,20488192.0,37675008.0,42971136.0,42967040.0,22.66,1.911895172,95.3,29831905.0,0.0,0.0,116757.0,36732072.0,0.0,0.0,135733.0,0.0,0.0,0.0,0.0
2023-03-20 19:10:23.766000+00:00,20488192.0,37707776.0,42762240.0,42758144.0,22.68,1.912077267,95.43,29858687.0,0.0,0.0,116933.0,36765961.0,0.0,0.0,135939.0,0.0,0.0,0.0,0.0
2023-03-20 19:10:28.053000+00:00,20701184.0,37707776.0,42762240.0,42758144.0,22.69,1.912077267,95.45,29858687.0,0.0,0.0,116933.0,36765961.0,0.0,0.0,135939.0,0.0,0.0,0.0,0.0
2023-03-20 19:10:34.767000+00:00,20701184.0,37519360.0,42737664.0,42733568.0,22.71,1.912077267,95.58,29966179.0,0.0,0.0,117191.0,36886422.0,0.0,0.0,136249.0,0.0,0.0,0.0,0.0
2023-03-20 19:10:39.584000+00:00,20701184.0,37519360.0,42737664.0,42733568.0,22.71,1.912077267,95.61,29966179.0,0.0,0.0,117247.0,36898073.0,0.0,0.0,136308.0,0.0,0.0,0.0,0.0
2023-03-20 19:10:44.010000+00:00,20701184.0,37511168.0,42622976.0,42618880.0,22.74,1.912077267,95.73,30060268.0,0.0,0.0,117368.0,36991055.0,0.0,0.0,136459.0,0.0,0.0,0.0,0.0
2023-03-20 19:10:48.780000+00:00,20701184.0,37511168.0,42622976.0,42618880.0,22.76,1.912077267,95.77,30060268.0,0.0,0.0,117368.0,36991055.0,0.0,0.0,136576.0,0.0,0.0,0.0,0.0
2023-03-20 19:10:54.799000+00:00,20701184.0,37445632.0,42491904.0,42487808.0,22.78,1.912077267,95.88,30171721.0,0.0,0.0,117661.0,37111559.0,0.0,0.0,136792.0,0.0,0.0,0.0,0.0
2023-03-20 19:10:59.083000+00:00,20701184.0,37916672.0,42913792.0,42909696.0,22.79,1.912077267,95.9,30181237.0,0.0,0.0,117717.0,37126893.0,0.0,0.0,136856.0,0.0,0.0,0.0,0.0
2023-03-20 19:11:04.653000+00:00,20701184.0,38092800.0,43331584.0,43327488.0,22.81,1.912077267,96.02,30196517.0,0.0,0.0,117830.0,37147282.0,0.0,0.0,136984.0,0.0,0.0,0.0,0.0
2023-03-20 19:11:09.005000+00:00,20701184.0,38092800.0,42844160.0,42840064.0,22.82,1.912077267,96.02,30215447.0,0.0,0.0,117959.0,37171070.0,0.0,0.0,137128.0,0.0,0.0,0.0,0.0
2023-03-20 19:11:14.576000+00:00,20701184.0,37859328.0,42954752.0,42950656.0,22.84,1.912077267,96.19,30303209.0,0.0,0.0,118094.0,37234483.0,0.0,0.0,137281.0,0.0,0.0,0.0,0.0
2023-03-20 19:11:19.256000+00:00,20701184.0,37953536.0,43077632.0,43073536.0,22.86,1.912077267,96.24,30320797.0,0.0,0.0,118217.0,37289814.0,0.0,0.0,137432.0,0.0,0.0,0.0,0.0
2023-03-20 19:11:23.509000+00:00,20701184.0,37830656.0,42995712.0,42991616.0,22.9,1.912077267,96.34,30416461.0,0.0,0.0,118393.0,37385818.0,0.0,0.0,137625.0,0.0,0.0,0.0,0.0
2023-03-20 19:11:28.452000+00:00,20951040.0,37830656.0,42995712.0,42991616.0,22.9,1.912077267,96.38,30416461.0,0.0,0.0,118393.0,37385818.0,0.0,0.0,137625.0,0.0,0.0,0.0,0.0
2023-03-20 19:11:33.875000+00:00,20951040.0,37945344.0,43155456.0,43151360.0,22.93,1.912077267,96.48,30518049.0,0.0,0.0,118600.0,37500718.0,0.0,0.0,137877.0,0.0,0.0,0.0,0.0
2023-03-20 19:11:38.852000+00:00,20951040.0,38055936.0,43114496.0,43110400.0,22.94,1.912077267,96.51,30538244.0,0.0,0.0,118716.0,37525664.0,0.0,0.0,138003.0,0.0,0.0,0.0,0.0
2023-03-20 19:11:44.216000+00:00,20951040.0,37900288.0,43098112.0,43094016.0,22.96,1.912077267,96.62,30549777.0,0.0,0.0,118792.0,37542854.0,0.0,0.0,138093.0,0.0,0.0,0.0,0.0
2023-03-20 19:11:48.831000+00:00,20951040.0,37900288.0,42905600.0,42901504.0,22.97,1.912077267,96.65,30560431.0,0.0,0.0,118867.0,37559984.0,0.0,0.0,138184.0,0.0,0.0,0.0,0.0
2023-03-20 19:11:54.408000+00:00,20951040.0,38281216.0,43327488.0,43323392.0,23.0,1.912077267,96.74,30651586.0,0.0,0.0,119032.0,37653084.0,0.0,0.0,138360.0,0.0,0.0,0.0,0.0
2023-03-20 19:11:59.262000+00:00,20951040.0,38281216.0,43327488.0,43323392.0,23.01,1.912077267,96.76,30651586.0,0.0,0.0,119032.0,37653084.0,0.0,0.0,138360.0,0.0,0.0,0.0,0.0
2023-03-20 19:12:04.864000+00:00,20951040.0,37789696.0,42979328.0,42975232.0,23.04,1.912077267,96.83,30674325.0,0.0,0.0,119166.0,37686392.0,0.0,0.0,138518.0,0.0,0.0,0.0,0.0
2023-03-20 19:12:09.673000+00:00,20951040.0,37789696.0,42979328.0,42975232.0,23.05,1.912077267,96.86,30674325.0,0.0,0.0,119282.0,37773086.0,0.0,0.0,138636.0,0.0,0.0,0.0,0.0
2023-03-20 19:12:14.835000+00:00,20951040.0,37466112.0,43089920.0,43085824.0,23.1,1.912077267,97.0,30781673.0,0.0,0.0,119419.0,37798427.0,0.0,0.0,138791.0,0.0,0.0,0.0,0.0
2023-03-20 19:12:18.436000+00:00,20951040.0,37838848.0,43089920.0,43085824.0,23.1,1.912077267,97.01,30781673.0,0.0,0.0,119419.0,37798427.0,0.0,0.0,138791.0,0.0,0.0,0.0,0.0
2023-03-20 19:12:24.748000+00:00,21123072.0,37990400.0,43290624.0,43286528.0,23.12,1.912077267,97.13,30797371.0,0.0,0.0,119527.0,37827966.0,0.0,0.0,138930.0,0.0,0.0,0.0,0.0
2023-03-20 19:12:29.411000+00:00,21123072.0,37990400.0,43290624.0,43286528.0,23.13,1.912077267,97.17,30797371.0,0.0,0.0,119527.0,37827966.0,0.0,0.0,138930.0,0.0,0.0,0.0,0.0
2023-03-20 19:12:33.995000+00:00,21123072.0,37814272.0,43073536.0,43069440.0,23.14,1.91429096,97.27,30832490.0,0.0,0.0,119760.0,37875490.0,0.0,0.0,139209.0,0.0,0.0,0.0,0.0
2023-03-20 19:12:39.531000+00:00,21123072.0,37437440.0,42430464.0,42426368.0,23.15,1.91429096,97.29,30840701.0,0.0,0.0,119816.0,37889778.0,0.0,0.0,139276.0,0.0,0.0,0.0,0.0
2023-03-20 19:12:44.366000+00:00,21123072.0,37969920.0,43335680.0,43331584.0,23.17,1.91429096,97.37,30848100.0,0.0,0.0,119865.0,37900818.0,0.0,0.0,139332.0,0.0,0.0,0.0,0.0
2023-03-20 19:12:48.808000+00:00,21123072.0,37654528.0,42741760.0,42737664.0,23.19,1.91429096,97.4,30854842.0,0.0,0.0,119917.0,37914573.0,0.0,0.0,139394.0,0.0,0.0,0.0,0.0
2023-03-20 19:12:54.115000+00:00,21123072.0,37593088.0,42610688.0,42606592.0,23.2,1.91429096,97.42,30869102.0,0.0,0.0,120012.0,37934408.0,0.0,0.0,139501.0,0.0,0.0,0.0,0.0
2023-03-20 19:12:58.436000+00:00,21123072.0,37593088.0,42610688.0,42606592.0,23.24,1.91429096,97.48,30869102.0,0.0,0.0,120012.0,37934408.0,0.0,0.0,139501.0,0.0,0.0,0.0,0.0
2023-03-20 19:13:04.478000+00:00,21123072.0,37441536.0,42614784.0,42610688.0,23.24,1.91429096,97.54,30893778.0,0.0,0.0,120182.0,37969745.0,0.0,0.0,139689.0,0.0,0.0,0.0,0.0
2023-03-20 19:13:09.311000+00:00,21123072.0,38170624.0,43286528.0,43282432.0,23.26,1.91429096,97.64,30911044.0,0.0,0.0,120269.0,37992000.0,0.0,0.0,139800.0,0.0,0.0,0.0,0.0
2023-03-20 19:13:14.466000+00:00,21123072.0,38068224.0,43171840.0,43167744.0,23.26,1.91429096,97.68,30927112.0,0.0,0.0,120366.0,38013306.0,0.0,0.0,139910.0,0.0,0.0,0.0,0.0
2023-03-20 19:13:18.154000+00:00,21123072.0,38068224.0,43171840.0,43167744.0,23.29,1.91429096,97.68,30941925.0,0.0,0.0,120465.0,38034834.0,0.0,0.0,140025.0,0.0,0.0,0.0,0.0
2023-03-20 19:13:23.910000+00:00,21123072.0,37560320.0,42622976.0,42618880.0,23.3,1.91429096,97.8,30963713.0,0.0,0.0,120615.0,38062566.0,0.0,0.0,140195.0,0.0,0.0,0.0,0.0
2023-03-20 19:13:28.271000+00:00,21340160.0,37560320.0,42622976.0,42618880.0,23.32,1.91429096,97.88,30963713.0,0.0,0.0,120615.0,38062566.0,0.0,0.0,140195.0,0.0,0.0,0.0,0.0
2023-03-20 19:13:34.294000+00:00,21340160.0,38191104.0,43315200.0,43311104.0,23.32,1.91429096,97.9,30990911.0,0.0,0.0,120790.0,38100843.0,0.0,0.0,140402.0,0.0,0.0,0.0,0.0
2023-03-20 19:13:39.520000+00:00,21340160.0,38191104.0,43315200.0,43311104.0,23.36,1.91429096,98.08,30990911.0,0.0,0.0,120790.0,38192777.0,0.0,0.0,140529.0,0.0,0.0,0.0,0.0
2023-03-20 19:13:44.327000+00:00,21340160.0,37777408.0,43159552.0,43155456.0,23.37,1.91429096,98.14,31104045.0,0.0,0.0,121044.0,38223103.0,0.0,0.0,140699.0,0.0,0.0,0.0,0.0
2023-03-20 19:13:49.399000+00:00,21340160.0,37777408.0,43159552.0,43155456.0,23.42,1.917303777,98.26,31104045.0,0.0,0.0,121044.0,38223103.0,0.0,0.0,140699.0,0.0,0.0,0.0,0.0
2023-03-20 19:13:54.882000+00:00,21340160.0,38219776.0,43253760.0,43249664.0,23.43,1.917303777,98.3,31216374.0,0.0,0.0,121301.0,38350949.0,0.0,0.0,141010.0,0.0,0.0,0.0,0.0
2023-03-20 19:13:58.722000+00:00,21340160.0,38219776.0,43253760.0,43249664.0,23.44,1.917303777,98.38,31216374.0,0.0,0.0,121301.0,38350949.0,0.0,0.0,141010.0,0.0,0.0,0.0,0.0
2023-03-20 19:14:04.640000+00:00,21340160.0,37855232.0,42954752.0,42950656.0,23.46,1.917303777,98.4,31305274.0,0.0,0.0,121429.0,38444547.0,0.0,0.0,141147.0,0.0,0.0,0.0,0.0
2023-03-20 19:14:09.413000+00:00,21340160.0,37855232.0,42700800.0,42696704.0,23.48,1.917303777,98.46,31312695.0,0.0,0.0,121470.0,38458129.0,0.0,0.0,141194.0,0.0,0.0,0.0,0.0
2023-03-20 19:14:14.815000+00:00,21340160.0,37920768.0,43069440.0,43065344.0,23.5,1.917303777,98.5,31335442.0,0.0,0.0,121619.0,38488559.0,0.0,0.0,141369.0,0.0,0.0,0.0,0.0
2023-03-20 19:14:19.501000+00:00,21340160.0,37920768.0,43069440.0,43065344.0,23.53,1.917303777,98.59,31335442.0,0.0,0.0,121735.0,38576225.0,0.0,0.0,141494.0,0.0,0.0,0.0,0.0
2023-03-20 19:14:24.551000+00:00,21516288.0,37871616.0,42950656.0,42946560.0,23.54,1.917303777,98.61,31432666.0,0.0,0.0,121796.0,38590665.0,0.0,0.0,141561.0,0.0,0.0,0.0,0.0
2023-03-20 19:14:29.767000+00:00,21516288.0,37871616.0,42950656.0,42946560.0,23.56,1.917303777,98.7,31432666.0,0.0,0.0,121796.0,38590665.0,0.0,0.0,141561.0,0.0,0.0,0.0,0.0
2023-03-20 19:14:34.787000+00:00,21516288.0,37826560.0,42823680.0,42819584.0,23.56,1.917303777,98.74,31459760.0,0.0,0.0,121986.0,38630399.0,0.0,0.0,141787.0,0.0,0.0,0.0,0.0
2023-03-20 19:14:39.021000+00:00,21516288.0,37433344.0,42524672.0,42520576.0,23.58,1.917303777,98.83,31465869.0,0.0,0.0,122026.0,38641464.0,0.0,0.0,141835.0,0.0,0.0,0.0,0.0
2023-03-20 19:14:44.514000+00:00,21516288.0,37421056.0,42479616.0,42475520.0,23.59,1.917303777,98.87,31477245.0,0.0,0.0,122116.0,38658205.0,0.0,0.0,141936.0,0.0,0.0,0.0,0.0
2023-03-20 19:14:48.006000+00:00,21516288.0,37421056.0,42844160.0,42840064.0,23.6,1.917303777,98.92,31484895.0,0.0,0.0,122165.0,38671362.0,0.0,0.0,141999.0,0.0,0.0,0.0,0.0
2023-03-20 19:14:53.377000+00:00,21516288.0,38031360.0,43225088.0,43220992.0,23.62,1.917303777,99.01,31500222.0,0.0,0.0,122271.0,38692186.0,0.0,0.0,142121.0,0.0,0.0,0.0,0.0
2023-03-20 19:14:58.906000+00:00,21516288.0,38031360.0,43225088.0,43220992.0,23.63,1.917303777,99.03,31500222.0,0.0,0.0,122271.0,38692186.0,0.0,0.0,142121.0,0.0,0.0,0.0,0.0
