timestamp,rt_web_get_shipping_calcid_seconds_count,rt_web_get_shipping_calcid_seconds_sum,rt_web_get_shipping_code_seconds_count,rt_web_get_shipping_code_seconds_sum,rt_web_get_shipping_postconfirm_seconds_count,rt_web_get_shipping_postconfirm_seconds_sum
2023-03-25 09:00:04.729000+00:00,57.0,,58.0,,50.0,
2023-03-25 09:00:09.729000+00:00,61.0,0.02200000000000002,61.0,0.015000000000000013,53.0,0.03400000000000003
2023-03-25 09:00:14.729000+00:00,62.0,0.0050000000000000044,63.0,0.010000000000000009,54.0,0.01100000000000012
2023-03-25 09:00:19.729000+00:00,65.0,0.025999999999999968,65.0,0.013000000000000012,56.0,0.02200000000000002
2023-03-25 09:00:24.729000+00:00,68.0,0.016000000000000014,69.0,0.02300000000000002,59.0,0.028999999999999915
2023-03-25 09:00:29.729000+00:00,74.0,0.029000000000000026,75.0,0.03199999999999992,64.0,0.04600000000000004
2023-03-25 09:00:34.729000+00:00,76.0,0.01200000000000001,77.0,0.01100000000000001,66.0,0.020000000000000018
2023-03-25 09:00:39.729000+00:00,78.0,0.01100000000000001,79.0,0.01100000000000001,67.0,0.010000000000000009
2023-03-25 09:00:44.729000+00:00,79.0,0.0050000000000000044,80.0,0.006000000000000005,68.0,0.010999999999999899
2023-03-25 09:00:49.729000+00:00,80.0,0.005999999999999894,80.0,0.0,69.0,0.010000000000000009
2023-03-25 09:00:54.729000+00:00,81.0,0.006000000000000005,82.0,0.01200000000000001,69.0,0.0
2023-03-25 09:00:59.729000+00:00,82.0,0.0050000000000000044,83.0,0.007000000000000006,70.0,0.018000000000000016
2023-03-25 09:01:04.729000+00:00,84.0,0.01100000000000001,85.0,0.01200000000000001,72.0,0.027000000000000135
2023-03-25 09:01:09.729000+00:00,86.0,0.01200000000000001,86.0,0.01100000000000001,74.0,0.016999999999999904
2023-03-25 09:01:14.729000+00:00,87.0,0.0050000000000000044,88.0,0.010000000000000009,75.0,0.010999999999999899
2023-03-25 09:01:19.729000+00:00,88.0,0.0050000000000000044,88.0,0.0,76.0,0.015000000000000124
2023-03-25 09:01:24.729000+00:00,89.0,0.0050000000000000044,89.0,0.0050000000000000044,77.0,0.010000000000000009
2023-03-25 09:01:29.729000+00:00,91.0,0.010000000000000009,92.0,0.017999999999999905,78.0,0.010000000000000009
2023-03-25 09:01:34.729000+00:00,93.0,0.013000000000000012,93.0,0.006000000000000005,80.0,0.018000000000000016
2023-03-25 09:01:39.729000+00:00,95.0,0.010000000000000009,95.0,0.01100000000000001,81.0,0.014000000000000012
2023-03-25 09:01:44.729000+00:00,98.0,0.016000000000000014,98.0,0.016000000000000014,83.0,0.020000000000000018
2023-03-25 09:01:49.729000+00:00,99.0,0.0050000000000000044,99.0,0.006000000000000005,84.0,0.008000000000000007
2023-03-25 09:01:54.729000+00:00,101.0,0.009000000000000008,101.0,0.01200000000000001,85.0,0.008999999999999897
2023-03-25 09:01:59.729000+00:00,101.0,0.0,102.0,0.006000000000000005,86.0,0.0129999999999999
2023-03-25 09:02:04.729000+00:00,103.0,0.0129999999999999,104.0,0.016000000000000014,88.0,0.025000000000000133
2023-03-25 09:02:09.729000+00:00,106.0,0.017000000000000015,107.0,0.018000000000000016,91.0,0.028000000000000025
2023-03-25 09:02:14.729000+00:00,111.0,0.025000000000000022,111.0,0.02300000000000002,96.0,0.04499999999999993
2023-03-25 09:02:19.729000+00:00,111.0,0.0,112.0,0.007000000000000006,96.0,0.0
2023-03-25 09:02:24.729000+00:00,114.0,0.015000000000000013,114.0,0.009999999999999898,98.0,0.016000000000000014
2023-03-25 09:02:29.729000+00:00,119.0,0.025000000000000022,120.0,0.030000000000000027,102.0,0.040000000000000036
2023-03-25 09:02:34.729000+00:00,120.0,0.0050000000000000044,122.0,0.01100000000000001,103.0,0.010000000000000009
2023-03-25 09:02:39.729000+00:00,123.0,0.014000000000000012,125.0,0.013000000000000012,106.0,0.030000000000000027
2023-03-25 09:02:44.729000+00:00,128.0,0.03299999999999992,129.0,0.02400000000000002,110.0,0.038000000000000034
2023-03-25 09:02:49.729000+00:00,130.0,0.009000000000000008,131.0,0.010999999999999899,110.0,0.0
2023-03-25 09:02:54.729000+00:00,132.0,0.010000000000000009,132.0,0.0050000000000001155,111.0,0.010999999999999899
2023-03-25 09:02:59.729000+00:00,132.0,0.0,132.0,0.0,111.0,0.0
2023-03-25 09:03:04.729000+00:00,133.0,0.0050000000000000044,133.0,0.006000000000000005,112.0,0.006999999999999895
2023-03-25 09:03:09.729000+00:00,135.0,0.009000000000000008,135.0,0.010999999999999899,114.0,0.020000000000000018
2023-03-25 09:03:14.729000+00:00,136.0,0.0040000000000000036,136.0,0.0050000000000001155,115.0,0.009000000000000119
2023-03-25 09:03:19.729000+00:00,138.0,0.013000000000000012,138.0,0.0129999999999999,116.0,0.01200000000000001
2023-03-25 09:03:24.729000+00:00,138.0,0.0,139.0,0.006000000000000005,116.0,0.0
2023-03-25 09:03:29.729000+00:00,141.0,0.016000000000000014,142.0,0.016000000000000014,118.0,0.02200000000000002
2023-03-25 09:03:34.729000+00:00,144.0,0.016000000000000014,144.0,0.01200000000000001,120.0,0.020000000000000018
2023-03-25 09:03:39.729000+00:00,146.0,0.010000000000000009,146.0,0.010000000000000009,122.0,0.02200000000000002
2023-03-25 09:03:44.729000+00:00,146.0,0.0,146.0,0.0,122.0,0.0
2023-03-25 09:03:49.729000+00:00,148.0,0.010000000000000009,148.0,0.010000000000000009,124.0,0.018000000000000016
2023-03-25 09:03:54.729000+00:00,148.0,0.0,148.0,0.0,124.0,0.0
2023-03-25 09:03:59.729000+00:00,149.0,0.0040000000000000036,149.0,0.004999999999999893,125.0,0.01200000000000001
2023-03-25 09:04:04.729000+00:00,152.0,0.015999999999999903,153.0,0.02100000000000013,128.0,0.03699999999999992
2023-03-25 09:04:09.729000+00:00,153.0,0.0050000000000000044,153.0,0.0,128.0,0.0
2023-03-25 09:04:14.729000+00:00,153.0,0.0,153.0,0.0,128.0,0.0
2023-03-25 09:04:19.729000+00:00,156.0,0.016000000000000014,156.0,0.014999999999999902,131.0,0.028999999999999915
2023-03-25 09:04:24.729000+00:00,157.0,0.006000000000000005,158.0,0.009000000000000119,132.0,0.01100000000000012
2023-03-25 09:04:29.729000+00:00,163.0,0.026999999999999913,163.0,0.02400000000000002,136.0,0.03399999999999981
2023-03-25 09:04:34.729000+00:00,166.0,0.013000000000000123,166.0,0.014999999999999902,139.0,0.028000000000000025
2023-03-25 09:04:39.729000+00:00,166.0,0.0,166.0,0.0,139.0,0.0
2023-03-25 09:04:44.729000+00:00,167.0,0.018999999999999906,168.0,0.01100000000000012,140.0,0.010000000000000231
2023-03-25 09:04:49.729000+00:00,169.0,0.010000000000000009,169.0,0.006000000000000005,142.0,0.022999999999999687
2023-03-25 09:04:54.729000+00:00,171.0,0.01100000000000012,171.0,0.010999999999999899,144.0,0.017000000000000348
2023-03-25 09:04:59.729000+00:00,173.0,0.010000000000000009,174.0,0.014000000000000012,145.0,0.008000000000000007
2023-03-25 09:05:04.729000+00:00,176.0,0.014000000000000012,176.0,0.010000000000000009,148.0,0.02699999999999969
2023-03-25 09:05:09.729000+00:00,177.0,0.0040000000000000036,177.0,0.0040000000000000036,148.0,0.0
2023-03-25 09:05:14.729000+00:00,179.0,0.008999999999999897,181.0,0.020000000000000018,150.0,0.018000000000000238
2023-03-25 09:05:19.729000+00:00,182.0,0.020000000000000018,182.0,0.006000000000000005,152.0,0.0259999999999998
2023-03-25 09:05:24.729000+00:00,183.0,0.0050000000000001155,183.0,0.006000000000000005,153.0,0.008000000000000007
2023-03-25 09:05:29.729000+00:00,185.0,0.008999999999999897,185.0,0.008999999999999897,155.0,0.016999999999999904
2023-03-25 09:05:34.729000+00:00,186.0,0.004999999999999893,186.0,0.0050000000000001155,155.0,0.0
2023-03-25 09:05:39.729000+00:00,187.0,0.0050000000000001155,187.0,0.004999999999999893,156.0,0.016000000000000014
2023-03-25 09:05:44.729000+00:00,187.0,0.0,187.0,0.0,156.0,0.0
2023-03-25 09:05:49.729000+00:00,189.0,0.008999999999999897,189.0,0.010000000000000009,158.0,0.014000000000000234
2023-03-25 09:05:54.729000+00:00,189.0,0.0,190.0,0.0050000000000001155,158.0,0.0
2023-03-25 09:05:59.729000+00:00,191.0,0.01100000000000012,192.0,0.010000000000000009,160.0,0.02499999999999991
2023-03-25 09:06:04.729000+00:00,192.0,0.008000000000000007,192.0,0.0,161.0,0.008999999999999897
2023-03-25 09:06:09.729000+00:00,193.0,0.004999999999999893,193.0,0.008000000000000007,161.0,0.0
2023-03-25 09:06:14.729000+00:00,194.0,0.0050000000000001155,194.0,0.0040000000000000036,162.0,0.010000000000000231
2023-03-25 09:06:19.729000+00:00,194.0,0.0,195.0,0.004999999999999893,162.0,0.0
2023-03-25 09:06:24.729000+00:00,195.0,0.0040000000000000036,195.0,0.0,163.0,0.0129999999999999
2023-03-25 09:06:29.729000+00:00,197.0,0.008999999999999897,197.0,0.010000000000000009,165.0,0.019000000000000128
2023-03-25 09:06:34.729000+00:00,199.0,0.009000000000000119,199.0,0.010000000000000009,167.0,0.020000000000000018
2023-03-25 09:06:39.729000+00:00,202.0,0.0129999999999999,202.0,0.014000000000000012,169.0,0.020000000000000018
2023-03-25 09:06:44.729000+00:00,208.0,0.02300000000000013,208.0,0.028000000000000025,174.0,0.0389999999999997
2023-03-25 09:06:49.729000+00:00,208.0,0.0,209.0,0.004999999999999893,174.0,0.0
2023-03-25 09:06:54.729000+00:00,211.0,0.0129999999999999,212.0,0.013000000000000123,177.0,0.026000000000000245
2023-03-25 09:06:59.729000+00:00,213.0,0.008999999999999897,213.0,0.004999999999999893,178.0,0.009999999999999787
2023-03-25 09:07:04.729000+00:00,214.0,0.0040000000000000036,215.0,0.010000000000000009,179.0,0.010000000000000231
2023-03-25 09:07:09.729000+00:00,216.0,0.01100000000000012,216.0,0.0050000000000001155,181.0,0.01499999999999968
2023-03-25 09:07:14.729000+00:00,217.0,0.0040000000000000036,219.0,0.01200000000000001,182.0,0.010000000000000231
2023-03-25 09:07:19.729000+00:00,219.0,0.01200000000000001,219.0,0.0,183.0,0.009999999999999787
2023-03-25 09:07:24.729000+00:00,219.0,0.0,220.0,0.006999999999999895,183.0,0.0
2023-03-25 09:07:29.729000+00:00,222.0,0.01200000000000001,222.0,0.01100000000000012,184.0,0.01200000000000001
2023-03-25 09:07:34.729000+00:00,222.0,0.0,222.0,0.0,184.0,0.0
2023-03-25 09:07:39.729000+00:00,225.0,0.0129999999999999,225.0,0.015999999999999792,186.0,0.026000000000000245
2023-03-25 09:07:44.729000+00:00,228.0,0.014000000000000012,228.0,0.015000000000000124,189.0,0.0259999999999998
2023-03-25 09:07:49.729000+00:00,228.0,0.0,230.0,0.006999999999999895,189.0,0.0
2023-03-25 09:07:54.729000+00:00,230.0,0.009000000000000119,230.0,0.0,191.0,0.016000000000000014
2023-03-25 09:07:59.729000+00:00,230.0,0.0,231.0,0.0050000000000001155,191.0,0.0
2023-03-25 09:08:04.729000+00:00,231.0,0.0040000000000000036,231.0,0.0,192.0,0.0129999999999999
2023-03-25 09:08:09.729000+00:00,232.0,0.0040000000000000036,232.0,0.004999999999999893,193.0,0.009000000000000341
2023-03-25 09:08:14.729000+00:00,234.0,0.010000000000000009,235.0,0.014000000000000012,195.0,0.017999999999999794
2023-03-25 09:08:19.729000+00:00,235.0,0.004999999999999893,235.0,0.0,196.0,0.010000000000000231
2023-03-25 09:08:24.729000+00:00,236.0,0.0040000000000000036,236.0,0.0050000000000001155,196.0,0.0
2023-03-25 09:08:29.729000+00:00,239.0,0.014000000000000012,239.0,0.018000000000000016,199.0,0.029999999999999805
2023-03-25 09:08:34.729000+00:00,240.0,0.004999999999999893,241.0,0.010000000000000009,200.0,0.008000000000000007
2023-03-25 09:08:39.729000+00:00,241.0,0.0040000000000000036,241.0,0.0,200.0,0.0
2023-03-25 09:08:44.729000+00:00,246.0,0.029000000000000137,246.0,0.020999999999999908,204.0,0.040999999999999925
2023-03-25 09:08:49.729000+00:00,247.0,0.0040000000000000036,247.0,0.006000000000000005,205.0,0.008000000000000007
2023-03-25 09:08:54.729000+00:00,249.0,0.008999999999999897,250.0,0.0129999999999999,206.0,0.01100000000000012
2023-03-25 09:08:59.729000+00:00,252.0,0.01200000000000001,253.0,0.014000000000000012,208.0,0.017999999999999794
2023-03-25 09:09:04.729000+00:00,255.0,0.017000000000000126,255.0,0.01100000000000012,210.0,0.017000000000000348
2023-03-25 09:09:09.729000+00:00,255.0,0.0,255.0,0.0,210.0,0.0
2023-03-25 09:09:14.729000+00:00,255.0,0.0,255.0,0.0,210.0,0.0
2023-03-25 09:09:19.729000+00:00,256.0,0.010000000000000009,256.0,0.006999999999999895,211.0,0.009999999999999787
2023-03-25 09:09:24.729000+00:00,258.0,0.008999999999999897,258.0,0.013000000000000123,213.0,0.016999999999999904
2023-03-25 09:09:29.729000+00:00,259.0,0.0050000000000001155,259.0,0.0040000000000000036,214.0,0.007000000000000117
2023-03-25 09:09:34.729000+00:00,262.0,0.0129999999999999,262.0,0.0129999999999999,216.0,0.019000000000000128
2023-03-25 09:09:39.729000+00:00,263.0,0.0040000000000000036,263.0,0.0050000000000001155,217.0,0.006999999999999673
2023-03-25 09:09:44.729000+00:00,264.0,0.004999999999999893,264.0,0.004999999999999893,217.0,0.0
2023-03-25 09:09:49.729000+00:00,266.0,0.008000000000000007,266.0,0.009000000000000119,219.0,0.19500000000000028
2023-03-25 09:09:54.729000+00:00,267.0,0.0040000000000000036,268.0,0.008999999999999897,220.0,0.009999999999999787
2023-03-25 09:09:59.729000+00:00,270.0,0.015000000000000124,270.0,0.008000000000000007,221.0,0.009000000000000341
2023-03-25 09:10:04.729000+00:00,271.0,0.0040000000000000036,271.0,0.0040000000000000036,222.0,0.009999999999999787
2023-03-25 09:10:09.729000+00:00,271.0,0.0,271.0,0.0,222.0,0.0
2023-03-25 09:10:14.729000+00:00,271.0,0.0,271.0,0.0,222.0,0.0
2023-03-25 09:10:19.729000+00:00,274.0,0.0129999999999999,274.0,0.01200000000000001,223.0,0.008999999999999897
2023-03-25 09:10:24.729000+00:00,276.0,0.009000000000000119,277.0,0.01200000000000001,225.0,0.12300000000000022
2023-03-25 09:10:29.729000+00:00,278.0,0.010000000000000009,278.0,0.0040000000000000036,227.0,0.01499999999999968
2023-03-25 09:10:34.729000+00:00,280.0,0.010000000000000009,280.0,0.008000000000000007,229.0,0.07600000000000007
2023-03-25 09:10:39.729000+00:00,281.0,0.0029999999999998916,281.0,0.0040000000000000036,230.0,0.01100000000000012
2023-03-25 09:10:44.729000+00:00,283.0,0.007000000000000117,283.0,0.006000000000000005,231.0,0.008000000000000007
2023-03-25 09:10:49.729000+00:00,284.0,0.0040000000000000036,284.0,0.004999999999999893,232.0,0.008999999999999897
2023-03-25 09:10:54.729000+00:00,287.0,0.014999999999999902,287.0,0.013000000000000123,235.0,0.07500000000000018
2023-03-25 09:10:59.729000+00:00,290.0,0.013000000000000123,290.0,0.014000000000000012,238.0,0.10299999999999976
2023-03-25 09:11:04.729000+00:00,291.0,0.006999999999999895,291.0,0.004999999999999893,239.0,0.01100000000000012
2023-03-25 09:11:09.729000+00:00,293.0,0.008999999999999897,293.0,0.008000000000000007,240.0,0.010000000000000231
2023-03-25 09:11:14.729000+00:00,294.0,0.0040000000000000036,294.0,0.0050000000000001155,241.0,0.009999999999999787
2023-03-25 09:11:19.729000+00:00,295.0,0.007000000000000117,295.0,0.0040000000000000036,242.0,0.0129999999999999
2023-03-25 09:11:24.729000+00:00,296.0,0.004999999999999893,296.0,0.004999999999999893,243.0,0.007000000000000117
2023-03-25 09:11:29.729000+00:00,298.0,0.010000000000000009,300.0,0.017000000000000126,245.0,0.04499999999999993
2023-03-25 09:11:34.729000+00:00,301.0,0.014000000000000012,301.0,0.0040000000000000036,248.0,0.027000000000000135
2023-03-25 09:11:39.729000+00:00,301.0,0.0,301.0,0.0,248.0,0.0
2023-03-25 09:11:44.729000+00:00,303.0,0.010000000000000009,303.0,0.008999999999999897,249.0,0.009999999999999787
2023-03-25 09:11:49.729000+00:00,304.0,0.0040000000000000036,304.0,0.0040000000000000036,250.0,0.009000000000000341
2023-03-25 09:11:54.729000+00:00,305.0,0.0050000000000001155,306.0,0.008000000000000007,251.0,0.006999999999999673
2023-03-25 09:11:59.729000+00:00,308.0,0.01200000000000001,308.0,0.006999999999999895,253.0,0.04400000000000004
2023-03-25 09:12:04.729000+00:00,309.0,0.0040000000000000036,309.0,0.0040000000000000036,254.0,0.006000000000000227
2023-03-25 09:12:09.729000+00:00,309.0,0.0,310.0,0.0030000000000001137,254.0,0.0
2023-03-25 09:12:14.729000+00:00,313.0,0.016999999999999904,313.0,0.0129999999999999,257.0,0.030999999999999694
2023-03-25 09:12:19.729000+00:00,314.0,0.009000000000000119,314.0,0.0030000000000001137,258.0,0.010000000000000231
2023-03-25 09:12:24.729000+00:00,316.0,0.008000000000000007,316.0,0.006999999999999895,259.0,0.008999999999999897
2023-03-25 09:12:29.729000+00:00,316.0,0.0,316.0,0.0,259.0,0.0
2023-03-25 09:12:34.729000+00:00,316.0,0.0,316.0,0.0,259.0,0.0
2023-03-25 09:12:39.729000+00:00,317.0,0.004999999999999893,317.0,0.0040000000000000036,260.0,0.008000000000000007
2023-03-25 09:12:44.729000+00:00,318.0,0.0040000000000000036,318.0,0.0040000000000000036,261.0,0.008999999999999897
2023-03-25 09:12:49.729000+00:00,318.0,0.0,318.0,0.0,261.0,0.0
2023-03-25 09:12:54.729000+00:00,318.0,0.0,318.0,0.0,261.0,0.0
2023-03-25 09:12:59.729000+00:00,318.0,0.0,319.0,0.0050000000000001155,261.0,0.0
2023-03-25 09:13:04.729000+00:00,319.0,0.0040000000000000036,320.0,0.0040000000000000036,261.0,0.0
2023-03-25 09:13:09.729000+00:00,322.0,0.014999999999999902,323.0,0.014000000000000012,263.0,0.017000000000000348
2023-03-25 09:13:14.729000+00:00,324.0,0.009000000000000119,325.0,0.008000000000000007,265.0,0.01499999999999968
2023-03-25 09:13:19.729000+00:00,326.0,0.008000000000000007,326.0,0.0040000000000000036,266.0,0.010000000000000231
2023-03-25 09:13:24.729000+00:00,330.0,0.014999999999999902,330.0,0.014000000000000012,269.0,0.02400000000000002
2023-03-25 09:13:29.729000+00:00,334.0,0.017000000000000126,334.0,0.014000000000000012,272.0,0.13600000000000012
2023-03-25 09:13:34.729000+00:00,335.0,0.0040000000000000036,335.0,0.004999999999999893,273.0,0.005999999999999339
2023-03-25 09:13:39.729000+00:00,336.0,0.0040000000000000036,336.0,0.0040000000000000036,274.0,0.008000000000000007
2023-03-25 09:13:44.729000+00:00,336.0,0.0,337.0,0.0040000000000000036,274.0,0.0
2023-03-25 09:13:49.729000+00:00,337.0,0.0040000000000000036,337.0,0.0,274.0,0.0
2023-03-25 09:13:54.729000+00:00,337.0,0.0,337.0,0.0,274.0,0.0
2023-03-25 09:13:59.729000+00:00,341.0,0.014999999999999902,341.0,0.015000000000000124,275.0,0.01100000000000012
2023-03-25 09:14:04.729000+00:00,344.0,0.014000000000000012,345.0,0.016000000000000014,278.0,0.09200000000000053
2023-03-25 09:14:09.729000+00:00,345.0,0.0050000000000001155,346.0,0.004999999999999893,279.0,0.009999999999999787
2023-03-25 09:14:14.729000+00:00,347.0,0.008999999999999897,349.0,0.01100000000000012,280.0,0.009000000000000341
2023-03-25 09:14:19.729000+00:00,350.0,0.01200000000000001,350.0,0.0029999999999996696,282.0,0.017999999999999794
2023-03-25 09:14:24.729000+00:00,351.0,0.0040000000000000036,351.0,0.0040000000000000036,283.0,0.006999999999999673
2023-03-25 09:14:29.729000+00:00,351.0,0.0,351.0,0.0,283.0,0.0
2023-03-25 09:14:34.729000+00:00,355.0,0.016000000000000014,355.0,0.014000000000000234,286.0,0.02400000000000002
2023-03-25 09:14:39.729000+00:00,357.0,0.010000000000000009,357.0,0.008999999999999897,287.0,0.009000000000000341
2023-03-25 09:14:44.729000+00:00,358.0,0.006000000000000005,358.0,0.007000000000000117,287.0,0.0
2023-03-25 09:14:49.729000+00:00,359.0,0.004999999999999893,359.0,0.004999999999999893,287.0,0.0
2023-03-25 09:14:54.729000+00:00,360.0,0.0040000000000000036,360.0,0.004999999999999893,288.0,0.019999999999999574
2023-03-25 09:14:59.729000+00:00,362.0,0.010000000000000009,362.0,0.01100000000000012,290.0,0.26900000000000013
2023-03-25 09:15:04.729000+00:00,366.0,0.017000000000000126,366.0,0.015000000000000124,292.0,0.017000000000000348
2023-03-25 09:15:09.729000+00:00,367.0,0.0040000000000000036,369.0,0.0129999999999999,292.0,0.0
2023-03-25 09:15:14.729000+00:00,369.0,0.008000000000000007,370.0,0.0030000000000001137,294.0,0.01499999999999968
2023-03-25 09:15:19.729000+00:00,370.0,0.0040000000000000036,370.0,0.0,295.0,0.009999999999999787
2023-03-25 09:15:24.729000+00:00,372.0,0.008000000000000007,372.0,0.008000000000000007,296.0,0.008000000000000007
2023-03-25 09:15:29.729000+00:00,377.0,0.018999999999999906,377.0,0.020999999999999908,300.0,0.028999999999999915
2023-03-25 09:15:34.729000+00:00,378.0,0.0040000000000000036,379.0,0.007000000000000117,300.0,0.0
2023-03-25 09:15:39.729000+00:00,380.0,0.008999999999999897,381.0,0.009999999999999787,301.0,0.01100000000000012
2023-03-25 09:15:44.729000+00:00,383.0,0.01200000000000001,383.0,0.008999999999999897,304.0,0.020999999999999908
2023-03-25 09:15:49.729000+00:00,384.0,0.06600000000000028,384.0,0.0050000000000003375,305.0,0.008000000000000007
2023-03-25 09:15:54.729000+00:00,387.0,0.0129999999999999,387.0,0.010999999999999677,308.0,0.02200000000000024
2023-03-25 09:15:59.729000+00:00,389.0,0.008000000000000007,389.0,0.006000000000000227,310.0,0.016000000000000014
2023-03-25 09:16:04.729000+00:00,392.0,0.01399999999999979,392.0,0.01100000000000012,312.0,0.1719999999999997
2023-03-25 09:16:09.729000+00:00,393.0,0.0040000000000000036,394.0,0.008999999999999897,313.0,0.007000000000000561
2023-03-25 09:16:14.729000+00:00,395.0,0.008999999999999897,397.0,0.01200000000000001,314.0,0.009999999999999787
2023-03-25 09:16:19.729000+00:00,398.0,0.014000000000000234,399.0,0.009999999999999787,315.0,0.009999999999999787
2023-03-25 09:16:24.729000+00:00,399.0,0.0040000000000000036,399.0,0.0,316.0,0.008000000000000007
2023-03-25 09:16:29.729000+00:00,399.0,0.0,399.0,0.0,316.0,0.0
2023-03-25 09:16:34.729000+00:00,399.0,0.0,399.0,0.0,316.0,0.0
2023-03-25 09:16:39.729000+00:00,399.0,0.0,400.0,0.004999999999999893,316.0,0.0
2023-03-25 09:16:44.729000+00:00,400.0,0.0040000000000000036,400.0,0.0,317.0,0.007000000000000561
2023-03-25 09:16:49.729000+00:00,402.0,0.009999999999999787,403.0,0.01200000000000001,318.0,0.008000000000000007
2023-03-25 09:16:54.729000+00:00,406.0,0.018000000000000238,407.0,0.019000000000000128,322.0,0.03599999999999959
2023-03-25 09:16:59.729000+00:00,408.0,0.008000000000000007,408.0,0.0040000000000000036,324.0,0.014000000000000234
2023-03-25 09:17:04.729000+00:00,409.0,0.0030000000000001137,409.0,0.0040000000000000036,325.0,0.008999999999999453
2023-03-25 09:17:09.729000+00:00,411.0,0.008000000000000007,412.0,0.0129999999999999,327.0,0.016000000000000014
2023-03-25 09:17:14.729000+00:00,413.0,0.008999999999999897,413.0,0.0030000000000001137,328.0,0.012000000000000455
2023-03-25 09:17:19.729000+00:00,413.0,0.0,414.0,0.004999999999999893,328.0,0.0
2023-03-25 09:17:24.729000+00:00,416.0,0.01200000000000001,416.0,0.008000000000000007,330.0,0.017000000000000348
2023-03-25 09:17:29.729000+00:00,420.0,0.0129999999999999,420.0,0.015000000000000124,334.0,0.022999999999999687
2023-03-25 09:17:34.729000+00:00,423.0,0.01100000000000012,424.0,0.014000000000000234,337.0,0.02400000000000002
2023-03-25 09:17:39.729000+00:00,425.0,0.006999999999999673,426.0,0.006999999999999673,339.0,0.017999999999999794
2023-03-25 09:17:44.729000+00:00,428.0,0.01200000000000001,430.0,0.015000000000000124,341.0,0.017999999999999794
2023-03-25 09:17:49.729000+00:00,432.0,0.015000000000000124,432.0,0.007000000000000117,344.0,0.02800000000000047
2023-03-25 09:17:54.729000+00:00,432.0,0.0,432.0,0.0,344.0,0.0
2023-03-25 09:17:59.729000+00:00,432.0,0.0,432.0,0.0,344.0,0.0
2023-03-25 09:18:04.729000+00:00,432.0,0.0,432.0,0.0,344.0,0.0
2023-03-25 09:18:09.729000+00:00,432.0,0.0,433.0,0.0040000000000000036,344.0,0.0
2023-03-25 09:18:14.729000+00:00,436.0,0.016999999999999904,436.0,0.009999999999999787,347.0,0.0259999999999998
2023-03-25 09:18:19.729000+00:00,437.0,0.0040000000000000036,437.0,0.0030000000000001137,348.0,0.009999999999999787
2023-03-25 09:18:24.729000+00:00,440.0,0.01200000000000001,441.0,0.015000000000000124,351.0,0.02800000000000047
2023-03-25 09:18:29.729000+00:00,441.0,0.0030000000000001137,441.0,0.0,351.0,0.0
2023-03-25 09:18:34.729000+00:00,441.0,0.0,442.0,0.0040000000000000036,351.0,0.0
2023-03-25 09:18:39.729000+00:00,442.0,0.0040000000000000036,442.0,0.0,352.0,0.008999999999999453
2023-03-25 09:18:44.729000+00:00,443.0,0.0040000000000000036,443.0,0.0040000000000000036,353.0,0.010000000000000675
2023-03-25 09:18:49.729000+00:00,444.0,0.0040000000000000036,445.0,0.006999999999999673,353.0,0.0
2023-03-25 09:18:54.729000+00:00,445.0,0.0040000000000000036,445.0,0.0,354.0,0.009999999999999787
2023-03-25 09:18:59.729000+00:00,445.0,0.0,445.0,0.0,354.0,0.0
2023-03-25 09:19:04.729000+00:00,449.0,0.016000000000000014,449.0,0.013000000000000345,357.0,0.02400000000000002
2023-03-25 09:19:09.729000+00:00,450.0,0.0030000000000001137,452.0,0.009999999999999787,358.0,0.008000000000000007
2023-03-25 09:19:14.729000+00:00,454.0,0.0129999999999999,455.0,0.01100000000000012,361.0,0.019999999999999574
2023-03-25 09:19:19.729000+00:00,460.0,0.021999999999999797,460.0,0.017999999999999794,366.0,0.03699999999999992
2023-03-25 09:19:24.729000+00:00,460.0,0.0,460.0,0.0,366.0,0.0
2023-03-25 09:19:29.729000+00:00,463.0,0.01100000000000012,463.0,0.009000000000000341,369.0,0.025000000000000355
2023-03-25 09:19:34.729000+00:00,463.0,0.0,464.0,0.0029999999999996696,369.0,0.0
2023-03-25 09:19:39.729000+00:00,467.0,0.015000000000000124,467.0,0.010000000000000231,373.0,0.12399999999999967
2023-03-25 09:19:44.729000+00:00,469.0,0.007000000000000117,471.0,0.01399999999999979,374.0,0.009000000000000341
2023-03-25 09:19:49.729000+00:00,474.0,0.018999999999999684,474.0,0.01100000000000012,377.0,0.027000000000000135
2023-03-25 09:19:54.729000+00:00,476.0,0.007000000000000117,476.0,0.008000000000000007,379.0,0.017999999999999794
2023-03-25 09:19:59.729000+00:00,477.0,0.0040000000000000036,477.0,0.0040000000000000036,379.0,0.0
2023-03-25 09:20:04.729000+00:00,477.0,0.0,478.0,0.0030000000000001137,379.0,0.0
2023-03-25 09:20:09.729000+00:00,478.0,0.0040000000000000036,478.0,0.0,380.0,0.009999999999999787
2023-03-25 09:20:14.729000+00:00,478.0,0.0,479.0,0.0040000000000000036,380.0,0.0
2023-03-25 09:20:19.729000+00:00,483.0,0.019000000000000128,483.0,0.01499999999999968,383.0,0.025000000000000355
2023-03-25 09:20:24.729000+00:00,484.0,0.0030000000000001137,485.0,0.007000000000000117,383.0,0.0
2023-03-25 09:20:29.729000+00:00,485.0,0.0040000000000000036,486.0,0.0040000000000000036,384.0,0.014000000000000234
2023-03-25 09:20:34.729000+00:00,488.0,0.01200000000000001,489.0,0.010000000000000231,387.0,0.024999999999999467
2023-03-25 09:20:39.729000+00:00,490.0,0.007999999999999563,490.0,0.0029999999999996696,388.0,0.008000000000000007
2023-03-25 09:20:44.729000+00:00,491.0,0.0030000000000001137,491.0,0.0040000000000000036,389.0,0.008000000000000007
2023-03-25 09:20:49.729000+00:00,491.0,0.0,491.0,0.0,389.0,0.0
2023-03-25 09:20:54.729000+00:00,492.0,0.004999999999999893,492.0,0.0040000000000000036,390.0,0.009999999999999787
2023-03-25 09:20:59.729000+00:00,493.0,0.0030000000000001137,493.0,0.0050000000000003375,390.0,0.0
2023-03-25 09:21:04.729000+00:00,495.0,0.008000000000000007,495.0,0.008000000000000007,392.0,0.015000000000000568
2023-03-25 09:21:09.729000+00:00,499.0,0.015000000000000124,500.0,0.01499999999999968,394.0,0.01499999999999968
2023-03-25 09:21:14.729000+00:00,502.0,0.01100000000000012,502.0,0.008000000000000007,397.0,0.022999999999999687
2023-03-25 09:21:19.729000+00:00,503.0,0.0040000000000000036,503.0,0.0040000000000000036,398.0,0.007000000000000561
2023-03-25 09:21:24.729000+00:00,507.0,0.016000000000000014,508.0,0.016999999999999904,400.0,0.017999999999999794
2023-03-25 09:21:29.729000+00:00,512.0,0.021999999999999797,513.0,0.017000000000000348,404.0,0.03300000000000036
2023-03-25 09:21:34.729000+00:00,513.0,0.006000000000000227,514.0,0.0040000000000000036,405.0,0.008999999999999453
2023-03-25 09:21:39.729000+00:00,516.0,0.010999999999999677,516.0,0.008000000000000007,407.0,0.015000000000000568
2023-03-25 09:21:44.729000+00:00,518.0,0.007000000000000117,519.0,0.008999999999999897,409.0,0.013999999999999346
2023-03-25 09:21:49.729000+00:00,519.0,0.0040000000000000036,520.0,0.0030000000000001137,410.0,0.009000000000000341
2023-03-25 09:21:54.729000+00:00,524.0,0.019000000000000128,525.0,0.017999999999999794,412.0,0.019999999999999574
2023-03-25 09:21:59.729000+00:00,528.0,0.017999999999999794,528.0,0.01200000000000001,416.0,0.038000000000000256
2023-03-25 09:22:04.729000+00:00,529.0,0.0040000000000000036,529.0,0.0040000000000000036,417.0,0.007000000000000561
2023-03-25 09:22:09.729000+00:00,530.0,0.0040000000000000036,530.0,0.0030000000000001137,418.0,0.009999999999999787
2023-03-25 09:22:14.729000+00:00,530.0,0.0,531.0,0.0040000000000000036,418.0,0.0
2023-03-25 09:22:19.729000+00:00,531.0,0.0040000000000000036,532.0,0.0040000000000000036,419.0,0.009999999999999787
2023-03-25 09:22:24.729000+00:00,532.0,0.0030000000000001137,532.0,0.0,420.0,0.008000000000000007
2023-03-25 09:22:29.729000+00:00,534.0,0.007000000000000117,534.0,0.007000000000000117,422.0,0.017000000000000348
2023-03-25 09:22:34.729000+00:00,537.0,0.009999999999999787,539.0,0.042999999999999705,425.0,0.022999999999999687
2023-03-25 09:22:39.729000+00:00,540.0,0.01100000000000012,540.0,0.0030000000000001137,427.0,0.017000000000000348
2023-03-25 09:22:44.729000+00:00,542.0,0.008000000000000007,542.0,0.007000000000000117,428.0,0.006999999999999673
2023-03-25 09:22:49.729000+00:00,542.0,0.0,542.0,0.0,428.0,0.0
2023-03-25 09:22:54.729000+00:00,543.0,0.0040000000000000036,543.0,0.0040000000000000036,429.0,0.009000000000000341
2023-03-25 09:22:59.729000+00:00,544.0,0.0030000000000001137,544.0,0.0029999999999996696,430.0,0.006999999999999673
2023-03-25 09:23:04.729000+00:00,547.0,0.010999999999999677,547.0,0.013000000000000345,432.0,0.019000000000000128
2023-03-25 09:23:09.729000+00:00,549.0,0.008000000000000007,549.0,0.006999999999999673,433.0,0.01499999999999968
2023-03-25 09:23:14.729000+00:00,550.0,0.0030000000000001137,550.0,0.0040000000000000036,434.0,0.009000000000000341
2023-03-25 09:23:19.729000+00:00,552.0,0.006000000000000227,552.0,0.007000000000000117,436.0,0.01499999999999968
2023-03-25 09:23:24.729000+00:00,554.0,0.008999999999999897,554.0,0.008000000000000007,438.0,0.19099999999999984
2023-03-25 09:23:29.729000+00:00,555.0,0.0029999999999996696,557.0,0.0129999999999999,439.0,0.009000000000000341
2023-03-25 09:23:34.729000+00:00,559.0,0.014000000000000234,559.0,0.008000000000000007,443.0,0.040000000000000036
2023-03-25 09:23:39.729000+00:00,559.0,0.0,559.0,0.0,443.0,0.0
2023-03-25 09:23:44.729000+00:00,560.0,0.0030000000000001137,560.0,0.0040000000000000036,443.0,0.0
2023-03-25 09:23:49.729000+00:00,564.0,0.01499999999999968,564.0,0.014000000000000234,445.0,0.014000000000000234
2023-03-25 09:23:54.729000+00:00,566.0,0.006000000000000227,566.0,0.006999999999999673,447.0,0.017999999999999794
2023-03-25 09:23:59.729000+00:00,567.0,0.0030000000000001137,568.0,0.008000000000000007,447.0,0.0
2023-03-25 09:24:04.729000+00:00,569.0,0.008000000000000007,569.0,0.0050000000000003375,449.0,0.03000000000000025
2023-03-25 09:24:09.729000+00:00,569.0,0.0,569.0,0.0,449.0,0.0
2023-03-25 09:24:14.729000+00:00,571.0,0.008000000000000007,572.0,0.009999999999999787,451.0,0.04899999999999949
2023-03-25 09:24:19.729000+00:00,574.0,0.01200000000000001,574.0,0.006000000000000227,454.0,0.02400000000000002
2023-03-25 09:24:24.729000+00:00,575.0,0.0040000000000000036,575.0,0.0029999999999996696,455.0,0.02200000000000024
2023-03-25 09:24:29.729000+00:00,575.0,0.0,576.0,0.0050000000000003375,455.0,0.0
2023-03-25 09:24:34.729000+00:00,579.0,0.01399999999999979,579.0,0.010999999999999677,459.0,0.032999999999999474
2023-03-25 09:24:39.729000+00:00,579.0,0.0,581.0,0.006000000000000227,459.0,0.0
2023-03-25 09:24:44.729000+00:00,582.0,0.010000000000000231,583.0,0.007000000000000117,461.0,0.016000000000000014
2023-03-25 09:24:49.729000+00:00,583.0,0.0040000000000000036,583.0,0.0,462.0,0.008000000000000007
2023-03-25 09:24:54.729000+00:00,584.0,0.0029999999999996696,584.0,0.0040000000000000036,463.0,0.006000000000000227
2023-03-25 09:24:59.729000+00:00,584.0,0.0,584.0,0.0,463.0,0.0
2023-03-25 09:25:04.729000+00:00,585.0,0.0030000000000001137,585.0,0.0029999999999996696,463.0,0.0
2023-03-25 09:25:09.729000+00:00,585.0,0.0,585.0,0.0,463.0,0.0
2023-03-25 09:25:14.729000+00:00,587.0,0.007000000000000117,587.0,0.008000000000000007,464.0,0.009999999999999787
2023-03-25 09:25:19.729000+00:00,588.0,0.0030000000000001137,589.0,0.009000000000000341,465.0,0.009000000000000341
2023-03-25 09:25:24.729000+00:00,592.0,0.0129999999999999,592.0,0.009999999999999787,468.0,0.02200000000000024
2023-03-25 09:25:29.729000+00:00,593.0,0.0040000000000000036,593.0,0.0040000000000000036,469.0,0.008000000000000007
2023-03-25 09:25:34.729000+00:00,594.0,0.0029999999999996696,594.0,0.0030000000000001137,470.0,0.006000000000000227
2023-03-25 09:25:39.729000+00:00,596.0,0.008000000000000007,597.0,0.010999999999999677,472.0,0.0129999999999999
2023-03-25 09:25:44.729000+00:00,599.0,0.014000000000000234,599.0,0.008000000000000007,473.0,0.009999999999999787
2023-03-25 09:25:49.729000+00:00,600.0,0.0040000000000000036,600.0,0.0030000000000001137,474.0,0.008999999999999453
2023-03-25 09:25:54.729000+00:00,602.0,0.008000000000000007,603.0,0.01200000000000001,476.0,0.016000000000000014
2023-03-25 09:25:59.729000+00:00,604.0,0.008999999999999897,604.0,0.0040000000000000036,478.0,0.017000000000000348
2023-03-25 09:26:04.729000+00:00,607.0,0.008999999999999897,608.0,0.0129999999999999,480.0,0.017000000000000348
2023-03-25 09:26:09.729000+00:00,610.0,0.009000000000000341,610.0,0.008000000000000007,483.0,0.06199999999999939
2023-03-25 09:26:14.729000+00:00,610.0,0.0,610.0,0.0,483.0,0.0
2023-03-25 09:26:19.729000+00:00,613.0,0.008000000000000007,614.0,0.017000000000000348,486.0,0.02800000000000047
2023-03-25 09:26:24.729000+00:00,615.0,0.008000000000000007,615.0,0.0040000000000000036,486.0,0.0
2023-03-25 09:26:29.729000+00:00,617.0,0.009999999999999787,617.0,0.008000000000000007,486.0,0.0
2023-03-25 09:26:34.729000+00:00,618.0,0.0030000000000001137,618.0,0.0029999999999996696,487.0,0.009999999999999787
2023-03-25 09:26:39.729000+00:00,618.0,0.0,618.0,0.0,487.0,0.0
2023-03-25 09:26:44.729000+00:00,621.0,0.008999999999999897,621.0,0.01200000000000001,490.0,0.020999999999999908
2023-03-25 09:26:49.729000+00:00,621.0,0.0,621.0,0.0,490.0,0.0
2023-03-25 09:26:54.729000+00:00,623.0,0.006000000000000227,624.0,0.010000000000000231,492.0,0.017000000000000348
2023-03-25 09:26:59.729000+00:00,625.0,0.008999999999999897,625.0,0.0030000000000001137,494.0,0.01699999999999946
2023-03-25 09:27:04.729000+00:00,626.0,0.0029999999999996696,626.0,0.0040000000000000036,494.0,0.0
2023-03-25 09:27:09.729000+00:00,626.0,0.0,626.0,0.0,494.0,0.0
2023-03-25 09:27:14.729000+00:00,626.0,0.0,626.0,0.0,494.0,0.0
2023-03-25 09:27:19.729000+00:00,628.0,0.007000000000000117,628.0,0.008000000000000007,496.0,0.015000000000000568
2023-03-25 09:27:24.729000+00:00,629.0,0.0040000000000000036,630.0,0.006999999999999673,497.0,0.006000000000000227
2023-03-25 09:27:29.729000+00:00,632.0,0.01200000000000001,632.0,0.008000000000000007,500.0,0.026999999999999247
2023-03-25 09:27:34.729000+00:00,635.0,0.010000000000000231,636.0,0.20999999999999996,502.0,0.017000000000000348
2023-03-25 09:27:39.729000+00:00,636.0,0.0029999999999996696,636.0,0.0,503.0,0.008000000000000007
2023-03-25 09:27:44.729000+00:00,636.0,0.0,636.0,0.0,503.0,0.0
2023-03-25 09:27:49.729000+00:00,636.0,0.0,636.0,0.0,503.0,0.0
2023-03-25 09:27:54.729000+00:00,638.0,0.008000000000000007,638.0,0.007000000000000117,505.0,0.01499999999999968
2023-03-25 09:27:59.729000+00:00,639.0,0.0040000000000000036,642.0,0.016000000000000014,505.0,0.0
2023-03-25 09:28:04.729000+00:00,645.0,0.02200000000000024,645.0,0.01399999999999979,510.0,0.18700000000000028
2023-03-25 09:28:09.729000+00:00,645.0,0.0,646.0,0.0030000000000001137,510.0,0.0
2023-03-25 09:28:14.729000+00:00,650.0,0.016999999999999904,652.0,0.020999999999999908,512.0,0.02200000000000024
2023-03-25 09:28:19.729000+00:00,653.0,0.010000000000000231,653.0,0.0030000000000001137,514.0,0.019000000000000128
2023-03-25 09:28:24.729000+00:00,653.0,0.0,653.0,0.0,514.0,0.0
2023-03-25 09:28:29.729000+00:00,654.0,0.0040000000000000036,655.0,0.006000000000000227,515.0,0.005999999999999339
2023-03-25 09:28:34.729000+00:00,660.0,0.020999999999999908,660.0,0.016999999999999904,518.0,0.020999999999999908
2023-03-25 09:28:39.729000+00:00,661.0,0.0029999999999996696,661.0,0.0030000000000001137,519.0,0.007000000000000561
2023-03-25 09:28:44.729000+00:00,661.0,0.0,661.0,0.0,519.0,0.0
2023-03-25 09:28:49.729000+00:00,662.0,0.0040000000000000036,662.0,0.0029999999999996696,520.0,0.008000000000000007
2023-03-25 09:28:54.729000+00:00,662.0,0.0,662.0,0.0,520.0,0.0
2023-03-25 09:28:59.729000+00:00,663.0,0.0030000000000001137,663.0,0.0040000000000000036,521.0,0.006999999999999673
2023-03-25 09:29:04.729000+00:00,665.0,0.004999999999999893,665.0,0.008000000000000007,523.0,0.014000000000000234
2023-03-25 09:29:09.729000+00:00,665.0,0.0,665.0,0.0,523.0,0.0
2023-03-25 09:29:14.729000+00:00,667.0,0.007000000000000117,667.0,0.007000000000000117,525.0,0.016000000000000014
2023-03-25 09:29:19.729000+00:00,667.0,0.0,667.0,0.0,525.0,0.0
2023-03-25 09:29:24.729000+00:00,668.0,0.0040000000000000036,668.0,0.0040000000000000036,526.0,0.006999999999999673
2023-03-25 09:29:29.729000+00:00,670.0,0.007000000000000117,670.0,0.007000000000000117,527.0,0.009000000000000341
2023-03-25 09:29:34.729000+00:00,672.0,0.007000000000000117,673.0,0.01200000000000001,529.0,0.017999999999999794
2023-03-25 09:29:39.729000+00:00,675.0,0.009999999999999787,676.0,0.009999999999999787,532.0,0.6669999999999998
2023-03-25 09:29:44.729000+00:00,676.0,0.0030000000000001137,676.0,0.0,533.0,0.006000000000000227
2023-03-25 09:29:49.729000+00:00,676.0,0.0,676.0,0.0,533.0,0.0
2023-03-25 09:29:54.729000+00:00,678.0,0.005999999999999783,678.0,0.007000000000000117,535.0,0.01100000000000012
2023-03-25 09:29:59.729000+00:00,680.0,0.006000000000000227,680.0,0.005999999999999783,536.0,0.006999999999999673
2023-03-25 09:30:04.729000+00:00,681.0,0.0030000000000001137,681.0,0.0040000000000000036,536.0,0.0
2023-03-25 09:30:09.729000+00:00,682.0,0.004999999999999893,682.0,0.0030000000000001137,537.0,0.007000000000000561
2023-03-25 09:30:14.729000+00:00,684.0,0.008000000000000007,685.0,0.01100000000000012,539.0,0.013999999999999346
2023-03-25 09:30:19.729000+00:00,689.0,0.017999999999999794,689.0,0.01399999999999979,543.0,0.027000000000000135
2023-03-25 09:30:24.729000+00:00,695.0,0.02200000000000024,695.0,0.019000000000000128,548.0,0.02800000000000047
2023-03-25 09:30:29.729000+00:00,696.0,0.0029999999999996696,696.0,0.0040000000000000036,549.0,0.004999999999999893
2023-03-25 09:30:34.729000+00:00,696.0,0.0,696.0,0.0,549.0,0.0
2023-03-25 09:30:39.729000+00:00,698.0,0.006000000000000227,699.0,0.010000000000000231,551.0,0.011999999999999567
2023-03-25 09:30:44.729000+00:00,699.0,0.0030000000000001137,699.0,0.0,551.0,0.0
2023-03-25 09:30:49.729000+00:00,702.0,0.009999999999999787,702.0,0.01200000000000001,554.0,0.019000000000000128
2023-03-25 09:30:54.729000+00:00,702.0,0.0,702.0,0.0,554.0,0.0
2023-03-25 09:30:59.729000+00:00,702.0,0.0,702.0,0.0,554.0,0.0
2023-03-25 09:31:04.729000+00:00,702.0,0.0,702.0,0.0,554.0,0.0
2023-03-25 09:31:09.729000+00:00,704.0,0.007000000000000117,704.0,0.005999999999999783,555.0,0.007000000000000561
2023-03-25 09:31:14.729000+00:00,706.0,0.007000000000000117,706.0,0.008000000000000007,556.0,0.006999999999999673
2023-03-25 09:31:19.729000+00:00,706.0,0.0,706.0,0.0,556.0,0.0
2023-03-25 09:31:24.729000+00:00,706.0,0.0,706.0,0.0,556.0,0.0
2023-03-25 09:31:29.729000+00:00,706.0,0.0,707.0,0.0030000000000001137,556.0,0.0
2023-03-25 09:31:34.729000+00:00,707.0,0.0040000000000000036,707.0,0.0,557.0,0.006000000000000227
2023-03-25 09:31:39.729000+00:00,708.0,0.0040000000000000036,708.0,0.0040000000000000036,558.0,0.005999999999999339
2023-03-25 09:31:44.729000+00:00,708.0,0.0,708.0,0.0,558.0,0.0
2023-03-25 09:31:49.729000+00:00,708.0,0.0,708.0,0.0,558.0,0.0
2023-03-25 09:31:54.729000+00:00,709.0,0.0029999999999996696,709.0,0.0030000000000001137,559.0,0.007000000000000561
2023-03-25 09:31:59.729000+00:00,712.0,0.008000000000000007,712.0,0.010999999999999677,562.0,0.054999999999999716
2023-03-25 09:32:04.729000+00:00,713.0,0.0040000000000000036,714.0,0.007000000000000117,563.0,0.006999999999999673
2023-03-25 09:32:09.729000+00:00,716.0,0.01200000000000001,716.0,0.009999999999999787,566.0,0.019999999999999574
2023-03-25 09:32:14.729000+00:00,717.0,0.0050000000000003375,717.0,0.0040000000000000036,566.0,0.0
2023-03-25 09:32:19.729000+00:00,723.0,0.022999999999999687,723.0,0.02400000000000002,571.0,0.05000000000000071
2023-03-25 09:32:24.729000+00:00,725.0,0.008000000000000007,726.0,0.01100000000000012,572.0,0.006000000000000227
2023-03-25 09:32:29.729000+00:00,728.0,0.013000000000000345,730.0,0.015000000000000124,575.0,0.019999999999999574
2023-03-25 09:32:34.729000+00:00,733.0,0.01599999999999957,733.0,0.009999999999999787,579.0,0.022999999999999687
2023-03-25 09:32:39.729000+00:00,734.0,0.0040000000000000036,734.0,0.0030000000000001137,580.0,0.006000000000000227
2023-03-25 09:32:44.729000+00:00,734.0,0.0,734.0,0.0,580.0,0.0
2023-03-25 09:32:49.729000+00:00,735.0,0.0030000000000001137,735.0,0.0030000000000001137,581.0,0.006000000000000227
2023-03-25 09:32:54.729000+00:00,737.0,0.006000000000000227,737.0,0.007000000000000117,583.0,0.0129999999999999
2023-03-25 09:32:59.729000+00:00,738.0,0.0040000000000000036,738.0,0.0040000000000000036,584.0,0.006000000000000227
2023-03-25 09:33:04.729000+00:00,738.0,0.0,738.0,0.0,584.0,0.0
2023-03-25 09:33:09.729000+00:00,738.0,0.0,738.0,0.0,584.0,0.0
2023-03-25 09:33:14.729000+00:00,740.0,0.005999999999999783,740.0,0.009999999999999787,586.0,0.013999999999999346
2023-03-25 09:33:19.729000+00:00,742.0,0.006000000000000227,742.0,0.008000000000000007,587.0,0.018000000000000682
2023-03-25 09:33:24.729000+00:00,742.0,0.0,742.0,0.0,587.0,0.0
2023-03-25 09:33:29.729000+00:00,742.0,0.0,743.0,0.0030000000000001137,587.0,0.0
2023-03-25 09:33:34.729000+00:00,745.0,0.009999999999999787,745.0,0.007000000000000117,589.0,0.0129999999999999
2023-03-25 09:33:39.729000+00:00,747.0,0.006000000000000227,747.0,0.005999999999999783,590.0,0.005000000000000782
2023-03-25 09:33:44.729000+00:00,749.0,0.006999999999999673,750.0,0.01200000000000001,592.0,0.008999999999998565
2023-03-25 09:33:49.729000+00:00,752.0,0.009000000000000341,752.0,0.007000000000000117,594.0,0.016000000000000014
2023-03-25 09:33:54.729000+00:00,753.0,0.0040000000000000036,754.0,0.008000000000000007,594.0,0.0
2023-03-25 09:33:59.729000+00:00,755.0,0.005999999999999783,756.0,0.008999999999999897,596.0,0.017000000000001236
2023-03-25 09:34:04.729000+00:00,758.0,0.01100000000000012,759.0,0.01200000000000001,598.0,0.014999999999998792
2023-03-25 09:34:09.729000+00:00,760.0,0.01100000000000012,760.0,0.0030000000000001137,599.0,0.010000000000001563
2023-03-25 09:34:14.729000+00:00,762.0,0.006999999999999673,763.0,0.0129999999999999,600.0,0.010999999999999233
2023-03-25 09:34:19.729000+00:00,768.0,0.016999999999999904,768.0,0.016999999999999904,600.0,0.0
2023-03-25 09:34:24.729000+00:00,768.0,0.0,769.0,0.0040000000000000036,600.0,0.0
2023-03-25 09:34:29.729000+00:00,773.0,0.016000000000000014,773.0,0.010000000000000231,605.0,0.03200000000000003
2023-03-25 09:34:34.729000+00:00,777.0,0.013000000000000345,777.0,0.01399999999999979,608.0,0.02200000000000024
2023-03-25 09:34:39.729000+00:00,778.0,0.004999999999999893,779.0,0.007000000000000117,609.0,0.007999999999999119
2023-03-25 09:34:44.729000+00:00,782.0,0.0129999999999999,782.0,0.009999999999999787,612.0,0.025000000000000355
2023-03-25 09:34:49.729000+00:00,783.0,0.0040000000000000036,783.0,0.0040000000000000036,613.0,0.008000000000000895
2023-03-25 09:34:54.729000+00:00,784.0,0.0030000000000001137,784.0,0.0040000000000000036,614.0,0.007999999999999119
2023-03-25 09:34:59.729000+00:00,786.0,0.008000000000000007,786.0,0.007000000000000117,616.0,0.0129999999999999
2023-03-25 09:35:04.729000+00:00,786.0,0.0,787.0,0.0040000000000000036,616.0,0.0
2023-03-25 09:35:09.729000+00:00,788.0,0.008000000000000007,788.0,0.0040000000000000036,617.0,0.009000000000000341
2023-03-25 09:35:14.729000+00:00,790.0,0.008000000000000007,790.0,0.008000000000000007,618.0,0.006000000000000227
2023-03-25 09:35:19.729000+00:00,791.0,0.0040000000000000036,791.0,0.0040000000000000036,619.0,0.009000000000000341
2023-03-25 09:35:24.729000+00:00,792.0,0.0040000000000000036,792.0,0.0040000000000000036,620.0,0.007999999999999119
2023-03-25 09:35:29.729000+00:00,792.0,0.0,792.0,0.0,620.0,0.0
2023-03-25 09:35:34.729000+00:00,794.0,0.005999999999999783,794.0,0.008000000000000007,621.0,0.005000000000000782
2023-03-25 09:35:39.729000+00:00,795.0,0.0040000000000000036,795.0,0.0040000000000000036,622.0,0.010999999999999233
2023-03-25 09:35:44.729000+00:00,796.0,0.0030000000000001137,797.0,0.008000000000000007,623.0,0.008000000000000895
2023-03-25 09:35:49.729000+00:00,798.0,0.007000000000000117,798.0,0.0030000000000001137,624.0,0.006999999999999673
2023-03-25 09:35:54.729000+00:00,799.0,0.0030000000000001137,802.0,0.01499999999999968,625.0,0.007999999999999119
2023-03-25 09:35:59.729000+00:00,805.0,0.01599999999999957,805.0,0.010000000000000231,630.0,0.031000000000000583
2023-03-25 09:36:04.729000+00:00,806.0,0.0030000000000001137,806.0,0.0030000000000001137,631.0,0.006000000000000227
2023-03-25 09:36:09.729000+00:00,807.0,0.0030000000000001137,808.0,0.005999999999999783,632.0,0.007999999999999119
2023-03-25 09:36:14.729000+00:00,810.0,0.009999999999999787,810.0,0.006000000000000227,633.0,0.008000000000000895
2023-03-25 09:36:19.729000+00:00,811.0,0.0030000000000001137,812.0,0.008000000000000007,634.0,0.009000000000000341
2023-03-25 09:36:24.729000+00:00,812.0,0.0030000000000001137,812.0,0.0,634.0,0.0
2023-03-25 09:36:29.729000+00:00,814.0,0.005999999999999783,814.0,0.006999999999999673,635.0,0.007999999999999119
2023-03-25 09:36:34.729000+00:00,817.0,0.009000000000000341,818.0,0.01399999999999979,636.0,0.008000000000000895
2023-03-25 09:36:39.729000+00:00,819.0,0.006999999999999673,819.0,0.0030000000000001137,637.0,0.009999999999999787
2023-03-25 09:36:44.729000+00:00,821.0,0.006000000000000227,821.0,0.009000000000000341,639.0,0.014999999999998792
2023-03-25 09:36:49.729000+00:00,823.0,0.007000000000000117,823.0,0.006000000000000227,639.0,0.0
2023-03-25 09:36:54.729000+00:00,824.0,0.0029999999999996696,824.0,0.0039999999999995595,640.0,0.009000000000000341
2023-03-25 09:36:59.729000+00:00,825.0,0.0030000000000001137,825.0,0.0030000000000001137,641.0,0.011000000000001009
2023-03-25 09:37:04.729000+00:00,827.0,0.004999999999999893,827.0,0.008000000000000007,643.0,0.014999999999998792
2023-03-25 09:37:09.729000+00:00,827.0,0.0,827.0,0.0,643.0,0.0
2023-03-25 09:37:14.729000+00:00,827.0,0.0,827.0,0.0,643.0,0.0
2023-03-25 09:37:19.729000+00:00,829.0,0.007000000000000117,829.0,0.006999999999999673,645.0,0.014000000000001123
2023-03-25 09:37:24.729000+00:00,830.0,0.002000000000000224,831.0,0.007000000000000561,646.0,0.006999999999999673
2023-03-25 09:37:29.729000+00:00,833.0,0.010999999999999677,833.0,0.006999999999999673,649.0,0.023999999999999133
2023-03-25 09:37:34.729000+00:00,834.0,0.0040000000000000036,834.0,0.0030000000000001137,650.0,0.006000000000000227
2023-03-25 09:37:39.729000+00:00,834.0,0.0,834.0,0.0,650.0,0.0
2023-03-25 09:37:44.729000+00:00,839.0,0.019000000000000128,839.0,0.01499999999999968,655.0,0.034000000000000696
2023-03-25 09:37:49.729000+00:00,841.0,0.007000000000000117,841.0,0.007000000000000561,656.0,0.009999999999999787
2023-03-25 09:37:54.729000+00:00,843.0,0.008000000000000007,843.0,0.008000000000000007,657.0,0.006000000000000227
2023-03-25 09:37:59.729000+00:00,844.0,0.0040000000000000036,844.0,0.0030000000000001137,658.0,0.009000000000000341
2023-03-25 09:38:04.729000+00:00,846.0,0.008000000000000007,846.0,0.008000000000000007,659.0,0.006000000000000227
2023-03-25 09:38:09.729000+00:00,847.0,0.0029999999999996696,847.0,0.004999999999999893,660.0,0.007999999999999119
2023-03-25 09:38:14.729000+00:00,849.0,0.006000000000000227,849.0,0.006999999999999673,662.0,0.015000000000000568
2023-03-25 09:38:19.729000+00:00,851.0,0.007000000000000117,852.0,0.011999999999999567,662.0,0.0
2023-03-25 09:38:24.729000+00:00,854.0,0.009999999999999787,855.0,0.012000000000000455,664.0,0.11999999999999922
2023-03-25 09:38:29.729000+00:00,858.0,0.01200000000000001,858.0,0.01100000000000012,667.0,0.021000000000000796
2023-03-25 09:38:34.729000+00:00,858.0,0.0,858.0,0.0,667.0,0.0
2023-03-25 09:38:39.729000+00:00,859.0,0.0040000000000000036,859.0,0.0039999999999995595,667.0,0.0
2023-03-25 09:38:44.729000+00:00,863.0,0.016999999999999904,864.0,0.017000000000000348,671.0,0.02999999999999936
2023-03-25 09:38:49.729000+00:00,864.0,0.0030000000000001137,864.0,0.0,672.0,0.008000000000000895
2023-03-25 09:38:54.729000+00:00,867.0,0.008000000000000007,868.0,0.014000000000000234,675.0,0.01699999999999946
2023-03-25 09:38:59.729000+00:00,870.0,0.0129999999999999,870.0,0.006999999999999673,678.0,0.1379999999999999
2023-03-25 09:39:04.729000+00:00,871.0,0.0040000000000000036,871.0,0.004000000000000448,678.0,0.0
2023-03-25 09:39:09.729000+00:00,871.0,0.0,871.0,0.0,678.0,0.0
2023-03-25 09:39:14.729000+00:00,876.0,0.014000000000000234,876.0,0.016000000000000014,682.0,0.02999999999999936
2023-03-25 09:39:19.729000+00:00,876.0,0.0,876.0,0.0,682.0,0.0
2023-03-25 09:39:24.729000+00:00,877.0,0.0040000000000000036,877.0,0.0039999999999995595,683.0,0.008000000000000895
2023-03-25 09:39:29.729000+00:00,879.0,0.005999999999999783,882.0,0.017000000000000348,685.0,0.0129999999999999
2023-03-25 09:39:34.729000+00:00,883.0,0.01200000000000001,883.0,0.0039999999999995595,688.0,0.026999999999999247
2023-03-25 09:39:39.729000+00:00,884.0,0.0030000000000001137,884.0,0.0030000000000001137,689.0,0.006999999999999673
2023-03-25 09:39:44.729000+00:00,885.0,0.0040000000000000036,885.0,0.0030000000000001137,690.0,0.008000000000000895
2023-03-25 09:39:49.729000+00:00,886.0,0.0040000000000000036,886.0,0.0039999999999995595,691.0,0.005000000000000782
2023-03-25 09:39:54.729000+00:00,889.0,0.01200000000000001,889.0,0.0129999999999999,693.0,0.0129999999999999
2023-03-25 09:39:59.729000+00:00,893.0,0.0129999999999999,894.0,0.017000000000000348,696.0,0.021999999999998465
2023-03-25 09:40:04.729000+00:00,897.0,0.0129999999999999,897.0,0.012000000000000455,699.0,0.17600000000000016
2023-03-25 09:40:09.729000+00:00,898.0,0.0030000000000001137,898.0,0.0039999999999995595,700.0,0.006000000000000227
2023-03-25 09:40:14.729000+00:00,898.0,0.0,899.0,0.004000000000000448,700.0,0.0
2023-03-25 09:40:19.729000+00:00,899.0,0.0040000000000000036,899.0,0.0,700.0,0.0
2023-03-25 09:40:24.729000+00:00,900.0,0.0040000000000000036,900.0,0.0029999999999992255,701.0,0.009000000000000341
2023-03-25 09:40:29.729000+00:00,903.0,0.008999999999999897,904.0,0.015000000000000568,703.0,0.015000000000000568
2023-03-25 09:40:34.729000+00:00,906.0,0.01100000000000012,907.0,0.009999999999999787,705.0,0.017999999999998906
2023-03-25 09:40:39.729000+00:00,907.0,0.002000000000000224,907.0,0.0,706.0,0.005000000000000782
2023-03-25 09:40:44.729000+00:00,908.0,0.0040000000000000036,908.0,0.004000000000000448,707.0,0.009999999999999787
2023-03-25 09:40:49.729000+00:00,911.0,0.008999999999999897,912.0,0.0129999999999999,710.0,0.019000000000000128
2023-03-25 09:40:54.729000+00:00,915.0,0.01499999999999968,916.0,0.013999999999999346,714.0,0.0259999999999998
2023-03-25 09:40:59.729000+00:00,918.0,0.009000000000000341,919.0,0.010000000000000675,717.0,0.0259999999999998
2023-03-25 09:41:04.729000+00:00,921.0,0.01100000000000012,922.0,0.011999999999999567,720.0,0.021000000000000796
2023-03-25 09:41:09.729000+00:00,924.0,0.008999999999999453,924.0,0.006000000000000227,722.0,0.0129999999999999
2023-03-25 09:41:14.729000+00:00,925.0,0.0030000000000001137,925.0,0.0030000000000001137,723.0,0.007999999999999119
2023-03-25 09:41:19.729000+00:00,927.0,0.008000000000000007,928.0,0.0129999999999999,724.0,0.006000000000000227
2023-03-25 09:41:24.729000+00:00,928.0,0.0030000000000001137,928.0,0.0,725.0,0.008000000000000895
2023-03-25 09:41:29.729000+00:00,928.0,0.0,928.0,0.0,725.0,0.0
2023-03-25 09:41:34.729000+00:00,929.0,0.0030000000000001137,930.0,0.008999999999999453,726.0,0.007999999999999119
2023-03-25 09:41:39.729000+00:00,931.0,0.008000000000000007,932.0,0.008000000000000007,727.0,0.012000000000000455
2023-03-25 09:41:44.729000+00:00,932.0,0.0030000000000001137,932.0,0.0,728.0,0.009999999999999787
2023-03-25 09:41:49.729000+00:00,934.0,0.009999999999999787,935.0,0.01100000000000012,729.0,0.007999999999999119
2023-03-25 09:41:54.729000+00:00,936.0,0.006999999999999673,936.0,0.004000000000000448,731.0,0.021000000000000796
2023-03-25 09:41:59.729000+00:00,939.0,0.009000000000000341,939.0,0.01100000000000012,733.0,0.0129999999999999
2023-03-25 09:42:04.729000+00:00,943.0,0.0129999999999999,943.0,0.013999999999999346,735.0,0.01699999999999946
2023-03-25 09:42:09.729000+00:00,946.0,0.008000000000000007,946.0,0.01100000000000012,738.0,0.02400000000000091
2023-03-25 09:42:14.729000+00:00,949.0,0.012000000000000455,949.0,0.012000000000000455,741.0,0.02099999999999902
2023-03-25 09:42:19.729000+00:00,949.0,0.0,949.0,0.0,741.0,0.0
2023-03-25 09:42:24.729000+00:00,949.0,0.0,949.0,0.0,741.0,0.0
2023-03-25 09:42:29.729000+00:00,951.0,0.005999999999999339,951.0,0.006999999999999673,743.0,0.014000000000001123
2023-03-25 09:42:34.729000+00:00,952.0,0.0030000000000001137,952.0,0.004000000000000448,744.0,0.009000000000000341
2023-03-25 09:42:39.729000+00:00,954.0,0.006000000000000227,955.0,0.009999999999999787,745.0,0.009999999999999787
2023-03-25 09:42:44.729000+00:00,956.0,0.008000000000000007,956.0,0.0039999999999995595,746.0,0.009999999999999787
2023-03-25 09:42:49.729000+00:00,957.0,0.0039999999999995595,957.0,0.0030000000000001137,748.0,0.015000000000000568
2023-03-25 09:42:54.729000+00:00,961.0,0.013000000000000789,962.0,0.017000000000000348,751.0,0.0259999999999998
2023-03-25 09:42:59.729000+00:00,965.0,0.01499999999999968,965.0,0.01100000000000012,755.0,0.030999999999998806
2023-03-25 09:43:04.729000+00:00,965.0,0.0,966.0,0.0039999999999995595,755.0,0.0
2023-03-25 09:43:09.729000+00:00,967.0,0.006999999999999673,967.0,0.0030000000000001137,757.0,0.017000000000001236
2023-03-25 09:43:14.729000+00:00,968.0,0.004000000000000448,968.0,0.004000000000000448,757.0,0.0
2023-03-25 09:43:19.729000+00:00,971.0,0.008999999999999453,971.0,0.009999999999999787,759.0,0.014999999999998792
2023-03-25 09:43:24.729000+00:00,971.0,0.0,971.0,0.0,759.0,0.0
2023-03-25 09:43:29.729000+00:00,973.0,0.007000000000000561,974.0,0.01100000000000012,760.0,0.008000000000000895
2023-03-25 09:43:34.729000+00:00,975.0,0.006000000000000227,975.0,0.0039999999999995595,762.0,0.010999999999999233
2023-03-25 09:43:39.729000+00:00,975.0,0.0,975.0,0.0,762.0,0.0
2023-03-25 09:43:44.729000+00:00,976.0,0.0029999999999992255,976.0,0.0030000000000001137,762.0,0.0
2023-03-25 09:43:49.729000+00:00,977.0,0.004000000000000448,978.0,0.006000000000000227,763.0,0.009999999999999787
2023-03-25 09:43:54.729000+00:00,980.0,0.009999999999999787,981.0,0.009999999999999787,764.0,0.006000000000000227
2023-03-25 09:43:59.729000+00:00,983.0,0.008000000000000007,984.0,0.009999999999999787,767.0,0.021000000000000796
2023-03-25 09:44:04.729000+00:00,984.0,0.004000000000000448,984.0,0.0,767.0,0.0
2023-03-25 09:44:09.729000+00:00,986.0,0.005999999999999339,986.0,0.008000000000000007,768.0,0.009999999999999787
2023-03-25 09:44:14.729000+00:00,987.0,0.0030000000000001137,988.0,0.007000000000000561,769.0,0.009000000000000341
2023-03-25 09:44:19.729000+00:00,990.0,0.008000000000000007,990.0,0.004999999999999893,772.0,0.02099999999999902
2023-03-25 09:44:24.729000+00:00,990.0,0.0,990.0,0.0,772.0,0.0
2023-03-25 09:44:29.729000+00:00,990.0,0.0,990.0,0.0,772.0,0.0
2023-03-25 09:44:34.729000+00:00,991.0,0.004000000000000448,991.0,0.0030000000000001137,773.0,0.008000000000000895
2023-03-25 09:44:39.729000+00:00,992.0,0.0030000000000001137,992.0,0.0029999999999992255,773.0,0.0
2023-03-25 09:44:44.729000+00:00,995.0,0.008000000000000007,995.0,0.010000000000000675,775.0,0.011999999999998678
2023-03-25 09:44:49.729000+00:00,997.0,0.006999999999999673,997.0,0.005999999999999339,776.0,0.008000000000000895
2023-03-25 09:44:54.729000+00:00,1000.0,0.009999999999999787,1000.0,0.01100000000000012,779.0,0.01699999999999946
2023-03-25 09:44:59.729000+00:00,1002.0,0.007000000000000561,1002.0,0.009000000000000341,780.0,0.008000000000000895
2023-03-25 09:45:04.729000+00:00,1002.0,0.0,1002.0,0.0,780.0,0.0
2023-03-25 09:45:09.729000+00:00,1005.0,0.009999999999999787,1005.0,0.01100000000000012,782.0,0.016000000000000014
2023-03-25 09:45:14.729000+00:00,1005.0,0.0,1005.0,0.0,782.0,0.0
2023-03-25 09:45:19.729000+00:00,1006.0,0.0030000000000001137,1009.0,0.0129999999999999,783.0,0.004999999999999005
2023-03-25 09:45:24.729000+00:00,1009.0,0.008999999999999453,1009.0,0.0,785.0,0.015000000000000568
2023-03-25 09:45:29.729000+00:00,1010.0,0.0030000000000001137,1010.0,0.0030000000000001137,785.0,0.0
2023-03-25 09:45:34.729000+00:00,1012.0,0.007000000000000561,1012.0,0.006999999999999673,786.0,0.009999999999999787
2023-03-25 09:45:39.729000+00:00,1014.0,0.005999999999999339,1014.0,0.006000000000000227,788.0,0.0129999999999999
2023-03-25 09:45:44.729000+00:00,1017.0,0.01100000000000012,1017.0,0.009000000000000341,790.0,0.015000000000000568
2023-03-25 09:45:49.729000+00:00,1018.0,0.0030000000000001137,1018.0,0.0029999999999992255,790.0,0.0
2023-03-25 09:45:54.729000+00:00,1019.0,0.0030000000000001137,1019.0,0.004000000000000448,790.0,0.0
2023-03-25 09:45:59.729000+00:00,1020.0,0.0039999999999995595,1021.0,0.006000000000000227,791.0,0.004999999999999005
2023-03-25 09:46:04.729000+00:00,1022.0,0.006000000000000227,1023.0,0.006999999999999673,793.0,0.11000000000000121
2023-03-25 09:46:09.729000+00:00,1024.0,0.007000000000000561,1024.0,0.004999999999999893,793.0,0.0
2023-03-25 09:46:14.729000+00:00,1024.0,0.0,1024.0,0.0,793.0,0.0
2023-03-25 09:46:19.729000+00:00,1024.0,0.0,1025.0,0.004000000000000448,793.0,0.0
2023-03-25 09:46:24.729000+00:00,1026.0,0.006999999999999673,1027.0,0.006999999999999673,795.0,0.016000000000000014
2023-03-25 09:46:29.729000+00:00,1032.0,0.0259999999999998,1032.0,0.019000000000000128,800.0,0.03599999999999959
2023-03-25 09:46:34.729000+00:00,1035.0,0.009999999999999787,1035.0,0.01100000000000012,803.0,0.02200000000000024
2023-03-25 09:46:39.729000+00:00,1036.0,0.004000000000000448,1037.0,0.006999999999999673,804.0,0.006000000000000227
2023-03-25 09:46:44.729000+00:00,1038.0,0.006000000000000227,1038.0,0.0030000000000001137,805.0,0.006000000000000227
2023-03-25 09:46:49.729000+00:00,1040.0,0.005999999999999339,1040.0,0.006999999999999673,806.0,0.006999999999999673
2023-03-25 09:46:54.729000+00:00,1041.0,0.004000000000000448,1041.0,0.004000000000000448,807.0,0.009000000000000341
2023-03-25 09:46:59.729000+00:00,1041.0,0.0,1041.0,0.0,807.0,0.0
2023-03-25 09:47:04.729000+00:00,1041.0,0.0,1041.0,0.0,807.0,0.0
2023-03-25 09:47:09.729000+00:00,1042.0,0.0030000000000001137,1042.0,0.0039999999999995595,808.0,0.005999999999998451
2023-03-25 09:47:14.729000+00:00,1042.0,0.0,1043.0,0.0030000000000001137,808.0,0.0
2023-03-25 09:47:19.729000+00:00,1044.0,0.006999999999999673,1045.0,0.007000000000000561,810.0,0.015000000000000568
2023-03-25 09:47:24.729000+00:00,1046.0,0.006999999999999673,1047.0,0.006999999999999673,812.0,0.01699999999999946
2023-03-25 09:47:29.729000+00:00,1049.0,0.009000000000000341,1049.0,0.006000000000000227,815.0,0.019000000000000128
2023-03-25 09:47:34.729000+00:00,1051.0,0.006000000000000227,1052.0,0.009999999999999787,817.0,0.014000000000001123
2023-03-25 09:47:39.729000+00:00,1054.0,0.008999999999999453,1055.0,0.01100000000000012,818.0,0.006999999999999673
2023-03-25 09:47:44.729000+00:00,1058.0,0.013000000000000789,1058.0,0.009999999999999787,822.0,0.028999999999999915
2023-03-25 09:47:49.729000+00:00,1059.0,0.0039999999999995595,1059.0,0.0030000000000001137,823.0,0.007999999999999119
2023-03-25 09:47:54.729000+00:00,1059.0,0.0,1060.0,0.0030000000000001137,823.0,0.0
2023-03-25 09:47:59.729000+00:00,1060.0,0.004000000000000448,1061.0,0.0030000000000001137,824.0,0.008000000000000895
2023-03-25 09:48:04.729000+00:00,1062.0,0.008000000000000007,1062.0,0.0030000000000001137,826.0,0.015000000000000568
2023-03-25 09:48:09.729000+00:00,1063.0,0.0039999999999995595,1063.0,0.0029999999999992255,826.0,0.0
2023-03-25 09:48:14.729000+00:00,1064.0,0.0039999999999995595,1065.0,0.008000000000000007,826.0,0.0
2023-03-25 09:48:19.729000+00:00,1066.0,0.007000000000000561,1066.0,0.004000000000000448,827.0,0.007999999999999119
2023-03-25 09:48:24.729000+00:00,1067.0,0.0039999999999995595,1067.0,0.0039999999999995595,828.0,0.006999999999999673
2023-03-25 09:48:29.729000+00:00,1069.0,0.008000000000000007,1069.0,0.006000000000000227,829.0,0.006999999999999673
2023-03-25 09:48:34.729000+00:00,1071.0,0.006000000000000227,1071.0,0.008000000000000007,831.0,0.012000000000000455
2023-03-25 09:48:39.729000+00:00,1072.0,0.004000000000000448,1072.0,0.0030000000000001137,832.0,0.005000000000000782
2023-03-25 09:48:44.729000+00:00,1073.0,0.0029999999999992255,1075.0,0.009999999999999787,833.0,0.007999999999999119
2023-03-25 09:48:49.729000+00:00,1079.0,0.021000000000000796,1079.0,0.015000000000000568,839.0,0.0389999999999997
2023-03-25 09:48:54.729000+00:00,1079.0,0.0,1079.0,0.0,839.0,0.0
2023-03-25 09:48:59.729000+00:00,1079.0,0.0,1079.0,0.0,839.0,0.0
2023-03-25 09:49:04.729000+00:00,1080.0,0.0039999999999995595,1080.0,0.0029999999999992255,840.0,0.008000000000000895
2023-03-25 09:49:09.729000+00:00,1082.0,0.006999999999999673,1082.0,0.007000000000000561,842.0,0.0129999999999999
2023-03-25 09:49:14.729000+00:00,1082.0,0.0,1082.0,0.0,842.0,0.0
2023-03-25 09:49:19.729000+00:00,1084.0,0.006000000000000227,1085.0,0.009999999999999787,844.0,0.013999999999999346
2023-03-25 09:49:24.729000+00:00,1089.0,0.020999999999999908,1090.0,0.014000000000000234,849.0,0.028999999999999915
2023-03-25 09:49:29.729000+00:00,1090.0,0.0030000000000001137,1090.0,0.0,850.0,0.008000000000000895
2023-03-25 09:49:34.729000+00:00,1090.0,0.0,1090.0,0.0,850.0,0.0
2023-03-25 09:49:39.729000+00:00,1091.0,0.004000000000000448,1092.0,0.006000000000000227,851.0,0.006999999999999673
2023-03-25 09:49:44.729000+00:00,1095.0,0.0129999999999999,1095.0,0.010999999999999233,855.0,0.028999999999999915
2023-03-25 09:49:49.729000+00:00,1096.0,0.0039999999999995595,1096.0,0.0030000000000001137,855.0,0.0
2023-03-25 09:49:54.729000+00:00,1099.0,0.009000000000000341,1099.0,0.01100000000000012,858.0,0.019999999999999574
2023-03-25 09:49:59.729000+00:00,1101.0,0.006000000000000227,1101.0,0.008000000000000007,860.0,0.010000000000001563
2023-03-25 09:50:04.729000+00:00,1103.0,0.006999999999999673,1103.0,0.006000000000000227,862.0,0.1379999999999999
2023-03-25 09:50:09.729000+00:00,1104.0,0.0030000000000001137,1104.0,0.0030000000000001137,863.0,0.004999999999999005
2023-03-25 09:50:14.729000+00:00,1106.0,0.006000000000000227,1106.0,0.006999999999999673,865.0,0.012000000000000455
2023-03-25 09:50:19.729000+00:00,1108.0,0.006999999999999673,1108.0,0.008000000000000007,867.0,0.010999999999999233
2023-03-25 09:50:24.729000+00:00,1108.0,0.0,1108.0,0.0,867.0,0.0
2023-03-25 09:50:29.729000+00:00,1108.0,0.0,1108.0,0.0,867.0,0.0
2023-03-25 09:50:34.729000+00:00,1108.0,0.0,1108.0,0.0,867.0,0.0
2023-03-25 09:50:39.729000+00:00,1109.0,0.006000000000000227,1109.0,0.004000000000000448,868.0,0.011000000000001009
2023-03-25 09:50:44.729000+00:00,1109.0,0.0,1109.0,0.0,868.0,0.0
2023-03-25 09:50:49.729000+00:00,1112.0,0.01100000000000012,1112.0,0.010999999999999233,871.0,0.019000000000000128
2023-03-25 09:50:54.729000+00:00,1113.0,0.0039999999999995595,1113.0,0.004000000000000448,872.0,0.006000000000000227
2023-03-25 09:50:59.729000+00:00,1113.0,0.0,1113.0,0.0,872.0,0.0
2023-03-25 09:51:04.729000+00:00,1113.0,0.0,1113.0,0.0,872.0,0.0
2023-03-25 09:51:09.729000+00:00,1114.0,0.0030000000000001137,1114.0,0.0030000000000001137,873.0,0.008999999999998565
2023-03-25 09:51:14.729000+00:00,1120.0,0.019999999999999574,1120.0,0.019999999999999574,879.0,0.036000000000001364
2023-03-25 09:51:19.729000+00:00,1121.0,0.004000000000000448,1122.0,0.008000000000000007,880.0,0.007999999999999119
2023-03-25 09:51:24.729000+00:00,1126.0,0.017000000000000348,1126.0,0.0129999999999999,884.0,0.025000000000000355
2023-03-25 09:51:29.729000+00:00,1127.0,0.0029999999999992255,1127.0,0.0030000000000001137,885.0,0.006999999999999673
2023-03-25 09:51:34.729000+00:00,1128.0,0.0030000000000001137,1128.0,0.0030000000000001137,885.0,0.0
2023-03-25 09:51:39.729000+00:00,1131.0,0.010000000000000675,1131.0,0.01100000000000012,888.0,0.22799999999999976
2023-03-25 09:51:44.729000+00:00,1132.0,0.0039999999999995595,1133.0,0.006999999999999673,888.0,0.0
2023-03-25 09:51:49.729000+00:00,1134.0,0.004999999999999893,1134.0,0.004000000000000448,890.0,0.011000000000001009
2023-03-25 09:51:54.729000+00:00,1135.0,0.0030000000000001137,1135.0,0.0039999999999995595,891.0,0.006999999999999673
2023-03-25 09:51:59.729000+00:00,1136.0,0.0039999999999995595,1136.0,0.0030000000000001137,891.0,0.0
2023-03-25 09:52:04.729000+00:00,1136.0,0.0,1137.0,0.0030000000000001137,892.0,0.15899999999999892
2023-03-25 09:52:09.729000+00:00,1138.0,0.006000000000000227,1139.0,0.006999999999999673,893.0,0.0070000000000014495
2023-03-25 09:52:14.729000+00:00,1140.0,0.007000000000000561,1140.0,0.0030000000000001137,895.0,0.0129999999999999
2023-03-25 09:52:19.729000+00:00,1142.0,0.008000000000000007,1142.0,0.006000000000000227,897.0,0.010999999999999233
2023-03-25 09:52:24.729000+00:00,1144.0,0.006999999999999673,1144.0,0.006999999999999673,899.0,0.012000000000000455
2023-03-25 09:52:29.729000+00:00,1145.0,0.0030000000000001137,1145.0,0.0030000000000001137,900.0,0.004999999999999005
2023-03-25 09:52:34.729000+00:00,1146.0,0.0039999999999995595,1146.0,0.0030000000000001137,901.0,0.008000000000000895
2023-03-25 09:52:39.729000+00:00,1147.0,0.0030000000000001137,1147.0,0.0030000000000001137,901.0,0.0
2023-03-25 09:52:44.729000+00:00,1148.0,0.004000000000000448,1148.0,0.004000000000000448,902.0,0.006999999999999673
2023-03-25 09:52:49.729000+00:00,1150.0,0.006999999999999673,1151.0,0.010999999999999233,904.0,0.012000000000000455
2023-03-25 09:52:54.729000+00:00,1152.0,0.008000000000000007,1152.0,0.004000000000000448,906.0,0.012000000000000455
2023-03-25 09:52:59.729000+00:00,1157.0,0.016000000000000014,1157.0,0.016000000000000014,910.0,0.02099999999999902
2023-03-25 09:53:04.729000+00:00,1157.0,0.0,1158.0,0.0039999999999995595,910.0,0.0
2023-03-25 09:53:09.729000+00:00,1161.0,0.012000000000000455,1162.0,0.013000000000000789,914.0,0.12899999999999956
2023-03-25 09:53:14.729000+00:00,1163.0,0.006999999999999673,1163.0,0.0029999999999992255,916.0,0.0129999999999999
2023-03-25 09:53:19.729000+00:00,1166.0,0.01100000000000012,1166.0,0.012000000000000455,919.0,0.019000000000000128
2023-03-25 09:53:24.729000+00:00,1167.0,0.0030000000000001137,1167.0,0.0039999999999995595,920.0,0.005000000000000782
2023-03-25 09:53:29.729000+00:00,1169.0,0.008000000000000007,1170.0,0.008000000000000007,922.0,0.0129999999999999
2023-03-25 09:53:34.729000+00:00,1171.0,0.008999999999999453,1172.0,0.007000000000000561,924.0,0.016000000000000014
2023-03-25 09:53:39.729000+00:00,1175.0,0.0129999999999999,1175.0,0.008999999999999453,928.0,0.026999999999999247
2023-03-25 09:53:44.729000+00:00,1177.0,0.007000000000000561,1177.0,0.008000000000000007,930.0,0.014000000000001123
2023-03-25 09:53:49.729000+00:00,1178.0,0.0030000000000001137,1178.0,0.004000000000000448,931.0,0.007999999999999119
2023-03-25 09:53:54.729000+00:00,1179.0,0.0039999999999995595,1179.0,0.0039999999999995595,932.0,0.008000000000000895
2023-03-25 09:53:59.729000+00:00,1180.0,0.0030000000000001137,1180.0,0.004000000000000448,933.0,0.006000000000000227
2023-03-25 09:54:04.729000+00:00,1185.0,0.017000000000000348,1186.0,0.017999999999999794,938.0,0.030999999999998806
2023-03-25 09:54:09.729000+00:00,1186.0,0.0029999999999992255,1186.0,0.0,939.0,0.005000000000000782
2023-03-25 09:54:14.729000+00:00,1189.0,0.010000000000000675,1189.0,0.01100000000000012,941.0,0.013999999999999346
2023-03-25 09:54:19.729000+00:00,1190.0,0.0030000000000001137,1190.0,0.0030000000000001137,942.0,0.008000000000000895
2023-03-25 09:54:24.729000+00:00,1194.0,0.01499999999999968,1194.0,0.01499999999999968,944.0,0.22299999999999898
2023-03-25 09:54:29.729000+00:00,1194.0,0.0,1194.0,0.0,944.0,0.0
2023-03-25 09:54:34.729000+00:00,1194.0,0.0,1194.0,0.0,944.0,0.0
2023-03-25 09:54:39.729000+00:00,1196.0,0.006000000000000227,1196.0,0.007000000000000561,945.0,0.006999999999999673
2023-03-25 09:54:44.729000+00:00,1197.0,0.0019999999999997797,1198.0,0.006999999999999673,946.0,0.0070000000000014495
2023-03-25 09:54:49.729000+00:00,1199.0,0.006999999999999673,1199.0,0.0039999999999995595,947.0,0.006000000000000227
2023-03-25 09:54:54.729000+00:00,1199.0,0.0,1200.0,0.0030000000000001137,947.0,0.0
2023-03-25 09:54:59.729000+00:00,1202.0,0.010000000000000675,1203.0,0.010000000000000675,950.0,0.023999999999999133
2023-03-25 09:55:04.729000+00:00,1203.0,0.0029999999999992255,1204.0,0.0039999999999995595,950.0,0.0
2023-03-25 09:55:09.729000+00:00,1207.0,0.014000000000000234,1207.0,0.01100000000000012,953.0,0.021000000000000796
2023-03-25 09:55:14.729000+00:00,1208.0,0.004000000000000448,1208.0,0.0039999999999995595,953.0,0.0
2023-03-25 09:55:19.729000+00:00,1212.0,0.01499999999999968,1212.0,0.016000000000000014,957.0,0.030999999999998806
2023-03-25 09:55:24.729000+00:00,1212.0,0.0,1212.0,0.0,957.0,0.0
2023-03-25 09:55:29.729000+00:00,1213.0,0.0030000000000001137,1213.0,0.004000000000000448,958.0,0.005000000000000782
2023-03-25 09:55:34.729000+00:00,1214.0,0.0039999999999995595,1214.0,0.0030000000000001137,959.0,0.006000000000000227
2023-03-25 09:55:39.729000+00:00,1218.0,0.014000000000000234,1218.0,0.0129999999999999,963.0,0.02499999999999858
2023-03-25 09:55:44.729000+00:00,1222.0,0.01100000000000012,1222.0,0.0129999999999999,967.0,0.023000000000001464
2023-03-25 09:55:49.729000+00:00,1223.0,0.0030000000000001137,1223.0,0.0039999999999995595,968.0,0.006000000000000227
2023-03-25 09:55:54.729000+00:00,1226.0,0.01100000000000012,1226.0,0.01100000000000012,971.0,0.01899999999999835
2023-03-25 09:55:59.729000+00:00,1227.0,0.0039999999999995595,1227.0,0.004000000000000448,972.0,0.0070000000000014495
2023-03-25 09:56:04.729000+00:00,1228.0,0.004000000000000448,1229.0,0.006000000000000227,972.0,0.0
2023-03-25 09:56:09.729000+00:00,1230.0,0.008000000000000007,1230.0,0.0039999999999995595,974.0,0.013999999999999346
2023-03-25 09:56:14.729000+00:00,1230.0,0.0,1230.0,0.0,974.0,0.0
2023-03-25 09:56:19.729000+00:00,1231.0,0.0039999999999995595,1231.0,0.0030000000000001137,975.0,0.006999999999999673
2023-03-25 09:56:24.729000+00:00,1232.0,0.0030000000000001137,1232.0,0.006000000000000227,976.0,0.04899999999999949
2023-03-25 09:56:29.729000+00:00,1233.0,0.004000000000000448,1233.0,0.0030000000000001137,977.0,0.006000000000000227
2023-03-25 09:56:34.729000+00:00,1233.0,0.0,1234.0,0.0039999999999995595,977.0,0.0
2023-03-25 09:56:39.729000+00:00,1234.0,0.006999999999999673,1234.0,0.0,978.0,0.008000000000000895
2023-03-25 09:56:44.729000+00:00,1237.0,0.009999999999999787,1237.0,0.1609999999999996,979.0,0.007999999999999119
2023-03-25 09:56:49.729000+00:00,1238.0,0.0019999999999997797,1238.0,0.004000000000000448,980.0,0.005000000000000782
2023-03-25 09:56:54.729000+00:00,1241.0,0.02600000000000069,1242.0,0.017000000000000348,983.0,0.01699999999999946
2023-03-25 09:56:59.729000+00:00,1243.0,0.005999999999999339,1243.0,0.0019999999999997797,984.0,0.009000000000000341
2023-03-25 09:57:04.729000+00:00,1247.0,0.014000000000000234,1247.0,0.011999999999999567,988.0,0.0259999999999998
2023-03-25 09:57:09.729000+00:00,1250.0,0.009000000000000341,1250.0,0.010000000000000675,990.0,0.012000000000000455
2023-03-25 09:57:14.729000+00:00,1252.0,0.006999999999999673,1253.0,0.010999999999999233,992.0,0.12100000000000044
2023-03-25 09:57:19.729000+00:00,1253.0,0.0030000000000001137,1253.0,0.0,993.0,0.006999999999999673
2023-03-25 09:57:24.729000+00:00,1254.0,0.0030000000000001137,1254.0,0.004000000000000448,994.0,0.004999999999999005
2023-03-25 09:57:29.729000+00:00,1256.0,0.004999999999999893,1256.0,0.006000000000000227,996.0,0.0129999999999999
2023-03-25 09:57:34.729000+00:00,1259.0,0.009000000000000341,1259.0,0.011999999999999567,999.0,0.018000000000000682
2023-03-25 09:57:39.729000+00:00,1261.0,0.008000000000000007,1262.0,0.009999999999999787,1000.0,0.008000000000000895
2023-03-25 09:57:44.729000+00:00,1264.0,0.008999999999999453,1264.0,0.008000000000000007,1003.0,0.01899999999999835
2023-03-25 09:57:49.729000+00:00,1265.0,0.0030000000000001137,1266.0,0.007000000000000561,1003.0,0.0
2023-03-25 09:57:54.729000+00:00,1269.0,0.012000000000000455,1269.0,0.009999999999999787,1005.0,0.015000000000000568
2023-03-25 09:57:59.729000+00:00,1270.0,0.0029999999999992255,1270.0,0.004000000000000448,1006.0,0.009000000000000341
2023-03-25 09:58:04.729000+00:00,1270.0,0.0,1270.0,0.0,1006.0,0.0
2023-03-25 09:58:09.729000+00:00,1271.0,0.0030000000000001137,1271.0,0.0039999999999995595,1007.0,0.007999999999999119
2023-03-25 09:58:14.729000+00:00,1273.0,0.006000000000000227,1274.0,0.01100000000000012,1009.0,0.014000000000001123
2023-03-25 09:58:19.729000+00:00,1275.0,0.006000000000000227,1275.0,0.0030000000000001137,1011.0,0.010999999999999233
2023-03-25 09:58:24.729000+00:00,1276.0,0.0019999999999997797,1277.0,0.005999999999999339,1012.0,0.006999999999999673
2023-03-25 09:58:29.729000+00:00,1281.0,0.016000000000000014,1281.0,0.013000000000000789,1015.0,0.021000000000000796
2023-03-25 09:58:34.729000+00:00,1282.0,0.0030000000000001137,1282.0,0.0029999999999992255,1016.0,0.009999999999999787
2023-03-25 09:58:39.729000+00:00,1285.0,0.008999999999999453,1285.0,0.008000000000000007,1019.0,0.019000000000000128
2023-03-25 09:58:44.729000+00:00,1287.0,0.007000000000000561,1288.0,0.010000000000000675,1021.0,0.01699999999999946
2023-03-25 09:58:49.729000+00:00,1288.0,0.0019999999999997797,1289.0,0.0039999999999995595,1022.0,0.008000000000000895
2023-03-25 09:58:54.729000+00:00,1291.0,0.0129999999999999,1291.0,0.006000000000000227,1024.0,0.016000000000000014
2023-03-25 09:58:59.729000+00:00,1294.0,0.008000000000000007,1294.0,0.009999999999999787,1027.0,0.02800000000000047
2023-03-25 09:59:04.729000+00:00,1294.0,0.0,1294.0,0.0,1027.0,0.0
2023-03-25 09:59:09.729000+00:00,1295.0,0.0019999999999997797,1296.0,0.006000000000000227,1028.0,0.007999999999999119
2023-03-25 09:59:14.729000+00:00,1298.0,0.012000000000000455,1299.0,0.009000000000000341,1031.0,0.2400000000000002
2023-03-25 09:59:19.729000+00:00,1302.0,0.011999999999999567,1303.0,0.0129999999999999,1035.0,0.07699999999999996
2023-03-25 09:59:24.729000+00:00,1303.0,0.0030000000000001137,1303.0,0.0,1036.0,0.009000000000000341
2023-03-25 09:59:29.729000+00:00,1305.0,0.007000000000000561,1306.0,0.011999999999999567,1037.0,0.009000000000000341
2023-03-25 09:59:34.729000+00:00,1307.0,0.005999999999999339,1308.0,0.012000000000000455,1038.0,0.009999999999999787
2023-03-25 09:59:39.729000+00:00,1311.0,0.013000000000000789,1312.0,0.0129999999999999,1041.0,0.019000000000000128
2023-03-25 09:59:44.729000+00:00,1314.0,0.008999999999999453,1314.0,0.005999999999999339,1043.0,0.014999999999998792
2023-03-25 09:59:49.729000+00:00,1315.0,0.0030000000000001137,1316.0,0.007000000000000561,1044.0,0.006000000000000227
2023-03-25 09:59:54.729000+00:00,1317.0,0.008000000000000007,1317.0,0.0039999999999995595,1046.0,0.015000000000000568
2023-03-25 09:59:59.729000+00:00,1317.0,0.0,1317.0,0.0,1046.0,0.0
2023-03-25 10:00:04.729000+00:00,1320.0,0.009999999999999787,1321.0,0.014000000000000234,1049.0,0.022999999999999687
2023-03-25 10:00:09.729000+00:00,1321.0,0.0030000000000001137,1321.0,0.0,1050.0,0.008000000000000895
2023-03-25 10:00:14.729000+00:00,1323.0,0.006000000000000227,1323.0,0.004999999999999893,1052.0,0.013999999999999346
2023-03-25 10:00:19.729000+00:00,1324.0,0.0030000000000001137,1324.0,0.004000000000000448,1053.0,0.009000000000000341
2023-03-25 10:00:24.729000+00:00,1329.0,0.01699999999999946,1329.0,0.01699999999999946,1057.0,0.0259999999999998
2023-03-25 10:00:29.729000+00:00,1330.0,0.0030000000000001137,1330.0,0.004000000000000448,1058.0,0.004999999999999005
2023-03-25 10:00:34.729000+00:00,1331.0,0.004000000000000448,1332.0,0.006999999999999673,1058.0,0.0
2023-03-25 10:00:39.729000+00:00,1336.0,0.01699999999999946,1337.0,0.017000000000000348,1062.0,0.030000000000001137
2023-03-25 10:00:44.729000+00:00,1338.0,0.006000000000000227,1338.0,0.0039999999999995595,1064.0,0.10699999999999932
2023-03-25 10:00:49.729000+00:00,1341.0,0.009999999999999787,1341.0,0.010000000000000675,1065.0,0.009000000000000341
2023-03-25 10:00:54.729000+00:00,1341.0,0.0,1341.0,0.0,1065.0,0.0
2023-03-25 10:00:59.729000+00:00,1342.0,0.004000000000000448,1342.0,0.0039999999999995595,1066.0,0.009000000000000341
2023-03-25 10:01:04.729000+00:00,1342.0,0.0,1342.0,0.0,1066.0,0.0
2023-03-25 10:01:09.729000+00:00,1344.0,0.006999999999999673,1344.0,0.008000000000000007,1068.0,0.01699999999999946
2023-03-25 10:01:14.729000+00:00,1348.0,0.0129999999999999,1348.0,0.0129999999999999,1071.0,0.07399999999999984
2023-03-25 10:01:19.729000+00:00,1348.0,0.0,1348.0,0.0,1071.0,0.0
2023-03-25 10:01:24.729000+00:00,1350.0,0.007000000000000561,1351.0,0.012000000000000455,1073.0,0.013999999999999346
2023-03-25 10:01:29.729000+00:00,1351.0,0.0030000000000001137,1351.0,0.0,1074.0,0.0070000000000014495
2023-03-25 10:01:34.729000+00:00,1352.0,0.0029999999999992255,1352.0,0.0029999999999992255,1074.0,0.0
2023-03-25 10:01:39.729000+00:00,1353.0,0.0030000000000001137,1353.0,0.004000000000000448,1075.0,0.007999999999999119
2023-03-25 10:01:44.729000+00:00,1356.0,0.01100000000000012,1356.0,0.009000000000000341,1078.0,0.025000000000000355
2023-03-25 10:01:49.729000+00:00,1358.0,0.006000000000000227,1358.0,0.005999999999999339,1079.0,0.007999999999999119
2023-03-25 10:01:54.729000+00:00,1361.0,0.01100000000000012,1361.0,0.010000000000000675,1082.0,0.026000000000001577
2023-03-25 10:01:59.729000+00:00,1361.0,0.0,1361.0,0.0,1082.0,0.0
2023-03-25 10:02:04.729000+00:00,1362.0,0.004999999999999893,1362.0,0.0039999999999995595,1083.0,0.007999999999999119
2023-03-25 10:02:09.729000+00:00,1363.0,0.0030000000000001137,1363.0,0.004000000000000448,1084.0,0.006000000000000227
2023-03-25 10:02:14.729000+00:00,1365.0,0.008000000000000007,1365.0,0.008000000000000007,1086.0,0.016000000000000014
2023-03-25 10:02:19.729000+00:00,1366.0,0.0030000000000001137,1366.0,0.0029999999999992255,1087.0,0.010999999999999233
2023-03-25 10:02:24.729000+00:00,1367.0,0.0029999999999992255,1367.0,0.0030000000000001137,1088.0,0.0070000000000014495
2023-03-25 10:02:29.729000+00:00,1368.0,0.0030000000000001137,1368.0,0.0030000000000001137,1089.0,0.007999999999999119
2023-03-25 10:02:34.729000+00:00,1369.0,0.004000000000000448,1371.0,0.009000000000000341,1090.0,0.008000000000000895
2023-03-25 10:02:39.729000+00:00,1373.0,0.014000000000000234,1373.0,0.006000000000000227,1093.0,0.02099999999999902
2023-03-25 10:02:44.729000+00:00,1375.0,0.006999999999999673,1376.0,0.010999999999999233,1094.0,0.009000000000000341
2023-03-25 10:02:49.729000+00:00,1377.0,0.006999999999999673,1377.0,0.0030000000000001137,1096.0,0.01699999999999946
2023-03-25 10:02:54.729000+00:00,1379.0,0.006000000000000227,1379.0,0.007000000000000561,1098.0,0.009999999999999787
2023-03-25 10:02:59.729000+00:00,1383.0,0.014000000000000234,1384.0,0.016000000000000014,1101.0,0.02400000000000091
2023-03-25 10:03:04.729000+00:00,1385.0,0.006000000000000227,1385.0,0.0029999999999992255,1103.0,0.0129999999999999
2023-03-25 10:03:09.729000+00:00,1387.0,0.005999999999999339,1387.0,0.007000000000000561,1104.0,0.007999999999999119
2023-03-25 10:03:14.729000+00:00,1387.0,0.0,1387.0,0.0,1105.0,0.14200000000000124
2023-03-25 10:03:19.729000+00:00,1388.0,0.0030000000000001137,1388.0,0.0030000000000001137,1106.0,0.007999999999999119
2023-03-25 10:03:24.729000+00:00,1389.0,0.004000000000000448,1389.0,0.0030000000000001137,1107.0,0.008000000000000895
2023-03-25 10:03:29.729000+00:00,1390.0,0.0030000000000001137,1391.0,0.005999999999999339,1107.0,0.0
2023-03-25 10:03:34.729000+00:00,1393.0,0.008999999999999453,1393.0,0.004999999999999893,1110.0,0.019999999999999574
2023-03-25 10:03:39.729000+00:00,1394.0,0.0030000000000001137,1394.0,0.004000000000000448,1111.0,0.009000000000000341
2023-03-25 10:03:44.729000+00:00,1397.0,0.009999999999999787,1397.0,0.009000000000000341,1114.0,0.023999999999999133
2023-03-25 10:03:49.729000+00:00,1397.0,0.0,1397.0,0.0,1114.0,0.0
2023-03-25 10:03:54.729000+00:00,1398.0,0.004000000000000448,1398.0,0.0039999999999995595,1115.0,0.006999999999999673
2023-03-25 10:03:59.729000+00:00,1401.0,0.009999999999999787,1401.0,0.01100000000000012,1118.0,0.02400000000000091
2023-03-25 10:04:04.729000+00:00,1402.0,0.0039999999999995595,1403.0,0.006000000000000227,1119.0,0.006000000000000227
2023-03-25 10:04:09.729000+00:00,1403.0,0.0030000000000001137,1403.0,0.0,1120.0,0.07399999999999984
2023-03-25 10:04:14.729000+00:00,1405.0,0.008000000000000007,1405.0,0.006999999999999673,1121.0,0.009999999999999787
2023-03-25 10:04:19.729000+00:00,1405.0,0.0,1405.0,0.0,1121.0,0.0
2023-03-25 10:04:24.729000+00:00,1406.0,0.004000000000000448,1406.0,0.0030000000000001137,1122.0,0.007999999999999119
2023-03-25 10:04:29.729000+00:00,1407.0,0.0030000000000001137,1408.0,0.008000000000000007,1123.0,0.009000000000000341
2023-03-25 10:04:34.729000+00:00,1412.0,0.01699999999999946,1413.0,0.017000000000000348,1128.0,0.09600000000000009
2023-03-25 10:04:39.729000+00:00,1415.0,0.008000000000000007,1416.0,0.008999999999999453,1130.0,0.012000000000000455
2023-03-25 10:04:44.729000+00:00,1417.0,0.006000000000000227,1417.0,0.0030000000000001137,1131.0,0.007999999999999119
2023-03-25 10:04:49.729000+00:00,1418.0,0.0030000000000001137,1418.0,0.0030000000000001137,1131.0,0.0
2023-03-25 10:04:54.729000+00:00,1420.0,0.006000000000000227,1420.0,0.006000000000000227,1133.0,0.014000000000001123
2023-03-25 10:04:59.729000+00:00,1421.0,0.0030000000000001137,1421.0,0.0039999999999995595,1134.0,0.11599999999999966
2023-03-25 10:05:04.729000+00:00,1423.0,0.006999999999999673,1423.0,0.006000000000000227,1136.0,0.01699999999999946
2023-03-25 10:05:09.729000+00:00,1423.0,0.0,1424.0,0.004999999999999893,1136.0,0.0
2023-03-25 10:05:14.729000+00:00,1427.0,0.011999999999999567,1427.0,0.009999999999999787,1139.0,0.021000000000000796
2023-03-25 10:05:19.729000+00:00,1427.0,0.0,1427.0,0.0,1139.0,0.0
2023-03-25 10:05:24.729000+00:00,1427.0,0.0,1427.0,0.0,1139.0,0.0
2023-03-25 10:05:29.729000+00:00,1430.0,0.008000000000000007,1430.0,0.009000000000000341,1141.0,0.0129999999999999
2023-03-25 10:05:34.729000+00:00,1432.0,0.006000000000000227,1432.0,0.006000000000000227,1142.0,0.006000000000000227
2023-03-25 10:05:39.729000+00:00,1433.0,0.004000000000000448,1433.0,0.0029999999999992255,1142.0,0.0
2023-03-25 10:05:44.729000+00:00,1433.0,0.0,1433.0,0.0,1142.0,0.0
2023-03-25 10:05:49.729000+00:00,1434.0,0.0029999999999992255,1434.0,0.0030000000000001137,1143.0,0.007999999999999119
2023-03-25 10:05:54.729000+00:00,1435.0,0.004000000000000448,1436.0,0.006000000000000227,1144.0,0.006000000000000227
2023-03-25 10:05:59.729000+00:00,1440.0,0.017000000000000348,1440.0,0.019000000000000128,1148.0,0.031000000000000583
2023-03-25 10:06:04.729000+00:00,1443.0,0.009999999999999787,1443.0,0.009999999999999787,1151.0,0.058999999999999275
2023-03-25 10:06:09.729000+00:00,1443.0,0.0,1443.0,0.0,1151.0,0.0
2023-03-25 10:06:14.729000+00:00,1445.0,0.008000000000000007,1445.0,0.006000000000000227,1152.0,0.006999999999999673
2023-03-25 10:06:19.729000+00:00,1447.0,0.006000000000000227,1449.0,0.01499999999999968,1154.0,0.021000000000000796
2023-03-25 10:06:24.729000+00:00,1450.0,0.008999999999999453,1451.0,0.006000000000000227,1156.0,0.013999999999999346
2023-03-25 10:06:29.729000+00:00,1452.0,0.0129999999999999,1452.0,0.0030000000000001137,1158.0,0.018000000000000682
2023-03-25 10:06:34.729000+00:00,1452.0,0.0,1453.0,0.004999999999999893,1158.0,0.0
2023-03-25 10:06:39.729000+00:00,1455.0,0.009000000000000341,1455.0,0.006999999999999673,1160.0,0.015000000000000568
2023-03-25 10:06:44.729000+00:00,1455.0,0.0,1455.0,0.0,1160.0,0.0
2023-03-25 10:06:49.729000+00:00,1456.0,0.0030000000000001137,1456.0,0.0030000000000001137,1161.0,0.006000000000000227
2023-03-25 10:06:54.729000+00:00,1457.0,0.0019999999999997797,1458.0,0.008000000000000007,1162.0,0.005999999999998451
2023-03-25 10:06:59.729000+00:00,1458.0,0.0030000000000001137,1459.0,0.004000000000000448,1163.0,0.008000000000000895
2023-03-25 10:07:04.729000+00:00,1460.0,0.006000000000000227,1460.0,0.0039999999999995595,1164.0,0.010999999999999233
2023-03-25 10:07:09.729000+00:00,1460.0,0.0,1461.0,0.0030000000000001137,1164.0,0.0
2023-03-25 10:07:14.729000+00:00,1463.0,0.009999999999999787,1463.0,0.006999999999999673,1167.0,0.02200000000000024
2023-03-25 10:07:19.729000+00:00,1467.0,0.014000000000000234,1469.0,0.021000000000000796,1169.0,0.015000000000000568
2023-03-25 10:07:24.729000+00:00,1469.0,0.008000000000000007,1470.0,0.0039999999999995595,1171.0,0.012000000000000455
2023-03-25 10:07:29.729000+00:00,1471.0,0.008000000000000007,1471.0,0.0030000000000001137,1173.0,0.011999999999998678
2023-03-25 10:07:34.729000+00:00,1474.0,0.008999999999999453,1474.0,0.009999999999999787,1174.0,0.008000000000000895
2023-03-25 10:07:39.729000+00:00,1474.0,0.0,1474.0,0.0,1174.0,0.0
2023-03-25 10:07:44.729000+00:00,1476.0,0.007000000000000561,1476.0,0.007000000000000561,1176.0,0.016000000000000014
2023-03-25 10:07:49.729000+00:00,1476.0,0.0,1476.0,0.0,1176.0,0.0
2023-03-25 10:07:54.729000+00:00,1476.0,0.0,1476.0,0.0,1176.0,0.0
2023-03-25 10:07:59.729000+00:00,1476.0,0.0,1476.0,0.0,1176.0,0.0
2023-03-25 10:08:04.729000+00:00,1477.0,0.0029999999999992255,1477.0,0.0039999999999995595,1177.0,0.007999999999999119
2023-03-25 10:08:09.729000+00:00,1481.0,0.013000000000000789,1481.0,0.0129999999999999,1181.0,0.04300000000000104
2023-03-25 10:08:14.729000+00:00,1485.0,0.011999999999999567,1486.0,0.017000000000000348,1184.0,0.02099999999999902
2023-03-25 10:08:19.729000+00:00,1489.0,0.01499999999999968,1490.0,0.01699999999999946,1188.0,0.2480000000000011
2023-03-25 10:08:24.729000+00:00,1490.0,0.006000000000000227,1490.0,0.0,1189.0,0.007999999999999119
2023-03-25 10:08:29.729000+00:00,1490.0,0.0,1491.0,0.004000000000000448,1189.0,0.0
2023-03-25 10:08:34.729000+00:00,1491.0,0.0030000000000001137,1492.0,0.0030000000000001137,1190.0,0.006000000000000227
2023-03-25 10:08:39.729000+00:00,1494.0,0.009999999999999787,1494.0,0.006999999999999673,1193.0,0.019000000000000128
2023-03-25 10:08:44.729000+00:00,1495.0,0.0030000000000001137,1495.0,0.0030000000000001137,1194.0,0.006999999999999673
2023-03-25 10:08:49.729000+00:00,1496.0,0.0030000000000001137,1496.0,0.0039999999999995595,1195.0,0.006999999999999673
2023-03-25 10:08:54.729000+00:00,1496.0,0.0,1496.0,0.0,1195.0,0.0
2023-03-25 10:08:59.729000+00:00,1497.0,0.0030000000000001137,1497.0,0.0030000000000001137,1196.0,0.005000000000000782
2023-03-25 10:09:04.729000+00:00,1499.0,0.006999999999999673,1499.0,0.007000000000000561,1198.0,0.013999999999999346
2023-03-25 10:09:09.729000+00:00,1501.0,0.007000000000000561,1501.0,0.006999999999999673,1200.0,0.02000000000000135
2023-03-25 10:09:14.729000+00:00,1502.0,0.0030000000000001137,1502.0,0.0030000000000001137,1201.0,0.007999999999999119
2023-03-25 10:09:19.729000+00:00,1502.0,0.0,1502.0,0.0,1201.0,0.0
2023-03-25 10:09:24.729000+00:00,1502.0,0.0,1502.0,0.0,1201.0,0.0
2023-03-25 10:09:29.729000+00:00,1504.0,0.004999999999999893,1505.0,0.009999999999999787,1203.0,0.013999999999999346
2023-03-25 10:09:34.729000+00:00,1505.0,0.0029999999999992255,1506.0,0.0030000000000001137,1204.0,0.006000000000000227
2023-03-25 10:09:39.729000+00:00,1507.0,0.009000000000000341,1507.0,0.004000000000000448,1206.0,0.018000000000000682
2023-03-25 10:09:44.729000+00:00,1507.0,0.0,1507.0,0.0,1206.0,0.0
2023-03-25 10:09:49.729000+00:00,1509.0,0.006999999999999673,1509.0,0.005999999999999339,1207.0,0.006999999999999673
2023-03-25 10:09:54.729000+00:00,1509.0,0.0,1509.0,0.0,1207.0,0.0
2023-03-25 10:09:59.729000+00:00,1509.0,0.0,1509.0,0.0,1207.0,0.0
2023-03-25 10:10:04.729000+00:00,1509.0,0.0,1510.0,0.0030000000000001137,1207.0,0.0
2023-03-25 10:10:09.729000+00:00,1510.0,0.004000000000000448,1510.0,0.0,1208.0,0.006000000000000227
2023-03-25 10:10:14.729000+00:00,1512.0,0.006999999999999673,1512.0,0.006000000000000227,1210.0,0.015000000000000568
2023-03-25 10:10:19.729000+00:00,1515.0,0.01100000000000012,1515.0,0.011999999999999567,1213.0,0.019999999999999574
2023-03-25 10:10:24.729000+00:00,1517.0,0.007000000000000561,1517.0,0.008000000000000007,1214.0,0.006999999999999673
2023-03-25 10:10:29.729000+00:00,1519.0,0.005999999999999339,1522.0,0.017000000000000348,1215.0,0.006999999999999673
2023-03-25 10:10:34.729000+00:00,1526.0,0.031000000000000583,1528.0,0.019999999999999574,1219.0,0.025000000000000355
2023-03-25 10:10:39.729000+00:00,1528.0,0.006999999999999673,1528.0,0.0,1220.0,0.009000000000000341
2023-03-25 10:10:44.729000+00:00,1529.0,0.004000000000000448,1529.0,0.004000000000000448,1221.0,0.006000000000000227
2023-03-25 10:10:49.729000+00:00,1530.0,0.0039999999999995595,1530.0,0.0030000000000001137,1222.0,0.006999999999999673
2023-03-25 10:10:54.729000+00:00,1531.0,0.0030000000000001137,1532.0,0.006000000000000227,1223.0,0.006999999999999673
2023-03-25 10:10:59.729000+00:00,1532.0,0.0030000000000001137,1532.0,0.0,1224.0,0.008000000000000895
2023-03-25 10:11:04.729000+00:00,1532.0,0.0,1532.0,0.0,1224.0,0.0
2023-03-25 10:11:09.729000+00:00,1534.0,0.008000000000000007,1534.0,0.005999999999999339,1226.0,0.017999999999998906
2023-03-25 10:11:14.729000+00:00,1535.0,0.0039999999999995595,1536.0,0.008000000000000007,1227.0,0.006000000000000227
2023-03-25 10:11:19.729000+00:00,1536.0,0.004000000000000448,1536.0,0.0,1228.0,0.008000000000000895
2023-03-25 10:11:24.729000+00:00,1537.0,0.0039999999999995595,1537.0,0.0030000000000001137,1229.0,0.007999999999999119
2023-03-25 10:11:29.729000+00:00,1538.0,0.0030000000000001137,1538.0,0.0030000000000001137,1230.0,0.006999999999999673
2023-03-25 10:11:34.729000+00:00,1541.0,0.01100000000000012,1541.0,0.009999999999999787,1232.0,0.015000000000000568
2023-03-25 10:11:39.729000+00:00,1541.0,0.0,1542.0,0.004000000000000448,1232.0,0.0
2023-03-25 10:11:44.729000+00:00,1545.0,0.01100000000000012,1545.0,0.01100000000000012,1236.0,0.03399999999999892
2023-03-25 10:11:49.729000+00:00,1547.0,0.006000000000000227,1547.0,0.005999999999999339,1238.0,0.014000000000001123
2023-03-25 10:11:54.729000+00:00,1548.0,0.0039999999999995595,1548.0,0.004000000000000448,1239.0,0.006999999999999673
2023-03-25 10:11:59.729000+00:00,1549.0,0.0030000000000001137,1550.0,0.006999999999999673,1240.0,0.006000000000000227
2023-03-25 10:12:04.729000+00:00,1551.0,0.006999999999999673,1551.0,0.0030000000000001137,1241.0,0.05799999999999983
2023-03-25 10:12:09.729000+00:00,1554.0,0.010000000000000675,1554.0,0.008000000000000007,1244.0,0.019000000000000128
2023-03-25 10:12:14.729000+00:00,1558.0,0.0129999999999999,1559.0,0.017999999999999794,1248.0,0.022999999999999687
2023-03-25 10:12:19.729000+00:00,1560.0,0.005999999999999339,1561.0,0.007000000000000561,1250.0,0.012000000000000455
2023-03-25 10:12:24.729000+00:00,1561.0,0.002000000000000668,1562.0,0.0039999999999995595,1251.0,0.010999999999999233
2023-03-25 10:12:29.729000+00:00,1567.0,0.024999999999999467,1569.0,0.03000000000000025,1255.0,0.030000000000001137
2023-03-25 10:12:34.729000+00:00,1569.0,0.007000000000000561,1571.0,0.006999999999999673,1257.0,0.0129999999999999
2023-03-25 10:12:39.729000+00:00,1572.0,0.009999999999999787,1573.0,0.006000000000000227,1258.0,0.009000000000000341
2023-03-25 10:12:44.729000+00:00,1576.0,0.01100000000000012,1576.0,0.009999999999999787,1262.0,0.15899999999999892
2023-03-25 10:12:49.729000+00:00,1578.0,0.006999999999999673,1578.0,0.006000000000000227,1264.0,0.015000000000000568
2023-03-25 10:12:54.729000+00:00,1578.0,0.0,1579.0,0.0030000000000001137,1264.0,0.0
2023-03-25 10:12:59.729000+00:00,1580.0,0.006000000000000227,1581.0,0.006999999999999673,1266.0,0.017999999999998906
2023-03-25 10:13:04.729000+00:00,1581.0,0.0030000000000001137,1581.0,0.0,1267.0,0.004000000000001336
2023-03-25 10:13:09.729000+00:00,1583.0,0.006999999999999673,1583.0,0.006000000000000227,1269.0,0.013999999999999346
2023-03-25 10:13:14.729000+00:00,1585.0,0.006000000000000227,1585.0,0.006999999999999673,1271.0,0.016000000000000014
2023-03-25 10:13:19.729000+00:00,1586.0,0.0030000000000001137,1586.0,0.0030000000000001137,1272.0,0.006000000000000227
2023-03-25 10:13:24.729000+00:00,1586.0,0.0,1586.0,0.0,1272.0,0.0
2023-03-25 10:13:29.729000+00:00,1586.0,0.0,1587.0,0.0030000000000001137,1272.0,0.0
2023-03-25 10:13:34.729000+00:00,1588.0,0.005999999999999339,1589.0,0.006000000000000227,1274.0,0.01699999999999946
2023-03-25 10:13:39.729000+00:00,1590.0,0.007000000000000561,1590.0,0.0030000000000001137,1276.0,0.017000000000001236
2023-03-25 10:13:44.729000+00:00,1591.0,0.0039999999999995595,1591.0,0.0039999999999995595,1277.0,0.005999999999998451
2023-03-25 10:13:49.729000+00:00,1592.0,0.0030000000000001137,1593.0,0.007000000000000561,1278.0,0.009000000000000341
2023-03-25 10:13:54.729000+00:00,1594.0,0.007000000000000561,1594.0,0.0039999999999995595,1279.0,0.006000000000000227
2023-03-25 10:13:59.729000+00:00,1596.0,0.005999999999999339,1596.0,0.007000000000000561,1280.0,0.006999999999999673
2023-03-25 10:14:04.729000+00:00,1596.0,0.0,1597.0,0.0039999999999995595,1280.0,0.0
2023-03-25 10:14:09.729000+00:00,1598.0,0.007000000000000561,1600.0,0.009999999999999787,1281.0,0.008000000000000895
2023-03-25 10:14:14.729000+00:00,1601.0,0.011999999999999567,1601.0,0.004000000000000448,1283.0,0.1980000000000004
2023-03-25 10:14:19.729000+00:00,1602.0,0.004000000000000448,1602.0,0.0030000000000001137,1283.0,0.0
2023-03-25 10:14:24.729000+00:00,1604.0,0.009999999999999787,1605.0,0.010999999999999233,1285.0,0.015000000000000568
2023-03-25 10:14:29.729000+00:00,1606.0,0.008000000000000007,1608.0,0.010000000000000675,1287.0,0.010999999999999233
2023-03-25 10:14:34.729000+00:00,1612.0,0.019000000000000128,1613.0,0.01499999999999968,1290.0,0.018000000000000682
2023-03-25 10:14:39.729000+00:00,1613.0,0.0030000000000001137,1613.0,0.0,1290.0,0.0
2023-03-25 10:14:44.729000+00:00,1616.0,0.009999999999999787,1616.0,0.009000000000000341,1291.0,0.006000000000000227
2023-03-25 10:14:49.729000+00:00,1617.0,0.0030000000000001137,1617.0,0.0039999999999995595,1292.0,0.005999999999996675
2023-03-25 10:14:54.729000+00:00,1620.0,0.009999999999999787,1620.0,0.009000000000000341,1294.0,0.013000000000001677
2023-03-25 10:14:59.729000+00:00,1621.0,0.0030000000000001137,1621.0,0.0039999999999995595,1295.0,0.006000000000000227
2023-03-25 10:15:04.729000+00:00,1621.0,0.0,1621.0,0.0,1295.0,0.0
2023-03-25 10:15:09.729000+00:00,1623.0,0.006999999999999673,1623.0,0.006000000000000227,1297.0,0.010999999999999233
2023-03-25 10:15:14.729000+00:00,1625.0,0.007000000000000561,1626.0,0.009999999999999787,1298.0,0.004999999999999005
2023-03-25 10:15:19.729000+00:00,1627.0,0.005999999999999339,1627.0,0.0030000000000001137,1300.0,0.012000000000000455
2023-03-25 10:15:24.729000+00:00,1628.0,0.004000000000000448,1628.0,0.0030000000000001137,1301.0,0.008000000000002672
2023-03-25 10:15:29.729000+00:00,1628.0,0.0,1628.0,0.0,1301.0,0.0
2023-03-25 10:15:34.729000+00:00,1628.0,0.0,1628.0,0.0,1301.0,0.0
2023-03-25 10:15:39.729000+00:00,1631.0,0.01100000000000012,1631.0,0.01100000000000012,1304.0,0.01899999999999835
2023-03-25 10:15:44.729000+00:00,1632.0,0.0039999999999995595,1633.0,0.006000000000000227,1304.0,0.0
2023-03-25 10:15:49.729000+00:00,1636.0,0.01100000000000012,1637.0,0.013999999999999346,1308.0,0.16199999999999903
2023-03-25 10:15:54.729000+00:00,1639.0,0.01100000000000012,1639.0,0.006000000000000227,1311.0,0.015000000000000568
2023-03-25 10:15:59.729000+00:00,1641.0,0.006000000000000227,1641.0,0.006999999999999673,1313.0,0.010999999999999233
2023-03-25 10:16:04.729000+00:00,1641.0,0.0,1641.0,0.0,1313.0,0.0
2023-03-25 10:16:09.729000+00:00,1641.0,0.0,1641.0,0.0,1313.0,0.0
2023-03-25 10:16:14.729000+00:00,1642.0,0.0030000000000001137,1642.0,0.004000000000000448,1314.0,0.0070000000000014495
2023-03-25 10:16:19.729000+00:00,1645.0,0.008999999999999453,1645.0,0.01100000000000012,1317.0,0.015999999999998238
2023-03-25 10:16:24.729000+00:00,1647.0,0.006000000000000227,1648.0,0.009999999999999787,1319.0,0.011000000000002785
2023-03-25 10:16:29.729000+00:00,1651.0,0.0129999999999999,1652.0,0.014000000000000234,1323.0,0.021999999999998465
2023-03-25 10:16:34.729000+00:00,1653.0,0.006000000000000227,1653.0,0.0030000000000001137,1325.0,0.010000000000001563
2023-03-25 10:16:39.729000+00:00,1656.0,0.008999999999999453,1656.0,0.01100000000000012,1328.0,0.01799999999999713
2023-03-25 10:16:44.729000+00:00,1657.0,0.0030000000000001137,1659.0,0.009999999999999787,1328.0,0.0
2023-03-25 10:16:49.729000+00:00,1662.0,0.014000000000000234,1662.0,0.008999999999999453,1333.0,0.027000000000001023
2023-03-25 10:16:54.729000+00:00,1662.0,0.0,1662.0,0.0,1333.0,0.0
2023-03-25 10:16:59.729000+00:00,1664.0,0.006999999999999673,1664.0,0.008000000000000007,1335.0,0.012000000000000455
2023-03-25 10:17:04.729000+00:00,1666.0,0.007000000000000561,1666.0,0.006000000000000227,1336.0,0.0070000000000014495
2023-03-25 10:17:09.729000+00:00,1667.0,0.0030000000000001137,1668.0,0.007000000000000561,1337.0,0.004999999999999005
2023-03-25 10:17:14.729000+00:00,1668.0,0.0039999999999995595,1669.0,0.0039999999999995595,1337.0,0.0
2023-03-25 10:17:19.729000+00:00,1670.0,0.006000000000000227,1670.0,0.004000000000000448,1337.0,0.0
2023-03-25 10:17:24.729000+00:00,1672.0,0.006999999999999673,1673.0,0.009999999999999787,1337.0,0.0
2023-03-25 10:17:29.729000+00:00,1673.0,0.004000000000000448,1673.0,0.0,1338.0,0.0070000000000014495
2023-03-25 10:17:34.729000+00:00,1677.0,0.0129999999999999,1678.0,0.01699999999999946,1342.0,0.19099999999999895
2023-03-25 10:17:39.729000+00:00,1681.0,0.0129999999999999,1681.0,0.009000000000000341,1345.0,0.015999999999998238
2023-03-25 10:17:44.729000+00:00,1681.0,0.0,1682.0,0.0030000000000001137,1345.0,0.0
2023-03-25 10:17:49.729000+00:00,1683.0,0.006999999999999673,1683.0,0.0039999999999995595,1346.0,0.0070000000000014495
2023-03-25 10:17:54.729000+00:00,1685.0,0.006000000000000227,1685.0,0.004999999999999893,1348.0,0.00999999999999801
2023-03-25 10:17:59.729000+00:00,1685.0,0.0,1685.0,0.0,1348.0,0.0
2023-03-25 10:18:04.729000+00:00,1689.0,0.0129999999999999,1689.0,0.013000000000000789,1352.0,0.022000000000002018
2023-03-25 10:18:09.729000+00:00,1689.0,0.0,1689.0,0.0,1352.0,0.0
2023-03-25 10:18:14.729000+00:00,1690.0,0.004000000000000448,1690.0,0.0029999999999992255,1353.0,0.006000000000000227
2023-03-25 10:18:19.729000+00:00,1691.0,0.0029999999999992255,1691.0,0.0030000000000001137,1354.0,0.010999999999999233
2023-03-25 10:18:24.729000+00:00,1695.0,0.015000000000000568,1695.0,0.01100000000000012,1357.0,0.013999999999999346
2023-03-25 10:18:29.729000+00:00,1697.0,0.006000000000000227,1699.0,0.0129999999999999,1359.0,0.010999999999999233
2023-03-25 10:18:34.729000+00:00,1702.0,0.01499999999999968,1703.0,0.0730000000000004,1363.0,0.02300000000000324
2023-03-25 10:18:39.729000+00:00,1705.0,0.009999999999999787,1706.0,0.008999999999999453,1364.0,0.005999999999996675
2023-03-25 10:18:44.729000+00:00,1707.0,0.009000000000000341,1707.0,0.004000000000000448,1366.0,0.012000000000000455
2023-03-25 10:18:49.729000+00:00,1707.0,0.0,1707.0,0.0,1366.0,0.0
2023-03-25 10:18:54.729000+00:00,1709.0,0.008000000000000007,1710.0,0.01100000000000012,1368.0,0.010000000000001563
2023-03-25 10:18:59.729000+00:00,1711.0,0.006999999999999673,1713.0,0.008999999999999453,1369.0,0.007999999999999119
2023-03-25 10:19:04.729000+00:00,1718.0,0.025000000000000355,1718.0,0.016000000000000014,1375.0,0.04100000000000037
2023-03-25 10:19:09.729000+00:00,1719.0,0.0030000000000001137,1719.0,0.0030000000000001137,1376.0,0.004999999999999005
2023-03-25 10:19:14.729000+00:00,1719.0,0.0,1719.0,0.0,1376.0,0.0
2023-03-25 10:19:19.729000+00:00,1719.0,0.0,1720.0,0.004000000000000448,1376.0,0.0
2023-03-25 10:19:24.729000+00:00,1724.0,0.01499999999999968,1724.0,0.011999999999999567,1379.0,0.11599999999999966
2023-03-25 10:19:29.729000+00:00,1725.0,0.0030000000000001137,1725.0,0.0030000000000001137,1380.0,0.008000000000002672
2023-03-25 10:19:34.729000+00:00,1725.0,0.0,1725.0,0.0,1380.0,0.0
2023-03-25 10:19:39.729000+00:00,1727.0,0.004999999999999893,1727.0,0.006000000000000227,1382.0,0.013999999999999346
2023-03-25 10:19:44.729000+00:00,1729.0,0.006000000000000227,1729.0,0.006999999999999673,1384.0,0.15899999999999892
2023-03-25 10:19:49.729000+00:00,1731.0,0.009999999999999787,1731.0,0.007000000000000561,1386.0,0.01600000000000179
2023-03-25 10:19:54.729000+00:00,1734.0,0.01100000000000012,1735.0,0.016000000000000014,1388.0,0.015999999999998238
2023-03-25 10:19:59.729000+00:00,1736.0,0.006999999999999673,1736.0,0.0039999999999995595,1390.0,0.012000000000000455
2023-03-25 10:20:04.729000+00:00,1738.0,0.007000000000000561,1738.0,0.012000000000000455,1391.0,0.007999999999999119
2023-03-25 10:20:09.729000+00:00,1739.0,0.0039999999999995595,1742.0,0.011999999999999567,1392.0,0.006000000000000227
2023-03-25 10:20:14.729000+00:00,1744.0,0.01499999999999968,1744.0,0.006000000000000227,1396.0,0.03300000000000125
2023-03-25 10:20:19.729000+00:00,1745.0,0.0030000000000001137,1745.0,0.0030000000000001137,1397.0,0.007999999999999119
2023-03-25 10:20:24.729000+00:00,1748.0,0.010000000000000675,1748.0,0.01100000000000012,1400.0,0.019000000000001904
2023-03-25 10:20:29.729000+00:00,1748.0,0.0,1748.0,0.0,1400.0,0.0
2023-03-25 10:20:34.729000+00:00,1748.0,0.0,1748.0,0.0,1400.0,0.0
2023-03-25 10:20:39.729000+00:00,1749.0,0.0029999999999992255,1749.0,0.0029999999999992255,1401.0,0.006000000000000227
2023-03-25 10:20:44.729000+00:00,1751.0,0.006000000000000227,1751.0,0.007000000000000561,1402.0,0.022999999999999687
2023-03-25 10:20:49.729000+00:00,1753.0,0.007000000000000561,1753.0,0.008000000000000007,1404.0,0.010999999999999233
2023-03-25 10:20:54.729000+00:00,1755.0,0.006999999999999673,1755.0,0.006000000000000227,1405.0,0.004999999999999005
2023-03-25 10:20:59.729000+00:00,1756.0,0.0019999999999997797,1757.0,0.008000000000000007,1406.0,0.004999999999999005
2023-03-25 10:21:04.729000+00:00,1757.0,0.004000000000000448,1758.0,0.0029999999999992255,1407.0,0.008000000000002672
2023-03-25 10:21:09.729000+00:00,1760.0,0.01100000000000012,1761.0,0.01100000000000012,1408.0,0.007999999999999119
2023-03-25 10:21:14.729000+00:00,1762.0,0.005999999999999339,1762.0,0.0030000000000001137,1410.0,0.012000000000000455
2023-03-25 10:21:19.729000+00:00,1764.0,0.006000000000000227,1764.0,0.006000000000000227,1412.0,0.013999999999999346
2023-03-25 10:21:24.729000+00:00,1764.0,0.0,1765.0,0.0030000000000001137,1412.0,0.0
2023-03-25 10:21:29.729000+00:00,1767.0,0.009000000000000341,1767.0,0.006000000000000227,1414.0,0.013999999999999346
2023-03-25 10:21:34.729000+00:00,1767.0,0.0,1770.0,0.008999999999999453,1414.0,0.0
2023-03-25 10:21:39.729000+00:00,1770.0,0.008999999999999453,1770.0,0.0,1417.0,0.019000000000001904
2023-03-25 10:21:44.729000+00:00,1771.0,0.0030000000000001137,1771.0,0.004000000000000448,1418.0,0.004999999999999005
2023-03-25 10:21:49.729000+00:00,1773.0,0.006999999999999673,1773.0,0.006999999999999673,1420.0,0.013999999999999346
2023-03-25 10:21:54.729000+00:00,1774.0,0.0030000000000001137,1774.0,0.0030000000000001137,1420.0,0.0
2023-03-25 10:21:59.729000+00:00,1777.0,0.009000000000000341,1777.0,0.008999999999999453,1423.0,0.01699999999999946
2023-03-25 10:22:04.729000+00:00,1778.0,0.0030000000000001137,1781.0,0.015000000000000568,1424.0,0.007999999999999119
2023-03-25 10:22:09.729000+00:00,1783.0,0.016000000000000014,1783.0,0.006999999999999673,1429.0,0.036000000000001364
2023-03-25 10:22:14.729000+00:00,1785.0,0.006000000000000227,1785.0,0.007000000000000561,1431.0,0.013000000000001677
2023-03-25 10:22:19.729000+00:00,1786.0,0.0029999999999992255,1787.0,0.005999999999999339,1431.0,0.0
2023-03-25 10:22:24.729000+00:00,1788.0,0.006000000000000227,1788.0,0.0030000000000001137,1433.0,0.027999999999998693
2023-03-25 10:22:29.729000+00:00,1788.0,0.0,1789.0,0.004000000000000448,1433.0,0.0
2023-03-25 10:22:34.729000+00:00,1790.0,0.006000000000000227,1790.0,0.0039999999999995595,1435.0,0.012999999999998124
2023-03-25 10:22:39.729000+00:00,1791.0,0.004999999999999893,1791.0,0.0030000000000001137,1435.0,0.0
2023-03-25 10:22:44.729000+00:00,1791.0,0.0,1792.0,0.004000000000000448,1435.0,0.0
2023-03-25 10:22:49.729000+00:00,1792.0,0.004000000000000448,1793.0,0.004999999999999893,1436.0,0.008000000000002672
2023-03-25 10:22:54.729000+00:00,1794.0,0.005999999999999339,1794.0,0.0030000000000001137,1437.0,0.00999999999999801
2023-03-25 10:22:59.729000+00:00,1795.0,0.0030000000000001137,1796.0,0.005999999999999339,1438.0,0.005000000000002558
2023-03-25 10:23:04.729000+00:00,1797.0,0.006000000000000227,1797.0,0.0030000000000001137,1439.0,0.007999999999999119
2023-03-25 10:23:09.729000+00:00,1797.0,0.0,1798.0,0.004000000000000448,1440.0,0.18999999999999773
2023-03-25 10:23:14.729000+00:00,1799.0,0.006999999999999673,1799.0,0.0039999999999995595,1442.0,0.014000000000002899
2023-03-25 10:23:19.729000+00:00,1800.0,0.0030000000000001137,1801.0,0.006000000000000227,1443.0,0.006000000000000227
2023-03-25 10:23:24.729000+00:00,1802.0,0.006000000000000227,1802.0,0.0030000000000001137,1444.0,0.008999999999996788
2023-03-25 10:23:29.729000+00:00,1804.0,0.008000000000000007,1805.0,0.009999999999999787,1445.0,0.009000000000000341
2023-03-25 10:23:34.729000+00:00,1807.0,0.008999999999999453,1807.0,0.006999999999999673,1448.0,0.018000000000000682
2023-03-25 10:23:39.729000+00:00,1807.0,0.0,1808.0,0.0030000000000001137,1448.0,0.0
2023-03-25 10:23:44.729000+00:00,1809.0,0.008000000000000007,1810.0,0.007000000000000561,1449.0,0.007999999999999119
2023-03-25 10:23:49.729000+00:00,1812.0,0.010000000000000675,1812.0,0.008000000000000007,1452.0,0.020000000000003126
2023-03-25 10:23:54.729000+00:00,1816.0,0.013999999999999346,1816.0,0.011999999999999567,1456.0,0.028999999999999915
2023-03-25 10:23:59.729000+00:00,1817.0,0.0030000000000001137,1818.0,0.006999999999999673,1457.0,0.008999999999996788
2023-03-25 10:24:04.729000+00:00,1818.0,0.0030000000000001137,1819.0,0.0030000000000001137,1458.0,0.0070000000000014495
2023-03-25 10:24:09.729000+00:00,1820.0,0.004999999999999893,1820.0,0.0030000000000001137,1459.0,0.0070000000000014495
2023-03-25 10:24:14.729000+00:00,1823.0,0.01100000000000012,1823.0,0.01100000000000012,1462.0,0.01899999999999835
2023-03-25 10:24:19.729000+00:00,1825.0,0.009000000000000341,1825.0,0.006999999999999673,1463.0,0.009000000000000341
2023-03-25 10:24:24.729000+00:00,1826.0,0.0039999999999995595,1826.0,0.004000000000000448,1464.0,0.0070000000000014495
2023-03-25 10:24:29.729000+00:00,1826.0,0.0,1826.0,0.0,1464.0,0.0
2023-03-25 10:24:34.729000+00:00,1828.0,0.007000000000000561,1828.0,0.008000000000000007,1466.0,0.07399999999999807
2023-03-25 10:24:39.729000+00:00,1831.0,0.009999999999999787,1831.0,0.01100000000000012,1468.0,0.010999999999999233
2023-03-25 10:24:44.729000+00:00,1831.0,0.0,1831.0,0.0,1468.0,0.0
2023-03-25 10:24:49.729000+00:00,1832.0,0.0019999999999997797,1832.0,0.0030000000000001137,1468.0,0.0
2023-03-25 10:24:54.729000+00:00,1834.0,0.008000000000000007,1834.0,0.006999999999999673,1469.0,0.006000000000000227
2023-03-25 10:24:59.729000+00:00,1835.0,0.004000000000000448,1835.0,0.004000000000000448,1470.0,0.0070000000000014495
2023-03-25 10:25:04.729000+00:00,1837.0,0.006999999999999673,1837.0,0.006999999999999673,1472.0,0.06700000000000017
2023-03-25 10:25:09.729000+00:00,1839.0,0.006000000000000227,1839.0,0.006999999999999673,1474.0,0.00999999999999801
2023-03-25 10:25:14.729000+00:00,1840.0,0.0030000000000001137,1841.0,0.006000000000000227,1475.0,0.0070000000000014495
2023-03-25 10:25:19.729000+00:00,1843.0,0.009999999999999787,1843.0,0.006000000000000227,1478.0,0.018000000000000682
2023-03-25 10:25:24.729000+00:00,1844.0,0.0030000000000001137,1844.0,0.0019999999999997797,1479.0,0.004999999999999005
2023-03-25 10:25:29.729000+00:00,1844.0,0.0,1844.0,0.0,1479.0,0.0
2023-03-25 10:25:34.729000+00:00,1844.0,0.0,1844.0,0.0,1479.0,0.0
2023-03-25 10:25:39.729000+00:00,1845.0,0.0030000000000001137,1845.0,0.004999999999999893,1480.0,0.006000000000000227
2023-03-25 10:25:44.729000+00:00,1846.0,0.0029999999999992255,1847.0,0.006000000000000227,1481.0,0.004999999999999005
2023-03-25 10:25:49.729000+00:00,1848.0,0.007000000000000561,1849.0,0.006000000000000227,1483.0,0.009000000000000341
2023-03-25 10:25:54.729000+00:00,1851.0,0.008999999999999453,1853.0,0.013999999999999346,1486.0,0.015000000000000568
2023-03-25 10:25:59.729000+00:00,1857.0,0.017000000000000348,1858.0,0.016000000000000014,1491.0,0.030999999999998806
2023-03-25 10:26:04.729000+00:00,1859.0,0.006000000000000227,1860.0,0.006000000000000227,1493.0,0.015000000000000568
2023-03-25 10:26:09.729000+00:00,1861.0,0.006000000000000227,1862.0,0.009000000000000341,1495.0,0.01600000000000179
2023-03-25 10:26:14.729000+00:00,1863.0,0.005999999999999339,1863.0,0.0030000000000001137,1496.0,0.004999999999999005
2023-03-25 10:26:19.729000+00:00,1864.0,0.002000000000000668,1864.0,0.0029999999999992255,1497.0,0.0070000000000014495
2023-03-25 10:26:24.729000+00:00,1864.0,0.0,1864.0,0.0,1497.0,0.0
2023-03-25 10:26:29.729000+00:00,1866.0,0.006999999999999673,1868.0,0.013000000000000789,1499.0,0.01899999999999835
2023-03-25 10:26:34.729000+00:00,1868.0,0.006000000000000227,1868.0,0.0,1501.0,0.01699999999999946
2023-03-25 10:26:39.729000+00:00,1868.0,0.0,1869.0,0.0029999999999992255,1501.0,0.0
2023-03-25 10:26:44.729000+00:00,1872.0,0.011999999999999567,1872.0,0.012000000000000455,1503.0,0.01600000000000179
2023-03-25 10:26:49.729000+00:00,1874.0,0.006000000000000227,1874.0,0.006999999999999673,1504.0,0.006999999999997897
2023-03-25 10:26:54.729000+00:00,1875.0,0.0030000000000001137,1875.0,0.0030000000000001137,1504.0,0.0
2023-03-25 10:26:59.729000+00:00,1875.0,0.0,1875.0,0.0,1504.0,0.0
2023-03-25 10:27:04.729000+00:00,1875.0,0.0,1876.0,0.004000000000000448,1504.0,0.0
2023-03-25 10:27:09.729000+00:00,1876.0,0.0030000000000001137,1876.0,0.0,1505.0,0.0070000000000014495
2023-03-25 10:27:14.729000+00:00,1877.0,0.0030000000000001137,1877.0,0.0030000000000001137,1506.0,0.006999999999997897
2023-03-25 10:27:19.729000+00:00,1879.0,0.005999999999999339,1879.0,0.006999999999999673,1508.0,0.011000000000002785
2023-03-25 10:27:24.729000+00:00,1881.0,0.006000000000000227,1882.0,0.009999999999999787,1509.0,0.007999999999999119
2023-03-25 10:27:29.729000+00:00,1883.0,0.006999999999999673,1883.0,0.0030000000000001137,1511.0,0.015999999999998238
2023-03-25 10:27:34.729000+00:00,1886.0,0.009000000000000341,1886.0,0.009999999999999787,1514.0,0.020000000000003126
2023-03-25 10:27:39.729000+00:00,1886.0,0.0,1886.0,0.0,1514.0,0.0
2023-03-25 10:27:44.729000+00:00,1886.0,0.0,1886.0,0.0,1514.0,0.0
2023-03-25 10:27:49.729000+00:00,1888.0,0.006000000000000227,1888.0,0.007000000000000561,1516.0,0.19699999999999918
2023-03-25 10:27:54.729000+00:00,1891.0,0.009999999999999787,1891.0,0.009999999999999787,1519.0,0.01699999999999946
2023-03-25 10:27:59.729000+00:00,1892.0,0.0030000000000001137,1892.0,0.0039999999999995595,1520.0,0.004999999999999005
2023-03-25 10:28:04.729000+00:00,1895.0,0.009999999999999787,1897.0,0.019000000000000128,1522.0,0.01699999999999946
2023-03-25 10:28:09.729000+00:00,1900.0,0.01499999999999968,1901.0,0.01100000000000012,1525.0,0.022999999999999687
2023-03-25 10:28:14.729000+00:00,1901.0,0.0030000000000001137,1901.0,0.0,1525.0,0.0
2023-03-25 10:28:19.729000+00:00,1902.0,0.004000000000000448,1903.0,0.006000000000000227,1526.0,0.009000000000000341
2023-03-25 10:28:24.729000+00:00,1904.0,0.006999999999999673,1904.0,0.0030000000000001137,1528.0,0.013000000000001677
2023-03-25 10:28:29.729000+00:00,1904.0,0.0,1904.0,0.0,1528.0,0.0
2023-03-25 10:28:34.729000+00:00,1905.0,0.0030000000000001137,1906.0,0.005999999999999339,1529.0,0.006000000000000227
2023-03-25 10:28:39.729000+00:00,1907.0,0.004999999999999893,1907.0,0.004000000000000448,1531.0,0.013999999999999346
2023-03-25 10:28:44.729000+00:00,1908.0,0.0030000000000001137,1908.0,0.0030000000000001137,1532.0,0.007999999999999119
2023-03-25 10:28:49.729000+00:00,1908.0,0.0,1908.0,0.0,1532.0,0.0
2023-03-25 10:28:54.729000+00:00,1909.0,0.004000000000000448,1909.0,0.0030000000000001137,1533.0,0.0070000000000014495
2023-03-25 10:28:59.729000+00:00,1910.0,0.0029999999999992255,1910.0,0.0030000000000001137,1534.0,0.006999999999997897
2023-03-25 10:29:04.729000+00:00,1910.0,0.0,1911.0,0.0029999999999992255,1534.0,0.0
2023-03-25 10:29:09.729000+00:00,1912.0,0.006000000000000227,1912.0,0.0030000000000001137,1535.0,0.07700000000000173
2023-03-25 10:29:14.729000+00:00,1913.0,0.0030000000000001137,1914.0,0.006000000000000227,1536.0,0.010999999999999233
2023-03-25 10:29:19.729000+00:00,1915.0,0.004999999999999893,1915.0,0.0030000000000001137,1537.0,0.007999999999999119
2023-03-25 10:29:24.729000+00:00,1915.0,0.0,1916.0,0.0039999999999995595,1537.0,0.0
2023-03-25 10:29:29.729000+00:00,1917.0,0.006000000000000227,1919.0,0.010000000000000675,1538.0,0.012000000000000455
2023-03-25 10:29:34.729000+00:00,1921.0,0.01100000000000012,1924.0,0.049999999999998934,1542.0,0.02500000000000213
2023-03-25 10:29:39.729000+00:00,1927.0,0.020999999999999908,1927.0,0.009000000000000341,1548.0,0.27099999999999724
2023-03-25 10:29:44.729000+00:00,1927.0,0.0,1927.0,0.0,1548.0,0.0
2023-03-25 10:29:49.729000+00:00,1928.0,0.0019999999999997797,1929.0,0.006000000000000227,1549.0,0.008000000000002672
2023-03-25 10:29:54.729000+00:00,1931.0,0.009000000000000341,1931.0,0.006000000000000227,1552.0,0.28800000000000026
2023-03-25 10:29:59.729000+00:00,1931.0,0.0,1931.0,0.0,1552.0,0.0
2023-03-25 10:30:04.729000+00:00,1933.0,0.005999999999999339,1933.0,0.006000000000000227,1552.0,0.0
2023-03-25 10:30:09.729000+00:00,1933.0,0.0,1934.0,0.0030000000000001137,1552.0,0.0
2023-03-25 10:30:14.729000+00:00,1936.0,0.008000000000000007,1936.0,0.004999999999999005,1555.0,0.019999999999999574
2023-03-25 10:30:19.729000+00:00,1938.0,0.006000000000000227,1938.0,0.0070000000000014495,1557.0,0.012999999999998124
2023-03-25 10:30:24.729000+00:00,1939.0,0.0030000000000001137,1939.0,0.0029999999999983373,1557.0,0.0
2023-03-25 10:30:29.729000+00:00,1941.0,0.006000000000000227,1941.0,0.006000000000000227,1558.0,0.005000000000002558
2023-03-25 10:30:34.729000+00:00,1942.0,0.0030000000000001137,1942.0,0.0030000000000001137,1559.0,0.006999999999997897
2023-03-25 10:30:39.729000+00:00,1944.0,0.008000000000000007,1944.0,0.006000000000000227,1560.0,0.004999999999999005
2023-03-25 10:30:44.729000+00:00,1944.0,0.0,1945.0,0.0030000000000001137,1560.0,0.0
2023-03-25 10:30:49.729000+00:00,1945.0,0.0030000000000001137,1945.0,0.0,1560.0,0.0
2023-03-25 10:30:54.729000+00:00,1947.0,0.005999999999999339,1947.0,0.006999999999999673,1561.0,0.008000000000002672
2023-03-25 10:30:59.729000+00:00,1947.0,0.0,1947.0,0.0,1561.0,0.0
2023-03-25 10:31:04.729000+00:00,1950.0,0.010000000000000675,1951.0,0.012000000000000455,1564.0,0.020999999999997243
2023-03-25 10:31:09.729000+00:00,1955.0,0.01699999999999946,1955.0,0.013999999999999346,1566.0,0.012000000000000455
2023-03-25 10:31:14.729000+00:00,1956.0,0.0030000000000001137,1956.0,0.0030000000000001137,1567.0,0.2510000000000012
2023-03-25 10:31:19.729000+00:00,1957.0,0.004000000000000448,1957.0,0.0030000000000001137,1568.0,0.004999999999999005
2023-03-25 10:31:24.729000+00:00,1958.0,0.0039999999999995595,1959.0,0.006999999999999673,1569.0,0.009000000000000341
2023-03-25 10:31:29.729000+00:00,1963.0,0.016000000000000014,1963.0,0.012000000000000455,1574.0,0.036999999999999034
2023-03-25 10:31:34.729000+00:00,1965.0,0.006000000000000227,1967.0,0.012000000000000455,1576.0,0.010000000000001563
2023-03-25 10:31:39.729000+00:00,1970.0,0.016000000000000014,1973.0,0.019999999999999574,1580.0,0.12600000000000122
2023-03-25 10:31:44.729000+00:00,1973.0,0.008000000000000007,1973.0,0.0,1581.0,0.006999999999997897
2023-03-25 10:31:49.729000+00:00,1975.0,0.005999999999999339,1975.0,0.006000000000000227,1582.0,0.008000000000002672
2023-03-25 10:31:54.729000+00:00,1976.0,0.0030000000000001137,1976.0,0.0030000000000001137,1583.0,0.008999999999996788
2023-03-25 10:31:59.729000+00:00,1977.0,0.0030000000000001137,1978.0,0.005000000000000782,1584.0,0.008000000000002672
2023-03-25 10:32:04.729000+00:00,1980.0,0.009999999999999787,1981.0,0.008999999999998565,1586.0,0.013999999999999346
2023-03-25 10:32:09.729000+00:00,1983.0,0.008000000000000007,1983.0,0.006000000000000227,1589.0,0.018000000000000682
2023-03-25 10:32:14.729000+00:00,1984.0,0.002000000000000668,1984.0,0.0030000000000001137,1589.0,0.0
2023-03-25 10:32:19.729000+00:00,1988.0,0.008999999999999453,1988.0,0.011000000000001009,1592.0,0.019999999999999574
2023-03-25 10:32:24.729000+00:00,1988.0,0.0,1988.0,0.0,1592.0,0.0
2023-03-25 10:32:29.729000+00:00,1988.0,0.0,1989.0,0.0039999999999995595,1592.0,0.0
2023-03-25 10:32:34.729000+00:00,1990.0,0.004999999999999893,1990.0,0.0039999999999995595,1594.0,0.013999999999999346
2023-03-25 10:32:39.729000+00:00,1992.0,0.007000000000000561,1992.0,0.005000000000000782,1595.0,0.0070000000000014495
2023-03-25 10:32:44.729000+00:00,1992.0,0.0,1992.0,0.0,1595.0,0.0
2023-03-25 10:32:49.729000+00:00,1994.0,0.008000000000000007,1994.0,0.006999999999999673,1597.0,0.014999999999997016
2023-03-25 10:32:54.729000+00:00,1995.0,0.0030000000000001137,1995.0,0.0039999999999995595,1598.0,0.006000000000000227
2023-03-25 10:32:59.729000+00:00,1995.0,0.0,1995.0,0.0,1598.0,0.0
2023-03-25 10:33:04.729000+00:00,1996.0,0.0039999999999995595,1996.0,0.0030000000000001137,1599.0,0.0070000000000014495
2023-03-25 10:33:09.729000+00:00,1996.0,0.0,1998.0,0.006000000000000227,1599.0,0.0
2023-03-25 10:33:14.729000+00:00,1999.0,0.009000000000000341,1999.0,0.0030000000000001137,1602.0,0.01899999999999835
2023-03-25 10:33:19.729000+00:00,2000.0,0.0030000000000001137,2000.0,0.0030000000000001137,1603.0,0.008000000000002672
2023-03-25 10:33:24.729000+00:00,2003.0,0.008000000000000007,2004.0,0.013999999999999346,1606.0,0.021999999999998465
2023-03-25 10:33:29.729000+00:00,2005.0,0.005999999999999339,2006.0,0.006999999999999673,1608.0,0.012000000000000455
2023-03-25 10:33:34.729000+00:00,2011.0,0.018000000000000682,2011.0,0.014000000000001123,1612.0,0.027999999999998693
2023-03-25 10:33:39.729000+00:00,2013.0,0.005999999999999339,2014.0,0.008999999999998565,1614.0,0.01600000000000179
2023-03-25 10:33:44.729000+00:00,2016.0,0.010000000000000675,2016.0,0.005000000000000782,1617.0,0.021999999999998465
2023-03-25 10:33:49.729000+00:00,2017.0,0.0029999999999992255,2017.0,0.0030000000000001137,1618.0,0.006000000000000227
2023-03-25 10:33:54.729000+00:00,2019.0,0.006000000000000227,2019.0,0.006999999999999673,1618.0,0.0
2023-03-25 10:33:59.729000+00:00,2020.0,0.0030000000000001137,2020.0,0.0030000000000001137,1619.0,0.007999999999999119
2023-03-25 10:34:04.729000+00:00,2022.0,0.004999999999999893,2023.0,0.009000000000000341,1621.0,0.017000000000003013
2023-03-25 10:34:09.729000+00:00,2024.0,0.006000000000000227,2024.0,0.0030000000000001137,1623.0,0.011999999999996902
2023-03-25 10:34:14.729000+00:00,2025.0,0.0030000000000001137,2026.0,0.004999999999999005,1624.0,0.0070000000000014495
2023-03-25 10:34:19.729000+00:00,2027.0,0.006000000000000227,2027.0,0.0030000000000001137,1626.0,0.01600000000000179
2023-03-25 10:34:24.729000+00:00,2029.0,0.005999999999999339,2029.0,0.006000000000000227,1627.0,0.006999999999997897
2023-03-25 10:34:29.729000+00:00,2030.0,0.0030000000000001137,2030.0,0.0030000000000001137,1628.0,0.022999999999999687
2023-03-25 10:34:34.729000+00:00,2030.0,0.0,2030.0,0.0,1628.0,0.0
2023-03-25 10:34:39.729000+00:00,2031.0,0.0030000000000001137,2032.0,0.008000000000000895,1629.0,0.006000000000000227
2023-03-25 10:34:44.729000+00:00,2033.0,0.006000000000000227,2033.0,0.0030000000000001137,1631.0,0.015000000000000568
2023-03-25 10:34:49.729000+00:00,2035.0,0.006000000000000227,2035.0,0.005999999999998451,1633.0,0.013999999999999346
2023-03-25 10:34:54.729000+00:00,2035.0,0.0,2035.0,0.0,1633.0,0.0
2023-03-25 10:34:59.729000+00:00,2038.0,0.009999999999999787,2038.0,0.009000000000000341,1636.0,0.021000000000000796
2023-03-25 10:35:04.729000+00:00,2039.0,0.0030000000000001137,2039.0,0.0030000000000001137,1637.0,0.006000000000000227
2023-03-25 10:35:09.729000+00:00,2039.0,0.0,2039.0,0.0,1637.0,0.0
2023-03-25 10:35:14.729000+00:00,2040.0,0.0030000000000001137,2040.0,0.0030000000000001137,1638.0,0.009000000000000341
2023-03-25 10:35:19.729000+00:00,2044.0,0.011999999999999567,2044.0,0.012000000000000455,1642.0,0.0259999999999998
2023-03-25 10:35:24.729000+00:00,2045.0,0.0030000000000001137,2045.0,0.0030000000000001137,1642.0,0.0
2023-03-25 10:35:29.729000+00:00,2047.0,0.006999999999999673,2047.0,0.006999999999999673,1644.0,0.013999999999999346
2023-03-25 10:35:34.729000+00:00,2051.0,0.01100000000000012,2054.0,0.023999999999999133,1647.0,0.0259999999999998
2023-03-25 10:35:39.729000+00:00,2057.0,0.01499999999999968,2058.0,0.010000000000001563,1652.0,0.036999999999999034
2023-03-25 10:35:44.729000+00:00,2060.0,0.010000000000000675,2060.0,0.004999999999999005,1654.0,0.1440000000000019
2023-03-25 10:35:49.729000+00:00,2060.0,0.0,2063.0,0.009000000000000341,1654.0,0.0
2023-03-25 10:35:54.729000+00:00,2063.0,0.016000000000000014,2063.0,0.0,1657.0,0.019999999999999574
2023-03-25 10:35:59.729000+00:00,2065.0,0.005999999999999339,2065.0,0.006000000000000227,1658.0,0.010000000000001563
2023-03-25 10:36:04.729000+00:00,2066.0,0.0030000000000001137,2066.0,0.0030000000000001137,1659.0,0.007999999999999119
2023-03-25 10:36:09.729000+00:00,2067.0,0.004000000000000448,2067.0,0.0030000000000001137,1660.0,0.006000000000000227
2023-03-25 10:36:14.729000+00:00,2069.0,0.006999999999999673,2069.0,0.006999999999999673,1662.0,0.012999999999998124
2023-03-25 10:36:19.729000+00:00,2071.0,0.004999999999999893,2072.0,0.009000000000000341,1663.0,0.005000000000002558
2023-03-25 10:36:24.729000+00:00,2074.0,0.009000000000000341,2075.0,0.009999999999999787,1665.0,0.013999999999999346
2023-03-25 10:36:29.729000+00:00,2076.0,0.006000000000000227,2076.0,0.0030000000000001137,1666.0,0.007999999999999119
2023-03-25 10:36:34.729000+00:00,2078.0,0.005999999999999339,2078.0,0.006000000000000227,1668.0,0.018000000000000682
2023-03-25 10:36:39.729000+00:00,2080.0,0.006000000000000227,2080.0,0.006999999999999673,1670.0,0.013999999999999346
2023-03-25 10:36:44.729000+00:00,2081.0,0.0030000000000001137,2081.0,0.0030000000000001137,1671.0,0.0070000000000014495
2023-03-25 10:36:49.729000+00:00,2082.0,0.0019999999999997797,2083.0,0.006000000000000227,1672.0,0.006999999999997897
2023-03-25 10:36:54.729000+00:00,2083.0,0.004000000000000448,2083.0,0.0,1672.0,0.0
2023-03-25 10:36:59.729000+00:00,2085.0,0.005999999999999339,2085.0,0.005999999999998451,1674.0,0.013000000000001677
2023-03-25 10:37:04.729000+00:00,2085.0,0.0,2086.0,0.0030000000000001137,1674.0,0.0
2023-03-25 10:37:09.729000+00:00,2086.0,0.0030000000000001137,2086.0,0.0,1675.0,0.006999999999997897
2023-03-25 10:37:14.729000+00:00,2088.0,0.006000000000000227,2089.0,0.011000000000001009,1676.0,0.007999999999999119
2023-03-25 10:37:19.729000+00:00,2091.0,0.008000000000000007,2091.0,0.006999999999999673,1678.0,0.018000000000000682
2023-03-25 10:37:24.729000+00:00,2095.0,0.012000000000000455,2096.0,0.015000000000000568,1681.0,0.02400000000000091
2023-03-25 10:37:29.729000+00:00,2101.0,0.01899999999999924,2102.0,0.017999999999998906,1686.0,0.07000000000000028
2023-03-25 10:37:34.729000+00:00,2102.0,0.0030000000000001137,2103.0,0.0030000000000001137,1687.0,0.006000000000000227
2023-03-25 10:37:39.729000+00:00,2104.0,0.006000000000000227,2106.0,0.009000000000000341,1688.0,0.006999999999997897
2023-03-25 10:37:44.729000+00:00,2107.0,0.009999999999999787,2107.0,0.0030000000000001137,1691.0,0.021000000000000796
2023-03-25 10:37:49.729000+00:00,2110.0,0.010000000000000675,2110.0,0.009000000000000341,1694.0,0.022000000000002018
2023-03-25 10:37:54.729000+00:00,2110.0,0.0,2110.0,0.0,1694.0,0.0
2023-03-25 10:37:59.729000+00:00,2112.0,0.005999999999999339,2113.0,0.009999999999999787,1696.0,0.012000000000000455
2023-03-25 10:38:04.729000+00:00,2117.0,0.015000000000000568,2117.0,0.013999999999999346,1701.0,0.029999999999997584
2023-03-25 10:38:09.729000+00:00,2119.0,0.006999999999999673,2119.0,0.006000000000000227,1702.0,0.007999999999999119
2023-03-25 10:38:14.729000+00:00,2121.0,0.006999999999999673,2121.0,0.006000000000000227,1704.0,0.09500000000000242
2023-03-25 10:38:19.729000+00:00,2121.0,0.0,2121.0,0.0,1704.0,0.0
2023-03-25 10:38:24.729000+00:00,2121.0,0.0,2121.0,0.0,1704.0,0.0
2023-03-25 10:38:29.729000+00:00,2122.0,0.003000000000001002,2124.0,0.009000000000000341,1705.0,0.009000000000000341
2023-03-25 10:38:34.729000+00:00,2126.0,0.0129999999999999,2126.0,0.006000000000000227,1707.0,0.012000000000000455
2023-03-25 10:38:39.729000+00:00,2126.0,0.0,2127.0,0.0030000000000001137,1707.0,0.0
2023-03-25 10:38:44.729000+00:00,2129.0,0.008999999999998565,2129.0,0.006000000000000227,1709.0,0.019999999999999574
2023-03-25 10:38:49.729000+00:00,2130.0,0.0030000000000001137,2130.0,0.0029999999999983373,1710.0,0.006000000000000227
2023-03-25 10:38:54.729000+00:00,2134.0,0.015000000000000568,2134.0,0.014000000000001123,1712.0,0.014999999999997016
2023-03-25 10:38:59.729000+00:00,2136.0,0.006000000000000227,2136.0,0.007999999999999119,1714.0,0.012000000000000455
2023-03-25 10:39:04.729000+00:00,2137.0,0.0030000000000001137,2137.0,0.0030000000000001137,1715.0,0.0070000000000014495
2023-03-25 10:39:09.729000+00:00,2139.0,0.006000000000000227,2139.0,0.006999999999999673,1716.0,0.007999999999999119
2023-03-25 10:39:14.729000+00:00,2141.0,0.007999999999999119,2141.0,0.006000000000000227,1717.0,0.010000000000001563
2023-03-25 10:39:19.729000+00:00,2142.0,0.0030000000000001137,2144.0,0.009999999999999787,1717.0,0.0
2023-03-25 10:39:24.729000+00:00,2146.0,0.07099999999999973,2146.0,0.005000000000000782,1721.0,0.023999999999997357
2023-03-25 10:39:29.729000+00:00,2149.0,0.009999999999999787,2149.0,0.009000000000000341,1724.0,0.029000000000003467
2023-03-25 10:39:34.729000+00:00,2149.0,0.0,2150.0,0.0039999999999995595,1724.0,0.0
2023-03-25 10:39:39.729000+00:00,2150.0,0.0030000000000001137,2150.0,0.0,1725.0,0.008999999999996788
2023-03-25 10:39:44.729000+00:00,2152.0,0.0070000000000014495,2153.0,0.009999999999999787,1726.0,0.0070000000000014495
2023-03-25 10:39:49.729000+00:00,2155.0,0.008999999999998565,2155.0,0.008000000000000895,1728.0,0.013999999999999346
2023-03-25 10:39:54.729000+00:00,2156.0,0.0030000000000001137,2156.0,0.0030000000000001137,1729.0,0.004999999999999005
2023-03-25 10:39:59.729000+00:00,2156.0,0.0,2156.0,0.0,1729.0,0.0
2023-03-25 10:40:04.729000+00:00,2157.0,0.004000000000001336,2158.0,0.006999999999999673,1730.0,0.008000000000002672
2023-03-25 10:40:09.729000+00:00,2159.0,0.005999999999998451,2159.0,0.0030000000000001137,1732.0,0.012999999999998124
2023-03-25 10:40:14.729000+00:00,2160.0,0.0030000000000001137,2160.0,0.0039999999999995595,1733.0,0.0070000000000014495
2023-03-25 10:40:19.729000+00:00,2161.0,0.0030000000000001137,2162.0,0.006999999999999673,1733.0,0.0
2023-03-25 10:40:24.729000+00:00,2164.0,0.009999999999999787,2166.0,0.0129999999999999,1734.0,0.00999999999999801
2023-03-25 10:40:29.729000+00:00,2166.0,0.0070000000000014495,2166.0,0.0,1735.0,0.0070000000000014495
2023-03-25 10:40:34.729000+00:00,2168.0,0.006000000000000227,2168.0,0.006000000000000227,1736.0,0.0070000000000014495
2023-03-25 10:40:39.729000+00:00,2168.0,0.0,2169.0,0.0030000000000001137,1736.0,0.0
2023-03-25 10:40:44.729000+00:00,2171.0,0.010999999999999233,2171.0,0.006000000000000227,1738.0,0.011999999999996902
2023-03-25 10:40:49.729000+00:00,2173.0,0.006999999999999673,2173.0,0.006999999999999673,1740.0,0.01600000000000179
2023-03-25 10:40:54.729000+00:00,2175.0,0.006999999999999673,2176.0,0.009999999999999787,1742.0,0.012000000000000455
2023-03-25 10:40:59.729000+00:00,2178.0,0.012000000000000455,2179.0,0.008000000000000895,1745.0,0.019999999999999574
2023-03-25 10:41:04.729000+00:00,2179.0,0.0030000000000001137,2182.0,0.010999999999999233,1745.0,0.0
2023-03-25 10:41:09.729000+00:00,2182.0,0.007999999999999119,2182.0,0.0,1747.0,0.03999999999999915
2023-03-25 10:41:14.729000+00:00,2182.0,0.0,2182.0,0.0,1747.0,0.0
2023-03-25 10:41:19.729000+00:00,2183.0,0.0030000000000001137,2183.0,0.0030000000000001137,1748.0,0.007999999999999119
2023-03-25 10:41:24.729000+00:00,2185.0,0.006000000000000227,2185.0,0.006000000000000227,1750.0,0.011000000000002785
2023-03-25 10:41:29.729000+00:00,2186.0,0.0030000000000001137,2186.0,0.0030000000000001137,1750.0,0.0
2023-03-25 10:41:34.729000+00:00,2191.0,0.016000000000000014,2191.0,0.015000000000000568,1754.0,0.029999999999997584
2023-03-25 10:41:39.729000+00:00,2193.0,0.006000000000000227,2193.0,0.005999999999998451,1756.0,0.19700000000000273
2023-03-25 10:41:44.729000+00:00,2193.0,0.0,2193.0,0.0,1756.0,0.0
2023-03-25 10:41:49.729000+00:00,2193.0,0.0,2194.0,0.0030000000000001137,1756.0,0.0
2023-03-25 10:41:54.729000+00:00,2195.0,0.006999999999999673,2195.0,0.0030000000000001137,1758.0,0.013999999999999346
2023-03-25 10:41:59.729000+00:00,2195.0,0.0,2195.0,0.0,1758.0,0.0
2023-03-25 10:42:04.729000+00:00,2196.0,0.0030000000000001137,2197.0,0.005000000000000782,1759.0,0.007999999999999119
2023-03-25 10:42:09.729000+00:00,2198.0,0.006000000000000227,2198.0,0.0019999999999988916,1761.0,0.015000000000000568
2023-03-25 10:42:14.729000+00:00,2200.0,0.005000000000000782,2200.0,0.006000000000000227,1763.0,0.013999999999999346
2023-03-25 10:42:19.729000+00:00,2201.0,0.0030000000000001137,2201.0,0.0030000000000001137,1764.0,0.009000000000000341
2023-03-25 10:42:24.729000+00:00,2203.0,0.007999999999999119,2203.0,0.006000000000000227,1765.0,0.012000000000000455
2023-03-25 10:42:29.729000+00:00,2204.0,0.0030000000000001137,2204.0,0.0030000000000001137,1766.0,0.007999999999999119
2023-03-25 10:42:34.729000+00:00,2207.0,0.008000000000000895,2208.0,0.011000000000001009,1768.0,0.010999999999999233
2023-03-25 10:42:39.729000+00:00,2208.0,0.0029999999999983373,2208.0,0.0,1769.0,0.008000000000002672
2023-03-25 10:42:44.729000+00:00,2209.0,0.0030000000000001137,2210.0,0.004999999999999005,1770.0,0.004999999999999005
2023-03-25 10:42:49.729000+00:00,2213.0,0.011000000000001009,2213.0,0.009000000000000341,1773.0,0.27199999999999847
2023-03-25 10:42:54.729000+00:00,2217.0,0.013999999999999346,2217.0,0.010999999999999233,1777.0,0.10000000000000142
2023-03-25 10:42:59.729000+00:00,2219.0,0.006999999999999673,2219.0,0.006000000000000227,1779.0,0.013999999999999346
2023-03-25 10:43:04.729000+00:00,2221.0,0.005000000000000782,2221.0,0.006000000000000227,1780.0,0.004999999999999005
2023-03-25 10:43:09.729000+00:00,2221.0,0.0,2221.0,0.0,1780.0,0.0
2023-03-25 10:43:14.729000+00:00,2221.0,0.0,2222.0,0.0030000000000001137,1780.0,0.0
2023-03-25 10:43:19.729000+00:00,2223.0,0.006000000000000227,2224.0,0.005000000000000782,1781.0,0.0070000000000014495
2023-03-25 10:43:24.729000+00:00,2225.0,0.006000000000000227,2225.0,0.0030000000000001137,1783.0,0.012000000000000455
2023-03-25 10:43:29.729000+00:00,2226.0,0.0030000000000001137,2227.0,0.005999999999998451,1784.0,0.00999999999999801
2023-03-25 10:43:34.729000+00:00,2228.0,0.005999999999998451,2228.0,0.002000000000000668,1785.0,0.008000000000002672
2023-03-25 10:43:39.729000+00:00,2231.0,0.009000000000000341,2231.0,0.006999999999999673,1787.0,0.012999999999998124
2023-03-25 10:43:44.729000+00:00,2233.0,0.005000000000000782,2233.0,0.006000000000000227,1788.0,0.007999999999999119
2023-03-25 10:43:49.729000+00:00,2234.0,0.0019999999999988916,2235.0,0.006000000000000227,1789.0,0.005000000000002558
2023-03-25 10:43:54.729000+00:00,2236.0,0.006000000000000227,2236.0,0.0030000000000001137,1791.0,0.011999999999996902
2023-03-25 10:43:59.729000+00:00,2238.0,0.006000000000000227,2238.0,0.004999999999999005,1792.0,0.005000000000002558
2023-03-25 10:44:04.729000+00:00,2238.0,0.0,2238.0,0.0,1793.0,0.006000000000000227
2023-03-25 10:44:09.729000+00:00,2239.0,0.0030000000000001137,2239.0,0.0030000000000001137,1793.0,0.0
2023-03-25 10:44:14.729000+00:00,2241.0,0.006000000000000227,2241.0,0.006000000000000227,1795.0,0.013999999999999346
2023-03-25 10:44:19.729000+00:00,2242.0,0.0030000000000001137,2243.0,0.006000000000000227,1796.0,0.004999999999999005
2023-03-25 10:44:24.729000+00:00,2244.0,0.006000000000000227,2244.0,0.0030000000000001137,1797.0,0.0070000000000014495
2023-03-25 10:44:29.729000+00:00,2244.0,0.0,2244.0,0.0,1797.0,0.0
2023-03-25 10:44:34.729000+00:00,2245.0,0.0019999999999988916,2245.0,0.0030000000000001137,1798.0,0.00999999999999801
2023-03-25 10:44:39.729000+00:00,2250.0,0.034000000000000696,2250.0,0.013999999999999346,1801.0,0.019000000000001904
2023-03-25 10:44:44.729000+00:00,2253.0,0.009000000000000341,2253.0,0.009999999999999787,1804.0,0.019999999999999574
2023-03-25 10:44:49.729000+00:00,2256.0,0.007999999999999119,2256.0,0.008000000000000895,1807.0,0.018000000000000682
2023-03-25 10:44:54.729000+00:00,2257.0,0.0030000000000001137,2257.0,0.0030000000000001137,1808.0,0.006999999999997897
2023-03-25 10:44:59.729000+00:00,2259.0,0.006000000000000227,2259.0,0.006000000000000227,1810.0,0.013999999999999346
