timestamp,rt_web_get_shipping_calcid_seconds_count,rt_web_get_shipping_calcid_seconds_sum,rt_web_get_shipping_code_seconds_count,rt_web_get_shipping_code_seconds_sum,rt_web_get_shipping_postconfirm_seconds_count,rt_web_get_shipping_postconfirm_seconds_sum
2023-03-19 17:15:04.729000+00:00,18.0,,18.0,,15.0,
2023-03-19 17:15:09.729000+00:00,21.0,0.020999999999999963,21.0,0.040999999999999925,17.0,0.038999999999999924
2023-03-19 17:15:14.729000+00:00,21.0,0.0,22.0,0.007000000000000117,17.0,0.0
2023-03-19 17:15:19.729000+00:00,23.0,0.01200000000000001,24.0,0.010000000000000009,19.0,0.018000000000000016
2023-03-19 17:15:24.729000+00:00,26.0,0.018000000000000016,26.0,0.01200000000000001,21.0,0.03200000000000003
2023-03-19 17:15:29.729000+00:00,29.0,0.03899999999999998,29.0,0.016999999999999904,23.0,0.028999999999999915
2023-03-19 17:15:34.729000+00:00,30.0,0.006000000000000005,30.0,0.006000000000000005,24.0,0.01200000000000001
2023-03-19 17:15:39.729000+00:00,31.0,0.007000000000000006,31.0,0.006000000000000005,25.0,0.01200000000000001
2023-03-19 17:15:44.729000+00:00,31.0,0.0,31.0,0.0,25.0,0.0
2023-03-19 17:15:49.729000+00:00,33.0,0.014000000000000012,34.0,0.04499999999999993,26.0,0.038000000000000034
2023-03-19 17:15:54.729000+00:00,36.0,0.017000000000000015,38.0,0.02100000000000013,28.0,0.028000000000000025
2023-03-19 17:15:59.729000+00:00,38.0,0.01899999999999996,38.0,0.0,29.0,0.020999999999999908
2023-03-19 17:16:04.729000+00:00,40.0,0.01100000000000001,40.0,0.0129999999999999,30.0,0.010000000000000009
2023-03-19 17:16:09.729000+00:00,40.0,0.0,41.0,0.006000000000000005,30.0,0.0
2023-03-19 17:16:14.729000+00:00,42.0,0.015000000000000013,42.0,0.01200000000000001,32.0,0.02499999999999991
2023-03-19 17:16:19.729000+00:00,43.0,0.006000000000000005,43.0,0.006000000000000005,33.0,0.020000000000000018
2023-03-19 17:16:24.729000+00:00,43.0,0.0,45.0,0.016000000000000014,33.0,0.0
2023-03-19 17:16:29.729000+00:00,47.0,0.023999999999999966,48.0,0.01200000000000001,35.0,0.019000000000000128
2023-03-19 17:16:34.729000+00:00,50.0,0.026000000000000023,50.0,0.020000000000000018,38.0,0.03400000000000003
2023-03-19 17:16:39.729000+00:00,52.0,0.015000000000000013,53.0,0.014999999999999902,40.0,0.014999999999999902
2023-03-19 17:16:44.729000+00:00,53.0,0.0050000000000000044,53.0,0.0,41.0,0.01200000000000001
2023-03-19 17:16:49.729000+00:00,54.0,0.0050000000000000044,54.0,0.007000000000000117,42.0,0.020000000000000018
2023-03-19 17:16:54.729000+00:00,54.0,0.0,56.0,0.01200000000000001,42.0,0.0
2023-03-19 17:16:59.729000+00:00,56.0,0.02300000000000002,57.0,0.004999999999999893,44.0,2.0140000000000002
2023-03-19 17:17:04.729000+00:00,58.0,0.03399999999999992,59.0,0.01200000000000001,45.0,0.009999999999999787
2023-03-19 17:17:09.729000+00:00,59.0,0.007000000000000006,61.0,0.05300000000000016,46.0,0.008000000000000007
2023-03-19 17:17:14.729000+00:00,63.0,0.041000000000000036,63.0,0.05899999999999994,50.0,0.03100000000000014
2023-03-19 17:17:19.729000+00:00,65.0,0.018000000000000016,65.0,0.016999999999999904,52.0,0.016000000000000014
2023-03-19 17:17:24.729000+00:00,67.0,0.010000000000000009,68.0,0.015000000000000124,53.0,0.010000000000000231
2023-03-19 17:17:29.729000+00:00,70.0,0.019000000000000017,71.0,0.016000000000000014,54.0,0.008000000000000007
2023-03-19 17:17:34.729000+00:00,72.0,0.009999999999999898,72.0,0.004999999999999893,57.0,0.03399999999999981
2023-03-19 17:17:39.729000+00:00,74.0,0.009000000000000008,75.0,0.013000000000000123,58.0,0.005999999999999783
2023-03-19 17:17:44.729000+00:00,78.0,0.020000000000000018,79.0,0.018999999999999906,61.0,0.04300000000000015
2023-03-19 17:17:49.729000+00:00,80.0,0.009000000000000008,80.0,0.0050000000000001155,63.0,0.028999999999999915
2023-03-19 17:17:54.729000+00:00,81.0,0.0040000000000000036,82.0,0.008999999999999897,63.0,0.0
2023-03-19 17:17:59.729000+00:00,83.0,0.010000000000000009,83.0,0.006000000000000005,65.0,0.017000000000000348
2023-03-19 17:18:04.729000+00:00,83.0,0.0,83.0,0.0,65.0,0.0
2023-03-19 17:18:09.729000+00:00,86.0,0.017000000000000015,87.0,0.020999999999999908,67.0,0.016999999999999904
2023-03-19 17:18:14.729000+00:00,88.0,0.009000000000000008,88.0,0.0050000000000001155,68.0,0.009999999999999787
2023-03-19 17:18:19.729000+00:00,89.0,0.0040000000000000036,90.0,0.010000000000000009,69.0,0.006000000000000227
2023-03-19 17:18:24.729000+00:00,90.0,0.006000000000000005,90.0,0.0,70.0,0.008000000000000007
2023-03-19 17:18:29.729000+00:00,93.0,0.014000000000000012,93.0,0.0129999999999999,72.0,0.016000000000000014
2023-03-19 17:18:39.729000+00:00,95.0,0.008000000000000007,94.0,0.0050000000000001155,74.0,0.017999999999999794
2023-03-19 17:18:44.729000+00:00,99.0,0.030999999999999917,95.0,0.004999999999999893,78.0,0.03600000000000003
2023-03-19 17:18:49.729000+00:00,101.0,0.008000000000000007,100.0,0.026000000000000023,80.0,0.015000000000000124
2023-03-19 17:18:54.729000+00:00,104.0,0.018000000000000016,101.0,0.006000000000000005,83.0,0.028000000000000025
2023-03-19 17:18:59.729000+00:00,105.0,0.0050000000000000044,104.0,0.014000000000000012,84.0,0.26000000000000023
2023-03-19 17:19:04.729000+00:00,106.0,0.0040000000000000036,105.0,0.0050000000000001155,85.0,0.01699999999999946
2023-03-19 17:19:09.729000+00:00,107.0,0.0040000000000000036,106.0,0.004999999999999893,86.0,0.008000000000000007
2023-03-19 17:19:14.729000+00:00,109.0,0.010000000000000009,107.0,0.0040000000000000036,87.0,0.008000000000000007
2023-03-19 17:19:19.729000+00:00,112.0,0.014000000000000012,110.0,0.0129999999999999,87.0,0.0
2023-03-19 17:19:24.729000+00:00,116.0,0.02300000000000002,113.0,0.28800000000000026,91.0,0.04400000000000048
2023-03-19 17:19:29.729000+00:00,117.0,0.0040000000000000036,116.0,0.01399999999999979,92.0,0.005999999999999339
2023-03-19 17:19:39.729000+00:00,124.0,0.061999999999999944,117.0,0.006000000000000227,95.0,0.031000000000000583
2023-03-19 17:19:44.729000+00:00,126.0,0.007000000000000006,120.0,0.01200000000000001,97.0,0.28200000000000003
2023-03-19 17:19:49.729000+00:00,129.0,0.015999999999999903,125.0,0.022999999999999687,99.0,0.019000000000000128
2023-03-19 17:19:54.729000+00:00,131.0,0.010000000000000009,126.0,0.006000000000000227,101.0,0.016000000000000014
2023-03-19 17:19:59.729000+00:00,133.0,0.009000000000000119,129.0,0.02699999999999969,103.0,0.0259999999999998
2023-03-19 17:20:04.729000+00:00,136.0,0.016999999999999904,131.0,0.008000000000000007,104.0,0.009999999999999787
2023-03-19 17:20:09.729000+00:00,138.0,0.009000000000000119,134.0,0.015000000000000124,105.0,0.022999999999999687
2023-03-19 17:20:14.729000+00:00,139.0,0.0040000000000000036,136.0,0.010000000000000231,106.0,0.009000000000000341
2023-03-19 17:20:19.729000+00:00,139.0,0.0,138.0,0.0389999999999997,106.0,0.0
2023-03-19 17:20:24.729000+00:00,139.0,0.0,139.0,0.0050000000000003375,106.0,0.0
2023-03-19 17:20:29.729000+00:00,141.0,0.01200000000000001,139.0,0.0,107.0,0.014000000000000234
2023-03-19 17:20:34.729000+00:00,146.0,0.02299999999999991,139.0,0.0,111.0,0.027000000000000135
2023-03-19 17:20:39.729000+00:00,146.0,0.0,142.0,0.01200000000000001,111.0,0.0
2023-03-19 17:20:44.729000+00:00,149.0,0.013000000000000123,147.0,0.021999999999999797,112.0,0.008000000000000007
2023-03-19 17:20:49.729000+00:00,150.0,0.0040000000000000036,148.0,0.017999999999999794,112.0,0.0
2023-03-19 17:20:54.729000+00:00,151.0,0.0040000000000000036,150.0,0.010000000000000231,113.0,0.005999999999999339
2023-03-19 17:20:59.729000+00:00,152.0,0.0040000000000000036,150.0,0.0,113.0,0.0
2023-03-19 17:21:04.729000+00:00,154.0,0.008999999999999897,151.0,0.0040000000000000036,114.0,0.016000000000000014
2023-03-19 17:21:09.729000+00:00,156.0,0.008000000000000007,153.0,0.009999999999999787,115.0,0.007000000000000561
2023-03-19 17:21:14.729000+00:00,159.0,0.01200000000000001,154.0,0.0050000000000003375,117.0,0.016000000000000014
2023-03-19 17:21:19.729000+00:00,162.0,0.0129999999999999,157.0,0.01200000000000001,119.0,0.01899999999999924
2023-03-19 17:21:24.729000+00:00,163.0,0.0050000000000001155,160.0,0.01200000000000001,120.0,0.006000000000000227
2023-03-19 17:21:29.729000+00:00,166.0,0.026999999999999913,162.0,0.008000000000000007,123.0,0.02800000000000047
2023-03-19 17:21:34.729000+00:00,169.0,0.01200000000000001,163.0,0.005999999999999783,126.0,0.02999999999999936
2023-03-19 17:21:39.729000+00:00,171.0,0.03400000000000003,166.0,0.015000000000000124,126.0,0.0
2023-03-19 17:21:44.729000+00:00,171.0,0.0,169.0,0.01200000000000001,126.0,0.0
2023-03-19 17:21:49.729000+00:00,173.0,0.008000000000000007,172.0,0.0129999999999999,128.0,0.03900000000000059
2023-03-19 17:21:54.729000+00:00,175.0,0.010999999999999899,172.0,0.0,130.0,0.0259999999999998
2023-03-19 17:21:59.729000+00:00,179.0,0.016000000000000014,174.0,0.009999999999999787,133.0,0.0259999999999998
2023-03-19 17:22:04.729000+00:00,179.0,0.0,176.0,0.01200000000000001,133.0,0.0
2023-03-19 17:22:09.729000+00:00,180.0,0.0050000000000001155,179.0,0.01200000000000001,134.0,0.008000000000000007
2023-03-19 17:22:14.729000+00:00,182.0,0.008000000000000007,180.0,0.0040000000000000036,135.0,0.009000000000000341
2023-03-19 17:22:19.729000+00:00,182.0,0.0,182.0,0.01200000000000001,135.0,0.0
2023-03-19 17:22:24.729000+00:00,182.0,0.0,182.0,0.0,135.0,0.0
2023-03-19 17:22:29.729000+00:00,183.0,0.0040000000000000036,183.0,0.0040000000000000036,136.0,0.009999999999999787
2023-03-19 17:22:34.729000+00:00,185.0,0.010000000000000009,183.0,0.0,138.0,0.022999999999999687
2023-03-19 17:22:39.729000+00:00,189.0,0.04400000000000004,184.0,0.0030000000000001137,141.0,0.02400000000000002
2023-03-19 17:22:44.729000+00:00,191.0,0.008000000000000007,187.0,0.016999999999999904,143.0,0.016000000000000014
2023-03-19 17:22:49.729000+00:00,193.0,0.029999999999999805,189.0,0.009000000000000341,144.0,0.01100000000000012
2023-03-19 17:22:54.729000+00:00,194.0,0.0050000000000001155,191.0,0.009999999999999787,145.0,0.01100000000000012
2023-03-19 17:22:59.729000+00:00,194.0,0.0,194.0,0.015000000000000124,145.0,0.0
2023-03-19 17:23:04.729000+00:00,194.0,0.0,194.0,0.0,145.0,0.0
2023-03-19 17:23:09.729000+00:00,196.0,0.030999999999999917,194.0,0.0,147.0,0.017000000000000348
2023-03-19 17:23:14.729000+00:00,200.0,0.015000000000000124,194.0,0.0,148.0,0.01100000000000012
2023-03-19 17:23:19.729000+00:00,201.0,0.0029999999999998916,197.0,0.01200000000000001,149.0,0.008000000000000007
2023-03-19 17:23:24.729000+00:00,201.0,0.0,201.0,0.03600000000000003,149.0,0.0
2023-03-19 17:23:29.729000+00:00,202.0,0.0050000000000001155,201.0,0.0,150.0,0.008999999999999453
2023-03-19 17:23:34.729000+00:00,205.0,0.0129999999999999,201.0,0.0,153.0,0.20500000000000007
2023-03-19 17:23:39.729000+00:00,205.0,0.0,202.0,0.0040000000000000036,153.0,0.0
2023-03-19 17:23:44.729000+00:00,209.0,0.015000000000000124,205.0,0.01200000000000001,156.0,0.02400000000000002
2023-03-19 17:23:49.729000+00:00,213.0,0.020000000000000018,206.0,0.0029999999999996696,160.0,0.027000000000000135
2023-03-19 17:23:54.729000+00:00,215.0,0.011999999999999789,209.0,0.01200000000000001,162.0,0.016000000000000014
2023-03-19 17:23:59.729000+00:00,218.0,0.015000000000000124,213.0,0.016000000000000014,165.0,0.03300000000000036
2023-03-19 17:24:04.729000+00:00,219.0,0.004999999999999893,215.0,0.007000000000000117,166.0,0.007999999999999119
2023-03-19 17:24:09.729000+00:00,219.0,0.0,218.0,0.010000000000000231,166.0,0.0
2023-03-19 17:24:14.729000+00:00,220.0,0.0040000000000000036,219.0,0.004999999999999893,167.0,0.010000000000000675
2023-03-19 17:24:19.729000+00:00,220.0,0.0,220.0,0.0030000000000001137,167.0,0.0
2023-03-19 17:24:24.729000+00:00,222.0,0.010000000000000009,220.0,0.0,169.0,0.017999999999999794
2023-03-19 17:24:29.729000+00:00,224.0,0.010000000000000009,220.0,0.0,171.0,0.02400000000000002
2023-03-19 17:24:34.729000+00:00,227.0,0.040000000000000036,222.0,0.006999999999999673,173.0,0.017000000000000348
2023-03-19 17:24:39.729000+00:00,230.0,0.01200000000000001,227.0,0.028000000000000025,175.0,0.01499999999999968
2023-03-19 17:24:44.729000+00:00,231.0,0.0040000000000000036,227.0,0.0,176.0,0.006000000000000227
2023-03-19 17:24:49.729000+00:00,232.0,0.0040000000000000036,230.0,0.0129999999999999,176.0,0.0
2023-03-19 17:24:54.729000+00:00,233.0,0.0040000000000000036,231.0,0.0030000000000001137,176.0,0.0
2023-03-19 17:24:59.729000+00:00,235.0,0.008000000000000007,233.0,0.007000000000000117,178.0,0.01699999999999946
2023-03-19 17:25:04.729000+00:00,236.0,0.006000000000000005,234.0,0.0040000000000000036,179.0,0.009000000000000341
2023-03-19 17:25:09.729000+00:00,236.0,0.0,235.0,0.005999999999999783,179.0,0.0
2023-03-19 17:25:14.729000+00:00,238.0,0.008999999999999897,236.0,0.0040000000000000036,181.0,0.011999999999999567
2023-03-19 17:25:19.729000+00:00,238.0,0.0,236.0,0.0,181.0,0.0
2023-03-19 17:25:24.729000+00:00,240.0,0.01100000000000012,238.0,0.008000000000000007,181.0,0.0
2023-03-19 17:25:29.729000+00:00,242.0,0.008000000000000007,238.0,0.0,183.0,0.018000000000000682
2023-03-19 17:25:34.729000+00:00,244.0,0.006999999999999895,241.0,0.01200000000000001,184.0,0.008000000000000007
2023-03-19 17:25:39.729000+00:00,246.0,0.008000000000000007,242.0,0.0030000000000001137,186.0,0.011999999999999567
2023-03-19 17:25:44.729000+00:00,247.0,0.0040000000000000036,244.0,0.008000000000000007,186.0,0.0
2023-03-19 17:25:49.729000+00:00,251.0,0.014000000000000012,246.0,0.008000000000000007,189.0,0.022999999999999687
2023-03-19 17:25:54.729000+00:00,254.0,0.013000000000000123,249.0,0.01100000000000012,192.0,0.03500000000000014
2023-03-19 17:25:59.729000+00:00,257.0,0.052999999999999936,253.0,0.016000000000000014,195.0,0.027000000000000135
2023-03-19 17:26:04.729000+00:00,258.0,0.004999999999999893,257.0,0.030999999999999694,195.0,0.0
2023-03-19 17:26:09.729000+00:00,260.0,0.006000000000000005,258.0,0.01100000000000012,197.0,0.017999999999999794
2023-03-19 17:26:14.729000+00:00,261.0,0.0040000000000000036,259.0,0.0040000000000000036,198.0,0.004999999999999893
2023-03-19 17:26:19.729000+00:00,261.0,0.0,260.0,0.0040000000000000036,198.0,0.0
2023-03-19 17:26:24.729000+00:00,261.0,0.0,261.0,0.0040000000000000036,198.0,0.0
2023-03-19 17:26:29.729000+00:00,263.0,0.008000000000000007,261.0,0.0,200.0,0.020000000000000462
2023-03-19 17:26:34.729000+00:00,266.0,0.013000000000000123,261.0,0.0,201.0,0.009000000000000341
2023-03-19 17:26:39.729000+00:00,268.0,0.008000000000000007,264.0,0.01100000000000012,202.0,0.006999999999999673
2023-03-19 17:26:44.729000+00:00,268.0,0.0,266.0,0.005999999999999783,202.0,0.0
2023-03-19 17:26:49.729000+00:00,268.0,0.0,268.0,0.006000000000000227,202.0,0.0
2023-03-19 17:26:54.729000+00:00,271.0,0.0129999999999999,268.0,0.0,203.0,0.009000000000000341
2023-03-19 17:26:59.729000+00:00,273.0,0.008000000000000007,269.0,0.0030000000000001137,205.0,0.01499999999999968
2023-03-19 17:27:04.729000+00:00,276.0,0.01100000000000012,272.0,0.01200000000000001,207.0,0.014000000000000234
2023-03-19 17:27:09.729000+00:00,278.0,0.004999999999999893,274.0,0.005999999999999783,209.0,0.016000000000000014
2023-03-19 17:27:14.729000+00:00,278.0,0.0,277.0,0.010000000000000231,209.0,0.0
2023-03-19 17:27:19.729000+00:00,278.0,0.0,278.0,0.0029999999999996696,209.0,0.0
2023-03-19 17:27:24.729000+00:00,280.0,0.007000000000000117,278.0,0.0,210.0,0.006999999999999673
2023-03-19 17:27:29.729000+00:00,283.0,0.008000000000000007,279.0,0.0030000000000001137,213.0,0.017999999999999794
2023-03-19 17:27:34.729000+00:00,285.0,0.008000000000000007,280.0,0.0030000000000001137,215.0,0.0129999999999999
2023-03-19 17:27:39.729000+00:00,285.0,0.0,283.0,0.008000000000000007,215.0,0.0
2023-03-19 17:27:44.729000+00:00,289.0,0.03299999999999992,285.0,0.006999999999999673,219.0,0.07800000000000029
2023-03-19 17:27:49.729000+00:00,292.0,0.016000000000000014,289.0,0.04100000000000037,222.0,0.02200000000000024
2023-03-19 17:27:54.729000+00:00,294.0,0.006999999999999895,291.0,0.07099999999999973,224.0,0.0129999999999999
2023-03-19 17:27:59.729000+00:00,296.0,0.008000000000000007,292.0,0.0030000000000001137,226.0,0.01499999999999968
2023-03-19 17:28:04.729000+00:00,297.0,0.0050000000000001155,295.0,0.01100000000000012,227.0,0.008000000000000007
2023-03-19 17:28:09.729000+00:00,298.0,0.0040000000000000036,296.0,0.0040000000000000036,228.0,0.35599999999999987
2023-03-19 17:28:14.729000+00:00,299.0,0.0040000000000000036,298.0,0.008000000000000007,229.0,0.007000000000000561
2023-03-19 17:28:19.729000+00:00,300.0,0.0029999999999998916,298.0,0.0,230.0,0.005999999999999339
2023-03-19 17:28:24.729000+00:00,302.0,0.008000000000000007,299.0,0.0040000000000000036,232.0,0.010000000000000675
2023-03-19 17:28:29.729000+00:00,303.0,0.0040000000000000036,301.0,0.006999999999999673,233.0,0.0129999999999999
2023-03-19 17:28:34.729000+00:00,304.0,0.0040000000000000036,302.0,0.0050000000000003375,234.0,0.008000000000000007
2023-03-19 17:28:39.729000+00:00,306.0,0.008000000000000007,303.0,0.0029999999999996696,235.0,0.01499999999999968
2023-03-19 17:28:44.729000+00:00,308.0,0.014000000000000012,305.0,0.009000000000000341,238.0,0.020999999999999908
2023-03-19 17:28:49.729000+00:00,309.0,0.009000000000000119,308.0,0.01200000000000001,239.0,0.009000000000000341
2023-03-19 17:28:54.729000+00:00,311.0,0.008999999999999897,308.0,0.0,241.0,0.017999999999999794
2023-03-19 17:28:59.729000+00:00,314.0,0.010999999999999899,310.0,0.008000000000000007,244.0,0.020999999999999908
2023-03-19 17:29:04.729000+00:00,314.0,0.0,311.0,0.0029999999999996696,244.0,0.0
2023-03-19 17:29:09.729000+00:00,314.0,0.0,314.0,0.01200000000000001,244.0,0.0
2023-03-19 17:29:14.729000+00:00,315.0,0.0040000000000000036,314.0,0.0,245.0,0.01100000000000012
2023-03-19 17:29:19.729000+00:00,315.0,0.0,314.0,0.0,245.0,0.0
2023-03-19 17:29:24.729000+00:00,315.0,0.0,315.0,0.0040000000000000036,245.0,0.0
2023-03-19 17:29:29.729000+00:00,316.0,0.0040000000000000036,315.0,0.0,245.0,0.0
2023-03-19 17:29:34.729000+00:00,317.0,0.0040000000000000036,315.0,0.0,246.0,0.009000000000000341
2023-03-19 17:29:39.729000+00:00,317.0,0.0,316.0,0.007000000000000117,246.0,0.0
2023-03-19 17:29:44.729000+00:00,317.0,0.0,317.0,0.0040000000000000036,246.0,0.0
2023-03-19 17:29:49.729000+00:00,319.0,0.008000000000000007,317.0,0.0,247.0,0.008000000000000007
2023-03-19 17:29:54.729000+00:00,319.0,0.0,318.0,0.0030000000000001137,247.0,0.0
2023-03-19 17:29:59.729000+00:00,319.0,0.0,319.0,0.0030000000000001137,247.0,0.0
2023-03-19 17:30:04.729000+00:00,319.0,0.0,319.0,0.0,247.0,0.0
2023-03-19 17:30:09.729000+00:00,323.0,0.016000000000000014,319.0,0.0,250.0,0.022999999999999687
2023-03-19 17:30:14.729000+00:00,325.0,0.01100000000000012,320.0,0.0029999999999996696,252.0,0.0389999999999997
2023-03-19 17:30:19.729000+00:00,330.0,0.04899999999999993,325.0,0.02499999999999991,256.0,0.06099999999999994
2023-03-19 17:30:24.729000+00:00,333.0,0.01100000000000012,326.0,0.0040000000000000036,258.0,0.020000000000000462
2023-03-19 17:30:29.729000+00:00,335.0,0.016000000000000014,332.0,0.02200000000000024,259.0,0.011999999999999567
2023-03-19 17:30:34.729000+00:00,338.0,0.01200000000000001,334.0,0.007000000000000117,262.0,0.02600000000000069
2023-03-19 17:30:39.729000+00:00,340.0,0.008000000000000007,336.0,0.005999999999999783,264.0,0.0129999999999999
2023-03-19 17:30:44.729000+00:00,342.0,0.009999999999999787,339.0,0.008999999999999897,266.0,0.019999999999999574
2023-03-19 17:30:49.729000+00:00,344.0,0.007000000000000117,340.0,0.0030000000000001137,268.0,0.014000000000000234
2023-03-19 17:30:54.729000+00:00,345.0,0.004999999999999893,343.0,0.01100000000000012,269.0,0.008000000000000007
2023-03-19 17:30:59.729000+00:00,346.0,0.0040000000000000036,345.0,0.004999999999999893,270.0,0.004999999999999893
2023-03-19 17:31:04.729000+00:00,347.0,0.0040000000000000036,345.0,0.0,270.0,0.0
2023-03-19 17:31:09.729000+00:00,348.0,0.0030000000000001137,347.0,0.006000000000000227,271.0,0.006999999999999673
2023-03-19 17:31:14.729000+00:00,350.0,0.007000000000000117,348.0,0.0040000000000000036,273.0,0.01100000000000012
2023-03-19 17:31:19.729000+00:00,351.0,0.0029999999999996696,348.0,0.0,273.0,0.0
2023-03-19 17:31:24.729000+00:00,351.0,0.0,350.0,0.006999999999999673,273.0,0.0
2023-03-19 17:31:29.729000+00:00,353.0,0.009000000000000341,351.0,0.0040000000000000036,275.0,0.020000000000000462
2023-03-19 17:31:34.729000+00:00,355.0,0.006999999999999673,351.0,0.0,276.0,0.006999999999999673
2023-03-19 17:31:39.729000+00:00,356.0,0.0030000000000001137,353.0,0.006000000000000227,277.0,0.008000000000000007
2023-03-19 17:31:44.729000+00:00,357.0,0.016000000000000014,355.0,0.008000000000000007,278.0,0.01100000000000012
2023-03-19 17:31:49.729000+00:00,359.0,0.010000000000000231,357.0,0.007000000000000117,280.0,0.017000000000000348
2023-03-19 17:31:54.729000+00:00,361.0,0.008000000000000007,358.0,0.0040000000000000036,282.0,0.01699999999999946
2023-03-19 17:31:59.729000+00:00,362.0,0.0040000000000000036,359.0,0.0040000000000000036,283.0,0.007000000000000561
2023-03-19 17:32:04.729000+00:00,365.0,0.010999999999999677,361.0,0.006999999999999673,286.0,0.030999999999999694
2023-03-19 17:32:09.729000+00:00,368.0,0.008999999999999897,362.0,0.0030000000000001137,289.0,0.017000000000000348
2023-03-19 17:32:14.729000+00:00,369.0,0.0040000000000000036,365.0,0.008999999999999897,290.0,0.004999999999999893
2023-03-19 17:32:19.729000+00:00,372.0,0.010000000000000231,368.0,0.010000000000000231,293.0,0.016000000000000014
2023-03-19 17:32:24.729000+00:00,376.0,0.02499999999999991,370.0,0.006999999999999673,297.0,0.02799999999999958
2023-03-19 17:32:29.729000+00:00,380.0,0.0129999999999999,373.0,0.01100000000000012,298.0,0.009000000000000341
2023-03-19 17:32:34.729000+00:00,382.0,0.007000000000000117,378.0,0.039000000000000146,300.0,0.02400000000000002
2023-03-19 17:32:39.729000+00:00,387.0,0.05799999999999983,381.0,0.008999999999999897,303.0,0.019999999999999574
2023-03-19 17:32:44.729000+00:00,389.0,0.013000000000000345,384.0,0.01100000000000012,305.0,0.015000000000000568
2023-03-19 17:32:49.729000+00:00,392.0,0.010999999999999677,387.0,0.017999999999999794,307.0,0.021999999999999353
2023-03-19 17:32:54.729000+00:00,393.0,0.0030000000000001137,389.0,0.008000000000000007,308.0,0.007000000000000561
2023-03-19 17:32:59.729000+00:00,393.0,0.0,392.0,0.010000000000000231,308.0,0.0
2023-03-19 17:33:04.729000+00:00,394.0,0.0040000000000000036,393.0,0.0040000000000000036,308.0,0.0
2023-03-19 17:33:09.729000+00:00,395.0,0.0030000000000001137,393.0,0.0,309.0,0.008999999999999453
2023-03-19 17:33:14.729000+00:00,395.0,0.0,394.0,0.0029999999999996696,309.0,0.0
2023-03-19 17:33:19.729000+00:00,397.0,0.008000000000000007,395.0,0.0030000000000001137,311.0,0.0129999999999999
2023-03-19 17:33:24.729000+00:00,399.0,0.008999999999999897,395.0,0.0,312.0,0.004000000000000448
2023-03-19 17:33:29.729000+00:00,400.0,0.007000000000000117,398.0,0.01200000000000001,313.0,0.008999999999999453
2023-03-19 17:33:34.729000+00:00,402.0,0.008999999999999897,399.0,0.0030000000000001137,314.0,0.018000000000000682
2023-03-19 17:33:39.729000+00:00,402.0,0.0,401.0,0.008999999999999897,314.0,0.0
2023-03-19 17:33:44.729000+00:00,405.0,0.0129999999999999,402.0,0.0040000000000000036,317.0,0.019999999999999574
2023-03-19 17:33:49.729000+00:00,405.0,0.0,403.0,0.0040000000000000036,317.0,0.0
2023-03-19 17:33:54.732000+00:00,408.0,0.009000000000000341,405.0,0.007000000000000117,320.0,0.020999999999999908
2023-03-19 17:33:59.729000+00:00,409.0,0.0029999999999996696,407.0,0.008000000000000007,321.0,0.007000000000000561
2023-03-19 17:34:04.729000+00:00,410.0,0.002000000000000224,409.0,0.005999999999999783,321.0,0.0
2023-03-19 17:34:09.729000+00:00,412.0,0.008000000000000007,409.0,0.0,323.0,0.15399999999999991
2023-03-19 17:34:14.729000+00:00,414.0,0.007000000000000117,410.0,0.0040000000000000036,325.0,0.024999999999999467
2023-03-19 17:34:19.729000+00:00,415.0,0.0040000000000000036,413.0,0.009000000000000341,326.0,0.008000000000000007
2023-03-19 17:34:24.729000+00:00,417.0,0.01499999999999968,415.0,0.01399999999999979,327.0,0.01100000000000012
2023-03-19 17:34:29.729000+00:00,422.0,0.03500000000000014,417.0,0.006000000000000227,333.0,0.03900000000000059
2023-03-19 17:34:34.729000+00:00,425.0,0.009999999999999787,420.0,0.0349999999999997,336.0,0.2289999999999992
2023-03-19 17:34:39.729000+00:00,427.0,0.008000000000000007,424.0,0.01200000000000001,337.0,0.008000000000000007
2023-03-19 17:34:44.729000+00:00,429.0,0.006000000000000227,426.0,0.007000000000000117,339.0,0.021000000000000796
2023-03-19 17:34:49.729000+00:00,432.0,0.009999999999999787,428.0,0.007000000000000117,342.0,0.024999999999999467
2023-03-19 17:34:54.729000+00:00,433.0,0.0050000000000003375,429.0,0.0040000000000000036,343.0,0.0129999999999999
2023-03-19 17:34:59.729000+00:00,435.0,0.008000000000000007,432.0,0.016999999999999904,345.0,0.020999999999999908
2023-03-19 17:35:04.729000+00:00,435.0,0.0,434.0,0.007000000000000117,345.0,0.0
2023-03-19 17:35:09.729000+00:00,436.0,0.0029999999999996696,435.0,0.0029999999999996696,346.0,0.008000000000000007
2023-03-19 17:35:14.729000+00:00,436.0,0.0,435.0,0.0,346.0,0.0
2023-03-19 17:35:19.729000+00:00,438.0,0.007000000000000117,436.0,0.0030000000000001137,348.0,0.015000000000000568
2023-03-19 17:35:24.729000+00:00,439.0,0.0030000000000001137,436.0,0.0,349.0,0.008999999999999453
2023-03-19 17:35:29.729000+00:00,440.0,0.004999999999999893,438.0,0.006000000000000227,349.0,0.0
2023-03-19 17:35:34.729000+00:00,440.0,0.0,439.0,0.0040000000000000036,349.0,0.0
2023-03-19 17:35:39.729000+00:00,442.0,0.006000000000000227,440.0,0.0029999999999996696,351.0,0.015000000000000568
2023-03-19 17:35:44.729000+00:00,444.0,0.006999999999999673,440.0,0.0,353.0,0.242
2023-03-19 17:35:49.729000+00:00,446.0,0.0129999999999999,442.0,0.006000000000000227,354.0,0.008000000000000007
2023-03-19 17:35:54.729000+00:00,451.0,0.02100000000000035,445.0,0.01399999999999979,358.0,0.02999999999999936
2023-03-19 17:35:59.729000+00:00,452.0,0.004999999999999893,446.0,0.0030000000000001137,359.0,0.008000000000000007
2023-03-19 17:36:04.729000+00:00,454.0,0.007000000000000117,451.0,0.017999999999999794,361.0,0.015000000000000568
2023-03-19 17:36:09.729000+00:00,458.0,0.0129999999999999,453.0,0.008000000000000007,364.0,0.1379999999999999
2023-03-19 17:36:14.729000+00:00,461.0,0.01100000000000012,455.0,0.008000000000000007,366.0,0.013999999999999346
2023-03-19 17:36:19.729000+00:00,461.0,0.0,460.0,0.04200000000000026,366.0,0.0
2023-03-19 17:36:24.729000+00:00,461.0,0.0,461.0,0.0030000000000001137,366.0,0.0
2023-03-19 17:36:29.729000+00:00,464.0,0.009999999999999787,461.0,0.0,367.0,0.008000000000000895
2023-03-19 17:36:34.729000+00:00,465.0,0.0040000000000000036,461.0,0.0,367.0,0.0
2023-03-19 17:36:39.729000+00:00,469.0,0.018000000000000238,464.0,0.008999999999999897,370.0,0.019000000000000128
2023-03-19 17:36:44.729000+00:00,471.0,0.008000000000000007,466.0,0.005999999999999783,372.0,0.0129999999999999
2023-03-19 17:36:49.729000+00:00,475.0,0.01499999999999968,469.0,0.010000000000000231,375.0,0.3279999999999994
2023-03-19 17:36:54.729000+00:00,478.0,0.008999999999999897,472.0,0.01100000000000012,378.0,0.019000000000000128
2023-03-19 17:36:59.729000+00:00,478.0,0.0,476.0,0.016999999999999904,378.0,0.0
2023-03-19 17:37:04.729000+00:00,481.0,0.010000000000000231,479.0,0.0129999999999999,380.0,0.0129999999999999
2023-03-19 17:37:09.729000+00:00,482.0,0.0040000000000000036,480.0,0.004999999999999893,381.0,0.013999999999999346
2023-03-19 17:37:14.729000+00:00,483.0,0.004999999999999893,481.0,0.0030000000000001137,382.0,0.008000000000000895
2023-03-19 17:37:19.729000+00:00,484.0,0.0030000000000001137,483.0,0.005999999999999783,382.0,0.0
2023-03-19 17:37:24.729000+00:00,485.0,0.0030000000000001137,484.0,0.0030000000000001137,382.0,0.0
2023-03-19 17:37:29.729000+00:00,487.0,0.008000000000000007,484.0,0.0,384.0,0.018000000000000682
2023-03-19 17:37:34.729000+00:00,490.0,0.01200000000000001,486.0,0.006000000000000227,386.0,0.01699999999999946
2023-03-19 17:37:39.729000+00:00,492.0,0.006999999999999673,488.0,0.006999999999999673,388.0,0.013999999999999346
2023-03-19 17:37:44.729000+00:00,494.0,0.007000000000000117,490.0,0.006000000000000227,390.0,0.009999999999999787
2023-03-19 17:37:49.729000+00:00,496.0,0.007000000000000117,492.0,0.007000000000000117,391.0,0.008000000000000895
2023-03-19 17:37:54.729000+00:00,496.0,0.0,494.0,0.004999999999999893,391.0,0.0
2023-03-19 17:37:59.729000+00:00,497.0,0.0040000000000000036,496.0,0.004999999999999893,392.0,0.009000000000000341
2023-03-19 17:38:04.729000+00:00,500.0,0.008000000000000007,497.0,0.002000000000000224,394.0,0.0129999999999999
2023-03-19 17:38:09.729000+00:00,507.0,0.021999999999999797,498.0,0.0029999999999996696,399.0,0.03599999999999959
2023-03-19 17:38:14.729000+00:00,511.0,0.015000000000000124,502.0,0.013000000000000345,402.0,0.03500000000000014
2023-03-19 17:38:19.729000+00:00,513.0,0.04300000000000015,507.0,0.01499999999999968,402.0,0.0
2023-03-19 17:38:24.729000+00:00,517.0,0.04400000000000004,513.0,0.019000000000000128,405.0,0.026999999999999247
2023-03-19 17:38:29.729000+00:00,518.0,0.0029999999999996696,515.0,0.008000000000000007,406.0,0.05000000000000071
2023-03-19 17:38:34.729000+00:00,519.0,0.0030000000000001137,517.0,0.008000000000000007,407.0,0.007999999999999119
2023-03-19 17:38:39.729000+00:00,519.0,0.0,518.0,0.0040000000000000036,407.0,0.0
2023-03-19 17:38:44.729000+00:00,521.0,0.006000000000000227,519.0,0.0030000000000001137,407.0,0.0
2023-03-19 17:38:49.729000+00:00,521.0,0.0,519.0,0.0,407.0,0.0
2023-03-19 17:38:54.729000+00:00,521.0,0.0,521.0,0.008000000000000007,407.0,0.0
2023-03-19 17:38:59.729000+00:00,526.0,0.016000000000000014,523.0,0.005999999999999783,410.0,0.021000000000000796
2023-03-19 17:39:04.729000+00:00,528.0,0.01200000000000001,524.0,0.0030000000000001137,412.0,0.0129999999999999
2023-03-19 17:39:09.729000+00:00,529.0,0.0029999999999996696,526.0,0.005999999999999783,413.0,0.006999999999999673
2023-03-19 17:39:14.729000+00:00,532.0,0.010000000000000231,528.0,0.006000000000000227,416.0,0.019000000000000128
2023-03-19 17:39:19.729000+00:00,534.0,0.005999999999999783,530.0,0.007000000000000117,418.0,0.031000000000000583
2023-03-19 17:39:24.729000+00:00,537.0,0.008000000000000007,532.0,0.005999999999999783,421.0,0.02800000000000047
2023-03-19 17:39:29.729000+00:00,538.0,0.002000000000000224,534.0,0.007000000000000117,421.0,0.0
2023-03-19 17:39:34.729000+00:00,541.0,0.008999999999999897,537.0,0.009999999999999787,424.0,0.01699999999999946
2023-03-19 17:39:39.729000+00:00,542.0,0.0030000000000001137,538.0,0.0030000000000001137,425.0,0.004999999999999005
2023-03-19 17:39:44.729000+00:00,544.0,0.005999999999999783,541.0,0.010000000000000231,427.0,0.009000000000000341
2023-03-19 17:39:49.729000+00:00,545.0,0.0030000000000001137,542.0,0.0029999999999996696,428.0,0.006000000000000227
2023-03-19 17:39:54.729000+00:00,546.0,0.0030000000000001137,544.0,0.006000000000000227,429.0,0.005000000000000782
2023-03-19 17:39:59.729000+00:00,551.0,0.01399999999999979,545.0,0.0030000000000001137,433.0,0.02200000000000024
2023-03-19 17:40:04.729000+00:00,553.0,0.006000000000000227,547.0,0.005999999999999783,434.0,0.010999999999999233
2023-03-19 17:40:09.729000+00:00,555.0,0.006999999999999673,551.0,0.01200000000000001,436.0,0.02200000000000024
2023-03-19 17:40:14.729000+00:00,559.0,0.013000000000000345,553.0,0.006000000000000227,438.0,0.013999999999999346
2023-03-19 17:40:19.729000+00:00,561.0,0.005999999999999783,555.0,0.005999999999999339,440.0,0.012000000000000455
2023-03-19 17:40:24.729000+00:00,563.0,0.007000000000000117,559.0,0.013000000000000789,441.0,0.013999999999999346
2023-03-19 17:40:29.729000+00:00,566.0,0.007000000000000117,562.0,0.010999999999999233,443.0,0.0129999999999999
2023-03-19 17:40:34.729000+00:00,566.0,0.0,563.0,0.0030000000000001137,443.0,0.0
2023-03-19 17:40:39.729000+00:00,566.0,0.0,566.0,0.009000000000000341,443.0,0.0
2023-03-19 17:40:44.729000+00:00,567.0,0.0040000000000000036,566.0,0.0,443.0,0.0
2023-03-19 17:40:49.729000+00:00,567.0,0.0,566.0,0.0,443.0,0.0
2023-03-19 17:40:54.729000+00:00,567.0,0.0,567.0,0.0030000000000001137,443.0,0.0
2023-03-19 17:40:59.729000+00:00,569.0,0.006999999999999673,567.0,0.0,445.0,0.016000000000000014
2023-03-19 17:41:04.729000+00:00,572.0,0.008000000000000007,568.0,0.0030000000000001137,447.0,0.018000000000000682
2023-03-19 17:41:09.729000+00:00,573.0,0.0040000000000000036,569.0,0.005999999999999339,448.0,0.007999999999999119
2023-03-19 17:41:14.729000+00:00,575.0,0.007000000000000117,573.0,0.013000000000000789,450.0,0.013000000000001677
2023-03-19 17:41:19.729000+00:00,577.0,0.007000000000000117,573.0,0.0,452.0,0.010999999999999233
2023-03-19 17:41:24.729000+00:00,579.0,0.005999999999999783,575.0,0.005999999999999339,454.0,0.015000000000000568
2023-03-19 17:41:29.729000+00:00,580.0,0.0040000000000000036,577.0,0.006000000000000227,455.0,0.006999999999999673
2023-03-19 17:41:34.729000+00:00,582.0,0.007000000000000117,579.0,0.004999999999999893,456.0,0.006999999999999673
2023-03-19 17:41:39.729000+00:00,583.0,0.0030000000000001137,580.0,0.0030000000000001137,457.0,0.006000000000000227
2023-03-19 17:41:44.729000+00:00,586.0,0.009999999999999787,582.0,0.006000000000000227,459.0,0.013999999999999346
2023-03-19 17:41:49.729000+00:00,589.0,0.010000000000000231,583.0,0.0039999999999995595,462.0,0.019000000000000128
2023-03-19 17:41:54.729000+00:00,590.0,0.0029999999999996696,587.0,0.01100000000000012,463.0,0.005000000000000782
2023-03-19 17:41:59.729000+00:00,592.0,0.006000000000000227,589.0,0.007000000000000561,465.0,0.0129999999999999
2023-03-19 17:42:04.729000+00:00,592.0,0.0,590.0,0.0029999999999992255,465.0,0.0
2023-03-19 17:42:09.729000+00:00,593.0,0.0019999999999997797,592.0,0.006000000000000227,466.0,0.006999999999999673
2023-03-19 17:42:14.729000+00:00,597.0,0.040000000000000036,592.0,0.0,469.0,0.021000000000000796
2023-03-19 17:42:19.729000+00:00,599.0,0.006000000000000227,595.0,0.009999999999999787,471.0,0.013999999999999346
2023-03-19 17:42:24.729000+00:00,602.0,0.009999999999999787,597.0,0.006000000000000227,471.0,0.0
2023-03-19 17:42:29.729000+00:00,602.0,0.0,600.0,0.009000000000000341,471.0,0.0
2023-03-19 17:42:34.729000+00:00,603.0,0.0040000000000000036,602.0,0.005999999999999339,472.0,0.007999999999999119
2023-03-19 17:42:39.729000+00:00,606.0,0.008999999999999897,602.0,0.0,474.0,0.014000000000001123
2023-03-19 17:42:44.729000+00:00,609.0,0.007000000000000117,603.0,0.004000000000000448,477.0,0.01699999999999946
2023-03-19 17:42:49.729000+00:00,610.0,0.002000000000000224,608.0,0.016000000000000014,478.0,0.0039999999999995595
2023-03-19 17:42:54.729000+00:00,610.0,0.0,609.0,0.0030000000000001137,478.0,0.0
2023-03-19 17:42:59.729000+00:00,610.0,0.0,610.0,0.0039999999999995595,478.0,0.0
2023-03-19 17:43:09.729000+00:00,613.0,0.008999999999999897,610.0,0.0,481.0,0.02200000000000024
2023-03-19 17:43:14.729000+00:00,615.0,0.005999999999999783,611.0,0.004000000000000448,483.0,0.011000000000001009
2023-03-19 17:43:19.729000+00:00,617.0,0.006000000000000227,611.0,0.0,485.0,0.017999999999998906
2023-03-19 17:43:24.729000+00:00,620.0,0.01200000000000001,613.0,0.006999999999999673,487.0,0.017000000000001236
2023-03-19 17:43:29.729000+00:00,620.0,0.0,615.0,0.007000000000000561,487.0,0.0
2023-03-19 17:43:34.729000+00:00,621.0,0.0040000000000000036,617.0,0.006999999999999673,488.0,0.007999999999999119
2023-03-19 17:43:39.729000+00:00,623.0,0.01200000000000001,620.0,0.009999999999999787,490.0,0.015000000000000568
2023-03-19 17:43:44.729000+00:00,626.0,0.009999999999999787,621.0,0.004000000000000448,493.0,0.04800000000000004
2023-03-19 17:43:49.729000+00:00,628.0,0.006000000000000227,621.0,0.0,495.0,0.011999999999998678
2023-03-19 17:43:54.729000+00:00,629.0,0.0040000000000000036,624.0,0.0649999999999995,495.0,0.0
2023-03-19 17:43:59.729000+00:00,632.0,0.01200000000000001,627.0,0.008000000000000007,498.0,0.017000000000001236
2023-03-19 17:44:09.729000+00:00,633.0,0.0040000000000000036,628.0,0.004000000000000448,499.0,0.006000000000000227
2023-03-19 17:44:14.729000+00:00,636.0,0.008999999999999897,629.0,0.0030000000000001137,502.0,0.021999999999998465
2023-03-19 17:44:19.729000+00:00,637.0,0.0030000000000001137,632.0,0.011999999999999567,503.0,0.005000000000000782
2023-03-19 17:44:24.729000+00:00,639.0,0.004999999999999893,633.0,0.0030000000000001137,505.0,0.0129999999999999
2023-03-19 17:44:29.729000+00:00,640.0,0.0030000000000001137,634.0,0.0039999999999995595,505.0,0.0
2023-03-19 17:44:34.729000+00:00,642.0,0.006999999999999673,636.0,0.007000000000000561,507.0,0.012000000000000455
2023-03-19 17:44:39.729000+00:00,643.0,0.0030000000000001137,637.0,0.0019999999999997797,508.0,0.009999999999999787
2023-03-19 17:44:44.729000+00:00,645.0,0.006000000000000227,640.0,0.009999999999999787,509.0,0.012000000000000455
2023-03-19 17:44:49.729000+00:00,647.0,0.005999999999999783,640.0,0.0,509.0,0.0
2023-03-19 17:44:54.732000+00:00,649.0,0.007000000000000117,642.0,0.006000000000000227,510.0,0.009999999999999787
2023-03-19 17:44:59.729000+00:00,651.0,0.005999999999999783,643.0,0.0030000000000001137,512.0,0.0129999999999999
2023-03-19 17:45:04.729000+00:00,652.0,0.0030000000000001137,645.0,0.006000000000000227,513.0,0.004999999999999005
2023-03-19 17:45:09.729000+00:00,653.0,0.0040000000000000036,647.0,0.004999999999999893,514.0,0.0070000000000014495
2023-03-19 17:45:14.729000+00:00,654.0,0.0030000000000001137,650.0,0.008999999999999453,515.0,0.006999999999999673
2023-03-19 17:45:19.729000+00:00,654.0,0.0,651.0,0.0030000000000001137,515.0,0.0
2023-03-19 17:45:24.729000+00:00,657.0,0.008999999999999897,653.0,0.007000000000000561,518.0,0.03200000000000003
2023-03-19 17:45:29.729000+00:00,660.0,0.02200000000000024,654.0,0.0029999999999992255,520.0,0.013999999999999346
2023-03-19 17:45:39.729000+00:00,663.0,0.010999999999999677,654.0,0.0,522.0,0.0129999999999999
2023-03-19 17:45:44.729000+00:00,664.0,0.0040000000000000036,656.0,0.007000000000000561,523.0,0.009999999999999787
2023-03-19 17:45:49.729000+00:00,667.0,0.01100000000000012,658.0,0.08899999999999952,526.0,0.017000000000001236
2023-03-19 17:45:54.729000+00:00,670.0,0.008000000000000007,660.0,0.015000000000000568,529.0,0.016000000000000014
2023-03-19 17:45:59.729000+00:00,673.0,0.009999999999999787,660.0,0.0,532.0,0.017999999999998906
2023-03-19 17:46:04.729000+00:00,674.0,0.0030000000000001137,663.0,0.009999999999999787,533.0,0.006000000000000227
2023-03-19 17:46:09.729000+00:00,675.0,0.0030000000000001137,664.0,0.0039999999999995595,534.0,0.005000000000000782
2023-03-19 17:46:14.729000+00:00,677.0,0.005999999999999783,667.0,0.010000000000000675,535.0,0.006000000000000227
2023-03-19 17:46:19.729000+00:00,678.0,0.0030000000000001137,670.0,0.009999999999999787,536.0,0.004999999999999005
2023-03-19 17:46:24.729000+00:00,678.0,0.0,673.0,0.008000000000000007,536.0,0.0
2023-03-19 17:46:29.729000+00:00,680.0,0.006000000000000227,675.0,0.006000000000000227,537.0,0.006000000000000227
2023-03-19 17:46:34.729000+00:00,680.0,0.0,675.0,0.0,537.0,0.0
2023-03-19 17:46:39.729000+00:00,682.0,0.006999999999999673,677.0,0.004999999999999893,538.0,0.006000000000000227
2023-03-19 17:46:44.729000+00:00,685.0,0.009000000000000341,678.0,0.0030000000000001137,542.0,0.07099999999999973
2023-03-19 17:46:49.729000+00:00,687.0,0.005999999999999783,678.0,0.0,543.0,0.006000000000000227
2023-03-19 17:46:54.729000+00:00,687.0,0.0,680.0,0.005999999999999339,543.0,0.0
2023-03-19 17:46:59.729000+00:00,688.0,0.004999999999999893,680.0,0.0,544.0,0.0039999999999995595
2023-03-19 17:47:04.729000+00:00,689.0,0.0030000000000001137,682.0,0.007000000000000561,544.0,0.0
2023-03-19 17:47:09.729000+00:00,690.0,0.0040000000000000036,685.0,0.008999999999999453,545.0,0.0389999999999997
2023-03-19 17:47:14.729000+00:00,694.0,0.0129999999999999,687.0,0.019000000000000128,549.0,0.03200000000000003
2023-03-19 17:47:19.729000+00:00,694.0,0.0,688.0,0.0030000000000001137,549.0,0.0
2023-03-19 17:47:24.729000+00:00,697.0,0.008000000000000007,688.0,0.0,552.0,0.025000000000000355
2023-03-19 17:47:29.729000+00:00,697.0,0.0,689.0,0.0030000000000001137,552.0,0.0
2023-03-19 17:47:34.729000+00:00,700.0,0.037000000000000366,692.0,0.009999999999999787,555.0,0.019999999999999574
2023-03-19 17:47:39.729000+00:00,701.0,0.0029999999999996696,694.0,0.009000000000000341,556.0,0.006999999999999673
2023-03-19 17:47:44.729000+00:00,705.0,0.01200000000000001,695.0,0.0039999999999995595,560.0,0.031000000000000583
2023-03-19 17:47:49.729000+00:00,709.0,0.01100000000000012,697.0,0.006000000000000227,563.0,0.01699999999999946
2023-03-19 17:47:54.729000+00:00,711.0,0.005999999999999783,698.0,0.0030000000000001137,565.0,0.010000000000001563
2023-03-19 17:47:59.729000+00:00,712.0,0.0030000000000001137,701.0,0.009000000000000341,566.0,0.004999999999999005
2023-03-19 17:48:04.729000+00:00,713.0,0.0030000000000001137,702.0,0.0039999999999995595,567.0,0.009000000000000341
2023-03-19 17:48:09.729000+00:00,715.0,0.005999999999999783,705.0,0.016000000000000014,569.0,0.010999999999999233
2023-03-19 17:48:14.729000+00:00,717.0,0.006000000000000227,709.0,0.01100000000000012,571.0,0.0129999999999999
2023-03-19 17:48:19.729000+00:00,717.0,0.0,711.0,0.004999999999999893,571.0,0.0
2023-03-19 17:48:24.729000+00:00,718.0,0.0030000000000001137,712.0,0.0030000000000001137,572.0,0.006000000000000227
2023-03-19 17:48:29.729000+00:00,719.0,0.0019999999999997797,713.0,0.0030000000000001137,573.0,0.004000000000001336
2023-03-19 17:48:34.729000+00:00,719.0,0.0,716.0,0.01100000000000012,573.0,0.0
2023-03-19 17:48:39.729000+00:00,722.0,0.008999999999999897,717.0,0.0030000000000001137,576.0,0.022999999999999687
2023-03-19 17:48:44.729000+00:00,722.0,0.0,718.0,0.0029999999999992255,576.0,0.0
2023-03-19 17:48:49.729000+00:00,722.0,0.0,718.0,0.0,576.0,0.0
2023-03-19 17:48:54.729000+00:00,722.0,0.0,719.0,0.0030000000000001137,576.0,0.0
2023-03-19 17:48:59.729000+00:00,723.0,0.0030000000000001137,719.0,0.0,577.0,0.007999999999999119
2023-03-19 17:49:04.729000+00:00,727.0,0.014000000000000234,722.0,0.008000000000000007,581.0,0.030000000000001137
2023-03-19 17:49:09.729000+00:00,730.0,0.009999999999999787,722.0,0.0,583.0,0.010999999999999233
2023-03-19 17:49:14.729000+00:00,731.0,0.0040000000000000036,722.0,0.0,584.0,0.006999999999999673
2023-03-19 17:49:19.729000+00:00,734.0,0.008999999999999897,723.0,0.0030000000000001137,587.0,0.018000000000000682
2023-03-19 17:49:24.729000+00:00,737.0,0.009000000000000341,724.0,0.0030000000000001137,589.0,0.009999999999999787
2023-03-19 17:49:29.729000+00:00,739.0,0.006999999999999673,727.0,0.006999999999999673,591.0,0.016000000000000014
2023-03-19 17:49:34.729000+00:00,740.0,0.0030000000000001137,730.0,0.008000000000000007,592.0,0.006999999999999673
2023-03-19 17:49:39.729000+00:00,741.0,0.0030000000000001137,731.0,0.004000000000000448,593.0,0.006999999999999673
2023-03-19 17:49:44.729000+00:00,742.0,0.0030000000000001137,734.0,0.009999999999999787,594.0,0.005000000000000782
2023-03-19 17:49:49.729000+00:00,744.0,0.005999999999999783,737.0,0.009999999999999787,596.0,0.012000000000000455
2023-03-19 17:49:54.729000+00:00,745.0,0.0030000000000001137,739.0,0.006000000000000227,596.0,0.0
2023-03-19 17:49:59.729000+00:00,749.0,0.017999999999999794,740.0,0.0030000000000001137,598.0,0.017999999999998906
2023-03-19 17:50:04.729000+00:00,749.0,0.0,741.0,0.0039999999999995595,598.0,0.0
2023-03-19 17:50:09.729000+00:00,750.0,0.0030000000000001137,743.0,0.006000000000000227,599.0,0.005000000000000782
2023-03-19 17:50:14.729000+00:00,751.0,0.019000000000000128,744.0,0.0030000000000001137,599.0,0.0
2023-03-19 17:50:19.729000+00:00,755.0,0.01200000000000001,746.0,0.006999999999999673,602.0,0.270999999999999
2023-03-19 17:50:24.729000+00:00,755.0,0.0,749.0,0.009000000000000341,602.0,0.0
2023-03-19 17:50:29.729000+00:00,758.0,0.03699999999999992,749.0,0.0,604.0,0.019000000000000128
2023-03-19 17:50:34.729000+00:00,759.0,0.0030000000000001137,750.0,0.0030000000000001137,605.0,0.008000000000000895
2023-03-19 17:50:39.729000+00:00,759.0,0.0,752.0,0.006000000000000227,605.0,0.0
2023-03-19 17:50:44.729000+00:00,759.0,0.0,755.0,0.008000000000000007,605.0,0.0
2023-03-19 17:50:49.729000+00:00,761.0,0.006999999999999673,758.0,0.040000000000000036,607.0,0.016000000000000014
2023-03-19 17:50:54.729000+00:00,761.0,0.0,759.0,0.0030000000000001137,607.0,0.0
2023-03-19 17:50:59.729000+00:00,763.0,0.013000000000000345,759.0,0.0,608.0,0.007999999999999119
2023-03-19 17:51:04.729000+00:00,765.0,0.006999999999999673,759.0,0.0,610.0,0.02400000000000091
2023-03-19 17:51:09.729000+00:00,768.0,0.010000000000000231,760.0,0.0029999999999992255,613.0,0.019999999999999574
2023-03-19 17:51:14.729000+00:00,772.0,0.053999999999999826,761.0,0.0030000000000001137,616.0,0.0259999999999998
2023-03-19 17:51:19.729000+00:00,775.0,0.010000000000000231,762.0,0.004000000000000448,619.0,0.02200000000000024
2023-03-19 17:51:24.729000+00:00,780.0,0.01499999999999968,763.0,0.0039999999999995595,623.0,0.019000000000000128
2023-03-19 17:51:29.729000+00:00,783.0,0.009000000000000341,765.0,0.007000000000000561,626.0,0.019999999999999574
2023-03-19 17:51:34.729000+00:00,786.0,0.008999999999999897,771.0,0.01699999999999946,629.0,0.02200000000000024
2023-03-19 17:51:39.729000+00:00,788.0,0.007000000000000117,773.0,0.0730000000000004,631.0,0.015000000000000568
2023-03-19 17:51:44.729000+00:00,789.0,0.0029999999999996696,777.0,0.011999999999999567,632.0,0.004999999999999005
2023-03-19 17:51:49.729000+00:00,791.0,0.0050000000000003375,781.0,0.012000000000000455,634.0,0.0129999999999999
2023-03-19 17:51:54.729000+00:00,793.0,0.005999999999999783,785.0,0.011999999999999567,636.0,0.014000000000001123
2023-03-19 17:51:59.729000+00:00,794.0,0.0030000000000001137,786.0,0.004000000000000448,636.0,0.0
2023-03-19 17:52:04.729000+00:00,798.0,0.01100000000000012,788.0,0.005999999999999339,639.0,0.02099999999999902
2023-03-19 17:52:09.729000+00:00,799.0,0.0030000000000001137,789.0,0.004000000000000448,639.0,0.0
2023-03-19 17:52:14.729000+00:00,801.0,0.005999999999999339,792.0,0.009000000000000341,640.0,0.008000000000000895
2023-03-19 17:52:19.729000+00:00,803.0,0.008000000000000007,793.0,0.0039999999999995595,642.0,0.0129999999999999
2023-03-19 17:52:24.729000+00:00,804.0,0.0030000000000001137,795.0,0.006000000000000227,642.0,0.0
2023-03-19 17:52:29.729000+00:00,806.0,0.009000000000000341,798.0,0.009999999999999787,643.0,0.010999999999999233
2023-03-19 17:52:34.729000+00:00,808.0,0.006000000000000227,800.0,0.006000000000000227,645.0,0.015000000000000568
2023-03-19 17:52:39.729000+00:00,808.0,0.0,802.0,0.006000000000000227,645.0,0.0
2023-03-19 17:52:44.729000+00:00,808.0,0.0,804.0,0.004999999999999893,645.0,0.0
2023-03-19 17:52:49.729000+00:00,808.0,0.0,805.0,0.0030000000000001137,645.0,0.0
2023-03-19 17:52:54.729000+00:00,809.0,0.0029999999999992255,806.0,0.0029999999999992255,646.0,0.004999999999999005
2023-03-19 17:52:59.729000+00:00,810.0,0.0030000000000001137,808.0,0.006000000000000227,646.0,0.0
2023-03-19 17:53:04.729000+00:00,811.0,0.0030000000000001137,808.0,0.0,647.0,0.008000000000000895
2023-03-19 17:53:09.729000+00:00,811.0,0.0,808.0,0.0,647.0,0.0
2023-03-19 17:53:14.729000+00:00,811.0,0.0,808.0,0.0,647.0,0.0
2023-03-19 17:53:19.729000+00:00,816.0,0.017000000000000348,809.0,0.0030000000000001137,650.0,0.02099999999999902
2023-03-19 17:53:24.729000+00:00,820.0,0.011999999999999567,810.0,0.004000000000000448,653.0,0.02200000000000024
2023-03-19 17:53:29.729000+00:00,824.0,0.040000000000000036,811.0,0.0039999999999995595,656.0,0.019000000000000128
2023-03-19 17:53:34.729000+00:00,824.0,0.0,813.0,0.008000000000000007,656.0,0.0
2023-03-19 17:53:39.729000+00:00,827.0,0.009000000000000341,814.0,0.004999999999999893,659.0,0.021000000000000796
2023-03-19 17:53:44.729000+00:00,829.0,0.006000000000000227,819.0,0.017000000000000348,660.0,0.006000000000000227
2023-03-19 17:53:49.729000+00:00,833.0,0.013999999999999346,821.0,0.006999999999999673,663.0,0.016000000000000014
2023-03-19 17:53:54.729000+00:00,835.0,0.006000000000000227,825.0,0.014000000000000234,665.0,0.014999999999998792
2023-03-19 17:53:59.729000+00:00,837.0,0.006000000000000227,825.0,0.0,666.0,0.006000000000000227
2023-03-19 17:54:04.729000+00:00,837.0,0.0,827.0,0.006999999999999673,666.0,0.0
2023-03-19 17:54:09.729000+00:00,841.0,0.019999999999999574,830.0,0.01100000000000012,669.0,0.0129999999999999
2023-03-19 17:54:14.729000+00:00,844.0,0.009000000000000341,833.0,0.009000000000000341,671.0,0.017000000000001236
2023-03-19 17:54:19.729000+00:00,845.0,0.0039999999999995595,836.0,0.008999999999999453,672.0,0.005999999999998451
2023-03-19 17:54:24.732000+00:00,846.0,0.0030000000000001137,837.0,0.004000000000000448,673.0,0.008000000000000895
2023-03-19 17:54:29.729000+00:00,848.0,0.006000000000000227,837.0,0.0,673.0,0.0
2023-03-19 17:54:34.729000+00:00,848.0,0.0,841.0,0.0129999999999999,673.0,0.0
2023-03-19 17:54:39.729000+00:00,849.0,0.0030000000000001137,844.0,0.011999999999999567,674.0,0.006999999999999673
2023-03-19 17:54:44.729000+00:00,850.0,0.0019999999999997797,845.0,0.0030000000000001137,674.0,0.0
2023-03-19 17:54:49.729000+00:00,852.0,0.007000000000000561,847.0,0.006000000000000227,675.0,0.006000000000000227
2023-03-19 17:54:54.729000+00:00,852.0,0.0,848.0,0.0030000000000001137,675.0,0.0
2023-03-19 17:54:59.729000+00:00,852.0,0.0,848.0,0.0,675.0,0.0
2023-03-19 17:55:04.729000+00:00,854.0,0.004999999999999893,849.0,0.0030000000000001137,676.0,0.006999999999999673
2023-03-19 17:55:09.729000+00:00,855.0,0.0030000000000001137,851.0,0.006000000000000227,676.0,0.0
2023-03-19 17:55:14.729000+00:00,856.0,0.0029999999999992255,852.0,0.0029999999999992255,677.0,0.006000000000000227
2023-03-19 17:55:19.729000+00:00,858.0,0.005000000000000782,852.0,0.0,679.0,0.008000000000000895
2023-03-19 17:55:24.729000+00:00,861.0,0.013999999999999346,852.0,0.0,681.0,0.011999999999998678
2023-03-19 17:55:29.729000+00:00,864.0,0.009000000000000341,854.0,0.007000000000000561,684.0,0.017000000000001236
2023-03-19 17:55:34.729000+00:00,866.0,0.006999999999999673,855.0,0.0030000000000001137,686.0,0.014999999999998792
2023-03-19 17:55:39.729000+00:00,869.0,0.009000000000000341,856.0,0.0030000000000001137,687.0,0.016000000000000014
2023-03-19 17:55:44.729000+00:00,871.0,0.006999999999999673,858.0,0.005999999999999339,689.0,0.0129999999999999
2023-03-19 17:55:49.729000+00:00,877.0,0.07200000000000006,861.0,0.01100000000000012,694.0,0.11899999999999977
2023-03-19 17:55:54.729000+00:00,880.0,0.009999999999999787,866.0,0.016000000000000014,697.0,0.019000000000000128
2023-03-19 17:55:59.729000+00:00,881.0,0.0030000000000001137,867.0,1.5380000000000003,698.0,0.005000000000000782
2023-03-19 17:56:04.729000+00:00,883.0,0.006000000000000227,869.0,0.006999999999999673,700.0,0.0129999999999999
2023-03-19 17:56:09.729000+00:00,887.0,0.01100000000000012,874.0,0.017000000000000348,704.0,0.022999999999999687
2023-03-19 17:56:14.729000+00:00,889.0,0.006000000000000227,877.0,0.03500000000000014,706.0,0.009999999999999787
2023-03-19 17:56:19.729000+00:00,889.0,0.0,880.0,0.008999999999999453,706.0,0.0
2023-03-19 17:56:24.729000+00:00,894.0,0.04499999999999993,882.0,0.007000000000000561,710.0,0.022999999999999687
2023-03-19 17:56:29.729000+00:00,894.0,0.0,883.0,0.0029999999999992255,710.0,0.0
2023-03-19 17:56:34.729000+00:00,894.0,0.0,887.0,0.015000000000000568,710.0,0.0
2023-03-19 17:56:39.729000+00:00,895.0,0.0030000000000001137,890.0,0.008999999999999453,711.0,0.0070000000000014495
2023-03-19 17:56:44.729000+00:00,897.0,0.005999999999999339,892.0,0.010000000000000675,712.0,0.006999999999999673
2023-03-19 17:56:49.729000+00:00,900.0,0.007000000000000561,894.0,0.004999999999999893,714.0,0.015000000000000568
2023-03-19 17:56:54.729000+00:00,900.0,0.0,894.0,0.0,714.0,0.0
2023-03-19 17:56:59.729000+00:00,901.0,0.0039999999999995595,895.0,0.0030000000000001137,715.0,0.007999999999999119
2023-03-19 17:57:04.729000+00:00,901.0,0.0,896.0,0.0030000000000001137,715.0,0.0
2023-03-19 17:57:09.729000+00:00,903.0,0.006000000000000227,897.0,0.0029999999999992255,717.0,0.0129999999999999
2023-03-19 17:57:14.729000+00:00,908.0,0.02200000000000024,900.0,0.009000000000000341,720.0,0.022999999999999687
2023-03-19 17:57:19.729000+00:00,908.0,0.0,900.0,0.0,720.0,0.0
2023-03-19 17:57:24.729000+00:00,911.0,0.008999999999999453,901.0,0.0030000000000001137,723.0,0.02800000000000047
2023-03-19 17:57:29.729000+00:00,913.0,0.008000000000000007,901.0,0.0,724.0,0.006999999999999673
2023-03-19 17:57:34.732000+00:00,917.0,0.016000000000000014,905.0,0.011999999999999567,727.0,0.35999999999999943
2023-03-19 17:57:39.729000+00:00,920.0,0.008000000000000007,908.0,0.009000000000000341,730.0,0.016000000000000014
2023-03-19 17:57:44.729000+00:00,922.0,0.006000000000000227,909.0,0.0030000000000001137,731.0,0.0070000000000014495
2023-03-19 17:57:49.729000+00:00,926.0,0.017999999999999794,912.0,0.01100000000000012,732.0,0.006000000000000227
2023-03-19 17:57:54.729000+00:00,927.0,0.0030000000000001137,913.0,0.0039999999999995595,733.0,0.005999999999998451
2023-03-19 17:57:59.729000+00:00,929.0,0.006000000000000227,917.0,0.012000000000000455,735.0,0.0129999999999999
2023-03-19 17:58:04.729000+00:00,930.0,0.0030000000000001137,920.0,0.009999999999999787,736.0,0.006000000000000227
2023-03-19 17:58:09.729000+00:00,932.0,0.005999999999999339,923.0,0.011999999999999567,738.0,0.012000000000000455
2023-03-19 17:58:14.729000+00:00,937.0,0.04900000000000038,926.0,0.008000000000000007,740.0,0.23399999999999999
2023-03-19 17:58:19.729000+00:00,938.0,0.0030000000000001137,927.0,0.0030000000000001137,741.0,0.0039999999999995595
2023-03-19 17:58:24.729000+00:00,939.0,0.0030000000000001137,930.0,0.007000000000000561,742.0,0.005000000000000782
2023-03-19 17:58:29.729000+00:00,942.0,0.03699999999999992,930.0,0.0,745.0,0.02099999999999902
2023-03-19 17:58:34.729000+00:00,942.0,0.0,934.0,0.0129999999999999,745.0,0.0
2023-03-19 17:58:39.729000+00:00,943.0,0.0039999999999995595,937.0,0.04099999999999948,746.0,0.0070000000000014495
2023-03-19 17:58:44.729000+00:00,949.0,0.020999999999999908,938.0,0.0030000000000001137,750.0,0.02999999999999936
2023-03-19 17:58:49.729000+00:00,950.0,0.0030000000000001137,939.0,0.004000000000000448,750.0,0.0
2023-03-19 17:58:54.729000+00:00,950.0,0.0,942.0,0.008000000000000007,750.0,0.0
2023-03-19 17:58:59.729000+00:00,951.0,0.0030000000000001137,942.0,0.0,750.0,0.0
2023-03-19 17:59:04.729000+00:00,952.0,0.0030000000000001137,946.0,0.02999999999999936,751.0,0.007999999999999119
2023-03-19 17:59:09.729000+00:00,953.0,0.004000000000000448,950.0,0.04500000000000082,752.0,0.008000000000000895
2023-03-19 17:59:14.729000+00:00,955.0,0.034999999999999254,950.0,0.0,753.0,0.006999999999999673
2023-03-19 17:59:19.729000+00:00,956.0,0.0030000000000001137,950.0,0.0,753.0,0.0
2023-03-19 17:59:24.729000+00:00,958.0,0.007000000000000561,951.0,0.0029999999999992255,755.0,0.014000000000001123
2023-03-19 17:59:29.729000+00:00,960.0,0.005999999999999339,952.0,0.0030000000000001137,757.0,0.010999999999999233
2023-03-19 17:59:34.729000+00:00,961.0,0.0030000000000001137,954.0,0.006000000000000227,758.0,0.005000000000000782
2023-03-19 17:59:39.729000+00:00,961.0,0.0,956.0,0.014000000000000234,758.0,0.0
2023-03-19 17:59:44.729000+00:00,963.0,0.006000000000000227,957.0,0.0019999999999997797,759.0,0.006999999999999673
2023-03-19 17:59:49.729000+00:00,968.0,0.014000000000000234,958.0,0.0030000000000001137,763.0,0.025000000000000355
2023-03-19 17:59:54.729000+00:00,969.0,0.0019999999999997797,960.0,0.006000000000000227,764.0,0.007999999999999119
2023-03-19 17:59:59.729000+00:00,972.0,0.009000000000000341,961.0,0.0019999999999997797,767.0,0.019000000000000128
2023-03-19 18:00:04.729000+00:00,975.0,0.008000000000000007,961.0,0.0,768.0,0.009999999999999787
2023-03-19 18:00:09.729000+00:00,976.0,0.0029999999999992255,964.0,0.008000000000000007,768.0,0.0
2023-03-19 18:00:14.729000+00:00,980.0,0.013000000000000789,968.0,0.019000000000000128,772.0,0.02800000000000047
2023-03-19 18:00:19.729000+00:00,981.0,0.005999999999999339,970.0,0.006000000000000227,773.0,0.006000000000000227
2023-03-19 18:00:24.729000+00:00,982.0,0.004000000000000448,972.0,0.005999999999999339,774.0,0.007999999999999119
2023-03-19 18:00:29.729000+00:00,984.0,0.006999999999999673,975.0,0.015000000000000568,776.0,0.021000000000000796
2023-03-19 18:00:34.729000+00:00,985.0,0.0030000000000001137,977.0,0.006999999999999673,776.0,0.0
2023-03-19 18:00:39.729000+00:00,986.0,0.0030000000000001137,980.0,0.009999999999999787,777.0,0.006000000000000227
2023-03-19 18:00:44.729000+00:00,991.0,0.017000000000000348,981.0,0.004000000000000448,781.0,0.021999999999998465
2023-03-19 18:00:49.729000+00:00,992.0,0.0029999999999992255,983.0,0.005999999999999339,782.0,0.006000000000000227
2023-03-19 18:00:54.729000+00:00,994.0,0.006000000000000227,984.0,0.004000000000000448,783.0,0.006999999999999673
2023-03-19 18:00:59.729000+00:00,995.0,0.0030000000000001137,985.0,0.0030000000000001137,784.0,0.0030000000000001137
2023-03-19 18:01:04.729000+00:00,996.0,0.0030000000000001137,988.0,0.009999999999999787,785.0,0.004000000000001336
2023-03-19 18:01:09.729000+00:00,996.0,0.0,991.0,0.009000000000000341,785.0,0.0
2023-03-19 18:01:14.729000+00:00,996.0,0.0,992.0,0.0030000000000001137,785.0,0.0
2023-03-19 18:01:19.729000+00:00,998.0,0.006999999999999673,994.0,0.005999999999999339,787.0,0.0129999999999999
2023-03-19 18:01:24.729000+00:00,999.0,0.0030000000000001137,995.0,0.0030000000000001137,788.0,0.004999999999999005
2023-03-19 18:01:29.729000+00:00,1000.0,0.0030000000000001137,996.0,0.0030000000000001137,789.0,0.006999999999999673
2023-03-19 18:01:34.729000+00:00,1001.0,0.0030000000000001137,996.0,0.0,790.0,0.006000000000000227
2023-03-19 18:01:39.729000+00:00,1001.0,0.0,996.0,0.0,790.0,0.0
2023-03-19 18:01:44.729000+00:00,1003.0,0.006000000000000227,998.0,0.006000000000000227,792.0,0.0129999999999999
2023-03-19 18:01:49.729000+00:00,1006.0,0.008000000000000007,999.0,0.0030000000000001137,793.0,0.006000000000000227
2023-03-19 18:01:54.729000+00:00,1008.0,0.005999999999999339,1000.0,0.0030000000000001137,794.0,0.006999999999999673
2023-03-19 18:01:59.729000+00:00,1013.0,0.016000000000000014,1001.0,0.0039999999999995595,797.0,0.3260000000000005
2023-03-19 18:02:04.729000+00:00,1015.0,0.008000000000000007,1001.0,0.0,798.0,0.005000000000000782
2023-03-19 18:02:09.729000+00:00,1016.0,0.004000000000000448,1003.0,0.006999999999999673,798.0,0.0
2023-03-19 18:02:14.729000+00:00,1017.0,0.0030000000000001137,1006.0,0.009000000000000341,798.0,0.0
2023-03-19 18:02:19.729000+00:00,1017.0,0.0,1008.0,0.006000000000000227,798.0,0.0
2023-03-19 18:02:24.729000+00:00,1019.0,0.005999999999999339,1014.0,0.019000000000000128,800.0,0.0129999999999999
2023-03-19 18:02:29.729000+00:00,1021.0,0.006000000000000227,1015.0,0.0029999999999992255,801.0,0.0039999999999995595
2023-03-19 18:02:34.729000+00:00,1023.0,0.004000000000000448,1016.0,0.0030000000000001137,803.0,0.015000000000000568
2023-03-19 18:02:39.729000+00:00,1023.0,0.0,1018.0,0.006000000000000227,803.0,0.0
2023-03-19 18:02:44.729000+00:00,1027.0,0.01100000000000012,1018.0,0.0,806.0,0.016000000000000014
2023-03-19 18:02:49.729000+00:00,1032.0,0.01499999999999968,1019.0,0.0019999999999997797,809.0,0.016000000000000014
2023-03-19 18:02:54.729000+00:00,1035.0,0.009000000000000341,1021.0,0.006000000000000227,811.0,0.0129999999999999
2023-03-19 18:02:59.729000+00:00,1035.0,0.0,1025.0,0.012000000000000455,811.0,0.0
2023-03-19 18:03:04.729000+00:00,1035.0,0.0,1025.0,0.0,811.0,0.0
2023-03-19 18:03:09.729000+00:00,1036.0,0.0029999999999992255,1028.0,0.026999999999999247,812.0,0.006999999999999673
2023-03-19 18:03:14.729000+00:00,1036.0,0.0,1033.0,0.015000000000000568,812.0,0.0
2023-03-19 18:03:19.729000+00:00,1037.0,0.0030000000000001137,1035.0,0.006000000000000227,812.0,0.0
2023-03-19 18:03:24.729000+00:00,1040.0,0.010000000000000675,1035.0,0.0,814.0,0.02800000000000047
2023-03-19 18:03:29.729000+00:00,1041.0,0.0019999999999997797,1035.0,0.0,815.0,0.006999999999999673
2023-03-19 18:03:34.729000+00:00,1042.0,0.0039999999999995595,1036.0,0.0029999999999992255,816.0,0.006999999999999673
2023-03-19 18:03:39.729000+00:00,1042.0,0.0,1037.0,0.002000000000000668,816.0,0.0
2023-03-19 18:03:44.729000+00:00,1044.0,0.006000000000000227,1039.0,0.005999999999999339,818.0,0.0129999999999999
2023-03-19 18:03:49.729000+00:00,1045.0,0.0030000000000001137,1042.0,0.009000000000000341,819.0,0.005000000000000782
2023-03-19 18:03:54.729000+00:00,1047.0,0.006000000000000227,1042.0,0.0,821.0,0.007999999999999119
2023-03-19 18:03:59.729000+00:00,1052.0,0.0129999999999999,1042.0,0.0,823.0,0.011000000000001009
2023-03-19 18:04:04.729000+00:00,1053.0,0.0030000000000001137,1043.0,0.0019999999999997797,824.0,0.006999999999999673
2023-03-19 18:04:09.729000+00:00,1053.0,0.0,1044.0,0.0030000000000001137,824.0,0.0
2023-03-19 18:04:14.729000+00:00,1055.0,0.005999999999999339,1046.0,0.006000000000000227,825.0,0.0039999999999995595
2023-03-19 18:04:19.729000+00:00,1057.0,0.006000000000000227,1047.0,0.0030000000000001137,827.0,0.009999999999999787
2023-03-19 18:04:24.729000+00:00,1059.0,0.006000000000000227,1052.0,0.0129999999999999,828.0,0.19899999999999984
2023-03-19 18:04:29.729000+00:00,1061.0,0.006000000000000227,1053.0,0.0030000000000001137,829.0,0.005000000000000782
2023-03-19 18:04:34.729000+00:00,1061.0,0.0,1053.0,0.0,829.0,0.0
2023-03-19 18:04:39.729000+00:00,1062.0,0.0029999999999992255,1055.0,0.005999999999999339,830.0,0.006999999999999673
2023-03-19 18:04:44.729000+00:00,1066.0,0.013000000000000789,1057.0,0.007000000000000561,834.0,0.019000000000000128
2023-03-19 18:04:49.729000+00:00,1069.0,0.010999999999999233,1059.0,0.006000000000000227,837.0,0.019999999999999574
2023-03-19 18:04:54.729000+00:00,1070.0,0.004000000000000448,1061.0,0.005999999999999339,838.0,0.006999999999999673
2023-03-19 18:04:59.729000+00:00,1073.0,0.009000000000000341,1061.0,0.0,840.0,0.019000000000000128
2023-03-19 18:05:04.729000+00:00,1076.0,0.009999999999999787,1063.0,0.006000000000000227,843.0,0.015000000000000568
2023-03-19 18:05:09.729000+00:00,1076.0,0.0,1067.0,0.012000000000000455,843.0,0.0
2023-03-19 18:05:14.729000+00:00,1076.0,0.0,1069.0,0.010999999999999233,843.0,0.0
2023-03-19 18:05:19.729000+00:00,1077.0,0.0039999999999995595,1072.0,0.007000000000000561,844.0,0.006999999999999673
2023-03-19 18:05:24.729000+00:00,1078.0,0.0030000000000001137,1074.0,0.014000000000000234,845.0,0.008000000000000895
2023-03-19 18:05:29.729000+00:00,1082.0,0.012000000000000455,1076.0,0.004999999999999893,847.0,0.17499999999999893
2023-03-19 18:05:34.729000+00:00,1082.0,0.0,1076.0,0.0,847.0,0.0
2023-03-19 18:05:39.729000+00:00,1083.0,0.0029999999999992255,1076.0,0.0,848.0,0.008000000000000895
2023-03-19 18:05:44.729000+00:00,1084.0,0.0030000000000001137,1077.0,0.0030000000000001137,849.0,0.006000000000000227
2023-03-19 18:05:49.729000+00:00,1085.0,0.0030000000000001137,1079.0,0.005999999999999339,850.0,0.005999999999998451
2023-03-19 18:05:54.729000+00:00,1088.0,0.0129999999999999,1082.0,0.009000000000000341,851.0,0.0070000000000014495
2023-03-19 18:05:59.729000+00:00,1090.0,0.006000000000000227,1083.0,0.0030000000000001137,853.0,0.010999999999999233
2023-03-19 18:06:04.729000+00:00,1090.0,0.0,1084.0,0.008999999999999453,853.0,0.0
2023-03-19 18:06:09.729000+00:00,1093.0,0.008000000000000007,1084.0,0.0,855.0,0.012000000000000455
2023-03-19 18:06:14.729000+00:00,1094.0,0.0019999999999997797,1085.0,0.0030000000000001137,855.0,0.0
2023-03-19 18:06:19.729000+00:00,1095.0,0.0030000000000001137,1090.0,0.015000000000000568,857.0,0.27500000000000036
2023-03-19 18:06:24.729000+00:00,1099.0,0.01100000000000012,1090.0,0.0,860.0,0.023999999999999133
2023-03-19 18:06:29.729000+00:00,1101.0,0.006000000000000227,1092.0,0.004999999999999893,861.0,0.008000000000000895
2023-03-19 18:06:34.729000+00:00,1101.0,0.0,1093.0,0.0030000000000001137,861.0,0.0
2023-03-19 18:06:39.729000+00:00,1102.0,0.0030000000000001137,1094.0,0.0029999999999992255,862.0,0.005999999999998451
2023-03-19 18:06:44.729000+00:00,1105.0,0.008999999999999453,1096.0,0.006000000000000227,865.0,0.016000000000000014
2023-03-19 18:06:49.729000+00:00,1107.0,0.007000000000000561,1100.0,0.009999999999999787,865.0,0.0
2023-03-19 18:06:54.729000+00:00,1111.0,0.013999999999999346,1101.0,0.0030000000000001137,868.0,0.13700000000000045
2023-03-19 18:06:59.729000+00:00,1111.0,0.0,1101.0,0.0,868.0,0.0
2023-03-19 18:07:04.729000+00:00,1113.0,0.008000000000000007,1102.0,0.0030000000000001137,869.0,0.008000000000000895
2023-03-19 18:07:09.729000+00:00,1115.0,0.006000000000000227,1107.0,0.0129999999999999,870.0,0.006999999999999673
2023-03-19 18:07:14.729000+00:00,1117.0,0.004999999999999893,1108.0,0.004000000000000448,871.0,0.009000000000000341
2023-03-19 18:07:19.729000+00:00,1117.0,0.0,1111.0,0.008999999999999453,871.0,0.0
2023-03-19 18:07:24.729000+00:00,1119.0,0.004999999999999893,1113.0,0.006000000000000227,873.0,0.010999999999999233
2023-03-19 18:07:29.729000+00:00,1119.0,0.0,1113.0,0.0,873.0,0.0
2023-03-19 18:07:34.729000+00:00,1119.0,0.0,1115.0,0.006000000000000227,873.0,0.0
2023-03-19 18:07:39.729000+00:00,1119.0,0.0,1117.0,0.006000000000000227,873.0,0.0
2023-03-19 18:07:44.729000+00:00,1120.0,0.0030000000000001137,1117.0,0.0,874.0,0.006999999999999673
2023-03-19 18:07:49.729000+00:00,1120.0,0.0,1119.0,0.0039999999999995595,874.0,0.0
2023-03-19 18:07:54.729000+00:00,1120.0,0.0,1119.0,0.0,874.0,0.0
2023-03-19 18:07:59.729000+00:00,1120.0,0.0,1119.0,0.0,874.0,0.0
2023-03-19 18:08:04.729000+00:00,1120.0,0.0,1119.0,0.0,874.0,0.0
2023-03-19 18:08:09.729000+00:00,1122.0,0.004999999999999893,1120.0,0.0030000000000001137,875.0,0.006999999999999673
2023-03-19 18:08:14.729000+00:00,1126.0,0.05400000000000027,1120.0,0.0,878.0,0.02200000000000024
2023-03-19 18:08:19.729000+00:00,1132.0,0.0259999999999998,1120.0,0.0,883.0,0.03300000000000125
2023-03-19 18:08:24.729000+00:00,1138.0,0.023000000000000576,1120.0,0.0,889.0,0.03399999999999892
2023-03-19 18:08:29.729000+00:00,1140.0,0.005999999999999339,1120.0,0.0,890.0,0.005000000000000782
2023-03-19 18:08:34.729000+00:00,1140.0,0.0,1122.0,0.006000000000000227,890.0,0.0
2023-03-19 18:08:39.729000+00:00,1143.0,0.010000000000000675,1128.0,0.125,892.0,0.015000000000000568
2023-03-19 18:08:44.729000+00:00,1144.0,0.0030000000000001137,1133.0,0.03799999999999937,892.0,0.0
2023-03-19 18:08:49.729000+00:00,1144.0,0.0,1138.0,0.015000000000000568,892.0,0.0
2023-03-19 18:08:54.729000+00:00,1146.0,0.006999999999999673,1140.0,0.006000000000000227,894.0,0.010999999999999233
2023-03-19 18:08:59.729000+00:00,1147.0,0.0030000000000001137,1142.0,0.006999999999999673,895.0,0.0039999999999995595
2023-03-19 18:09:04.729000+00:00,1148.0,0.0030000000000001137,1144.0,0.006000000000000227,896.0,0.008000000000000895
2023-03-19 18:09:09.729000+00:00,1150.0,0.005999999999999339,1144.0,0.0,898.0,0.3069999999999986
2023-03-19 18:09:14.729000+00:00,1151.0,0.0030000000000001137,1144.0,0.0,899.0,0.006000000000000227
2023-03-19 18:09:19.729000+00:00,1151.0,0.0,1146.0,0.006999999999999673,899.0,0.0
2023-03-19 18:09:24.729000+00:00,1153.0,0.008000000000000007,1147.0,0.0030000000000001137,901.0,0.014000000000001123
2023-03-19 18:09:29.729000+00:00,1155.0,0.006000000000000227,1148.0,0.0030000000000001137,903.0,0.011999999999998678
2023-03-19 18:09:34.729000+00:00,1157.0,0.009999999999999787,1150.0,0.004999999999999893,904.0,0.004000000000001336
2023-03-19 18:09:39.729000+00:00,1159.0,0.007000000000000561,1151.0,0.0030000000000001137,904.0,0.0
2023-03-19 18:09:44.729000+00:00,1160.0,0.0029999999999992255,1152.0,0.0030000000000001137,905.0,0.007999999999999119
2023-03-19 18:09:49.729000+00:00,1161.0,0.010000000000000675,1154.0,0.006999999999999673,906.0,0.009999999999999787
2023-03-19 18:09:54.729000+00:00,1162.0,0.0039999999999995595,1156.0,0.006000000000000227,906.0,0.0
2023-03-19 18:09:59.729000+00:00,1163.0,0.0030000000000001137,1158.0,0.006999999999999673,907.0,0.006000000000000227
2023-03-19 18:10:04.729000+00:00,1166.0,0.008000000000000007,1159.0,0.0030000000000001137,909.0,0.009999999999999787
2023-03-19 18:10:09.729000+00:00,1167.0,0.0030000000000001137,1160.0,0.0030000000000001137,909.0,0.0
2023-03-19 18:10:14.729000+00:00,1169.0,0.006999999999999673,1161.0,0.0039999999999995595,911.0,0.014000000000001123
2023-03-19 18:10:19.729000+00:00,1173.0,0.03300000000000036,1162.0,0.004000000000000448,913.0,0.014999999999998792
2023-03-19 18:10:24.729000+00:00,1175.0,0.004999999999999893,1163.0,0.0039999999999995595,915.0,0.014000000000001123
2023-03-19 18:10:29.729000+00:00,1180.0,0.027000000000000135,1166.0,0.010000000000000675,919.0,0.032999999999999474
2023-03-19 18:10:34.729000+00:00,1186.0,0.024999999999999467,1167.0,0.0039999999999995595,924.0,0.08399999999999963
2023-03-19 18:10:39.729000+00:00,1189.0,0.03300000000000036,1171.0,0.0129999999999999,926.0,0.018000000000000682
2023-03-19 18:10:44.729000+00:00,1191.0,0.027000000000000135,1175.0,0.04100000000000037,928.0,0.010999999999999233
2023-03-19 18:10:49.729000+00:00,1193.0,0.006000000000000227,1180.0,0.4009999999999998,930.0,0.012000000000000455
2023-03-19 18:10:54.729000+00:00,1194.0,0.0030000000000001137,1184.0,0.013999999999999346,931.0,0.005000000000000782
2023-03-19 18:10:59.729000+00:00,1194.0,0.0,1188.0,0.016000000000000014,931.0,0.0
2023-03-19 18:11:04.729000+00:00,1196.0,0.005999999999999339,1190.0,0.030000000000001137,932.0,0.005999999999998451
2023-03-19 18:11:09.729000+00:00,1197.0,0.0019999999999997797,1192.0,0.006999999999999673,933.0,0.005000000000000782
2023-03-19 18:11:14.729000+00:00,1197.0,0.0,1193.0,0.0030000000000001137,933.0,0.0
2023-03-19 18:11:19.729000+00:00,1199.0,0.007000000000000561,1194.0,0.0030000000000001137,935.0,0.026999999999999247
2023-03-19 18:11:24.729000+00:00,1201.0,0.006000000000000227,1194.0,0.0,937.0,0.016000000000000014
2023-03-19 18:11:29.729000+00:00,1202.0,0.0029999999999992255,1196.0,0.006000000000000227,938.0,0.006000000000000227
2023-03-19 18:11:34.729000+00:00,1204.0,0.007000000000000561,1197.0,0.23399999999999999,939.0,0.006999999999999673
2023-03-19 18:11:39.729000+00:00,1205.0,0.016000000000000014,1197.0,0.0,940.0,0.005000000000000782
2023-03-19 18:11:44.729000+00:00,1206.0,0.0039999999999995595,1199.0,0.008999999999998565,941.0,0.0039999999999995595
2023-03-19 18:11:49.729000+00:00,1207.0,0.0030000000000001137,1202.0,0.0070000000000014495,942.0,0.006999999999999673
2023-03-19 18:11:54.729000+00:00,1207.0,0.0,1202.0,0.0,942.0,0.0
2023-03-19 18:11:59.729000+00:00,1209.0,0.006000000000000227,1205.0,0.010999999999999233,944.0,0.011000000000001009
2023-03-19 18:12:04.729000+00:00,1209.0,0.0,1205.0,0.0,944.0,0.0
2023-03-19 18:12:09.729000+00:00,1210.0,0.0030000000000001137,1206.0,0.0039999999999995595,945.0,0.2259999999999991
2023-03-19 18:12:14.729000+00:00,1212.0,0.006000000000000227,1207.0,0.004000000000001336,947.0,0.017000000000001236
2023-03-19 18:12:19.729000+00:00,1215.0,0.008999999999999453,1207.0,0.0,950.0,0.03500000000000014
2023-03-19 18:12:24.729000+00:00,1217.0,0.007000000000000561,1209.0,0.005999999999998451,951.0,0.006000000000000227
2023-03-19 18:12:29.729000+00:00,1224.0,0.0699999999999994,1209.0,0.0,958.0,0.03999999999999915
2023-03-19 18:12:34.729000+00:00,1226.0,0.006000000000000227,1211.0,0.006000000000000227,960.0,0.021000000000000796
2023-03-19 18:12:39.729000+00:00,1229.0,0.01100000000000012,1214.0,0.009000000000000341,962.0,0.010999999999999233
2023-03-19 18:12:44.729000+00:00,1233.0,0.03599999999999959,1215.0,0.0030000000000001137,965.0,0.01699999999999946
2023-03-19 18:12:49.729000+00:00,1234.0,0.0030000000000001137,1219.0,0.0129999999999999,965.0,0.0
2023-03-19 18:12:54.729000+00:00,1234.0,0.0,1225.0,0.018000000000000682,965.0,0.0
2023-03-19 18:12:59.729000+00:00,1237.0,0.03399999999999981,1228.0,0.009999999999999787,968.0,0.017000000000001236
2023-03-19 18:13:04.729000+00:00,1237.0,0.0,1230.0,0.006000000000000227,968.0,0.0
2023-03-19 18:13:09.729000+00:00,1238.0,0.0030000000000001137,1234.0,0.0129999999999999,968.0,0.0
2023-03-19 18:13:14.729000+00:00,1238.0,0.0,1234.0,0.0,968.0,0.0
2023-03-19 18:13:19.729000+00:00,1239.0,0.0030000000000001137,1236.0,0.006000000000000227,969.0,0.006999999999999673
2023-03-19 18:13:24.729000+00:00,1239.0,0.0,1237.0,0.0030000000000001137,969.0,0.0
2023-03-19 18:13:29.729000+00:00,1240.0,0.004000000000000448,1238.0,0.0030000000000001137,970.0,0.010999999999999233
2023-03-19 18:13:34.729000+00:00,1246.0,0.06099999999999994,1238.0,0.0,974.0,0.03200000000000003
2023-03-19 18:13:39.729000+00:00,1246.0,0.0,1238.0,0.0,974.0,0.0
2023-03-19 18:13:44.729000+00:00,1247.0,0.0039999999999995595,1239.0,0.0029999999999983373,975.0,0.006999999999999673
2023-03-19 18:13:49.729000+00:00,1248.0,0.0030000000000001137,1241.0,0.009000000000000341,976.0,0.006000000000000227
2023-03-19 18:13:54.729000+00:00,1249.0,0.0030000000000001137,1242.0,0.05000000000000071,977.0,0.006999999999999673
2023-03-19 18:13:59.729000+00:00,1251.0,0.006999999999999673,1246.0,0.019000000000000128,979.0,0.016000000000000014
2023-03-19 18:14:04.729000+00:00,1252.0,0.0030000000000001137,1247.0,0.0030000000000001137,980.0,0.005000000000000782
2023-03-19 18:14:09.729000+00:00,1253.0,0.0030000000000001137,1247.0,0.0,981.0,0.0039999999999995595
2023-03-19 18:14:14.732000+00:00,1254.0,0.0030000000000001137,1249.0,0.006999999999999673,982.0,0.008000000000000895
2023-03-19 18:14:19.729000+00:00,1255.0,0.0030000000000001137,1249.0,0.0,983.0,0.006000000000000227
2023-03-19 18:14:24.729000+00:00,1257.0,0.006000000000000227,1251.0,0.006000000000000227,985.0,0.013999999999999346
2023-03-19 18:14:29.729000+00:00,1261.0,0.0129999999999999,1252.0,0.0030000000000001137,988.0,0.019000000000000128
2023-03-19 18:14:34.732000+00:00,1265.0,0.0389999999999997,1253.0,0.0030000000000001137,991.0,0.02200000000000024
2023-03-19 18:14:39.729000+00:00,1270.0,0.06599999999999984,1255.0,0.006000000000000227,994.0,0.02200000000000024
2023-03-19 18:14:44.729000+00:00,1274.0,0.0129999999999999,1256.0,0.0029999999999983373,998.0,0.02099999999999902
2023-03-19 18:14:49.729000+00:00,1276.0,0.006000000000000227,1260.0,0.04100000000000037,1000.0,0.011000000000001009
2023-03-19 18:14:54.729000+00:00,1279.0,0.009000000000000341,1262.0,0.0129999999999999,1002.0,0.009999999999999787
2023-03-19 18:14:59.729000+00:00,1282.0,0.008999999999999453,1269.0,0.09200000000000053,1005.0,0.017999999999998906
2023-03-19 18:15:04.729000+00:00,1284.0,0.006000000000000227,1272.0,0.04299999999999926,1006.0,0.006000000000000227
2023-03-19 18:15:09.729000+00:00,1285.0,0.0030000000000001137,1276.0,0.011000000000001009,1007.0,0.006999999999999673
2023-03-19 18:15:14.729000+00:00,1286.0,0.0030000000000001137,1276.0,0.0,1008.0,0.0070000000000014495
2023-03-19 18:15:19.729000+00:00,1287.0,0.0030000000000001137,1279.0,0.007999999999999119,1008.0,0.0
2023-03-19 18:15:24.729000+00:00,1288.0,0.0029999999999992255,1282.0,0.009000000000000341,1009.0,0.006999999999999673
2023-03-19 18:15:29.729000+00:00,1290.0,0.006000000000000227,1285.0,0.008000000000000895,1011.0,0.010999999999999233
2023-03-19 18:15:34.729000+00:00,1291.0,0.0030000000000001137,1286.0,0.0030000000000001137,1011.0,0.0
2023-03-19 18:15:39.729000+00:00,1293.0,0.006999999999999673,1287.0,0.0030000000000001137,1013.0,0.03599999999999959
2023-03-19 18:15:44.729000+00:00,1295.0,0.004000000000000448,1287.0,0.0,1015.0,0.011000000000001009
2023-03-19 18:15:49.729000+00:00,1296.0,0.0039999999999995595,1288.0,0.0029999999999983373,1016.0,0.006999999999999673
2023-03-19 18:15:54.729000+00:00,1298.0,0.006000000000000227,1291.0,0.009000000000000341,1017.0,0.008000000000000895
2023-03-19 18:15:59.729000+00:00,1301.0,0.008000000000000007,1291.0,0.0,1020.0,0.019999999999999574
2023-03-19 18:16:04.729000+00:00,1302.0,0.009999999999999787,1294.0,0.009999999999999787,1021.0,0.006000000000000227
2023-03-19 18:16:09.729000+00:00,1302.0,0.0,1296.0,0.005000000000000782,1021.0,0.0
2023-03-19 18:16:14.729000+00:00,1305.0,0.009000000000000341,1296.0,0.0,1023.0,0.011999999999998678
2023-03-19 18:16:19.729000+00:00,1306.0,0.0030000000000001137,1299.0,0.009999999999999787,1024.0,0.0070000000000014495
2023-03-19 18:16:24.729000+00:00,1309.0,0.008000000000000007,1301.0,0.006999999999999673,1026.0,0.06299999999999883
2023-03-19 18:16:29.729000+00:00,1311.0,0.006000000000000227,1302.0,0.002000000000000668,1028.0,0.0129999999999999
2023-03-19 18:16:34.729000+00:00,1312.0,0.0019999999999997797,1303.0,0.0030000000000001137,1029.0,0.004000000000001336
2023-03-19 18:16:39.729000+00:00,1318.0,0.019999999999999574,1305.0,0.004999999999999005,1034.0,0.03999999999999915
2023-03-19 18:16:44.729000+00:00,1320.0,0.007000000000000561,1307.0,0.006000000000000227,1035.0,0.006000000000000227
2023-03-19 18:16:49.729000+00:00,1326.0,0.017999999999999794,1310.0,0.008000000000000895,1038.0,0.019000000000000128
2023-03-19 18:16:54.729000+00:00,1327.0,0.0030000000000001137,1311.0,0.0030000000000001137,1038.0,0.0
2023-03-19 18:16:59.729000+00:00,1330.0,0.008999999999999453,1315.0,0.011999999999998678,1041.0,0.019999999999999574
2023-03-19 18:17:04.729000+00:00,1331.0,0.0030000000000001137,1319.0,0.011000000000001009,1042.0,0.006999999999999673
2023-03-19 18:17:09.729000+00:00,1333.0,0.006000000000000227,1321.0,0.006999999999999673,1043.0,0.005000000000000782
2023-03-19 18:17:14.729000+00:00,1336.0,0.009999999999999787,1326.0,0.019000000000000128,1046.0,0.019000000000000128
2023-03-19 18:17:19.729000+00:00,1336.0,0.0,1328.0,0.006999999999999673,1046.0,0.0
2023-03-19 18:17:24.729000+00:00,1338.0,0.007000000000000561,1331.0,0.008000000000000895,1047.0,0.006000000000000227
2023-03-19 18:17:29.729000+00:00,1340.0,0.006999999999999673,1331.0,0.0,1049.0,0.011999999999998678
2023-03-19 18:17:34.729000+00:00,1340.0,0.0,1334.0,0.008999999999998565,1049.0,0.0
2023-03-19 18:17:39.729000+00:00,1343.0,0.0129999999999999,1336.0,0.006000000000000227,1052.0,0.02000000000000135
2023-03-19 18:17:44.729000+00:00,1347.0,0.014000000000000234,1337.0,0.0030000000000001137,1056.0,0.02499999999999858
2023-03-19 18:17:49.729000+00:00,1348.0,0.022999999999999687,1338.0,0.004000000000001336,1057.0,0.010000000000001563
2023-03-19 18:17:54.729000+00:00,1349.0,0.002000000000000668,1340.0,0.005999999999998451,1058.0,0.004999999999999005
2023-03-19 18:17:59.729000+00:00,1349.0,0.0,1340.0,0.0,1058.0,0.0
2023-03-19 18:18:04.729000+00:00,1350.0,0.0029999999999992255,1345.0,0.019000000000000128,1058.0,0.0
2023-03-19 18:18:09.729000+00:00,1352.0,0.006000000000000227,1348.0,0.012000000000000455,1061.0,0.02800000000000047
2023-03-19 18:18:14.729000+00:00,1354.0,0.006999999999999673,1348.0,0.0,1062.0,0.007999999999999119
2023-03-19 18:18:19.729000+00:00,1354.0,0.0,1349.0,0.0039999999999995595,1062.0,0.0
2023-03-19 18:18:24.729000+00:00,1356.0,0.007000000000000561,1349.0,0.0,1064.0,0.012000000000000455
2023-03-19 18:18:29.729000+00:00,1358.0,0.006000000000000227,1352.0,0.1349999999999998,1066.0,0.012000000000000455
2023-03-19 18:18:34.729000+00:00,1359.0,0.0029999999999992255,1353.0,0.0030000000000001137,1067.0,0.004999999999999005
2023-03-19 18:18:39.729000+00:00,1362.0,0.012000000000000455,1354.0,0.0030000000000001137,1070.0,0.09000000000000163
2023-03-19 18:18:44.729000+00:00,1366.0,0.011999999999999567,1354.0,0.0,1073.0,0.018000000000000682
2023-03-19 18:18:49.729000+00:00,1368.0,0.006000000000000227,1356.0,0.0070000000000014495,1075.0,0.007999999999999119
2023-03-19 18:18:54.729000+00:00,1370.0,0.006000000000000227,1359.0,0.009999999999999787,1077.0,0.013999999999999346
2023-03-19 18:18:59.729000+00:00,1373.0,0.038000000000000256,1361.0,0.006000000000000227,1078.0,0.0070000000000014495
2023-03-19 18:19:04.729000+00:00,1376.0,0.008999999999999453,1364.0,0.009999999999999787,1081.0,0.02499999999999858
2023-03-19 18:19:09.729000+00:00,1377.0,0.0030000000000001137,1368.0,0.010999999999999233,1081.0,0.0
2023-03-19 18:19:14.729000+00:00,1378.0,0.0030000000000001137,1368.0,0.0,1082.0,0.006000000000000227
2023-03-19 18:19:19.729000+00:00,1380.0,0.008000000000000007,1372.0,0.012000000000000455,1083.0,0.004000000000001336
2023-03-19 18:19:24.729000+00:00,1382.0,0.006000000000000227,1375.0,0.009999999999999787,1084.0,0.42799999999999727
2023-03-19 18:19:29.729000+00:00,1382.0,0.0,1377.0,0.05000000000000071,1084.0,0.0
2023-03-19 18:19:34.729000+00:00,1382.0,0.0,1377.0,0.0,1084.0,0.0
2023-03-19 18:19:39.729000+00:00,1384.0,0.005999999999999339,1378.0,0.0029999999999983373,1085.0,0.006000000000000227
2023-03-19 18:19:44.729000+00:00,1385.0,0.004000000000000448,1381.0,0.009000000000000341,1086.0,0.004999999999999005
2023-03-19 18:19:49.729000+00:00,1387.0,0.006000000000000227,1382.0,0.004000000000001336,1088.0,0.010000000000001563
2023-03-19 18:19:54.729000+00:00,1388.0,0.0039999999999995595,1382.0,0.0,1089.0,0.007999999999999119
2023-03-19 18:19:59.729000+00:00,1389.0,0.0030000000000001137,1383.0,0.0029999999999983373,1090.0,0.005000000000002558
2023-03-19 18:20:04.729000+00:00,1391.0,0.004999999999999893,1385.0,0.005000000000000782,1092.0,0.013999999999999346
2023-03-19 18:20:09.729000+00:00,1393.0,0.004999999999999893,1385.0,0.0,1093.0,0.004999999999999005
2023-03-19 18:20:14.729000+00:00,1393.0,0.0,1387.0,0.006000000000000227,1093.0,0.0
2023-03-19 18:20:19.729000+00:00,1394.0,0.0030000000000001137,1388.0,0.002000000000000668,1094.0,0.004999999999999005
2023-03-19 18:20:24.729000+00:00,1397.0,0.008000000000000007,1390.0,0.004999999999999005,1097.0,0.019999999999999574
2023-03-19 18:20:29.729000+00:00,1398.0,0.0030000000000001137,1391.0,0.0030000000000001137,1097.0,0.0
2023-03-19 18:20:34.729000+00:00,1398.0,0.0,1393.0,0.006000000000000227,1097.0,0.0
2023-03-19 18:20:39.729000+00:00,1400.0,0.006000000000000227,1393.0,0.0,1099.0,0.012000000000000455
2023-03-19 18:20:44.729000+00:00,1402.0,0.004999999999999893,1395.0,0.009999999999999787,1100.0,0.0070000000000014495
2023-03-19 18:20:49.729000+00:00,1404.0,0.006000000000000227,1397.0,0.006000000000000227,1102.0,0.00999999999999801
2023-03-19 18:20:54.729000+00:00,1406.0,0.006999999999999673,1398.0,0.0030000000000001137,1103.0,0.0070000000000014495
2023-03-19 18:20:59.729000+00:00,1410.0,0.014000000000000234,1399.0,0.0030000000000001137,1106.0,0.01699999999999946
2023-03-19 18:21:04.729000+00:00,1414.0,0.0259999999999998,1400.0,0.0030000000000001137,1110.0,0.022999999999999687
2023-03-19 18:21:09.729000+00:00,1415.0,0.004999999999999893,1403.0,0.007999999999999119,1111.0,0.0070000000000014495
2023-03-19 18:21:14.729000+00:00,1415.0,0.0,1405.0,0.006000000000000227,1111.0,0.0
2023-03-19 18:21:19.729000+00:00,1417.0,0.006000000000000227,1408.0,0.009000000000000341,1113.0,0.010999999999999233
2023-03-19 18:21:24.729000+00:00,1418.0,0.0030000000000001137,1411.0,0.007999999999999119,1114.0,0.0070000000000014495
2023-03-19 18:21:29.729000+00:00,1421.0,0.009999999999999787,1415.0,0.0129999999999999,1116.0,0.013999999999999346
2023-03-19 18:21:34.729000+00:00,1424.0,0.009000000000000341,1415.0,0.0,1118.0,0.010999999999999233
2023-03-19 18:21:39.729000+00:00,1424.0,0.0,1416.0,0.0030000000000001137,1118.0,0.0
2023-03-19 18:21:44.729000+00:00,1425.0,0.0029999999999992255,1418.0,0.006000000000000227,1119.0,0.0070000000000014495
2023-03-19 18:21:49.729000+00:00,1426.0,0.009000000000000341,1420.0,0.006000000000000227,1120.0,0.009000000000000341
2023-03-19 18:21:54.729000+00:00,1427.0,0.0030000000000001137,1421.0,0.0030000000000001137,1120.0,0.0
2023-03-19 18:21:59.729000+00:00,1428.0,0.0030000000000001137,1424.0,0.006999999999999673,1121.0,0.007999999999999119
2023-03-19 18:22:04.729000+00:00,1428.0,0.0,1424.0,0.0,1121.0,0.0
2023-03-19 18:22:09.729000+00:00,1432.0,0.014000000000000234,1426.0,0.006999999999999673,1124.0,0.1750000000000007
2023-03-19 18:22:14.729000+00:00,1432.0,0.0,1427.0,0.004000000000001336,1124.0,0.0
2023-03-19 18:22:19.729000+00:00,1432.0,0.0,1427.0,0.0,1124.0,0.0
2023-03-19 18:22:24.729000+00:00,1433.0,0.0029999999999992255,1428.0,0.0030000000000001137,1125.0,0.006999999999997897
2023-03-19 18:22:29.729000+00:00,1437.0,0.012000000000000455,1430.0,0.005999999999998451,1128.0,0.019000000000001904
2023-03-19 18:22:34.729000+00:00,1438.0,0.0039999999999995595,1432.0,0.006000000000000227,1129.0,0.006000000000000227
2023-03-19 18:22:39.729000+00:00,1440.0,0.007000000000000561,1432.0,0.0,1131.0,0.010999999999999233
2023-03-19 18:22:44.729000+00:00,1441.0,0.0039999999999995595,1432.0,0.0,1131.0,0.0
2023-03-19 18:22:49.729000+00:00,1443.0,0.006000000000000227,1434.0,0.006000000000000227,1133.0,0.013999999999999346
2023-03-19 18:22:54.729000+00:00,1444.0,0.0030000000000001137,1437.0,0.009999999999999787,1134.0,0.004999999999999005
2023-03-19 18:22:59.729000+00:00,1447.0,0.009999999999999787,1438.0,0.0030000000000001137,1136.0,0.013999999999999346
2023-03-19 18:23:04.729000+00:00,1450.0,0.009000000000000341,1440.0,0.006000000000000227,1139.0,0.019000000000001904
2023-03-19 18:23:09.729000+00:00,1455.0,0.01699999999999946,1442.0,0.006000000000000227,1143.0,0.022999999999999687
2023-03-19 18:23:14.729000+00:00,1455.0,0.0,1443.0,0.0039999999999995595,1143.0,0.0
2023-03-19 18:23:19.729000+00:00,1456.0,0.004000000000000448,1444.0,0.0039999999999995595,1144.0,0.004999999999999005
2023-03-19 18:23:24.729000+00:00,1456.0,0.0,1448.0,0.013000000000001677,1144.0,0.0
2023-03-19 18:23:29.729000+00:00,1458.0,0.008999999999999453,1451.0,0.008999999999998565,1146.0,0.01699999999999946
2023-03-19 18:23:34.729000+00:00,1459.0,0.004000000000000448,1455.0,0.012000000000000455,1147.0,0.12400000000000233
2023-03-19 18:23:39.729000+00:00,1463.0,0.011999999999999567,1455.0,0.0,1151.0,0.019999999999999574
2023-03-19 18:23:44.729000+00:00,1465.0,0.007000000000000561,1456.0,0.0030000000000001137,1153.0,0.013999999999999346
2023-03-19 18:23:49.729000+00:00,1465.0,0.0,1458.0,0.006999999999999673,1153.0,0.0
2023-03-19 18:23:54.729000+00:00,1466.0,0.0030000000000001137,1458.0,0.0,1154.0,0.004999999999999005
2023-03-19 18:23:59.729000+00:00,1467.0,0.0030000000000001137,1460.0,0.006000000000000227,1154.0,0.0
2023-03-19 18:24:04.729000+00:00,1468.0,0.0029999999999992255,1464.0,0.012000000000000455,1155.0,0.0070000000000014495
2023-03-19 18:24:09.729000+00:00,1470.0,0.008000000000000007,1465.0,0.0030000000000001137,1157.0,0.013999999999999346
2023-03-19 18:24:14.729000+00:00,1472.0,0.007000000000000561,1465.0,0.0,1159.0,0.009000000000000341
2023-03-19 18:24:19.729000+00:00,1473.0,0.004999999999999893,1466.0,0.0030000000000001137,1160.0,0.009000000000000341
2023-03-19 18:24:24.729000+00:00,1473.0,0.0,1467.0,0.0030000000000001137,1160.0,0.0
2023-03-19 18:24:29.729000+00:00,1476.0,0.008000000000000007,1470.0,0.0129999999999999,1163.0,0.021999999999998465
2023-03-19 18:24:34.729000+00:00,1477.0,0.0039999999999995595,1471.0,0.0030000000000001137,1164.0,0.005000000000002558
2023-03-19 18:24:39.729000+00:00,1477.0,0.0,1472.0,0.0030000000000001137,1164.0,0.0
2023-03-19 18:24:44.729000+00:00,1478.0,0.0030000000000001137,1473.0,0.0029999999999983373,1165.0,0.006999999999997897
2023-03-19 18:24:49.729000+00:00,1482.0,0.014000000000000234,1473.0,0.0,1168.0,0.022000000000002018
2023-03-19 18:24:54.729000+00:00,1485.0,0.008000000000000007,1476.0,0.009000000000000341,1171.0,0.013999999999999346
2023-03-19 18:24:59.729000+00:00,1487.0,0.008000000000000007,1477.0,0.0030000000000001137,1172.0,0.006000000000000227
2023-03-19 18:25:04.729000+00:00,1490.0,0.01499999999999968,1478.0,0.0030000000000001137,1174.0,0.01899999999999835
2023-03-19 18:25:09.729000+00:00,1491.0,0.0030000000000001137,1480.0,0.359,1175.0,0.005000000000002558
2023-03-19 18:25:14.729000+00:00,1492.0,0.004000000000000448,1483.0,0.03200000000000003,1176.0,0.004999999999999005
2023-03-19 18:25:19.729000+00:00,1494.0,0.008000000000000007,1485.0,0.005000000000000782,1178.0,0.01899999999999835
2023-03-19 18:25:24.729000+00:00,1494.0,0.0,1487.0,0.006000000000000227,1178.0,0.0
2023-03-19 18:25:29.729000+00:00,1495.0,0.0030000000000001137,1490.0,0.0389999999999997,1179.0,0.005000000000002558
2023-03-19 18:25:34.729000+00:00,1496.0,0.0029999999999992255,1492.0,0.004999999999999005,1180.0,0.006000000000000227
2023-03-19 18:25:39.729000+00:00,1498.0,0.006000000000000227,1493.0,0.0030000000000001137,1182.0,0.00999999999999801
2023-03-19 18:25:44.729000+00:00,1500.0,0.008000000000000007,1494.0,0.0030000000000001137,1184.0,0.013000000000001677
2023-03-19 18:25:49.729000+00:00,1503.0,0.01100000000000012,1494.0,0.0,1187.0,0.015999999999998238
2023-03-19 18:25:54.729000+00:00,1504.0,0.0030000000000001137,1495.0,0.0039999999999995595,1188.0,0.0070000000000014495
2023-03-19 18:25:59.729000+00:00,1506.0,0.006000000000000227,1496.0,0.0030000000000001137,1190.0,0.013999999999999346
2023-03-19 18:26:04.729000+00:00,1509.0,0.008999999999999453,1500.0,0.009000000000000341,1193.0,0.01699999999999946
2023-03-19 18:26:09.729000+00:00,1511.0,0.006000000000000227,1501.0,0.0030000000000001137,1194.0,0.0070000000000014495
2023-03-19 18:26:14.729000+00:00,1513.0,0.006000000000000227,1503.0,0.006999999999999673,1196.0,0.010999999999999233
2023-03-19 18:26:19.729000+00:00,1513.0,0.0,1505.0,0.006000000000000227,1196.0,0.0
2023-03-19 18:26:24.729000+00:00,1513.0,0.0,1507.0,0.006999999999999673,1196.0,0.0
2023-03-19 18:26:29.729000+00:00,1513.0,0.0,1509.0,0.006000000000000227,1196.0,0.0
2023-03-19 18:26:34.729000+00:00,1514.0,0.0039999999999995595,1511.0,0.006000000000000227,1197.0,0.007999999999999119
2023-03-19 18:26:39.729000+00:00,1514.0,0.0,1513.0,0.006999999999999673,1197.0,0.0
2023-03-19 18:26:44.729000+00:00,1514.0,0.0,1513.0,0.0,1197.0,0.0
2023-03-19 18:26:49.729000+00:00,1515.0,0.0030000000000001137,1513.0,0.0,1198.0,0.007999999999999119
2023-03-19 18:26:54.729000+00:00,1515.0,0.0,1513.0,0.0,1198.0,0.0
2023-03-19 18:26:59.729000+00:00,1516.0,0.0030000000000001137,1514.0,0.004000000000001336,1198.0,0.0
2023-03-19 18:27:04.729000+00:00,1517.0,0.004000000000000448,1514.0,0.0,1199.0,0.008000000000002672
2023-03-19 18:27:09.729000+00:00,1519.0,0.005999999999999339,1514.0,0.0,1200.0,0.007999999999999119
2023-03-19 18:27:14.729000+00:00,1520.0,0.031000000000000583,1516.0,0.005999999999998451,1201.0,0.012000000000000455
2023-03-19 18:27:19.729000+00:00,1524.0,0.040000000000000036,1516.0,0.0,1205.0,0.019999999999999574
2023-03-19 18:27:24.729000+00:00,1526.0,0.011999999999999567,1516.0,0.0,1206.0,0.012000000000000455
2023-03-19 18:27:29.729000+00:00,1532.0,0.04600000000000026,1518.0,0.006000000000000227,1210.0,0.021000000000000796
2023-03-19 18:27:34.729000+00:00,1534.0,0.009999999999999787,1519.0,0.004000000000001336,1212.0,0.0589999999999975
2023-03-19 18:27:39.729000+00:00,1537.0,0.008000000000000007,1523.0,0.011999999999998678,1214.0,1.1240000000000023
2023-03-19 18:27:44.729000+00:00,1540.0,0.009999999999999787,1526.0,0.008000000000000895,1217.0,0.01799999999999713
2023-03-19 18:27:49.729000+00:00,1542.0,0.006000000000000227,1531.0,0.0389999999999997,1218.0,0.006000000000000227
2023-03-19 18:27:54.729000+00:00,1543.0,0.0039999999999995595,1533.0,0.006000000000000227,1218.0,0.0
2023-03-19 18:27:59.729000+00:00,1543.0,0.0,1536.0,0.009999999999999787,1218.0,0.0
2023-03-19 18:28:04.729000+00:00,1544.0,0.0030000000000001137,1539.0,0.009999999999999787,1219.0,0.004000000000001336
2023-03-19 18:28:09.729000+00:00,1546.0,0.007000000000000561,1540.0,0.0030000000000001137,1221.0,0.00999999999999801
2023-03-19 18:28:14.729000+00:00,1546.0,0.0,1542.0,0.005000000000000782,1221.0,0.0
2023-03-19 18:28:19.729000+00:00,1548.0,0.03399999999999981,1543.0,0.0029999999999983373,1223.0,0.012000000000000455
2023-03-19 18:28:24.729000+00:00,1549.0,0.0030000000000001137,1543.0,0.0,1223.0,0.0
2023-03-19 18:28:29.729000+00:00,1552.0,0.008999999999999453,1544.0,0.0030000000000001137,1226.0,0.018000000000000682
2023-03-19 18:28:34.729000+00:00,1553.0,0.0030000000000001137,1546.0,0.006000000000000227,1226.0,0.0
2023-03-19 18:28:39.729000+00:00,1554.0,0.002000000000000668,1546.0,0.0,1227.0,0.006000000000000227
2023-03-19 18:28:44.729000+00:00,1555.0,0.0029999999999992255,1548.0,0.006999999999999673,1228.0,0.006000000000000227
2023-03-19 18:28:49.729000+00:00,1555.0,0.0,1550.0,0.0070000000000014495,1228.0,0.0
2023-03-19 18:28:54.729000+00:00,1556.0,0.002000000000000668,1552.0,0.006000000000000227,1229.0,0.004999999999999005
2023-03-19 18:28:59.729000+00:00,1558.0,0.008000000000000007,1553.0,0.0019999999999988916,1231.0,0.011000000000002785
2023-03-19 18:29:04.729000+00:00,1560.0,0.006999999999999673,1554.0,0.0030000000000001137,1233.0,0.010999999999999233
2023-03-19 18:29:09.729000+00:00,1561.0,0.0030000000000001137,1555.0,0.0030000000000001137,1234.0,0.007999999999999119
2023-03-19 18:29:14.729000+00:00,1564.0,0.009999999999999787,1555.0,0.0,1237.0,0.015999999999998238
2023-03-19 18:29:19.729000+00:00,1566.0,0.008000000000000007,1558.0,0.015000000000000568,1238.0,0.0070000000000014495
2023-03-19 18:29:24.729000+00:00,1569.0,0.009999999999999787,1558.0,0.0,1240.0,0.010999999999999233
2023-03-19 18:29:29.729000+00:00,1575.0,0.04100000000000037,1560.0,0.006000000000000227,1246.0,0.07900000000000063
2023-03-19 18:29:34.729000+00:00,1579.0,0.011999999999999567,1563.0,0.008999999999998565,1249.0,0.013999999999999346
2023-03-19 18:29:39.729000+00:00,1581.0,0.007000000000000561,1564.0,0.004000000000001336,1251.0,0.010000000000001563
2023-03-19 18:29:44.729000+00:00,1585.0,0.008999999999999453,1566.0,0.006000000000000227,1254.0,0.01699999999999946
2023-03-19 18:29:49.729000+00:00,1587.0,0.006000000000000227,1570.0,0.013999999999999346,1256.0,0.013000000000001677
2023-03-19 18:29:54.729000+00:00,1589.0,0.004999999999999893,1576.0,0.0259999999999998,1257.0,0.004999999999999005
2023-03-19 18:29:59.729000+00:00,1592.0,0.008000000000000007,1579.0,0.009999999999999787,1260.0,0.01699999999999946
2023-03-19 18:30:04.729000+00:00,1593.0,0.0030000000000001137,1583.0,0.009999999999999787,1260.0,0.0
2023-03-19 18:30:09.729000+00:00,1593.0,0.0,1585.0,0.006000000000000227,1260.0,0.0
2023-03-19 18:30:14.729000+00:00,1595.0,0.006000000000000227,1587.0,0.006000000000000227,1262.0,0.3260000000000005
2023-03-19 18:30:19.729000+00:00,1595.0,0.0,1590.0,0.007999999999999119,1262.0,0.0
2023-03-19 18:30:24.729000+00:00,1598.0,0.009000000000000341,1592.0,0.009000000000000341,1265.0,0.015999999999998238
2023-03-19 18:30:29.729000+00:00,1598.0,0.0,1593.0,0.002000000000000668,1265.0,0.0
2023-03-19 18:30:34.729000+00:00,1601.0,0.01699999999999946,1594.0,0.0030000000000001137,1267.0,0.01600000000000179
2023-03-19 18:30:39.729000+00:00,1603.0,0.006000000000000227,1595.0,0.0030000000000001137,1268.0,0.2259999999999991
2023-03-19 18:30:44.729000+00:00,1603.0,0.0,1595.0,0.0,1268.0,0.0
2023-03-19 18:30:49.729000+00:00,1603.0,0.0,1598.0,0.009000000000000341,1268.0,0.0
2023-03-19 18:30:54.729000+00:00,1606.0,0.008000000000000007,1602.0,0.0129999999999999,1271.0,0.12399999999999878
2023-03-19 18:30:59.729000+00:00,1608.0,0.008999999999999453,1602.0,0.0,1273.0,0.017000000000003013
2023-03-19 18:31:04.729000+00:00,1608.0,0.0,1603.0,0.0039999999999995595,1273.0,0.0
2023-03-19 18:31:09.729000+00:00,1608.0,0.0,1603.0,0.0,1273.0,0.0
2023-03-19 18:31:14.729000+00:00,1611.0,0.010000000000000675,1604.0,0.0030000000000001137,1276.0,0.020999999999997243
2023-03-19 18:31:19.729000+00:00,1612.0,0.0030000000000001137,1606.0,0.004999999999999005,1277.0,0.008000000000002672
2023-03-19 18:31:24.729000+00:00,1615.0,0.008999999999999453,1608.0,0.0070000000000014495,1279.0,0.01799999999999713
2023-03-19 18:31:29.729000+00:00,1619.0,0.012000000000000455,1608.0,0.0,1282.0,0.014000000000002899
2023-03-19 18:31:34.729000+00:00,1620.0,0.0030000000000001137,1609.0,0.0019999999999988916,1282.0,0.0
2023-03-19 18:31:39.729000+00:00,1623.0,0.010999999999999233,1611.0,0.005000000000000782,1284.0,0.010999999999999233
2023-03-19 18:31:44.729000+00:00,1624.0,0.004000000000000448,1612.0,0.0030000000000001137,1285.0,0.004999999999999005
2023-03-19 18:31:49.729000+00:00,1628.0,0.04100000000000037,1615.0,0.010999999999999233,1287.0,0.03300000000000125
2023-03-19 18:31:54.729000+00:00,1632.0,0.0129999999999999,1619.0,0.06600000000000072,1291.0,0.021000000000000796
2023-03-19 18:31:59.729000+00:00,1632.0,0.0,1621.0,0.007999999999999119,1291.0,0.0
2023-03-19 18:32:04.729000+00:00,1633.0,0.0029999999999992255,1624.0,0.02800000000000047,1292.0,0.005999999999996675
2023-03-19 18:32:09.729000+00:00,1634.0,0.0030000000000001137,1628.0,0.05400000000000027,1292.0,0.0
2023-03-19 18:32:14.729000+00:00,1635.0,0.004000000000000448,1629.0,0.0030000000000001137,1293.0,0.004000000000001336
2023-03-19 18:32:19.729000+00:00,1638.0,0.008999999999999453,1632.0,0.010999999999999233,1295.0,0.009000000000000341
2023-03-19 18:32:24.729000+00:00,1640.0,0.018000000000000682,1633.0,0.0030000000000001137,1296.0,0.004999999999999005
2023-03-19 18:32:29.729000+00:00,1640.0,0.0,1633.0,0.0,1296.0,0.0
2023-03-19 18:32:34.729000+00:00,1641.0,0.0039999999999995595,1634.0,0.0039999999999995595,1296.0,0.0
2023-03-19 18:32:39.729000+00:00,1643.0,0.007000000000000561,1636.0,0.005000000000000782,1298.0,0.010999999999999233
2023-03-19 18:32:44.729000+00:00,1644.0,0.0029999999999992255,1639.0,0.009000000000000341,1298.0,0.0
2023-03-19 18:32:49.729000+00:00,1645.0,0.0030000000000001137,1640.0,0.0030000000000001137,1298.0,0.0
2023-03-19 18:32:54.729000+00:00,1647.0,0.006000000000000227,1641.0,0.0030000000000001137,1299.0,0.3360000000000021
2023-03-19 18:32:59.729000+00:00,1649.0,0.004999999999999893,1641.0,0.0,1301.0,0.010999999999999233
2023-03-19 18:33:04.729000+00:00,1651.0,0.007000000000000561,1643.0,0.005999999999998451,1303.0,0.013999999999999346
2023-03-19 18:33:09.729000+00:00,1652.0,0.0029999999999992255,1644.0,0.0030000000000001137,1304.0,0.0070000000000014495
2023-03-19 18:33:14.729000+00:00,1654.0,0.006000000000000227,1646.0,0.005000000000000782,1305.0,0.12300000000000111
2023-03-19 18:33:19.729000+00:00,1657.0,0.009999999999999787,1648.0,0.005000000000000782,1307.0,0.011999999999996902
2023-03-19 18:33:24.729000+00:00,1658.0,0.004000000000000448,1650.0,0.0039999999999995595,1308.0,0.004000000000001336
2023-03-19 18:33:29.729000+00:00,1658.0,0.0,1651.0,0.0039999999999995595,1308.0,0.0
2023-03-19 18:33:34.729000+00:00,1665.0,0.02400000000000002,1653.0,0.006000000000000227,1314.0,0.038000000000000256
2023-03-19 18:33:39.729000+00:00,1666.0,0.0039999999999995595,1656.0,0.009000000000000341,1315.0,0.007999999999999119
2023-03-19 18:33:44.729000+00:00,1669.0,0.009000000000000341,1657.0,0.0039999999999995595,1317.0,0.012000000000000455
2023-03-19 18:33:49.729000+00:00,1673.0,0.011999999999999567,1659.0,0.006000000000000227,1320.0,0.018000000000000682
2023-03-19 18:33:54.729000+00:00,1675.0,0.008000000000000007,1660.0,0.0030000000000001137,1321.0,0.0070000000000014495
2023-03-19 18:33:59.729000+00:00,1677.0,0.006000000000000227,1665.0,0.0129999999999999,1323.0,0.012999999999998124
2023-03-19 18:34:04.729000+00:00,1679.0,0.004999999999999893,1666.0,0.0030000000000001137,1325.0,0.012000000000000455
2023-03-19 18:34:09.729000+00:00,1683.0,0.01100000000000012,1670.0,0.010999999999999233,1328.0,0.019999999999999574
2023-03-19 18:34:14.729000+00:00,1683.0,0.0,1674.0,0.0129999999999999,1328.0,0.0
2023-03-19 18:34:19.729000+00:00,1686.0,0.008000000000000007,1675.0,0.0030000000000001137,1329.0,0.006000000000000227
2023-03-19 18:34:24.729000+00:00,1687.0,0.0030000000000001137,1677.0,0.006999999999999673,1330.0,0.006000000000000227
2023-03-19 18:34:29.729000+00:00,1687.0,0.0,1680.0,0.009000000000000341,1330.0,0.0
2023-03-19 18:34:34.729000+00:00,1687.0,0.0,1683.0,0.006999999999999673,1330.0,0.0
2023-03-19 18:34:39.729000+00:00,1690.0,0.008000000000000007,1685.0,0.006000000000000227,1332.0,0.015000000000000568
2023-03-19 18:34:44.729000+00:00,1693.0,0.01100000000000012,1687.0,0.005000000000000782,1335.0,0.01899999999999835
2023-03-19 18:34:49.729000+00:00,1693.0,0.0,1687.0,0.0,1335.0,0.0
2023-03-19 18:34:54.729000+00:00,1695.0,0.006000000000000227,1687.0,0.0,1336.0,0.007999999999999119
2023-03-19 18:34:59.729000+00:00,1696.0,0.0030000000000001137,1690.0,0.009999999999999787,1336.0,0.0
2023-03-19 18:35:04.729000+00:00,1698.0,0.008999999999999453,1690.0,0.0,1338.0,0.01600000000000179
2023-03-19 18:35:09.729000+00:00,1699.0,0.0019999999999997797,1693.0,0.009999999999999787,1339.0,0.004999999999999005
2023-03-19 18:35:14.729000+00:00,1702.0,0.010000000000000675,1694.0,0.0030000000000001137,1342.0,0.01600000000000179
2023-03-19 18:35:19.729000+00:00,1705.0,0.009999999999999787,1695.0,0.0030000000000001137,1345.0,0.022999999999999687
2023-03-19 18:35:24.729000+00:00,1707.0,0.006999999999999673,1697.0,0.004999999999999005,1347.0,0.015000000000000568
2023-03-19 18:35:29.729000+00:00,1707.0,0.0,1698.0,0.004000000000001336,1347.0,0.0
2023-03-19 18:35:34.729000+00:00,1710.0,0.009999999999999787,1700.0,0.006000000000000227,1349.0,0.013999999999999346
2023-03-19 18:35:39.729000+00:00,1711.0,0.0030000000000001137,1704.0,0.026999999999999247,1350.0,0.006000000000000227
2023-03-19 18:35:44.734000+00:00,1716.0,0.019000000000000128,1706.0,0.023999999999999133,1355.0,0.036999999999999034
2023-03-19 18:35:49.729000+00:00,1721.0,0.015000000000000568,1707.0,0.0030000000000001137,1357.0,0.010000000000001563
2023-03-19 18:35:54.729000+00:00,1723.0,0.008000000000000007,1708.0,0.004000000000001336,1359.0,0.015999999999998238
2023-03-19 18:35:59.729000+00:00,1727.0,0.011999999999999567,1711.0,0.007999999999999119,1363.0,0.3719999999999999
2023-03-19 18:36:04.729000+00:00,1729.0,0.006000000000000227,1713.0,0.006999999999999673,1365.0,0.0070000000000014495
2023-03-19 18:36:09.729000+00:00,1730.0,0.02200000000000024,1717.0,0.014000000000001123,1366.0,0.006999999999997897
2023-03-19 18:36:14.729000+00:00,1733.0,0.008999999999999453,1721.0,0.0129999999999999,1368.0,0.01699999999999946
2023-03-19 18:36:19.729000+00:00,1734.0,0.0030000000000001137,1724.0,0.02099999999999902,1368.0,0.0
2023-03-19 18:36:24.729000+00:00,1735.0,0.0030000000000001137,1727.0,0.0389999999999997,1369.0,0.0070000000000014495
2023-03-19 18:36:29.729000+00:00,1739.0,0.014000000000000234,1730.0,0.010000000000001563,1372.0,0.027999999999998693
2023-03-19 18:36:34.729000+00:00,1741.0,0.005999999999999339,1733.0,0.03799999999999848,1374.0,0.012000000000000455
2023-03-19 18:36:39.729000+00:00,1741.0,0.0,1733.0,0.0,1374.0,0.0
2023-03-19 18:36:44.729000+00:00,1742.0,0.004000000000000448,1734.0,0.0030000000000001137,1374.0,0.0
2023-03-19 18:36:49.729000+00:00,1743.0,0.0030000000000001137,1737.0,0.009000000000000341,1375.0,0.004000000000001336
2023-03-19 18:36:54.729000+00:00,1745.0,0.005999999999999339,1739.0,0.0039999999999995595,1376.0,0.0070000000000014495
2023-03-19 18:36:59.729000+00:00,1747.0,0.005000000000000782,1741.0,0.0070000000000014495,1378.0,0.012999999999998124
2023-03-19 18:37:04.729000+00:00,1747.0,0.0,1742.0,0.0030000000000001137,1378.0,0.0
2023-03-19 18:37:09.729000+00:00,1749.0,0.005999999999999339,1742.0,0.0,1380.0,0.012000000000000455
2023-03-19 18:37:14.729000+00:00,1752.0,0.009000000000000341,1743.0,0.0019999999999988916,1383.0,0.021000000000000796
2023-03-19 18:37:19.729000+00:00,1753.0,0.0030000000000001137,1746.0,0.011000000000001009,1384.0,0.004999999999999005
2023-03-19 18:37:24.729000+00:00,1753.0,0.0,1747.0,0.0030000000000001137,1384.0,0.0
2023-03-19 18:37:29.729000+00:00,1756.0,0.008999999999999453,1748.0,0.0029999999999983373,1386.0,0.013999999999999346
2023-03-19 18:37:34.729000+00:00,1756.0,0.0,1749.0,0.0030000000000001137,1386.0,0.0
2023-03-19 18:37:39.729000+00:00,1757.0,0.004000000000000448,1752.0,0.014000000000001123,1386.0,0.0
2023-03-19 18:37:44.729000+00:00,1761.0,0.01100000000000012,1753.0,0.0030000000000001137,1390.0,0.02400000000000091
2023-03-19 18:37:49.729000+00:00,1761.0,0.0,1753.0,0.0,1390.0,0.0
2023-03-19 18:37:54.729000+00:00,1764.0,0.008999999999999453,1756.0,0.007999999999999119,1392.0,0.012000000000000455
2023-03-19 18:37:59.729000+00:00,1767.0,0.006000000000000227,1757.0,0.0030000000000001137,1393.0,0.006999999999997897
2023-03-19 18:38:04.729000+00:00,1768.0,0.0030000000000001137,1757.0,0.0,1394.0,0.011000000000002785
2023-03-19 18:38:09.729000+00:00,1771.0,0.009000000000000341,1761.0,0.014000000000001123,1396.0,0.008999999999996788
2023-03-19 18:38:14.729000+00:00,1773.0,0.006999999999999673,1762.0,0.0029999999999983373,1398.0,0.010000000000001563
2023-03-19 18:38:19.729000+00:00,1775.0,0.006000000000000227,1764.0,0.005000000000000782,1400.0,0.012000000000000455
2023-03-19 18:38:24.729000+00:00,1776.0,0.0039999999999995595,1767.0,0.009000000000000341,1401.0,0.007999999999999119
2023-03-19 18:38:29.729000+00:00,1778.0,0.01100000000000012,1768.0,0.0019999999999988916,1403.0,0.007999999999999119
2023-03-19 18:38:34.729000+00:00,1779.0,0.0030000000000001137,1772.0,0.011000000000001009,1404.0,0.010000000000001563
2023-03-19 18:38:39.729000+00:00,1780.0,0.0039999999999995595,1774.0,0.004999999999999005,1405.0,0.006000000000000227
2023-03-19 18:38:44.729000+00:00,1783.0,0.011000000000001009,1776.0,0.006000000000000227,1407.0,0.013999999999999346
2023-03-19 18:38:49.729000+00:00,1785.0,0.007999999999999119,1776.0,0.0,1409.0,0.013000000000001677
2023-03-19 18:38:54.729000+00:00,1786.0,0.009000000000000341,1778.0,0.008000000000000895,1409.0,0.0
2023-03-19 18:38:59.729000+00:00,1788.0,0.006999999999999673,1779.0,0.0030000000000001137,1409.0,0.0
2023-03-19 18:39:04.729000+00:00,1790.0,0.006000000000000227,1781.0,0.006000000000000227,1411.0,0.015999999999998238
2023-03-19 18:39:09.729000+00:00,1790.0,0.0,1785.0,0.0519999999999996,1411.0,0.0
2023-03-19 18:39:14.729000+00:00,1792.0,0.008000000000000895,1785.0,0.0,1412.0,0.007999999999999119
2023-03-19 18:39:19.729000+00:00,1792.0,0.0,1786.0,0.0039999999999995595,1412.0,0.0
2023-03-19 18:39:24.729000+00:00,1794.0,0.005999999999998451,1788.0,0.006000000000000227,1414.0,0.012000000000000455
2023-03-19 18:39:29.729000+00:00,1797.0,0.009000000000000341,1790.0,0.006999999999999673,1417.0,0.019000000000001904
2023-03-19 18:39:34.729000+00:00,1798.0,0.0030000000000001137,1791.0,0.0030000000000001137,1418.0,0.004999999999999005
2023-03-19 18:39:39.729000+00:00,1798.0,0.0,1792.0,0.0039999999999995595,1418.0,0.0
2023-03-19 18:39:44.729000+00:00,1801.0,0.009000000000000341,1792.0,0.0,1421.0,0.019999999999999574
2023-03-19 18:39:49.729000+00:00,1802.0,0.0039999999999995595,1795.0,0.0070000000000014495,1421.0,0.0
2023-03-19 18:39:54.729000+00:00,1803.0,0.0030000000000001137,1797.0,0.006999999999999673,1421.0,0.0
2023-03-19 18:39:59.729000+00:00,1803.0,0.0,1798.0,0.0039999999999995595,1421.0,0.0
2023-03-19 18:40:04.729000+00:00,1806.0,0.011000000000001009,1799.0,0.0039999999999995595,1423.0,0.013999999999999346
2023-03-19 18:40:09.729000+00:00,1807.0,0.0030000000000001137,1802.0,0.009000000000000341,1424.0,0.005000000000002558
2023-03-19 18:40:14.729000+00:00,1810.0,0.010999999999999233,1803.0,0.0030000000000001137,1426.0,0.01699999999999946
2023-03-19 18:40:19.729000+00:00,1813.0,0.010999999999999233,1803.0,0.0,1428.0,0.015999999999998238
2023-03-19 18:40:24.729000+00:00,1816.0,0.009000000000000341,1804.0,0.0039999999999995595,1430.0,0.01600000000000179
2023-03-19 18:40:29.729000+00:00,1819.0,0.009999999999999787,1806.0,0.006999999999999673,1432.0,0.31700000000000017
2023-03-19 18:40:34.729000+00:00,1820.0,0.0030000000000001137,1808.0,0.0070000000000014495,1433.0,0.003999999999997783
2023-03-19 18:40:39.729000+00:00,1820.0,0.0,1811.0,0.010999999999999233,1433.0,0.0
2023-03-19 18:40:44.729000+00:00,1821.0,0.0030000000000001137,1813.0,0.006000000000000227,1434.0,0.005000000000002558
2023-03-19 18:40:49.729000+00:00,1823.0,0.005000000000000782,1817.0,0.0129999999999999,1436.0,0.011999999999996902
2023-03-19 18:40:54.729000+00:00,1824.0,0.0030000000000001137,1819.0,0.007999999999999119,1436.0,0.0
2023-03-19 18:40:59.729000+00:00,1824.0,0.0,1820.0,0.0030000000000001137,1436.0,0.0
2023-03-19 18:41:04.729000+00:00,1827.0,0.008999999999998565,1820.0,0.0,1439.0,0.019000000000001904
2023-03-19 18:41:09.729000+00:00,1828.0,0.0030000000000001137,1821.0,0.0030000000000001137,1440.0,0.007999999999999119
2023-03-19 18:41:14.729000+00:00,1831.0,0.009000000000000341,1823.0,0.006000000000000227,1443.0,0.019000000000001904
2023-03-19 18:41:19.729000+00:00,1832.0,0.0030000000000001137,1824.0,0.0030000000000001137,1444.0,0.009000000000000341
2023-03-19 18:41:24.729000+00:00,1833.0,0.0039999999999995595,1824.0,0.0,1445.0,0.005999999999996675
2023-03-19 18:41:29.729000+00:00,1835.0,0.008000000000000895,1827.0,0.009999999999999787,1447.0,0.012000000000000455
2023-03-19 18:41:34.729000+00:00,1836.0,0.004999999999999005,1829.0,0.006999999999999673,1447.0,0.0
2023-03-19 18:41:39.729000+00:00,1836.0,0.0,1831.0,0.0070000000000014495,1447.0,0.0
2023-03-19 18:41:44.729000+00:00,1836.0,0.0,1832.0,0.0030000000000001137,1447.0,0.0
2023-03-19 18:41:49.729000+00:00,1839.0,0.011000000000001009,1833.0,0.0029999999999983373,1449.0,0.013000000000001677
2023-03-19 18:41:54.729000+00:00,1842.0,0.016000000000000014,1835.0,0.006000000000000227,1451.0,0.013999999999999346
2023-03-19 18:41:59.729000+00:00,1844.0,0.006000000000000227,1836.0,0.005000000000000782,1453.0,0.013000000000001677
2023-03-19 18:42:04.729000+00:00,1845.0,0.0030000000000001137,1836.0,0.0,1453.0,0.0
2023-03-19 18:42:09.729000+00:00,1847.0,0.004999999999999005,1836.0,0.0,1455.0,0.015999999999998238
2023-03-19 18:42:14.729000+00:00,1849.0,0.006000000000000227,1840.0,0.0129999999999999,1457.0,0.013000000000001677
2023-03-19 18:42:19.729000+00:00,1849.0,0.0,1843.0,0.009000000000000341,1457.0,0.0
2023-03-19 18:42:24.729000+00:00,1849.0,0.0,1844.0,0.0019999999999988916,1457.0,0.0
2023-03-19 18:42:29.729000+00:00,1854.0,0.0129999999999999,1846.0,0.006000000000000227,1459.0,0.011999999999996902
2023-03-19 18:42:34.729000+00:00,1857.0,0.0730000000000004,1848.0,0.008000000000000895,1462.0,0.03300000000000125
2023-03-19 18:42:39.729000+00:00,1859.0,0.009000000000000341,1849.0,0.0039999999999995595,1463.0,0.004999999999999005
2023-03-19 18:42:44.729000+00:00,1861.0,0.009999999999999787,1849.0,0.0,1465.0,0.021000000000000796
2023-03-19 18:42:49.729000+00:00,1861.0,0.0,1850.0,0.0030000000000001137,1465.0,0.0
2023-03-19 18:42:54.729000+00:00,1863.0,0.010999999999999233,1856.0,0.016000000000000014,1467.0,0.015000000000000568
2023-03-19 18:42:59.729000+00:00,1866.0,0.009999999999999787,1858.0,0.02999999999999936,1469.0,0.013000000000001677
2023-03-19 18:43:04.729000+00:00,1868.0,0.006000000000000227,1860.0,0.006999999999999673,1471.0,0.010999999999999233
2023-03-19 18:43:09.729000+00:00,1869.0,0.004000000000001336,1861.0,0.004000000000001336,1472.0,0.009000000000000341
2023-03-19 18:43:14.729000+00:00,1871.0,0.01699999999999946,1862.0,0.0019999999999988916,1473.0,0.006999999999997897
2023-03-19 18:43:19.729000+00:00,1875.0,0.013999999999999346,1864.0,0.006000000000000227,1474.0,0.006000000000000227
2023-03-19 18:43:24.729000+00:00,1876.0,0.0039999999999995595,1866.0,0.005000000000000782,1475.0,0.0070000000000014495
2023-03-19 18:43:29.729000+00:00,1876.0,0.0,1868.0,0.004999999999999005,1475.0,0.0
2023-03-19 18:43:34.729000+00:00,1877.0,0.002000000000000668,1869.0,0.002000000000000668,1476.0,0.004999999999999005
2023-03-19 18:43:39.729000+00:00,1877.0,0.0,1872.0,0.012000000000000455,1476.0,0.0
2023-03-19 18:43:44.729000+00:00,1877.0,0.0,1876.0,0.010999999999999233,1476.0,0.0
2023-03-19 18:43:49.729000+00:00,1877.0,0.0,1876.0,0.0,1476.0,0.0
2023-03-19 18:43:54.729000+00:00,1878.0,0.0030000000000001137,1876.0,0.0,1477.0,0.21999999999999886
2023-03-19 18:43:59.729000+00:00,1882.0,0.03700000000000081,1877.0,0.0039999999999995595,1479.0,0.019999999999999574
2023-03-19 18:44:04.729000+00:00,1883.0,0.0030000000000001137,1877.0,0.0,1482.0,0.017000000000003013
2023-03-19 18:44:09.729000+00:00,1887.0,0.011999999999998678,1877.0,0.0,1485.0,0.01799999999999713
2023-03-19 18:44:14.729000+00:00,1890.0,0.009000000000000341,1877.0,0.0,1488.0,0.017000000000003013
2023-03-19 18:44:19.729000+00:00,1890.0,0.0,1882.0,0.05000000000000071,1488.0,0.0
2023-03-19 18:44:24.729000+00:00,1891.0,0.0030000000000001137,1883.0,0.021000000000000796,1489.0,0.006999999999997897
2023-03-19 18:44:29.729000+00:00,1893.0,0.006000000000000227,1884.0,0.0029999999999983373,1491.0,0.012000000000000455
2023-03-19 18:44:34.729000+00:00,1895.0,0.006000000000000227,1887.0,0.009000000000000341,1492.0,0.006000000000000227
2023-03-19 18:44:39.729000+00:00,1899.0,0.016000000000000014,1890.0,0.009000000000000341,1495.0,0.027000000000001023
2023-03-19 18:44:44.729000+00:00,1901.0,0.006000000000000227,1890.0,0.0,1497.0,0.012000000000000455
2023-03-19 18:44:49.729000+00:00,1901.0,0.0,1893.0,0.009000000000000341,1497.0,0.0
2023-03-19 18:44:54.729000+00:00,1905.0,0.011999999999998678,1894.0,0.0030000000000001137,1500.0,0.019999999999999574
2023-03-19 18:44:59.729000+00:00,1906.0,0.002000000000000668,1895.0,0.0030000000000001137,1501.0,0.004999999999999005
2023-03-19 18:45:04.729000+00:00,1910.0,0.013999999999999346,1900.0,0.06700000000000017,1505.0,0.021000000000000796
2023-03-19 18:45:09.729000+00:00,1910.0,0.0,1901.0,0.0030000000000001137,1505.0,0.0
2023-03-19 18:45:14.729000+00:00,1912.0,0.006000000000000227,1902.0,0.0039999999999995595,1507.0,0.015000000000000568
2023-03-19 18:45:19.729000+00:00,1914.0,0.006000000000000227,1905.0,0.009000000000000341,1507.0,0.0
2023-03-19 18:45:24.729000+00:00,1914.0,0.0,1907.0,0.004999999999999005,1507.0,0.0
2023-03-19 18:45:29.729000+00:00,1914.0,0.0,1910.0,0.008000000000000895,1507.0,0.0
2023-03-19 18:45:34.729000+00:00,1914.0,0.0,1910.0,0.0,1507.0,0.0
2023-03-19 18:45:39.729000+00:00,1915.0,0.0030000000000001137,1913.0,0.009000000000000341,1508.0,0.007999999999999119
2023-03-19 18:45:44.729000+00:00,1915.0,0.0,1914.0,0.0029999999999983373,1508.0,0.0
2023-03-19 18:45:49.729000+00:00,1915.0,0.0,1914.0,0.0,1508.0,0.0
2023-03-19 18:45:54.729000+00:00,1915.0,0.0,1914.0,0.0,1508.0,0.0
2023-03-19 18:45:59.729000+00:00,1915.0,0.0,1915.0,0.0030000000000001137,1508.0,0.0
2023-03-19 18:46:04.729000+00:00,1916.0,0.0030000000000001137,1915.0,0.0,1509.0,0.006999999999997897
2023-03-19 18:46:09.729000+00:00,1916.0,0.0,1915.0,0.0,1509.0,0.0
2023-03-19 18:46:14.729000+00:00,1919.0,0.007999999999999119,1915.0,0.0,1511.0,0.017000000000003013
2023-03-19 18:46:19.729000+00:00,1922.0,0.008000000000000895,1915.0,0.0,1513.0,0.015999999999998238
2023-03-19 18:46:24.729000+00:00,1925.0,0.03700000000000081,1915.0,0.0,1516.0,0.019999999999999574
2023-03-19 18:46:29.729000+00:00,1931.0,0.01699999999999946,1916.0,0.0030000000000001137,1521.0,0.03200000000000003
2023-03-19 18:46:34.729000+00:00,1934.0,0.006999999999999673,1916.0,0.0,1522.0,0.0070000000000014495
2023-03-19 18:46:39.729000+00:00,1935.0,0.0039999999999995595,1921.0,0.40000000000000036,1523.0,0.004999999999999005
2023-03-19 18:46:44.729000+00:00,1938.0,0.008000000000000895,1925.0,0.041999999999999815,1525.0,0.013000000000001677
2023-03-19 18:46:49.729000+00:00,1939.0,0.0030000000000001137,1926.0,0.0030000000000001137,1525.0,0.0
2023-03-19 18:46:54.729000+00:00,1940.0,0.0030000000000001137,1931.0,0.016000000000000014,1525.0,0.0
2023-03-19 18:46:59.729000+00:00,1941.0,0.0019999999999988916,1934.0,0.009000000000000341,1526.0,0.006999999999997897
2023-03-19 18:47:04.729000+00:00,1942.0,0.031000000000000583,1936.0,0.006999999999999673,1526.0,0.0
2023-03-19 18:47:09.729000+00:00,1946.0,0.016000000000000014,1939.0,0.009000000000000341,1531.0,0.03400000000000247
2023-03-19 18:47:14.729000+00:00,1948.0,0.006000000000000227,1939.0,0.0,1533.0,0.013999999999999346
2023-03-19 18:47:19.729000+00:00,1949.0,0.0030000000000001137,1940.0,0.0030000000000001137,1534.0,0.007999999999999119
2023-03-19 18:47:24.729000+00:00,1949.0,0.0,1942.0,0.006000000000000227,1534.0,0.0
2023-03-19 18:47:29.729000+00:00,1951.0,0.006999999999999673,1945.0,0.009000000000000341,1535.0,0.004999999999999005
2023-03-19 18:47:34.729000+00:00,1954.0,0.009000000000000341,1947.0,0.005999999999998451,1536.0,0.007999999999999119
2023-03-19 18:47:39.729000+00:00,1954.0,0.0,1948.0,0.0030000000000001137,1536.0,0.0
2023-03-19 18:47:44.729000+00:00,1954.0,0.0,1949.0,0.0030000000000001137,1536.0,0.0
2023-03-19 18:47:49.729000+00:00,1955.0,0.0019999999999988916,1950.0,0.017000000000001236,1537.0,0.005000000000002558
2023-03-19 18:47:54.729000+00:00,1955.0,0.0,1951.0,0.0030000000000001137,1537.0,0.0
2023-03-19 18:47:59.729000+00:00,1956.0,0.0030000000000001137,1954.0,0.008999999999998565,1538.0,0.009000000000000341
2023-03-19 18:48:04.729000+00:00,1957.0,0.002000000000000668,1954.0,0.0,1539.0,0.004999999999999005
2023-03-19 18:48:09.729000+00:00,1959.0,0.006999999999999673,1954.0,0.0,1541.0,0.015000000000000568
2023-03-19 18:48:14.729000+00:00,1962.0,0.015000000000000568,1955.0,0.0030000000000001137,1544.0,0.022999999999999687
2023-03-19 18:48:19.729000+00:00,1966.0,0.009000000000000341,1955.0,0.0,1546.0,0.012000000000000455
2023-03-19 18:48:24.729000+00:00,1970.0,0.017999999999998906,1956.0,0.002000000000000668,1550.0,0.030999999999998806
2023-03-19 18:48:29.729000+00:00,1974.0,0.009999999999999787,1957.0,0.0039999999999995595,1553.0,0.019000000000001904
2023-03-19 18:48:34.729000+00:00,1977.0,0.009000000000000341,1960.0,0.009000000000000341,1555.0,0.013999999999999346
2023-03-19 18:48:39.729000+00:00,1983.0,0.025000000000000355,1962.0,0.006000000000000227,1558.0,0.028999999999999915
2023-03-19 18:48:44.729000+00:00,1985.0,0.006000000000000227,1966.0,0.0129999999999999,1560.0,0.012000000000000455
2023-03-19 18:48:49.729000+00:00,1986.0,0.0019999999999988916,1971.0,0.013999999999999346,1560.0,0.0
2023-03-19 18:48:54.729000+00:00,1990.0,0.011000000000001009,1974.0,0.009000000000000341,1564.0,0.028999999999999915
2023-03-19 18:48:59.729000+00:00,1992.0,0.006000000000000227,1980.0,0.05000000000000071,1566.0,0.015999999999998238
2023-03-19 18:49:04.729000+00:00,1992.0,0.0,1984.0,0.032999999999999474,1566.0,0.0
2023-03-19 18:49:09.729000+00:00,1994.0,0.006999999999999673,1985.0,0.0030000000000001137,1568.0,0.013999999999999346
2023-03-19 18:49:14.729000+00:00,1994.0,0.0,1986.0,0.0030000000000001137,1568.0,0.0
2023-03-19 18:49:19.729000+00:00,1996.0,0.006999999999999673,1991.0,0.06700000000000017,1570.0,0.013000000000001677
2023-03-19 18:49:24.729000+00:00,1999.0,0.010999999999999233,1992.0,0.0030000000000001137,1572.0,0.012999999999998124
2023-03-19 18:49:29.729000+00:00,2001.0,0.0070000000000014495,1993.0,0.0019999999999988916,1572.0,0.0
2023-03-19 18:49:34.729000+00:00,2002.0,0.0039999999999995595,1994.0,0.0030000000000001137,1573.0,0.009000000000000341
2023-03-19 18:49:39.729000+00:00,2002.0,0.0,1994.0,0.0,1573.0,0.0
2023-03-19 18:49:44.729000+00:00,2003.0,0.0039999999999995595,1997.0,0.008000000000000895,1574.0,0.006000000000000227
2023-03-19 18:49:49.729000+00:00,2004.0,0.0030000000000001137,1999.0,0.006000000000000227,1575.0,0.0070000000000014495
2023-03-19 18:49:54.729000+00:00,2006.0,0.008000000000000895,2001.0,0.006000000000000227,1577.0,0.015999999999998238
2023-03-19 18:49:59.729000+00:00,2008.0,0.006999999999999673,2002.0,0.0029999999999983373,1579.0,0.015000000000000568
2023-03-19 18:50:04.729000+00:00,2009.0,0.0030000000000001137,2002.0,0.0,1580.0,0.006000000000000227
2023-03-19 18:50:09.729000+00:00,2010.0,0.0030000000000001137,2003.0,0.0030000000000001137,1581.0,0.007999999999999119
2023-03-19 18:50:14.729000+00:00,2011.0,0.0030000000000001137,2004.0,0.0030000000000001137,1581.0,0.0
2023-03-19 18:50:19.729000+00:00,2012.0,0.0030000000000001137,2006.0,0.006999999999999673,1582.0,0.008000000000002672
2023-03-19 18:50:24.729000+00:00,2014.0,0.006999999999999673,2008.0,0.006000000000000227,1583.0,0.006000000000000227
2023-03-19 18:50:29.729000+00:00,2016.0,0.006000000000000227,2009.0,0.002000000000000668,1584.0,0.007999999999999119
2023-03-19 18:50:34.729000+00:00,2021.0,0.08499999999999908,2010.0,0.0030000000000001137,1588.0,0.03599999999999781
2023-03-19 18:50:39.729000+00:00,2023.0,0.006999999999999673,2011.0,0.0030000000000001137,1590.0,0.014000000000002899
2023-03-19 18:50:44.729000+00:00,2025.0,0.030000000000001137,2012.0,0.0019999999999988916,1591.0,0.007999999999999119
2023-03-19 18:50:49.729000+00:00,2026.0,0.0030000000000001137,2014.0,0.004000000000001336,1592.0,0.009000000000000341
2023-03-19 18:50:54.729000+00:00,2030.0,0.0129999999999999,2018.0,0.011999999999998678,1596.0,0.384999999999998
2023-03-19 18:50:59.729000+00:00,2030.0,0.0,2023.0,0.040000000000000924,1596.0,0.0
2023-03-19 18:51:04.729000+00:00,2030.0,0.0,2023.0,0.0,1596.0,0.0
2023-03-19 18:51:09.729000+00:00,2034.0,0.023999999999999133,2025.0,0.006000000000000227,1600.0,0.054000000000002046
2023-03-19 18:51:14.729000+00:00,2034.0,0.0,2026.0,0.0030000000000001137,1600.0,0.0
2023-03-19 18:51:19.729000+00:00,2035.0,0.0030000000000001137,2030.0,0.016000000000000014,1601.0,0.004999999999999005
2023-03-19 18:51:24.729000+00:00,2036.0,0.0039999999999995595,2031.0,0.0030000000000001137,1601.0,0.0
2023-03-19 18:51:29.729000+00:00,2039.0,0.008000000000000895,2032.0,0.0039999999999995595,1605.0,0.053999999999998494
2023-03-19 18:51:34.729000+00:00,2041.0,0.03500000000000014,2034.0,0.013999999999999346,1607.0,0.018000000000000682
2023-03-19 18:51:39.729000+00:00,2041.0,0.0,2034.0,0.0,1607.0,0.0
2023-03-19 18:51:44.729000+00:00,2045.0,0.016000000000000014,2035.0,0.0030000000000001137,1611.0,0.03200000000000003
2023-03-19 18:51:49.729000+00:00,2045.0,0.0,2037.0,0.005000000000000782,1611.0,0.0
2023-03-19 18:51:54.729000+00:00,2045.0,0.0,2040.0,0.009000000000000341,1611.0,0.0
2023-03-19 18:51:59.729000+00:00,2046.0,0.0030000000000001137,2042.0,0.004999999999999005,1612.0,0.0070000000000014495
2023-03-19 18:52:04.729000+00:00,2050.0,0.011999999999998678,2044.0,0.006999999999999673,1616.0,0.0259999999999998
2023-03-19 18:52:09.729000+00:00,2052.0,0.006000000000000227,2045.0,0.004000000000001336,1618.0,0.013999999999999346
2023-03-19 18:52:14.729000+00:00,2054.0,0.006000000000000227,2045.0,0.0,1620.0,0.021999999999998465
2023-03-19 18:52:19.729000+00:00,2056.0,0.006000000000000227,2045.0,0.0,1622.0,0.017000000000003013
2023-03-19 18:52:24.729000+00:00,2060.0,0.012000000000000455,2047.0,0.004999999999999005,1626.0,0.022999999999999687
2023-03-19 18:52:29.729000+00:00,2060.0,0.0,2050.0,0.008000000000000895,1626.0,0.0
2023-03-19 18:52:34.729000+00:00,2063.0,0.007999999999999119,2053.0,0.009999999999999787,1629.0,0.015999999999998238
2023-03-19 18:52:39.729000+00:00,2066.0,0.008000000000000895,2056.0,0.014999999999998792,1632.0,0.018000000000000682
2023-03-19 18:52:44.729000+00:00,2068.0,0.004999999999999005,2056.0,0.0,1633.0,0.047999999999998266
2023-03-19 18:52:49.729000+00:00,2070.0,0.006000000000000227,2060.0,0.010000000000001563,1634.0,0.009000000000000341
2023-03-19 18:52:54.729000+00:00,2072.0,0.005000000000000782,2061.0,0.0030000000000001137,1635.0,0.006000000000000227
2023-03-19 18:52:59.729000+00:00,2075.0,0.032999999999999474,2063.0,0.005999999999998451,1638.0,0.019999999999999574
2023-03-19 18:53:04.729000+00:00,2079.0,0.010999999999999233,2067.0,0.011000000000001009,1642.0,0.022000000000002018
2023-03-19 18:53:09.729000+00:00,2080.0,0.0030000000000001137,2068.0,0.0030000000000001137,1643.0,0.006999999999997897
2023-03-19 18:53:14.729000+00:00,2080.0,0.0,2070.0,0.004999999999999005,1643.0,0.0
2023-03-19 18:53:19.729000+00:00,2082.0,0.005000000000000782,2073.0,0.0070000000000014495,1645.0,0.012000000000000455
2023-03-19 18:53:24.729000+00:00,2083.0,0.002000000000000668,2076.0,0.007999999999999119,1646.0,0.006000000000000227
2023-03-19 18:53:29.729000+00:00,2085.0,0.0259999999999998,2079.0,0.006999999999999673,1647.0,0.01699999999999946
2023-03-19 18:53:34.729000+00:00,2088.0,0.006999999999999673,2080.0,0.0030000000000001137,1649.0,0.013000000000001677
2023-03-19 18:53:39.729000+00:00,2090.0,0.006000000000000227,2080.0,0.0,1650.0,0.15899999999999892
2023-03-19 18:53:44.729000+00:00,2093.0,0.007999999999999119,2082.0,0.006000000000000227,1653.0,0.01699999999999946
2023-03-19 18:53:49.729000+00:00,2094.0,0.004000000000001336,2085.0,0.0129999999999999,1654.0,0.005000000000002558
2023-03-19 18:53:54.729000+00:00,2094.0,0.0,2085.0,0.0,1654.0,0.0
2023-03-19 18:53:59.729000+00:00,2095.0,0.0029999999999983373,2088.0,0.008000000000000895,1655.0,0.009000000000000341
2023-03-19 18:54:04.729000+00:00,2099.0,0.05000000000000071,2090.0,0.005999999999998451,1657.0,0.013999999999999346
2023-03-19 18:54:09.729000+00:00,2103.0,0.016000000000000014,2093.0,0.009000000000000341,1661.0,0.02699999999999747
2023-03-19 18:54:14.729000+00:00,2103.0,0.0,2094.0,0.0030000000000001137,1661.0,0.0
2023-03-19 18:54:19.729000+00:00,2106.0,0.006999999999999673,2095.0,0.0030000000000001137,1663.0,0.013000000000001677
2023-03-19 18:54:24.729000+00:00,2108.0,0.006000000000000227,2097.0,0.006999999999999673,1664.0,0.004999999999999005
2023-03-19 18:54:29.729000+00:00,2112.0,0.011000000000001009,2101.0,0.019000000000000128,1667.0,0.01699999999999946
2023-03-19 18:54:34.729000+00:00,2112.0,0.0,2103.0,0.006000000000000227,1667.0,0.0
2023-03-19 18:54:39.729000+00:00,2115.0,0.008999999999998565,2104.0,0.0030000000000001137,1670.0,0.02500000000000213
2023-03-19 18:54:44.729000+00:00,2117.0,0.0129999999999999,2107.0,0.009000000000000341,1672.0,0.012000000000000455
2023-03-19 18:54:49.729000+00:00,2118.0,0.0030000000000001137,2109.0,0.004999999999999005,1673.0,0.004999999999999005
2023-03-19 18:54:54.729000+00:00,2118.0,0.0,2112.0,0.0070000000000014495,1673.0,0.0
2023-03-19 18:54:59.729000+00:00,2121.0,0.0389999999999997,2113.0,0.0019999999999988916,1676.0,0.02400000000000091
2023-03-19 18:55:04.729000+00:00,2123.0,0.018000000000000682,2116.0,0.008000000000000895,1677.0,0.007999999999999119
2023-03-19 18:55:09.729000+00:00,2125.0,0.006000000000000227,2117.0,0.0030000000000001137,1679.0,0.01699999999999946
2023-03-19 18:55:14.729000+00:00,2128.0,0.006999999999999673,2118.0,0.0030000000000001137,1681.0,0.015000000000000568
2023-03-19 18:55:19.729000+00:00,2131.0,0.008000000000000895,2119.0,0.0029999999999983373,1684.0,0.015999999999998238
2023-03-19 18:55:24.729000+00:00,2133.0,0.006999999999999673,2122.0,0.009000000000000341,1684.0,0.0
2023-03-19 18:55:29.729000+00:00,2134.0,0.0030000000000001137,2125.0,0.009999999999999787,1685.0,0.0070000000000014495
2023-03-19 18:55:34.729000+00:00,2139.0,0.013999999999999346,2125.0,0.0,1689.0,0.0259999999999998
2023-03-19 18:55:39.729000+00:00,2139.0,0.0,2128.0,0.008000000000000895,1689.0,0.0
2023-03-19 18:55:44.729000+00:00,2140.0,0.0030000000000001137,2131.0,0.009999999999999787,1690.0,0.004999999999999005
2023-03-19 18:55:49.729000+00:00,2143.0,0.009000000000000341,2133.0,0.006000000000000227,1692.0,0.014000000000002899
2023-03-19 18:55:54.729000+00:00,2144.0,0.0030000000000001137,2134.0,0.0030000000000001137,1693.0,0.007999999999999119
2023-03-19 18:55:59.729000+00:00,2145.0,0.0030000000000001137,2139.0,0.015000000000000568,1694.0,0.004999999999999005
2023-03-19 18:56:04.729000+00:00,2147.0,0.0039999999999995595,2139.0,0.0,1696.0,0.022999999999999687
2023-03-19 18:56:09.729000+00:00,2149.0,0.012000000000000455,2140.0,0.0029999999999983373,1698.0,0.013999999999999346
2023-03-19 18:56:14.729000+00:00,2152.0,0.009000000000000341,2143.0,0.008000000000000895,1701.0,0.020000000000003126
2023-03-19 18:56:19.729000+00:00,2156.0,0.011999999999998678,2144.0,0.002000000000000668,1704.0,0.019999999999999574
2023-03-19 18:56:24.729000+00:00,2157.0,0.0030000000000001137,2147.0,0.019999999999999574,1705.0,0.009000000000000341
2023-03-19 18:56:29.729000+00:00,2158.0,0.0030000000000001137,2151.0,0.019000000000000128,1706.0,0.007999999999999119
2023-03-19 18:56:34.729000+00:00,2161.0,0.008000000000000895,2153.0,0.023999999999999133,1709.0,0.02499999999999858
2023-03-19 18:56:39.729000+00:00,2163.0,0.006000000000000227,2153.0,0.0,1711.0,0.009000000000000341
2023-03-19 18:56:44.729000+00:00,2164.0,0.0039999999999995595,2156.0,0.006999999999999673,1712.0,0.0070000000000014495
2023-03-19 18:56:49.729000+00:00,2166.0,0.004999999999999005,2158.0,0.0070000000000014495,1714.0,0.009000000000000341
2023-03-19 18:56:54.729000+00:00,2166.0,0.0,2160.0,0.004999999999999005,1714.0,0.0
2023-03-19 18:56:59.729000+00:00,2167.0,0.002000000000000668,2161.0,0.02800000000000047,1715.0,0.004999999999999005
2023-03-19 18:57:04.729000+00:00,2169.0,0.006000000000000227,2163.0,0.006000000000000227,1716.0,0.09700000000000131
2023-03-19 18:57:09.729000+00:00,2170.0,0.0030000000000001137,2165.0,0.006000000000000227,1716.0,0.0
2023-03-19 18:57:14.729000+00:00,2171.0,0.0030000000000001137,2166.0,0.0019999999999988916,1717.0,0.006999999999997897
2023-03-19 18:57:19.729000+00:00,2175.0,0.011999999999998678,2166.0,0.0,1720.0,0.019999999999999574
2023-03-19 18:57:24.729000+00:00,2176.0,0.0030000000000001137,2167.0,0.0030000000000001137,1720.0,0.0
2023-03-19 18:57:29.729000+00:00,2178.0,0.0070000000000014495,2170.0,0.009999999999999787,1721.0,0.006000000000000227
2023-03-19 18:57:34.729000+00:00,2179.0,1.9309999999999992,2170.0,0.0,1721.0,0.0
2023-03-19 18:57:39.729000+00:00,2182.0,0.03700000000000081,2172.0,0.005000000000000782,1723.0,0.02500000000000213
2023-03-19 18:57:44.729000+00:00,2184.0,0.004999999999999005,2175.0,0.009000000000000341,1726.0,0.019999999999999574
2023-03-19 18:57:49.729000+00:00,2185.0,0.0030000000000001137,2176.0,0.0030000000000001137,1727.0,0.004999999999999005
2023-03-19 18:57:54.729000+00:00,2187.0,0.006000000000000227,2181.0,0.01699999999999946,1729.0,0.009000000000000341
2023-03-19 18:57:59.729000+00:00,2189.0,0.005000000000000782,2182.0,0.0039999999999995595,1731.0,0.015999999999998238
2023-03-19 18:58:04.729000+00:00,2192.0,0.006999999999999673,2183.0,0.019000000000000128,1734.0,0.017000000000003013
2023-03-19 18:58:09.729000+00:00,2194.0,0.004999999999999005,2184.0,0.0030000000000001137,1736.0,0.00999999999999801
2023-03-19 18:58:14.729000+00:00,2195.0,0.002000000000000668,2185.0,0.0030000000000001137,1737.0,0.007999999999999119
2023-03-19 18:58:19.729000+00:00,2196.0,0.0039999999999995595,2187.0,0.006000000000000227,1738.0,0.008000000000002672
2023-03-19 18:58:24.729000+00:00,2196.0,0.0,2189.0,0.004999999999999005,1738.0,0.0
2023-03-19 18:58:29.729000+00:00,2197.0,0.0030000000000001137,2192.0,0.009000000000000341,1739.0,0.006999999999997897
2023-03-19 18:58:34.729000+00:00,2198.0,0.0030000000000001137,2194.0,0.005000000000000782,1740.0,0.007999999999999119
2023-03-19 18:58:39.729000+00:00,2199.0,0.0039999999999995595,2196.0,0.006999999999999673,1741.0,0.006000000000000227
2023-03-19 18:58:44.729000+00:00,2200.0,0.009999999999999787,2196.0,0.0,1742.0,0.008000000000002672
2023-03-19 18:58:49.729000+00:00,2205.0,0.040000000000000924,2196.0,0.0,1745.0,0.02499999999999858
2023-03-19 18:58:54.729000+00:00,2206.0,0.0039999999999995595,2198.0,0.006999999999999673,1746.0,0.006000000000000227
2023-03-19 18:58:59.729000+00:00,2207.0,0.0030000000000001137,2198.0,0.0,1747.0,0.009000000000000341
2023-03-19 18:59:04.729000+00:00,2210.0,0.009999999999999787,2199.0,0.0030000000000001137,1749.0,0.01699999999999946
2023-03-19 18:59:09.729000+00:00,2213.0,0.008000000000000895,2204.0,0.01699999999999946,1751.0,0.015000000000000568
2023-03-19 18:59:14.729000+00:00,2214.0,0.0030000000000001137,2206.0,0.02800000000000047,1752.0,0.007999999999999119
2023-03-19 18:59:19.729000+00:00,2214.0,0.0,2206.0,0.0,1752.0,0.0
2023-03-19 18:59:24.729000+00:00,2215.0,0.0019999999999988916,2208.0,0.006000000000000227,1753.0,0.0070000000000014495
2023-03-19 18:59:29.729000+00:00,2216.0,0.0030000000000001137,2211.0,0.007999999999999119,1753.0,0.0
2023-03-19 18:59:34.729000+00:00,2218.0,0.0039999999999995595,2213.0,0.006000000000000227,1754.0,0.006999999999997897
2023-03-19 18:59:39.729000+00:00,2221.0,0.012000000000000455,2215.0,0.005000000000000782,1756.0,0.01600000000000179
2023-03-19 18:59:44.729000+00:00,2222.0,0.0030000000000001137,2215.0,0.0,1756.0,0.0
2023-03-19 18:59:49.729000+00:00,2225.0,0.009000000000000341,2216.0,0.0030000000000001137,1759.0,0.018000000000000682
2023-03-19 18:59:54.729000+00:00,2227.0,0.006000000000000227,2216.0,0.0,1761.0,0.010999999999999233
2023-03-19 18:59:59.729000+00:00,2229.0,0.006000000000000227,2218.0,0.006000000000000227,1762.0,0.009000000000000341
,,,2221.0,0.006999999999999673,,
,,,2223.0,0.006999999999999673,,
,,,2225.0,0.006000000000000227,,
,,,2228.0,0.009999999999999787,,
,,,2229.0,0.0030000000000001137,,
