timestamp,container_fs_usage_bytes,container_memory_rss,container_memory_usage_bytes,container_memory_working_set_bytes,container_cpu_system_seconds_total,container_cpu_usage_seconds_total,container_cpu_user_seconds_total,container_network_receive_bytes_total,container_network_receive_errors_total,container_network_receive_packets_dropped_total,container_network_receive_packets_total,container_network_transmit_bytes_total,container_network_transmit_errors_total,container_network_transmit_packets_dropped_total,container_network_transmit_packets_total,container_fs_io_time_seconds_total,container_memory_failures_total,container_memory_failcnt,container_fs_write_seconds_total
2023-03-21 04:41:04.637000+00:00,61440.0,8556544.0,10199040.0,10199040.0,0.78,0.022320552,1.74,33843.0,0.0,0.0,253.0,93028.0,0.0,0.0,164.0,0.0,0.0,0.0,0.0
2023-03-21 04:41:09.006000+00:00,61440.0,8556544.0,10199040.0,10199040.0,0.8,0.023016372,1.74,34275.0,0.0,0.0,256.0,94842.0,0.0,0.0,166.0,0.0,0.0,0.0,0.0
2023-03-21 04:41:13.209000+00:00,61440.0,9527296.0,11919360.0,11919360.0,0.83,0.023316631,1.84,34715.0,0.0,0.0,259.0,96651.0,0.0,0.0,168.0,0.0,0.0,0.0,0.0
2023-03-21 04:41:19.181000+00:00,61440.0,9527296.0,11919360.0,13434880.0,0.85,0.027252378,1.89,36313.0,0.0,0.0,265.0,98596.0,0.0,0.0,172.0,0.0,0.0,0.0,0.0
2023-03-21 04:41:23.791000+00:00,61440.0,11804672.0,13197312.0,13197312.0,0.86,0.027252378,1.9,38399.0,0.0,0.0,269.0,100468.0,0.0,0.0,175.0,0.0,0.0,0.0,0.0
2023-03-21 04:41:28.707000+00:00,61440.0,11804672.0,13197312.0,13197312.0,0.88,0.029147161,1.97,38399.0,0.0,0.0,269.0,100468.0,0.0,0.0,175.0,0.0,0.0,0.0,0.0
2023-03-21 04:41:33.974000+00:00,61440.0,9113600.0,10629120.0,10629120.0,0.91,0.029183184,2.07,40979.0,0.0,0.0,278.0,104223.0,0.0,0.0,181.0,0.0,0.0,0.0,0.0
2023-03-21 04:41:39.010000+00:00,61440.0,9777152.0,11169792.0,11169792.0,0.91,0.029183184,2.08,42258.0,0.0,0.0,282.0,106105.0,0.0,0.0,184.0,0.0,0.0,0.0,0.0
2023-03-21 04:41:44.641000+00:00,61440.0,11075584.0,12468224.0,12468224.0,0.92,0.029183184,2.1,43442.0,0.0,0.0,285.0,107912.0,0.0,0.0,186.0,0.0,0.0,0.0,0.0
2023-03-21 04:41:48.026000+00:00,61440.0,11075584.0,12468224.0,12468224.0,0.94,0.029183184,2.12,43948.0,0.0,0.0,289.0,109796.0,0.0,0.0,189.0,0.0,0.0,0.0,0.0
2023-03-21 04:41:54.265000+00:00,61440.0,12054528.0,13471744.0,13471744.0,0.96,0.029183184,2.16,47545.0,0.0,0.0,295.0,111802.0,0.0,0.0,194.0,0.0,0.0,0.0,0.0
2023-03-21 04:41:59.524000+00:00,61440.0,12222464.0,13615104.0,13615104.0,0.97,0.029183184,2.16,51031.0,0.0,0.0,302.0,113885.0,0.0,0.0,200.0,0.0,0.0,0.0,0.0
2023-03-21 04:42:04.102000+00:00,81920.0,11657216.0,13045760.0,13045760.0,0.98,0.029183184,2.24,52059.0,0.0,0.0,305.0,115690.0,0.0,0.0,202.0,0.0,0.0,0.0,0.0
2023-03-21 04:42:08.534000+00:00,81920.0,11657216.0,13045760.0,13045760.0,1.02,0.029183184,2.28,52059.0,0.0,0.0,305.0,115690.0,0.0,0.0,207.0,0.0,0.0,0.0,0.0
2023-03-21 04:42:14.101000+00:00,81920.0,9207808.0,10596352.0,10596352.0,1.02,0.029183184,2.28,56490.0,0.0,0.0,316.0,119649.0,0.0,0.0,211.0,0.0,0.0,0.0,0.0
2023-03-21 04:42:18.806000+00:00,81920.0,9207808.0,10596352.0,10596352.0,1.04,0.029183184,2.28,61235.0,0.0,0.0,324.0,121792.0,0.0,0.0,218.0,0.0,0.0,0.0,0.0
2023-03-21 04:42:23.775000+00:00,81920.0,11829248.0,13348864.0,13348864.0,1.06,0.029183184,2.37,62880.0,0.0,0.0,328.0,123672.0,0.0,0.0,221.0,0.0,0.0,0.0,0.0
2023-03-21 04:42:28.385000+00:00,81920.0,11829248.0,13348864.0,13348864.0,1.06,0.029183184,2.39,62880.0,0.0,0.0,328.0,123672.0,0.0,0.0,221.0,0.0,0.0,0.0,0.0
2023-03-21 04:42:34.850000+00:00,81920.0,8536064.0,9977856.0,9977856.0,1.1,0.029183184,2.46,64678.0,0.0,0.0,335.0,127361.0,0.0,0.0,226.0,0.0,0.0,0.0,0.0
2023-03-21 04:42:39.823000+00:00,81920.0,8536064.0,9977856.0,11366400.0,1.12,0.029183184,2.5,65184.0,0.0,0.0,339.0,129237.0,0.0,0.0,229.0,0.0,0.0,0.0,0.0
2023-03-21 04:42:43.257000+00:00,81920.0,10674176.0,12062720.0,12062720.0,1.13,0.029183184,2.5,66195.0,0.0,0.0,343.0,131116.0,0.0,0.0,232.0,0.0,0.0,0.0,0.0
2023-03-21 04:42:48.140000+00:00,81920.0,10674176.0,13533184.0,13533184.0,1.13,0.029183184,2.5,66627.0,0.0,0.0,346.0,132936.0,0.0,0.0,234.0,0.0,0.0,0.0,0.0
2023-03-21 04:42:53.277000+00:00,81920.0,12107776.0,13496320.0,13496320.0,1.13,0.029183184,2.53,67067.0,0.0,0.0,349.0,134742.0,0.0,0.0,236.0,0.0,0.0,0.0,0.0
2023-03-21 04:42:58.185000+00:00,102400.0,12107776.0,13496320.0,13496320.0,1.17,0.029183184,2.61,67067.0,0.0,0.0,349.0,134742.0,0.0,0.0,236.0,0.0,0.0,0.0,0.0
2023-03-21 04:43:04.302000+00:00,102400.0,10477568.0,11866112.0,11866112.0,1.2,0.029183184,2.64,70037.0,0.0,0.0,357.0,138508.0,0.0,0.0,242.0,0.0,0.0,0.0,0.0
2023-03-21 04:43:09.328000+00:00,102400.0,10477568.0,12754944.0,12754944.0,1.22,0.029183184,2.64,71189.0,0.0,0.0,361.0,140394.0,0.0,0.0,245.0,0.0,0.0,0.0,0.0
2023-03-21 04:43:14.079000+00:00,102400.0,12427264.0,13848576.0,13848576.0,1.23,0.029183184,2.71,71555.0,0.0,0.0,363.0,142137.0,0.0,0.0,246.0,0.0,0.0,0.0,0.0
2023-03-21 04:43:18.336000+00:00,102400.0,12034048.0,13455360.0,13455360.0,1.24,0.029183184,2.75,73443.0,0.0,0.0,369.0,144151.0,0.0,0.0,251.0,0.0,0.0,0.0,0.0
2023-03-21 04:43:23.289000+00:00,102400.0,10354688.0,11780096.0,11780096.0,1.28,0.029183184,2.83,75184.0,0.0,0.0,373.0,146028.0,0.0,0.0,254.0,0.0,0.0,0.0,0.0
2023-03-21 04:43:28.526000+00:00,102400.0,10354688.0,11780096.0,11780096.0,1.29,0.029183184,2.87,75184.0,0.0,0.0,373.0,146028.0,0.0,0.0,254.0,0.0,0.0,0.0,0.0
2023-03-21 04:43:33.909000+00:00,102400.0,11464704.0,13008896.0,13008896.0,1.35,0.029706513,2.92,76841.0,0.0,0.0,379.0,149663.0,0.0,0.0,258.0,0.0,0.0,0.0,0.0
2023-03-21 04:43:39.189000+00:00,102400.0,11464704.0,13008896.0,13008896.0,1.37,0.029706513,2.94,76841.0,0.0,0.0,379.0,149663.0,0.0,0.0,263.0,0.0,0.0,0.0,0.0
2023-03-21 04:43:44.681000+00:00,102400.0,12656640.0,14077952.0,14077952.0,1.37,0.029706513,2.95,80371.0,0.0,0.0,388.0,153493.0,0.0,0.0,265.0,0.0,0.0,0.0,0.0
2023-03-21 04:43:49.846000+00:00,102400.0,12656640.0,14077952.0,13795328.0,1.39,0.029706513,2.99,80877.0,0.0,0.0,392.0,155385.0,0.0,0.0,268.0,0.0,0.0,0.0,0.0
2023-03-21 04:43:54.804000+00:00,102400.0,12341248.0,13762560.0,13762560.0,1.39,0.029706513,3.0,86430.0,0.0,0.0,401.0,157595.0,0.0,0.0,276.0,0.0,0.0,0.0,0.0
2023-03-21 04:43:58.630000+00:00,122880.0,12439552.0,14147584.0,14147584.0,1.44,0.029706513,3.04,86862.0,0.0,0.0,404.0,159416.0,0.0,0.0,278.0,0.0,0.0,0.0,0.0
2023-03-21 04:44:03.490000+00:00,122880.0,12439552.0,13860864.0,13860864.0,1.44,0.029706513,3.06,88003.0,0.0,0.0,407.0,161222.0,0.0,0.0,280.0,0.0,0.0,0.0,0.0
2023-03-21 04:44:09.194000+00:00,122880.0,12439552.0,13799424.0,13799424.0,1.44,0.029706513,3.06,89790.0,0.0,0.0,412.0,163170.0,0.0,0.0,284.0,0.0,0.0,0.0,0.0
2023-03-21 04:44:14.695000+00:00,122880.0,12935168.0,14356480.0,14356480.0,1.46,0.029706513,3.12,93204.0,0.0,0.0,418.0,165173.0,0.0,0.0,289.0,0.0,0.0,0.0,0.0
2023-03-21 04:44:19.514000+00:00,122880.0,12935168.0,15704064.0,15704064.0,1.46,0.029706513,3.13,94287.0,0.0,0.0,422.0,167056.0,0.0,0.0,292.0,0.0,0.0,0.0,0.0
2023-03-21 04:44:24.291000+00:00,122880.0,13197312.0,14618624.0,14618624.0,1.46,0.029706513,3.14,95537.0,0.0,0.0,426.0,168933.0,0.0,0.0,295.0,0.0,0.0,0.0,0.0
2023-03-21 04:44:28.686000+00:00,122880.0,13197312.0,14618624.0,14618624.0,1.48,0.029706513,3.18,95537.0,0.0,0.0,426.0,168933.0,0.0,0.0,295.0,0.0,0.0,0.0,0.0
2023-03-21 04:44:34.402000+00:00,122880.0,10207232.0,11632640.0,11632640.0,1.48,0.029706513,3.19,99087.0,0.0,0.0,435.0,172764.0,0.0,0.0,302.0,0.0,0.0,0.0,0.0
2023-03-21 04:44:39.671000+00:00,122880.0,10207232.0,11632640.0,11632640.0,1.5,0.029706513,3.27,99087.0,0.0,0.0,439.0,174650.0,0.0,0.0,305.0,0.0,0.0,0.0,0.0
2023-03-21 04:44:44.443000+00:00,122880.0,10153984.0,11575296.0,11575296.0,1.54,0.029706513,3.33,101927.0,0.0,0.0,443.0,176517.0,0.0,0.0,308.0,0.0,0.0,0.0,0.0
2023-03-21 04:44:49.688000+00:00,122880.0,11415552.0,12857344.0,12857344.0,1.54,0.029706513,3.33,102359.0,0.0,0.0,446.0,178335.0,0.0,0.0,310.0,0.0,0.0,0.0,0.0
2023-03-21 04:44:53.644000+00:00,122880.0,11509760.0,13086720.0,13086720.0,1.57,0.029706513,3.36,103417.0,0.0,0.0,449.0,180149.0,0.0,0.0,312.0,0.0,0.0,0.0,0.0
2023-03-21 04:44:59.096000+00:00,122880.0,11509760.0,13086720.0,13086720.0,1.6,0.029706513,3.4,103417.0,0.0,0.0,449.0,180149.0,0.0,0.0,312.0,0.0,0.0,0.0,0.0
2023-03-21 04:45:04.441000+00:00,143360.0,9396224.0,10817536.0,10817536.0,1.62,0.029706513,3.43,105665.0,0.0,0.0,457.0,183915.0,0.0,0.0,318.0,0.0,0.0,0.0,0.0
2023-03-21 04:45:09.390000+00:00,143360.0,9396224.0,11767808.0,11767808.0,1.62,0.029706513,3.43,106171.0,0.0,0.0,461.0,185800.0,0.0,0.0,321.0,0.0,0.0,0.0,0.0
2023-03-21 04:45:13.279000+00:00,143360.0,10223616.0,11644928.0,11644928.0,1.64,0.029706513,3.49,107363.0,0.0,0.0,465.0,187679.0,0.0,0.0,324.0,0.0,0.0,0.0,0.0
2023-03-21 04:45:18.846000+00:00,143360.0,10223616.0,11644928.0,11644928.0,1.65,0.029706513,3.5,107363.0,0.0,0.0,471.0,189694.0,0.0,0.0,329.0,0.0,0.0,0.0,0.0
2023-03-21 04:45:23.965000+00:00,143360.0,12046336.0,13746176.0,13746176.0,1.67,0.029706513,3.6,113781.0,0.0,0.0,478.0,191771.0,0.0,0.0,335.0,0.0,0.0,0.0,0.0
2023-03-21 04:45:29.579000+00:00,143360.0,12046336.0,13746176.0,13746176.0,1.67,0.029706513,3.62,113781.0,0.0,0.0,478.0,191771.0,0.0,0.0,335.0,0.0,0.0,0.0,0.0
2023-03-21 04:45:34.487000+00:00,143360.0,12779520.0,14233600.0,14233600.0,1.69,0.029706513,3.64,116646.0,0.0,0.0,487.0,195540.0,0.0,0.0,341.0,0.0,0.0,0.0,0.0
2023-03-21 04:45:39.314000+00:00,143360.0,12779520.0,14233600.0,14602240.0,1.69,0.029706513,3.65,117848.0,0.0,0.0,491.0,197424.0,0.0,0.0,344.0,0.0,0.0,0.0,0.0
2023-03-21 04:45:44.545000+00:00,143360.0,14102528.0,15556608.0,15556608.0,1.7,0.029706513,3.67,118288.0,0.0,0.0,494.0,199238.0,0.0,0.0,346.0,0.0,0.0,0.0,0.0
2023-03-21 04:45:49.845000+00:00,143360.0,14102528.0,15958016.0,15958016.0,1.71,0.029706513,3.68,119549.0,0.0,0.0,499.0,201193.0,0.0,0.0,350.0,0.0,0.0,0.0,0.0
2023-03-21 04:45:54.541000+00:00,143360.0,12648448.0,14098432.0,14098432.0,1.74,0.029706513,3.71,123841.0,0.0,0.0,506.0,203272.0,0.0,0.0,356.0,0.0,0.0,0.0,0.0
2023-03-21 04:45:59.469000+00:00,143360.0,12648448.0,14098432.0,14098432.0,1.76,0.029706513,3.71,123841.0,0.0,0.0,506.0,203272.0,0.0,0.0,356.0,0.0,0.0,0.0,0.0
2023-03-21 04:46:03.972000+00:00,163840.0,12025856.0,13475840.0,13475840.0,1.76,0.029706513,3.76,125995.0,0.0,0.0,514.0,207038.0,0.0,0.0,362.0,0.0,0.0,0.0,0.0
2023-03-21 04:46:08.811000+00:00,163840.0,12025856.0,13475840.0,13475840.0,1.78,0.029706513,3.79,125995.0,0.0,0.0,520.0,208995.0,0.0,0.0,366.0,0.0,0.0,0.0,0.0
2023-03-21 04:46:14.170000+00:00,163840.0,10035200.0,11612160.0,11612160.0,1.81,0.029706513,3.88,130198.0,0.0,0.0,525.0,210940.0,0.0,0.0,370.0,0.0,0.0,0.0,0.0
2023-03-21 04:46:19.730000+00:00,163840.0,10035200.0,12292096.0,12292096.0,1.82,0.029706513,3.9,132813.0,0.0,0.0,531.0,212959.0,0.0,0.0,375.0,0.0,0.0,0.0,0.0
2023-03-21 04:46:23.877000+00:00,163840.0,13193216.0,14643200.0,14643200.0,1.82,0.029706513,3.92,133847.0,0.0,0.0,534.0,214774.0,0.0,0.0,377.0,0.0,0.0,0.0,0.0
2023-03-21 04:46:28.341000+00:00,163840.0,10301440.0,14643200.0,14643200.0,1.85,0.029706513,3.96,133847.0,0.0,0.0,534.0,214774.0,0.0,0.0,377.0,0.0,0.0,0.0,0.0
2023-03-21 04:46:34.839000+00:00,163840.0,13074432.0,14585856.0,14585856.0,1.86,0.029706513,3.98,136564.0,0.0,0.0,542.0,218536.0,0.0,0.0,383.0,0.0,0.0,0.0,0.0
2023-03-21 04:46:39.489000+00:00,163840.0,13074432.0,14585856.0,14585856.0,1.88,0.029706513,4.03,136564.0,0.0,0.0,542.0,218536.0,0.0,0.0,387.0,0.0,0.0,0.0,0.0
2023-03-21 04:46:44.458000+00:00,163840.0,12808192.0,14295040.0,14295040.0,1.9,0.029706513,4.06,138723.0,0.0,0.0,549.0,222240.0,0.0,0.0,388.0,0.0,0.0,0.0,0.0
2023-03-21 04:46:48.764000+00:00,163840.0,12808192.0,14295040.0,15101952.0,1.9,0.029706513,4.06,139904.0,0.0,0.0,554.0,224199.0,0.0,0.0,392.0,0.0,0.0,0.0,0.0
2023-03-21 04:46:54.299000+00:00,163840.0,11870208.0,13410304.0,13410304.0,1.96,0.029706513,4.11,142154.0,0.0,0.0,559.0,226147.0,0.0,0.0,396.0,0.0,0.0,0.0,0.0
2023-03-21 04:46:58.683000+00:00,184320.0,9289728.0,11177984.0,11177984.0,1.98,0.029706513,4.18,143225.0,0.0,0.0,563.0,228033.0,0.0,0.0,399.0,0.0,0.0,0.0,0.0
2023-03-21 04:47:04.156000+00:00,184320.0,11091968.0,12619776.0,12619776.0,1.98,0.029706513,4.18,143591.0,0.0,0.0,565.0,229784.0,0.0,0.0,400.0,0.0,0.0,0.0,0.0
2023-03-21 04:47:09.618000+00:00,184320.0,11091968.0,14532608.0,14532608.0,1.98,0.029706513,4.2,144097.0,0.0,0.0,569.0,231668.0,0.0,0.0,403.0,0.0,0.0,0.0,0.0
2023-03-21 04:47:13.980000+00:00,184320.0,13406208.0,14893056.0,14893056.0,2.0,0.029706513,4.22,145284.0,0.0,0.0,573.0,233550.0,0.0,0.0,406.0,0.0,0.0,0.0,0.0
2023-03-21 04:47:19.524000+00:00,184320.0,13406208.0,14893056.0,13258752.0,2.02,0.029706513,4.3,147068.0,0.0,0.0,578.0,235505.0,0.0,0.0,410.0,0.0,0.0,0.0,0.0
2023-03-21 04:47:24.417000+00:00,184320.0,13066240.0,14675968.0,14675968.0,2.02,0.029706513,4.32,148903.0,0.0,0.0,582.0,237390.0,0.0,0.0,413.0,0.0,0.0,0.0,0.0
2023-03-21 04:47:29.183000+00:00,184320.0,13406208.0,15024128.0,15024128.0,2.05,0.029706513,4.35,150563.0,0.0,0.0,587.0,239343.0,0.0,0.0,417.0,0.0,0.0,0.0,0.0
2023-03-21 04:47:33.190000+00:00,184320.0,13504512.0,15278080.0,15278080.0,2.09,0.029706513,4.4,152344.0,0.0,0.0,591.0,241225.0,0.0,0.0,420.0,0.0,0.0,0.0,0.0
2023-03-21 04:47:39.599000+00:00,184320.0,12148736.0,14974976.0,14974976.0,2.14,0.029706513,4.52,154190.0,0.0,0.0,596.0,243181.0,0.0,0.0,424.0,0.0,0.0,0.0,0.0
2023-03-21 04:47:43.086000+00:00,184320.0,13295616.0,14909440.0,14909440.0,2.14,0.029706513,4.52,154556.0,0.0,0.0,598.0,244936.0,0.0,0.0,425.0,0.0,0.0,0.0,0.0
2023-03-21 04:47:49.567000+00:00,184320.0,13295616.0,14909440.0,14909440.0,2.17,0.029706513,4.57,154556.0,0.0,0.0,603.0,246888.0,0.0,0.0,429.0,0.0,0.0,0.0,0.0
2023-03-21 04:47:54.761000+00:00,184320.0,11849728.0,13520896.0,13520896.0,2.21,0.029706513,4.66,157465.0,0.0,0.0,607.0,248765.0,0.0,0.0,432.0,0.0,0.0,0.0,0.0
2023-03-21 04:47:59.263000+00:00,200704.0,13185024.0,14835712.0,14835712.0,2.21,0.029706513,4.68,159169.0,0.0,0.0,612.0,250720.0,0.0,0.0,436.0,0.0,0.0,0.0,0.0
2023-03-21 04:48:04.267000+00:00,200704.0,13037568.0,14807040.0,14807040.0,2.22,0.029706513,4.71,160236.0,0.0,0.0,615.0,252538.0,0.0,0.0,438.0,0.0,0.0,0.0,0.0
2023-03-21 04:48:09.164000+00:00,200704.0,13037568.0,13557760.0,13557760.0,2.24,0.030153705,4.76,162182.0,0.0,0.0,620.0,254498.0,0.0,0.0,442.0,0.0,0.0,0.0,0.0
2023-03-21 04:48:14.920000+00:00,200704.0,10686464.0,12201984.0,12201984.0,2.27,0.031265652,4.88,164684.0,0.0,0.0,625.0,256445.0,0.0,0.0,446.0,0.0,0.0,0.0,0.0
2023-03-21 04:48:19.375000+00:00,200704.0,12189696.0,13705216.0,13705216.0,2.27,0.032160293,4.9,166416.0,0.0,0.0,630.0,258404.0,0.0,0.0,450.0,0.0,0.0,0.0,0.0
2023-03-21 04:48:24.764000+00:00,200704.0,12709888.0,14229504.0,14229504.0,2.27,0.032160293,4.91,166782.0,0.0,0.0,632.0,260155.0,0.0,0.0,451.0,0.0,0.0,0.0,0.0
2023-03-21 04:48:29.526000+00:00,200704.0,12709888.0,14229504.0,14229504.0,2.28,0.033502483,4.94,166782.0,0.0,0.0,632.0,260155.0,0.0,0.0,451.0,0.0,0.0,0.0,0.0
2023-03-21 04:48:33.654000+00:00,200704.0,13344768.0,15228928.0,15228928.0,2.3,0.033796556,4.94,167728.0,0.0,0.0,639.0,263857.0,0.0,0.0,456.0,0.0,0.0,0.0,0.0
2023-03-21 04:48:39.476000+00:00,200704.0,13344768.0,15052800.0,15052800.0,2.3,0.039756451,4.95,170907.0,0.0,0.0,646.0,265936.0,0.0,0.0,462.0,0.0,0.0,0.0,0.0
2023-03-21 04:48:43.941000+00:00,200704.0,10756096.0,12439552.0,12439552.0,2.35,0.041327969,5.01,172107.0,0.0,0.0,649.0,267748.0,0.0,0.0,464.0,0.0,0.0,0.0,0.0
2023-03-21 04:48:49.650000+00:00,200704.0,11804672.0,13328384.0,13328384.0,2.36,0.041327969,5.02,173212.0,0.0,0.0,653.0,269629.0,0.0,0.0,467.0,0.0,0.0,0.0,0.0
2023-03-21 04:48:53.041000+00:00,200704.0,13012992.0,14532608.0,14532608.0,2.36,0.041327969,5.03,173652.0,0.0,0.0,656.0,271445.0,0.0,0.0,469.0,0.0,0.0,0.0,0.0
2023-03-21 04:48:58.890000+00:00,221184.0,13012992.0,14532608.0,14532608.0,2.38,0.041327969,5.09,173652.0,0.0,0.0,656.0,271445.0,0.0,0.0,469.0,0.0,0.0,0.0,0.0
2023-03-21 04:49:04.752000+00:00,221184.0,11878400.0,13697024.0,13697024.0,2.41,0.041327969,5.18,177157.0,0.0,0.0,665.0,275275.0,0.0,0.0,476.0,0.0,0.0,0.0,0.0
2023-03-21 04:49:08.875000+00:00,221184.0,11878400.0,13697024.0,13697024.0,2.43,0.041327969,5.2,177157.0,0.0,0.0,669.0,277171.0,0.0,0.0,479.0,0.0,0.0,0.0,0.0
2023-03-21 04:49:13.977000+00:00,221184.0,12324864.0,14843904.0,14843904.0,2.45,0.041327969,5.24,179917.0,0.0,0.0,673.0,279051.0,0.0,0.0,482.0,0.0,0.0,0.0,0.0
2023-03-21 04:49:18.845000+00:00,221184.0,12324864.0,14843904.0,14364672.0,2.45,0.041327969,5.24,180349.0,0.0,0.0,676.0,280877.0,0.0,0.0,484.0,0.0,0.0,0.0,0.0
2023-03-21 04:49:24.601000+00:00,221184.0,12574720.0,14819328.0,14819328.0,2.47,0.041327969,5.32,180789.0,0.0,0.0,679.0,282696.0,0.0,0.0,486.0,0.0,0.0,0.0,0.0
2023-03-21 04:49:29.255000+00:00,221184.0,12574720.0,14819328.0,14819328.0,2.48,0.041327969,5.33,180789.0,0.0,0.0,679.0,282696.0,0.0,0.0,486.0,0.0,0.0,0.0,0.0
2023-03-21 04:49:34.830000+00:00,221184.0,13332480.0,14893056.0,14893056.0,2.51,0.041327969,5.38,182958.0,0.0,0.0,686.0,286405.0,0.0,0.0,491.0,0.0,0.0,0.0,0.0
2023-03-21 04:49:38.933000+00:00,221184.0,13332480.0,15032320.0,15032320.0,2.52,0.041327969,5.39,185665.0,0.0,0.0,692.0,288421.0,0.0,0.0,496.0,0.0,0.0,0.0,0.0
2023-03-21 04:49:43.616000+00:00,221184.0,14405632.0,16113664.0,16113664.0,2.54,0.041327969,5.48,187639.0,0.0,0.0,696.0,290302.0,0.0,0.0,499.0,0.0,0.0,0.0,0.0
2023-03-21 04:49:48.322000+00:00,221184.0,14405632.0,16113664.0,16113664.0,2.55,0.041327969,5.51,187639.0,0.0,0.0,699.0,292125.0,0.0,0.0,501.0,0.0,0.0,0.0,0.0
2023-03-21 04:49:54.642000+00:00,221184.0,15101952.0,16924672.0,16924672.0,2.56,0.041327969,5.52,189075.0,0.0,0.0,702.0,293946.0,0.0,0.0,503.0,0.0,0.0,0.0,0.0
2023-03-21 04:49:59.446000+00:00,237568.0,14405632.0,16924672.0,16924672.0,2.57,0.041327969,5.55,189075.0,0.0,0.0,702.0,293946.0,0.0,0.0,503.0,0.0,0.0,0.0,0.0
2023-03-21 04:50:04.892000+00:00,237568.0,13750272.0,15355904.0,15355904.0,2.58,0.041327969,5.58,192269.0,0.0,0.0,710.0,297718.0,0.0,0.0,509.0,0.0,0.0,0.0,0.0
2023-03-21 04:50:09.070000+00:00,237568.0,13750272.0,15355904.0,15974400.0,2.58,0.041327969,5.58,194004.0,0.0,0.0,715.0,299676.0,0.0,0.0,513.0,0.0,0.0,0.0,0.0
2023-03-21 04:50:13.552000+00:00,237568.0,11214848.0,12795904.0,12795904.0,2.62,0.041327969,5.63,195091.0,0.0,0.0,718.0,301492.0,0.0,0.0,515.0,0.0,0.0,0.0,0.0
2023-03-21 04:50:18.883000+00:00,237568.0,11214848.0,14491648.0,14491648.0,2.62,0.041327969,5.64,197612.0,0.0,0.0,724.0,303516.0,0.0,0.0,520.0,0.0,0.0,0.0,0.0
2023-03-21 04:50:24.645000+00:00,237568.0,14315520.0,15900672.0,15900672.0,2.64,0.041327969,5.66,198052.0,0.0,0.0,727.0,305334.0,0.0,0.0,522.0,0.0,0.0,0.0,0.0
2023-03-21 04:50:29.815000+00:00,237568.0,14315520.0,15900672.0,15900672.0,2.66,0.041327969,5.71,198052.0,0.0,0.0,727.0,305334.0,0.0,0.0,522.0,0.0,0.0,0.0,0.0
2023-03-21 04:50:33.559000+00:00,237568.0,14135296.0,15691776.0,15691776.0,2.66,0.041327969,5.72,199813.0,0.0,0.0,734.0,309045.0,0.0,0.0,527.0,0.0,0.0,0.0,0.0
2023-03-21 04:50:38.338000+00:00,237568.0,14577664.0,16265216.0,16265216.0,2.68,0.041327969,5.74,201028.0,0.0,0.0,739.0,311000.0,0.0,0.0,531.0,0.0,0.0,0.0,0.0
2023-03-21 04:50:43.018000+00:00,237568.0,11485184.0,13197312.0,13197312.0,2.72,0.041327969,5.79,203603.0,0.0,0.0,744.0,312948.0,0.0,0.0,535.0,0.0,0.0,0.0,0.0
2023-03-21 04:50:48.991000+00:00,237568.0,11485184.0,13197312.0,14303232.0,2.72,0.041327969,5.8,206914.0,0.0,0.0,751.0,315032.0,0.0,0.0,541.0,0.0,0.0,0.0,0.0
2023-03-21 04:50:53.161000+00:00,237568.0,13385728.0,15060992.0,15060992.0,2.73,0.041327969,5.81,208007.0,0.0,0.0,754.0,316847.0,0.0,0.0,543.0,0.0,0.0,0.0,0.0
2023-03-21 04:50:59.540000+00:00,258048.0,11399168.0,12980224.0,12980224.0,2.76,0.041986779,5.94,209846.0,0.0,0.0,759.0,318810.0,0.0,0.0,547.0,0.0,0.0,0.0,0.0
2023-03-21 04:51:04.070000+00:00,258048.0,12161024.0,13848576.0,13848576.0,2.77,0.041986779,5.94,210970.0,0.0,0.0,762.0,320629.0,0.0,0.0,549.0,0.0,0.0,0.0,0.0
2023-03-21 04:51:09.837000+00:00,258048.0,12161024.0,14172160.0,14172160.0,2.79,0.041986779,5.99,211402.0,0.0,0.0,765.0,322452.0,0.0,0.0,551.0,0.0,0.0,0.0,0.0
2023-03-21 04:51:14.276000+00:00,258048.0,13557760.0,15241216.0,15241216.0,2.8,0.041986779,6.01,211842.0,0.0,0.0,768.0,324270.0,0.0,0.0,553.0,0.0,0.0,0.0,0.0
2023-03-21 04:51:19.752000+00:00,258048.0,13557760.0,15241216.0,15241216.0,2.81,0.041986779,6.03,211842.0,0.0,0.0,768.0,324270.0,0.0,0.0,557.0,0.0,0.0,0.0,0.0
2023-03-21 04:51:24.155000+00:00,258048.0,14409728.0,16093184.0,16093184.0,2.81,0.041986779,6.04,213365.0,0.0,0.0,775.0,327970.0,0.0,0.0,558.0,0.0,0.0,0.0,0.0
2023-03-21 04:51:29.847000+00:00,258048.0,14409728.0,16093184.0,16093184.0,2.81,0.041986779,6.05,213365.0,0.0,0.0,775.0,327970.0,0.0,0.0,558.0,0.0,0.0,0.0,0.0
2023-03-21 04:51:34.200000+00:00,258048.0,13778944.0,15339520.0,15339520.0,2.82,0.041986779,6.12,215495.0,0.0,0.0,783.0,331733.0,0.0,0.0,564.0,0.0,0.0,0.0,0.0
2023-03-21 04:51:38.581000+00:00,258048.0,13778944.0,15339520.0,15339520.0,2.83,0.041986779,6.14,218035.0,0.0,0.0,789.0,333755.0,0.0,0.0,569.0,0.0,0.0,0.0,0.0
2023-03-21 04:51:44.039000+00:00,258048.0,14086144.0,15642624.0,15642624.0,2.84,0.041986779,6.15,219085.0,0.0,0.0,792.0,335567.0,0.0,0.0,571.0,0.0,0.0,0.0,0.0
2023-03-21 04:51:48.682000+00:00,258048.0,14086144.0,16297984.0,16297984.0,2.85,0.041986779,6.15,220356.0,0.0,0.0,797.0,337523.0,0.0,0.0,575.0,0.0,0.0,0.0,0.0
2023-03-21 04:51:53.279000+00:00,258048.0,11309056.0,12898304.0,12898304.0,2.87,0.041986779,6.24,222116.0,0.0,0.0,801.0,339402.0,0.0,0.0,578.0,0.0,0.0,0.0,0.0
2023-03-21 04:51:59.137000+00:00,274432.0,11309056.0,12898304.0,12898304.0,2.92,0.041986779,6.26,222116.0,0.0,0.0,801.0,339402.0,0.0,0.0,578.0,0.0,0.0,0.0,0.0
2023-03-21 04:52:04.783000+00:00,274432.0,12414976.0,14524416.0,14524416.0,2.97,0.045505924,6.32,226456.0,0.0,0.0,812.0,343362.0,0.0,0.0,587.0,0.0,0.0,0.0,0.0
2023-03-21 04:52:08.477000+00:00,274432.0,15069184.0,18317312.0,18317312.0,2.98,0.047139779,6.32,226888.0,0.0,0.0,815.0,345190.0,0.0,0.0,589.0,0.0,0.0,0.0,0.0
2023-03-21 04:52:13.299000+00:00,274432.0,15101952.0,16699392.0,16699392.0,2.99,0.047139779,6.34,227997.0,0.0,0.0,818.0,347014.0,0.0,0.0,591.0,0.0,0.0,0.0,0.0
2023-03-21 04:52:18.917000+00:00,274432.0,15101952.0,16699392.0,16699392.0,3.0,0.047706706,6.39,227997.0,0.0,0.0,823.0,348978.0,0.0,0.0,595.0,0.0,0.0,0.0,0.0
2023-03-21 04:52:24.432000+00:00,274432.0,15261696.0,16867328.0,16867328.0,3.03,0.048535915,6.45,232239.0,0.0,0.0,828.0,350931.0,0.0,0.0,599.0,0.0,0.0,0.0,0.0
2023-03-21 04:52:29.026000+00:00,274432.0,15261696.0,16867328.0,16867328.0,3.03,0.048771308,6.47,232239.0,0.0,0.0,828.0,350931.0,0.0,0.0,599.0,0.0,0.0,0.0,0.0
2023-03-21 04:52:34.195000+00:00,274432.0,13910016.0,15499264.0,15499264.0,3.04,0.048771308,6.5,233705.0,0.0,0.0,834.0,354571.0,0.0,0.0,603.0,0.0,0.0,0.0,0.0
2023-03-21 04:52:39.660000+00:00,274432.0,13910016.0,15499264.0,15499264.0,3.05,0.049457662,6.52,234211.0,0.0,0.0,838.0,356460.0,0.0,0.0,606.0,0.0,0.0,0.0,0.0
2023-03-21 04:52:43.594000+00:00,274432.0,14716928.0,16437248.0,16437248.0,3.05,0.049457662,6.52,235212.0,0.0,0.0,842.0,358344.0,0.0,0.0,609.0,0.0,0.0,0.0,0.0
2023-03-21 04:52:49.871000+00:00,274432.0,15749120.0,17375232.0,17375232.0,3.06,0.050374443,6.52,235644.0,0.0,0.0,845.0,360175.0,0.0,0.0,611.0,0.0,0.0,0.0,0.0
2023-03-21 04:52:53.987000+00:00,274432.0,15761408.0,17481728.0,17481728.0,3.08,0.051382861,6.59,236757.0,0.0,0.0,849.0,362060.0,0.0,0.0,614.0,0.0,0.0,0.0,0.0
2023-03-21 04:52:58.773000+00:00,274432.0,15761408.0,17481728.0,15900672.0,3.12,0.054676349,6.59,240617.0,0.0,0.0,857.0,364218.0,0.0,0.0,621.0,0.0,0.0,0.0,0.0
2023-03-21 04:53:04.032000+00:00,286720.0,11935744.0,13783040.0,13783040.0,3.13,0.05842855,6.69,241727.0,0.0,0.0,860.0,366037.0,0.0,0.0,623.0,0.0,0.0,0.0,0.0
2023-03-21 04:53:09.455000+00:00,286720.0,11935744.0,13185024.0,13185024.0,3.14,0.058984736,6.72,242911.0,0.0,0.0,865.0,367991.0,0.0,0.0,627.0,0.0,0.0,0.0,0.0
2023-03-21 04:53:13.626000+00:00,286720.0,15355904.0,17133568.0,17133568.0,3.15,0.06006079,6.74,244026.0,0.0,0.0,868.0,369814.0,0.0,0.0,629.0,0.0,0.0,0.0,0.0
2023-03-21 04:53:18.712000+00:00,286720.0,15355904.0,17133568.0,17133568.0,3.18,0.061132544,6.8,244026.0,0.0,0.0,868.0,369814.0,0.0,0.0,632.0,0.0,0.0,0.0,0.0
2023-03-21 04:53:24.230000+00:00,286720.0,13123584.0,15314944.0,15314944.0,3.19,0.062341801,6.85,245606.0,0.0,0.0,875.0,373528.0,0.0,0.0,634.0,0.0,0.0,0.0,0.0
2023-03-21 04:53:29.637000+00:00,286720.0,13123584.0,15314944.0,15314944.0,3.22,0.062714788,6.89,245606.0,0.0,0.0,875.0,373528.0,0.0,0.0,634.0,0.0,0.0,0.0,0.0
2023-03-21 04:53:34.651000+00:00,286720.0,14217216.0,16465920.0,16465920.0,3.23,0.062943417,6.94,248484.0,0.0,0.0,883.0,377297.0,0.0,0.0,640.0,0.0,0.0,0.0,0.0
2023-03-21 04:53:38.630000+00:00,286720.0,14217216.0,16465920.0,16465920.0,3.23,0.062943417,6.95,248484.0,0.0,0.0,886.0,379117.0,0.0,0.0,642.0,0.0,0.0,0.0,0.0
2023-03-21 04:53:44.562000+00:00,286720.0,14200832.0,15794176.0,15794176.0,3.26,0.066363202,7.03,249356.0,0.0,0.0,889.0,380931.0,0.0,0.0,644.0,0.0,0.0,0.0,0.0
2023-03-21 04:53:48.955000+00:00,286720.0,14331904.0,16084992.0,16084992.0,3.27,0.067566133,7.03,249862.0,0.0,0.0,893.0,382824.0,0.0,0.0,647.0,0.0,0.0,0.0,0.0
2023-03-21 04:53:54.459000+00:00,286720.0,14340096.0,16064512.0,16064512.0,3.29,0.068040577,7.09,251062.0,0.0,0.0,897.0,384709.0,0.0,0.0,650.0,0.0,0.0,0.0,0.0
2023-03-21 04:53:59.050000+00:00,299008.0,14340096.0,16064512.0,13094912.0,3.31,0.072332366,7.16,252743.0,0.0,0.0,902.0,386665.0,0.0,0.0,654.0,0.0,0.0,0.0,0.0
2023-03-21 04:54:04.355000+00:00,299008.0,12161024.0,13762560.0,13762560.0,3.31,0.072332366,7.18,253927.0,0.0,0.0,906.0,388486.0,0.0,0.0,656.0,0.0,0.0,0.0,0.0
2023-03-21 04:54:09.116000+00:00,299008.0,14462976.0,16060416.0,16060416.0,3.33,0.072332366,7.23,255041.0,0.0,0.0,910.0,390380.0,0.0,0.0,659.0,0.0,0.0,0.0,0.0
2023-03-21 04:54:14.582000+00:00,299008.0,15994880.0,17592320.0,17592320.0,3.33,0.072332366,7.25,258116.0,0.0,0.0,916.0,392401.0,0.0,0.0,664.0,0.0,0.0,0.0,0.0
2023-03-21 04:54:18.903000+00:00,299008.0,15994880.0,17592320.0,17592320.0,3.34,0.072332366,7.26,258116.0,0.0,0.0,916.0,392401.0,0.0,0.0,666.0,0.0,0.0,0.0,0.0
2023-03-21 04:54:23.632000+00:00,299008.0,14647296.0,16273408.0,16273408.0,3.36,0.072332366,7.3,259763.0,0.0,0.0,923.0,396107.0,0.0,0.0,669.0,0.0,0.0,0.0,0.0
2023-03-21 04:54:29.352000+00:00,299008.0,11919360.0,13545472.0,13545472.0,3.4,0.072332366,7.38,260879.0,0.0,0.0,927.0,397998.0,0.0,0.0,669.0,0.0,0.0,0.0,0.0
2023-03-21 04:54:34.142000+00:00,299008.0,14475264.0,16101376.0,16101376.0,3.41,0.072332366,7.42,261245.0,0.0,0.0,929.0,399742.0,0.0,0.0,673.0,0.0,0.0,0.0,0.0
2023-03-21 04:54:39.156000+00:00,299008.0,14475264.0,16101376.0,16101376.0,3.43,0.072332366,7.51,262322.0,0.0,0.0,934.0,401691.0,0.0,0.0,677.0,0.0,0.0,0.0,0.0
2023-03-21 04:54:44.826000+00:00,299008.0,14331904.0,17117184.0,17117184.0,3.43,0.072332366,7.52,264063.0,0.0,0.0,938.0,403570.0,0.0,0.0,680.0,0.0,0.0,0.0,0.0
2023-03-21 04:54:49.435000+00:00,299008.0,14331904.0,16629760.0,16629760.0,3.44,0.072332366,7.54,265286.0,0.0,0.0,943.0,405521.0,0.0,0.0,684.0,0.0,0.0,0.0,0.0
2023-03-21 04:54:54.466000+00:00,299008.0,15147008.0,16773120.0,16773120.0,3.44,0.072332366,7.54,266321.0,0.0,0.0,946.0,407336.0,0.0,0.0,686.0,0.0,0.0,0.0,0.0
2023-03-21 04:54:59.556000+00:00,319488.0,15147008.0,16773120.0,16773120.0,3.44,0.072332366,7.63,266321.0,0.0,0.0,946.0,407336.0,0.0,0.0,686.0,0.0,0.0,0.0,0.0
2023-03-21 04:55:03.493000+00:00,319488.0,17367040.0,20439040.0,20439040.0,3.45,0.072332366,7.69,269476.0,0.0,0.0,955.0,411173.0,0.0,0.0,693.0,0.0,0.0,0.0,0.0
2023-03-21 04:55:09.593000+00:00,319488.0,17367040.0,17088512.0,17088512.0,3.47,0.072332366,7.74,272156.0,0.0,0.0,962.0,413199.0,0.0,0.0,698.0,0.0,0.0,0.0,0.0
2023-03-21 04:55:14.116000+00:00,319488.0,12156928.0,13807616.0,13807616.0,3.53,0.072332366,7.86,273162.0,0.0,0.0,965.0,415012.0,0.0,0.0,700.0,0.0,0.0,0.0,0.0
2023-03-21 04:55:19.848000+00:00,319488.0,12156928.0,13807616.0,13807616.0,3.54,0.072332366,7.86,273162.0,0.0,0.0,970.0,416971.0,0.0,0.0,704.0,0.0,0.0,0.0,0.0
2023-03-21 04:55:24.394000+00:00,319488.0,16302080.0,17928192.0,17928192.0,3.54,0.072332366,7.92,276713.0,0.0,0.0,974.0,418851.0,0.0,0.0,707.0,0.0,0.0,0.0,0.0
2023-03-21 04:55:29.534000+00:00,319488.0,16302080.0,17928192.0,17928192.0,3.55,0.072332366,7.94,276713.0,0.0,0.0,974.0,418851.0,0.0,0.0,707.0,0.0,0.0,0.0,0.0
2023-03-21 04:55:34.041000+00:00,319488.0,16371712.0,18128896.0,18128896.0,3.56,0.072332366,7.96,278837.0,0.0,0.0,982.0,422627.0,0.0,0.0,713.0,0.0,0.0,0.0,0.0
2023-03-21 04:55:39.181000+00:00,319488.0,16371712.0,18128896.0,18128896.0,3.56,0.072332366,7.98,280017.0,0.0,0.0,986.0,424519.0,0.0,0.0,716.0,0.0,0.0,0.0,0.0
2023-03-21 04:55:43.859000+00:00,319488.0,14675968.0,16596992.0,16596992.0,3.56,0.080007591,8.01,280383.0,0.0,0.0,988.0,426270.0,0.0,0.0,717.0,0.0,0.0,0.0,0.0
2023-03-21 04:55:48.736000+00:00,319488.0,14675968.0,17350656.0,17350656.0,3.56,0.080251742,8.02,281552.0,0.0,0.0,993.0,428224.0,0.0,0.0,721.0,0.0,0.0,0.0,0.0
2023-03-21 04:55:53.683000+00:00,319488.0,15028224.0,16711680.0,16711680.0,3.57,0.080251742,8.06,283372.0,0.0,0.0,997.0,430105.0,0.0,0.0,724.0,0.0,0.0,0.0,0.0
2023-03-21 04:55:59.160000+00:00,335872.0,15028224.0,16711680.0,16711680.0,3.59,0.080251742,8.15,283372.0,0.0,0.0,997.0,430105.0,0.0,0.0,724.0,0.0,0.0,0.0,0.0
2023-03-21 04:56:03.519000+00:00,335872.0,13533184.0,15327232.0,15327232.0,3.6,0.080251742,8.18,285723.0,0.0,0.0,1005.0,433880.0,0.0,0.0,730.0,0.0,0.0,0.0,0.0
2023-03-21 04:56:09.366000+00:00,335872.0,12902400.0,14663680.0,14663680.0,3.63,0.080251742,8.24,286229.0,0.0,0.0,1009.0,435769.0,0.0,0.0,733.0,0.0,0.0,0.0,0.0
2023-03-21 04:56:13.954000+00:00,335872.0,15794176.0,17555456.0,17555456.0,3.65,0.080251742,8.3,287957.0,0.0,0.0,1013.0,437656.0,0.0,0.0,736.0,0.0,0.0,0.0,0.0
2023-03-21 04:56:19.657000+00:00,335872.0,15794176.0,17555456.0,13656064.0,3.68,0.080251742,8.34,289297.0,0.0,0.0,1017.0,439550.0,0.0,0.0,739.0,0.0,0.0,0.0,0.0
2023-03-21 04:56:23.492000+00:00,335872.0,12554240.0,14311424.0,14311424.0,3.68,0.080251742,8.34,290251.0,0.0,0.0,1020.0,441368.0,0.0,0.0,741.0,0.0,0.0,0.0,0.0
2023-03-21 04:56:29.148000+00:00,335872.0,12554240.0,14311424.0,14311424.0,3.68,0.080251742,8.4,290251.0,0.0,0.0,1020.0,441368.0,0.0,0.0,741.0,0.0,0.0,0.0,0.0
2023-03-21 04:56:34.302000+00:00,335872.0,14417920.0,16044032.0,16044032.0,3.7,0.084583084,8.45,291123.0,0.0,0.0,1026.0,445014.0,0.0,0.0,745.0,0.0,0.0,0.0,0.0
2023-03-21 04:56:38.605000+00:00,335872.0,14417920.0,14716928.0,14716928.0,3.73,0.084676031,8.51,291629.0,0.0,0.0,1030.0,446908.0,0.0,0.0,748.0,0.0,0.0,0.0,0.0
2023-03-21 04:56:44.627000+00:00,335872.0,14450688.0,16076800.0,16076800.0,3.73,0.084676031,8.52,292069.0,0.0,0.0,1033.0,448723.0,0.0,0.0,750.0,0.0,0.0,0.0,0.0
2023-03-21 04:56:49.585000+00:00,335872.0,14450688.0,16445440.0,16445440.0,3.74,0.084676031,8.53,294023.0,0.0,0.0,1039.0,450745.0,0.0,0.0,755.0,0.0,0.0,0.0,0.0
2023-03-21 04:56:54.414000+00:00,335872.0,13570048.0,15212544.0,15212544.0,3.76,0.084676031,8.61,297343.0,0.0,0.0,1045.0,452760.0,0.0,0.0,760.0,0.0,0.0,0.0,0.0
2023-03-21 04:56:59.131000+00:00,335872.0,15986688.0,15212544.0,15212544.0,3.78,0.084676031,8.63,297343.0,0.0,0.0,1045.0,452760.0,0.0,0.0,760.0,0.0,0.0,0.0,0.0
2023-03-21 04:57:04.408000+00:00,348160.0,17653760.0,19283968.0,19283968.0,3.78,0.084676031,8.64,300235.0,0.0,0.0,1053.0,456535.0,0.0,0.0,766.0,0.0,0.0,0.0,0.0
2023-03-21 04:57:09.896000+00:00,348160.0,17653760.0,19283968.0,19283968.0,3.8,0.084676031,8.67,300235.0,0.0,0.0,1057.0,458434.0,0.0,0.0,769.0,0.0,0.0,0.0,0.0
2023-03-21 04:57:14.100000+00:00,348160.0,14561280.0,16191488.0,16191488.0,3.8,0.084676031,8.68,301806.0,0.0,0.0,1060.0,460258.0,0.0,0.0,771.0,0.0,0.0,0.0,0.0
2023-03-21 04:57:19.241000+00:00,348160.0,15294464.0,16924672.0,16924672.0,3.81,0.084676031,8.68,302312.0,0.0,0.0,1064.0,462153.0,0.0,0.0,774.0,0.0,0.0,0.0,0.0
2023-03-21 04:57:23.130000+00:00,348160.0,17367040.0,19001344.0,19001344.0,3.81,0.084676031,8.76,303344.0,0.0,0.0,1067.0,463975.0,0.0,0.0,776.0,0.0,0.0,0.0,0.0
2023-03-21 04:57:29.276000+00:00,348160.0,16941056.0,18587648.0,18587648.0,3.83,0.084676031,8.79,305130.0,0.0,0.0,1072.0,465938.0,0.0,0.0,780.0,0.0,0.0,0.0,0.0
2023-03-21 04:57:34.551000+00:00,348160.0,12066816.0,13697024.0,13697024.0,3.85,0.084676031,8.9,306179.0,0.0,0.0,1075.0,467764.0,0.0,0.0,782.0,0.0,0.0,0.0,0.0
2023-03-21 04:57:39.735000+00:00,348160.0,13500416.0,15130624.0,15130624.0,3.85,0.084676031,8.9,308949.0,0.0,0.0,1081.0,469786.0,0.0,0.0,787.0,0.0,0.0,0.0,0.0
2023-03-21 04:57:44.025000+00:00,348160.0,15548416.0,17305600.0,17305600.0,3.86,0.084676031,8.95,309315.0,0.0,0.0,1083.0,471540.0,0.0,0.0,788.0,0.0,0.0,0.0,0.0
2023-03-21 04:57:48.698000+00:00,348160.0,15548416.0,17305600.0,17305600.0,3.86,0.084676031,8.97,309315.0,0.0,0.0,1083.0,473434.0,0.0,0.0,791.0,0.0,0.0,0.0,0.0
2023-03-21 04:57:53.523000+00:00,348160.0,14708736.0,16338944.0,16338944.0,3.87,0.084676031,9.0,310982.0,0.0,0.0,1090.0,475254.0,0.0,0.0,793.0,0.0,0.0,0.0,0.0
2023-03-21 04:57:59.118000+00:00,348160.0,13697024.0,15544320.0,15544320.0,3.93,0.084676031,9.07,312082.0,0.0,0.0,1094.0,475254.0,0.0,0.0,793.0,0.0,0.0,0.0,0.0
2023-03-21 04:58:03.862000+00:00,360448.0,12066816.0,13697024.0,13697024.0,3.97,0.084676031,9.12,313111.0,0.0,0.0,1097.0,478969.0,0.0,0.0,798.0,0.0,0.0,0.0,0.0
2023-03-21 04:58:09.540000+00:00,360448.0,12066816.0,13697024.0,16494592.0,3.98,0.084676031,9.16,314204.0,0.0,0.0,1101.0,480861.0,0.0,0.0,801.0,0.0,0.0,0.0,0.0
2023-03-21 04:58:14.736000+00:00,360448.0,16859136.0,18489344.0,18489344.0,3.99,0.084676031,9.19,315883.0,0.0,0.0,1106.0,482813.0,0.0,0.0,805.0,0.0,0.0,0.0,0.0
2023-03-21 04:58:19.417000+00:00,360448.0,16859136.0,18513920.0,18513920.0,3.99,0.084676031,9.19,317030.0,0.0,0.0,1110.0,484706.0,0.0,0.0,808.0,0.0,0.0,0.0,0.0
2023-03-21 04:58:23.242000+00:00,360448.0,16998400.0,18628608.0,18628608.0,4.0,0.084676031,9.2,317470.0,0.0,0.0,1113.0,486524.0,0.0,0.0,810.0,0.0,0.0,0.0,0.0
2023-03-21 04:58:28.377000+00:00,360448.0,16998400.0,18628608.0,18628608.0,4.04,0.084676031,9.24,317470.0,0.0,0.0,1113.0,486524.0,0.0,0.0,810.0,0.0,0.0,0.0,0.0
2023-03-21 04:58:34.812000+00:00,360448.0,12492800.0,14147584.0,14147584.0,4.07,0.084676031,9.3,321153.0,0.0,0.0,1123.0,490433.0,0.0,0.0,818.0,0.0,0.0,0.0,0.0
2023-03-21 04:58:38.175000+00:00,360448.0,14983168.0,16633856.0,16633856.0,4.07,0.084676031,9.31,321585.0,0.0,0.0,1126.0,492261.0,0.0,0.0,820.0,0.0,0.0,0.0,0.0
2023-03-21 04:58:44.510000+00:00,360448.0,15089664.0,16719872.0,16719872.0,4.07,0.084676031,9.32,322599.0,0.0,0.0,1129.0,494073.0,0.0,0.0,822.0,0.0,0.0,0.0,0.0
2023-03-21 04:58:49.781000+00:00,360448.0,15089664.0,16719872.0,15650816.0,4.08,0.084676031,9.32,325782.0,0.0,0.0,1136.0,496163.0,0.0,0.0,828.0,0.0,0.0,0.0,0.0
2023-03-21 04:58:54.333000+00:00,360448.0,14524416.0,16154624.0,16154624.0,4.08,0.084676031,9.38,326830.0,0.0,0.0,1139.0,497976.0,0.0,0.0,830.0,0.0,0.0,0.0,0.0
2023-03-21 04:58:59.168000+00:00,376832.0,15269888.0,17072128.0,17072128.0,4.11,0.084676031,9.44,327262.0,0.0,0.0,1142.0,499802.0,0.0,0.0,832.0,0.0,0.0,0.0,0.0
2023-03-21 04:59:04.896000+00:00,376832.0,15761408.0,18157568.0,18157568.0,4.13,0.084676031,9.48,330427.0,0.0,0.0,1149.0,501886.0,0.0,0.0,838.0,0.0,0.0,0.0,0.0
2023-03-21 04:59:09.530000+00:00,376832.0,14999552.0,16662528.0,16662528.0,4.16,0.085378235,9.52,332820.0,0.0,0.0,1155.0,503911.0,0.0,0.0,843.0,0.0,0.0,0.0,0.0
2023-03-21 04:59:13.650000+00:00,376832.0,15630336.0,17264640.0,17264640.0,4.17,0.08581121,9.54,334603.0,0.0,0.0,1159.0,505796.0,0.0,0.0,846.0,0.0,0.0,0.0,0.0
2023-03-21 04:59:18.313000+00:00,376832.0,15630336.0,17264640.0,17264640.0,4.18,0.08581121,9.56,334603.0,0.0,0.0,1159.0,507819.0,0.0,0.0,851.0,0.0,0.0,0.0,0.0
2023-03-21 04:59:24.493000+00:00,376832.0,14893056.0,16805888.0,16805888.0,4.21,0.08581121,9.65,338051.0,0.0,0.0,1168.0,509640.0,0.0,0.0,853.0,0.0,0.0,0.0,0.0
2023-03-21 04:59:28.551000+00:00,376832.0,14893056.0,16805888.0,16805888.0,4.22,0.08581121,9.66,338051.0,0.0,0.0,1168.0,509640.0,0.0,0.0,853.0,0.0,0.0,0.0,0.0
2023-03-21 04:59:34.434000+00:00,376832.0,13443072.0,15224832.0,15224832.0,4.22,0.08581121,9.69,343251.0,0.0,0.0,1179.0,513619.0,0.0,0.0,862.0,0.0,0.0,0.0,0.0
2023-03-21 04:59:38.647000+00:00,376832.0,11935744.0,13602816.0,13602816.0,4.25,0.08581121,9.77,344324.0,0.0,0.0,1183.0,515508.0,0.0,0.0,865.0,0.0,0.0,0.0,0.0
2023-03-21 04:59:44.352000+00:00,376832.0,14802944.0,16457728.0,16457728.0,4.25,0.08581121,9.78,345419.0,0.0,0.0,1186.0,517324.0,0.0,0.0,867.0,0.0,0.0,0.0,0.0
2023-03-21 04:59:49.243000+00:00,376832.0,14802944.0,17793024.0,17793024.0,4.26,0.08581121,9.8,347314.0,0.0,0.0,1191.0,519282.0,0.0,0.0,871.0,0.0,0.0,0.0,0.0
2023-03-21 04:59:53.338000+00:00,376832.0,16449536.0,18083840.0,18083840.0,4.27,0.08581121,9.83,348370.0,0.0,0.0,1194.0,521102.0,0.0,0.0,873.0,0.0,0.0,0.0,0.0
2023-03-21 04:59:59.686000+00:00,376832.0,16449536.0,18083840.0,18083840.0,4.27,0.08581121,9.83,348370.0,0.0,0.0,1194.0,521102.0,0.0,0.0,873.0,0.0,0.0,0.0,0.0
2023-03-21 05:00:03.091000+00:00,376832.0,16449536.0,18485248.0,18485248.0,4.27,0.08581121,9.9,349242.0,0.0,0.0,1200.0,524749.0,0.0,0.0,877.0,0.0,0.0,0.0,0.0
2023-03-21 05:00:08.233000+00:00,405504.0,16449536.0,18485248.0,18485248.0,4.3,0.08581121,9.97,349748.0,0.0,0.0,1204.0,526637.0,0.0,0.0,880.0,0.0,0.0,0.0,0.0
2023-03-21 05:00:13.958000+00:00,405504.0,18276352.0,19910656.0,19910656.0,4.3,0.08581121,9.98,351518.0,0.0,0.0,1208.0,528517.0,0.0,0.0,883.0,0.0,0.0,0.0,0.0
2023-03-21 05:00:18.912000+00:00,405504.0,18276352.0,18546688.0,18546688.0,4.34,0.08581121,10.04,351950.0,0.0,0.0,1211.0,530344.0,0.0,0.0,885.0,0.0,0.0,0.0,0.0
2023-03-21 05:00:23.160000+00:00,405504.0,16916480.0,18546688.0,18546688.0,4.34,0.08581121,10.05,353024.0,0.0,0.0,1214.0,532162.0,0.0,0.0,887.0,0.0,0.0,0.0,0.0
2023-03-21 05:00:28.804000+00:00,405504.0,17498112.0,18546688.0,18546688.0,4.35,0.08581121,10.07,353024.0,0.0,0.0,1214.0,532162.0,0.0,0.0,887.0,0.0,0.0,0.0,0.0
2023-03-21 05:00:33.898000+00:00,405504.0,13983744.0,15638528.0,15638528.0,4.4,0.08581121,10.14,356135.0,0.0,0.0,1223.0,535994.0,0.0,0.0,894.0,0.0,0.0,0.0,0.0
2023-03-21 05:00:38.577000+00:00,405504.0,13983744.0,15638528.0,15638528.0,4.4,0.08581121,10.16,356135.0,0.0,0.0,1223.0,537954.0,0.0,0.0,898.0,0.0,0.0,0.0,0.0
2023-03-21 05:00:44.213000+00:00,405504.0,16547840.0,18178048.0,18178048.0,4.4,0.08581121,10.17,357693.0,0.0,0.0,1230.0,539707.0,0.0,0.0,899.0,0.0,0.0,0.0,0.0
2023-03-21 05:00:48.627000+00:00,405504.0,16547840.0,18227200.0,18227200.0,4.42,0.08581121,10.23,360274.0,0.0,0.0,1236.0,541734.0,0.0,0.0,904.0,0.0,0.0,0.0,0.0
2023-03-21 05:00:53.294000+00:00,405504.0,16596992.0,18227200.0,18227200.0,4.42,0.08581121,10.24,360640.0,0.0,0.0,1238.0,543484.0,0.0,0.0,905.0,0.0,0.0,0.0,0.0
2023-03-21 05:00:58.741000+00:00,417792.0,16596992.0,18227200.0,18227200.0,4.43,0.08581121,10.27,360640.0,0.0,0.0,1238.0,543484.0,0.0,0.0,905.0,0.0,0.0,0.0,0.0
2023-03-21 05:01:04.254000+00:00,417792.0,12144640.0,13934592.0,13934592.0,4.49,0.086238615,10.35,364236.0,0.0,0.0,1247.0,547322.0,0.0,0.0,912.0,0.0,0.0,0.0,0.0
2023-03-21 05:01:08.900000+00:00,417792.0,12144640.0,13844480.0,13844480.0,4.5,0.08684333,10.38,366674.0,0.0,0.0,1253.0,549346.0,0.0,0.0,917.0,0.0,0.0,0.0,0.0
2023-03-21 05:01:14.603000+00:00,417792.0,14979072.0,17231872.0,17231872.0,4.58,0.087878908,10.51,369144.0,0.0,0.0,1258.0,551291.0,0.0,0.0,921.0,0.0,0.0,0.0,0.0
2023-03-21 05:01:18.800000+00:00,417792.0,14979072.0,17231872.0,17010688.0,4.59,0.087878908,10.52,369576.0,0.0,0.0,1261.0,553119.0,0.0,0.0,923.0,0.0,0.0,0.0,0.0
2023-03-21 05:01:24.390000+00:00,417792.0,15630336.0,17412096.0,17412096.0,4.66,0.087878908,10.6,371321.0,0.0,0.0,1265.0,554993.0,0.0,0.0,926.0,0.0,0.0,0.0,0.0
2023-03-21 05:01:28.926000+00:00,417792.0,14721024.0,16404480.0,16404480.0,4.68,0.087878908,10.7,375905.0,0.0,0.0,1274.0,557204.0,0.0,0.0,934.0,0.0,0.0,0.0,0.0
2023-03-21 05:01:33.759000+00:00,417792.0,14647296.0,16568320.0,16568320.0,4.71,0.087878908,10.77,376271.0,0.0,0.0,1276.0,558952.0,0.0,0.0,935.0,0.0,0.0,0.0,0.0
2023-03-21 05:01:39.811000+00:00,417792.0,15646720.0,17313792.0,17313792.0,4.72,0.090265827,10.85,378106.0,0.0,0.0,1282.0,560971.0,0.0,0.0,940.0,0.0,0.0,0.0,0.0
2023-03-21 05:01:44.204000+00:00,417792.0,16449536.0,18141184.0,18141184.0,4.72,0.091747512,10.86,378472.0,0.0,0.0,1284.0,562724.0,0.0,0.0,941.0,0.0,0.0,0.0,0.0
2023-03-21 05:01:49.659000+00:00,417792.0,16449536.0,18141184.0,19292160.0,4.74,0.09215327,10.86,379590.0,0.0,0.0,1288.0,564614.0,0.0,0.0,944.0,0.0,0.0,0.0,0.0
2023-03-21 05:01:54.363000+00:00,417792.0,17219584.0,19013632.0,19013632.0,4.74,0.110474736,10.88,380725.0,0.0,0.0,1291.0,566431.0,0.0,0.0,946.0,0.0,0.0,0.0,0.0
2023-03-21 05:01:58.316000+00:00,438272.0,14311424.0,16265216.0,16265216.0,4.8,0.119910218,10.97,381231.0,0.0,0.0,1295.0,568320.0,0.0,0.0,949.0,0.0,0.0,0.0,0.0
2023-03-21 05:02:04.802000+00:00,438272.0,13529088.0,15323136.0,15323136.0,4.83,0.12034752,11.02,382339.0,0.0,0.0,1298.0,570136.0,0.0,0.0,951.0,0.0,0.0,0.0,0.0
2023-03-21 05:02:09.695000+00:00,438272.0,13529088.0,14307328.0,14307328.0,4.85,0.122038817,11.05,382845.0,0.0,0.0,1302.0,572024.0,0.0,0.0,954.0,0.0,0.0,0.0,0.0
2023-03-21 05:02:14.397000+00:00,438272.0,14618624.0,16281600.0,16281600.0,4.86,0.123623156,11.1,387348.0,0.0,0.0,1309.0,574104.0,0.0,0.0,960.0,0.0,0.0,0.0,0.0
2023-03-21 05:02:18.833000+00:00,438272.0,14618624.0,16281600.0,16281600.0,4.89,0.139606439,11.17,387348.0,0.0,0.0,1313.0,575994.0,0.0,0.0,963.0,0.0,0.0,0.0,0.0
2023-03-21 05:02:23.403000+00:00,438272.0,14995456.0,16691200.0,16691200.0,4.9,0.140257885,11.18,389447.0,0.0,0.0,1316.0,577809.0,0.0,0.0,965.0,0.0,0.0,0.0,0.0
2023-03-21 05:02:28.865000+00:00,438272.0,14995456.0,16691200.0,16691200.0,4.9,0.143163677,11.22,389447.0,0.0,0.0,1316.0,577809.0,0.0,0.0,965.0,0.0,0.0,0.0,0.0
2023-03-21 05:02:34.205000+00:00,438272.0,12451840.0,14426112.0,14426112.0,4.94,0.148336597,11.29,392017.0,0.0,0.0,1323.0,581520.0,0.0,0.0,970.0,0.0,0.0,0.0,0.0
2023-03-21 05:02:38.492000+00:00,438272.0,12451840.0,15015936.0,15015936.0,4.94,0.148336597,11.3,393291.0,0.0,0.0,1328.0,583478.0,0.0,0.0,974.0,0.0,0.0,0.0,0.0
2023-03-21 05:02:43.915000+00:00,438272.0,13438976.0,15376384.0,15376384.0,4.97,0.148336597,11.35,396342.0,0.0,0.0,1334.0,585497.0,0.0,0.0,979.0,0.0,0.0,0.0,0.0
2023-03-21 05:02:48.543000+00:00,438272.0,13438976.0,15376384.0,15376384.0,4.97,0.148336597,11.36,396342.0,0.0,0.0,1334.0,585497.0,0.0,0.0,981.0,0.0,0.0,0.0,0.0
2023-03-21 05:02:53.673000+00:00,438272.0,14446592.0,16285696.0,16285696.0,4.98,0.148336597,11.41,398792.0,0.0,0.0,1342.0,589271.0,0.0,0.0,985.0,0.0,0.0,0.0,0.0
2023-03-21 05:02:59.225000+00:00,438272.0,16162816.0,18063360.0,18063360.0,4.99,0.148336597,11.47,399224.0,0.0,0.0,1345.0,589271.0,0.0,0.0,985.0,0.0,0.0,0.0,0.0
2023-03-21 05:03:04.476000+00:00,458752.0,12689408.0,14417920.0,14417920.0,5.04,0.148336597,11.52,400353.0,0.0,0.0,1349.0,592981.0,0.0,0.0,990.0,0.0,0.0,0.0,0.0
2023-03-21 05:03:09.244000+00:00,458752.0,12689408.0,14417920.0,13824000.0,5.05,0.148336597,11.54,402978.0,0.0,0.0,1355.0,595005.0,0.0,0.0,995.0,0.0,0.0,0.0,0.0
2023-03-21 05:03:13.954000+00:00,458752.0,13942784.0,15638528.0,15638528.0,5.05,0.148336597,11.54,404061.0,0.0,0.0,1358.0,596826.0,0.0,0.0,997.0,0.0,0.0,0.0,0.0
2023-03-21 05:03:18.157000+00:00,458752.0,13942784.0,16711680.0,16711680.0,5.06,0.148336597,11.55,406471.0,0.0,0.0,1364.0,598855.0,0.0,0.0,1002.0,0.0,0.0,0.0,0.0
2023-03-21 05:03:24.866000+00:00,458752.0,14733312.0,16564224.0,16564224.0,5.12,0.148336597,11.64,408741.0,0.0,0.0,1369.0,600804.0,0.0,0.0,1006.0,0.0,0.0,0.0,0.0
2023-03-21 05:03:29.776000+00:00,458752.0,14733312.0,16564224.0,16564224.0,5.14,0.148336597,11.66,408741.0,0.0,0.0,1369.0,600804.0,0.0,0.0,1006.0,0.0,0.0,0.0,0.0
2023-03-21 05:03:33.406000+00:00,458752.0,16080896.0,17776640.0,17776640.0,5.14,0.148336597,11.67,410362.0,0.0,0.0,1376.0,604512.0,0.0,0.0,1011.0,0.0,0.0,0.0,0.0
2023-03-21 05:03:39.433000+00:00,458752.0,16080896.0,17776640.0,19955712.0,5.17,0.148336597,11.75,412862.0,0.0,0.0,1382.0,606534.0,0.0,0.0,1016.0,0.0,0.0,0.0,0.0
2023-03-21 05:03:44.157000+00:00,458752.0,15572992.0,17268736.0,17268736.0,5.18,0.148336597,11.78,414678.0,0.0,0.0,1386.0,608413.0,0.0,0.0,1019.0,0.0,0.0,0.0,0.0
2023-03-21 05:03:49.768000+00:00,458752.0,15572992.0,17592320.0,17592320.0,5.18,0.148336597,11.8,416249.0,0.0,0.0,1391.0,610371.0,0.0,0.0,1023.0,0.0,0.0,0.0,0.0
2023-03-21 05:03:53.614000+00:00,458752.0,15753216.0,17448960.0,17448960.0,5.18,0.148336597,11.81,416615.0,0.0,0.0,1393.0,612123.0,0.0,0.0,1024.0,0.0,0.0,0.0,0.0
2023-03-21 05:03:59.070000+00:00,458752.0,15753216.0,17448960.0,17448960.0,5.2,0.148336597,11.85,416615.0,0.0,0.0,1393.0,612123.0,0.0,0.0,1024.0,0.0,0.0,0.0,0.0
2023-03-21 05:04:03.541000+00:00,479232.0,17129472.0,18956288.0,18956288.0,5.2,0.148336597,11.87,421168.0,0.0,0.0,1404.0,616095.0,0.0,0.0,1033.0,0.0,0.0,0.0,0.0
2023-03-21 05:04:08.527000+00:00,479232.0,17129472.0,18956288.0,18956288.0,5.21,0.148336597,11.88,422360.0,0.0,0.0,1408.0,617994.0,0.0,0.0,1036.0,0.0,0.0,0.0,0.0
2023-03-21 05:04:13.731000+00:00,479232.0,14098432.0,15933440.0,15933440.0,5.26,0.148336597,11.99,422800.0,0.0,0.0,1411.0,619817.0,0.0,0.0,1038.0,0.0,0.0,0.0,0.0
2023-03-21 05:04:19.329000+00:00,479232.0,14098432.0,16670720.0,16670720.0,5.28,0.148336597,11.99,423306.0,0.0,0.0,1415.0,621712.0,0.0,0.0,1041.0,0.0,0.0,0.0,0.0
2023-03-21 05:04:23.944000+00:00,479232.0,14020608.0,15880192.0,15880192.0,5.29,0.148336597,12.02,425727.0,0.0,0.0,1420.0,623665.0,0.0,0.0,1045.0,0.0,0.0,0.0,0.0
2023-03-21 05:04:29.400000+00:00,479232.0,14020608.0,15880192.0,15880192.0,5.3,0.148336597,12.03,425727.0,0.0,0.0,1420.0,623665.0,0.0,0.0,1045.0,0.0,0.0,0.0,0.0
2023-03-21 05:04:34.159000+00:00,479232.0,12259328.0,13955072.0,13955072.0,5.32,0.148336597,12.07,427931.0,0.0,0.0,1427.0,627382.0,0.0,0.0,1050.0,0.0,0.0,0.0,0.0
2023-03-21 05:04:38.893000+00:00,479232.0,12259328.0,13955072.0,16322560.0,5.34,0.148336597,12.09,429139.0,0.0,0.0,1431.0,629273.0,0.0,0.0,1053.0,0.0,0.0,0.0,0.0
2023-03-21 05:04:43.727000+00:00,479232.0,16207872.0,17928192.0,17928192.0,5.34,0.148336597,12.11,430157.0,0.0,0.0,1434.0,631091.0,0.0,0.0,1055.0,0.0,0.0,0.0,0.0
2023-03-21 05:04:49.482000+00:00,479232.0,16207872.0,18567168.0,18567168.0,5.35,0.148336597,12.12,433866.0,0.0,0.0,1441.0,633184.0,0.0,0.0,1061.0,0.0,0.0,0.0,0.0
2023-03-21 05:04:53.560000+00:00,479232.0,17559552.0,19386368.0,19386368.0,5.35,0.148336597,12.15,435579.0,0.0,0.0,1445.0,635071.0,0.0,0.0,1064.0,0.0,0.0,0.0,0.0
2023-03-21 05:04:59.473000+00:00,499712.0,16015360.0,17747968.0,17747968.0,5.37,0.148336597,12.25,437346.0,0.0,0.0,1450.0,637034.0,0.0,0.0,1068.0,0.0,0.0,0.0,0.0
2023-03-21 05:05:04.421000+00:00,499712.0,15171584.0,16998400.0,16998400.0,5.43,0.148336597,12.34,438475.0,0.0,0.0,1454.0,638921.0,0.0,0.0,1071.0,0.0,0.0,0.0,0.0
2023-03-21 05:05:09.694000+00:00,499712.0,15171584.0,16998400.0,16998400.0,5.46,0.148336597,12.4,438475.0,0.0,0.0,1459.0,640882.0,0.0,0.0,1075.0,0.0,0.0,0.0,0.0
2023-03-21 05:05:13.937000+00:00,499712.0,15745024.0,17440768.0,17440768.0,5.46,0.148336597,12.41,441362.0,0.0,0.0,1462.0,642699.0,0.0,0.0,1077.0,0.0,0.0,0.0,0.0
2023-03-21 05:05:19.352000+00:00,499712.0,16789504.0,18485248.0,18485248.0,5.46,0.148336597,12.46,441868.0,0.0,0.0,1466.0,644596.0,0.0,0.0,1080.0,0.0,0.0,0.0,0.0
2023-03-21 05:05:24.523000+00:00,499712.0,18214912.0,20197376.0,20197376.0,5.48,0.148336597,12.48,442308.0,0.0,0.0,1469.0,646414.0,0.0,0.0,1082.0,0.0,0.0,0.0,0.0
2023-03-21 05:05:29.764000+00:00,499712.0,18214912.0,20197376.0,20197376.0,5.49,0.148336597,12.5,442308.0,0.0,0.0,1469.0,646414.0,0.0,0.0,1082.0,0.0,0.0,0.0,0.0
2023-03-21 05:05:33.950000+00:00,499712.0,12587008.0,14544896.0,14544896.0,5.56,0.148336597,12.59,447191.0,0.0,0.0,1480.0,650390.0,0.0,0.0,1091.0,0.0,0.0,0.0,0.0
2023-03-21 05:05:39.287000+00:00,499712.0,12587008.0,14544896.0,14544896.0,5.56,0.148336597,12.66,447191.0,0.0,0.0,1485.0,652347.0,0.0,0.0,1095.0,0.0,0.0,0.0,0.0
2023-03-21 05:05:43.440000+00:00,499712.0,12578816.0,14274560.0,14274560.0,5.6,0.148336597,12.72,450075.0,0.0,0.0,1489.0,654231.0,0.0,0.0,1098.0,0.0,0.0,0.0,0.0
2023-03-21 05:05:49.630000+00:00,499712.0,12578816.0,14643200.0,14643200.0,5.6,0.148336597,12.72,451896.0,0.0,0.0,1494.0,656191.0,0.0,0.0,1102.0,0.0,0.0,0.0,0.0
2023-03-21 05:05:54.223000+00:00,499712.0,15028224.0,16855040.0,16855040.0,5.61,0.148336597,12.76,452960.0,0.0,0.0,1497.0,658007.0,0.0,0.0,1104.0,0.0,0.0,0.0,0.0
2023-03-21 05:05:58.431000+00:00,499712.0,15028224.0,16855040.0,16855040.0,5.66,0.148552861,12.8,452960.0,0.0,0.0,1497.0,658007.0,0.0,0.0,1104.0,0.0,0.0,0.0,0.0
2023-03-21 05:06:04.300000+00:00,520192.0,15429632.0,17534976.0,17534976.0,5.68,0.149884357,12.9,458071.0,0.0,0.0,1508.0,661987.0,0.0,0.0,1113.0,0.0,0.0,0.0,0.0
2023-03-21 05:06:09.174000+00:00,520192.0,15429632.0,17534976.0,17534976.0,5.68,0.149884357,12.91,458071.0,0.0,0.0,1508.0,663882.0,0.0,0.0,1116.0,0.0,0.0,0.0,0.0
2023-03-21 05:06:14.046000+00:00,520192.0,15671296.0,17723392.0,17723392.0,5.72,0.149884357,13.02,459667.0,0.0,0.0,1515.0,665697.0,0.0,0.0,1118.0,0.0,0.0,0.0,0.0
2023-03-21 05:06:19.302000+00:00,520192.0,15671296.0,16912384.0,16912384.0,5.74,0.149884357,13.03,461928.0,0.0,0.0,1520.0,667657.0,0.0,0.0,1122.0,0.0,0.0,0.0,0.0
2023-03-21 05:06:23.708000+00:00,520192.0,15843328.0,17670144.0,17670144.0,5.74,0.149884357,13.04,463687.0,0.0,0.0,1524.0,669543.0,0.0,0.0,1125.0,0.0,0.0,0.0,0.0
2023-03-21 05:06:29.754000+00:00,520192.0,15843328.0,17670144.0,17670144.0,5.77,0.149884357,13.04,463687.0,0.0,0.0,1524.0,669543.0,0.0,0.0,1125.0,0.0,0.0,0.0,0.0
2023-03-21 05:06:34.669000+00:00,520192.0,13975552.0,15818752.0,15818752.0,5.79,0.149884357,13.11,466547.0,0.0,0.0,1532.0,673317.0,0.0,0.0,1131.0,0.0,0.0,0.0,0.0
2023-03-21 05:06:39.655000+00:00,520192.0,13975552.0,15818752.0,15818752.0,5.79,0.149884357,13.11,466547.0,0.0,0.0,1532.0,673317.0,0.0,0.0,1133.0,0.0,0.0,0.0,0.0
2023-03-21 05:06:44.217000+00:00,520192.0,15204352.0,16900096.0,16900096.0,5.8,0.149884357,13.12,468748.0,0.0,0.0,1539.0,677016.0,0.0,0.0,1136.0,0.0,0.0,0.0,0.0
2023-03-21 05:06:48.553000+00:00,520192.0,15994880.0,17694720.0,17694720.0,5.81,0.152642424,13.15,471309.0,0.0,0.0,1545.0,679042.0,0.0,0.0,1141.0,0.0,0.0,0.0,0.0
2023-03-21 05:06:54.225000+00:00,520192.0,15994880.0,17690624.0,17690624.0,5.81,0.153903547,13.16,473673.0,0.0,0.0,1550.0,680992.0,0.0,0.0,1145.0,0.0,0.0,0.0,0.0
2023-03-21 05:06:59.424000+00:00,520192.0,13643776.0,15601664.0,15601664.0,5.89,0.153903547,13.3,474794.0,0.0,0.0,1554.0,682885.0,0.0,0.0,1148.0,0.0,0.0,0.0,0.0
2023-03-21 05:07:04.423000+00:00,540672.0,12460032.0,14184448.0,14184448.0,5.93,0.153903547,13.4,475160.0,0.0,0.0,1556.0,684633.0,0.0,0.0,1149.0,0.0,0.0,0.0,0.0
2023-03-21 05:07:09.584000+00:00,540672.0,15736832.0,17436672.0,17436672.0,5.95,0.153903547,13.47,477026.0,0.0,0.0,1562.0,686657.0,0.0,0.0,1154.0,0.0,0.0,0.0,0.0
2023-03-21 05:07:13.955000+00:00,540672.0,16613376.0,18309120.0,18309120.0,5.95,0.153903547,13.49,477392.0,0.0,0.0,1564.0,688411.0,0.0,0.0,1155.0,0.0,0.0,0.0,0.0
2023-03-21 05:07:19.512000+00:00,540672.0,16613376.0,18812928.0,18812928.0,5.96,0.153903547,13.52,479541.0,0.0,0.0,1569.0,690375.0,0.0,0.0,1159.0,0.0,0.0,0.0,0.0
2023-03-21 05:07:24.602000+00:00,540672.0,17137664.0,18833408.0,18833408.0,5.96,0.153903547,13.54,479907.0,0.0,0.0,1571.0,692128.0,0.0,0.0,1160.0,0.0,0.0,0.0,0.0
2023-03-21 05:07:28.461000+00:00,540672.0,17100800.0,19296256.0,19296256.0,5.97,0.153903547,13.6,480413.0,0.0,0.0,1575.0,694024.0,0.0,0.0,1163.0,0.0,0.0,0.0,0.0
2023-03-21 05:07:33.879000+00:00,540672.0,18624512.0,21082112.0,21082112.0,5.98,0.153903547,13.62,480853.0,0.0,0.0,1578.0,695849.0,0.0,0.0,1165.0,0.0,0.0,0.0,0.0
2023-03-21 05:07:39.729000+00:00,540672.0,18624512.0,21082112.0,21082112.0,5.99,0.153903547,13.63,480853.0,0.0,0.0,1578.0,697947.0,0.0,0.0,1171.0,0.0,0.0,0.0,0.0
2023-03-21 05:07:44.678000+00:00,540672.0,12664832.0,14368768.0,14368768.0,6.04,0.153903547,13.7,485095.0,0.0,0.0,1588.0,699773.0,0.0,0.0,1173.0,0.0,0.0,0.0,0.0
2023-03-21 05:07:49.448000+00:00,540672.0,12664832.0,16211968.0,16211968.0,6.05,0.153903547,13.72,487704.0,0.0,0.0,1594.0,701798.0,0.0,0.0,1178.0,0.0,0.0,0.0,0.0
2023-03-21 05:07:53.714000+00:00,540672.0,15962112.0,17793024.0,17793024.0,6.05,0.153903547,13.74,490140.0,0.0,0.0,1599.0,703751.0,0.0,0.0,1182.0,0.0,0.0,0.0,0.0
2023-03-21 05:07:59.389000+00:00,540672.0,15962112.0,17793024.0,17793024.0,6.08,0.153903547,13.8,490140.0,0.0,0.0,1599.0,703751.0,0.0,0.0,1182.0,0.0,0.0,0.0,0.0
2023-03-21 05:08:03.795000+00:00,561152.0,14778368.0,17133568.0,17133568.0,6.12,0.153903547,13.87,493250.0,0.0,0.0,1607.0,707529.0,0.0,0.0,1188.0,0.0,0.0,0.0,0.0
2023-03-21 05:08:09.486000+00:00,561152.0,14778368.0,17133568.0,17133568.0,6.13,0.153903547,13.9,493250.0,0.0,0.0,1607.0,707529.0,0.0,0.0,1191.0,0.0,0.0,0.0,0.0
2023-03-21 05:08:14.017000+00:00,561152.0,16662528.0,18411520.0,18411520.0,6.14,0.153903547,13.96,494866.0,0.0,0.0,1615.0,711308.0,0.0,0.0,1194.0,0.0,0.0,0.0,0.0
2023-03-21 05:08:19.457000+00:00,561152.0,16662528.0,18411520.0,18771968.0,6.15,0.153903547,13.98,495989.0,0.0,0.0,1619.0,713203.0,0.0,0.0,1197.0,0.0,0.0,0.0,0.0
2023-03-21 05:08:24.343000+00:00,561152.0,17108992.0,18923520.0,18923520.0,6.15,0.153903547,13.98,497039.0,0.0,0.0,1622.0,715027.0,0.0,0.0,1199.0,0.0,0.0,0.0,0.0
2023-03-21 05:08:28.375000+00:00,561152.0,17108992.0,18923520.0,18923520.0,6.15,0.153903547,13.99,497039.0,0.0,0.0,1622.0,715027.0,0.0,0.0,1199.0,0.0,0.0,0.0,0.0
2023-03-21 05:08:33.347000+00:00,561152.0,14729216.0,16891904.0,16891904.0,6.18,0.153903547,14.08,499201.0,0.0,0.0,1629.0,718747.0,0.0,0.0,1204.0,0.0,0.0,0.0,0.0
2023-03-21 05:08:38.790000+00:00,561152.0,16605184.0,18305024.0,18305024.0,6.23,0.15637296,14.14,503220.0,0.0,0.0,1637.0,720906.0,0.0,0.0,1211.0,0.0,0.0,0.0,0.0
2023-03-21 05:08:43.993000+00:00,561152.0,14663680.0,16519168.0,16519168.0,6.25,0.158652555,14.18,504537.0,0.0,0.0,1640.0,722726.0,0.0,0.0,1213.0,0.0,0.0,0.0,0.0
2023-03-21 05:08:49.456000+00:00,561152.0,14663680.0,16519168.0,16437248.0,6.25,0.158652555,14.18,505646.0,0.0,0.0,1644.0,724618.0,0.0,0.0,1216.0,0.0,0.0,0.0,0.0
2023-03-21 05:08:54.611000+00:00,561152.0,14770176.0,16470016.0,16470016.0,6.25,0.158652555,14.19,507399.0,0.0,0.0,1648.0,726503.0,0.0,0.0,1219.0,0.0,0.0,0.0,0.0
2023-03-21 05:08:59.453000+00:00,561152.0,15446016.0,16470016.0,16470016.0,6.28,0.168689599,14.28,507399.0,0.0,0.0,1648.0,726503.0,0.0,0.0,1219.0,0.0,0.0,0.0,0.0
2023-03-21 05:09:04.682000+00:00,581632.0,15839232.0,17670144.0,17670144.0,6.28,0.168689599,14.31,510949.0,0.0,0.0,1657.0,730344.0,0.0,0.0,1226.0,0.0,0.0,0.0,0.0
2023-03-21 05:09:09.062000+00:00,581632.0,15839232.0,17670144.0,17670144.0,6.29,0.168689599,14.33,510949.0,0.0,0.0,1657.0,730344.0,0.0,0.0,1228.0,0.0,0.0,0.0,0.0
2023-03-21 05:09:14.893000+00:00,581632.0,16195584.0,17895424.0,17895424.0,6.3,0.168689599,14.35,513231.0,0.0,0.0,1664.0,734057.0,0.0,0.0,1231.0,0.0,0.0,0.0,0.0
2023-03-21 05:09:18.424000+00:00,581632.0,16195584.0,18698240.0,18698240.0,6.31,0.168689599,14.36,513737.0,0.0,0.0,1668.0,735952.0,0.0,0.0,1234.0,0.0,0.0,0.0,0.0
2023-03-21 05:09:24.545000+00:00,581632.0,17973248.0,19714048.0,19714048.0,6.33,0.168689599,14.39,515758.0,0.0,0.0,1672.0,737837.0,0.0,0.0,1237.0,0.0,0.0,0.0,0.0
2023-03-21 05:09:29.475000+00:00,581632.0,17973248.0,19677184.0,19677184.0,6.33,0.168689599,14.39,516190.0,0.0,0.0,1675.0,739669.0,0.0,0.0,1239.0,0.0,0.0,0.0,0.0
2023-03-21 05:09:33.905000+00:00,581632.0,16375808.0,18595840.0,18595840.0,6.34,0.168689599,14.48,517265.0,0.0,0.0,1678.0,741491.0,0.0,0.0,1241.0,0.0,0.0,0.0,0.0
2023-03-21 05:09:38.704000+00:00,581632.0,16375808.0,18595840.0,18595840.0,6.35,0.168689599,14.54,517265.0,0.0,0.0,1678.0,743383.0,0.0,0.0,1244.0,0.0,0.0,0.0,0.0
2023-03-21 05:09:44.408000+00:00,581632.0,16367616.0,18169856.0,18169856.0,6.36,0.168689599,14.56,519560.0,0.0,0.0,1686.0,745267.0,0.0,0.0,1247.0,0.0,0.0,0.0,0.0
2023-03-21 05:09:48.327000+00:00,581632.0,14458880.0,16584704.0,16584704.0,6.38,0.168689599,14.56,521371.0,0.0,0.0,1691.0,747232.0,0.0,0.0,1251.0,0.0,0.0,0.0,0.0
2023-03-21 05:09:54.478000+00:00,581632.0,15220736.0,16953344.0,16953344.0,6.4,0.168689599,14.62,522368.0,0.0,0.0,1694.0,749050.0,0.0,0.0,1253.0,0.0,0.0,0.0,0.0
2023-03-21 05:09:59.722000+00:00,581632.0,15220736.0,16953344.0,16953344.0,6.4,0.168689599,14.64,522368.0,0.0,0.0,1694.0,749050.0,0.0,0.0,1253.0,0.0,0.0,0.0,0.0
2023-03-21 05:10:04.614000+00:00,598016.0,17678336.0,19623936.0,19623936.0,6.41,0.168689599,14.64,526173.0,0.0,0.0,1703.0,752892.0,0.0,0.0,1260.0,0.0,0.0,0.0,0.0
2023-03-21 05:10:08.622000+00:00,598016.0,13115392.0,14848000.0,14848000.0,6.45,0.168689599,14.71,527282.0,0.0,0.0,1707.0,754787.0,0.0,0.0,1263.0,0.0,0.0,0.0,0.0
2023-03-21 05:10:13.979000+00:00,598016.0,14409728.0,16371712.0,16371712.0,6.46,0.168689599,14.73,528657.0,0.0,0.0,1710.0,756606.0,0.0,0.0,1265.0,0.0,0.0,0.0,0.0
2023-03-21 05:10:18.159000+00:00,598016.0,14409728.0,17108992.0,17108992.0,6.49,0.168689599,14.76,530437.0,0.0,0.0,1715.0,758562.0,0.0,0.0,1269.0,0.0,0.0,0.0,0.0
2023-03-21 05:10:24.644000+00:00,598016.0,15814656.0,17514496.0,17514496.0,6.49,0.168689599,14.78,532187.0,0.0,0.0,1720.0,760511.0,0.0,0.0,1273.0,0.0,0.0,0.0,0.0
2023-03-21 05:10:28.546000+00:00,598016.0,15814656.0,17514496.0,17514496.0,6.53,0.168689599,14.87,532187.0,0.0,0.0,1720.0,760511.0,0.0,0.0,1273.0,0.0,0.0,0.0,0.0
2023-03-21 05:10:34.570000+00:00,598016.0,16338944.0,18169856.0,18169856.0,6.56,0.168689599,14.9,536351.0,0.0,0.0,1730.0,764417.0,0.0,0.0,1281.0,0.0,0.0,0.0,0.0
2023-03-21 05:10:39.140000+00:00,598016.0,16338944.0,18169856.0,18046976.0,6.56,0.168689599,14.91,537420.0,0.0,0.0,1734.0,766305.0,0.0,0.0,1284.0,0.0,0.0,0.0,0.0
2023-03-21 05:10:43.895000+00:00,598016.0,14323712.0,16273408.0,16273408.0,6.6,0.168689599,15.03,539137.0,0.0,0.0,1738.0,768189.0,0.0,0.0,1287.0,0.0,0.0,0.0,0.0
2023-03-21 05:10:48.654000+00:00,598016.0,14323712.0,16023552.0,16023552.0,6.6,0.168689599,15.03,541056.0,0.0,0.0,1743.0,770146.0,0.0,0.0,1291.0,0.0,0.0,0.0,0.0
2023-03-21 05:10:54.681000+00:00,598016.0,14323712.0,16023552.0,16023552.0,6.62,0.168689599,15.06,542047.0,0.0,0.0,1746.0,771962.0,0.0,0.0,1293.0,0.0,0.0,0.0,0.0
2023-03-21 05:10:59.346000+00:00,598016.0,16097280.0,16023552.0,16023552.0,6.63,0.168689599,15.09,542047.0,0.0,0.0,1746.0,771962.0,0.0,0.0,1293.0,0.0,0.0,0.0,0.0
2023-03-21 05:11:04.186000+00:00,618496.0,11448320.0,13320192.0,13320192.0,6.66,0.168689599,15.19,544371.0,0.0,0.0,1754.0,775734.0,0.0,0.0,1299.0,0.0,0.0,0.0,0.0
2023-03-21 05:11:08.587000+00:00,618496.0,11448320.0,13320192.0,13320192.0,6.7,0.168689599,15.23,544371.0,0.0,0.0,1759.0,777624.0,0.0,0.0,1302.0,0.0,0.0,0.0,0.0
2023-03-21 05:11:14.653000+00:00,618496.0,13193216.0,15056896.0,15056896.0,6.71,0.168689599,15.25,546022.0,0.0,0.0,1762.0,779442.0,0.0,0.0,1304.0,0.0,0.0,0.0,0.0
2023-03-21 05:11:18.855000+00:00,618496.0,13193216.0,15654912.0,15654912.0,6.72,0.168689599,15.25,546528.0,0.0,0.0,1766.0,781336.0,0.0,0.0,1307.0,0.0,0.0,0.0,0.0
2023-03-21 05:11:24.334000+00:00,618496.0,14651392.0,16515072.0,16515072.0,6.74,0.168689599,15.34,548323.0,0.0,0.0,1771.0,783288.0,0.0,0.0,1311.0,0.0,0.0,0.0,0.0
2023-03-21 05:11:29.133000+00:00,618496.0,14651392.0,14864384.0,14864384.0,6.77,0.168689599,15.38,549475.0,0.0,0.0,1775.0,785183.0,0.0,0.0,1314.0,0.0,0.0,0.0,0.0
2023-03-21 05:11:33.578000+00:00,618496.0,13639680.0,15339520.0,15339520.0,6.77,0.168689599,15.39,550488.0,0.0,0.0,1778.0,786999.0,0.0,0.0,1316.0,0.0,0.0,0.0,0.0
2023-03-21 05:11:39.773000+00:00,618496.0,13639680.0,15339520.0,15339520.0,6.77,0.168689599,15.5,550488.0,0.0,0.0,1778.0,789097.0,0.0,0.0,1322.0,0.0,0.0,0.0,0.0
2023-03-21 05:11:44.342000+00:00,618496.0,16351232.0,18051072.0,18051072.0,6.77,0.168689599,15.5,554409.0,0.0,0.0,1787.0,790850.0,0.0,0.0,1323.0,0.0,0.0,0.0,0.0
2023-03-21 05:11:49.048000+00:00,618496.0,16826368.0,18530304.0,18530304.0,6.79,0.168689599,15.5,556109.0,0.0,0.0,1792.0,792810.0,0.0,0.0,1327.0,0.0,0.0,0.0,0.0
2023-03-21 05:11:54.009000+00:00,618496.0,15925248.0,17625088.0,17625088.0,6.82,0.168689599,15.66,557156.0,0.0,0.0,1795.0,794624.0,0.0,0.0,1329.0,0.0,0.0,0.0,0.0
2023-03-21 05:11:59.388000+00:00,618496.0,15925248.0,17707008.0,17707008.0,6.82,0.168689599,15.67,559067.0,0.0,0.0,1800.0,796581.0,0.0,0.0,1333.0,0.0,0.0,0.0,0.0
2023-03-21 05:12:03.876000+00:00,634880.0,15679488.0,17383424.0,17383424.0,6.83,0.168689599,15.76,559433.0,0.0,0.0,1802.0,798339.0,0.0,0.0,1334.0,0.0,0.0,0.0,0.0
2023-03-21 05:12:09.268000+00:00,634880.0,15679488.0,17383424.0,17383424.0,6.86,0.168689599,15.8,559433.0,0.0,0.0,1808.0,800371.0,0.0,0.0,1339.0,0.0,0.0,0.0,0.0
2023-03-21 05:12:13.638000+00:00,634880.0,13385728.0,15171584.0,15171584.0,6.86,0.168689599,15.84,562424.0,0.0,0.0,1811.0,802189.0,0.0,0.0,1341.0,0.0,0.0,0.0,0.0
2023-03-21 05:12:19.058000+00:00,634880.0,13385728.0,16007168.0,16007168.0,6.88,0.168689599,15.84,563538.0,0.0,0.0,1815.0,804084.0,0.0,0.0,1344.0,0.0,0.0,0.0,0.0
2023-03-21 05:12:24.247000+00:00,634880.0,15081472.0,16785408.0,16785408.0,6.88,0.168689599,15.93,565206.0,0.0,0.0,1819.0,805971.0,0.0,0.0,1347.0,0.0,0.0,0.0,0.0
2023-03-21 05:12:28.801000+00:00,634880.0,15081472.0,16785408.0,16785408.0,6.91,0.168689599,15.93,565206.0,0.0,0.0,1819.0,805971.0,0.0,0.0,1347.0,0.0,0.0,0.0,0.0
2023-03-21 05:12:34.308000+00:00,634880.0,16461824.0,18169856.0,18169856.0,6.94,0.168689599,16.04,568787.0,0.0,0.0,1828.0,809818.0,0.0,0.0,1354.0,0.0,0.0,0.0,0.0
2023-03-21 05:12:38.098000+00:00,634880.0,16461824.0,18169856.0,18169856.0,6.94,0.168689599,16.04,568787.0,0.0,0.0,1833.0,811773.0,0.0,0.0,1358.0,0.0,0.0,0.0,0.0
2023-03-21 05:12:44.550000+00:00,634880.0,17559552.0,19259392.0,19259392.0,6.97,0.168689599,16.06,571576.0,0.0,0.0,1836.0,813594.0,0.0,0.0,1360.0,0.0,0.0,0.0,0.0
2023-03-21 05:12:48.484000+00:00,634880.0,17788928.0,19619840.0,19619840.0,6.97,0.168689599,16.06,573452.0,0.0,0.0,1841.0,815556.0,0.0,0.0,1364.0,0.0,0.0,0.0,0.0
2023-03-21 05:12:54.681000+00:00,634880.0,15560704.0,17281024.0,17281024.0,7.0,0.168689599,16.12,573818.0,0.0,0.0,1843.0,817307.0,0.0,0.0,1365.0,0.0,0.0,0.0,0.0
2023-03-21 05:12:59.219000+00:00,634880.0,13221888.0,17281024.0,17281024.0,7.02,0.168689599,16.12,573818.0,0.0,0.0,1843.0,817307.0,0.0,0.0,1365.0,0.0,0.0,0.0,0.0
2023-03-21 05:13:03.875000+00:00,651264.0,14954496.0,16822272.0,16822272.0,7.05,0.168689599,16.23,576686.0,0.0,0.0,1852.0,821153.0,0.0,0.0,1372.0,0.0,0.0,0.0,0.0
2023-03-21 05:13:09.841000+00:00,651264.0,14954496.0,16822272.0,16822272.0,7.06,0.168689599,16.24,576686.0,0.0,0.0,1855.0,822978.0,0.0,0.0,1374.0,0.0,0.0,0.0,0.0
2023-03-21 05:13:14.215000+00:00,651264.0,15708160.0,17408000.0,17408000.0,7.06,0.168689599,16.25,577558.0,0.0,0.0,1858.0,824797.0,0.0,0.0,1376.0,0.0,0.0,0.0,0.0
2023-03-21 05:13:19.044000+00:00,651264.0,16019456.0,17948672.0,17948672.0,7.08,0.168689599,16.32,578700.0,0.0,0.0,1862.0,826688.0,0.0,0.0,1379.0,0.0,0.0,0.0,0.0
2023-03-21 05:13:23.856000+00:00,651264.0,14630912.0,16482304.0,16482304.0,7.1,0.168689599,16.4,579902.0,0.0,0.0,1865.0,828511.0,0.0,0.0,1381.0,0.0,0.0,0.0,0.0
2023-03-21 05:13:29.774000+00:00,651264.0,15589376.0,17801216.0,17801216.0,7.12,0.174114763,16.44,582445.0,0.0,0.0,1871.0,830537.0,0.0,0.0,1381.0,0.0,0.0,0.0,0.0
2023-03-21 05:13:34.886000+00:00,651264.0,12984320.0,14684160.0,14684160.0,7.17,0.175126843,16.54,584447.0,0.0,0.0,1875.0,832421.0,0.0,0.0,1389.0,0.0,0.0,0.0,0.0
2023-03-21 05:13:39.016000+00:00,651264.0,12984320.0,14684160.0,14815232.0,7.18,0.175126843,16.59,586286.0,0.0,0.0,1880.0,834382.0,0.0,0.0,1393.0,0.0,0.0,0.0,0.0
2023-03-21 05:13:43.567000+00:00,651264.0,15495168.0,17235968.0,17235968.0,7.18,0.175126843,16.66,586652.0,0.0,0.0,1882.0,836139.0,0.0,0.0,1394.0,0.0,0.0,0.0,0.0
2023-03-21 05:13:49.207000+00:00,651264.0,17092608.0,18825216.0,18825216.0,7.2,0.175126843,16.69,587766.0,0.0,0.0,1886.0,838032.0,0.0,0.0,1397.0,0.0,0.0,0.0,0.0
2023-03-21 05:13:53.907000+00:00,651264.0,17092608.0,18792448.0,18792448.0,7.2,0.175126843,16.7,588795.0,0.0,0.0,1889.0,839851.0,0.0,0.0,1399.0,0.0,0.0,0.0,0.0
2023-03-21 05:13:58.813000+00:00,651264.0,17092608.0,18792448.0,18792448.0,7.21,0.175126843,16.71,588795.0,0.0,0.0,1889.0,839851.0,0.0,0.0,1399.0,0.0,0.0,0.0,0.0
2023-03-21 05:14:04.388000+00:00,667648.0,15495168.0,17326080.0,17326080.0,7.23,0.175126843,16.75,589741.0,0.0,0.0,1896.0,843564.0,0.0,0.0,1404.0,0.0,0.0,0.0,0.0
2023-03-21 05:14:09.571000+00:00,667648.0,15495168.0,18120704.0,18120704.0,7.24,0.175126843,16.75,591543.0,0.0,0.0,1902.0,845594.0,0.0,0.0,1409.0,0.0,0.0,0.0,0.0
2023-03-21 05:14:14.008000+00:00,667648.0,14667776.0,16760832.0,16760832.0,7.27,0.175126843,16.83,592625.0,0.0,0.0,1905.0,847409.0,0.0,0.0,1411.0,0.0,0.0,0.0,0.0
2023-03-21 05:14:19.223000+00:00,667648.0,14667776.0,16760832.0,16760832.0,7.29,0.175523132,16.86,593906.0,0.0,0.0,1909.0,849304.0,0.0,0.0,1414.0,0.0,0.0,0.0,0.0
2023-03-21 05:14:23.984000+00:00,667648.0,13402112.0,15106048.0,15106048.0,7.35,0.176669302,16.93,595017.0,0.0,0.0,1913.0,851189.0,0.0,0.0,1417.0,0.0,0.0,0.0,0.0
2023-03-21 05:14:29.216000+00:00,667648.0,13402112.0,15106048.0,15106048.0,7.37,0.1769209,16.95,595017.0,0.0,0.0,1913.0,851189.0,0.0,0.0,1417.0,0.0,0.0,0.0,0.0
2023-03-21 05:14:34.270000+00:00,667648.0,15708160.0,17408000.0,17408000.0,7.39,0.17796509,16.97,598679.0,0.0,0.0,1922.0,855027.0,0.0,0.0,1424.0,0.0,0.0,0.0,0.0
2023-03-21 05:14:39.548000+00:00,667648.0,15708160.0,17408000.0,16658432.0,7.4,0.178881777,17.03,600452.0,0.0,0.0,1927.0,856986.0,0.0,0.0,1428.0,0.0,0.0,0.0,0.0
2023-03-21 05:14:43.299000+00:00,667648.0,14733312.0,16531456.0,16531456.0,7.41,0.178881777,17.04,601546.0,0.0,0.0,1930.0,858811.0,0.0,0.0,1430.0,0.0,0.0,0.0,0.0
2023-03-21 05:14:49.671000+00:00,667648.0,14741504.0,16445440.0,16445440.0,7.41,0.178881777,17.06,604030.0,0.0,0.0,1937.0,860836.0,0.0,0.0,1435.0,0.0,0.0,0.0,0.0
2023-03-21 05:14:53.644000+00:00,667648.0,15069184.0,16769024.0,16769024.0,7.41,0.178881777,17.06,604470.0,0.0,0.0,1940.0,862658.0,0.0,0.0,1437.0,0.0,0.0,0.0,0.0
2023-03-21 05:14:59.455000+00:00,684032.0,15069184.0,16769024.0,16769024.0,7.43,0.1790449,17.11,604470.0,0.0,0.0,1940.0,862658.0,0.0,0.0,1437.0,0.0,0.0,0.0,0.0
2023-03-21 05:15:04.053000+00:00,684032.0,15925248.0,17895424.0,17895424.0,7.46,0.181401211,17.19,606544.0,0.0,0.0,1947.0,866375.0,0.0,0.0,1442.0,0.0,0.0,0.0,0.0
2023-03-21 05:15:09.723000+00:00,684032.0,15925248.0,17895424.0,17895424.0,7.46,0.181466014,17.22,607817.0,0.0,0.0,1952.0,868339.0,0.0,0.0,1446.0,0.0,0.0,0.0,0.0
2023-03-21 05:15:13.629000+00:00,684032.0,15855616.0,17559552.0,17559552.0,7.5,0.183335834,17.25,608183.0,0.0,0.0,1954.0,870092.0,0.0,0.0,1447.0,0.0,0.0,0.0,0.0
2023-03-21 05:15:19.377000+00:00,684032.0,14188544.0,15888384.0,15888384.0,7.54,0.184775114,17.36,609266.0,0.0,0.0,1958.0,871985.0,0.0,0.0,1450.0,0.0,0.0,0.0,0.0
2023-03-21 05:15:23.969000+00:00,684032.0,15368192.0,17072128.0,17072128.0,7.54,0.187259736,17.37,610433.0,0.0,0.0,1962.0,873871.0,0.0,0.0,1453.0,0.0,0.0,0.0,0.0
2023-03-21 05:15:28.629000+00:00,684032.0,16801792.0,19992576.0,19992576.0,7.55,0.190967142,17.38,610865.0,0.0,0.0,1965.0,875700.0,0.0,0.0,1455.0,0.0,0.0,0.0,0.0
2023-03-21 05:15:34.639000+00:00,684032.0,17850368.0,19550208.0,19550208.0,7.56,0.190967142,17.4,611305.0,0.0,0.0,1968.0,877516.0,0.0,0.0,1457.0,0.0,0.0,0.0,0.0
2023-03-21 05:15:38.723000+00:00,684032.0,17850368.0,19550208.0,19550208.0,7.61,0.190967142,17.5,611811.0,0.0,0.0,1972.0,879411.0,0.0,0.0,1460.0,0.0,0.0,0.0,0.0
2023-03-21 05:15:43.484000+00:00,684032.0,15663104.0,17485824.0,17485824.0,7.62,0.190967142,17.51,612821.0,0.0,0.0,1975.0,881232.0,0.0,0.0,1462.0,0.0,0.0,0.0,0.0
2023-03-21 05:15:49.251000+00:00,684032.0,16949248.0,18690048.0,18690048.0,7.62,0.190967142,17.51,614764.0,0.0,0.0,1980.0,883193.0,0.0,0.0,1466.0,0.0,0.0,0.0,0.0
2023-03-21 05:15:54.606000+00:00,684032.0,16961536.0,18661376.0,18661376.0,7.62,0.190967142,17.52,617197.0,0.0,0.0,1985.0,885146.0,0.0,0.0,1470.0,0.0,0.0,0.0,0.0
2023-03-21 05:15:59.856000+00:00,696320.0,14942208.0,16777216.0,16777216.0,7.7,0.190967142,17.61,618993.0,0.0,0.0,1990.0,887106.0,0.0,0.0,1474.0,0.0,0.0,0.0,0.0
2023-03-21 05:16:04.037000+00:00,696320.0,15601664.0,18100224.0,18100224.0,7.72,0.190967142,17.62,621699.0,0.0,0.0,1995.0,889058.0,0.0,0.0,1478.0,0.0,0.0,0.0,0.0
2023-03-21 05:16:09.868000+00:00,696320.0,15601664.0,18100224.0,18100224.0,7.72,0.190967142,17.63,621699.0,0.0,0.0,2001.0,891083.0,0.0,0.0,1483.0,0.0,0.0,0.0,0.0
2023-03-21 05:16:14.044000+00:00,696320.0,16244736.0,17948672.0,17948672.0,7.76,0.190967142,17.68,625859.0,0.0,0.0,2005.0,892963.0,0.0,0.0,1486.0,0.0,0.0,0.0,0.0
2023-03-21 05:16:18.537000+00:00,696320.0,16244736.0,17948672.0,17948672.0,7.79,0.190967142,17.72,625859.0,0.0,0.0,2005.0,892963.0,0.0,0.0,1486.0,0.0,0.0,0.0,0.0
2023-03-21 05:16:24.421000+00:00,696320.0,16793600.0,19550208.0,19550208.0,7.82,0.190967142,17.8,629515.0,0.0,0.0,2014.0,896814.0,0.0,0.0,1493.0,0.0,0.0,0.0,0.0
2023-03-21 05:16:29.751000+00:00,696320.0,16793600.0,19550208.0,19550208.0,7.82,0.190967142,17.8,629515.0,0.0,0.0,2014.0,896814.0,0.0,0.0,1493.0,0.0,0.0,0.0,0.0
2023-03-21 05:16:33.449000+00:00,696320.0,13168640.0,15204352.0,15204352.0,7.86,0.190967142,17.84,631024.0,0.0,0.0,2020.0,900467.0,0.0,0.0,1497.0,0.0,0.0,0.0,0.0
2023-03-21 05:16:39.568000+00:00,696320.0,13168640.0,15204352.0,15204352.0,7.86,0.190967142,17.86,631024.0,0.0,0.0,2020.0,900467.0,0.0,0.0,1501.0,0.0,0.0,0.0,0.0
2023-03-21 05:16:44.189000+00:00,696320.0,15720448.0,17580032.0,17580032.0,7.88,0.190967142,17.92,632571.0,0.0,0.0,2027.0,904177.0,0.0,0.0,1502.0,0.0,0.0,0.0,0.0
2023-03-21 05:16:48.641000+00:00,696320.0,15720448.0,17580032.0,17580032.0,7.88,0.190967142,17.94,632571.0,0.0,0.0,2027.0,904177.0,0.0,0.0,1502.0,0.0,0.0,0.0,0.0
2023-03-21 05:16:53.436000+00:00,696320.0,16777216.0,18477056.0,18477056.0,7.89,0.190967142,18.01,634220.0,0.0,0.0,2035.0,907957.0,0.0,0.0,1508.0,0.0,0.0,0.0,0.0
2023-03-21 05:16:58.833000+00:00,716800.0,14860288.0,16846848.0,16846848.0,7.91,0.190967142,18.06,637455.0,0.0,0.0,2042.0,910053.0,0.0,0.0,1514.0,0.0,0.0,0.0,0.0
2023-03-21 05:17:04.694000+00:00,716800.0,14860288.0,16560128.0,16560128.0,7.91,0.190967142,18.07,637821.0,0.0,0.0,2044.0,911802.0,0.0,0.0,1515.0,0.0,0.0,0.0,0.0
2023-03-21 05:17:08.445000+00:00,716800.0,14860288.0,16560128.0,16560128.0,7.93,0.190967142,18.11,637821.0,0.0,0.0,2044.0,911802.0,0.0,0.0,1518.0,0.0,0.0,0.0,0.0
2023-03-21 05:17:13.935000+00:00,716800.0,15712256.0,17575936.0,17575936.0,7.93,0.190967142,18.12,639347.0,0.0,0.0,2051.0,915515.0,0.0,0.0,1520.0,0.0,0.0,0.0,0.0
2023-03-21 05:17:18.252000+00:00,716800.0,13312000.0,15536128.0,15536128.0,7.97,0.190967142,18.16,639853.0,0.0,0.0,2055.0,917407.0,0.0,0.0,1523.0,0.0,0.0,0.0,0.0
2023-03-21 05:17:24.564000+00:00,716800.0,14675968.0,18042880.0,18042880.0,7.97,0.190967142,18.19,642836.0,0.0,0.0,2061.0,919424.0,0.0,0.0,1528.0,0.0,0.0,0.0,0.0
2023-03-21 05:17:29.606000+00:00,716800.0,14675968.0,18042880.0,18042880.0,7.98,0.190967142,18.22,642836.0,0.0,0.0,2061.0,919424.0,0.0,0.0,1528.0,0.0,0.0,0.0,0.0
2023-03-21 05:17:33.805000+00:00,716800.0,13103104.0,14925824.0,14925824.0,8.0,0.190967142,18.33,645799.0,0.0,0.0,2070.0,923277.0,0.0,0.0,1535.0,0.0,0.0,0.0,0.0
2023-03-21 05:17:39.114000+00:00,716800.0,13103104.0,14925824.0,14925824.0,8.0,0.190967142,18.36,645799.0,0.0,0.0,2070.0,923277.0,0.0,0.0,1535.0,0.0,0.0,0.0,0.0
2023-03-21 05:17:44.424000+00:00,716800.0,16756736.0,18493440.0,18493440.0,8.01,0.190967142,18.37,649213.0,0.0,0.0,2078.0,927055.0,0.0,0.0,1541.0,0.0,0.0,0.0,0.0
2023-03-21 05:17:49.161000+00:00,716800.0,16756736.0,19673088.0,19673088.0,8.01,0.190967142,18.38,650994.0,0.0,0.0,2083.0,929013.0,0.0,0.0,1545.0,0.0,0.0,0.0,0.0
2023-03-21 05:17:54.584000+00:00,716800.0,15880192.0,17711104.0,17711104.0,8.04,0.198316911,18.42,651999.0,0.0,0.0,2086.0,930836.0,0.0,0.0,1547.0,0.0,0.0,0.0,0.0
2023-03-21 05:17:59.013000+00:00,733184.0,15880192.0,17711104.0,17711104.0,8.04,0.198316911,18.43,651999.0,0.0,0.0,2086.0,930836.0,0.0,0.0,1547.0,0.0,0.0,0.0,0.0
2023-03-21 05:18:04.656000+00:00,733184.0,13365248.0,15065088.0,15065088.0,8.05,0.198316911,18.49,654150.0,0.0,0.0,2093.0,934556.0,0.0,0.0,1552.0,0.0,0.0,0.0,0.0
2023-03-21 05:18:09.244000+00:00,733184.0,13365248.0,15294464.0,15294464.0,8.07,0.198536174,18.52,656487.0,0.0,0.0,2099.0,936583.0,0.0,0.0,1557.0,0.0,0.0,0.0,0.0
2023-03-21 05:18:13.625000+00:00,733184.0,15769600.0,17514496.0,17514496.0,8.1,0.199207836,18.58,660107.0,0.0,0.0,2106.0,938666.0,0.0,0.0,1563.0,0.0,0.0,0.0,0.0
2023-03-21 05:18:18.899000+00:00,733184.0,15769600.0,18354176.0,18354176.0,8.1,0.199207836,18.59,663306.0,0.0,0.0,2113.0,940763.0,0.0,0.0,1569.0,0.0,0.0,0.0,0.0
2023-03-21 05:18:23.650000+00:00,733184.0,16736256.0,18685952.0,18685952.0,8.13,0.2025472,18.66,664419.0,0.0,0.0,2116.0,942579.0,0.0,0.0,1571.0,0.0,0.0,0.0,0.0
2023-03-21 05:18:29.678000+00:00,733184.0,17543168.0,19419136.0,19419136.0,8.15,0.2025472,18.7,664925.0,0.0,0.0,2120.0,944470.0,0.0,0.0,1571.0,0.0,0.0,0.0,0.0
2023-03-21 05:18:33.473000+00:00,733184.0,17559552.0,19537920.0,19537920.0,8.15,0.2025472,18.72,665365.0,0.0,0.0,2123.0,946290.0,0.0,0.0,1576.0,0.0,0.0,0.0,0.0
2023-03-21 05:18:38.141000+00:00,733184.0,17559552.0,19922944.0,19922944.0,8.15,0.2025472,18.73,665871.0,0.0,0.0,2127.0,948182.0,0.0,0.0,1579.0,0.0,0.0,0.0,0.0
2023-03-21 05:18:44.413000+00:00,733184.0,18452480.0,20312064.0,20312064.0,8.18,0.2025472,18.76,666930.0,0.0,0.0,2130.0,949999.0,0.0,0.0,1581.0,0.0,0.0,0.0,0.0
2023-03-21 05:18:48.678000+00:00,733184.0,18452480.0,20312064.0,17833984.0,8.21,0.217536735,18.76,668021.0,0.0,0.0,2135.0,951961.0,0.0,0.0,1585.0,0.0,0.0,0.0,0.0
2023-03-21 05:18:53.435000+00:00,733184.0,16101376.0,17833984.0,17833984.0,8.21,0.218548824,18.84,669061.0,0.0,0.0,2138.0,953780.0,0.0,0.0,1587.0,0.0,0.0,0.0,0.0
2023-03-21 05:18:59.450000+00:00,733184.0,16101376.0,17833984.0,17833984.0,8.24,0.220798786,18.92,669061.0,0.0,0.0,2138.0,953780.0,0.0,0.0,1587.0,0.0,0.0,0.0,0.0
2023-03-21 05:19:04.200000+00:00,753664.0,17620992.0,19353600.0,19353600.0,8.24,0.220798786,18.93,669933.0,0.0,0.0,2144.0,957430.0,0.0,0.0,1591.0,0.0,0.0,0.0,0.0
2023-03-21 05:19:08.980000+00:00,753664.0,14802944.0,16564224.0,16564224.0,8.26,0.223212916,19.02,671036.0,0.0,0.0,2148.0,959322.0,0.0,0.0,1594.0,0.0,0.0,0.0,0.0
2023-03-21 05:19:14.612000+00:00,753664.0,16130048.0,17862656.0,17862656.0,8.27,0.223212916,19.03,674170.0,0.0,0.0,2154.0,961338.0,0.0,0.0,1599.0,0.0,0.0,0.0,0.0
2023-03-21 05:19:19.325000+00:00,753664.0,16080896.0,17944576.0,17944576.0,8.28,0.224341637,19.05,675184.0,0.0,0.0,2158.0,963235.0,0.0,0.0,1602.0,0.0,0.0,0.0,0.0
2023-03-21 05:19:24.143000+00:00,753664.0,16179200.0,18178048.0,18178048.0,8.29,0.22569735,19.08,675550.0,0.0,0.0,2160.0,964992.0,0.0,0.0,1603.0,0.0,0.0,0.0,0.0
2023-03-21 05:19:29.667000+00:00,753664.0,16179200.0,18178048.0,18178048.0,8.34,0.226828129,19.14,675550.0,0.0,0.0,2160.0,964992.0,0.0,0.0,1603.0,0.0,0.0,0.0,0.0
2023-03-21 05:19:34.207000+00:00,753664.0,14110720.0,15937536.0,15937536.0,8.34,0.22835688,19.18,677839.0,0.0,0.0,2167.0,968707.0,0.0,0.0,1608.0,0.0,0.0,0.0,0.0
2023-03-21 05:19:39.700000+00:00,753664.0,16326656.0,18075648.0,18075648.0,8.4,0.2287258,19.18,678345.0,0.0,0.0,2171.0,970601.0,0.0,0.0,1611.0,0.0,0.0,0.0,0.0
2023-03-21 05:19:43.243000+00:00,753664.0,13475840.0,15724544.0,15724544.0,8.43,0.235470053,19.3,678785.0,0.0,0.0,2174.0,972414.0,0.0,0.0,1613.0,0.0,0.0,0.0,0.0
2023-03-21 05:19:49.543000+00:00,753664.0,13475840.0,15724544.0,16986112.0,8.43,0.235470053,19.32,679291.0,0.0,0.0,2178.0,974310.0,0.0,0.0,1616.0,0.0,0.0,0.0,0.0
2023-03-21 05:19:53.783000+00:00,753664.0,15671296.0,17661952.0,17661952.0,8.44,0.235470053,19.34,683352.0,0.0,0.0,2185.0,976388.0,0.0,0.0,1622.0,0.0,0.0,0.0,0.0
2023-03-21 05:19:58.830000+00:00,753664.0,14999552.0,16760832.0,16760832.0,8.45,0.235470053,19.44,684458.0,0.0,0.0,2189.0,978285.0,0.0,0.0,1625.0,0.0,0.0,0.0,0.0
2023-03-21 05:20:04.269000+00:00,765952.0,15425536.0,17190912.0,17190912.0,8.46,0.235470053,19.48,686200.0,0.0,0.0,2193.0,980172.0,0.0,0.0,1628.0,0.0,0.0,0.0,0.0
2023-03-21 05:20:08.667000+00:00,765952.0,15425536.0,17190912.0,17371136.0,8.46,0.235470053,19.5,687940.0,0.0,0.0,2198.0,982133.0,0.0,0.0,1632.0,0.0,0.0,0.0,0.0
2023-03-21 05:20:14.705000+00:00,765952.0,16564224.0,18296832.0,18296832.0,8.48,0.235470053,19.56,690479.0,0.0,0.0,2203.0,984090.0,0.0,0.0,1636.0,0.0,0.0,0.0,0.0
2023-03-21 05:20:19.066000+00:00,765952.0,16564224.0,18444288.0,18444288.0,8.49,0.235470053,19.56,690911.0,0.0,0.0,2206.0,985917.0,0.0,0.0,1638.0,0.0,0.0,0.0,0.0
2023-03-21 05:20:24.813000+00:00,765952.0,13254656.0,15167488.0,15167488.0,8.52,0.235470053,19.64,693284.0,0.0,0.0,2211.0,987871.0,0.0,0.0,1642.0,0.0,0.0,0.0,0.0
2023-03-21 05:20:29.753000+00:00,765952.0,13254656.0,15167488.0,15167488.0,8.53,0.235470053,19.65,693284.0,0.0,0.0,2211.0,987871.0,0.0,0.0,1642.0,0.0,0.0,0.0,0.0
2023-03-21 05:20:33.912000+00:00,765952.0,16498688.0,18235392.0,18235392.0,8.54,0.235470053,19.67,694827.0,0.0,0.0,2218.0,991583.0,0.0,0.0,1647.0,0.0,0.0,0.0,0.0
2023-03-21 05:20:38.935000+00:00,765952.0,16498688.0,18235392.0,17199104.0,8.54,0.235470053,19.7,697263.0,0.0,0.0,2224.0,993608.0,0.0,0.0,1652.0,0.0,0.0,0.0,0.0
2023-03-21 05:20:43.664000+00:00,765952.0,16687104.0,18583552.0,18583552.0,8.56,0.235470053,19.73,699906.0,0.0,0.0,2229.0,995561.0,0.0,0.0,1656.0,0.0,0.0,0.0,0.0
2023-03-21 05:20:49.605000+00:00,765952.0,16687104.0,18583552.0,18583552.0,8.57,0.235470053,19.74,699906.0,0.0,0.0,2229.0,997390.0,0.0,0.0,1658.0,0.0,0.0,0.0,0.0
2023-03-21 05:20:54.227000+00:00,765952.0,17645568.0,19382272.0,19382272.0,8.58,0.235470053,19.8,701358.0,0.0,0.0,2235.0,999213.0,0.0,0.0,1660.0,0.0,0.0,0.0,0.0
2023-03-21 05:20:59.847000+00:00,786432.0,17645568.0,19755008.0,19755008.0,8.59,0.235470053,19.84,702503.0,0.0,0.0,2240.0,1001168.0,0.0,0.0,1664.0,0.0,0.0,0.0,0.0
2023-03-21 05:21:03.981000+00:00,786432.0,18042880.0,20021248.0,20021248.0,8.59,0.235470053,19.84,705037.0,0.0,0.0,2245.0,1003117.0,0.0,0.0,1668.0,0.0,0.0,0.0,0.0
2023-03-21 05:21:08.903000+00:00,786432.0,18042880.0,20021248.0,20021248.0,8.61,0.235470053,19.9,705037.0,0.0,0.0,2249.0,1005010.0,0.0,0.0,1671.0,0.0,0.0,0.0,0.0
2023-03-21 05:21:14.794000+00:00,786432.0,14946304.0,16707584.0,16707584.0,8.62,0.235470053,19.95,706461.0,0.0,0.0,2251.0,1006762.0,0.0,0.0,1672.0,0.0,0.0,0.0,0.0
2023-03-21 05:21:19.840000+00:00,786432.0,14946304.0,16707584.0,16707584.0,8.64,0.235470053,19.95,706461.0,0.0,0.0,2255.0,1008654.0,0.0,0.0,1675.0,0.0,0.0,0.0,0.0
2023-03-21 05:21:23.941000+00:00,786432.0,17518592.0,19386368.0,19386368.0,8.64,0.235470053,19.98,708167.0,0.0,0.0,2259.0,1010536.0,0.0,0.0,1678.0,0.0,0.0,0.0,0.0
2023-03-21 05:21:29.785000+00:00,786432.0,17518592.0,19488768.0,19488768.0,8.65,0.235470053,20.0,709932.0,0.0,0.0,2264.0,1012496.0,0.0,0.0,1682.0,0.0,0.0,0.0,0.0
2023-03-21 05:21:34.763000+00:00,786432.0,16564224.0,18300928.0,18300928.0,8.66,0.236565483,20.04,711715.0,0.0,0.0,2268.0,1014384.0,0.0,0.0,1685.0,0.0,0.0,0.0,0.0
2023-03-21 05:21:38.560000+00:00,786432.0,16564224.0,18300928.0,18300928.0,8.7,0.237753308,20.06,711715.0,0.0,0.0,2272.0,1016276.0,0.0,0.0,1688.0,0.0,0.0,0.0,0.0
2023-03-21 05:21:43.953000+00:00,786432.0,18137088.0,19869696.0,19869696.0,8.7,0.237753308,20.07,713926.0,0.0,0.0,2275.0,1018095.0,0.0,0.0,1690.0,0.0,0.0,0.0,0.0
2023-03-21 05:21:48.696000+00:00,786432.0,18137088.0,19869696.0,19869696.0,8.7,0.237753308,20.07,713926.0,0.0,0.0,2275.0,1018095.0,0.0,0.0,1693.0,0.0,0.0,0.0,0.0
2023-03-21 05:21:54.489000+00:00,786432.0,17960960.0,19693568.0,19693568.0,8.74,0.237753308,20.14,716854.0,0.0,0.0,2283.0,1021888.0,0.0,0.0,1696.0,0.0,0.0,0.0,0.0
2023-03-21 05:21:59.081000+00:00,802816.0,18944000.0,20688896.0,20688896.0,8.74,0.237753308,20.15,717286.0,0.0,0.0,2286.0,1023723.0,0.0,0.0,1698.0,0.0,0.0,0.0,0.0
2023-03-21 05:22:04.807000+00:00,802816.0,16683008.0,18415616.0,18415616.0,8.76,0.237753308,20.21,719012.0,0.0,0.0,2290.0,1025610.0,0.0,0.0,1701.0,0.0,0.0,0.0,0.0
2023-03-21 05:22:08.585000+00:00,802816.0,16683008.0,18415616.0,18415616.0,8.76,0.237753308,20.24,719012.0,0.0,0.0,2290.0,1025610.0,0.0,0.0,1704.0,0.0,0.0,0.0,0.0
2023-03-21 05:22:14.591000+00:00,802816.0,18288640.0,20156416.0,20156416.0,8.76,0.237753308,20.26,720567.0,0.0,0.0,2297.0,1029326.0,0.0,0.0,1706.0,0.0,0.0,0.0,0.0
2023-03-21 05:22:18.028000+00:00,802816.0,18288640.0,20156416.0,20156416.0,8.76,0.239977639,20.26,720567.0,0.0,0.0,2297.0,1029326.0,0.0,0.0,1710.0,0.0,0.0,0.0,0.0
2023-03-21 05:22:24.614000+00:00,802816.0,17821696.0,19554304.0,19554304.0,8.78,0.239977639,20.3,724366.0,0.0,0.0,2306.0,1033167.0,0.0,0.0,1713.0,0.0,0.0,0.0,0.0
2023-03-21 05:22:29.900000+00:00,802816.0,17821696.0,19554304.0,19554304.0,8.78,0.239977639,20.31,724366.0,0.0,0.0,2306.0,1033167.0,0.0,0.0,1713.0,0.0,0.0,0.0,0.0
2023-03-21 05:22:34.538000+00:00,802816.0,13574144.0,15331328.0,15331328.0,8.82,0.264261486,20.37,726468.0,0.0,0.0,2313.0,1036883.0,0.0,0.0,1718.0,0.0,0.0,0.0,0.0
2023-03-21 05:22:39.672000+00:00,802816.0,13574144.0,15331328.0,15331328.0,8.83,0.267501283,20.42,726468.0,0.0,0.0,2313.0,1036883.0,0.0,0.0,1722.0,0.0,0.0,0.0,0.0
2023-03-21 05:22:44.548000+00:00,802816.0,16134144.0,18001920.0,18001920.0,8.86,0.268378776,20.51,731921.0,0.0,0.0,2324.0,1040857.0,0.0,0.0,1727.0,0.0,0.0,0.0,0.0
2023-03-21 05:22:48.879000+00:00,802816.0,16994304.0,18001920.0,18001920.0,8.86,0.268378776,20.52,731921.0,0.0,0.0,2324.0,1040857.0,0.0,0.0,1727.0,0.0,0.0,0.0,0.0
2023-03-21 05:22:54.461000+00:00,802816.0,16760832.0,18493440.0,18493440.0,8.88,0.268774147,20.54,734970.0,0.0,0.0,2332.0,1044636.0,0.0,0.0,1733.0,0.0,0.0,0.0,0.0
2023-03-21 05:22:59.040000+00:00,823296.0,15568896.0,17432576.0,17432576.0,8.9,0.269649369,20.65,736155.0,0.0,0.0,2336.0,1046531.0,0.0,0.0,1736.0,0.0,0.0,0.0,0.0
2023-03-21 05:23:04.654000+00:00,823296.0,17272832.0,19042304.0,19042304.0,8.93,0.271181542,20.72,737297.0,0.0,0.0,2339.0,1048351.0,0.0,0.0,1738.0,0.0,0.0,0.0,0.0
2023-03-21 05:23:08.995000+00:00,823296.0,17272832.0,19042304.0,19042304.0,8.95,0.272750864,20.83,737297.0,0.0,0.0,2339.0,1048351.0,0.0,0.0,1741.0,0.0,0.0,0.0,0.0
2023-03-21 05:23:13.608000+00:00,823296.0,15319040.0,17088512.0,17088512.0,8.96,0.274270962,20.87,739514.0,0.0,0.0,2347.0,1052133.0,0.0,0.0,1744.0,0.0,0.0,0.0,0.0
2023-03-21 05:23:18.783000+00:00,823296.0,15319040.0,17084416.0,17084416.0,8.96,0.274270962,20.88,741289.0,0.0,0.0,2353.0,1054156.0,0.0,0.0,1749.0,0.0,0.0,0.0,0.0
2023-03-21 05:23:23.539000+00:00,823296.0,15237120.0,17637376.0,17637376.0,9.0,0.275853076,20.96,742423.0,0.0,0.0,2356.0,1055977.0,0.0,0.0,1751.0,0.0,0.0,0.0,0.0
2023-03-21 05:23:29.878000+00:00,823296.0,15237120.0,17637376.0,17637376.0,9.0,0.275853076,20.97,742423.0,0.0,0.0,2356.0,1055977.0,0.0,0.0,1751.0,0.0,0.0,0.0,0.0
2023-03-21 05:23:33.268000+00:00,823296.0,15548416.0,17580032.0,17580032.0,9.0,0.276223122,20.99,745288.0,0.0,0.0,2364.0,1059755.0,0.0,0.0,1757.0,0.0,0.0,0.0,0.0
2023-03-21 05:23:39.786000+00:00,823296.0,17252352.0,17580032.0,17580032.0,9.02,0.277466337,21.04,745288.0,0.0,0.0,2364.0,1059755.0,0.0,0.0,1757.0,0.0,0.0,0.0,0.0
2023-03-21 05:23:43.346000+00:00,823296.0,17260544.0,19128320.0,19128320.0,9.04,0.277466337,21.05,748395.0,0.0,0.0,2372.0,1063540.0,0.0,0.0,1763.0,0.0,0.0,0.0,0.0
2023-03-21 05:23:49.019000+00:00,823296.0,18100224.0,19927040.0,19927040.0,9.05,0.279687528,21.05,750794.0,0.0,0.0,2378.0,1065569.0,0.0,0.0,1768.0,0.0,0.0,0.0,0.0
2023-03-21 05:23:54.284000+00:00,823296.0,18100224.0,19963904.0,19963904.0,9.05,0.284155012,21.07,751160.0,0.0,0.0,2380.0,1067325.0,0.0,0.0,1769.0,0.0,0.0,0.0,0.0
2023-03-21 05:23:59.846000+00:00,839680.0,18100224.0,19963904.0,19963904.0,9.05,0.284577074,21.08,751160.0,0.0,0.0,2380.0,1067325.0,0.0,0.0,1769.0,0.0,0.0,0.0,0.0
2023-03-21 05:24:04.002000+00:00,839680.0,18542592.0,20275200.0,20275200.0,9.06,0.284577074,21.09,752106.0,0.0,0.0,2387.0,1071051.0,0.0,0.0,1774.0,0.0,0.0,0.0,0.0
2023-03-21 05:24:09.034000+00:00,839680.0,18542592.0,19263488.0,19263488.0,9.07,0.284577074,21.22,753338.0,0.0,0.0,2392.0,1073014.0,0.0,0.0,1778.0,0.0,0.0,0.0,0.0
2023-03-21 05:24:14.164000+00:00,839680.0,18055168.0,20246528.0,20246528.0,9.12,0.284577074,21.29,755760.0,0.0,0.0,2397.0,1074965.0,0.0,0.0,1782.0,0.0,0.0,0.0,0.0
2023-03-21 05:24:18.997000+00:00,839680.0,18055168.0,19820544.0,19820544.0,9.12,0.284577074,21.3,758279.0,0.0,0.0,2403.0,1076990.0,0.0,0.0,1787.0,0.0,0.0,0.0,0.0
2023-03-21 05:24:24.273000+00:00,839680.0,13684736.0,15581184.0,15581184.0,9.16,0.284577074,21.38,759300.0,0.0,0.0,2406.0,1078811.0,0.0,0.0,1789.0,0.0,0.0,0.0,0.0
2023-03-21 05:24:29.130000+00:00,839680.0,14778368.0,15581184.0,15581184.0,9.18,0.284577074,21.46,759300.0,0.0,0.0,2406.0,1078811.0,0.0,0.0,1789.0,0.0,0.0,0.0,0.0
2023-03-21 05:24:34.258000+00:00,839680.0,15974400.0,19550208.0,19550208.0,9.21,0.284577074,21.53,762969.0,0.0,0.0,2416.0,1082720.0,0.0,0.0,1797.0,0.0,0.0,0.0,0.0
2023-03-21 05:24:38.780000+00:00,839680.0,15974400.0,18395136.0,18395136.0,9.21,0.284577074,21.54,764698.0,0.0,0.0,2421.0,1084676.0,0.0,0.0,1801.0,0.0,0.0,0.0,0.0
2023-03-21 05:24:43.185000+00:00,839680.0,15548416.0,17596416.0,17596416.0,9.24,0.284577074,21.57,765734.0,0.0,0.0,2424.0,1086497.0,0.0,0.0,1803.0,0.0,0.0,0.0,0.0
2023-03-21 05:24:49.493000+00:00,839680.0,15548416.0,19353600.0,19353600.0,9.24,0.284577074,21.57,768816.0,0.0,0.0,2431.0,1088588.0,0.0,0.0,1809.0,0.0,0.0,0.0,0.0
2023-03-21 05:24:53.874000+00:00,839680.0,18325504.0,20094976.0,20094976.0,9.24,0.284577074,21.59,771292.0,0.0,0.0,2436.0,1090539.0,0.0,0.0,1813.0,0.0,0.0,0.0,0.0
2023-03-21 05:24:58.650000+00:00,864256.0,15761408.0,20094976.0,20094976.0,9.3,0.284577074,21.65,771292.0,0.0,0.0,2436.0,1090539.0,0.0,0.0,1813.0,0.0,0.0,0.0,0.0
2023-03-21 05:25:03.244000+00:00,864256.0,17260544.0,19095552.0,19095552.0,9.34,0.284577074,21.72,773467.0,0.0,0.0,2443.0,1094257.0,0.0,0.0,1818.0,0.0,0.0,0.0,0.0
2023-03-21 05:25:09.677000+00:00,864256.0,17260544.0,18391040.0,18391040.0,9.38,0.284577074,21.84,775254.0,0.0,0.0,2448.0,1096215.0,0.0,0.0,1822.0,0.0,0.0,0.0,0.0
2023-03-21 05:25:13.744000+00:00,864256.0,17326080.0,19255296.0,19255296.0,9.38,0.284577074,21.85,777265.0,0.0,0.0,2452.0,1098102.0,0.0,0.0,1825.0,0.0,0.0,0.0,0.0
2023-03-21 05:25:18.620000+00:00,864256.0,17326080.0,19255296.0,20869120.0,9.42,0.284577074,21.91,778355.0,0.0,0.0,2456.0,1100003.0,0.0,0.0,1828.0,0.0,0.0,0.0,0.0
2023-03-21 05:25:24.512000+00:00,864256.0,19070976.0,21000192.0,21000192.0,9.42,0.284577074,21.92,779470.0,0.0,0.0,2460.0,1101892.0,0.0,0.0,1831.0,0.0,0.0,0.0,0.0
2023-03-21 05:25:29.409000+00:00,864256.0,18407424.0,21000192.0,21000192.0,9.43,0.284577074,21.95,779470.0,0.0,0.0,2460.0,1101892.0,0.0,0.0,1831.0,0.0,0.0,0.0,0.0
2023-03-21 05:25:34.699000+00:00,864256.0,18640896.0,20439040.0,20439040.0,9.43,0.284577074,21.96,784674.0,0.0,0.0,2471.0,1105871.0,0.0,0.0,1840.0,0.0,0.0,0.0,0.0
2023-03-21 05:25:39.392000+00:00,864256.0,18640896.0,20439040.0,20439040.0,9.43,0.284577074,21.96,786526.0,0.0,0.0,2476.0,1107831.0,0.0,0.0,1844.0,0.0,0.0,0.0,0.0
2023-03-21 05:25:43.891000+00:00,864256.0,17428480.0,19226624.0,19226624.0,9.47,0.284577074,22.05,787560.0,0.0,0.0,2479.0,1109651.0,0.0,0.0,1846.0,0.0,0.0,0.0,0.0
2023-03-21 05:25:48.798000+00:00,864256.0,17428480.0,19226624.0,19714048.0,9.48,0.284577074,22.06,788737.0,0.0,0.0,2483.0,1111547.0,0.0,0.0,1849.0,0.0,0.0,0.0,0.0
2023-03-21 05:25:54.296000+00:00,864256.0,15577088.0,17412096.0,17412096.0,9.53,0.284577074,22.16,789177.0,0.0,0.0,2486.0,1113366.0,0.0,0.0,1851.0,0.0,0.0,0.0,0.0
2023-03-21 05:25:59.265000+00:00,864256.0,15577088.0,19099648.0,19099648.0,9.53,0.284577074,22.16,790385.0,0.0,0.0,2491.0,1115325.0,0.0,0.0,1855.0,0.0,0.0,0.0,0.0
2023-03-21 05:26:04.188000+00:00,884736.0,14249984.0,16449536.0,16449536.0,9.57,0.284577074,22.25,790751.0,0.0,0.0,2493.0,1117076.0,0.0,0.0,1856.0,0.0,0.0,0.0,0.0
2023-03-21 05:26:09+00:00,884736.0,14249984.0,16449536.0,18014208.0,9.57,0.284577074,22.26,792600.0,0.0,0.0,2498.0,1119034.0,0.0,0.0,1860.0,0.0,0.0,0.0,0.0
2023-03-21 05:26:14.640000+00:00,884736.0,16330752.0,18169856.0,18169856.0,9.62,0.284577074,22.33,793893.0,0.0,0.0,2501.0,1120852.0,0.0,0.0,1862.0,0.0,0.0,0.0,0.0
2023-03-21 05:26:18.136000+00:00,884736.0,16330752.0,18169856.0,18472960.0,9.62,0.284577074,22.33,794399.0,0.0,0.0,2505.0,1122749.0,0.0,0.0,1865.0,0.0,0.0,0.0,0.0
2023-03-21 05:26:24.582000+00:00,884736.0,13766656.0,15704064.0,15704064.0,9.65,0.284577074,22.42,794839.0,0.0,0.0,2508.0,1124569.0,0.0,0.0,1867.0,0.0,0.0,0.0,0.0
2023-03-21 05:26:29.677000+00:00,884736.0,13766656.0,15704064.0,15704064.0,9.67,0.284577074,22.5,794839.0,0.0,0.0,2508.0,1124569.0,0.0,0.0,1867.0,0.0,0.0,0.0,0.0
2023-03-21 05:26:34.350000+00:00,884736.0,16424960.0,18223104.0,18223104.0,9.67,0.284577074,22.5,799137.0,0.0,0.0,2519.0,1128551.0,0.0,0.0,1876.0,0.0,0.0,0.0,0.0
2023-03-21 05:26:38.637000+00:00,884736.0,16424960.0,18223104.0,16838656.0,9.7,0.284577074,22.57,800446.0,0.0,0.0,2524.0,1130513.0,0.0,0.0,1880.0,0.0,0.0,0.0,0.0
2023-03-21 05:26:43.637000+00:00,884736.0,14102528.0,15900672.0,15900672.0,9.73,0.284577074,22.64,802236.0,0.0,0.0,2528.0,1132403.0,0.0,0.0,1883.0,0.0,0.0,0.0,0.0
2023-03-21 05:26:49.375000+00:00,884736.0,14102528.0,15900672.0,15900672.0,9.74,0.284577074,22.7,802236.0,0.0,0.0,2536.0,1134563.0,0.0,0.0,1890.0,0.0,0.0,0.0,0.0
2023-03-21 05:26:54.909000+00:00,884736.0,15130624.0,16928768.0,16928768.0,9.74,0.284577074,22.7,806688.0,0.0,0.0,2538.0,1136316.0,0.0,0.0,1891.0,0.0,0.0,0.0,0.0
2023-03-21 05:26:58.966000+00:00,901120.0,15130624.0,16928768.0,16928768.0,9.77,0.284577074,22.79,806688.0,0.0,0.0,2538.0,1136316.0,0.0,0.0,1891.0,0.0,0.0,0.0,0.0
2023-03-21 05:27:04.387000+00:00,901120.0,17002496.0,18800640.0,18800640.0,9.77,0.284577074,22.82,808889.0,0.0,0.0,2546.0,1140102.0,0.0,0.0,1897.0,0.0,0.0,0.0,0.0
2023-03-21 05:27:09.064000+00:00,901120.0,17002496.0,18800640.0,18800640.0,9.78,0.284577074,22.85,809395.0,0.0,0.0,2550.0,1141995.0,0.0,0.0,1900.0,0.0,0.0,0.0,0.0
2023-03-21 05:27:13.605000+00:00,901120.0,15429632.0,17641472.0,17641472.0,9.82,0.285617468,22.96,809835.0,0.0,0.0,2553.0,1143817.0,0.0,0.0,1902.0,0.0,0.0,0.0,0.0
2023-03-21 05:27:19.851000+00:00,901120.0,15429632.0,17641472.0,17641472.0,9.82,0.285617468,22.96,809835.0,0.0,0.0,2553.0,1145975.0,0.0,0.0,1909.0,0.0,0.0,0.0,0.0
2023-03-21 05:27:23.801000+00:00,901120.0,17666048.0,19468288.0,19468288.0,9.84,0.285617468,22.99,815336.0,0.0,0.0,2565.0,1147866.0,0.0,0.0,1912.0,0.0,0.0,0.0,0.0
2023-03-21 05:27:28.654000+00:00,901120.0,15523840.0,17588224.0,17588224.0,9.84,0.285617468,23.02,816444.0,0.0,0.0,2569.0,1149765.0,0.0,0.0,1915.0,0.0,0.0,0.0,0.0
2023-03-21 05:27:34.174000+00:00,901120.0,16187392.0,17989632.0,17989632.0,9.85,0.285617468,23.04,820160.0,0.0,0.0,2576.0,1151848.0,0.0,0.0,1921.0,0.0,0.0,0.0,0.0
2023-03-21 05:27:39.344000+00:00,901120.0,16187392.0,17989632.0,17989632.0,9.86,0.285617468,23.04,821366.0,0.0,0.0,2580.0,1153741.0,0.0,0.0,1924.0,0.0,0.0,0.0,0.0
2023-03-21 05:27:43.725000+00:00,901120.0,18006016.0,19804160.0,19804160.0,9.87,0.285617468,23.06,823681.0,0.0,0.0,2585.0,1155695.0,0.0,0.0,1928.0,0.0,0.0,0.0,0.0
2023-03-21 05:27:47.992000+00:00,901120.0,18006016.0,19804160.0,19804160.0,9.88,0.285617468,23.09,823681.0,0.0,0.0,2585.0,1155695.0,0.0,0.0,1930.0,0.0,0.0,0.0,0.0
2023-03-21 05:27:54.027000+00:00,901120.0,16220160.0,18022400.0,18022400.0,9.92,0.285617468,23.18,824553.0,0.0,0.0,2591.0,1159346.0,0.0,0.0,1932.0,0.0,0.0,0.0,0.0
2023-03-21 05:27:57.993000+00:00,921600.0,14336000.0,16404480.0,16404480.0,9.94,0.285617468,23.24,825059.0,0.0,0.0,2595.0,1161244.0,0.0,0.0,1935.0,0.0,0.0,0.0,0.0
2023-03-21 05:28:03.905000+00:00,921600.0,15310848.0,17362944.0,17362944.0,9.95,0.285617468,23.27,826141.0,0.0,0.0,2599.0,1163131.0,0.0,0.0,1938.0,0.0,0.0,0.0,0.0
2023-03-21 05:28:08.665000+00:00,921600.0,15310848.0,17362944.0,17362944.0,9.95,0.285617468,23.27,826141.0,0.0,0.0,2599.0,1164957.0,0.0,0.0,1940.0,0.0,0.0,0.0,0.0
2023-03-21 05:28:14.212000+00:00,921600.0,17129472.0,19406848.0,19406848.0,9.96,0.285617468,23.29,828343.0,0.0,0.0,2606.0,1166848.0,0.0,0.0,1943.0,0.0,0.0,0.0,0.0
2023-03-21 05:28:18.840000+00:00,921600.0,17129472.0,19406848.0,19406848.0,9.98,0.285617468,23.29,828343.0,0.0,0.0,2606.0,1166848.0,0.0,0.0,1943.0,0.0,0.0,0.0,0.0
2023-03-21 05:28:24.443000+00:00,921600.0,17506304.0,20975616.0,20975616.0,9.99,0.285617468,23.36,830744.0,0.0,0.0,2614.0,1170626.0,0.0,0.0,1949.0,0.0,0.0,0.0,0.0
2023-03-21 05:28:28.549000+00:00,921600.0,16662528.0,18468864.0,18468864.0,10.0,0.285617468,23.37,831176.0,0.0,0.0,2617.0,1172457.0,0.0,0.0,1951.0,0.0,0.0,0.0,0.0
2023-03-21 05:28:34.751000+00:00,921600.0,16662528.0,18460672.0,18460672.0,10.0,0.285617468,23.38,832249.0,0.0,0.0,2620.0,1174279.0,0.0,0.0,1953.0,0.0,0.0,0.0,0.0
2023-03-21 05:28:39.870000+00:00,921600.0,16662528.0,18460672.0,18460672.0,10.0,0.285617468,23.42,832249.0,0.0,0.0,2620.0,1174279.0,0.0,0.0,1957.0,0.0,0.0,0.0,0.0
2023-03-21 05:28:43.668000+00:00,921600.0,18046976.0,19845120.0,19845120.0,10.0,0.285617468,23.44,833816.0,0.0,0.0,2627.0,1177998.0,0.0,0.0,1958.0,0.0,0.0,0.0,0.0
2023-03-21 05:28:49.781000+00:00,921600.0,18046976.0,20201472.0,20201472.0,10.01,0.285617468,23.44,836959.0,0.0,0.0,2634.0,1180090.0,0.0,0.0,1964.0,0.0,0.0,0.0,0.0
2023-03-21 05:28:53.768000+00:00,921600.0,17854464.0,19951616.0,19951616.0,10.02,0.285617468,23.48,838776.0,0.0,0.0,2638.0,1181981.0,0.0,0.0,1967.0,0.0,0.0,0.0,0.0
2023-03-21 05:28:58.388000+00:00,937984.0,17854464.0,19951616.0,19951616.0,10.04,0.285617468,23.51,838776.0,0.0,0.0,2638.0,1181981.0,0.0,0.0,1967.0,0.0,0.0,0.0,0.0
2023-03-21 05:29:04.528000+00:00,937984.0,19283968.0,21753856.0,21753856.0,10.06,0.285617468,23.53,840505.0,0.0,0.0,2644.0,1185636.0,0.0,0.0,1971.0,0.0,0.0,0.0,0.0
2023-03-21 05:29:09.412000+00:00,937984.0,19283968.0,21753856.0,21753856.0,10.07,0.285617468,23.57,840505.0,0.0,0.0,2644.0,1185636.0,0.0,0.0,1974.0,0.0,0.0,0.0,0.0
2023-03-21 05:29:13.999000+00:00,937984.0,16752640.0,18550784.0,18550784.0,10.1,0.285617468,23.62,842118.0,0.0,0.0,2652.0,1189420.0,0.0,0.0,1977.0,0.0,0.0,0.0,0.0
2023-03-21 05:29:18.954000+00:00,937984.0,16752640.0,19345408.0,19345408.0,10.1,0.285617468,23.64,844148.0,0.0,0.0,2657.0,1191383.0,0.0,0.0,1981.0,0.0,0.0,0.0,0.0
2023-03-21 05:29:24.407000+00:00,937984.0,19865600.0,21663744.0,21663744.0,10.11,0.285617468,23.65,848015.0,0.0,0.0,2664.0,1193466.0,0.0,0.0,1987.0,0.0,0.0,0.0,0.0
2023-03-21 05:29:28.806000+00:00,937984.0,19865600.0,21663744.0,21663744.0,10.18,0.285617468,23.75,848015.0,0.0,0.0,2664.0,1193466.0,0.0,0.0,1987.0,0.0,0.0,0.0,0.0
2023-03-21 05:29:34.882000+00:00,937984.0,16637952.0,18567168.0,18567168.0,10.2,0.285617468,23.82,848887.0,0.0,0.0,2670.0,1197116.0,0.0,0.0,1991.0,0.0,0.0,0.0,0.0
2023-03-21 05:29:39.093000+00:00,937984.0,16637952.0,18567168.0,18567168.0,10.22,0.285617468,23.84,848887.0,0.0,0.0,2670.0,1197116.0,0.0,0.0,1994.0,0.0,0.0,0.0,0.0
2023-03-21 05:29:43.876000+00:00,937984.0,15941632.0,17747968.0,17747968.0,10.22,0.285617468,23.84,852466.0,0.0,0.0,2680.0,1201028.0,0.0,0.0,1999.0,0.0,0.0,0.0,0.0
2023-03-21 05:29:49.867000+00:00,937984.0,17039360.0,18845696.0,18845696.0,10.22,0.285617468,23.91,854228.0,0.0,0.0,2685.0,1202994.0,0.0,0.0,2003.0,0.0,0.0,0.0,0.0
2023-03-21 05:29:53.821000+00:00,937984.0,18817024.0,20910080.0,20910080.0,10.24,0.285617468,23.96,854594.0,0.0,0.0,2687.0,1204748.0,0.0,0.0,2004.0,0.0,0.0,0.0,0.0
2023-03-21 05:29:59.211000+00:00,954368.0,18817024.0,20910080.0,20910080.0,10.24,0.285617468,23.96,854594.0,0.0,0.0,2687.0,1204748.0,0.0,0.0,2004.0,0.0,0.0,0.0,0.0
2023-03-21 05:30:04.183000+00:00,954368.0,17121280.0,19050496.0,19050496.0,10.3,0.285617468,24.02,856287.0,0.0,0.0,2695.0,1208469.0,0.0,0.0,2009.0,0.0,0.0,0.0,0.0
2023-03-21 05:30:08.632000+00:00,954368.0,17784832.0,19050496.0,19050496.0,10.3,0.285617468,24.04,856287.0,0.0,0.0,2695.0,1208469.0,0.0,0.0,2009.0,0.0,0.0,0.0,0.0
2023-03-21 05:30:14.708000+00:00,954368.0,17457152.0,19386368.0,19386368.0,10.32,0.285617468,24.08,859886.0,0.0,0.0,2704.0,1212315.0,0.0,0.0,2016.0,0.0,0.0,0.0,0.0
2023-03-21 05:30:19.097000+00:00,954368.0,17457152.0,19910656.0,19910656.0,10.32,0.285617468,24.08,860318.0,0.0,0.0,2707.0,1214147.0,0.0,0.0,2018.0,0.0,0.0,0.0,0.0
2023-03-21 05:30:23.639000+00:00,954368.0,18251776.0,20213760.0,20213760.0,10.35,0.285617468,24.12,860758.0,0.0,0.0,2710.0,1215969.0,0.0,0.0,2020.0,0.0,0.0,0.0,0.0
2023-03-21 05:30:29.857000+00:00,954368.0,15720448.0,20213760.0,20213760.0,10.37,0.285617468,24.16,860758.0,0.0,0.0,2710.0,1215969.0,0.0,0.0,2020.0,0.0,0.0,0.0,0.0
2023-03-21 05:30:34.116000+00:00,954368.0,16818176.0,18616320.0,18616320.0,10.37,0.285617468,24.18,862317.0,0.0,0.0,2717.0,1219685.0,0.0,0.0,2025.0,0.0,0.0,0.0,0.0
2023-03-21 05:30:39.787000+00:00,954368.0,17145856.0,18944000.0,18944000.0,10.41,0.285617468,24.24,865197.0,0.0,0.0,2723.0,1221713.0,0.0,0.0,2030.0,0.0,0.0,0.0,0.0
2023-03-21 05:30:44.197000+00:00,954368.0,15654912.0,17485824.0,17485824.0,10.45,0.285617468,24.35,865563.0,0.0,0.0,2725.0,1223472.0,0.0,0.0,2031.0,0.0,0.0,0.0,0.0
2023-03-21 05:30:48.924000+00:00,954368.0,15654912.0,17870848.0,17870848.0,10.46,0.285617468,24.35,866069.0,0.0,0.0,2729.0,1225366.0,0.0,0.0,2034.0,0.0,0.0,0.0,0.0
2023-03-21 05:30:53.786000+00:00,954368.0,16756736.0,18554880.0,18554880.0,10.46,0.285617468,24.36,868457.0,0.0,0.0,2734.0,1227319.0,0.0,0.0,2038.0,0.0,0.0,0.0,0.0
2023-03-21 05:30:58.674000+00:00,954368.0,16756736.0,18554880.0,18554880.0,10.48,0.285617468,24.39,868457.0,0.0,0.0,2734.0,1227319.0,0.0,0.0,2038.0,0.0,0.0,0.0,0.0
2023-03-21 05:31:03.753000+00:00,966656.0,20152320.0,21954560.0,21954560.0,10.49,0.285617468,24.4,872920.0,0.0,0.0,2744.0,1231238.0,0.0,0.0,2046.0,0.0,0.0,0.0,0.0
2023-03-21 05:31:08.582000+00:00,966656.0,20152320.0,22233088.0,22233088.0,10.49,0.285617468,24.4,873926.0,0.0,0.0,2748.0,1233134.0,0.0,0.0,2049.0,0.0,0.0,0.0,0.0
2023-03-21 05:31:14.059000+00:00,966656.0,17629184.0,19431424.0,19431424.0,10.57,0.285617468,24.5,877393.0,0.0,0.0,2754.0,1235154.0,0.0,0.0,2054.0,0.0,0.0,0.0,0.0
2023-03-21 05:31:18.710000+00:00,966656.0,17629184.0,17469440.0,17469440.0,10.59,0.285617468,24.58,877899.0,0.0,0.0,2758.0,1237048.0,0.0,0.0,2057.0,0.0,0.0,0.0,0.0
2023-03-21 05:31:23.659000+00:00,966656.0,17108992.0,19275776.0,19275776.0,10.59,0.285617468,24.6,878339.0,0.0,0.0,2761.0,1238864.0,0.0,0.0,2059.0,0.0,0.0,0.0,0.0
2023-03-21 05:31:29.126000+00:00,966656.0,16900096.0,19275776.0,19275776.0,10.63,0.288839718,24.67,878339.0,0.0,0.0,2761.0,1238864.0,0.0,0.0,2059.0,0.0,0.0,0.0,0.0
2023-03-21 05:31:34.125000+00:00,966656.0,15712256.0,17641472.0,17641472.0,10.66,0.288839718,24.71,881166.0,0.0,0.0,2770.0,1242714.0,0.0,0.0,2066.0,0.0,0.0,0.0,0.0
2023-03-21 05:31:39.488000+00:00,966656.0,15712256.0,17637376.0,17637376.0,10.66,0.288839718,24.72,883691.0,0.0,0.0,2776.0,1244739.0,0.0,0.0,2071.0,0.0,0.0,0.0,0.0
2023-03-21 05:31:44.112000+00:00,966656.0,17186816.0,19144704.0,19144704.0,10.67,0.288839718,24.79,884057.0,0.0,0.0,2778.0,1246499.0,0.0,0.0,2072.0,0.0,0.0,0.0,0.0
2023-03-21 05:31:49.398000+00:00,966656.0,17186816.0,19144704.0,20668416.0,10.67,0.288839718,24.8,884563.0,0.0,0.0,2782.0,1248392.0,0.0,0.0,2075.0,0.0,0.0,0.0,0.0
2023-03-21 05:31:53.916000+00:00,966656.0,15847424.0,17977344.0,17977344.0,10.74,0.288839718,24.89,885675.0,0.0,0.0,2786.0,1250288.0,0.0,0.0,2078.0,0.0,0.0,0.0,0.0
2023-03-21 05:31:58.737000+00:00,966656.0,15847424.0,19165184.0,19165184.0,10.74,0.288839718,24.9,886766.0,0.0,0.0,2790.0,1252178.0,0.0,0.0,2081.0,0.0,0.0,0.0,0.0
2023-03-21 05:32:03.634000+00:00,983040.0,14716928.0,16646144.0,16646144.0,10.8,0.288839718,24.99,887745.0,0.0,0.0,2793.0,1253999.0,0.0,0.0,2083.0,0.0,0.0,0.0,0.0
2023-03-21 05:32:08.837000+00:00,983040.0,16240640.0,18173952.0,18173952.0,10.82,0.288839718,24.99,889481.0,0.0,0.0,2798.0,1255956.0,0.0,0.0,2087.0,0.0,0.0,0.0,0.0
2023-03-21 05:32:14.093000+00:00,983040.0,17498112.0,19394560.0,19394560.0,10.82,0.288839718,25.03,889847.0,0.0,0.0,2800.0,1257710.0,0.0,0.0,2088.0,0.0,0.0,0.0,0.0
2023-03-21 05:32:18.239000+00:00,983040.0,18309120.0,20107264.0,20107264.0,10.83,0.288839718,25.06,890353.0,0.0,0.0,2804.0,1259603.0,0.0,0.0,2091.0,0.0,0.0,0.0,0.0
2023-03-21 05:32:23.521000+00:00,983040.0,19324928.0,22757376.0,22757376.0,10.84,0.288839718,25.06,891676.0,0.0,0.0,2808.0,1261485.0,0.0,0.0,2094.0,0.0,0.0,0.0,0.0
2023-03-21 05:32:29.373000+00:00,983040.0,19324928.0,22757376.0,22757376.0,10.84,0.288839718,25.08,891676.0,0.0,0.0,2808.0,1261485.0,0.0,0.0,2094.0,0.0,0.0,0.0,0.0
2023-03-21 05:32:33.803000+00:00,983040.0,14712832.0,16871424.0,16871424.0,10.88,0.288839718,25.17,895288.0,0.0,0.0,2817.0,1265334.0,0.0,0.0,2101.0,0.0,0.0,0.0,0.0
2023-03-21 05:32:39.884000+00:00,983040.0,14712832.0,16871424.0,17477632.0,10.88,0.288839718,25.17,896537.0,0.0,0.0,2822.0,1267294.0,0.0,0.0,2105.0,0.0,0.0,0.0,0.0
2023-03-21 05:32:44.072000+00:00,983040.0,16850944.0,18649088.0,18649088.0,10.88,0.288839718,25.22,896903.0,0.0,0.0,2824.0,1269046.0,0.0,0.0,2106.0,0.0,0.0,0.0,0.0
2023-03-21 05:32:49.821000+00:00,983040.0,16850944.0,18649088.0,18649088.0,10.89,0.288839718,25.24,896903.0,0.0,0.0,2828.0,1270938.0,0.0,0.0,2109.0,0.0,0.0,0.0,0.0
2023-03-21 05:32:53.438000+00:00,983040.0,17096704.0,19353600.0,19353600.0,10.97,0.288839718,25.3,898505.0,0.0,0.0,2831.0,1272753.0,0.0,0.0,2111.0,0.0,0.0,0.0,0.0
2023-03-21 05:32:59.049000+00:00,999424.0,17780736.0,19353600.0,19353600.0,11.0,0.288839718,25.38,898505.0,0.0,0.0,2831.0,1272753.0,0.0,0.0,2111.0,0.0,0.0,0.0,0.0
2023-03-21 05:33:04.868000+00:00,999424.0,15376384.0,17174528.0,17174528.0,11.04,0.288839718,25.43,901958.0,0.0,0.0,2841.0,1276662.0,0.0,0.0,2119.0,0.0,0.0,0.0,0.0
2023-03-21 05:33:09.512000+00:00,999424.0,15376384.0,17174528.0,18038784.0,11.06,0.288839718,25.49,903049.0,0.0,0.0,2845.0,1278552.0,0.0,0.0,2122.0,0.0,0.0,0.0,0.0
2023-03-21 05:33:14.161000+00:00,999424.0,17932288.0,19767296.0,19767296.0,11.07,0.288839718,25.5,904165.0,0.0,0.0,2848.0,1280367.0,0.0,0.0,2124.0,0.0,0.0,0.0,0.0
2023-03-21 05:33:18.348000+00:00,999424.0,17932288.0,19767296.0,19767296.0,11.08,0.288839718,25.52,904165.0,0.0,0.0,2848.0,1282396.0,0.0,0.0,2129.0,0.0,0.0,0.0,0.0
2023-03-21 05:33:24.700000+00:00,999424.0,16732160.0,18571264.0,18571264.0,11.1,0.288839718,25.56,907457.0,0.0,0.0,2857.0,1284224.0,0.0,0.0,2131.0,0.0,0.0,0.0,0.0
2023-03-21 05:33:28.443000+00:00,999424.0,16732160.0,18665472.0,18665472.0,11.1,0.288839718,25.57,907963.0,0.0,0.0,2861.0,1286112.0,0.0,0.0,2134.0,0.0,0.0,0.0,0.0
2023-03-21 05:33:33.184000+00:00,999424.0,18145280.0,20553728.0,20553728.0,11.11,0.288839718,25.63,911113.0,0.0,0.0,2867.0,1288129.0,0.0,0.0,2139.0,0.0,0.0,0.0,0.0
2023-03-21 05:33:38.276000+00:00,999424.0,18145280.0,20553728.0,20074496.0,11.12,0.288839718,25.64,912259.0,0.0,0.0,2871.0,1290025.0,0.0,0.0,2142.0,0.0,0.0,0.0,0.0
2023-03-21 05:33:43.593000+00:00,999424.0,18948096.0,21049344.0,21049344.0,11.14,0.288839718,25.66,913287.0,0.0,0.0,2874.0,1291847.0,0.0,0.0,2144.0,0.0,0.0,0.0,0.0
2023-03-21 05:33:49.080000+00:00,999424.0,18948096.0,21049344.0,21049344.0,11.16,0.327497256,25.7,913287.0,0.0,0.0,2874.0,1291847.0,0.0,0.0,2148.0,0.0,0.0,0.0,0.0
2023-03-21 05:33:54.644000+00:00,999424.0,17743872.0,19804160.0,19804160.0,11.2,0.33210892,25.73,916262.0,0.0,0.0,2883.0,1295694.0,0.0,0.0,2151.0,0.0,0.0,0.0,0.0
2023-03-21 05:33:59.250000+00:00,1015808.0,16744448.0,18694144.0,18694144.0,11.23,0.340080514,25.78,917363.0,0.0,0.0,2887.0,1297589.0,0.0,0.0,2154.0,0.0,0.0,0.0,0.0
2023-03-21 05:34:04.731000+00:00,1015808.0,17408000.0,19206144.0,19206144.0,11.24,0.340080514,25.78,917803.0,0.0,0.0,2890.0,1299408.0,0.0,0.0,2156.0,0.0,0.0,0.0,0.0
2023-03-21 05:34:09.734000+00:00,1015808.0,17408000.0,19206144.0,19206144.0,11.25,0.34258814,25.85,917803.0,0.0,0.0,2894.0,1301297.0,0.0,0.0,2159.0,0.0,0.0,0.0,0.0
2023-03-21 05:34:14.764000+00:00,1015808.0,19251200.0,21049344.0,21049344.0,11.25,0.345082166,25.86,918749.0,0.0,0.0,2897.0,1303117.0,0.0,0.0,2161.0,0.0,0.0,0.0,0.0
2023-03-21 05:34:19.816000+00:00,1015808.0,19251200.0,21049344.0,21049344.0,11.27,0.368144235,25.9,918749.0,0.0,0.0,2897.0,1303117.0,0.0,0.0,2164.0,0.0,0.0,0.0,0.0
2023-03-21 05:34:24.786000+00:00,1015808.0,19542016.0,21344256.0,21344256.0,11.27,0.374163163,25.91,919695.0,0.0,0.0,2904.0,1306823.0,0.0,0.0,2166.0,0.0,0.0,0.0,0.0
2023-03-21 05:34:29.022000+00:00,1015808.0,19542016.0,21344256.0,21344256.0,11.31,0.376072595,26.0,919695.0,0.0,0.0,2904.0,1306823.0,0.0,0.0,2166.0,0.0,0.0,0.0,0.0
2023-03-21 05:34:34.694000+00:00,1015808.0,14655488.0,16715776.0,16715776.0,11.35,0.377250149,26.05,922700.0,0.0,0.0,2912.0,1310601.0,0.0,0.0,2172.0,0.0,0.0,0.0,0.0
2023-03-21 05:34:39.808000+00:00,1015808.0,14655488.0,16715776.0,16715776.0,11.36,0.378184944,26.09,922700.0,0.0,0.0,2916.0,1312494.0,0.0,0.0,2175.0,0.0,0.0,0.0,0.0
2023-03-21 05:34:44.024000+00:00,1015808.0,16187392.0,17985536.0,17985536.0,11.36,0.378184944,26.1,923646.0,0.0,0.0,2919.0,1314316.0,0.0,0.0,2177.0,0.0,0.0,0.0,0.0
2023-03-21 05:34:49.024000+00:00,1015808.0,17817600.0,17985536.0,17985536.0,11.36,0.38009504,26.11,923646.0,0.0,0.0,2919.0,1314316.0,0.0,0.0,2180.0,0.0,0.0,0.0,0.0
2023-03-21 05:34:54.597000+00:00,1015808.0,17817600.0,19746816.0,19746816.0,11.36,0.38017965,26.12,926613.0,0.0,0.0,2928.0,1318163.0,0.0,0.0,2184.0,0.0,0.0,0.0,0.0
2023-03-21 05:34:59.027000+00:00,1024000.0,17817600.0,19746816.0,19746816.0,11.36,0.380241656,26.22,926613.0,0.0,0.0,2928.0,1318163.0,0.0,0.0,2184.0,0.0,0.0,0.0,0.0
2023-03-21 05:35:03.851000+00:00,1024000.0,17977344.0,20656128.0,20656128.0,11.39,0.380241656,26.3,930754.0,0.0,0.0,2938.0,1322065.0,0.0,0.0,2192.0,0.0,0.0,0.0,0.0
2023-03-21 05:35:08.927000+00:00,1024000.0,17977344.0,20656128.0,20656128.0,11.42,0.380241656,26.38,930754.0,0.0,0.0,2938.0,1322065.0,0.0,0.0,2195.0,0.0,0.0,0.0,0.0
2023-03-21 05:35:14.055000+00:00,1024000.0,16994304.0,18792448.0,18792448.0,11.44,0.380241656,26.39,935231.0,0.0,0.0,2948.0,1325977.0,0.0,0.0,2200.0,0.0,0.0,0.0,0.0
2023-03-21 05:35:18.994000+00:00,1024000.0,18378752.0,21110784.0,21110784.0,11.48,0.380241656,26.45,938479.0,0.0,0.0,2948.0,1325977.0,0.0,0.0,2206.0,0.0,0.0,0.0,0.0
2023-03-21 05:35:23.029000+00:00,1024000.0,19877888.0,21782528.0,21782528.0,11.48,0.380241656,26.46,938845.0,0.0,0.0,2957.0,1329828.0,0.0,0.0,2207.0,0.0,0.0,0.0,0.0
2023-03-21 05:35:28.750000+00:00,1024000.0,19877888.0,21782528.0,21782528.0,11.5,0.380241656,26.52,938845.0,0.0,0.0,2957.0,1329828.0,0.0,0.0,2207.0,0.0,0.0,0.0,0.0
2023-03-21 05:35:34.472000+00:00,1024000.0,18763776.0,22740992.0,22740992.0,11.5,0.380241656,26.55,941014.0,0.0,0.0,2966.0,1333670.0,0.0,0.0,2214.0,0.0,0.0,0.0,0.0
2023-03-21 05:35:38.052000+00:00,1024000.0,18763776.0,22740992.0,22740992.0,11.51,0.380241656,26.56,941014.0,0.0,0.0,2966.0,1333670.0,0.0,0.0,2216.0,0.0,0.0,0.0,0.0
2023-03-21 05:35:43.815000+00:00,1024000.0,20074496.0,21876736.0,21876736.0,11.51,0.380241656,26.58,943291.0,0.0,0.0,2974.0,1337447.0,0.0,0.0,2220.0,0.0,0.0,0.0,0.0
2023-03-21 05:35:49.514000+00:00,1024000.0,19648512.0,21876736.0,21876736.0,11.55,0.380241656,26.66,943291.0,0.0,0.0,2974.0,1337447.0,0.0,0.0,2220.0,0.0,0.0,0.0,0.0
2023-03-21 05:35:53.065000+00:00,1024000.0,19771392.0,21573632.0,21573632.0,11.56,0.380241656,26.66,946179.0,0.0,0.0,2983.0,1341230.0,0.0,0.0,2226.0,0.0,0.0,0.0,0.0
2023-03-21 05:35:59.834000+00:00,1048576.0,19771392.0,21573632.0,21573632.0,11.57,0.380241656,26.68,946179.0,0.0,0.0,2987.0,1343126.0,0.0,0.0,2229.0,0.0,0.0,0.0,0.0
2023-03-21 05:36:04.644000+00:00,1048576.0,17035264.0,18919424.0,18919424.0,11.62,0.380241656,26.81,948412.0,0.0,0.0,2990.0,1344948.0,0.0,0.0,2231.0,0.0,0.0,0.0,0.0
2023-03-21 05:36:09.755000+00:00,1048576.0,18616320.0,18919424.0,18919424.0,11.66,0.380241656,26.87,948412.0,0.0,0.0,2990.0,1344948.0,0.0,0.0,2231.0,0.0,0.0,0.0,0.0
2023-03-21 05:36:14.217000+00:00,1048576.0,18616320.0,20418560.0,20418560.0,11.66,0.380241656,26.88,950084.0,0.0,0.0,2997.0,1348663.0,0.0,0.0,2236.0,0.0,0.0,0.0,0.0
2023-03-21 05:36:19.720000+00:00,1048576.0,18804736.0,20611072.0,20611072.0,11.66,0.380241656,26.88,951929.0,0.0,0.0,3002.0,1350622.0,0.0,0.0,2240.0,0.0,0.0,0.0,0.0
2023-03-21 05:36:24.617000+00:00,1048576.0,18804736.0,20606976.0,20606976.0,11.66,0.380241656,26.9,952295.0,0.0,0.0,3004.0,1352379.0,0.0,0.0,2241.0,0.0,0.0,0.0,0.0
2023-03-21 05:36:28.663000+00:00,1048576.0,18804736.0,20606976.0,20606976.0,11.67,0.380241656,27.0,952295.0,0.0,0.0,3004.0,1352379.0,0.0,0.0,2241.0,0.0,0.0,0.0,0.0
2023-03-21 05:36:34.830000+00:00,1048576.0,18661376.0,20463616.0,20463616.0,11.68,0.380241656,27.0,954546.0,0.0,0.0,3012.0,1356158.0,0.0,0.0,2247.0,0.0,0.0,0.0,0.0
2023-03-21 05:36:38.273000+00:00,1048576.0,18661376.0,20463616.0,20463616.0,11.71,0.380241656,27.1,954546.0,0.0,0.0,3012.0,1356158.0,0.0,0.0,2250.0,0.0,0.0,0.0,0.0
2023-03-21 05:36:43.544000+00:00,1048576.0,18644992.0,20451328.0,20451328.0,11.71,0.380241656,27.12,958284.0,0.0,0.0,3021.0,1360009.0,0.0,0.0,2254.0,0.0,0.0,0.0,0.0
2023-03-21 05:36:48.718000+00:00,1048576.0,18644992.0,15986688.0,15986688.0,11.78,0.390303951,27.22,960800.0,0.0,0.0,3027.0,1362038.0,0.0,0.0,2259.0,0.0,0.0,0.0,0.0
2023-03-21 05:36:53+00:00,1048576.0,15986688.0,18223104.0,18223104.0,11.79,0.392141543,27.29,961780.0,0.0,0.0,3030.0,1363859.0,0.0,0.0,2261.0,0.0,0.0,0.0,0.0
2023-03-21 05:36:59.245000+00:00,1048576.0,15986688.0,18223104.0,18223104.0,11.85,0.393001668,27.38,961780.0,0.0,0.0,3030.0,1363859.0,0.0,0.0,2261.0,0.0,0.0,0.0,0.0
2023-03-21 05:37:03.038000+00:00,1064960.0,16297984.0,20078592.0,20078592.0,11.86,0.393001668,27.43,967449.0,0.0,0.0,3043.0,1367969.0,0.0,0.0,2272.0,0.0,0.0,0.0,0.0
2023-03-21 05:37:09.372000+00:00,1064960.0,16658432.0,20078592.0,20078592.0,11.87,0.393001668,27.56,967449.0,0.0,0.0,3043.0,1367969.0,0.0,0.0,2272.0,0.0,0.0,0.0,0.0
2023-03-21 05:37:14.574000+00:00,1064960.0,17223680.0,19025920.0,19025920.0,11.88,0.393001668,27.56,970999.0,0.0,0.0,3052.0,1371814.0,0.0,0.0,2279.0,0.0,0.0,0.0,0.0
2023-03-21 05:37:19.604000+00:00,1064960.0,17223680.0,20066304.0,20066304.0,11.89,0.393001668,27.65,973471.0,0.0,0.0,3058.0,1373845.0,0.0,0.0,2284.0,0.0,0.0,0.0,0.0
2023-03-21 05:37:24.862000+00:00,1064960.0,18542592.0,20344832.0,20344832.0,11.89,0.393001668,27.66,973837.0,0.0,0.0,3060.0,1375602.0,0.0,0.0,2285.0,0.0,0.0,0.0,0.0
2023-03-21 05:37:29.328000+00:00,1064960.0,18542592.0,20344832.0,20344832.0,11.9,0.394628147,27.68,973837.0,0.0,0.0,3060.0,1375602.0,0.0,0.0,2285.0,0.0,0.0,0.0,0.0
2023-03-21 05:37:34.482000+00:00,1064960.0,18993152.0,22331392.0,22331392.0,11.98,0.394628147,27.7,979572.0,0.0,0.0,3072.0,1379656.0,0.0,0.0,2295.0,0.0,0.0,0.0,0.0
2023-03-21 05:37:39.287000+00:00,1064960.0,18993152.0,22331392.0,22331392.0,11.99,0.394628147,27.71,979572.0,0.0,0.0,3072.0,1379656.0,0.0,0.0,2295.0,0.0,0.0,0.0,0.0
2023-03-21 05:37:43.699000+00:00,1064960.0,14569472.0,16412672.0,16412672.0,12.05,0.394628147,27.8,983115.0,0.0,0.0,3081.0,1383514.0,0.0,0.0,2302.0,0.0,0.0,0.0,0.0
2023-03-21 05:37:48.542000+00:00,1064960.0,14569472.0,19927040.0,19927040.0,12.08,0.394628147,27.8,983621.0,0.0,0.0,3085.0,1385410.0,0.0,0.0,2305.0,0.0,0.0,0.0,0.0
2023-03-21 05:37:54.213000+00:00,1064960.0,16453632.0,18386944.0,18386944.0,12.08,0.394628147,27.83,984795.0,0.0,0.0,3089.0,1387296.0,0.0,0.0,2308.0,0.0,0.0,0.0,0.0
2023-03-21 05:37:58.428000+00:00,1064960.0,17244160.0,21286912.0,21286912.0,12.08,0.394628147,27.84,986675.0,0.0,0.0,3094.0,1389256.0,0.0,0.0,2308.0,0.0,0.0,0.0,0.0
2023-03-21 05:38:04.024000+00:00,1093632.0,18800640.0,20602880.0,20602880.0,12.09,0.394628147,27.85,988367.0,0.0,0.0,3098.0,1391145.0,0.0,0.0,2315.0,0.0,0.0,0.0,0.0
2023-03-21 05:38:08.871000+00:00,1093632.0,15900672.0,17735680.0,17735680.0,12.09,0.394628147,27.88,988799.0,0.0,0.0,3101.0,1392973.0,0.0,0.0,2317.0,0.0,0.0,0.0,0.0
2023-03-21 05:38:14.295000+00:00,1093632.0,17072128.0,18874368.0,18874368.0,12.1,0.394628147,27.88,989239.0,0.0,0.0,3104.0,1394786.0,0.0,0.0,2319.0,0.0,0.0,0.0,0.0
2023-03-21 05:38:19.002000+00:00,1093632.0,17072128.0,19169280.0,19169280.0,12.11,0.394628147,27.88,990310.0,0.0,0.0,3108.0,1396682.0,0.0,0.0,2322.0,0.0,0.0,0.0,0.0
2023-03-21 05:38:23.775000+00:00,1093632.0,17162240.0,18964480.0,18964480.0,12.13,0.394628147,27.99,991323.0,0.0,0.0,3111.0,1398498.0,0.0,0.0,2324.0,0.0,0.0,0.0,0.0
2023-03-21 05:38:28.152000+00:00,1093632.0,17383424.0,18964480.0,18964480.0,12.14,0.394628147,28.0,991323.0,0.0,0.0,3111.0,1398498.0,0.0,0.0,2324.0,0.0,0.0,0.0,0.0
2023-03-21 05:38:33.823000+00:00,1093632.0,18165760.0,20099072.0,20099072.0,12.14,0.394628147,28.04,994079.0,0.0,0.0,3119.0,1402280.0,0.0,0.0,2330.0,0.0,0.0,0.0,0.0
2023-03-21 05:38:38.932000+00:00,1093632.0,18165760.0,21147648.0,21147648.0,12.14,0.394628147,28.06,994585.0,0.0,0.0,3123.0,1404178.0,0.0,0.0,2333.0,0.0,0.0,0.0,0.0
2023-03-21 05:38:44.345000+00:00,1093632.0,14217216.0,16052224.0,16052224.0,12.17,0.395280021,28.12,995025.0,0.0,0.0,3126.0,1406001.0,0.0,0.0,2335.0,0.0,0.0,0.0,0.0
2023-03-21 05:38:49.207000+00:00,1093632.0,14217216.0,16588800.0,16588800.0,12.18,0.395280021,28.12,997645.0,0.0,0.0,3132.0,1408028.0,0.0,0.0,2340.0,0.0,0.0,0.0,0.0
2023-03-21 05:38:54.304000+00:00,1093632.0,15298560.0,17227776.0,17227776.0,12.18,0.395280021,28.22,1000060.0,0.0,0.0,3137.0,1409978.0,0.0,0.0,2344.0,0.0,0.0,0.0,0.0
2023-03-21 05:38:59.631000+00:00,1110016.0,15298560.0,17227776.0,17227776.0,12.21,0.395280021,28.29,1000060.0,0.0,0.0,3137.0,1409978.0,0.0,0.0,2344.0,0.0,0.0,0.0,0.0
2023-03-21 05:39:03.215000+00:00,1110016.0,14692352.0,16723968.0,16723968.0,12.22,0.395280021,28.34,1004302.0,0.0,0.0,3147.0,1413892.0,0.0,0.0,2352.0,0.0,0.0,0.0,0.0
2023-03-21 05:39:09.401000+00:00,1110016.0,14692352.0,16814080.0,16814080.0,12.24,0.395280021,28.42,1006068.0,0.0,0.0,3152.0,1415850.0,0.0,0.0,2356.0,0.0,0.0,0.0,0.0
2023-03-21 05:39:14.358000+00:00,1110016.0,14848000.0,16785408.0,16785408.0,12.28,0.395280021,28.48,1007824.0,0.0,0.0,3156.0,1417737.0,0.0,0.0,2359.0,0.0,0.0,0.0,0.0
2023-03-21 05:39:18.395000+00:00,1110016.0,14848000.0,16785408.0,18976768.0,12.3,0.395280021,28.48,1008939.0,0.0,0.0,3160.0,1419624.0,0.0,0.0,2362.0,0.0,0.0,0.0,0.0
2023-03-21 05:39:23.793000+00:00,1110016.0,18518016.0,20402176.0,20402176.0,12.3,0.395280021,28.54,1009305.0,0.0,0.0,3162.0,1421381.0,0.0,0.0,2363.0,0.0,0.0,0.0,0.0
2023-03-21 05:39:28.923000+00:00,1110016.0,18518016.0,20402176.0,20402176.0,12.33,0.395280021,28.58,1009305.0,0.0,0.0,3162.0,1421381.0,0.0,0.0,2368.0,0.0,0.0,0.0,0.0
2023-03-21 05:39:34.578000+00:00,1110016.0,17231872.0,19423232.0,19423232.0,12.34,0.395280021,28.62,1012271.0,0.0,0.0,3171.0,1425226.0,0.0,0.0,2370.0,0.0,0.0,0.0,0.0
2023-03-21 05:39:38.044000+00:00,1110016.0,17231872.0,19533824.0,19533824.0,12.35,0.395280021,28.62,1012703.0,0.0,0.0,3174.0,1427051.0,0.0,0.0,2372.0,0.0,0.0,0.0,0.0
2023-03-21 05:39:44.548000+00:00,1110016.0,14659584.0,16461824.0,16461824.0,12.4,0.395280021,28.68,1013908.0,0.0,0.0,3178.0,1428937.0,0.0,0.0,2375.0,0.0,0.0,0.0,0.0
2023-03-21 05:39:48.105000+00:00,1110016.0,15609856.0,17674240.0,17674240.0,12.4,0.395823688,28.68,1015750.0,0.0,0.0,3183.0,1430899.0,0.0,0.0,2379.0,0.0,0.0,0.0,0.0
2023-03-21 05:39:54.726000+00:00,1110016.0,16789504.0,18612224.0,18612224.0,12.41,0.398502419,28.71,1016116.0,0.0,0.0,3185.0,1432650.0,0.0,0.0,2380.0,0.0,0.0,0.0,0.0
2023-03-21 05:39:59.095000+00:00,1126400.0,18014208.0,20099072.0,20099072.0,12.42,0.398910399,28.77,1018689.0,0.0,0.0,3191.0,1434679.0,0.0,0.0,2385.0,0.0,0.0,0.0,0.0
2023-03-21 05:40:03.420000+00:00,1126400.0,18087936.0,19922944.0,19922944.0,12.42,0.398910399,28.78,1021275.0,0.0,0.0,3196.0,1436636.0,0.0,0.0,2389.0,0.0,0.0,0.0,0.0
2023-03-21 05:40:09.520000+00:00,1126400.0,18087936.0,17989632.0,17989632.0,12.45,0.398910399,28.81,1021707.0,0.0,0.0,3199.0,1438463.0,0.0,0.0,2391.0,0.0,0.0,0.0,0.0
2023-03-21 05:40:14.039000+00:00,1126400.0,18120704.0,19988480.0,19988480.0,12.46,0.398910399,28.9,1022713.0,0.0,0.0,3202.0,1440286.0,0.0,0.0,2393.0,0.0,0.0,0.0,0.0
2023-03-21 05:40:19.379000+00:00,1126400.0,18120704.0,19955712.0,19955712.0,12.47,0.398910399,28.9,1025023.0,0.0,0.0,3208.0,1442316.0,0.0,0.0,2398.0,0.0,0.0,0.0,0.0
2023-03-21 05:40:24.345000+00:00,1126400.0,18743296.0,20582400.0,20582400.0,12.49,0.398910399,28.95,1026053.0,0.0,0.0,3211.0,1444140.0,0.0,0.0,2400.0,0.0,0.0,0.0,0.0
2023-03-21 05:40:29.634000+00:00,1126400.0,18653184.0,20660224.0,20660224.0,12.5,0.398910399,29.04,1026485.0,0.0,0.0,3214.0,1445969.0,0.0,0.0,2402.0,0.0,0.0,0.0,0.0
2023-03-21 05:40:33.309000+00:00,1126400.0,18653184.0,20619264.0,20619264.0,12.51,0.398910399,29.05,1028372.0,0.0,0.0,3218.0,1447852.0,0.0,0.0,2405.0,0.0,0.0,0.0,0.0
2023-03-21 05:40:39.478000+00:00,1126400.0,18653184.0,22982656.0,22982656.0,12.53,0.398910399,29.12,1030167.0,0.0,0.0,3224.0,1449881.0,0.0,0.0,2410.0,0.0,0.0,0.0,0.0
2023-03-21 05:40:44.265000+00:00,1126400.0,18309120.0,20275200.0,20275200.0,12.55,0.398910399,29.14,1030533.0,0.0,0.0,3226.0,1451636.0,0.0,0.0,2411.0,0.0,0.0,0.0,0.0
2023-03-21 05:40:49.635000+00:00,1126400.0,18309120.0,20275200.0,20144128.0,12.56,0.398910399,29.14,1033890.0,0.0,0.0,3233.0,1453728.0,0.0,0.0,2417.0,0.0,0.0,0.0,0.0
2023-03-21 05:40:53.830000+00:00,1126400.0,18309120.0,20275200.0,20275200.0,12.56,0.398910399,29.15,1036163.0,0.0,0.0,3238.0,1455679.0,0.0,0.0,2421.0,0.0,0.0,0.0,0.0
2023-03-21 05:40:59.002000+00:00,1150976.0,18243584.0,20275200.0,20275200.0,12.56,0.398910399,29.24,1036163.0,0.0,0.0,3238.0,1455679.0,0.0,0.0,2421.0,0.0,0.0,0.0,0.0
2023-03-21 05:41:03+00:00,1150976.0,17309696.0,19816448.0,19816448.0,12.57,0.398910399,29.29,1040619.0,0.0,0.0,3248.0,1459596.0,0.0,0.0,2429.0,0.0,0.0,0.0,0.0
2023-03-21 05:41:09.493000+00:00,1150976.0,17309696.0,19271680.0,19271680.0,12.61,0.398910399,29.33,1043113.0,0.0,0.0,3254.0,1461629.0,0.0,0.0,2434.0,0.0,0.0,0.0,0.0
2023-03-21 05:41:14.095000+00:00,1150976.0,17268736.0,19107840.0,19107840.0,12.62,0.398910399,29.34,1045559.0,0.0,0.0,3259.0,1463578.0,0.0,0.0,2438.0,0.0,0.0,0.0,0.0
2023-03-21 05:41:19.146000+00:00,1150976.0,17268736.0,19107840.0,19767296.0,12.62,0.398910399,29.35,1046644.0,0.0,0.0,3263.0,1465473.0,0.0,0.0,2441.0,0.0,0.0,0.0,0.0
2023-03-21 05:41:23.776000+00:00,1150976.0,19791872.0,21884928.0,21884928.0,12.64,0.398910399,29.38,1047084.0,0.0,0.0,3266.0,1467293.0,0.0,0.0,2443.0,0.0,0.0,0.0,0.0
2023-03-21 05:41:29.745000+00:00,1150976.0,19791872.0,21884928.0,21884928.0,12.64,0.398910399,29.4,1047084.0,0.0,0.0,3266.0,1467293.0,0.0,0.0,2443.0,0.0,0.0,0.0,0.0
2023-03-21 05:41:34.894000+00:00,1150976.0,16367616.0,18239488.0,18239488.0,12.69,0.398910399,29.48,1049312.0,0.0,0.0,3274.0,1471075.0,0.0,0.0,2449.0,0.0,0.0,0.0,0.0
2023-03-21 05:41:39.622000+00:00,1150976.0,18350080.0,20779008.0,20779008.0,12.71,0.398910399,29.48,1050526.0,0.0,0.0,3279.0,1473043.0,0.0,0.0,2453.0,0.0,0.0,0.0,0.0
2023-03-21 05:41:44.376000+00:00,1150976.0,18350080.0,20185088.0,20185088.0,12.71,0.398910399,29.52,1050892.0,0.0,0.0,3281.0,1474803.0,0.0,0.0,2454.0,0.0,0.0,0.0,0.0
2023-03-21 05:41:49.352000+00:00,1150976.0,18350080.0,20185088.0,20512768.0,12.71,0.398910399,29.52,1051398.0,0.0,0.0,3285.0,1476705.0,0.0,0.0,2457.0,0.0,0.0,0.0,0.0
2023-03-21 05:41:54.647000+00:00,1150976.0,19668992.0,21667840.0,21667840.0,12.73,0.398910399,29.56,1053580.0,0.0,0.0,3290.0,1478657.0,0.0,0.0,2461.0,0.0,0.0,0.0,0.0
2023-03-21 05:41:58.275000+00:00,1150976.0,20332544.0,21667840.0,21667840.0,12.73,0.398910399,29.57,1053580.0,0.0,0.0,3290.0,1478657.0,0.0,0.0,2461.0,0.0,0.0,0.0,0.0
2023-03-21 05:42:04.678000+00:00,1171456.0,17559552.0,19402752.0,19402752.0,12.78,0.398910399,29.63,1057142.0,0.0,0.0,3299.0,1482506.0,0.0,0.0,2468.0,0.0,0.0,0.0,0.0
2023-03-21 05:42:08.963000+00:00,1171456.0,17559552.0,19402752.0,18055168.0,12.8,0.398910399,29.69,1059073.0,0.0,0.0,3304.0,1484467.0,0.0,0.0,2472.0,0.0,0.0,0.0,0.0
2023-03-21 05:42:14.129000+00:00,1171456.0,18038784.0,19873792.0,19873792.0,12.8,0.398910399,29.69,1061327.0,0.0,0.0,3309.0,1486421.0,0.0,0.0,2476.0,0.0,0.0,0.0,0.0
2023-03-21 05:42:18.906000+00:00,1171456.0,14491648.0,16490496.0,16490496.0,12.82,0.398910399,29.72,1062458.0,0.0,0.0,3313.0,1488312.0,0.0,0.0,2479.0,0.0,0.0,0.0,0.0
2023-03-21 05:42:24.576000+00:00,1171456.0,16982016.0,18817024.0,18817024.0,12.84,0.398910399,29.78,1063483.0,0.0,0.0,3316.0,1490139.0,0.0,0.0,2481.0,0.0,0.0,0.0,0.0
2023-03-21 05:42:29.104000+00:00,1171456.0,17014784.0,18980864.0,18980864.0,12.85,0.398910399,29.78,1065299.0,0.0,0.0,3321.0,1492100.0,0.0,0.0,2485.0,0.0,0.0,0.0,0.0
2023-03-21 05:42:34.825000+00:00,1171456.0,18726912.0,20602880.0,20602880.0,12.85,0.398910399,29.86,1066329.0,0.0,0.0,3324.0,1493926.0,0.0,0.0,2487.0,0.0,0.0,0.0,0.0
2023-03-21 05:42:39.807000+00:00,1171456.0,18726912.0,20602880.0,21102592.0,12.88,0.398910399,29.9,1068151.0,0.0,0.0,3329.0,1495891.0,0.0,0.0,2491.0,0.0,0.0,0.0,0.0
2023-03-21 05:42:43.102000+00:00,1171456.0,19095552.0,21061632.0,21061632.0,12.88,0.398910399,29.91,1069480.0,0.0,0.0,3333.0,1497779.0,0.0,0.0,2494.0,0.0,0.0,0.0,0.0
2023-03-21 05:42:48.883000+00:00,1171456.0,19095552.0,21061632.0,19128320.0,12.89,0.398910399,30.01,1071892.0,0.0,0.0,3339.0,1499815.0,0.0,0.0,2499.0,0.0,0.0,0.0,0.0
2023-03-21 05:42:53.646000+00:00,1171456.0,17539072.0,19546112.0,19546112.0,12.9,0.398910399,30.04,1074286.0,0.0,0.0,3344.0,1501768.0,0.0,0.0,2503.0,0.0,0.0,0.0,0.0
2023-03-21 05:42:59.455000+00:00,1191936.0,17539072.0,19546112.0,19546112.0,12.94,0.398910399,30.08,1074286.0,0.0,0.0,3344.0,1501768.0,0.0,0.0,2503.0,0.0,0.0,0.0,0.0
2023-03-21 05:43:03.507000+00:00,1191936.0,19247104.0,21180416.0,21180416.0,12.94,0.398910399,30.08,1077719.0,0.0,0.0,3353.0,1505614.0,0.0,0.0,2510.0,0.0,0.0,0.0,0.0
2023-03-21 05:43:09.871000+00:00,1191936.0,19247104.0,21180416.0,18882560.0,13.01,0.398910399,30.08,1080507.0,0.0,0.0,3359.0,1507645.0,0.0,0.0,2515.0,0.0,0.0,0.0,0.0
2023-03-21 05:43:14.457000+00:00,1191936.0,19214336.0,21086208.0,21086208.0,13.03,0.398910399,30.24,1083103.0,0.0,0.0,3364.0,1509595.0,0.0,0.0,2519.0,0.0,0.0,0.0,0.0
2023-03-21 05:43:18.256000+00:00,1191936.0,18223104.0,20094976.0,20094976.0,13.06,0.398910399,30.29,1084116.0,0.0,0.0,3368.0,1511489.0,0.0,0.0,2522.0,0.0,0.0,0.0,0.0
2023-03-21 05:43:23.059000+00:00,1191936.0,18223104.0,20226048.0,20226048.0,13.06,0.398910399,30.29,1085930.0,0.0,0.0,3372.0,1513375.0,0.0,0.0,2525.0,0.0,0.0,0.0,0.0
2023-03-21 05:43:29.440000+00:00,1191936.0,18223104.0,20226048.0,20226048.0,13.08,0.398910399,30.39,1085930.0,0.0,0.0,3372.0,1513375.0,0.0,0.0,2525.0,0.0,0.0,0.0,0.0
2023-03-21 05:43:33.565000+00:00,1191936.0,19214336.0,21110784.0,21110784.0,13.1,0.398910399,30.4,1087509.0,0.0,0.0,3379.0,1517089.0,0.0,0.0,2530.0,0.0,0.0,0.0,0.0
2023-03-21 05:43:39.778000+00:00,1191936.0,17076224.0,18952192.0,18952192.0,13.14,0.398910399,30.49,1088015.0,0.0,0.0,3383.0,1518980.0,0.0,0.0,2533.0,0.0,0.0,0.0,0.0
2023-03-21 05:43:44.894000+00:00,1191936.0,18305024.0,20176896.0,20176896.0,13.14,0.398910399,30.5,1090734.0,0.0,0.0,3388.0,1520930.0,0.0,0.0,2537.0,0.0,0.0,0.0,0.0
2023-03-21 05:43:48.644000+00:00,1191936.0,18305024.0,20176896.0,20176896.0,13.15,0.398910399,30.5,1091166.0,0.0,0.0,3391.0,1522755.0,0.0,0.0,2539.0,0.0,0.0,0.0,0.0
2023-03-21 05:43:53.522000+00:00,1191936.0,19296256.0,21958656.0,21958656.0,13.16,0.398910399,30.67,1091606.0,0.0,0.0,3394.0,1524579.0,0.0,0.0,2541.0,0.0,0.0,0.0,0.0
2023-03-21 05:43:59.586000+00:00,1212416.0,19296256.0,21958656.0,21958656.0,13.17,0.398910399,30.69,1091606.0,0.0,0.0,3394.0,1524579.0,0.0,0.0,2541.0,0.0,248691.0,0.0,0.0
2023-03-21 05:44:04.778000+00:00,1212416.0,20697088.0,22761472.0,22761472.0,13.18,0.398910399,30.74,1096553.0,0.0,0.0,3405.0,1528565.0,0.0,0.0,2550.0,0.0,0.0,0.0,0.0
2023-03-21 05:44:09.113000+00:00,1212416.0,19341312.0,21245952.0,21245952.0,13.2,0.398910399,30.74,1097059.0,0.0,0.0,3409.0,1530461.0,0.0,0.0,2553.0,0.0,0.0,0.0,0.0
2023-03-21 05:44:14.555000+00:00,1212416.0,20434944.0,22343680.0,22343680.0,13.21,0.398910399,30.79,1098755.0,0.0,0.0,3413.0,1532348.0,0.0,0.0,2556.0,0.0,0.0,0.0,0.0
2023-03-21 05:44:19.201000+00:00,1212416.0,20434944.0,22343680.0,22343680.0,13.23,0.398910399,30.87,1099915.0,0.0,0.0,3417.0,1534246.0,0.0,0.0,2559.0,0.0,0.0,0.0,0.0
2023-03-21 05:44:23.254000+00:00,1212416.0,15773696.0,17952768.0,17952768.0,13.3,0.398910399,31.0,1100879.0,0.0,0.0,3420.0,1536070.0,0.0,0.0,2561.0,0.0,0.0,0.0,0.0
2023-03-21 05:44:28.303000+00:00,1212416.0,15773696.0,17391616.0,17391616.0,13.3,0.398910399,31.02,1102099.0,0.0,0.0,3425.0,1538031.0,0.0,0.0,2565.0,0.0,0.0,0.0,0.0
2023-03-21 05:44:33.991000+00:00,1212416.0,17633280.0,19537920.0,19537920.0,13.3,0.398910399,31.11,1102465.0,0.0,0.0,3427.0,1539783.0,0.0,0.0,2566.0,0.0,0.0,0.0,0.0
2023-03-21 05:44:39.692000+00:00,1212416.0,17666048.0,19574784.0,19574784.0,13.33,0.398910399,31.11,1104217.0,0.0,0.0,3432.0,1541750.0,0.0,0.0,2570.0,0.0,0.0,0.0,0.0
2023-03-21 05:44:44.803000+00:00,1212416.0,17666048.0,19701760.0,19701760.0,13.33,0.398910399,31.22,1106004.0,0.0,0.0,3436.0,1543633.0,0.0,0.0,2573.0,0.0,0.0,0.0,0.0
2023-03-21 05:44:49.133000+00:00,1212416.0,17666048.0,19701760.0,19701760.0,13.34,0.398910399,31.31,1107187.0,0.0,0.0,3441.0,1545593.0,0.0,0.0,2577.0,0.0,0.0,0.0,0.0
2023-03-21 05:44:53.319000+00:00,1212416.0,16551936.0,18456576.0,18456576.0,13.34,0.398910399,31.32,1108834.0,0.0,0.0,3445.0,1547480.0,0.0,0.0,2580.0,0.0,0.0,0.0,0.0
2023-03-21 05:44:59.504000+00:00,1232896.0,18104320.0,18456576.0,18456576.0,13.37,0.398910399,31.39,1108834.0,0.0,0.0,3445.0,1547480.0,0.0,0.0,2580.0,0.0,0.0,0.0,0.0
2023-03-21 05:45:04.332000+00:00,1232896.0,20418560.0,22327296.0,22327296.0,13.37,0.398910399,31.4,1113132.0,0.0,0.0,3455.0,1551401.0,0.0,0.0,2588.0,0.0,0.0,0.0,0.0
2023-03-21 05:45:09.033000+00:00,1232896.0,20418560.0,22327296.0,22626304.0,13.37,0.398910399,31.4,1114334.0,0.0,0.0,3459.0,1553300.0,0.0,0.0,2591.0,0.0,0.0,0.0,0.0
2023-03-21 05:45:14.016000+00:00,1232896.0,14950400.0,16879616.0,16879616.0,13.44,0.398910399,31.52,1115657.0,0.0,0.0,3464.0,1555189.0,0.0,0.0,2594.0,0.0,0.0,0.0,0.0
2023-03-21 05:45:19.671000+00:00,1232896.0,14950400.0,16879616.0,16879616.0,13.48,0.398910399,31.6,1117492.0,0.0,0.0,3469.0,1557147.0,0.0,0.0,2598.0,0.0,0.0,0.0,0.0
2023-03-21 05:45:24.453000+00:00,1232896.0,17096704.0,19238912.0,19238912.0,13.5,0.402277511,31.64,1120539.0,0.0,0.0,3475.0,1559162.0,0.0,0.0,2603.0,0.0,0.0,0.0,0.0
2023-03-21 05:45:28.505000+00:00,1232896.0,16695296.0,19238912.0,19238912.0,13.53,0.404921934,31.72,1120539.0,0.0,0.0,3475.0,1559162.0,0.0,0.0,2603.0,0.0,0.0,0.0,0.0
2023-03-21 05:45:34.526000+00:00,1232896.0,18309120.0,20369408.0,20369408.0,13.53,0.404921934,31.73,1123461.0,0.0,0.0,3483.0,1562951.0,0.0,0.0,2609.0,0.0,0.0,0.0,0.0
2023-03-21 05:45:39.398000+00:00,1232896.0,18309120.0,22179840.0,22179840.0,13.54,0.404921934,31.75,1124553.0,0.0,0.0,3487.0,1564845.0,0.0,0.0,2612.0,0.0,0.0,0.0,0.0
2023-03-21 05:45:44.720000+00:00,1232896.0,16408576.0,18350080.0,18350080.0,13.61,0.404921934,31.82,1125735.0,0.0,0.0,3491.0,1566736.0,0.0,0.0,2615.0,0.0,0.0,0.0,0.0
2023-03-21 05:45:48.861000+00:00,1232896.0,16408576.0,18350080.0,19066880.0,13.61,0.404921934,31.82,1127646.0,0.0,0.0,3496.0,1568697.0,0.0,0.0,2619.0,0.0,0.0,0.0,0.0
2023-03-21 05:45:54.787000+00:00,1232896.0,18948096.0,20856832.0,20856832.0,13.62,0.404921934,31.83,1129426.0,0.0,0.0,3500.0,1570582.0,0.0,0.0,2622.0,0.0,0.0,0.0,0.0
2023-03-21 05:45:59.038000+00:00,1232896.0,18948096.0,20852736.0,20852736.0,13.62,0.404921934,31.83,1131298.0,0.0,0.0,3505.0,1572542.0,0.0,0.0,2626.0,0.0,0.0,0.0,0.0
2023-03-21 05:46:03.749000+00:00,1253376.0,18743296.0,20770816.0,20770816.0,13.65,0.404921934,31.92,1133047.0,0.0,0.0,3509.0,1574426.0,0.0,0.0,2629.0,0.0,0.0,0.0,0.0
2023-03-21 05:46:09.373000+00:00,1253376.0,18743296.0,18522112.0,18522112.0,13.67,0.407486434,31.92,1134207.0,0.0,0.0,3513.0,1576317.0,0.0,0.0,2632.0,0.0,0.0,0.0,0.0
2023-03-21 05:46:13.980000+00:00,1253376.0,19087360.0,21286912.0,21286912.0,13.69,0.407976915,32.04,1135908.0,0.0,0.0,3517.0,1578206.0,0.0,0.0,2635.0,0.0,0.0,0.0,0.0
2023-03-21 05:46:19.886000+00:00,1253376.0,19087360.0,21286912.0,20992000.0,13.7,0.408140288,32.06,1136414.0,0.0,0.0,3521.0,1580098.0,0.0,0.0,2638.0,0.0,0.0,0.0,0.0
2023-03-21 05:46:23.526000+00:00,1253376.0,20779008.0,22687744.0,22687744.0,13.7,0.410616647,32.06,1138142.0,0.0,0.0,3525.0,1581985.0,0.0,0.0,2641.0,0.0,0.0,0.0,0.0
2023-03-21 05:46:29.361000+00:00,1253376.0,19632128.0,21536768.0,21536768.0,13.71,0.412523379,32.14,1139418.0,0.0,0.0,3530.0,1583948.0,0.0,0.0,2645.0,0.0,0.0,0.0,0.0
2023-03-21 05:46:33.917000+00:00,1253376.0,20140032.0,22048768.0,22048768.0,13.72,0.413703701,32.15,1141238.0,0.0,0.0,3534.0,1585835.0,0.0,0.0,2648.0,0.0,0.0,0.0,0.0
2023-03-21 05:46:38.245000+00:00,1253376.0,20140032.0,22048768.0,20295680.0,13.8,0.415324405,32.24,1142320.0,0.0,0.0,3538.0,1587738.0,0.0,0.0,2651.0,0.0,0.0,0.0,0.0
2023-03-21 05:46:44.302000+00:00,1253376.0,18419712.0,20328448.0,20328448.0,13.82,0.415324405,32.25,1143721.0,0.0,0.0,3542.0,1589622.0,0.0,0.0,2654.0,0.0,0.0,0.0,0.0
2023-03-21 05:46:49.573000+00:00,1253376.0,18419712.0,20328448.0,20324352.0,13.82,0.415324405,32.26,1145535.0,0.0,0.0,3547.0,1591577.0,0.0,0.0,2658.0,0.0,0.0,0.0,0.0
2023-03-21 05:46:54.465000+00:00,1253376.0,20140032.0,24031232.0,24031232.0,13.83,0.415324405,32.26,1145901.0,0.0,0.0,3549.0,1593330.0,0.0,0.0,2659.0,0.0,0.0,0.0,0.0
2023-03-21 05:46:59.621000+00:00,1253376.0,18702336.0,24031232.0,24031232.0,13.86,0.415324405,32.26,1145901.0,0.0,0.0,3549.0,1593330.0,0.0,0.0,2659.0,0.0,0.0,0.0,0.0
2023-03-21 05:47:03.811000+00:00,1269760.0,19369984.0,21274624.0,21274624.0,13.86,0.415324405,32.39,1148626.0,0.0,0.0,3557.0,1597106.0,0.0,0.0,2665.0,0.0,0.0,0.0,0.0
2023-03-21 05:47:09.830000+00:00,1269760.0,19369984.0,20094976.0,20094976.0,13.9,0.415324405,32.39,1149132.0,0.0,0.0,3561.0,1599004.0,0.0,0.0,2668.0,0.0,0.0,0.0,0.0
2023-03-21 05:47:14.384000+00:00,1269760.0,16703488.0,18763776.0,18763776.0,13.91,0.415324405,32.59,1149572.0,0.0,0.0,3564.0,1600825.0,0.0,0.0,2670.0,0.0,0.0,0.0,0.0
2023-03-21 05:47:18.428000+00:00,1269760.0,16703488.0,18763776.0,21323776.0,13.94,0.415324405,32.64,1150078.0,0.0,0.0,3568.0,1602716.0,0.0,0.0,2673.0,0.0,0.0,0.0,0.0
2023-03-21 05:47:24.372000+00:00,1269760.0,20037632.0,21946368.0,21946368.0,13.94,0.415324405,32.66,1151203.0,0.0,0.0,3572.0,1604600.0,0.0,0.0,2676.0,0.0,0.0,0.0,0.0
2023-03-21 05:47:29.156000+00:00,1269760.0,20037632.0,21946368.0,21946368.0,14.0,0.415324405,32.71,1151203.0,0.0,0.0,3572.0,1604600.0,0.0,0.0,2676.0,0.0,0.0,0.0,0.0
2023-03-21 05:47:34.780000+00:00,1269760.0,14663680.0,16699392.0,16699392.0,14.02,0.415324405,32.79,1158209.0,0.0,0.0,3586.0,1608771.0,0.0,0.0,2688.0,0.0,0.0,0.0,0.0
2023-03-21 05:47:38.948000+00:00,1269760.0,14663680.0,18071552.0,18071552.0,14.02,0.415324405,32.85,1158641.0,0.0,0.0,3589.0,1610602.0,0.0,0.0,2690.0,0.0,0.0,0.0,0.0
2023-03-21 05:47:44.340000+00:00,1269760.0,16171008.0,18083840.0,18083840.0,14.03,0.415324405,32.87,1159736.0,0.0,0.0,3592.0,1612422.0,0.0,0.0,2692.0,0.0,0.0,0.0,0.0
2023-03-21 05:47:49.434000+00:00,1269760.0,17018880.0,19177472.0,19177472.0,14.04,0.415324405,32.9,1162238.0,0.0,0.0,3598.0,1614452.0,0.0,0.0,2697.0,0.0,0.0,0.0,0.0
2023-03-21 05:47:53.574000+00:00,1269760.0,14843904.0,16781312.0,16781312.0,14.08,0.415324405,32.98,1163296.0,0.0,0.0,3601.0,1616266.0,0.0,0.0,2699.0,0.0,0.0,0.0,0.0
2023-03-21 05:47:59.286000+00:00,1269760.0,14843904.0,16781312.0,16781312.0,14.08,0.415324405,32.98,1163296.0,0.0,0.0,3601.0,1616266.0,0.0,0.0,2699.0,0.0,0.0,0.0,0.0
2023-03-21 05:48:04.825000+00:00,1290240.0,18800640.0,20705280.0,20705280.0,14.08,0.415324405,33.03,1166288.0,0.0,0.0,3609.0,1620053.0,0.0,0.0,2705.0,0.0,0.0,0.0,0.0
2023-03-21 05:48:09.615000+00:00,1290240.0,18800640.0,20705280.0,20705280.0,14.08,0.415324405,33.03,1166720.0,0.0,0.0,3612.0,1621881.0,0.0,0.0,2707.0,0.0,0.0,0.0,0.0
2023-03-21 05:48:14.705000+00:00,1290240.0,17571840.0,19480576.0,19480576.0,14.1,0.415324405,33.11,1168536.0,0.0,0.0,3616.0,1623765.0,0.0,0.0,2710.0,0.0,0.0,0.0,0.0
2023-03-21 05:48:19.156000+00:00,1290240.0,17571840.0,19480576.0,21450752.0,14.1,0.415324405,33.15,1168968.0,0.0,0.0,3619.0,1625596.0,0.0,0.0,2712.0,0.0,0.0,0.0,0.0
2023-03-21 05:48:24.267000+00:00,1290240.0,20512768.0,22417408.0,22417408.0,14.1,0.415324405,33.16,1170768.0,0.0,0.0,3623.0,1627484.0,0.0,0.0,2715.0,0.0,0.0,0.0,0.0
2023-03-21 05:48:28.791000+00:00,1290240.0,16801792.0,22417408.0,22417408.0,14.15,0.415324405,33.25,1170768.0,0.0,0.0,3623.0,1627484.0,0.0,0.0,2715.0,0.0,0.0,0.0,0.0
2023-03-21 05:48:34.791000+00:00,1290240.0,18358272.0,20262912.0,20262912.0,14.16,0.415324405,33.27,1174434.0,0.0,0.0,3632.0,1631342.0,0.0,0.0,2722.0,0.0,0.0,0.0,0.0
2023-03-21 05:48:38.701000+00:00,1290240.0,18358272.0,18513920.0,18513920.0,14.16,0.415324405,33.29,1174866.0,0.0,0.0,3635.0,1633171.0,0.0,0.0,2724.0,0.0,0.0,0.0,0.0
2023-03-21 05:48:43.810000+00:00,1290240.0,17235968.0,19140608.0,19140608.0,14.16,0.415324405,33.3,1177463.0,0.0,0.0,3640.0,1635124.0,0.0,0.0,2728.0,0.0,0.0,0.0,0.0
2023-03-21 05:48:49.422000+00:00,1290240.0,17235968.0,19140608.0,20787200.0,14.16,0.415324405,33.38,1177895.0,0.0,0.0,3643.0,1636954.0,0.0,0.0,2730.0,0.0,0.0,0.0,0.0
2023-03-21 05:48:54.131000+00:00,1290240.0,18751488.0,20656128.0,20656128.0,14.17,0.415324405,33.39,1179876.0,0.0,0.0,3648.0,1638907.0,0.0,0.0,2734.0,0.0,0.0,0.0,0.0
2023-03-21 05:48:58.993000+00:00,1306624.0,18751488.0,20656128.0,20656128.0,14.18,0.415324405,33.43,1179876.0,0.0,0.0,3648.0,1638907.0,0.0,0.0,2734.0,0.0,0.0,0.0,0.0
2023-03-21 05:49:03.949000+00:00,1306624.0,20647936.0,22560768.0,22560768.0,14.19,0.415324405,33.44,1180748.0,0.0,0.0,3654.0,1642563.0,0.0,0.0,2738.0,0.0,0.0,0.0,0.0
2023-03-21 05:49:08.333000+00:00,1306624.0,20647936.0,16777216.0,16777216.0,14.22,0.415324405,33.44,1182515.0,0.0,0.0,3659.0,1644525.0,0.0,0.0,2742.0,0.0,0.0,0.0,0.0
2023-03-21 05:49:14.633000+00:00,1306624.0,18243584.0,22282240.0,22282240.0,14.26,0.415324405,33.62,1182955.0,0.0,0.0,3662.0,1646348.0,0.0,0.0,2744.0,0.0,0.0,0.0,0.0
2023-03-21 05:49:18.310000+00:00,1306624.0,18243584.0,22282240.0,19468288.0,14.27,0.415324405,33.64,1184142.0,0.0,0.0,3666.0,1648248.0,0.0,0.0,2747.0,0.0,0.0,0.0,0.0
2023-03-21 05:49:24.470000+00:00,1306624.0,17629184.0,19668992.0,19668992.0,14.28,0.415324405,33.66,1184582.0,0.0,0.0,3669.0,1650066.0,0.0,0.0,2749.0,0.0,0.0,0.0,0.0
2023-03-21 05:49:29.332000+00:00,1306624.0,17666048.0,19574784.0,19574784.0,14.28,0.415324405,33.67,1187807.0,0.0,0.0,3677.0,1652221.0,0.0,0.0,2749.0,0.0,0.0,0.0,0.0
2023-03-21 05:49:33.976000+00:00,1306624.0,18255872.0,20328448.0,20328448.0,14.31,0.415324405,33.73,1188173.0,0.0,0.0,3679.0,1653968.0,0.0,0.0,2757.0,0.0,0.0,0.0,0.0
2023-03-21 05:49:38.109000+00:00,1306624.0,18927616.0,20836352.0,20836352.0,14.31,0.415324405,33.74,1189356.0,0.0,0.0,3683.0,1655859.0,0.0,0.0,2760.0,0.0,0.0,0.0,0.0
2023-03-21 05:49:44.621000+00:00,1306624.0,18419712.0,20459520.0,20459520.0,14.33,0.415324405,33.82,1189796.0,0.0,0.0,3686.0,1657679.0,0.0,0.0,2762.0,0.0,0.0,0.0,0.0
2023-03-21 05:49:48.954000+00:00,1306624.0,18419712.0,21147648.0,21147648.0,14.35,0.415324405,33.82,1193843.0,0.0,0.0,3694.0,1659841.0,0.0,0.0,2769.0,0.0,0.0,0.0,0.0
2023-03-21 05:49:54.097000+00:00,1306624.0,20353024.0,22396928.0,22396928.0,14.36,0.415324405,33.89,1195505.0,0.0,0.0,3698.0,1661726.0,0.0,0.0,2772.0,0.0,0.0,0.0,0.0
2023-03-21 05:49:58.959000+00:00,1306624.0,20353024.0,22396928.0,22396928.0,14.38,0.415324405,33.97,1195505.0,0.0,0.0,3698.0,1661726.0,0.0,0.0,2772.0,0.0,0.0,0.0,0.0
2023-03-21 05:50:04.584000+00:00,1323008.0,18575360.0,20484096.0,20484096.0,14.39,0.415324405,33.98,1196965.0,0.0,0.0,3704.0,1665376.0,0.0,0.0,2776.0,0.0,0.0,0.0,0.0
2023-03-21 05:50:08.606000+00:00,1323008.0,18575360.0,20217856.0,20217856.0,14.43,0.415324405,34.05,1197471.0,0.0,0.0,3708.0,1667273.0,0.0,0.0,2779.0,0.0,0.0,0.0,0.0
2023-03-21 05:50:13.481000+00:00,1323008.0,18796544.0,20840448.0,20840448.0,14.43,0.415324405,34.06,1199769.0,0.0,0.0,3713.0,1669226.0,0.0,0.0,2783.0,0.0,0.0,0.0,0.0
2023-03-21 05:50:19.228000+00:00,1323008.0,18796544.0,20840448.0,22269952.0,14.46,0.415324405,34.06,1200201.0,0.0,0.0,3716.0,1671058.0,0.0,0.0,2785.0,0.0,0.0,0.0,0.0
2023-03-21 05:50:23.707000+00:00,1323008.0,17231872.0,19664896.0,19664896.0,14.53,0.415324405,34.21,1201390.0,0.0,0.0,3720.0,1672948.0,0.0,0.0,2788.0,0.0,0.0,0.0,0.0
2023-03-21 05:50:29.843000+00:00,1323008.0,19623936.0,19664896.0,19664896.0,14.54,0.415614803,34.26,1201390.0,0.0,0.0,3720.0,1672948.0,0.0,0.0,2788.0,0.0,0.0,0.0,0.0
2023-03-21 05:50:33.062000+00:00,1323008.0,19623936.0,21663744.0,21663744.0,14.54,0.415614803,34.27,1204134.0,0.0,0.0,3728.0,1676726.0,0.0,0.0,2794.0,0.0,0.0,0.0,0.0
2023-03-21 05:50:38.645000+00:00,1323008.0,21266432.0,23310336.0,23310336.0,14.54,0.416987617,34.31,1204640.0,0.0,0.0,3732.0,1678616.0,0.0,0.0,2797.0,0.0,0.0,0.0,0.0
2023-03-21 05:50:44.163000+00:00,1323008.0,21266432.0,23171072.0,23171072.0,14.54,0.416987617,34.32,1205658.0,0.0,0.0,3735.0,1680437.0,0.0,0.0,2799.0,0.0,0.0,0.0,0.0
2023-03-21 05:50:49.186000+00:00,1323008.0,21266432.0,23171072.0,23179264.0,14.54,0.416987617,34.32,1207565.0,0.0,0.0,3741.0,1682465.0,0.0,0.0,2804.0,0.0,0.0,0.0,0.0
2023-03-21 05:50:54.181000+00:00,1323008.0,21270528.0,23179264.0,23179264.0,14.55,0.416987617,34.32,1208689.0,0.0,0.0,3744.0,1684288.0,0.0,0.0,2806.0,0.0,0.0,0.0,0.0
2023-03-21 05:50:59.754000+00:00,1323008.0,19501056.0,21544960.0,21544960.0,14.57,0.417546431,34.4,1210569.0,0.0,0.0,3750.0,1686316.0,0.0,0.0,2806.0,0.0,0.0,0.0,0.0
2023-03-21 05:51:04.195000+00:00,1335296.0,19505152.0,21413888.0,21413888.0,14.57,0.417546431,34.4,1211632.0,0.0,0.0,3753.0,1688136.0,0.0,0.0,2813.0,0.0,0.0,0.0,0.0
2023-03-21 05:51:08.232000+00:00,1335296.0,15519744.0,17592320.0,17592320.0,14.59,0.419474152,34.48,1213407.0,0.0,0.0,3758.0,1690101.0,0.0,0.0,2817.0,0.0,0.0,0.0,0.0
2023-03-21 05:51:14.324000+00:00,1335296.0,16961536.0,18882560.0,18882560.0,14.59,0.419961704,34.5,1215080.0,0.0,0.0,3762.0,1691987.0,0.0,0.0,2820.0,0.0,0.0,0.0,0.0
2023-03-21 05:51:18.612000+00:00,1335296.0,16961536.0,19972096.0,19972096.0,14.6,0.421608809,34.5,1216959.0,0.0,0.0,3767.0,1693950.0,0.0,0.0,2824.0,0.0,0.0,0.0,0.0
2023-03-21 05:51:24.669000+00:00,1335296.0,16764928.0,18808832.0,18808832.0,14.65,0.422136634,34.56,1217399.0,0.0,0.0,3770.0,1695774.0,0.0,0.0,2826.0,0.0,0.0,0.0,0.0
2023-03-21 05:51:29.652000+00:00,1335296.0,16764928.0,18808832.0,18808832.0,14.66,0.424175285,34.58,1217399.0,0.0,0.0,3770.0,1695774.0,0.0,0.0,2830.0,0.0,0.0,0.0,0.0
2023-03-21 05:51:34.850000+00:00,1335296.0,17862656.0,19771392.0,19771392.0,14.68,0.425683714,34.67,1220407.0,0.0,0.0,3779.0,1699622.0,0.0,0.0,2833.0,0.0,0.0,0.0,0.0
2023-03-21 05:51:39.386000+00:00,1335296.0,17125376.0,19161088.0,19161088.0,14.72,0.427450355,34.76,1221667.0,0.0,0.0,3784.0,1701586.0,0.0,0.0,2837.0,0.0,0.0,0.0,0.0
2023-03-21 05:51:43.861000+00:00,1335296.0,17829888.0,19738624.0,19738624.0,14.72,0.427450355,34.77,1222033.0,0.0,0.0,3786.0,1703341.0,0.0,0.0,2838.0,0.0,0.0,0.0,0.0
2023-03-21 05:51:48.962000+00:00,1335296.0,17829888.0,20451328.0,20451328.0,14.73,0.4287649,34.77,1224011.0,0.0,0.0,3791.0,1705300.0,0.0,0.0,2842.0,0.0,0.0,0.0,0.0
2023-03-21 05:51:53.732000+00:00,1335296.0,20074496.0,21983232.0,21983232.0,14.74,0.4287649,34.85,1225040.0,0.0,0.0,3794.0,1707117.0,0.0,0.0,2844.0,0.0,0.0,0.0,0.0
2023-03-21 05:51:58.807000+00:00,1335296.0,20074496.0,21983232.0,21983232.0,14.79,0.4287649,34.92,1225040.0,0.0,0.0,3794.0,1707117.0,0.0,0.0,2844.0,0.0,0.0,0.0,0.0
2023-03-21 05:52:04.221000+00:00,1355776.0,18403328.0,20430848.0,20430848.0,14.8,0.4287649,34.93,1227224.0,0.0,0.0,3803.0,1710893.0,0.0,0.0,2850.0,0.0,0.0,0.0,0.0
2023-03-21 05:52:09.710000+00:00,1355776.0,20115456.0,22024192.0,22024192.0,14.81,0.4287649,34.94,1229877.0,0.0,0.0,3809.0,1712922.0,0.0,0.0,2855.0,0.0,0.0,0.0,0.0
2023-03-21 05:52:13.458000+00:00,1355776.0,19410944.0,21880832.0,21880832.0,14.84,0.43955475,35.0,1230911.0,0.0,0.0,3812.0,1714755.0,0.0,0.0,2857.0,0.0,0.0,0.0,0.0
2023-03-21 05:52:18.303000+00:00,1355776.0,19410944.0,21323776.0,21323776.0,14.84,0.44073931,35.0,1232039.0,0.0,0.0,3816.0,1716653.0,0.0,0.0,2860.0,0.0,0.0,0.0,0.0
2023-03-21 05:52:23.794000+00:00,1355776.0,18149376.0,20062208.0,20062208.0,14.88,0.442878102,35.05,1233820.0,0.0,0.0,3820.0,1718544.0,0.0,0.0,2863.0,0.0,0.0,0.0,0.0
2023-03-21 05:52:28.498000+00:00,1355776.0,18149376.0,20062208.0,20062208.0,14.88,0.444052342,35.07,1233820.0,0.0,0.0,3820.0,1718544.0,0.0,0.0,2863.0,0.0,0.0,0.0,0.0
2023-03-21 05:52:34.104000+00:00,1355776.0,17928192.0,19836928.0,19836928.0,14.9,0.444052342,35.09,1237304.0,0.0,0.0,3829.0,1722401.0,0.0,0.0,2870.0,0.0,0.0,0.0,0.0
2023-03-21 05:52:39.182000+00:00,1355776.0,18411520.0,19836928.0,19836928.0,14.9,0.444052342,35.1,1237304.0,0.0,0.0,3829.0,1722401.0,0.0,0.0,2870.0,0.0,0.0,0.0,0.0
2023-03-21 05:52:44.696000+00:00,1355776.0,17862656.0,19902464.0,19902464.0,14.93,0.445804442,35.22,1240751.0,0.0,0.0,3838.0,1726250.0,0.0,0.0,2877.0,0.0,0.0,0.0,0.0
2023-03-21 05:52:48.077000+00:00,1355776.0,17862656.0,19021824.0,19021824.0,14.95,0.445804442,35.22,1241833.0,0.0,0.0,3842.0,1728139.0,0.0,0.0,2880.0,0.0,0.0,0.0,0.0
2023-03-21 05:52:54.863000+00:00,1355776.0,16986112.0,18894848.0,18894848.0,14.97,0.445804442,35.29,1243581.0,0.0,0.0,3846.0,1730016.0,0.0,0.0,2883.0,0.0,0.0,0.0,0.0
2023-03-21 05:52:59.279000+00:00,1355776.0,16986112.0,18894848.0,18894848.0,14.98,0.445804442,35.33,1243581.0,0.0,0.0,3846.0,1730016.0,0.0,0.0,2883.0,0.0,0.0,0.0,0.0
2023-03-21 05:53:04.575000+00:00,1376256.0,19521536.0,21430272.0,21430272.0,14.98,0.445804442,35.34,1245103.0,0.0,0.0,3853.0,1733727.0,0.0,0.0,2888.0,0.0,0.0,0.0,0.0
2023-03-21 05:53:09.160000+00:00,1376256.0,15257600.0,21430272.0,21430272.0,15.02,0.445804442,35.39,1245103.0,0.0,0.0,3853.0,1733727.0,0.0,0.0,2888.0,0.0,0.0,0.0,0.0
2023-03-21 05:53:14.156000+00:00,1376256.0,17190912.0,19099648.0,19099648.0,15.02,0.446778658,35.44,1247228.0,0.0,0.0,3860.0,1737446.0,0.0,0.0,2893.0,0.0,0.0,0.0,0.0
2023-03-21 05:53:19.610000+00:00,1376256.0,17858560.0,19767296.0,19767296.0,15.02,0.447042205,35.45,1248316.0,0.0,0.0,3864.0,1739344.0,0.0,0.0,2896.0,0.0,0.0,0.0,0.0
2023-03-21 05:53:24.485000+00:00,1376256.0,18718720.0,20631552.0,20631552.0,15.05,0.447131419,35.52,1248756.0,0.0,0.0,3867.0,1741171.0,0.0,0.0,2898.0,0.0,0.0,0.0,0.0
2023-03-21 05:53:29.830000+00:00,1376256.0,15364096.0,17272832.0,17272832.0,15.09,0.449925781,35.64,1249262.0,0.0,0.0,3871.0,1743068.0,0.0,0.0,2901.0,0.0,0.0,0.0,0.0
2023-03-21 05:53:33.528000+00:00,1376256.0,15364096.0,17272832.0,17272832.0,15.09,0.449925781,35.65,1249702.0,0.0,0.0,3874.0,1744887.0,0.0,0.0,2903.0,0.0,0.0,0.0,0.0
2023-03-21 05:53:38.896000+00:00,1376256.0,15364096.0,17272832.0,17272832.0,15.1,0.451684927,35.68,1249702.0,0.0,0.0,3874.0,1744887.0,0.0,0.0,2903.0,0.0,0.0,0.0,0.0
2023-03-21 05:53:44.558000+00:00,1376256.0,15474688.0,17424384.0,17424384.0,15.12,0.452468009,35.77,1251228.0,0.0,0.0,3881.0,1748593.0,0.0,0.0,2908.0,0.0,0.0,0.0,0.0
2023-03-21 05:53:49.234000+00:00,1376256.0,15474688.0,19771392.0,19771392.0,15.13,0.453228166,35.81,1251734.0,0.0,0.0,3885.0,1750487.0,0.0,0.0,2911.0,0.0,0.0,0.0,0.0
2023-03-21 05:53:54.335000+00:00,1376256.0,17580032.0,19619840.0,19619840.0,15.13,0.453228166,35.82,1252747.0,0.0,0.0,3888.0,1752310.0,0.0,0.0,2913.0,0.0,0.0,0.0,0.0
2023-03-21 05:53:58.931000+00:00,1380352.0,17580032.0,19619840.0,19619840.0,15.15,0.454494193,35.91,1252747.0,0.0,0.0,3888.0,1752310.0,0.0,0.0,2913.0,0.0,0.0,0.0,0.0
2023-03-21 05:54:04.244000+00:00,1380352.0,19652608.0,21692416.0,21692416.0,15.16,0.454494193,35.93,1257210.0,0.0,0.0,3899.0,1756288.0,0.0,0.0,2922.0,0.0,0.0,0.0,0.0
2023-03-21 05:54:08.681000+00:00,1380352.0,18718720.0,20627456.0,20627456.0,15.16,0.455500368,35.96,1260931.0,0.0,0.0,3907.0,1758443.0,0.0,0.0,2929.0,0.0,0.0,0.0,0.0
2023-03-21 05:54:14.846000+00:00,1380352.0,19165184.0,21073920.0,21073920.0,15.17,0.455500368,35.97,1263918.0,0.0,0.0,3913.0,1760456.0,0.0,0.0,2934.0,0.0,0.0,0.0,0.0
2023-03-21 05:54:19.902000+00:00,1380352.0,19165184.0,21475328.0,21475328.0,15.18,0.455500368,36.0,1265676.0,0.0,0.0,3918.0,1762418.0,0.0,0.0,2938.0,0.0,0.0,0.0,0.0
2023-03-21 05:54:24.400000+00:00,1380352.0,19296256.0,21209088.0,21209088.0,15.18,0.455500368,36.01,1266729.0,0.0,0.0,3921.0,1764234.0,0.0,0.0,2940.0,0.0,0.0,0.0,0.0
2023-03-21 05:54:29.553000+00:00,1380352.0,19296256.0,21209088.0,21209088.0,15.21,0.455881401,36.11,1266729.0,0.0,0.0,3921.0,1764234.0,0.0,0.0,2940.0,0.0,0.0,0.0,0.0
2023-03-21 05:54:33.996000+00:00,1380352.0,19451904.0,21360640.0,21360640.0,15.21,0.455881401,36.12,1267675.0,0.0,0.0,3928.0,1767944.0,0.0,0.0,2945.0,0.0,0.0,0.0,0.0
2023-03-21 05:54:38.571000+00:00,1380352.0,19451904.0,21360640.0,21360640.0,15.22,0.459001936,36.14,1267675.0,0.0,0.0,3928.0,1767944.0,0.0,0.0,2945.0,0.0,0.0,0.0,0.0
2023-03-21 05:54:44.753000+00:00,1380352.0,20205568.0,22245376.0,22245376.0,15.22,0.459001936,36.15,1271904.0,0.0,0.0,3938.0,1771857.0,0.0,0.0,2953.0,0.0,0.0,0.0,0.0
2023-03-21 05:54:49.230000+00:00,1380352.0,20205568.0,22020096.0,22020096.0,15.24,0.459001936,36.15,1273007.0,0.0,0.0,3942.0,1773758.0,0.0,0.0,2956.0,0.0,0.0,0.0,0.0
2023-03-21 05:54:54.585000+00:00,1380352.0,20025344.0,21938176.0,21938176.0,15.25,0.459001936,36.27,1274082.0,0.0,0.0,3945.0,1775580.0,0.0,0.0,2958.0,0.0,0.0,0.0,0.0
2023-03-21 05:54:59.635000+00:00,1409024.0,21303296.0,23351296.0,23351296.0,15.26,0.461391206,36.33,1275259.0,0.0,0.0,3945.0,1775580.0,0.0,0.0,2958.0,0.0,0.0,0.0,0.0
2023-03-21 05:55:04.531000+00:00,1409024.0,21303296.0,23343104.0,23343104.0,15.26,0.461391206,36.34,1275625.0,0.0,0.0,3952.0,1779291.0,0.0,0.0,2963.0,0.0,0.0,0.0,0.0
2023-03-21 05:55:09.707000+00:00,1409024.0,18370560.0,23343104.0,23343104.0,15.28,0.4616496,36.43,1275625.0,0.0,0.0,3952.0,1779291.0,0.0,0.0,2963.0,0.0,0.0,0.0,0.0
2023-03-21 05:55:14.456000+00:00,1409024.0,18370560.0,20283392.0,20283392.0,15.28,0.461781929,36.44,1279857.0,0.0,0.0,3962.0,1783201.0,0.0,0.0,2971.0,0.0,0.0,0.0,0.0
2023-03-21 05:55:19.141000+00:00,1409024.0,18370560.0,19820544.0,19820544.0,15.31,0.463212756,36.5,1281601.0,0.0,0.0,3967.0,1785166.0,0.0,0.0,2975.0,0.0,0.0,0.0,0.0
2023-03-21 05:55:23.656000+00:00,1409024.0,18313216.0,20221952.0,20221952.0,15.31,0.463212756,36.52,1281967.0,0.0,0.0,3969.0,1786924.0,0.0,0.0,2976.0,0.0,0.0,0.0,0.0
2023-03-21 05:55:29.714000+00:00,1409024.0,19435520.0,21344256.0,21344256.0,15.33,0.464331019,36.56,1282473.0,0.0,0.0,3973.0,1788829.0,0.0,0.0,2979.0,0.0,0.0,0.0,0.0
2023-03-21 05:55:33.862000+00:00,1409024.0,18518016.0,20561920.0,20561920.0,15.37,0.46781352,36.62,1283507.0,0.0,0.0,3976.0,1790647.0,0.0,0.0,2981.0,0.0,0.0,0.0,0.0
2023-03-21 05:55:38.692000+00:00,1409024.0,18518016.0,20561920.0,20561920.0,15.37,0.468981551,36.62,1283507.0,0.0,0.0,3976.0,1790647.0,0.0,0.0,2981.0,0.0,0.0,0.0,0.0
2023-03-21 05:55:43.462000+00:00,1409024.0,19484672.0,21655552.0,21655552.0,15.37,0.470649978,36.66,1285812.0,0.0,0.0,3984.0,1794429.0,0.0,0.0,2987.0,0.0,0.0,0.0,0.0
2023-03-21 05:55:49.117000+00:00,1409024.0,20148224.0,22052864.0,22052864.0,15.37,0.471726867,36.67,1286318.0,0.0,0.0,3988.0,1796319.0,0.0,0.0,2990.0,0.0,0.0,0.0,0.0
2023-03-21 05:55:54.078000+00:00,1409024.0,19443712.0,21389312.0,21389312.0,15.39,0.472524766,36.75,1287512.0,0.0,0.0,3992.0,1798206.0,0.0,0.0,2993.0,0.0,0.0,0.0,0.0
2023-03-21 05:55:59.663000+00:00,1421312.0,19443712.0,21389312.0,21389312.0,15.39,0.472524766,36.76,1287512.0,0.0,0.0,3992.0,1798206.0,0.0,0.0,2993.0,0.0,0.0,0.0,0.0
2023-03-21 05:56:04.644000+00:00,1421312.0,19927040.0,21839872.0,21839872.0,15.41,0.472524766,36.82,1291632.0,0.0,0.0,4002.0,1802129.0,0.0,0.0,3001.0,0.0,0.0,0.0,0.0
2023-03-21 05:56:09.284000+00:00,1421312.0,19927040.0,21839872.0,21839872.0,15.43,0.472524766,36.87,1291632.0,0.0,0.0,4002.0,1802129.0,0.0,0.0,3006.0,0.0,0.0,0.0,0.0
2023-03-21 05:56:13.499000+00:00,1421312.0,20819968.0,22855680.0,22855680.0,15.43,0.472524766,36.88,1296133.0,0.0,0.0,4012.0,1806051.0,0.0,0.0,3009.0,0.0,0.0,0.0,0.0
2023-03-21 05:56:18.381000+00:00,1421312.0,20819968.0,22855680.0,22855680.0,15.46,0.472524766,37.0,1296133.0,0.0,0.0,4012.0,1806051.0,0.0,0.0,3009.0,0.0,0.0,0.0,0.0
2023-03-21 05:56:24.273000+00:00,1421312.0,18968576.0,20881408.0,20881408.0,15.46,0.472524766,37.03,1302439.0,0.0,0.0,4025.0,1810160.0,0.0,0.0,3020.0,0.0,0.0,0.0,0.0
2023-03-21 05:56:29.341000+00:00,1421312.0,19755008.0,21667840.0,21667840.0,15.46,0.472524766,37.04,1304977.0,0.0,0.0,4031.0,1812184.0,0.0,0.0,3025.0,0.0,0.0,0.0,0.0
2023-03-21 05:56:34.379000+00:00,1421312.0,15233024.0,17154048.0,17154048.0,15.51,0.472524766,37.13,1305994.0,0.0,0.0,4034.0,1814004.0,0.0,0.0,3027.0,0.0,0.0,0.0,0.0
2023-03-21 05:56:38.947000+00:00,1421312.0,15282176.0,17190912.0,17190912.0,15.51,0.472524766,37.14,1307797.0,0.0,0.0,4034.0,1814004.0,0.0,0.0,3031.0,0.0,0.0,0.0,0.0
2023-03-21 05:56:44.484000+00:00,1421312.0,15282176.0,17195008.0,17195008.0,15.51,0.472524766,37.15,1308823.0,0.0,0.0,4042.0,1817791.0,0.0,0.0,3033.0,0.0,0.0,0.0,0.0
2023-03-21 05:56:49.312000+00:00,1421312.0,15282176.0,17195008.0,17195008.0,15.52,0.472524766,37.22,1308823.0,0.0,0.0,4042.0,1817791.0,0.0,0.0,3033.0,0.0,0.0,0.0,0.0
2023-03-21 05:56:54.201000+00:00,1421312.0,17805312.0,19722240.0,19722240.0,15.52,0.472524766,37.23,1310341.0,0.0,0.0,4049.0,1821509.0,0.0,0.0,3038.0,0.0,0.0,0.0,0.0
2023-03-21 05:56:58.784000+00:00,1445888.0,19181568.0,21192704.0,21192704.0,15.54,0.472524766,37.32,1310847.0,0.0,0.0,4053.0,1823402.0,0.0,0.0,3041.0,0.0,0.0,0.0,0.0
2023-03-21 05:57:04.390000+00:00,1445888.0,20324352.0,22396928.0,22396928.0,15.55,0.472524766,37.34,1311867.0,0.0,0.0,4056.0,1825227.0,0.0,0.0,3043.0,0.0,0.0,0.0,0.0
2023-03-21 05:57:08.486000+00:00,1445888.0,20324352.0,22396928.0,22396928.0,15.58,0.472524766,37.38,1311867.0,0.0,0.0,4056.0,1825227.0,0.0,0.0,3046.0,0.0,0.0,0.0,0.0
2023-03-21 05:57:14.854000+00:00,1445888.0,15560704.0,17469440.0,17469440.0,15.62,0.472524766,37.48,1314188.0,0.0,0.0,4064.0,1829016.0,0.0,0.0,3049.0,0.0,0.0,0.0,0.0
2023-03-21 05:57:19.422000+00:00,1445888.0,17752064.0,17469440.0,17469440.0,15.62,0.472524766,37.5,1314188.0,0.0,0.0,4064.0,1829016.0,0.0,0.0,3049.0,0.0,0.0,0.0,0.0
2023-03-21 05:57:24.648000+00:00,1445888.0,19148800.0,21094400.0,21094400.0,15.62,0.472524766,37.51,1316411.0,0.0,0.0,4072.0,1832805.0,0.0,0.0,3055.0,0.0,0.0,0.0,0.0
2023-03-21 05:57:28.830000+00:00,1445888.0,15577088.0,17952768.0,17952768.0,15.68,0.472524766,37.61,1316843.0,0.0,0.0,4075.0,1834639.0,0.0,0.0,3057.0,0.0,0.0,0.0,0.0
2023-03-21 05:57:34.048000+00:00,1445888.0,17690624.0,20381696.0,20381696.0,15.68,0.472524766,37.65,1318535.0,0.0,0.0,4079.0,1836526.0,0.0,0.0,3060.0,0.0,0.0,0.0,0.0
2023-03-21 05:57:39.376000+00:00,1445888.0,17690624.0,20381696.0,20381696.0,15.73,0.472524766,37.73,1318535.0,0.0,0.0,4079.0,1836526.0,0.0,0.0,3063.0,0.0,0.0,0.0,0.0
2023-03-21 05:57:44.303000+00:00,1445888.0,17600512.0,19509248.0,19509248.0,15.74,0.472524766,37.74,1319978.0,0.0,0.0,4086.0,1840241.0,0.0,0.0,3065.0,0.0,0.0,0.0,0.0
2023-03-21 05:57:48.829000+00:00,1445888.0,17600512.0,20951040.0,20951040.0,15.74,0.472524766,37.75,1320484.0,0.0,0.0,4090.0,1842138.0,0.0,0.0,3068.0,0.0,0.0,0.0,0.0
2023-03-21 05:57:53.444000+00:00,1445888.0,18366464.0,20275200.0,20275200.0,15.74,0.472524766,37.76,1320924.0,0.0,0.0,4093.0,1843959.0,0.0,0.0,3070.0,0.0,0.0,0.0,0.0
2023-03-21 05:57:59.026000+00:00,1458176.0,18366464.0,20275200.0,20275200.0,15.79,0.47285768,37.81,1320924.0,0.0,0.0,4093.0,1843959.0,0.0,0.0,3070.0,0.0,0.0,0.0,0.0
2023-03-21 05:58:04.474000+00:00,1458176.0,16105472.0,18010112.0,18010112.0,15.8,0.47285768,37.81,1324265.0,0.0,0.0,4102.0,1847811.0,0.0,0.0,3077.0,0.0,0.0,0.0,0.0
2023-03-21 05:58:09.256000+00:00,1458176.0,16105472.0,18010112.0,18010112.0,15.82,0.473259797,37.88,1324265.0,0.0,0.0,4102.0,1847811.0,0.0,0.0,3081.0,0.0,0.0,0.0,0.0
2023-03-21 05:58:13.634000+00:00,1458176.0,18350080.0,20443136.0,20443136.0,15.82,0.473259797,37.88,1327137.0,0.0,0.0,4111.0,1851668.0,0.0,0.0,3084.0,0.0,0.0,0.0,0.0
2023-03-21 05:58:18.927000+00:00,1458176.0,18350080.0,20443136.0,20443136.0,15.82,0.474726915,37.92,1327137.0,0.0,0.0,4111.0,1851668.0,0.0,0.0,3087.0,0.0,0.0,0.0,0.0
2023-03-21 05:58:24.724000+00:00,1458176.0,19963904.0,22003712.0,22003712.0,15.82,0.474726915,37.93,1329987.0,0.0,0.0,4119.0,1855454.0,0.0,0.0,3090.0,0.0,0.0,0.0,0.0
2023-03-21 05:58:29.510000+00:00,1458176.0,18067456.0,19980288.0,19980288.0,15.85,0.476283825,37.96,1331852.0,0.0,0.0,4124.0,1857421.0,0.0,0.0,3094.0,0.0,0.0,0.0,0.0
2023-03-21 05:58:33.120000+00:00,1458176.0,19820544.0,21893120.0,21893120.0,15.85,0.477571197,38.03,1333642.0,0.0,0.0,4128.0,1859314.0,0.0,0.0,3097.0,0.0,0.0,0.0,0.0
2023-03-21 05:58:38.168000+00:00,1458176.0,19820544.0,21893120.0,21893120.0,15.86,0.477571197,38.04,1333642.0,0.0,0.0,4128.0,1861214.0,0.0,0.0,3100.0,0.0,0.0,0.0,0.0
2023-03-21 05:58:43.715000+00:00,1458176.0,20484096.0,22396928.0,22396928.0,15.86,0.477571197,38.04,1335832.0,0.0,0.0,4136.0,1863100.0,0.0,0.0,3103.0,0.0,0.0,0.0,0.0
2023-03-21 05:58:49.825000+00:00,1458176.0,20484096.0,22396928.0,22396928.0,15.88,0.477571197,38.04,1335832.0,0.0,0.0,4136.0,1863100.0,0.0,0.0,3106.0,0.0,0.0,0.0,0.0
2023-03-21 05:58:54.061000+00:00,1458176.0,21344256.0,23252992.0,23252992.0,15.89,0.477571197,38.12,1338005.0,0.0,0.0,4144.0,1866886.0,0.0,0.0,3109.0,0.0,0.0,0.0,0.0
2023-03-21 05:58:59.802000+00:00,1474560.0,21344256.0,23252992.0,23879680.0,15.89,0.477571197,38.19,1339211.0,0.0,0.0,4148.0,1868787.0,0.0,0.0,3112.0,0.0,0.0,0.0,0.0
2023-03-21 05:59:04.152000+00:00,1474560.0,22253568.0,24162304.0,24162304.0,15.9,0.477571197,38.19,1340246.0,0.0,0.0,4151.0,1870611.0,0.0,0.0,3114.0,0.0,0.0,0.0,0.0
2023-03-21 05:59:08.521000+00:00,1474560.0,22253568.0,24162304.0,24162304.0,15.94,0.478895901,38.19,1340246.0,0.0,0.0,4156.0,1872570.0,0.0,0.0,3118.0,0.0,0.0,0.0,0.0
2023-03-21 05:59:14.844000+00:00,1474560.0,15085568.0,16994304.0,16994304.0,16.0,0.487148238,38.35,1343199.0,0.0,0.0,4160.0,1874459.0,0.0,0.0,3121.0,0.0,0.0,0.0,0.0
2023-03-21 05:59:18.632000+00:00,1474560.0,16863232.0,16994304.0,16994304.0,16.01,0.490005626,38.4,1343199.0,0.0,0.0,4160.0,1874459.0,0.0,0.0,3125.0,0.0,0.0,0.0,0.0
2023-03-21 05:59:24.204000+00:00,1474560.0,18706432.0,20615168.0,20615168.0,16.01,0.490005626,38.41,1345364.0,0.0,0.0,4167.0,1878178.0,0.0,0.0,3126.0,0.0,0.0,0.0,0.0
2023-03-21 05:59:28.755000+00:00,1474560.0,19763200.0,21676032.0,21676032.0,16.01,0.490005626,38.42,1345870.0,0.0,0.0,4171.0,1880079.0,0.0,0.0,3129.0,0.0,0.0,0.0,0.0
2023-03-21 05:59:33.287000+00:00,1474560.0,16093184.0,18038784.0,18038784.0,16.03,0.491912167,38.46,1347021.0,0.0,0.0,4175.0,1881964.0,0.0,0.0,3132.0,0.0,0.0,0.0,0.0
2023-03-21 05:59:38.873000+00:00,1474560.0,15249408.0,17293312.0,17293312.0,16.05,0.493181498,38.51,1347453.0,0.0,0.0,4178.0,1883797.0,0.0,0.0,3134.0,0.0,0.0,0.0,0.0
2023-03-21 05:59:44.773000+00:00,1474560.0,17338368.0,19247104.0,19247104.0,16.06,0.493540164,38.56,1347893.0,0.0,0.0,4181.0,1885620.0,0.0,0.0,3136.0,0.0,0.0,0.0,0.0
2023-03-21 05:59:48.288000+00:00,1474560.0,17354752.0,19247104.0,19247104.0,16.06,0.493540164,38.56,1347893.0,0.0,0.0,4181.0,1885620.0,0.0,0.0,3136.0,0.0,0.0,0.0,0.0
2023-03-21 05:59:52.993000+00:00,1474560.0,17838080.0,19841024.0,19841024.0,16.07,0.493540164,38.57,1350759.0,0.0,0.0,4189.0,1889401.0,0.0,0.0,3142.0,0.0,0.0,0.0,0.0
2023-03-21 05:59:58.589000+00:00,1486848.0,18239488.0,20279296.0,20279296.0,16.13,0.493540164,38.64,1351265.0,0.0,0.0,4193.0,1891295.0,0.0,0.0,3145.0,0.0,0.0,0.0,0.0
2023-03-21 06:00:04.507000+00:00,1486848.0,17027072.0,18976768.0,18976768.0,16.15,0.493540164,38.67,1352491.0,0.0,0.0,4196.0,1893119.0,0.0,0.0,3147.0,0.0,0.0,0.0,0.0
2023-03-21 06:00:09.475000+00:00,1486848.0,17764352.0,19673088.0,19673088.0,16.15,0.494241274,38.67,1353686.0,0.0,0.0,4201.0,1895078.0,0.0,0.0,3151.0,0.0,0.0,0.0,0.0
2023-03-21 06:00:14.310000+00:00,1486848.0,17084416.0,19120128.0,19120128.0,16.18,0.502261102,38.77,1354706.0,0.0,0.0,4204.0,1896895.0,0.0,0.0,3153.0,0.0,0.0,0.0,0.0
2023-03-21 06:00:19.356000+00:00,1486848.0,17084416.0,19120128.0,19120128.0,16.19,0.502261102,38.78,1354706.0,0.0,0.0,4211.0,1898987.0,0.0,0.0,3159.0,0.0,0.0,0.0,0.0
2023-03-21 06:00:23.479000+00:00,1486848.0,18198528.0,20406272.0,20406272.0,16.19,0.502261102,38.84,1359414.0,0.0,0.0,4215.0,1900874.0,0.0,0.0,3162.0,0.0,0.0,0.0,0.0
2023-03-21 06:00:29.447000+00:00,1486848.0,20221952.0,23908352.0,23908352.0,16.2,0.502261102,38.91,1362200.0,0.0,0.0,4221.0,1902901.0,0.0,0.0,3167.0,0.0,0.0,0.0,0.0
2023-03-21 06:00:33.728000+00:00,1486848.0,20221952.0,22134784.0,22134784.0,16.21,0.502353939,38.93,1364683.0,0.0,0.0,4226.0,1904855.0,0.0,0.0,3171.0,0.0,0.0,0.0,0.0
2023-03-21 06:00:39.505000+00:00,1486848.0,20221952.0,22134784.0,22134784.0,16.22,0.502353939,38.97,1364683.0,0.0,0.0,4230.0,1906749.0,0.0,0.0,3174.0,0.0,0.0,0.0,0.0
2023-03-21 06:00:43.365000+00:00,1486848.0,20148224.0,22056960.0,22056960.0,16.23,0.502353939,38.98,1368322.0,0.0,0.0,4235.0,1908703.0,0.0,0.0,3178.0,0.0,0.0,0.0,0.0
2023-03-21 06:00:49.145000+00:00,1486848.0,20353024.0,22261760.0,22261760.0,16.24,0.502353939,39.0,1368828.0,0.0,0.0,4239.0,1910594.0,0.0,0.0,3181.0,0.0,0.0,0.0,0.0
2023-03-21 06:00:53.745000+00:00,1486848.0,18239488.0,20414464.0,20414464.0,16.26,0.504621478,39.04,1371279.0,0.0,0.0,4244.0,1912547.0,0.0,0.0,3185.0,0.0,0.0,0.0,0.0
2023-03-21 06:00:59.396000+00:00,1511424.0,18165760.0,20197376.0,20197376.0,16.28,0.504621478,39.2,1373008.0,0.0,0.0,4249.0,1914504.0,0.0,0.0,3189.0,0.0,0.0,0.0,0.0
2023-03-21 06:01:04.580000+00:00,1511424.0,19107840.0,21016576.0,21016576.0,16.28,0.504621478,39.21,1374108.0,0.0,0.0,4252.0,1916328.0,0.0,0.0,3191.0,0.0,0.0,0.0,0.0
2023-03-21 06:01:08.086000+00:00,1511424.0,19107840.0,21016576.0,21016576.0,16.31,0.504621478,39.27,1374108.0,0.0,0.0,4257.0,1918291.0,0.0,0.0,3195.0,0.0,0.0,0.0,0.0
2023-03-21 06:01:12.983000+00:00,1511424.0,17698816.0,20230144.0,20230144.0,16.32,0.504621478,39.3,1377566.0,0.0,0.0,4261.0,1920180.0,0.0,0.0,3198.0,0.0,0.0,0.0,0.0
2023-03-21 06:01:19.478000+00:00,1511424.0,17698816.0,20230144.0,20230144.0,16.32,0.504621478,39.3,1377566.0,0.0,0.0,4261.0,1922139.0,0.0,0.0,3202.0,0.0,0.0,0.0,0.0
2023-03-21 06:01:24.165000+00:00,1511424.0,18857984.0,21188608.0,21188608.0,16.32,0.504621478,39.33,1380537.0,0.0,0.0,4270.0,1924023.0,0.0,0.0,3205.0,0.0,0.0,0.0,0.0
2023-03-21 06:01:29.721000+00:00,1511424.0,18857984.0,21188608.0,21188608.0,16.32,0.504621478,39.34,1380537.0,0.0,0.0,4270.0,1924023.0,0.0,0.0,3205.0,0.0,0.0,0.0,0.0
2023-03-21 06:01:34.333000+00:00,1511424.0,18948096.0,21159936.0,21159936.0,16.36,0.504621478,39.43,1382976.0,0.0,0.0,4277.0,1927738.0,0.0,0.0,3210.0,0.0,0.0,0.0,0.0
2023-03-21 06:01:38.465000+00:00,1511424.0,18948096.0,21909504.0,21909504.0,16.36,0.504621478,39.44,1383482.0,0.0,0.0,4281.0,1929631.0,0.0,0.0,3213.0,0.0,0.0,0.0,0.0
2023-03-21 06:01:44.173000+00:00,1511424.0,17080320.0,19124224.0,19124224.0,16.38,0.504621478,39.48,1386122.0,0.0,0.0,4286.0,1931580.0,0.0,0.0,3217.0,0.0,0.0,0.0,0.0
2023-03-21 06:01:48.946000+00:00,1511424.0,17080320.0,19124224.0,19124224.0,16.39,0.504621478,39.51,1386122.0,0.0,0.0,4286.0,1933406.0,0.0,0.0,3219.0,0.0,0.0,0.0,0.0
2023-03-21 06:01:54.097000+00:00,1511424.0,19628032.0,21540864.0,21540864.0,16.4,0.504621478,39.52,1388302.0,0.0,0.0,4293.0,1935296.0,0.0,0.0,3222.0,0.0,0.0,0.0,0.0
2023-03-21 06:01:59.619000+00:00,1531904.0,19628032.0,21540864.0,21540864.0,16.45,0.504621478,39.6,1388302.0,0.0,0.0,4293.0,1935296.0,0.0,0.0,3222.0,0.0,0.0,0.0,0.0
2023-03-21 06:02:04.449000+00:00,1531904.0,19546112.0,21577728.0,21577728.0,16.46,0.504621478,39.61,1389923.0,0.0,0.0,4300.0,1939018.0,0.0,0.0,3227.0,0.0,0.0,0.0,0.0
2023-03-21 06:02:08.797000+00:00,1531904.0,19546112.0,21577728.0,19902464.0,16.5,0.504621478,39.66,1391064.0,0.0,0.0,4304.0,1940913.0,0.0,0.0,3230.0,0.0,0.0,0.0,0.0
2023-03-21 06:02:14.105000+00:00,1531904.0,18489344.0,20398080.0,20398080.0,16.5,0.504621478,39.66,1394189.0,0.0,0.0,4310.0,1942934.0,0.0,0.0,3235.0,0.0,0.0,0.0,0.0
2023-03-21 06:02:19.807000+00:00,1531904.0,18489344.0,20398080.0,20398080.0,16.51,0.504621478,39.67,1394189.0,0.0,0.0,4316.0,1944953.0,0.0,0.0,3240.0,0.0,0.0,0.0,0.0
2023-03-21 06:02:24.100000+00:00,1531904.0,21086208.0,23789568.0,23789568.0,16.52,0.504621478,39.72,1397839.0,0.0,0.0,4320.0,1946839.0,0.0,0.0,3243.0,0.0,0.0,0.0,0.0
2023-03-21 06:02:28.740000+00:00,1531904.0,21086208.0,22220800.0,22220800.0,16.52,0.504621478,39.73,1399713.0,0.0,0.0,4325.0,1948804.0,0.0,0.0,3247.0,0.0,0.0,0.0,0.0
2023-03-21 06:02:34.472000+00:00,1531904.0,17948672.0,19886080.0,19886080.0,16.55,0.505695854,39.88,1400761.0,0.0,0.0,4328.0,1950629.0,0.0,0.0,3249.0,0.0,0.0,0.0,0.0
2023-03-21 06:02:39.087000+00:00,1531904.0,17948672.0,19886080.0,21622784.0,16.56,0.505695854,39.88,1404820.0,0.0,0.0,4336.0,1952790.0,0.0,0.0,3256.0,0.0,0.0,0.0,0.0
2023-03-21 06:02:44.133000+00:00,1531904.0,20393984.0,22302720.0,22302720.0,16.56,0.505848203,39.9,1405186.0,0.0,0.0,4338.0,1954550.0,0.0,0.0,3257.0,0.0,0.0,0.0,0.0
2023-03-21 06:02:48.454000+00:00,1531904.0,20393984.0,22302720.0,22302720.0,16.57,0.506667991,39.9,1405186.0,0.0,0.0,4342.0,1956445.0,0.0,0.0,3260.0,0.0,0.0,0.0,0.0
2023-03-21 06:02:54.778000+00:00,1531904.0,20393984.0,22302720.0,22302720.0,16.57,0.508014755,39.92,1408148.0,0.0,0.0,4346.0,1958339.0,0.0,0.0,3263.0,0.0,0.0,0.0,0.0
2023-03-21 06:02:59.552000+00:00,1556480.0,20393984.0,22302720.0,22302720.0,16.64,0.511693134,40.02,1408148.0,0.0,0.0,4346.0,1958339.0,0.0,0.0,3263.0,0.0,0.0,0.0,0.0
2023-03-21 06:03:03.245000+00:00,1556480.0,18165760.0,20205568.0,20205568.0,16.64,0.512308382,40.03,1412353.0,0.0,0.0,4356.0,1962258.0,0.0,0.0,3271.0,0.0,0.0,0.0,0.0
2023-03-21 06:03:08.428000+00:00,1556480.0,18165760.0,20205568.0,20094976.0,16.65,0.516416116,40.05,1415120.0,0.0,0.0,4362.0,1964290.0,0.0,0.0,3276.0,0.0,0.0,0.0,0.0
2023-03-21 06:03:13.829000+00:00,1556480.0,16830464.0,18771968.0,18771968.0,16.68,0.530504097,40.1,1416895.0,0.0,0.0,4366.0,1966178.0,0.0,0.0,3279.0,0.0,0.0,0.0,0.0
2023-03-21 06:03:19.795000+00:00,1556480.0,16830464.0,18771968.0,18771968.0,16.69,0.531245672,40.11,1416895.0,0.0,0.0,4369.0,1968012.0,0.0,0.0,3281.0,0.0,0.0,0.0,0.0
2023-03-21 06:03:24.853000+00:00,1556480.0,18083840.0,20103168.0,20103168.0,16.71,0.540408557,40.12,1419098.0,0.0,0.0,4374.0,1969962.0,0.0,0.0,3285.0,0.0,0.0,0.0,0.0
2023-03-21 06:03:29.635000+00:00,1556480.0,17059840.0,20103168.0,20103168.0,16.74,0.546345498,40.16,1419098.0,0.0,0.0,4374.0,1969962.0,0.0,0.0,3285.0,0.0,0.0,0.0,0.0
2023-03-21 06:03:34.157000+00:00,1556480.0,18731008.0,20639744.0,20639744.0,16.76,0.546345498,40.2,1421202.0,0.0,0.0,4381.0,1973686.0,0.0,0.0,3290.0,0.0,0.0,0.0,0.0
2023-03-21 06:03:38.612000+00:00,1556480.0,18731008.0,20639744.0,20770816.0,16.76,0.546345498,40.2,1422207.0,0.0,0.0,4385.0,1975583.0,0.0,0.0,3293.0,0.0,0.0,0.0,0.0
2023-03-21 06:03:44.044000+00:00,1556480.0,16814080.0,18948096.0,18948096.0,16.79,0.546448399,40.32,1423387.0,0.0,0.0,4389.0,1977469.0,0.0,0.0,3296.0,0.0,0.0,0.0,0.0
2023-03-21 06:03:48.935000+00:00,1556480.0,18526208.0,20434944.0,20434944.0,16.8,0.546448399,40.32,1424509.0,0.0,0.0,4393.0,1979367.0,0.0,0.0,3299.0,0.0,0.0,0.0,0.0
2023-03-21 06:03:54.657000+00:00,1556480.0,19451904.0,21622784.0,21622784.0,16.8,0.546448399,40.33,1426230.0,0.0,0.0,4397.0,1981263.0,0.0,0.0,3302.0,0.0,0.0,0.0,0.0
2023-03-21 06:03:59.036000+00:00,1572864.0,17281024.0,19189760.0,19189760.0,16.85,0.546448399,40.42,1428119.0,0.0,0.0,4402.0,1983231.0,0.0,0.0,3306.0,0.0,0.0,0.0,0.0
2023-03-21 06:04:04.358000+00:00,1572864.0,19070976.0,21024768.0,21024768.0,16.85,0.546448399,40.43,1428485.0,0.0,0.0,4404.0,1984987.0,0.0,0.0,3307.0,0.0,0.0,0.0,0.0
2023-03-21 06:04:09.245000+00:00,1572864.0,15753216.0,17936384.0,17936384.0,16.88,0.546448399,40.43,1429651.0,0.0,0.0,4408.0,1986883.0,0.0,0.0,3310.0,0.0,0.0,0.0,0.0
2023-03-21 06:04:13.646000+00:00,1572864.0,18399232.0,20733952.0,20733952.0,16.88,0.546741887,40.6,1431463.0,0.0,0.0,4412.0,1988760.0,0.0,0.0,3313.0,0.0,0.0,0.0,0.0
2023-03-21 06:04:18.672000+00:00,1572864.0,18399232.0,20303872.0,20303872.0,16.89,0.546741887,40.61,1433268.0,0.0,0.0,4417.0,1990720.0,0.0,0.0,3317.0,0.0,0.0,0.0,0.0
2023-03-21 06:04:23.651000+00:00,1572864.0,18407424.0,20316160.0,20316160.0,16.9,0.546741887,40.63,1435045.0,0.0,0.0,4421.0,1992607.0,0.0,0.0,3320.0,0.0,0.0,0.0,0.0
2023-03-21 06:04:29.677000+00:00,1572864.0,20226048.0,22142976.0,22142976.0,16.9,0.546741887,40.63,1436154.0,0.0,0.0,4425.0,1994502.0,0.0,0.0,3323.0,0.0,0.0,0.0,0.0
2023-03-21 06:04:34.049000+00:00,1572864.0,19136512.0,21082112.0,21082112.0,16.94,0.546741887,40.72,1437264.0,0.0,0.0,4429.0,1996390.0,0.0,0.0,3326.0,0.0,0.0,0.0,0.0
2023-03-21 06:04:39.266000+00:00,1572864.0,18358272.0,20267008.0,20267008.0,16.95,0.546741887,40.72,1441001.0,0.0,0.0,4436.0,1998482.0,0.0,0.0,3332.0,0.0,0.0,0.0,0.0
2023-03-21 06:04:43.912000+00:00,1572864.0,18358272.0,20267008.0,20267008.0,16.96,0.546741887,40.75,1442131.0,0.0,0.0,4439.0,2000299.0,0.0,0.0,3334.0,0.0,0.0,0.0,0.0
2023-03-21 06:04:49.018000+00:00,1572864.0,18358272.0,20267008.0,20643840.0,16.99,0.546741887,40.78,1442563.0,0.0,0.0,4442.0,2002132.0,0.0,0.0,3336.0,0.0,0.0,0.0,0.0
2023-03-21 06:04:54.297000+00:00,1572864.0,18391040.0,20295680.0,20295680.0,16.99,0.546741887,40.78,1443626.0,0.0,0.0,4445.0,2003957.0,0.0,0.0,3338.0,0.0,0.0,0.0,0.0
2023-03-21 06:04:59.365000+00:00,1572864.0,18104320.0,20045824.0,20045824.0,17.01,0.546741887,40.81,1444731.0,0.0,0.0,4449.0,2005855.0,0.0,0.0,3341.0,0.0,0.0,0.0,0.0
2023-03-21 06:05:04.427000+00:00,1593344.0,17932288.0,19968000.0,19968000.0,17.03,0.547067354,40.84,1447180.0,0.0,0.0,4454.0,2007812.0,0.0,0.0,3345.0,0.0,0.0,0.0,0.0
2023-03-21 06:05:09.046000+00:00,1593344.0,17932288.0,20791296.0,20791296.0,17.03,0.547067354,40.84,1449720.0,0.0,0.0,4460.0,2009840.0,0.0,0.0,3350.0,0.0,0.0,0.0,0.0
2023-03-21 06:05:14.421000+00:00,1593344.0,19546112.0,21454848.0,21454848.0,17.04,0.547067354,40.85,1451389.0,0.0,0.0,4464.0,2011728.0,0.0,0.0,3353.0,0.0,0.0,0.0,0.0
2023-03-21 06:05:19.295000+00:00,1593344.0,19546112.0,21454848.0,20897792.0,17.1,0.551394921,40.98,1451821.0,0.0,0.0,4467.0,2013566.0,0.0,0.0,3355.0,0.0,0.0,0.0,0.0
2023-03-21 06:05:23.982000+00:00,1593344.0,17080320.0,19156992.0,19156992.0,17.11,0.551394921,41.03,1452925.0,0.0,0.0,4470.0,2015390.0,0.0,0.0,3357.0,0.0,0.0,0.0,0.0
2023-03-21 06:05:29.004000+00:00,1593344.0,17866752.0,19156992.0,19156992.0,17.12,0.551394921,41.04,1452925.0,0.0,0.0,4470.0,2015390.0,0.0,0.0,3357.0,0.0,0.0,0.0,0.0
2023-03-21 06:05:34.303000+00:00,1593344.0,20004864.0,21917696.0,21917696.0,17.12,0.551394921,41.07,1454545.0,0.0,0.0,4477.0,2019106.0,0.0,0.0,3362.0,0.0,0.0,0.0,0.0
2023-03-21 06:05:39.575000+00:00,1593344.0,20004864.0,22044672.0,22044672.0,17.13,0.551394921,41.07,1457166.0,0.0,0.0,4483.0,2021135.0,0.0,0.0,3367.0,0.0,0.0,0.0,0.0
2023-03-21 06:05:44.473000+00:00,1593344.0,21053440.0,23252992.0,23252992.0,17.14,0.551394921,41.12,1457532.0,0.0,0.0,4485.0,2022893.0,0.0,0.0,3368.0,0.0,0.0,0.0,0.0
2023-03-21 06:05:49.017000+00:00,1593344.0,21053440.0,23252992.0,24293376.0,17.14,0.551394921,41.13,1458038.0,0.0,0.0,4489.0,2024788.0,0.0,0.0,3371.0,0.0,0.0,0.0,0.0
2023-03-21 06:05:53.881000+00:00,1593344.0,16867328.0,18857984.0,18857984.0,17.19,0.576234911,41.24,1458478.0,0.0,0.0,4492.0,2026616.0,0.0,0.0,3373.0,0.0,0.0,0.0,0.0
2023-03-21 06:05:59.322000+00:00,1593344.0,16867328.0,20312064.0,20312064.0,17.19,0.576234911,41.35,1460278.0,0.0,0.0,4497.0,2028572.0,0.0,0.0,3377.0,0.0,0.0,0.0,0.0
2023-03-21 06:06:04.339000+00:00,1609728.0,17883136.0,19787776.0,19787776.0,17.21,0.576234911,41.38,1461401.0,0.0,0.0,4500.0,2030391.0,0.0,0.0,3379.0,0.0,0.0,0.0,0.0
2023-03-21 06:06:09.518000+00:00,1609728.0,17014784.0,18944000.0,18944000.0,17.23,0.576234911,41.46,1462578.0,0.0,0.0,4504.0,2032284.0,0.0,0.0,3382.0,0.0,0.0,0.0,0.0
2023-03-21 06:06:13.848000+00:00,1609728.0,17956864.0,20127744.0,20127744.0,17.23,0.576234911,41.47,1465049.0,0.0,0.0,4509.0,2034242.0,0.0,0.0,3386.0,0.0,0.0,0.0,0.0
2023-03-21 06:06:19.742000+00:00,1609728.0,18825216.0,20733952.0,20733952.0,17.24,0.576234911,41.48,1466923.0,0.0,0.0,4514.0,2036205.0,0.0,0.0,3390.0,0.0,0.0,0.0,0.0
2023-03-21 06:06:24.574000+00:00,1609728.0,18841600.0,20750336.0,20750336.0,17.24,0.576234911,41.5,1468004.0,0.0,0.0,4517.0,2038029.0,0.0,0.0,3392.0,0.0,0.0,0.0,0.0
2023-03-21 06:06:28.641000+00:00,1609728.0,19890176.0,20750336.0,20750336.0,17.26,0.576234911,41.51,1468004.0,0.0,0.0,4517.0,2038029.0,0.0,0.0,3392.0,0.0,0.0,0.0,0.0
2023-03-21 06:06:33.459000+00:00,1609728.0,19914752.0,21823488.0,21823488.0,17.26,0.576234911,41.52,1470753.0,0.0,0.0,4525.0,2041814.0,0.0,0.0,3398.0,0.0,0.0,0.0,0.0
2023-03-21 06:06:39.578000+00:00,1609728.0,19664896.0,21573632.0,21573632.0,17.3,0.576234911,41.58,1472644.0,0.0,0.0,4530.0,2043776.0,0.0,0.0,3402.0,0.0,0.0,0.0,0.0
2023-03-21 06:06:44.565000+00:00,1609728.0,20590592.0,24670208.0,24670208.0,17.32,0.576234911,41.65,1474356.0,0.0,0.0,4534.0,2045659.0,0.0,0.0,3405.0,0.0,0.0,0.0,0.0
2023-03-21 06:06:49.338000+00:00,1609728.0,19525632.0,21438464.0,21438464.0,17.33,0.576234911,41.65,1476101.0,0.0,0.0,4539.0,2047619.0,0.0,0.0,3409.0,0.0,0.0,0.0,0.0
2023-03-21 06:06:53.857000+00:00,1609728.0,20000768.0,21962752.0,21962752.0,17.33,0.576234911,41.68,1477161.0,0.0,0.0,4542.0,2049442.0,0.0,0.0,3411.0,0.0,0.0,0.0,0.0
2023-03-21 06:06:58.936000+00:00,1630208.0,20000768.0,21962752.0,21962752.0,17.34,0.576234911,41.72,1477161.0,0.0,0.0,4542.0,2049442.0,0.0,0.0,3411.0,0.0,0.0,0.0,0.0
2023-03-21 06:07:04.723000+00:00,1630208.0,19046400.0,20963328.0,20963328.0,17.36,0.576234911,41.79,1480425.0,0.0,0.0,4550.0,2053228.0,0.0,0.0,3417.0,0.0,0.0,0.0,0.0
2023-03-21 06:07:08.678000+00:00,1630208.0,19038208.0,20963328.0,20963328.0,17.4,0.576234911,41.88,1480425.0,0.0,0.0,4550.0,2053228.0,0.0,0.0,3417.0,0.0,0.0,0.0,0.0
2023-03-21 06:07:14.262000+00:00,1630208.0,17203200.0,19152896.0,19152896.0,17.43,0.576234911,42.0,1481297.0,0.0,0.0,4556.0,2056884.0,0.0,0.0,3421.0,0.0,0.0,0.0,0.0
2023-03-21 06:07:19.495000+00:00,1630208.0,17203200.0,19152896.0,20439040.0,17.44,0.58166457,42.01,1482562.0,0.0,0.0,4561.0,2058841.0,0.0,0.0,3425.0,0.0,0.0,0.0,0.0
2023-03-21 06:07:23.909000+00:00,1630208.0,19185664.0,21389312.0,21389312.0,17.44,0.584103136,42.02,1484891.0,0.0,0.0,4566.0,2060795.0,0.0,0.0,3429.0,0.0,0.0,0.0,0.0
2023-03-21 06:07:28.597000+00:00,1630208.0,19185664.0,21389312.0,21389312.0,17.45,0.584103136,42.04,1484891.0,0.0,0.0,4566.0,2060795.0,0.0,0.0,3429.0,0.0,0.0,0.0,0.0
2023-03-21 06:07:34.432000+00:00,1630208.0,18055168.0,19980288.0,19980288.0,17.48,0.590873526,42.05,1488736.0,0.0,0.0,4576.0,2064712.0,0.0,0.0,3437.0,0.0,0.0,0.0,0.0
2023-03-21 06:07:39.109000+00:00,1630208.0,18055168.0,19980288.0,19980288.0,17.53,0.592084484,42.12,1488736.0,0.0,0.0,4576.0,2064712.0,0.0,0.0,3437.0,0.0,0.0,0.0,0.0
2023-03-21 06:07:43.988000+00:00,1630208.0,17391616.0,19300352.0,19300352.0,17.53,0.592084484,42.14,1489608.0,0.0,0.0,4582.0,2068361.0,0.0,0.0,3441.0,0.0,0.0,0.0,0.0
2023-03-21 06:07:48.638000+00:00,1630208.0,17391616.0,19300352.0,19300352.0,17.53,0.592084484,42.14,1490114.0,0.0,0.0,4586.0,2070255.0,0.0,0.0,3444.0,0.0,0.0,0.0,0.0
2023-03-21 06:07:53.403000+00:00,1630208.0,18423808.0,20582400.0,20582400.0,17.55,0.593544374,42.26,1490554.0,0.0,0.0,4589.0,2072077.0,0.0,0.0,3446.0,0.0,0.0,0.0,0.0
2023-03-21 06:07:58.898000+00:00,1642496.0,18423808.0,20582400.0,20582400.0,17.57,0.594396383,42.34,1490554.0,0.0,0.0,4589.0,2072077.0,0.0,0.0,3446.0,0.0,0.0,0.0,0.0
2023-03-21 06:08:03.715000+00:00,1642496.0,19734528.0,22044672.0,22044672.0,17.6,0.595322071,42.39,1494462.0,0.0,0.0,4598.0,2075922.0,0.0,0.0,3453.0,0.0,0.0,0.0,0.0
2023-03-21 06:08:08.797000+00:00,1642496.0,19734528.0,22044672.0,22044672.0,17.6,0.597586305,42.39,1494462.0,0.0,0.0,4598.0,2075922.0,0.0,0.0,3453.0,0.0,0.0,0.0,0.0
2023-03-21 06:08:14.135000+00:00,1642496.0,17547264.0,19460096.0,19460096.0,17.64,0.600092782,42.45,1499577.0,0.0,0.0,4609.0,2079916.0,0.0,0.0,3462.0,0.0,0.0,0.0,0.0
2023-03-21 06:08:18.961000+00:00,1642496.0,15474688.0,17637376.0,17637376.0,17.66,0.610479944,42.45,1500009.0,0.0,0.0,4612.0,2081741.0,0.0,0.0,3464.0,0.0,0.0,0.0,0.0
2023-03-21 06:08:23.681000+00:00,1642496.0,17620992.0,19775488.0,19775488.0,17.66,0.610479944,42.54,1501232.0,0.0,0.0,4615.0,2083564.0,0.0,0.0,3466.0,0.0,0.0,0.0,0.0
2023-03-21 06:08:29.838000+00:00,1642496.0,21028864.0,23617536.0,23617536.0,17.7,0.610479944,42.62,1503079.0,0.0,0.0,4620.0,2085523.0,0.0,0.0,3470.0,0.0,0.0,0.0,0.0
2023-03-21 06:08:34.278000+00:00,1642496.0,17612800.0,19521536.0,19521536.0,17.73,0.610510541,42.63,1504761.0,0.0,0.0,4624.0,2087410.0,0.0,0.0,3473.0,0.0,0.0,0.0,0.0
2023-03-21 06:08:39.243000+00:00,1642496.0,17612800.0,19521536.0,19521536.0,17.78,0.62744106,42.72,1504761.0,0.0,0.0,4624.0,2087410.0,0.0,0.0,3473.0,0.0,0.0,0.0,0.0
2023-03-21 06:08:43.958000+00:00,1642496.0,17297408.0,19374080.0,19374080.0,17.8,0.62744106,42.81,1506393.0,0.0,0.0,4631.0,2091129.0,0.0,0.0,3478.0,0.0,0.0,0.0,0.0
2023-03-21 06:08:48.450000+00:00,1642496.0,17297408.0,19206144.0,19206144.0,17.81,0.62744106,42.81,1508251.0,0.0,0.0,4636.0,2093093.0,0.0,0.0,3482.0,0.0,0.0,0.0,0.0
2023-03-21 06:08:54.632000+00:00,1642496.0,17666048.0,19578880.0,19578880.0,17.81,0.62744106,42.82,1511023.0,0.0,0.0,4642.0,2095118.0,0.0,0.0,3487.0,0.0,0.0,0.0,0.0
2023-03-21 06:08:58.759000+00:00,1667072.0,17666048.0,19578880.0,19578880.0,17.81,0.628815791,42.9,1511023.0,0.0,0.0,4642.0,2095118.0,0.0,0.0,3487.0,0.0,0.0,0.0,0.0
2023-03-21 06:09:03.576000+00:00,1667072.0,20586496.0,22499328.0,22499328.0,17.82,0.630932628,42.91,1514112.0,0.0,0.0,4650.0,2098903.0,0.0,0.0,3493.0,0.0,0.0,0.0,0.0
2023-03-21 06:09:09.709000+00:00,1667072.0,20586496.0,22499328.0,22499328.0,17.85,0.631743186,42.96,1514112.0,0.0,0.0,4650.0,2098903.0,0.0,0.0,3497.0,0.0,0.0,0.0,0.0
2023-03-21 06:09:14.136000+00:00,1667072.0,15704064.0,17645568.0,17645568.0,17.89,0.631743186,43.07,1516363.0,0.0,0.0,4658.0,2102680.0,0.0,0.0,3499.0,0.0,0.0,0.0,0.0
2023-03-21 06:09:19.790000+00:00,1667072.0,15704064.0,17645568.0,17645568.0,17.92,0.631743186,43.12,1516363.0,0.0,0.0,4658.0,2102680.0,0.0,0.0,3502.0,0.0,0.0,0.0,0.0
2023-03-21 06:09:24.477000+00:00,1667072.0,18800640.0,20971520.0,20971520.0,17.93,0.631743186,43.13,1518513.0,0.0,0.0,4665.0,2106400.0,0.0,0.0,3504.0,0.0,0.0,0.0,0.0
2023-03-21 06:09:28.741000+00:00,1667072.0,15826944.0,17797120.0,17797120.0,17.96,0.631743186,43.21,1519019.0,0.0,0.0,4669.0,2108299.0,0.0,0.0,3507.0,0.0,0.0,0.0,0.0
2023-03-21 06:09:33.563000+00:00,1667072.0,17793024.0,19738624.0,19738624.0,17.99,0.631743186,43.29,1521456.0,0.0,0.0,4674.0,2110253.0,0.0,0.0,3511.0,0.0,0.0,0.0,0.0
2023-03-21 06:09:39.253000+00:00,1667072.0,17793024.0,19738624.0,19738624.0,17.99,0.631743186,43.3,1521456.0,0.0,0.0,4674.0,2110253.0,0.0,0.0,3515.0,0.0,0.0,0.0,0.0
2023-03-21 06:09:44.687000+00:00,1667072.0,19632128.0,21540864.0,21540864.0,18.01,0.631743186,43.43,1525096.0,0.0,0.0,4683.0,2114106.0,0.0,0.0,3518.0,0.0,0.0,0.0,0.0
2023-03-21 06:09:49.189000+00:00,1667072.0,20541440.0,22450176.0,22450176.0,18.01,0.631743186,43.43,1526172.0,0.0,0.0,4687.0,2116002.0,0.0,0.0,3521.0,0.0,0.0,0.0,0.0
2023-03-21 06:09:54.258000+00:00,1667072.0,18313216.0,20221952.0,20221952.0,18.04,0.631743186,43.48,1526612.0,0.0,0.0,4690.0,2117825.0,0.0,0.0,3523.0,0.0,0.0,0.0,0.0
2023-03-21 06:09:59.233000+00:00,1683456.0,19116032.0,21028864.0,21028864.0,18.05,0.631743186,43.49,1528631.0,0.0,0.0,4695.0,2119789.0,0.0,0.0,3527.0,0.0,0.0,0.0,0.0
2023-03-21 06:10:03.913000+00:00,1683456.0,18812928.0,20721664.0,20721664.0,18.07,0.631743186,43.52,1529071.0,0.0,0.0,4698.0,2121615.0,0.0,0.0,3529.0,0.0,0.0,0.0,0.0
2023-03-21 06:10:08.420000+00:00,1683456.0,17223680.0,19292160.0,19292160.0,18.09,0.631743186,43.56,1531637.0,0.0,0.0,4704.0,2123642.0,0.0,0.0,3534.0,0.0,0.0,0.0,0.0
2023-03-21 06:10:14.816000+00:00,1683456.0,18567168.0,20475904.0,20475904.0,18.09,0.631743186,43.57,1533289.0,0.0,0.0,4708.0,2125524.0,0.0,0.0,3537.0,0.0,0.0,0.0,0.0
2023-03-21 06:10:19.010000+00:00,1683456.0,18567168.0,20475904.0,20475904.0,18.09,0.631743186,43.58,1533289.0,0.0,0.0,4708.0,2125524.0,0.0,0.0,3539.0,0.0,0.0,0.0,0.0
2023-03-21 06:10:23.595000+00:00,1683456.0,19607552.0,21520384.0,21520384.0,18.12,0.631743186,43.62,1534744.0,0.0,0.0,4715.0,2129231.0,0.0,0.0,3542.0,0.0,0.0,0.0,0.0
2023-03-21 06:10:29.179000+00:00,1683456.0,19968000.0,22007808.0,22007808.0,18.12,0.631743186,43.63,1536692.0,0.0,0.0,4720.0,2131189.0,0.0,0.0,3546.0,0.0,0.0,0.0,0.0
2023-03-21 06:10:33.933000+00:00,1683456.0,18624512.0,20533248.0,20533248.0,18.16,0.631743186,43.7,1539142.0,0.0,0.0,4725.0,2133142.0,0.0,0.0,3550.0,0.0,0.0,0.0,0.0
2023-03-21 06:10:38.159000+00:00,1683456.0,18624512.0,20533248.0,20533248.0,18.16,0.631743186,43.71,1539648.0,0.0,0.0,4729.0,2135038.0,0.0,0.0,3553.0,0.0,0.0,0.0,0.0
2023-03-21 06:10:44.748000+00:00,1683456.0,17027072.0,19087360.0,19087360.0,18.2,0.631743186,43.82,1540865.0,0.0,0.0,4732.0,2136856.0,0.0,0.0,3555.0,0.0,0.0,0.0,0.0
2023-03-21 06:10:49.493000+00:00,1683456.0,17027072.0,19087360.0,19087360.0,18.2,0.631743186,43.83,1540865.0,0.0,0.0,4732.0,2136856.0,0.0,0.0,3559.0,0.0,0.0,0.0,0.0
2023-03-21 06:10:54.173000+00:00,1683456.0,18358272.0,20271104.0,20271104.0,18.2,0.631743186,43.84,1545221.0,0.0,0.0,4742.0,2140764.0,0.0,0.0,3563.0,0.0,0.0,0.0,0.0
2023-03-21 06:10:58.776000+00:00,1703936.0,17379328.0,19292160.0,19292160.0,18.23,0.631743186,43.9,1546329.0,0.0,0.0,4746.0,2142657.0,0.0,0.0,3566.0,0.0,0.0,0.0,0.0
2023-03-21 06:11:03.400000+00:00,1703936.0,15863808.0,17776640.0,17776640.0,18.27,0.631743186,43.97,1548692.0,0.0,0.0,4751.0,2144613.0,0.0,0.0,3570.0,0.0,0.0,0.0,0.0
2023-03-21 06:11:09.579000+00:00,1703936.0,15863808.0,17776640.0,17776640.0,18.31,0.631743186,44.04,1548692.0,0.0,0.0,4759.0,2146774.0,0.0,0.0,3577.0,0.0,0.0,0.0,0.0
2023-03-21 06:11:13.861000+00:00,1703936.0,16437248.0,18345984.0,18345984.0,18.31,0.631743186,44.05,1553059.0,0.0,0.0,4761.0,2148529.0,0.0,0.0,3578.0,0.0,0.0,0.0,0.0
2023-03-21 06:11:18.586000+00:00,1703936.0,16437248.0,18345984.0,18345984.0,18.33,0.631743186,44.05,1553059.0,0.0,0.0,4765.0,2150426.0,0.0,0.0,3581.0,0.0,0.0,0.0,0.0
2023-03-21 06:11:23.732000+00:00,1703936.0,17379328.0,19288064.0,19288064.0,18.33,0.631743186,44.1,1555232.0,0.0,0.0,4768.0,2152244.0,0.0,0.0,3583.0,0.0,0.0,0.0,0.0
2023-03-21 06:11:29.046000+00:00,1703936.0,17379328.0,19288064.0,19288064.0,18.33,0.631743186,44.11,1555232.0,0.0,0.0,4768.0,2152244.0,0.0,0.0,3583.0,0.0,0.0,0.0,0.0
2023-03-21 06:11:34.235000+00:00,1703936.0,19132416.0,21041152.0,21041152.0,18.34,0.631743186,44.12,1556178.0,0.0,0.0,4775.0,2155960.0,0.0,0.0,3588.0,0.0,0.0,0.0,0.0
2023-03-21 06:11:39.843000+00:00,1703936.0,19132416.0,21041152.0,21082112.0,18.34,0.631743186,44.14,1557277.0,0.0,0.0,4779.0,2157853.0,0.0,0.0,3591.0,0.0,0.0,0.0,0.0
2023-03-21 06:11:43.636000+00:00,1703936.0,19795968.0,22089728.0,22089728.0,18.36,0.631743186,44.2,1558375.0,0.0,0.0,4783.0,2159742.0,0.0,0.0,3594.0,0.0,0.0,0.0,0.0
2023-03-21 06:11:48.975000+00:00,1703936.0,19795968.0,22089728.0,22089728.0,18.37,0.631743186,44.22,1558375.0,0.0,0.0,4788.0,2161696.0,0.0,0.0,3598.0,0.0,0.0,0.0,0.0
2023-03-21 06:11:54.451000+00:00,1703936.0,15306752.0,17231872.0,17231872.0,18.41,0.631743186,44.27,1560583.0,0.0,0.0,4791.0,2163513.0,0.0,0.0,3600.0,0.0,0.0,0.0,0.0
2023-03-21 06:11:59.021000+00:00,1716224.0,15306752.0,17231872.0,17231872.0,18.43,0.631743186,44.36,1560583.0,0.0,0.0,4791.0,2163513.0,0.0,0.0,3600.0,0.0,0.0,0.0,0.0
2023-03-21 06:12:04.430000+00:00,1716224.0,19697664.0,21774336.0,21774336.0,18.44,0.631743186,44.36,1562863.0,0.0,0.0,4799.0,2167294.0,0.0,0.0,3606.0,0.0,0.0,0.0,0.0
2023-03-21 06:12:09.707000+00:00,1716224.0,19697664.0,21774336.0,19365888.0,18.46,0.631743186,44.39,1563369.0,0.0,0.0,4803.0,2169192.0,0.0,0.0,3609.0,0.0,0.0,0.0,0.0
2023-03-21 06:12:14.251000+00:00,1716224.0,18124800.0,20033536.0,20033536.0,18.46,0.631743186,44.4,1563809.0,0.0,0.0,4806.0,2171011.0,0.0,0.0,3611.0,0.0,0.0,0.0,0.0
2023-03-21 06:12:19.838000+00:00,1716224.0,18124800.0,20033536.0,20033536.0,18.49,0.631743186,44.42,1563809.0,0.0,0.0,4810.0,2172907.0,0.0,0.0,3614.0,0.0,0.0,0.0,0.0
2023-03-21 06:12:23.913000+00:00,1716224.0,17149952.0,19808256.0,19808256.0,18.52,0.631743186,44.47,1565422.0,0.0,0.0,4813.0,2174726.0,0.0,0.0,3616.0,0.0,0.0,0.0,0.0
2023-03-21 06:12:29.751000+00:00,1716224.0,17149952.0,19808256.0,19808256.0,18.52,0.631743186,44.49,1565422.0,0.0,0.0,4813.0,2174726.0,0.0,0.0,3616.0,0.0,0.0,0.0,0.0
2023-03-21 06:12:34.610000+00:00,1716224.0,19279872.0,21241856.0,21241856.0,18.55,0.631743186,44.5,1567061.0,0.0,0.0,4821.0,2178511.0,0.0,0.0,3622.0,0.0,0.0,0.0,0.0
2023-03-21 06:12:38.046000+00:00,1716224.0,19279872.0,21241856.0,20934656.0,18.56,0.631743186,44.52,1568180.0,0.0,0.0,4825.0,2180403.0,0.0,0.0,3625.0,0.0,0.0,0.0,0.0
2023-03-21 06:12:43.431000+00:00,1716224.0,17289216.0,19619840.0,19619840.0,18.58,0.631743186,44.62,1569299.0,0.0,0.0,4828.0,2182221.0,0.0,0.0,3627.0,0.0,0.0,0.0,0.0
2023-03-21 06:12:48.531000+00:00,1716224.0,17289216.0,19619840.0,21577728.0,18.58,0.631743186,44.63,1569805.0,0.0,0.0,4832.0,2184120.0,0.0,0.0,3630.0,0.0,0.0,0.0,0.0
2023-03-21 06:12:53.997000+00:00,1716224.0,19902464.0,21942272.0,21942272.0,18.59,0.631743186,44.74,1572259.0,0.0,0.0,4837.0,2186074.0,0.0,0.0,3634.0,0.0,0.0,0.0,0.0
2023-03-21 06:12:59.678000+00:00,1732608.0,19902464.0,21942272.0,21942272.0,18.61,0.631743186,44.83,1572259.0,0.0,0.0,4837.0,2186074.0,0.0,0.0,3634.0,0.0,0.0,0.0,0.0
2023-03-21 06:13:04.612000+00:00,1732608.0,17817600.0,19738624.0,19738624.0,18.63,0.631743186,44.94,1579561.0,0.0,0.0,4851.0,2190255.0,0.0,0.0,3646.0,0.0,0.0,0.0,0.0
2023-03-21 06:13:08.895000+00:00,1732608.0,17817600.0,19738624.0,20406272.0,18.63,0.631743186,44.94,1582834.0,0.0,0.0,4858.0,2192344.0,0.0,0.0,3652.0,0.0,0.0,0.0,0.0
2023-03-21 06:13:13.769000+00:00,1732608.0,18350080.0,20398080.0,20398080.0,18.64,0.631743186,44.99,1583963.0,0.0,0.0,4861.0,2194165.0,0.0,0.0,3654.0,0.0,0.0,0.0,0.0
2023-03-21 06:13:19.783000+00:00,1732608.0,18350080.0,20398080.0,17051648.0,18.66,0.631743186,45.03,1584965.0,0.0,0.0,4865.0,2196061.0,0.0,0.0,3657.0,0.0,0.0,0.0,0.0
2023-03-21 06:13:24.840000+00:00,1732608.0,15745024.0,17784832.0,17784832.0,18.67,0.631743186,45.04,1586671.0,0.0,0.0,4870.0,2198011.0,0.0,0.0,3661.0,0.0,0.0,0.0,0.0
2023-03-21 06:13:29.805000+00:00,1732608.0,15745024.0,19898368.0,19898368.0,18.68,0.631743186,45.07,1587103.0,0.0,0.0,4873.0,2199843.0,0.0,0.0,3663.0,0.0,0.0,0.0,0.0
2023-03-21 06:13:34.704000+00:00,1732608.0,19841024.0,21803008.0,21803008.0,18.7,0.631743186,45.16,1587543.0,0.0,0.0,4876.0,2201663.0,0.0,0.0,3665.0,0.0,0.0,0.0,0.0
2023-03-21 06:13:39.618000+00:00,1732608.0,19841024.0,21753856.0,21753856.0,18.7,0.631743186,45.16,1588685.0,0.0,0.0,4880.0,2203558.0,0.0,0.0,3668.0,0.0,0.0,0.0,0.0
2023-03-21 06:13:43.897000+00:00,1732608.0,15622144.0,17862656.0,17862656.0,18.74,0.631743186,45.22,1589125.0,0.0,0.0,4883.0,2205381.0,0.0,0.0,3670.0,0.0,0.0,0.0,0.0
2023-03-21 06:13:49.803000+00:00,1732608.0,18694144.0,17862656.0,20754432.0,18.77,0.631743186,45.26,1590320.0,0.0,0.0,4888.0,2207341.0,0.0,0.0,3674.0,0.0,0.0,0.0,0.0
2023-03-21 06:13:54.090000+00:00,1732608.0,16449536.0,18571264.0,18571264.0,18.8,0.631743186,45.3,1591338.0,0.0,0.0,4891.0,2209163.0,0.0,0.0,3676.0,0.0,0.0,0.0,0.0
2023-03-21 06:13:58.474000+00:00,1732608.0,16449536.0,18571264.0,18571264.0,18.8,0.631743186,45.3,1591338.0,0.0,0.0,4891.0,2209163.0,0.0,0.0,3676.0,0.0,0.0,0.0,0.0
2023-03-21 06:14:04.463000+00:00,1748992.0,17670144.0,19709952.0,19709952.0,18.81,0.631743186,45.32,1595010.0,0.0,0.0,4901.0,2213074.0,0.0,0.0,3684.0,0.0,0.0,0.0,0.0
2023-03-21 06:14:09.411000+00:00,1748992.0,17670144.0,22478848.0,22478848.0,18.82,0.631743186,45.33,1595442.0,0.0,0.0,4904.0,2214904.0,0.0,0.0,3686.0,0.0,0.0,0.0,0.0
2023-03-21 06:14:14.247000+00:00,1748992.0,17162240.0,19226624.0,19226624.0,18.84,0.631743186,45.37,1595882.0,0.0,0.0,4907.0,2216728.0,0.0,0.0,3688.0,0.0,0.0,0.0,0.0
2023-03-21 06:14:19.378000+00:00,1748992.0,18882560.0,20918272.0,20918272.0,18.86,0.631743186,45.37,1596388.0,0.0,0.0,4911.0,2218621.0,0.0,0.0,3691.0,0.0,0.0,0.0,0.0
2023-03-21 06:14:24.819000+00:00,1748992.0,18882560.0,20791296.0,20791296.0,18.86,0.631743186,45.39,1598223.0,0.0,0.0,4915.0,2220514.0,0.0,0.0,3694.0,0.0,0.0,0.0,0.0
2023-03-21 06:14:29.192000+00:00,1748992.0,17539072.0,20090880.0,20090880.0,18.88,0.631743186,45.42,1599315.0,0.0,0.0,4919.0,2222407.0,0.0,0.0,3694.0,0.0,0.0,0.0,0.0
2023-03-21 06:14:33.992000+00:00,1748992.0,17539072.0,19451904.0,19451904.0,18.88,0.631743186,45.42,1601085.0,0.0,0.0,4923.0,2224295.0,0.0,0.0,3700.0,0.0,0.0,0.0,0.0
2023-03-21 06:14:39.075000+00:00,1748992.0,17539072.0,19447808.0,19447808.0,18.88,0.631743186,45.43,1601517.0,0.0,0.0,4926.0,2226119.0,0.0,0.0,3702.0,0.0,0.0,0.0,0.0
2023-03-21 06:14:43.527000+00:00,1748992.0,17555456.0,19468288.0,19468288.0,18.88,0.631743186,45.44,1604665.0,0.0,0.0,4932.0,2228135.0,0.0,0.0,3707.0,0.0,0.0,0.0,0.0
2023-03-21 06:14:48.326000+00:00,1748992.0,17555456.0,20017152.0,20017152.0,18.9,0.631743186,45.44,1606510.0,0.0,0.0,4937.0,2230095.0,0.0,0.0,3711.0,0.0,0.0,0.0,0.0
2023-03-21 06:14:54.360000+00:00,1748992.0,17170432.0,19263488.0,19263488.0,18.92,0.631743186,45.58,1608397.0,0.0,0.0,4941.0,2231984.0,0.0,0.0,3714.0,0.0,0.0,0.0,0.0
2023-03-21 06:14:58.818000+00:00,1748992.0,19214336.0,21123072.0,21123072.0,18.92,0.631743186,45.58,1609555.0,0.0,0.0,4945.0,2233880.0,0.0,0.0,3717.0,0.0,0.0,0.0,0.0
2023-03-21 06:15:04.854000+00:00,1769472.0,19828736.0,23183360.0,23183360.0,18.96,0.631743186,45.72,1611392.0,0.0,0.0,4949.0,2235769.0,0.0,0.0,3720.0,0.0,0.0,0.0,0.0
2023-03-21 06:15:09.604000+00:00,1769472.0,17633280.0,20717568.0,20717568.0,19.01,0.631743186,45.78,1612729.0,0.0,0.0,4953.0,2237662.0,0.0,0.0,3723.0,0.0,0.0,0.0,0.0
2023-03-21 06:15:13.992000+00:00,1769472.0,17756160.0,19668992.0,19668992.0,19.01,0.631743186,45.78,1615205.0,0.0,0.0,4958.0,2239619.0,0.0,0.0,3727.0,0.0,0.0,0.0,0.0
2023-03-21 06:15:19.235000+00:00,1769472.0,17756160.0,18747392.0,18747392.0,19.01,0.631743186,45.9,1619101.0,0.0,0.0,4966.0,2241781.0,0.0,0.0,3734.0,0.0,0.0,0.0,0.0
2023-03-21 06:15:23.761000+00:00,1769472.0,17879040.0,19787776.0,19787776.0,19.02,0.631743186,45.91,1620867.0,0.0,0.0,4970.0,2243663.0,0.0,0.0,3737.0,0.0,0.0,0.0,0.0
2023-03-21 06:15:29.673000+00:00,1769472.0,17879040.0,19787776.0,19787776.0,19.06,0.631743186,45.96,1620867.0,0.0,0.0,4970.0,2243663.0,0.0,0.0,3737.0,0.0,0.0,0.0,0.0
2023-03-21 06:15:34.620000+00:00,1769472.0,19206144.0,21155840.0,21155840.0,19.08,0.631743186,45.99,1625322.0,0.0,0.0,4980.0,2247579.0,0.0,0.0,3745.0,0.0,0.0,0.0,0.0
2023-03-21 06:15:39.841000+00:00,1769472.0,19206144.0,21155840.0,21155840.0,19.09,0.631743186,46.0,1625322.0,0.0,0.0,4980.0,2247579.0,0.0,0.0,3745.0,0.0,0.0,0.0,0.0
2023-03-21 06:15:43.940000+00:00,1769472.0,17903616.0,19812352.0,19812352.0,19.09,0.631743186,46.02,1626873.0,0.0,0.0,4987.0,2251301.0,0.0,0.0,3750.0,0.0,0.0,0.0,0.0
2023-03-21 06:15:48.310000+00:00,1769472.0,18558976.0,20467712.0,20467712.0,19.09,0.631743186,46.03,1627379.0,0.0,0.0,4991.0,2253204.0,0.0,0.0,3753.0,0.0,0.0,0.0,0.0
2023-03-21 06:15:53.715000+00:00,1769472.0,20287488.0,22458368.0,22458368.0,19.1,0.631743186,46.07,1627819.0,0.0,0.0,4994.0,2255033.0,0.0,0.0,3755.0,0.0,0.0,0.0,0.0
2023-03-21 06:15:59.248000+00:00,1769472.0,20287488.0,22458368.0,22458368.0,19.11,0.631743186,46.12,1627819.0,0.0,0.0,4994.0,2255033.0,0.0,0.0,3755.0,0.0,0.0,0.0,0.0
2023-03-21 06:16:04.098000+00:00,1794048.0,20385792.0,22294528.0,22294528.0,19.11,0.631743186,46.15,1631329.0,0.0,0.0,5003.0,2258883.0,0.0,0.0,3762.0,0.0,0.0,0.0,0.0
2023-03-21 06:16:09.438000+00:00,1794048.0,20385792.0,22294528.0,22294528.0,19.13,0.631743186,46.2,1631329.0,0.0,0.0,5003.0,2258883.0,0.0,0.0,3766.0,0.0,0.0,0.0,0.0
2023-03-21 06:16:14.048000+00:00,1794048.0,19189760.0,21102592.0,21102592.0,19.14,0.631944737,46.2,1634409.0,0.0,0.0,5011.0,2262674.0,0.0,0.0,3768.0,0.0,0.0,0.0,0.0
2023-03-21 06:16:19.123000+00:00,1794048.0,19189760.0,21102592.0,21102592.0,19.14,0.634253871,46.22,1634409.0,0.0,0.0,5011.0,2262674.0,0.0,0.0,3768.0,0.0,0.0,0.0,0.0
2023-03-21 06:16:24.730000+00:00,1794048.0,18812928.0,20721664.0,20721664.0,19.14,0.634253871,46.24,1635964.0,0.0,0.0,5018.0,2266388.0,0.0,0.0,3773.0,0.0,0.0,0.0,0.0
2023-03-21 06:16:28.182000+00:00,1794048.0,18812928.0,20721664.0,20721664.0,19.15,0.634253871,46.25,1635964.0,0.0,0.0,5018.0,2266388.0,0.0,0.0,3773.0,0.0,0.0,0.0,0.0
2023-03-21 06:16:34.484000+00:00,1794048.0,19099648.0,21266432.0,21266432.0,19.16,0.634485043,46.34,1637521.0,0.0,0.0,5025.0,2270103.0,0.0,0.0,3778.0,0.0,0.0,0.0,0.0
2023-03-21 06:16:38.888000+00:00,1794048.0,19099648.0,21266432.0,21266432.0,19.16,0.6351661,46.35,1637521.0,0.0,0.0,5025.0,2270103.0,0.0,0.0,3782.0,0.0,0.0,0.0,0.0
2023-03-21 06:16:44.218000+00:00,1794048.0,20275200.0,22183936.0,22183936.0,19.16,0.6351661,46.37,1641249.0,0.0,0.0,5035.0,2274014.0,0.0,0.0,3786.0,0.0,0.0,0.0,0.0
2023-03-21 06:16:49.418000+00:00,1794048.0,20275200.0,22183936.0,22183936.0,19.19,0.6351661,46.4,1641249.0,0.0,0.0,5035.0,2274014.0,0.0,0.0,3786.0,0.0,0.0,0.0,0.0
2023-03-21 06:16:54.342000+00:00,1794048.0,19660800.0,21569536.0,21569536.0,19.19,0.6351661,46.42,1644814.0,0.0,0.0,5044.0,2277869.0,0.0,0.0,3793.0,0.0,0.0,0.0,0.0
2023-03-21 06:16:58.824000+00:00,1810432.0,20484096.0,22556672.0,22556672.0,19.19,0.63660228,46.44,1644814.0,0.0,0.0,5044.0,2277869.0,0.0,0.0,3793.0,0.0,0.0,0.0,0.0
2023-03-21 06:17:03.605000+00:00,1810432.0,21532672.0,23576576.0,23576576.0,19.19,0.63660228,46.46,1645686.0,0.0,0.0,5050.0,2281514.0,0.0,0.0,3797.0,0.0,0.0,0.0,0.0
2023-03-21 06:17:09.390000+00:00,1810432.0,21532672.0,23576576.0,23576576.0,19.23,0.64270896,46.59,1645686.0,0.0,0.0,5050.0,2281514.0,0.0,0.0,3804.0,0.0,0.0,0.0,0.0
2023-03-21 06:17:13.771000+00:00,1810432.0,18780160.0,20688896.0,20688896.0,19.24,0.64270896,46.6,1651203.0,0.0,0.0,5062.0,2285554.0,0.0,0.0,3807.0,0.0,0.0,0.0,0.0
2023-03-21 06:17:19.026000+00:00,1810432.0,18780160.0,20688896.0,20688896.0,19.26,0.64270896,46.66,1651203.0,0.0,0.0,5062.0,2285554.0,0.0,0.0,3807.0,0.0,0.0,0.0,0.0
2023-03-21 06:17:23.413000+00:00,1810432.0,17305600.0,19640320.0,19640320.0,19.27,0.64270896,46.76,1655473.0,0.0,0.0,5073.0,2289530.0,0.0,0.0,3816.0,0.0,0.0,0.0,0.0
2023-03-21 06:17:29.643000+00:00,1810432.0,17305600.0,19640320.0,19640320.0,19.28,0.64270896,46.78,1655473.0,0.0,0.0,5073.0,2289530.0,0.0,0.0,3816.0,0.0,0.0,0.0,0.0
2023-03-21 06:17:34.567000+00:00,1810432.0,20185088.0,22204416.0,22204416.0,19.28,0.642920297,46.78,1658959.0,0.0,0.0,5082.0,2293380.0,0.0,0.0,3823.0,0.0,0.0,0.0,0.0
2023-03-21 06:17:38.982000+00:00,1810432.0,20185088.0,22204416.0,22204416.0,19.28,0.643255038,46.79,1658959.0,0.0,0.0,5086.0,2295280.0,0.0,0.0,3826.0,0.0,0.0,0.0,0.0
2023-03-21 06:17:43.941000+00:00,1810432.0,19890176.0,21798912.0,21798912.0,19.32,0.649341474,46.91,1661117.0,0.0,0.0,5090.0,2297161.0,0.0,0.0,3829.0,0.0,0.0,0.0,0.0
2023-03-21 06:17:48.438000+00:00,1810432.0,19890176.0,21929984.0,21929984.0,19.32,0.649554131,46.92,1661623.0,0.0,0.0,5094.0,2299052.0,0.0,0.0,3832.0,0.0,0.0,0.0,0.0
2023-03-21 06:17:54.493000+00:00,1810432.0,18751488.0,20664320.0,20664320.0,19.34,0.649554131,46.95,1662063.0,0.0,0.0,5097.0,2300868.0,0.0,0.0,3834.0,0.0,0.0,0.0,0.0
2023-03-21 06:17:59.802000+00:00,1830912.0,18751488.0,20664320.0,20664320.0,19.36,0.649554131,47.02,1662063.0,0.0,0.0,5097.0,2300868.0,0.0,0.0,3834.0,0.0,0.0,0.0,0.0
2023-03-21 06:18:04.488000+00:00,1830912.0,17088512.0,19001344.0,19001344.0,19.37,0.649554131,47.04,1665481.0,0.0,0.0,5106.0,2304718.0,0.0,0.0,3841.0,0.0,0.0,0.0,0.0
2023-03-21 06:18:09.857000+00:00,1830912.0,17088512.0,19001344.0,19001344.0,19.39,0.649554131,47.11,1665481.0,0.0,0.0,5111.0,2306676.0,0.0,0.0,3845.0,0.0,0.0,0.0,0.0
2023-03-21 06:18:14.862000+00:00,1830912.0,19546112.0,21458944.0,21458944.0,19.39,0.649554131,47.12,1667749.0,0.0,0.0,5113.0,2308430.0,0.0,0.0,3846.0,0.0,0.0,0.0,0.0
2023-03-21 06:18:18.782000+00:00,1830912.0,19546112.0,21458944.0,21458944.0,19.44,0.649554131,47.2,1669580.0,0.0,0.0,5118.0,2310396.0,0.0,0.0,3850.0,0.0,0.0,0.0,0.0
2023-03-21 06:18:24.404000+00:00,1830912.0,17842176.0,19750912.0,19750912.0,19.44,0.649554131,47.2,1669946.0,0.0,0.0,5120.0,2312152.0,0.0,0.0,3851.0,0.0,0.0,0.0,0.0
2023-03-21 06:18:28.978000+00:00,1830912.0,17846272.0,19890176.0,19890176.0,19.45,0.649554131,47.21,1670452.0,0.0,0.0,5124.0,2314043.0,0.0,0.0,3854.0,0.0,0.0,0.0,0.0
2023-03-21 06:18:34.024000+00:00,1830912.0,19632128.0,21540864.0,21540864.0,19.47,0.649554131,47.31,1671573.0,0.0,0.0,5127.0,2315864.0,0.0,0.0,3856.0,0.0,0.0,0.0,0.0
2023-03-21 06:18:39.431000+00:00,1830912.0,20115456.0,22155264.0,22155264.0,19.5,0.649554131,47.38,1675100.0,0.0,0.0,5134.0,2317959.0,0.0,0.0,3862.0,0.0,0.0,0.0,0.0
2023-03-21 06:18:43.161000+00:00,1830912.0,20115456.0,22028288.0,22028288.0,19.5,0.649554131,47.39,1676133.0,0.0,0.0,5137.0,2319777.0,0.0,0.0,3864.0,0.0,0.0,0.0,0.0
2023-03-21 06:18:49.698000+00:00,1830912.0,20115456.0,22028288.0,22028288.0,19.5,0.649554131,47.4,1676133.0,0.0,0.0,5137.0,2321671.0,0.0,0.0,3867.0,0.0,0.0,0.0,0.0
2023-03-21 06:18:54.418000+00:00,1830912.0,20787200.0,22728704.0,22728704.0,19.5,0.649554131,47.5,1679767.0,0.0,0.0,5146.0,2323628.0,0.0,0.0,3871.0,0.0,0.0,0.0,0.0
2023-03-21 06:18:59.291000+00:00,1847296.0,20787200.0,22728704.0,22728704.0,19.51,0.649554131,47.53,1679767.0,0.0,0.0,5146.0,2323628.0,0.0,0.0,3871.0,0.0,0.0,0.0,0.0
2023-03-21 06:19:04.451000+00:00,1847296.0,17039360.0,19079168.0,19079168.0,19.55,0.649554131,47.63,1682107.0,0.0,0.0,5154.0,2327409.0,0.0,0.0,3877.0,0.0,0.0,0.0,0.0
2023-03-21 06:19:09.317000+00:00,1847296.0,17039360.0,19079168.0,20004864.0,19.56,0.649554131,47.64,1684673.0,0.0,0.0,5160.0,2329437.0,0.0,0.0,3882.0,0.0,0.0,0.0,0.0
2023-03-21 06:19:13.374000+00:00,1847296.0,18595840.0,20508672.0,20508672.0,19.58,0.649554131,47.7,1685696.0,0.0,0.0,5163.0,2331254.0,0.0,0.0,3884.0,0.0,0.0,0.0,0.0
2023-03-21 06:19:18.644000+00:00,1847296.0,18595840.0,20508672.0,20508672.0,19.62,0.649554131,47.77,1685696.0,0.0,0.0,5168.0,2333214.0,0.0,0.0,3888.0,0.0,0.0,0.0,0.0
2023-03-21 06:19:23.343000+00:00,1847296.0,18718720.0,20631552.0,20631552.0,19.62,0.649554131,47.78,1688627.0,0.0,0.0,5171.0,2335029.0,0.0,0.0,3890.0,0.0,0.0,0.0,0.0
2023-03-21 06:19:28.432000+00:00,1847296.0,18718720.0,20631552.0,20631552.0,19.64,0.649554131,47.82,1688627.0,0.0,0.0,5171.0,2335029.0,0.0,0.0,3890.0,0.0,0.0,0.0,0.0
2023-03-21 06:19:34.863000+00:00,1847296.0,17268736.0,19173376.0,19173376.0,19.65,0.649554131,47.88,1693397.0,0.0,0.0,5182.0,2339009.0,0.0,0.0,3899.0,0.0,0.0,0.0,0.0
2023-03-21 06:19:39.172000+00:00,1847296.0,17268736.0,19173376.0,19841024.0,19.65,0.649554131,47.89,1694710.0,0.0,0.0,5186.0,2340902.0,0.0,0.0,3902.0,0.0,0.0,0.0,0.0
2023-03-21 06:19:43.715000+00:00,1847296.0,18620416.0,20529152.0,20529152.0,19.65,0.649554131,47.9,1695802.0,0.0,0.0,5189.0,2342721.0,0.0,0.0,3904.0,0.0,0.0,0.0,0.0
2023-03-21 06:19:49.216000+00:00,1847296.0,18620416.0,20529152.0,20529152.0,19.65,0.649554131,47.91,1695802.0,0.0,0.0,5194.0,2344679.0,0.0,0.0,3908.0,0.0,0.0,0.0,0.0
2023-03-21 06:19:53.691000+00:00,1847296.0,17317888.0,19267584.0,19267584.0,19.66,0.649554131,48.03,1697849.0,0.0,0.0,5196.0,2346437.0,0.0,0.0,3909.0,0.0,0.0,0.0,0.0
2023-03-21 06:19:58.957000+00:00,1847296.0,17317888.0,19267584.0,20553728.0,19.66,0.649554131,48.03,1699667.0,0.0,0.0,5201.0,2348395.0,0.0,0.0,3913.0,0.0,0.0,0.0,0.0
2023-03-21 06:20:04.482000+00:00,1867776.0,20389888.0,22298624.0,22298624.0,19.67,0.649554131,48.12,1700033.0,0.0,0.0,5203.0,2350149.0,0.0,0.0,3914.0,0.0,0.0,0.0,0.0
2023-03-21 06:20:08.818000+00:00,1867776.0,20389888.0,22298624.0,22298624.0,19.67,0.649554131,48.12,1701835.0,0.0,0.0,5208.0,2352111.0,0.0,0.0,3918.0,0.0,0.0,0.0,0.0
2023-03-21 06:20:14.869000+00:00,1867776.0,20111360.0,22020096.0,22020096.0,19.68,0.649554131,48.16,1702275.0,0.0,0.0,5211.0,2353934.0,0.0,0.0,3920.0,0.0,0.0,0.0,0.0
2023-03-21 06:20:19.041000+00:00,1867776.0,20324352.0,22233088.0,22233088.0,19.68,0.649554131,48.16,1703408.0,0.0,0.0,5216.0,2355899.0,0.0,0.0,3924.0,0.0,0.0,0.0,0.0
2023-03-21 06:20:24.729000+00:00,1867776.0,19677184.0,21667840.0,21667840.0,19.72,0.649554131,48.26,1704460.0,0.0,0.0,5219.0,2357725.0,0.0,0.0,3926.0,0.0,0.0,0.0,0.0
2023-03-21 06:20:29.282000+00:00,1867776.0,19677184.0,21667840.0,21667840.0,19.72,0.649554131,48.27,1704460.0,0.0,0.0,5219.0,2357725.0,0.0,0.0,3926.0,0.0,0.0,0.0,0.0
2023-03-21 06:20:34.009000+00:00,1867776.0,19992576.0,21901312.0,21901312.0,19.76,0.649554131,48.38,1705989.0,0.0,0.0,5226.0,2361440.0,0.0,0.0,3931.0,0.0,0.0,0.0,0.0
2023-03-21 06:20:39.292000+00:00,1867776.0,19992576.0,21864448.0,21864448.0,19.78,0.649554131,48.38,1707088.0,0.0,0.0,5230.0,2363332.0,0.0,0.0,3934.0,0.0,0.0,0.0,0.0
2023-03-21 06:20:43.644000+00:00,1867776.0,20197376.0,22114304.0,22114304.0,19.8,0.649554131,48.48,1710876.0,0.0,0.0,5237.0,2365418.0,0.0,0.0,3940.0,0.0,0.0,0.0,0.0
2023-03-21 06:20:48.951000+00:00,1867776.0,20197376.0,22114304.0,18100224.0,19.82,0.649554131,48.61,1712759.0,0.0,0.0,5242.0,2367382.0,0.0,0.0,3944.0,0.0,0.0,0.0,0.0
2023-03-21 06:20:54.164000+00:00,1867776.0,16027648.0,17932288.0,17932288.0,19.82,0.649554131,48.62,1713199.0,0.0,0.0,5245.0,2369204.0,0.0,0.0,3946.0,0.0,0.0,0.0,0.0
2023-03-21 06:20:59.828000+00:00,1867776.0,17371136.0,19415040.0,19415040.0,19.82,0.649554131,48.64,1714272.0,0.0,0.0,5249.0,2371097.0,0.0,0.0,3949.0,0.0,0.0,0.0,0.0
2023-03-21 06:21:04.228000+00:00,1884160.0,18354176.0,20377600.0,20377600.0,19.84,0.649554131,48.66,1714712.0,0.0,0.0,5252.0,2372923.0,0.0,0.0,3951.0,0.0,0.0,0.0,0.0
2023-03-21 06:21:08.908000+00:00,1884160.0,18354176.0,21114880.0,21114880.0,19.86,0.649554131,48.67,1718489.0,0.0,0.0,5260.0,2375087.0,0.0,0.0,3958.0,0.0,0.0,0.0,0.0
2023-03-21 06:21:13.576000+00:00,1884160.0,17141760.0,19304448.0,19304448.0,19.89,0.649554131,48.74,1720277.0,0.0,0.0,5264.0,2376975.0,0.0,0.0,3961.0,0.0,0.0,0.0,0.0
2023-03-21 06:21:18.840000+00:00,1884160.0,17141760.0,19304448.0,19472384.0,19.9,0.649554131,48.83,1722243.0,0.0,0.0,5269.0,2378932.0,0.0,0.0,3965.0,0.0,0.0,0.0,0.0
2023-03-21 06:21:24.807000+00:00,1884160.0,17534976.0,19443712.0,19443712.0,19.9,0.649554131,48.84,1724889.0,0.0,0.0,5274.0,2380888.0,0.0,0.0,3969.0,0.0,0.0,0.0,0.0
2023-03-21 06:21:28.952000+00:00,1884160.0,17534976.0,20873216.0,20873216.0,19.9,0.649554131,48.85,1725972.0,0.0,0.0,5278.0,2382785.0,0.0,0.0,3972.0,0.0,0.0,0.0,0.0
2023-03-21 06:21:33.587000+00:00,1884160.0,19968000.0,21876736.0,21876736.0,19.91,0.649554131,48.86,1727688.0,0.0,0.0,5282.0,2384672.0,0.0,0.0,3975.0,0.0,0.0,0.0,0.0
2023-03-21 06:21:39.059000+00:00,1884160.0,19968000.0,22003712.0,22003712.0,19.91,0.649554131,48.87,1729566.0,0.0,0.0,5288.0,2386698.0,0.0,0.0,3980.0,0.0,0.0,0.0,0.0
2023-03-21 06:21:44.734000+00:00,1884160.0,20090880.0,22298624.0,22298624.0,19.93,0.650248322,48.88,1732025.0,0.0,0.0,5293.0,2388651.0,0.0,0.0,3984.0,0.0,0.0,0.0,0.0
2023-03-21 06:21:49.864000+00:00,1884160.0,20090880.0,22388736.0,22388736.0,19.93,0.650248322,48.88,1733120.0,0.0,0.0,5297.0,2390552.0,0.0,0.0,3987.0,0.0,0.0,0.0,0.0
2023-03-21 06:21:54.308000+00:00,1884160.0,17944576.0,20090880.0,20090880.0,19.96,0.650248322,48.92,1733560.0,0.0,0.0,5300.0,2392376.0,0.0,0.0,3989.0,0.0,0.0,0.0,0.0
2023-03-21 06:21:58.093000+00:00,1908736.0,18321408.0,20090880.0,20090880.0,19.97,0.650248322,48.93,1733560.0,0.0,0.0,5300.0,2392376.0,0.0,0.0,3989.0,0.0,0.0,0.0,0.0
2023-03-21 06:22:03.717000+00:00,1908736.0,18984960.0,20893696.0,20893696.0,19.98,0.650248322,48.93,1735158.0,0.0,0.0,5307.0,2396094.0,0.0,0.0,3994.0,0.0,0.0,0.0,0.0
2023-03-21 06:22:09.850000+00:00,1908736.0,18984960.0,20361216.0,20361216.0,19.98,0.650248322,48.95,1736355.0,0.0,0.0,5311.0,2397988.0,0.0,0.0,3997.0,0.0,0.0,0.0,0.0
2023-03-21 06:22:14.767000+00:00,1908736.0,18157568.0,20070400.0,20070400.0,20.03,0.650248322,49.04,1738735.0,0.0,0.0,5316.0,2399942.0,0.0,0.0,4001.0,0.0,0.0,0.0,0.0
2023-03-21 06:22:19.819000+00:00,1908736.0,18157568.0,22069248.0,22069248.0,20.04,0.650248322,49.09,1741208.0,0.0,0.0,5321.0,2401905.0,0.0,0.0,4005.0,0.0,0.0,0.0,0.0
2023-03-21 06:22:24.021000+00:00,1908736.0,19886080.0,21794816.0,21794816.0,20.04,0.650248322,49.11,1742894.0,0.0,0.0,5325.0,2403792.0,0.0,0.0,4008.0,0.0,0.0,0.0,0.0
2023-03-21 06:22:28.674000+00:00,1908736.0,18518016.0,21180416.0,21180416.0,20.05,0.650248322,49.2,1743999.0,0.0,0.0,5329.0,2405690.0,0.0,0.0,4008.0,0.0,0.0,0.0,0.0
2023-03-21 06:22:34.883000+00:00,1908736.0,19124224.0,21164032.0,21164032.0,20.06,0.650248322,49.21,1745729.0,0.0,0.0,5333.0,2407579.0,0.0,0.0,4014.0,0.0,0.0,0.0,0.0
2023-03-21 06:22:39.333000+00:00,1908736.0,19124224.0,22073344.0,22073344.0,20.06,0.650248322,49.28,1749101.0,0.0,0.0,5340.0,2409673.0,0.0,0.0,4020.0,0.0,0.0,0.0,0.0
2023-03-21 06:22:43.880000+00:00,1908736.0,20828160.0,22736896.0,22736896.0,20.06,0.650248322,49.29,1749467.0,0.0,0.0,5342.0,2411432.0,0.0,0.0,4021.0,0.0,0.0,0.0,0.0
2023-03-21 06:22:48.680000+00:00,1908736.0,20303872.0,22212608.0,22212608.0,20.08,0.650248322,49.29,1750561.0,0.0,0.0,5346.0,2413329.0,0.0,0.0,4024.0,0.0,0.0,0.0,0.0
2023-03-21 06:22:53.647000+00:00,1908736.0,20303872.0,22212608.0,22212608.0,20.08,0.650248322,49.34,1751761.0,0.0,0.0,5349.0,2415150.0,0.0,0.0,4026.0,0.0,0.0,0.0,0.0
2023-03-21 06:22:58.074000+00:00,1933312.0,20303872.0,22212608.0,22212608.0,20.1,0.650248322,49.38,1751761.0,0.0,0.0,5349.0,2415150.0,0.0,0.0,4026.0,0.0,0.0,0.0,0.0
2023-03-21 06:23:04.906000+00:00,1933312.0,22282240.0,24199168.0,24199168.0,20.1,0.650248322,49.39,1755314.0,0.0,0.0,5359.0,2419064.0,0.0,0.0,4034.0,0.0,0.0,0.0,0.0
2023-03-21 06:23:09.779000+00:00,1933312.0,22282240.0,24199168.0,24199168.0,20.11,0.650248322,49.4,1755314.0,0.0,0.0,5359.0,2419064.0,0.0,0.0,4034.0,0.0,0.0,0.0,0.0
2023-03-21 06:23:14.505000+00:00,1933312.0,21032960.0,23195648.0,23195648.0,20.13,0.652428329,49.45,1757529.0,0.0,0.0,5367.0,2422858.0,0.0,0.0,4040.0,0.0,0.0,0.0,0.0
2023-03-21 06:23:18.272000+00:00,1933312.0,21032960.0,19943424.0,19943424.0,20.18,0.654592122,49.52,1758612.0,0.0,0.0,5371.0,2424757.0,0.0,0.0,4043.0,0.0,0.0,0.0,0.0
2023-03-21 06:23:24.295000+00:00,1933312.0,16695296.0,18608128.0,18608128.0,20.2,0.655067545,49.54,1762356.0,0.0,0.0,5378.0,2426842.0,0.0,0.0,4049.0,0.0,0.0,0.0,0.0
2023-03-21 06:23:28.832000+00:00,1933312.0,16695296.0,18608128.0,18608128.0,20.21,0.655067545,49.54,1762356.0,0.0,0.0,5378.0,2426842.0,0.0,0.0,4049.0,0.0,0.0,0.0,0.0
2023-03-21 06:23:34.858000+00:00,1933312.0,18227200.0,20193280.0,20193280.0,20.21,0.655067545,49.57,1764512.0,0.0,0.0,5385.0,2430559.0,0.0,0.0,4054.0,0.0,0.0,0.0,0.0
2023-03-21 06:23:38.999000+00:00,1933312.0,19955712.0,20193280.0,20193280.0,20.22,0.655067545,49.59,1764512.0,0.0,0.0,5385.0,2430559.0,0.0,0.0,4054.0,0.0,0.0,0.0,0.0
2023-03-21 06:23:43.582000+00:00,1933312.0,19972096.0,21889024.0,21889024.0,20.22,0.655067545,49.6,1767490.0,0.0,0.0,5394.0,2434410.0,0.0,0.0,4061.0,0.0,0.0,0.0,0.0
2023-03-21 06:23:48.499000+00:00,1933312.0,21938176.0,24248320.0,24248320.0,20.23,0.655067545,49.62,1767996.0,0.0,0.0,5398.0,2436309.0,0.0,0.0,4064.0,0.0,0.0,0.0,0.0
2023-03-21 06:23:53.988000+00:00,1933312.0,21938176.0,23977984.0,23977984.0,20.24,0.655067545,49.62,1769571.0,0.0,0.0,5402.0,2438194.0,0.0,0.0,4067.0,0.0,0.0,0.0,0.0
2023-03-21 06:23:59.829000+00:00,1933312.0,21938176.0,23977984.0,23977984.0,20.29,0.655067545,49.73,1769571.0,0.0,0.0,5402.0,2438194.0,0.0,0.0,4067.0,0.0,0.0,0.0,0.0
2023-03-21 06:24:04.470000+00:00,1945600.0,19165184.0,21336064.0,21336064.0,20.29,0.655067545,49.74,1770443.0,0.0,0.0,5408.0,2441849.0,0.0,0.0,4071.0,0.0,0.0,0.0,0.0
2023-03-21 06:24:09.551000+00:00,1945600.0,19165184.0,21336064.0,21336064.0,20.3,0.655067545,49.84,1770443.0,0.0,0.0,5408.0,2441849.0,0.0,0.0,4071.0,0.0,0.0,0.0,0.0
2023-03-21 06:24:14.798000+00:00,1945600.0,19722240.0,21762048.0,21762048.0,20.32,0.655067545,49.88,1773816.0,0.0,0.0,5417.0,2445698.0,0.0,0.0,4078.0,0.0,0.0,0.0,0.0
2023-03-21 06:24:19.912000+00:00,1945600.0,21061632.0,22974464.0,22974464.0,20.32,0.655067545,49.89,1775608.0,0.0,0.0,5422.0,2447658.0,0.0,0.0,4082.0,0.0,0.0,0.0,0.0
2023-03-21 06:24:24.787000+00:00,1945600.0,15843328.0,17801216.0,17801216.0,20.35,0.655067545,49.95,1778697.0,0.0,0.0,5428.0,2449683.0,0.0,0.0,4087.0,0.0,0.0,0.0,0.0
2023-03-21 06:24:29+00:00,1945600.0,15843328.0,17801216.0,17801216.0,20.36,0.655067545,49.96,1778697.0,0.0,0.0,5428.0,2449683.0,0.0,0.0,4087.0,0.0,0.0,0.0,0.0
2023-03-21 06:24:34.742000+00:00,1945600.0,19218432.0,21127168.0,21127168.0,20.37,0.655067545,50.02,1781526.0,0.0,0.0,5436.0,2453466.0,0.0,0.0,4093.0,0.0,0.0,0.0,0.0
2023-03-21 06:24:38.967000+00:00,1945600.0,19218432.0,21127168.0,21127168.0,20.37,0.655067545,50.03,1781526.0,0.0,0.0,5436.0,2453466.0,0.0,0.0,4096.0,0.0,0.0,0.0,0.0
2023-03-21 06:24:44.781000+00:00,1945600.0,20381696.0,22355968.0,22355968.0,20.38,0.655067545,50.07,1783135.0,0.0,0.0,5443.0,2457192.0,0.0,0.0,4098.0,0.0,0.0,0.0,0.0
2023-03-21 06:24:48.739000+00:00,1945600.0,17358848.0,19554304.0,19554304.0,20.42,0.655067545,50.16,1784319.0,0.0,0.0,5447.0,2459093.0,0.0,0.0,4101.0,0.0,0.0,0.0,0.0
2023-03-21 06:24:53.719000+00:00,1945600.0,18022400.0,19931136.0,19931136.0,20.42,0.655067545,50.18,1785348.0,0.0,0.0,5450.0,2460918.0,0.0,0.0,4103.0,0.0,0.0,0.0,0.0
2023-03-21 06:24:58.197000+00:00,1966080.0,17907712.0,20205568.0,20205568.0,20.43,0.655067545,50.22,1787151.0,0.0,0.0,5455.0,2462877.0,0.0,0.0,4107.0,0.0,0.0,0.0,0.0
2023-03-21 06:25:04.459000+00:00,1966080.0,18452480.0,20877312.0,20877312.0,20.44,0.655067545,50.3,1788187.0,0.0,0.0,5458.0,2464700.0,0.0,0.0,4109.0,0.0,0.0,0.0,0.0
2023-03-21 06:25:08.779000+00:00,1966080.0,18452480.0,20877312.0,20877312.0,20.47,0.655067545,50.35,1788187.0,0.0,0.0,5458.0,2464700.0,0.0,0.0,4112.0,0.0,0.0,0.0,0.0
2023-03-21 06:25:14.790000+00:00,1966080.0,17674240.0,19582976.0,19582976.0,20.48,0.655067545,50.41,1791860.0,0.0,0.0,5467.0,2468552.0,0.0,0.0,4116.0,0.0,0.0,0.0,0.0
2023-03-21 06:25:18.655000+00:00,1966080.0,17674240.0,19582976.0,19582976.0,20.48,0.655067545,50.42,1791860.0,0.0,0.0,5467.0,2468552.0,0.0,0.0,4116.0,0.0,0.0,0.0,0.0
2023-03-21 06:25:24.349000+00:00,1966080.0,18882560.0,20791296.0,20791296.0,20.49,0.655067545,50.44,1793401.0,0.0,0.0,5474.0,2472269.0,0.0,0.0,4121.0,0.0,0.0,0.0,0.0
2023-03-21 06:25:28.888000+00:00,1966080.0,20021248.0,22061056.0,22061056.0,20.5,0.655067545,50.45,1794569.0,0.0,0.0,5478.0,2474163.0,0.0,0.0,4124.0,0.0,0.0,0.0,0.0
2023-03-21 06:25:34.034000+00:00,1966080.0,20152320.0,22061056.0,22061056.0,20.5,0.655067545,50.46,1795009.0,0.0,0.0,5481.0,2475988.0,0.0,0.0,4126.0,0.0,0.0,0.0,0.0
2023-03-21 06:25:39.252000+00:00,1966080.0,20152320.0,22061056.0,22061056.0,20.54,0.655067545,50.53,1795009.0,0.0,0.0,5488.0,2478082.0,0.0,0.0,4132.0,0.0,0.0,0.0,0.0
2023-03-21 06:25:43.782000+00:00,1966080.0,20037632.0,22081536.0,22081536.0,20.58,0.655067545,50.58,1800232.0,0.0,0.0,5492.0,2479974.0,0.0,0.0,4135.0,0.0,0.0,0.0,0.0
2023-03-21 06:25:48.588000+00:00,1966080.0,21118976.0,24121344.0,24121344.0,20.59,0.655067545,50.58,1801418.0,0.0,0.0,5496.0,2481870.0,0.0,0.0,4138.0,0.0,0.0,0.0,0.0
2023-03-21 06:25:53.973000+00:00,1966080.0,18317312.0,20226048.0,20226048.0,20.6,0.655067545,50.66,1802466.0,0.0,0.0,5499.0,2483686.0,0.0,0.0,4140.0,0.0,0.0,0.0,0.0
2023-03-21 06:25:59.669000+00:00,1982464.0,18481152.0,20463616.0,20463616.0,20.6,0.655067545,50.79,1802972.0,0.0,0.0,5503.0,2485583.0,0.0,0.0,4143.0,0.0,0.0,0.0,0.0
