timestamp,rt_web_get_shipping_calcid_seconds_count,rt_web_get_shipping_calcid_seconds_sum,rt_web_get_shipping_code_seconds_count,rt_web_get_shipping_code_seconds_sum,rt_web_get_shipping_postconfirm_seconds_count,rt_web_get_shipping_postconfirm_seconds_sum
2023-03-20 15:21:34.729000+00:00,26.0,,26.0,,17.0,
2023-03-20 15:21:39.729000+00:00,27.0,0.006000000000000005,27.0,0.006000000000000005,18.0,0.010000000000000009
2023-03-20 15:21:44.729000+00:00,27.0,0.0,27.0,0.0,18.0,0.0
2023-03-20 15:21:49.729000+00:00,28.0,0.008000000000000007,29.0,0.014000000000000012,19.0,0.01100000000000012
2023-03-20 15:21:54.729000+00:00,30.0,0.01200000000000001,31.0,0.01200000000000001,21.0,0.020999999999999908
2023-03-20 15:21:59.729000+00:00,33.0,0.020999999999999963,33.0,0.019999999999999962,24.0,0.030999999999999917
2023-03-20 15:22:04.729000+00:00,35.0,0.01100000000000001,35.0,0.013000000000000012,26.0,0.025000000000000133
2023-03-20 15:22:09.729000+00:00,36.0,0.006000000000000005,38.0,0.014000000000000012,27.0,0.008999999999999897
2023-03-20 15:22:14.729000+00:00,38.0,0.015000000000000013,38.0,0.0,28.0,0.015000000000000124
2023-03-20 15:22:19.729000+00:00,38.0,0.0,39.0,0.006000000000000005,28.0,0.0
2023-03-20 15:22:24.729000+00:00,40.0,0.01200000000000001,40.0,0.006000000000000005,29.0,0.01200000000000001
2023-03-20 15:22:29.729000+00:00,41.0,0.006000000000000005,43.0,0.022999999999999965,30.0,0.016999999999999904
2023-03-20 15:22:34.729000+00:00,43.0,0.023999999999999966,43.0,0.0,32.0,0.020000000000000018
2023-03-20 15:22:39.729000+00:00,46.0,0.015000000000000013,46.0,0.020000000000000018,35.0,0.03299999999999992
2023-03-20 15:22:44.729000+00:00,47.0,0.006000000000000005,48.0,0.01200000000000001,36.0,0.01200000000000001
2023-03-20 15:22:49.729000+00:00,49.0,0.01100000000000001,49.0,0.0050000000000000044,38.0,0.02100000000000013
2023-03-20 15:22:54.729000+00:00,49.0,0.0,49.0,0.0,38.0,0.0
2023-03-20 15:22:59.729000+00:00,49.0,0.0,49.0,0.0,38.0,0.0
2023-03-20 15:23:04.729000+00:00,52.0,0.015000000000000013,52.0,0.02100000000000002,41.0,0.03200000000000003
2023-03-20 15:23:09.729000+00:00,53.0,0.004999999999999949,54.0,0.01200000000000001,42.0,0.010000000000000009
2023-03-20 15:23:14.729000+00:00,55.0,0.017000000000000015,55.0,0.006999999999999895,44.0,0.027999999999999803
2023-03-20 15:23:19.729000+00:00,56.0,0.006000000000000005,56.0,0.0050000000000000044,45.0,0.01100000000000012
2023-03-20 15:23:24.729000+00:00,58.0,0.013000000000000012,59.0,0.020000000000000018,46.0,0.014000000000000012
2023-03-20 15:23:29.729000+00:00,61.0,0.017000000000000015,61.0,0.016000000000000014,48.0,0.02400000000000002
2023-03-20 15:23:34.729000+00:00,62.0,0.0040000000000000036,64.0,0.015000000000000013,49.0,0.008000000000000007
2023-03-20 15:23:39.729000+00:00,64.0,0.012999999999999956,65.0,0.008000000000000007,51.0,0.020999999999999908
2023-03-20 15:23:44.729000+00:00,67.0,0.015000000000000013,68.0,0.016000000000000014,53.0,0.020000000000000018
2023-03-20 15:23:49.729000+00:00,72.0,0.030000000000000027,72.0,0.02100000000000002,57.0,0.04200000000000004
2023-03-20 15:23:54.729000+00:00,73.0,0.006000000000000005,75.0,0.016000000000000014,58.0,0.010000000000000009
2023-03-20 15:23:59.729000+00:00,77.0,0.02300000000000002,77.0,0.010999999999999899,61.0,0.026000000000000023
2023-03-20 15:24:04.729000+00:00,77.0,0.0,77.0,0.0,61.0,0.0
2023-03-20 15:24:09.729000+00:00,80.0,0.02199999999999991,80.0,0.020000000000000018,62.0,0.014000000000000012
2023-03-20 15:24:14.729000+00:00,82.0,0.013000000000000012,82.0,0.013000000000000012,64.0,0.026000000000000023
2023-03-20 15:24:19.729000+00:00,83.0,0.0050000000000000044,83.0,0.006000000000000005,65.0,0.008000000000000007
2023-03-20 15:24:24.729000+00:00,84.0,0.0050000000000000044,84.0,0.0050000000000000044,66.0,0.010999999999999899
2023-03-20 15:24:29.729000+00:00,86.0,0.01200000000000001,87.0,0.018000000000000016,68.0,0.018000000000000016
2023-03-20 15:24:34.729000+00:00,89.0,0.015000000000000013,90.0,0.014000000000000012,71.0,0.28600000000000003
2023-03-20 15:24:39.729000+00:00,91.0,0.009000000000000008,91.0,0.0050000000000000044,72.0,0.008000000000000007
2023-03-20 15:24:44.729000+00:00,93.0,0.009000000000000008,93.0,0.01100000000000001,73.0,0.010000000000000009
2023-03-20 15:24:49.729000+00:00,94.0,0.0050000000000000044,95.0,0.01100000000000001,74.0,0.008000000000000007
2023-03-20 15:24:54.729000+00:00,95.0,0.006000000000000005,97.0,0.010000000000000009,75.0,0.020999999999999908
2023-03-20 15:24:59.729000+00:00,98.0,0.02300000000000002,98.0,0.007000000000000006,76.0,0.01200000000000001
2023-03-20 15:25:04.729000+00:00,99.0,0.0050000000000000044,100.0,0.010999999999999899,77.0,0.007000000000000117
2023-03-20 15:25:09.729000+00:00,100.0,0.004999999999999893,100.0,0.0,77.0,0.0
2023-03-20 15:25:14.729000+00:00,101.0,0.014000000000000012,102.0,0.01100000000000001,78.0,0.008000000000000007
2023-03-20 15:25:19.729000+00:00,105.0,0.020000000000000018,106.0,0.018000000000000016,81.0,0.026000000000000023
2023-03-20 15:25:24.729000+00:00,108.0,0.015000000000000013,108.0,0.010000000000000009,83.0,0.02499999999999991
2023-03-20 15:25:29.729000+00:00,111.0,0.015000000000000013,112.0,0.02200000000000002,86.0,0.0259999999999998
2023-03-20 15:25:34.729000+00:00,113.0,0.009000000000000008,113.0,0.0050000000000000044,87.0,0.008000000000000007
2023-03-20 15:25:39.729000+00:00,113.0,0.0,114.0,0.0050000000000000044,87.0,0.0
2023-03-20 15:25:44.729000+00:00,116.0,0.014000000000000012,116.0,0.010000000000000009,90.0,0.03200000000000003
2023-03-20 15:25:49.729000+00:00,119.0,0.02100000000000002,119.0,0.018000000000000016,93.0,0.03000000000000025
2023-03-20 15:25:54.729000+00:00,120.0,0.0050000000000000044,120.0,0.006000000000000005,94.0,0.008999999999999897
2023-03-20 15:25:59.729000+00:00,121.0,0.01100000000000001,121.0,0.0050000000000000044,94.0,0.0
2023-03-20 15:26:04.729000+00:00,122.0,0.005999999999999894,123.0,0.010999999999999899,95.0,0.01399999999999979
2023-03-20 15:26:09.729000+00:00,125.0,0.017000000000000015,126.0,0.016000000000000014,98.0,0.03000000000000025
2023-03-20 15:26:14.729000+00:00,127.0,0.010000000000000009,127.0,0.0040000000000000036,98.0,0.0
2023-03-20 15:26:19.729000+00:00,131.0,0.02300000000000002,132.0,0.026000000000000023,102.0,0.040999999999999925
2023-03-20 15:26:24.729000+00:00,133.0,0.008000000000000007,133.0,0.0050000000000000044,104.0,0.016999999999999904
2023-03-20 15:26:29.729000+00:00,138.0,0.02200000000000002,138.0,0.02100000000000002,108.0,0.040000000000000036
2023-03-20 15:26:34.729000+00:00,139.0,0.0050000000000000044,139.0,0.004999999999999893,109.0,0.01100000000000012
2023-03-20 15:26:39.729000+00:00,140.0,0.0050000000000000044,141.0,0.008000000000000007,110.0,0.008999999999999897
2023-03-20 15:26:44.729000+00:00,141.0,0.0050000000000000044,141.0,0.0,110.0,0.0
2023-03-20 15:26:49.729000+00:00,142.0,0.0050000000000000044,142.0,0.0050000000000001155,111.0,0.016000000000000014
2023-03-20 15:26:54.729000+00:00,144.0,0.014000000000000012,144.0,0.008999999999999897,113.0,0.02300000000000013
2023-03-20 15:26:59.729000+00:00,145.0,0.0050000000000000044,145.0,0.006000000000000005,113.0,0.0
2023-03-20 15:27:04.729000+00:00,146.0,0.004999999999999893,147.0,0.01200000000000001,114.0,0.01200000000000001
2023-03-20 15:27:09.729000+00:00,148.0,0.009000000000000008,149.0,0.01100000000000012,116.0,0.017999999999999794
2023-03-20 15:27:14.729000+00:00,149.0,0.0040000000000000036,149.0,0.0,117.0,0.05400000000000027
2023-03-20 15:27:19.729000+00:00,151.0,0.010000000000000009,151.0,0.010000000000000009,118.0,0.008999999999999897
2023-03-20 15:27:24.729000+00:00,152.0,0.0050000000000000044,152.0,0.004999999999999893,119.0,0.008999999999999897
2023-03-20 15:27:29.729000+00:00,152.0,0.0,154.0,0.010000000000000009,119.0,0.0
2023-03-20 15:27:34.729000+00:00,155.0,0.015000000000000013,155.0,0.0050000000000001155,121.0,0.020999999999999908
2023-03-20 15:27:39.729000+00:00,157.0,0.01100000000000001,157.0,0.010000000000000009,123.0,0.017000000000000348
2023-03-20 15:27:44.729000+00:00,158.0,0.004999999999999893,158.0,0.0040000000000000036,124.0,0.009999999999999787
2023-03-20 15:27:49.729000+00:00,159.0,0.0050000000000001155,160.0,0.009999999999999787,125.0,0.008000000000000007
2023-03-20 15:27:54.729000+00:00,164.0,0.020999999999999908,165.0,0.02200000000000002,129.0,0.05600000000000005
2023-03-20 15:27:59.729000+00:00,165.0,0.0050000000000001155,165.0,0.0,130.0,0.0129999999999999
2023-03-20 15:28:04.729000+00:00,167.0,0.008999999999999897,167.0,0.010000000000000009,132.0,0.015000000000000124
2023-03-20 15:28:09.729000+00:00,168.0,0.0040000000000000036,169.0,0.009000000000000119,133.0,0.01100000000000012
2023-03-20 15:28:14.729000+00:00,170.0,0.010000000000000009,170.0,0.004999999999999893,135.0,0.01499999999999968
2023-03-20 15:28:19.729000+00:00,172.0,0.013000000000000123,173.0,0.015000000000000124,136.0,0.010000000000000231
2023-03-20 15:28:24.729000+00:00,175.0,0.014000000000000012,175.0,0.010000000000000009,139.0,0.02400000000000002
2023-03-20 15:28:29.729000+00:00,178.0,0.014000000000000012,178.0,0.014000000000000012,141.0,0.02499999999999991
2023-03-20 15:28:34.729000+00:00,179.0,0.0040000000000000036,179.0,0.0040000000000000036,142.0,0.01100000000000012
2023-03-20 15:28:39.729000+00:00,181.0,0.010000000000000009,182.0,0.014000000000000012,144.0,0.016000000000000014
2023-03-20 15:28:44.729000+00:00,183.0,0.008999999999999897,184.0,0.008000000000000007,145.0,0.009999999999999787
2023-03-20 15:28:49.729000+00:00,185.0,0.008999999999999897,185.0,0.004999999999999893,147.0,0.016999999999999904
2023-03-20 15:28:54.729000+00:00,186.0,0.006000000000000005,186.0,0.0050000000000001155,148.0,0.01100000000000012
2023-03-20 15:28:59.729000+00:00,187.0,0.006000000000000005,187.0,0.006999999999999895,149.0,0.01100000000000012
2023-03-20 15:29:04.729000+00:00,187.0,0.0,187.0,0.0,149.0,0.0
2023-03-20 15:29:09.729000+00:00,187.0,0.0,187.0,0.0,149.0,0.0
2023-03-20 15:29:14.729000+00:00,188.0,0.0050000000000001155,188.0,0.0040000000000000036,150.0,0.008000000000000007
2023-03-20 15:29:19.729000+00:00,189.0,0.0040000000000000036,189.0,0.004999999999999893,150.0,0.0
2023-03-20 15:29:24.729000+00:00,190.0,0.004999999999999893,190.0,0.0050000000000001155,151.0,0.010999999999999677
2023-03-20 15:29:29.729000+00:00,192.0,0.015000000000000124,193.0,0.0129999999999999,153.0,0.017000000000000348
2023-03-20 15:29:34.729000+00:00,193.0,0.006999999999999895,193.0,0.0,154.0,0.008999999999999897
2023-03-20 15:29:39.729000+00:00,195.0,0.008000000000000007,195.0,0.009000000000000119,156.0,0.016000000000000014
2023-03-20 15:29:44.729000+00:00,195.0,0.0,196.0,0.004999999999999893,156.0,0.0
2023-03-20 15:29:49.729000+00:00,197.0,0.01100000000000012,197.0,0.0050000000000001155,157.0,0.0129999999999999
2023-03-20 15:29:54.729000+00:00,199.0,0.008999999999999897,199.0,0.010000000000000009,158.0,0.010000000000000231
2023-03-20 15:29:59.729000+00:00,199.0,0.0,199.0,0.0,158.0,0.0
2023-03-20 15:30:04.729000+00:00,201.0,0.009000000000000119,201.0,0.010000000000000009,159.0,0.01200000000000001
2023-03-20 15:30:09.729000+00:00,202.0,0.0040000000000000036,203.0,0.006999999999999895,159.0,0.0
2023-03-20 15:30:14.729000+00:00,205.0,0.0129999999999999,206.0,0.01200000000000001,162.0,0.028000000000000025
2023-03-20 15:30:19.729000+00:00,211.0,0.026999999999999913,211.0,0.020000000000000018,167.0,0.041999999999999815
2023-03-20 15:30:24.729000+00:00,213.0,0.009000000000000119,214.0,0.015000000000000124,168.0,0.24399999999999977
2023-03-20 15:30:29.729000+00:00,216.0,0.014000000000000012,216.0,0.007999999999999785,169.0,0.009000000000000341
2023-03-20 15:30:34.729000+00:00,219.0,0.0129999999999999,220.0,0.018000000000000016,172.0,0.028000000000000025
2023-03-20 15:30:39.729000+00:00,221.0,0.009000000000000119,221.0,0.0050000000000001155,174.0,0.2829999999999999
2023-03-20 15:30:44.729000+00:00,222.0,0.004999999999999893,222.0,0.004999999999999893,175.0,0.01399999999999979
2023-03-20 15:30:49.729000+00:00,222.0,0.0,223.0,0.0040000000000000036,175.0,0.0
2023-03-20 15:30:54.729000+00:00,223.0,0.0050000000000001155,223.0,0.0,176.0,0.01100000000000012
2023-03-20 15:30:59.729000+00:00,225.0,0.008999999999999897,225.0,0.010000000000000009,178.0,0.019000000000000128
2023-03-20 15:31:04.729000+00:00,225.0,0.0,225.0,0.0,178.0,0.0
2023-03-20 15:31:09.729000+00:00,226.0,0.0040000000000000036,226.0,0.0050000000000001155,179.0,0.008999999999999897
2023-03-20 15:31:14.729000+00:00,227.0,0.0040000000000000036,227.0,0.0040000000000000036,180.0,0.009999999999999787
2023-03-20 15:31:19.729000+00:00,228.0,0.0040000000000000036,229.0,0.008000000000000007,181.0,0.007000000000000117
2023-03-20 15:31:24.729000+00:00,230.0,0.009000000000000119,230.0,0.0040000000000000036,183.0,0.016999999999999904
2023-03-20 15:31:29.729000+00:00,231.0,0.004999999999999893,231.0,0.0040000000000000036,183.0,0.0
2023-03-20 15:31:34.729000+00:00,231.0,0.0,231.0,0.0,183.0,0.0
2023-03-20 15:31:39.729000+00:00,232.0,0.0040000000000000036,232.0,0.0040000000000000036,184.0,0.008000000000000007
2023-03-20 15:31:44.729000+00:00,234.0,0.010000000000000009,234.0,0.008999999999999897,186.0,0.017000000000000348
2023-03-20 15:31:49.729000+00:00,236.0,0.008000000000000007,236.0,0.007000000000000117,187.0,0.009999999999999787
2023-03-20 15:31:54.729000+00:00,237.0,0.0050000000000001155,237.0,0.004999999999999893,188.0,0.010000000000000231
2023-03-20 15:31:59.729000+00:00,239.0,0.009999999999999787,240.0,0.01200000000000001,190.0,0.01499999999999968
2023-03-20 15:32:04.729000+00:00,241.0,0.009000000000000119,242.0,0.009000000000000119,192.0,0.019000000000000128
2023-03-20 15:32:09.729000+00:00,244.0,0.010999999999999899,245.0,0.01399999999999979,195.0,0.20000000000000018
2023-03-20 15:32:14.729000+00:00,247.0,0.013000000000000123,247.0,0.010000000000000009,198.0,0.029999999999999805
2023-03-20 15:32:19.729000+00:00,249.0,0.008000000000000007,249.0,0.009000000000000119,200.0,0.24600000000000044
2023-03-20 15:32:24.729000+00:00,253.0,0.018999999999999906,253.0,0.014999999999999902,203.0,0.022999999999999687
2023-03-20 15:32:29.729000+00:00,255.0,0.009000000000000119,255.0,0.010000000000000009,205.0,0.01699999999999946
2023-03-20 15:32:34.729000+00:00,257.0,0.010999999999999899,258.0,0.049000000000000155,205.0,0.0
2023-03-20 15:32:39.729000+00:00,258.0,0.0040000000000000036,259.0,0.0040000000000000036,206.0,0.009000000000000341
2023-03-20 15:32:44.729000+00:00,260.0,0.008000000000000007,260.0,0.0040000000000000036,207.0,0.009000000000000341
2023-03-20 15:32:49.729000+00:00,261.0,0.0040000000000000036,261.0,0.0040000000000000036,208.0,0.006999999999999673
2023-03-20 15:32:54.729000+00:00,261.0,0.0,261.0,0.0,208.0,0.0
2023-03-20 15:32:59.729000+00:00,262.0,0.0040000000000000036,262.0,0.004999999999999893,209.0,0.01100000000000012
2023-03-20 15:33:04.729000+00:00,262.0,0.0,262.0,0.0,209.0,0.0
2023-03-20 15:33:09.729000+00:00,263.0,0.0050000000000001155,263.0,0.0040000000000000036,210.0,0.009000000000000341
2023-03-20 15:33:14.729000+00:00,263.0,0.0,264.0,0.0029999999999998916,210.0,0.0
2023-03-20 15:33:19.729000+00:00,265.0,0.006999999999999895,265.0,0.0030000000000001137,212.0,0.8229999999999995
2023-03-20 15:33:24.729000+00:00,267.0,0.008000000000000007,267.0,0.008000000000000007,214.0,0.12300000000000022
2023-03-20 15:33:29.729000+00:00,267.0,0.0,268.0,0.004999999999999893,214.0,0.0
2023-03-20 15:33:34.729000+00:00,269.0,0.008999999999999897,269.0,0.0040000000000000036,215.0,0.006999999999999673
2023-03-20 15:33:39.729000+00:00,271.0,0.010000000000000009,271.0,0.01100000000000012,217.0,0.04999999999999982
2023-03-20 15:33:44.729000+00:00,273.0,0.009000000000000119,273.0,0.010000000000000009,219.0,0.6660000000000004
2023-03-20 15:33:49.729000+00:00,273.0,0.0,274.0,0.0040000000000000036,219.0,0.0
2023-03-20 15:33:54.729000+00:00,277.0,0.014999999999999902,278.0,0.014999999999999902,221.0,0.014000000000000234
2023-03-20 15:33:59.729000+00:00,279.0,0.009000000000000119,279.0,0.0040000000000000036,223.0,0.0129999999999999
2023-03-20 15:34:04.729000+00:00,279.0,0.0,279.0,0.0,223.0,0.0
2023-03-20 15:34:09.729000+00:00,281.0,0.008999999999999897,281.0,0.007000000000000117,225.0,0.014000000000000234
2023-03-20 15:34:14.729000+00:00,281.0,0.0,282.0,0.016999999999999904,225.0,0.0
2023-03-20 15:34:19.729000+00:00,285.0,0.018000000000000016,286.0,0.017000000000000126,229.0,0.030999999999999694
2023-03-20 15:34:24.729000+00:00,286.0,0.0030000000000001137,286.0,0.0,230.0,0.006999999999999673
2023-03-20 15:34:29.729000+00:00,288.0,0.01200000000000001,288.0,0.008000000000000007,232.0,0.015000000000000568
2023-03-20 15:34:34.729000+00:00,291.0,0.01200000000000001,292.0,0.016999999999999904,234.0,0.07399999999999984
2023-03-20 15:34:39.729000+00:00,294.0,0.0129999999999999,294.0,0.006000000000000005,236.0,0.01499999999999968
2023-03-20 15:34:44.729000+00:00,296.0,0.008000000000000007,297.0,0.01200000000000001,238.0,0.015000000000000568
2023-03-20 15:34:49.729000+00:00,298.0,0.014000000000000012,298.0,0.004999999999999893,240.0,0.017999999999999794
2023-03-20 15:34:54.729000+00:00,300.0,0.008000000000000007,301.0,0.013000000000000123,241.0,0.006999999999999673
2023-03-20 15:34:59.729000+00:00,301.0,0.004999999999999893,302.0,0.0040000000000000036,241.0,0.0
2023-03-20 15:35:04.729000+00:00,302.0,0.0040000000000000036,302.0,0.0,242.0,0.007000000000000561
2023-03-20 15:35:09.729000+00:00,302.0,0.0,302.0,0.0,242.0,0.0
2023-03-20 15:35:14.729000+00:00,303.0,0.0040000000000000036,303.0,0.0040000000000000036,243.0,0.006999999999999673
2023-03-20 15:35:19.729000+00:00,305.0,0.007000000000000117,305.0,0.006999999999999895,245.0,0.01499999999999968
2023-03-20 15:35:24.729000+00:00,305.0,0.0,305.0,0.0,245.0,0.0
2023-03-20 15:35:29.729000+00:00,305.0,0.0,305.0,0.0,245.0,0.0
2023-03-20 15:35:34.729000+00:00,305.0,0.0,306.0,0.0040000000000000036,245.0,0.0
2023-03-20 15:35:39.729000+00:00,306.0,0.0040000000000000036,306.0,0.0,245.0,0.0
2023-03-20 15:35:44.729000+00:00,306.0,0.0,306.0,0.0,245.0,0.0
2023-03-20 15:35:49.729000+00:00,307.0,0.004999999999999893,307.0,0.0040000000000000036,246.0,0.009000000000000341
2023-03-20 15:35:54.729000+00:00,307.0,0.0,308.0,0.0050000000000001155,246.0,0.0
2023-03-20 15:35:59.729000+00:00,308.0,0.0040000000000000036,308.0,0.0,247.0,0.008999999999999453
2023-03-20 15:36:04.729000+00:00,309.0,0.0050000000000001155,309.0,0.004999999999999893,247.0,0.0
2023-03-20 15:36:09.729000+00:00,309.0,0.0,309.0,0.0,247.0,0.0
2023-03-20 15:36:14.729000+00:00,310.0,0.0040000000000000036,310.0,0.0040000000000000036,248.0,0.01100000000000012
2023-03-20 15:36:19.729000+00:00,310.0,0.0,310.0,0.0,248.0,0.0
2023-03-20 15:36:24.729000+00:00,314.0,0.014999999999999902,315.0,0.016000000000000014,252.0,0.03300000000000036
2023-03-20 15:36:29.729000+00:00,317.0,0.01200000000000001,319.0,0.015000000000000124,252.0,0.0
2023-03-20 15:36:34.729000+00:00,321.0,0.017000000000000126,321.0,0.008999999999999897,255.0,0.27500000000000036
2023-03-20 15:36:39.729000+00:00,323.0,0.008000000000000007,324.0,0.01200000000000001,256.0,0.008999999999999453
2023-03-20 15:36:44.729000+00:00,326.0,0.0129999999999999,327.0,0.014999999999999902,258.0,0.020000000000000462
2023-03-20 15:36:49.729000+00:00,328.0,0.0129999999999999,328.0,0.0040000000000000036,260.0,0.01699999999999946
2023-03-20 15:36:54.729000+00:00,332.0,0.015000000000000124,332.0,0.017000000000000126,262.0,0.019000000000000128
2023-03-20 15:36:59.729000+00:00,333.0,0.0040000000000000036,333.0,0.0040000000000000036,263.0,0.009999999999999787
2023-03-20 15:37:04.729000+00:00,335.0,0.008999999999999897,337.0,0.014999999999999902,265.0,0.014000000000000234
2023-03-20 15:37:09.729000+00:00,337.0,0.008000000000000007,337.0,0.0,267.0,0.016000000000000014
2023-03-20 15:37:14.729000+00:00,339.0,0.007000000000000117,339.0,0.008000000000000007,268.0,0.009000000000000341
2023-03-20 15:37:19.729000+00:00,341.0,0.008000000000000007,341.0,0.008000000000000007,270.0,0.016000000000000014
2023-03-20 15:37:24.729000+00:00,342.0,0.0040000000000000036,342.0,0.0040000000000000036,271.0,0.006999999999999673
2023-03-20 15:37:29.729000+00:00,343.0,0.004999999999999893,343.0,0.0050000000000001155,272.0,0.008000000000000007
2023-03-20 15:37:34.729000+00:00,343.0,0.0,343.0,0.0,272.0,0.0
2023-03-20 15:37:39.729000+00:00,344.0,0.0040000000000000036,344.0,0.0040000000000000036,272.0,0.0
2023-03-20 15:37:44.729000+00:00,344.0,0.0,344.0,0.0,272.0,0.0
2023-03-20 15:37:49.729000+00:00,345.0,0.0050000000000001155,345.0,0.006000000000000005,273.0,0.008000000000000007
2023-03-20 15:37:54.729000+00:00,346.0,0.0040000000000000036,346.0,0.0040000000000000036,274.0,0.008000000000000007
2023-03-20 15:37:59.729000+00:00,346.0,0.0,346.0,0.0,274.0,0.0
2023-03-20 15:38:04.729000+00:00,348.0,0.008000000000000007,349.0,0.01200000000000001,276.0,0.016000000000000014
2023-03-20 15:38:09.729000+00:00,353.0,0.018999999999999906,353.0,0.01499999999999968,281.0,0.041999999999999815
2023-03-20 15:38:14.729000+00:00,354.0,0.0029999999999998916,354.0,0.0050000000000003375,282.0,0.008000000000000007
2023-03-20 15:38:19.729000+00:00,357.0,0.01100000000000012,357.0,0.0129999999999999,285.0,0.02400000000000002
2023-03-20 15:38:24.729000+00:00,358.0,0.004999999999999893,359.0,0.009999999999999787,285.0,0.0
2023-03-20 15:38:29.729000+00:00,364.0,0.02400000000000002,364.0,0.019000000000000128,290.0,0.0990000000000002
2023-03-20 15:38:34.729000+00:00,364.0,0.0,364.0,0.0,290.0,0.0
2023-03-20 15:38:39.729000+00:00,365.0,0.0030000000000001137,365.0,0.0030000000000001137,291.0,0.008000000000000007
2023-03-20 15:38:44.729000+00:00,367.0,0.006999999999999895,369.0,0.016000000000000014,292.0,0.009000000000000341
2023-03-20 15:38:49.729000+00:00,372.0,0.02100000000000013,372.0,0.01100000000000012,295.0,0.07899999999999974
2023-03-20 15:38:54.729000+00:00,373.0,0.0040000000000000036,375.0,0.010999999999999677,296.0,0.006000000000000227
2023-03-20 15:38:59.729000+00:00,379.0,0.026000000000000023,380.0,0.03500000000000014,301.0,0.04499999999999993
2023-03-20 15:39:04.729000+00:00,383.0,0.016000000000000014,384.0,0.019000000000000128,305.0,0.02999999999999936
2023-03-20 15:39:09.729000+00:00,386.0,0.018000000000000016,386.0,0.009999999999999787,308.0,0.025000000000000355
2023-03-20 15:39:14.729000+00:00,387.0,0.008999999999999897,388.0,0.010000000000000231,309.0,0.01100000000000012
2023-03-20 15:39:19.729000+00:00,388.0,0.004999999999999893,388.0,0.0,310.0,0.022999999999999687
2023-03-20 15:39:24.729000+00:00,391.0,0.0129999999999999,391.0,0.010999999999999677,313.0,0.020999999999999908
2023-03-20 15:39:29.729000+00:00,391.0,0.0,391.0,0.0,313.0,0.0
2023-03-20 15:39:34.729000+00:00,391.0,0.0,391.0,0.0,313.0,0.0
2023-03-20 15:39:39.729000+00:00,392.0,0.0030000000000001137,392.0,0.0050000000000003375,314.0,0.010000000000000675
2023-03-20 15:39:44.729000+00:00,392.0,0.0,392.0,0.0,314.0,0.0
2023-03-20 15:39:49.729000+00:00,392.0,0.0,392.0,0.0,314.0,0.0
2023-03-20 15:39:54.729000+00:00,393.0,0.0040000000000000036,393.0,0.0040000000000000036,315.0,0.006999999999999673
2023-03-20 15:39:59.729000+00:00,393.0,0.0,393.0,0.0,315.0,0.0
2023-03-20 15:40:04.729000+00:00,396.0,0.0129999999999999,397.0,0.017999999999999794,316.0,0.009000000000000341
2023-03-20 15:40:09.729000+00:00,397.0,0.0040000000000000036,397.0,0.0,317.0,0.008000000000000007
2023-03-20 15:40:14.729000+00:00,398.0,0.0050000000000003375,400.0,0.01100000000000012,318.0,0.008000000000000007
2023-03-20 15:40:19.729000+00:00,402.0,0.01499999999999968,402.0,0.005999999999999783,322.0,0.034999999999999254
2023-03-20 15:40:24.729000+00:00,403.0,0.0040000000000000036,403.0,0.0040000000000000036,323.0,0.007000000000000561
2023-03-20 15:40:29.729000+00:00,403.0,0.0,403.0,0.0,323.0,0.0
2023-03-20 15:40:34.729000+00:00,403.0,0.0,403.0,0.0,323.0,0.0
2023-03-20 15:40:39.729000+00:00,404.0,0.0040000000000000036,405.0,0.007000000000000117,323.0,0.0
2023-03-20 15:40:44.729000+00:00,407.0,0.01200000000000001,407.0,0.008999999999999897,326.0,0.0259999999999998
2023-03-20 15:40:49.729000+00:00,409.0,0.008000000000000007,411.0,0.014000000000000234,327.0,0.009000000000000341
2023-03-20 15:40:54.729000+00:00,414.0,0.019000000000000128,414.0,0.08999999999999986,331.0,0.03200000000000003
2023-03-20 15:40:59.729000+00:00,416.0,0.01100000000000012,416.0,0.008999999999999897,333.0,0.017999999999999794
2023-03-20 15:41:04.729000+00:00,417.0,0.008999999999999897,418.0,0.009000000000000341,334.0,0.011999999999999567
2023-03-20 15:41:09.729000+00:00,418.0,0.004999999999999893,418.0,0.0,335.0,0.2679999999999998
2023-03-20 15:41:14.729000+00:00,418.0,0.0,419.0,0.0040000000000000036,335.0,0.0
2023-03-20 15:41:19.729000+00:00,421.0,0.014000000000000234,421.0,0.008000000000000007,337.0,0.017000000000000348
2023-03-20 15:41:24.729000+00:00,421.0,0.0,423.0,0.007999999999999563,337.0,0.0
2023-03-20 15:41:29.729000+00:00,425.0,0.016000000000000014,425.0,0.007000000000000117,341.0,0.03200000000000003
2023-03-20 15:41:34.729000+00:00,426.0,0.0040000000000000036,426.0,0.0030000000000001137,342.0,0.006999999999999673
2023-03-20 15:41:39.729000+00:00,428.0,0.008999999999999897,428.0,0.008000000000000007,344.0,0.016000000000000014
2023-03-20 15:41:44.729000+00:00,430.0,0.008000000000000007,431.0,0.01399999999999979,345.0,0.057000000000000384
2023-03-20 15:41:49.729000+00:00,431.0,0.0040000000000000036,432.0,0.0040000000000000036,346.0,0.009999999999999787
2023-03-20 15:41:54.729000+00:00,432.0,0.0040000000000000036,432.0,0.0,347.0,0.007000000000000561
2023-03-20 15:41:59.729000+00:00,434.0,0.008000000000000007,434.0,0.007000000000000117,349.0,0.020999999999999908
2023-03-20 15:42:04.729000+00:00,435.0,0.0040000000000000036,435.0,0.0040000000000000036,350.0,0.008000000000000007
2023-03-20 15:42:09.729000+00:00,437.0,0.008000000000000007,438.0,0.010000000000000231,350.0,0.0
2023-03-20 15:42:14.729000+00:00,439.0,0.008000000000000007,439.0,0.0029999999999996696,352.0,0.01499999999999968
2023-03-20 15:42:19.729000+00:00,440.0,0.0040000000000000036,440.0,0.0040000000000000036,353.0,0.17499999999999982
2023-03-20 15:42:24.729000+00:00,440.0,0.0,440.0,0.0,353.0,0.0
2023-03-20 15:42:29.729000+00:00,445.0,0.021999999999999797,445.0,0.019000000000000128,357.0,0.038000000000000256
2023-03-20 15:42:34.729000+00:00,447.0,0.008999999999999897,447.0,0.007000000000000117,359.0,0.017000000000000348
2023-03-20 15:42:39.729000+00:00,447.0,0.0,447.0,0.0,359.0,0.0
2023-03-20 15:42:44.729000+00:00,449.0,0.01100000000000012,449.0,0.009999999999999787,360.0,0.010999999999999233
2023-03-20 15:42:49.729000+00:00,450.0,0.0040000000000000036,450.0,0.006000000000000227,361.0,0.007000000000000561
2023-03-20 15:42:54.729000+00:00,451.0,0.0040000000000000036,452.0,0.008000000000000007,362.0,0.008000000000000007
2023-03-20 15:42:59.729000+00:00,454.0,0.01100000000000012,456.0,0.01499999999999968,365.0,0.024999999999999467
2023-03-20 15:43:04.729000+00:00,455.0,0.0040000000000000036,458.0,0.008000000000000007,366.0,0.009000000000000341
2023-03-20 15:43:09.729000+00:00,459.0,0.016000000000000014,459.0,0.0040000000000000036,369.0,0.019999999999999574
2023-03-20 15:43:14.729000+00:00,462.0,0.01100000000000012,462.0,0.01200000000000001,371.0,0.014000000000001123
2023-03-20 15:43:19.729000+00:00,466.0,0.01499999999999968,466.0,0.016000000000000014,374.0,0.026999999999999247
2023-03-20 15:43:24.729000+00:00,468.0,0.007000000000000117,468.0,0.009000000000000341,376.0,0.01699999999999946
2023-03-20 15:43:29.729000+00:00,468.0,0.0,468.0,0.0,376.0,0.0
2023-03-20 15:43:34.729000+00:00,470.0,0.008999999999999897,470.0,0.008000000000000007,378.0,0.0129999999999999
2023-03-20 15:43:39.729000+00:00,471.0,0.0030000000000001137,471.0,0.0040000000000000036,378.0,0.0
2023-03-20 15:43:44.729000+00:00,473.0,0.008000000000000007,473.0,0.006999999999999673,380.0,0.016000000000000014
2023-03-20 15:43:49.729000+00:00,478.0,0.017999999999999794,479.0,0.02200000000000024,385.0,0.04499999999999993
2023-03-20 15:43:54.729000+00:00,479.0,0.0040000000000000036,479.0,0.0,386.0,0.009000000000000341
2023-03-20 15:43:59.729000+00:00,481.0,0.008000000000000007,481.0,0.008000000000000007,388.0,0.014000000000001123
2023-03-20 15:44:04.729000+00:00,481.0,0.0,481.0,0.0,388.0,0.0
2023-03-20 15:44:09.729000+00:00,482.0,0.0040000000000000036,482.0,0.0030000000000001137,389.0,0.010999999999999233
2023-03-20 15:44:14.729000+00:00,484.0,0.008000000000000007,484.0,0.006999999999999673,391.0,0.0129999999999999
2023-03-20 15:44:19.729000+00:00,486.0,0.010000000000000231,486.0,0.006000000000000227,393.0,0.016000000000000014
2023-03-20 15:44:24.729000+00:00,488.0,0.007000000000000117,489.0,0.010999999999999677,394.0,0.008000000000000895
2023-03-20 15:44:29.729000+00:00,489.0,0.0040000000000000036,491.0,0.007000000000000117,394.0,0.0
2023-03-20 15:44:34.729000+00:00,493.0,0.016999999999999904,494.0,0.0129999999999999,398.0,0.03399999999999892
2023-03-20 15:44:39.729000+00:00,496.0,0.009999999999999787,496.0,0.006000000000000227,401.0,0.021000000000000796
2023-03-20 15:44:44.729000+00:00,498.0,0.008000000000000007,498.0,0.008000000000000007,403.0,0.013999999999999346
2023-03-20 15:44:49.729000+00:00,499.0,0.0030000000000001137,499.0,0.0040000000000000036,404.0,0.006999999999999673
2023-03-20 15:44:54.729000+00:00,499.0,0.0,499.0,0.0,404.0,0.0
2023-03-20 15:44:59.729000+00:00,501.0,0.007000000000000117,501.0,0.009999999999999787,405.0,0.009000000000000341
2023-03-20 15:45:04.729000+00:00,502.0,0.0040000000000000036,502.0,0.0040000000000000036,405.0,0.0
2023-03-20 15:45:09.729000+00:00,505.0,0.0129999999999999,506.0,0.017000000000000348,407.0,0.018000000000000682
2023-03-20 15:45:14.729000+00:00,509.0,0.01399999999999979,509.0,0.01200000000000001,411.0,0.03399999999999892
2023-03-20 15:45:19.729000+00:00,509.0,0.0,509.0,0.0,411.0,0.0
2023-03-20 15:45:24.729000+00:00,509.0,0.0,509.0,0.0,411.0,0.0
2023-03-20 15:45:29.729000+00:00,509.0,0.0,511.0,0.006999999999999673,411.0,0.0
2023-03-20 15:45:34.729000+00:00,511.0,0.007000000000000117,511.0,0.0,413.0,0.0129999999999999
2023-03-20 15:45:39.729000+00:00,515.0,0.020000000000000018,515.0,0.015000000000000124,416.0,0.03900000000000148
2023-03-20 15:45:44.729000+00:00,518.0,0.010000000000000231,518.0,0.008999999999999897,418.0,0.01699999999999946
2023-03-20 15:45:49.729000+00:00,519.0,0.0040000000000000036,519.0,0.0040000000000000036,419.0,0.006000000000000227
2023-03-20 15:45:54.729000+00:00,520.0,0.0040000000000000036,520.0,0.004999999999999893,420.0,0.007999999999999119
2023-03-20 15:45:59.729000+00:00,523.0,0.010999999999999677,523.0,0.013000000000000345,423.0,0.022999999999999687
2023-03-20 15:46:04.729000+00:00,525.0,0.008000000000000007,525.0,0.006999999999999673,424.0,0.008000000000000895
2023-03-20 15:46:09.729000+00:00,525.0,0.0,525.0,0.0,424.0,0.0
2023-03-20 15:46:14.729000+00:00,526.0,0.0040000000000000036,526.0,0.0040000000000000036,424.0,0.0
2023-03-20 15:46:19.729000+00:00,529.0,0.01200000000000001,530.0,0.016000000000000014,424.0,0.0
2023-03-20 15:46:24.729000+00:00,535.0,0.025000000000000355,536.0,0.02100000000000035,429.0,0.041999999999999815
2023-03-20 15:46:29.729000+00:00,539.0,0.016999999999999904,539.0,0.016000000000000014,432.0,0.026999999999999247
2023-03-20 15:46:34.729000+00:00,539.0,0.0,541.0,0.006999999999999673,432.0,0.0
2023-03-20 15:46:39.729000+00:00,543.0,0.01399999999999979,543.0,0.007000000000000117,435.0,0.025000000000000355
2023-03-20 15:46:44.729000+00:00,544.0,0.0030000000000001137,544.0,0.0040000000000000036,436.0,0.006999999999999673
2023-03-20 15:46:49.729000+00:00,545.0,0.0040000000000000036,545.0,0.004999999999999893,437.0,0.009000000000000341
2023-03-20 15:46:54.729000+00:00,546.0,0.0040000000000000036,546.0,0.0040000000000000036,438.0,0.006999999999999673
2023-03-20 15:46:59.729000+00:00,547.0,0.0030000000000001137,547.0,0.0030000000000001137,439.0,0.0129999999999999
2023-03-20 15:47:04.729000+00:00,547.0,0.0,547.0,0.0,439.0,0.0
2023-03-20 15:47:09.729000+00:00,550.0,0.008999999999999897,550.0,0.01399999999999979,442.0,0.04200000000000159
2023-03-20 15:47:14.729000+00:00,551.0,0.0040000000000000036,552.0,0.009000000000000341,443.0,0.006999999999999673
2023-03-20 15:47:19.729000+00:00,552.0,0.0019999999999997797,552.0,0.0,444.0,0.006999999999999673
2023-03-20 15:47:24.729000+00:00,552.0,0.0,552.0,0.0,444.0,0.0
2023-03-20 15:47:29.729000+00:00,553.0,0.0050000000000003375,553.0,0.0029999999999996696,445.0,0.009999999999999787
2023-03-20 15:47:34.729000+00:00,553.0,0.0,554.0,0.0050000000000003375,445.0,0.0
2023-03-20 15:47:39.729000+00:00,555.0,0.006999999999999673,556.0,0.006999999999999673,447.0,0.013999999999999346
2023-03-20 15:47:44.729000+00:00,557.0,0.008000000000000007,557.0,0.0040000000000000036,449.0,0.016000000000000014
2023-03-20 15:47:49.729000+00:00,557.0,0.0,559.0,0.006000000000000227,449.0,0.0
2023-03-20 15:47:54.729000+00:00,559.0,0.008000000000000007,559.0,0.0,449.0,0.0
2023-03-20 15:47:59.729000+00:00,559.0,0.0,561.0,0.008000000000000007,449.0,0.0
2023-03-20 15:48:04.729000+00:00,562.0,0.010000000000000231,563.0,0.005999999999999783,452.0,0.025000000000000355
2023-03-20 15:48:09.729000+00:00,565.0,0.01200000000000001,565.0,0.010000000000000231,455.0,0.1639999999999997
2023-03-20 15:48:14.729000+00:00,565.0,0.0,566.0,0.0040000000000000036,455.0,0.0
2023-03-20 15:48:19.729000+00:00,568.0,0.01100000000000012,568.0,0.007000000000000117,457.0,0.015000000000000568
2023-03-20 15:48:24.729000+00:00,570.0,0.006999999999999673,570.0,0.006999999999999673,459.0,0.041999999999999815
2023-03-20 15:48:29.729000+00:00,571.0,0.0040000000000000036,573.0,0.010000000000000231,460.0,0.006000000000000227
2023-03-20 15:48:34.729000+00:00,574.0,0.010000000000000231,574.0,0.0040000000000000036,463.0,0.02400000000000091
2023-03-20 15:48:39.729000+00:00,574.0,0.0,574.0,0.0,463.0,0.0
2023-03-20 15:48:44.729000+00:00,577.0,0.010999999999999677,577.0,0.0129999999999999,465.0,0.014999999999998792
2023-03-20 15:48:49.729000+00:00,579.0,0.008000000000000007,579.0,0.010000000000000231,467.0,0.021000000000000796
2023-03-20 15:48:54.729000+00:00,580.0,0.0040000000000000036,580.0,0.0029999999999996696,468.0,0.010999999999999233
2023-03-20 15:48:59.729000+00:00,582.0,0.007000000000000117,582.0,0.008000000000000007,469.0,0.006999999999999673
2023-03-20 15:49:04.729000+00:00,583.0,0.0030000000000001137,583.0,0.0040000000000000036,470.0,0.009000000000000341
2023-03-20 15:49:09.729000+00:00,586.0,0.01100000000000012,586.0,0.01200000000000001,473.0,0.02200000000000024
2023-03-20 15:49:14.729000+00:00,588.0,0.006999999999999673,590.0,0.016000000000000014,475.0,0.01699999999999946
2023-03-20 15:49:19.729000+00:00,590.0,0.007000000000000117,590.0,0.0,476.0,0.009999999999999787
2023-03-20 15:49:24.729000+00:00,591.0,0.0040000000000000036,591.0,0.0030000000000001137,477.0,0.008000000000000895
2023-03-20 15:49:29.729000+00:00,591.0,0.0,591.0,0.0,477.0,0.0
2023-03-20 15:49:34.729000+00:00,591.0,0.0,591.0,0.0,477.0,0.0
2023-03-20 15:49:39.729000+00:00,591.0,0.0,591.0,0.0,477.0,0.0
2023-03-20 15:49:44.729000+00:00,592.0,0.0040000000000000036,592.0,0.0040000000000000036,478.0,0.009999999999999787
2023-03-20 15:49:49.729000+00:00,594.0,0.007000000000000117,594.0,0.007000000000000117,480.0,0.015000000000000568
2023-03-20 15:49:54.729000+00:00,597.0,0.009999999999999787,597.0,0.01200000000000001,483.0,0.025000000000000355
2023-03-20 15:49:59.729000+00:00,599.0,0.009000000000000341,599.0,0.008000000000000007,484.0,0.006999999999999673
2023-03-20 15:50:04.729000+00:00,600.0,0.0029999999999996696,600.0,0.0040000000000000036,485.0,0.010999999999999233
2023-03-20 15:50:09.729000+00:00,603.0,0.01200000000000001,604.0,0.01399999999999979,487.0,0.016000000000000014
2023-03-20 15:50:14.729000+00:00,607.0,0.016999999999999904,607.0,0.0129999999999999,488.0,0.009000000000000341
2023-03-20 15:50:19.729000+00:00,609.0,0.006000000000000227,609.0,0.008000000000000007,490.0,0.013999999999999346
2023-03-20 15:50:24.729000+00:00,609.0,0.0,609.0,0.0,490.0,0.0
2023-03-20 15:50:29.729000+00:00,610.0,0.0040000000000000036,610.0,0.0030000000000001137,491.0,0.0070000000000014495
2023-03-20 15:50:34.729000+00:00,611.0,0.0030000000000001137,611.0,0.0030000000000001137,492.0,0.008999999999998565
2023-03-20 15:50:39.729000+00:00,615.0,0.01399999999999979,616.0,0.017999999999999794,495.0,0.02200000000000024
2023-03-20 15:50:44.729000+00:00,617.0,0.006000000000000227,617.0,0.0040000000000000036,497.0,0.016000000000000014
2023-03-20 15:50:49.729000+00:00,617.0,0.0,617.0,0.0,497.0,0.0
2023-03-20 15:50:54.729000+00:00,620.0,0.010999999999999677,621.0,0.016000000000000014,499.0,0.019000000000000128
2023-03-20 15:50:59.729000+00:00,622.0,0.008000000000000007,622.0,0.0030000000000001137,500.0,0.006000000000000227
2023-03-20 15:51:04.729000+00:00,624.0,0.007000000000000117,624.0,0.007000000000000117,502.0,0.015000000000000568
2023-03-20 15:51:09.729000+00:00,626.0,0.007000000000000117,626.0,0.008000000000000007,504.0,0.013999999999999346
2023-03-20 15:51:14.729000+00:00,628.0,0.005999999999999783,629.0,0.010999999999999677,506.0,0.01699999999999946
2023-03-20 15:51:19.729000+00:00,629.0,0.0030000000000001137,629.0,0.0,507.0,0.008000000000000895
2023-03-20 15:51:24.729000+00:00,629.0,0.0,630.0,0.0040000000000000036,507.0,0.0
2023-03-20 15:51:29.729000+00:00,630.0,0.0040000000000000036,630.0,0.0,508.0,0.010999999999999233
2023-03-20 15:51:34.729000+00:00,630.0,0.0,630.0,0.0,508.0,0.0
2023-03-20 15:51:39.729000+00:00,630.0,0.0,631.0,0.0030000000000001137,508.0,0.0
2023-03-20 15:51:44.729000+00:00,633.0,0.01100000000000012,633.0,0.007000000000000117,511.0,0.04100000000000037
2023-03-20 15:51:49.729000+00:00,634.0,0.0030000000000001137,634.0,0.0030000000000001137,512.0,0.009000000000000341
2023-03-20 15:51:54.729000+00:00,635.0,0.0040000000000000036,636.0,0.006999999999999673,513.0,0.007999999999999119
2023-03-20 15:51:59.729000+00:00,639.0,0.01499999999999968,640.0,0.016000000000000014,516.0,0.02400000000000091
2023-03-20 15:52:04.729000+00:00,641.0,0.010000000000000231,642.0,0.008000000000000007,518.0,0.01699999999999946
2023-03-20 15:52:09.729000+00:00,643.0,0.005999999999999783,643.0,0.0030000000000001137,519.0,0.006000000000000227
2023-03-20 15:52:14.729000+00:00,644.0,0.007000000000000117,644.0,0.0040000000000000036,520.0,0.010999999999999233
2023-03-20 15:52:19.729000+00:00,646.0,0.005999999999999783,646.0,0.008000000000000007,522.0,0.017000000000001236
2023-03-20 15:52:24.729000+00:00,646.0,0.0,646.0,0.0,522.0,0.0
2023-03-20 15:52:29.729000+00:00,649.0,0.01100000000000012,649.0,0.01100000000000012,525.0,0.02200000000000024
2023-03-20 15:52:34.729000+00:00,649.0,0.0,650.0,0.004999999999999893,525.0,0.0
2023-03-20 15:52:39.729000+00:00,652.0,0.010000000000000231,652.0,0.009999999999999787,528.0,0.02499999999999858
2023-03-20 15:52:44.729000+00:00,655.0,0.010999999999999677,655.0,0.01100000000000012,531.0,0.027000000000001023
2023-03-20 15:52:49.729000+00:00,656.0,0.0030000000000001137,656.0,0.0040000000000000036,532.0,0.006000000000000227
2023-03-20 15:52:54.729000+00:00,658.0,0.006000000000000227,658.0,0.006000000000000227,534.0,0.011999999999998678
2023-03-20 15:52:59.729000+00:00,660.0,0.006999999999999673,660.0,0.008000000000000007,535.0,0.0070000000000014495
2023-03-20 15:53:04.729000+00:00,661.0,0.0040000000000000036,663.0,0.008999999999999897,536.0,0.007999999999999119
2023-03-20 15:53:09.729000+00:00,665.0,0.014000000000000234,665.0,0.008999999999999897,539.0,0.019999999999999574
2023-03-20 15:53:14.729000+00:00,666.0,0.0040000000000000036,666.0,0.0040000000000000036,540.0,0.008000000000000895
2023-03-20 15:53:19.729000+00:00,668.0,0.008000000000000007,668.0,0.006000000000000227,542.0,0.010999999999999233
2023-03-20 15:53:24.729000+00:00,669.0,0.0030000000000001137,669.0,0.0029999999999996696,543.0,0.009999999999999787
2023-03-20 15:53:29.729000+00:00,670.0,0.0029999999999996696,670.0,0.0040000000000000036,544.0,0.0070000000000014495
2023-03-20 15:53:34.729000+00:00,671.0,0.0030000000000001137,671.0,0.0040000000000000036,544.0,0.0
2023-03-20 15:53:39.729000+00:00,671.0,0.0,671.0,0.0,544.0,0.0
2023-03-20 15:53:44.729000+00:00,672.0,0.0040000000000000036,673.0,0.008000000000000007,545.0,0.007999999999999119
2023-03-20 15:53:49.729000+00:00,673.0,0.0030000000000001137,675.0,0.009000000000000341,546.0,0.05400000000000027
2023-03-20 15:53:54.729000+00:00,677.0,0.018999999999999684,677.0,0.010999999999999677,549.0,0.031000000000000583
2023-03-20 15:53:59.729000+00:00,677.0,0.0,678.0,0.0050000000000003375,549.0,0.0
2023-03-20 15:54:04.729000+00:00,678.0,0.0030000000000001137,679.0,0.0029999999999996696,549.0,0.0
2023-03-20 15:54:09.729000+00:00,679.0,0.0030000000000001137,679.0,0.0,550.0,0.006999999999999673
2023-03-20 15:54:14.729000+00:00,681.0,0.005999999999999783,681.0,0.007000000000000117,552.0,0.14199999999999946
2023-03-20 15:54:19.729000+00:00,681.0,0.0,684.0,0.009999999999999787,552.0,0.0
2023-03-20 15:54:24.729000+00:00,686.0,0.013000000000000345,686.0,0.0050000000000003375,556.0,0.02999999999999936
2023-03-20 15:54:29.729000+00:00,686.0,0.0,686.0,0.0,556.0,0.0
2023-03-20 15:54:34.729000+00:00,686.0,0.0,686.0,0.0,556.0,0.0
2023-03-20 15:54:39.729000+00:00,686.0,0.0,686.0,0.0,556.0,0.0
2023-03-20 15:54:44.729000+00:00,687.0,0.0040000000000000036,687.0,0.0029999999999996696,556.0,0.0
2023-03-20 15:54:49.729000+00:00,688.0,0.0029999999999996696,688.0,0.0030000000000001137,557.0,0.008000000000000895
2023-03-20 15:54:54.729000+00:00,689.0,0.0040000000000000036,689.0,0.0040000000000000036,558.0,0.007999999999999119
2023-03-20 15:54:59.729000+00:00,689.0,0.0,689.0,0.0,558.0,0.0
2023-03-20 15:55:04.729000+00:00,689.0,0.0,689.0,0.0,558.0,0.0
2023-03-20 15:55:09.729000+00:00,690.0,0.0030000000000001137,690.0,0.0030000000000001137,559.0,0.006000000000000227
2023-03-20 15:55:14.729000+00:00,691.0,0.0030000000000001137,691.0,0.0030000000000001137,559.0,0.0
2023-03-20 15:55:19.729000+00:00,693.0,0.008000000000000007,693.0,0.006999999999999673,561.0,0.016000000000000014
2023-03-20 15:55:24.729000+00:00,693.0,0.0,693.0,0.0,561.0,0.0
2023-03-20 15:55:29.729000+00:00,697.0,0.0129999999999999,697.0,0.013000000000000345,564.0,0.019000000000000128
2023-03-20 15:55:34.729000+00:00,702.0,0.016000000000000014,703.0,0.020999999999999908,567.0,0.02000000000000135
2023-03-20 15:55:39.729000+00:00,704.0,0.007000000000000117,705.0,0.007000000000000117,568.0,0.008999999999998565
2023-03-20 15:55:44.729000+00:00,705.0,0.0040000000000000036,705.0,0.0,569.0,0.006999999999999673
2023-03-20 15:55:49.729000+00:00,708.0,0.041999999999999815,709.0,0.0129999999999999,571.0,0.013000000000001677
2023-03-20 15:55:54.729000+00:00,711.0,0.008999999999999897,712.0,0.009999999999999787,573.0,0.125
2023-03-20 15:55:59.729000+00:00,712.0,0.0040000000000000036,712.0,0.0,573.0,0.0
2023-03-20 15:56:04.729000+00:00,713.0,0.0050000000000003375,713.0,0.0030000000000001137,574.0,0.008999999999998565
2023-03-20 15:56:09.729000+00:00,715.0,0.01399999999999979,715.0,0.008999999999999897,576.0,0.0129999999999999
2023-03-20 15:56:14.729000+00:00,717.0,0.006000000000000227,717.0,0.007000000000000117,578.0,0.014000000000001123
2023-03-20 15:56:19.729000+00:00,719.0,0.006999999999999673,719.0,0.005999999999999783,580.0,0.0129999999999999
2023-03-20 15:56:24.729000+00:00,721.0,0.007000000000000117,721.0,0.006000000000000227,582.0,0.0129999999999999
2023-03-20 15:56:29.729000+00:00,721.0,0.0,721.0,0.0,582.0,0.0
2023-03-20 15:56:34.729000+00:00,722.0,0.0030000000000001137,722.0,0.0030000000000001137,583.0,0.006999999999999673
2023-03-20 15:56:39.729000+00:00,722.0,0.0,723.0,0.0040000000000000036,583.0,0.0
2023-03-20 15:56:44.729000+00:00,723.0,0.0030000000000001137,723.0,0.0,584.0,0.009000000000000341
2023-03-20 15:56:49.729000+00:00,725.0,0.005999999999999783,725.0,0.005999999999999783,586.0,0.010999999999999233
2023-03-20 15:56:54.729000+00:00,725.0,0.0,725.0,0.0,586.0,0.0
2023-03-20 15:56:59.729000+00:00,726.0,0.002000000000000224,727.0,0.006000000000000227,587.0,0.008000000000000895
2023-03-20 15:57:04.729000+00:00,729.0,0.009999999999999787,729.0,0.006999999999999673,589.0,0.013999999999999346
2023-03-20 15:57:09.729000+00:00,729.0,0.0,729.0,0.0,589.0,0.0
2023-03-20 15:57:14.729000+00:00,732.0,0.008000000000000007,732.0,0.009000000000000341,590.0,0.008000000000000895
2023-03-20 15:57:19.729000+00:00,735.0,0.008000000000000007,736.0,0.01200000000000001,592.0,0.011999999999998678
2023-03-20 15:57:24.729000+00:00,738.0,0.01100000000000012,739.0,0.008999999999999897,595.0,0.017000000000001236
2023-03-20 15:57:29.729000+00:00,741.0,0.009999999999999787,741.0,0.005999999999999783,597.0,0.014999999999998792
2023-03-20 15:57:34.729000+00:00,742.0,0.0030000000000001137,743.0,0.006000000000000227,598.0,0.006000000000000227
2023-03-20 15:57:39.729000+00:00,746.0,0.0129999999999999,746.0,0.008999999999999897,602.0,0.030000000000001137
2023-03-20 15:57:44.729000+00:00,748.0,0.007000000000000117,749.0,0.01100000000000012,603.0,0.007999999999999119
2023-03-20 15:57:49.729000+00:00,751.0,0.009999999999999787,752.0,0.008999999999999897,605.0,0.016000000000000014
2023-03-20 15:57:54.729000+00:00,754.0,0.009000000000000341,755.0,0.010000000000000231,608.0,0.021000000000000796
2023-03-20 15:57:59.729000+00:00,757.0,0.008999999999999897,757.0,0.005999999999999783,611.0,0.022999999999999687
2023-03-20 15:58:04.729000+00:00,758.0,0.0040000000000000036,758.0,0.0030000000000001137,612.0,0.006999999999999673
2023-03-20 15:58:09.729000+00:00,760.0,0.005999999999999783,760.0,0.006999999999999673,613.0,0.006999999999999673
2023-03-20 15:58:14.729000+00:00,765.0,0.016000000000000014,766.0,0.020000000000000018,616.0,0.016000000000000014
2023-03-20 15:58:19.729000+00:00,766.0,0.0030000000000001137,767.0,0.0030000000000001137,616.0,0.0
2023-03-20 15:58:24.729000+00:00,767.0,0.0040000000000000036,767.0,0.0,616.0,0.0
2023-03-20 15:58:29.729000+00:00,768.0,0.004999999999999893,768.0,0.0040000000000000036,617.0,0.009000000000000341
2023-03-20 15:58:34.729000+00:00,769.0,0.0030000000000001137,769.0,0.0030000000000001137,618.0,0.008000000000000895
2023-03-20 15:58:39.729000+00:00,770.0,0.004999999999999893,770.0,0.0040000000000000036,619.0,0.006999999999999673
2023-03-20 15:58:44.729000+00:00,770.0,0.0,771.0,0.0040000000000000036,619.0,0.0
2023-03-20 15:58:49.729000+00:00,772.0,0.008000000000000007,772.0,0.0040000000000000036,621.0,0.0129999999999999
2023-03-20 15:58:54.729000+00:00,772.0,0.0,773.0,0.0040000000000000036,621.0,0.0
2023-03-20 15:58:59.729000+00:00,773.0,0.0040000000000000036,773.0,0.0,622.0,0.006999999999999673
2023-03-20 15:59:04.729000+00:00,774.0,0.004999999999999893,774.0,0.0040000000000000036,623.0,0.009000000000000341
2023-03-20 15:59:09.729000+00:00,776.0,0.007000000000000117,776.0,0.007000000000000117,625.0,0.0129999999999999
2023-03-20 15:59:14.729000+00:00,776.0,0.0,777.0,0.0029999999999996696,625.0,0.0
2023-03-20 15:59:19.729000+00:00,778.0,0.008000000000000007,778.0,0.0030000000000001137,626.0,0.006999999999999673
2023-03-20 15:59:24.729000+00:00,779.0,0.0040000000000000036,779.0,0.0040000000000000036,627.0,0.007999999999999119
2023-03-20 15:59:29.729000+00:00,782.0,0.010000000000000231,782.0,0.010000000000000231,630.0,0.03700000000000081
2023-03-20 15:59:34.729000+00:00,783.0,0.0029999999999996696,783.0,0.0040000000000000036,631.0,0.006999999999999673
2023-03-20 15:59:39.729000+00:00,785.0,0.0050000000000003375,786.0,0.01200000000000001,633.0,0.009999999999999787
2023-03-20 15:59:44.729000+00:00,788.0,0.010999999999999677,788.0,0.005999999999999783,636.0,0.016000000000000014
2023-03-20 15:59:49.729000+00:00,790.0,0.008000000000000007,790.0,0.007000000000000117,638.0,0.012000000000000455
2023-03-20 15:59:54.729000+00:00,790.0,0.0,790.0,0.0,638.0,0.0
2023-03-20 15:59:59.729000+00:00,792.0,0.007000000000000117,793.0,0.009999999999999787,640.0,0.013999999999999346
2023-03-20 16:00:04.729000+00:00,796.0,0.0129999999999999,796.0,0.008999999999999897,644.0,0.02400000000000091
2023-03-20 16:00:09.729000+00:00,798.0,0.007000000000000117,798.0,0.007000000000000117,646.0,0.0129999999999999
2023-03-20 16:00:14.729000+00:00,800.0,0.007000000000000117,801.0,0.010000000000000231,646.0,0.0
2023-03-20 16:00:19.729000+00:00,802.0,0.007000000000000117,803.0,0.006999999999999673,646.0,0.0
2023-03-20 16:00:24.729000+00:00,804.0,0.006999999999999673,805.0,0.006000000000000227,648.0,0.009999999999999787
2023-03-20 16:00:29.729000+00:00,807.0,0.009000000000000341,807.0,0.007000000000000117,651.0,0.01699999999999946
2023-03-20 16:00:34.729000+00:00,810.0,0.009999999999999787,810.0,0.008999999999999897,652.0,0.005000000000000782
2023-03-20 16:00:39.729000+00:00,811.0,0.0030000000000001137,811.0,0.0030000000000001137,653.0,0.006000000000000227
2023-03-20 16:00:44.729000+00:00,811.0,0.0,811.0,0.0,653.0,0.0
2023-03-20 16:00:49.729000+00:00,812.0,0.0040000000000000036,812.0,0.0040000000000000036,654.0,0.004999999999999005
2023-03-20 16:00:54.729000+00:00,813.0,0.0029999999999996696,814.0,0.005999999999999783,655.0,0.006000000000000227
2023-03-20 16:00:59.729000+00:00,814.0,0.0040000000000000036,815.0,0.0040000000000000036,656.0,0.006000000000000227
2023-03-20 16:01:04.729000+00:00,815.0,0.0030000000000001137,815.0,0.0,657.0,0.005000000000000782
2023-03-20 16:01:09.729000+00:00,816.0,0.0030000000000001137,816.0,0.0030000000000001137,658.0,0.24399999999999977
2023-03-20 16:01:14.729000+00:00,819.0,0.009999999999999787,820.0,0.01200000000000001,661.0,0.01699999999999946
2023-03-20 16:01:19.729000+00:00,821.0,0.006000000000000227,821.0,0.0030000000000001137,663.0,0.009999999999999787
2023-03-20 16:01:24.729000+00:00,823.0,0.007000000000000117,823.0,0.008000000000000007,665.0,0.011000000000001009
2023-03-20 16:01:29.729000+00:00,823.0,0.0,823.0,0.0,665.0,0.0
2023-03-20 16:01:34.729000+00:00,824.0,0.0040000000000000036,826.0,0.008999999999999897,666.0,0.004999999999999005
2023-03-20 16:01:39.729000+00:00,827.0,0.010999999999999677,827.0,0.0030000000000001137,668.0,0.011000000000001009
2023-03-20 16:01:44.729000+00:00,830.0,0.01200000000000001,831.0,0.01200000000000001,670.0,0.0129999999999999
2023-03-20 16:01:49.729000+00:00,835.0,0.013000000000000345,835.0,0.01399999999999979,674.0,0.29299999999999926
2023-03-20 16:01:54.729000+00:00,836.0,0.0040000000000000036,836.0,0.0040000000000000036,675.0,0.005000000000000782
2023-03-20 16:01:59.729000+00:00,836.0,0.0,836.0,0.0,675.0,0.0
2023-03-20 16:02:04.729000+00:00,838.0,0.005999999999999783,838.0,0.007000000000000117,677.0,0.009999999999999787
2023-03-20 16:02:09.729000+00:00,841.0,0.01100000000000012,841.0,0.009999999999999787,679.0,0.012000000000000455
2023-03-20 16:02:14.729000+00:00,844.0,0.01100000000000012,844.0,0.008999999999999897,682.0,0.01699999999999946
2023-03-20 16:02:19.729000+00:00,846.0,0.005999999999999783,846.0,0.006000000000000227,682.0,0.0
2023-03-20 16:02:24.729000+00:00,847.0,0.0030000000000001137,848.0,0.005999999999999783,683.0,0.004999999999999005
2023-03-20 16:02:29.729000+00:00,850.0,0.008999999999999897,852.0,0.014000000000000234,686.0,0.13200000000000145
2023-03-20 16:02:34.729000+00:00,855.0,0.016000000000000014,855.0,0.008999999999999897,690.0,0.0259999999999998
2023-03-20 16:02:39.729000+00:00,855.0,0.0,855.0,0.0,690.0,0.0
2023-03-20 16:02:44.729000+00:00,856.0,0.0030000000000001137,856.0,0.0030000000000001137,691.0,0.006000000000000227
2023-03-20 16:02:49.729000+00:00,858.0,0.006999999999999673,858.0,0.007000000000000117,693.0,0.011999999999998678
2023-03-20 16:02:54.729000+00:00,861.0,0.009000000000000341,861.0,0.008999999999999897,696.0,0.015000000000000568
2023-03-20 16:02:59.729000+00:00,864.0,0.009999999999999787,864.0,0.01100000000000012,699.0,0.018000000000000682
2023-03-20 16:03:04.729000+00:00,864.0,0.0,864.0,0.0,699.0,0.0
2023-03-20 16:03:09.729000+00:00,865.0,0.0030000000000001137,865.0,0.0040000000000000036,700.0,0.006999999999999673
2023-03-20 16:03:14.729000+00:00,867.0,0.005999999999999783,867.0,0.006999999999999673,702.0,0.012000000000000455
2023-03-20 16:03:19.729000+00:00,867.0,0.0,868.0,0.0030000000000001137,702.0,0.0
2023-03-20 16:03:24.729000+00:00,869.0,0.006000000000000227,869.0,0.0030000000000001137,703.0,0.004999999999999005
2023-03-20 16:03:29.729000+00:00,872.0,0.008999999999999897,873.0,0.01200000000000001,706.0,0.014000000000001123
2023-03-20 16:03:34.729000+00:00,876.0,0.01100000000000012,878.0,0.01699999999999946,709.0,0.015999999999998238
2023-03-20 16:03:39.729000+00:00,879.0,0.009999999999999787,879.0,0.0030000000000001137,712.0,0.017000000000001236
2023-03-20 16:03:44.729000+00:00,880.0,0.0040000000000000036,880.0,0.0030000000000001137,713.0,0.006000000000000227
2023-03-20 16:03:49.729000+00:00,881.0,0.0030000000000001137,881.0,0.004000000000000448,714.0,0.006000000000000227
2023-03-20 16:03:54.729000+00:00,882.0,0.0040000000000000036,882.0,0.0030000000000001137,715.0,0.005999999999998451
2023-03-20 16:03:59.729000+00:00,882.0,0.0,883.0,0.0029999999999992255,715.0,0.0
2023-03-20 16:04:04.729000+00:00,884.0,0.007000000000000117,884.0,0.0030000000000001137,717.0,0.011000000000001009
2023-03-20 16:04:09.729000+00:00,887.0,0.009999999999999787,887.0,0.010000000000000675,719.0,0.010999999999999233
2023-03-20 16:04:14.729000+00:00,889.0,0.006000000000000227,889.0,0.005999999999999339,720.0,0.006000000000000227
2023-03-20 16:04:19.729000+00:00,891.0,0.005999999999999783,891.0,0.007000000000000561,721.0,0.006000000000000227
2023-03-20 16:04:24.729000+00:00,892.0,0.0030000000000001137,892.0,0.0039999999999995595,721.0,0.0
2023-03-20 16:04:29.729000+00:00,897.0,0.017999999999999794,898.0,0.02200000000000024,725.0,0.02400000000000091
2023-03-20 16:04:34.729000+00:00,900.0,0.010000000000000231,900.0,0.006000000000000227,728.0,0.016000000000000014
2023-03-20 16:04:39.729000+00:00,902.0,0.005999999999999783,904.0,0.013999999999999346,729.0,0.004999999999999005
2023-03-20 16:04:44.729000+00:00,906.0,0.014000000000000234,906.0,0.007000000000000561,733.0,0.021000000000000796
2023-03-20 16:04:49.729000+00:00,906.0,0.0,906.0,0.0,733.0,0.0
2023-03-20 16:04:54.729000+00:00,906.0,0.0,907.0,0.0039999999999995595,733.0,0.0
2023-03-20 16:04:59.729000+00:00,907.0,0.0030000000000001137,908.0,0.0019999999999997797,734.0,0.004999999999999005
2023-03-20 16:05:04.729000+00:00,909.0,0.005999999999999783,909.0,0.004000000000000448,736.0,0.014000000000001123
2023-03-20 16:05:09.729000+00:00,909.0,0.0,909.0,0.0,736.0,0.0
2023-03-20 16:05:14.729000+00:00,912.0,0.01200000000000001,912.0,0.009000000000000341,739.0,0.02099999999999902
2023-03-20 16:05:19.729000+00:00,915.0,0.01200000000000001,915.0,0.010999999999999233,741.0,0.0129999999999999
2023-03-20 16:05:24.729000+00:00,918.0,0.008999999999999897,919.0,0.015000000000000568,744.0,0.021000000000000796
2023-03-20 16:05:29.729000+00:00,920.0,0.007000000000000117,921.0,0.008000000000000007,746.0,0.016000000000000014
2023-03-20 16:05:34.729000+00:00,922.0,0.006000000000000227,924.0,0.0129999999999999,747.0,0.007999999999999119
2023-03-20 16:05:39.729000+00:00,924.0,0.005999999999999783,924.0,0.0,749.0,0.0129999999999999
2023-03-20 16:05:44.729000+00:00,924.0,0.0,924.0,0.0,749.0,0.0
2023-03-20 16:05:49.729000+00:00,927.0,0.01100000000000012,927.0,0.01100000000000012,752.0,0.02200000000000024
2023-03-20 16:05:54.729000+00:00,928.0,0.0030000000000001137,928.0,0.0030000000000001137,753.0,0.006000000000000227
2023-03-20 16:05:59.729000+00:00,929.0,0.0030000000000001137,929.0,0.0039999999999995595,754.0,0.007999999999999119
2023-03-20 16:06:04.729000+00:00,930.0,0.0039999999999995595,930.0,0.004000000000000448,754.0,0.0
2023-03-20 16:06:09.729000+00:00,930.0,0.0,930.0,0.0,754.0,0.0
2023-03-20 16:06:14.729000+00:00,931.0,0.004000000000000448,931.0,0.0030000000000001137,755.0,0.0070000000000014495
2023-03-20 16:06:19.729000+00:00,932.0,0.004999999999999893,932.0,0.0029999999999992255,756.0,0.008999999999998565
2023-03-20 16:06:24.729000+00:00,934.0,0.006999999999999673,934.0,0.008000000000000007,757.0,0.005000000000000782
2023-03-20 16:06:29.729000+00:00,935.0,0.0030000000000001137,936.0,0.008000000000000007,758.0,0.006999999999999673
2023-03-20 16:06:34.729000+00:00,937.0,0.006999999999999673,937.0,0.004000000000000448,760.0,0.014000000000001123
2023-03-20 16:06:39.729000+00:00,937.0,0.0,937.0,0.0,760.0,0.0
2023-03-20 16:06:44.729000+00:00,938.0,0.004000000000000448,938.0,0.0030000000000001137,761.0,0.005999999999998451
2023-03-20 16:06:49.729000+00:00,942.0,0.01499999999999968,942.0,0.0129999999999999,765.0,0.025000000000000355
2023-03-20 16:06:54.729000+00:00,942.0,0.0,943.0,0.0030000000000001137,765.0,0.0
2023-03-20 16:06:59.729000+00:00,946.0,0.012000000000000455,946.0,0.008999999999999453,769.0,0.025000000000000355
2023-03-20 16:07:04.729000+00:00,947.0,0.0030000000000001137,949.0,0.009000000000000341,769.0,0.0
2023-03-20 16:07:09.729000+00:00,949.0,0.006999999999999673,949.0,0.0,771.0,0.012000000000000455
2023-03-20 16:07:14.729000+00:00,951.0,0.006999999999999673,951.0,0.006000000000000227,773.0,0.012000000000000455
2023-03-20 16:07:19.729000+00:00,951.0,0.0,951.0,0.0,773.0,0.0
2023-03-20 16:07:24.729000+00:00,954.0,0.009000000000000341,954.0,0.011999999999999567,776.0,0.01899999999999835
2023-03-20 16:07:29.729000+00:00,955.0,0.0039999999999995595,956.0,0.007000000000000561,776.0,0.0
2023-03-20 16:07:34.729000+00:00,958.0,0.009000000000000341,958.0,0.005999999999999339,779.0,0.017000000000001236
2023-03-20 16:07:39.729000+00:00,961.0,0.011999999999999567,962.0,0.014000000000000234,782.0,0.023999999999999133
2023-03-20 16:07:44.729000+00:00,964.0,0.008000000000000007,964.0,0.008000000000000007,784.0,0.015000000000000568
2023-03-20 16:07:49.729000+00:00,965.0,0.0030000000000001137,965.0,0.0030000000000001137,785.0,0.005000000000000782
2023-03-20 16:07:54.729000+00:00,965.0,0.0,965.0,0.0,785.0,0.0
2023-03-20 16:07:59.729000+00:00,965.0,0.0,965.0,0.0,785.0,0.0
2023-03-20 16:08:04.729000+00:00,966.0,0.0030000000000001137,967.0,0.006999999999999673,785.0,0.0
2023-03-20 16:08:09.729000+00:00,968.0,0.006000000000000227,968.0,0.0030000000000001137,787.0,0.023999999999999133
2023-03-20 16:08:14.729000+00:00,968.0,0.0,968.0,0.0,787.0,0.0
2023-03-20 16:08:19.729000+00:00,970.0,0.006999999999999673,970.0,0.006000000000000227,789.0,0.009999999999999787
2023-03-20 16:08:24.729000+00:00,971.0,0.0030000000000001137,971.0,0.0030000000000001137,790.0,0.006000000000000227
2023-03-20 16:08:29.729000+00:00,973.0,0.007000000000000561,974.0,0.008999999999999453,792.0,0.012000000000000455
2023-03-20 16:08:34.729000+00:00,975.0,0.005999999999999339,975.0,0.004000000000000448,794.0,0.0129999999999999
2023-03-20 16:08:39.729000+00:00,976.0,0.0030000000000001137,976.0,0.0039999999999995595,795.0,0.006999999999999673
2023-03-20 16:08:44.729000+00:00,978.0,0.006000000000000227,978.0,0.007000000000000561,797.0,0.013999999999999346
2023-03-20 16:08:49.729000+00:00,979.0,0.0030000000000001137,979.0,0.0039999999999995595,798.0,0.0070000000000014495
2023-03-20 16:08:54.729000+00:00,980.0,0.0030000000000001137,981.0,0.004999999999999893,798.0,0.0
2023-03-20 16:08:59.729000+00:00,982.0,0.006999999999999673,982.0,0.0030000000000001137,800.0,0.0129999999999999
2023-03-20 16:09:04.729000+00:00,982.0,0.0,982.0,0.0,800.0,0.0
2023-03-20 16:09:09.729000+00:00,983.0,0.0030000000000001137,983.0,0.004000000000000448,801.0,0.008999999999998565
2023-03-20 16:09:14.729000+00:00,986.0,0.009000000000000341,986.0,0.009999999999999787,804.0,0.02000000000000135
2023-03-20 16:09:19.729000+00:00,987.0,0.0039999999999995595,987.0,0.0030000000000001137,805.0,0.006999999999999673
2023-03-20 16:09:24.729000+00:00,991.0,0.009999999999999787,991.0,0.011999999999999567,809.0,0.028999999999999915
2023-03-20 16:09:29.729000+00:00,992.0,0.0030000000000001137,992.0,0.004000000000000448,810.0,0.006000000000000227
2023-03-20 16:09:34.729000+00:00,997.0,0.015000000000000568,997.0,0.01499999999999968,812.0,0.014999999999998792
2023-03-20 16:09:39.729000+00:00,999.0,0.006999999999999673,1000.0,0.009000000000000341,814.0,0.014000000000001123
2023-03-20 16:09:44.729000+00:00,1002.0,0.008999999999999453,1002.0,0.006999999999999673,816.0,0.0129999999999999
2023-03-20 16:09:49.729000+00:00,1002.0,0.0,1002.0,0.0,816.0,0.0
2023-03-20 16:09:54.729000+00:00,1002.0,0.0,1002.0,0.0,816.0,0.0
2023-03-20 16:09:59.729000+00:00,1004.0,0.007000000000000561,1005.0,0.009999999999999787,818.0,0.012000000000000455
2023-03-20 16:10:04.729000+00:00,1007.0,0.006000000000000227,1007.0,0.006000000000000227,821.0,0.016000000000000014
2023-03-20 16:10:09.729000+00:00,1007.0,0.0,1007.0,0.0,821.0,0.0
2023-03-20 16:10:14.729000+00:00,1008.0,0.01899999999999924,1008.0,0.0030000000000001137,821.0,0.0
2023-03-20 16:10:19.729000+00:00,1009.0,0.0030000000000001137,1009.0,0.0030000000000001137,822.0,0.008999999999998565
2023-03-20 16:10:24.729000+00:00,1011.0,0.007000000000000561,1011.0,0.006999999999999673,823.0,0.006000000000000227
2023-03-20 16:10:29.729000+00:00,1014.0,0.01100000000000012,1014.0,0.009000000000000341,824.0,0.009000000000000341
2023-03-20 16:10:34.729000+00:00,1015.0,0.0029999999999992255,1015.0,0.0039999999999995595,825.0,0.1620000000000008
2023-03-20 16:10:39.729000+00:00,1015.0,0.0,1016.0,0.0030000000000001137,825.0,0.0
2023-03-20 16:10:44.729000+00:00,1016.0,0.0030000000000001137,1016.0,0.0,825.0,0.0
2023-03-20 16:10:49.729000+00:00,1019.0,0.012000000000000455,1019.0,0.009999999999999787,827.0,0.1739999999999995
2023-03-20 16:10:54.729000+00:00,1020.0,0.0030000000000001137,1020.0,0.004000000000000448,828.0,0.006999999999999673
2023-03-20 16:10:59.729000+00:00,1020.0,0.0,1020.0,0.0,828.0,0.0
2023-03-20 16:11:04.729000+00:00,1020.0,0.0,1020.0,0.0,828.0,0.0
2023-03-20 16:11:09.729000+00:00,1022.0,0.005999999999999339,1022.0,0.006000000000000227,830.0,0.013999999999999346
2023-03-20 16:11:14.729000+00:00,1022.0,0.0,1022.0,0.0,830.0,0.0
2023-03-20 16:11:19.729000+00:00,1024.0,0.006000000000000227,1025.0,0.01100000000000012,832.0,0.012000000000000455
2023-03-20 16:11:24.729000+00:00,1028.0,0.01100000000000012,1028.0,0.010999999999999233,836.0,0.02800000000000047
2023-03-20 16:11:29.729000+00:00,1031.0,0.009999999999999787,1032.0,0.014000000000000234,839.0,0.023999999999999133
2023-03-20 16:11:34.729000+00:00,1032.0,0.0030000000000001137,1032.0,0.0,839.0,0.0
2023-03-20 16:11:39.729000+00:00,1033.0,0.0030000000000001137,1033.0,0.004000000000000448,839.0,0.0
2023-03-20 16:11:44.729000+00:00,1035.0,0.006000000000000227,1035.0,0.005999999999999339,841.0,0.0129999999999999
2023-03-20 16:11:49.729000+00:00,1038.0,0.008000000000000007,1038.0,0.010000000000000675,844.0,0.014000000000001123
2023-03-20 16:11:54.729000+00:00,1041.0,0.01100000000000012,1041.0,0.009999999999999787,846.0,0.010999999999999233
2023-03-20 16:11:59.729000+00:00,1043.0,0.006999999999999673,1043.0,0.006999999999999673,848.0,0.016000000000000014
2023-03-20 16:12:04.729000+00:00,1044.0,0.0030000000000001137,1044.0,0.0030000000000001137,849.0,0.37400000000000055
2023-03-20 16:12:09.729000+00:00,1045.0,0.0039999999999995595,1045.0,0.0030000000000001137,850.0,0.006999999999999673
2023-03-20 16:12:14.729000+00:00,1047.0,0.004999999999999893,1047.0,0.006999999999999673,852.0,0.011000000000001009
2023-03-20 16:12:19.729000+00:00,1049.0,0.006000000000000227,1050.0,0.01100000000000012,853.0,0.007999999999999119
2023-03-20 16:12:24.729000+00:00,1052.0,0.009999999999999787,1052.0,0.006000000000000227,855.0,0.13700000000000045
2023-03-20 16:12:29.729000+00:00,1052.0,0.0,1052.0,0.0,855.0,0.0
2023-03-20 16:12:34.729000+00:00,1052.0,0.0,1053.0,0.004000000000000448,855.0,0.0
2023-03-20 16:12:39.729000+00:00,1055.0,0.010000000000000675,1055.0,0.005999999999999339,858.0,0.02099999999999902
2023-03-20 16:12:44.729000+00:00,1055.0,0.0,1055.0,0.0,858.0,0.0
2023-03-20 16:12:49.729000+00:00,1057.0,0.005999999999999339,1057.0,0.006000000000000227,860.0,0.012000000000000455
2023-03-20 16:12:54.729000+00:00,1060.0,0.010000000000000675,1060.0,0.01100000000000012,862.0,0.0129999999999999
2023-03-20 16:12:59.729000+00:00,1061.0,0.0030000000000001137,1062.0,0.006000000000000227,863.0,0.006999999999999673
2023-03-20 16:13:04.729000+00:00,1062.0,0.0029999999999992255,1062.0,0.0,864.0,0.030000000000001137
2023-03-20 16:13:09.729000+00:00,1063.0,0.0030000000000001137,1063.0,0.0039999999999995595,865.0,0.006999999999999673
2023-03-20 16:13:14.729000+00:00,1063.0,0.0,1063.0,0.0,865.0,0.0
2023-03-20 16:13:19.729000+00:00,1063.0,0.0,1063.0,0.0,865.0,0.0
2023-03-20 16:13:24.729000+00:00,1065.0,0.007000000000000561,1065.0,0.008000000000000007,867.0,0.0129999999999999
2023-03-20 16:13:29.729000+00:00,1065.0,0.0,1065.0,0.0,867.0,0.0
2023-03-20 16:13:34.729000+00:00,1065.0,0.0,1065.0,0.0,867.0,0.0
2023-03-20 16:13:39.729000+00:00,1065.0,0.0,1065.0,0.0,867.0,0.0
2023-03-20 16:13:44.729000+00:00,1066.0,0.0039999999999995595,1066.0,0.0030000000000001137,868.0,0.009000000000000341
2023-03-20 16:13:49.729000+00:00,1067.0,0.0030000000000001137,1067.0,0.0039999999999995595,869.0,0.007999999999999119
2023-03-20 16:13:54.729000+00:00,1068.0,0.004000000000000448,1068.0,0.004000000000000448,870.0,0.006000000000000227
2023-03-20 16:13:59.729000+00:00,1069.0,0.0039999999999995595,1069.0,0.0030000000000001137,871.0,0.008000000000000895
2023-03-20 16:14:04.729000+00:00,1069.0,0.0,1069.0,0.0,871.0,0.0
2023-03-20 16:14:09.729000+00:00,1071.0,0.012000000000000455,1071.0,0.009999999999999787,873.0,0.013999999999999346
2023-03-20 16:14:14.729000+00:00,1072.0,0.0029999999999992255,1072.0,0.0030000000000001137,873.0,0.0
2023-03-20 16:14:19.729000+00:00,1072.0,0.0,1072.0,0.0,873.0,0.0
2023-03-20 16:14:24.729000+00:00,1072.0,0.0,1072.0,0.0,873.0,0.0
2023-03-20 16:14:29.729000+00:00,1077.0,0.014000000000000234,1079.0,0.02200000000000024,878.0,0.032999999999999474
2023-03-20 16:14:34.729000+00:00,1083.0,0.017000000000000348,1083.0,0.011999999999999567,882.0,0.02800000000000047
2023-03-20 16:14:39.729000+00:00,1083.0,0.0,1084.0,0.0030000000000001137,882.0,0.0
2023-03-20 16:14:44.729000+00:00,1087.0,0.0129999999999999,1087.0,0.009999999999999787,885.0,0.023999999999999133
2023-03-20 16:14:49.729000+00:00,1088.0,0.0030000000000001137,1088.0,0.002000000000000668,886.0,0.005000000000000782
2023-03-20 16:14:54.729000+00:00,1090.0,0.005999999999999339,1091.0,0.009999999999999787,886.0,0.0
2023-03-20 16:14:59.729000+00:00,1091.0,0.002000000000000668,1091.0,0.0,887.0,0.008000000000000895
2023-03-20 16:15:04.729000+00:00,1093.0,0.004999999999999893,1093.0,0.006999999999999673,889.0,0.0129999999999999
2023-03-20 16:15:09.729000+00:00,1094.0,0.0030000000000001137,1095.0,0.008000000000000007,890.0,0.009999999999999787
2023-03-20 16:15:14.729000+00:00,1095.0,0.0030000000000001137,1095.0,0.0,891.0,0.006000000000000227
2023-03-20 16:15:19.729000+00:00,1096.0,0.0029999999999992255,1097.0,0.006000000000000227,892.0,0.005999999999998451
2023-03-20 16:15:24.729000+00:00,1098.0,0.005000000000000782,1100.0,0.008999999999999453,893.0,0.008000000000000895
2023-03-20 16:15:29.729000+00:00,1102.0,0.010999999999999233,1102.0,0.006000000000000227,895.0,0.1620000000000008
2023-03-20 16:15:34.729000+00:00,1102.0,0.0,1102.0,0.0,895.0,0.0
2023-03-20 16:15:39.729000+00:00,1102.0,0.0,1102.0,0.0,895.0,0.0
2023-03-20 16:15:44.729000+00:00,1104.0,0.007000000000000561,1104.0,0.006000000000000227,897.0,0.014999999999998792
2023-03-20 16:15:49.729000+00:00,1106.0,0.004999999999999893,1106.0,0.006999999999999673,898.0,0.006999999999999673
2023-03-20 16:15:54.729000+00:00,1107.0,0.0019999999999997797,1107.0,0.0030000000000001137,899.0,0.0070000000000014495
2023-03-20 16:15:59.729000+00:00,1109.0,0.008000000000000007,1109.0,0.008000000000000007,900.0,0.005999999999998451
2023-03-20 16:16:04.729000+00:00,1109.0,0.0,1109.0,0.0,900.0,0.0
2023-03-20 16:16:09.729000+00:00,1109.0,0.0,1110.0,0.004000000000000448,900.0,0.0
2023-03-20 16:16:14.729000+00:00,1111.0,0.01100000000000012,1111.0,0.0030000000000001137,902.0,0.0129999999999999
2023-03-20 16:16:19.729000+00:00,1111.0,0.0,1111.0,0.0,902.0,0.0
2023-03-20 16:16:24.729000+00:00,1114.0,0.009000000000000341,1114.0,0.009999999999999787,904.0,0.015000000000000568
2023-03-20 16:16:29.729000+00:00,1120.0,0.017999999999999794,1121.0,0.02200000000000024,907.0,0.019000000000000128
2023-03-20 16:16:34.729000+00:00,1124.0,0.011999999999999567,1124.0,0.008999999999999453,911.0,0.5779999999999994
2023-03-20 16:16:39.729000+00:00,1125.0,0.0030000000000001137,1125.0,0.0030000000000001137,912.0,0.006000000000000227
2023-03-20 16:16:44.729000+00:00,1127.0,0.007000000000000561,1128.0,0.008000000000000007,914.0,0.014000000000001123
2023-03-20 16:16:49.729000+00:00,1129.0,0.006999999999999673,1130.0,0.009000000000000341,914.0,0.0
2023-03-20 16:16:54.729000+00:00,1136.0,0.020999999999999908,1137.0,0.01899999999999924,921.0,0.04499999999999993
2023-03-20 16:16:59.729000+00:00,1138.0,0.006999999999999673,1140.0,0.010000000000000675,922.0,0.006999999999999673
2023-03-20 16:17:04.729000+00:00,1141.0,0.012000000000000455,1141.0,0.0030000000000001137,924.0,0.015000000000000568
2023-03-20 16:17:09.729000+00:00,1143.0,0.006000000000000227,1143.0,0.005999999999999339,926.0,0.31599999999999895
2023-03-20 16:17:14.729000+00:00,1144.0,0.0030000000000001137,1144.0,0.0030000000000001137,927.0,0.006000000000000227
2023-03-20 16:17:19.729000+00:00,1144.0,0.0,1144.0,0.0,927.0,0.0
2023-03-20 16:17:24.729000+00:00,1145.0,0.0029999999999992255,1145.0,0.0030000000000001137,928.0,0.006000000000000227
2023-03-20 16:17:29.729000+00:00,1146.0,0.004000000000000448,1146.0,0.0019999999999997797,928.0,0.0
2023-03-20 16:17:34.729000+00:00,1148.0,0.006999999999999673,1148.0,0.006000000000000227,930.0,0.013999999999999346
2023-03-20 16:17:39.729000+00:00,1149.0,0.0030000000000001137,1149.0,0.004000000000000448,931.0,0.005000000000000782
2023-03-20 16:17:44.729000+00:00,1152.0,0.01100000000000012,1152.0,0.009999999999999787,933.0,0.016000000000000014
2023-03-20 16:17:49.729000+00:00,1152.0,0.0,1152.0,0.0,933.0,0.0
2023-03-20 16:17:54.729000+00:00,1153.0,0.0039999999999995595,1153.0,0.0030000000000001137,933.0,0.0
2023-03-20 16:17:59.729000+00:00,1153.0,0.0,1153.0,0.0,933.0,0.0
2023-03-20 16:18:04.729000+00:00,1155.0,0.02200000000000024,1155.0,0.005999999999999339,935.0,0.016000000000000014
2023-03-20 16:18:09.729000+00:00,1158.0,0.009999999999999787,1158.0,0.010000000000000675,937.0,0.0129999999999999
2023-03-20 16:18:14.729000+00:00,1158.0,0.0,1158.0,0.0,937.0,0.0
2023-03-20 16:18:19.729000+00:00,1160.0,0.006000000000000227,1160.0,0.006999999999999673,938.0,0.006000000000000227
2023-03-20 16:18:24.729000+00:00,1160.0,0.0,1160.0,0.0,938.0,0.0
2023-03-20 16:18:29.729000+00:00,1163.0,0.009999999999999787,1163.0,0.009000000000000341,939.0,0.007999999999999119
2023-03-20 16:18:34.729000+00:00,1165.0,0.005000000000000782,1165.0,0.008000000000000007,940.0,0.006000000000000227
2023-03-20 16:18:39.729000+00:00,1166.0,0.0029999999999992255,1168.0,0.008999999999999453,941.0,0.008000000000000895
2023-03-20 16:18:44.729000+00:00,1168.0,0.007000000000000561,1171.0,0.0129999999999999,943.0,0.014999999999998792
2023-03-20 16:18:49.729000+00:00,1174.0,0.017999999999999794,1174.0,0.009000000000000341,949.0,0.0389999999999997
2023-03-20 16:18:54.729000+00:00,1176.0,0.006000000000000227,1176.0,0.006999999999999673,950.0,0.0070000000000014495
2023-03-20 16:18:59.729000+00:00,1178.0,0.006000000000000227,1178.0,0.006000000000000227,952.0,0.05799999999999983
2023-03-20 16:19:04.729000+00:00,1179.0,0.0039999999999995595,1180.0,0.006000000000000227,953.0,0.007999999999999119
2023-03-20 16:19:09.729000+00:00,1182.0,0.0129999999999999,1182.0,0.006999999999999673,956.0,0.022999999999999687
2023-03-20 16:19:14.729000+00:00,1183.0,0.0030000000000001137,1184.0,0.007000000000000561,957.0,0.008000000000000895
2023-03-20 16:19:19.729000+00:00,1185.0,0.006999999999999673,1185.0,0.0029999999999992255,959.0,0.010999999999999233
2023-03-20 16:19:24.729000+00:00,1185.0,0.0,1185.0,0.0,959.0,0.0
2023-03-20 16:19:29.729000+00:00,1186.0,0.0030000000000001137,1186.0,0.005000000000000782,960.0,0.008000000000000895
2023-03-20 16:19:34.729000+00:00,1186.0,0.0,1186.0,0.0,960.0,0.0
2023-03-20 16:19:39.729000+00:00,1187.0,0.0030000000000001137,1187.0,0.0039999999999995595,961.0,0.1850000000000005
2023-03-20 16:19:44.729000+00:00,1192.0,0.017999999999999794,1194.0,0.03200000000000003,964.0,0.02099999999999902
2023-03-20 16:19:49.729000+00:00,1194.0,0.008000000000000007,1194.0,0.0,965.0,0.006000000000000227
2023-03-20 16:19:54.729000+00:00,1195.0,0.004000000000000448,1195.0,0.004999999999999893,966.0,0.009000000000000341
2023-03-20 16:19:59.729000+00:00,1197.0,0.006999999999999673,1197.0,0.007000000000000561,968.0,0.0129999999999999
2023-03-20 16:20:04.729000+00:00,1198.0,0.004000000000000448,1199.0,0.008000000000000007,969.0,0.006999999999999673
2023-03-20 16:20:09.729000+00:00,1200.0,0.006999999999999673,1200.0,0.0039999999999995595,970.0,0.008000000000000895
2023-03-20 16:20:14.729000+00:00,1200.0,0.0,1201.0,0.0030000000000001137,970.0,0.0
2023-03-20 16:20:19.729000+00:00,1203.0,0.01100000000000012,1203.0,0.008999999999999453,971.0,0.007999999999999119
2023-03-20 16:20:24.729000+00:00,1205.0,0.008000000000000007,1205.0,0.006000000000000227,973.0,0.2289999999999992
2023-03-20 16:20:29.729000+00:00,1207.0,0.006999999999999673,1207.0,0.007000000000000561,975.0,0.013000000000001677
2023-03-20 16:20:34.729000+00:00,1211.0,0.014000000000000234,1211.0,0.013999999999999346,979.0,0.02499999999999858
2023-03-20 16:20:39.729000+00:00,1211.0,0.0,1211.0,0.0,979.0,0.0
2023-03-20 16:20:44.729000+00:00,1213.0,0.006999999999999673,1213.0,0.010000000000000675,980.0,0.011000000000001009
2023-03-20 16:20:49.729000+00:00,1214.0,0.0030000000000001137,1214.0,0.0029999999999992255,981.0,0.006000000000000227
2023-03-20 16:20:54.729000+00:00,1216.0,0.006000000000000227,1216.0,0.007000000000000561,983.0,0.0129999999999999
2023-03-20 16:20:59.729000+00:00,1217.0,0.0030000000000001137,1217.0,0.0039999999999995595,984.0,0.006999999999999673
2023-03-20 16:21:04.729000+00:00,1218.0,0.0039999999999995595,1218.0,0.0030000000000001137,985.0,0.006000000000000227
2023-03-20 16:21:09.729000+00:00,1219.0,0.004000000000000448,1219.0,0.0030000000000001137,986.0,0.006999999999999673
2023-03-20 16:21:14.729000+00:00,1219.0,0.0,1219.0,0.0,986.0,0.0
2023-03-20 16:21:19.729000+00:00,1223.0,0.01100000000000012,1224.0,0.017999999999999794,990.0,0.026999999999999247
2023-03-20 16:21:24.729000+00:00,1226.0,0.008999999999999453,1226.0,0.007000000000000561,992.0,0.014000000000001123
2023-03-20 16:21:29.729000+00:00,1227.0,0.0030000000000001137,1227.0,0.0039999999999995595,993.0,0.006000000000000227
2023-03-20 16:21:34.729000+00:00,1229.0,0.008000000000000007,1231.0,0.015000000000000568,995.0,0.0129999999999999
2023-03-20 16:21:39.729000+00:00,1234.0,0.016000000000000014,1234.0,0.009999999999999787,998.0,0.023999999999999133
2023-03-20 16:21:44.729000+00:00,1235.0,0.0019999999999997797,1236.0,0.006999999999999673,998.0,0.0
2023-03-20 16:21:49.729000+00:00,1237.0,0.007000000000000561,1238.0,0.006000000000000227,1000.0,0.01699999999999946
2023-03-20 16:21:54.729000+00:00,1240.0,0.008000000000000007,1240.0,0.006999999999999673,1002.0,0.015000000000000568
2023-03-20 16:21:59.729000+00:00,1245.0,0.01499999999999968,1245.0,0.017000000000000348,1006.0,0.028999999999999915
2023-03-20 16:22:04.729000+00:00,1245.0,0.0,1245.0,0.0,1006.0,0.0
2023-03-20 16:22:09.729000+00:00,1246.0,0.0030000000000001137,1247.0,0.008000000000000007,1007.0,0.006000000000000227
2023-03-20 16:22:14.729000+00:00,1248.0,0.004999999999999893,1248.0,0.0030000000000001137,1008.0,0.006999999999999673
2023-03-20 16:22:19.729000+00:00,1250.0,0.007000000000000561,1251.0,0.01100000000000012,1010.0,0.017000000000001236
2023-03-20 16:22:24.729000+00:00,1252.0,0.005999999999999339,1253.0,0.005999999999999339,1012.0,0.011999999999998678
2023-03-20 16:22:29.729000+00:00,1253.0,0.004000000000000448,1254.0,0.004000000000000448,1013.0,0.006999999999999673
2023-03-20 16:22:34.729000+00:00,1254.0,0.0030000000000001137,1255.0,0.0030000000000001137,1014.0,0.010000000000001563
2023-03-20 16:22:39.729000+00:00,1257.0,0.009999999999999787,1258.0,0.008999999999999453,1017.0,0.023999999999999133
2023-03-20 16:22:44.729000+00:00,1259.0,0.006999999999999673,1260.0,0.006000000000000227,1018.0,0.007999999999999119
2023-03-20 16:22:49.729000+00:00,1263.0,0.015000000000000568,1264.0,0.016000000000000014,1021.0,0.021000000000000796
2023-03-20 16:22:54.729000+00:00,1265.0,0.006999999999999673,1265.0,0.004000000000000448,1024.0,0.028999999999999915
2023-03-20 16:22:59.729000+00:00,1266.0,0.0030000000000001137,1266.0,0.0039999999999995595,1025.0,0.004999999999999005
2023-03-20 16:23:04.729000+00:00,1267.0,0.0039999999999995595,1267.0,0.004000000000000448,1026.0,0.006000000000000227
2023-03-20 16:23:09.729000+00:00,1267.0,0.0,1267.0,0.0,1026.0,0.0
2023-03-20 16:23:14.729000+00:00,1267.0,0.0,1267.0,0.0,1026.0,0.0
2023-03-20 16:23:19.729000+00:00,1267.0,0.0,1267.0,0.0,1026.0,0.0
2023-03-20 16:23:24.729000+00:00,1267.0,0.0,1267.0,0.0,1026.0,0.0
2023-03-20 16:23:29.729000+00:00,1267.0,0.0,1267.0,0.0,1026.0,0.0
2023-03-20 16:23:34.729000+00:00,1268.0,0.004000000000000448,1268.0,0.0029999999999992255,1026.0,0.0
2023-03-20 16:23:39.729000+00:00,1269.0,0.0030000000000001137,1269.0,0.004000000000000448,1027.0,0.010000000000001563
2023-03-20 16:23:44.729000+00:00,1270.0,0.0030000000000001137,1270.0,0.0030000000000001137,1028.0,0.006000000000000227
2023-03-20 16:23:49.729000+00:00,1271.0,0.0029999999999992255,1271.0,0.0039999999999995595,1029.0,0.007999999999999119
2023-03-20 16:23:54.729000+00:00,1272.0,0.0030000000000001137,1272.0,0.004000000000000448,1029.0,0.0
2023-03-20 16:23:59.729000+00:00,1272.0,0.0,1272.0,0.0,1029.0,0.0
2023-03-20 16:24:04.729000+00:00,1273.0,0.004000000000000448,1273.0,0.0030000000000001137,1030.0,0.006000000000000227
2023-03-20 16:24:09.729000+00:00,1274.0,0.0030000000000001137,1276.0,0.009999999999999787,1031.0,0.18100000000000094
2023-03-20 16:24:14.729000+00:00,1278.0,0.013999999999999346,1278.0,0.006000000000000227,1035.0,0.03500000000000014
2023-03-20 16:24:19.729000+00:00,1281.0,0.010000000000000675,1281.0,0.008999999999999453,1038.0,0.023999999999997357
2023-03-20 16:24:24.729000+00:00,1285.0,0.01499999999999968,1285.0,0.014000000000000234,1042.0,0.028999999999999915
2023-03-20 16:24:29.729000+00:00,1287.0,0.008000000000000007,1287.0,0.008000000000000007,1043.0,0.009000000000000341
2023-03-20 16:24:34.729000+00:00,1289.0,0.006999999999999673,1289.0,0.006999999999999673,1045.0,0.015000000000000568
2023-03-20 16:24:39.729000+00:00,1291.0,0.007000000000000561,1293.0,0.012000000000000455,1047.0,0.015000000000000568
2023-03-20 16:24:44.729000+00:00,1296.0,0.01499999999999968,1296.0,0.009999999999999787,1051.0,0.030000000000001137
2023-03-20 16:24:49.729000+00:00,1298.0,0.006000000000000227,1298.0,0.006999999999999673,1052.0,0.006000000000000227
2023-03-20 16:24:54.729000+00:00,1300.0,0.006000000000000227,1300.0,0.006000000000000227,1053.0,0.007999999999999119
2023-03-20 16:24:59.729000+00:00,1300.0,0.0,1300.0,0.0,1053.0,0.0
2023-03-20 16:25:04.729000+00:00,1303.0,0.009999999999999787,1303.0,0.009000000000000341,1055.0,0.013999999999999346
2023-03-20 16:25:09.729000+00:00,1306.0,0.008999999999999453,1306.0,0.009999999999999787,1058.0,0.019000000000001904
2023-03-20 16:25:14.729000+00:00,1309.0,0.010000000000000675,1310.0,0.014000000000000234,1059.0,0.004999999999999005
2023-03-20 16:25:19.729000+00:00,1311.0,0.005999999999999339,1311.0,0.0030000000000001137,1061.0,0.018000000000000682
2023-03-20 16:25:24.729000+00:00,1311.0,0.0,1311.0,0.0,1061.0,0.0
2023-03-20 16:25:29.729000+00:00,1312.0,0.002000000000000668,1313.0,0.005999999999999339,1062.0,0.010999999999999233
2023-03-20 16:25:34.729000+00:00,1313.0,0.0030000000000001137,1313.0,0.0,1063.0,0.007999999999999119
2023-03-20 16:25:39.729000+00:00,1314.0,0.0029999999999992255,1314.0,0.0030000000000001137,1064.0,0.006000000000000227
2023-03-20 16:25:44.729000+00:00,1314.0,0.0,1314.0,0.0,1064.0,0.0
2023-03-20 16:25:49.729000+00:00,1314.0,0.0,1314.0,0.0,1064.0,0.0
2023-03-20 16:25:54.729000+00:00,1314.0,0.0,1315.0,0.004000000000000448,1064.0,0.0
2023-03-20 16:25:59.729000+00:00,1316.0,0.006000000000000227,1316.0,0.0039999999999995595,1066.0,0.01600000000000179
2023-03-20 16:26:04.729000+00:00,1316.0,0.0,1316.0,0.0,1066.0,0.0
2023-03-20 16:26:09.729000+00:00,1318.0,0.007000000000000561,1318.0,0.006000000000000227,1068.0,0.014999999999997016
2023-03-20 16:26:14.729000+00:00,1321.0,0.008999999999999453,1321.0,0.027000000000000135,1069.0,0.008000000000002672
2023-03-20 16:26:19.729000+00:00,1322.0,0.0030000000000001137,1322.0,0.0039999999999995595,1070.0,0.004999999999999005
2023-03-20 16:26:24.729000+00:00,1322.0,0.0,1322.0,0.0,1070.0,0.0
2023-03-20 16:26:29.729000+00:00,1322.0,0.0,1322.0,0.0,1070.0,0.0
2023-03-20 16:26:34.729000+00:00,1323.0,0.0030000000000001137,1323.0,0.004000000000000448,1070.0,0.0
2023-03-20 16:26:39.729000+00:00,1324.0,0.0030000000000001137,1326.0,0.009999999999999787,1071.0,0.007999999999999119
2023-03-20 16:26:44.729000+00:00,1328.0,0.014000000000000234,1328.0,0.006999999999999673,1074.0,0.0259999999999998
2023-03-20 16:26:49.729000+00:00,1333.0,0.01699999999999946,1333.0,0.017000000000000348,1078.0,0.036000000000001364
2023-03-20 16:26:54.729000+00:00,1333.0,0.0,1335.0,0.006999999999999673,1078.0,0.0
2023-03-20 16:26:59.729000+00:00,1335.0,0.004999999999999893,1337.0,0.006000000000000227,1080.0,0.015000000000000568
2023-03-20 16:27:04.729000+00:00,1339.0,0.0129999999999999,1339.0,0.007000000000000561,1084.0,0.027999999999998693
2023-03-20 16:27:09.729000+00:00,1342.0,0.01100000000000012,1342.0,0.011999999999999567,1087.0,0.019999999999999574
2023-03-20 16:27:14.729000+00:00,1343.0,0.0030000000000001137,1344.0,0.006000000000000227,1087.0,0.0
2023-03-20 16:27:19.729000+00:00,1347.0,0.0129999999999999,1348.0,0.013999999999999346,1088.0,0.0070000000000014495
2023-03-20 16:27:24.729000+00:00,1349.0,0.006000000000000227,1351.0,0.01100000000000012,1089.0,0.006999999999997897
2023-03-20 16:27:29.729000+00:00,1352.0,0.009999999999999787,1352.0,0.002000000000000668,1092.0,0.045000000000001705
2023-03-20 16:27:34.729000+00:00,1352.0,0.0,1352.0,0.0,1092.0,0.0
2023-03-20 16:27:39.729000+00:00,1353.0,0.0030000000000001137,1353.0,0.0029999999999992255,1093.0,0.006999999999997897
2023-03-20 16:27:44.729000+00:00,1353.0,0.0,1353.0,0.0,1093.0,0.0
2023-03-20 16:27:49.729000+00:00,1355.0,0.006000000000000227,1355.0,0.007000000000000561,1095.0,0.012000000000000455
2023-03-20 16:27:54.729000+00:00,1355.0,0.0,1355.0,0.0,1095.0,0.0
2023-03-20 16:27:59.729000+00:00,1356.0,0.0030000000000001137,1356.0,0.0039999999999995595,1096.0,0.011000000000002785
2023-03-20 16:28:04.729000+00:00,1356.0,0.0,1356.0,0.0,1096.0,0.0
2023-03-20 16:28:09.729000+00:00,1358.0,0.005999999999999339,1358.0,0.007000000000000561,1098.0,0.010999999999999233
2023-03-20 16:28:14.729000+00:00,1359.0,0.0030000000000001137,1359.0,0.0039999999999995595,1098.0,0.0
2023-03-20 16:28:19.729000+00:00,1359.0,0.0,1359.0,0.0,1098.0,0.0
2023-03-20 16:28:24.729000+00:00,1360.0,0.0030000000000001137,1360.0,0.0030000000000001137,1099.0,0.007999999999999119
2023-03-20 16:28:29.729000+00:00,1361.0,0.0030000000000001137,1362.0,0.006000000000000227,1100.0,0.0070000000000014495
2023-03-20 16:28:34.729000+00:00,1363.0,0.006000000000000227,1363.0,0.0030000000000001137,1101.0,0.006999999999997897
2023-03-20 16:28:39.729000+00:00,1366.0,0.008000000000000007,1366.0,0.01100000000000012,1103.0,0.012000000000000455
2023-03-20 16:28:44.729000+00:00,1370.0,0.0129999999999999,1370.0,0.013999999999999346,1106.0,0.04800000000000182
2023-03-20 16:28:49.729000+00:00,1370.0,0.0,1370.0,0.0,1106.0,0.0
2023-03-20 16:28:54.729000+00:00,1370.0,0.0,1370.0,0.0,1106.0,0.0
2023-03-20 16:28:59.729000+00:00,1372.0,0.006999999999999673,1373.0,0.009000000000000341,1106.0,0.0
2023-03-20 16:29:04.729000+00:00,1375.0,0.010000000000000675,1375.0,0.006000000000000227,1108.0,0.014999999999997016
2023-03-20 16:29:09.729000+00:00,1376.0,0.0029999999999992255,1377.0,0.006999999999999673,1109.0,0.008000000000002672
2023-03-20 16:29:14.729000+00:00,1378.0,0.007000000000000561,1379.0,0.006999999999999673,1111.0,0.014999999999997016
2023-03-20 16:29:19.729000+00:00,1380.0,0.006999999999999673,1381.0,0.006000000000000227,1113.0,0.014000000000002899
2023-03-20 16:29:24.729000+00:00,1384.0,0.012000000000000455,1384.0,0.01100000000000012,1116.0,0.021999999999998465
2023-03-20 16:29:29.729000+00:00,1385.0,0.0029999999999992255,1385.0,0.0039999999999995595,1117.0,0.004999999999999005
2023-03-20 16:29:34.729000+00:00,1389.0,0.013000000000000789,1391.0,0.019000000000000128,1120.0,0.0259999999999998
2023-03-20 16:29:39.729000+00:00,1391.0,0.005999999999999339,1392.0,0.004000000000000448,1122.0,0.013000000000001677
2023-03-20 16:29:44.729000+00:00,1392.0,0.0030000000000001137,1392.0,0.0,1123.0,0.0070000000000014495
2023-03-20 16:29:49.729000+00:00,1392.0,0.0,1392.0,0.0,1123.0,0.0
2023-03-20 16:29:54.729000+00:00,1394.0,0.007000000000000561,1394.0,0.006999999999999673,1124.0,0.007999999999999119
2023-03-20 16:29:59.729000+00:00,1394.0,0.0,1394.0,0.0,1124.0,0.0
2023-03-20 16:30:04.729000+00:00,1395.0,0.0029999999999992255,1395.0,0.0030000000000001137,1124.0,0.0
2023-03-20 16:30:09.729000+00:00,1395.0,0.0,1395.0,0.0,1124.0,0.0
2023-03-20 16:30:14.729000+00:00,1397.0,0.007000000000000561,1397.0,0.008000000000000007,1125.0,0.006999999999997897
2023-03-20 16:30:19.729000+00:00,1398.0,0.0030000000000001137,1399.0,0.006999999999999673,1126.0,0.009000000000000341
2023-03-20 16:30:24.729000+00:00,1400.0,0.005999999999999339,1400.0,0.0030000000000001137,1128.0,0.028999999999999915
2023-03-20 16:30:29.729000+00:00,1401.0,0.004000000000000448,1402.0,0.006000000000000227,1129.0,0.0070000000000014495
2023-03-20 16:30:34.729000+00:00,1402.0,0.0030000000000001137,1402.0,0.0,1130.0,0.006999999999997897
2023-03-20 16:30:39.729000+00:00,1403.0,0.0039999999999995595,1403.0,0.0030000000000001137,1131.0,0.006000000000000227
2023-03-20 16:30:44.729000+00:00,1405.0,0.007000000000000561,1405.0,0.006999999999999673,1133.0,0.015000000000000568
2023-03-20 16:30:49.729000+00:00,1407.0,0.005999999999999339,1407.0,0.006000000000000227,1134.0,0.008000000000002672
2023-03-20 16:30:54.729000+00:00,1408.0,0.0030000000000001137,1408.0,0.004000000000000448,1135.0,0.0799999999999983
2023-03-20 16:30:59.729000+00:00,1409.0,0.0030000000000001137,1411.0,0.009999999999999787,1136.0,0.010000000000001563
2023-03-20 16:31:04.729000+00:00,1411.0,0.006000000000000227,1411.0,0.0,1137.0,0.007999999999999119
2023-03-20 16:31:09.729000+00:00,1415.0,0.0129999999999999,1415.0,0.0129999999999999,1141.0,0.027000000000001023
2023-03-20 16:31:14.729000+00:00,1416.0,0.0019999999999997797,1416.0,0.0030000000000001137,1142.0,0.005999999999996675
2023-03-20 16:31:19.729000+00:00,1418.0,0.007000000000000561,1419.0,0.008999999999999453,1143.0,0.0070000000000014495
2023-03-20 16:31:24.729000+00:00,1421.0,0.009999999999999787,1421.0,0.004999999999999893,1145.0,0.013000000000001677
2023-03-20 16:31:29.729000+00:00,1423.0,0.006000000000000227,1423.0,0.006000000000000227,1146.0,0.10799999999999699
2023-03-20 16:31:34.729000+00:00,1425.0,0.005999999999999339,1425.0,0.006000000000000227,1148.0,0.01600000000000179
2023-03-20 16:31:39.729000+00:00,1426.0,0.004000000000000448,1426.0,0.0030000000000001137,1149.0,0.004999999999999005
2023-03-20 16:31:44.729000+00:00,1426.0,0.0,1426.0,0.0,1149.0,0.0
2023-03-20 16:31:49.729000+00:00,1428.0,0.006000000000000227,1430.0,0.01100000000000012,1151.0,0.021000000000000796
2023-03-20 16:31:54.729000+00:00,1431.0,0.008000000000000007,1431.0,0.0019999999999997797,1154.0,0.021999999999998465
2023-03-20 16:31:59.729000+00:00,1433.0,0.005999999999999339,1433.0,0.008000000000000007,1156.0,0.013000000000001677
2023-03-20 16:32:04.729000+00:00,1434.0,0.0030000000000001137,1434.0,0.0039999999999995595,1157.0,0.006000000000000227
2023-03-20 16:32:09.729000+00:00,1434.0,0.0,1434.0,0.0,1157.0,0.0
2023-03-20 16:32:14.729000+00:00,1435.0,0.0030000000000001137,1435.0,0.0030000000000001137,1158.0,0.004999999999999005
2023-03-20 16:32:19.729000+00:00,1436.0,0.0030000000000001137,1436.0,0.0030000000000001137,1159.0,0.0070000000000014495
2023-03-20 16:32:24.729000+00:00,1438.0,0.006999999999999673,1438.0,0.008000000000000007,1161.0,0.012999999999998124
2023-03-20 16:32:29.729000+00:00,1439.0,0.0030000000000001137,1439.0,0.004000000000000448,1162.0,0.0070000000000014495
2023-03-20 16:32:34.729000+00:00,1439.0,0.0,1439.0,0.0,1162.0,0.0
2023-03-20 16:32:39.729000+00:00,1439.0,0.0,1440.0,0.0039999999999995595,1162.0,0.0
2023-03-20 16:32:44.729000+00:00,1440.0,0.004000000000000448,1440.0,0.0,1163.0,0.006999999999997897
2023-03-20 16:32:49.729000+00:00,1440.0,0.0,1441.0,0.0030000000000001137,1163.0,0.0
2023-03-20 16:32:54.729000+00:00,1441.0,0.0039999999999995595,1441.0,0.0,1164.0,0.0070000000000014495
2023-03-20 16:32:59.729000+00:00,1443.0,0.007000000000000561,1443.0,0.006999999999999673,1166.0,0.015000000000000568
2023-03-20 16:33:04.729000+00:00,1443.0,0.0,1443.0,0.0,1166.0,0.0
2023-03-20 16:33:09.729000+00:00,1443.0,0.0,1443.0,0.0,1166.0,0.0
2023-03-20 16:33:14.729000+00:00,1443.0,0.0,1443.0,0.0,1166.0,0.0
2023-03-20 16:33:19.729000+00:00,1446.0,0.010999999999999233,1446.0,0.009000000000000341,1169.0,0.01699999999999946
2023-03-20 16:33:24.729000+00:00,1447.0,0.0030000000000001137,1448.0,0.006000000000000227,1169.0,0.0
2023-03-20 16:33:29.729000+00:00,1451.0,0.012000000000000455,1452.0,0.011999999999999567,1172.0,0.021999999999998465
2023-03-20 16:33:34.729000+00:00,1455.0,0.016000000000000014,1457.0,0.014000000000000234,1176.0,0.060000000000002274
2023-03-20 16:33:39.729000+00:00,1459.0,0.0129999999999999,1459.0,0.006000000000000227,1179.0,0.027000000000001023
2023-03-20 16:33:44.729000+00:00,1462.0,0.011999999999999567,1462.0,0.009999999999999787,1182.0,0.019999999999999574
2023-03-20 16:33:49.729000+00:00,1464.0,0.006000000000000227,1464.0,0.006999999999999673,1183.0,0.006000000000000227
2023-03-20 16:33:54.729000+00:00,1464.0,0.0,1464.0,0.0,1183.0,0.0
2023-03-20 16:33:59.729000+00:00,1464.0,0.0,1464.0,0.0,1183.0,0.0
2023-03-20 16:34:04.729000+00:00,1465.0,0.0019999999999997797,1466.0,0.007000000000000561,1184.0,0.007999999999999119
2023-03-20 16:34:09.729000+00:00,1469.0,0.012000000000000455,1469.0,0.009999999999999787,1188.0,0.027999999999998693
2023-03-20 16:34:14.729000+00:00,1470.0,0.0030000000000001137,1470.0,0.0030000000000001137,1189.0,0.007999999999999119
2023-03-20 16:34:19.729000+00:00,1471.0,0.0019999999999997797,1471.0,0.0030000000000001137,1190.0,0.008000000000002672
2023-03-20 16:34:24.729000+00:00,1473.0,0.006000000000000227,1473.0,0.006999999999999673,1191.0,0.004999999999999005
2023-03-20 16:34:29.729000+00:00,1473.0,0.0,1473.0,0.0,1191.0,0.0
2023-03-20 16:34:34.729000+00:00,1473.0,0.0,1473.0,0.0,1191.0,0.0
2023-03-20 16:34:39.729000+00:00,1474.0,0.0039999999999995595,1475.0,0.006999999999999673,1192.0,0.009000000000000341
2023-03-20 16:34:44.729000+00:00,1478.0,0.0129999999999999,1478.0,0.009000000000000341,1196.0,0.027000000000001023
2023-03-20 16:34:49.729000+00:00,1479.0,0.002000000000000668,1479.0,0.0030000000000001137,1197.0,0.006000000000000227
2023-03-20 16:34:54.729000+00:00,1480.0,0.0029999999999992255,1480.0,0.0030000000000001137,1197.0,0.0
2023-03-20 16:34:59.729000+00:00,1481.0,0.0030000000000001137,1481.0,0.0039999999999995595,1198.0,0.007999999999999119
2023-03-20 16:35:04.729000+00:00,1481.0,0.0,1482.0,0.004000000000000448,1198.0,0.0
2023-03-20 16:35:09.729000+00:00,1486.0,0.014000000000000234,1486.0,0.0129999999999999,1200.0,0.028999999999999915
2023-03-20 16:35:14.729000+00:00,1489.0,0.009000000000000341,1489.0,0.009000000000000341,1202.0,0.012000000000000455
2023-03-20 16:35:19.729000+00:00,1492.0,0.009999999999999787,1492.0,0.008999999999999453,1205.0,0.1479999999999997
2023-03-20 16:35:24.729000+00:00,1493.0,0.0019999999999997797,1494.0,0.008000000000000007,1206.0,0.006000000000000227
2023-03-20 16:35:29.729000+00:00,1497.0,0.012000000000000455,1497.0,0.009000000000000341,1210.0,0.0329999999999977
2023-03-20 16:35:34.729000+00:00,1498.0,0.0029999999999992255,1498.0,0.0039999999999995595,1211.0,0.006000000000000227
2023-03-20 16:35:39.729000+00:00,1501.0,0.010000000000000675,1502.0,0.0129999999999999,1214.0,0.018000000000000682
2023-03-20 16:35:44.729000+00:00,1506.0,0.016000000000000014,1506.0,0.017000000000000348,1217.0,0.02499999999999858
2023-03-20 16:35:49.729000+00:00,1506.0,0.0,1507.0,0.0030000000000001137,1217.0,0.0
2023-03-20 16:35:54.729000+00:00,1508.0,0.006999999999999673,1511.0,0.014000000000000234,1219.0,0.011000000000002785
2023-03-20 16:35:59.729000+00:00,1510.0,0.006999999999999673,1511.0,0.0,1221.0,0.015999999999998238
2023-03-20 16:36:04.729000+00:00,1511.0,0.0030000000000001137,1511.0,0.0,1221.0,0.0
2023-03-20 16:36:09.729000+00:00,1513.0,0.006000000000000227,1513.0,0.005999999999999339,1222.0,0.007999999999999119
2023-03-20 16:36:14.729000+00:00,1514.0,0.004000000000000448,1514.0,0.0030000000000001137,1223.0,0.006000000000000227
2023-03-20 16:36:19.729000+00:00,1514.0,0.0,1514.0,0.0,1223.0,0.0
2023-03-20 16:36:24.729000+00:00,1516.0,0.005999999999999339,1516.0,0.007000000000000561,1225.0,0.013000000000001677
2023-03-20 16:36:29.729000+00:00,1517.0,0.004000000000000448,1517.0,0.0039999999999995595,1226.0,0.006000000000000227
2023-03-20 16:36:34.729000+00:00,1518.0,0.0039999999999995595,1520.0,0.009999999999999787,1227.0,0.006000000000000227
2023-03-20 16:36:39.729000+00:00,1522.0,0.012000000000000455,1522.0,0.006000000000000227,1230.0,0.018000000000000682
2023-03-20 16:36:44.729000+00:00,1523.0,0.0030000000000001137,1523.0,0.0030000000000001137,1231.0,0.006999999999997897
2023-03-20 16:36:49.729000+00:00,1523.0,0.0,1523.0,0.0,1231.0,0.0
2023-03-20 16:36:54.729000+00:00,1525.0,0.005999999999999339,1525.0,0.006000000000000227,1233.0,0.013000000000001677
2023-03-20 16:36:59.729000+00:00,1525.0,0.0,1526.0,0.0030000000000001137,1233.0,0.0
2023-03-20 16:37:04.729000+00:00,1528.0,0.008000000000000007,1528.0,0.006999999999999673,1235.0,0.012000000000000455
2023-03-20 16:37:09.729000+00:00,1528.0,0.0,1529.0,0.0030000000000001137,1235.0,0.0
2023-03-20 16:37:14.729000+00:00,1530.0,0.005000000000000782,1530.0,0.0030000000000001137,1237.0,0.012999999999998124
2023-03-20 16:37:19.729000+00:00,1530.0,0.0,1530.0,0.0,1237.0,0.0
2023-03-20 16:37:24.729000+00:00,1532.0,0.008000000000000007,1533.0,0.009999999999999787,1239.0,0.013000000000001677
2023-03-20 16:37:29.729000+00:00,1535.0,0.010999999999999233,1535.0,0.006999999999999673,1242.0,0.021999999999998465
2023-03-20 16:37:34.729000+00:00,1537.0,0.006000000000000227,1537.0,0.006000000000000227,1244.0,0.022999999999999687
2023-03-20 16:37:39.729000+00:00,1537.0,0.0,1538.0,0.0030000000000001137,1244.0,0.0
2023-03-20 16:37:44.729000+00:00,1541.0,0.0129999999999999,1541.0,0.008999999999999453,1247.0,0.018000000000000682
2023-03-20 16:37:49.729000+00:00,1541.0,0.0,1542.0,0.0030000000000001137,1247.0,0.0
2023-03-20 16:37:54.729000+00:00,1543.0,0.007000000000000561,1543.0,0.0030000000000001137,1248.0,0.0070000000000014495
2023-03-20 16:37:59.729000+00:00,1545.0,0.005999999999999339,1545.0,0.006000000000000227,1249.0,0.008999999999996788
2023-03-20 16:38:04.729000+00:00,1549.0,0.010000000000000675,1550.0,0.0129999999999999,1252.0,0.020000000000003126
2023-03-20 16:38:09.729000+00:00,1551.0,0.005999999999999339,1551.0,0.004000000000000448,1254.0,0.011999999999996902
2023-03-20 16:38:14.729000+00:00,1551.0,0.0,1552.0,0.0029999999999992255,1254.0,0.0
2023-03-20 16:38:19.729000+00:00,1554.0,0.009000000000000341,1554.0,0.006000000000000227,1257.0,0.021000000000000796
2023-03-20 16:38:24.729000+00:00,1556.0,0.006000000000000227,1556.0,0.006000000000000227,1259.0,0.012000000000000455
2023-03-20 16:38:29.729000+00:00,1557.0,0.0039999999999995595,1557.0,0.0039999999999995595,1260.0,0.004999999999999005
2023-03-20 16:38:34.729000+00:00,1558.0,0.0030000000000001137,1558.0,0.0030000000000001137,1261.0,0.0070000000000014495
2023-03-20 16:38:39.729000+00:00,1559.0,0.0030000000000001137,1559.0,0.0030000000000001137,1262.0,0.006000000000000227
2023-03-20 16:38:44.729000+00:00,1562.0,0.009999999999999787,1562.0,0.009000000000000341,1265.0,0.021000000000000796
2023-03-20 16:38:49.729000+00:00,1564.0,0.006000000000000227,1564.0,0.006999999999999673,1266.0,0.006000000000000227
2023-03-20 16:38:54.729000+00:00,1564.0,0.0,1564.0,0.0,1266.0,0.0
2023-03-20 16:38:59.729000+00:00,1565.0,0.0030000000000001137,1565.0,0.0030000000000001137,1266.0,0.0
2023-03-20 16:39:04.729000+00:00,1567.0,0.006999999999999673,1568.0,0.009999999999999787,1267.0,0.007999999999999119
2023-03-20 16:39:09.729000+00:00,1569.0,0.006000000000000227,1569.0,0.0030000000000001137,1268.0,0.00999999999999801
2023-03-20 16:39:14.729000+00:00,1569.0,0.0,1571.0,0.006000000000000227,1268.0,0.0
2023-03-20 16:39:19.729000+00:00,1572.0,0.009000000000000341,1572.0,0.0030000000000001137,1271.0,0.0259999999999998
2023-03-20 16:39:24.729000+00:00,1572.0,0.0,1573.0,0.0039999999999995595,1271.0,0.0
2023-03-20 16:39:29.729000+00:00,1574.0,0.005999999999999339,1574.0,0.004000000000000448,1273.0,0.019000000000001904
2023-03-20 16:39:34.729000+00:00,1575.0,0.004000000000000448,1575.0,0.0030000000000001137,1274.0,0.009000000000000341
2023-03-20 16:39:39.729000+00:00,1576.0,0.004999999999999893,1578.0,0.011999999999999567,1275.0,0.009000000000000341
2023-03-20 16:39:44.729000+00:00,1579.0,0.008999999999999453,1580.0,0.006999999999999673,1278.0,0.021999999999998465
2023-03-20 16:39:49.729000+00:00,1585.0,0.08700000000000063,1585.0,0.017000000000000348,1283.0,0.03500000000000014
2023-03-20 16:39:54.729000+00:00,1586.0,0.0019999999999997797,1586.0,0.0030000000000001137,1284.0,0.013999999999999346
2023-03-20 16:39:59.729000+00:00,1586.0,0.0,1587.0,0.0030000000000001137,1284.0,0.0
2023-03-20 16:40:04.729000+00:00,1589.0,0.009999999999999787,1589.0,0.006000000000000227,1285.0,0.010000000000001563
2023-03-20 16:40:09.729000+00:00,1590.0,0.0030000000000001137,1592.0,0.009999999999999787,1286.0,0.007999999999999119
2023-03-20 16:40:14.729000+00:00,1593.0,0.008000000000000007,1595.0,0.01100000000000012,1289.0,0.018000000000000682
2023-03-20 16:40:19.729000+00:00,1598.0,0.016000000000000014,1598.0,0.008999999999999453,1293.0,0.027000000000001023
2023-03-20 16:40:24.729000+00:00,1598.0,0.0,1599.0,0.0030000000000001137,1293.0,0.0
2023-03-20 16:40:29.729000+00:00,1601.0,0.009999999999999787,1601.0,0.008000000000000007,1294.0,0.006999999999997897
2023-03-20 16:40:34.729000+00:00,1602.0,0.0030000000000001137,1603.0,0.007000000000000561,1294.0,0.0
2023-03-20 16:40:39.729000+00:00,1604.0,0.007000000000000561,1605.0,0.006999999999999673,1296.0,0.01600000000000179
2023-03-20 16:40:44.729000+00:00,1608.0,0.011999999999999567,1608.0,0.008000000000000007,1300.0,0.022999999999999687
2023-03-20 16:40:49.729000+00:00,1609.0,0.004000000000000448,1609.0,0.0039999999999995595,1300.0,0.0
2023-03-20 16:40:54.729000+00:00,1611.0,0.008000000000000007,1613.0,0.012000000000000455,1302.0,0.01899999999999835
2023-03-20 16:40:59.729000+00:00,1613.0,0.006999999999999673,1613.0,0.0,1303.0,0.008000000000002672
2023-03-20 16:41:04.729000+00:00,1613.0,0.0,1613.0,0.0,1303.0,0.0
2023-03-20 16:41:09.729000+00:00,1614.0,0.0030000000000001137,1614.0,0.0030000000000001137,1304.0,0.008999999999996788
2023-03-20 16:41:14.729000+00:00,1616.0,0.008000000000000007,1617.0,0.008999999999999453,1305.0,0.03500000000000014
2023-03-20 16:41:19.729000+00:00,1617.0,0.0030000000000001137,1618.0,0.0030000000000001137,1306.0,0.0070000000000014495
2023-03-20 16:41:24.729000+00:00,1620.0,0.008999999999999453,1620.0,0.006000000000000227,1309.0,0.022999999999999687
2023-03-20 16:41:29.729000+00:00,1622.0,0.006000000000000227,1622.0,0.006000000000000227,1310.0,0.007999999999999119
2023-03-20 16:41:34.729000+00:00,1624.0,0.006000000000000227,1624.0,0.006999999999999673,1311.0,0.0070000000000014495
2023-03-20 16:41:39.729000+00:00,1625.0,0.0030000000000001137,1626.0,0.006000000000000227,1312.0,0.009000000000000341
2023-03-20 16:41:44.729000+00:00,1626.0,0.0039999999999995595,1626.0,0.0,1313.0,0.010999999999999233
2023-03-20 16:41:49.729000+00:00,1629.0,0.009999999999999787,1629.0,0.01100000000000012,1315.0,0.4349999999999987
2023-03-20 16:41:54.729000+00:00,1630.0,0.004000000000000448,1631.0,0.008000000000000007,1315.0,0.0
2023-03-20 16:41:59.729000+00:00,1631.0,0.0030000000000001137,1631.0,0.0,1316.0,0.015000000000000568
2023-03-20 16:42:04.729000+00:00,1631.0,0.0,1632.0,0.0039999999999995595,1316.0,0.0
2023-03-20 16:42:09.729000+00:00,1635.0,0.01499999999999968,1636.0,0.014000000000000234,1319.0,0.02500000000000213
2023-03-20 16:42:14.729000+00:00,1636.0,0.0030000000000001137,1636.0,0.0,1320.0,0.006000000000000227
2023-03-20 16:42:19.729000+00:00,1637.0,0.0030000000000001137,1637.0,0.0030000000000001137,1320.0,0.0
2023-03-20 16:42:24.729000+00:00,1640.0,0.008999999999999453,1643.0,0.017999999999999794,1323.0,0.0259999999999998
2023-03-20 16:42:29.729000+00:00,1643.0,0.009000000000000341,1643.0,0.0,1325.0,0.22499999999999787
2023-03-20 16:42:34.729000+00:00,1646.0,0.009999999999999787,1648.0,0.016000000000000014,1327.0,0.015000000000000568
2023-03-20 16:42:39.729000+00:00,1649.0,0.01100000000000012,1649.0,0.0030000000000001137,1330.0,0.0259999999999998
2023-03-20 16:42:44.729000+00:00,1653.0,0.01100000000000012,1653.0,0.01499999999999968,1334.0,0.0710000000000015
2023-03-20 16:42:49.729000+00:00,1655.0,0.004999999999999893,1657.0,0.012000000000000455,1336.0,0.01899999999999835
2023-03-20 16:42:54.729000+00:00,1656.0,0.0030000000000001137,1657.0,0.0,1336.0,0.0
2023-03-20 16:42:59.729000+00:00,1659.0,0.009000000000000341,1659.0,0.006999999999999673,1340.0,0.028999999999999915
2023-03-20 16:43:04.729000+00:00,1660.0,0.0030000000000001137,1660.0,0.0030000000000001137,1341.0,0.007999999999999119
2023-03-20 16:43:09.729000+00:00,1660.0,0.0,1660.0,0.0,1341.0,0.0
2023-03-20 16:43:14.729000+00:00,1663.0,0.008999999999999453,1664.0,0.0129999999999999,1343.0,0.014000000000002899
2023-03-20 16:43:19.729000+00:00,1665.0,0.008000000000000007,1666.0,0.006000000000000227,1344.0,0.009000000000000341
2023-03-20 16:43:24.729000+00:00,1667.0,0.007000000000000561,1667.0,0.0039999999999995595,1346.0,0.013999999999999346
2023-03-20 16:43:29.729000+00:00,1669.0,0.005999999999999339,1669.0,0.008000000000000007,1348.0,0.012999999999998124
2023-03-20 16:43:34.729000+00:00,1671.0,0.006000000000000227,1671.0,0.008000000000000007,1350.0,0.019999999999999574
2023-03-20 16:43:39.729000+00:00,1672.0,0.0030000000000001137,1672.0,0.004000000000000448,1351.0,0.009000000000000341
2023-03-20 16:43:44.729000+00:00,1675.0,0.009999999999999787,1675.0,0.008999999999999453,1353.0,0.012000000000000455
2023-03-20 16:43:49.729000+00:00,1677.0,0.006000000000000227,1677.0,0.007000000000000561,1355.0,0.015000000000000568
2023-03-20 16:43:54.729000+00:00,1678.0,0.0030000000000001137,1678.0,0.0039999999999995595,1356.0,0.006000000000000227
2023-03-20 16:43:59.729000+00:00,1679.0,0.0039999999999995595,1679.0,0.004000000000000448,1357.0,0.006000000000000227
2023-03-20 16:44:04.729000+00:00,1680.0,0.004000000000000448,1680.0,0.0030000000000001137,1357.0,0.0
2023-03-20 16:44:09.729000+00:00,1680.0,0.0,1680.0,0.0,1357.0,0.0
2023-03-20 16:44:14.729000+00:00,1680.0,0.0,1680.0,0.0,1357.0,0.0
2023-03-20 16:44:19.729000+00:00,1680.0,0.0,1680.0,0.0,1357.0,0.0
2023-03-20 16:44:24.729000+00:00,1682.0,0.009999999999999787,1683.0,0.011999999999999567,1359.0,0.01699999999999946
2023-03-20 16:44:29.729000+00:00,1685.0,0.009999999999999787,1686.0,0.009000000000000341,1361.0,0.015000000000000568
2023-03-20 16:44:34.729000+00:00,1689.0,0.014000000000000234,1689.0,0.009999999999999787,1364.0,0.02400000000000091
2023-03-20 16:44:39.729000+00:00,1691.0,0.006000000000000227,1691.0,0.004999999999999893,1366.0,0.2339999999999982
2023-03-20 16:44:44.729000+00:00,1691.0,0.0,1691.0,0.0,1366.0,0.0
2023-03-20 16:44:49.729000+00:00,1693.0,0.008999999999999453,1693.0,0.006000000000000227,1367.0,0.006000000000000227
2023-03-20 16:44:54.729000+00:00,1694.0,0.0030000000000001137,1694.0,0.0030000000000001137,1368.0,0.007999999999999119
2023-03-20 16:44:59.729000+00:00,1695.0,0.004000000000000448,1695.0,0.0039999999999995595,1369.0,0.009000000000000341
2023-03-20 16:45:04.729000+00:00,1698.0,0.009999999999999787,1699.0,0.0129999999999999,1371.0,0.012000000000000455
2023-03-20 16:45:09.729000+00:00,1700.0,0.006000000000000227,1700.0,0.0030000000000001137,1372.0,0.006000000000000227
2023-03-20 16:45:14.729000+00:00,1701.0,0.0030000000000001137,1701.0,0.0030000000000001137,1373.0,0.007999999999999119
2023-03-20 16:45:19.729000+00:00,1704.0,0.008999999999999453,1705.0,0.012000000000000455,1376.0,0.01600000000000179
2023-03-20 16:45:24.729000+00:00,1707.0,0.009999999999999787,1708.0,0.009999999999999787,1378.0,0.013999999999999346
2023-03-20 16:45:29.729000+00:00,1708.0,0.0030000000000001137,1709.0,0.0039999999999995595,1379.0,0.004999999999999005
2023-03-20 16:45:34.729000+00:00,1709.0,0.0030000000000001137,1709.0,0.0,1380.0,0.009000000000000341
2023-03-20 16:45:39.729000+00:00,1710.0,0.0030000000000001137,1710.0,0.0030000000000001137,1380.0,0.0
2023-03-20 16:45:44.729000+00:00,1712.0,0.006000000000000227,1713.0,0.009000000000000341,1380.0,0.0
2023-03-20 16:45:49.729000+00:00,1714.0,0.006999999999999673,1714.0,0.0030000000000001137,1382.0,0.01699999999999946
2023-03-20 16:45:54.729000+00:00,1714.0,0.0,1714.0,0.0,1382.0,0.0
2023-03-20 16:45:59.729000+00:00,1715.0,0.0030000000000001137,1715.0,0.0030000000000001137,1382.0,0.0
2023-03-20 16:46:04.729000+00:00,1717.0,0.006000000000000227,1717.0,0.005999999999999339,1384.0,0.053000000000000824
2023-03-20 16:46:09.729000+00:00,1718.0,0.0039999999999995595,1718.0,0.0030000000000001137,1384.0,0.0
2023-03-20 16:46:14.729000+00:00,1719.0,0.0030000000000001137,1719.0,0.004000000000000448,1385.0,0.013000000000001677
2023-03-20 16:46:19.729000+00:00,1720.0,0.0030000000000001137,1720.0,0.0030000000000001137,1386.0,0.007999999999999119
2023-03-20 16:46:24.729000+00:00,1720.0,0.0,1720.0,0.0,1386.0,0.0
2023-03-20 16:46:29.729000+00:00,1721.0,0.0030000000000001137,1721.0,0.0029999999999992255,1387.0,0.009000000000000341
2023-03-20 16:46:34.729000+00:00,1722.0,0.0039999999999995595,1722.0,0.004000000000000448,1388.0,0.00999999999999801
2023-03-20 16:46:39.729000+00:00,1725.0,0.009000000000000341,1725.0,0.008999999999999453,1391.0,0.02400000000000091
2023-03-20 16:46:44.729000+00:00,1729.0,0.01100000000000012,1729.0,0.013000000000000789,1395.0,0.02400000000000091
2023-03-20 16:46:49.729000+00:00,1730.0,0.0019999999999997797,1730.0,0.0029999999999992255,1396.0,0.007999999999999119
2023-03-20 16:46:54.729000+00:00,1733.0,0.008000000000000007,1733.0,0.008000000000000007,1399.0,0.028999999999999915
2023-03-20 16:46:59.729000+00:00,1733.0,0.0,1733.0,0.0,1399.0,0.0
2023-03-20 16:47:04.729000+00:00,1735.0,0.006999999999999673,1735.0,0.006000000000000227,1400.0,0.006000000000000227
2023-03-20 16:47:09.729000+00:00,1735.0,0.0,1735.0,0.0,1400.0,0.0
2023-03-20 16:47:14.729000+00:00,1737.0,0.005000000000000782,1739.0,0.014000000000000234,1401.0,0.009000000000000341
2023-03-20 16:47:19.729000+00:00,1740.0,0.008999999999999453,1741.0,0.006000000000000227,1402.0,0.006999999999997897
2023-03-20 16:47:24.729000+00:00,1741.0,0.004000000000000448,1741.0,0.0,1403.0,0.0070000000000014495
2023-03-20 16:47:29.729000+00:00,1742.0,0.0030000000000001137,1743.0,0.006999999999999673,1403.0,0.0
2023-03-20 16:47:34.729000+00:00,1743.0,0.0029999999999992255,1743.0,0.0,1404.0,0.009000000000000341
2023-03-20 16:47:39.729000+00:00,1750.0,0.019000000000000128,1750.0,0.020000000000000462,1410.0,0.04100000000000037
2023-03-20 16:47:44.729000+00:00,1750.0,0.0,1750.0,0.0,1410.0,0.0
2023-03-20 16:47:49.729000+00:00,1752.0,0.006000000000000227,1753.0,0.010999999999999233,1411.0,0.009000000000000341
2023-03-20 16:47:54.729000+00:00,1754.0,0.006000000000000227,1754.0,0.0030000000000001137,1412.0,0.006999999999997897
2023-03-20 16:47:59.729000+00:00,1755.0,0.0030000000000001137,1756.0,0.007000000000000561,1413.0,0.009000000000000341
2023-03-20 16:48:04.729000+00:00,1757.0,0.005999999999999339,1758.0,0.006999999999999673,1415.0,0.013999999999999346
2023-03-20 16:48:09.729000+00:00,1759.0,0.006000000000000227,1759.0,0.004000000000000448,1416.0,0.008000000000002672
2023-03-20 16:48:14.729000+00:00,1759.0,0.0,1759.0,0.0,1416.0,0.0
2023-03-20 16:48:19.729000+00:00,1761.0,0.006000000000000227,1761.0,0.008000000000000007,1418.0,0.015000000000000568
2023-03-20 16:48:24.729000+00:00,1761.0,0.0,1761.0,0.0,1418.0,0.0
2023-03-20 16:48:29.729000+00:00,1761.0,0.0,1761.0,0.0,1418.0,0.0
2023-03-20 16:48:34.729000+00:00,1763.0,0.006000000000000227,1764.0,0.009999999999999787,1420.0,0.021999999999998465
2023-03-20 16:48:39.729000+00:00,1766.0,0.009999999999999787,1766.0,0.006999999999999673,1421.0,0.007999999999999119
2023-03-20 16:48:44.729000+00:00,1767.0,0.004999999999999893,1767.0,0.0030000000000001137,1421.0,0.0
2023-03-20 16:48:49.729000+00:00,1768.0,0.0039999999999995595,1768.0,0.0039999999999995595,1422.0,0.012000000000000455
2023-03-20 16:48:54.729000+00:00,1770.0,0.005000000000000782,1770.0,0.008000000000000007,1424.0,0.015000000000000568
2023-03-20 16:48:59.729000+00:00,1772.0,0.005999999999999339,1772.0,0.009000000000000341,1426.0,0.012000000000000455
2023-03-20 16:49:04.729000+00:00,1772.0,0.0,1772.0,0.0,1426.0,0.0
2023-03-20 16:49:09.729000+00:00,1775.0,0.009000000000000341,1775.0,0.0129999999999999,1429.0,0.02400000000000091
2023-03-20 16:49:14.729000+00:00,1775.0,0.0,1775.0,0.0,1429.0,0.0
2023-03-20 16:49:19.729000+00:00,1776.0,0.0030000000000001137,1779.0,0.017000000000000348,1429.0,0.0
2023-03-20 16:49:24.729000+00:00,1782.0,0.017999999999999794,1782.0,0.009999999999999787,1434.0,0.030999999999998806
2023-03-20 16:49:29.729000+00:00,1784.0,0.009000000000000341,1785.0,0.01100000000000012,1436.0,0.013999999999999346
2023-03-20 16:49:34.729000+00:00,1785.0,0.0039999999999995595,1786.0,0.0039999999999995595,1436.0,0.0
2023-03-20 16:49:39.729000+00:00,1787.0,0.006999999999999673,1787.0,0.004000000000000448,1437.0,0.007999999999999119
2023-03-20 16:49:44.729000+00:00,1787.0,0.0,1787.0,0.0,1437.0,0.0
2023-03-20 16:49:49.729000+00:00,1790.0,0.012000000000000455,1791.0,0.017000000000000348,1440.0,0.022999999999999687
2023-03-20 16:49:54.729000+00:00,1791.0,0.004999999999999893,1792.0,0.0039999999999995595,1441.0,0.008000000000002672
2023-03-20 16:49:59.729000+00:00,1794.0,0.01100000000000012,1794.0,0.008000000000000007,1443.0,0.015999999999998238
2023-03-20 16:50:04.729000+00:00,1795.0,0.0030000000000001137,1795.0,0.0030000000000001137,1444.0,0.004999999999999005
2023-03-20 16:50:09.729000+00:00,1795.0,0.0,1795.0,0.0,1444.0,0.0
2023-03-20 16:50:14.729000+00:00,1796.0,0.0030000000000001137,1797.0,0.006000000000000227,1445.0,0.008000000000002672
2023-03-20 16:50:19.729000+00:00,1797.0,0.0030000000000001137,1797.0,0.0,1445.0,0.0
2023-03-20 16:50:24.729000+00:00,1800.0,0.008999999999999453,1801.0,0.0129999999999999,1447.0,0.012999999999998124
2023-03-20 16:50:29.729000+00:00,1801.0,0.0030000000000001137,1801.0,0.0,1448.0,0.009000000000000341
2023-03-20 16:50:34.729000+00:00,1803.0,0.006000000000000227,1803.0,0.005999999999999339,1448.0,0.0
2023-03-20 16:50:39.729000+00:00,1805.0,0.006000000000000227,1805.0,0.005000000000000782,1449.0,0.007999999999999119
2023-03-20 16:50:44.729000+00:00,1805.0,0.0,1805.0,0.0,1449.0,0.0
2023-03-20 16:50:49.729000+00:00,1806.0,0.0029999999999992255,1806.0,0.0029999999999992255,1449.0,0.0
2023-03-20 16:50:54.729000+00:00,1806.0,0.0,1807.0,0.004000000000000448,1449.0,0.0
2023-03-20 16:50:59.729000+00:00,1808.0,0.008000000000000007,1808.0,0.0030000000000001137,1450.0,0.009000000000000341
2023-03-20 16:51:04.729000+00:00,1811.0,0.009000000000000341,1811.0,0.008999999999999453,1453.0,0.021000000000000796
2023-03-20 16:51:09.729000+00:00,1812.0,0.0030000000000001137,1813.0,0.006000000000000227,1454.0,0.05900000000000105
2023-03-20 16:51:14.729000+00:00,1815.0,0.009999999999999787,1816.0,0.009000000000000341,1457.0,0.018000000000000682
2023-03-20 16:51:19.729000+00:00,1816.0,0.0030000000000001137,1816.0,0.0,1458.0,0.0379999999999967
2023-03-20 16:51:24.729000+00:00,1816.0,0.0,1816.0,0.0,1458.0,0.0
2023-03-20 16:51:29.729000+00:00,1817.0,0.0019999999999997797,1817.0,0.0039999999999995595,1459.0,0.006000000000000227
2023-03-20 16:51:34.729000+00:00,1820.0,0.010000000000000675,1820.0,0.01100000000000012,1462.0,0.021000000000000796
2023-03-20 16:51:39.729000+00:00,1820.0,0.0,1820.0,0.0,1462.0,0.0
2023-03-20 16:51:44.729000+00:00,1820.0,0.0,1820.0,0.0,1462.0,0.0
2023-03-20 16:51:49.729000+00:00,1820.0,0.0,1820.0,0.0,1462.0,0.0
2023-03-20 16:51:54.729000+00:00,1820.0,0.0,1820.0,0.0,1462.0,0.0
2023-03-20 16:51:59.729000+00:00,1823.0,0.009999999999999787,1823.0,0.01100000000000012,1464.0,0.018000000000000682
2023-03-20 16:52:04.729000+00:00,1823.0,0.0,1823.0,0.0,1464.0,0.0
2023-03-20 16:52:09.729000+00:00,1824.0,0.0039999999999995595,1824.0,0.0030000000000001137,1465.0,0.0070000000000014495
2023-03-20 16:52:14.729000+00:00,1824.0,0.0,1824.0,0.0,1465.0,0.0
2023-03-20 16:52:19.729000+00:00,1825.0,0.0030000000000001137,1825.0,0.0030000000000001137,1466.0,0.008999999999996788
2023-03-20 16:52:24.729000+00:00,1827.0,0.006999999999999673,1827.0,0.006000000000000227,1468.0,0.015000000000000568
2023-03-20 16:52:29.729000+00:00,1831.0,0.01100000000000012,1831.0,0.0129999999999999,1471.0,0.019999999999999574
2023-03-20 16:52:34.729000+00:00,1833.0,0.006000000000000227,1835.0,0.0129999999999999,1473.0,0.013000000000001677
2023-03-20 16:52:39.729000+00:00,1839.0,0.020999999999999908,1840.0,0.01699999999999946,1477.0,0.030999999999998806
2023-03-20 16:52:44.729000+00:00,1841.0,0.006000000000000227,1841.0,0.0030000000000001137,1479.0,0.015000000000000568
2023-03-20 16:52:49.729000+00:00,1842.0,0.0039999999999995595,1842.0,0.0030000000000001137,1479.0,0.0
2023-03-20 16:52:54.729000+00:00,1844.0,0.007000000000000561,1845.0,0.009999999999999787,1481.0,0.010999999999999233
2023-03-20 16:52:59.729000+00:00,1846.0,0.004999999999999893,1846.0,0.004000000000000448,1482.0,0.009000000000000341
2023-03-20 16:53:04.729000+00:00,1847.0,0.0039999999999995595,1847.0,0.0030000000000001137,1483.0,0.0070000000000014495
2023-03-20 16:53:09.729000+00:00,1848.0,0.0030000000000001137,1848.0,0.0030000000000001137,1484.0,0.007999999999999119
2023-03-20 16:53:14.729000+00:00,1849.0,0.002000000000000668,1849.0,0.0029999999999992255,1485.0,0.006000000000000227
2023-03-20 16:53:19.729000+00:00,1850.0,0.0029999999999992255,1850.0,0.004000000000000448,1486.0,0.006000000000000227
2023-03-20 16:53:24.729000+00:00,1851.0,0.0030000000000001137,1851.0,0.0039999999999995595,1487.0,0.004999999999999005
2023-03-20 16:53:29.729000+00:00,1852.0,0.0030000000000001137,1852.0,0.004000000000000448,1488.0,0.006000000000000227
2023-03-20 16:53:34.729000+00:00,1854.0,0.006000000000000227,1854.0,0.006000000000000227,1489.0,0.0070000000000014495
2023-03-20 16:53:39.729000+00:00,1854.0,0.0,1854.0,0.0,1489.0,0.0
2023-03-20 16:53:44.729000+00:00,1855.0,0.0030000000000001137,1855.0,0.0030000000000001137,1490.0,0.006000000000000227
2023-03-20 16:53:49.729000+00:00,1858.0,0.008999999999999453,1858.0,0.008999999999999453,1492.0,0.013999999999999346
2023-03-20 16:53:54.729000+00:00,1858.0,0.0,1858.0,0.0,1492.0,0.0
2023-03-20 16:53:59.729000+00:00,1859.0,0.0030000000000001137,1859.0,0.0030000000000001137,1493.0,0.009000000000000341
2023-03-20 16:54:04.729000+00:00,1861.0,0.006000000000000227,1861.0,0.006000000000000227,1494.0,0.004999999999999005
2023-03-20 16:54:09.729000+00:00,1864.0,0.009000000000000341,1864.0,0.01100000000000012,1497.0,0.018000000000000682
2023-03-20 16:54:14.729000+00:00,1866.0,0.005999999999999339,1866.0,0.005999999999999339,1498.0,0.006000000000000227
2023-03-20 16:54:19.729000+00:00,1866.0,0.0,1866.0,0.0,1498.0,0.0
2023-03-20 16:54:24.729000+00:00,1868.0,0.006000000000000227,1869.0,0.009000000000000341,1500.0,0.012999999999998124
2023-03-20 16:54:29.729000+00:00,1876.0,0.02400000000000002,1876.0,0.02200000000000024,1508.0,0.05100000000000193
2023-03-20 16:54:34.729000+00:00,1879.0,0.009000000000000341,1879.0,0.01100000000000012,1511.0,0.019999999999999574
2023-03-20 16:54:39.729000+00:00,1880.0,0.0030000000000001137,1880.0,0.0029999999999992255,1512.0,0.0070000000000014495
2023-03-20 16:54:44.729000+00:00,1881.0,0.0029999999999992255,1881.0,0.004000000000000448,1513.0,0.004999999999999005
2023-03-20 16:54:49.729000+00:00,1883.0,0.004000000000000448,1885.0,0.014000000000000234,1515.0,0.015000000000000568
2023-03-20 16:54:54.729000+00:00,1887.0,0.011999999999999567,1887.0,0.005999999999999339,1518.0,0.02499999999999858
2023-03-20 16:54:59.729000+00:00,1891.0,0.012000000000000455,1892.0,0.015000000000000568,1521.0,0.022999999999999687
2023-03-20 16:55:04.729000+00:00,1892.0,0.0030000000000001137,1892.0,0.0,1522.0,0.009000000000000341
2023-03-20 16:55:09.729000+00:00,1892.0,0.0,1892.0,0.0,1522.0,0.0
2023-03-20 16:55:14.729000+00:00,1895.0,0.009999999999999787,1895.0,0.008999999999999453,1523.0,0.0070000000000014495
2023-03-20 16:55:19.729000+00:00,1895.0,0.0,1895.0,0.0,1523.0,0.0
2023-03-20 16:55:24.729000+00:00,1896.0,0.0030000000000001137,1896.0,0.0030000000000001137,1524.0,0.007999999999999119
2023-03-20 16:55:29.729000+00:00,1898.0,0.006000000000000227,1899.0,0.009000000000000341,1525.0,0.009000000000000341
2023-03-20 16:55:34.729000+00:00,1901.0,0.008999999999999453,1901.0,0.006000000000000227,1527.0,0.015999999999998238
2023-03-20 16:55:39.729000+00:00,1902.0,0.0030000000000001137,1902.0,0.0030000000000001137,1528.0,0.008000000000002672
2023-03-20 16:55:44.729000+00:00,1903.0,0.0030000000000001137,1903.0,0.0029999999999992255,1529.0,0.006999999999997897
2023-03-20 16:55:49.729000+00:00,1903.0,0.0,1903.0,0.0,1529.0,0.0
2023-03-20 16:55:54.729000+00:00,1904.0,0.0030000000000001137,1904.0,0.0030000000000001137,1530.0,0.010999999999999233
2023-03-20 16:55:59.729000+00:00,1904.0,0.0,1904.0,0.0,1530.0,0.0
2023-03-20 16:56:04.729000+00:00,1905.0,0.0030000000000001137,1905.0,0.0030000000000001137,1531.0,0.009000000000000341
2023-03-20 16:56:09.729000+00:00,1906.0,0.0030000000000001137,1906.0,0.0030000000000001137,1532.0,0.0070000000000014495
2023-03-20 16:56:14.729000+00:00,1907.0,0.0029999999999992255,1909.0,0.009000000000000341,1533.0,0.012000000000000455
2023-03-20 16:56:19.729000+00:00,1909.0,0.005000000000000782,1909.0,0.0,1534.0,0.006999999999997897
2023-03-20 16:56:24.729000+00:00,1911.0,0.004999999999999893,1912.0,0.008999999999999453,1536.0,0.015000000000000568
2023-03-20 16:56:29.729000+00:00,1913.0,0.004999999999999893,1913.0,0.0030000000000001137,1538.0,0.013999999999999346
2023-03-20 16:56:34.729000+00:00,1913.0,0.0,1913.0,0.0,1538.0,0.0
2023-03-20 16:56:39.729000+00:00,1914.0,0.0030000000000001137,1914.0,0.004000000000000448,1539.0,0.009000000000000341
2023-03-20 16:56:44.729000+00:00,1916.0,0.006999999999999673,1916.0,0.005999999999999339,1540.0,0.0070000000000014495
2023-03-20 16:56:49.729000+00:00,1917.0,0.0019999999999997797,1918.0,0.006000000000000227,1541.0,0.009000000000000341
2023-03-20 16:56:54.729000+00:00,1919.0,0.006000000000000227,1920.0,0.006999999999999673,1543.0,0.010999999999999233
2023-03-20 16:56:59.729000+00:00,1923.0,0.017000000000000348,1925.0,0.015000000000000568,1547.0,0.027999999999998693
2023-03-20 16:57:04.729000+00:00,1926.0,0.009999999999999787,1926.0,0.0039999999999995595,1550.0,0.021000000000000796
2023-03-20 16:57:09.729000+00:00,1926.0,0.0,1927.0,0.0030000000000001137,1550.0,0.0
2023-03-20 16:57:14.729000+00:00,1928.0,0.006000000000000227,1929.0,0.004999999999999893,1551.0,0.009000000000000341
2023-03-20 16:57:19.729000+00:00,1931.0,0.008000000000000007,1931.0,0.004999999999999893,1552.0,0.0070000000000014495
2023-03-20 16:57:24.729000+00:00,1932.0,0.0030000000000001137,1932.0,0.0030000000000001137,1553.0,0.007999999999999119
2023-03-20 16:57:29.729000+00:00,1933.0,0.0029999999999992255,1935.0,0.009000000000000341,1553.0,0.0
2023-03-20 16:57:34.729000+00:00,1937.0,0.01100000000000012,1937.0,0.006000000000000227,1556.0,0.021999999999998465
2023-03-20 16:57:39.729000+00:00,1938.0,0.0030000000000001137,1938.0,0.0030000000000001137,1557.0,0.006000000000000227
2023-03-20 16:57:44.729000+00:00,1942.0,0.012000000000000455,1942.0,0.011999999999999567,1559.0,0.06099999999999994
2023-03-20 16:57:49.729000+00:00,1943.0,0.0030000000000001137,1944.0,0.006999999999999673,1560.0,0.006000000000000227
2023-03-20 16:57:54.729000+00:00,1944.0,0.0029999999999992255,1944.0,0.0,1561.0,0.007999999999999119
2023-03-20 16:57:59.729000+00:00,1945.0,0.0030000000000001137,1945.0,0.004000000000000448,1562.0,0.006000000000000227
2023-03-20 16:58:04.729000+00:00,1946.0,0.0030000000000001137,1946.0,0.0030000000000001137,1562.0,0.0
2023-03-20 16:58:09.729000+00:00,1947.0,0.0030000000000001137,1947.0,0.0030000000000001137,1563.0,0.008000000000002672
2023-03-20 16:58:14.729000+00:00,1949.0,0.006999999999999673,1949.0,0.006999999999999673,1565.0,0.01699999999999946
2023-03-20 16:58:19.729000+00:00,1950.0,0.0030000000000001137,1950.0,0.0030000000000001137,1565.0,0.0
2023-03-20 16:58:24.729000+00:00,1951.0,0.0030000000000001137,1951.0,0.0030000000000001137,1566.0,0.004999999999999005
2023-03-20 16:58:29.729000+00:00,1953.0,0.006000000000000227,1954.0,0.008999999999999453,1567.0,0.021999999999998465
2023-03-20 16:58:34.729000+00:00,1955.0,0.006999999999999673,1956.0,0.006000000000000227,1568.0,0.0070000000000014495
2023-03-20 16:58:39.729000+00:00,1958.0,0.008000000000000007,1959.0,0.009000000000000341,1571.0,0.01899999999999835
2023-03-20 16:58:44.729000+00:00,1959.0,0.0030000000000001137,1959.0,0.0,1572.0,0.0070000000000014495
2023-03-20 16:58:49.729000+00:00,1960.0,0.0030000000000001137,1960.0,0.0030000000000001137,1573.0,0.004999999999999005
2023-03-20 16:58:54.729000+00:00,1962.0,0.004999999999999893,1962.0,0.005999999999999339,1575.0,0.028000000000002245
2023-03-20 16:58:59.729000+00:00,1965.0,0.009999999999999787,1967.0,0.015000000000000568,1577.0,0.2859999999999978
2023-03-20 16:59:04.729000+00:00,1969.0,0.0129999999999999,1969.0,0.006999999999999673,1581.0,0.02400000000000091
2023-03-20 16:59:09.729000+00:00,1970.0,0.0030000000000001137,1970.0,0.004000000000000448,1582.0,0.009000000000000341
2023-03-20 16:59:14.729000+00:00,1971.0,0.004000000000000448,1971.0,0.0039999999999995595,1583.0,0.004999999999999005
2023-03-20 16:59:19.729000+00:00,1974.0,0.008999999999999453,1974.0,0.0129999999999999,1586.0,0.022000000000002018
2023-03-20 16:59:24.729000+00:00,1976.0,0.005000000000000782,1976.0,0.006000000000000227,1587.0,0.009000000000000341
2023-03-20 16:59:29.729000+00:00,1980.0,0.011999999999999567,1980.0,0.011999999999999567,1591.0,0.0259999999999998
2023-03-20 16:59:34.729000+00:00,1981.0,0.0030000000000001137,1981.0,0.004000000000000448,1591.0,0.0
2023-03-20 16:59:39.729000+00:00,1983.0,0.006000000000000227,1984.0,0.009000000000000341,1593.0,0.012000000000000455
2023-03-20 16:59:44.729000+00:00,1987.0,0.009999999999999787,1988.0,0.010999999999999233,1596.0,0.01899999999999835
2023-03-20 16:59:49.729000+00:00,1988.0,0.0030000000000001137,1988.0,0.0,1597.0,0.0070000000000014495
2023-03-20 16:59:54.729000+00:00,1991.0,0.008999999999999453,1991.0,0.008000000000000007,1599.0,0.014999999999997016
2023-03-20 16:59:59.729000+00:00,1992.0,0.0030000000000001137,1992.0,0.0030000000000001137,1600.0,0.0070000000000014495
2023-03-20 17:00:04.729000+00:00,1993.0,0.0030000000000001137,1994.0,0.006000000000000227,1601.0,0.007999999999999119
2023-03-20 17:00:09.729000+00:00,1995.0,0.006000000000000227,1996.0,0.006000000000000227,1603.0,0.010999999999999233
2023-03-20 17:00:14.729000+00:00,1997.0,0.006000000000000227,1997.0,0.0030000000000001137,1604.0,0.006000000000000227
2023-03-20 17:00:19.729000+00:00,1997.0,0.0,1997.0,0.0,1604.0,0.0
2023-03-20 17:00:24.729000+00:00,1998.0,0.0029999999999992255,1998.0,0.0029999999999992255,1605.0,0.009000000000000341
2023-03-20 17:00:29.729000+00:00,2001.0,0.009000000000000341,2001.0,0.009000000000000341,1608.0,0.20700000000000074
2023-03-20 17:00:34.729000+00:00,2002.0,0.0030000000000001137,2002.0,0.0030000000000001137,1608.0,0.0
2023-03-20 17:00:39.729000+00:00,2005.0,0.009000000000000341,2005.0,0.009999999999999787,1610.0,0.010999999999999233
2023-03-20 17:00:44.729000+00:00,2005.0,0.0,2005.0,0.0,1610.0,0.0
2023-03-20 17:00:49.729000+00:00,2007.0,0.005999999999999339,2008.0,0.009000000000000341,1612.0,0.011000000000002785
2023-03-20 17:00:54.729000+00:00,2008.0,0.0030000000000001137,2009.0,0.0030000000000001137,1612.0,0.0
2023-03-20 17:00:59.729000+00:00,2011.0,0.009000000000000341,2011.0,0.005999999999999339,1615.0,0.01699999999999946
2023-03-20 17:01:04.729000+00:00,2012.0,0.0039999999999995595,2013.0,0.006000000000000227,1615.0,0.0
2023-03-20 17:01:09.729000+00:00,2015.0,0.010000000000000675,2016.0,0.009999999999999787,1617.0,0.012000000000000455
2023-03-20 17:01:14.729000+00:00,2016.0,0.0029999999999992255,2017.0,0.004000000000000448,1618.0,0.006000000000000227
2023-03-20 17:01:19.729000+00:00,2022.0,0.018000000000000682,2023.0,0.019000000000000128,1622.0,0.023999999999997357
2023-03-20 17:01:24.729000+00:00,2024.0,0.008000000000000007,2025.0,0.006999999999999673,1623.0,0.006000000000000227
2023-03-20 17:01:29.729000+00:00,2026.0,0.006999999999999673,2027.0,0.006000000000000227,1625.0,0.015000000000000568
2023-03-20 17:01:34.729000+00:00,2030.0,0.011999999999999567,2032.0,0.016000000000000014,1627.0,0.012000000000000455
2023-03-20 17:01:39.729000+00:00,2033.0,0.008000000000000007,2033.0,0.0030000000000001137,1631.0,0.0259999999999998
2023-03-20 17:01:44.729000+00:00,2036.0,0.009000000000000341,2036.0,0.008999999999999453,1632.0,0.0070000000000014495
2023-03-20 17:01:49.729000+00:00,2037.0,0.0030000000000001137,2037.0,0.004000000000000448,1633.0,0.006999999999997897
2023-03-20 17:01:54.729000+00:00,2038.0,0.0030000000000001137,2038.0,0.0030000000000001137,1633.0,0.0
2023-03-20 17:01:59.729000+00:00,2039.0,0.0039999999999995595,2039.0,0.0030000000000001137,1634.0,0.0070000000000014495
2023-03-20 17:02:04.729000+00:00,2040.0,0.002000000000000668,2041.0,0.005999999999999339,1635.0,0.21499999999999986
2023-03-20 17:02:09.729000+00:00,2041.0,0.0029999999999992255,2042.0,0.004000000000000448,1636.0,0.006000000000000227
2023-03-20 17:02:14.729000+00:00,2042.0,0.004000000000000448,2043.0,0.0039999999999995595,1636.0,0.0
2023-03-20 17:02:19.729000+00:00,2043.0,0.0030000000000001137,2043.0,0.0,1637.0,0.007999999999999119
2023-03-20 17:02:24.729000+00:00,2044.0,0.0030000000000001137,2044.0,0.0030000000000001137,1638.0,0.006000000000000227
2023-03-20 17:02:29.729000+00:00,2045.0,0.0030000000000001137,2045.0,0.0030000000000001137,1639.0,0.009000000000000341
2023-03-20 17:02:34.729000+00:00,2046.0,0.0039999999999995595,2047.0,0.004999999999999893,1639.0,0.0
2023-03-20 17:02:39.729000+00:00,2050.0,0.009000000000000341,2050.0,0.009000000000000341,1642.0,0.021000000000000796
2023-03-20 17:02:44.729000+00:00,2053.0,0.008999999999999453,2053.0,0.009999999999999787,1644.0,0.011999999999996902
2023-03-20 17:02:49.729000+00:00,2054.0,0.0030000000000001137,2054.0,0.0030000000000001137,1645.0,0.0070000000000014495
2023-03-20 17:02:54.729000+00:00,2056.0,0.004999999999999893,2056.0,0.006000000000000227,1647.0,0.010999999999999233
2023-03-20 17:02:59.729000+00:00,2056.0,0.0,2056.0,0.0,1647.0,0.0
2023-03-20 17:03:04.729000+00:00,2057.0,0.0030000000000001137,2057.0,0.0030000000000001137,1647.0,0.0
2023-03-20 17:03:09.729000+00:00,2059.0,0.007000000000000561,2059.0,0.005999999999999339,1649.0,0.015000000000000568
2023-03-20 17:03:14.729000+00:00,2060.0,0.0029999999999992255,2060.0,0.0030000000000001137,1650.0,0.007999999999999119
2023-03-20 17:03:19.729000+00:00,2060.0,0.0,2060.0,0.0,1650.0,0.0
2023-03-20 17:03:24.729000+00:00,2063.0,0.009000000000000341,2063.0,0.009000000000000341,1653.0,0.021000000000000796
2023-03-20 17:03:29.729000+00:00,2067.0,0.014000000000000234,2067.0,0.011999999999999567,1655.0,0.013000000000001677
2023-03-20 17:03:34.729000+00:00,2070.0,0.008000000000000007,2070.0,0.009000000000000341,1657.0,0.00999999999999801
2023-03-20 17:03:39.729000+00:00,2070.0,0.0,2071.0,0.0030000000000001137,1657.0,0.0
2023-03-20 17:03:44.729000+00:00,2073.0,0.006999999999999673,2073.0,0.005999999999999339,1660.0,0.022999999999999687
2023-03-20 17:03:49.729000+00:00,2073.0,0.0,2073.0,0.0,1660.0,0.0
2023-03-20 17:03:54.729000+00:00,2073.0,0.0,2073.0,0.0,1660.0,0.0
2023-03-20 17:03:59.729000+00:00,2074.0,0.0030000000000001137,2074.0,0.0030000000000001137,1661.0,0.005000000000002558
2023-03-20 17:04:04.729000+00:00,2076.0,0.006000000000000227,2078.0,0.0129999999999999,1663.0,0.011999999999996902
2023-03-20 17:04:09.729000+00:00,2080.0,0.01100000000000012,2080.0,0.006000000000000227,1667.0,0.5470000000000006
2023-03-20 17:04:14.729000+00:00,2080.0,0.0,2081.0,0.0030000000000001137,1667.0,0.0
2023-03-20 17:04:19.729000+00:00,2082.0,0.005999999999999339,2082.0,0.0030000000000001137,1669.0,0.013000000000001677
2023-03-20 17:04:24.729000+00:00,2082.0,0.0,2082.0,0.0,1669.0,0.0
2023-03-20 17:04:29.729000+00:00,2085.0,0.009000000000000341,2085.0,0.010999999999999233,1672.0,0.01699999999999946
2023-03-20 17:04:34.729000+00:00,2088.0,0.009999999999999787,2088.0,0.008000000000000895,1674.0,0.012999999999998124
2023-03-20 17:04:39.729000+00:00,2088.0,0.0,2088.0,0.0,1674.0,0.0
2023-03-20 17:04:44.729000+00:00,2090.0,0.004999999999999893,2091.0,0.009000000000000341,1675.0,0.006000000000000227
2023-03-20 17:04:49.729000+00:00,2091.0,0.0030000000000001137,2091.0,0.0,1676.0,0.0070000000000014495
2023-03-20 17:04:54.729000+00:00,2094.0,0.009999999999999787,2094.0,0.009000000000000341,1678.0,0.010999999999999233
2023-03-20 17:04:59.729000+00:00,2095.0,0.002000000000000668,2095.0,0.0029999999999983373,1679.0,0.005000000000002558
2023-03-20 17:05:04.729000+00:00,2096.0,0.0030000000000001137,2096.0,0.0030000000000001137,1680.0,0.005999999999996675
2023-03-20 17:05:09.729000+00:00,2097.0,0.0029999999999992255,2097.0,0.0030000000000001137,1681.0,0.10500000000000043
2023-03-20 17:05:14.729000+00:00,2099.0,0.006000000000000227,2100.0,0.008000000000000895,1682.0,0.005000000000002558
2023-03-20 17:05:19.729000+00:00,2100.0,0.0030000000000001137,2100.0,0.0,1683.0,0.009000000000000341
2023-03-20 17:05:24.729000+00:00,2101.0,0.0030000000000001137,2101.0,0.0030000000000001137,1684.0,0.005999999999996675
2023-03-20 17:05:29.729000+00:00,2102.0,0.0019999999999997797,2102.0,0.0030000000000001137,1685.0,0.005000000000002558
2023-03-20 17:05:34.729000+00:00,2103.0,0.0030000000000001137,2104.0,0.006000000000000227,1686.0,0.006000000000000227
2023-03-20 17:05:39.729000+00:00,2105.0,0.006999999999999673,2106.0,0.006999999999999673,1687.0,0.006999999999997897
2023-03-20 17:05:44.729000+00:00,2108.0,0.009000000000000341,2109.0,0.007999999999999119,1690.0,0.01699999999999946
2023-03-20 17:05:49.729000+00:00,2112.0,0.012000000000000455,2112.0,0.009000000000000341,1694.0,0.03300000000000125
2023-03-20 17:05:54.729000+00:00,2114.0,0.005999999999999339,2114.0,0.006999999999999673,1696.0,0.012000000000000455
2023-03-20 17:05:59.729000+00:00,2115.0,0.004000000000000448,2116.0,0.006000000000000227,1697.0,0.006000000000000227
2023-03-20 17:06:04.729000+00:00,2116.0,0.0039999999999995595,2116.0,0.0,1698.0,0.006999999999997897
2023-03-20 17:06:09.729000+00:00,2117.0,0.004000000000000448,2117.0,0.0039999999999995595,1698.0,0.0
2023-03-20 17:06:14.729000+00:00,2119.0,0.006999999999999673,2120.0,0.009999999999999787,1698.0,0.0
2023-03-20 17:06:19.729000+00:00,2121.0,0.006000000000000227,2121.0,0.004000000000001336,1699.0,0.008000000000002672
2023-03-20 17:06:24.729000+00:00,2122.0,0.0030000000000001137,2122.0,0.0030000000000001137,1699.0,0.0
2023-03-20 17:06:29.729000+00:00,2124.0,0.005999999999999339,2125.0,0.007999999999999119,1700.0,0.007999999999999119
