timestamp,container_fs_usage_bytes,container_memory_rss,container_memory_usage_bytes,container_memory_working_set_bytes,container_cpu_system_seconds_total,container_cpu_usage_seconds_total,container_cpu_user_seconds_total,container_network_receive_bytes_total,container_network_receive_errors_total,container_network_receive_packets_dropped_total,container_network_receive_packets_total,container_network_transmit_bytes_total,container_network_transmit_errors_total,container_network_transmit_packets_dropped_total,container_network_transmit_packets_total,container_fs_io_time_seconds_total,container_memory_failures_total,container_memory_failcnt,container_fs_write_seconds_total
2023-03-29 01:15:04.566000+00:00,360448.0,27697152.0,31748096.0,31748096.0,1.87,0.471482347,8.2,250805.0,0.0,0.0,1443.0,851801.0,0.0,0.0,1582.0,0.0,,0.0,0.0
2023-03-29 01:15:08.830000+00:00,360448.0,27799552.0,31887360.0,31887360.0,1.87,0.471482347,8.21,251608.0,0.0,0.0,1447.0,856307.0,0.0,0.0,1587.0,0.0,0.0,0.0,0.0
2023-03-29 01:15:14.905000+00:00,360448.0,27799552.0,31887360.0,31887360.0,1.88,0.471482347,8.26,251608.0,0.0,0.0,1447.0,856307.0,0.0,0.0,1587.0,0.0,0.0,0.0,0.0
2023-03-29 01:15:19.719000+00:00,360448.0,28110848.0,32370688.0,32370688.0,1.9,0.471482347,8.34,253214.0,0.0,0.0,1455.0,865319.0,0.0,0.0,1597.0,0.0,0.0,0.0,0.0
2023-03-29 01:15:24.316000+00:00,360448.0,27398144.0,31580160.0,31580160.0,1.9,0.471482347,8.34,254017.0,0.0,0.0,1459.0,869825.0,0.0,0.0,1602.0,0.0,0.0,0.0,0.0
2023-03-29 01:15:29.696000+00:00,360448.0,27508736.0,31543296.0,31543296.0,1.9,0.471482347,8.35,254820.0,0.0,0.0,1463.0,874331.0,0.0,0.0,1607.0,0.0,0.0,0.0,0.0
2023-03-29 01:15:34.681000+00:00,360448.0,27656192.0,31805440.0,31805440.0,1.91,0.471482347,8.42,255623.0,0.0,0.0,1467.0,878837.0,0.0,0.0,1612.0,0.0,0.0,0.0,0.0
2023-03-29 01:15:39.668000+00:00,360448.0,27766784.0,31858688.0,31858688.0,1.91,0.471482347,8.42,256426.0,0.0,0.0,1471.0,883343.0,0.0,0.0,1617.0,0.0,0.0,0.0,0.0
2023-03-29 01:15:43.985000+00:00,360448.0,27766784.0,31858688.0,31858688.0,1.94,0.471482347,8.49,256426.0,0.0,0.0,1471.0,883343.0,0.0,0.0,1617.0,0.0,0.0,0.0,0.0
2023-03-29 01:15:49.312000+00:00,360448.0,28024832.0,32067584.0,32067584.0,1.94,0.471482347,8.5,258032.0,0.0,0.0,1479.0,892355.0,0.0,0.0,1627.0,0.0,0.0,0.0,0.0
2023-03-29 01:15:54.359000+00:00,360448.0,27598848.0,31670272.0,31670272.0,1.98,0.471482347,8.56,258889.0,0.0,0.0,1484.0,896935.0,0.0,0.0,1633.0,0.0,0.0,0.0,0.0
2023-03-29 01:15:59.672000+00:00,376832.0,27701248.0,31797248.0,31797248.0,1.98,0.471482347,8.57,259776.0,0.0,0.0,1490.0,901525.0,0.0,0.0,1640.0,0.0,0.0,0.0,0.0
2023-03-29 01:16:04.849000+00:00,376832.0,27856896.0,31965184.0,31965184.0,2.0,0.471482347,8.64,260579.0,0.0,0.0,1494.0,906031.0,0.0,0.0,1645.0,0.0,0.0,0.0,0.0
2023-03-29 01:16:08.289000+00:00,376832.0,28155904.0,32333824.0,32333824.0,2.0,0.471482347,8.65,261382.0,0.0,0.0,1498.0,910537.0,0.0,0.0,1650.0,0.0,0.0,0.0,0.0
2023-03-29 01:16:14.550000+00:00,376832.0,28155904.0,32333824.0,32333824.0,2.02,0.471482347,8.72,261382.0,0.0,0.0,1498.0,910537.0,0.0,0.0,1650.0,0.0,0.0,0.0,0.0
2023-03-29 01:16:18.652000+00:00,376832.0,28413952.0,32518144.0,32518144.0,2.02,0.471482347,8.72,262988.0,0.0,0.0,1506.0,919549.0,0.0,0.0,1660.0,0.0,0.0,0.0,0.0
2023-03-29 01:16:24.568000+00:00,376832.0,27783168.0,31895552.0,31895552.0,2.06,0.471482347,8.72,263791.0,0.0,0.0,1510.0,924055.0,0.0,0.0,1665.0,0.0,0.0,0.0,0.0
2023-03-29 01:16:29.875000+00:00,376832.0,27889664.0,31948800.0,31948800.0,2.06,0.471482347,8.79,264594.0,0.0,0.0,1514.0,928561.0,0.0,0.0,1670.0,0.0,0.0,0.0,0.0
2023-03-29 01:16:34.348000+00:00,376832.0,28041216.0,32149504.0,32149504.0,2.07,0.471482347,8.87,265397.0,0.0,0.0,1518.0,933067.0,0.0,0.0,1675.0,0.0,0.0,0.0,0.0
2023-03-29 01:16:37.925000+00:00,376832.0,28151808.0,32247808.0,32247808.0,2.07,0.471482347,8.88,266200.0,0.0,0.0,1522.0,937573.0,0.0,0.0,1680.0,0.0,0.0,0.0,0.0
2023-03-29 01:16:43.434000+00:00,376832.0,28151808.0,32247808.0,32247808.0,2.09,0.471482347,8.94,266200.0,0.0,0.0,1522.0,937573.0,0.0,0.0,1680.0,0.0,0.0,0.0,0.0
2023-03-29 01:16:49.712000+00:00,376832.0,28409856.0,32473088.0,32473088.0,2.09,0.471482347,8.94,267806.0,0.0,0.0,1530.0,946585.0,0.0,0.0,1690.0,0.0,0.0,0.0,0.0
2023-03-29 01:16:53.909000+00:00,389120.0,27893760.0,32296960.0,32296960.0,2.12,0.471482347,8.94,268663.0,0.0,0.0,1535.0,951165.0,0.0,0.0,1696.0,0.0,0.0,0.0,0.0
2023-03-29 01:16:59.478000+00:00,389120.0,27996160.0,32120832.0,32120832.0,2.12,0.471482347,9.02,269550.0,0.0,0.0,1541.0,955755.0,0.0,0.0,1703.0,0.0,0.0,0.0,0.0
2023-03-29 01:17:03.238000+00:00,389120.0,28008448.0,32538624.0,32538624.0,2.15,0.471482347,9.09,270353.0,0.0,0.0,1545.0,960261.0,0.0,0.0,1708.0,0.0,0.0,0.0,0.0
2023-03-29 01:17:08.637000+00:00,389120.0,28114944.0,32227328.0,32227328.0,2.15,0.471482347,9.1,271156.0,0.0,0.0,1549.0,964767.0,0.0,0.0,1713.0,0.0,0.0,0.0,0.0
2023-03-29 01:17:14.111000+00:00,389120.0,28114944.0,32227328.0,32227328.0,2.17,0.471482347,9.16,271156.0,0.0,0.0,1549.0,964767.0,0.0,0.0,1713.0,0.0,0.0,0.0,0.0
2023-03-29 01:17:18.870000+00:00,389120.0,28377088.0,32587776.0,32587776.0,2.17,0.471482347,9.16,272762.0,0.0,0.0,1557.0,973779.0,0.0,0.0,1723.0,0.0,0.0,0.0,0.0
2023-03-29 01:17:24.399000+00:00,389120.0,28528640.0,32894976.0,32894976.0,2.18,0.471482347,9.16,273565.0,0.0,0.0,1561.0,978285.0,0.0,0.0,1728.0,0.0,0.0,0.0,0.0
2023-03-29 01:17:28.926000+00:00,389120.0,27930624.0,31997952.0,31997952.0,2.18,0.471482347,9.23,274368.0,0.0,0.0,1565.0,982791.0,0.0,0.0,1733.0,0.0,0.0,0.0,0.0
2023-03-29 01:17:34.211000+00:00,389120.0,28086272.0,32231424.0,32231424.0,2.2,0.03476847,9.23,275171.0,0.0,0.0,1569.0,987297.0,0.0,0.0,1738.0,0.0,0.0,0.0,0.0
2023-03-29 01:17:39.437000+00:00,389120.0,28192768.0,32264192.0,32264192.0,2.2,0.471482347,9.3,275974.0,0.0,0.0,1573.0,991803.0,0.0,0.0,1743.0,0.0,0.0,0.0,0.0
2023-03-29 01:17:43.847000+00:00,389120.0,28295168.0,32378880.0,32378880.0,2.2,0.471482347,9.3,276777.0,0.0,0.0,1573.0,991803.0,0.0,0.0,1743.0,0.0,0.0,0.0,0.0
2023-03-29 01:17:49.520000+00:00,389120.0,28446720.0,32579584.0,32579584.0,2.24,0.471482347,9.36,277580.0,0.0,0.0,1581.0,1000815.0,0.0,0.0,1753.0,0.0,0.0,0.0,0.0
2023-03-29 01:17:54.653000+00:00,405504.0,27942912.0,32370688.0,32370688.0,2.27,0.471482347,9.42,278507.0,0.0,0.0,1587.0,1005395.0,0.0,0.0,1759.0,0.0,0.0,0.0,0.0
2023-03-29 01:17:58.839000+00:00,405504.0,28049408.0,32174080.0,32174080.0,2.27,0.471482347,9.44,279394.0,0.0,0.0,1593.0,1009985.0,0.0,0.0,1766.0,0.0,0.0,0.0,0.0
2023-03-29 01:18:04.859000+00:00,405504.0,28049408.0,32858112.0,32858112.0,2.29,0.471482347,9.48,280197.0,0.0,0.0,1597.0,1014491.0,0.0,0.0,1771.0,0.0,0.0,0.0,0.0
2023-03-29 01:18:09.292000+00:00,405504.0,28307456.0,32423936.0,32423936.0,2.3,0.471482347,9.5,281000.0,0.0,0.0,1601.0,1018997.0,0.0,0.0,1776.0,0.0,0.0,0.0,0.0
2023-03-29 01:18:14.229000+00:00,405504.0,28413952.0,32489472.0,32489472.0,2.3,0.471482347,9.51,281803.0,0.0,0.0,1605.0,1023503.0,0.0,0.0,1781.0,0.0,0.0,0.0,0.0
2023-03-29 01:18:18.522000+00:00,405504.0,28565504.0,32645120.0,32645120.0,2.31,0.471482347,9.58,282606.0,0.0,0.0,1609.0,1028009.0,0.0,0.0,1786.0,0.0,0.0,0.0,0.0
2023-03-29 01:18:23.522000+00:00,405504.0,28565504.0,32780288.0,32780288.0,2.32,0.471482347,9.58,283409.0,0.0,0.0,1613.0,1032515.0,0.0,0.0,1791.0,0.0,0.0,0.0,0.0
2023-03-29 01:18:28.728000+00:00,405504.0,28028928.0,32342016.0,32342016.0,2.32,0.471482347,9.66,284212.0,0.0,0.0,1617.0,1037021.0,0.0,0.0,1796.0,0.0,0.0,0.0,0.0
2023-03-29 01:18:34.089000+00:00,405504.0,28028928.0,32231424.0,32231424.0,2.32,0.471482347,9.67,285015.0,0.0,0.0,1621.0,1041527.0,0.0,0.0,1801.0,0.0,0.0,0.0,0.0
2023-03-29 01:18:39.039000+00:00,405504.0,28295168.0,32542720.0,32542720.0,2.34,0.471482347,9.74,285818.0,0.0,0.0,1625.0,1046033.0,0.0,0.0,1806.0,0.0,0.0,0.0,0.0
2023-03-29 01:18:44.793000+00:00,405504.0,28401664.0,32501760.0,32501760.0,2.34,0.471482347,9.74,286621.0,0.0,0.0,1629.0,1050539.0,0.0,0.0,1811.0,0.0,0.0,0.0,0.0
2023-03-29 01:18:49.380000+00:00,405504.0,28549120.0,32763904.0,32763904.0,2.36,0.471482347,9.8,287424.0,0.0,0.0,1633.0,1055045.0,0.0,0.0,1816.0,0.0,0.0,0.0,0.0
2023-03-29 01:18:54.132000+00:00,405504.0,28753920.0,33034240.0,33034240.0,2.38,0.471482347,9.81,288388.0,0.0,0.0,1639.0,1059625.0,0.0,0.0,1822.0,0.0,0.0,0.0,0.0
2023-03-29 01:18:59.385000+00:00,421888.0,28135424.0,32415744.0,32415744.0,2.4,0.471482347,9.88,289275.0,0.0,0.0,1645.0,1064215.0,0.0,0.0,1829.0,0.0,0.0,0.0,0.0
2023-03-29 01:19:03.892000+00:00,421888.0,28246016.0,32354304.0,32354304.0,2.4,0.471482347,9.88,290078.0,0.0,0.0,1649.0,1068721.0,0.0,0.0,1834.0,0.0,0.0,0.0,0.0
2023-03-29 01:19:08.448000+00:00,421888.0,28401664.0,32804864.0,32804864.0,2.42,0.471482347,9.95,290881.0,0.0,0.0,1653.0,1073227.0,0.0,0.0,1839.0,0.0,0.0,0.0,0.0
2023-03-29 01:19:14.126000+00:00,421888.0,28401664.0,32804864.0,32804864.0,2.42,0.471482347,9.96,290881.0,0.0,0.0,1653.0,1077733.0,0.0,0.0,1844.0,0.0,0.0,0.0,0.0
2023-03-29 01:19:18.733000+00:00,421888.0,28667904.0,33132544.0,33132544.0,2.45,0.471482347,10.01,292487.0,0.0,0.0,1661.0,1082239.0,0.0,0.0,1849.0,0.0,0.0,0.0,0.0
2023-03-29 01:19:24.874000+00:00,421888.0,28667904.0,32903168.0,32903168.0,2.46,0.471482347,10.02,293290.0,0.0,0.0,1665.0,1086745.0,0.0,0.0,1854.0,0.0,0.0,0.0,0.0
2023-03-29 01:19:28.607000+00:00,421888.0,28241920.0,32583680.0,32583680.0,2.48,0.471482347,10.08,294093.0,0.0,0.0,1669.0,1091251.0,0.0,0.0,1859.0,0.0,0.0,0.0,0.0
2023-03-29 01:19:34.029000+00:00,421888.0,28352512.0,32464896.0,32464896.0,2.48,0.471482347,10.08,294896.0,0.0,0.0,1673.0,1095757.0,0.0,0.0,1864.0,0.0,0.0,0.0,0.0
2023-03-29 01:19:38.973000+00:00,421888.0,28495872.0,32862208.0,32862208.0,2.49,0.471482347,10.15,295699.0,0.0,0.0,1677.0,1100263.0,0.0,0.0,1869.0,0.0,0.0,0.0,0.0
2023-03-29 01:19:44.910000+00:00,421888.0,28495872.0,32862208.0,32862208.0,2.49,0.471482347,10.16,295699.0,0.0,0.0,1677.0,1100263.0,0.0,0.0,1874.0,0.0,0.0,0.0,0.0
2023-03-29 01:19:49.403000+00:00,421888.0,28762112.0,32903168.0,32903168.0,2.51,0.471482347,10.22,297305.0,0.0,0.0,1685.0,1109275.0,0.0,0.0,1879.0,0.0,0.0,0.0,0.0
2023-03-29 01:19:54.915000+00:00,434176.0,28958720.0,33042432.0,33042432.0,2.52,0.471482347,10.24,298162.0,0.0,0.0,1690.0,1113855.0,0.0,0.0,1885.0,0.0,0.0,0.0,0.0
2023-03-29 01:19:59.862000+00:00,434176.0,28344320.0,32485376.0,32485376.0,2.54,0.471482347,10.3,299049.0,0.0,0.0,1696.0,1118445.0,0.0,0.0,1892.0,0.0,0.0,0.0,0.0
2023-03-29 01:20:04.438000+00:00,434176.0,28454912.0,32546816.0,32546816.0,2.54,0.471482347,10.31,299852.0,0.0,0.0,1700.0,1122951.0,0.0,0.0,1897.0,0.0,0.0,0.0,0.0
2023-03-29 01:20:08.748000+00:00,434176.0,28565504.0,32690176.0,32690176.0,2.55,0.471482347,10.32,300655.0,0.0,0.0,1704.0,1127457.0,0.0,0.0,1902.0,0.0,0.0,0.0,0.0
2023-03-29 01:20:13.694000+00:00,434176.0,28565504.0,32690176.0,32690176.0,2.57,0.471482347,10.38,300655.0,0.0,0.0,1704.0,1127457.0,0.0,0.0,1907.0,0.0,0.0,0.0,0.0
2023-03-29 01:20:19.456000+00:00,434176.0,28823552.0,32944128.0,32944128.0,2.57,0.471482347,10.39,302261.0,0.0,0.0,1712.0,1136469.0,0.0,0.0,1912.0,0.0,0.0,0.0,0.0
2023-03-29 01:20:23.345000+00:00,434176.0,28971008.0,33144832.0,33144832.0,2.6,0.471482347,10.45,303064.0,0.0,0.0,1716.0,1140975.0,0.0,0.0,1917.0,0.0,0.0,0.0,0.0
2023-03-29 01:20:28.824000+00:00,434176.0,29081600.0,33202176.0,33202176.0,2.6,0.471482347,10.45,303867.0,0.0,0.0,1720.0,1145481.0,0.0,0.0,1922.0,0.0,0.0,0.0,0.0
2023-03-29 01:20:33.747000+00:00,434176.0,28442624.0,32567296.0,32567296.0,2.62,0.471482347,10.52,304670.0,0.0,0.0,1724.0,1149987.0,0.0,0.0,1927.0,0.0,0.0,0.0,0.0
2023-03-29 01:20:38.765000+00:00,434176.0,28545024.0,32665600.0,32665600.0,2.63,0.471482347,10.53,305473.0,0.0,0.0,1728.0,1154493.0,0.0,0.0,1932.0,0.0,0.0,0.0,0.0
2023-03-29 01:20:43.838000+00:00,434176.0,28696576.0,32665600.0,32665600.0,2.66,0.471482347,10.58,305473.0,0.0,0.0,1728.0,1154493.0,0.0,0.0,1932.0,0.0,0.0,0.0,0.0
2023-03-29 01:20:48.119000+00:00,434176.0,28807168.0,32886784.0,32886784.0,2.66,0.471482347,10.6,307079.0,0.0,0.0,1736.0,1163505.0,0.0,0.0,1942.0,0.0,0.0,0.0,0.0
2023-03-29 01:20:54.202000+00:00,434176.0,29052928.0,33337344.0,33337344.0,2.69,0.471482347,10.67,307936.0,0.0,0.0,1741.0,1168085.0,0.0,0.0,1948.0,0.0,0.0,0.0,0.0
2023-03-29 01:20:58.219000+00:00,458752.0,29155328.0,33247232.0,33247232.0,2.69,0.471482347,10.68,308823.0,0.0,0.0,1747.0,1172675.0,0.0,0.0,1955.0,0.0,0.0,0.0,0.0
2023-03-29 01:21:04.253000+00:00,458752.0,28635136.0,32784384.0,32784384.0,2.71,0.471482347,10.68,309626.0,0.0,0.0,1751.0,1177181.0,0.0,0.0,1960.0,0.0,0.0,0.0,0.0
2023-03-29 01:21:08.995000+00:00,458752.0,28737536.0,32886784.0,32886784.0,2.71,0.471482347,10.75,310429.0,0.0,0.0,1755.0,1181687.0,0.0,0.0,1965.0,0.0,0.0,0.0,0.0
2023-03-29 01:21:14.391000+00:00,458752.0,28737536.0,32886784.0,32886784.0,2.73,0.471482347,10.82,310429.0,0.0,0.0,1755.0,1181687.0,0.0,0.0,1965.0,0.0,0.0,0.0,0.0
2023-03-29 01:21:19.051000+00:00,458752.0,28995584.0,33099776.0,33099776.0,2.73,0.471482347,10.83,312035.0,0.0,0.0,1763.0,1190699.0,0.0,0.0,1975.0,0.0,0.0,0.0,0.0
2023-03-29 01:21:24.148000+00:00,458752.0,29155328.0,33398784.0,33398784.0,2.75,0.471482347,10.9,312838.0,0.0,0.0,1767.0,1195205.0,0.0,0.0,1980.0,0.0,0.0,0.0,0.0
2023-03-29 01:21:29.430000+00:00,458752.0,29257728.0,33480704.0,33480704.0,2.75,0.471482347,10.9,313641.0,0.0,0.0,1771.0,1199711.0,0.0,0.0,1985.0,0.0,0.0,0.0,0.0
2023-03-29 01:21:34.076000+00:00,458752.0,28729344.0,32948224.0,32948224.0,2.77,0.471482347,10.97,314444.0,0.0,0.0,1775.0,1204217.0,0.0,0.0,1990.0,0.0,0.0,0.0,0.0
2023-03-29 01:21:39.421000+00:00,458752.0,28831744.0,32956416.0,32956416.0,2.77,0.471482347,10.98,315247.0,0.0,0.0,1779.0,1208723.0,0.0,0.0,1995.0,0.0,0.0,0.0,0.0
2023-03-29 01:21:44.888000+00:00,458752.0,28831744.0,32956416.0,32956416.0,2.8,0.471482347,10.98,315247.0,0.0,0.0,1779.0,1208723.0,0.0,0.0,2000.0,0.0,0.0,0.0,0.0
2023-03-29 01:21:49.595000+00:00,458752.0,29093888.0,33226752.0,33226752.0,2.8,0.471482347,11.04,316853.0,0.0,0.0,1787.0,1217735.0,0.0,0.0,2005.0,0.0,0.0,0.0,0.0
2023-03-29 01:21:54.813000+00:00,458752.0,29347840.0,33509376.0,33509376.0,2.83,0.471482347,11.13,317710.0,0.0,0.0,1792.0,1222315.0,0.0,0.0,2011.0,0.0,0.0,0.0,0.0
2023-03-29 01:21:59.039000+00:00,466944.0,29450240.0,33603584.0,33603584.0,2.84,0.471482347,11.14,318597.0,0.0,0.0,1798.0,1226905.0,0.0,0.0,2018.0,0.0,0.0,0.0,0.0
2023-03-29 01:22:04.917000+00:00,466944.0,28876800.0,33021952.0,33021952.0,2.84,0.471482347,11.22,319400.0,0.0,0.0,1802.0,1231411.0,0.0,0.0,2023.0,0.0,0.0,0.0,0.0
2023-03-29 01:22:08.299000+00:00,466944.0,28979200.0,33116160.0,33116160.0,2.85,0.471482347,11.22,320203.0,0.0,0.0,1806.0,1235917.0,0.0,0.0,2028.0,0.0,0.0,0.0,0.0
2023-03-29 01:22:14.407000+00:00,466944.0,28979200.0,33116160.0,33116160.0,2.86,0.471482347,11.29,320203.0,0.0,0.0,1806.0,1235917.0,0.0,0.0,2033.0,0.0,0.0,0.0,0.0
2023-03-29 01:22:19.852000+00:00,466944.0,29237248.0,33333248.0,33333248.0,2.86,0.471482347,11.3,321809.0,0.0,0.0,1814.0,1244929.0,0.0,0.0,2038.0,0.0,0.0,0.0,0.0
2023-03-29 01:22:24.403000+00:00,466944.0,29237248.0,33722368.0,33722368.0,2.88,0.471482347,11.36,322612.0,0.0,0.0,1818.0,1249435.0,0.0,0.0,2043.0,0.0,0.0,0.0,0.0
2023-03-29 01:22:29.456000+00:00,466944.0,29503488.0,33603584.0,33603584.0,2.88,0.471482347,11.37,323415.0,0.0,0.0,1822.0,1253941.0,0.0,0.0,2048.0,0.0,0.0,0.0,0.0
2023-03-29 01:22:33.899000+00:00,466944.0,29650944.0,33902592.0,33902592.0,2.9,0.54193091,11.37,324218.0,0.0,0.0,1826.0,1258447.0,0.0,0.0,2053.0,0.0,0.0,0.0,0.0
2023-03-29 01:22:39.921000+00:00,466944.0,29011968.0,33103872.0,33103872.0,2.9,0.54193091,11.44,325021.0,0.0,0.0,1830.0,1262953.0,0.0,0.0,2058.0,0.0,0.0,0.0,0.0
2023-03-29 01:22:44.761000+00:00,466944.0,29011968.0,33103872.0,33103872.0,2.92,0.54193091,11.52,325021.0,0.0,0.0,1830.0,1262953.0,0.0,0.0,2063.0,0.0,0.0,0.0,0.0
2023-03-29 01:22:48.942000+00:00,466944.0,29089792.0,33198080.0,33198080.0,2.92,0.54193091,11.52,326627.0,0.0,0.0,1838.0,1271965.0,0.0,0.0,2068.0,0.0,0.0,0.0,0.0
2023-03-29 01:22:53.804000+00:00,479232.0,29089792.0,33562624.0,33562624.0,2.94,0.54193091,11.52,327484.0,0.0,0.0,1843.0,1276545.0,0.0,0.0,2074.0,0.0,0.0,0.0,0.0
2023-03-29 01:22:59.256000+00:00,479232.0,29446144.0,33546240.0,33546240.0,2.97,0.54193091,11.59,328371.0,0.0,0.0,1849.0,1281135.0,0.0,0.0,2081.0,0.0,0.0,0.0,0.0
2023-03-29 01:23:04.530000+00:00,479232.0,30851072.0,35872768.0,35872768.0,2.98,0.54193091,11.59,329174.0,0.0,0.0,1853.0,1285641.0,0.0,0.0,2086.0,0.0,0.0,0.0,0.0
2023-03-29 01:23:09.474000+00:00,479232.0,28954624.0,33071104.0,33071104.0,2.98,0.54193091,11.67,329977.0,0.0,0.0,1857.0,1290147.0,0.0,0.0,2091.0,0.0,0.0,0.0,0.0
2023-03-29 01:23:14.474000+00:00,479232.0,28954624.0,33071104.0,33071104.0,2.98,0.54193091,11.67,329977.0,0.0,0.0,1857.0,1294653.0,0.0,0.0,2096.0,0.0,0.0,0.0,0.0
2023-03-29 01:23:18.995000+00:00,479232.0,29216768.0,33329152.0,33329152.0,3.01,0.54193091,11.73,331583.0,0.0,0.0,1865.0,1299159.0,0.0,0.0,2101.0,0.0,0.0,0.0,0.0
2023-03-29 01:23:24.738000+00:00,479232.0,29216768.0,33468416.0,33468416.0,3.01,0.54193091,11.73,332386.0,0.0,0.0,1869.0,1303665.0,0.0,0.0,2106.0,0.0,0.0,0.0,0.0
2023-03-29 01:23:29.059000+00:00,479232.0,29470720.0,33619968.0,33619968.0,3.03,0.54193091,11.8,333189.0,0.0,0.0,1873.0,1308171.0,0.0,0.0,2111.0,0.0,0.0,0.0,0.0
2023-03-29 01:23:34.698000+00:00,479232.0,29577216.0,33685504.0,33685504.0,3.03,0.54193091,11.8,333992.0,0.0,0.0,1877.0,1312677.0,0.0,0.0,2116.0,0.0,0.0,0.0,0.0
2023-03-29 01:23:39.472000+00:00,479232.0,28938240.0,33050624.0,33050624.0,3.05,0.54193091,11.87,334795.0,0.0,0.0,1881.0,1317183.0,0.0,0.0,2121.0,0.0,0.0,0.0,0.0
2023-03-29 01:23:44.135000+00:00,479232.0,28938240.0,33050624.0,33050624.0,3.05,0.54193091,11.88,334795.0,0.0,0.0,1885.0,1321689.0,0.0,0.0,2126.0,0.0,0.0,0.0,0.0
2023-03-29 01:23:48.986000+00:00,479232.0,29200384.0,33390592.0,33390592.0,3.07,0.54193091,11.94,336401.0,0.0,0.0,1889.0,1326195.0,0.0,0.0,2131.0,0.0,0.0,0.0,0.0
2023-03-29 01:23:54.811000+00:00,479232.0,29200384.0,33546240.0,33546240.0,3.08,0.54193091,11.95,337258.0,0.0,0.0,1894.0,1330775.0,0.0,0.0,2137.0,0.0,0.0,0.0,0.0
2023-03-29 01:23:59.620000+00:00,495616.0,29548544.0,33685504.0,33685504.0,3.11,0.542115723,12.0,338145.0,0.0,0.0,1900.0,1335365.0,0.0,0.0,2144.0,0.0,0.0,0.0,0.0
2023-03-29 01:24:04.301000+00:00,495616.0,29655040.0,33808384.0,33808384.0,3.12,0.542115723,12.0,338948.0,0.0,0.0,1904.0,1339871.0,0.0,0.0,2149.0,0.0,0.0,0.0,0.0
2023-03-29 01:24:08.775000+00:00,495616.0,29040640.0,33341440.0,33341440.0,3.13,0.612751361,12.08,339751.0,0.0,0.0,1908.0,1344377.0,0.0,0.0,2154.0,0.0,0.0,0.0,0.0
2023-03-29 01:24:14.328000+00:00,495616.0,29147136.0,33341440.0,33341440.0,3.13,0.612751361,12.09,339751.0,0.0,0.0,1908.0,1344377.0,0.0,0.0,2159.0,0.0,0.0,0.0,0.0
2023-03-29 01:24:19.054000+00:00,495616.0,29298688.0,33427456.0,33427456.0,3.15,0.61294205,12.15,341357.0,0.0,0.0,1916.0,1353389.0,0.0,0.0,2164.0,0.0,0.0,0.0,0.0
2023-03-29 01:24:24.858000+00:00,495616.0,29405184.0,33521664.0,33521664.0,3.16,0.61294205,12.16,342160.0,0.0,0.0,1920.0,1357895.0,0.0,0.0,2169.0,0.0,0.0,0.0,0.0
2023-03-29 01:24:28.242000+00:00,495616.0,29556736.0,33734656.0,33734656.0,3.17,0.612988505,12.23,342963.0,0.0,0.0,1924.0,1362401.0,0.0,0.0,2174.0,0.0,0.0,0.0,0.0
2023-03-29 01:24:34.103000+00:00,495616.0,29659136.0,33763328.0,33763328.0,3.17,0.612988505,12.23,343766.0,0.0,0.0,1928.0,1366907.0,0.0,0.0,2179.0,0.0,0.0,0.0,0.0
2023-03-29 01:24:39.100000+00:00,495616.0,29122560.0,33288192.0,33288192.0,3.18,0.612988505,12.3,344569.0,0.0,0.0,1932.0,1371413.0,0.0,0.0,2184.0,0.0,0.0,0.0,0.0
2023-03-29 01:24:44.859000+00:00,495616.0,29229056.0,33398784.0,33398784.0,3.18,0.612988505,12.3,345372.0,0.0,0.0,1936.0,1375919.0,0.0,0.0,2189.0,0.0,0.0,0.0,0.0
2023-03-29 01:24:49.092000+00:00,495616.0,29376512.0,33562624.0,33562624.0,3.21,0.612988505,12.36,346175.0,0.0,0.0,1940.0,1380425.0,0.0,0.0,2194.0,0.0,0.0,0.0,0.0
2023-03-29 01:24:53.962000+00:00,495616.0,29577216.0,33824768.0,33824768.0,3.23,0.612988505,12.37,347032.0,0.0,0.0,1945.0,1385005.0,0.0,0.0,2200.0,0.0,0.0,0.0,0.0
2023-03-29 01:24:58.415000+00:00,512000.0,30797824.0,35581952.0,35581952.0,3.24,0.612988505,12.39,347919.0,0.0,0.0,1951.0,1389595.0,0.0,0.0,2207.0,0.0,0.0,0.0,0.0
2023-03-29 01:25:03.523000+00:00,512000.0,29831168.0,34004992.0,34004992.0,3.24,0.612988505,12.46,348722.0,0.0,0.0,1955.0,1394101.0,0.0,0.0,2212.0,0.0,0.0,0.0,0.0
2023-03-29 01:25:09.549000+00:00,512000.0,29216768.0,33558528.0,33558528.0,3.26,0.612988505,12.53,349525.0,0.0,0.0,1959.0,1398607.0,0.0,0.0,2217.0,0.0,0.0,0.0,0.0
2023-03-29 01:25:13.807000+00:00,512000.0,29216768.0,33558528.0,33558528.0,3.26,0.612988505,12.54,349525.0,0.0,0.0,1959.0,1398607.0,0.0,0.0,2217.0,0.0,0.0,0.0,0.0
2023-03-29 01:25:18.160000+00:00,512000.0,29429760.0,33599488.0,33599488.0,3.26,0.612988505,12.54,351131.0,0.0,0.0,1967.0,1407619.0,0.0,0.0,2227.0,0.0,0.0,0.0,0.0
2023-03-29 01:25:23.387000+00:00,512000.0,29585408.0,33755136.0,33755136.0,3.28,0.612988505,12.54,351934.0,0.0,0.0,1971.0,1412125.0,0.0,0.0,2232.0,0.0,0.0,0.0,0.0
2023-03-29 01:25:29.509000+00:00,512000.0,29646848.0,34287616.0,34287616.0,3.29,0.613248832,12.69,352737.0,0.0,0.0,1975.0,1416631.0,0.0,0.0,2237.0,0.0,0.0,0.0,0.0
2023-03-29 01:25:34.377000+00:00,512000.0,29757440.0,33910784.0,33910784.0,3.29,0.613248832,12.69,353540.0,0.0,0.0,1979.0,1421137.0,0.0,0.0,2242.0,0.0,0.0,0.0,0.0
2023-03-29 01:25:39.918000+00:00,512000.0,29904896.0,34414592.0,34414592.0,3.3,0.614265757,12.76,354343.0,0.0,0.0,1983.0,1425643.0,0.0,0.0,2247.0,0.0,0.0,0.0,0.0
2023-03-29 01:25:44.387000+00:00,512000.0,29904896.0,34414592.0,34414592.0,3.3,0.614265757,12.77,354343.0,0.0,0.0,1983.0,1425643.0,0.0,0.0,2247.0,0.0,0.0,0.0,0.0
2023-03-29 01:25:48.612000+00:00,512000.0,29323264.0,33456128.0,33456128.0,3.3,0.614265757,12.78,355949.0,0.0,0.0,1991.0,1434655.0,0.0,0.0,2257.0,0.0,0.0,0.0,0.0
2023-03-29 01:25:53.840000+00:00,524288.0,29573120.0,34037760.0,34037760.0,3.33,0.614265757,12.85,356806.0,0.0,0.0,1996.0,1439235.0,0.0,0.0,2263.0,0.0,0.0,0.0,0.0
2023-03-29 01:25:58.838000+00:00,524288.0,29675520.0,33804288.0,33804288.0,3.33,0.614265757,12.86,357693.0,0.0,0.0,2002.0,1443825.0,0.0,0.0,2270.0,0.0,0.0,0.0,0.0
2023-03-29 01:26:04.829000+00:00,524288.0,29675520.0,33996800.0,33996800.0,3.34,0.689107055,12.86,358496.0,0.0,0.0,2006.0,1448331.0,0.0,0.0,2275.0,0.0,0.0,0.0,0.0
2023-03-29 01:26:09.416000+00:00,524288.0,29929472.0,34062336.0,34062336.0,3.34,0.689107055,12.93,359299.0,0.0,0.0,2010.0,1452837.0,0.0,0.0,2280.0,0.0,0.0,0.0,0.0
2023-03-29 01:26:13.451000+00:00,524288.0,29450240.0,33619968.0,33619968.0,3.36,0.689107055,13.0,360102.0,0.0,0.0,2014.0,1457343.0,0.0,0.0,2285.0,0.0,0.0,0.0,0.0
2023-03-29 01:26:19.141000+00:00,524288.0,29556736.0,33751040.0,33751040.0,3.36,0.689107055,13.01,360905.0,0.0,0.0,2018.0,1461849.0,0.0,0.0,2290.0,0.0,0.0,0.0,0.0
2023-03-29 01:26:24.157000+00:00,524288.0,29556736.0,33841152.0,33841152.0,3.39,0.689107055,13.07,361708.0,0.0,0.0,2022.0,1466355.0,0.0,0.0,2295.0,0.0,0.0,0.0,0.0
2023-03-29 01:26:28.591000+00:00,524288.0,29810688.0,33988608.0,33988608.0,3.39,0.689107055,13.08,362511.0,0.0,0.0,2026.0,1470861.0,0.0,0.0,2300.0,0.0,0.0,0.0,0.0
2023-03-29 01:26:33.356000+00:00,524288.0,29810688.0,34144256.0,34144256.0,3.4,0.689391779,13.14,363314.0,0.0,0.0,2030.0,1475367.0,0.0,0.0,2305.0,0.0,0.0,0.0,0.0
2023-03-29 01:26:38.833000+00:00,524288.0,30068736.0,34209792.0,34209792.0,3.4,0.689391779,13.14,364117.0,0.0,0.0,2034.0,1479873.0,0.0,0.0,2310.0,0.0,0.0,0.0,0.0
2023-03-29 01:26:44.858000+00:00,524288.0,30068736.0,34209792.0,34209792.0,3.42,0.689391779,13.22,364117.0,0.0,0.0,2034.0,1484379.0,0.0,0.0,2315.0,0.0,0.0,0.0,0.0
2023-03-29 01:26:48.938000+00:00,524288.0,29548544.0,33689600.0,33689600.0,3.42,0.689391779,13.22,365723.0,0.0,0.0,2042.0,1488885.0,0.0,0.0,2320.0,0.0,0.0,0.0,0.0
2023-03-29 01:26:53.911000+00:00,524288.0,29548544.0,34123776.0,34123776.0,3.46,0.689391779,13.3,366580.0,0.0,0.0,2047.0,1493465.0,0.0,0.0,2326.0,0.0,0.0,0.0,0.0
2023-03-29 01:26:59.104000+00:00,540672.0,29908992.0,34062336.0,34062336.0,3.46,0.689391779,13.31,367467.0,0.0,0.0,2053.0,1498055.0,0.0,0.0,2333.0,0.0,0.0,0.0,0.0
2023-03-29 01:27:04.683000+00:00,540672.0,30068736.0,34406400.0,34406400.0,3.48,0.689391779,13.31,368270.0,0.0,0.0,2057.0,1502561.0,0.0,0.0,2338.0,0.0,0.0,0.0,0.0
2023-03-29 01:27:08.446000+00:00,540672.0,30175232.0,34455552.0,34455552.0,3.48,0.689391779,13.37,369073.0,0.0,0.0,2061.0,1507067.0,0.0,0.0,2343.0,0.0,0.0,0.0,0.0
2023-03-29 01:27:14.691000+00:00,540672.0,29589504.0,33759232.0,33759232.0,3.5,0.689765681,13.44,369876.0,0.0,0.0,2065.0,1511573.0,0.0,0.0,2348.0,0.0,0.0,0.0,0.0
2023-03-29 01:27:17.949000+00:00,540672.0,29700096.0,33841152.0,33841152.0,3.5,0.689765681,13.45,370679.0,0.0,0.0,2069.0,1516079.0,0.0,0.0,2353.0,0.0,0.0,0.0,0.0
2023-03-29 01:27:24.644000+00:00,540672.0,29855744.0,34131968.0,34131968.0,3.53,0.689765681,13.51,371482.0,0.0,0.0,2073.0,1520585.0,0.0,0.0,2358.0,0.0,0.0,0.0,0.0
2023-03-29 01:27:29.704000+00:00,540672.0,29962240.0,34144256.0,34144256.0,3.53,0.689765681,13.52,372285.0,0.0,0.0,2077.0,1525091.0,0.0,0.0,2363.0,0.0,0.0,0.0,0.0
2023-03-29 01:27:33.240000+00:00,540672.0,30064640.0,34250752.0,34250752.0,3.53,0.689765681,13.52,373088.0,0.0,0.0,2081.0,1529597.0,0.0,0.0,2368.0,0.0,0.0,0.0,0.0
2023-03-29 01:27:39.206000+00:00,540672.0,30216192.0,34353152.0,34353152.0,3.55,0.689765681,13.59,373891.0,0.0,0.0,2085.0,1534103.0,0.0,0.0,2373.0,0.0,0.0,0.0,0.0
2023-03-29 01:27:44.830000+00:00,540672.0,30216192.0,34353152.0,34353152.0,3.56,0.689938211,13.66,373891.0,0.0,0.0,2085.0,1534103.0,0.0,0.0,2373.0,0.0,0.0,0.0,0.0
2023-03-29 01:27:49.363000+00:00,540672.0,29655040.0,33792000.0,33792000.0,3.56,0.689938211,13.67,375497.0,0.0,0.0,2093.0,1543115.0,0.0,0.0,2383.0,0.0,0.0,0.0,0.0
2023-03-29 01:27:54.400000+00:00,557056.0,30289920.0,34500608.0,34500608.0,3.58,0.689938211,13.76,376354.0,0.0,0.0,2098.0,1547695.0,0.0,0.0,2389.0,0.0,0.0,0.0,0.0
2023-03-29 01:27:59.063000+00:00,557056.0,30023680.0,34168832.0,34168832.0,3.58,0.689938211,13.76,377241.0,0.0,0.0,2104.0,1552285.0,0.0,0.0,2396.0,0.0,0.0,0.0,0.0
2023-03-29 01:28:03.203000+00:00,557056.0,30130176.0,34275328.0,34275328.0,3.58,0.689938211,13.78,378044.0,0.0,0.0,2108.0,1556791.0,0.0,0.0,2401.0,0.0,0.0,0.0,0.0
2023-03-29 01:28:09.697000+00:00,557056.0,30285824.0,34451456.0,34451456.0,3.61,0.689938211,13.83,378847.0,0.0,0.0,2112.0,1561297.0,0.0,0.0,2406.0,0.0,0.0,0.0,0.0
2023-03-29 01:28:14.818000+00:00,557056.0,30285824.0,34451456.0,34451456.0,3.63,0.690119546,13.89,378847.0,0.0,0.0,2112.0,1561297.0,0.0,0.0,2406.0,0.0,0.0,0.0,0.0
2023-03-29 01:28:19.051000+00:00,557056.0,29872128.0,34021376.0,34021376.0,3.64,0.690119546,13.89,380453.0,0.0,0.0,2120.0,1570309.0,0.0,0.0,2416.0,0.0,0.0,0.0,0.0
2023-03-29 01:28:23.965000+00:00,557056.0,29982720.0,34131968.0,34131968.0,3.64,0.690119546,13.9,381256.0,0.0,0.0,2124.0,1574815.0,0.0,0.0,2421.0,0.0,0.0,0.0,0.0
2023-03-29 01:28:29.298000+00:00,557056.0,30138368.0,34324480.0,34324480.0,3.66,0.690119546,13.96,382059.0,0.0,0.0,2128.0,1579321.0,0.0,0.0,2426.0,0.0,0.0,0.0,0.0
2023-03-29 01:28:33.872000+00:00,557056.0,30236672.0,34390016.0,34390016.0,3.66,0.690119546,13.97,382862.0,0.0,0.0,2132.0,1583827.0,0.0,0.0,2431.0,0.0,0.0,0.0,0.0
2023-03-29 01:28:38.270000+00:00,557056.0,30392320.0,34582528.0,34582528.0,3.68,0.690119546,14.03,383665.0,0.0,0.0,2136.0,1588333.0,0.0,0.0,2436.0,0.0,0.0,0.0,0.0
2023-03-29 01:28:43.612000+00:00,557056.0,30498816.0,34582528.0,34582528.0,3.68,0.690119546,14.04,383665.0,0.0,0.0,2136.0,1588333.0,0.0,0.0,2436.0,0.0,0.0,0.0,0.0
2023-03-29 01:28:48.561000+00:00,557056.0,29863936.0,34201600.0,34201600.0,3.7,0.690119546,14.1,385271.0,0.0,0.0,2144.0,1597345.0,0.0,0.0,2446.0,0.0,0.0,0.0,0.0
2023-03-29 01:28:53.524000+00:00,557056.0,30060544.0,34246656.0,34246656.0,3.71,0.690119546,14.12,386128.0,0.0,0.0,2149.0,1601925.0,0.0,0.0,2452.0,0.0,0.0,0.0,0.0
2023-03-29 01:28:58.365000+00:00,569344.0,30220288.0,34410496.0,34410496.0,3.73,0.690119546,14.18,387015.0,0.0,0.0,2155.0,1606515.0,0.0,0.0,2459.0,0.0,0.0,0.0,0.0
2023-03-29 01:29:04.376000+00:00,569344.0,30322688.0,34508800.0,34508800.0,3.73,0.690119546,14.18,387818.0,0.0,0.0,2159.0,1611021.0,0.0,0.0,2464.0,0.0,0.0,0.0,0.0
2023-03-29 01:29:09.726000+00:00,569344.0,30478336.0,34656256.0,34656256.0,3.74,0.69271039,14.26,388621.0,0.0,0.0,2163.0,1615527.0,0.0,0.0,2469.0,0.0,0.0,0.0,0.0
2023-03-29 01:29:13.834000+00:00,569344.0,30576640.0,34721792.0,34721792.0,3.74,0.69271039,14.27,389424.0,0.0,0.0,2167.0,1620033.0,0.0,0.0,2474.0,0.0,0.0,0.0,0.0
2023-03-29 01:29:19.749000+00:00,569344.0,29958144.0,34103296.0,34103296.0,3.76,0.69271039,14.33,390227.0,0.0,0.0,2171.0,1624539.0,0.0,0.0,2479.0,0.0,0.0,0.0,0.0
2023-03-29 01:29:24.525000+00:00,569344.0,30064640.0,34246656.0,34246656.0,3.76,0.69271039,14.33,391030.0,0.0,0.0,2175.0,1629045.0,0.0,0.0,2484.0,0.0,0.0,0.0,0.0
2023-03-29 01:29:28.798000+00:00,569344.0,30212096.0,34533376.0,34533376.0,3.77,0.69271039,14.41,391833.0,0.0,0.0,2179.0,1633551.0,0.0,0.0,2489.0,0.0,0.0,0.0,0.0
2023-03-29 01:29:33.952000+00:00,569344.0,30318592.0,34516992.0,34516992.0,3.77,0.69271039,14.41,392636.0,0.0,0.0,2183.0,1638057.0,0.0,0.0,2494.0,0.0,0.0,0.0,0.0
2023-03-29 01:29:38.376000+00:00,569344.0,30474240.0,34627584.0,34627584.0,3.79,0.69271039,14.48,393439.0,0.0,0.0,2187.0,1642563.0,0.0,0.0,2499.0,0.0,0.0,0.0,0.0
2023-03-29 01:29:44.357000+00:00,569344.0,30474240.0,34627584.0,34627584.0,3.79,0.69271039,14.48,393439.0,0.0,0.0,2187.0,1642563.0,0.0,0.0,2499.0,0.0,0.0,0.0,0.0
2023-03-29 01:29:49.021000+00:00,569344.0,30031872.0,34246656.0,34246656.0,3.8,0.693121884,14.55,395045.0,0.0,0.0,2195.0,1651575.0,0.0,0.0,2509.0,0.0,0.0,0.0,0.0
2023-03-29 01:29:53.975000+00:00,569344.0,30228480.0,34390016.0,34390016.0,3.81,0.693121884,14.55,395902.0,0.0,0.0,2200.0,1656155.0,0.0,0.0,2515.0,0.0,0.0,0.0,0.0
2023-03-29 01:29:59.719000+00:00,585728.0,30261248.0,34447360.0,34447360.0,3.85,0.693121884,14.65,396789.0,0.0,0.0,2206.0,1660745.0,0.0,0.0,2522.0,0.0,0.0,0.0,0.0
2023-03-29 01:30:04.189000+00:00,585728.0,30367744.0,34512896.0,34512896.0,3.85,0.693121884,14.66,397592.0,0.0,0.0,2210.0,1665251.0,0.0,0.0,2527.0,0.0,0.0,0.0,0.0
2023-03-29 01:30:09.512000+00:00,585728.0,30519296.0,34816000.0,34816000.0,3.86,0.693121884,14.72,398482.0,0.0,0.0,2215.0,1669757.0,0.0,0.0,2532.0,0.0,0.0,0.0,0.0
2023-03-29 01:30:14.883000+00:00,585728.0,30621696.0,34779136.0,34816000.0,3.86,0.693121884,14.74,398482.0,0.0,0.0,2215.0,1669757.0,0.0,0.0,2532.0,0.0,0.0,0.0,0.0
2023-03-29 01:30:19.819000+00:00,585728.0,30015488.0,34201600.0,34201600.0,3.89,0.693488491,14.8,400088.0,0.0,0.0,2223.0,1678769.0,0.0,0.0,2542.0,0.0,0.0,0.0,0.0
2023-03-29 01:30:24.474000+00:00,585728.0,30126080.0,34279424.0,34279424.0,3.89,0.693488491,14.8,400891.0,0.0,0.0,2227.0,1683275.0,0.0,0.0,2547.0,0.0,0.0,0.0,0.0
2023-03-29 01:30:29.811000+00:00,585728.0,30277632.0,34639872.0,34639872.0,3.91,0.693659382,14.87,401694.0,0.0,0.0,2231.0,1687781.0,0.0,0.0,2552.0,0.0,0.0,0.0,0.0
2023-03-29 01:30:34.229000+00:00,585728.0,30380032.0,34537472.0,34537472.0,3.91,0.693659382,14.87,402497.0,0.0,0.0,2235.0,1692287.0,0.0,0.0,2557.0,0.0,0.0,0.0,0.0
2023-03-29 01:30:38.402000+00:00,585728.0,30715904.0,34856960.0,34856960.0,3.92,0.693659382,14.89,403300.0,0.0,0.0,2239.0,1696793.0,0.0,0.0,2562.0,0.0,0.0,0.0,0.0
2023-03-29 01:30:44.132000+00:00,585728.0,30715904.0,34856960.0,34856960.0,3.95,0.693659382,14.95,403300.0,0.0,0.0,2239.0,1696793.0,0.0,0.0,2562.0,0.0,0.0,0.0,0.0
2023-03-29 01:30:48.775000+00:00,585728.0,30969856.0,35110912.0,35110912.0,3.95,0.693659382,14.95,404906.0,0.0,0.0,2247.0,1705805.0,0.0,0.0,2572.0,0.0,0.0,0.0,0.0
2023-03-29 01:30:54.792000+00:00,585728.0,30478336.0,34758656.0,34758656.0,3.99,0.766825263,15.02,405763.0,0.0,0.0,2252.0,1710385.0,0.0,0.0,2578.0,0.0,0.0,0.0,0.0
2023-03-29 01:30:59.555000+00:00,602112.0,30638080.0,35274752.0,35274752.0,4.0,0.766825263,15.11,406650.0,0.0,0.0,2258.0,1714975.0,0.0,0.0,2585.0,0.0,0.0,0.0,0.0
2023-03-29 01:31:04.097000+00:00,602112.0,30638080.0,34910208.0,34910208.0,4.0,0.766825263,15.11,407453.0,0.0,0.0,2262.0,1719481.0,0.0,0.0,2590.0,0.0,0.0,0.0,0.0
2023-03-29 01:31:08.369000+00:00,602112.0,30846976.0,35008512.0,35008512.0,4.0,0.766825263,15.12,408256.0,0.0,0.0,2266.0,1723987.0,0.0,0.0,2595.0,0.0,0.0,0.0,0.0
2023-03-29 01:31:14.789000+00:00,602112.0,31006720.0,35201024.0,35201024.0,4.02,0.766825263,15.19,408256.0,0.0,0.0,2266.0,1723987.0,0.0,0.0,2595.0,0.0,0.0,0.0,0.0
2023-03-29 01:31:19.841000+00:00,602112.0,31109120.0,35254272.0,35254272.0,4.02,0.766825263,15.2,409862.0,0.0,0.0,2274.0,1732999.0,0.0,0.0,2605.0,0.0,0.0,0.0,0.0
2023-03-29 01:31:24.627000+00:00,602112.0,30441472.0,34656256.0,34656256.0,4.04,0.766825263,15.26,410665.0,0.0,0.0,2278.0,1737505.0,0.0,0.0,2610.0,0.0,0.0,0.0,0.0
2023-03-29 01:31:29.651000+00:00,602112.0,30547968.0,34701312.0,34701312.0,4.04,0.766825263,15.27,411468.0,0.0,0.0,2282.0,1742011.0,0.0,0.0,2615.0,0.0,0.0,0.0,0.0
2023-03-29 01:31:33.414000+00:00,602112.0,30547968.0,34947072.0,34947072.0,4.06,0.766825263,15.27,412271.0,0.0,0.0,2286.0,1746517.0,0.0,0.0,2620.0,0.0,0.0,0.0,0.0
2023-03-29 01:31:38.542000+00:00,602112.0,30810112.0,34983936.0,34983936.0,4.06,0.766825263,15.35,413074.0,0.0,0.0,2290.0,1751023.0,0.0,0.0,2625.0,0.0,0.0,0.0,0.0
2023-03-29 01:31:43.956000+00:00,602112.0,30810112.0,34983936.0,34983936.0,4.08,0.766825263,15.41,413074.0,0.0,0.0,2294.0,1755529.0,0.0,0.0,2630.0,0.0,0.0,0.0,0.0
2023-03-29 01:31:49.559000+00:00,602112.0,31064064.0,35225600.0,35225600.0,4.08,0.766825263,15.42,414680.0,0.0,0.0,2298.0,1760035.0,0.0,0.0,2635.0,0.0,0.0,0.0,0.0
2023-03-29 01:31:54.397000+00:00,614400.0,31064064.0,34971648.0,34971648.0,4.12,0.767013913,15.49,415537.0,0.0,0.0,2303.0,1764615.0,0.0,0.0,2641.0,0.0,0.0,0.0,0.0
2023-03-29 01:31:59.661000+00:00,614400.0,30744576.0,35061760.0,35061760.0,4.12,0.767013913,15.5,416424.0,0.0,0.0,2309.0,1769205.0,0.0,0.0,2648.0,0.0,0.0,0.0,0.0
2023-03-29 01:32:04.007000+00:00,614400.0,30744576.0,35106816.0,35106816.0,4.12,0.767013913,15.58,417227.0,0.0,0.0,2313.0,1773711.0,0.0,0.0,2653.0,0.0,0.0,0.0,0.0
2023-03-29 01:32:09.475000+00:00,614400.0,31002624.0,35176448.0,35176448.0,4.12,0.767013913,15.59,418030.0,0.0,0.0,2317.0,1778217.0,0.0,0.0,2658.0,0.0,0.0,0.0,0.0
2023-03-29 01:32:14.528000+00:00,614400.0,31002624.0,35176448.0,35176448.0,4.14,0.768209245,15.66,418030.0,0.0,0.0,2317.0,1782723.0,0.0,0.0,2663.0,0.0,0.0,0.0,0.0
2023-03-29 01:32:19.461000+00:00,614400.0,31260672.0,35590144.0,35590144.0,4.14,0.768209245,15.66,419636.0,0.0,0.0,2325.0,1787229.0,0.0,0.0,2668.0,0.0,0.0,0.0,0.0
2023-03-29 01:32:23.702000+00:00,614400.0,31260672.0,34983936.0,34983936.0,4.15,0.768209245,15.72,420439.0,0.0,0.0,2329.0,1791735.0,0.0,0.0,2673.0,0.0,0.0,0.0,0.0
2023-03-29 01:32:28.789000+00:00,614400.0,30736384.0,34914304.0,34914304.0,4.15,0.768209245,15.72,421242.0,0.0,0.0,2333.0,1796241.0,0.0,0.0,2678.0,0.0,0.0,0.0,0.0
2023-03-29 01:32:33.979000+00:00,614400.0,30892032.0,35082240.0,35082240.0,4.18,0.768209245,15.72,422045.0,0.0,0.0,2337.0,1800747.0,0.0,0.0,2683.0,0.0,0.0,0.0,0.0
2023-03-29 01:32:38.662000+00:00,614400.0,30994432.0,35221504.0,35221504.0,4.18,0.768209245,15.81,422848.0,0.0,0.0,2341.0,1805253.0,0.0,0.0,2688.0,0.0,0.0,0.0,0.0
2023-03-29 01:32:44.297000+00:00,614400.0,31145984.0,35221504.0,35221504.0,4.19,0.768209245,15.88,422848.0,0.0,0.0,2341.0,1805253.0,0.0,0.0,2693.0,0.0,0.0,0.0,0.0
2023-03-29 01:32:48.675000+00:00,614400.0,31252480.0,35545088.0,35545088.0,4.19,0.768209245,15.89,424454.0,0.0,0.0,2349.0,1814265.0,0.0,0.0,2698.0,0.0,0.0,0.0,0.0
2023-03-29 01:32:54.886000+00:00,614400.0,31252480.0,35049472.0,35049472.0,4.22,0.768209245,15.96,425311.0,0.0,0.0,2354.0,1818845.0,0.0,0.0,2704.0,0.0,0.0,0.0,0.0
2023-03-29 01:32:59.596000+00:00,630784.0,30875648.0,35151872.0,35151872.0,4.22,0.768209245,15.97,426198.0,0.0,0.0,2360.0,1823435.0,0.0,0.0,2711.0,0.0,0.0,0.0,0.0
2023-03-29 01:33:04.575000+00:00,630784.0,31027200.0,35565568.0,35565568.0,4.24,0.768209245,15.97,427001.0,0.0,0.0,2364.0,1827941.0,0.0,0.0,2716.0,0.0,0.0,0.0,0.0
2023-03-29 01:33:09.486000+00:00,630784.0,31133696.0,35381248.0,35381248.0,4.24,0.768209245,16.04,427804.0,0.0,0.0,2368.0,1832447.0,0.0,0.0,2721.0,0.0,0.0,0.0,0.0
2023-03-29 01:33:14.049000+00:00,630784.0,31285248.0,35872768.0,35872768.0,4.26,0.768209245,16.11,428677.0,0.0,0.0,2373.0,1836953.0,0.0,0.0,2726.0,0.0,0.0,0.0,0.0
2023-03-29 01:33:18.692000+00:00,630784.0,31391744.0,35606528.0,35606528.0,4.26,0.768209245,16.11,429480.0,0.0,0.0,2377.0,1841459.0,0.0,0.0,2731.0,0.0,0.0,0.0,0.0
2023-03-29 01:33:23.636000+00:00,630784.0,31494144.0,35713024.0,35713024.0,4.26,0.768209245,16.12,430283.0,0.0,0.0,2381.0,1845965.0,0.0,0.0,2736.0,0.0,0.0,0.0,0.0
2023-03-29 01:33:29.143000+00:00,630784.0,30822400.0,35127296.0,35127296.0,4.28,0.768394721,16.18,431086.0,0.0,0.0,2385.0,1850471.0,0.0,0.0,2741.0,0.0,0.0,0.0,0.0
2023-03-29 01:33:34.743000+00:00,630784.0,30978048.0,35348480.0,35348480.0,4.29,0.768394721,16.24,431889.0,0.0,0.0,2389.0,1854977.0,0.0,0.0,2746.0,0.0,0.0,0.0,0.0
2023-03-29 01:33:38.748000+00:00,630784.0,31080448.0,35348480.0,35348480.0,4.3,0.768394721,16.24,432692.0,0.0,0.0,2393.0,1859483.0,0.0,0.0,2751.0,0.0,0.0,0.0,0.0
2023-03-29 01:33:44.221000+00:00,630784.0,31186944.0,35381248.0,35381248.0,4.3,0.768394721,16.25,433495.0,0.0,0.0,2397.0,1863989.0,0.0,0.0,2756.0,0.0,0.0,0.0,0.0
2023-03-29 01:33:49.208000+00:00,630784.0,31338496.0,35524608.0,35524608.0,4.31,0.768394721,16.3,434298.0,0.0,0.0,2401.0,1868495.0,0.0,0.0,2761.0,0.0,0.0,0.0,0.0
2023-03-29 01:33:53.843000+00:00,647168.0,31535104.0,35770368.0,35770368.0,4.33,0.768394721,16.31,435155.0,0.0,0.0,2406.0,1873075.0,0.0,0.0,2767.0,0.0,0.0,0.0,0.0
2023-03-29 01:33:58.831000+00:00,647168.0,31023104.0,35237888.0,35237888.0,4.35,0.768394721,16.37,436042.0,0.0,0.0,2412.0,1877665.0,0.0,0.0,2774.0,0.0,0.0,0.0,0.0
2023-03-29 01:34:04.428000+00:00,647168.0,31121408.0,35299328.0,35299328.0,4.36,0.768394721,16.37,436845.0,0.0,0.0,2416.0,1882171.0,0.0,0.0,2779.0,0.0,0.0,0.0,0.0
2023-03-29 01:34:09.132000+00:00,647168.0,31277056.0,35516416.0,35516416.0,4.39,0.768394721,16.42,437648.0,0.0,0.0,2420.0,1886677.0,0.0,0.0,2784.0,0.0,0.0,0.0,0.0
2023-03-29 01:34:14.497000+00:00,647168.0,31379456.0,35516416.0,35516416.0,4.39,0.768394721,16.43,437648.0,0.0,0.0,2420.0,1886677.0,0.0,0.0,2784.0,0.0,0.0,0.0,0.0
2023-03-29 01:34:18.724000+00:00,647168.0,31535104.0,35872768.0,35872768.0,4.41,0.842916587,16.49,439254.0,0.0,0.0,2428.0,1895689.0,0.0,0.0,2794.0,0.0,0.0,0.0,0.0
2023-03-29 01:34:24.809000+00:00,647168.0,31637504.0,35860480.0,35860480.0,4.41,0.842916587,16.49,440057.0,0.0,0.0,2432.0,1900195.0,0.0,0.0,2799.0,0.0,0.0,0.0,0.0
2023-03-29 01:34:27.966000+00:00,647168.0,31043584.0,35557376.0,35557376.0,4.44,0.842916587,16.58,440860.0,0.0,0.0,2436.0,1904701.0,0.0,0.0,2804.0,0.0,0.0,0.0,0.0
2023-03-29 01:34:33.872000+00:00,647168.0,31150080.0,35377152.0,35377152.0,4.44,0.842916587,16.58,441663.0,0.0,0.0,2440.0,1909207.0,0.0,0.0,2809.0,0.0,0.0,0.0,0.0
2023-03-29 01:34:39.246000+00:00,647168.0,31301632.0,35581952.0,35581952.0,4.46,0.842916587,16.66,442466.0,0.0,0.0,2444.0,1913713.0,0.0,0.0,2814.0,0.0,0.0,0.0,0.0
2023-03-29 01:34:43.977000+00:00,647168.0,31301632.0,35581952.0,35581952.0,4.47,0.842916587,16.69,442466.0,0.0,0.0,2444.0,1913713.0,0.0,0.0,2814.0,0.0,0.0,0.0,0.0
2023-03-29 01:34:48.522000+00:00,647168.0,31584256.0,35934208.0,35934208.0,4.49,0.842916587,16.75,444072.0,0.0,0.0,2452.0,1922725.0,0.0,0.0,2824.0,0.0,0.0,0.0,0.0
2023-03-29 01:34:54.382000+00:00,647168.0,31780864.0,35991552.0,35991552.0,4.51,0.842916587,16.76,444929.0,0.0,0.0,2457.0,1927305.0,0.0,0.0,2830.0,0.0,0.0,0.0,0.0
2023-03-29 01:34:59.023000+00:00,663552.0,31170560.0,35401728.0,35401728.0,4.52,0.842916587,16.82,445816.0,0.0,0.0,2463.0,1931895.0,0.0,0.0,2837.0,0.0,0.0,0.0,0.0
2023-03-29 01:35:04.292000+00:00,663552.0,31277056.0,35475456.0,35475456.0,4.52,0.842916587,16.83,446619.0,0.0,0.0,2467.0,1936401.0,0.0,0.0,2842.0,0.0,0.0,0.0,0.0
2023-03-29 01:35:09.788000+00:00,663552.0,31428608.0,35713024.0,35713024.0,4.54,0.842916587,16.9,447422.0,0.0,0.0,2471.0,1940907.0,0.0,0.0,2847.0,0.0,0.0,0.0,0.0
2023-03-29 01:35:14.618000+00:00,663552.0,31428608.0,35713024.0,35713024.0,4.54,0.842916587,16.9,447422.0,0.0,0.0,2471.0,1940907.0,0.0,0.0,2847.0,0.0,0.0,0.0,0.0
2023-03-29 01:35:19.460000+00:00,663552.0,31686656.0,35913728.0,35913728.0,4.54,0.843120829,16.97,449028.0,0.0,0.0,2479.0,1949919.0,0.0,0.0,2857.0,0.0,0.0,0.0,0.0
2023-03-29 01:35:24.010000+00:00,663552.0,31789056.0,36028416.0,36028416.0,4.54,0.843120829,16.98,449831.0,0.0,0.0,2483.0,1954425.0,0.0,0.0,2862.0,0.0,0.0,0.0,0.0
2023-03-29 01:35:29.225000+00:00,663552.0,31944704.0,36372480.0,36372480.0,4.56,0.843120829,17.04,450634.0,0.0,0.0,2487.0,1958931.0,0.0,0.0,2867.0,0.0,0.0,0.0,0.0
2023-03-29 01:35:33.909000+00:00,663552.0,31268864.0,35590144.0,35590144.0,4.56,0.843120829,17.06,451437.0,0.0,0.0,2491.0,1963437.0,0.0,0.0,2872.0,0.0,0.0,0.0,0.0
2023-03-29 01:35:39.289000+00:00,663552.0,31420416.0,35860480.0,35860480.0,4.58,0.843120829,17.12,452240.0,0.0,0.0,2495.0,1967943.0,0.0,0.0,2877.0,0.0,0.0,0.0,0.0
2023-03-29 01:35:44.609000+00:00,663552.0,31420416.0,35860480.0,35860480.0,4.58,0.843120829,17.13,452240.0,0.0,0.0,2495.0,1967943.0,0.0,0.0,2877.0,0.0,0.0,0.0,0.0
2023-03-29 01:35:48.574000+00:00,663552.0,31633408.0,35844096.0,35844096.0,4.59,0.843120829,17.13,453846.0,0.0,0.0,2503.0,1976955.0,0.0,0.0,2887.0,0.0,0.0,0.0,0.0
2023-03-29 01:35:54.676000+00:00,663552.0,31879168.0,36216832.0,36216832.0,4.63,0.843120829,17.13,454703.0,0.0,0.0,2508.0,1981535.0,0.0,0.0,2893.0,0.0,0.0,0.0,0.0
2023-03-29 01:35:59.489000+00:00,675840.0,32022528.0,36470784.0,36470784.0,4.64,0.843120829,17.26,455697.0,0.0,0.0,2515.0,1986125.0,0.0,0.0,2900.0,0.0,0.0,0.0,0.0
2023-03-29 01:36:03.675000+00:00,675840.0,31457280.0,35811328.0,35811328.0,4.64,0.843120829,17.26,456607.0,0.0,0.0,2520.0,1990631.0,0.0,0.0,2905.0,0.0,0.0,0.0,0.0
2023-03-29 01:36:08.597000+00:00,675840.0,31559680.0,35823616.0,35823616.0,4.64,0.843120829,17.27,457410.0,0.0,0.0,2524.0,1995137.0,0.0,0.0,2910.0,0.0,0.0,0.0,0.0
2023-03-29 01:36:13.498000+00:00,675840.0,31723520.0,35823616.0,35823616.0,4.66,0.843120829,17.36,457410.0,0.0,0.0,2524.0,1995137.0,0.0,0.0,2910.0,0.0,0.0,0.0,0.0
2023-03-29 01:36:19.398000+00:00,675840.0,31825920.0,36007936.0,36007936.0,4.66,0.843120829,17.36,459016.0,0.0,0.0,2532.0,2004149.0,0.0,0.0,2920.0,0.0,0.0,0.0,0.0
2023-03-29 01:36:24.302000+00:00,675840.0,31981568.0,36216832.0,36216832.0,4.69,0.843120829,17.36,459819.0,0.0,0.0,2536.0,2008655.0,0.0,0.0,2925.0,0.0,0.0,0.0,0.0
2023-03-29 01:36:28.945000+00:00,675840.0,32083968.0,36323328.0,36323328.0,4.69,0.843120829,17.42,460622.0,0.0,0.0,2540.0,2013161.0,0.0,0.0,2930.0,0.0,0.0,0.0,0.0
2023-03-29 01:36:33.452000+00:00,675840.0,28766208.0,32989184.0,32989184.0,4.73,0.843120829,17.58,461425.0,0.0,0.0,2544.0,2017667.0,0.0,0.0,2935.0,0.0,0.0,0.0,0.0
2023-03-29 01:36:39.848000+00:00,675840.0,28889088.0,33009664.0,33009664.0,4.73,0.843120829,17.58,462228.0,0.0,0.0,2548.0,2022173.0,0.0,0.0,2940.0,0.0,0.0,0.0,0.0
2023-03-29 01:36:43.100000+00:00,675840.0,28889088.0,33009664.0,33009664.0,4.74,0.843120829,17.66,462228.0,0.0,0.0,2548.0,2022173.0,0.0,0.0,2940.0,0.0,0.0,0.0,0.0
2023-03-29 01:36:49.092000+00:00,675840.0,29155328.0,33292288.0,33292288.0,4.74,0.843120829,17.66,463834.0,0.0,0.0,2556.0,2031185.0,0.0,0.0,2950.0,0.0,0.0,0.0,0.0
2023-03-29 01:36:53.176000+00:00,675840.0,29442048.0,33665024.0,33665024.0,4.77,0.843120829,17.74,464691.0,0.0,0.0,2561.0,2035765.0,0.0,0.0,2956.0,0.0,0.0,0.0,0.0
2023-03-29 01:36:59.304000+00:00,692224.0,29552640.0,33669120.0,33669120.0,4.77,0.843120829,17.75,465578.0,0.0,0.0,2567.0,2040355.0,0.0,0.0,2963.0,0.0,0.0,0.0,0.0
2023-03-29 01:37:03.860000+00:00,692224.0,29704192.0,33812480.0,33812480.0,4.78,0.843669134,17.83,466381.0,0.0,0.0,2571.0,2044861.0,0.0,0.0,2968.0,0.0,0.0,0.0,0.0
2023-03-29 01:37:08.413000+00:00,692224.0,29814784.0,33923072.0,33923072.0,4.78,0.843669134,17.84,467184.0,0.0,0.0,2575.0,2049367.0,0.0,0.0,2973.0,0.0,0.0,0.0,0.0
2023-03-29 01:37:14.381000+00:00,692224.0,29814784.0,33923072.0,33923072.0,4.8,0.843669134,17.91,467184.0,0.0,0.0,2575.0,2049367.0,0.0,0.0,2973.0,0.0,0.0,0.0,0.0
2023-03-29 01:37:19.672000+00:00,692224.0,29151232.0,33259520.0,33259520.0,4.8,0.843669134,17.92,468790.0,0.0,0.0,2583.0,2058379.0,0.0,0.0,2983.0,0.0,0.0,0.0,0.0
2023-03-29 01:37:24.327000+00:00,692224.0,29302784.0,33501184.0,33501184.0,4.81,0.843669134,17.92,469593.0,0.0,0.0,2587.0,2062885.0,0.0,0.0,2988.0,0.0,0.0,0.0,0.0
2023-03-29 01:37:29.226000+00:00,692224.0,29413376.0,33558528.0,33558528.0,4.81,0.843669134,17.99,470396.0,0.0,0.0,2591.0,2067391.0,0.0,0.0,2993.0,0.0,0.0,0.0,0.0
2023-03-29 01:37:33.498000+00:00,692224.0,29564928.0,33824768.0,33824768.0,4.84,0.84467576,18.06,471199.0,0.0,0.0,2595.0,2071897.0,0.0,0.0,2998.0,0.0,0.0,0.0,0.0
2023-03-29 01:37:39.165000+00:00,692224.0,29675520.0,33824768.0,33824768.0,4.84,0.84467576,18.06,472002.0,0.0,0.0,2599.0,2076403.0,0.0,0.0,3003.0,0.0,0.0,0.0,0.0
2023-03-29 01:37:43.661000+00:00,692224.0,29675520.0,33824768.0,33034240.0,4.85,0.84467576,18.12,472805.0,0.0,0.0,2603.0,2080909.0,0.0,0.0,3008.0,0.0,0.0,0.0,0.0
2023-03-29 01:37:48.716000+00:00,692224.0,29020160.0,33136640.0,33136640.0,4.85,0.84467576,18.12,473608.0,0.0,0.0,2607.0,2085415.0,0.0,0.0,3013.0,0.0,0.0,0.0,0.0
2023-03-29 01:37:53.687000+00:00,692224.0,29257728.0,33505280.0,33505280.0,4.88,0.84467576,18.12,474465.0,0.0,0.0,2612.0,2089995.0,0.0,0.0,3019.0,0.0,0.0,0.0,0.0
2023-03-29 01:37:58.452000+00:00,708608.0,29364224.0,33492992.0,33492992.0,4.88,0.84467576,18.21,475352.0,0.0,0.0,2618.0,2094585.0,0.0,0.0,3026.0,0.0,0.0,0.0,0.0
2023-03-29 01:38:04.523000+00:00,708608.0,29523968.0,33660928.0,33660928.0,4.9,0.84467576,18.21,476155.0,0.0,0.0,2622.0,2099091.0,0.0,0.0,3031.0,0.0,0.0,0.0,0.0
2023-03-29 01:38:09.793000+00:00,708608.0,29630464.0,33759232.0,33759232.0,4.9,0.84467576,18.28,476958.0,0.0,0.0,2626.0,2103597.0,0.0,0.0,3036.0,0.0,0.0,0.0,0.0
2023-03-29 01:38:13.404000+00:00,708608.0,29630464.0,33759232.0,33759232.0,4.91,0.84467576,18.35,476958.0,0.0,0.0,2626.0,2103597.0,0.0,0.0,3036.0,0.0,0.0,0.0,0.0
2023-03-29 01:38:18.097000+00:00,708608.0,29003776.0,33280000.0,33280000.0,4.91,0.84467576,18.36,478564.0,0.0,0.0,2634.0,2112609.0,0.0,0.0,3046.0,0.0,0.0,0.0,0.0
2023-03-29 01:38:24.264000+00:00,708608.0,29155328.0,33341440.0,33341440.0,4.92,0.844893568,18.44,479367.0,0.0,0.0,2638.0,2117115.0,0.0,0.0,3051.0,0.0,0.0,0.0,0.0
2023-03-29 01:38:29.272000+00:00,708608.0,29265920.0,33517568.0,33517568.0,4.92,0.844893568,18.44,480170.0,0.0,0.0,2642.0,2121621.0,0.0,0.0,3056.0,0.0,0.0,0.0,0.0
2023-03-29 01:38:34.636000+00:00,708608.0,29417472.0,33837056.0,33837056.0,4.95,0.844893568,18.51,480973.0,0.0,0.0,2646.0,2126127.0,0.0,0.0,3061.0,0.0,0.0,0.0,0.0
2023-03-29 01:38:38.825000+00:00,708608.0,29528064.0,33701888.0,33701888.0,4.95,0.844893568,18.51,481776.0,0.0,0.0,2650.0,2130633.0,0.0,0.0,3066.0,0.0,0.0,0.0,0.0
2023-03-29 01:38:43.606000+00:00,708608.0,29528064.0,33701888.0,33701888.0,4.95,0.844893568,18.52,481776.0,0.0,0.0,2650.0,2130633.0,0.0,0.0,3066.0,0.0,0.0,0.0,0.0
2023-03-29 01:38:49.021000+00:00,708608.0,29790208.0,33890304.0,33890304.0,4.98,0.844893568,18.58,483382.0,0.0,0.0,2658.0,2139645.0,0.0,0.0,3076.0,0.0,0.0,0.0,0.0
2023-03-29 01:38:54.242000+00:00,720896.0,31481856.0,36425728.0,36425728.0,4.99,0.844893568,18.58,484239.0,0.0,0.0,2663.0,2144225.0,0.0,0.0,3082.0,0.0,0.0,0.0,0.0
2023-03-29 01:38:58.973000+00:00,720896.0,29208576.0,33308672.0,33308672.0,5.0,0.844893568,18.66,485126.0,0.0,0.0,2669.0,2148815.0,0.0,0.0,3089.0,0.0,0.0,0.0,0.0
2023-03-29 01:39:04.142000+00:00,720896.0,29208576.0,33419264.0,33419264.0,5.0,0.844893568,18.66,485929.0,0.0,0.0,2673.0,2153321.0,0.0,0.0,3094.0,0.0,0.0,0.0,0.0
2023-03-29 01:39:08.911000+00:00,720896.0,29470720.0,33583104.0,33583104.0,5.02,0.844893568,18.73,486732.0,0.0,0.0,2677.0,2157827.0,0.0,0.0,3099.0,0.0,0.0,0.0,0.0
2023-03-29 01:39:14.762000+00:00,720896.0,29470720.0,33583104.0,33583104.0,5.02,0.844893568,18.74,487535.0,0.0,0.0,2681.0,2162333.0,0.0,0.0,3104.0,0.0,0.0,0.0,0.0
2023-03-29 01:39:19.327000+00:00,720896.0,29732864.0,33832960.0,33832960.0,5.04,0.845485077,18.8,488338.0,0.0,0.0,2685.0,2166839.0,0.0,0.0,3109.0,0.0,0.0,0.0,0.0
2023-03-29 01:39:23.277000+00:00,720896.0,29843456.0,33939456.0,33939456.0,5.04,0.845485077,18.8,489141.0,0.0,0.0,2689.0,2171345.0,0.0,0.0,3114.0,0.0,0.0,0.0,0.0
2023-03-29 01:39:28.105000+00:00,720896.0,29061120.0,33173504.0,33173504.0,5.06,0.845485077,18.86,489944.0,0.0,0.0,2693.0,2175851.0,0.0,0.0,3119.0,0.0,0.0,0.0,0.0
2023-03-29 01:39:33.433000+00:00,720896.0,29061120.0,33284096.0,33284096.0,5.06,0.845485077,18.86,490747.0,0.0,0.0,2697.0,2180357.0,0.0,0.0,3124.0,0.0,0.0,0.0,0.0
2023-03-29 01:39:38.674000+00:00,720896.0,29323264.0,33558528.0,33558528.0,5.07,0.845485077,18.94,491550.0,0.0,0.0,2701.0,2184863.0,0.0,0.0,3129.0,0.0,0.0,0.0,0.0
2023-03-29 01:39:43.998000+00:00,720896.0,29323264.0,33558528.0,33558528.0,5.07,0.845485077,18.94,491550.0,0.0,0.0,2701.0,2184863.0,0.0,0.0,3129.0,0.0,0.0,0.0,0.0
2023-03-29 01:39:49.015000+00:00,720896.0,29585408.0,33763328.0,33763328.0,5.08,0.846129954,19.01,493156.0,0.0,0.0,2709.0,2193875.0,0.0,0.0,3139.0,0.0,0.0,0.0,0.0
2023-03-29 01:39:54.300000+00:00,737280.0,29782016.0,33894400.0,33894400.0,5.1,0.846129954,19.01,494013.0,0.0,0.0,2714.0,2198455.0,0.0,0.0,3145.0,0.0,0.0,0.0,0.0
2023-03-29 01:39:59.184000+00:00,737280.0,29036544.0,33349632.0,33349632.0,5.11,0.846129954,19.1,494900.0,0.0,0.0,2720.0,2203045.0,0.0,0.0,3152.0,0.0,0.0,0.0,0.0
2023-03-29 01:40:04.492000+00:00,737280.0,29036544.0,33243136.0,33243136.0,5.11,0.846129954,19.1,495703.0,0.0,0.0,2724.0,2207551.0,0.0,0.0,3157.0,0.0,0.0,0.0,0.0
2023-03-29 01:40:08.425000+00:00,737280.0,29298688.0,33411072.0,33411072.0,5.13,0.846401367,19.17,496506.0,0.0,0.0,2728.0,2212057.0,0.0,0.0,3162.0,0.0,0.0,0.0,0.0
2023-03-29 01:40:13.434000+00:00,737280.0,29409280.0,33517568.0,33517568.0,5.14,0.846401367,19.17,497309.0,0.0,0.0,2732.0,2216563.0,0.0,0.0,3167.0,0.0,0.0,0.0,0.0
2023-03-29 01:40:18.764000+00:00,737280.0,29560832.0,34091008.0,34091008.0,5.16,0.846401367,19.24,498112.0,0.0,0.0,2736.0,2221069.0,0.0,0.0,3172.0,0.0,0.0,0.0,0.0
2023-03-29 01:40:24.641000+00:00,737280.0,29671424.0,33816576.0,33816576.0,5.16,0.846401367,19.24,498915.0,0.0,0.0,2740.0,2225575.0,0.0,0.0,3177.0,0.0,0.0,0.0,0.0
2023-03-29 01:40:29.554000+00:00,737280.0,28938240.0,33177600.0,33177600.0,5.17,0.847394456,19.31,499718.0,0.0,0.0,2744.0,2230081.0,0.0,0.0,3182.0,0.0,0.0,0.0,0.0
2023-03-29 01:40:34.807000+00:00,737280.0,28938240.0,33230848.0,33230848.0,5.17,0.847394456,19.31,500521.0,0.0,0.0,2748.0,2234587.0,0.0,0.0,3187.0,0.0,0.0,0.0,0.0
2023-03-29 01:40:39.764000+00:00,737280.0,29204480.0,33443840.0,33443840.0,5.2,0.847394456,19.39,501324.0,0.0,0.0,2752.0,2239093.0,0.0,0.0,3192.0,0.0,0.0,0.0,0.0
2023-03-29 01:40:43.861000+00:00,737280.0,29204480.0,33443840.0,33443840.0,5.2,0.847394456,19.4,501324.0,0.0,0.0,2756.0,2243599.0,0.0,0.0,3197.0,0.0,0.0,0.0,0.0
2023-03-29 01:40:48.686000+00:00,737280.0,29454336.0,33644544.0,33644544.0,5.22,0.914020163,19.46,502930.0,0.0,0.0,2760.0,2248105.0,0.0,0.0,3202.0,0.0,0.0,0.0,0.0
2023-03-29 01:40:53.934000+00:00,753664.0,29642752.0,33767424.0,33767424.0,5.22,0.914020163,19.48,503787.0,0.0,0.0,2765.0,2252685.0,0.0,0.0,3208.0,0.0,0.0,0.0,0.0
2023-03-29 01:40:59.450000+00:00,753664.0,29794304.0,34197504.0,34197504.0,5.25,0.914020163,19.53,504674.0,0.0,0.0,2771.0,2257275.0,0.0,0.0,3215.0,0.0,0.0,0.0,0.0
2023-03-29 01:41:04.164000+00:00,753664.0,28999680.0,33230848.0,33230848.0,5.26,0.914020163,19.53,505477.0,0.0,0.0,2775.0,2261781.0,0.0,0.0,3220.0,0.0,0.0,0.0,0.0
2023-03-29 01:41:09.431000+00:00,753664.0,29143040.0,33701888.0,33701888.0,5.27,0.914020163,19.61,506280.0,0.0,0.0,2779.0,2266287.0,0.0,0.0,3225.0,0.0,0.0,0.0,0.0
2023-03-29 01:41:13.485000+00:00,753664.0,29245440.0,33501184.0,33501184.0,5.27,0.914020163,19.62,507083.0,0.0,0.0,2779.0,2266287.0,0.0,0.0,3225.0,0.0,0.0,0.0,0.0
2023-03-29 01:41:18.222000+00:00,753664.0,29347840.0,33484800.0,33484800.0,5.27,0.914020163,19.62,507886.0,0.0,0.0,2787.0,2275299.0,0.0,0.0,3235.0,0.0,0.0,0.0,0.0
2023-03-29 01:41:23.725000+00:00,753664.0,29495296.0,33640448.0,33640448.0,5.28,0.915050167,19.69,508689.0,0.0,0.0,2791.0,2279805.0,0.0,0.0,3240.0,0.0,0.0,0.0,0.0
2023-03-29 01:41:28.761000+00:00,753664.0,29597696.0,33742848.0,33742848.0,5.28,0.915050167,19.7,509492.0,0.0,0.0,2795.0,2284311.0,0.0,0.0,3245.0,0.0,0.0,0.0,0.0
2023-03-29 01:41:34.562000+00:00,753664.0,29597696.0,33882112.0,33882112.0,5.3,0.915050167,19.7,510295.0,0.0,0.0,2799.0,2288817.0,0.0,0.0,3250.0,0.0,0.0,0.0,0.0
2023-03-29 01:41:39.094000+00:00,753664.0,28930048.0,33112064.0,33112064.0,5.3,0.915050167,19.76,511098.0,0.0,0.0,2803.0,2293323.0,0.0,0.0,3255.0,0.0,0.0,0.0,0.0
2023-03-29 01:41:44.833000+00:00,753664.0,28930048.0,33112064.0,33112064.0,5.32,0.915050167,19.84,511098.0,0.0,0.0,2803.0,2293323.0,0.0,0.0,3255.0,0.0,0.0,0.0,0.0
2023-03-29 01:41:49.816000+00:00,753664.0,29179904.0,33267712.0,33267712.0,5.32,0.915050167,19.84,512704.0,0.0,0.0,2811.0,2302335.0,0.0,0.0,3265.0,0.0,0.0,0.0,0.0
2023-03-29 01:41:54.728000+00:00,753664.0,29413376.0,33525760.0,33525760.0,5.36,0.915050167,19.84,513561.0,0.0,0.0,2816.0,2306915.0,0.0,0.0,3271.0,0.0,0.0,0.0,0.0
2023-03-29 01:41:58.497000+00:00,765952.0,29515776.0,33669120.0,33669120.0,5.36,0.915050167,19.93,514448.0,0.0,0.0,2822.0,2311505.0,0.0,0.0,3278.0,0.0,0.0,0.0,0.0
2023-03-29 01:42:04.742000+00:00,765952.0,29515776.0,33783808.0,33783808.0,5.39,0.915050167,19.93,515251.0,0.0,0.0,2826.0,2316011.0,0.0,0.0,3283.0,0.0,0.0,0.0,0.0
2023-03-29 01:42:08.887000+00:00,765952.0,29016064.0,33116160.0,33116160.0,5.4,0.915050167,19.99,516054.0,0.0,0.0,2830.0,2320517.0,0.0,0.0,3288.0,0.0,0.0,0.0,0.0
2023-03-29 01:42:14.598000+00:00,765952.0,29016064.0,33116160.0,33116160.0,5.43,0.915050167,20.05,516054.0,0.0,0.0,2830.0,2320517.0,0.0,0.0,3288.0,0.0,0.0,0.0,0.0
2023-03-29 01:42:19.099000+00:00,765952.0,29270016.0,33443840.0,33443840.0,5.43,0.915050167,20.06,517660.0,0.0,0.0,2838.0,2329529.0,0.0,0.0,3298.0,0.0,0.0,0.0,0.0
2023-03-29 01:42:24.455000+00:00,765952.0,29413376.0,33517568.0,33517568.0,5.45,0.915088656,20.06,518463.0,0.0,0.0,2842.0,2334035.0,0.0,0.0,3303.0,0.0,0.0,0.0,0.0
2023-03-29 01:42:29.133000+00:00,765952.0,29519872.0,33624064.0,33624064.0,5.45,0.915088656,20.13,519266.0,0.0,0.0,2846.0,2338541.0,0.0,0.0,3308.0,0.0,0.0,0.0,0.0
2023-03-29 01:42:34.591000+00:00,765952.0,29663232.0,33890304.0,33890304.0,5.46,0.915088656,20.13,520069.0,0.0,0.0,2850.0,2343047.0,0.0,0.0,3313.0,0.0,0.0,0.0,0.0
2023-03-29 01:42:38.943000+00:00,765952.0,28930048.0,33030144.0,33030144.0,5.46,0.915088656,20.21,520872.0,0.0,0.0,2854.0,2347553.0,0.0,0.0,3318.0,0.0,0.0,0.0,0.0
2023-03-29 01:42:43.154000+00:00,765952.0,29077504.0,33562624.0,33562624.0,5.48,0.915088656,20.26,521675.0,0.0,0.0,2854.0,2347553.0,0.0,0.0,3318.0,0.0,0.0,0.0,0.0
2023-03-29 01:42:49.437000+00:00,765952.0,29175808.0,33288192.0,33288192.0,5.48,0.915088656,20.28,522478.0,0.0,0.0,2862.0,2356565.0,0.0,0.0,3328.0,0.0,0.0,0.0,0.0
2023-03-29 01:42:54.539000+00:00,765952.0,29409280.0,33759232.0,33759232.0,5.51,0.915088656,20.28,523335.0,0.0,0.0,2867.0,2361145.0,0.0,0.0,3334.0,0.0,0.0,0.0,0.0
2023-03-29 01:42:58.727000+00:00,782336.0,29515776.0,33619968.0,33619968.0,5.51,0.915088656,20.36,524222.0,0.0,0.0,2873.0,2365735.0,0.0,0.0,3341.0,0.0,0.0,0.0,0.0
2023-03-29 01:43:03.833000+00:00,782336.0,29659136.0,33812480.0,33812480.0,5.52,0.916544605,20.36,525025.0,0.0,0.0,2877.0,2370241.0,0.0,0.0,3346.0,0.0,0.0,0.0,0.0
2023-03-29 01:43:09.278000+00:00,782336.0,28934144.0,33034240.0,33034240.0,5.52,0.916544605,20.43,525828.0,0.0,0.0,2881.0,2374747.0,0.0,0.0,3351.0,0.0,0.0,0.0,0.0
2023-03-29 01:43:13.903000+00:00,782336.0,28934144.0,33034240.0,33034240.0,5.54,0.916935428,20.5,525828.0,0.0,0.0,2881.0,2374747.0,0.0,0.0,3351.0,0.0,0.0,0.0,0.0
2023-03-29 01:43:19.118000+00:00,782336.0,29184000.0,33275904.0,33275904.0,5.54,0.916935428,20.5,527434.0,0.0,0.0,2889.0,2383759.0,0.0,0.0,3361.0,0.0,0.0,0.0,0.0
2023-03-29 01:43:23.772000+00:00,782336.0,29331456.0,33669120.0,33669120.0,5.55,0.916935428,20.5,528237.0,0.0,0.0,2893.0,2388265.0,0.0,0.0,3366.0,0.0,0.0,0.0,0.0
2023-03-29 01:43:29.174000+00:00,782336.0,29433856.0,33538048.0,33538048.0,5.55,0.916935428,20.58,529040.0,0.0,0.0,2897.0,2392771.0,0.0,0.0,3371.0,0.0,0.0,0.0,0.0
2023-03-29 01:43:34.133000+00:00,782336.0,29581312.0,33837056.0,33837056.0,5.56,0.916935428,20.66,529843.0,0.0,0.0,2901.0,2397277.0,0.0,0.0,3376.0,0.0,0.0,0.0,0.0
2023-03-29 01:43:39.090000+00:00,782336.0,29679616.0,33771520.0,33771520.0,5.56,0.916935428,20.66,530646.0,0.0,0.0,2905.0,2401783.0,0.0,0.0,3381.0,0.0,0.0,0.0,0.0
2023-03-29 01:43:43.368000+00:00,782336.0,28930048.0,33275904.0,33771520.0,5.56,0.916935428,20.67,530646.0,0.0,0.0,2905.0,2401783.0,0.0,0.0,3381.0,0.0,0.0,0.0,0.0
2023-03-29 01:43:49.205000+00:00,782336.0,29077504.0,33173504.0,33173504.0,5.58,0.917329367,20.74,532252.0,0.0,0.0,2913.0,2410795.0,0.0,0.0,3391.0,0.0,0.0,0.0,0.0
2023-03-29 01:43:54.640000+00:00,782336.0,29310976.0,33562624.0,33562624.0,5.62,0.985776018,20.74,533109.0,0.0,0.0,2918.0,2415375.0,0.0,0.0,3397.0,0.0,0.0,0.0,0.0
2023-03-29 01:43:59.181000+00:00,798720.0,29413376.0,33550336.0,33550336.0,5.62,0.985776018,20.81,533996.0,0.0,0.0,2924.0,2419965.0,0.0,0.0,3404.0,0.0,0.0,0.0,0.0
2023-03-29 01:44:04.642000+00:00,798720.0,29515776.0,33652736.0,33652736.0,5.62,0.985776018,20.82,534799.0,0.0,0.0,2928.0,2424471.0,0.0,0.0,3409.0,0.0,0.0,0.0,0.0
2023-03-29 01:44:08.923000+00:00,798720.0,29659136.0,33792000.0,33792000.0,5.63,0.985776018,20.89,535602.0,0.0,0.0,2932.0,2428977.0,0.0,0.0,3414.0,0.0,0.0,0.0,0.0
2023-03-29 01:44:13.868000+00:00,798720.0,29659136.0,33792000.0,33792000.0,5.63,0.985776018,20.89,535602.0,0.0,0.0,2932.0,2428977.0,0.0,0.0,3414.0,0.0,0.0,0.0,0.0
2023-03-29 01:44:18.388000+00:00,798720.0,29081600.0,33206272.0,33206272.0,5.66,0.985776018,20.95,537208.0,0.0,0.0,2940.0,2437989.0,0.0,0.0,3424.0,0.0,0.0,0.0,0.0
2023-03-29 01:44:23.945000+00:00,798720.0,29184000.0,33280000.0,33280000.0,5.66,0.985776018,20.95,538011.0,0.0,0.0,2944.0,2442495.0,0.0,0.0,3429.0,0.0,0.0,0.0,0.0
2023-03-29 01:44:29.497000+00:00,798720.0,29335552.0,33443840.0,33443840.0,5.68,0.985776018,21.0,538814.0,0.0,0.0,2948.0,2447001.0,0.0,0.0,3434.0,0.0,0.0,0.0,0.0
2023-03-29 01:44:33.888000+00:00,798720.0,29433856.0,33542144.0,33542144.0,5.68,0.985776018,21.01,539617.0,0.0,0.0,2952.0,2451507.0,0.0,0.0,3439.0,0.0,0.0,0.0,0.0
2023-03-29 01:44:39.568000+00:00,798720.0,29581312.0,33693696.0,33693696.0,5.7,0.985776018,21.08,540420.0,0.0,0.0,2956.0,2456013.0,0.0,0.0,3444.0,0.0,0.0,0.0,0.0
2023-03-29 01:44:44.825000+00:00,798720.0,29683712.0,33693696.0,33693696.0,5.7,0.985776018,21.08,540420.0,0.0,0.0,2956.0,2456013.0,0.0,0.0,3444.0,0.0,0.0,0.0,0.0
2023-03-29 01:44:49.586000+00:00,798720.0,28868608.0,32980992.0,32980992.0,5.72,0.985776018,21.17,542026.0,0.0,0.0,2964.0,2465025.0,0.0,0.0,3454.0,0.0,0.0,0.0,0.0
2023-03-29 01:44:53.485000+00:00,811008.0,29011968.0,33116160.0,33116160.0,5.73,0.985776018,21.2,542883.0,0.0,0.0,2969.0,2469605.0,0.0,0.0,3460.0,0.0,0.0,0.0,0.0
2023-03-29 01:44:59.811000+00:00,811008.0,29159424.0,33402880.0,33402880.0,5.74,0.985776018,21.26,543770.0,0.0,0.0,2975.0,2474195.0,0.0,0.0,3467.0,0.0,0.0,0.0,0.0
2023-03-29 01:45:04.766000+00:00,811008.0,29261824.0,33394688.0,33394688.0,5.74,0.985776018,21.27,544573.0,0.0,0.0,2979.0,2478701.0,0.0,0.0,3472.0,0.0,0.0,0.0,0.0
2023-03-29 01:45:08.064000+00:00,811008.0,29405184.0,33824768.0,33824768.0,5.76,0.985776018,21.33,545376.0,0.0,0.0,2983.0,2483207.0,0.0,0.0,3477.0,0.0,0.0,0.0,0.0
2023-03-29 01:45:14.507000+00:00,811008.0,29405184.0,33824768.0,33824768.0,5.77,0.985776018,21.33,545376.0,0.0,0.0,2983.0,2483207.0,0.0,0.0,3477.0,0.0,0.0,0.0,0.0
2023-03-29 01:45:18.401000+00:00,811008.0,28844032.0,33021952.0,33021952.0,5.78,0.985776018,21.4,546982.0,0.0,0.0,2991.0,2492219.0,0.0,0.0,3487.0,0.0,0.0,0.0,0.0
2023-03-29 01:45:23.382000+00:00,811008.0,28942336.0,33099776.0,33099776.0,5.78,0.985776018,21.41,547785.0,0.0,0.0,2995.0,2496725.0,0.0,0.0,3492.0,0.0,0.0,0.0,0.0
2023-03-29 01:45:29.704000+00:00,811008.0,29093888.0,33280000.0,33280000.0,5.81,0.985776018,21.48,548588.0,0.0,0.0,2999.0,2501231.0,0.0,0.0,3497.0,0.0,0.0,0.0,0.0
2023-03-29 01:45:34.848000+00:00,811008.0,29192192.0,33325056.0,33325056.0,5.81,0.985776018,21.48,549391.0,0.0,0.0,3003.0,2505737.0,0.0,0.0,3502.0,0.0,0.0,0.0,0.0
2023-03-29 01:45:38.617000+00:00,811008.0,29339648.0,33628160.0,33628160.0,5.84,0.985776018,21.54,550194.0,0.0,0.0,3007.0,2510243.0,0.0,0.0,3507.0,0.0,0.0,0.0,0.0
2023-03-29 01:45:44.830000+00:00,811008.0,29442048.0,33628160.0,33628160.0,5.84,0.985776018,21.54,550194.0,0.0,0.0,3007.0,2510243.0,0.0,0.0,3507.0,0.0,0.0,0.0,0.0
2023-03-29 01:45:49.495000+00:00,811008.0,28741632.0,32911360.0,32911360.0,5.86,0.985776018,21.6,551800.0,0.0,0.0,3015.0,2519255.0,0.0,0.0,3517.0,0.0,0.0,0.0,0.0
2023-03-29 01:45:54.005000+00:00,827392.0,28930048.0,33030144.0,33030144.0,5.88,0.985776018,21.62,552657.0,0.0,0.0,3020.0,2523835.0,0.0,0.0,3523.0,0.0,0.0,0.0,0.0
2023-03-29 01:45:59+00:00,827392.0,29081600.0,33333248.0,33333248.0,5.9,0.987309821,21.68,553544.0,0.0,0.0,3026.0,2528425.0,0.0,0.0,3530.0,0.0,0.0,0.0,0.0
2023-03-29 01:46:03.971000+00:00,827392.0,29179904.0,33275904.0,33275904.0,5.9,0.987309821,21.68,554347.0,0.0,0.0,3030.0,2532931.0,0.0,0.0,3535.0,0.0,0.0,0.0,0.0
2023-03-29 01:46:08.973000+00:00,827392.0,29327360.0,33964032.0,33964032.0,5.91,0.987309821,21.77,555150.0,0.0,0.0,3034.0,2537437.0,0.0,0.0,3540.0,0.0,0.0,0.0,0.0
2023-03-29 01:46:14.001000+00:00,827392.0,29429760.0,33964032.0,33964032.0,5.91,0.987309821,21.78,555150.0,0.0,0.0,3034.0,2537437.0,0.0,0.0,3540.0,0.0,0.0,0.0,0.0
2023-03-29 01:46:18.028000+00:00,827392.0,28700672.0,32989184.0,32989184.0,5.91,0.987309821,21.78,556756.0,0.0,0.0,3042.0,2546449.0,0.0,0.0,3550.0,0.0,0.0,0.0,0.0
2023-03-29 01:46:23.557000+00:00,827392.0,28848128.0,32948224.0,32948224.0,5.93,0.987309821,21.84,557559.0,0.0,0.0,3046.0,2550955.0,0.0,0.0,3555.0,0.0,0.0,0.0,0.0
2023-03-29 01:46:28.781000+00:00,827392.0,28950528.0,33079296.0,33079296.0,5.93,0.987309821,21.85,558362.0,0.0,0.0,3050.0,2555461.0,0.0,0.0,3560.0,0.0,0.0,0.0,0.0
2023-03-29 01:46:34.287000+00:00,827392.0,29102080.0,33210368.0,33210368.0,5.95,0.987309821,21.85,559165.0,0.0,0.0,3054.0,2559967.0,0.0,0.0,3565.0,0.0,0.0,0.0,0.0
2023-03-29 01:46:38.983000+00:00,827392.0,29204480.0,33292288.0,33292288.0,5.95,0.987309821,21.92,559968.0,0.0,0.0,3058.0,2564473.0,0.0,0.0,3570.0,0.0,0.0,0.0,0.0
2023-03-29 01:46:44.578000+00:00,827392.0,29204480.0,33292288.0,33292288.0,5.97,0.987309821,21.99,559968.0,0.0,0.0,3058.0,2564473.0,0.0,0.0,3575.0,0.0,0.0,0.0,0.0
2023-03-29 01:46:48.386000+00:00,827392.0,29454336.0,33583104.0,33583104.0,5.97,0.987309821,22.0,561574.0,0.0,0.0,3066.0,2573485.0,0.0,0.0,3580.0,0.0,0.0,0.0,0.0
2023-03-29 01:46:54.316000+00:00,827392.0,29454336.0,32997376.0,32997376.0,6.01,0.987355494,22.0,562431.0,0.0,0.0,3071.0,2578065.0,0.0,0.0,3586.0,0.0,0.0,0.0,0.0
2023-03-29 01:46:58.128000+00:00,843776.0,28995584.0,33136640.0,33136640.0,6.01,0.987355494,22.07,563318.0,0.0,0.0,3077.0,2582655.0,0.0,0.0,3593.0,0.0,0.0,0.0,0.0
2023-03-29 01:47:03.865000+00:00,843776.0,29143040.0,33300480.0,33300480.0,6.05,0.987355494,22.07,564121.0,0.0,0.0,3081.0,2587161.0,0.0,0.0,3598.0,0.0,0.0,0.0,0.0
2023-03-29 01:47:09.048000+00:00,843776.0,29249536.0,33386496.0,33386496.0,6.05,0.987355494,22.15,564924.0,0.0,0.0,3085.0,2591667.0,0.0,0.0,3603.0,0.0,0.0,0.0,0.0
2023-03-29 01:47:14.174000+00:00,843776.0,29249536.0,33386496.0,33386496.0,6.07,0.987741121,22.21,564924.0,0.0,0.0,3085.0,2591667.0,0.0,0.0,3608.0,0.0,0.0,0.0,0.0
2023-03-29 01:47:19.502000+00:00,843776.0,29499392.0,33640448.0,33640448.0,6.07,0.987741121,22.22,566530.0,0.0,0.0,3093.0,2600679.0,0.0,0.0,3613.0,0.0,0.0,0.0,0.0
2023-03-29 01:47:24.369000+00:00,843776.0,29499392.0,32972800.0,32972800.0,6.08,0.987741121,22.28,567333.0,0.0,0.0,3097.0,2605185.0,0.0,0.0,3618.0,0.0,0.0,0.0,0.0
2023-03-29 01:47:29.036000+00:00,843776.0,28930048.0,33067008.0,33067008.0,6.09,0.987741121,22.29,568136.0,0.0,0.0,3101.0,2609691.0,0.0,0.0,3623.0,0.0,0.0,0.0,0.0
2023-03-29 01:47:32.946000+00:00,843776.0,28930048.0,33218560.0,33218560.0,6.1,0.98792223,22.29,568939.0,0.0,0.0,3105.0,2614197.0,0.0,0.0,3628.0,0.0,0.0,0.0,0.0
2023-03-29 01:47:39.844000+00:00,843776.0,29179904.0,33284096.0,33284096.0,6.1,0.98792223,22.37,569742.0,0.0,0.0,3109.0,2618703.0,0.0,0.0,3633.0,0.0,0.0,0.0,0.0
2023-03-29 01:47:44.749000+00:00,843776.0,29179904.0,33284096.0,33284096.0,6.13,0.98792223,22.42,569742.0,0.0,0.0,3113.0,2623209.0,0.0,0.0,3638.0,0.0,0.0,0.0,0.0
2023-03-29 01:47:49.468000+00:00,843776.0,29429760.0,33570816.0,33570816.0,6.13,0.98792223,22.43,571348.0,0.0,0.0,3117.0,2627715.0,0.0,0.0,3643.0,0.0,0.0,0.0,0.0
2023-03-29 01:47:53.194000+00:00,856064.0,28823552.0,32993280.0,32993280.0,6.16,0.98792223,22.5,572205.0,0.0,0.0,3122.0,2632295.0,0.0,0.0,3649.0,0.0,0.0,0.0,0.0
2023-03-29 01:47:58.089000+00:00,856064.0,28925952.0,33054720.0,33054720.0,6.16,0.98792223,22.5,573092.0,0.0,0.0,3128.0,2636885.0,0.0,0.0,3656.0,0.0,0.0,0.0,0.0
2023-03-29 01:48:03.592000+00:00,856064.0,28925952.0,33169408.0,33169408.0,6.19,0.98792223,22.5,573895.0,0.0,0.0,3132.0,2641391.0,0.0,0.0,3661.0,0.0,0.0,0.0,0.0
2023-03-29 01:48:09.243000+00:00,856064.0,29175808.0,33271808.0,33271808.0,6.19,0.98792223,22.57,574698.0,0.0,0.0,3136.0,2645897.0,0.0,0.0,3666.0,0.0,0.0,0.0,0.0
2023-03-29 01:48:14.028000+00:00,856064.0,29323264.0,33488896.0,33488896.0,6.22,0.98792223,22.64,575501.0,0.0,0.0,3136.0,2645897.0,0.0,0.0,3666.0,0.0,0.0,0.0,0.0
2023-03-29 01:48:18.921000+00:00,856064.0,29421568.0,33566720.0,33566720.0,6.22,0.98792223,22.64,576304.0,0.0,0.0,3144.0,2654909.0,0.0,0.0,3676.0,0.0,0.0,0.0,0.0
2023-03-29 01:48:24.450000+00:00,856064.0,28721152.0,32821248.0,32821248.0,6.23,0.98792223,22.72,577107.0,0.0,0.0,3148.0,2659415.0,0.0,0.0,3681.0,0.0,0.0,0.0,0.0
2023-03-29 01:48:28.949000+00:00,856064.0,28823552.0,32960512.0,32960512.0,6.23,0.98792223,22.72,577910.0,0.0,0.0,3152.0,2663921.0,0.0,0.0,3686.0,0.0,0.0,0.0,0.0
2023-03-29 01:48:33.249000+00:00,856064.0,28966912.0,33198080.0,33198080.0,6.24,0.98792223,22.72,578713.0,0.0,0.0,3156.0,2668427.0,0.0,0.0,3691.0,0.0,0.0,0.0,0.0
2023-03-29 01:48:38.833000+00:00,856064.0,29069312.0,33214464.0,33214464.0,6.24,0.98792223,22.8,579516.0,0.0,0.0,3160.0,2672933.0,0.0,0.0,3696.0,0.0,0.0,0.0,0.0
2023-03-29 01:48:44.669000+00:00,856064.0,29069312.0,33214464.0,33214464.0,6.24,0.98792223,22.87,579516.0,0.0,0.0,3160.0,2672933.0,0.0,0.0,3696.0,0.0,0.0,0.0,0.0
2023-03-29 01:48:48.875000+00:00,856064.0,29319168.0,33468416.0,33468416.0,6.24,0.98792223,22.87,581122.0,0.0,0.0,3168.0,2681945.0,0.0,0.0,3706.0,0.0,0.0,0.0,0.0
2023-03-29 01:48:54.566000+00:00,872448.0,28868608.0,32972800.0,32972800.0,6.29,0.989384914,22.87,581979.0,0.0,0.0,3173.0,2686525.0,0.0,0.0,3712.0,0.0,0.0,0.0,0.0
2023-03-29 01:48:58.878000+00:00,872448.0,28975104.0,33079296.0,33079296.0,6.29,0.989384914,22.94,582866.0,0.0,0.0,3179.0,2691115.0,0.0,0.0,3719.0,0.0,0.0,0.0,0.0
2023-03-29 01:49:04.252000+00:00,872448.0,29138944.0,33673216.0,33673216.0,6.3,0.989384914,23.02,583669.0,0.0,0.0,3183.0,2695621.0,0.0,0.0,3724.0,0.0,0.0,0.0,0.0
2023-03-29 01:49:08.813000+00:00,872448.0,29241344.0,33394688.0,33394688.0,6.3,0.989384914,23.02,584472.0,0.0,0.0,3187.0,2700127.0,0.0,0.0,3729.0,0.0,0.0,0.0,0.0
2023-03-29 01:49:14.780000+00:00,872448.0,29241344.0,33394688.0,33394688.0,6.33,0.990958694,23.08,584472.0,0.0,0.0,3187.0,2700127.0,0.0,0.0,3729.0,0.0,0.0,0.0,0.0
2023-03-29 01:49:18.104000+00:00,872448.0,29491200.0,33640448.0,33640448.0,6.33,0.990958694,23.09,586078.0,0.0,0.0,3195.0,2709139.0,0.0,0.0,3739.0,0.0,0.0,0.0,0.0
2023-03-29 01:49:24.460000+00:00,872448.0,29638656.0,34287616.0,34287616.0,6.34,0.990958694,23.09,586881.0,0.0,0.0,3199.0,2713645.0,0.0,0.0,3744.0,0.0,0.0,0.0,0.0
2023-03-29 01:49:29.586000+00:00,872448.0,28913664.0,33034240.0,33034240.0,6.34,0.990958694,23.17,587684.0,0.0,0.0,3203.0,2718151.0,0.0,0.0,3749.0,0.0,0.0,0.0,0.0
2023-03-29 01:49:34.120000+00:00,872448.0,30666752.0,35635200.0,35635200.0,6.34,0.9911662,23.18,588487.0,0.0,0.0,3207.0,2722657.0,0.0,0.0,3754.0,0.0,0.0,0.0,0.0
2023-03-29 01:49:38.897000+00:00,872448.0,29159424.0,33312768.0,33312768.0,6.35,0.991334099,23.24,589290.0,0.0,0.0,3211.0,2727163.0,0.0,0.0,3759.0,0.0,0.0,0.0,0.0
2023-03-29 01:49:44.172000+00:00,872448.0,29159424.0,33312768.0,33312768.0,6.36,0.991334099,23.24,589290.0,0.0,0.0,3211.0,2727163.0,0.0,0.0,3759.0,0.0,0.0,0.0,0.0
2023-03-29 01:49:49.060000+00:00,872448.0,29409280.0,33562624.0,33562624.0,6.38,0.991334099,23.3,590896.0,0.0,0.0,3219.0,2736175.0,0.0,0.0,3769.0,0.0,0.0,0.0,0.0
2023-03-29 01:49:54.741000+00:00,872448.0,29642752.0,33853440.0,33853440.0,6.42,0.991334099,23.3,591753.0,0.0,0.0,3224.0,2740755.0,0.0,0.0,3775.0,0.0,0.0,0.0,0.0
2023-03-29 01:49:58.312000+00:00,888832.0,28917760.0,33075200.0,33075200.0,6.42,0.991334099,23.38,592640.0,0.0,0.0,3230.0,2745345.0,0.0,0.0,3782.0,0.0,0.0,0.0,0.0
2023-03-29 01:50:04.286000+00:00,888832.0,29024256.0,33120256.0,33120256.0,6.42,0.991334099,23.38,593443.0,0.0,0.0,3234.0,2749851.0,0.0,0.0,3787.0,0.0,0.0,0.0,0.0
2023-03-29 01:50:08.719000+00:00,888832.0,29167616.0,33292288.0,33292288.0,6.43,0.991334099,23.45,594246.0,0.0,0.0,3238.0,2754357.0,0.0,0.0,3792.0,0.0,0.0,0.0,0.0
2023-03-29 01:50:14.478000+00:00,888832.0,29167616.0,33292288.0,33292288.0,6.43,0.991334099,23.46,594246.0,0.0,0.0,3238.0,2754357.0,0.0,0.0,3792.0,0.0,0.0,0.0,0.0
2023-03-29 01:50:18.907000+00:00,888832.0,29417472.0,33521664.0,33521664.0,6.45,0.991334099,23.52,595852.0,0.0,0.0,3246.0,2763369.0,0.0,0.0,3802.0,0.0,0.0,0.0,0.0
2023-03-29 01:50:23.601000+00:00,888832.0,29519872.0,33660928.0,33660928.0,6.45,0.991334099,23.53,596655.0,0.0,0.0,3250.0,2767875.0,0.0,0.0,3807.0,0.0,0.0,0.0,0.0
2023-03-29 01:50:29.145000+00:00,888832.0,29663232.0,33808384.0,33808384.0,6.47,0.991334099,23.59,597458.0,0.0,0.0,3254.0,2772381.0,0.0,0.0,3812.0,0.0,0.0,0.0,0.0
2023-03-29 01:50:34.360000+00:00,888832.0,29003776.0,33157120.0,33157120.0,6.47,0.991334099,23.59,598261.0,0.0,0.0,3258.0,2776887.0,0.0,0.0,3817.0,0.0,0.0,0.0,0.0
2023-03-29 01:50:38.687000+00:00,888832.0,29147136.0,33366016.0,33366016.0,6.49,0.991334099,23.66,599064.0,0.0,0.0,3262.0,2781393.0,0.0,0.0,3822.0,0.0,0.0,0.0,0.0
2023-03-29 01:50:44.446000+00:00,888832.0,29147136.0,33366016.0,33366016.0,6.49,0.991334099,23.66,599064.0,0.0,0.0,3262.0,2781393.0,0.0,0.0,3822.0,0.0,0.0,0.0,0.0
2023-03-29 01:50:48.900000+00:00,888832.0,29396992.0,33742848.0,33742848.0,6.5,0.991334099,23.73,600670.0,0.0,0.0,3270.0,2790405.0,0.0,0.0,3832.0,0.0,0.0,0.0,0.0
2023-03-29 01:50:54.404000+00:00,905216.0,29585408.0,33693696.0,33693696.0,6.52,0.991334099,23.74,601527.0,0.0,0.0,3275.0,2794985.0,0.0,0.0,3838.0,0.0,0.0,0.0,0.0
2023-03-29 01:50:59.642000+00:00,905216.0,29732864.0,33841152.0,33841152.0,6.54,0.991523113,23.81,602414.0,0.0,0.0,3281.0,2799575.0,0.0,0.0,3845.0,0.0,0.0,0.0,0.0
2023-03-29 01:51:04.709000+00:00,905216.0,29089792.0,33325056.0,33325056.0,6.54,0.991523113,23.81,603217.0,0.0,0.0,3285.0,2804081.0,0.0,0.0,3850.0,0.0,0.0,0.0,0.0
2023-03-29 01:51:09.527000+00:00,905216.0,29233152.0,33349632.0,33349632.0,6.57,0.991923063,23.87,604020.0,0.0,0.0,3289.0,2808587.0,0.0,0.0,3855.0,0.0,0.0,0.0,0.0
2023-03-29 01:51:13.754000+00:00,905216.0,29335552.0,33349632.0,33349632.0,6.57,0.991923063,23.88,604020.0,0.0,0.0,3289.0,2808587.0,0.0,0.0,3860.0,0.0,0.0,0.0,0.0
2023-03-29 01:51:19.721000+00:00,905216.0,29478912.0,33603584.0,33603584.0,6.59,0.991923063,23.94,605626.0,0.0,0.0,3297.0,2817599.0,0.0,0.0,3865.0,0.0,0.0,0.0,0.0
2023-03-29 01:51:23.958000+00:00,905216.0,29581312.0,33685504.0,33685504.0,6.59,0.991923063,23.94,606429.0,0.0,0.0,3301.0,2822105.0,0.0,0.0,3870.0,0.0,0.0,0.0,0.0
2023-03-29 01:51:29.673000+00:00,905216.0,29728768.0,33918976.0,33918976.0,6.61,0.991923063,24.0,607232.0,0.0,0.0,3305.0,2826611.0,0.0,0.0,3875.0,0.0,0.0,0.0,0.0
2023-03-29 01:51:34.884000+00:00,905216.0,29728768.0,33099776.0,33099776.0,6.61,0.991923063,24.01,608035.0,0.0,0.0,3309.0,2831117.0,0.0,0.0,3880.0,0.0,0.0,0.0,0.0
2023-03-29 01:51:38.940000+00:00,905216.0,29134848.0,33239040.0,33239040.0,6.63,0.991923063,24.08,608838.0,0.0,0.0,3313.0,2835623.0,0.0,0.0,3885.0,0.0,0.0,0.0,0.0
2023-03-29 01:51:43.831000+00:00,905216.0,29237248.0,33341440.0,33341440.0,6.63,0.991923063,24.08,609641.0,0.0,0.0,3317.0,2835623.0,0.0,0.0,3885.0,0.0,0.0,0.0,0.0
2023-03-29 01:51:48.693000+00:00,905216.0,29384704.0,33759232.0,33759232.0,6.65,0.992464521,24.14,610444.0,0.0,0.0,3321.0,2844635.0,0.0,0.0,3895.0,0.0,0.0,0.0,0.0
2023-03-29 01:51:54.586000+00:00,917504.0,29573120.0,33685504.0,33685504.0,6.66,0.992464521,24.14,611301.0,0.0,0.0,3326.0,2849215.0,0.0,0.0,3901.0,0.0,0.0,0.0,0.0
2023-03-29 01:51:59.148000+00:00,917504.0,29716480.0,34082816.0,34082816.0,6.69,0.992464521,24.22,612188.0,0.0,0.0,3332.0,2853805.0,0.0,0.0,3908.0,0.0,0.0,0.0,0.0
2023-03-29 01:52:04.288000+00:00,917504.0,28991488.0,33165312.0,33165312.0,6.69,0.992464521,24.22,612991.0,0.0,0.0,3336.0,2858311.0,0.0,0.0,3913.0,0.0,0.0,0.0,0.0
2023-03-29 01:52:08.926000+00:00,917504.0,29138944.0,33402880.0,33402880.0,6.72,0.992464521,24.3,613794.0,0.0,0.0,3340.0,2862817.0,0.0,0.0,3918.0,0.0,0.0,0.0,0.0
2023-03-29 01:52:13.851000+00:00,917504.0,29241344.0,33349632.0,33402880.0,6.72,0.992464521,24.3,613794.0,0.0,0.0,3340.0,2862817.0,0.0,0.0,3918.0,0.0,0.0,0.0,0.0
2023-03-29 01:52:18.855000+00:00,917504.0,31236096.0,36151296.0,36151296.0,6.72,0.992464521,24.33,615400.0,0.0,0.0,3348.0,2871829.0,0.0,0.0,3928.0,0.0,0.0,0.0,0.0
2023-03-29 01:52:24.712000+00:00,917504.0,29491200.0,33730560.0,33730560.0,6.74,0.992464521,24.37,616203.0,0.0,0.0,3352.0,2876335.0,0.0,0.0,3933.0,0.0,0.0,0.0,0.0
2023-03-29 01:52:29.248000+00:00,917504.0,29638656.0,33779712.0,33779712.0,6.75,0.992464521,24.43,617006.0,0.0,0.0,3356.0,2880841.0,0.0,0.0,3938.0,0.0,0.0,0.0,0.0
2023-03-29 01:52:33.850000+00:00,917504.0,29736960.0,33865728.0,33865728.0,6.75,0.992464521,24.44,617809.0,0.0,0.0,3360.0,2885347.0,0.0,0.0,3943.0,0.0,0.0,0.0,0.0
2023-03-29 01:52:38.006000+00:00,917504.0,28987392.0,33148928.0,33148928.0,6.75,0.992464521,24.44,618612.0,0.0,0.0,3364.0,2889853.0,0.0,0.0,3948.0,0.0,0.0,0.0,0.0
2023-03-29 01:52:44.815000+00:00,917504.0,28987392.0,33148928.0,33148928.0,6.77,0.992464521,24.5,618612.0,0.0,0.0,3364.0,2889853.0,0.0,0.0,3948.0,0.0,0.0,0.0,0.0
2023-03-29 01:52:49.780000+00:00,917504.0,29282304.0,33693696.0,33693696.0,6.79,0.992464521,24.57,620218.0,0.0,0.0,3372.0,2898865.0,0.0,0.0,3958.0,0.0,0.0,0.0,0.0
2023-03-29 01:52:53.580000+00:00,917504.0,29470720.0,33841152.0,33841152.0,6.81,0.992464521,24.58,621075.0,0.0,0.0,3377.0,2903445.0,0.0,0.0,3964.0,0.0,0.0,0.0,0.0
2023-03-29 01:52:58.978000+00:00,933888.0,29573120.0,33710080.0,33710080.0,6.81,0.992464521,24.58,621962.0,0.0,0.0,3383.0,2908035.0,0.0,0.0,3971.0,0.0,0.0,0.0,0.0
2023-03-29 01:53:03.501000+00:00,933888.0,29716480.0,33894400.0,33894400.0,6.83,0.992464521,24.66,622765.0,0.0,0.0,3387.0,2912541.0,0.0,0.0,3976.0,0.0,0.0,0.0,0.0
2023-03-29 01:53:08.145000+00:00,933888.0,28987392.0,33153024.0,33153024.0,6.83,0.992464521,24.67,623568.0,0.0,0.0,3391.0,2917047.0,0.0,0.0,3981.0,0.0,0.0,0.0,0.0
2023-03-29 01:53:13.459000+00:00,933888.0,28987392.0,33280000.0,33280000.0,6.85,0.992464521,24.73,624371.0,0.0,0.0,3395.0,2921553.0,0.0,0.0,3986.0,0.0,0.0,0.0,0.0
2023-03-29 01:53:19.069000+00:00,933888.0,29237248.0,33370112.0,33370112.0,6.85,0.992464521,24.73,625174.0,0.0,0.0,3399.0,2926059.0,0.0,0.0,3991.0,0.0,0.0,0.0,0.0
2023-03-29 01:53:23.638000+00:00,933888.0,29384704.0,33525760.0,33525760.0,6.87,0.992464521,24.73,625977.0,0.0,0.0,3403.0,2930565.0,0.0,0.0,3996.0,0.0,0.0,0.0,0.0
2023-03-29 01:53:28.844000+00:00,933888.0,29483008.0,33587200.0,33587200.0,6.88,0.992464521,24.8,626780.0,0.0,0.0,3407.0,2935071.0,0.0,0.0,4001.0,0.0,0.0,0.0,0.0
2023-03-29 01:53:33.128000+00:00,933888.0,29667328.0,33804288.0,33804288.0,6.89,0.992464521,24.88,627583.0,0.0,0.0,3411.0,2939577.0,0.0,0.0,4006.0,0.0,0.0,0.0,0.0
2023-03-29 01:53:38.472000+00:00,933888.0,29765632.0,33906688.0,33906688.0,6.89,0.992464521,24.88,628386.0,0.0,0.0,3415.0,2944083.0,0.0,0.0,4011.0,0.0,0.0,0.0,0.0
2023-03-29 01:53:44.310000+00:00,933888.0,29765632.0,33906688.0,33906688.0,6.91,0.993716247,24.97,628386.0,0.0,0.0,3415.0,2944083.0,0.0,0.0,4011.0,0.0,0.0,0.0,0.0
2023-03-29 01:53:48.895000+00:00,933888.0,29237248.0,33325056.0,33325056.0,6.91,0.993716247,24.98,629992.0,0.0,0.0,3423.0,2953095.0,0.0,0.0,4021.0,0.0,0.0,0.0,0.0
2023-03-29 01:53:54.399000+00:00,954368.0,29470720.0,33665024.0,33665024.0,6.94,0.993716247,25.06,630849.0,0.0,0.0,3428.0,2957675.0,0.0,0.0,4027.0,0.0,0.0,0.0,0.0
2023-03-29 01:53:58.635000+00:00,954368.0,29573120.0,33681408.0,33681408.0,6.94,0.993716247,25.06,631736.0,0.0,0.0,3434.0,2962265.0,0.0,0.0,4034.0,0.0,0.0,0.0,0.0
2023-03-29 01:54:03.133000+00:00,954368.0,29712384.0,34062336.0,34062336.0,6.96,0.993716247,25.12,632539.0,0.0,0.0,3438.0,2966771.0,0.0,0.0,4039.0,0.0,0.0,0.0,0.0
2023-03-29 01:54:09.881000+00:00,954368.0,29818880.0,33927168.0,33927168.0,6.96,0.993716247,25.13,633342.0,0.0,0.0,3442.0,2971277.0,0.0,0.0,4044.0,0.0,0.0,0.0,0.0
2023-03-29 01:54:13.811000+00:00,954368.0,29818880.0,33927168.0,33927168.0,6.98,0.993716247,25.18,633342.0,0.0,0.0,3442.0,2971277.0,0.0,0.0,4049.0,0.0,0.0,0.0,0.0
2023-03-29 01:54:19.233000+00:00,954368.0,29233152.0,33464320.0,33464320.0,6.98,0.993716247,25.19,634948.0,0.0,0.0,3450.0,2980289.0,0.0,0.0,4054.0,0.0,0.0,0.0,0.0
2023-03-29 01:54:24.837000+00:00,954368.0,29376512.0,33554432.0,33554432.0,7.0,0.993883448,25.25,635751.0,0.0,0.0,3454.0,2984795.0,0.0,0.0,4059.0,0.0,0.0,0.0,0.0
2023-03-29 01:54:29.194000+00:00,954368.0,29478912.0,33587200.0,33587200.0,7.0,0.993883448,25.26,636554.0,0.0,0.0,3458.0,2989301.0,0.0,0.0,4064.0,0.0,0.0,0.0,0.0
2023-03-29 01:54:34.065000+00:00,954368.0,29478912.0,33824768.0,33824768.0,7.01,0.994082118,25.26,637357.0,0.0,0.0,3462.0,2993807.0,0.0,0.0,4069.0,0.0,0.0,0.0,0.0
2023-03-29 01:54:39.317000+00:00,954368.0,29724672.0,33824768.0,33824768.0,7.01,0.994082118,25.33,638160.0,0.0,0.0,3466.0,2998313.0,0.0,0.0,4074.0,0.0,0.0,0.0,0.0
2023-03-29 01:54:43.216000+00:00,954368.0,29724672.0,33824768.0,33824768.0,7.02,0.994082118,25.34,638160.0,0.0,0.0,3466.0,2998313.0,0.0,0.0,4074.0,0.0,0.0,0.0,0.0
2023-03-29 01:54:49.335000+00:00,954368.0,29192192.0,33316864.0,33316864.0,7.04,1.046934675,25.4,639766.0,0.0,0.0,3474.0,3007325.0,0.0,0.0,4084.0,0.0,0.0,0.0,0.0
2023-03-29 01:54:54.326000+00:00,962560.0,29425664.0,33906688.0,33906688.0,7.09,1.119763651,25.47,640623.0,0.0,0.0,3479.0,3011905.0,0.0,0.0,4090.0,0.0,0.0,0.0,0.0
2023-03-29 01:54:59.013000+00:00,962560.0,29523968.0,33632256.0,33632256.0,7.09,1.119763651,25.48,641510.0,0.0,0.0,3485.0,3016495.0,0.0,0.0,4097.0,0.0,0.0,0.0,0.0
2023-03-29 01:55:03.406000+00:00,962560.0,29626368.0,33759232.0,33759232.0,7.1,1.119763651,25.48,642313.0,0.0,0.0,3489.0,3021001.0,0.0,0.0,4102.0,0.0,0.0,0.0,0.0
2023-03-29 01:55:08.832000+00:00,962560.0,29769728.0,33951744.0,33951744.0,7.13,1.120180092,25.54,643116.0,0.0,0.0,3493.0,3025507.0,0.0,0.0,4107.0,0.0,0.0,0.0,0.0
2023-03-29 01:55:14.019000+00:00,962560.0,29769728.0,33951744.0,33951744.0,7.13,1.120180092,25.56,643116.0,0.0,0.0,3493.0,3025507.0,0.0,0.0,4107.0,0.0,0.0,0.0,0.0
2023-03-29 01:55:18.694000+00:00,962560.0,29192192.0,33361920.0,33361920.0,7.16,1.120180092,25.62,644722.0,0.0,0.0,3501.0,3034519.0,0.0,0.0,4117.0,0.0,0.0,0.0,0.0
2023-03-29 01:55:24.776000+00:00,962560.0,29290496.0,33378304.0,33378304.0,7.16,1.120180092,25.62,645525.0,0.0,0.0,3505.0,3039025.0,0.0,0.0,4122.0,0.0,0.0,0.0,0.0
2023-03-29 01:55:29.719000+00:00,962560.0,29437952.0,33595392.0,33595392.0,7.18,1.120180092,25.69,646328.0,0.0,0.0,3509.0,3043531.0,0.0,0.0,4127.0,0.0,0.0,0.0,0.0
2023-03-29 01:55:34.490000+00:00,962560.0,29536256.0,33681408.0,33681408.0,7.18,1.120180092,25.7,647131.0,0.0,0.0,3513.0,3048037.0,0.0,0.0,4132.0,0.0,0.0,0.0,0.0
2023-03-29 01:55:39.227000+00:00,962560.0,29683712.0,33816576.0,33816576.0,7.2,1.120180092,25.76,647934.0,0.0,0.0,3517.0,3052543.0,0.0,0.0,4137.0,0.0,0.0,0.0,0.0
2023-03-29 01:55:44.641000+00:00,962560.0,29683712.0,33816576.0,33816576.0,7.2,1.120180092,25.76,647934.0,0.0,0.0,3517.0,3052543.0,0.0,0.0,4137.0,0.0,0.0,0.0,0.0
2023-03-29 01:55:48.811000+00:00,962560.0,29085696.0,33419264.0,33419264.0,7.22,1.120409377,25.84,649540.0,0.0,0.0,3525.0,3061555.0,0.0,0.0,4147.0,0.0,0.0,0.0,0.0
2023-03-29 01:55:54.712000+00:00,978944.0,29270016.0,33521664.0,33521664.0,7.24,1.120409377,25.85,650397.0,0.0,0.0,3530.0,3066135.0,0.0,0.0,4153.0,0.0,0.0,0.0,0.0
2023-03-29 01:55:59.319000+00:00,978944.0,29417472.0,33529856.0,33529856.0,7.25,1.120409377,25.91,651284.0,0.0,0.0,3536.0,3070725.0,0.0,0.0,4160.0,0.0,0.0,0.0,0.0
2023-03-29 01:56:04.826000+00:00,978944.0,29519872.0,33619968.0,33619968.0,7.26,1.120409377,25.91,652087.0,0.0,0.0,3540.0,3075231.0,0.0,0.0,4165.0,0.0,0.0,0.0,0.0
2023-03-29 01:56:09.059000+00:00,978944.0,29667328.0,34029568.0,34029568.0,7.26,1.120727409,25.98,652890.0,0.0,0.0,3544.0,3079737.0,0.0,0.0,4170.0,0.0,0.0,0.0,0.0
2023-03-29 01:56:13.490000+00:00,978944.0,29765632.0,34029568.0,34029568.0,7.27,1.120727409,25.99,652890.0,0.0,0.0,3544.0,3079737.0,0.0,0.0,4170.0,0.0,0.0,0.0,0.0
2023-03-29 01:56:18.629000+00:00,978944.0,29085696.0,33472512.0,33472512.0,7.29,1.120727409,26.06,654496.0,0.0,0.0,3552.0,3088749.0,0.0,0.0,4180.0,0.0,0.0,0.0,0.0
2023-03-29 01:56:24.309000+00:00,978944.0,29188096.0,33296384.0,33296384.0,7.29,1.120727409,26.07,655299.0,0.0,0.0,3556.0,3093255.0,0.0,0.0,4185.0,0.0,0.0,0.0,0.0
2023-03-29 01:56:28.229000+00:00,978944.0,29331456.0,33566720.0,33566720.0,7.31,1.120727409,26.14,656102.0,0.0,0.0,3560.0,3097761.0,0.0,0.0,4190.0,0.0,0.0,0.0,0.0
2023-03-29 01:56:34.593000+00:00,978944.0,29433856.0,33538048.0,33538048.0,7.31,1.120727409,26.15,656905.0,0.0,0.0,3564.0,3102267.0,0.0,0.0,4195.0,0.0,0.0,0.0,0.0
2023-03-29 01:56:39.434000+00:00,978944.0,29577216.0,34029568.0,34029568.0,7.32,1.120727409,26.21,657708.0,0.0,0.0,3568.0,3106773.0,0.0,0.0,4200.0,0.0,0.0,0.0,0.0
2023-03-29 01:56:44.039000+00:00,978944.0,29577216.0,34029568.0,34029568.0,7.33,1.120727409,26.22,657708.0,0.0,0.0,3568.0,3106773.0,0.0,0.0,4200.0,0.0,0.0,0.0,0.0
2023-03-29 01:56:48.841000+00:00,978944.0,29822976.0,34295808.0,34295808.0,7.34,1.120727409,26.29,659314.0,0.0,0.0,3576.0,3115785.0,0.0,0.0,4210.0,0.0,0.0,0.0,0.0
2023-03-29 01:56:54.389000+00:00,995328.0,29822976.0,33452032.0,33452032.0,7.35,1.120727409,26.3,660171.0,0.0,0.0,3581.0,3120365.0,0.0,0.0,4216.0,0.0,0.0,0.0,0.0
2023-03-29 01:56:59.121000+00:00,995328.0,29368320.0,33550336.0,33550336.0,7.38,1.120727409,26.37,661058.0,0.0,0.0,3587.0,3124955.0,0.0,0.0,4223.0,0.0,0.0,0.0,0.0
2023-03-29 01:57:04.256000+00:00,995328.0,29474816.0,33705984.0,33705984.0,7.38,1.120727409,26.37,661861.0,0.0,0.0,3591.0,3129461.0,0.0,0.0,4228.0,0.0,0.0,0.0,0.0
2023-03-29 01:57:08.853000+00:00,995328.0,29614080.0,33751040.0,33751040.0,7.4,1.120727409,26.44,662664.0,0.0,0.0,3595.0,3133967.0,0.0,0.0,4233.0,0.0,0.0,0.0,0.0
2023-03-29 01:57:13.511000+00:00,995328.0,29614080.0,33751040.0,33751040.0,7.4,1.120727409,26.44,662664.0,0.0,0.0,3595.0,3138473.0,0.0,0.0,4238.0,0.0,0.0,0.0,0.0
2023-03-29 01:57:18.814000+00:00,995328.0,29863936.0,34308096.0,34308096.0,7.43,1.120727409,26.5,664270.0,0.0,0.0,3603.0,3142979.0,0.0,0.0,4243.0,0.0,0.0,0.0,0.0
2023-03-29 01:57:24+00:00,995328.0,29863936.0,33366016.0,33366016.0,7.43,1.120727409,26.51,665073.0,0.0,0.0,3607.0,3147485.0,0.0,0.0,4248.0,0.0,0.0,0.0,0.0
2023-03-29 01:57:29.773000+00:00,995328.0,29249536.0,33681408.0,33681408.0,7.44,1.120727409,26.58,665876.0,0.0,0.0,3611.0,3151991.0,0.0,0.0,4253.0,0.0,0.0,0.0,0.0
2023-03-29 01:57:34.340000+00:00,995328.0,29249536.0,33505280.0,33505280.0,7.44,1.120727409,26.58,666679.0,0.0,0.0,3615.0,3156497.0,0.0,0.0,4258.0,0.0,0.0,0.0,0.0
2023-03-29 01:57:39.858000+00:00,995328.0,29495296.0,33615872.0,33615872.0,7.46,1.120727409,26.64,667482.0,0.0,0.0,3619.0,3161003.0,0.0,0.0,4263.0,0.0,0.0,0.0,0.0
2023-03-29 01:57:43.331000+00:00,995328.0,29495296.0,33615872.0,33615872.0,7.46,1.120727409,26.64,667482.0,0.0,0.0,3619.0,3161003.0,0.0,0.0,4263.0,0.0,0.0,0.0,0.0
2023-03-29 01:57:49.310000+00:00,995328.0,30765056.0,35627008.0,35627008.0,7.46,1.120727409,26.66,669088.0,0.0,0.0,3627.0,3170015.0,0.0,0.0,4273.0,0.0,0.0,0.0,0.0
2023-03-29 01:57:53.903000+00:00,995328.0,29179904.0,33476608.0,33476608.0,7.48,1.120727409,26.66,669945.0,0.0,0.0,3632.0,3174595.0,0.0,0.0,4279.0,0.0,0.0,0.0,0.0
2023-03-29 01:57:58.333000+00:00,1015808.0,29282304.0,33427456.0,33427456.0,7.48,1.120727409,26.74,670832.0,0.0,0.0,3638.0,3179185.0,0.0,0.0,4286.0,0.0,0.0,0.0,0.0
2023-03-29 01:58:04.354000+00:00,1015808.0,29425664.0,33636352.0,33636352.0,7.5,1.192000164,26.74,671635.0,0.0,0.0,3642.0,3183691.0,0.0,0.0,4291.0,0.0,0.0,0.0,0.0
2023-03-29 01:58:09.320000+00:00,1015808.0,29528064.0,33615872.0,33615872.0,7.5,1.192000164,26.81,672438.0,0.0,0.0,3646.0,3188197.0,0.0,0.0,4296.0,0.0,0.0,0.0,0.0
2023-03-29 01:58:14.329000+00:00,1015808.0,29671424.0,33796096.0,33615872.0,7.52,1.192000164,26.87,672438.0,0.0,0.0,3646.0,3188197.0,0.0,0.0,4296.0,0.0,0.0,0.0,0.0
2023-03-29 01:58:19.508000+00:00,1015808.0,29777920.0,33894400.0,33894400.0,7.52,1.192000164,26.88,674044.0,0.0,0.0,3654.0,3197209.0,0.0,0.0,4306.0,0.0,0.0,0.0,0.0
2023-03-29 01:58:24.223000+00:00,1015808.0,29921280.0,34017280.0,34017280.0,7.53,1.192000164,26.88,674847.0,0.0,0.0,3658.0,3201715.0,0.0,0.0,4311.0,0.0,0.0,0.0,0.0
2023-03-29 01:58:28.158000+00:00,1015808.0,29184000.0,33513472.0,33513472.0,7.55,1.192000164,26.96,675650.0,0.0,0.0,3662.0,3206221.0,0.0,0.0,4316.0,0.0,0.0,0.0,0.0
2023-03-29 01:58:34.601000+00:00,1015808.0,29331456.0,33677312.0,33677312.0,7.58,1.192000164,27.02,676453.0,0.0,0.0,3666.0,3210727.0,0.0,0.0,4321.0,0.0,0.0,0.0,0.0
2023-03-29 01:58:39.019000+00:00,1015808.0,29433856.0,33533952.0,33533952.0,7.58,1.192000164,27.03,677256.0,0.0,0.0,3670.0,3215233.0,0.0,0.0,4326.0,0.0,0.0,0.0,0.0
2023-03-29 01:58:43.552000+00:00,1015808.0,29581312.0,33837056.0,33533952.0,7.59,1.192000164,27.1,677256.0,0.0,0.0,3670.0,3215233.0,0.0,0.0,4326.0,0.0,0.0,0.0,0.0
2023-03-29 01:58:49.062000+00:00,1015808.0,29683712.0,33832960.0,33832960.0,7.59,1.192000164,27.1,678862.0,0.0,0.0,3678.0,3224245.0,0.0,0.0,4336.0,0.0,0.0,0.0,0.0
2023-03-29 01:58:54.760000+00:00,1015808.0,29921280.0,34037760.0,34037760.0,7.62,1.192000164,27.18,679719.0,0.0,0.0,3683.0,3228825.0,0.0,0.0,4342.0,0.0,0.0,0.0,0.0
2023-03-29 01:58:58.656000+00:00,1024000.0,29286400.0,33435648.0,33435648.0,7.62,1.192000164,27.19,680606.0,0.0,0.0,3689.0,3233415.0,0.0,0.0,4349.0,0.0,0.0,0.0,0.0
2023-03-29 01:59:03.281000+00:00,1024000.0,29429760.0,33615872.0,33615872.0,7.63,1.192000164,27.26,681409.0,0.0,0.0,3693.0,3237921.0,0.0,0.0,4354.0,0.0,0.0,0.0,0.0
2023-03-29 01:59:09.654000+00:00,1024000.0,29536256.0,33660928.0,33660928.0,7.64,1.192000164,27.26,682212.0,0.0,0.0,3697.0,3242427.0,0.0,0.0,4359.0,0.0,0.0,0.0,0.0
2023-03-29 01:59:14.221000+00:00,1024000.0,29536256.0,33660928.0,33660928.0,7.64,1.192000164,27.33,682212.0,0.0,0.0,3697.0,3242427.0,0.0,0.0,4359.0,0.0,0.0,0.0,0.0
2023-03-29 01:59:19.823000+00:00,1024000.0,29786112.0,33873920.0,33873920.0,7.64,1.192000164,27.33,683818.0,0.0,0.0,3705.0,3251439.0,0.0,0.0,4369.0,0.0,0.0,0.0,0.0
2023-03-29 01:59:24.654000+00:00,1024000.0,29933568.0,34336768.0,34336768.0,7.67,1.192000164,27.39,684621.0,0.0,0.0,3709.0,3255945.0,0.0,0.0,4374.0,0.0,0.0,0.0,0.0
2023-03-29 01:59:29.159000+00:00,1024000.0,29212672.0,33349632.0,33349632.0,7.67,1.192000164,27.4,685424.0,0.0,0.0,3713.0,3260451.0,0.0,0.0,4379.0,0.0,0.0,0.0,0.0
2023-03-29 01:59:34.226000+00:00,1024000.0,29360128.0,33521664.0,33521664.0,7.69,1.192000164,27.46,686227.0,0.0,0.0,3717.0,3264957.0,0.0,0.0,4384.0,0.0,0.0,0.0,0.0
2023-03-29 01:59:38.559000+00:00,1024000.0,29462528.0,33570816.0,33570816.0,7.69,1.192000164,27.47,687030.0,0.0,0.0,3721.0,3269463.0,0.0,0.0,4389.0,0.0,0.0,0.0,0.0
2023-03-29 01:59:43.866000+00:00,1024000.0,29609984.0,33570816.0,33570816.0,7.72,1.192000164,27.52,687030.0,0.0,0.0,3721.0,3269463.0,0.0,0.0,4394.0,0.0,0.0,0.0,0.0
2023-03-29 01:59:49.695000+00:00,1024000.0,29712384.0,33804288.0,33804288.0,7.72,1.192000164,27.53,688636.0,0.0,0.0,3729.0,3278475.0,0.0,0.0,4399.0,0.0,0.0,0.0,0.0
2023-03-29 01:59:54.443000+00:00,1040384.0,29712384.0,34111488.0,34111488.0,7.74,1.192000164,27.61,689493.0,0.0,0.0,3734.0,3283055.0,0.0,0.0,4405.0,0.0,0.0,0.0,0.0
2023-03-29 01:59:58.643000+00:00,1040384.0,29233152.0,33574912.0,33574912.0,7.74,1.192000164,27.61,690380.0,0.0,0.0,3740.0,3287645.0,0.0,0.0,4412.0,0.0,0.0,0.0,0.0
2023-03-29 02:00:04.562000+00:00,1040384.0,29380608.0,33779712.0,33779712.0,7.75,1.19349828,27.61,691183.0,0.0,0.0,3744.0,3292151.0,0.0,0.0,4417.0,0.0,0.0,0.0,0.0
2023-03-29 02:00:08.766000+00:00,1040384.0,29483008.0,33611776.0,33611776.0,7.75,1.19349828,27.69,691986.0,0.0,0.0,3748.0,3296657.0,0.0,0.0,4422.0,0.0,0.0,0.0,0.0
2023-03-29 02:00:14.318000+00:00,1040384.0,29483008.0,33611776.0,33611776.0,7.75,1.19349828,27.7,691986.0,0.0,0.0,3752.0,3301163.0,0.0,0.0,4427.0,0.0,0.0,0.0,0.0
2023-03-29 02:00:18.569000+00:00,1040384.0,29736960.0,33865728.0,33865728.0,7.77,1.19349828,27.76,693592.0,0.0,0.0,3756.0,3305669.0,0.0,0.0,4432.0,0.0,0.0,0.0,0.0
2023-03-29 02:00:24.632000+00:00,1040384.0,29843456.0,33931264.0,33931264.0,7.77,1.19349828,27.77,694395.0,0.0,0.0,3760.0,3310175.0,0.0,0.0,4437.0,0.0,0.0,0.0,0.0
2023-03-29 02:00:29.380000+00:00,1040384.0,29990912.0,34172928.0,34172928.0,7.79,1.263432547,27.84,695198.0,0.0,0.0,3764.0,3314681.0,0.0,0.0,4442.0,0.0,0.0,0.0,0.0
2023-03-29 02:00:34.198000+00:00,1040384.0,29990912.0,33464320.0,33464320.0,7.8,1.263432547,27.84,696001.0,0.0,0.0,3768.0,3319187.0,0.0,0.0,4447.0,0.0,0.0,0.0,0.0
2023-03-29 02:00:39.710000+00:00,1040384.0,29396992.0,33521664.0,33521664.0,7.81,1.263432547,27.91,696804.0,0.0,0.0,3772.0,3323693.0,0.0,0.0,4452.0,0.0,0.0,0.0,0.0
2023-03-29 02:00:43.179000+00:00,1040384.0,29499392.0,33644544.0,33521664.0,7.81,1.263432547,27.92,696804.0,0.0,0.0,3772.0,3323693.0,0.0,0.0,4452.0,0.0,0.0,0.0,0.0
2023-03-29 02:00:48.893000+00:00,1040384.0,29650944.0,33787904.0,33787904.0,7.84,1.263432547,27.98,698410.0,0.0,0.0,3780.0,3332705.0,0.0,0.0,4462.0,0.0,0.0,0.0,0.0
2023-03-29 02:00:54.174000+00:00,1056768.0,29843456.0,34074624.0,34074624.0,7.85,1.263432547,27.99,699267.0,0.0,0.0,3785.0,3337285.0,0.0,0.0,4468.0,0.0,0.0,0.0,0.0
2023-03-29 02:00:59.026000+00:00,1056768.0,29986816.0,34140160.0,34140160.0,7.88,1.263432547,28.06,700154.0,0.0,0.0,3791.0,3341875.0,0.0,0.0,4475.0,0.0,0.0,0.0,0.0
2023-03-29 02:01:03.855000+00:00,1056768.0,29265920.0,33366016.0,33366016.0,7.88,1.263432547,28.06,700957.0,0.0,0.0,3795.0,3346381.0,0.0,0.0,4480.0,0.0,0.0,0.0,0.0
2023-03-29 02:01:09.853000+00:00,1056768.0,29413376.0,33521664.0,33521664.0,7.91,1.263432547,28.11,701760.0,0.0,0.0,3799.0,3350887.0,0.0,0.0,4485.0,0.0,0.0,0.0,0.0
2023-03-29 02:01:14.525000+00:00,1056768.0,29519872.0,33624064.0,33624064.0,7.91,1.263432547,28.12,702563.0,0.0,0.0,3803.0,3355393.0,0.0,0.0,4490.0,0.0,0.0,0.0,0.0
2023-03-29 02:01:19.159000+00:00,1056768.0,29667328.0,33906688.0,33906688.0,7.92,1.263432547,28.2,703366.0,0.0,0.0,3807.0,3359899.0,0.0,0.0,4495.0,0.0,0.0,0.0,0.0
2023-03-29 02:01:23.900000+00:00,1056768.0,29769728.0,33910784.0,33910784.0,7.92,1.263432547,28.2,704169.0,0.0,0.0,3811.0,3364405.0,0.0,0.0,4500.0,0.0,0.0,0.0,0.0
2023-03-29 02:01:28.986000+00:00,1056768.0,29917184.0,34107392.0,34107392.0,7.94,1.263432547,28.27,704972.0,0.0,0.0,3815.0,3368911.0,0.0,0.0,4505.0,0.0,0.0,0.0,0.0
2023-03-29 02:01:34.755000+00:00,1056768.0,30015488.0,34111488.0,34111488.0,7.94,1.263432547,28.27,705775.0,0.0,0.0,3819.0,3373417.0,0.0,0.0,4510.0,0.0,0.0,0.0,0.0
2023-03-29 02:01:37.949000+00:00,1056768.0,29351936.0,33923072.0,33923072.0,7.96,1.263432547,28.33,706578.0,0.0,0.0,3823.0,3377923.0,0.0,0.0,4515.0,0.0,0.0,0.0,0.0
2023-03-29 02:01:43.167000+00:00,1056768.0,29454336.0,33603584.0,33923072.0,7.96,1.263432547,28.34,706578.0,0.0,0.0,3823.0,3377923.0,0.0,0.0,4515.0,0.0,0.0,0.0,0.0
2023-03-29 02:01:49.717000+00:00,1056768.0,29597696.0,33873920.0,33873920.0,7.97,1.263432547,28.42,708184.0,0.0,0.0,3831.0,3386935.0,0.0,0.0,4525.0,0.0,0.0,0.0,0.0
2023-03-29 02:01:54.708000+00:00,1069056.0,29786112.0,33906688.0,33906688.0,7.99,1.263432547,28.42,709041.0,0.0,0.0,3836.0,3391515.0,0.0,0.0,4531.0,0.0,0.0,0.0,0.0
2023-03-29 02:01:58.885000+00:00,1069056.0,29933568.0,34308096.0,34308096.0,8.01,1.263432547,28.5,709928.0,0.0,0.0,3842.0,3396105.0,0.0,0.0,4538.0,0.0,0.0,0.0,0.0
2023-03-29 02:02:04.629000+00:00,1069056.0,30031872.0,34152448.0,34152448.0,8.01,1.263432547,28.51,710731.0,0.0,0.0,3846.0,3400611.0,0.0,0.0,4543.0,0.0,0.0,0.0,0.0
2023-03-29 02:02:09.353000+00:00,1069056.0,29474816.0,33710080.0,33710080.0,8.04,1.263432547,28.57,711534.0,0.0,0.0,3850.0,3405117.0,0.0,0.0,4548.0,0.0,0.0,0.0,0.0
2023-03-29 02:02:14.914000+00:00,1069056.0,29474816.0,33710080.0,33710080.0,8.04,1.263432547,28.58,711534.0,0.0,0.0,3850.0,3409623.0,0.0,0.0,4553.0,0.0,0.0,0.0,0.0
2023-03-29 02:02:19.718000+00:00,1069056.0,29720576.0,33878016.0,33878016.0,8.06,1.263432547,28.64,713140.0,0.0,0.0,3858.0,3414129.0,0.0,0.0,4558.0,0.0,0.0,0.0,0.0
2023-03-29 02:02:23.887000+00:00,1069056.0,29818880.0,33931264.0,33931264.0,8.06,1.263432547,28.64,713943.0,0.0,0.0,3862.0,3418635.0,0.0,0.0,4563.0,0.0,0.0,0.0,0.0
2023-03-29 02:02:28.607000+00:00,1069056.0,29921280.0,34074624.0,34074624.0,8.06,1.263432547,28.64,714746.0,0.0,0.0,3866.0,3423141.0,0.0,0.0,4568.0,0.0,0.0,0.0,0.0
2023-03-29 02:02:34.773000+00:00,1069056.0,30064640.0,34185216.0,34185216.0,8.08,1.263432547,28.72,715549.0,0.0,0.0,3870.0,3427647.0,0.0,0.0,4573.0,0.0,0.0,0.0,0.0
2023-03-29 02:02:38.561000+00:00,1069056.0,30167040.0,34328576.0,34328576.0,8.08,1.263432547,28.72,716352.0,0.0,0.0,3874.0,3432153.0,0.0,0.0,4578.0,0.0,0.0,0.0,0.0
2023-03-29 02:02:44.567000+00:00,1069056.0,30167040.0,34328576.0,34328576.0,8.1,1.263432547,28.79,716352.0,0.0,0.0,3874.0,3432153.0,0.0,0.0,4578.0,0.0,0.0,0.0,0.0
2023-03-29 02:02:48.805000+00:00,1069056.0,29687808.0,33800192.0,33800192.0,8.1,1.263432547,28.8,717958.0,0.0,0.0,3882.0,3441165.0,0.0,0.0,4588.0,0.0,0.0,0.0,0.0
2023-03-29 02:02:53.214000+00:00,1085440.0,29921280.0,34131968.0,34131968.0,8.15,1.263432547,28.86,718815.0,0.0,0.0,3887.0,3445745.0,0.0,0.0,4594.0,0.0,0.0,0.0,0.0
2023-03-29 02:02:59.447000+00:00,1085440.0,30023680.0,34189312.0,34189312.0,8.15,1.263432547,28.86,719702.0,0.0,0.0,3893.0,3450335.0,0.0,0.0,4601.0,0.0,0.0,0.0,0.0
2023-03-29 02:03:04.461000+00:00,1085440.0,30023680.0,34267136.0,34267136.0,8.16,1.263432547,28.94,720505.0,0.0,0.0,3897.0,3454841.0,0.0,0.0,4606.0,0.0,0.0,0.0,0.0
2023-03-29 02:03:09.514000+00:00,1085440.0,30269440.0,34369536.0,34369536.0,8.16,1.263432547,28.94,721308.0,0.0,0.0,3901.0,3459347.0,0.0,0.0,4611.0,0.0,0.0,0.0,0.0
2023-03-29 02:03:13.188000+00:00,1085440.0,29667328.0,33845248.0,33845248.0,8.18,1.263432547,29.0,722111.0,0.0,0.0,3901.0,3459347.0,0.0,0.0,4611.0,0.0,0.0,0.0,0.0
2023-03-29 02:03:19.787000+00:00,1085440.0,29769728.0,33878016.0,33878016.0,8.18,1.263432547,29.01,722914.0,0.0,0.0,3909.0,3468359.0,0.0,0.0,4621.0,0.0,0.0,0.0,0.0
2023-03-29 02:03:23.994000+00:00,1085440.0,29913088.0,34070528.0,34070528.0,8.2,1.263432547,29.08,723717.0,0.0,0.0,3913.0,3472865.0,0.0,0.0,4626.0,0.0,0.0,0.0,0.0
2023-03-29 02:03:29.812000+00:00,1085440.0,30015488.0,34160640.0,34160640.0,8.2,1.263432547,29.08,724520.0,0.0,0.0,3917.0,3477371.0,0.0,0.0,4631.0,0.0,0.0,0.0,0.0
2023-03-29 02:03:34.800000+00:00,1085440.0,30158848.0,34332672.0,34332672.0,8.24,1.263432547,29.13,725323.0,0.0,0.0,3921.0,3481877.0,0.0,0.0,4636.0,0.0,0.0,0.0,0.0
2023-03-29 02:03:39.369000+00:00,1085440.0,30261248.0,34410496.0,34410496.0,8.24,1.263432547,29.14,726126.0,0.0,0.0,3925.0,3486383.0,0.0,0.0,4641.0,0.0,0.0,0.0,0.0
2023-03-29 02:03:44.779000+00:00,1085440.0,29655040.0,34410496.0,34410496.0,8.24,1.263432547,29.22,726126.0,0.0,0.0,3925.0,3486383.0,0.0,0.0,4641.0,0.0,0.0,0.0,0.0
2023-03-29 02:03:48.401000+00:00,1085440.0,29757440.0,33914880.0,33914880.0,8.24,1.263432547,29.22,727732.0,0.0,0.0,3933.0,3495395.0,0.0,0.0,4651.0,0.0,0.0,0.0,0.0
2023-03-29 02:03:54.221000+00:00,1085440.0,29757440.0,34324480.0,34324480.0,8.27,1.263432547,29.3,728589.0,0.0,0.0,3938.0,3499975.0,0.0,0.0,4657.0,0.0,0.0,0.0,0.0
2023-03-29 02:03:59.295000+00:00,1105920.0,30089216.0,34254848.0,34254848.0,8.27,1.263432547,29.3,729476.0,0.0,0.0,3944.0,3504565.0,0.0,0.0,4664.0,0.0,0.0,0.0,0.0
2023-03-29 02:04:04.577000+00:00,1105920.0,30089216.0,34369536.0,34369536.0,8.28,1.263432547,29.3,730279.0,0.0,0.0,3948.0,3509071.0,0.0,0.0,4669.0,0.0,0.0,0.0,0.0
2023-03-29 02:04:09.571000+00:00,1105920.0,30334976.0,34500608.0,34500608.0,8.28,1.263432547,29.37,731082.0,0.0,0.0,3952.0,3513577.0,0.0,0.0,4674.0,0.0,0.0,0.0,0.0
2023-03-29 02:04:13.651000+00:00,1105920.0,29728768.0,34070528.0,34500608.0,8.31,1.263432547,29.43,731082.0,0.0,0.0,3952.0,3513577.0,0.0,0.0,4674.0,0.0,0.0,0.0,0.0
2023-03-29 02:04:19.607000+00:00,1105920.0,29831168.0,33951744.0,33951744.0,8.31,1.263432547,29.44,732688.0,0.0,0.0,3960.0,3522589.0,0.0,0.0,4684.0,0.0,0.0,0.0,0.0
2023-03-29 02:04:24.259000+00:00,1105920.0,29974528.0,34193408.0,34193408.0,8.34,1.263432547,29.5,733491.0,0.0,0.0,3964.0,3527095.0,0.0,0.0,4689.0,0.0,0.0,0.0,0.0
2023-03-29 02:04:28.252000+00:00,1105920.0,30076928.0,34263040.0,34263040.0,8.34,1.263432547,29.5,734294.0,0.0,0.0,3968.0,3531601.0,0.0,0.0,4694.0,0.0,0.0,0.0,0.0
2023-03-29 02:04:34.501000+00:00,1105920.0,30224384.0,34615296.0,34615296.0,8.36,1.263432547,29.5,735097.0,0.0,0.0,3972.0,3536107.0,0.0,0.0,4699.0,0.0,0.0,0.0,0.0
2023-03-29 02:04:39.324000+00:00,1105920.0,30326784.0,34500608.0,34500608.0,8.36,1.263432547,29.58,735900.0,0.0,0.0,3976.0,3540613.0,0.0,0.0,4704.0,0.0,0.0,0.0,0.0
2023-03-29 02:04:44.401000+00:00,1105920.0,30326784.0,34500608.0,34500608.0,8.38,1.263432547,29.65,735900.0,0.0,0.0,3976.0,3545119.0,0.0,0.0,4709.0,0.0,0.0,0.0,0.0
2023-03-29 02:04:48.603000+00:00,1105920.0,29810688.0,33927168.0,33927168.0,8.38,1.263432547,29.66,737506.0,0.0,0.0,3984.0,3549625.0,0.0,0.0,4714.0,0.0,0.0,0.0,0.0
2023-03-29 02:04:53.926000+00:00,1118208.0,29999104.0,34246656.0,34246656.0,8.4,1.263432547,29.67,738363.0,0.0,0.0,3989.0,3554205.0,0.0,0.0,4720.0,0.0,0.0,0.0,0.0
2023-03-29 02:04:59.410000+00:00,1118208.0,30146560.0,34271232.0,34271232.0,8.41,1.263432547,29.74,739250.0,0.0,0.0,3995.0,3558795.0,0.0,0.0,4727.0,0.0,0.0,0.0,0.0
2023-03-29 02:05:03.916000+00:00,1118208.0,30244864.0,34406400.0,34406400.0,8.41,1.263432547,29.75,740053.0,0.0,0.0,3999.0,3563301.0,0.0,0.0,4732.0,0.0,0.0,0.0,0.0
2023-03-29 02:05:09.130000+00:00,1118208.0,30392320.0,34516992.0,34516992.0,8.42,1.264463001,29.82,740856.0,0.0,0.0,4003.0,3567807.0,0.0,0.0,4737.0,0.0,0.0,0.0,0.0
2023-03-29 02:05:13.630000+00:00,1118208.0,30392320.0,34516992.0,34516992.0,8.42,1.264463001,29.82,740856.0,0.0,0.0,4003.0,3567807.0,0.0,0.0,4737.0,0.0,0.0,0.0,0.0
2023-03-29 02:05:19.103000+00:00,1118208.0,29839360.0,34234368.0,34234368.0,8.44,1.264463001,29.93,742462.0,0.0,0.0,4011.0,3576819.0,0.0,0.0,4747.0,0.0,0.0,0.0,0.0
2023-03-29 02:05:23.945000+00:00,1118208.0,29941760.0,34115584.0,34115584.0,8.44,1.264463001,29.94,743265.0,0.0,0.0,4015.0,3581325.0,0.0,0.0,4752.0,0.0,0.0,0.0,0.0
2023-03-29 02:05:29.300000+00:00,1118208.0,30085120.0,34332672.0,34332672.0,8.46,1.264463001,30.0,744068.0,0.0,0.0,4019.0,3585831.0,0.0,0.0,4757.0,0.0,0.0,0.0,0.0
2023-03-29 02:05:33.793000+00:00,1118208.0,30085120.0,34353152.0,34353152.0,8.46,1.264463001,30.0,744871.0,0.0,0.0,4023.0,3590337.0,0.0,0.0,4762.0,0.0,0.0,0.0,0.0
2023-03-29 02:05:38.885000+00:00,1118208.0,30330880.0,34496512.0,34496512.0,8.49,1.264463001,30.07,745674.0,0.0,0.0,4027.0,3594843.0,0.0,0.0,4767.0,0.0,0.0,0.0,0.0
2023-03-29 02:05:44.789000+00:00,1118208.0,30330880.0,34496512.0,34496512.0,8.49,1.264463001,30.08,745674.0,0.0,0.0,4027.0,3594843.0,0.0,0.0,4767.0,0.0,0.0,0.0,0.0
2023-03-29 02:05:48.719000+00:00,1118208.0,30580736.0,34734080.0,34734080.0,8.52,1.264463001,30.14,747280.0,0.0,0.0,4035.0,3603855.0,0.0,0.0,4777.0,0.0,0.0,0.0,0.0
2023-03-29 02:05:53.728000+00:00,1118208.0,30044160.0,34226176.0,34226176.0,8.54,1.264463001,30.14,748137.0,0.0,0.0,4040.0,3608435.0,0.0,0.0,4783.0,0.0,0.0,0.0,0.0
2023-03-29 02:05:59.815000+00:00,1134592.0,30191616.0,34320384.0,34320384.0,8.54,1.264463001,30.23,749094.0,0.0,0.0,4047.0,3613025.0,0.0,0.0,4790.0,0.0,0.0,0.0,0.0
2023-03-29 02:06:04.536000+00:00,1134592.0,30294016.0,34422784.0,34422784.0,8.54,1.264463001,30.24,749897.0,0.0,0.0,4051.0,3617531.0,0.0,0.0,4795.0,0.0,0.0,0.0,0.0
2023-03-29 02:06:09.103000+00:00,1134592.0,30437376.0,34807808.0,34807808.0,8.56,1.264463001,30.3,750700.0,0.0,0.0,4055.0,3622037.0,0.0,0.0,4800.0,0.0,0.0,0.0,0.0
2023-03-29 02:06:14.738000+00:00,1134592.0,30539776.0,34705408.0,34807808.0,8.56,1.264463001,30.3,750700.0,0.0,0.0,4055.0,3622037.0,0.0,0.0,4800.0,0.0,0.0,0.0,0.0
2023-03-29 02:06:19.386000+00:00,1134592.0,30683136.0,34803712.0,34803712.0,8.58,1.264463001,30.37,752306.0,0.0,0.0,4063.0,3631049.0,0.0,0.0,4810.0,0.0,0.0,0.0,0.0
2023-03-29 02:06:24.342000+00:00,1134592.0,29995008.0,34246656.0,34246656.0,8.58,1.264463001,30.37,753109.0,0.0,0.0,4067.0,3635555.0,0.0,0.0,4815.0,0.0,0.0,0.0,0.0
2023-03-29 02:06:29.309000+00:00,1134592.0,30138368.0,34361344.0,34361344.0,8.6,1.265546145,30.44,753912.0,0.0,0.0,4071.0,3640061.0,0.0,0.0,4820.0,0.0,0.0,0.0,0.0
2023-03-29 02:06:34.179000+00:00,1134592.0,30236672.0,34361344.0,34361344.0,8.6,1.265546145,30.44,754715.0,0.0,0.0,4075.0,3644567.0,0.0,0.0,4825.0,0.0,0.0,0.0,0.0
2023-03-29 02:06:39.712000+00:00,1134592.0,30384128.0,34578432.0,34578432.0,8.61,1.265546145,30.51,755518.0,0.0,0.0,4079.0,3649073.0,0.0,0.0,4830.0,0.0,0.0,0.0,0.0
2023-03-29 02:06:44.714000+00:00,1134592.0,30384128.0,34578432.0,34578432.0,8.61,1.265546145,30.52,755518.0,0.0,0.0,4079.0,3649073.0,0.0,0.0,4830.0,0.0,0.0,0.0,0.0
2023-03-29 02:06:49.063000+00:00,1134592.0,30629888.0,34848768.0,34848768.0,8.62,1.265546145,30.59,757124.0,0.0,0.0,4087.0,3658085.0,0.0,0.0,4840.0,0.0,0.0,0.0,0.0
2023-03-29 02:06:54.555000+00:00,1150976.0,30072832.0,34271232.0,34271232.0,8.65,1.265546145,30.6,757981.0,0.0,0.0,4092.0,3662665.0,0.0,0.0,4846.0,0.0,0.0,0.0,0.0
2023-03-29 02:06:58.513000+00:00,1150976.0,30220288.0,34562048.0,34562048.0,8.67,1.265546145,30.67,758868.0,0.0,0.0,4098.0,3667255.0,0.0,0.0,4853.0,0.0,0.0,0.0,0.0
2023-03-29 02:07:03.838000+00:00,1150976.0,30318592.0,34492416.0,34492416.0,8.67,1.265546145,30.68,759671.0,0.0,0.0,4102.0,3671761.0,0.0,0.0,4858.0,0.0,0.0,0.0,0.0
2023-03-29 02:07:09.834000+00:00,1150976.0,30466048.0,34656256.0,34656256.0,8.68,1.265546145,30.75,760474.0,0.0,0.0,4106.0,3676267.0,0.0,0.0,4863.0,0.0,0.0,0.0,0.0
2023-03-29 02:07:14.247000+00:00,1150976.0,30564352.0,34656256.0,34656256.0,8.68,1.265546145,30.76,760474.0,0.0,0.0,4106.0,3676267.0,0.0,0.0,4868.0,0.0,0.0,0.0,0.0
2023-03-29 02:07:18.307000+00:00,1150976.0,30666752.0,34832384.0,34832384.0,8.68,1.265546145,30.76,762080.0,0.0,0.0,4114.0,3685279.0,0.0,0.0,4873.0,0.0,0.0,0.0,0.0
2023-03-29 02:07:24.369000+00:00,1150976.0,30666752.0,34947072.0,34947072.0,8.71,1.265546145,30.82,762883.0,0.0,0.0,4118.0,3689785.0,0.0,0.0,4878.0,0.0,0.0,0.0,0.0
2023-03-29 02:07:28.891000+00:00,1150976.0,30146560.0,34402304.0,34402304.0,8.71,1.265546145,30.82,763686.0,0.0,0.0,4122.0,3694291.0,0.0,0.0,4883.0,0.0,0.0,0.0,0.0
2023-03-29 02:07:33.311000+00:00,1150976.0,30146560.0,34459648.0,34459648.0,8.74,1.265546145,30.82,764489.0,0.0,0.0,4126.0,3698797.0,0.0,0.0,4888.0,0.0,0.0,0.0,0.0
2023-03-29 02:07:39.721000+00:00,1150976.0,30384128.0,34775040.0,34775040.0,8.77,1.265546145,30.97,765292.0,0.0,0.0,4130.0,3703303.0,0.0,0.0,4893.0,0.0,0.0,0.0,0.0
2023-03-29 02:07:44.210000+00:00,1150976.0,30384128.0,34775040.0,34775040.0,8.77,1.265546145,30.98,765292.0,0.0,0.0,4130.0,3703303.0,0.0,0.0,4893.0,0.0,0.0,0.0,0.0
2023-03-29 02:07:49.590000+00:00,1150976.0,30588928.0,34738176.0,34738176.0,8.77,1.265546145,30.98,766898.0,0.0,0.0,4138.0,3712315.0,0.0,0.0,4903.0,0.0,0.0,0.0,0.0
2023-03-29 02:07:54.250000+00:00,1163264.0,30826496.0,35131392.0,35131392.0,8.81,1.265546145,30.98,767755.0,0.0,0.0,4143.0,3716895.0,0.0,0.0,4909.0,0.0,0.0,0.0,0.0
2023-03-29 02:07:58.274000+00:00,1163264.0,30044160.0,34533376.0,34533376.0,8.82,1.265546145,31.09,768642.0,0.0,0.0,4149.0,3721485.0,0.0,0.0,4916.0,0.0,0.0,0.0,0.0
2023-03-29 02:08:04.671000+00:00,1163264.0,30191616.0,34373632.0,34373632.0,8.84,1.265546145,31.15,769445.0,0.0,0.0,4153.0,3725991.0,0.0,0.0,4921.0,0.0,0.0,0.0,0.0
2023-03-29 02:08:08.544000+00:00,1163264.0,30294016.0,34471936.0,34471936.0,8.84,1.265546145,31.16,770248.0,0.0,0.0,4157.0,3730497.0,0.0,0.0,4926.0,0.0,0.0,0.0,0.0
2023-03-29 02:08:14.744000+00:00,1163264.0,30441472.0,34582528.0,34582528.0,8.87,1.265546145,31.22,771051.0,0.0,0.0,4161.0,3735003.0,0.0,0.0,4931.0,0.0,0.0,0.0,0.0
2023-03-29 02:08:19.317000+00:00,1163264.0,30543872.0,34721792.0,34721792.0,8.87,1.265546145,31.22,771854.0,0.0,0.0,4165.0,3739509.0,0.0,0.0,4936.0,0.0,0.0,0.0,0.0
2023-03-29 02:08:24.149000+00:00,1163264.0,30687232.0,34836480.0,34836480.0,8.91,1.265546145,31.28,772657.0,0.0,0.0,4169.0,3744015.0,0.0,0.0,4941.0,0.0,0.0,0.0,0.0
2023-03-29 02:08:28.579000+00:00,1163264.0,30789632.0,34967552.0,34967552.0,8.91,1.265546145,31.29,773460.0,0.0,0.0,4173.0,3748521.0,0.0,0.0,4946.0,0.0,0.0,0.0,0.0
2023-03-29 02:08:33.970000+00:00,1163264.0,30244864.0,34422784.0,34422784.0,8.93,1.265546145,31.29,774263.0,0.0,0.0,4177.0,3753027.0,0.0,0.0,4951.0,0.0,0.0,0.0,0.0
2023-03-29 02:08:38.843000+00:00,1163264.0,30343168.0,34492416.0,34492416.0,8.93,1.265546145,31.35,775066.0,0.0,0.0,4181.0,3757533.0,0.0,0.0,4956.0,0.0,0.0,0.0,0.0
2023-03-29 02:08:44.718000+00:00,1163264.0,30490624.0,34492416.0,34492416.0,8.95,1.265546145,31.42,775066.0,0.0,0.0,4181.0,3757533.0,0.0,0.0,4956.0,0.0,0.0,0.0,0.0
2023-03-29 02:08:49.063000+00:00,1163264.0,30588928.0,34779136.0,34779136.0,8.95,1.265546145,31.42,776672.0,0.0,0.0,4189.0,3766545.0,0.0,0.0,4966.0,0.0,0.0,0.0,0.0
2023-03-29 02:08:54.111000+00:00,1163264.0,30588928.0,35201024.0,35201024.0,8.98,1.265546145,31.5,777529.0,0.0,0.0,4194.0,3771125.0,0.0,0.0,4972.0,0.0,0.0,0.0,0.0
2023-03-29 02:08:58.483000+00:00,1179648.0,30932992.0,35082240.0,35082240.0,8.98,1.265546145,31.5,778416.0,0.0,0.0,4200.0,3775715.0,0.0,0.0,4979.0,0.0,0.0,0.0,0.0
2023-03-29 02:09:03.471000+00:00,1179648.0,30330880.0,34705408.0,34705408.0,9.0,1.265546145,31.5,779219.0,0.0,0.0,4204.0,3780221.0,0.0,0.0,4984.0,0.0,0.0,0.0,0.0
2023-03-29 02:09:09.305000+00:00,1179648.0,30433280.0,34582528.0,34582528.0,9.0,1.265546145,31.56,780022.0,0.0,0.0,4208.0,3784727.0,0.0,0.0,4989.0,0.0,0.0,0.0,0.0
2023-03-29 02:09:13.818000+00:00,1179648.0,30433280.0,34582528.0,34582528.0,9.04,1.265546145,31.62,780022.0,0.0,0.0,4212.0,3789233.0,0.0,0.0,4994.0,0.0,0.0,0.0,0.0
2023-03-29 02:09:19.607000+00:00,1179648.0,30683136.0,34971648.0,34971648.0,9.04,1.265546145,31.62,781628.0,0.0,0.0,4216.0,3793739.0,0.0,0.0,4999.0,0.0,0.0,0.0,0.0
2023-03-29 02:09:24.842000+00:00,1179648.0,30830592.0,35004416.0,35004416.0,9.06,1.265546145,31.68,782431.0,0.0,0.0,4220.0,3798245.0,0.0,0.0,5004.0,0.0,0.0,0.0,0.0
2023-03-29 02:09:28.924000+00:00,1179648.0,30928896.0,35102720.0,35102720.0,9.06,1.265546145,31.69,783234.0,0.0,0.0,4224.0,3802751.0,0.0,0.0,5009.0,0.0,0.0,0.0,0.0
2023-03-29 02:09:34.657000+00:00,1179648.0,30380032.0,35004416.0,35004416.0,9.08,1.265546145,31.69,784037.0,0.0,0.0,4228.0,3807257.0,0.0,0.0,5014.0,0.0,0.0,0.0,0.0
2023-03-29 02:09:39.518000+00:00,1179648.0,30486528.0,34656256.0,34656256.0,9.08,1.265546145,31.76,784840.0,0.0,0.0,4232.0,3811763.0,0.0,0.0,5019.0,0.0,0.0,0.0,0.0
2023-03-29 02:09:43.617000+00:00,1179648.0,32219136.0,37257216.0,34656256.0,9.08,1.265546145,31.78,784840.0,0.0,0.0,4232.0,3811763.0,0.0,0.0,5019.0,0.0,0.0,0.0,0.0
2023-03-29 02:09:49.487000+00:00,1179648.0,30732288.0,34885632.0,34885632.0,9.09,1.265546145,31.84,786446.0,0.0,0.0,4240.0,3820775.0,0.0,0.0,5029.0,0.0,0.0,0.0,0.0
2023-03-29 02:09:53.810000+00:00,1196032.0,30928896.0,35217408.0,35217408.0,9.11,1.265546145,31.84,787303.0,0.0,0.0,4245.0,3825355.0,0.0,0.0,5035.0,0.0,0.0,0.0,0.0
2023-03-29 02:09:59.274000+00:00,1196032.0,31072256.0,35229696.0,35229696.0,9.12,1.265546145,31.92,788190.0,0.0,0.0,4251.0,3829945.0,0.0,0.0,5042.0,0.0,0.0,0.0,0.0
2023-03-29 02:10:03.395000+00:00,1196032.0,31174656.0,35315712.0,35315712.0,9.12,1.265546145,31.92,788993.0,0.0,0.0,4255.0,3834451.0,0.0,0.0,5047.0,0.0,0.0,0.0,0.0
2023-03-29 02:10:09.776000+00:00,1196032.0,30568448.0,34725888.0,34725888.0,9.15,1.265546145,31.99,789903.0,0.0,0.0,4260.0,3838957.0,0.0,0.0,5052.0,0.0,0.0,0.0,0.0
2023-03-29 02:10:14.820000+00:00,1196032.0,30711808.0,34725888.0,34725888.0,9.18,1.265546145,32.04,789903.0,0.0,0.0,4260.0,3838957.0,0.0,0.0,5052.0,0.0,0.0,0.0,0.0
2023-03-29 02:10:19.398000+00:00,1196032.0,30818304.0,34983936.0,34983936.0,9.18,1.265546145,32.05,791509.0,0.0,0.0,4268.0,3847969.0,0.0,0.0,5062.0,0.0,0.0,0.0,0.0
2023-03-29 02:10:24.546000+00:00,1196032.0,30916608.0,35069952.0,35069952.0,9.18,1.265546145,32.06,792312.0,0.0,0.0,4272.0,3852475.0,0.0,0.0,5067.0,0.0,0.0,0.0,0.0
2023-03-29 02:10:29.169000+00:00,1196032.0,31068160.0,35307520.0,35307520.0,9.2,1.265546145,32.12,793115.0,0.0,0.0,4276.0,3856981.0,0.0,0.0,5072.0,0.0,0.0,0.0,0.0
2023-03-29 02:10:34.917000+00:00,1196032.0,31166464.0,35377152.0,35377152.0,9.2,1.265546145,32.12,793918.0,0.0,0.0,4280.0,3861487.0,0.0,0.0,5077.0,0.0,0.0,0.0,0.0
2023-03-29 02:10:39.355000+00:00,1196032.0,31313920.0,35491840.0,35491840.0,9.22,1.265546145,32.19,794721.0,0.0,0.0,4284.0,3865993.0,0.0,0.0,5082.0,0.0,0.0,0.0,0.0
2023-03-29 02:10:44.175000+00:00,1196032.0,31313920.0,35491840.0,35491840.0,9.22,1.265546145,32.19,794721.0,0.0,0.0,4284.0,3865993.0,0.0,0.0,5087.0,0.0,0.0,0.0,0.0
2023-03-29 02:10:48.831000+00:00,1196032.0,30814208.0,35037184.0,35037184.0,9.24,1.265546145,32.26,796327.0,0.0,0.0,4292.0,3875005.0,0.0,0.0,5092.0,0.0,0.0,0.0,0.0
2023-03-29 02:10:54.043000+00:00,1196032.0,30814208.0,35172352.0,35172352.0,9.26,1.265546145,32.26,797184.0,0.0,0.0,4297.0,3879585.0,0.0,0.0,5098.0,0.0,0.0,0.0,0.0
2023-03-29 02:10:59.101000+00:00,1208320.0,31158272.0,35356672.0,35356672.0,9.27,1.265546145,32.33,798071.0,0.0,0.0,4303.0,3884175.0,0.0,0.0,5105.0,0.0,0.0,0.0,0.0
2023-03-29 02:11:04.888000+00:00,1208320.0,31256576.0,35422208.0,35422208.0,9.28,1.265546145,32.33,798874.0,0.0,0.0,4307.0,3888681.0,0.0,0.0,5110.0,0.0,0.0,0.0,0.0
2023-03-29 02:11:08.373000+00:00,1208320.0,31408128.0,35614720.0,35614720.0,9.29,1.265546145,32.4,799677.0,0.0,0.0,4311.0,3893187.0,0.0,0.0,5115.0,0.0,0.0,0.0,0.0
2023-03-29 02:11:13.574000+00:00,1208320.0,31408128.0,35614720.0,35614720.0,9.29,1.265546145,32.4,799677.0,0.0,0.0,4311.0,3893187.0,0.0,0.0,5115.0,0.0,0.0,0.0,0.0
2023-03-29 02:11:19.621000+00:00,1208320.0,30908416.0,35098624.0,35098624.0,9.31,1.265546145,32.46,801283.0,0.0,0.0,4319.0,3902199.0,0.0,0.0,5125.0,0.0,0.0,0.0,0.0
2023-03-29 02:11:24.302000+00:00,1208320.0,31006720.0,35184640.0,35184640.0,9.31,1.265546145,32.46,802086.0,0.0,0.0,4323.0,3906705.0,0.0,0.0,5130.0,0.0,0.0,0.0,0.0
2023-03-29 02:11:29.010000+00:00,1208320.0,31158272.0,35467264.0,35467264.0,9.34,1.265546145,32.52,802889.0,0.0,0.0,4327.0,3911211.0,0.0,0.0,5135.0,0.0,0.0,0.0,0.0
2023-03-29 02:11:34.687000+00:00,1208320.0,31264768.0,35463168.0,35463168.0,9.34,1.265546145,32.53,803692.0,0.0,0.0,4331.0,3915717.0,0.0,0.0,5140.0,0.0,0.0,0.0,0.0
2023-03-29 02:11:39.035000+00:00,1208320.0,31404032.0,35700736.0,35700736.0,9.36,1.265546145,32.58,804495.0,0.0,0.0,4335.0,3920223.0,0.0,0.0,5145.0,0.0,0.0,0.0,0.0
2023-03-29 02:11:43.969000+00:00,1208320.0,31510528.0,35700736.0,35700736.0,9.36,1.265546145,32.59,804495.0,0.0,0.0,4335.0,3920223.0,0.0,0.0,5145.0,0.0,0.0,0.0,0.0
2023-03-29 02:11:49.540000+00:00,1208320.0,30904320.0,35229696.0,35229696.0,9.39,1.265546145,32.66,806101.0,0.0,0.0,4343.0,3929235.0,0.0,0.0,5155.0,0.0,0.0,0.0,0.0
2023-03-29 02:11:54.801000+00:00,1208320.0,31105024.0,35344384.0,35344384.0,9.4,1.265546145,32.7,806958.0,0.0,0.0,4348.0,3933815.0,0.0,0.0,5161.0,0.0,0.0,0.0,0.0
2023-03-29 02:11:59.426000+00:00,1224704.0,31252480.0,35561472.0,35561472.0,9.41,1.265546145,32.77,807845.0,0.0,0.0,4354.0,3938405.0,0.0,0.0,5168.0,0.0,0.0,0.0,0.0
2023-03-29 02:12:04.146000+00:00,1224704.0,31461376.0,35622912.0,35622912.0,9.41,1.265546145,32.81,808648.0,0.0,0.0,4358.0,3942911.0,0.0,0.0,5173.0,0.0,0.0,0.0,0.0
2023-03-29 02:12:09.005000+00:00,1224704.0,31608832.0,36159488.0,36159488.0,9.42,1.265546145,32.89,809451.0,0.0,0.0,4362.0,3947417.0,0.0,0.0,5178.0,0.0,0.0,0.0,0.0
2023-03-29 02:12:14.103000+00:00,1224704.0,31608832.0,36159488.0,36159488.0,9.42,1.265546145,32.9,809451.0,0.0,0.0,4362.0,3947417.0,0.0,0.0,5178.0,0.0,0.0,0.0,0.0
2023-03-29 02:12:18.739000+00:00,1224704.0,31031296.0,35799040.0,35799040.0,9.42,1.266574564,32.98,811057.0,0.0,0.0,4370.0,3956429.0,0.0,0.0,5188.0,0.0,0.0,0.0,0.0
2023-03-29 02:12:24.187000+00:00,1224704.0,31133696.0,35319808.0,35319808.0,9.42,1.266574564,32.98,811860.0,0.0,0.0,4374.0,3960935.0,0.0,0.0,5193.0,0.0,0.0,0.0,0.0
2023-03-29 02:12:28.643000+00:00,1224704.0,31240192.0,35405824.0,35405824.0,9.42,1.266574564,32.99,812663.0,0.0,0.0,4378.0,3965441.0,0.0,0.0,5198.0,0.0,0.0,0.0,0.0
2023-03-29 02:12:33.188000+00:00,1224704.0,31383552.0,35590144.0,35590144.0,9.43,1.266574564,33.06,813466.0,0.0,0.0,4382.0,3969947.0,0.0,0.0,5203.0,0.0,0.0,0.0,0.0
2023-03-29 02:12:39.018000+00:00,1224704.0,31490048.0,35688448.0,35688448.0,9.43,1.266574564,33.06,814269.0,0.0,0.0,4386.0,3974453.0,0.0,0.0,5208.0,0.0,0.0,0.0,0.0
2023-03-29 02:12:44.181000+00:00,1224704.0,31490048.0,35688448.0,35688448.0,9.45,1.266574564,33.12,814269.0,0.0,0.0,4390.0,3978959.0,0.0,0.0,5213.0,0.0,0.0,0.0,0.0
2023-03-29 02:12:49.673000+00:00,1224704.0,31088640.0,35643392.0,35643392.0,9.49,1.266574564,33.17,815875.0,0.0,0.0,4394.0,3983465.0,0.0,0.0,5218.0,0.0,0.0,0.0,0.0
2023-03-29 02:12:54.216000+00:00,1241088.0,31281152.0,35885056.0,35885056.0,9.5,1.266574564,33.19,816732.0,0.0,0.0,4399.0,3988045.0,0.0,0.0,5224.0,0.0,0.0,0.0,0.0
2023-03-29 02:12:59.790000+00:00,1241088.0,33607680.0,38342656.0,38342656.0,9.5,1.266574564,33.24,817619.0,0.0,0.0,4405.0,3992635.0,0.0,0.0,5231.0,0.0,0.0,0.0,0.0
2023-03-29 02:13:03.515000+00:00,1241088.0,31531008.0,35758080.0,35758080.0,9.53,1.266574564,33.24,818422.0,0.0,0.0,4409.0,3997141.0,0.0,0.0,5236.0,0.0,0.0,0.0,0.0
2023-03-29 02:13:08.226000+00:00,1241088.0,31637504.0,35827712.0,35827712.0,9.53,1.266574564,33.26,819225.0,0.0,0.0,4413.0,4001647.0,0.0,0.0,5241.0,0.0,0.0,0.0,0.0
2023-03-29 02:13:14.635000+00:00,1241088.0,31780864.0,35999744.0,35827712.0,9.53,1.266574564,33.34,819225.0,0.0,0.0,4413.0,4001647.0,0.0,0.0,5241.0,0.0,0.0,0.0,0.0
2023-03-29 02:13:18.942000+00:00,1241088.0,31887360.0,36081664.0,36081664.0,9.53,1.266574564,33.34,820831.0,0.0,0.0,4421.0,4010659.0,0.0,0.0,5251.0,0.0,0.0,0.0,0.0
2023-03-29 02:13:24.426000+00:00,1241088.0,31297536.0,35540992.0,35540992.0,9.55,1.266574564,33.34,821634.0,0.0,0.0,4425.0,4015165.0,0.0,0.0,5256.0,0.0,0.0,0.0,0.0
2023-03-29 02:13:29.873000+00:00,1241088.0,31399936.0,35565568.0,35565568.0,9.55,1.266574564,33.42,822437.0,0.0,0.0,4429.0,4019671.0,0.0,0.0,5261.0,0.0,0.0,0.0,0.0
2023-03-29 02:13:34.056000+00:00,1241088.0,31547392.0,35885056.0,35885056.0,9.56,1.266574564,33.49,823240.0,0.0,0.0,4433.0,4024177.0,0.0,0.0,5266.0,0.0,0.0,0.0,0.0
2023-03-29 02:13:39.011000+00:00,1241088.0,31645696.0,35831808.0,35831808.0,9.56,1.266574564,33.5,824043.0,0.0,0.0,4437.0,4028683.0,0.0,0.0,5271.0,0.0,0.0,0.0,0.0
2023-03-29 02:13:43.666000+00:00,1241088.0,31645696.0,35831808.0,35831808.0,9.58,1.266574564,33.56,824043.0,0.0,0.0,4437.0,4028683.0,0.0,0.0,5271.0,0.0,0.0,0.0,0.0
2023-03-29 02:13:49.832000+00:00,1241088.0,31895552.0,36118528.0,36118528.0,9.58,1.266574564,33.57,825649.0,0.0,0.0,4445.0,4037695.0,0.0,0.0,5281.0,0.0,0.0,0.0,0.0
2023-03-29 02:13:53.215000+00:00,1253376.0,31391744.0,35827712.0,35827712.0,9.62,1.266574564,33.57,826506.0,0.0,0.0,4450.0,4042275.0,0.0,0.0,5287.0,0.0,0.0,0.0,0.0
2023-03-29 02:13:57.993000+00:00,1253376.0,31490048.0,35770368.0,35770368.0,9.63,1.266574564,33.65,827393.0,0.0,0.0,4456.0,4046865.0,0.0,0.0,5294.0,0.0,0.0,0.0,0.0
2023-03-29 02:14:04.525000+00:00,1253376.0,31637504.0,35926016.0,35926016.0,9.65,1.266574564,33.65,828196.0,0.0,0.0,4460.0,4051371.0,0.0,0.0,5299.0,0.0,0.0,0.0,0.0
2023-03-29 02:14:08.560000+00:00,1253376.0,31744000.0,35975168.0,35975168.0,9.65,1.266574564,33.72,828999.0,0.0,0.0,4464.0,4055877.0,0.0,0.0,5304.0,0.0,0.0,0.0,0.0
2023-03-29 02:14:14.930000+00:00,1253376.0,31891456.0,36077568.0,36077568.0,9.67,1.266574564,33.78,829802.0,0.0,0.0,4468.0,4060383.0,0.0,0.0,5309.0,0.0,0.0,0.0,0.0
2023-03-29 02:14:19.345000+00:00,1253376.0,31993856.0,36179968.0,36179968.0,9.67,1.266574564,33.78,830605.0,0.0,0.0,4472.0,4064889.0,0.0,0.0,5314.0,0.0,0.0,0.0,0.0
2023-03-29 02:14:24.247000+00:00,1253376.0,31993856.0,35573760.0,35573760.0,9.68,1.266574564,33.84,831408.0,0.0,0.0,4476.0,4069395.0,0.0,0.0,5319.0,0.0,0.0,0.0,0.0
2023-03-29 02:14:29.349000+00:00,1253376.0,31490048.0,35676160.0,35676160.0,9.68,1.266574564,33.85,832211.0,0.0,0.0,4480.0,4073901.0,0.0,0.0,5324.0,0.0,0.0,0.0,0.0
2023-03-29 02:14:33.639000+00:00,1253376.0,31490048.0,35917824.0,35917824.0,9.7,1.266574564,33.85,833014.0,0.0,0.0,4484.0,4078407.0,0.0,0.0,5329.0,0.0,0.0,0.0,0.0
2023-03-29 02:14:39.342000+00:00,1253376.0,31739904.0,35934208.0,35934208.0,9.7,1.266574564,33.92,833817.0,0.0,0.0,4488.0,4082913.0,0.0,0.0,5334.0,0.0,0.0,0.0,0.0
2023-03-29 02:14:43.754000+00:00,1253376.0,31887360.0,36179968.0,35934208.0,9.71,1.266574564,33.92,833817.0,0.0,0.0,4488.0,4082913.0,0.0,0.0,5334.0,0.0,0.0,0.0,0.0
2023-03-29 02:14:49.815000+00:00,1253376.0,31989760.0,36188160.0,36188160.0,9.71,1.266574564,34.0,835423.0,0.0,0.0,4496.0,4091925.0,0.0,0.0,5344.0,0.0,0.0,0.0,0.0
2023-03-29 02:14:54.073000+00:00,1253376.0,31498240.0,36159488.0,36159488.0,9.74,1.266574564,34.0,836280.0,0.0,0.0,4501.0,4096505.0,0.0,0.0,5350.0,0.0,0.0,0.0,0.0
2023-03-29 02:14:58.304000+00:00,1269760.0,31596544.0,35868672.0,35868672.0,9.74,1.266574564,34.08,837167.0,0.0,0.0,4507.0,4101095.0,0.0,0.0,5357.0,0.0,0.0,0.0,0.0
2023-03-29 02:15:04.479000+00:00,1269760.0,31744000.0,36315136.0,36315136.0,9.74,1.266574564,34.16,837970.0,0.0,0.0,4511.0,4105601.0,0.0,0.0,5362.0,0.0,0.0,0.0,0.0
2023-03-29 02:15:09.360000+00:00,1269760.0,31846400.0,36147200.0,36147200.0,9.74,1.266574564,34.16,838773.0,0.0,0.0,4515.0,4110107.0,0.0,0.0,5367.0,0.0,0.0,0.0,0.0
2023-03-29 02:15:14.432000+00:00,1269760.0,31846400.0,36147200.0,36147200.0,9.76,1.266574564,34.23,838773.0,0.0,0.0,4515.0,4110107.0,0.0,0.0,5367.0,0.0,0.0,0.0,0.0
2023-03-29 02:15:18.607000+00:00,1269760.0,32096256.0,36323328.0,36323328.0,9.76,1.266574564,34.24,840379.0,0.0,0.0,4523.0,4119119.0,0.0,0.0,5377.0,0.0,0.0,0.0,0.0
2023-03-29 02:15:24.286000+00:00,1269760.0,32198656.0,36433920.0,36433920.0,9.76,1.266574564,34.25,841182.0,0.0,0.0,4527.0,4123625.0,0.0,0.0,5382.0,0.0,0.0,0.0,0.0
2023-03-29 02:15:29.536000+00:00,1269760.0,31588352.0,36069376.0,36069376.0,9.79,1.266574564,34.31,841985.0,0.0,0.0,4531.0,4128131.0,0.0,0.0,5387.0,0.0,0.0,0.0,0.0
2023-03-29 02:15:34.511000+00:00,1269760.0,31690752.0,35885056.0,35885056.0,9.79,1.266574564,34.31,842788.0,0.0,0.0,4535.0,4132637.0,0.0,0.0,5392.0,0.0,0.0,0.0,0.0
2023-03-29 02:15:39.022000+00:00,1269760.0,31842304.0,36220928.0,36220928.0,9.8,1.266574564,34.38,843591.0,0.0,0.0,4539.0,4137143.0,0.0,0.0,5397.0,0.0,0.0,0.0,0.0
2023-03-29 02:15:43.935000+00:00,1269760.0,31842304.0,36220928.0,36220928.0,9.8,1.266574564,34.39,843591.0,0.0,0.0,4539.0,4137143.0,0.0,0.0,5402.0,0.0,0.0,0.0,0.0
2023-03-29 02:15:48.623000+00:00,1269760.0,32088064.0,36331520.0,36331520.0,9.82,1.266574564,34.45,845197.0,0.0,0.0,4547.0,4146155.0,0.0,0.0,5407.0,0.0,0.0,0.0,0.0
2023-03-29 02:15:54.071000+00:00,1286144.0,32088064.0,36761600.0,36761600.0,9.84,1.266574564,34.47,846054.0,0.0,0.0,4552.0,4150735.0,0.0,0.0,5413.0,0.0,0.0,0.0,0.0
2023-03-29 02:15:59.038000+00:00,1286144.0,31739904.0,36089856.0,36089856.0,9.87,1.266574564,34.54,846941.0,0.0,0.0,4558.0,4155325.0,0.0,0.0,5420.0,0.0,0.0,0.0,0.0
2023-03-29 02:16:04.594000+00:00,1286144.0,31739904.0,36085760.0,36085760.0,9.87,1.266574564,34.54,847744.0,0.0,0.0,4562.0,4159831.0,0.0,0.0,5425.0,0.0,0.0,0.0,0.0
2023-03-29 02:16:09.626000+00:00,1286144.0,31989760.0,36356096.0,36356096.0,9.89,1.266574564,34.61,848547.0,0.0,0.0,4566.0,4164337.0,0.0,0.0,5430.0,0.0,0.0,0.0,0.0
2023-03-29 02:16:14.834000+00:00,1286144.0,32096256.0,36290560.0,36356096.0,9.89,1.266574564,34.61,848547.0,0.0,0.0,4566.0,4164337.0,0.0,0.0,5430.0,0.0,0.0,0.0,0.0
2023-03-29 02:16:18.436000+00:00,1286144.0,32239616.0,36458496.0,36458496.0,9.91,1.266574564,34.68,850153.0,0.0,0.0,4574.0,4173349.0,0.0,0.0,5440.0,0.0,0.0,0.0,0.0
2023-03-29 02:16:24.243000+00:00,1286144.0,32346112.0,36573184.0,36573184.0,9.91,1.266574564,34.68,850956.0,0.0,0.0,4578.0,4177855.0,0.0,0.0,5445.0,0.0,0.0,0.0,0.0
2023-03-29 02:16:28.698000+00:00,1286144.0,32489472.0,36794368.0,36794368.0,9.93,1.266574564,34.74,851759.0,0.0,0.0,4582.0,4182361.0,0.0,0.0,5450.0,0.0,0.0,0.0,0.0
2023-03-29 02:16:34.038000+00:00,1286144.0,31846400.0,36163584.0,36163584.0,9.93,1.266574564,34.74,852562.0,0.0,0.0,4586.0,4186867.0,0.0,0.0,5455.0,0.0,0.0,0.0,0.0
2023-03-29 02:16:38.694000+00:00,1286144.0,31997952.0,36274176.0,36274176.0,9.96,1.266574564,34.82,853365.0,0.0,0.0,4590.0,4191373.0,0.0,0.0,5460.0,0.0,0.0,0.0,0.0
2023-03-29 02:16:43.494000+00:00,1286144.0,31997952.0,36274176.0,36274176.0,9.96,1.266574564,34.82,853365.0,0.0,0.0,4590.0,4191373.0,0.0,0.0,5460.0,0.0,0.0,0.0,0.0
2023-03-29 02:16:48.799000+00:00,1286144.0,32243712.0,36687872.0,36687872.0,9.98,1.266574564,34.89,854971.0,0.0,0.0,4598.0,4200385.0,0.0,0.0,5470.0,0.0,0.0,0.0,0.0
2023-03-29 02:16:54.296000+00:00,1302528.0,32436224.0,36753408.0,36753408.0,9.99,1.266574564,34.91,855828.0,0.0,0.0,4603.0,4204965.0,0.0,0.0,5476.0,0.0,0.0,0.0,0.0
2023-03-29 02:16:58.805000+00:00,1302528.0,32583680.0,37101568.0,37101568.0,10.02,1.266574564,34.96,856715.0,0.0,0.0,4609.0,4209555.0,0.0,0.0,5483.0,0.0,0.0,0.0,0.0
2023-03-29 02:17:04.316000+00:00,1302528.0,31944704.0,36155392.0,36155392.0,10.02,1.266574564,34.97,857518.0,0.0,0.0,4613.0,4214061.0,0.0,0.0,5488.0,0.0,0.0,0.0,0.0
2023-03-29 02:17:08.799000+00:00,1302528.0,32096256.0,36630528.0,36630528.0,10.02,1.266574564,35.04,858321.0,0.0,0.0,4617.0,4218567.0,0.0,0.0,5493.0,0.0,0.0,0.0,0.0
2023-03-29 02:17:13.607000+00:00,1302528.0,32194560.0,36630528.0,36630528.0,10.02,1.266574564,35.04,858321.0,0.0,0.0,4617.0,4218567.0,0.0,0.0,5493.0,0.0,0.0,0.0,0.0
2023-03-29 02:17:19.597000+00:00,1302528.0,32342016.0,36659200.0,36659200.0,10.04,1.267062849,35.11,859927.0,0.0,0.0,4625.0,4227579.0,0.0,0.0,5503.0,0.0,0.0,0.0,0.0
2023-03-29 02:17:24.165000+00:00,1302528.0,32440320.0,36712448.0,36712448.0,10.04,1.267062849,35.11,860730.0,0.0,0.0,4629.0,4232085.0,0.0,0.0,5508.0,0.0,0.0,0.0,0.0
2023-03-29 02:17:29.771000+00:00,1302528.0,32595968.0,36904960.0,36904960.0,10.06,1.267463683,35.17,861533.0,0.0,0.0,4633.0,4236591.0,0.0,0.0,5513.0,0.0,0.0,0.0,0.0
2023-03-29 02:17:33.767000+00:00,1302528.0,32690176.0,36913152.0,36913152.0,10.06,1.267463683,35.17,862336.0,0.0,0.0,4637.0,4241097.0,0.0,0.0,5518.0,0.0,0.0,0.0,0.0
2023-03-29 02:17:39.004000+00:00,1302528.0,32043008.0,36495360.0,36495360.0,10.06,1.267463683,35.18,863139.0,0.0,0.0,4641.0,4245603.0,0.0,0.0,5523.0,0.0,0.0,0.0,0.0
2023-03-29 02:17:44.263000+00:00,1302528.0,32043008.0,36495360.0,36495360.0,10.08,1.268982029,35.24,863139.0,0.0,0.0,4645.0,4250109.0,0.0,0.0,5528.0,0.0,0.0,0.0,0.0
2023-03-29 02:17:48.726000+00:00,1302528.0,32292864.0,36552704.0,36552704.0,10.08,1.268982029,35.25,864745.0,0.0,0.0,4649.0,4254615.0,0.0,0.0,5533.0,0.0,0.0,0.0,0.0
2023-03-29 02:17:53.549000+00:00,1302528.0,32530432.0,36982784.0,36982784.0,10.11,1.269416803,35.29,865602.0,0.0,0.0,4654.0,4259195.0,0.0,0.0,5539.0,0.0,0.0,0.0,0.0
2023-03-29 02:17:58.773000+00:00,1314816.0,32632832.0,36855808.0,36855808.0,10.11,1.269416803,35.3,866489.0,0.0,0.0,4660.0,4263785.0,0.0,0.0,5546.0,0.0,0.0,0.0,0.0
2023-03-29 02:18:04.139000+00:00,1314816.0,32776192.0,37208064.0,37208064.0,10.13,1.269416803,35.37,867292.0,0.0,0.0,4664.0,4268291.0,0.0,0.0,5551.0,0.0,0.0,0.0,0.0
2023-03-29 02:18:09.010000+00:00,1314816.0,32149504.0,36352000.0,36352000.0,10.13,1.269416803,35.38,868095.0,0.0,0.0,4668.0,4272797.0,0.0,0.0,5556.0,0.0,0.0,0.0,0.0
2023-03-29 02:18:14.816000+00:00,1314816.0,32149504.0,36352000.0,36352000.0,10.14,1.269416803,35.44,868095.0,0.0,0.0,4668.0,4272797.0,0.0,0.0,5556.0,0.0,0.0,0.0,0.0
2023-03-29 02:18:19.329000+00:00,1314816.0,32399360.0,36646912.0,36646912.0,10.14,1.269416803,35.44,869701.0,0.0,0.0,4676.0,4281809.0,0.0,0.0,5566.0,0.0,0.0,0.0,0.0
2023-03-29 02:18:23.938000+00:00,1314816.0,32546816.0,36929536.0,36929536.0,10.16,1.269928733,35.44,870504.0,0.0,0.0,4680.0,4286315.0,0.0,0.0,5571.0,0.0,0.0,0.0,0.0
2023-03-29 02:18:29.359000+00:00,1314816.0,32649216.0,36909056.0,36909056.0,10.16,1.269928733,35.52,871307.0,0.0,0.0,4684.0,4290821.0,0.0,0.0,5576.0,0.0,0.0,0.0,0.0
2023-03-29 02:18:34.329000+00:00,1314816.0,32796672.0,37085184.0,37085184.0,10.18,1.269928733,35.59,872110.0,0.0,0.0,4688.0,4295327.0,0.0,0.0,5581.0,0.0,0.0,0.0,0.0
2023-03-29 02:18:39.561000+00:00,1314816.0,32894976.0,37113856.0,37113856.0,10.18,1.269928733,35.6,872913.0,0.0,0.0,4692.0,4299833.0,0.0,0.0,5586.0,0.0,0.0,0.0,0.0
2023-03-29 02:18:44.110000+00:00,1314816.0,32251904.0,37113856.0,37113856.0,10.2,1.269928733,35.67,872913.0,0.0,0.0,4692.0,4299833.0,0.0,0.0,5586.0,0.0,0.0,0.0,0.0
2023-03-29 02:18:49.429000+00:00,1314816.0,32358400.0,36564992.0,36564992.0,10.2,1.269928733,35.68,874519.0,0.0,0.0,4700.0,4308845.0,0.0,0.0,5596.0,0.0,0.0,0.0,0.0
2023-03-29 02:18:54.564000+00:00,1331200.0,32595968.0,37003264.0,37003264.0,10.25,1.269928733,35.74,875376.0,0.0,0.0,4705.0,4313425.0,0.0,0.0,5602.0,0.0,0.0,0.0,0.0
2023-03-29 02:18:59.043000+00:00,1331200.0,32698368.0,36966400.0,36966400.0,10.26,1.269928733,35.74,876263.0,0.0,0.0,4711.0,4318015.0,0.0,0.0,5609.0,0.0,0.0,0.0,0.0
2023-03-29 02:19:04.735000+00:00,1331200.0,32841728.0,37273600.0,37273600.0,10.28,1.269928733,35.83,877066.0,0.0,0.0,4715.0,4322521.0,0.0,0.0,5614.0,0.0,0.0,0.0,0.0
2023-03-29 02:19:09.523000+00:00,1331200.0,32948224.0,37187584.0,37187584.0,10.28,1.269928733,35.83,877869.0,0.0,0.0,4719.0,4327027.0,0.0,0.0,5619.0,0.0,0.0,0.0,0.0
2023-03-29 02:19:13.160000+00:00,1331200.0,32948224.0,37187584.0,37187584.0,10.31,1.269928733,35.99,877869.0,0.0,0.0,4723.0,4331533.0,0.0,0.0,5624.0,0.0,0.0,0.0,0.0
2023-03-29 02:19:18.843000+00:00,1331200.0,30371840.0,34516992.0,34516992.0,10.31,1.269928733,35.99,879475.0,0.0,0.0,4727.0,4336039.0,0.0,0.0,5629.0,0.0,0.0,0.0,0.0
2023-03-29 02:19:24.024000+00:00,1331200.0,30543872.0,34926592.0,34926592.0,10.33,1.269928733,36.06,880278.0,0.0,0.0,4731.0,4340545.0,0.0,0.0,5634.0,0.0,0.0,0.0,0.0
2023-03-29 02:19:28.977000+00:00,1331200.0,30650368.0,34795520.0,34795520.0,10.34,1.269928733,36.07,881081.0,0.0,0.0,4735.0,4345051.0,0.0,0.0,5639.0,0.0,0.0,0.0,0.0
2023-03-29 02:19:34.731000+00:00,1331200.0,30650368.0,35233792.0,35233792.0,10.35,1.269928733,36.07,881884.0,0.0,0.0,4739.0,4349557.0,0.0,0.0,5644.0,0.0,0.0,0.0,0.0
2023-03-29 02:19:39.591000+00:00,1331200.0,30908416.0,35053568.0,35053568.0,10.35,1.269928733,36.14,882687.0,0.0,0.0,4743.0,4354063.0,0.0,0.0,5649.0,0.0,0.0,0.0,0.0
2023-03-29 02:19:44.537000+00:00,1331200.0,31055872.0,35553280.0,35053568.0,10.36,1.269928733,36.22,882687.0,0.0,0.0,4743.0,4354063.0,0.0,0.0,5649.0,0.0,0.0,0.0,0.0
2023-03-29 02:19:48.136000+00:00,1331200.0,31162368.0,35323904.0,35323904.0,10.36,1.269928733,36.22,884293.0,0.0,0.0,4751.0,4363075.0,0.0,0.0,5659.0,0.0,0.0,0.0,0.0
2023-03-29 02:19:54.066000+00:00,1331200.0,30466048.0,34758656.0,34758656.0,10.38,1.269928733,36.22,885150.0,0.0,0.0,4756.0,4367655.0,0.0,0.0,5665.0,0.0,0.0,0.0,0.0
2023-03-29 02:19:58.657000+00:00,1347584.0,30613504.0,34770944.0,34770944.0,10.4,1.269928733,36.3,886037.0,0.0,0.0,4762.0,4372245.0,0.0,0.0,5672.0,0.0,0.0,0.0,0.0
2023-03-29 02:20:03.743000+00:00,1347584.0,30720000.0,34902016.0,34902016.0,10.4,1.269928733,36.3,886840.0,0.0,0.0,4766.0,4376751.0,0.0,0.0,5677.0,0.0,0.0,0.0,0.0
2023-03-29 02:20:09.777000+00:00,1347584.0,30867456.0,35000320.0,35000320.0,10.42,1.269928733,36.37,887643.0,0.0,0.0,4770.0,4381257.0,0.0,0.0,5682.0,0.0,0.0,0.0,0.0
2023-03-29 02:20:14.013000+00:00,1347584.0,30867456.0,35000320.0,35000320.0,10.42,1.269928733,36.38,887643.0,0.0,0.0,4770.0,4381257.0,0.0,0.0,5682.0,0.0,0.0,0.0,0.0
2023-03-29 02:20:19.021000+00:00,1347584.0,31121408.0,35295232.0,35295232.0,10.44,1.269928733,36.44,889249.0,0.0,0.0,4778.0,4390269.0,0.0,0.0,5692.0,0.0,0.0,0.0,0.0
2023-03-29 02:20:24.111000+00:00,1347584.0,31232000.0,35389440.0,35389440.0,10.44,1.269928733,36.45,890052.0,0.0,0.0,4782.0,4394775.0,0.0,0.0,5697.0,0.0,0.0,0.0,0.0
2023-03-29 02:20:29.816000+00:00,1347584.0,30461952.0,34738176.0,34738176.0,10.45,1.269928733,36.52,890855.0,0.0,0.0,4786.0,4399281.0,0.0,0.0,5702.0,0.0,0.0,0.0,0.0
2023-03-29 02:20:34.057000+00:00,1347584.0,30564352.0,34689024.0,34689024.0,10.45,1.269928733,36.52,891658.0,0.0,0.0,4790.0,4403787.0,0.0,0.0,5707.0,0.0,0.0,0.0,0.0
2023-03-29 02:20:38.693000+00:00,1347584.0,30715904.0,34942976.0,34942976.0,10.48,1.269928733,36.59,892461.0,0.0,0.0,4794.0,4408293.0,0.0,0.0,5712.0,0.0,0.0,0.0,0.0
2023-03-29 02:20:43.281000+00:00,1347584.0,30818304.0,34959360.0,34959360.0,10.48,1.269928733,36.59,893264.0,0.0,0.0,4798.0,4412799.0,0.0,0.0,5717.0,0.0,0.0,0.0,0.0
2023-03-29 02:20:49.457000+00:00,1347584.0,30969856.0,35221504.0,35221504.0,10.5,1.269928733,36.66,894067.0,0.0,0.0,4802.0,4417305.0,0.0,0.0,5722.0,0.0,0.0,0.0,0.0
2023-03-29 02:20:54.243000+00:00,1359872.0,31162368.0,35422208.0,35422208.0,10.52,1.269928733,36.66,894924.0,0.0,0.0,4807.0,4421885.0,0.0,0.0,5728.0,0.0,0.0,0.0,0.0
2023-03-29 02:20:58.608000+00:00,1359872.0,30404608.0,34754560.0,34754560.0,10.52,1.269928733,36.74,895811.0,0.0,0.0,4813.0,4426475.0,0.0,0.0,5735.0,0.0,0.0,0.0,0.0
2023-03-29 02:21:04.730000+00:00,1359872.0,30404608.0,34643968.0,34643968.0,10.52,1.269928733,36.74,896614.0,0.0,0.0,4817.0,4430981.0,0.0,0.0,5740.0,0.0,0.0,0.0,0.0
2023-03-29 02:21:08.806000+00:00,1359872.0,30658560.0,34926592.0,34926592.0,10.54,1.269928733,36.81,897417.0,0.0,0.0,4821.0,4435487.0,0.0,0.0,5745.0,0.0,0.0,0.0,0.0
2023-03-29 02:21:13.684000+00:00,1359872.0,30658560.0,34926592.0,34926592.0,10.54,1.269928733,36.82,897417.0,0.0,0.0,4821.0,4435487.0,0.0,0.0,5745.0,0.0,0.0,0.0,0.0
2023-03-29 02:21:19.227000+00:00,1359872.0,30916608.0,35241984.0,35241984.0,10.56,1.269928733,36.89,899023.0,0.0,0.0,4829.0,4444499.0,0.0,0.0,5755.0,0.0,0.0,0.0,0.0
2023-03-29 02:21:23.396000+00:00,1359872.0,31019008.0,35168256.0,35168256.0,10.56,1.269928733,36.9,899826.0,0.0,0.0,4833.0,4449005.0,0.0,0.0,5760.0,0.0,0.0,0.0,0.0
2023-03-29 02:21:29.455000+00:00,1359872.0,31170560.0,35545088.0,35545088.0,10.59,1.269928733,36.96,900629.0,0.0,0.0,4837.0,4453511.0,0.0,0.0,5765.0,0.0,0.0,0.0,0.0
2023-03-29 02:21:33.728000+00:00,1359872.0,30371840.0,34516992.0,34516992.0,10.59,1.269928733,36.96,901432.0,0.0,0.0,4841.0,4458017.0,0.0,0.0,5770.0,0.0,0.0,0.0,0.0
2023-03-29 02:21:39.154000+00:00,1359872.0,30523392.0,34885632.0,34885632.0,10.62,1.269928733,37.04,902235.0,0.0,0.0,4845.0,4462523.0,0.0,0.0,5775.0,0.0,0.0,0.0,0.0
2023-03-29 02:21:44.837000+00:00,1359872.0,30523392.0,34885632.0,34885632.0,10.62,1.269928733,37.04,902235.0,0.0,0.0,4845.0,4462523.0,0.0,0.0,5775.0,0.0,0.0,0.0,0.0
2023-03-29 02:21:49.092000+00:00,1359872.0,30777344.0,35110912.0,35110912.0,10.63,1.269928733,37.12,903841.0,0.0,0.0,4853.0,4471535.0,0.0,0.0,5785.0,0.0,0.0,0.0,0.0
2023-03-29 02:21:54.083000+00:00,1359872.0,30973952.0,35471360.0,35471360.0,10.65,1.269928733,37.12,904698.0,0.0,0.0,4858.0,4476115.0,0.0,0.0,5791.0,0.0,0.0,0.0,0.0
2023-03-29 02:21:58.822000+00:00,1376256.0,31121408.0,35713024.0,35713024.0,10.67,1.269928733,37.19,905585.0,0.0,0.0,4864.0,4480705.0,0.0,0.0,5798.0,0.0,0.0,0.0,0.0
2023-03-29 02:22:03.966000+00:00,1376256.0,31227904.0,35377152.0,35377152.0,10.67,1.269928733,37.19,906388.0,0.0,0.0,4868.0,4485211.0,0.0,0.0,5803.0,0.0,0.0,0.0,0.0
2023-03-29 02:22:08.597000+00:00,1376256.0,30433280.0,34582528.0,34582528.0,10.67,1.269928733,37.2,907191.0,0.0,0.0,4872.0,4489717.0,0.0,0.0,5808.0,0.0,0.0,0.0,0.0
2023-03-29 02:22:14.246000+00:00,1376256.0,30433280.0,34582528.0,34582528.0,10.7,1.269928733,37.27,907191.0,0.0,0.0,4876.0,4494223.0,0.0,0.0,5813.0,0.0,0.0,0.0,0.0
2023-03-29 02:22:18.809000+00:00,1376256.0,30539776.0,34664448.0,34664448.0,10.7,1.269928733,37.28,908797.0,0.0,0.0,4880.0,4498729.0,0.0,0.0,5818.0,0.0,0.0,0.0,0.0
2023-03-29 02:22:24.240000+00:00,1376256.0,30687232.0,34873344.0,34873344.0,10.72,1.269928733,37.33,909600.0,0.0,0.0,4884.0,4503235.0,0.0,0.0,5823.0,0.0,0.0,0.0,0.0
2023-03-29 02:22:28.609000+00:00,1376256.0,30793728.0,34967552.0,34967552.0,10.72,1.269928733,37.34,910403.0,0.0,0.0,4888.0,4507741.0,0.0,0.0,5828.0,0.0,0.0,0.0,0.0
2023-03-29 02:22:34.308000+00:00,1376256.0,30941184.0,35110912.0,35110912.0,10.75,1.269928733,37.34,911206.0,0.0,0.0,4892.0,4512247.0,0.0,0.0,5833.0,0.0,0.0,0.0,0.0
2023-03-29 02:22:38.731000+00:00,1376256.0,31051776.0,35184640.0,35184640.0,10.75,1.269928733,37.39,912009.0,0.0,0.0,4896.0,4516753.0,0.0,0.0,5838.0,0.0,0.0,0.0,0.0
2023-03-29 02:22:44.069000+00:00,1376256.0,31051776.0,35184640.0,34557952.0,10.77,1.269928733,37.46,912812.0,0.0,0.0,4900.0,4521259.0,0.0,0.0,5843.0,0.0,0.0,0.0,0.0
2023-03-29 02:22:49.125000+00:00,1376256.0,30400512.0,34525184.0,34525184.0,10.77,1.269928733,37.46,913615.0,0.0,0.0,4904.0,4525765.0,0.0,0.0,5848.0,0.0,0.0,0.0,0.0
2023-03-29 02:22:53.958000+00:00,1392640.0,30633984.0,34938880.0,34938880.0,10.8,1.271461616,37.46,914472.0,0.0,0.0,4909.0,4530345.0,0.0,0.0,5854.0,0.0,0.0,0.0,0.0
2023-03-29 02:22:59.039000+00:00,1392640.0,30744576.0,34922496.0,34922496.0,10.8,1.271461616,37.54,915359.0,0.0,0.0,4915.0,4534935.0,0.0,0.0,5861.0,0.0,0.0,0.0,0.0
2023-03-29 02:23:03.555000+00:00,1392640.0,30892032.0,35086336.0,35086336.0,10.81,1.271461616,37.61,916162.0,0.0,0.0,4919.0,4539441.0,0.0,0.0,5866.0,0.0,0.0,0.0,0.0
2023-03-29 02:23:09.282000+00:00,1392640.0,30998528.0,35184640.0,35184640.0,10.81,1.271461616,37.62,916965.0,0.0,0.0,4923.0,4543947.0,0.0,0.0,5871.0,0.0,0.0,0.0,0.0
2023-03-29 02:23:14.665000+00:00,1392640.0,30244864.0,35184640.0,35184640.0,10.83,1.271461616,37.68,916965.0,0.0,0.0,4923.0,4543947.0,0.0,0.0,5871.0,0.0,0.0,0.0,0.0
2023-03-29 02:23:19.739000+00:00,1392640.0,30351360.0,34496512.0,34496512.0,10.83,1.271461616,37.7,918571.0,0.0,0.0,4931.0,4552959.0,0.0,0.0,5881.0,0.0,0.0,0.0,0.0
2023-03-29 02:23:23.266000+00:00,1392640.0,30494720.0,34725888.0,34725888.0,10.87,1.271461616,37.76,919374.0,0.0,0.0,4935.0,4557465.0,0.0,0.0,5886.0,0.0,0.0,0.0,0.0
2023-03-29 02:23:29.618000+00:00,1392640.0,30597120.0,34877440.0,34877440.0,10.87,1.271461616,37.76,920177.0,0.0,0.0,4939.0,4561971.0,0.0,0.0,5891.0,0.0,0.0,0.0,0.0
2023-03-29 02:23:34.090000+00:00,1392640.0,30736384.0,35106816.0,35106816.0,10.9,1.271461616,37.76,920980.0,0.0,0.0,4943.0,4566477.0,0.0,0.0,5896.0,0.0,0.0,0.0,0.0
2023-03-29 02:23:38.440000+00:00,1392640.0,30838784.0,34983936.0,34983936.0,10.9,1.271461616,37.83,921783.0,0.0,0.0,4947.0,4570983.0,0.0,0.0,5901.0,0.0,0.0,0.0,0.0
2023-03-29 02:23:44.741000+00:00,1392640.0,30838784.0,34983936.0,34983936.0,10.9,1.272011589,37.9,921783.0,0.0,0.0,4947.0,4575489.0,0.0,0.0,5906.0,0.0,0.0,0.0,0.0
2023-03-29 02:23:48.599000+00:00,1392640.0,31080448.0,35262464.0,35262464.0,10.9,1.272011589,37.9,923389.0,0.0,0.0,4955.0,4579995.0,0.0,0.0,5911.0,0.0,0.0,0.0,0.0
2023-03-29 02:23:54.592000+00:00,1404928.0,30404608.0,34750464.0,34750464.0,10.94,1.272011589,37.98,924246.0,0.0,0.0,4960.0,4584575.0,0.0,0.0,5917.0,0.0,0.0,0.0,0.0
2023-03-29 02:23:58.590000+00:00,1404928.0,30502912.0,34701312.0,34701312.0,10.94,1.272011589,37.99,925133.0,0.0,0.0,4966.0,4589165.0,0.0,0.0,5924.0,0.0,0.0,0.0,0.0
2023-03-29 02:24:04.199000+00:00,1404928.0,30646272.0,34852864.0,34852864.0,10.96,1.27219217,38.06,925936.0,0.0,0.0,4970.0,4593671.0,0.0,0.0,5929.0,0.0,0.0,0.0,0.0
2023-03-29 02:24:08.626000+00:00,1404928.0,30744576.0,34885632.0,34885632.0,10.96,1.27219217,38.07,926739.0,0.0,0.0,4974.0,4598177.0,0.0,0.0,5934.0,0.0,0.0,0.0,0.0
2023-03-29 02:24:13.436000+00:00,1404928.0,30887936.0,35299328.0,34885632.0,10.98,1.272357755,38.12,926739.0,0.0,0.0,4974.0,4598177.0,0.0,0.0,5934.0,0.0,0.0,0.0,0.0
2023-03-29 02:24:18.781000+00:00,1404928.0,30986240.0,35139584.0,35139584.0,10.98,1.272357755,38.13,928345.0,0.0,0.0,4982.0,4607189.0,0.0,0.0,5944.0,0.0,0.0,0.0,0.0
2023-03-29 02:24:24.585000+00:00,1404928.0,30257152.0,34533376.0,34533376.0,11.0,1.272748847,38.2,929148.0,0.0,0.0,4986.0,4611695.0,0.0,0.0,5949.0,0.0,0.0,0.0,0.0
2023-03-29 02:24:29.268000+00:00,1404928.0,30355456.0,34488320.0,34488320.0,11.0,1.272748847,38.2,929951.0,0.0,0.0,4990.0,4616201.0,0.0,0.0,5954.0,0.0,0.0,0.0,0.0
2023-03-29 02:24:34.084000+00:00,1404928.0,30498816.0,35053568.0,35053568.0,11.02,1.272748847,38.27,930754.0,0.0,0.0,4994.0,4620707.0,0.0,0.0,5959.0,0.0,0.0,0.0,0.0
2023-03-29 02:24:39.801000+00:00,1404928.0,30597120.0,34734080.0,34734080.0,11.02,1.272748847,38.28,931557.0,0.0,0.0,4998.0,4625213.0,0.0,0.0,5964.0,0.0,0.0,0.0,0.0
2023-03-29 02:24:43.998000+00:00,1404928.0,30597120.0,34734080.0,34734080.0,11.04,1.272748847,38.34,931557.0,0.0,0.0,4998.0,4625213.0,0.0,0.0,5964.0,0.0,0.0,0.0,0.0
2023-03-29 02:24:48.878000+00:00,1404928.0,30842880.0,34996224.0,34996224.0,11.04,1.272748847,38.34,933163.0,0.0,0.0,5006.0,4634225.0,0.0,0.0,5974.0,0.0,0.0,0.0,0.0
2023-03-29 02:24:54.283000+00:00,1421312.0,30224384.0,34816000.0,34816000.0,11.07,1.272748847,38.41,934020.0,0.0,0.0,5011.0,4638805.0,0.0,0.0,5980.0,0.0,0.0,0.0,0.0
2023-03-29 02:24:58.796000+00:00,1421312.0,30326784.0,34476032.0,34476032.0,11.07,1.272748847,38.42,934907.0,0.0,0.0,5017.0,4643395.0,0.0,0.0,5987.0,0.0,0.0,0.0,0.0
2023-03-29 02:25:03.815000+00:00,1421312.0,30425088.0,34574336.0,34574336.0,11.07,1.272748847,38.42,935710.0,0.0,0.0,5021.0,4647901.0,0.0,0.0,5992.0,0.0,0.0,0.0,0.0
2023-03-29 02:25:08.590000+00:00,1421312.0,30568448.0,34746368.0,34746368.0,11.09,1.272748847,38.48,936513.0,0.0,0.0,5025.0,4652407.0,0.0,0.0,5997.0,0.0,0.0,0.0,0.0
2023-03-29 02:25:14.668000+00:00,1421312.0,30568448.0,34746368.0,34746368.0,11.1,1.272748847,38.56,936513.0,0.0,0.0,5029.0,4656913.0,0.0,0.0,6002.0,0.0,0.0,0.0,0.0
2023-03-29 02:25:19.462000+00:00,1421312.0,30814208.0,34983936.0,34983936.0,11.1,1.272748847,38.56,938119.0,0.0,0.0,5033.0,4661419.0,0.0,0.0,6007.0,0.0,0.0,0.0,0.0
2023-03-29 02:25:24.830000+00:00,1421312.0,30953472.0,35438592.0,35438592.0,11.11,1.272748847,38.63,938922.0,0.0,0.0,5037.0,4665925.0,0.0,0.0,6012.0,0.0,0.0,0.0,0.0
2023-03-29 02:25:29.668000+00:00,1421312.0,30212096.0,34484224.0,34484224.0,11.11,1.272748847,38.63,939725.0,0.0,0.0,5041.0,4670431.0,0.0,0.0,6017.0,0.0,0.0,0.0,0.0
2023-03-29 02:25:34.467000+00:00,1421312.0,30310400.0,34459648.0,34459648.0,11.11,1.272748847,38.63,940528.0,0.0,0.0,5045.0,4674937.0,0.0,0.0,6022.0,0.0,0.0,0.0,0.0
2023-03-29 02:25:39.540000+00:00,1421312.0,30453760.0,34611200.0,34611200.0,11.13,1.274076706,38.71,941331.0,0.0,0.0,5049.0,4679443.0,0.0,0.0,6027.0,0.0,0.0,0.0,0.0
2023-03-29 02:25:44.291000+00:00,1421312.0,30556160.0,34828288.0,34611200.0,11.13,1.274076706,38.72,941331.0,0.0,0.0,5049.0,4679443.0,0.0,0.0,6027.0,0.0,0.0,0.0,0.0
2023-03-29 02:25:48.479000+00:00,1421312.0,30695424.0,34840576.0,34840576.0,11.15,1.274076706,38.77,942937.0,0.0,0.0,5057.0,4688455.0,0.0,0.0,6037.0,0.0,0.0,0.0,0.0
2023-03-29 02:25:53.350000+00:00,1421312.0,30879744.0,35246080.0,35246080.0,11.16,1.274076706,38.77,943794.0,0.0,0.0,5062.0,4693035.0,0.0,0.0,6043.0,0.0,0.0,0.0,0.0
2023-03-29 02:25:59.098000+00:00,1437696.0,30232576.0,34820096.0,34820096.0,11.19,1.274076706,38.86,944681.0,0.0,0.0,5068.0,4697625.0,0.0,0.0,6050.0,0.0,0.0,0.0,0.0
2023-03-29 02:26:04.214000+00:00,1437696.0,30334976.0,34529280.0,34529280.0,11.19,1.274076706,38.87,945484.0,0.0,0.0,5072.0,4702131.0,0.0,0.0,6055.0,0.0,0.0,0.0,0.0
2023-03-29 02:26:09.833000+00:00,1437696.0,30474240.0,34725888.0,34725888.0,11.2,1.274076706,38.94,946287.0,0.0,0.0,5076.0,4706637.0,0.0,0.0,6060.0,0.0,0.0,0.0,0.0
2023-03-29 02:26:14.035000+00:00,1437696.0,30580736.0,34725888.0,34725888.0,11.2,1.274076706,38.95,946287.0,0.0,0.0,5076.0,4706637.0,0.0,0.0,6065.0,0.0,0.0,0.0,0.0
2023-03-29 02:26:18.464000+00:00,1437696.0,30720000.0,34963456.0,34963456.0,11.22,1.274076706,39.02,947893.0,0.0,0.0,5084.0,4715649.0,0.0,0.0,6070.0,0.0,0.0,0.0,0.0
2023-03-29 02:26:24.845000+00:00,1437696.0,30720000.0,35008512.0,35008512.0,11.23,1.274076706,39.02,948696.0,0.0,0.0,5088.0,4720155.0,0.0,0.0,6075.0,0.0,0.0,0.0,0.0
2023-03-29 02:26:29.196000+00:00,1437696.0,30961664.0,35115008.0,35115008.0,11.25,1.274076706,39.09,949499.0,0.0,0.0,5092.0,4724661.0,0.0,0.0,6080.0,0.0,0.0,0.0,0.0
2023-03-29 02:26:33.296000+00:00,1437696.0,30961664.0,34365440.0,34365440.0,11.25,1.274076706,39.1,950302.0,0.0,0.0,5096.0,4729167.0,0.0,0.0,6085.0,0.0,0.0,0.0,0.0
2023-03-29 02:26:38.936000+00:00,1437696.0,30380032.0,34529280.0,34529280.0,11.28,1.274076706,39.16,951105.0,0.0,0.0,5100.0,4733673.0,0.0,0.0,6090.0,0.0,0.0,0.0,0.0
2023-03-29 02:26:43.666000+00:00,1437696.0,30474240.0,34615296.0,34615296.0,11.28,1.274076706,39.17,951908.0,0.0,0.0,5100.0,4733673.0,0.0,0.0,6090.0,0.0,0.0,0.0,0.0
2023-03-29 02:26:48.570000+00:00,1437696.0,30621696.0,34791424.0,34791424.0,11.3,1.274076706,39.22,952711.0,0.0,0.0,5108.0,4742685.0,0.0,0.0,6100.0,0.0,0.0,0.0,0.0
2023-03-29 02:26:53.658000+00:00,1454080.0,30806016.0,35057664.0,35057664.0,11.33,1.274076706,39.22,953568.0,0.0,0.0,5113.0,4747265.0,0.0,0.0,6106.0,0.0,0.0,0.0,0.0
2023-03-29 02:26:59.153000+00:00,1454080.0,30945280.0,35287040.0,35287040.0,11.35,1.274076706,39.29,954455.0,0.0,0.0,5119.0,4751855.0,0.0,0.0,6113.0,0.0,0.0,0.0,0.0
2023-03-29 02:27:04.532000+00:00,1454080.0,30236672.0,34435072.0,34435072.0,11.35,1.274076706,39.3,955258.0,0.0,0.0,5123.0,4756361.0,0.0,0.0,6118.0,0.0,0.0,0.0,0.0
2023-03-29 02:27:09.789000+00:00,1454080.0,30380032.0,34631680.0,34631680.0,11.38,1.274076706,39.35,956061.0,0.0,0.0,5127.0,4760867.0,0.0,0.0,6123.0,0.0,0.0,0.0,0.0
2023-03-29 02:27:14.114000+00:00,1454080.0,30380032.0,34631680.0,34631680.0,11.38,1.274076706,39.35,956061.0,0.0,0.0,5127.0,4760867.0,0.0,0.0,6123.0,0.0,0.0,0.0,0.0
2023-03-29 02:27:19.449000+00:00,1454080.0,30621696.0,35164160.0,35164160.0,11.39,1.274076706,39.43,957667.0,0.0,0.0,5135.0,4769879.0,0.0,0.0,6133.0,0.0,0.0,0.0,0.0
2023-03-29 02:27:24.004000+00:00,1454080.0,30724096.0,34914304.0,34914304.0,11.39,1.274076706,39.46,958470.0,0.0,0.0,5139.0,4774385.0,0.0,0.0,6138.0,0.0,0.0,0.0,0.0
2023-03-29 02:27:29.301000+00:00,1454080.0,30871552.0,35356672.0,35356672.0,11.41,1.274477058,39.53,959273.0,0.0,0.0,5143.0,4778891.0,0.0,0.0,6143.0,0.0,0.0,0.0,0.0
2023-03-29 02:27:34.228000+00:00,1454080.0,30969856.0,35127296.0,35127296.0,11.41,1.274477058,39.53,960076.0,0.0,0.0,5147.0,4783397.0,0.0,0.0,6148.0,0.0,0.0,0.0,0.0
2023-03-29 02:27:38.784000+00:00,1454080.0,30240768.0,34451456.0,34451456.0,11.41,1.274477058,39.54,960879.0,0.0,0.0,5151.0,4787903.0,0.0,0.0,6153.0,0.0,0.0,0.0,0.0
2023-03-29 02:27:44.590000+00:00,1454080.0,30388224.0,34451456.0,34451456.0,11.44,1.274477058,39.6,960879.0,0.0,0.0,5151.0,4787903.0,0.0,0.0,6158.0,0.0,0.0,0.0,0.0
2023-03-29 02:27:48.980000+00:00,1454080.0,30486528.0,34615296.0,34615296.0,11.44,1.274477058,39.61,962485.0,0.0,0.0,5159.0,4796915.0,0.0,0.0,6163.0,0.0,0.0,0.0,0.0
2023-03-29 02:27:54.490000+00:00,1466368.0,30715904.0,35004416.0,35004416.0,11.46,1.274477058,39.69,963342.0,0.0,0.0,5164.0,4801495.0,0.0,0.0,6169.0,0.0,0.0,0.0,0.0
2023-03-29 02:27:59.396000+00:00,1466368.0,30814208.0,34992128.0,34992128.0,11.46,1.274477058,39.7,964229.0,0.0,0.0,5170.0,4806085.0,0.0,0.0,6176.0,0.0,0.0,0.0,0.0
2023-03-29 02:28:03.262000+00:00,1466368.0,30957568.0,35155968.0,35155968.0,11.49,1.274477058,39.7,965032.0,0.0,0.0,5174.0,4810591.0,0.0,0.0,6181.0,0.0,0.0,0.0,0.0
2023-03-29 02:28:09.522000+00:00,1466368.0,30244864.0,34512896.0,34512896.0,11.5,1.274477058,39.76,965835.0,0.0,0.0,5178.0,4815097.0,0.0,0.0,6186.0,0.0,0.0,0.0,0.0
2023-03-29 02:28:13.882000+00:00,1466368.0,30388224.0,34627584.0,34512896.0,11.51,1.274477058,39.83,965835.0,0.0,0.0,5178.0,4815097.0,0.0,0.0,6186.0,0.0,0.0,0.0,0.0
2023-03-29 02:28:19.861000+00:00,1466368.0,30486528.0,34635776.0,34635776.0,11.51,1.274477058,39.84,967441.0,0.0,0.0,5186.0,4824109.0,0.0,0.0,6196.0,0.0,0.0,0.0,0.0
2023-03-29 02:28:24.774000+00:00,1466368.0,30633984.0,34783232.0,34783232.0,11.52,1.274477058,39.84,968244.0,0.0,0.0,5190.0,4828615.0,0.0,0.0,6201.0,0.0,0.0,0.0,0.0
2023-03-29 02:28:28.576000+00:00,1466368.0,30728192.0,34873344.0,34873344.0,11.52,1.274477058,39.91,969047.0,0.0,0.0,5194.0,4833121.0,0.0,0.0,6206.0,0.0,0.0,0.0,0.0
2023-03-29 02:28:34.494000+00:00,1466368.0,30875648.0,35061760.0,35061760.0,11.53,1.274477058,39.98,969850.0,0.0,0.0,5198.0,4837627.0,0.0,0.0,6211.0,0.0,0.0,0.0,0.0
2023-03-29 02:28:39.456000+00:00,1466368.0,30973952.0,35123200.0,35123200.0,11.54,1.274477058,39.98,970653.0,0.0,0.0,5202.0,4842133.0,0.0,0.0,6216.0,0.0,0.0,0.0,0.0
2023-03-29 02:28:43.993000+00:00,1466368.0,30973952.0,35123200.0,35123200.0,11.56,1.274477058,40.05,970653.0,0.0,0.0,5202.0,4842133.0,0.0,0.0,6216.0,0.0,0.0,0.0,0.0
2023-03-29 02:28:49.047000+00:00,1466368.0,30351360.0,34484224.0,34484224.0,11.56,1.274477058,40.05,972259.0,0.0,0.0,5210.0,4851145.0,0.0,0.0,6226.0,0.0,0.0,0.0,0.0
2023-03-29 02:28:54.189000+00:00,1482752.0,30580736.0,35135488.0,35135488.0,11.59,1.274477058,40.12,973116.0,0.0,0.0,5215.0,4855725.0,0.0,0.0,6232.0,0.0,0.0,0.0,0.0
2023-03-29 02:28:58.688000+00:00,1482752.0,30679040.0,34869248.0,34869248.0,11.59,1.274477058,40.12,974003.0,0.0,0.0,5221.0,4860315.0,0.0,0.0,6239.0,0.0,0.0,0.0,0.0
2023-03-29 02:29:04.785000+00:00,1482752.0,30822400.0,35057664.0,35057664.0,11.62,1.274477058,40.12,974806.0,0.0,0.0,5225.0,4864821.0,0.0,0.0,6244.0,0.0,0.0,0.0,0.0
2023-03-29 02:29:09.668000+00:00,1482752.0,30924800.0,35057664.0,35057664.0,11.62,1.274477058,40.18,975609.0,0.0,0.0,5229.0,4869327.0,0.0,0.0,6249.0,0.0,0.0,0.0,0.0
2023-03-29 02:29:13.845000+00:00,1482752.0,30924800.0,35057664.0,35057664.0,11.63,1.274477058,40.26,975609.0,0.0,0.0,5229.0,4873833.0,0.0,0.0,6254.0,0.0,0.0,0.0,0.0
2023-03-29 02:29:19.488000+00:00,1482752.0,30396416.0,34668544.0,34668544.0,11.63,1.274477058,40.27,977215.0,0.0,0.0,5237.0,4878339.0,0.0,0.0,6259.0,0.0,0.0,0.0,0.0
2023-03-29 02:29:23.482000+00:00,1482752.0,30535680.0,34795520.0,34795520.0,11.66,1.274477058,40.32,978018.0,0.0,0.0,5241.0,4882845.0,0.0,0.0,6264.0,0.0,0.0,0.0,0.0
2023-03-29 02:29:28.177000+00:00,1482752.0,30461952.0,34656256.0,34656256.0,11.66,1.274477058,40.32,978821.0,0.0,0.0,5245.0,4887351.0,0.0,0.0,6269.0,0.0,0.0,0.0,0.0
2023-03-29 02:29:33.788000+00:00,1482752.0,30605312.0,34852864.0,34852864.0,11.68,1.274477058,40.38,979624.0,0.0,0.0,5249.0,4891857.0,0.0,0.0,6274.0,0.0,0.0,0.0,0.0
2023-03-29 02:29:38.139000+00:00,1482752.0,30707712.0,34918400.0,34918400.0,11.68,1.274477058,40.39,980427.0,0.0,0.0,5253.0,4896363.0,0.0,0.0,6279.0,0.0,0.0,0.0,0.0
2023-03-29 02:29:44.748000+00:00,1482752.0,30846976.0,35377152.0,34918400.0,11.7,1.274477058,40.45,980427.0,0.0,0.0,5253.0,4896363.0,0.0,0.0,6279.0,0.0,0.0,0.0,0.0
2023-03-29 02:29:48.745000+00:00,1482752.0,30117888.0,34332672.0,34332672.0,11.7,1.274477058,40.45,982033.0,0.0,0.0,5261.0,4905375.0,0.0,0.0,6289.0,0.0,0.0,0.0,0.0
2023-03-29 02:29:54.688000+00:00,1482752.0,30347264.0,34594816.0,34594816.0,11.73,1.274477058,40.52,982890.0,0.0,0.0,5266.0,4909955.0,0.0,0.0,6295.0,0.0,0.0,0.0,0.0
2023-03-29 02:29:59.774000+00:00,1499136.0,30449664.0,34582528.0,34582528.0,11.73,1.274477058,40.53,983777.0,0.0,0.0,5272.0,4914545.0,0.0,0.0,6302.0,0.0,0.0,0.0,0.0
2023-03-29 02:30:04.692000+00:00,1499136.0,30588928.0,35065856.0,35065856.0,11.75,1.274477058,40.6,984580.0,0.0,0.0,5276.0,4919051.0,0.0,0.0,6307.0,0.0,0.0,0.0,0.0
2023-03-29 02:30:09.355000+00:00,1499136.0,30691328.0,34824192.0,34824192.0,11.75,1.274477058,40.6,985470.0,0.0,0.0,5281.0,4923557.0,0.0,0.0,6312.0,0.0,0.0,0.0,0.0
2023-03-29 02:30:13.859000+00:00,1499136.0,30789632.0,34824192.0,34824192.0,11.75,1.274477058,40.61,985470.0,0.0,0.0,5281.0,4923557.0,0.0,0.0,6312.0,0.0,0.0,0.0,0.0
2023-03-29 02:30:19.237000+00:00,1499136.0,30121984.0,34480128.0,34480128.0,11.78,1.274477058,40.68,987076.0,0.0,0.0,5289.0,4932569.0,0.0,0.0,6322.0,0.0,0.0,0.0,0.0
2023-03-29 02:30:24.416000+00:00,1499136.0,30224384.0,34349056.0,34349056.0,11.78,1.274477058,40.69,987879.0,0.0,0.0,5293.0,4937075.0,0.0,0.0,6327.0,0.0,0.0,0.0,0.0
2023-03-29 02:30:29.904000+00:00,1499136.0,30363648.0,34500608.0,34500608.0,11.79,1.274477058,40.76,988682.0,0.0,0.0,5297.0,4941581.0,0.0,0.0,6332.0,0.0,0.0,0.0,0.0
2023-03-29 02:30:34.630000+00:00,1499136.0,30363648.0,34590720.0,34590720.0,11.79,1.274477058,40.76,989485.0,0.0,0.0,5301.0,4946087.0,0.0,0.0,6337.0,0.0,0.0,0.0,0.0
2023-03-29 02:30:38.634000+00:00,1499136.0,30691328.0,34938880.0,34938880.0,11.81,1.274477058,40.84,990288.0,0.0,0.0,5305.0,4950593.0,0.0,0.0,6342.0,0.0,0.0,0.0,0.0
2023-03-29 02:30:44.781000+00:00,1499136.0,30793728.0,34918400.0,34918400.0,11.81,1.274477058,40.85,991091.0,0.0,0.0,5309.0,4950593.0,0.0,0.0,6342.0,0.0,0.0,0.0,0.0
2023-03-29 02:30:48.488000+00:00,1499136.0,30932992.0,35102720.0,35102720.0,11.83,1.274477058,40.92,991894.0,0.0,0.0,5313.0,4959605.0,0.0,0.0,6352.0,0.0,0.0,0.0,0.0
2023-03-29 02:30:54.887000+00:00,1499136.0,30334976.0,34467840.0,34467840.0,11.85,1.274477058,40.92,992751.0,0.0,0.0,5318.0,4964185.0,0.0,0.0,6358.0,0.0,0.0,0.0,0.0
2023-03-29 02:30:59.323000+00:00,1511424.0,30478336.0,34689024.0,34689024.0,11.86,1.274477058,41.0,993638.0,0.0,0.0,5324.0,4968775.0,0.0,0.0,6365.0,0.0,0.0,0.0,0.0
2023-03-29 02:31:04.043000+00:00,1511424.0,30576640.0,34717696.0,34717696.0,11.86,1.274477058,41.01,994441.0,0.0,0.0,5328.0,4973281.0,0.0,0.0,6370.0,0.0,0.0,0.0,0.0
2023-03-29 02:31:08.888000+00:00,1511424.0,30720000.0,34934784.0,34934784.0,11.88,1.274477058,41.08,995244.0,0.0,0.0,5332.0,4977787.0,0.0,0.0,6375.0,0.0,0.0,0.0,0.0
2023-03-29 02:31:14.124000+00:00,1511424.0,30822400.0,34959360.0,34934784.0,11.88,1.274477058,41.08,995244.0,0.0,0.0,5332.0,4977787.0,0.0,0.0,6375.0,0.0,0.0,0.0,0.0
2023-03-29 02:31:18.473000+00:00,1511424.0,30961664.0,35102720.0,35102720.0,11.91,1.274477058,41.13,996850.0,0.0,0.0,5340.0,4986799.0,0.0,0.0,6385.0,0.0,0.0,0.0,0.0
2023-03-29 02:31:23.997000+00:00,1511424.0,30212096.0,34418688.0,34418688.0,11.92,1.274477058,41.16,997653.0,0.0,0.0,5344.0,4991305.0,0.0,0.0,6390.0,0.0,0.0,0.0,0.0
2023-03-29 02:31:29.668000+00:00,1511424.0,30355456.0,34623488.0,34623488.0,11.93,1.274477058,41.23,998456.0,0.0,0.0,5348.0,4995811.0,0.0,0.0,6395.0,0.0,0.0,0.0,0.0
2023-03-29 02:31:34.010000+00:00,1511424.0,30453760.0,34635776.0,34635776.0,11.93,1.274477058,41.24,999259.0,0.0,0.0,5352.0,5000317.0,0.0,0.0,6400.0,0.0,0.0,0.0,0.0
2023-03-29 02:31:39.217000+00:00,1511424.0,30597120.0,35028992.0,35028992.0,11.96,1.274477058,41.29,1000062.0,0.0,0.0,5356.0,5004823.0,0.0,0.0,6405.0,0.0,0.0,0.0,0.0
2023-03-29 02:31:43.618000+00:00,1511424.0,30597120.0,35028992.0,35028992.0,11.96,1.274477058,41.29,1000062.0,0.0,0.0,5356.0,5004823.0,0.0,0.0,6410.0,0.0,0.0,0.0,0.0
2023-03-29 02:31:49.172000+00:00,1511424.0,30797824.0,34971648.0,34971648.0,11.98,1.274477058,41.37,1001668.0,0.0,0.0,5364.0,5013835.0,0.0,0.0,6415.0,0.0,0.0,0.0,0.0
2023-03-29 02:31:54.656000+00:00,1527808.0,30797824.0,34336768.0,34336768.0,12.0,1.274477058,41.38,1002525.0,0.0,0.0,5369.0,5018415.0,0.0,0.0,6421.0,0.0,0.0,0.0,0.0
2023-03-29 02:31:59.505000+00:00,1527808.0,30318592.0,34492416.0,34492416.0,12.0,1.274477058,41.45,1003412.0,0.0,0.0,5375.0,5023005.0,0.0,0.0,6428.0,0.0,0.0,0.0,0.0
2023-03-29 02:32:04.545000+00:00,1527808.0,30318592.0,34619392.0,34619392.0,12.0,1.274477058,41.45,1004215.0,0.0,0.0,5379.0,5027511.0,0.0,0.0,6433.0,0.0,0.0,0.0,0.0
2023-03-29 02:32:08.785000+00:00,1527808.0,30560256.0,34783232.0,34783232.0,12.02,1.274477058,41.52,1005018.0,0.0,0.0,5383.0,5032017.0,0.0,0.0,6438.0,0.0,0.0,0.0,0.0
2023-03-29 02:32:14.339000+00:00,1527808.0,30658560.0,34799616.0,34783232.0,12.02,1.274477058,41.53,1005018.0,0.0,0.0,5383.0,5032017.0,0.0,0.0,6438.0,0.0,0.0,0.0,0.0
2023-03-29 02:32:19.430000+00:00,1527808.0,30801920.0,35160064.0,35160064.0,12.06,1.274477058,41.58,1006624.0,0.0,0.0,5391.0,5041029.0,0.0,0.0,6448.0,0.0,0.0,0.0,0.0
2023-03-29 02:32:24.424000+00:00,1527808.0,30900224.0,35094528.0,35094528.0,12.06,1.274477058,41.6,1007427.0,0.0,0.0,5395.0,5045535.0,0.0,0.0,6453.0,0.0,0.0,0.0,0.0
2023-03-29 02:32:29.467000+00:00,1527808.0,30216192.0,34467840.0,34467840.0,12.07,1.274477058,41.66,1008230.0,0.0,0.0,5399.0,5050041.0,0.0,0.0,6458.0,0.0,0.0,0.0,0.0
2023-03-29 02:32:33.613000+00:00,1527808.0,30318592.0,34512896.0,34512896.0,12.07,1.274477058,41.66,1009033.0,0.0,0.0,5403.0,5054547.0,0.0,0.0,6463.0,0.0,0.0,0.0,0.0
2023-03-29 02:32:39.277000+00:00,1527808.0,30457856.0,34959360.0,34959360.0,12.09,1.274477058,41.72,1009836.0,0.0,0.0,5407.0,5059053.0,0.0,0.0,6468.0,0.0,0.0,0.0,0.0
2023-03-29 02:32:44.477000+00:00,1527808.0,30560256.0,34959360.0,34959360.0,12.09,1.274477058,41.73,1009836.0,0.0,0.0,5407.0,5059053.0,0.0,0.0,6468.0,0.0,0.0,0.0,0.0
2023-03-29 02:32:49.438000+00:00,1527808.0,30699520.0,35258368.0,35258368.0,12.11,1.276035457,41.81,1011442.0,0.0,0.0,5415.0,5068065.0,0.0,0.0,6478.0,0.0,0.0,0.0,0.0
2023-03-29 02:32:54.415000+00:00,1527808.0,30887936.0,35164160.0,35164160.0,12.12,1.276035457,41.82,1012299.0,0.0,0.0,5420.0,5072645.0,0.0,0.0,6484.0,0.0,0.0,0.0,0.0
2023-03-29 02:32:58.986000+00:00,1544192.0,30175232.0,34521088.0,34521088.0,12.12,1.276035457,41.84,1013186.0,0.0,0.0,5426.0,5077235.0,0.0,0.0,6491.0,0.0,0.0,0.0,0.0
2023-03-29 02:33:03.462000+00:00,1544192.0,30318592.0,34492416.0,34492416.0,12.16,1.276035457,41.84,1013989.0,0.0,0.0,5430.0,5081741.0,0.0,0.0,6496.0,0.0,0.0,0.0,0.0
2023-03-29 02:33:09.183000+00:00,1544192.0,30416896.0,34594816.0,34594816.0,12.16,1.276035457,41.9,1014792.0,0.0,0.0,5434.0,5086247.0,0.0,0.0,6501.0,0.0,0.0,0.0,0.0
2023-03-29 02:33:14.830000+00:00,1544192.0,30416896.0,34594816.0,34594816.0,12.18,1.277265408,41.96,1014792.0,0.0,0.0,5438.0,5090753.0,0.0,0.0,6506.0,0.0,0.0,0.0,0.0
2023-03-29 02:33:19.131000+00:00,1544192.0,30658560.0,34840576.0,34840576.0,12.18,1.277265408,41.97,1016398.0,0.0,0.0,5442.0,5095259.0,0.0,0.0,6511.0,0.0,0.0,0.0,0.0
2023-03-29 02:33:24.041000+00:00,1544192.0,30801920.0,34971648.0,34971648.0,12.2,1.277265408,42.04,1017201.0,0.0,0.0,5446.0,5099765.0,0.0,0.0,6516.0,0.0,0.0,0.0,0.0
2023-03-29 02:33:28.949000+00:00,1544192.0,30900224.0,35078144.0,35078144.0,12.2,1.277265408,42.04,1018004.0,0.0,0.0,5450.0,5104271.0,0.0,0.0,6521.0,0.0,0.0,0.0,0.0
2023-03-29 02:33:34.008000+00:00,1544192.0,30179328.0,34672640.0,34672640.0,12.22,1.277265408,42.11,1018807.0,0.0,0.0,5454.0,5108777.0,0.0,0.0,6526.0,0.0,0.0,0.0,0.0
2023-03-29 02:33:38.385000+00:00,1544192.0,30281728.0,34422784.0,34422784.0,12.22,1.277265408,42.12,1019610.0,0.0,0.0,5458.0,5113283.0,0.0,0.0,6531.0,0.0,0.0,0.0,0.0
2023-03-29 02:33:44.852000+00:00,1544192.0,30425088.0,34623488.0,34422784.0,12.23,1.277265408,42.18,1019610.0,0.0,0.0,5458.0,5113283.0,0.0,0.0,6531.0,0.0,0.0,0.0,0.0
2023-03-29 02:33:49.183000+00:00,1544192.0,30523392.0,34660352.0,34660352.0,12.23,1.277265408,42.19,1021216.0,0.0,0.0,5466.0,5122295.0,0.0,0.0,6541.0,0.0,0.0,0.0,0.0
2023-03-29 02:33:54.173000+00:00,1556480.0,30752768.0,35074048.0,35074048.0,12.26,1.277265408,42.26,1022073.0,0.0,0.0,5471.0,5126875.0,0.0,0.0,6547.0,0.0,0.0,0.0,0.0
2023-03-29 02:33:59.011000+00:00,1556480.0,30855168.0,35008512.0,35008512.0,12.26,1.277265408,42.27,1022960.0,0.0,0.0,5477.0,5131465.0,0.0,0.0,6554.0,0.0,0.0,0.0,0.0
2023-03-29 02:34:04.236000+00:00,1556480.0,30175232.0,34476032.0,34476032.0,12.27,1.277265408,42.34,1023763.0,0.0,0.0,5481.0,5135971.0,0.0,0.0,6559.0,0.0,0.0,0.0,0.0
2023-03-29 02:34:09.701000+00:00,1556480.0,30277632.0,34414592.0,34414592.0,12.27,1.277265408,42.34,1024566.0,0.0,0.0,5485.0,5140477.0,0.0,0.0,6564.0,0.0,0.0,0.0,0.0
2023-03-29 02:34:14.047000+00:00,1556480.0,30277632.0,34414592.0,34414592.0,12.29,1.277265408,42.43,1024566.0,0.0,0.0,5485.0,5140477.0,0.0,0.0,6569.0,0.0,0.0,0.0,0.0
2023-03-29 02:34:19.908000+00:00,1556480.0,30531584.0,34676736.0,34676736.0,12.29,1.277265408,42.43,1026172.0,0.0,0.0,5493.0,5149489.0,0.0,0.0,6574.0,0.0,0.0,0.0,0.0
2023-03-29 02:34:24.021000+00:00,1556480.0,30531584.0,34775040.0,34775040.0,12.31,1.277265408,42.51,1026975.0,0.0,0.0,5497.0,5153995.0,0.0,0.0,6579.0,0.0,0.0,0.0,0.0
2023-03-29 02:34:28.730000+00:00,1556480.0,30695424.0,34840576.0,34840576.0,12.31,1.277265408,42.52,1027778.0,0.0,0.0,5501.0,5158501.0,0.0,0.0,6584.0,0.0,0.0,0.0,0.0
2023-03-29 02:34:34.436000+00:00,1556480.0,30695424.0,35131392.0,35131392.0,12.33,1.347444809,42.58,1028581.0,0.0,0.0,5505.0,5163007.0,0.0,0.0,6589.0,0.0,0.0,0.0,0.0
2023-03-29 02:34:39.408000+00:00,1556480.0,30109696.0,34430976.0,34430976.0,12.33,1.347444809,42.58,1029384.0,0.0,0.0,5509.0,5167513.0,0.0,0.0,6594.0,0.0,0.0,0.0,0.0
2023-03-29 02:34:43.551000+00:00,1556480.0,30248960.0,34586624.0,34586624.0,12.35,1.347444809,42.66,1029384.0,0.0,0.0,5509.0,5167513.0,0.0,0.0,6594.0,0.0,0.0,0.0,0.0
2023-03-29 02:34:48.955000+00:00,1556480.0,30347264.0,34492416.0,34492416.0,12.35,1.347444809,42.66,1030990.0,0.0,0.0,5517.0,5176525.0,0.0,0.0,6604.0,0.0,0.0,0.0,0.0
2023-03-29 02:34:54.137000+00:00,1572864.0,30576640.0,34758656.0,34758656.0,12.38,1.347444809,42.73,1031847.0,0.0,0.0,5522.0,5181105.0,0.0,0.0,6610.0,0.0,0.0,0.0,0.0
2023-03-29 02:34:59.201000+00:00,1572864.0,30679040.0,34832384.0,34832384.0,12.38,1.347444809,42.74,1032734.0,0.0,0.0,5528.0,5185695.0,0.0,0.0,6617.0,0.0,0.0,0.0,0.0
2023-03-29 02:35:04.873000+00:00,1572864.0,30822400.0,35274752.0,35274752.0,12.4,1.347444809,42.8,1033537.0,0.0,0.0,5532.0,5190201.0,0.0,0.0,6622.0,0.0,0.0,0.0,0.0
2023-03-29 02:35:08.942000+00:00,1572864.0,30105600.0,34344960.0,34344960.0,12.4,1.347444809,42.81,1034340.0,0.0,0.0,5536.0,5194707.0,0.0,0.0,6627.0,0.0,0.0,0.0,0.0
2023-03-29 02:35:14.339000+00:00,1572864.0,30248960.0,34344960.0,34344960.0,12.42,1.347444809,42.87,1034340.0,0.0,0.0,5536.0,5194707.0,0.0,0.0,6627.0,0.0,0.0,0.0,0.0
2023-03-29 02:35:19.509000+00:00,1572864.0,30347264.0,34496512.0,34496512.0,12.42,1.347444809,42.88,1035946.0,0.0,0.0,5544.0,5203719.0,0.0,0.0,6637.0,0.0,0.0,0.0,0.0
2023-03-29 02:35:22.980000+00:00,1572864.0,30449664.0,34635776.0,34635776.0,12.42,1.347444809,42.88,1036749.0,0.0,0.0,5548.0,5208225.0,0.0,0.0,6642.0,0.0,0.0,0.0,0.0
2023-03-29 02:35:28.779000+00:00,1572864.0,30588928.0,34721792.0,34721792.0,12.45,1.347444809,42.94,1037552.0,0.0,0.0,5552.0,5212731.0,0.0,0.0,6647.0,0.0,0.0,0.0,0.0
2023-03-29 02:35:33.634000+00:00,1572864.0,30691328.0,34816000.0,34816000.0,12.45,1.347444809,42.94,1038355.0,0.0,0.0,5556.0,5217237.0,0.0,0.0,6652.0,0.0,0.0,0.0,0.0
2023-03-29 02:35:39.897000+00:00,1572864.0,30830592.0,34971648.0,34971648.0,12.46,1.347444809,43.01,1039158.0,0.0,0.0,5560.0,5221743.0,0.0,0.0,6657.0,0.0,0.0,0.0,0.0
2023-03-29 02:35:43.719000+00:00,1572864.0,30830592.0,34971648.0,34971648.0,12.46,1.347444809,43.02,1039158.0,0.0,0.0,5564.0,5226249.0,0.0,0.0,6662.0,0.0,0.0,0.0,0.0
2023-03-29 02:35:49.360000+00:00,1572864.0,30248960.0,34410496.0,34410496.0,12.48,1.347444809,43.09,1040764.0,0.0,0.0,5568.0,5230755.0,0.0,0.0,6667.0,0.0,0.0,0.0,0.0
2023-03-29 02:35:53.825000+00:00,1589248.0,30437376.0,34836480.0,34836480.0,12.48,1.347444809,43.11,1041621.0,0.0,0.0,5573.0,5235335.0,0.0,0.0,6673.0,0.0,0.0,0.0,0.0
2023-03-29 02:35:59.234000+00:00,1589248.0,30580736.0,34729984.0,34729984.0,12.51,1.400292069,43.17,1042508.0,0.0,0.0,5579.0,5239925.0,0.0,0.0,6680.0,0.0,0.0,0.0,0.0
2023-03-29 02:36:04.390000+00:00,1589248.0,30679040.0,34803712.0,34803712.0,12.51,1.400292069,43.17,1043418.0,0.0,0.0,5584.0,5244431.0,0.0,0.0,6685.0,0.0,0.0,0.0,0.0
2023-03-29 02:36:09.528000+00:00,1589248.0,30822400.0,35004416.0,35004416.0,12.53,1.400292069,43.24,1044221.0,0.0,0.0,5588.0,5248937.0,0.0,0.0,6690.0,0.0,0.0,0.0,0.0
2023-03-29 02:36:14.525000+00:00,1589248.0,30105600.0,34426880.0,35004416.0,12.53,1.400292069,43.24,1044221.0,0.0,0.0,5588.0,5248937.0,0.0,0.0,6690.0,0.0,0.0,0.0,0.0
2023-03-29 02:36:19.127000+00:00,1589248.0,30248960.0,34385920.0,34385920.0,12.54,1.400292069,43.31,1045827.0,0.0,0.0,5596.0,5257949.0,0.0,0.0,6700.0,0.0,0.0,0.0,0.0
2023-03-29 02:36:23.979000+00:00,1589248.0,30347264.0,34512896.0,34512896.0,12.54,1.400292069,43.32,1046630.0,0.0,0.0,5600.0,5262455.0,0.0,0.0,6705.0,0.0,0.0,0.0,0.0
2023-03-29 02:36:29.689000+00:00,1589248.0,30494720.0,34643968.0,34643968.0,12.55,1.400292069,43.4,1047433.0,0.0,0.0,5604.0,5266961.0,0.0,0.0,6710.0,0.0,0.0,0.0,0.0
2023-03-29 02:36:34.352000+00:00,1589248.0,30588928.0,34734080.0,34734080.0,12.55,1.400292069,43.4,1048236.0,0.0,0.0,5608.0,5271467.0,0.0,0.0,6715.0,0.0,0.0,0.0,0.0
2023-03-29 02:36:39.461000+00:00,1589248.0,30736384.0,34910208.0,34910208.0,12.56,1.400292069,43.47,1049039.0,0.0,0.0,5612.0,5275973.0,0.0,0.0,6720.0,0.0,0.0,0.0,0.0
2023-03-29 02:36:43.559000+00:00,1589248.0,30830592.0,34910208.0,34910208.0,12.56,1.400292069,43.48,1049039.0,0.0,0.0,5612.0,5275973.0,0.0,0.0,6725.0,0.0,0.0,0.0,0.0
2023-03-29 02:36:48.789000+00:00,1589248.0,30109696.0,34406400.0,34406400.0,12.58,1.400292069,43.54,1050645.0,0.0,0.0,5620.0,5284985.0,0.0,0.0,6730.0,0.0,0.0,0.0,0.0
2023-03-29 02:36:54.865000+00:00,1589248.0,30298112.0,34443264.0,34443264.0,12.6,1.400292069,43.56,1051502.0,0.0,0.0,5625.0,5289565.0,0.0,0.0,6736.0,0.0,0.0,0.0,0.0
2023-03-29 02:36:58.972000+00:00,1601536.0,30441472.0,34598912.0,34598912.0,12.62,1.400292069,43.62,1052389.0,0.0,0.0,5631.0,5294155.0,0.0,0.0,6743.0,0.0,0.0,0.0,0.0
2023-03-29 02:37:04.405000+00:00,1601536.0,30441472.0,34693120.0,34693120.0,12.62,1.400292069,43.66,1053192.0,0.0,0.0,5635.0,5298661.0,0.0,0.0,6748.0,0.0,0.0,0.0,0.0
2023-03-29 02:37:09.111000+00:00,1601536.0,30691328.0,34852864.0,34852864.0,12.64,1.400292069,43.72,1053995.0,0.0,0.0,5639.0,5303167.0,0.0,0.0,6753.0,0.0,0.0,0.0,0.0
2023-03-29 02:37:13.672000+00:00,1601536.0,30691328.0,34852864.0,34852864.0,12.64,1.400292069,43.72,1053995.0,0.0,0.0,5639.0,5303167.0,0.0,0.0,6753.0,0.0,0.0,0.0,0.0
2023-03-29 02:37:19.323000+00:00,1601536.0,30146560.0,34283520.0,34283520.0,12.65,1.400292069,43.79,1055601.0,0.0,0.0,5647.0,5312179.0,0.0,0.0,6763.0,0.0,0.0,0.0,0.0
2023-03-29 02:37:24.137000+00:00,1601536.0,30388224.0,34574336.0,34574336.0,12.65,1.400292069,43.81,1056404.0,0.0,0.0,5651.0,5316685.0,0.0,0.0,6768.0,0.0,0.0,0.0,0.0
2023-03-29 02:37:29.803000+00:00,1601536.0,30527488.0,34680832.0,34680832.0,12.67,1.400292069,43.87,1057207.0,0.0,0.0,5655.0,5321191.0,0.0,0.0,6773.0,0.0,0.0,0.0,0.0
2023-03-29 02:37:34.877000+00:00,1601536.0,30629888.0,34775040.0,34775040.0,12.67,1.400292069,43.88,1058010.0,0.0,0.0,5659.0,5325697.0,0.0,0.0,6778.0,0.0,0.0,0.0,0.0
2023-03-29 02:37:39.578000+00:00,1601536.0,30769152.0,34955264.0,34955264.0,12.71,1.400292069,43.94,1058813.0,0.0,0.0,5663.0,5330203.0,0.0,0.0,6783.0,0.0,0.0,0.0,0.0
2023-03-29 02:37:44.859000+00:00,1601536.0,30769152.0,34955264.0,34955264.0,12.71,1.400292069,43.94,1058813.0,0.0,0.0,5663.0,5330203.0,0.0,0.0,6783.0,0.0,0.0,0.0,0.0
2023-03-29 02:37:48.307000+00:00,1601536.0,30969856.0,35147776.0,35147776.0,12.71,1.400292069,43.94,1060419.0,0.0,0.0,5671.0,5339215.0,0.0,0.0,6793.0,0.0,0.0,0.0,0.0
2023-03-29 02:37:54.798000+00:00,1601536.0,30388224.0,34533376.0,34533376.0,12.74,1.400292069,44.01,1061276.0,0.0,0.0,5676.0,5343795.0,0.0,0.0,6799.0,0.0,0.0,0.0,0.0
2023-03-29 02:37:59.269000+00:00,1617920.0,30527488.0,34889728.0,34889728.0,12.76,1.400292069,44.08,1062163.0,0.0,0.0,5682.0,5348385.0,0.0,0.0,6806.0,0.0,0.0,0.0,0.0
2023-03-29 02:38:03.738000+00:00,1617920.0,30629888.0,34816000.0,34816000.0,12.76,1.400292069,44.08,1062966.0,0.0,0.0,5686.0,5352891.0,0.0,0.0,6811.0,0.0,0.0,0.0,0.0
2023-03-29 02:38:09.069000+00:00,1617920.0,30728192.0,34881536.0,34881536.0,12.76,1.400292069,44.09,1063769.0,0.0,0.0,5690.0,5357397.0,0.0,0.0,6816.0,0.0,0.0,0.0,0.0
2023-03-29 02:38:14.465000+00:00,1617920.0,30871552.0,34881536.0,34881536.0,12.78,1.400292069,44.16,1063769.0,0.0,0.0,5690.0,5357397.0,0.0,0.0,6821.0,0.0,0.0,0.0,0.0
2023-03-29 02:38:18.475000+00:00,1617920.0,30969856.0,35143680.0,35143680.0,12.78,1.400292069,44.16,1065375.0,0.0,0.0,5698.0,5366409.0,0.0,0.0,6826.0,0.0,0.0,0.0,0.0
2023-03-29 02:38:23.405000+00:00,1617920.0,30969856.0,34537472.0,34537472.0,12.8,1.400786532,44.22,1066178.0,0.0,0.0,5702.0,5370915.0,0.0,0.0,6831.0,0.0,0.0,0.0,0.0
2023-03-29 02:38:29.417000+00:00,1617920.0,30355456.0,34525184.0,34525184.0,12.8,1.400786532,44.23,1066981.0,0.0,0.0,5706.0,5375421.0,0.0,0.0,6836.0,0.0,0.0,0.0,0.0
2023-03-29 02:38:34.237000+00:00,1617920.0,30494720.0,34627584.0,34627584.0,12.82,1.400786532,44.23,1067784.0,0.0,0.0,5710.0,5379927.0,0.0,0.0,6841.0,0.0,0.0,0.0,0.0
2023-03-29 02:38:39.437000+00:00,1617920.0,30597120.0,34758656.0,34758656.0,12.82,1.400786532,44.29,1068587.0,0.0,0.0,5714.0,5384433.0,0.0,0.0,6846.0,0.0,0.0,0.0,0.0
2023-03-29 02:38:43.948000+00:00,1617920.0,30736384.0,34914304.0,34758656.0,12.84,1.400786532,44.35,1068587.0,0.0,0.0,5714.0,5384433.0,0.0,0.0,6846.0,0.0,0.0,0.0,0.0
2023-03-29 02:38:48.237000+00:00,1617920.0,30834688.0,35098624.0,35098624.0,12.84,1.400786532,44.36,1070193.0,0.0,0.0,5722.0,5393445.0,0.0,0.0,6856.0,0.0,0.0,0.0,0.0
2023-03-29 02:38:54.211000+00:00,1634304.0,30253056.0,34893824.0,34893824.0,12.88,1.400786532,44.42,1071050.0,0.0,0.0,5727.0,5398025.0,0.0,0.0,6862.0,0.0,0.0,0.0,0.0
2023-03-29 02:38:59.136000+00:00,1634304.0,30355456.0,34541568.0,34541568.0,12.88,1.400786532,44.42,1071937.0,0.0,0.0,5733.0,5402615.0,0.0,0.0,6869.0,0.0,0.0,0.0,0.0
2023-03-29 02:39:04.155000+00:00,1634304.0,30494720.0,34684928.0,34684928.0,12.9,1.400786532,44.48,1072740.0,0.0,0.0,5737.0,5407121.0,0.0,0.0,6874.0,0.0,0.0,0.0,0.0
2023-03-29 02:39:09.015000+00:00,1634304.0,30597120.0,34734080.0,34734080.0,12.9,1.400786532,44.49,1073543.0,0.0,0.0,5741.0,5411627.0,0.0,0.0,6879.0,0.0,0.0,0.0,0.0
2023-03-29 02:39:13.971000+00:00,1634304.0,30597120.0,34734080.0,34734080.0,12.92,1.400786532,44.56,1073543.0,0.0,0.0,5741.0,5411627.0,0.0,0.0,6879.0,0.0,0.0,0.0,0.0
2023-03-29 02:39:19.723000+00:00,1634304.0,30838784.0,34992128.0,34992128.0,12.92,1.400786532,44.57,1075149.0,0.0,0.0,5749.0,5420639.0,0.0,0.0,6889.0,0.0,0.0,0.0,0.0
2023-03-29 02:39:24.251000+00:00,1634304.0,30978048.0,35115008.0,35115008.0,12.92,1.400786532,44.65,1075952.0,0.0,0.0,5753.0,5425145.0,0.0,0.0,6894.0,0.0,0.0,0.0,0.0
2023-03-29 02:39:29.646000+00:00,1634304.0,30253056.0,34562048.0,34562048.0,12.92,1.400786532,44.66,1076755.0,0.0,0.0,5757.0,5429651.0,0.0,0.0,6899.0,0.0,0.0,0.0,0.0
2023-03-29 02:39:34.149000+00:00,1634304.0,30253056.0,34631680.0,34631680.0,12.94,1.400786532,44.72,1077558.0,0.0,0.0,5761.0,5434157.0,0.0,0.0,6904.0,0.0,0.0,0.0,0.0
2023-03-29 02:39:39.638000+00:00,1634304.0,30494720.0,34643968.0,34643968.0,12.94,1.400786532,44.73,1078361.0,0.0,0.0,5765.0,5438663.0,0.0,0.0,6909.0,0.0,0.0,0.0,0.0
2023-03-29 02:39:44.325000+00:00,1634304.0,30494720.0,34643968.0,34643968.0,12.96,1.400786532,44.79,1078361.0,0.0,0.0,5765.0,5438663.0,0.0,0.0,6909.0,0.0,0.0,0.0,0.0
2023-03-29 02:39:49.715000+00:00,1634304.0,30736384.0,35020800.0,35020800.0,12.96,1.400786532,44.8,1079967.0,0.0,0.0,5773.0,5447675.0,0.0,0.0,6919.0,0.0,0.0,0.0,0.0
2023-03-29 02:39:54.602000+00:00,1646592.0,30961664.0,35299328.0,35299328.0,12.98,1.400786532,44.8,1080824.0,0.0,0.0,5778.0,5452255.0,0.0,0.0,6925.0,0.0,0.0,0.0,0.0
2023-03-29 02:39:59.571000+00:00,1646592.0,30253056.0,34422784.0,34422784.0,12.99,1.400786532,44.88,1081711.0,0.0,0.0,5784.0,5456845.0,0.0,0.0,6932.0,0.0,0.0,0.0,0.0
2023-03-29 02:40:04.084000+00:00,1646592.0,30396416.0,34848768.0,34848768.0,13.01,1.400786532,44.88,1082514.0,0.0,0.0,5788.0,5461351.0,0.0,0.0,6937.0,0.0,0.0,0.0,0.0
2023-03-29 02:40:09.510000+00:00,1646592.0,30494720.0,34652160.0,34652160.0,13.02,1.400786532,44.94,1083317.0,0.0,0.0,5792.0,5465857.0,0.0,0.0,6942.0,0.0,0.0,0.0,0.0
2023-03-29 02:40:13.955000+00:00,1646592.0,30638080.0,35258368.0,34652160.0,13.04,1.400786532,45.0,1083317.0,0.0,0.0,5792.0,5465857.0,0.0,0.0,6942.0,0.0,0.0,0.0,0.0
2023-03-29 02:40:18.572000+00:00,1646592.0,30736384.0,34914304.0,34914304.0,13.04,1.400786532,45.0,1084923.0,0.0,0.0,5800.0,5474869.0,0.0,0.0,6952.0,0.0,0.0,0.0,0.0
2023-03-29 02:40:23.522000+00:00,1646592.0,30879744.0,35078144.0,35078144.0,13.04,1.400786532,45.08,1085726.0,0.0,0.0,5804.0,5479375.0,0.0,0.0,6957.0,0.0,0.0,0.0,0.0
2023-03-29 02:40:28.826000+00:00,1646592.0,30978048.0,35143680.0,35143680.0,13.04,1.400786532,45.09,1086529.0,0.0,0.0,5808.0,5483881.0,0.0,0.0,6962.0,0.0,0.0,0.0,0.0
2023-03-29 02:40:33.750000+00:00,1646592.0,30294016.0,34758656.0,34758656.0,13.06,1.400786532,45.09,1087332.0,0.0,0.0,5812.0,5488387.0,0.0,0.0,6967.0,0.0,0.0,0.0,0.0
2023-03-29 02:40:39.414000+00:00,1646592.0,30396416.0,34537472.0,34537472.0,13.06,1.400786532,45.16,1088135.0,0.0,0.0,5816.0,5492893.0,0.0,0.0,6972.0,0.0,0.0,0.0,0.0
2023-03-29 02:40:44.417000+00:00,1646592.0,30396416.0,34537472.0,34537472.0,13.08,1.402601607,45.23,1088135.0,0.0,0.0,5816.0,5492893.0,0.0,0.0,6977.0,0.0,0.0,0.0,0.0
2023-03-29 02:40:48.683000+00:00,1646592.0,30638080.0,34816000.0,34816000.0,13.08,1.402601607,45.23,1089741.0,0.0,0.0,5824.0,5501905.0,0.0,0.0,6982.0,0.0,0.0,0.0,0.0
2023-03-29 02:40:53.775000+00:00,1662976.0,30822400.0,35299328.0,35299328.0,13.1,1.402601607,45.24,1090598.0,0.0,0.0,5829.0,5506485.0,0.0,0.0,6988.0,0.0,0.0,0.0,0.0
2023-03-29 02:40:59.632000+00:00,1662976.0,30961664.0,35143680.0,35143680.0,13.12,1.402601607,45.3,1091485.0,0.0,0.0,5835.0,5511075.0,0.0,0.0,6995.0,0.0,0.0,0.0,0.0
2023-03-29 02:41:04.622000+00:00,1662976.0,31064064.0,35241984.0,35241984.0,13.12,1.402601607,45.31,1092288.0,0.0,0.0,5839.0,5515581.0,0.0,0.0,7000.0,0.0,0.0,0.0,0.0
2023-03-29 02:41:09.361000+00:00,1662976.0,30396416.0,34697216.0,34697216.0,13.14,1.402601607,45.37,1093091.0,0.0,0.0,5843.0,5520087.0,0.0,0.0,7005.0,0.0,0.0,0.0,0.0
2023-03-29 02:41:13.525000+00:00,1662976.0,30564352.0,34738176.0,34697216.0,13.14,1.402601607,45.42,1093091.0,0.0,0.0,5843.0,5520087.0,0.0,0.0,7005.0,0.0,0.0,0.0,0.0
2023-03-29 02:41:18.155000+00:00,1662976.0,30711808.0,34877440.0,34877440.0,13.16,1.402601607,45.49,1094697.0,0.0,0.0,5851.0,5529099.0,0.0,0.0,7015.0,0.0,0.0,0.0,0.0
2023-03-29 02:41:24.301000+00:00,1662976.0,30810112.0,34971648.0,34971648.0,13.16,1.402601607,45.49,1095500.0,0.0,0.0,5855.0,5533605.0,0.0,0.0,7020.0,0.0,0.0,0.0,0.0
2023-03-29 02:41:28.620000+00:00,1662976.0,30953472.0,35106816.0,35106816.0,13.19,1.402601607,45.55,1096303.0,0.0,0.0,5859.0,5538111.0,0.0,0.0,7025.0,0.0,0.0,0.0,0.0
2023-03-29 02:41:33.657000+00:00,1662976.0,31047680.0,35180544.0,35180544.0,13.19,1.402601607,45.56,1097106.0,0.0,0.0,5863.0,5542617.0,0.0,0.0,7030.0,0.0,0.0,0.0,0.0
2023-03-29 02:41:39.106000+00:00,1662976.0,30330880.0,34635776.0,34635776.0,13.19,1.403222247,45.63,1097909.0,0.0,0.0,5867.0,5547123.0,0.0,0.0,7035.0,0.0,0.0,0.0,0.0
2023-03-29 02:41:44.560000+00:00,1662976.0,30330880.0,34635776.0,34635776.0,13.19,1.403222247,45.64,1097909.0,0.0,0.0,5867.0,5547123.0,0.0,0.0,7035.0,0.0,0.0,0.0,0.0
2023-03-29 02:41:49.359000+00:00,1662976.0,30572544.0,34930688.0,34930688.0,13.21,1.40570644,45.7,1099515.0,0.0,0.0,5875.0,5556135.0,0.0,0.0,7045.0,0.0,0.0,0.0,0.0
2023-03-29 02:41:54.390000+00:00,1679360.0,30756864.0,35373056.0,35373056.0,13.23,1.40570644,45.71,1100372.0,0.0,0.0,5880.0,5560715.0,0.0,0.0,7051.0,0.0,0.0,0.0,0.0
2023-03-29 02:41:59.361000+00:00,1679360.0,30900224.0,35110912.0,35110912.0,13.25,1.40570644,45.78,1101259.0,0.0,0.0,5886.0,5565305.0,0.0,0.0,7058.0,0.0,0.0,0.0,0.0
2023-03-29 02:42:04.552000+00:00,1679360.0,30998528.0,35184640.0,35184640.0,13.25,1.40570644,45.78,1102062.0,0.0,0.0,5890.0,5569811.0,0.0,0.0,7063.0,0.0,0.0,0.0,0.0
2023-03-29 02:42:08.793000+00:00,1679360.0,30326784.0,34975744.0,34975744.0,13.28,1.406091695,45.84,1102865.0,0.0,0.0,5894.0,5574317.0,0.0,0.0,7068.0,0.0,0.0,0.0,0.0
2023-03-29 02:42:14.391000+00:00,1679360.0,30326784.0,34975744.0,34975744.0,13.28,1.406091695,45.85,1102865.0,0.0,0.0,5898.0,5578823.0,0.0,0.0,7073.0,0.0,0.0,0.0,0.0
2023-03-29 02:42:19.172000+00:00,1679360.0,30568448.0,35024896.0,35024896.0,13.3,1.406091695,45.91,1104471.0,0.0,0.0,5902.0,5583329.0,0.0,0.0,7078.0,0.0,0.0,0.0,0.0
2023-03-29 02:42:23.925000+00:00,1679360.0,30670848.0,34848768.0,34848768.0,13.3,1.406091695,45.92,1105274.0,0.0,0.0,5906.0,5587835.0,0.0,0.0,7083.0,0.0,0.0,0.0,0.0
2023-03-29 02:42:29.614000+00:00,1679360.0,30810112.0,35287040.0,35287040.0,13.32,1.406091695,45.98,1106077.0,0.0,0.0,5910.0,5592341.0,0.0,0.0,7088.0,0.0,0.0,0.0,0.0
2023-03-29 02:42:34.402000+00:00,1679360.0,30912512.0,35196928.0,35196928.0,13.32,1.406091695,45.98,1106880.0,0.0,0.0,5914.0,5596847.0,0.0,0.0,7093.0,0.0,0.0,0.0,0.0
2023-03-29 02:42:38.699000+00:00,1679360.0,31051776.0,35487744.0,35487744.0,13.33,1.406091695,46.05,1107683.0,0.0,0.0,5918.0,5601353.0,0.0,0.0,7098.0,0.0,0.0,0.0,0.0
2023-03-29 02:42:43.697000+00:00,1679360.0,30322688.0,34459648.0,35487744.0,13.33,1.406091695,46.06,1107683.0,0.0,0.0,5918.0,5601353.0,0.0,0.0,7098.0,0.0,0.0,0.0,0.0
2023-03-29 02:42:49.884000+00:00,1679360.0,30470144.0,34742272.0,34742272.0,13.36,1.406091695,46.12,1109289.0,0.0,0.0,5926.0,5610365.0,0.0,0.0,7108.0,0.0,0.0,0.0,0.0
2023-03-29 02:42:54.391000+00:00,1695744.0,30654464.0,34799616.0,34799616.0,13.37,1.406091695,46.12,1110146.0,0.0,0.0,5931.0,5614945.0,0.0,0.0,7114.0,0.0,0.0,0.0,0.0
2023-03-29 02:42:59.169000+00:00,1695744.0,30793728.0,35074048.0,35074048.0,13.38,1.406091695,46.19,1111033.0,0.0,0.0,5937.0,5619535.0,0.0,0.0,7121.0,0.0,0.0,0.0,0.0
2023-03-29 02:43:03.856000+00:00,1695744.0,30896128.0,35057664.0,35057664.0,13.38,1.406091695,46.2,1111836.0,0.0,0.0,5941.0,5624041.0,0.0,0.0,7126.0,0.0,0.0,0.0,0.0
2023-03-29 02:43:09.259000+00:00,1695744.0,31035392.0,35618816.0,35618816.0,13.38,1.406091695,46.27,1112639.0,0.0,0.0,5945.0,5628547.0,0.0,0.0,7131.0,0.0,0.0,0.0,0.0
2023-03-29 02:43:13.394000+00:00,1695744.0,30330880.0,35618816.0,35618816.0,13.39,1.406091695,46.27,1112639.0,0.0,0.0,5945.0,5628547.0,0.0,0.0,7136.0,0.0,0.0,0.0,0.0
2023-03-29 02:43:19.547000+00:00,1695744.0,30470144.0,34828288.0,34828288.0,13.4,1.40697357,46.35,1114245.0,0.0,0.0,5953.0,5637559.0,0.0,0.0,7141.0,0.0,0.0,0.0,0.0
2023-03-29 02:43:24.117000+00:00,1695744.0,30572544.0,34701312.0,34701312.0,13.4,1.40697357,46.36,1115048.0,0.0,0.0,5957.0,5642065.0,0.0,0.0,7146.0,0.0,0.0,0.0,0.0
2023-03-29 02:43:29.052000+00:00,1695744.0,30670848.0,34799616.0,34799616.0,13.4,1.40697357,46.36,1115851.0,0.0,0.0,5961.0,5646571.0,0.0,0.0,7151.0,0.0,0.0,0.0,0.0
2023-03-29 02:43:33.796000+00:00,1695744.0,30670848.0,34942976.0,34942976.0,13.41,1.40697357,46.44,1116654.0,0.0,0.0,5965.0,5651077.0,0.0,0.0,7156.0,0.0,0.0,0.0,0.0
2023-03-29 02:43:39.271000+00:00,1695744.0,30916608.0,35172352.0,35172352.0,13.41,1.40697357,46.45,1117457.0,0.0,0.0,5969.0,5655583.0,0.0,0.0,7161.0,0.0,0.0,0.0,0.0
2023-03-29 02:43:43.737000+00:00,1695744.0,30916608.0,35172352.0,35172352.0,13.42,1.40697357,46.52,1117457.0,0.0,0.0,5969.0,5655583.0,0.0,0.0,7161.0,0.0,0.0,0.0,0.0
2023-03-29 02:43:48.257000+00:00,1695744.0,30326784.0,34811904.0,34811904.0,13.42,1.40697357,46.54,1119063.0,0.0,0.0,5977.0,5664595.0,0.0,0.0,7171.0,0.0,0.0,0.0,0.0
2023-03-29 02:43:54.170000+00:00,1708032.0,30556160.0,34701312.0,34701312.0,13.46,1.40697357,46.6,1119920.0,0.0,0.0,5982.0,5669175.0,0.0,0.0,7177.0,0.0,0.0,0.0,0.0
2023-03-29 02:43:59.285000+00:00,1708032.0,30658560.0,34832384.0,34832384.0,13.46,1.40697357,46.6,1120807.0,0.0,0.0,5988.0,5673765.0,0.0,0.0,7184.0,0.0,0.0,0.0,0.0
2023-03-29 02:44:03.285000+00:00,1708032.0,30797824.0,35065856.0,35065856.0,13.49,1.40697357,46.65,1121610.0,0.0,0.0,5992.0,5678271.0,0.0,0.0,7189.0,0.0,0.0,0.0,0.0
2023-03-29 02:44:09.134000+00:00,1708032.0,30900224.0,35069952.0,35069952.0,13.49,1.40697357,46.66,1122413.0,0.0,0.0,5996.0,5682777.0,0.0,0.0,7194.0,0.0,0.0,0.0,0.0
2023-03-29 02:44:13.580000+00:00,1708032.0,31039488.0,35069952.0,35069952.0,13.52,1.40697357,46.72,1122413.0,0.0,0.0,5996.0,5682777.0,0.0,0.0,7194.0,0.0,0.0,0.0,0.0
2023-03-29 02:44:18.966000+00:00,1708032.0,30330880.0,34598912.0,34598912.0,13.52,1.40697357,46.72,1124019.0,0.0,0.0,6004.0,5691789.0,0.0,0.0,7204.0,0.0,0.0,0.0,0.0
2023-03-29 02:44:23.527000+00:00,1708032.0,30474240.0,34758656.0,34758656.0,13.54,1.408136524,46.78,1124822.0,0.0,0.0,6008.0,5696295.0,0.0,0.0,7209.0,0.0,0.0,0.0,0.0
2023-03-29 02:44:29.697000+00:00,1708032.0,30572544.0,34750464.0,34750464.0,13.54,1.408136524,46.79,1125625.0,0.0,0.0,6012.0,5700801.0,0.0,0.0,7214.0,0.0,0.0,0.0,0.0
2023-03-29 02:44:34.613000+00:00,1708032.0,30715904.0,34897920.0,34897920.0,13.56,1.408136524,46.86,1126428.0,0.0,0.0,6016.0,5705307.0,0.0,0.0,7219.0,0.0,0.0,0.0,0.0
2023-03-29 02:44:39.651000+00:00,1708032.0,30814208.0,34992128.0,34992128.0,13.56,1.408136524,46.86,1127231.0,0.0,0.0,6020.0,5709813.0,0.0,0.0,7224.0,0.0,0.0,0.0,0.0
2023-03-29 02:44:44.377000+00:00,1708032.0,30957568.0,35110912.0,35110912.0,13.58,1.408136524,46.93,1128034.0,0.0,0.0,6024.0,5714319.0,0.0,0.0,7229.0,0.0,0.0,0.0,0.0
2023-03-29 02:44:48.953000+00:00,1708032.0,31055872.0,35205120.0,35205120.0,13.58,1.408136524,46.93,1128837.0,0.0,0.0,6028.0,5718825.0,0.0,0.0,7234.0,0.0,0.0,0.0,0.0
2023-03-29 02:44:54.584000+00:00,1708032.0,30466048.0,34955264.0,34955264.0,13.61,1.408136524,46.93,1129694.0,0.0,0.0,6033.0,5723405.0,0.0,0.0,7240.0,0.0,0.0,0.0,0.0
2023-03-29 02:44:59.143000+00:00,1724416.0,30564352.0,34734080.0,34734080.0,13.61,1.408136524,47.02,1130581.0,0.0,0.0,6039.0,5727995.0,0.0,0.0,7247.0,0.0,0.0,0.0,0.0
2023-03-29 02:45:04.754000+00:00,1724416.0,30707712.0,34955264.0,34955264.0,13.64,1.408136524,47.07,1131384.0,0.0,0.0,6043.0,5732501.0,0.0,0.0,7252.0,0.0,0.0,0.0,0.0
2023-03-29 02:45:08.886000+00:00,1724416.0,30801920.0,34942976.0,34942976.0,13.64,1.408136524,47.08,1132187.0,0.0,0.0,6047.0,5737007.0,0.0,0.0,7257.0,0.0,0.0,0.0,0.0
2023-03-29 02:45:14.685000+00:00,1724416.0,30801920.0,34942976.0,34942976.0,13.67,1.408136524,47.16,1132187.0,0.0,0.0,6047.0,5737007.0,0.0,0.0,7257.0,0.0,0.0,0.0,0.0
2023-03-29 02:45:19.244000+00:00,1724416.0,31047680.0,35188736.0,35188736.0,13.67,1.408136524,47.16,1133793.0,0.0,0.0,6055.0,5746019.0,0.0,0.0,7267.0,0.0,0.0,0.0,0.0
2023-03-29 02:45:23.791000+00:00,1724416.0,30343168.0,34959360.0,34959360.0,13.69,1.408136524,47.24,1134596.0,0.0,0.0,6059.0,5750525.0,0.0,0.0,7272.0,0.0,0.0,0.0,0.0
2023-03-29 02:45:29.897000+00:00,1724416.0,30445568.0,34598912.0,34598912.0,13.69,1.408136524,47.26,1135399.0,0.0,0.0,6063.0,5755031.0,0.0,0.0,7277.0,0.0,0.0,0.0,0.0
2023-03-29 02:45:34.539000+00:00,1724416.0,30584832.0,34746368.0,34746368.0,13.71,1.408136524,47.32,1136202.0,0.0,0.0,6067.0,5759537.0,0.0,0.0,7282.0,0.0,0.0,0.0,0.0
2023-03-29 02:45:39.072000+00:00,1724416.0,30683136.0,34816000.0,34816000.0,13.71,1.408136524,47.33,1137005.0,0.0,0.0,6071.0,5764043.0,0.0,0.0,7287.0,0.0,0.0,0.0,0.0
2023-03-29 02:45:44.533000+00:00,1724416.0,30826496.0,34816000.0,34816000.0,13.74,1.408136524,47.38,1137005.0,0.0,0.0,6071.0,5764043.0,0.0,0.0,7287.0,0.0,0.0,0.0,0.0
2023-03-29 02:45:49.390000+00:00,1724416.0,30928896.0,35213312.0,35213312.0,13.74,1.408136524,47.39,1138611.0,0.0,0.0,6079.0,5773055.0,0.0,0.0,7297.0,0.0,0.0,0.0,0.0
2023-03-29 02:45:53.912000+00:00,1740800.0,31113216.0,35258368.0,35258368.0,13.76,1.408136524,47.4,1139468.0,0.0,0.0,6084.0,5777635.0,0.0,0.0,7303.0,0.0,0.0,0.0,0.0
2023-03-29 02:45:59.769000+00:00,1740800.0,30445568.0,34598912.0,34598912.0,13.78,1.408136524,47.48,1140355.0,0.0,0.0,6090.0,5782225.0,0.0,0.0,7310.0,0.0,0.0,0.0,0.0
2023-03-29 02:46:03.832000+00:00,1740800.0,30445568.0,34664448.0,34664448.0,13.78,1.408136524,47.48,1141158.0,0.0,0.0,6094.0,5786731.0,0.0,0.0,7315.0,0.0,0.0,0.0,0.0
2023-03-29 02:46:09.814000+00:00,1740800.0,30695424.0,34856960.0,34856960.0,13.8,1.408136524,47.59,1141961.0,0.0,0.0,6098.0,5791237.0,0.0,0.0,7320.0,0.0,0.0,0.0,0.0
2023-03-29 02:46:14.841000+00:00,1740800.0,30789632.0,34914304.0,34914304.0,13.8,1.408136524,47.59,1142764.0,0.0,0.0,6098.0,5791237.0,0.0,0.0,7320.0,0.0,0.0,0.0,0.0
2023-03-29 02:46:19.104000+00:00,1740800.0,30932992.0,35106816.0,35106816.0,13.81,1.408574158,47.67,1143567.0,0.0,0.0,6106.0,5800249.0,0.0,0.0,7330.0,0.0,0.0,0.0,0.0
2023-03-29 02:46:24.686000+00:00,1740800.0,31031296.0,35155968.0,35155968.0,13.82,1.408574158,47.67,1144370.0,0.0,0.0,6110.0,5804755.0,0.0,0.0,7335.0,0.0,0.0,0.0,0.0
2023-03-29 02:46:29.042000+00:00,1740800.0,30343168.0,34541568.0,34541568.0,13.84,1.408574158,47.74,1145173.0,0.0,0.0,6114.0,5809261.0,0.0,0.0,7340.0,0.0,0.0,0.0,0.0
2023-03-29 02:46:34.050000+00:00,1740800.0,30445568.0,34631680.0,34631680.0,13.84,1.408574158,47.75,1145976.0,0.0,0.0,6118.0,5813767.0,0.0,0.0,7345.0,0.0,0.0,0.0,0.0
2023-03-29 02:46:38.536000+00:00,1740800.0,30584832.0,34754560.0,34754560.0,13.85,1.408574158,47.82,1146779.0,0.0,0.0,6122.0,5818273.0,0.0,0.0,7350.0,0.0,0.0,0.0,0.0
2023-03-29 02:46:43.822000+00:00,1740800.0,30687232.0,34754560.0,34754560.0,13.85,1.408574158,47.82,1146779.0,0.0,0.0,6122.0,5818273.0,0.0,0.0,7350.0,0.0,0.0,0.0,0.0
2023-03-29 02:46:48.411000+00:00,1740800.0,30826496.0,35270656.0,35270656.0,13.87,1.408574158,47.88,1148385.0,0.0,0.0,6130.0,5827285.0,0.0,0.0,7360.0,0.0,0.0,0.0,0.0
2023-03-29 02:46:54.209000+00:00,1753088.0,31014912.0,35377152.0,35377152.0,13.89,1.408574158,47.9,1149242.0,0.0,0.0,6135.0,5831865.0,0.0,0.0,7366.0,0.0,0.0,0.0,0.0
2023-03-29 02:46:58.359000+00:00,1753088.0,30347264.0,34553856.0,34553856.0,13.91,1.408574158,47.96,1150129.0,0.0,0.0,6141.0,5836455.0,0.0,0.0,7373.0,0.0,0.0,0.0,0.0
2023-03-29 02:47:03.511000+00:00,1753088.0,30449664.0,34598912.0,34598912.0,13.92,1.408574158,47.97,1150932.0,0.0,0.0,6145.0,5840961.0,0.0,0.0,7378.0,0.0,0.0,0.0,0.0
2023-03-29 02:47:09.874000+00:00,1753088.0,30588928.0,34754560.0,34754560.0,13.92,1.409045356,48.04,1151735.0,0.0,0.0,6149.0,5845467.0,0.0,0.0,7383.0,0.0,0.0,0.0,0.0
2023-03-29 02:47:14.834000+00:00,1753088.0,30691328.0,34754560.0,34754560.0,13.92,1.409045356,48.05,1151735.0,0.0,0.0,6149.0,5845467.0,0.0,0.0,7388.0,0.0,0.0,0.0,0.0
2023-03-29 02:47:19.491000+00:00,1753088.0,30830592.0,35094528.0,35094528.0,13.94,1.409045356,48.11,1153341.0,0.0,0.0,6157.0,5854479.0,0.0,0.0,7393.0,0.0,0.0,0.0,0.0
2023-03-29 02:47:23.553000+00:00,1753088.0,30830592.0,35078144.0,35078144.0,13.94,1.409045356,48.12,1154144.0,0.0,0.0,6161.0,5858985.0,0.0,0.0,7398.0,0.0,0.0,0.0,0.0
2023-03-29 02:47:29.642000+00:00,1753088.0,31072256.0,35368960.0,35368960.0,13.95,1.409045356,48.19,1154947.0,0.0,0.0,6165.0,5863491.0,0.0,0.0,7403.0,0.0,0.0,0.0,0.0
2023-03-29 02:47:34.603000+00:00,1753088.0,30343168.0,34488320.0,34488320.0,13.95,1.409045356,48.19,1155750.0,0.0,0.0,6169.0,5867997.0,0.0,0.0,7408.0,0.0,0.0,0.0,0.0
2023-03-29 02:47:38.932000+00:00,1753088.0,30486528.0,34795520.0,34795520.0,13.96,1.409045356,48.26,1156553.0,0.0,0.0,6173.0,5872503.0,0.0,0.0,7413.0,0.0,0.0,0.0,0.0
2023-03-29 02:47:44.431000+00:00,1753088.0,30584832.0,34766848.0,34795520.0,13.97,1.409045356,48.27,1156553.0,0.0,0.0,6173.0,5872503.0,0.0,0.0,7413.0,0.0,0.0,0.0,0.0
2023-03-29 02:47:48.303000+00:00,1753088.0,30728192.0,35192832.0,35192832.0,13.97,1.409045356,48.34,1158159.0,0.0,0.0,6181.0,5881515.0,0.0,0.0,7423.0,0.0,0.0,0.0,0.0
2023-03-29 02:47:54.586000+00:00,1769472.0,30916608.0,35188736.0,35188736.0,13.98,1.409045356,48.35,1159016.0,0.0,0.0,6186.0,5886095.0,0.0,0.0,7429.0,0.0,0.0,0.0,0.0
2023-03-29 02:47:59.673000+00:00,1769472.0,31055872.0,35459072.0,35459072.0,14.01,1.409045356,48.42,1159903.0,0.0,0.0,6192.0,5890685.0,0.0,0.0,7436.0,0.0,0.0,0.0,0.0
2023-03-29 02:48:03.899000+00:00,1769472.0,31158272.0,35434496.0,35434496.0,14.01,1.409045356,48.42,1160706.0,0.0,0.0,6196.0,5895191.0,0.0,0.0,7441.0,0.0,0.0,0.0,0.0
2023-03-29 02:48:08.887000+00:00,1769472.0,30478336.0,34824192.0,34824192.0,14.03,1.409045356,48.48,1161509.0,0.0,0.0,6200.0,5899697.0,0.0,0.0,7446.0,0.0,0.0,0.0,0.0
2023-03-29 02:48:14.756000+00:00,1769472.0,30576640.0,34824192.0,34824192.0,14.03,1.409045356,48.49,1161509.0,0.0,0.0,6200.0,5899697.0,0.0,0.0,7451.0,0.0,0.0,0.0,0.0
2023-03-29 02:48:19.279000+00:00,1769472.0,30720000.0,34918400.0,34918400.0,14.05,1.409394185,48.56,1163115.0,0.0,0.0,6208.0,5908709.0,0.0,0.0,7456.0,0.0,0.0,0.0,0.0
2023-03-29 02:48:24.135000+00:00,1769472.0,30720000.0,35082240.0,35082240.0,14.05,1.409394185,48.56,1163918.0,0.0,0.0,6212.0,5913215.0,0.0,0.0,7461.0,0.0,0.0,0.0,0.0
2023-03-29 02:48:28.518000+00:00,1769472.0,30920704.0,35094528.0,35094528.0,14.06,1.409394185,48.56,1164721.0,0.0,0.0,6216.0,5917721.0,0.0,0.0,7466.0,0.0,0.0,0.0,0.0
2023-03-29 02:48:34.076000+00:00,1769472.0,31059968.0,35278848.0,35278848.0,14.08,1.409394185,48.56,1165524.0,0.0,0.0,6220.0,5922227.0,0.0,0.0,7471.0,0.0,0.0,0.0,0.0
2023-03-29 02:48:38.838000+00:00,1769472.0,31162368.0,35307520.0,35307520.0,14.08,1.409394185,48.63,1166327.0,0.0,0.0,6224.0,5926733.0,0.0,0.0,7476.0,0.0,0.0,0.0,0.0
2023-03-29 02:48:44.819000+00:00,1769472.0,30457856.0,34652160.0,34652160.0,14.12,1.409394185,48.7,1167130.0,0.0,0.0,6224.0,5926733.0,0.0,0.0,7476.0,0.0,0.0,0.0,0.0
2023-03-29 02:48:49.901000+00:00,1769472.0,30556160.0,34680832.0,34680832.0,14.12,1.409394185,48.7,1167933.0,0.0,0.0,6232.0,5935745.0,0.0,0.0,7486.0,0.0,0.0,0.0,0.0
2023-03-29 02:48:54.249000+00:00,1785856.0,30781440.0,35065856.0,35065856.0,14.15,1.409394185,48.77,1168790.0,0.0,0.0,6237.0,5940325.0,0.0,0.0,7492.0,0.0,0.0,0.0,0.0
2023-03-29 02:48:58.499000+00:00,1785856.0,30883840.0,35041280.0,35041280.0,14.15,1.409394185,48.78,1169677.0,0.0,0.0,6243.0,5944915.0,0.0,0.0,7499.0,0.0,0.0,0.0,0.0
2023-03-29 02:49:03.315000+00:00,1785856.0,31027200.0,35491840.0,35491840.0,14.17,1.409394185,48.84,1170480.0,0.0,0.0,6247.0,5949421.0,0.0,0.0,7504.0,0.0,0.0,0.0,0.0
2023-03-29 02:49:09.675000+00:00,1785856.0,31129600.0,35266560.0,35266560.0,14.17,1.409394185,48.85,1171283.0,0.0,0.0,6251.0,5953927.0,0.0,0.0,7509.0,0.0,0.0,0.0,0.0
2023-03-29 02:49:14.771000+00:00,1785856.0,30482432.0,35266560.0,35266560.0,14.19,1.409394185,48.91,1171283.0,0.0,0.0,6251.0,5953927.0,0.0,0.0,7509.0,0.0,0.0,0.0,0.0
2023-03-29 02:49:19.247000+00:00,1785856.0,30580736.0,34795520.0,34795520.0,14.19,1.409394185,48.92,1172889.0,0.0,0.0,6259.0,5962939.0,0.0,0.0,7519.0,0.0,0.0,0.0,0.0
2023-03-29 02:49:24.180000+00:00,1785856.0,30724096.0,34930688.0,34930688.0,14.21,1.409394185,48.99,1173692.0,0.0,0.0,6263.0,5967445.0,0.0,0.0,7524.0,0.0,0.0,0.0,0.0
2023-03-29 02:49:28.948000+00:00,1785856.0,30932992.0,35131392.0,35131392.0,14.22,1.409394185,49.01,1174495.0,0.0,0.0,6267.0,5971951.0,0.0,0.0,7529.0,0.0,0.0,0.0,0.0
2023-03-29 02:49:34.229000+00:00,1785856.0,31076352.0,35270656.0,35270656.0,14.24,1.409394185,49.07,1175298.0,0.0,0.0,6271.0,5976457.0,0.0,0.0,7534.0,0.0,0.0,0.0,0.0
2023-03-29 02:49:38.825000+00:00,1785856.0,31174656.0,35323904.0,35323904.0,14.24,1.409394185,49.07,1176101.0,0.0,0.0,6275.0,5980963.0,0.0,0.0,7539.0,0.0,0.0,0.0,0.0
2023-03-29 02:49:44.777000+00:00,1785856.0,31174656.0,35323904.0,35323904.0,14.26,1.409758022,49.15,1176101.0,0.0,0.0,6279.0,5985469.0,0.0,0.0,7544.0,0.0,0.0,0.0,0.0
2023-03-29 02:49:48.796000+00:00,1785856.0,30666752.0,34820096.0,34820096.0,14.26,1.409758022,49.15,1177707.0,0.0,0.0,6283.0,5989975.0,0.0,0.0,7549.0,0.0,0.0,0.0,0.0
2023-03-29 02:49:53.890000+00:00,1785856.0,30896128.0,35287040.0,35287040.0,14.29,1.409758022,49.23,1178564.0,0.0,0.0,6288.0,5994555.0,0.0,0.0,7555.0,0.0,0.0,0.0,0.0
2023-03-29 02:49:59.757000+00:00,1798144.0,30994432.0,35188736.0,35188736.0,14.29,1.409758022,49.23,1179451.0,0.0,0.0,6294.0,5999145.0,0.0,0.0,7562.0,0.0,0.0,0.0,0.0
2023-03-29 02:50:04.726000+00:00,1798144.0,31137792.0,35532800.0,35532800.0,14.31,1.409758022,49.3,1180254.0,0.0,0.0,6298.0,6003651.0,0.0,0.0,7567.0,0.0,0.0,0.0,0.0
2023-03-29 02:50:09.917000+00:00,1798144.0,31232000.0,35385344.0,35385344.0,14.31,1.409758022,49.3,1181057.0,0.0,0.0,6302.0,6008157.0,0.0,0.0,7572.0,0.0,0.0,0.0,0.0
2023-03-29 02:50:13.787000+00:00,1798144.0,30650368.0,34885632.0,35385344.0,14.33,1.409758022,49.37,1181057.0,0.0,0.0,6302.0,6008157.0,0.0,0.0,7572.0,0.0,0.0,0.0,0.0
2023-03-29 02:50:19.270000+00:00,1798144.0,30752768.0,34906112.0,34906112.0,14.33,1.409758022,49.38,1182663.0,0.0,0.0,6310.0,6017169.0,0.0,0.0,7582.0,0.0,0.0,0.0,0.0
2023-03-29 02:50:23.970000+00:00,1798144.0,30892032.0,35340288.0,35340288.0,14.34,1.411351255,49.45,1183466.0,0.0,0.0,6314.0,6021675.0,0.0,0.0,7587.0,0.0,0.0,0.0,0.0
2023-03-29 02:50:29.558000+00:00,1798144.0,30994432.0,35180544.0,35180544.0,14.34,1.411351255,49.45,1184269.0,0.0,0.0,6318.0,6026181.0,0.0,0.0,7592.0,0.0,0.0,0.0,0.0
2023-03-29 02:50:34.546000+00:00,1798144.0,31137792.0,35405824.0,35405824.0,14.37,1.411351255,49.52,1185072.0,0.0,0.0,6322.0,6030687.0,0.0,0.0,7597.0,0.0,0.0,0.0,0.0
2023-03-29 02:50:39.631000+00:00,1798144.0,31244288.0,35450880.0,35450880.0,14.37,1.411351255,49.52,1185875.0,0.0,0.0,6326.0,6035193.0,0.0,0.0,7602.0,0.0,0.0,0.0,0.0
2023-03-29 02:50:44.736000+00:00,1798144.0,31244288.0,35450880.0,35450880.0,14.4,1.411351255,49.59,1185875.0,0.0,0.0,6326.0,6035193.0,0.0,0.0,7607.0,0.0,0.0,0.0,0.0
2023-03-29 02:50:49.460000+00:00,1798144.0,30728192.0,35217408.0,35217408.0,14.41,1.411351255,49.59,1187481.0,0.0,0.0,6334.0,6044205.0,0.0,0.0,7612.0,0.0,0.0,0.0,0.0
2023-03-29 02:50:54.178000+00:00,1814528.0,30920704.0,35180544.0,35180544.0,14.42,1.411351255,49.6,1188338.0,0.0,0.0,6339.0,6048785.0,0.0,0.0,7618.0,0.0,0.0,0.0,0.0
2023-03-29 02:50:59.300000+00:00,1814528.0,31068160.0,35270656.0,35270656.0,14.45,1.413943423,49.66,1189225.0,0.0,0.0,6345.0,6053375.0,0.0,0.0,7625.0,0.0,0.0,0.0,0.0
2023-03-29 02:51:04.658000+00:00,1814528.0,31068160.0,35328000.0,35328000.0,14.45,1.413943423,49.67,1190028.0,0.0,0.0,6349.0,6057881.0,0.0,0.0,7630.0,0.0,0.0,0.0,0.0
2023-03-29 02:51:09.582000+00:00,1814528.0,31313920.0,35577856.0,35577856.0,14.47,1.413943423,49.73,1190831.0,0.0,0.0,6353.0,6062387.0,0.0,0.0,7635.0,0.0,0.0,0.0,0.0
2023-03-29 02:51:14.088000+00:00,1814528.0,31416320.0,35627008.0,35627008.0,14.48,1.413943423,49.74,1191634.0,0.0,0.0,6357.0,6066893.0,0.0,0.0,7640.0,0.0,0.0,0.0,0.0
2023-03-29 02:51:18.886000+00:00,1814528.0,31559680.0,35856384.0,35856384.0,14.51,1.413943423,49.79,1192437.0,0.0,0.0,6361.0,6071399.0,0.0,0.0,7645.0,0.0,0.0,0.0,0.0
2023-03-29 02:51:24.545000+00:00,1814528.0,30920704.0,35131392.0,35131392.0,14.51,1.413943423,49.79,1193240.0,0.0,0.0,6365.0,6075905.0,0.0,0.0,7650.0,0.0,0.0,0.0,0.0
2023-03-29 02:51:28.594000+00:00,1814528.0,31064064.0,35274752.0,35274752.0,14.52,1.413943423,49.88,1194043.0,0.0,0.0,6369.0,6080411.0,0.0,0.0,7655.0,0.0,0.0,0.0,0.0
2023-03-29 02:51:33.767000+00:00,1814528.0,31166464.0,35340288.0,35340288.0,14.52,1.413943423,49.88,1194846.0,0.0,0.0,6373.0,6084917.0,0.0,0.0,7660.0,0.0,0.0,0.0,0.0
2023-03-29 02:51:38.854000+00:00,1814528.0,31309824.0,35553280.0,35553280.0,14.56,1.413943423,49.93,1195649.0,0.0,0.0,6377.0,6089423.0,0.0,0.0,7665.0,0.0,0.0,0.0,0.0
2023-03-29 02:51:43.966000+00:00,1814528.0,31412224.0,35553280.0,35553280.0,14.56,1.413943423,49.94,1195649.0,0.0,0.0,6377.0,6089423.0,0.0,0.0,7665.0,0.0,0.0,0.0,0.0
2023-03-29 02:51:49.522000+00:00,1814528.0,31563776.0,35860480.0,35860480.0,14.58,1.413943423,50.0,1197255.0,0.0,0.0,6385.0,6098435.0,0.0,0.0,7675.0,0.0,0.0,0.0,0.0
2023-03-29 02:51:53.590000+00:00,1830912.0,30937088.0,35246080.0,35246080.0,14.61,1.413943423,50.01,1198112.0,0.0,0.0,6390.0,6103015.0,0.0,0.0,7681.0,0.0,0.0,0.0,0.0
2023-03-29 02:51:59.844000+00:00,1830912.0,31080448.0,35250176.0,35250176.0,14.63,1.413943423,50.07,1198999.0,0.0,0.0,6396.0,6107605.0,0.0,0.0,7688.0,0.0,0.0,0.0,0.0
2023-03-29 02:52:04.504000+00:00,1830912.0,31080448.0,35344384.0,35344384.0,14.63,1.413943423,50.07,1199802.0,0.0,0.0,6400.0,6112111.0,0.0,0.0,7693.0,0.0,0.0,0.0,0.0
2023-03-29 02:52:08.476000+00:00,1830912.0,31330304.0,35819520.0,35819520.0,14.65,1.413943423,50.12,1200605.0,0.0,0.0,6404.0,6116617.0,0.0,0.0,7698.0,0.0,0.0,0.0,0.0
2023-03-29 02:52:14.490000+00:00,1830912.0,31428608.0,35635200.0,35635200.0,14.65,1.413943423,50.13,1201408.0,0.0,0.0,6408.0,6121123.0,0.0,0.0,7698.0,0.0,0.0,0.0,0.0
2023-03-29 02:52:18.844000+00:00,1830912.0,31576064.0,36032512.0,36032512.0,14.68,1.413943423,50.2,1202211.0,0.0,0.0,6412.0,6125629.0,0.0,0.0,7708.0,0.0,0.0,0.0,0.0
2023-03-29 02:52:24.834000+00:00,1830912.0,31670272.0,35856384.0,35856384.0,14.68,1.413943423,50.21,1203014.0,0.0,0.0,6416.0,6130135.0,0.0,0.0,7713.0,0.0,0.0,0.0,0.0
2023-03-29 02:52:29.287000+00:00,1830912.0,31076352.0,35414016.0,35414016.0,14.7,1.413943423,50.27,1203817.0,0.0,0.0,6420.0,6134641.0,0.0,0.0,7718.0,0.0,0.0,0.0,0.0
2023-03-29 02:52:34.058000+00:00,1830912.0,31174656.0,35385344.0,35385344.0,14.7,1.413943423,50.27,1204620.0,0.0,0.0,6424.0,6139147.0,0.0,0.0,7723.0,0.0,0.0,0.0,0.0
2023-03-29 02:52:39.134000+00:00,1830912.0,31322112.0,35815424.0,35815424.0,14.71,1.413943423,50.35,1205423.0,0.0,0.0,6428.0,6143653.0,0.0,0.0,7728.0,0.0,0.0,0.0,0.0
2023-03-29 02:52:44.378000+00:00,1830912.0,31420416.0,35815424.0,35815424.0,14.72,1.413943423,50.35,1205423.0,0.0,0.0,6428.0,6143653.0,0.0,0.0,7728.0,0.0,0.0,0.0,0.0
2023-03-29 02:52:49.282000+00:00,1830912.0,31563776.0,36061184.0,36061184.0,14.73,1.413943423,50.42,1207029.0,0.0,0.0,6436.0,6152665.0,0.0,0.0,7738.0,0.0,0.0,0.0,0.0
2023-03-29 02:52:53.945000+00:00,1847296.0,31752192.0,35942400.0,35942400.0,14.75,1.413943423,50.43,1207886.0,0.0,0.0,6441.0,6157245.0,0.0,0.0,7744.0,0.0,0.0,0.0,0.0
2023-03-29 02:52:58.826000+00:00,1847296.0,31125504.0,35282944.0,35282944.0,14.75,1.413943423,50.43,1208773.0,0.0,0.0,6447.0,6161835.0,0.0,0.0,7751.0,0.0,0.0,0.0,0.0
2023-03-29 02:53:03.142000+00:00,1847296.0,31272960.0,35450880.0,35450880.0,14.78,1.413943423,50.48,1209576.0,0.0,0.0,6451.0,6166341.0,0.0,0.0,7756.0,0.0,0.0,0.0,0.0
2023-03-29 02:53:08.764000+00:00,1847296.0,31371264.0,35577856.0,35577856.0,14.78,1.413943423,50.49,1210379.0,0.0,0.0,6455.0,6170847.0,0.0,0.0,7761.0,0.0,0.0,0.0,0.0
2023-03-29 02:53:13.717000+00:00,1847296.0,31518720.0,35577856.0,35577856.0,14.8,1.413943423,50.56,1210379.0,0.0,0.0,6455.0,6170847.0,0.0,0.0,7766.0,0.0,0.0,0.0,0.0
2023-03-29 02:53:19.590000+00:00,1847296.0,33759232.0,38731776.0,38731776.0,14.8,1.413943423,50.59,1211985.0,0.0,0.0,6463.0,6179859.0,0.0,0.0,7771.0,0.0,0.0,0.0,0.0
2023-03-29 02:53:24.796000+00:00,1847296.0,31764480.0,35987456.0,35987456.0,14.81,1.413943423,50.63,1212788.0,0.0,0.0,6467.0,6184365.0,0.0,0.0,7776.0,0.0,0.0,0.0,0.0
2023-03-29 02:53:29.018000+00:00,1847296.0,31862784.0,36073472.0,36073472.0,14.81,1.413943423,50.64,1213591.0,0.0,0.0,6471.0,6188871.0,0.0,0.0,7781.0,0.0,0.0,0.0,0.0
2023-03-29 02:53:33.721000+00:00,1847296.0,31862784.0,35540992.0,35540992.0,14.82,1.414978221,50.71,1214394.0,0.0,0.0,6475.0,6193377.0,0.0,0.0,7786.0,0.0,0.0,0.0,0.0
2023-03-29 02:53:38.598000+00:00,1847296.0,31424512.0,35622912.0,35622912.0,14.82,1.414978221,50.71,1215197.0,0.0,0.0,6479.0,6197883.0,0.0,0.0,7791.0,0.0,0.0,0.0,0.0
2023-03-29 02:53:44.200000+00:00,1847296.0,31567872.0,35782656.0,35622912.0,14.83,1.414978221,50.79,1215197.0,0.0,0.0,6479.0,6197883.0,0.0,0.0,7791.0,0.0,0.0,0.0,0.0
2023-03-29 02:53:49.895000+00:00,1847296.0,31666176.0,35835904.0,35835904.0,14.83,1.414978221,50.79,1216803.0,0.0,0.0,6487.0,6206895.0,0.0,0.0,7801.0,0.0,0.0,0.0,0.0
2023-03-29 02:53:54.217000+00:00,1859584.0,31899648.0,36085760.0,36085760.0,14.87,1.415543482,50.86,1217660.0,0.0,0.0,6492.0,6211475.0,0.0,0.0,7807.0,0.0,0.0,0.0,0.0
2023-03-29 02:53:59.534000+00:00,1859584.0,32002048.0,36204544.0,36204544.0,14.87,1.415543482,50.87,1218547.0,0.0,0.0,6498.0,6216065.0,0.0,0.0,7814.0,0.0,0.0,0.0,0.0
2023-03-29 02:54:04.607000+00:00,1859584.0,31408128.0,35688448.0,35688448.0,14.9,1.415543482,50.87,1219350.0,0.0,0.0,6502.0,6220571.0,0.0,0.0,7819.0,0.0,0.0,0.0,0.0
2023-03-29 02:54:08.830000+00:00,1859584.0,31506432.0,35733504.0,35733504.0,14.9,1.415543482,50.94,1220153.0,0.0,0.0,6506.0,6225077.0,0.0,0.0,7824.0,0.0,0.0,0.0,0.0
2023-03-29 02:54:13.705000+00:00,1859584.0,31670272.0,35934208.0,35934208.0,14.92,1.416447416,51.02,1220956.0,0.0,0.0,6510.0,6229583.0,0.0,0.0,7829.0,0.0,0.0,0.0,0.0
2023-03-29 02:54:18.302000+00:00,1859584.0,31768576.0,35946496.0,35946496.0,14.92,1.416447416,51.02,1221759.0,0.0,0.0,6514.0,6234089.0,0.0,0.0,7834.0,0.0,0.0,0.0,0.0
2023-03-29 02:54:24.821000+00:00,1859584.0,31768576.0,36175872.0,36175872.0,14.94,1.416447416,51.02,1222562.0,0.0,0.0,6518.0,6238595.0,0.0,0.0,7839.0,0.0,0.0,0.0,0.0
2023-03-29 02:54:29.321000+00:00,1859584.0,32014336.0,36233216.0,36233216.0,14.94,1.416447416,51.09,1223365.0,0.0,0.0,6522.0,6243101.0,0.0,0.0,7844.0,0.0,0.0,0.0,0.0
2023-03-29 02:54:33.782000+00:00,1859584.0,32014336.0,36372480.0,36372480.0,14.96,1.416447416,51.15,1224168.0,0.0,0.0,6526.0,6247607.0,0.0,0.0,7849.0,0.0,0.0,0.0,0.0
2023-03-29 02:54:39.328000+00:00,1859584.0,31514624.0,35901440.0,35901440.0,14.96,1.416447416,51.16,1224971.0,0.0,0.0,6530.0,6252113.0,0.0,0.0,7854.0,0.0,0.0,0.0,0.0
2023-03-29 02:54:44.807000+00:00,1859584.0,31653888.0,35852288.0,35852288.0,14.96,1.416447416,51.23,1225774.0,0.0,0.0,6530.0,6252113.0,0.0,0.0,7854.0,0.0,0.0,0.0,0.0
2023-03-29 02:54:49.558000+00:00,1859584.0,31760384.0,35979264.0,35979264.0,14.96,1.416447416,51.24,1226577.0,0.0,0.0,6538.0,6261125.0,0.0,0.0,7864.0,0.0,0.0,0.0,0.0
2023-03-29 02:54:53.405000+00:00,1875968.0,31989760.0,36708352.0,36708352.0,15.0,1.417515938,51.24,1227434.0,0.0,0.0,6543.0,6265705.0,0.0,0.0,7870.0,0.0,0.0,0.0,0.0
2023-03-29 02:54:58.773000+00:00,1875968.0,32092160.0,36331520.0,36331520.0,15.0,1.417515938,51.32,1228321.0,0.0,0.0,6549.0,6270295.0,0.0,0.0,7877.0,0.0,0.0,0.0,0.0
2023-03-29 02:55:03.256000+00:00,1875968.0,32235520.0,36753408.0,36753408.0,15.03,1.417515938,51.38,1229124.0,0.0,0.0,6553.0,6274801.0,0.0,0.0,7882.0,0.0,0.0,0.0,0.0
2023-03-29 02:55:09.551000+00:00,1875968.0,31526912.0,35725312.0,35725312.0,15.03,1.417515938,51.38,1229927.0,0.0,0.0,6557.0,6279307.0,0.0,0.0,7887.0,0.0,0.0,0.0,0.0
2023-03-29 02:55:13.756000+00:00,1875968.0,31526912.0,35725312.0,35725312.0,15.05,1.417515938,51.45,1229927.0,0.0,0.0,6557.0,6279307.0,0.0,0.0,7887.0,0.0,0.0,0.0,0.0
2023-03-29 02:55:18.607000+00:00,1875968.0,31768576.0,35983360.0,35983360.0,15.05,1.417515938,51.46,1231533.0,0.0,0.0,6565.0,6288319.0,0.0,0.0,7897.0,0.0,0.0,0.0,0.0
2023-03-29 02:55:24.383000+00:00,1875968.0,31916032.0,36331520.0,36331520.0,15.07,1.417515938,51.52,1232336.0,0.0,0.0,6569.0,6292825.0,0.0,0.0,7902.0,0.0,0.0,0.0,0.0
2023-03-29 02:55:28.389000+00:00,1875968.0,32014336.0,36253696.0,36253696.0,15.07,1.417515938,51.52,1233139.0,0.0,0.0,6573.0,6297331.0,0.0,0.0,7907.0,0.0,0.0,0.0,0.0
2023-03-29 02:55:34.756000+00:00,1875968.0,32161792.0,36458496.0,36458496.0,15.1,1.417515938,51.59,1233942.0,0.0,0.0,6577.0,6301837.0,0.0,0.0,7912.0,0.0,0.0,0.0,0.0
2023-03-29 02:55:38.948000+00:00,1875968.0,32260096.0,36483072.0,36483072.0,15.1,1.417515938,51.6,1234745.0,0.0,0.0,6581.0,6306343.0,0.0,0.0,7917.0,0.0,0.0,0.0,0.0
2023-03-29 02:55:43.087000+00:00,1875968.0,32260096.0,36483072.0,36483072.0,15.1,1.417515938,51.6,1234745.0,0.0,0.0,6585.0,6310849.0,0.0,0.0,7922.0,0.0,0.0,0.0,0.0
2023-03-29 02:55:48.424000+00:00,1875968.0,31768576.0,35954688.0,35954688.0,15.12,1.417515938,51.66,1236351.0,0.0,0.0,6589.0,6315355.0,0.0,0.0,7927.0,0.0,0.0,0.0,0.0
2023-03-29 02:55:54.702000+00:00,1892352.0,32002048.0,36675584.0,36675584.0,15.15,1.488668497,51.74,1237208.0,0.0,0.0,6594.0,6319935.0,0.0,0.0,7933.0,0.0,0.0,0.0,0.0
2023-03-29 02:55:58.588000+00:00,1892352.0,32100352.0,36384768.0,36384768.0,15.15,1.488668497,51.74,1238095.0,0.0,0.0,6600.0,6324525.0,0.0,0.0,7940.0,0.0,0.0,0.0,0.0
2023-03-29 02:56:03.703000+00:00,1892352.0,32202752.0,36380672.0,36380672.0,15.15,1.488668497,51.74,1238898.0,0.0,0.0,6604.0,6329031.0,0.0,0.0,7945.0,0.0,0.0,0.0,0.0
2023-03-29 02:56:08.424000+00:00,1892352.0,32378880.0,36651008.0,36651008.0,15.17,1.488668497,51.82,1239701.0,0.0,0.0,6608.0,6333537.0,0.0,0.0,7950.0,0.0,0.0,0.0,0.0
2023-03-29 02:56:14.422000+00:00,1892352.0,32378880.0,36651008.0,36651008.0,15.17,1.488668497,51.82,1239701.0,0.0,0.0,6608.0,6333537.0,0.0,0.0,7950.0,0.0,0.0,0.0,0.0
2023-03-29 02:56:19.130000+00:00,1892352.0,31891456.0,36151296.0,36151296.0,15.19,1.488668497,51.9,1241307.0,0.0,0.0,6616.0,6342549.0,0.0,0.0,7960.0,0.0,0.0,0.0,0.0
2023-03-29 02:56:24.018000+00:00,1892352.0,31989760.0,36225024.0,36225024.0,15.2,1.488668497,51.9,1242110.0,0.0,0.0,6620.0,6347055.0,0.0,0.0,7965.0,0.0,0.0,0.0,0.0
2023-03-29 02:56:29.417000+00:00,1892352.0,32137216.0,36372480.0,36372480.0,15.22,1.488668497,51.96,1242913.0,0.0,0.0,6624.0,6351561.0,0.0,0.0,7970.0,0.0,0.0,0.0,0.0
2023-03-29 02:56:34.535000+00:00,1892352.0,32235520.0,36421632.0,36421632.0,15.22,1.488668497,51.97,1243716.0,0.0,0.0,6628.0,6356067.0,0.0,0.0,7975.0,0.0,0.0,0.0,0.0
2023-03-29 02:56:38.745000+00:00,1892352.0,32382976.0,36622336.0,36622336.0,15.23,1.488668497,52.04,1244519.0,0.0,0.0,6632.0,6360573.0,0.0,0.0,7980.0,0.0,0.0,0.0,0.0
2023-03-29 02:56:43.894000+00:00,1892352.0,32382976.0,36622336.0,36622336.0,15.23,1.488668497,52.04,1244519.0,0.0,0.0,6632.0,6360573.0,0.0,0.0,7985.0,0.0,0.0,0.0,0.0
2023-03-29 02:56:48.785000+00:00,1892352.0,31944704.0,36192256.0,36192256.0,15.25,1.488668497,52.11,1246125.0,0.0,0.0,6640.0,6369585.0,0.0,0.0,7990.0,0.0,0.0,0.0,0.0
2023-03-29 02:56:53.944000+00:00,1904640.0,31944704.0,36339712.0,36339712.0,15.27,1.488668497,52.12,1246982.0,0.0,0.0,6645.0,6374165.0,0.0,0.0,7996.0,0.0,0.0,0.0,0.0
2023-03-29 02:56:58.428000+00:00,1904640.0,32276480.0,36560896.0,36560896.0,15.28,1.488668497,52.19,1247869.0,0.0,0.0,6651.0,6378755.0,0.0,0.0,8003.0,0.0,0.0,0.0,0.0
2023-03-29 02:57:03.889000+00:00,1904640.0,32276480.0,36581376.0,36581376.0,15.28,1.488668497,52.19,1248672.0,0.0,0.0,6655.0,6383261.0,0.0,0.0,8008.0,0.0,0.0,0.0,0.0
2023-03-29 02:57:09.316000+00:00,1904640.0,32522240.0,36761600.0,36761600.0,15.32,1.488668497,52.24,1249475.0,0.0,0.0,6659.0,6387767.0,0.0,0.0,8013.0,0.0,0.0,0.0,0.0
2023-03-29 02:57:13.641000+00:00,1904640.0,32624640.0,36831232.0,36761600.0,15.32,1.488668497,52.24,1249475.0,0.0,0.0,6659.0,6387767.0,0.0,0.0,8013.0,0.0,0.0,0.0,0.0
2023-03-29 02:57:18.853000+00:00,1904640.0,31940608.0,36343808.0,36343808.0,15.34,1.488668497,52.31,1251081.0,0.0,0.0,6667.0,6396779.0,0.0,0.0,8023.0,0.0,0.0,0.0,0.0
2023-03-29 02:57:24.616000+00:00,1904640.0,32047104.0,36274176.0,36274176.0,15.34,1.488668497,52.32,1251884.0,0.0,0.0,6671.0,6401285.0,0.0,0.0,8028.0,0.0,0.0,0.0,0.0
2023-03-29 02:57:29.343000+00:00,1904640.0,32186368.0,36454400.0,36454400.0,15.35,1.488668497,52.39,1252687.0,0.0,0.0,6675.0,6405791.0,0.0,0.0,8033.0,0.0,0.0,0.0,0.0
2023-03-29 02:57:34.312000+00:00,1904640.0,32288768.0,36491264.0,36491264.0,15.35,1.488668497,52.39,1253490.0,0.0,0.0,6679.0,6410297.0,0.0,0.0,8038.0,0.0,0.0,0.0,0.0
2023-03-29 02:57:39.807000+00:00,1904640.0,32428032.0,36691968.0,36691968.0,15.38,1.488668497,52.46,1254293.0,0.0,0.0,6683.0,6414803.0,0.0,0.0,8043.0,0.0,0.0,0.0,0.0
2023-03-29 02:57:44.022000+00:00,1904640.0,32534528.0,36757504.0,36757504.0,15.38,1.488668497,52.46,1255096.0,0.0,0.0,6687.0,6419309.0,0.0,0.0,8048.0,0.0,0.0,0.0,0.0
2023-03-29 02:57:49.467000+00:00,1904640.0,32677888.0,36945920.0,36945920.0,15.38,1.488668497,52.54,1255899.0,0.0,0.0,6691.0,6423815.0,0.0,0.0,8053.0,0.0,0.0,0.0,0.0
2023-03-29 02:57:54.230000+00:00,1921024.0,32677888.0,36540416.0,36540416.0,15.4,1.488668497,52.55,1256756.0,0.0,0.0,6696.0,6428395.0,0.0,0.0,8059.0,0.0,0.0,0.0,0.0
2023-03-29 02:57:59.020000+00:00,1921024.0,32264192.0,36675584.0,36675584.0,15.43,1.488668497,52.61,1257643.0,0.0,0.0,6702.0,6432985.0,0.0,0.0,8066.0,0.0,0.0,0.0,0.0
2023-03-29 02:58:03.816000+00:00,1921024.0,32264192.0,36585472.0,36585472.0,15.43,1.488668497,52.61,1258446.0,0.0,0.0,6706.0,6437491.0,0.0,0.0,8071.0,0.0,0.0,0.0,0.0
2023-03-29 02:58:08.935000+00:00,1921024.0,32514048.0,37273600.0,37273600.0,15.44,1.488668497,52.67,1259249.0,0.0,0.0,6710.0,6441997.0,0.0,0.0,8076.0,0.0,0.0,0.0,0.0
2023-03-29 02:58:14.153000+00:00,1921024.0,32616448.0,36831232.0,37273600.0,15.44,1.488668497,52.67,1259249.0,0.0,0.0,6710.0,6441997.0,0.0,0.0,8076.0,0.0,0.0,0.0,0.0
2023-03-29 02:58:18.061000+00:00,1921024.0,32710656.0,36925440.0,36925440.0,15.44,1.488668497,52.68,1260855.0,0.0,0.0,6718.0,6451009.0,0.0,0.0,8086.0,0.0,0.0,0.0,0.0
2023-03-29 02:58:24.216000+00:00,1921024.0,32129024.0,36700160.0,36700160.0,15.48,1.488668497,52.74,1261658.0,0.0,0.0,6722.0,6455515.0,0.0,0.0,8091.0,0.0,0.0,0.0,0.0
2023-03-29 02:58:28.904000+00:00,1921024.0,34693120.0,39514112.0,39514112.0,15.48,1.488668497,52.78,1262461.0,0.0,0.0,6726.0,6460021.0,0.0,0.0,8096.0,0.0,0.0,0.0,0.0
2023-03-29 02:58:34.502000+00:00,1921024.0,32374784.0,36622336.0,36622336.0,15.49,1.488668497,52.81,1263264.0,0.0,0.0,6730.0,6464527.0,0.0,0.0,8101.0,0.0,0.0,0.0,0.0
2023-03-29 02:58:39.699000+00:00,1921024.0,32518144.0,36937728.0,36937728.0,15.51,1.488668497,52.88,1264067.0,0.0,0.0,6734.0,6469033.0,0.0,0.0,8106.0,0.0,0.0,0.0,0.0
2023-03-29 02:58:44.187000+00:00,1921024.0,32518144.0,36937728.0,36937728.0,15.51,1.488668497,52.88,1264067.0,0.0,0.0,6734.0,6469033.0,0.0,0.0,8106.0,0.0,0.0,0.0,0.0
2023-03-29 02:58:48.929000+00:00,1921024.0,32727040.0,36937728.0,36937728.0,15.51,1.488668497,52.89,1265673.0,0.0,0.0,6742.0,6478045.0,0.0,0.0,8116.0,0.0,0.0,0.0,0.0
2023-03-29 02:58:53.866000+00:00,1937408.0,32264192.0,36712448.0,36712448.0,15.54,1.489693775,52.96,1266530.0,0.0,0.0,6747.0,6482625.0,0.0,0.0,8122.0,0.0,0.0,0.0,0.0
2023-03-29 02:58:59.718000+00:00,1937408.0,32362496.0,36605952.0,36605952.0,15.54,1.489693775,52.97,1267417.0,0.0,0.0,6753.0,6487215.0,0.0,0.0,8129.0,0.0,0.0,0.0,0.0
2023-03-29 02:59:03.454000+00:00,1937408.0,32509952.0,36712448.0,36712448.0,15.56,1.489693775,52.97,1268220.0,0.0,0.0,6757.0,6491721.0,0.0,0.0,8134.0,0.0,0.0,0.0,0.0
2023-03-29 02:59:08.517000+00:00,1937408.0,32612352.0,36843520.0,36843520.0,15.56,1.489693775,53.05,1269023.0,0.0,0.0,6761.0,6496227.0,0.0,0.0,8139.0,0.0,0.0,0.0,0.0
2023-03-29 02:59:14.697000+00:00,1937408.0,32612352.0,36843520.0,36843520.0,15.57,1.490880428,53.11,1269023.0,0.0,0.0,6765.0,6500733.0,0.0,0.0,8144.0,0.0,0.0,0.0,0.0
2023-03-29 02:59:18.117000+00:00,1937408.0,32858112.0,37089280.0,37089280.0,15.57,1.490880428,53.12,1270629.0,0.0,0.0,6769.0,6505239.0,0.0,0.0,8149.0,0.0,0.0,0.0,0.0
2023-03-29 02:59:23.220000+00:00,1937408.0,33001472.0,37277696.0,37277696.0,15.6,1.490880428,53.17,1271432.0,0.0,0.0,6773.0,6509745.0,0.0,0.0,8154.0,0.0,0.0,0.0,0.0
2023-03-29 02:59:29.370000+00:00,1937408.0,32296960.0,36630528.0,36630528.0,15.61,1.490880428,53.17,1272235.0,0.0,0.0,6777.0,6514251.0,0.0,0.0,8159.0,0.0,0.0,0.0,0.0
2023-03-29 02:59:34.229000+00:00,1937408.0,32444416.0,36700160.0,36700160.0,15.63,1.490880428,53.17,1273038.0,0.0,0.0,6781.0,6518757.0,0.0,0.0,8164.0,0.0,0.0,0.0,0.0
2023-03-29 02:59:39.005000+00:00,1937408.0,32542720.0,36802560.0,36802560.0,15.63,1.490880428,53.24,1273841.0,0.0,0.0,6785.0,6523263.0,0.0,0.0,8169.0,0.0,0.0,0.0,0.0
2023-03-29 02:59:43.446000+00:00,1937408.0,32542720.0,36802560.0,36802560.0,15.64,1.490880428,53.31,1273841.0,0.0,0.0,6785.0,6523263.0,0.0,0.0,8169.0,0.0,0.0,0.0,0.0
2023-03-29 02:59:49.144000+00:00,1937408.0,32788480.0,37015552.0,37015552.0,15.64,1.490880428,53.32,1275447.0,0.0,0.0,6793.0,6532275.0,0.0,0.0,8179.0,0.0,0.0,0.0,0.0
2023-03-29 02:59:53.164000+00:00,1937408.0,33026048.0,37793792.0,37793792.0,15.67,1.490880428,53.39,1276304.0,0.0,0.0,6798.0,6536855.0,0.0,0.0,8185.0,0.0,0.0,0.0,0.0
2023-03-29 02:59:59.079000+00:00,1949696.0,32395264.0,36728832.0,36728832.0,15.67,1.490880428,53.4,1277191.0,0.0,0.0,6804.0,6541445.0,0.0,0.0,8192.0,0.0,0.0,0.0,0.0
2023-03-29 03:00:03.800000+00:00,1949696.0,32538624.0,36777984.0,36777984.0,15.69,1.490880428,53.47,1277994.0,0.0,0.0,6808.0,6545951.0,0.0,0.0,8197.0,0.0,0.0,0.0,0.0
2023-03-29 03:00:08.546000+00:00,1949696.0,32636928.0,36986880.0,36986880.0,15.7,1.490880428,53.48,1278797.0,0.0,0.0,6812.0,6550457.0,0.0,0.0,8202.0,0.0,0.0,0.0,0.0
2023-03-29 03:00:14.544000+00:00,1949696.0,32874496.0,36986880.0,36986880.0,15.72,1.490880428,53.54,1278797.0,0.0,0.0,6812.0,6550457.0,0.0,0.0,8207.0,0.0,0.0,0.0,0.0
2023-03-29 03:00:18.863000+00:00,1949696.0,32972800.0,37195776.0,37195776.0,15.72,1.490880428,53.55,1280403.0,0.0,0.0,6820.0,6559469.0,0.0,0.0,8212.0,0.0,0.0,0.0,0.0
2023-03-29 03:00:23.849000+00:00,1949696.0,33120256.0,37408768.0,37408768.0,15.74,1.560047035,53.61,1281206.0,0.0,0.0,6824.0,6563975.0,0.0,0.0,8217.0,0.0,0.0,0.0,0.0
2023-03-29 03:00:29.550000+00:00,1949696.0,33243136.0,37490688.0,37490688.0,15.74,1.560047035,53.65,1282009.0,0.0,0.0,6828.0,6568481.0,0.0,0.0,8222.0,0.0,0.0,0.0,0.0
2023-03-29 03:00:34.625000+00:00,1949696.0,33243136.0,36958208.0,36958208.0,15.76,1.560047035,53.72,1282812.0,0.0,0.0,6832.0,6572987.0,0.0,0.0,8227.0,0.0,0.0,0.0,0.0
2023-03-29 03:00:39.843000+00:00,1949696.0,32751616.0,36986880.0,36986880.0,15.76,1.560047035,53.72,1283615.0,0.0,0.0,6836.0,6577493.0,0.0,0.0,8232.0,0.0,0.0,0.0,0.0
2023-03-29 03:00:43.305000+00:00,1949696.0,32845824.0,37060608.0,37060608.0,15.76,1.560047035,53.73,1283615.0,0.0,0.0,6836.0,6577493.0,0.0,0.0,8232.0,0.0,0.0,0.0,0.0
2023-03-29 03:00:49.436000+00:00,1949696.0,32993280.0,37216256.0,37216256.0,15.77,1.560047035,53.81,1285221.0,0.0,0.0,6844.0,6586505.0,0.0,0.0,8242.0,0.0,0.0,0.0,0.0
2023-03-29 03:00:53.863000+00:00,1966080.0,33226752.0,37789696.0,37789696.0,15.82,1.560047035,53.87,1286078.0,0.0,0.0,6849.0,6591085.0,0.0,0.0,8248.0,0.0,0.0,0.0,0.0
2023-03-29 03:00:59.406000+00:00,1966080.0,33329152.0,37580800.0,37580800.0,15.82,1.560047035,53.88,1286965.0,0.0,0.0,6855.0,6595675.0,0.0,0.0,8255.0,0.0,0.0,0.0,0.0
2023-03-29 03:01:04.362000+00:00,1966080.0,33648640.0,38334464.0,38334464.0,15.84,1.560047035,53.96,1287768.0,0.0,0.0,6859.0,6600181.0,0.0,0.0,8260.0,0.0,0.0,0.0,0.0
2023-03-29 03:01:08.549000+00:00,1966080.0,32763904.0,37036032.0,37036032.0,15.84,1.560047035,53.97,1288571.0,0.0,0.0,6863.0,6604687.0,0.0,0.0,8265.0,0.0,0.0,0.0,0.0
2023-03-29 03:01:13.754000+00:00,1966080.0,32763904.0,37097472.0,37097472.0,15.84,1.560047035,53.97,1289374.0,0.0,0.0,6867.0,6609193.0,0.0,0.0,8270.0,0.0,0.0,0.0,0.0
2023-03-29 03:01:19.302000+00:00,1966080.0,33009664.0,37244928.0,37244928.0,15.86,1.560047035,54.03,1290177.0,0.0,0.0,6871.0,6613699.0,0.0,0.0,8275.0,0.0,0.0,0.0,0.0
2023-03-29 03:01:24.498000+00:00,1966080.0,33112064.0,37371904.0,37371904.0,15.86,1.560047035,54.04,1290980.0,0.0,0.0,6875.0,6618205.0,0.0,0.0,8280.0,0.0,0.0,0.0,0.0
2023-03-29 03:01:28.643000+00:00,1966080.0,33255424.0,37515264.0,37515264.0,15.87,1.632451015,54.11,1291783.0,0.0,0.0,6879.0,6622711.0,0.0,0.0,8285.0,0.0,0.0,0.0,0.0
2023-03-29 03:01:33.944000+00:00,1966080.0,33255424.0,37568512.0,37568512.0,15.87,1.632451015,54.12,1292586.0,0.0,0.0,6883.0,6627217.0,0.0,0.0,8290.0,0.0,0.0,0.0,0.0
2023-03-29 03:01:39.532000+00:00,1966080.0,31838208.0,36405248.0,36405248.0,15.89,1.632451015,54.29,1293389.0,0.0,0.0,6887.0,6631723.0,0.0,0.0,8295.0,0.0,0.0,0.0,0.0
2023-03-29 03:01:44.653000+00:00,1966080.0,31838208.0,36405248.0,36405248.0,15.89,1.632451015,54.3,1293389.0,0.0,0.0,6887.0,6631723.0,0.0,0.0,8295.0,0.0,0.0,0.0,0.0
2023-03-29 03:01:49.727000+00:00,1966080.0,32104448.0,36306944.0,36306944.0,15.92,1.632451015,54.36,1294995.0,0.0,0.0,6895.0,6640735.0,0.0,0.0,8305.0,0.0,0.0,0.0,0.0
2023-03-29 03:01:54.562000+00:00,1966080.0,32313344.0,36524032.0,36524032.0,15.93,1.632451015,54.38,1295852.0,0.0,0.0,6900.0,6645315.0,0.0,0.0,8311.0,0.0,0.0,0.0,0.0
2023-03-29 03:01:59.632000+00:00,1982464.0,32460800.0,36679680.0,36679680.0,15.95,1.632451015,54.45,1296739.0,0.0,0.0,6906.0,6649905.0,0.0,0.0,8318.0,0.0,0.0,0.0,0.0
2023-03-29 03:02:03.394000+00:00,1982464.0,32567296.0,36786176.0,36786176.0,15.95,1.632451015,54.46,1297542.0,0.0,0.0,6910.0,6654411.0,0.0,0.0,8323.0,0.0,0.0,0.0,0.0
2023-03-29 03:02:08.723000+00:00,1982464.0,32714752.0,36954112.0,36954112.0,15.97,1.632451015,54.53,1298345.0,0.0,0.0,6914.0,6658917.0,0.0,0.0,8328.0,0.0,0.0,0.0,0.0
2023-03-29 03:02:13.425000+00:00,1982464.0,32821248.0,36954112.0,36954112.0,15.97,1.632451015,54.53,1298345.0,0.0,0.0,6914.0,6658917.0,0.0,0.0,8328.0,0.0,0.0,0.0,0.0
2023-03-29 03:02:19.466000+00:00,1982464.0,32055296.0,36311040.0,36311040.0,15.98,1.632451015,54.6,1299951.0,0.0,0.0,6922.0,6667929.0,0.0,0.0,8338.0,0.0,0.0,0.0,0.0
2023-03-29 03:02:23.925000+00:00,1982464.0,32157696.0,36368384.0,36368384.0,15.98,1.632451015,54.6,1300754.0,0.0,0.0,6926.0,6672435.0,0.0,0.0,8343.0,0.0,0.0,0.0,0.0
2023-03-29 03:02:29.813000+00:00,1982464.0,32309248.0,36515840.0,36515840.0,16.0,1.632451015,54.68,1301557.0,0.0,0.0,6930.0,6676941.0,0.0,0.0,8348.0,0.0,0.0,0.0,0.0
2023-03-29 03:02:33.764000+00:00,1982464.0,32411648.0,36646912.0,36646912.0,16.0,1.632451015,54.68,1302360.0,0.0,0.0,6934.0,6681447.0,0.0,0.0,8353.0,0.0,0.0,0.0,0.0
2023-03-29 03:02:38.749000+00:00,1982464.0,32563200.0,37031936.0,37031936.0,16.03,1.633320258,54.74,1303163.0,0.0,0.0,6938.0,6685953.0,0.0,0.0,8358.0,0.0,0.0,0.0,0.0
2023-03-29 03:02:44.681000+00:00,1982464.0,32563200.0,37031936.0,37031936.0,16.03,1.633320258,54.74,1303163.0,0.0,0.0,6942.0,6690459.0,0.0,0.0,8363.0,0.0,0.0,0.0,0.0
2023-03-29 03:02:49.816000+00:00,1982464.0,32813056.0,37023744.0,37023744.0,16.04,1.633320258,54.8,1304769.0,0.0,0.0,6946.0,6694965.0,0.0,0.0,8368.0,0.0,0.0,0.0,0.0
2023-03-29 03:02:54.081000+00:00,1998848.0,32083968.0,36429824.0,36429824.0,16.06,1.633320258,54.81,1305626.0,0.0,0.0,6951.0,6699545.0,0.0,0.0,8374.0,0.0,0.0,0.0,0.0
2023-03-29 03:02:59.034000+00:00,1998848.0,32231424.0,36495360.0,36495360.0,16.1,1.633320258,54.86,1306513.0,0.0,0.0,6957.0,6704135.0,0.0,0.0,8381.0,0.0,0.0,0.0,0.0
2023-03-29 03:03:04.495000+00:00,1998848.0,32337920.0,36569088.0,36569088.0,16.1,1.633320258,54.86,1307316.0,0.0,0.0,6961.0,6708641.0,0.0,0.0,8386.0,0.0,0.0,0.0,0.0
2023-03-29 03:03:08.794000+00:00,1998848.0,32485376.0,36818944.0,36818944.0,16.12,1.633320258,54.92,1308119.0,0.0,0.0,6965.0,6713147.0,0.0,0.0,8391.0,0.0,0.0,0.0,0.0
2023-03-29 03:03:13.373000+00:00,1998848.0,32485376.0,36818944.0,36818944.0,16.12,1.633320258,54.93,1308119.0,0.0,0.0,6965.0,6713147.0,0.0,0.0,8391.0,0.0,0.0,0.0,0.0
2023-03-29 03:03:19.497000+00:00,1998848.0,32739328.0,37179392.0,37179392.0,16.14,1.633320258,54.99,1309725.0,0.0,0.0,6973.0,6722159.0,0.0,0.0,8401.0,0.0,0.0,0.0,0.0
2023-03-29 03:03:23.964000+00:00,1998848.0,32657408.0,36909056.0,36909056.0,16.14,1.633320258,55.01,1310528.0,0.0,0.0,6977.0,6726665.0,0.0,0.0,8406.0,0.0,0.0,0.0,0.0
2023-03-29 03:03:28.470000+00:00,1998848.0,31834112.0,36073472.0,36073472.0,16.14,1.633320258,55.01,1311331.0,0.0,0.0,6981.0,6731171.0,0.0,0.0,8411.0,0.0,0.0,0.0,0.0
2023-03-29 03:03:33.674000+00:00,1998848.0,31981568.0,36216832.0,36216832.0,16.16,1.633320258,55.07,1312134.0,0.0,0.0,6985.0,6735677.0,0.0,0.0,8416.0,0.0,0.0,0.0,0.0
2023-03-29 03:03:39.087000+00:00,1998848.0,32088064.0,36347904.0,36347904.0,16.16,1.633320258,55.08,1312937.0,0.0,0.0,6989.0,6740183.0,0.0,0.0,8421.0,0.0,0.0,0.0,0.0
2023-03-29 03:03:43.721000+00:00,1998848.0,32088064.0,36347904.0,36347904.0,16.17,1.633320258,55.15,1312937.0,0.0,0.0,6989.0,6740183.0,0.0,0.0,8426.0,0.0,0.0,0.0,0.0
2023-03-29 03:03:48.666000+00:00,1998848.0,32342016.0,36573184.0,36573184.0,16.17,1.633320258,55.15,1314543.0,0.0,0.0,6997.0,6749195.0,0.0,0.0,8431.0,0.0,0.0,0.0,0.0
2023-03-29 03:03:53.561000+00:00,2011136.0,32575488.0,37060608.0,37060608.0,16.2,1.702484086,55.22,1315400.0,0.0,0.0,7002.0,6753775.0,0.0,0.0,8437.0,0.0,0.0,0.0,0.0
2023-03-29 03:03:59.604000+00:00,2011136.0,31744000.0,35958784.0,35958784.0,16.2,1.702484086,55.24,1316287.0,0.0,0.0,7008.0,6758365.0,0.0,0.0,8444.0,0.0,0.0,0.0,0.0
2023-03-29 03:04:03.748000+00:00,2011136.0,31887360.0,36139008.0,36139008.0,16.22,1.702484086,55.3,1317090.0,0.0,0.0,7012.0,6762871.0,0.0,0.0,8449.0,0.0,0.0,0.0,0.0
2023-03-29 03:04:08.911000+00:00,2011136.0,31997952.0,36216832.0,36216832.0,16.22,1.702484086,55.3,1317893.0,0.0,0.0,7016.0,6767377.0,0.0,0.0,8454.0,0.0,0.0,0.0,0.0
2023-03-29 03:04:14.705000+00:00,2011136.0,32145408.0,36347904.0,36216832.0,16.24,1.702484086,55.37,1317893.0,0.0,0.0,7016.0,6767377.0,0.0,0.0,8454.0,0.0,0.0,0.0,0.0
2023-03-29 03:04:19.113000+00:00,2011136.0,32251904.0,36478976.0,36478976.0,16.24,1.702484086,55.38,1319499.0,0.0,0.0,7024.0,6776389.0,0.0,0.0,8464.0,0.0,0.0,0.0,0.0
2023-03-29 03:04:24.232000+00:00,2011136.0,32399360.0,36741120.0,36741120.0,16.24,1.702484086,55.45,1320302.0,0.0,0.0,7028.0,6780895.0,0.0,0.0,8469.0,0.0,0.0,0.0,0.0
2023-03-29 03:04:28.797000+00:00,2011136.0,32505856.0,36737024.0,36737024.0,16.25,1.702484086,55.45,1321105.0,0.0,0.0,7032.0,6785401.0,0.0,0.0,8474.0,0.0,0.0,0.0,0.0
2023-03-29 03:04:33.489000+00:00,2011136.0,32653312.0,36950016.0,36950016.0,16.26,1.702484086,55.52,1321908.0,0.0,0.0,7036.0,6789907.0,0.0,0.0,8479.0,0.0,0.0,0.0,0.0
2023-03-29 03:04:39.198000+00:00,2011136.0,31842304.0,36085760.0,36085760.0,16.26,1.702484086,55.53,1322711.0,0.0,0.0,7040.0,6794413.0,0.0,0.0,8484.0,0.0,0.0,0.0,0.0
2023-03-29 03:04:44.219000+00:00,2011136.0,31985664.0,36196352.0,36196352.0,16.28,1.702484086,55.59,1323514.0,0.0,0.0,7044.0,6798919.0,0.0,0.0,8489.0,0.0,0.0,0.0,0.0
2023-03-29 03:04:49.714000+00:00,2011136.0,32096256.0,36319232.0,36319232.0,16.28,1.702484086,55.59,1324317.0,0.0,0.0,7048.0,6803425.0,0.0,0.0,8494.0,0.0,0.0,0.0,0.0
2023-03-29 03:04:54.656000+00:00,2027520.0,32329728.0,36806656.0,36806656.0,16.32,1.702484086,55.65,1325174.0,0.0,0.0,7053.0,6808005.0,0.0,0.0,8500.0,0.0,0.0,0.0,0.0
2023-03-29 03:04:58.751000+00:00,2027520.0,32432128.0,36675584.0,36675584.0,16.32,1.702484086,55.66,1326061.0,0.0,0.0,7059.0,6812595.0,0.0,0.0,8507.0,0.0,0.0,0.0,0.0
2023-03-29 03:05:03.757000+00:00,2027520.0,32432128.0,36954112.0,36954112.0,16.34,1.661638989,55.66,1326864.0,0.0,0.0,7063.0,6817101.0,0.0,0.0,8512.0,0.0,0.0,0.0,0.0
2023-03-29 03:05:08.737000+00:00,2027520.0,31784960.0,36106240.0,36106240.0,16.34,1.702484086,55.73,1327667.0,0.0,0.0,7067.0,6821607.0,0.0,0.0,8517.0,0.0,0.0,0.0,0.0
2023-03-29 03:05:14.572000+00:00,2027520.0,31928320.0,36298752.0,36106240.0,16.36,1.772430125,55.78,1327667.0,0.0,0.0,7067.0,6821607.0,0.0,0.0,8517.0,0.0,0.0,0.0,0.0
2023-03-29 03:05:19.176000+00:00,2027520.0,32034816.0,36241408.0,36241408.0,16.36,1.772430125,55.79,1329273.0,0.0,0.0,7075.0,6830619.0,0.0,0.0,8527.0,0.0,0.0,0.0,0.0
2023-03-29 03:05:23.865000+00:00,2027520.0,32182272.0,36495360.0,36495360.0,16.4,1.772430125,55.83,1330076.0,0.0,0.0,7079.0,6835125.0,0.0,0.0,8532.0,0.0,0.0,0.0,0.0
2023-03-29 03:05:29.226000+00:00,2027520.0,32288768.0,36524032.0,36524032.0,16.4,1.772430125,55.84,1330879.0,0.0,0.0,7083.0,6839631.0,0.0,0.0,8537.0,0.0,0.0,0.0,0.0
2023-03-29 03:05:34.548000+00:00,2027520.0,32436224.0,36958208.0,36958208.0,16.42,1.772430125,55.9,1331682.0,0.0,0.0,7087.0,6844137.0,0.0,0.0,8542.0,0.0,0.0,0.0,0.0
2023-03-29 03:05:39.086000+00:00,2027520.0,32542720.0,36757504.0,36757504.0,16.42,1.772430125,55.9,1332485.0,0.0,0.0,7091.0,6848643.0,0.0,0.0,8547.0,0.0,0.0,0.0,0.0
2023-03-29 03:05:43.237000+00:00,2027520.0,32542720.0,36757504.0,36757504.0,16.42,1.772430125,55.92,1332485.0,0.0,0.0,7091.0,6848643.0,0.0,0.0,8547.0,0.0,0.0,0.0,0.0
2023-03-29 03:05:49.608000+00:00,2027520.0,31875072.0,36077568.0,36077568.0,16.44,1.774087628,55.99,1334091.0,0.0,0.0,7099.0,6857655.0,0.0,0.0,8557.0,0.0,0.0,0.0,0.0
2023-03-29 03:05:53.989000+00:00,2043904.0,32104448.0,36646912.0,36646912.0,16.47,1.774087628,56.05,1334948.0,0.0,0.0,7104.0,6862235.0,0.0,0.0,8563.0,0.0,0.0,0.0,0.0
2023-03-29 03:05:58.197000+00:00,2043904.0,32198656.0,36450304.0,36450304.0,16.47,1.774087628,56.06,1335835.0,0.0,0.0,7110.0,6866825.0,0.0,0.0,8570.0,0.0,0.0,0.0,0.0
2023-03-29 03:06:03.187000+00:00,2043904.0,32198656.0,36540416.0,36540416.0,16.48,1.774087628,56.06,1336638.0,0.0,0.0,7114.0,6871331.0,0.0,0.0,8575.0,0.0,0.0,0.0,0.0
2023-03-29 03:06:08.685000+00:00,2043904.0,32440320.0,36724736.0,36724736.0,16.49,1.774087628,56.12,1337441.0,0.0,0.0,7118.0,6875837.0,0.0,0.0,8580.0,0.0,0.0,0.0,0.0
2023-03-29 03:06:14.701000+00:00,2043904.0,34816000.0,39559168.0,39559168.0,16.5,1.774087628,56.17,1338244.0,0.0,0.0,7118.0,6875837.0,0.0,0.0,8580.0,0.0,0.0,0.0,0.0
2023-03-29 03:06:19.690000+00:00,2043904.0,31850496.0,36081664.0,36081664.0,16.52,1.774087628,56.19,1339047.0,0.0,0.0,7126.0,6884849.0,0.0,0.0,8590.0,0.0,0.0,0.0,0.0
2023-03-29 03:06:24.120000+00:00,2043904.0,31948800.0,36151296.0,36151296.0,16.52,1.774087628,56.2,1339850.0,0.0,0.0,7130.0,6889355.0,0.0,0.0,8595.0,0.0,0.0,0.0,0.0
2023-03-29 03:06:29.458000+00:00,2043904.0,32092160.0,36343808.0,36343808.0,16.54,1.774087628,56.26,1340653.0,0.0,0.0,7134.0,6893861.0,0.0,0.0,8600.0,0.0,0.0,0.0,0.0
2023-03-29 03:06:33.636000+00:00,2043904.0,32190464.0,36429824.0,36429824.0,16.54,1.774087628,56.26,1341456.0,0.0,0.0,7138.0,6898367.0,0.0,0.0,8605.0,0.0,0.0,0.0,0.0
2023-03-29 03:06:39.627000+00:00,2043904.0,32264192.0,36601856.0,36601856.0,16.57,1.774087628,56.35,1342259.0,0.0,0.0,7142.0,6902873.0,0.0,0.0,8610.0,0.0,0.0,0.0,0.0
2023-03-29 03:06:43.778000+00:00,2043904.0,32362496.0,36601856.0,36601856.0,16.57,1.774087628,56.36,1342259.0,0.0,0.0,7142.0,6902873.0,0.0,0.0,8610.0,0.0,0.0,0.0,0.0
2023-03-29 03:06:48.803000+00:00,2043904.0,31674368.0,36040704.0,36040704.0,16.59,1.774087628,56.42,1343865.0,0.0,0.0,7150.0,6911885.0,0.0,0.0,8620.0,0.0,0.0,0.0,0.0
2023-03-29 03:06:53.788000+00:00,2056192.0,31858688.0,36159488.0,36159488.0,16.6,1.774087628,56.44,1344722.0,0.0,0.0,7155.0,6916465.0,0.0,0.0,8626.0,0.0,0.0,0.0,0.0
2023-03-29 03:06:58.107000+00:00,2056192.0,32002048.0,36409344.0,36409344.0,16.62,1.774087628,56.5,1345525.0,0.0,0.0,7159.0,6920971.0,0.0,0.0,8631.0,0.0,0.0,0.0,0.0
2023-03-29 03:07:04.868000+00:00,2056192.0,32002048.0,36306944.0,36306944.0,16.62,1.774087628,56.51,1346412.0,0.0,0.0,7165.0,6925561.0,0.0,0.0,8638.0,0.0,0.0,0.0,0.0
2023-03-29 03:07:08.715000+00:00,2056192.0,32243712.0,36687872.0,36687872.0,16.64,1.774087628,56.57,1347215.0,0.0,0.0,7169.0,6930067.0,0.0,0.0,8643.0,0.0,0.0,0.0,0.0
2023-03-29 03:07:13.706000+00:00,2056192.0,32342016.0,36577280.0,36577280.0,16.64,1.774087628,56.58,1348018.0,0.0,0.0,7169.0,6930067.0,0.0,0.0,8643.0,0.0,0.0,0.0,0.0
2023-03-29 03:07:18.590000+00:00,2056192.0,31657984.0,36134912.0,36134912.0,16.66,1.775772004,56.64,1348821.0,0.0,0.0,7177.0,6939079.0,0.0,0.0,8653.0,0.0,0.0,0.0,0.0
2023-03-29 03:07:23.897000+00:00,2056192.0,31760384.0,35966976.0,35966976.0,16.66,1.775772004,56.65,1349624.0,0.0,0.0,7181.0,6943585.0,0.0,0.0,8658.0,0.0,0.0,0.0,0.0
2023-03-29 03:07:28.850000+00:00,2056192.0,31899648.0,36331520.0,36331520.0,16.68,1.775772004,56.72,1350427.0,0.0,0.0,7185.0,6948091.0,0.0,0.0,8663.0,0.0,0.0,0.0,0.0
2023-03-29 03:07:33.612000+00:00,2056192.0,31997952.0,36204544.0,36204544.0,16.68,1.775772004,56.72,1351230.0,0.0,0.0,7189.0,6952597.0,0.0,0.0,8668.0,0.0,0.0,0.0,0.0
2023-03-29 03:07:39.394000+00:00,2056192.0,32137216.0,36503552.0,36503552.0,16.7,1.775772004,56.78,1352033.0,0.0,0.0,7193.0,6957103.0,0.0,0.0,8673.0,0.0,0.0,0.0,0.0
2023-03-29 03:07:43.327000+00:00,2056192.0,32137216.0,36503552.0,36503552.0,16.7,1.775772004,56.79,1352033.0,0.0,0.0,7193.0,6957103.0,0.0,0.0,8673.0,0.0,0.0,0.0,0.0
2023-03-29 03:07:49.085000+00:00,2056192.0,32378880.0,36728832.0,36728832.0,16.72,1.775772004,56.85,1353639.0,0.0,0.0,7201.0,6966115.0,0.0,0.0,8683.0,0.0,0.0,0.0,0.0
2023-03-29 03:07:54.656000+00:00,2072576.0,31739904.0,35946496.0,35946496.0,16.74,1.775772004,56.86,1354496.0,0.0,0.0,7206.0,6970695.0,0.0,0.0,8689.0,0.0,0.0,0.0,0.0
2023-03-29 03:07:59.757000+00:00,2072576.0,31879168.0,36503552.0,36503552.0,16.77,1.775772004,56.91,1355383.0,0.0,0.0,7212.0,6975285.0,0.0,0.0,8696.0,0.0,0.0,0.0,0.0
2023-03-29 03:08:03.828000+00:00,2072576.0,31879168.0,36208640.0,36208640.0,16.77,1.775772004,56.91,1356186.0,0.0,0.0,7216.0,6979791.0,0.0,0.0,8701.0,0.0,0.0,0.0,0.0
2023-03-29 03:08:08.398000+00:00,2072576.0,32120832.0,36741120.0,36741120.0,16.78,1.775772004,56.99,1356989.0,0.0,0.0,7220.0,6984297.0,0.0,0.0,8706.0,0.0,0.0,0.0,0.0
2023-03-29 03:08:14.757000+00:00,2072576.0,32223232.0,36425728.0,36425728.0,16.78,1.775772004,57.0,1357792.0,0.0,0.0,7224.0,6984297.0,0.0,0.0,8706.0,0.0,0.0,0.0,0.0
2023-03-29 03:08:19.742000+00:00,2072576.0,32362496.0,36618240.0,36618240.0,16.82,1.775772004,57.05,1358595.0,0.0,0.0,7228.0,6993309.0,0.0,0.0,8716.0,0.0,0.0,0.0,0.0
2023-03-29 03:08:23.819000+00:00,2072576.0,32460800.0,36675584.0,36675584.0,16.82,1.775772004,57.05,1359398.0,0.0,0.0,7232.0,6997815.0,0.0,0.0,8721.0,0.0,0.0,0.0,0.0
2023-03-29 03:08:29.565000+00:00,2072576.0,31723520.0,36220928.0,36220928.0,16.84,1.775772004,57.11,1360201.0,0.0,0.0,7236.0,7002321.0,0.0,0.0,8726.0,0.0,0.0,0.0,0.0
2023-03-29 03:08:34.802000+00:00,2072576.0,31817728.0,36036608.0,36036608.0,16.84,1.775772004,57.12,1361004.0,0.0,0.0,7240.0,7006827.0,0.0,0.0,8731.0,0.0,0.0,0.0,0.0
2023-03-29 03:08:39.176000+00:00,2072576.0,31920128.0,36134912.0,36134912.0,16.85,1.775772004,57.12,1361807.0,0.0,0.0,7244.0,7011333.0,0.0,0.0,8736.0,0.0,0.0,0.0,0.0
2023-03-29 03:08:44.083000+00:00,2072576.0,32063488.0,36134912.0,36134912.0,16.87,1.775772004,57.18,1361807.0,0.0,0.0,7244.0,7011333.0,0.0,0.0,8736.0,0.0,0.0,0.0,0.0
2023-03-29 03:08:49.106000+00:00,2072576.0,32161792.0,36368384.0,36368384.0,16.87,1.775772004,57.19,1363413.0,0.0,0.0,7252.0,7020345.0,0.0,0.0,8746.0,0.0,0.0,0.0,0.0
2023-03-29 03:08:54.092000+00:00,2088960.0,32391168.0,36610048.0,36610048.0,16.9,1.775772004,57.28,1364270.0,0.0,0.0,7257.0,7024925.0,0.0,0.0,8752.0,0.0,0.0,0.0,0.0
2023-03-29 03:08:59.516000+00:00,2088960.0,31674368.0,35901440.0,35901440.0,16.9,1.775772004,57.28,1365157.0,0.0,0.0,7263.0,7029515.0,0.0,0.0,8759.0,0.0,0.0,0.0,0.0
2023-03-29 03:09:04.184000+00:00,2088960.0,31817728.0,36081664.0,36081664.0,16.92,1.775772004,57.35,1365960.0,0.0,0.0,7267.0,7034021.0,0.0,0.0,8764.0,0.0,0.0,0.0,0.0
2023-03-29 03:09:09.039000+00:00,2088960.0,31916032.0,36163584.0,36163584.0,16.92,1.775772004,57.36,1366763.0,0.0,0.0,7271.0,7038527.0,0.0,0.0,8769.0,0.0,0.0,0.0,0.0
2023-03-29 03:09:13.774000+00:00,2088960.0,32059392.0,36360192.0,36360192.0,16.93,1.775772004,57.42,1367566.0,0.0,0.0,7271.0,7038527.0,0.0,0.0,8769.0,0.0,0.0,0.0,0.0
2023-03-29 03:09:19.031000+00:00,2088960.0,32157696.0,36392960.0,36392960.0,16.93,1.775772004,57.42,1368439.0,0.0,0.0,7280.0,7047539.0,0.0,0.0,8779.0,0.0,0.0,0.0,0.0
2023-03-29 03:09:23.516000+00:00,2088960.0,32301056.0,36560896.0,36560896.0,16.94,1.775772004,57.42,1369242.0,0.0,0.0,7284.0,7052045.0,0.0,0.0,8784.0,0.0,0.0,0.0,0.0
2023-03-29 03:09:29.597000+00:00,2088960.0,32399360.0,36630528.0,36630528.0,16.94,1.775772004,57.49,1370045.0,0.0,0.0,7288.0,7056551.0,0.0,0.0,8789.0,0.0,0.0,0.0,0.0
2023-03-29 03:09:33.887000+00:00,2088960.0,31768576.0,36069376.0,36069376.0,16.97,1.775772004,57.55,1370848.0,0.0,0.0,7292.0,7061057.0,0.0,0.0,8794.0,0.0,0.0,0.0,0.0
2023-03-29 03:09:39.761000+00:00,2088960.0,31866880.0,36204544.0,36204544.0,16.97,1.775772004,57.55,1371651.0,0.0,0.0,7296.0,7065563.0,0.0,0.0,8799.0,0.0,0.0,0.0,0.0
2023-03-29 03:09:44.620000+00:00,2088960.0,31866880.0,36204544.0,36204544.0,16.99,1.775772004,57.61,1371651.0,0.0,0.0,7296.0,7065563.0,0.0,0.0,8799.0,0.0,0.0,0.0,0.0
2023-03-29 03:09:49.404000+00:00,2088960.0,32108544.0,36319232.0,36319232.0,16.99,1.775772004,57.62,1373257.0,0.0,0.0,7304.0,7074575.0,0.0,0.0,8809.0,0.0,0.0,0.0,0.0
2023-03-29 03:09:53.713000+00:00,2101248.0,32505856.0,37281792.0,37281792.0,17.03,1.775772004,57.71,1374114.0,0.0,0.0,7309.0,7079155.0,0.0,0.0,8815.0,0.0,0.0,0.0,0.0
2023-03-29 03:09:58.587000+00:00,2101248.0,32608256.0,36831232.0,36831232.0,17.04,1.775772004,57.71,1375001.0,0.0,0.0,7315.0,7083745.0,0.0,0.0,8822.0,0.0,0.0,0.0,0.0
2023-03-29 03:10:03.856000+00:00,2101248.0,31887360.0,36302848.0,36302848.0,17.06,1.775772004,57.79,1375804.0,0.0,0.0,7319.0,7088251.0,0.0,0.0,8827.0,0.0,0.0,0.0,0.0
2023-03-29 03:10:09.453000+00:00,2101248.0,31985664.0,36225024.0,36225024.0,17.06,1.775772004,57.8,1376714.0,0.0,0.0,7324.0,7092757.0,0.0,0.0,8832.0,0.0,0.0,0.0,0.0
2023-03-29 03:10:13.973000+00:00,2101248.0,31985664.0,36225024.0,36225024.0,17.07,1.776127917,57.86,1376714.0,0.0,0.0,7328.0,7097263.0,0.0,0.0,8837.0,0.0,0.0,0.0,0.0
2023-03-29 03:10:19.141000+00:00,2101248.0,32227328.0,36560896.0,36560896.0,17.07,1.776127917,57.86,1378320.0,0.0,0.0,7332.0,7101769.0,0.0,0.0,8842.0,0.0,0.0,0.0,0.0
2023-03-29 03:10:23.301000+00:00,2101248.0,32329728.0,36548608.0,36548608.0,17.07,1.776127917,57.87,1379123.0,0.0,0.0,7336.0,7106275.0,0.0,0.0,8847.0,0.0,0.0,0.0,0.0
2023-03-29 03:10:29.428000+00:00,2101248.0,32473088.0,36675584.0,36675584.0,17.1,1.776127917,57.93,1379926.0,0.0,0.0,7340.0,7110781.0,0.0,0.0,8852.0,0.0,0.0,0.0,0.0
2023-03-29 03:10:34.464000+00:00,2101248.0,32612352.0,36945920.0,36945920.0,17.12,1.776127917,57.93,1380729.0,0.0,0.0,7344.0,7115287.0,0.0,0.0,8857.0,0.0,0.0,0.0,0.0
2023-03-29 03:10:38.486000+00:00,2101248.0,31850496.0,36204544.0,36204544.0,17.12,1.776127917,58.0,1381532.0,0.0,0.0,7348.0,7119793.0,0.0,0.0,8862.0,0.0,0.0,0.0,0.0
2023-03-29 03:10:44.824000+00:00,2101248.0,31850496.0,36204544.0,36204544.0,17.14,1.776127917,58.08,1381532.0,0.0,0.0,7348.0,7119793.0,0.0,0.0,8862.0,0.0,0.0,0.0,0.0
2023-03-29 03:10:49.355000+00:00,2101248.0,32092160.0,36397056.0,36397056.0,17.14,1.776127917,58.08,1383138.0,0.0,0.0,7356.0,7128805.0,0.0,0.0,8872.0,0.0,0.0,0.0,0.0
2023-03-29 03:10:53.438000+00:00,2117632.0,32276480.0,36868096.0,36868096.0,17.15,1.776127917,58.09,1383995.0,0.0,0.0,7361.0,7133385.0,0.0,0.0,8878.0,0.0,0.0,0.0,0.0
2023-03-29 03:10:59.910000+00:00,2117632.0,32423936.0,36630528.0,36630528.0,17.16,1.776127917,58.17,1384882.0,0.0,0.0,7367.0,7137975.0,0.0,0.0,8885.0,0.0,0.0,0.0,0.0
2023-03-29 03:11:04.505000+00:00,2117632.0,32518144.0,36761600.0,36761600.0,17.16,1.776127917,58.17,1385685.0,0.0,0.0,7371.0,7142481.0,0.0,0.0,8890.0,0.0,0.0,0.0,0.0
2023-03-29 03:11:09.091000+00:00,2117632.0,31850496.0,36102144.0,36102144.0,17.19,1.776127917,58.24,1386488.0,0.0,0.0,7375.0,7146987.0,0.0,0.0,8895.0,0.0,0.0,0.0,0.0
2023-03-29 03:11:14.710000+00:00,2117632.0,31850496.0,36102144.0,36102144.0,17.19,1.776127917,58.24,1386488.0,0.0,0.0,7379.0,7151493.0,0.0,0.0,8900.0,0.0,0.0,0.0,0.0
2023-03-29 03:11:18.919000+00:00,2117632.0,32088064.0,36319232.0,36319232.0,17.2,1.776127917,58.31,1388094.0,0.0,0.0,7383.0,7155999.0,0.0,0.0,8905.0,0.0,0.0,0.0,0.0
2023-03-29 03:11:24.222000+00:00,2117632.0,32190464.0,36384768.0,36384768.0,17.2,1.776127917,58.32,1388897.0,0.0,0.0,7387.0,7160505.0,0.0,0.0,8910.0,0.0,0.0,0.0,0.0
2023-03-29 03:11:29.796000+00:00,2117632.0,32329728.0,36806656.0,36806656.0,17.22,1.776127917,58.38,1389700.0,0.0,0.0,7391.0,7165011.0,0.0,0.0,8915.0,0.0,0.0,0.0,0.0
2023-03-29 03:11:33.367000+00:00,2117632.0,32432128.0,36671488.0,36671488.0,17.22,1.776127917,58.38,1390503.0,0.0,0.0,7395.0,7169517.0,0.0,0.0,8920.0,0.0,0.0,0.0,0.0
2023-03-29 03:11:39.623000+00:00,2117632.0,32571392.0,36831232.0,36831232.0,17.24,1.776127917,58.45,1391306.0,0.0,0.0,7399.0,7174023.0,0.0,0.0,8925.0,0.0,0.0,0.0,0.0
2023-03-29 03:11:44.339000+00:00,2117632.0,32571392.0,36831232.0,36831232.0,17.24,1.776127917,58.46,1391306.0,0.0,0.0,7399.0,7174023.0,0.0,0.0,8925.0,0.0,0.0,0.0,0.0
2023-03-29 03:11:48.749000+00:00,2117632.0,31985664.0,36372480.0,36372480.0,17.25,1.776127917,58.53,1392912.0,0.0,0.0,7407.0,7183035.0,0.0,0.0,8935.0,0.0,0.0,0.0,0.0
2023-03-29 03:11:53.569000+00:00,2134016.0,32174080.0,36544512.0,36544512.0,17.26,1.776127917,58.54,1393769.0,0.0,0.0,7412.0,7187615.0,0.0,0.0,8941.0,0.0,0.0,0.0,0.0
2023-03-29 03:11:58.182000+00:00,2134016.0,32313344.0,36749312.0,36749312.0,17.28,1.776127917,58.61,1394656.0,0.0,0.0,7418.0,7192205.0,0.0,0.0,8948.0,0.0,0.0,0.0,0.0
2023-03-29 03:12:04.703000+00:00,2134016.0,32415744.0,36646912.0,36646912.0,17.28,1.776127917,58.61,1395459.0,0.0,0.0,7422.0,7196711.0,0.0,0.0,8953.0,0.0,0.0,0.0,0.0
2023-03-29 03:12:09.665000+00:00,2134016.0,32555008.0,36855808.0,36855808.0,17.3,1.776127917,58.68,1396262.0,0.0,0.0,7426.0,7201217.0,0.0,0.0,8958.0,0.0,0.0,0.0,0.0
2023-03-29 03:12:14.752000+00:00,2134016.0,32555008.0,36855808.0,36855808.0,17.3,1.776127917,58.68,1396262.0,0.0,0.0,7426.0,7205723.0,0.0,0.0,8963.0,0.0,0.0,0.0,0.0
2023-03-29 03:12:18.644000+00:00,2134016.0,31989760.0,36425728.0,36425728.0,17.32,1.776127917,58.74,1397868.0,0.0,0.0,7434.0,7210229.0,0.0,0.0,8968.0,0.0,0.0,0.0,0.0
2023-03-29 03:12:24.787000+00:00,2134016.0,32088064.0,36327424.0,36327424.0,17.32,1.776127917,58.75,1398671.0,0.0,0.0,7438.0,7214735.0,0.0,0.0,8973.0,0.0,0.0,0.0,0.0
2023-03-29 03:12:28.254000+00:00,2134016.0,32231424.0,36655104.0,36655104.0,17.34,1.776127917,58.82,1399474.0,0.0,0.0,7442.0,7219241.0,0.0,0.0,8978.0,0.0,0.0,0.0,0.0
2023-03-29 03:12:33.572000+00:00,2134016.0,32329728.0,36581376.0,36581376.0,17.34,1.776127917,58.82,1400277.0,0.0,0.0,7446.0,7223747.0,0.0,0.0,8983.0,0.0,0.0,0.0,0.0
2023-03-29 03:12:39.627000+00:00,2134016.0,32432128.0,36651008.0,36651008.0,17.34,1.776127917,58.83,1401080.0,0.0,0.0,7450.0,7228253.0,0.0,0.0,8988.0,0.0,0.0,0.0,0.0
2023-03-29 03:12:44.581000+00:00,2134016.0,32571392.0,36790272.0,36651008.0,17.36,1.776127917,58.89,1401080.0,0.0,0.0,7450.0,7228253.0,0.0,0.0,8988.0,0.0,0.0,0.0,0.0
2023-03-29 03:12:48.473000+00:00,2134016.0,31846400.0,36036608.0,36036608.0,17.37,1.776127917,58.9,1402686.0,0.0,0.0,7458.0,7237265.0,0.0,0.0,8998.0,0.0,0.0,0.0,0.0
2023-03-29 03:12:54.395000+00:00,2146304.0,32075776.0,36454400.0,36454400.0,17.4,1.776127917,58.97,1403543.0,0.0,0.0,7463.0,7241845.0,0.0,0.0,9004.0,0.0,0.0,0.0,0.0
2023-03-29 03:12:58.877000+00:00,2146304.0,32174080.0,36372480.0,36372480.0,17.41,1.776127917,58.97,1404430.0,0.0,0.0,7469.0,7246435.0,0.0,0.0,9011.0,0.0,0.0,0.0,0.0
2023-03-29 03:13:04.082000+00:00,2146304.0,32313344.0,36519936.0,36519936.0,17.41,1.776127917,58.97,1405233.0,0.0,0.0,7473.0,7250941.0,0.0,0.0,9016.0,0.0,0.0,0.0,0.0
2023-03-29 03:13:09.775000+00:00,2146304.0,32415744.0,36605952.0,36605952.0,17.41,1.776127917,59.05,1406036.0,0.0,0.0,7477.0,7255447.0,0.0,0.0,9021.0,0.0,0.0,0.0,0.0
2023-03-29 03:13:13.983000+00:00,2146304.0,32415744.0,36605952.0,36605952.0,17.43,1.776127917,59.12,1406036.0,0.0,0.0,7481.0,7259953.0,0.0,0.0,9026.0,0.0,0.0,0.0,0.0
2023-03-29 03:13:18.313000+00:00,2146304.0,31883264.0,36294656.0,36294656.0,17.43,1.776127917,59.12,1407642.0,0.0,0.0,7485.0,7264459.0,0.0,0.0,9031.0,0.0,0.0,0.0,0.0
2023-03-29 03:13:24.586000+00:00,2146304.0,32026624.0,36245504.0,36245504.0,17.43,1.776127917,59.19,1408445.0,0.0,0.0,7489.0,7268965.0,0.0,0.0,9036.0,0.0,0.0,0.0,0.0
2023-03-29 03:13:28.327000+00:00,2146304.0,32124928.0,36376576.0,36376576.0,17.43,1.776127917,59.2,1409248.0,0.0,0.0,7493.0,7273471.0,0.0,0.0,9041.0,0.0,0.0,0.0,0.0
2023-03-29 03:13:34.040000+00:00,2146304.0,32268288.0,36483072.0,36483072.0,17.44,1.776127917,59.26,1410051.0,0.0,0.0,7497.0,7277977.0,0.0,0.0,9046.0,0.0,0.0,0.0,0.0
2023-03-29 03:13:38.778000+00:00,2146304.0,32366592.0,36614144.0,36614144.0,17.44,1.776127917,59.26,1410854.0,0.0,0.0,7501.0,7282483.0,0.0,0.0,9051.0,0.0,0.0,0.0,0.0
2023-03-29 03:13:44.775000+00:00,2146304.0,32509952.0,36614144.0,36614144.0,17.45,1.776127917,59.33,1410854.0,0.0,0.0,7501.0,7282483.0,0.0,0.0,9051.0,0.0,0.0,0.0,0.0
2023-03-29 03:13:49.586000+00:00,2146304.0,32608256.0,36843520.0,36843520.0,17.45,1.776127917,59.34,1412460.0,0.0,0.0,7509.0,7291495.0,0.0,0.0,9061.0,0.0,0.0,0.0,0.0
2023-03-29 03:13:54.602000+00:00,2162688.0,31981568.0,36265984.0,36265984.0,17.49,1.776127917,59.4,1413317.0,0.0,0.0,7514.0,7296075.0,0.0,0.0,9067.0,0.0,0.0,0.0,0.0
2023-03-29 03:13:59.715000+00:00,2162688.0,32079872.0,36315136.0,36315136.0,17.5,1.776127917,59.4,1414204.0,0.0,0.0,7520.0,7300665.0,0.0,0.0,9074.0,0.0,0.0,0.0,0.0
2023-03-29 03:14:03.262000+00:00,2162688.0,32223232.0,36958208.0,36958208.0,17.52,1.776127917,59.46,1415007.0,0.0,0.0,7524.0,7305171.0,0.0,0.0,9079.0,0.0,0.0,0.0,0.0
2023-03-29 03:14:08.871000+00:00,2162688.0,32321536.0,36581376.0,36581376.0,17.52,1.776127917,59.47,1415810.0,0.0,0.0,7528.0,7309677.0,0.0,0.0,9084.0,0.0,0.0,0.0,0.0
2023-03-29 03:14:14.156000+00:00,2162688.0,32321536.0,36581376.0,36581376.0,17.54,1.776127917,59.54,1415810.0,0.0,0.0,7528.0,7309677.0,0.0,0.0,9084.0,0.0,0.0,0.0,0.0
2023-03-29 03:14:19.528000+00:00,2162688.0,32559104.0,36802560.0,36802560.0,17.54,1.776127917,59.54,1417416.0,0.0,0.0,7536.0,7318689.0,0.0,0.0,9094.0,0.0,0.0,0.0,0.0
2023-03-29 03:14:24.343000+00:00,2162688.0,31920128.0,36515840.0,36515840.0,17.57,1.776127917,59.54,1418219.0,0.0,0.0,7540.0,7323195.0,0.0,0.0,9099.0,0.0,0.0,0.0,0.0
2023-03-29 03:14:29.049000+00:00,2162688.0,32022528.0,36265984.0,36265984.0,17.57,1.776127917,59.59,1419022.0,0.0,0.0,7544.0,7327701.0,0.0,0.0,9104.0,0.0,0.0,0.0,0.0
2023-03-29 03:14:34.396000+00:00,2162688.0,32161792.0,36663296.0,36663296.0,17.59,1.776127917,59.59,1419825.0,0.0,0.0,7548.0,7332207.0,0.0,0.0,9109.0,0.0,0.0,0.0,0.0
2023-03-29 03:14:38.720000+00:00,2162688.0,32260096.0,36499456.0,36499456.0,17.59,1.776127917,59.66,1420628.0,0.0,0.0,7552.0,7336713.0,0.0,0.0,9114.0,0.0,0.0,0.0,0.0
2023-03-29 03:14:43.197000+00:00,2162688.0,32395264.0,36499456.0,36499456.0,17.59,1.776127917,59.68,1420628.0,0.0,0.0,7552.0,7336713.0,0.0,0.0,9114.0,0.0,0.0,0.0,0.0
2023-03-29 03:14:48.180000+00:00,2162688.0,32538624.0,36773888.0,36773888.0,17.61,1.776127917,59.74,1422234.0,0.0,0.0,7560.0,7345725.0,0.0,0.0,9124.0,0.0,0.0,0.0,0.0
2023-03-29 03:14:53.178000+00:00,2179072.0,31911936.0,36655104.0,36655104.0,17.62,1.776127917,59.75,1423091.0,0.0,0.0,7565.0,7350305.0,0.0,0.0,9130.0,0.0,0.0,0.0,0.0
2023-03-29 03:14:59.835000+00:00,2179072.0,32055296.0,36265984.0,36265984.0,17.64,1.776127917,59.81,1423978.0,0.0,0.0,7571.0,7354895.0,0.0,0.0,9137.0,0.0,0.0,0.0,0.0
2023-03-29 03:15:03.282000+00:00,,,36483072.0,36483072.0,17.65,1.776127917,59.81,1424781.0,0.0,0.0,7575.0,7359401.0,0.0,0.0,9142.0,0.0,,,
2023-03-29 03:15:09.614000+00:00,2179072.0,32296960.0,36532224.0,36532224.0,17.66,1.776127917,59.88,1425584.0,0.0,0.0,7579.0,7363907.0,0.0,0.0,9147.0,0.0,0.0,0.0,0.0
2023-03-29 03:15:14.475000+00:00,2179072.0,32391168.0,36597760.0,36597760.0,17.66,1.776127917,59.89,1426387.0,0.0,0.0,7583.0,7363907.0,0.0,0.0,9147.0,0.0,0.0,0.0,0.0
2023-03-29 03:15:19.059000+00:00,2179072.0,32538624.0,36745216.0,36745216.0,17.68,1.776127917,59.95,1427190.0,0.0,0.0,7587.0,7372919.0,0.0,0.0,9157.0,0.0,0.0,0.0,0.0
2023-03-29 03:15:24.271000+00:00,2179072.0,32632832.0,36839424.0,36839424.0,17.68,1.776127917,59.96,1427993.0,0.0,0.0,7591.0,7377425.0,0.0,0.0,9162.0,0.0,0.0,0.0,0.0
2023-03-29 03:15:29.531000+00:00,2179072.0,31928320.0,36130816.0,36130816.0,17.71,1.776127917,60.02,1428796.0,0.0,0.0,7595.0,7381931.0,0.0,0.0,9167.0,0.0,0.0,0.0,0.0
2023-03-29 03:15:33.119000+00:00,2179072.0,32026624.0,36261888.0,36261888.0,17.71,1.776127917,60.02,1429599.0,0.0,0.0,7599.0,7386437.0,0.0,0.0,9172.0,0.0,0.0,0.0,0.0
2023-03-29 03:15:38.860000+00:00,2179072.0,32169984.0,36364288.0,36364288.0,17.73,1.776127917,60.1,1430402.0,0.0,0.0,7603.0,7390943.0,0.0,0.0,9177.0,0.0,0.0,0.0,0.0
2023-03-29 03:15:43.306000+00:00,2179072.0,32169984.0,36364288.0,36364288.0,17.73,1.776127917,60.1,1430402.0,0.0,0.0,7603.0,7390943.0,0.0,0.0,9177.0,0.0,0.0,0.0,0.0
2023-03-29 03:15:48.459000+00:00,2179072.0,32407552.0,36769792.0,36769792.0,17.75,1.776163723,60.16,1432008.0,0.0,0.0,7611.0,7399955.0,0.0,0.0,9187.0,0.0,0.0,0.0,0.0
2023-03-29 03:15:54.310000+00:00,2191360.0,32595968.0,37093376.0,37093376.0,17.77,1.776163723,60.17,1432865.0,0.0,0.0,7616.0,7404535.0,0.0,0.0,9193.0,0.0,0.0,0.0,0.0
2023-03-29 03:15:58.324000+00:00,2191360.0,31924224.0,36392960.0,36392960.0,17.8,1.776163723,60.24,1433752.0,0.0,0.0,7622.0,7409125.0,0.0,0.0,9200.0,0.0,0.0,0.0,0.0
2023-03-29 03:16:04.828000+00:00,2191360.0,31924224.0,36241408.0,36241408.0,17.8,1.776163723,60.24,1434555.0,0.0,0.0,7626.0,7413631.0,0.0,0.0,9205.0,0.0,0.0,0.0,0.0
2023-03-29 03:16:09.489000+00:00,2191360.0,32165888.0,36368384.0,36368384.0,17.82,1.776163723,60.3,1435358.0,0.0,0.0,7630.0,7418137.0,0.0,0.0,9210.0,0.0,0.0,0.0,0.0
2023-03-29 03:16:14.653000+00:00,2191360.0,32264192.0,36499456.0,36499456.0,17.82,1.776163723,60.31,1436161.0,0.0,0.0,7630.0,7418137.0,0.0,0.0,9210.0,0.0,0.0,0.0,0.0
2023-03-29 03:16:19.142000+00:00,2191360.0,32403456.0,36630528.0,36630528.0,17.85,1.776163723,60.36,1436964.0,0.0,0.0,7638.0,7427149.0,0.0,0.0,9220.0,0.0,0.0,0.0,0.0
2023-03-29 03:16:24.684000+00:00,2191360.0,32505856.0,36716544.0,36716544.0,17.85,1.776163723,60.37,1437767.0,0.0,0.0,7642.0,7431655.0,0.0,0.0,9225.0,0.0,0.0,0.0,0.0
2023-03-29 03:16:29.497000+00:00,2191360.0,32645120.0,36990976.0,36990976.0,17.86,1.776163723,60.44,1438570.0,0.0,0.0,7646.0,7436161.0,0.0,0.0,9230.0,0.0,0.0,0.0,0.0
2023-03-29 03:16:34.747000+00:00,2191360.0,31920128.0,36315136.0,36315136.0,17.86,1.776163723,60.45,1439373.0,0.0,0.0,7650.0,7440667.0,0.0,0.0,9235.0,0.0,0.0,0.0,0.0
2023-03-29 03:16:39.381000+00:00,2191360.0,32059392.0,36507648.0,36507648.0,17.88,1.776163723,60.51,1440176.0,0.0,0.0,7654.0,7445173.0,0.0,0.0,9240.0,0.0,0.0,0.0,0.0
2023-03-29 03:16:44.297000+00:00,2191360.0,32157696.0,36507648.0,36507648.0,17.88,1.776163723,60.52,1440176.0,0.0,0.0,7654.0,7445173.0,0.0,0.0,9240.0,0.0,0.0,0.0,0.0
2023-03-29 03:16:48.815000+00:00,2191360.0,32301056.0,36593664.0,36593664.0,17.91,1.776163723,60.57,1441782.0,0.0,0.0,7662.0,7454185.0,0.0,0.0,9250.0,0.0,0.0,0.0,0.0
2023-03-29 03:16:54.608000+00:00,2207744.0,32301056.0,36995072.0,36995072.0,17.93,1.776163723,60.58,1442639.0,0.0,0.0,7667.0,7458765.0,0.0,0.0,9256.0,0.0,0.0,0.0,0.0
2023-03-29 03:16:58.656000+00:00,2207744.0,32628736.0,36986880.0,36986880.0,17.94,1.776163723,60.65,1443526.0,0.0,0.0,7673.0,7463355.0,0.0,0.0,9263.0,0.0,0.0,0.0,0.0
2023-03-29 03:17:03.970000+00:00,2207744.0,32628736.0,36196352.0,36196352.0,17.94,1.776163723,60.65,1444329.0,0.0,0.0,7677.0,7467861.0,0.0,0.0,9268.0,0.0,0.0,0.0,0.0
2023-03-29 03:17:09.290000+00:00,2207744.0,32059392.0,36528128.0,36528128.0,17.96,1.776163723,60.71,1445132.0,0.0,0.0,7681.0,7472367.0,0.0,0.0,9273.0,0.0,0.0,0.0,0.0
2023-03-29 03:17:13.903000+00:00,2207744.0,32157696.0,36397056.0,36397056.0,17.96,1.776163723,60.71,1445935.0,0.0,0.0,7681.0,7472367.0,0.0,0.0,9273.0,0.0,0.0,0.0,0.0
2023-03-29 03:17:19.837000+00:00,2207744.0,32301056.0,36933632.0,36933632.0,17.98,1.776163723,60.78,1446738.0,0.0,0.0,7689.0,7481379.0,0.0,0.0,9283.0,0.0,0.0,0.0,0.0
2023-03-29 03:17:24.056000+00:00,2207744.0,32395264.0,36700160.0,36700160.0,17.98,1.776163723,60.78,1447541.0,0.0,0.0,7693.0,7485885.0,0.0,0.0,9288.0,0.0,0.0,0.0,0.0
2023-03-29 03:17:28.747000+00:00,2207744.0,32497664.0,36757504.0,36757504.0,17.98,1.776163723,60.79,1448344.0,0.0,0.0,7697.0,7490391.0,0.0,0.0,9293.0,0.0,0.0,0.0,0.0
2023-03-29 03:17:34.330000+00:00,2207744.0,32636928.0,36851712.0,36851712.0,17.99,1.776163723,60.86,1449147.0,0.0,0.0,7701.0,7494897.0,0.0,0.0,9298.0,0.0,0.0,0.0,0.0
2023-03-29 03:17:39.458000+00:00,2207744.0,31956992.0,36806656.0,36806656.0,18.0,1.776163723,60.93,1449950.0,0.0,0.0,7705.0,7499403.0,0.0,0.0,9303.0,0.0,0.0,0.0,0.0
2023-03-29 03:17:44.031000+00:00,2207744.0,31956992.0,36806656.0,36806656.0,18.0,1.776163723,60.93,1449950.0,0.0,0.0,7705.0,7499403.0,0.0,0.0,9303.0,0.0,0.0,0.0,0.0
2023-03-29 03:17:49.529000+00:00,2207744.0,32157696.0,36376576.0,36376576.0,18.0,1.776163723,60.94,1451556.0,0.0,0.0,7713.0,7508415.0,0.0,0.0,9313.0,0.0,0.0,0.0,0.0
2023-03-29 03:17:54.574000+00:00,2224128.0,32157696.0,36601856.0,36601856.0,18.03,1.776163723,61.0,1452413.0,0.0,0.0,7718.0,7512995.0,0.0,0.0,9319.0,0.0,0.0,0.0,0.0
2023-03-29 03:17:59.354000+00:00,2224128.0,32485376.0,36675584.0,36675584.0,18.04,1.776163723,61.0,1453300.0,0.0,0.0,7724.0,7517585.0,0.0,0.0,9326.0,0.0,0.0,0.0,0.0
2023-03-29 03:18:03.738000+00:00,2224128.0,32485376.0,36823040.0,36823040.0,18.05,1.776163723,61.06,1454103.0,0.0,0.0,7728.0,7522091.0,0.0,0.0,9331.0,0.0,0.0,0.0,0.0
2023-03-29 03:18:08.462000+00:00,2224128.0,32727040.0,37044224.0,37044224.0,18.05,1.776163723,61.07,1454906.0,0.0,0.0,7732.0,7526597.0,0.0,0.0,9336.0,0.0,0.0,0.0,0.0
2023-03-29 03:18:14.514000+00:00,2224128.0,32022528.0,36237312.0,37044224.0,18.06,1.776163723,61.14,1454906.0,0.0,0.0,7732.0,7526597.0,0.0,0.0,9336.0,0.0,0.0,0.0,0.0
2023-03-29 03:18:18.618000+00:00,2224128.0,32120832.0,36458496.0,36458496.0,18.06,1.776163723,61.14,1456512.0,0.0,0.0,7740.0,7535609.0,0.0,0.0,9346.0,0.0,0.0,0.0,0.0
2023-03-29 03:18:24.301000+00:00,2224128.0,32264192.0,36466688.0,36466688.0,18.09,1.776163723,61.2,1457315.0,0.0,0.0,7744.0,7540115.0,0.0,0.0,9351.0,0.0,0.0,0.0,0.0
2023-03-29 03:18:29.368000+00:00,2224128.0,32362496.0,36564992.0,36564992.0,18.09,1.776163723,61.2,1458118.0,0.0,0.0,7748.0,7544621.0,0.0,0.0,9356.0,0.0,0.0,0.0,0.0
2023-03-29 03:18:33.681000+00:00,2224128.0,32505856.0,36724736.0,36724736.0,18.1,1.776163723,61.27,1458921.0,0.0,0.0,7752.0,7549127.0,0.0,0.0,9361.0,0.0,0.0,0.0,0.0
2023-03-29 03:18:39.342000+00:00,2224128.0,32604160.0,36851712.0,36851712.0,18.1,1.776163723,61.28,1459724.0,0.0,0.0,7756.0,7553633.0,0.0,0.0,9366.0,0.0,0.0,0.0,0.0
2023-03-29 03:18:44.353000+00:00,2224128.0,31920128.0,36851712.0,36851712.0,18.12,1.776163723,61.34,1459724.0,0.0,0.0,7756.0,7553633.0,0.0,0.0,9366.0,0.0,0.0,0.0,0.0
2023-03-29 03:18:49.528000+00:00,2224128.0,32022528.0,36376576.0,36376576.0,18.12,1.776163723,61.34,1461330.0,0.0,0.0,7764.0,7562645.0,0.0,0.0,9376.0,0.0,0.0,0.0,0.0
2023-03-29 03:18:53.607000+00:00,2224128.0,32022528.0,36847616.0,36847616.0,18.15,1.776163723,61.42,1462187.0,0.0,0.0,7769.0,7567225.0,0.0,0.0,9382.0,0.0,0.0,0.0,0.0
2023-03-29 03:18:59.564000+00:00,2236416.0,32346112.0,36569088.0,36569088.0,18.15,1.776163723,61.42,1463074.0,0.0,0.0,7775.0,7571815.0,0.0,0.0,9389.0,0.0,0.0,0.0,0.0
2023-03-29 03:19:04.041000+00:00,2236416.0,32346112.0,36761600.0,36761600.0,18.18,1.776163723,61.42,1463877.0,0.0,0.0,7779.0,7576321.0,0.0,0.0,9394.0,0.0,0.0,0.0,0.0
2023-03-29 03:19:09.149000+00:00,2236416.0,32587776.0,36831232.0,36831232.0,18.18,1.776163723,61.48,1464680.0,0.0,0.0,7783.0,7580827.0,0.0,0.0,9399.0,0.0,0.0,0.0,0.0
2023-03-29 03:19:13.707000+00:00,2236416.0,31920128.0,36421632.0,36831232.0,18.19,1.776163723,61.54,1464680.0,0.0,0.0,7783.0,7580827.0,0.0,0.0,9399.0,0.0,0.0,0.0,0.0
2023-03-29 03:19:18.501000+00:00,2236416.0,32022528.0,36261888.0,36261888.0,18.19,1.776163723,61.55,1466286.0,0.0,0.0,7791.0,7589839.0,0.0,0.0,9409.0,0.0,0.0,0.0,0.0
2023-03-29 03:19:24.118000+00:00,2236416.0,32161792.0,36851712.0,36851712.0,18.21,1.776163723,61.61,1467089.0,0.0,0.0,7795.0,7594345.0,0.0,0.0,9414.0,0.0,0.0,0.0,0.0
2023-03-29 03:19:28.497000+00:00,2236416.0,32260096.0,36511744.0,36511744.0,18.22,1.776163723,61.61,1467892.0,0.0,0.0,7799.0,7598851.0,0.0,0.0,9419.0,0.0,0.0,0.0,0.0
2023-03-29 03:19:33.414000+00:00,2236416.0,32399360.0,36769792.0,36769792.0,18.24,1.776163723,61.68,1468695.0,0.0,0.0,7803.0,7603357.0,0.0,0.0,9424.0,0.0,0.0,0.0,0.0
2023-03-29 03:19:38.448000+00:00,2236416.0,32501760.0,36741120.0,36741120.0,18.24,1.776163723,61.68,1469498.0,0.0,0.0,7807.0,7607863.0,0.0,0.0,9429.0,0.0,0.0,0.0,0.0
2023-03-29 03:19:44.063000+00:00,2236416.0,32501760.0,36741120.0,36741120.0,18.27,1.776163723,61.74,1469498.0,0.0,0.0,7807.0,7607863.0,0.0,0.0,9429.0,0.0,0.0,0.0,0.0
2023-03-29 03:19:48.304000+00:00,2236416.0,31920128.0,36327424.0,36327424.0,18.27,1.776163723,61.74,1471104.0,0.0,0.0,7815.0,7616875.0,0.0,0.0,9439.0,0.0,0.0,0.0,0.0
2023-03-29 03:19:53.871000+00:00,2252800.0,32145408.0,36642816.0,36642816.0,18.29,1.776163723,61.82,1471961.0,0.0,0.0,7820.0,7621455.0,0.0,0.0,9445.0,0.0,0.0,0.0,0.0
2023-03-29 03:19:59.262000+00:00,2252800.0,32247808.0,36450304.0,36450304.0,18.29,1.776163723,61.82,1472848.0,0.0,0.0,7826.0,7626045.0,0.0,0.0,9452.0,0.0,0.0,0.0,0.0
2023-03-29 03:20:03.431000+00:00,2252800.0,32247808.0,36712448.0,36712448.0,18.29,1.776163723,61.82,1473651.0,0.0,0.0,7830.0,7630551.0,0.0,0.0,9457.0,0.0,0.0,0.0,0.0
2023-03-29 03:20:09.826000+00:00,2252800.0,32489472.0,36913152.0,36913152.0,18.31,1.776163723,61.9,1474454.0,0.0,0.0,7834.0,7635057.0,0.0,0.0,9462.0,0.0,0.0,0.0,0.0
2023-03-29 03:20:14.629000+00:00,2252800.0,32628736.0,37040128.0,37040128.0,18.32,1.776163723,61.96,1474454.0,0.0,0.0,7834.0,7635057.0,0.0,0.0,9462.0,0.0,0.0,0.0,0.0
2023-03-29 03:20:19.302000+00:00,2252800.0,32731136.0,36990976.0,36990976.0,18.32,1.776163723,61.97,1476060.0,0.0,0.0,7842.0,7644069.0,0.0,0.0,9472.0,0.0,0.0,0.0,0.0
2023-03-29 03:20:23.702000+00:00,2252800.0,31928320.0,36372480.0,36372480.0,18.32,1.776163723,61.97,1476863.0,0.0,0.0,7846.0,7648575.0,0.0,0.0,9477.0,0.0,0.0,0.0,0.0
2023-03-29 03:20:28.933000+00:00,2252800.0,32067584.0,36302848.0,36302848.0,18.34,1.776163723,62.03,1477666.0,0.0,0.0,7850.0,7653081.0,0.0,0.0,9482.0,0.0,0.0,0.0,0.0
2023-03-29 03:20:33.512000+00:00,2252800.0,32169984.0,36503552.0,36503552.0,18.34,1.776163723,62.04,1478469.0,0.0,0.0,7854.0,7657587.0,0.0,0.0,9487.0,0.0,0.0,0.0,0.0
2023-03-29 03:20:39.679000+00:00,2252800.0,32313344.0,36560896.0,36560896.0,18.35,1.776163723,62.1,1479272.0,0.0,0.0,7858.0,7662093.0,0.0,0.0,9492.0,0.0,0.0,0.0,0.0
2023-03-29 03:20:43.814000+00:00,2252800.0,32407552.0,36560896.0,36560896.0,18.35,1.776163723,62.11,1479272.0,0.0,0.0,7858.0,7662093.0,0.0,0.0,9497.0,0.0,0.0,0.0,0.0
2023-03-29 03:20:48.576000+00:00,2252800.0,32555008.0,36790272.0,36790272.0,18.36,1.776163723,62.18,1480878.0,0.0,0.0,7866.0,7671105.0,0.0,0.0,9502.0,0.0,0.0,0.0,0.0
2023-03-29 03:20:54.564000+00:00,2269184.0,31981568.0,36429824.0,36429824.0,18.38,1.776163723,62.19,1481735.0,0.0,0.0,7871.0,7675685.0,0.0,0.0,9508.0,0.0,0.0,0.0,0.0
2023-03-29 03:20:59.539000+00:00,2269184.0,32120832.0,36433920.0,36433920.0,18.39,1.776163723,62.25,1482622.0,0.0,0.0,7877.0,7680275.0,0.0,0.0,9515.0,0.0,0.0,0.0,0.0
2023-03-29 03:21:03.795000+00:00,2269184.0,32120832.0,36417536.0,36417536.0,18.39,1.776163723,62.25,1483425.0,0.0,0.0,7881.0,7684781.0,0.0,0.0,9520.0,0.0,0.0,0.0,0.0
2023-03-29 03:21:09.883000+00:00,2269184.0,32362496.0,36741120.0,36741120.0,18.42,1.776163723,62.32,1484228.0,0.0,0.0,7885.0,7689287.0,0.0,0.0,9525.0,0.0,0.0,0.0,0.0
2023-03-29 03:21:14.505000+00:00,2269184.0,32460800.0,36671488.0,36741120.0,18.42,1.776163723,62.32,1484228.0,0.0,0.0,7885.0,7689287.0,0.0,0.0,9525.0,0.0,0.0,0.0,0.0
2023-03-29 03:21:18.722000+00:00,2269184.0,32600064.0,37134336.0,37134336.0,18.44,1.776163723,62.39,1485834.0,0.0,0.0,7893.0,7698299.0,0.0,0.0,9535.0,0.0,0.0,0.0,0.0
2023-03-29 03:21:24.726000+00:00,2269184.0,32702464.0,36925440.0,36925440.0,18.44,1.776163723,62.39,1486637.0,0.0,0.0,7897.0,7702805.0,0.0,0.0,9540.0,0.0,0.0,0.0,0.0
2023-03-29 03:21:29.359000+00:00,2269184.0,32022528.0,36368384.0,36368384.0,18.45,1.776163723,62.46,1487440.0,0.0,0.0,7901.0,7707311.0,0.0,0.0,9545.0,0.0,0.0,0.0,0.0
2023-03-29 03:21:33.855000+00:00,2269184.0,32120832.0,36380672.0,36380672.0,18.45,1.776163723,62.47,1488243.0,0.0,0.0,7905.0,7711817.0,0.0,0.0,9550.0,0.0,0.0,0.0,0.0
2023-03-29 03:21:39.032000+00:00,2269184.0,32264192.0,36528128.0,36528128.0,18.48,1.776163723,62.53,1489046.0,0.0,0.0,7909.0,7716323.0,0.0,0.0,9555.0,0.0,0.0,0.0,0.0
2023-03-29 03:21:44.132000+00:00,2269184.0,32362496.0,36528128.0,36528128.0,18.48,1.776163723,62.53,1489046.0,0.0,0.0,7909.0,7716323.0,0.0,0.0,9560.0,0.0,0.0,0.0,0.0
2023-03-29 03:21:47.968000+00:00,2269184.0,32493568.0,36933632.0,36933632.0,18.5,1.776163723,62.59,1490216.0,0.0,0.0,7915.0,7725019.0,0.0,0.0,9561.0,0.0,0.0,0.0,0.0
2023-03-29 03:21:54.386000+00:00,2285568.0,32690176.0,37023744.0,37023744.0,18.51,1.776163723,62.6,1491509.0,0.0,0.0,7922.0,7729915.0,0.0,0.0,9571.0,0.0,0.0,0.0,0.0
2023-03-29 03:21:58.799000+00:00,2285568.0,32014336.0,36610048.0,36610048.0,18.53,1.776163723,62.67,1492396.0,0.0,0.0,7928.0,7734505.0,0.0,0.0,9578.0,0.0,0.0,0.0,0.0
2023-03-29 03:22:04.643000+00:00,2285568.0,32116736.0,36335616.0,36335616.0,18.53,1.776163723,62.67,1493199.0,0.0,0.0,7932.0,7739011.0,0.0,0.0,9583.0,0.0,0.0,0.0,0.0
2023-03-29 03:22:08.164000+00:00,2285568.0,32260096.0,36794368.0,36794368.0,18.56,1.776163723,62.73,1494002.0,0.0,0.0,7936.0,7743517.0,0.0,0.0,9588.0,0.0,0.0,0.0,0.0
2023-03-29 03:22:14.467000+00:00,2285568.0,32260096.0,36794368.0,36794368.0,18.57,1.776163723,62.74,1494002.0,0.0,0.0,7936.0,7743517.0,0.0,0.0,9588.0,0.0,0.0,0.0,0.0
2023-03-29 03:22:19.309000+00:00,2285568.0,32501760.0,36990976.0,36990976.0,18.58,1.776163723,62.8,1495608.0,0.0,0.0,7944.0,7752529.0,0.0,0.0,9598.0,0.0,0.0,0.0,0.0
2023-03-29 03:22:23.597000+00:00,2285568.0,32600064.0,36814848.0,36814848.0,18.58,1.776163723,62.8,1496411.0,0.0,0.0,7948.0,7757035.0,0.0,0.0,9603.0,0.0,0.0,0.0,0.0
2023-03-29 03:22:28.442000+00:00,2285568.0,32698368.0,36945920.0,36945920.0,18.59,1.776163723,62.81,1497214.0,0.0,0.0,7952.0,7761541.0,0.0,0.0,9608.0,0.0,0.0,0.0,0.0
2023-03-29 03:22:33.767000+00:00,2285568.0,32018432.0,36233216.0,36233216.0,18.6,1.776163723,62.88,1498017.0,0.0,0.0,7956.0,7766047.0,0.0,0.0,9613.0,0.0,0.0,0.0,0.0
2023-03-29 03:22:39.291000+00:00,2285568.0,32157696.0,36831232.0,36831232.0,18.63,1.776163723,62.93,1498820.0,0.0,0.0,7960.0,7770553.0,0.0,0.0,9618.0,0.0,0.0,0.0,0.0
2023-03-29 03:22:44.403000+00:00,2285568.0,32260096.0,36831232.0,36831232.0,18.63,1.776163723,62.94,1498820.0,0.0,0.0,7960.0,7770553.0,0.0,0.0,9623.0,0.0,0.0,0.0,0.0
2023-03-29 03:22:49.312000+00:00,2285568.0,33628160.0,38445056.0,38445056.0,18.65,1.776163723,63.04,1500426.0,0.0,0.0,7968.0,7779565.0,0.0,0.0,9628.0,0.0,0.0,0.0,0.0
2023-03-29 03:22:54.025000+00:00,2285568.0,32575488.0,37036032.0,37036032.0,18.66,1.776163723,63.05,1501283.0,0.0,0.0,7973.0,7784145.0,0.0,0.0,9634.0,0.0,0.0,0.0,0.0
2023-03-29 03:22:59.335000+00:00,2297856.0,32677888.0,37019648.0,37019648.0,18.66,1.776163723,63.05,1502170.0,0.0,0.0,7979.0,7788735.0,0.0,0.0,9641.0,0.0,0.0,0.0,0.0
2023-03-29 03:23:04.743000+00:00,2297856.0,31924224.0,36134912.0,36134912.0,18.69,1.776163723,63.05,1502973.0,0.0,0.0,7983.0,7793241.0,0.0,0.0,9646.0,0.0,0.0,0.0,0.0
2023-03-29 03:23:09.394000+00:00,2297856.0,32026624.0,36364288.0,36364288.0,18.69,1.776163723,63.12,1503776.0,0.0,0.0,7987.0,7797747.0,0.0,0.0,9651.0,0.0,0.0,0.0,0.0
2023-03-29 03:23:14.522000+00:00,2297856.0,32026624.0,36364288.0,36364288.0,18.71,1.776163723,63.12,1503776.0,0.0,0.0,7987.0,7797747.0,0.0,0.0,9651.0,0.0,0.0,0.0,0.0
2023-03-29 03:23:19.387000+00:00,2297856.0,32268288.0,36470784.0,36470784.0,18.71,1.776163723,63.18,1505382.0,0.0,0.0,7995.0,7806759.0,0.0,0.0,9661.0,0.0,0.0,0.0,0.0
2023-03-29 03:23:24.520000+00:00,2297856.0,32538624.0,36810752.0,36810752.0,18.74,1.776163723,63.24,1506185.0,0.0,0.0,7999.0,7811265.0,0.0,0.0,9666.0,0.0,0.0,0.0,0.0
2023-03-29 03:23:28.690000+00:00,2297856.0,32636928.0,36839424.0,36839424.0,18.74,1.776163723,63.25,1506988.0,0.0,0.0,8003.0,7815771.0,0.0,0.0,9671.0,0.0,0.0,0.0,0.0
2023-03-29 03:23:33.674000+00:00,2297856.0,32776192.0,37015552.0,37015552.0,18.76,1.776163723,63.3,1507791.0,0.0,0.0,8007.0,7820277.0,0.0,0.0,9676.0,0.0,0.0,0.0,0.0
2023-03-29 03:23:39.717000+00:00,2297856.0,32047104.0,36442112.0,36442112.0,18.77,1.776163723,63.31,1508594.0,0.0,0.0,8011.0,7824783.0,0.0,0.0,9681.0,0.0,0.0,0.0,0.0
2023-03-29 03:23:44.198000+00:00,2297856.0,32047104.0,36442112.0,36442112.0,18.79,1.776163723,63.39,1508594.0,0.0,0.0,8015.0,7829289.0,0.0,0.0,9686.0,0.0,0.0,0.0,0.0
2023-03-29 03:23:49.515000+00:00,2297856.0,32251904.0,36466688.0,36466688.0,18.79,1.776163723,63.4,1510200.0,0.0,0.0,8019.0,7833795.0,0.0,0.0,9691.0,0.0,0.0,0.0,0.0
2023-03-29 03:23:53.543000+00:00,2314240.0,32477184.0,36937728.0,36937728.0,18.82,1.776163723,63.47,1511057.0,0.0,0.0,8024.0,7838375.0,0.0,0.0,9697.0,0.0,0.0,0.0,0.0
2023-03-29 03:23:59.673000+00:00,2314240.0,32579584.0,36823040.0,36823040.0,18.82,1.776163723,63.47,1511944.0,0.0,0.0,8030.0,7842965.0,0.0,0.0,9704.0,0.0,0.0,0.0,0.0
2023-03-29 03:24:04.312000+00:00,2314240.0,32714752.0,36909056.0,36909056.0,18.85,1.776163723,63.52,1512747.0,0.0,0.0,8034.0,7847471.0,0.0,0.0,9709.0,0.0,0.0,0.0,0.0
2023-03-29 03:24:09.147000+00:00,2314240.0,32014336.0,36331520.0,36331520.0,18.86,1.776163723,63.53,1513550.0,0.0,0.0,8038.0,7851977.0,0.0,0.0,9714.0,0.0,0.0,0.0,0.0
2023-03-29 03:24:14.846000+00:00,2314240.0,32014336.0,36331520.0,36331520.0,18.88,1.776269545,63.59,1513550.0,0.0,0.0,8038.0,7851977.0,0.0,0.0,9714.0,0.0,0.0,0.0,0.0
2023-03-29 03:24:19.283000+00:00,2314240.0,32251904.0,36499456.0,36499456.0,18.88,1.776269545,63.6,1515156.0,0.0,0.0,8046.0,7860989.0,0.0,0.0,9724.0,0.0,0.0,0.0,0.0
2023-03-29 03:24:24.305000+00:00,2314240.0,32391168.0,36630528.0,36630528.0,18.88,1.776269545,63.67,1515959.0,0.0,0.0,8050.0,7865495.0,0.0,0.0,9729.0,0.0,0.0,0.0,0.0
2023-03-29 03:24:29.348000+00:00,2314240.0,32489472.0,36687872.0,36687872.0,18.88,1.776269545,63.68,1516762.0,0.0,0.0,8054.0,7870001.0,0.0,0.0,9734.0,0.0,0.0,0.0,0.0
2023-03-29 03:24:34.592000+00:00,2314240.0,32628736.0,36859904.0,36859904.0,18.89,1.776269545,63.75,1517565.0,0.0,0.0,8058.0,7874507.0,0.0,0.0,9739.0,0.0,0.0,0.0,0.0
2023-03-29 03:24:39.065000+00:00,2314240.0,32727040.0,36978688.0,36978688.0,18.9,1.776269545,63.75,1518368.0,0.0,0.0,8062.0,7879013.0,0.0,0.0,9744.0,0.0,0.0,0.0,0.0
2023-03-29 03:24:44.572000+00:00,2314240.0,32727040.0,36978688.0,36978688.0,18.91,1.776269545,63.82,1518368.0,0.0,0.0,8062.0,7879013.0,0.0,0.0,9744.0,0.0,0.0,0.0,0.0
2023-03-29 03:24:48.453000+00:00,2314240.0,32149504.0,36380672.0,36380672.0,18.91,1.776269545,63.83,1519974.0,0.0,0.0,8070.0,7888025.0,0.0,0.0,9754.0,0.0,0.0,0.0,0.0
2023-03-29 03:24:53.129000+00:00,2314240.0,32288768.0,36687872.0,36687872.0,18.94,1.776269545,63.83,1520777.0,0.0,0.0,8074.0,7892531.0,0.0,0.0,9759.0,0.0,0.0,0.0,0.0
2023-03-29 03:24:59.545000+00:00,2330624.0,32477184.0,36728832.0,36728832.0,18.95,1.776269545,63.9,1521718.0,0.0,0.0,8081.0,7897195.0,0.0,0.0,9767.0,0.0,0.0,0.0,0.0
2023-03-29 03:25:03.503000+00:00,2330624.0,32616448.0,37093376.0,37093376.0,18.96,1.776269545,63.96,1522521.0,0.0,0.0,8085.0,7901701.0,0.0,0.0,9772.0,0.0,0.0,0.0,0.0
2023-03-29 03:25:08.120000+00:00,2330624.0,32710656.0,36978688.0,36978688.0,18.96,1.776269545,63.97,1523324.0,0.0,0.0,8089.0,7906207.0,0.0,0.0,9777.0,0.0,0.0,0.0,0.0
2023-03-29 03:25:14.649000+00:00,2330624.0,32055296.0,36978688.0,36978688.0,18.97,1.776269545,64.05,1523324.0,0.0,0.0,8089.0,7906207.0,0.0,0.0,9777.0,0.0,0.0,0.0,0.0
2023-03-29 03:25:19.230000+00:00,2330624.0,32153600.0,36372480.0,36372480.0,18.97,1.776269545,64.05,1524930.0,0.0,0.0,8097.0,7915219.0,0.0,0.0,9787.0,0.0,0.0,0.0,0.0
2023-03-29 03:25:24.689000+00:00,2330624.0,32292864.0,36651008.0,36651008.0,18.98,1.776269545,64.12,1525733.0,0.0,0.0,8101.0,7919725.0,0.0,0.0,9792.0,0.0,0.0,0.0,0.0
2023-03-29 03:25:29.143000+00:00,2330624.0,32395264.0,36618240.0,36618240.0,18.98,1.776269545,64.12,1526536.0,0.0,0.0,8105.0,7924231.0,0.0,0.0,9797.0,0.0,0.0,0.0,0.0
2023-03-29 03:25:34.868000+00:00,2330624.0,32530432.0,36900864.0,36900864.0,19.0,1.776269545,64.12,1527339.0,0.0,0.0,8109.0,7928737.0,0.0,0.0,9802.0,0.0,0.0,0.0,0.0
2023-03-29 03:25:39.211000+00:00,2330624.0,32632832.0,36909056.0,36909056.0,19.0,1.776269545,64.18,1528142.0,0.0,0.0,8113.0,7933243.0,0.0,0.0,9807.0,0.0,0.0,0.0,0.0
2023-03-29 03:25:43.153000+00:00,2330624.0,32804864.0,37105664.0,37105664.0,19.0,1.776269545,64.2,1528945.0,0.0,0.0,8113.0,7933243.0,0.0,0.0,9807.0,0.0,0.0,0.0,0.0
2023-03-29 03:25:49.768000+00:00,2330624.0,31932416.0,36450304.0,36450304.0,19.02,1.776269545,64.26,1529748.0,0.0,0.0,8121.0,7942255.0,0.0,0.0,9817.0,0.0,0.0,0.0,0.0
2023-03-29 03:25:53.630000+00:00,2342912.0,32116736.0,36691968.0,36691968.0,19.03,1.776269545,64.27,1530605.0,0.0,0.0,8126.0,7946835.0,0.0,0.0,9823.0,0.0,0.0,0.0,0.0
2023-03-29 03:25:59.252000+00:00,2342912.0,32256000.0,36524032.0,36524032.0,19.04,1.776269545,64.34,1531492.0,0.0,0.0,8132.0,7951425.0,0.0,0.0,9830.0,0.0,0.0,0.0,0.0
2023-03-29 03:26:04.145000+00:00,2342912.0,32350208.0,36610048.0,36610048.0,19.04,1.776269545,64.35,1532295.0,0.0,0.0,8136.0,7955931.0,0.0,0.0,9835.0,0.0,0.0,0.0,0.0
2023-03-29 03:26:09.651000+00:00,2342912.0,32493568.0,36745216.0,36745216.0,19.07,1.776843857,64.4,1533098.0,0.0,0.0,8140.0,7960437.0,0.0,0.0,9840.0,0.0,0.0,0.0,0.0
2023-03-29 03:26:14.151000+00:00,2342912.0,32493568.0,36745216.0,36745216.0,19.07,1.776843857,64.41,1533098.0,0.0,0.0,8140.0,7960437.0,0.0,0.0,9840.0,0.0,0.0,0.0,0.0
2023-03-29 03:26:19.178000+00:00,2342912.0,31924224.0,36380672.0,36380672.0,19.09,1.776843857,64.47,1534704.0,0.0,0.0,8148.0,7969449.0,0.0,0.0,9850.0,0.0,0.0,0.0,0.0
2023-03-29 03:26:24.129000+00:00,2342912.0,31924224.0,36270080.0,36270080.0,19.09,1.776843857,64.48,1535507.0,0.0,0.0,8152.0,7973955.0,0.0,0.0,9855.0,0.0,0.0,0.0,0.0
2023-03-29 03:26:28.937000+00:00,2342912.0,32161792.0,36511744.0,36511744.0,19.11,1.776843857,64.55,1536310.0,0.0,0.0,8156.0,7978461.0,0.0,0.0,9860.0,0.0,0.0,0.0,0.0
2023-03-29 03:26:34.250000+00:00,2342912.0,32161792.0,36495360.0,36495360.0,19.11,1.776843857,64.56,1537113.0,0.0,0.0,8160.0,7982967.0,0.0,0.0,9865.0,0.0,0.0,0.0,0.0
2023-03-29 03:26:39.071000+00:00,2342912.0,32399360.0,36773888.0,36773888.0,19.13,1.776843857,64.62,1537916.0,0.0,0.0,8164.0,7987473.0,0.0,0.0,9870.0,0.0,0.0,0.0,0.0
2023-03-29 03:26:44.311000+00:00,2342912.0,32497664.0,36732928.0,36732928.0,19.13,1.776843857,64.63,1538719.0,0.0,0.0,8164.0,7987473.0,0.0,0.0,9870.0,0.0,0.0,0.0,0.0
2023-03-29 03:26:49.860000+00:00,2342912.0,32636928.0,36913152.0,36913152.0,19.15,1.776843857,64.68,1539522.0,0.0,0.0,8172.0,7996485.0,0.0,0.0,9880.0,0.0,0.0,0.0,0.0
2023-03-29 03:26:53.560000+00:00,2342912.0,32006144.0,36749312.0,36749312.0,19.17,1.776843857,64.69,1540379.0,0.0,0.0,8177.0,8001065.0,0.0,0.0,9886.0,0.0,0.0,0.0,0.0
2023-03-29 03:26:59.634000+00:00,2359296.0,32145408.0,36597760.0,36597760.0,19.19,1.776843857,64.76,1541266.0,0.0,0.0,8183.0,8005655.0,0.0,0.0,9893.0,0.0,0.0,0.0,0.0
2023-03-29 03:27:03.603000+00:00,2359296.0,32243712.0,36462592.0,36462592.0,19.19,1.776843857,64.76,1542069.0,0.0,0.0,8187.0,8010161.0,0.0,0.0,9898.0,0.0,0.0,0.0,0.0
2023-03-29 03:27:09.075000+00:00,2359296.0,32378880.0,36786176.0,36786176.0,19.21,1.776843857,64.82,1542872.0,0.0,0.0,8191.0,8014667.0,0.0,0.0,9903.0,0.0,0.0,0.0,0.0
2023-03-29 03:27:14.291000+00:00,2359296.0,32477184.0,36786176.0,36786176.0,19.21,1.776843857,64.83,1542872.0,0.0,0.0,8191.0,8014667.0,0.0,0.0,9903.0,0.0,0.0,0.0,0.0
2023-03-29 03:27:19.474000+00:00,2359296.0,32616448.0,36950016.0,36950016.0,19.23,1.776843857,64.89,1544478.0,0.0,0.0,8199.0,8023679.0,0.0,0.0,9913.0,0.0,0.0,0.0,0.0
2023-03-29 03:27:24.343000+00:00,2359296.0,32616448.0,36917248.0,36917248.0,19.23,1.776843857,64.89,1545281.0,0.0,0.0,8203.0,8028185.0,0.0,0.0,9918.0,0.0,0.0,0.0,0.0
2023-03-29 03:27:29.823000+00:00,2359296.0,31977472.0,36483072.0,36483072.0,19.26,1.776843857,64.95,1546084.0,0.0,0.0,8207.0,8032691.0,0.0,0.0,9923.0,0.0,0.0,0.0,0.0
2023-03-29 03:27:34.783000+00:00,2359296.0,31977472.0,36278272.0,36278272.0,19.26,1.776843857,64.96,1546887.0,0.0,0.0,8211.0,8037197.0,0.0,0.0,9928.0,0.0,0.0,0.0,0.0
2023-03-29 03:27:39.227000+00:00,2359296.0,32210944.0,36642816.0,36642816.0,19.27,1.776843857,65.02,1547690.0,0.0,0.0,8215.0,8041703.0,0.0,0.0,9933.0,0.0,0.0,0.0,0.0
2023-03-29 03:27:44.221000+00:00,2359296.0,32313344.0,36511744.0,36511744.0,19.27,1.776843857,65.02,1547690.0,0.0,0.0,8215.0,8041703.0,0.0,0.0,9933.0,0.0,0.0,0.0,0.0
2023-03-29 03:27:48.975000+00:00,2359296.0,32448512.0,36786176.0,36786176.0,19.29,1.776843857,65.08,1549296.0,0.0,0.0,8223.0,8050715.0,0.0,0.0,9943.0,0.0,0.0,0.0,0.0
2023-03-29 03:27:54.639000+00:00,2375680.0,32632832.0,36847616.0,36847616.0,19.3,1.776843857,65.1,1550153.0,0.0,0.0,8228.0,8055295.0,0.0,0.0,9949.0,0.0,0.0,0.0,0.0
2023-03-29 03:27:59.656000+00:00,2375680.0,31965184.0,36462592.0,36462592.0,19.32,1.776843857,65.16,1551040.0,0.0,0.0,8234.0,8059885.0,0.0,0.0,9956.0,0.0,0.0,0.0,0.0
2023-03-29 03:28:04.171000+00:00,2375680.0,32063488.0,36278272.0,36278272.0,19.32,1.776843857,65.16,1551843.0,0.0,0.0,8238.0,8064391.0,0.0,0.0,9961.0,0.0,0.0,0.0,0.0
2023-03-29 03:28:09.635000+00:00,2375680.0,32202752.0,36835328.0,36835328.0,19.34,1.776843857,65.23,1552646.0,0.0,0.0,8242.0,8068897.0,0.0,0.0,9966.0,0.0,0.0,0.0,0.0
2023-03-29 03:28:14.221000+00:00,2375680.0,32301056.0,36835328.0,36835328.0,19.34,1.776843857,65.24,1552646.0,0.0,0.0,8242.0,8068897.0,0.0,0.0,9966.0,0.0,0.0,0.0,0.0
2023-03-29 03:28:18.566000+00:00,2375680.0,32399360.0,36646912.0,36646912.0,19.34,1.776843857,65.24,1554252.0,0.0,0.0,8250.0,8077909.0,0.0,0.0,9976.0,0.0,0.0,0.0,0.0
2023-03-29 03:28:24.215000+00:00,2375680.0,32538624.0,36900864.0,36900864.0,19.36,1.776843857,65.3,1555055.0,0.0,0.0,8254.0,8082415.0,0.0,0.0,9981.0,0.0,0.0,0.0,0.0
2023-03-29 03:28:28.901000+00:00,2375680.0,32636928.0,36835328.0,36835328.0,19.36,1.776843857,65.3,1555858.0,0.0,0.0,8258.0,8086921.0,0.0,0.0,9986.0,0.0,0.0,0.0,0.0
2023-03-29 03:28:33.733000+00:00,2375680.0,31932416.0,36335616.0,36335616.0,19.38,1.776843857,65.3,1556661.0,0.0,0.0,8262.0,8091427.0,0.0,0.0,9991.0,0.0,0.0,0.0,0.0
2023-03-29 03:28:39.620000+00:00,2375680.0,32030720.0,36225024.0,36225024.0,19.38,1.776843857,65.37,1557464.0,0.0,0.0,8266.0,8095933.0,0.0,0.0,9996.0,0.0,0.0,0.0,0.0
2023-03-29 03:28:43.560000+00:00,2375680.0,32030720.0,36225024.0,36225024.0,19.4,1.776843857,65.44,1557464.0,0.0,0.0,8266.0,8095933.0,0.0,0.0,9996.0,0.0,0.0,0.0,0.0
2023-03-29 03:28:49.281000+00:00,2375680.0,32268288.0,36515840.0,36515840.0,19.4,1.776843857,65.45,1559070.0,0.0,0.0,8274.0,8104945.0,0.0,0.0,10006.0,0.0,0.0,0.0,0.0
2023-03-29 03:28:53.940000+00:00,2375680.0,32493568.0,37101568.0,37101568.0,19.44,1.776843857,65.51,1559927.0,0.0,0.0,8279.0,8109525.0,0.0,0.0,10012.0,0.0,0.0,0.0,0.0
2023-03-29 03:28:59.178000+00:00,2392064.0,32587776.0,36835328.0,36835328.0,19.44,1.776843857,65.51,1560814.0,0.0,0.0,8285.0,8114115.0,0.0,0.0,10019.0,0.0,0.0,0.0,0.0
2023-03-29 03:29:04.421000+00:00,2392064.0,31928320.0,36343808.0,36343808.0,19.46,1.776843857,65.59,1561617.0,0.0,0.0,8289.0,8118621.0,0.0,0.0,10024.0,0.0,0.0,0.0,0.0
2023-03-29 03:29:08.857000+00:00,2392064.0,32030720.0,36237312.0,36237312.0,19.46,1.776843857,65.6,1562420.0,0.0,0.0,8293.0,8123127.0,0.0,0.0,10029.0,0.0,0.0,0.0,0.0
2023-03-29 03:29:14.115000+00:00,2392064.0,32165888.0,36237312.0,36237312.0,19.48,1.776843857,65.65,1562420.0,0.0,0.0,8293.0,8123127.0,0.0,0.0,10034.0,0.0,0.0,0.0,0.0
2023-03-29 03:29:19.720000+00:00,2392064.0,32268288.0,36499456.0,36499456.0,19.49,1.776843857,65.65,1564026.0,0.0,0.0,8301.0,8132139.0,0.0,0.0,10039.0,0.0,0.0,0.0,0.0
2023-03-29 03:29:23.396000+00:00,2392064.0,32403456.0,36749312.0,36749312.0,19.51,1.776843857,65.72,1564829.0,0.0,0.0,8305.0,8136645.0,0.0,0.0,10044.0,0.0,0.0,0.0,0.0
2023-03-29 03:29:28.286000+00:00,2392064.0,32501760.0,36737024.0,36737024.0,19.51,1.776843857,65.73,1565632.0,0.0,0.0,8309.0,8141151.0,0.0,0.0,10049.0,0.0,0.0,0.0,0.0
2023-03-29 03:29:33.515000+00:00,2392064.0,32641024.0,37113856.0,37113856.0,19.53,1.776843857,65.73,1566435.0,0.0,0.0,8313.0,8145657.0,0.0,0.0,10054.0,0.0,0.0,0.0,0.0
2023-03-29 03:29:38.840000+00:00,2392064.0,31924224.0,36356096.0,36356096.0,19.53,1.776843857,65.8,1567238.0,0.0,0.0,8317.0,8150163.0,0.0,0.0,10059.0,0.0,0.0,0.0,0.0
2023-03-29 03:29:44.649000+00:00,2392064.0,32059392.0,36524032.0,36356096.0,19.55,1.776843857,65.86,1567238.0,0.0,0.0,8317.0,8150163.0,0.0,0.0,10059.0,0.0,0.0,0.0,0.0
2023-03-29 03:29:48.672000+00:00,2392064.0,32157696.0,36474880.0,36474880.0,19.55,1.776843857,65.87,1568844.0,0.0,0.0,8325.0,8159175.0,0.0,0.0,10069.0,0.0,0.0,0.0,0.0
2023-03-29 03:29:54.290000+00:00,2404352.0,32382976.0,37015552.0,37015552.0,19.6,1.776843857,65.93,1569701.0,0.0,0.0,8330.0,8163755.0,0.0,0.0,10075.0,0.0,0.0,0.0,0.0
2023-03-29 03:29:58.946000+00:00,2404352.0,32481280.0,36696064.0,36696064.0,19.6,1.776843857,65.93,1570588.0,0.0,0.0,8336.0,8168345.0,0.0,0.0,10082.0,0.0,0.0,0.0,0.0
2023-03-29 03:30:04.859000+00:00,2404352.0,32620544.0,36843520.0,36843520.0,19.62,1.776843857,66.0,1571391.0,0.0,0.0,8340.0,8172851.0,0.0,0.0,10087.0,0.0,0.0,0.0,0.0
2023-03-29 03:30:08.270000+00:00,2404352.0,31920128.0,36319232.0,36319232.0,19.62,1.776843857,66.0,1572281.0,0.0,0.0,8345.0,8177357.0,0.0,0.0,10092.0,0.0,0.0,0.0,0.0
2023-03-29 03:30:14.421000+00:00,2404352.0,32059392.0,36319232.0,36319232.0,19.65,1.776843857,66.06,1572281.0,0.0,0.0,8345.0,8177357.0,0.0,0.0,10097.0,0.0,0.0,0.0,0.0
2023-03-29 03:30:19.040000+00:00,2404352.0,32153600.0,36356096.0,36356096.0,19.65,1.776843857,66.06,1573887.0,0.0,0.0,8353.0,8186369.0,0.0,0.0,10102.0,0.0,0.0,0.0,0.0
2023-03-29 03:30:23.809000+00:00,2404352.0,32296960.0,36712448.0,36712448.0,19.68,1.776843857,66.12,1574690.0,0.0,0.0,8357.0,8190875.0,0.0,0.0,10107.0,0.0,0.0,0.0,0.0
2023-03-29 03:30:29.348000+00:00,2404352.0,32391168.0,36585472.0,36585472.0,19.68,1.776843857,66.13,1575493.0,0.0,0.0,8361.0,8195381.0,0.0,0.0,10112.0,0.0,0.0,0.0,0.0
2023-03-29 03:30:33.461000+00:00,2404352.0,32534528.0,36958208.0,36958208.0,19.7,1.776843857,66.18,1576296.0,0.0,0.0,8365.0,8199887.0,0.0,0.0,10117.0,0.0,0.0,0.0,0.0
2023-03-29 03:30:39.372000+00:00,2404352.0,32628736.0,36872192.0,36872192.0,19.7,1.776843857,66.19,1577099.0,0.0,0.0,8369.0,8204393.0,0.0,0.0,10122.0,0.0,0.0,0.0,0.0
2023-03-29 03:30:44.202000+00:00,2404352.0,32628736.0,36872192.0,36872192.0,19.72,1.776843857,66.26,1577099.0,0.0,0.0,8369.0,8204393.0,0.0,0.0,10122.0,0.0,0.0,0.0,0.0
2023-03-29 03:30:49.543000+00:00,2404352.0,32026624.0,36237312.0,36237312.0,19.72,1.776843857,66.26,1578705.0,0.0,0.0,8377.0,8213405.0,0.0,0.0,10132.0,0.0,0.0,0.0,0.0
2023-03-29 03:30:54.218000+00:00,2420736.0,32251904.0,36634624.0,36634624.0,19.76,1.776843857,66.33,1579562.0,0.0,0.0,8382.0,8217985.0,0.0,0.0,10138.0,0.0,0.0,0.0,0.0
2023-03-29 03:30:59.552000+00:00,2420736.0,32346112.0,36548608.0,36548608.0,19.76,1.776843857,66.33,1580449.0,0.0,0.0,8388.0,8222575.0,0.0,0.0,10145.0,0.0,0.0,0.0,0.0
2023-03-29 03:31:04.010000+00:00,2420736.0,32448512.0,36765696.0,36765696.0,19.76,1.776843857,66.34,1581252.0,0.0,0.0,8392.0,8227081.0,0.0,0.0,10150.0,0.0,0.0,0.0,0.0
2023-03-29 03:31:09.772000+00:00,2420736.0,32583680.0,36786176.0,36786176.0,19.77,1.776843857,66.41,1582055.0,0.0,0.0,8396.0,8231587.0,0.0,0.0,10155.0,0.0,0.0,0.0,0.0
2023-03-29 03:31:14.094000+00:00,2420736.0,32583680.0,36786176.0,36786176.0,19.78,1.776843857,66.42,1582055.0,0.0,0.0,8396.0,8236093.0,0.0,0.0,10160.0,0.0,0.0,0.0,0.0
2023-03-29 03:31:18.850000+00:00,2420736.0,32194560.0,36515840.0,36515840.0,19.8,1.776843857,66.51,1583661.0,0.0,0.0,8404.0,8240599.0,0.0,0.0,10165.0,0.0,0.0,0.0,0.0
2023-03-29 03:31:24.401000+00:00,2420736.0,32288768.0,36478976.0,36478976.0,19.8,1.776843857,66.52,1584464.0,0.0,0.0,8408.0,8245105.0,0.0,0.0,10170.0,0.0,0.0,0.0,0.0
2023-03-29 03:31:29.523000+00:00,2420736.0,32428032.0,36687872.0,36687872.0,19.82,1.776843857,66.58,1585267.0,0.0,0.0,8412.0,8249611.0,0.0,0.0,10175.0,0.0,0.0,0.0,0.0
2023-03-29 03:31:33.588000+00:00,2420736.0,32526336.0,36724736.0,36724736.0,19.82,1.776843857,66.59,1586070.0,0.0,0.0,8416.0,8254117.0,0.0,0.0,10180.0,0.0,0.0,0.0,0.0
2023-03-29 03:31:39.537000+00:00,2420736.0,32841728.0,37212160.0,37212160.0,19.84,1.776843857,66.66,1586873.0,0.0,0.0,8420.0,8258623.0,0.0,0.0,10185.0,0.0,0.0,0.0,0.0
2023-03-29 03:31:44.054000+00:00,2420736.0,32940032.0,37142528.0,37212160.0,19.84,1.776843857,66.66,1586873.0,0.0,0.0,8420.0,8258623.0,0.0,0.0,10185.0,0.0,0.0,0.0,0.0
2023-03-29 03:31:49.386000+00:00,2420736.0,33079296.0,37322752.0,37322752.0,19.86,1.776843857,66.72,1588479.0,0.0,0.0,8428.0,8267635.0,0.0,0.0,10195.0,0.0,0.0,0.0,0.0
2023-03-29 03:31:54.139000+00:00,2437120.0,32362496.0,36732928.0,36732928.0,19.87,1.776843857,66.74,1589336.0,0.0,0.0,8433.0,8272215.0,0.0,0.0,10201.0,0.0,0.0,0.0,0.0
2023-03-29 03:31:59.902000+00:00,2437120.0,32501760.0,36708352.0,36708352.0,19.9,1.776843857,66.8,1590223.0,0.0,0.0,8439.0,8276805.0,0.0,0.0,10208.0,0.0,0.0,0.0,0.0
2023-03-29 03:32:03.501000+00:00,2437120.0,32600064.0,36835328.0,36835328.0,19.9,1.776843857,66.81,1591026.0,0.0,0.0,8443.0,8281311.0,0.0,0.0,10213.0,0.0,0.0,0.0,0.0
2023-03-29 03:32:09.800000+00:00,2437120.0,32739328.0,36999168.0,36999168.0,19.92,1.776843857,66.88,1591829.0,0.0,0.0,8447.0,8285817.0,0.0,0.0,10218.0,0.0,0.0,0.0,0.0
2023-03-29 03:32:13.906000+00:00,2437120.0,32739328.0,36999168.0,36999168.0,19.93,1.776843857,66.88,1591829.0,0.0,0.0,8447.0,8285817.0,0.0,0.0,10218.0,0.0,0.0,0.0,0.0
2023-03-29 03:32:19.518000+00:00,2437120.0,32976896.0,37548032.0,37548032.0,19.94,1.776843857,66.95,1593435.0,0.0,0.0,8455.0,8294829.0,0.0,0.0,10228.0,0.0,0.0,0.0,0.0
2023-03-29 03:32:23.847000+00:00,2437120.0,32358400.0,36814848.0,36814848.0,19.94,1.776843857,66.96,1594238.0,0.0,0.0,8459.0,8299335.0,0.0,0.0,10233.0,0.0,0.0,0.0,0.0
2023-03-29 03:32:29.230000+00:00,2437120.0,32497664.0,36720640.0,36720640.0,19.95,1.776843857,67.02,1595041.0,0.0,0.0,8463.0,8303841.0,0.0,0.0,10238.0,0.0,0.0,0.0,0.0
2023-03-29 03:32:34.352000+00:00,2437120.0,32595968.0,36802560.0,36802560.0,19.95,1.776843857,67.02,1595844.0,0.0,0.0,8467.0,8308347.0,0.0,0.0,10243.0,0.0,0.0,0.0,0.0
2023-03-29 03:32:38.258000+00:00,2437120.0,32735232.0,37261312.0,37261312.0,19.96,1.776843857,67.1,1596647.0,0.0,0.0,8471.0,8312853.0,0.0,0.0,10248.0,0.0,0.0,0.0,0.0
2023-03-29 03:32:44.192000+00:00,2437120.0,32829440.0,37261312.0,37261312.0,19.96,1.776843857,67.1,1596647.0,0.0,0.0,8471.0,8312853.0,0.0,0.0,10248.0,0.0,0.0,0.0,0.0
2023-03-29 03:32:49.042000+00:00,2437120.0,32972800.0,37412864.0,37412864.0,19.98,1.776843857,67.17,1598253.0,0.0,0.0,8479.0,8321865.0,0.0,0.0,10258.0,0.0,0.0,0.0,0.0
2023-03-29 03:32:54.015000+00:00,2449408.0,32391168.0,36851712.0,36851712.0,20.0,1.776843857,67.18,1599110.0,0.0,0.0,8484.0,8326445.0,0.0,0.0,10264.0,0.0,0.0,0.0,0.0
2023-03-29 03:32:58.397000+00:00,2449408.0,32526336.0,37101568.0,37101568.0,20.02,1.776843857,67.25,1599913.0,0.0,0.0,8488.0,8330951.0,0.0,0.0,10269.0,0.0,0.0,0.0,0.0
2023-03-29 03:33:03.562000+00:00,2449408.0,32526336.0,36868096.0,36868096.0,20.02,1.776843857,67.26,1600800.0,0.0,0.0,8494.0,8335541.0,0.0,0.0,10276.0,0.0,0.0,0.0,0.0
2023-03-29 03:33:08.923000+00:00,2449408.0,32763904.0,37134336.0,37134336.0,20.03,1.776843857,67.33,1601603.0,0.0,0.0,8498.0,8340047.0,0.0,0.0,10281.0,0.0,0.0,0.0,0.0
2023-03-29 03:33:13.678000+00:00,2449408.0,32862208.0,37105664.0,37105664.0,20.03,1.776843857,67.33,1602406.0,0.0,0.0,8498.0,8340047.0,0.0,0.0,10281.0,0.0,0.0,0.0,0.0
2023-03-29 03:33:18.998000+00:00,2449408.0,33001472.0,37543936.0,37543936.0,20.05,1.776843857,67.4,1603209.0,0.0,0.0,8506.0,8349059.0,0.0,0.0,10291.0,0.0,0.0,0.0,0.0
2023-03-29 03:33:23.534000+00:00,2449408.0,33099776.0,37330944.0,37330944.0,20.05,1.776843857,67.4,1604012.0,0.0,0.0,8510.0,8353565.0,0.0,0.0,10296.0,0.0,0.0,0.0,0.0
2023-03-29 03:33:28.187000+00:00,2449408.0,32374784.0,36577280.0,36577280.0,20.05,1.776843857,67.4,1604379.0,0.0,0.0,8512.0,8357755.0,0.0,0.0,10297.0,0.0,0.0,0.0,0.0
2023-03-29 03:33:34.307000+00:00,2449408.0,32522240.0,36720640.0,36720640.0,20.07,1.776843857,67.46,1605618.0,0.0,0.0,8518.0,8362577.0,0.0,0.0,10306.0,0.0,0.0,0.0,0.0
2023-03-29 03:33:38.627000+00:00,2449408.0,32620544.0,36937728.0,36937728.0,20.07,1.776843857,67.46,1606421.0,0.0,0.0,8522.0,8367083.0,0.0,0.0,10311.0,0.0,0.0,0.0,0.0
2023-03-29 03:33:43.589000+00:00,2449408.0,32759808.0,36937728.0,36937728.0,20.08,1.776843857,67.53,1606421.0,0.0,0.0,8522.0,8367083.0,0.0,0.0,10311.0,0.0,0.0,0.0,0.0
2023-03-29 03:33:48.668000+00:00,2449408.0,32858112.0,37052416.0,37052416.0,20.09,1.776843857,67.53,1608027.0,0.0,0.0,8530.0,8376095.0,0.0,0.0,10321.0,0.0,0.0,0.0,0.0
2023-03-29 03:33:54.389000+00:00,2465792.0,33083392.0,37720064.0,37720064.0,20.12,1.776843857,67.6,1608884.0,0.0,0.0,8535.0,8380675.0,0.0,0.0,10327.0,0.0,0.0,0.0,0.0
2023-03-29 03:33:59.058000+00:00,2465792.0,33181696.0,37404672.0,37404672.0,20.12,1.776843857,67.61,1609771.0,0.0,0.0,8541.0,8385265.0,0.0,0.0,10334.0,0.0,0.0,0.0,0.0
2023-03-29 03:34:03.751000+00:00,2465792.0,33181696.0,36794368.0,36794368.0,20.15,1.776843857,67.61,1610574.0,0.0,0.0,8545.0,8389771.0,0.0,0.0,10339.0,0.0,0.0,0.0,0.0
2023-03-29 03:34:09.684000+00:00,2465792.0,32579584.0,36769792.0,36769792.0,20.15,1.776843857,67.67,1611377.0,0.0,0.0,8549.0,8394277.0,0.0,0.0,10344.0,0.0,0.0,0.0,0.0
2023-03-29 03:34:14.269000+00:00,2465792.0,32722944.0,36925440.0,36925440.0,20.18,1.776843857,67.74,1612180.0,0.0,0.0,8549.0,8394277.0,0.0,0.0,10344.0,0.0,0.0,0.0,0.0
2023-03-29 03:34:18.800000+00:00,2465792.0,32817152.0,37056512.0,37056512.0,20.18,1.776843857,67.74,1612983.0,0.0,0.0,8557.0,8403289.0,0.0,0.0,10354.0,0.0,0.0,0.0,0.0
2023-03-29 03:34:23.672000+00:00,2465792.0,32960512.0,37191680.0,37191680.0,20.2,1.776843857,67.81,1613786.0,0.0,0.0,8561.0,8407795.0,0.0,0.0,10359.0,0.0,0.0,0.0,0.0
2023-03-29 03:34:28.333000+00:00,2465792.0,33054720.0,37302272.0,37302272.0,20.2,1.776843857,67.81,1614589.0,0.0,0.0,8565.0,8412301.0,0.0,0.0,10364.0,0.0,0.0,0.0,0.0
2023-03-29 03:34:33.512000+00:00,2465792.0,32382976.0,36835328.0,36835328.0,20.22,1.776843857,67.88,1615392.0,0.0,0.0,8569.0,8416807.0,0.0,0.0,10369.0,0.0,0.0,0.0,0.0
2023-03-29 03:34:39.298000+00:00,2465792.0,32481280.0,36806656.0,36806656.0,20.22,1.776843857,67.88,1616195.0,0.0,0.0,8573.0,8421313.0,0.0,0.0,10374.0,0.0,0.0,0.0,0.0
2023-03-29 03:34:43.967000+00:00,2465792.0,32481280.0,36806656.0,36806656.0,20.23,1.776843857,67.95,1616195.0,0.0,0.0,8573.0,8421313.0,0.0,0.0,10379.0,0.0,0.0,0.0,0.0
2023-03-29 03:34:49.667000+00:00,2465792.0,32718848.0,36933632.0,36933632.0,20.23,1.776843857,67.96,1617801.0,0.0,0.0,8581.0,8430325.0,0.0,0.0,10384.0,0.0,0.0,0.0,0.0
2023-03-29 03:34:54.431000+00:00,2482176.0,32944128.0,37498880.0,37498880.0,20.26,1.776843857,68.03,1618658.0,0.0,0.0,8586.0,8434905.0,0.0,0.0,10390.0,0.0,0.0,0.0,0.0
2023-03-29 03:34:59.082000+00:00,2482176.0,33038336.0,37302272.0,37302272.0,20.26,1.776843857,68.04,1619545.0,0.0,0.0,8592.0,8439495.0,0.0,0.0,10397.0,0.0,0.0,0.0,0.0
2023-03-29 03:35:03.221000+00:00,2482176.0,33169408.0,37576704.0,37576704.0,20.28,1.776843857,68.1,1619912.0,0.0,0.0,8594.0,8443685.0,0.0,0.0,10398.0,0.0,0.0,0.0,0.0
2023-03-29 03:35:09.431000+00:00,2482176.0,32391168.0,36732928.0,36732928.0,20.28,1.776843857,68.11,1621151.0,0.0,0.0,8600.0,8448507.0,0.0,0.0,10407.0,0.0,0.0,0.0,0.0
2023-03-29 03:35:14.729000+00:00,2482176.0,32391168.0,36732928.0,36732928.0,20.3,1.776843857,68.17,1621151.0,0.0,0.0,8600.0,8448507.0,0.0,0.0,10407.0,0.0,0.0,0.0,0.0
2023-03-29 03:35:19.743000+00:00,2482176.0,32628736.0,36835328.0,36835328.0,20.3,1.776843857,68.18,1622757.0,0.0,0.0,8608.0,8457519.0,0.0,0.0,10417.0,0.0,0.0,0.0,0.0
2023-03-29 03:35:23.923000+00:00,2482176.0,32768000.0,37330944.0,37330944.0,20.32,1.776843857,68.24,1623560.0,0.0,0.0,8612.0,8462025.0,0.0,0.0,10422.0,0.0,0.0,0.0,0.0
2023-03-29 03:35:29.099000+00:00,2482176.0,32866304.0,37191680.0,37191680.0,20.32,1.776843857,68.25,1624363.0,0.0,0.0,8616.0,8466531.0,0.0,0.0,10427.0,0.0,0.0,0.0,0.0
2023-03-29 03:35:33.570000+00:00,2482176.0,33157120.0,37416960.0,37416960.0,20.32,1.776843857,68.26,1625166.0,0.0,0.0,8620.0,8471037.0,0.0,0.0,10432.0,0.0,0.0,0.0,0.0
2023-03-29 03:35:38.560000+00:00,2482176.0,33103872.0,37310464.0,37310464.0,20.34,1.776843857,68.32,1625969.0,0.0,0.0,8624.0,8475543.0,0.0,0.0,10437.0,0.0,0.0,0.0,0.0
2023-03-29 03:35:44.186000+00:00,2482176.0,33103872.0,37310464.0,37310464.0,20.36,1.776843857,68.38,1625969.0,0.0,0.0,8628.0,8480049.0,0.0,0.0,10442.0,0.0,0.0,0.0,0.0
2023-03-29 03:35:49.234000+00:00,2482176.0,32518144.0,36847616.0,36847616.0,20.36,1.776843857,68.39,1627575.0,0.0,0.0,8632.0,8484555.0,0.0,0.0,10447.0,0.0,0.0,0.0,0.0
2023-03-29 03:35:53.758000+00:00,2494464.0,32706560.0,37302272.0,37302272.0,20.38,1.776843857,68.41,1628432.0,0.0,0.0,8637.0,8489135.0,0.0,0.0,10453.0,0.0,0.0,0.0,0.0
2023-03-29 03:35:59.113000+00:00,2494464.0,32845824.0,37224448.0,37224448.0,20.4,1.776843857,68.47,1629319.0,0.0,0.0,8643.0,8493725.0,0.0,0.0,10460.0,0.0,0.0,0.0,0.0
2023-03-29 03:36:04.667000+00:00,2494464.0,32985088.0,37322752.0,37322752.0,20.4,1.776843857,68.54,1630229.0,0.0,0.0,8648.0,8498231.0,0.0,0.0,10465.0,0.0,0.0,0.0,0.0
2023-03-29 03:36:08.924000+00:00,2494464.0,33079296.0,37273600.0,37273600.0,20.4,1.776843857,68.55,1631032.0,0.0,0.0,8652.0,8502737.0,0.0,0.0,10470.0,0.0,0.0,0.0,0.0
2023-03-29 03:36:13.549000+00:00,2494464.0,32382976.0,37273600.0,37273600.0,20.4,1.776843857,68.56,1631032.0,0.0,0.0,8652.0,8502737.0,0.0,0.0,10470.0,0.0,0.0,0.0,0.0
2023-03-29 03:36:19.830000+00:00,2494464.0,32522240.0,36941824.0,36941824.0,20.44,1.776843857,68.62,1632638.0,0.0,0.0,8660.0,8511749.0,0.0,0.0,10480.0,0.0,0.0,0.0,0.0
2023-03-29 03:36:23.372000+00:00,2494464.0,32522240.0,36864000.0,36864000.0,20.44,1.776843857,68.63,1633441.0,0.0,0.0,8664.0,8516255.0,0.0,0.0,10485.0,0.0,0.0,0.0,0.0
2023-03-29 03:36:28.105000+00:00,2494464.0,32751616.0,37019648.0,37019648.0,20.45,1.776843857,68.7,1633808.0,0.0,0.0,8666.0,8520445.0,0.0,0.0,10486.0,0.0,0.0,0.0,0.0
2023-03-29 03:36:33.635000+00:00,2494464.0,32751616.0,37179392.0,37179392.0,20.45,1.776843857,68.7,1635047.0,0.0,0.0,8672.0,8525267.0,0.0,0.0,10495.0,0.0,0.0,0.0,0.0
2023-03-29 03:36:39.711000+00:00,2494464.0,33001472.0,37343232.0,37343232.0,20.48,1.77785408,68.76,1635850.0,0.0,0.0,8676.0,8529773.0,0.0,0.0,10500.0,0.0,0.0,0.0,0.0
2023-03-29 03:36:43.030000+00:00,2494464.0,33083392.0,37347328.0,37343232.0,20.48,1.77785408,68.77,1635850.0,0.0,0.0,8676.0,8529773.0,0.0,0.0,10500.0,0.0,0.0,0.0,0.0
2023-03-29 03:36:49.509000+00:00,2494464.0,32391168.0,36802560.0,36802560.0,20.49,1.77785408,68.83,1637456.0,0.0,0.0,8684.0,8538785.0,0.0,0.0,10510.0,0.0,0.0,0.0,0.0
2023-03-29 03:36:54.389000+00:00,2510848.0,32575488.0,36880384.0,36880384.0,20.5,1.77785408,68.85,1638313.0,0.0,0.0,8689.0,8543365.0,0.0,0.0,10516.0,0.0,0.0,0.0,0.0
2023-03-29 03:36:59.733000+00:00,2510848.0,32714752.0,37146624.0,37146624.0,20.53,1.77785408,68.9,1639200.0,0.0,0.0,8695.0,8547955.0,0.0,0.0,10523.0,0.0,0.0,0.0,0.0
2023-03-29 03:37:03.296000+00:00,2510848.0,32800768.0,37015552.0,37015552.0,20.54,1.77785408,68.9,1639567.0,0.0,0.0,8697.0,8552145.0,0.0,0.0,10524.0,0.0,0.0,0.0,0.0
2023-03-29 03:37:08.689000+00:00,2510848.0,32952320.0,37367808.0,37367808.0,20.56,1.77785408,68.96,1640806.0,0.0,0.0,8703.0,8556967.0,0.0,0.0,10533.0,0.0,0.0,0.0,0.0
2023-03-29 03:37:14.489000+00:00,2510848.0,33046528.0,37367808.0,37367808.0,20.56,1.77785408,68.97,1640806.0,0.0,0.0,8703.0,8556967.0,0.0,0.0,10538.0,0.0,0.0,0.0,0.0
2023-03-29 03:37:19.803000+00:00,2510848.0,32395264.0,37003264.0,37003264.0,20.58,1.77785408,69.03,1642412.0,0.0,0.0,8711.0,8565979.0,0.0,0.0,10543.0,0.0,0.0,0.0,0.0
2023-03-29 03:37:24.202000+00:00,2510848.0,32395264.0,36839424.0,36839424.0,20.58,1.77785408,69.04,1643215.0,0.0,0.0,8715.0,8570485.0,0.0,0.0,10548.0,0.0,0.0,0.0,0.0
2023-03-29 03:37:29.326000+00:00,2510848.0,32632832.0,37023744.0,37023744.0,20.59,1.77785408,69.1,1644018.0,0.0,0.0,8719.0,8574991.0,0.0,0.0,10553.0,0.0,0.0,0.0,0.0
2023-03-29 03:37:34.073000+00:00,2510848.0,32731136.0,36937728.0,36937728.0,20.59,1.77785408,69.11,1644821.0,0.0,0.0,8723.0,8579497.0,0.0,0.0,10558.0,0.0,0.0,0.0,0.0
2023-03-29 03:37:39.046000+00:00,2510848.0,32866304.0,37236736.0,37236736.0,20.61,1.77785408,69.17,1645624.0,0.0,0.0,8727.0,8583937.0,0.0,0.0,10562.0,0.0,0.0,0.0,0.0
2023-03-29 03:37:44.786000+00:00,2510848.0,32866304.0,37236736.0,37236736.0,20.61,1.77785408,69.17,1645624.0,0.0,0.0,8727.0,8583937.0,0.0,0.0,10562.0,0.0,0.0,0.0,0.0
2023-03-29 03:37:48.702000+00:00,2510848.0,33103872.0,37609472.0,37609472.0,20.62,1.77785408,69.25,1647230.0,0.0,0.0,8735.0,8592949.0,0.0,0.0,10572.0,0.0,0.0,0.0,0.0
2023-03-29 03:37:54.824000+00:00,2527232.0,32473088.0,36921344.0,36921344.0,20.64,1.77785408,69.26,1648087.0,0.0,0.0,8740.0,8597529.0,0.0,0.0,10578.0,0.0,0.0,0.0,0.0
2023-03-29 03:37:58.699000+00:00,2527232.0,32571392.0,36818944.0,36818944.0,20.64,1.77785408,69.26,1648974.0,0.0,0.0,8746.0,8602119.0,0.0,0.0,10585.0,0.0,0.0,0.0,0.0
2023-03-29 03:38:04.471000+00:00,2527232.0,32710656.0,36921344.0,36921344.0,20.66,1.77785408,69.26,1649777.0,0.0,0.0,8750.0,8606625.0,0.0,0.0,10590.0,0.0,0.0,0.0,0.0
2023-03-29 03:38:08.903000+00:00,2527232.0,32808960.0,36999168.0,36999168.0,20.66,1.77785408,69.34,1650580.0,0.0,0.0,8754.0,8611131.0,0.0,0.0,10595.0,0.0,0.0,0.0,0.0
2023-03-29 03:38:14.080000+00:00,2527232.0,32808960.0,36999168.0,36999168.0,20.68,1.77785408,69.4,1650580.0,0.0,0.0,8754.0,8615637.0,0.0,0.0,10600.0,0.0,0.0,0.0,0.0
2023-03-29 03:38:18.691000+00:00,2527232.0,33046528.0,37380096.0,37380096.0,20.68,1.77785408,69.41,1652186.0,0.0,0.0,8762.0,8620143.0,0.0,0.0,10605.0,0.0,0.0,0.0,0.0
2023-03-29 03:38:24.209000+00:00,2527232.0,32378880.0,36782080.0,36782080.0,20.7,1.77785408,69.48,1652989.0,0.0,0.0,8766.0,8624649.0,0.0,0.0,10610.0,0.0,0.0,0.0,0.0
2023-03-29 03:38:29.481000+00:00,2527232.0,32477184.0,36802560.0,36802560.0,20.7,1.77785408,69.48,1653792.0,0.0,0.0,8770.0,8629155.0,0.0,0.0,10615.0,0.0,0.0,0.0,0.0
2023-03-29 03:38:33.707000+00:00,2527232.0,32616448.0,36880384.0,36880384.0,20.72,1.77785408,69.56,1654595.0,0.0,0.0,8774.0,8633661.0,0.0,0.0,10620.0,0.0,0.0,0.0,0.0
2023-03-29 03:38:39.693000+00:00,2527232.0,32714752.0,36933632.0,36933632.0,20.72,1.77785408,69.56,1655398.0,0.0,0.0,8778.0,8638167.0,0.0,0.0,10625.0,0.0,0.0,0.0,0.0
2023-03-29 03:38:44.372000+00:00,2527232.0,32854016.0,37064704.0,37064704.0,20.74,1.77785408,69.63,1656201.0,0.0,0.0,8782.0,8642673.0,0.0,0.0,10630.0,0.0,0.0,0.0,0.0
2023-03-29 03:38:48.411000+00:00,2527232.0,32952320.0,37163008.0,37163008.0,20.74,1.77785408,69.64,1657004.0,0.0,0.0,8786.0,8647179.0,0.0,0.0,10635.0,0.0,0.0,0.0,0.0
2023-03-29 03:38:53.550000+00:00,2539520.0,33177600.0,37818368.0,37818368.0,20.77,1.77785408,69.72,1657861.0,0.0,0.0,8791.0,8651759.0,0.0,0.0,10641.0,0.0,0.0,0.0,0.0
2023-03-29 03:38:59.112000+00:00,2539520.0,32391168.0,36786176.0,36786176.0,20.78,1.77785408,69.72,1658748.0,0.0,0.0,8797.0,8656349.0,0.0,0.0,10648.0,0.0,0.0,0.0,0.0
2023-03-29 03:39:03.780000+00:00,2539520.0,32391168.0,36814848.0,36814848.0,20.8,1.77838095,69.79,1659551.0,0.0,0.0,8801.0,8660855.0,0.0,0.0,10653.0,0.0,0.0,0.0,0.0
2023-03-29 03:39:09.051000+00:00,2539520.0,32628736.0,36876288.0,36876288.0,20.8,1.77838095,69.79,1660354.0,0.0,0.0,8805.0,8665361.0,0.0,0.0,10658.0,0.0,0.0,0.0,0.0
2023-03-29 03:39:13.781000+00:00,2539520.0,32870400.0,37232640.0,37232640.0,20.81,1.77838095,69.88,1661157.0,0.0,0.0,8805.0,8665361.0,0.0,0.0,10658.0,0.0,0.0,0.0,0.0
2023-03-29 03:39:19.149000+00:00,2539520.0,32792576.0,37146624.0,37146624.0,20.81,1.77838095,69.9,1661960.0,0.0,0.0,8813.0,8674373.0,0.0,0.0,10668.0,0.0,0.0,0.0,0.0
2023-03-29 03:39:23.937000+00:00,2539520.0,32940032.0,37257216.0,37257216.0,20.83,1.77838095,69.96,1662763.0,0.0,0.0,8817.0,8678879.0,0.0,0.0,10673.0,0.0,0.0,0.0,0.0
2023-03-29 03:39:29.755000+00:00,2539520.0,33034240.0,37236736.0,37236736.0,20.83,1.77838095,69.97,1663566.0,0.0,0.0,8821.0,8683385.0,0.0,0.0,10678.0,0.0,0.0,0.0,0.0
2023-03-29 03:39:34.118000+00:00,2539520.0,32489472.0,36802560.0,36802560.0,20.83,1.77838095,70.04,1664369.0,0.0,0.0,8825.0,8687891.0,0.0,0.0,10683.0,0.0,0.0,0.0,0.0
2023-03-29 03:39:38.969000+00:00,2539520.0,32583680.0,36884480.0,36884480.0,20.83,1.77838095,70.06,1665172.0,0.0,0.0,8829.0,8692397.0,0.0,0.0,10688.0,0.0,0.0,0.0,0.0
2023-03-29 03:39:44.559000+00:00,2539520.0,32722944.0,36884480.0,36884480.0,20.84,1.77838095,70.12,1665172.0,0.0,0.0,8829.0,8692397.0,0.0,0.0,10688.0,0.0,0.0,0.0,0.0
2023-03-29 03:39:49.650000+00:00,2539520.0,32821248.0,37023744.0,37023744.0,20.84,1.77838095,70.12,1666778.0,0.0,0.0,8837.0,8701409.0,0.0,0.0,10698.0,0.0,0.0,0.0,0.0
2023-03-29 03:39:54.418000+00:00,2555904.0,32821248.0,37572608.0,37572608.0,20.87,1.77838095,70.2,1667635.0,0.0,0.0,8842.0,8705989.0,0.0,0.0,10704.0,0.0,0.0,0.0,0.0
2023-03-29 03:39:59.527000+00:00,2555904.0,33144832.0,37363712.0,37363712.0,20.87,1.77838095,70.21,1668522.0,0.0,0.0,8848.0,8710579.0,0.0,0.0,10711.0,0.0,0.0,0.0,0.0
2023-03-29 03:40:03.929000+00:00,2555904.0,32518144.0,36978688.0,36978688.0,20.9,1.77838095,70.21,1669325.0,0.0,0.0,8852.0,8715085.0,0.0,0.0,10716.0,0.0,0.0,0.0,0.0
2023-03-29 03:40:09.532000+00:00,2555904.0,32616448.0,36872192.0,36872192.0,20.9,1.77838095,70.28,1670128.0,0.0,0.0,8856.0,8719591.0,0.0,0.0,10721.0,0.0,0.0,0.0,0.0
2023-03-29 03:40:14.267000+00:00,2555904.0,32755712.0,37163008.0,36872192.0,20.91,1.77838095,70.35,1670128.0,0.0,0.0,8856.0,8719591.0,0.0,0.0,10721.0,0.0,0.0,0.0,0.0
2023-03-29 03:40:19.433000+00:00,2555904.0,32854016.0,37101568.0,37101568.0,20.91,1.77838095,70.35,1671734.0,0.0,0.0,8864.0,8728603.0,0.0,0.0,10731.0,0.0,0.0,0.0,0.0
2023-03-29 03:40:23.878000+00:00,2555904.0,32993280.0,37580800.0,37580800.0,20.94,1.77838095,70.35,1672537.0,0.0,0.0,8868.0,8733109.0,0.0,0.0,10736.0,0.0,0.0,0.0,0.0
2023-03-29 03:40:29.015000+00:00,2555904.0,33091584.0,37392384.0,37392384.0,20.94,1.77838095,70.42,1673340.0,0.0,0.0,8872.0,8737615.0,0.0,0.0,10741.0,0.0,0.0,0.0,0.0
2023-03-29 03:40:33.218000+00:00,2555904.0,33177600.0,37425152.0,37425152.0,20.94,1.77838095,70.43,1673707.0,0.0,0.0,8874.0,8741805.0,0.0,0.0,10742.0,0.0,0.0,0.0,0.0
2023-03-29 03:40:38.894000+00:00,2555904.0,32555008.0,37154816.0,37154816.0,20.96,1.77838095,70.49,1674946.0,0.0,0.0,8880.0,8746627.0,0.0,0.0,10751.0,0.0,0.0,0.0,0.0
2023-03-29 03:40:44.024000+00:00,2555904.0,32657408.0,36884480.0,36884480.0,20.96,1.77838095,70.5,1675749.0,0.0,0.0,8884.0,8751133.0,0.0,0.0,10756.0,0.0,0.0,0.0,0.0
2023-03-29 03:40:49.325000+00:00,2555904.0,32792576.0,37007360.0,37007360.0,20.97,1.77838095,70.57,1676552.0,0.0,0.0,8888.0,8755639.0,0.0,0.0,10761.0,0.0,0.0,0.0,0.0
2023-03-29 03:40:53.910000+00:00,2572288.0,32976896.0,37670912.0,37670912.0,20.98,1.77838095,70.59,1677409.0,0.0,0.0,8893.0,8760219.0,0.0,0.0,10767.0,0.0,0.0,0.0,0.0
2023-03-29 03:40:59.685000+00:00,2572288.0,33120256.0,37347328.0,37347328.0,21.0,1.77838095,70.65,1678296.0,0.0,0.0,8899.0,8764809.0,0.0,0.0,10774.0,0.0,0.0,0.0,0.0
2023-03-29 03:41:04.838000+00:00,2572288.0,33255424.0,37740544.0,37740544.0,21.02,1.77838095,70.72,1679099.0,0.0,0.0,8903.0,8769315.0,0.0,0.0,10779.0,0.0,0.0,0.0,0.0
2023-03-29 03:41:08.079000+00:00,2572288.0,32624640.0,37142528.0,37142528.0,21.02,1.77838095,70.72,1679466.0,0.0,0.0,8905.0,8773505.0,0.0,0.0,10780.0,0.0,0.0,0.0,0.0
2023-03-29 03:41:13.248000+00:00,2572288.0,32722944.0,37142528.0,37142528.0,21.02,1.77838095,70.72,1679466.0,0.0,0.0,8905.0,8773505.0,0.0,0.0,10780.0,0.0,0.0,0.0,0.0
2023-03-29 03:41:18.139000+00:00,2572288.0,32862208.0,37154816.0,37154816.0,21.04,1.77838095,70.79,1681072.0,0.0,0.0,8913.0,8782517.0,0.0,0.0,10790.0,0.0,0.0,0.0,0.0
2023-03-29 03:41:23.538000+00:00,2572288.0,32972800.0,37232640.0,37232640.0,21.04,1.77838095,70.8,1682311.0,0.0,0.0,8919.0,8787339.0,0.0,0.0,10799.0,0.0,0.0,0.0,0.0
2023-03-29 03:41:29.283000+00:00,2572288.0,33107968.0,37371904.0,37371904.0,21.06,1.77838095,70.85,1683114.0,0.0,0.0,8923.0,8791845.0,0.0,0.0,10804.0,0.0,0.0,0.0,0.0
2023-03-29 03:41:33.792000+00:00,2572288.0,33107968.0,37556224.0,37556224.0,21.06,1.77838095,70.85,1683917.0,0.0,0.0,8927.0,8796351.0,0.0,0.0,10809.0,0.0,0.0,0.0,0.0
2023-03-29 03:41:39.503000+00:00,2572288.0,33345536.0,37568512.0,37568512.0,21.08,1.77838095,70.92,1684720.0,0.0,0.0,8931.0,8800857.0,0.0,0.0,10814.0,0.0,0.0,0.0,0.0
2023-03-29 03:41:44.185000+00:00,2572288.0,33345536.0,37568512.0,37568512.0,21.08,1.77838095,70.93,1684720.0,0.0,0.0,8931.0,8800857.0,0.0,0.0,10814.0,0.0,0.0,0.0,0.0
2023-03-29 03:41:48.716000+00:00,2572288.0,32841728.0,37081088.0,37081088.0,21.1,1.779819747,70.99,1686326.0,0.0,0.0,8939.0,8809869.0,0.0,0.0,10824.0,0.0,0.0,0.0,0.0
2023-03-29 03:41:54.524000+00:00,2584576.0,33030144.0,37502976.0,37502976.0,21.12,1.779819747,71.0,1687183.0,0.0,0.0,8944.0,8814449.0,0.0,0.0,10830.0,0.0,0.0,0.0,0.0
2023-03-29 03:41:59.120000+00:00,2584576.0,33165312.0,37646336.0,37646336.0,21.14,1.779819747,71.06,1688070.0,0.0,0.0,8950.0,8819039.0,0.0,0.0,10837.0,0.0,0.0,0.0,0.0
2023-03-29 03:42:03.940000+00:00,2584576.0,33263616.0,37621760.0,37621760.0,21.14,1.779819747,71.07,1688873.0,0.0,0.0,8954.0,8823545.0,0.0,0.0,10842.0,0.0,0.0,0.0,0.0
2023-03-29 03:42:08.692000+00:00,2584576.0,33402880.0,37724160.0,37724160.0,21.15,1.779819747,71.13,1689676.0,0.0,0.0,8958.0,8828051.0,0.0,0.0,10847.0,0.0,0.0,0.0,0.0
2023-03-29 03:42:14.309000+00:00,2584576.0,33501184.0,37724160.0,37724160.0,21.15,1.779819747,71.14,1689676.0,0.0,0.0,8958.0,8828051.0,0.0,0.0,10847.0,0.0,0.0,0.0,0.0
2023-03-29 03:42:19.771000+00:00,2584576.0,32882688.0,37117952.0,37117952.0,21.18,1.779819747,71.21,1691282.0,0.0,0.0,8966.0,8837063.0,0.0,0.0,10857.0,0.0,0.0,0.0,0.0
2023-03-29 03:42:24.604000+00:00,2584576.0,32976896.0,37326848.0,37326848.0,21.18,1.779819747,71.21,1692085.0,0.0,0.0,8970.0,8841569.0,0.0,0.0,10862.0,0.0,0.0,0.0,0.0
2023-03-29 03:42:29.618000+00:00,2584576.0,33116160.0,37650432.0,37650432.0,21.2,1.780000007,71.27,1692888.0,0.0,0.0,8974.0,8846075.0,0.0,0.0,10867.0,0.0,0.0,0.0,0.0
2023-03-29 03:42:33.664000+00:00,2584576.0,33214464.0,37437440.0,37437440.0,21.2,1.780000007,71.28,1693691.0,0.0,0.0,8978.0,8850581.0,0.0,0.0,10872.0,0.0,0.0,0.0,0.0
2023-03-29 03:42:39.760000+00:00,2584576.0,33353728.0,37634048.0,37634048.0,21.23,1.780000007,71.32,1694494.0,0.0,0.0,8982.0,8855087.0,0.0,0.0,10877.0,0.0,0.0,0.0,0.0
2023-03-29 03:42:43.769000+00:00,2584576.0,33353728.0,37634048.0,37634048.0,21.23,1.780000007,71.32,1694494.0,0.0,0.0,8982.0,8855087.0,0.0,0.0,10877.0,0.0,0.0,0.0,0.0
2023-03-29 03:42:49.547000+00:00,2584576.0,32866304.0,37396480.0,37396480.0,21.25,1.780000007,71.39,1696100.0,0.0,0.0,8990.0,8864099.0,0.0,0.0,10887.0,0.0,0.0,0.0,0.0
2023-03-29 03:42:54.346000+00:00,2600960.0,32907264.0,37150720.0,37150720.0,21.26,1.780000007,71.44,1696957.0,0.0,0.0,8995.0,8868679.0,0.0,0.0,10893.0,0.0,0.0,0.0,0.0
2023-03-29 03:42:59.241000+00:00,2600960.0,33050624.0,37351424.0,37351424.0,21.29,1.780000007,71.5,1697844.0,0.0,0.0,9001.0,8873269.0,0.0,0.0,10900.0,0.0,0.0,0.0,0.0
2023-03-29 03:43:03.871000+00:00,2600960.0,33144832.0,37498880.0,37498880.0,21.29,1.780000007,71.52,1698647.0,0.0,0.0,9005.0,8877775.0,0.0,0.0,10905.0,0.0,0.0,0.0,0.0
2023-03-29 03:43:09.770000+00:00,2600960.0,33288192.0,37638144.0,37638144.0,21.29,1.78019511,71.59,1699450.0,0.0,0.0,9009.0,8882281.0,0.0,0.0,10910.0,0.0,0.0,0.0,0.0
2023-03-29 03:43:14.261000+00:00,2600960.0,33288192.0,37638144.0,37638144.0,21.29,1.78019511,71.6,1699450.0,0.0,0.0,9013.0,8886787.0,0.0,0.0,10915.0,0.0,0.0,0.0,0.0
2023-03-29 03:43:18.430000+00:00,2600960.0,33480704.0,37756928.0,37756928.0,21.29,1.78019511,71.6,1701056.0,0.0,0.0,9017.0,8891293.0,0.0,0.0,10920.0,0.0,0.0,0.0,0.0
2023-03-29 03:43:24.631000+00:00,2600960.0,32813056.0,37056512.0,37056512.0,21.31,1.78019511,71.66,1701859.0,0.0,0.0,9021.0,8895799.0,0.0,0.0,10925.0,0.0,0.0,0.0,0.0
2023-03-29 03:43:28.952000+00:00,2600960.0,32915456.0,37318656.0,37318656.0,21.31,1.78019511,71.66,1702662.0,0.0,0.0,9025.0,8900305.0,0.0,0.0,10930.0,0.0,0.0,0.0,0.0
2023-03-29 03:43:33.249000+00:00,2600960.0,33042432.0,37351424.0,37351424.0,21.33,1.78019511,71.72,1703029.0,0.0,0.0,9027.0,8904495.0,0.0,0.0,10931.0,0.0,0.0,0.0,0.0
2023-03-29 03:43:38.293000+00:00,2600960.0,33140736.0,37376000.0,37376000.0,21.33,1.78019511,71.72,1703832.0,0.0,0.0,9031.0,8909001.0,0.0,0.0,10936.0,0.0,0.0,0.0,0.0
2023-03-29 03:43:44.801000+00:00,2600960.0,33140736.0,37376000.0,37376000.0,21.34,1.78019511,71.79,1703832.0,0.0,0.0,9031.0,8909001.0,0.0,0.0,10936.0,0.0,0.0,0.0,0.0
2023-03-29 03:43:49.896000+00:00,2600960.0,33431552.0,37785600.0,37785600.0,21.36,1.78019511,71.84,1705874.0,0.0,0.0,9041.0,8918329.0,0.0,0.0,10950.0,0.0,0.0,0.0,0.0
2023-03-29 03:43:53.352000+00:00,2600960.0,33431552.0,37773312.0,37773312.0,21.36,1.78019511,71.85,1706241.0,0.0,0.0,9043.0,8922519.0,0.0,0.0,10951.0,0.0,0.0,0.0,0.0
2023-03-29 03:43:58.271000+00:00,2617344.0,33034240.0,37335040.0,37335040.0,21.38,1.78019511,71.86,1707098.0,0.0,0.0,9048.0,8927099.0,0.0,0.0,10957.0,0.0,0.0,0.0,0.0
2023-03-29 03:44:04.125000+00:00,2617344.0,33034240.0,37507072.0,37507072.0,21.4,1.78019511,71.93,1708421.0,0.0,0.0,9056.0,8932005.0,0.0,0.0,10968.0,0.0,0.0,0.0,0.0
2023-03-29 03:44:08.257000+00:00,2617344.0,33275904.0,37560320.0,37560320.0,21.4,1.78019511,71.93,1708788.0,0.0,0.0,9058.0,8936195.0,0.0,0.0,10969.0,0.0,0.0,0.0,0.0
2023-03-29 03:44:14.054000+00:00,2617344.0,33275904.0,37560320.0,37560320.0,21.41,1.78019511,72.0,1708788.0,0.0,0.0,9058.0,8936195.0,0.0,0.0,10969.0,0.0,0.0,0.0,0.0
2023-03-29 03:44:19.727000+00:00,2617344.0,33525760.0,37810176.0,37810176.0,21.41,1.78019511,72.01,1710830.0,0.0,0.0,9068.0,8945523.0,0.0,0.0,10983.0,0.0,0.0,0.0,0.0
2023-03-29 03:44:24.625000+00:00,2617344.0,33669120.0,37965824.0,37965824.0,21.44,1.78019511,72.01,1711633.0,0.0,0.0,9072.0,8950029.0,0.0,0.0,10988.0,0.0,0.0,0.0,0.0
2023-03-29 03:44:29.458000+00:00,2617344.0,32997376.0,37584896.0,37584896.0,21.44,1.78019511,72.07,1712436.0,0.0,0.0,9076.0,8954535.0,0.0,0.0,10993.0,0.0,0.0,0.0,0.0
2023-03-29 03:44:34.751000+00:00,2617344.0,33140736.0,37457920.0,37457920.0,21.44,1.78019511,72.15,1713239.0,0.0,0.0,9080.0,8959041.0,0.0,0.0,10998.0,0.0,0.0,0.0,0.0
2023-03-29 03:44:39.256000+00:00,2617344.0,33239040.0,37527552.0,37527552.0,21.44,1.78019511,72.16,1714042.0,0.0,0.0,9084.0,8963547.0,0.0,0.0,11003.0,0.0,0.0,0.0,0.0
2023-03-29 03:44:44.768000+00:00,2617344.0,33378304.0,37527552.0,37527552.0,21.46,1.780405276,72.23,1714042.0,0.0,0.0,9084.0,8963547.0,0.0,0.0,11008.0,0.0,0.0,0.0,0.0
2023-03-29 03:44:49.770000+00:00,2617344.0,33480704.0,37740544.0,37740544.0,21.46,1.780405276,72.24,1715648.0,0.0,0.0,9092.0,8972559.0,0.0,0.0,11013.0,0.0,0.0,0.0,0.0
2023-03-29 03:44:54.435000+00:00,2629632.0,33714176.0,38137856.0,38137856.0,21.49,1.780405276,72.32,1716505.0,0.0,0.0,9097.0,8977139.0,0.0,0.0,11019.0,0.0,0.0,0.0,0.0
2023-03-29 03:44:58.065000+00:00,2629632.0,33800192.0,38105088.0,38105088.0,21.49,1.780405276,72.32,1716872.0,0.0,0.0,9099.0,8981329.0,0.0,0.0,11020.0,0.0,0.0,0.0,0.0
2023-03-29 03:45:03.864000+00:00,2629632.0,32641024.0,37265408.0,37265408.0,21.51,1.780405276,72.49,1718195.0,0.0,0.0,9107.0,8986235.0,0.0,0.0,11031.0,0.0,0.0,0.0,0.0
2023-03-29 03:45:09.725000+00:00,2629632.0,32747520.0,37105664.0,37105664.0,21.51,1.780405276,72.5,1718998.0,0.0,0.0,9111.0,8990741.0,0.0,0.0,11036.0,0.0,0.0,0.0,0.0
2023-03-29 03:45:14.735000+00:00,2629632.0,32747520.0,37105664.0,37105664.0,21.53,1.780405276,72.5,1718998.0,0.0,0.0,9111.0,8990741.0,0.0,0.0,11036.0,0.0,0.0,0.0,0.0
2023-03-29 03:45:19.416000+00:00,2629632.0,32997376.0,37335040.0,37335040.0,21.53,1.780405276,72.57,1720604.0,0.0,0.0,9119.0,8999753.0,0.0,0.0,11046.0,0.0,0.0,0.0,0.0
2023-03-29 03:45:24.490000+00:00,2629632.0,33140736.0,37629952.0,37629952.0,21.54,1.780405276,72.64,1721407.0,0.0,0.0,9123.0,9004259.0,0.0,0.0,11051.0,0.0,0.0,0.0,0.0
2023-03-29 03:45:28.644000+00:00,2629632.0,33247232.0,37474304.0,37474304.0,21.54,1.780405276,72.65,1722210.0,0.0,0.0,9127.0,9008765.0,0.0,0.0,11056.0,0.0,0.0,0.0,0.0
2023-03-29 03:45:34.700000+00:00,2629632.0,33390592.0,37818368.0,37818368.0,21.56,1.780405276,72.71,1723013.0,0.0,0.0,9131.0,9013271.0,0.0,0.0,11061.0,0.0,0.0,0.0,0.0
2023-03-29 03:45:38.849000+00:00,2629632.0,33492992.0,37752832.0,37752832.0,21.56,1.780405276,72.71,1723816.0,0.0,0.0,9135.0,9017777.0,0.0,0.0,11066.0,0.0,0.0,0.0,0.0
2023-03-29 03:45:44.178000+00:00,2629632.0,33492992.0,37752832.0,37752832.0,21.57,1.781472288,72.78,1723816.0,0.0,0.0,9135.0,9017777.0,0.0,0.0,11066.0,0.0,0.0,0.0,0.0
2023-03-29 03:45:48.451000+00:00,2629632.0,32825344.0,37093376.0,37093376.0,21.57,1.781472288,72.79,1724986.0,0.0,0.0,9141.0,9026473.0,0.0,0.0,11072.0,0.0,0.0,0.0,0.0
2023-03-29 03:45:54.818000+00:00,2646016.0,33083392.0,37474304.0,37474304.0,21.6,1.781472288,72.87,1726279.0,0.0,0.0,9148.0,9031369.0,0.0,0.0,11082.0,0.0,0.0,0.0,0.0
2023-03-29 03:45:59.298000+00:00,2646016.0,33185792.0,37531648.0,37531648.0,21.6,1.781472288,72.87,1727166.0,0.0,0.0,9154.0,9035959.0,0.0,0.0,11089.0,0.0,0.0,0.0,0.0
2023-03-29 03:46:04.195000+00:00,2646016.0,33329152.0,37756928.0,37756928.0,21.63,1.781472288,72.93,1727969.0,0.0,0.0,9158.0,9040465.0,0.0,0.0,11094.0,0.0,0.0,0.0,0.0
2023-03-29 03:46:08.703000+00:00,2646016.0,33435648.0,37781504.0,37781504.0,21.63,1.781472288,72.94,1728772.0,0.0,0.0,9162.0,9044971.0,0.0,0.0,11099.0,0.0,0.0,0.0,0.0
2023-03-29 03:46:14.769000+00:00,2646016.0,32677888.0,37781504.0,37781504.0,21.65,1.781472288,73.01,1728772.0,0.0,0.0,9162.0,9044971.0,0.0,0.0,11099.0,0.0,0.0,0.0,0.0
2023-03-29 03:46:18.780000+00:00,2646016.0,32780288.0,37101568.0,37101568.0,21.65,1.781472288,73.01,1730378.0,0.0,0.0,9170.0,9053983.0,0.0,0.0,11109.0,0.0,0.0,0.0,0.0
2023-03-29 03:46:24.264000+00:00,2646016.0,32886784.0,37142528.0,37142528.0,21.65,1.781472288,73.02,1731181.0,0.0,0.0,9174.0,9058489.0,0.0,0.0,11114.0,0.0,0.0,0.0,0.0
2023-03-29 03:46:28.894000+00:00,2646016.0,33030144.0,37294080.0,37294080.0,21.66,1.781472288,73.09,1731984.0,0.0,0.0,9178.0,9062995.0,0.0,0.0,11119.0,0.0,0.0,0.0,0.0
2023-03-29 03:46:34.115000+00:00,2646016.0,33030144.0,37486592.0,37486592.0,21.66,1.781472288,73.09,1732787.0,0.0,0.0,9182.0,9067501.0,0.0,0.0,11124.0,0.0,0.0,0.0,0.0
2023-03-29 03:46:39.651000+00:00,2646016.0,33280000.0,37515264.0,37515264.0,21.69,1.781472288,73.16,1733590.0,0.0,0.0,9186.0,9072007.0,0.0,0.0,11129.0,0.0,0.0,0.0,0.0
2023-03-29 03:46:44.090000+00:00,2646016.0,33280000.0,37515264.0,37515264.0,21.7,1.781472288,73.16,1733590.0,0.0,0.0,9186.0,9072007.0,0.0,0.0,11129.0,0.0,0.0,0.0,0.0
2023-03-29 03:46:49.654000+00:00,2646016.0,32587776.0,36868096.0,36868096.0,21.72,1.781472288,73.22,1735196.0,0.0,0.0,9194.0,9081019.0,0.0,0.0,11139.0,0.0,0.0,0.0,0.0
2023-03-29 03:46:53.796000+00:00,2662400.0,32776192.0,37376000.0,37376000.0,21.74,1.781472288,73.23,1736053.0,0.0,0.0,9199.0,9085599.0,0.0,0.0,11145.0,0.0,0.0,0.0,0.0
2023-03-29 03:46:59.638000+00:00,2662400.0,32923648.0,37163008.0,37163008.0,21.75,1.781472288,73.3,1736940.0,0.0,0.0,9205.0,9090189.0,0.0,0.0,11152.0,0.0,0.0,0.0,0.0
2023-03-29 03:47:04.118000+00:00,2662400.0,33026048.0,37285888.0,37285888.0,21.75,1.781472288,73.3,1737743.0,0.0,0.0,9209.0,9094695.0,0.0,0.0,11157.0,0.0,0.0,0.0,0.0
2023-03-29 03:47:09.054000+00:00,2662400.0,33075200.0,37490688.0,37490688.0,21.78,1.781472288,73.37,1738546.0,0.0,0.0,9213.0,9099201.0,0.0,0.0,11162.0,0.0,0.0,0.0,0.0
2023-03-29 03:47:14.863000+00:00,2662400.0,33177600.0,37490688.0,37490688.0,21.78,1.781472288,73.38,1738546.0,0.0,0.0,9213.0,9099201.0,0.0,0.0,11167.0,0.0,0.0,0.0,0.0
2023-03-29 03:47:19.460000+00:00,2662400.0,33320960.0,37548032.0,37548032.0,21.8,1.781472288,73.45,1740152.0,0.0,0.0,9221.0,9108213.0,0.0,0.0,11172.0,0.0,0.0,0.0,0.0
2023-03-29 03:47:24.773000+00:00,2662400.0,33320960.0,36802560.0,36802560.0,21.8,1.781472288,73.46,1740955.0,0.0,0.0,9225.0,9112719.0,0.0,0.0,11177.0,0.0,0.0,0.0,0.0
2023-03-29 03:47:29.042000+00:00,2662400.0,32722944.0,37183488.0,37183488.0,21.83,1.781472288,73.52,1741758.0,0.0,0.0,9229.0,9117225.0,0.0,0.0,11182.0,0.0,0.0,0.0,0.0
2023-03-29 03:47:34.392000+00:00,2662400.0,32825344.0,37081088.0,37081088.0,21.83,1.781472288,73.53,1742561.0,0.0,0.0,9233.0,9121731.0,0.0,0.0,11187.0,0.0,0.0,0.0,0.0
2023-03-29 03:47:38.702000+00:00,2662400.0,32968704.0,37249024.0,37249024.0,21.85,1.781472288,73.59,1743364.0,0.0,0.0,9237.0,9126237.0,0.0,0.0,11192.0,0.0,0.0,0.0,0.0
2023-03-29 03:47:43.814000+00:00,2662400.0,32968704.0,37298176.0,37298176.0,21.85,1.781472288,73.59,1744167.0,0.0,0.0,9241.0,9130743.0,0.0,0.0,11197.0,0.0,0.0,0.0,0.0
2023-03-29 03:47:49.408000+00:00,2662400.0,33214464.0,37617664.0,37617664.0,21.88,1.78246694,73.65,1744970.0,0.0,0.0,9245.0,9135249.0,0.0,0.0,11202.0,0.0,0.0,0.0,0.0
2023-03-29 03:47:53.614000+00:00,2662400.0,33357824.0,37990400.0,37990400.0,21.9,1.78246694,73.65,1745827.0,0.0,0.0,9250.0,9139829.0,0.0,0.0,11208.0,0.0,0.0,0.0,0.0
2023-03-29 03:47:59.217000+00:00,2678784.0,32653312.0,37134336.0,37134336.0,21.91,1.78246694,73.72,1746714.0,0.0,0.0,9256.0,9144419.0,0.0,0.0,11215.0,0.0,0.0,0.0,0.0
2023-03-29 03:48:04.560000+00:00,2678784.0,32751616.0,36978688.0,36978688.0,21.91,1.78246694,73.73,1747517.0,0.0,0.0,9260.0,9148925.0,0.0,0.0,11220.0,0.0,0.0,0.0,0.0
2023-03-29 03:48:09.439000+00:00,2678784.0,32899072.0,37285888.0,37285888.0,21.93,1.784190275,73.8,1748320.0,0.0,0.0,9264.0,9153431.0,0.0,0.0,11225.0,0.0,0.0,0.0,0.0
2023-03-29 03:48:14.759000+00:00,2678784.0,32899072.0,37285888.0,37285888.0,21.93,1.784190275,73.8,1748320.0,0.0,0.0,9264.0,9153431.0,0.0,0.0,11225.0,0.0,0.0,0.0,0.0
2023-03-29 03:48:19.834000+00:00,2678784.0,33148928.0,37494784.0,37494784.0,21.96,1.785220806,73.85,1749926.0,0.0,0.0,9272.0,9162443.0,0.0,0.0,11235.0,0.0,0.0,0.0,0.0
2023-03-29 03:48:24.117000+00:00,2678784.0,33247232.0,37466112.0,37466112.0,21.97,1.785220806,73.86,1750729.0,0.0,0.0,9276.0,9166949.0,0.0,0.0,11240.0,0.0,0.0,0.0,0.0
2023-03-29 03:48:28.681000+00:00,2678784.0,33353728.0,37601280.0,37601280.0,21.97,1.785220806,73.86,1751532.0,0.0,0.0,9280.0,9171455.0,0.0,0.0,11245.0,0.0,0.0,0.0,0.0
2023-03-29 03:48:34.745000+00:00,2678784.0,32595968.0,36823040.0,36823040.0,21.98,1.785220806,73.93,1752335.0,0.0,0.0,9284.0,9175961.0,0.0,0.0,11250.0,0.0,0.0,0.0,0.0
2023-03-29 03:48:39.356000+00:00,2678784.0,32739328.0,37363712.0,37363712.0,22.01,1.785220806,73.98,1753138.0,0.0,0.0,9288.0,9180467.0,0.0,0.0,11255.0,0.0,0.0,0.0,0.0
2023-03-29 03:48:44.363000+00:00,2678784.0,32841728.0,37363712.0,37363712.0,22.02,1.785220806,73.98,1753138.0,0.0,0.0,9288.0,9180467.0,0.0,0.0,11255.0,0.0,0.0,0.0,0.0
2023-03-29 03:48:49.462000+00:00,2678784.0,34762752.0,39460864.0,39460864.0,22.02,1.785220806,74.0,1754744.0,0.0,0.0,9296.0,9189479.0,0.0,0.0,11265.0,0.0,0.0,0.0,0.0
2023-03-29 03:48:53.635000+00:00,2691072.0,33177600.0,37851136.0,37851136.0,22.05,1.785220806,74.06,1755601.0,0.0,0.0,9301.0,9194059.0,0.0,0.0,11271.0,0.0,0.0,0.0,0.0
2023-03-29 03:48:59.288000+00:00,2691072.0,33280000.0,37634048.0,37634048.0,22.05,1.785220806,74.06,1756488.0,0.0,0.0,9307.0,9198649.0,0.0,0.0,11278.0,0.0,0.0,0.0,0.0
2023-03-29 03:49:04.902000+00:00,2691072.0,33280000.0,37703680.0,37703680.0,22.08,1.785220806,74.14,1757291.0,0.0,0.0,9311.0,9203155.0,0.0,0.0,11283.0,0.0,0.0,0.0,0.0
2023-03-29 03:49:09.211000+00:00,2691072.0,32620544.0,37011456.0,37011456.0,22.08,1.785220806,74.14,1758094.0,0.0,0.0,9315.0,9207661.0,0.0,0.0,11288.0,0.0,0.0,0.0,0.0
2023-03-29 03:49:14.956000+00:00,2691072.0,32620544.0,37011456.0,37011456.0,22.09,1.785220806,74.14,1758094.0,0.0,0.0,9315.0,9207661.0,0.0,0.0,11288.0,0.0,0.0,0.0,0.0
2023-03-29 03:49:19.400000+00:00,2691072.0,32858112.0,37113856.0,37113856.0,22.09,1.785220806,74.21,1759700.0,0.0,0.0,9323.0,9216673.0,0.0,0.0,11298.0,0.0,0.0,0.0,0.0
2023-03-29 03:49:23.679000+00:00,2691072.0,32993280.0,37330944.0,37330944.0,22.12,1.785220806,74.27,1760503.0,0.0,0.0,9327.0,9221179.0,0.0,0.0,11303.0,0.0,0.0,0.0,0.0
2023-03-29 03:49:29.307000+00:00,2691072.0,33091584.0,37339136.0,37339136.0,22.12,1.785220806,74.27,1761306.0,0.0,0.0,9331.0,9225685.0,0.0,0.0,11308.0,0.0,0.0,0.0,0.0
2023-03-29 03:49:34.210000+00:00,2691072.0,33230848.0,37457920.0,37457920.0,22.13,1.785220806,74.34,1762109.0,0.0,0.0,9335.0,9230191.0,0.0,0.0,11313.0,0.0,0.0,0.0,0.0
2023-03-29 03:49:39.231000+00:00,2691072.0,33329152.0,37679104.0,37679104.0,22.14,1.785220806,74.34,1762912.0,0.0,0.0,9339.0,9234697.0,0.0,0.0,11318.0,0.0,0.0,0.0,0.0
2023-03-29 03:49:43.665000+00:00,2691072.0,32567296.0,37679104.0,37679104.0,22.15,1.785220806,74.4,1762912.0,0.0,0.0,9339.0,9234697.0,0.0,0.0,11323.0,0.0,0.0,0.0,0.0
2023-03-29 03:49:48.806000+00:00,2691072.0,32669696.0,36917248.0,36917248.0,22.16,1.785220806,74.4,1764518.0,0.0,0.0,9347.0,9243709.0,0.0,0.0,11328.0,0.0,0.0,0.0,0.0
2023-03-29 03:49:53.196000+00:00,2707456.0,32796672.0,37105664.0,37105664.0,22.17,1.785220806,74.46,1764885.0,0.0,0.0,9349.0,9247899.0,0.0,0.0,11329.0,0.0,0.0,0.0,0.0
2023-03-29 03:49:57.990000+00:00,2707456.0,32976896.0,37212160.0,37212160.0,22.18,1.785220806,74.48,1765742.0,0.0,0.0,9354.0,9252479.0,0.0,0.0,11335.0,0.0,0.0,0.0,0.0
2023-03-29 03:50:03.558000+00:00,2707456.0,33128448.0,37376000.0,37376000.0,22.21,1.785220806,74.54,1767065.0,0.0,0.0,9362.0,9257385.0,0.0,0.0,11346.0,0.0,0.0,0.0,0.0
2023-03-29 03:50:09.231000+00:00,2707456.0,33226752.0,37560320.0,37560320.0,22.21,1.785220806,74.55,1767868.0,0.0,0.0,9366.0,9261891.0,0.0,0.0,11351.0,0.0,0.0,0.0,0.0
2023-03-29 03:50:13.990000+00:00,2707456.0,33226752.0,37560320.0,37560320.0,22.22,1.785220806,74.61,1767868.0,0.0,0.0,9366.0,9261891.0,0.0,0.0,11351.0,0.0,0.0,0.0,0.0
2023-03-29 03:50:19.394000+00:00,2707456.0,32559104.0,36786176.0,36786176.0,22.23,1.785220806,74.61,1769474.0,0.0,0.0,9374.0,9270903.0,0.0,0.0,11361.0,0.0,0.0,0.0,0.0
2023-03-29 03:50:24.790000+00:00,2707456.0,32694272.0,36929536.0,36929536.0,22.25,1.785220806,74.67,1770277.0,0.0,0.0,9378.0,9275409.0,0.0,0.0,11366.0,0.0,0.0,0.0,0.0
2023-03-29 03:50:29.074000+00:00,2707456.0,32796672.0,37052416.0,37052416.0,22.25,1.785220806,74.68,1771080.0,0.0,0.0,9382.0,9279915.0,0.0,0.0,11371.0,0.0,0.0,0.0,0.0
2023-03-29 03:50:34.062000+00:00,2707456.0,32931840.0,37265408.0,37265408.0,22.27,1.785220806,74.68,1771883.0,0.0,0.0,9386.0,9284421.0,0.0,0.0,11376.0,0.0,0.0,0.0,0.0
2023-03-29 03:50:39.263000+00:00,2707456.0,33030144.0,37257216.0,37257216.0,22.28,1.785220806,74.74,1772686.0,0.0,0.0,9390.0,9288927.0,0.0,0.0,11381.0,0.0,0.0,0.0,0.0
2023-03-29 03:50:43.412000+00:00,2707456.0,33030144.0,37257216.0,37257216.0,22.29,1.785220806,74.81,1772686.0,0.0,0.0,9390.0,9288927.0,0.0,0.0,11381.0,0.0,0.0,0.0,0.0
2023-03-29 03:50:49.176000+00:00,2707456.0,33267712.0,37490688.0,37490688.0,22.29,1.785220806,74.82,1774292.0,0.0,0.0,9398.0,9297939.0,0.0,0.0,11391.0,0.0,0.0,0.0,0.0
2023-03-29 03:50:54.456000+00:00,2723840.0,32665600.0,37163008.0,37163008.0,22.32,1.785220806,74.9,1775149.0,0.0,0.0,9403.0,9302519.0,0.0,0.0,11397.0,0.0,0.0,0.0,0.0
2023-03-29 03:50:59.432000+00:00,2723840.0,32763904.0,37015552.0,37015552.0,22.32,1.785220806,74.9,1776036.0,0.0,0.0,9409.0,9307109.0,0.0,0.0,11404.0,0.0,0.0,0.0,0.0
2023-03-29 03:51:04.698000+00:00,2723840.0,32882688.0,37113856.0,37113856.0,22.35,1.785220806,74.98,1776839.0,0.0,0.0,9413.0,9311615.0,0.0,0.0,11409.0,0.0,0.0,0.0,0.0
2023-03-29 03:51:08.774000+00:00,2723840.0,32976896.0,37232640.0,37232640.0,22.35,1.785220806,74.98,1777642.0,0.0,0.0,9417.0,9316121.0,0.0,0.0,11414.0,0.0,0.0,0.0,0.0
2023-03-29 03:51:13.285000+00:00,2723840.0,32976896.0,37232640.0,37232640.0,22.35,1.785220806,74.98,1777642.0,0.0,0.0,9417.0,9316121.0,0.0,0.0,11414.0,0.0,0.0,0.0,0.0
2023-03-29 03:51:19.799000+00:00,2723840.0,33214464.0,37449728.0,37449728.0,22.37,1.785220806,75.05,1779248.0,0.0,0.0,9425.0,9325133.0,0.0,0.0,11424.0,0.0,0.0,0.0,0.0
2023-03-29 03:51:24.382000+00:00,2723840.0,33214464.0,37523456.0,37523456.0,22.37,1.785220806,75.06,1780051.0,0.0,0.0,9429.0,9329639.0,0.0,0.0,11429.0,0.0,0.0,0.0,0.0
2023-03-29 03:51:29.623000+00:00,2723840.0,32620544.0,36970496.0,36970496.0,22.39,1.785220806,75.13,1780854.0,0.0,0.0,9433.0,9334145.0,0.0,0.0,11434.0,0.0,0.0,0.0,0.0
2023-03-29 03:51:34.744000+00:00,2723840.0,32620544.0,37048320.0,37048320.0,22.39,1.785220806,75.13,1781657.0,0.0,0.0,9437.0,9338651.0,0.0,0.0,11439.0,0.0,0.0,0.0,0.0
2023-03-29 03:51:39.504000+00:00,2723840.0,32858112.0,37076992.0,37076992.0,22.41,1.785220806,75.2,1782460.0,0.0,0.0,9441.0,9343157.0,0.0,0.0,11444.0,0.0,0.0,0.0,0.0
2023-03-29 03:51:44.187000+00:00,2723840.0,32956416.0,37285888.0,37285888.0,22.41,1.785220806,75.2,1782460.0,0.0,0.0,9441.0,9343157.0,0.0,0.0,11444.0,0.0,0.0,0.0,0.0
2023-03-29 03:51:49.142000+00:00,2723840.0,33095680.0,37335040.0,37335040.0,22.44,1.785220806,75.25,1784066.0,0.0,0.0,9449.0,9352169.0,0.0,0.0,11454.0,0.0,0.0,0.0,0.0
2023-03-29 03:51:54.048000+00:00,2736128.0,33280000.0,37752832.0,37752832.0,22.46,1.785220806,75.25,1784923.0,0.0,0.0,9454.0,9356749.0,0.0,0.0,11460.0,0.0,0.0,0.0,0.0
2023-03-29 03:51:58.795000+00:00,2736128.0,32616448.0,36970496.0,36970496.0,22.48,1.785220806,75.34,1785726.0,0.0,0.0,9458.0,9361255.0,0.0,0.0,11465.0,0.0,0.0,0.0,0.0
2023-03-29 03:52:04.413000+00:00,2736128.0,32710656.0,36945920.0,36945920.0,22.48,1.785220806,75.34,1786613.0,0.0,0.0,9464.0,9365845.0,0.0,0.0,11472.0,0.0,0.0,0.0,0.0
2023-03-29 03:52:09.498000+00:00,2736128.0,32903168.0,37126144.0,37126144.0,22.5,1.785220806,75.41,1787416.0,0.0,0.0,9468.0,9370351.0,0.0,0.0,11477.0,0.0,0.0,0.0,0.0
2023-03-29 03:52:14.267000+00:00,2736128.0,33001472.0,37343232.0,37343232.0,22.5,1.785220806,75.42,1788219.0,0.0,0.0,9472.0,9374857.0,0.0,0.0,11482.0,0.0,0.0,0.0,0.0
2023-03-29 03:52:19.774000+00:00,2736128.0,33140736.0,37363712.0,37363712.0,22.52,1.785220806,75.48,1789022.0,0.0,0.0,9476.0,9379363.0,0.0,0.0,11487.0,0.0,0.0,0.0,0.0
2023-03-29 03:52:24.801000+00:00,2736128.0,33234944.0,37457920.0,37457920.0,22.52,1.785220806,75.49,1789825.0,0.0,0.0,9480.0,9383869.0,0.0,0.0,11492.0,0.0,0.0,0.0,0.0
2023-03-29 03:52:28.807000+00:00,2736128.0,33378304.0,37597184.0,37597184.0,22.54,1.785220806,75.56,1790628.0,0.0,0.0,9484.0,9388375.0,0.0,0.0,11497.0,0.0,0.0,0.0,0.0
2023-03-29 03:52:33.828000+00:00,2736128.0,32600064.0,36941824.0,36941824.0,22.54,1.785220806,75.56,1791431.0,0.0,0.0,9488.0,9392881.0,0.0,0.0,11502.0,0.0,0.0,0.0,0.0
2023-03-29 03:52:38.501000+00:00,2736128.0,32727040.0,37134336.0,37134336.0,22.55,1.785220806,75.63,1791798.0,0.0,0.0,9490.0,9397071.0,0.0,0.0,11503.0,0.0,0.0,0.0,0.0
2023-03-29 03:52:44.397000+00:00,2736128.0,32727040.0,37134336.0,37134336.0,22.55,1.785220806,75.64,1791798.0,0.0,0.0,9490.0,9397071.0,0.0,0.0,11503.0,0.0,0.0,0.0,0.0
2023-03-29 03:52:48.075000+00:00,2736128.0,32964608.0,37306368.0,37306368.0,22.57,1.785220806,75.7,1793404.0,0.0,0.0,9498.0,9406083.0,0.0,0.0,11513.0,0.0,0.0,0.0,0.0
2023-03-29 03:52:53.452000+00:00,2736128.0,32899072.0,37175296.0,37175296.0,22.58,1.785220806,75.71,1794207.0,0.0,0.0,9502.0,9410589.0,0.0,0.0,11518.0,0.0,0.0,0.0,0.0
2023-03-29 03:52:59.492000+00:00,2752512.0,33132544.0,37490688.0,37490688.0,22.62,1.785220806,75.76,1795584.0,0.0,0.0,9511.0,9415569.0,0.0,0.0,11530.0,0.0,0.0,0.0,0.0
2023-03-29 03:53:03.999000+00:00,2752512.0,33132544.0,36700160.0,36700160.0,22.63,1.785220806,75.76,1796387.0,0.0,0.0,9515.0,9420075.0,0.0,0.0,11535.0,0.0,0.0,0.0,0.0
2023-03-29 03:53:08.614000+00:00,2752512.0,32546816.0,36925440.0,36925440.0,22.66,1.785220806,75.86,1797190.0,0.0,0.0,9519.0,9424581.0,0.0,0.0,11540.0,0.0,0.0,0.0,0.0
2023-03-29 03:53:13.352000+00:00,2752512.0,32641024.0,36909056.0,36909056.0,22.66,1.785220806,75.86,1797557.0,0.0,0.0,9519.0,9424581.0,0.0,0.0,11540.0,0.0,0.0,0.0,0.0
2023-03-29 03:53:19.169000+00:00,2752512.0,32813056.0,37425152.0,37425152.0,22.67,1.785220806,75.95,1798796.0,0.0,0.0,9527.0,9433593.0,0.0,0.0,11550.0,0.0,0.0,0.0,0.0
2023-03-29 03:53:23.672000+00:00,2752512.0,32907264.0,37253120.0,37253120.0,22.67,1.785220806,75.96,1799599.0,0.0,0.0,9531.0,9438099.0,0.0,0.0,11555.0,0.0,0.0,0.0,0.0
2023-03-29 03:53:28.633000+00:00,2752512.0,35287040.0,37875712.0,37875712.0,22.67,1.785220806,76.01,1800402.0,0.0,0.0,9535.0,9442605.0,0.0,0.0,11560.0,0.0,0.0,0.0,0.0
2023-03-29 03:53:33.439000+00:00,2752512.0,33132544.0,37351424.0,37351424.0,22.68,1.785220806,76.03,1800769.0,0.0,0.0,9537.0,9446795.0,0.0,0.0,11561.0,0.0,0.0,0.0,0.0
2023-03-29 03:53:39.516000+00:00,2752512.0,32477184.0,36696064.0,36696064.0,22.69,1.785220806,76.1,1802008.0,0.0,0.0,9543.0,9451617.0,0.0,0.0,11570.0,0.0,0.0,0.0,0.0
2023-03-29 03:53:44.548000+00:00,2752512.0,32571392.0,36696064.0,36696064.0,22.69,1.785220806,76.11,1802008.0,0.0,0.0,9543.0,9451617.0,0.0,0.0,11575.0,0.0,0.0,0.0,0.0
2023-03-29 03:53:48.612000+00:00,2752512.0,32661504.0,36876288.0,36876288.0,22.69,1.785220806,76.11,1803178.0,0.0,0.0,9549.0,9460313.0,0.0,0.0,11576.0,0.0,0.0,0.0,0.0
2023-03-29 03:53:53.403000+00:00,2752512.0,32800768.0,37068800.0,37068800.0,22.7,1.785220806,76.18,1803981.0,0.0,0.0,9553.0,9464819.0,0.0,0.0,11581.0,0.0,0.0,0.0,0.0
2023-03-29 03:53:58.228000+00:00,2768896.0,32985088.0,37257216.0,37257216.0,22.72,1.785220806,76.18,1804838.0,0.0,0.0,9558.0,9469399.0,0.0,0.0,11587.0,0.0,0.0,0.0,0.0
2023-03-29 03:54:03.604000+00:00,2768896.0,32985088.0,37339136.0,37339136.0,22.75,1.785220806,76.18,1805725.0,0.0,0.0,9564.0,9473989.0,0.0,0.0,11594.0,0.0,0.0,0.0,0.0
2023-03-29 03:54:09.880000+00:00,2768896.0,32473088.0,37003264.0,37003264.0,22.76,1.785220806,76.32,1806964.0,0.0,0.0,9570.0,9478811.0,0.0,0.0,11603.0,0.0,0.0,0.0,0.0
2023-03-29 03:54:13.597000+00:00,2768896.0,32473088.0,37003264.0,37003264.0,22.76,1.785220806,76.32,1806964.0,0.0,0.0,9570.0,9478811.0,0.0,0.0,11603.0,0.0,0.0,0.0,0.0
2023-03-29 03:54:18.321000+00:00,2768896.0,32657408.0,36921344.0,36921344.0,22.76,1.785220806,76.33,1808134.0,0.0,0.0,9576.0,9487507.0,0.0,0.0,11609.0,0.0,0.0,0.0,0.0
2023-03-29 03:54:23.717000+00:00,2768896.0,32804864.0,37072896.0,37072896.0,22.78,1.785220806,76.41,1809373.0,0.0,0.0,9582.0,9492329.0,0.0,0.0,11618.0,0.0,0.0,0.0,0.0
2023-03-29 03:54:29.589000+00:00,2768896.0,32903168.0,37253120.0,37253120.0,22.78,1.785220806,76.42,1810176.0,0.0,0.0,9586.0,9496835.0,0.0,0.0,11623.0,0.0,0.0,0.0,0.0
2023-03-29 03:54:34.569000+00:00,2768896.0,33042432.0,37392384.0,37392384.0,22.8,1.785220806,76.48,1810979.0,0.0,0.0,9590.0,9501341.0,0.0,0.0,11628.0,0.0,0.0,0.0,0.0
2023-03-29 03:54:39.075000+00:00,2768896.0,33136640.0,37392384.0,37392384.0,22.8,1.785220806,76.48,1811782.0,0.0,0.0,9594.0,9505847.0,0.0,0.0,11633.0,0.0,0.0,0.0,0.0
2023-03-29 03:54:44.756000+00:00,2768896.0,33136640.0,37392384.0,37392384.0,22.82,1.785220806,76.54,1811782.0,0.0,0.0,9594.0,9510353.0,0.0,0.0,11638.0,0.0,0.0,0.0,0.0
2023-03-29 03:54:49.107000+00:00,2768896.0,32542720.0,36892672.0,36892672.0,22.82,1.785220806,76.55,1813388.0,0.0,0.0,9602.0,9514859.0,0.0,0.0,11643.0,0.0,0.0,0.0,0.0
2023-03-29 03:54:54.204000+00:00,2781184.0,32763904.0,37597184.0,37597184.0,22.86,1.785220806,76.62,1814245.0,0.0,0.0,9607.0,9519439.0,0.0,0.0,11649.0,0.0,0.0,0.0,0.0
2023-03-29 03:54:59.363000+00:00,2781184.0,32862208.0,37101568.0,37101568.0,22.86,1.785220806,76.63,1815132.0,0.0,0.0,9613.0,9524029.0,0.0,0.0,11656.0,0.0,0.0,0.0,0.0
2023-03-29 03:55:04.036000+00:00,2781184.0,33001472.0,37367808.0,37367808.0,22.87,1.785220806,76.69,1815935.0,0.0,0.0,9617.0,9528535.0,0.0,0.0,11661.0,0.0,0.0,0.0,0.0
2023-03-29 03:55:07.983000+00:00,2781184.0,33087488.0,37330944.0,37330944.0,22.87,1.785220806,76.69,1816302.0,0.0,0.0,9619.0,9532725.0,0.0,0.0,11662.0,0.0,0.0,0.0,0.0
2023-03-29 03:55:14.866000+00:00,2781184.0,33234944.0,37330944.0,37330944.0,22.88,1.785220806,76.76,1816302.0,0.0,0.0,9619.0,9532725.0,0.0,0.0,11662.0,0.0,0.0,0.0,0.0
2023-03-29 03:55:18.308000+00:00,2781184.0,32436224.0,36974592.0,36974592.0,22.88,1.785220806,76.76,1817908.0,0.0,0.0,9627.0,9541737.0,0.0,0.0,11672.0,0.0,0.0,0.0,0.0
2023-03-29 03:55:23.899000+00:00,2781184.0,32579584.0,36933632.0,36933632.0,22.89,1.785220806,76.83,1819147.0,0.0,0.0,9633.0,9546559.0,0.0,0.0,11681.0,0.0,0.0,0.0,0.0
2023-03-29 03:55:29.107000+00:00,2781184.0,32681984.0,36913152.0,36913152.0,22.9,1.785220806,76.83,1819950.0,0.0,0.0,9637.0,9551065.0,0.0,0.0,11686.0,0.0,0.0,0.0,0.0
2023-03-29 03:55:33.483000+00:00,2781184.0,32681984.0,36978688.0,36978688.0,22.9,1.785220806,76.84,1820317.0,0.0,0.0,9639.0,9555255.0,0.0,0.0,11687.0,0.0,0.0,0.0,0.0
2023-03-29 03:55:39.535000+00:00,2781184.0,32915456.0,37146624.0,37146624.0,22.91,1.785220806,76.9,1821556.0,0.0,0.0,9645.0,9560077.0,0.0,0.0,11696.0,0.0,0.0,0.0,0.0
2023-03-29 03:55:43.849000+00:00,2781184.0,32915456.0,37146624.0,37146624.0,22.93,1.785220806,76.95,1821556.0,0.0,0.0,9645.0,9560077.0,0.0,0.0,11696.0,0.0,0.0,0.0,0.0
2023-03-29 03:55:48.801000+00:00,2781184.0,33153024.0,37515264.0,37515264.0,22.93,1.785220806,76.96,1823162.0,0.0,0.0,9653.0,9569089.0,0.0,0.0,11706.0,0.0,0.0,0.0,0.0
2023-03-29 03:55:54.481000+00:00,2781184.0,32563200.0,37109760.0,37109760.0,22.98,1.785220806,76.96,1824019.0,0.0,0.0,9658.0,9573669.0,0.0,0.0,11712.0,0.0,0.0,0.0,0.0
2023-03-29 03:55:58.973000+00:00,2797568.0,32661504.0,37007360.0,37007360.0,22.98,1.785220806,77.02,1824906.0,0.0,0.0,9664.0,9578259.0,0.0,0.0,11719.0,0.0,0.0,0.0,0.0
2023-03-29 03:56:03.531000+00:00,2797568.0,32751616.0,37019648.0,37019648.0,22.98,1.785220806,77.03,1825273.0,0.0,0.0,9666.0,9582449.0,0.0,0.0,11720.0,0.0,0.0,0.0,0.0
2023-03-29 03:56:08.978000+00:00,2797568.0,32899072.0,37253120.0,37253120.0,23.0,1.785220806,77.1,1826512.0,0.0,0.0,9672.0,9587271.0,0.0,0.0,11729.0,0.0,0.0,0.0,0.0
2023-03-29 03:56:14.790000+00:00,2797568.0,32899072.0,37253120.0,37253120.0,23.0,1.786180296,77.17,1826512.0,0.0,0.0,9672.0,9587271.0,0.0,0.0,11729.0,0.0,0.0,0.0,0.0
2023-03-29 03:56:18.941000+00:00,2797568.0,33132544.0,37371904.0,37371904.0,23.0,1.786180296,77.17,1828118.0,0.0,0.0,9680.0,9596283.0,0.0,0.0,11739.0,0.0,0.0,0.0,0.0
2023-03-29 03:56:23.407000+00:00,2797568.0,32428032.0,36794368.0,36794368.0,23.0,1.786180296,77.18,1828485.0,0.0,0.0,9682.0,9600473.0,0.0,0.0,11740.0,0.0,0.0,0.0,0.0
2023-03-29 03:56:29.371000+00:00,2797568.0,32575488.0,36810752.0,36810752.0,23.02,1.786180296,77.24,1829724.0,0.0,0.0,9688.0,9605295.0,0.0,0.0,11749.0,0.0,0.0,0.0,0.0
2023-03-29 03:56:33.664000+00:00,2797568.0,32665600.0,36892672.0,36892672.0,23.02,1.786180296,77.25,1830091.0,0.0,0.0,9690.0,9609485.0,0.0,0.0,11750.0,0.0,0.0,0.0,0.0
2023-03-29 03:56:39.553000+00:00,2797568.0,32813056.0,37126144.0,37126144.0,23.03,1.786180296,77.32,1831330.0,0.0,0.0,9696.0,9614307.0,0.0,0.0,11759.0,0.0,0.0,0.0,0.0
2023-03-29 03:56:43.739000+00:00,2797568.0,32813056.0,37126144.0,37126144.0,23.04,1.786180296,77.32,1831330.0,0.0,0.0,9696.0,9614307.0,0.0,0.0,11759.0,0.0,0.0,0.0,0.0
2023-03-29 03:56:49.053000+00:00,2797568.0,33050624.0,37416960.0,37416960.0,23.05,1.786180296,77.39,1832936.0,0.0,0.0,9704.0,9623319.0,0.0,0.0,11769.0,0.0,0.0,0.0,0.0
2023-03-29 03:56:54.808000+00:00,2813952.0,32436224.0,36798464.0,36798464.0,23.06,1.786180296,77.4,1833793.0,0.0,0.0,9709.0,9627899.0,0.0,0.0,11775.0,0.0,0.0,0.0,0.0
2023-03-29 03:56:59.681000+00:00,2813952.0,32579584.0,36937728.0,36937728.0,23.08,1.786180296,77.47,1834680.0,0.0,0.0,9715.0,9632489.0,0.0,0.0,11782.0,0.0,0.0,0.0,0.0
2023-03-29 03:57:04.239000+00:00,2813952.0,32673792.0,37036032.0,37036032.0,23.08,1.786180296,77.47,1835483.0,0.0,0.0,9719.0,9636995.0,0.0,0.0,11787.0,0.0,0.0,0.0,0.0
2023-03-29 03:57:09.772000+00:00,2813952.0,32813056.0,37052416.0,37052416.0,23.1,1.786180296,77.54,1836286.0,0.0,0.0,9723.0,9641501.0,0.0,0.0,11792.0,0.0,0.0,0.0,0.0
2023-03-29 03:57:14.205000+00:00,2813952.0,32813056.0,37052416.0,37052416.0,23.1,1.786180296,77.54,1836286.0,0.0,0.0,9723.0,9641501.0,0.0,0.0,11797.0,0.0,0.0,0.0,0.0
2023-03-29 03:57:18.843000+00:00,2813952.0,33050624.0,37408768.0,37408768.0,23.12,1.786180296,77.61,1837892.0,0.0,0.0,9731.0,9650513.0,0.0,0.0,11802.0,0.0,0.0,0.0,0.0
2023-03-29 03:57:23.677000+00:00,2813952.0,33136640.0,37371904.0,37371904.0,23.12,1.786180296,77.61,1838259.0,0.0,0.0,9733.0,9654703.0,0.0,0.0,11803.0,0.0,0.0,0.0,0.0
2023-03-29 03:57:29.867000+00:00,2813952.0,32444416.0,36728832.0,36728832.0,23.14,1.786180296,77.67,1839498.0,0.0,0.0,9739.0,9659525.0,0.0,0.0,11812.0,0.0,0.0,0.0,0.0
2023-03-29 03:57:33.628000+00:00,2813952.0,32530432.0,36810752.0,36810752.0,23.14,1.786180296,77.68,1839865.0,0.0,0.0,9741.0,9663715.0,0.0,0.0,11813.0,0.0,0.0,0.0,0.0
2023-03-29 03:57:38.277000+00:00,2813952.0,32669696.0,36945920.0,36945920.0,23.16,1.786180296,77.74,1840668.0,0.0,0.0,9745.0,9668221.0,0.0,0.0,11818.0,0.0,0.0,0.0,0.0
2023-03-29 03:57:44.646000+00:00,2813952.0,32776192.0,36945920.0,36945920.0,23.16,1.786180296,77.75,1840668.0,0.0,0.0,9745.0,9668221.0,0.0,0.0,11818.0,0.0,0.0,0.0,0.0
2023-03-29 03:57:48.815000+00:00,2813952.0,32911360.0,37335040.0,37335040.0,23.17,1.786180296,77.81,1842710.0,0.0,0.0,9755.0,9677549.0,0.0,0.0,11832.0,0.0,0.0,0.0,0.0
2023-03-29 03:57:54.384000+00:00,2830336.0,33095680.0,37687296.0,37687296.0,23.19,1.786180296,77.82,1843567.0,0.0,0.0,9760.0,9682129.0,0.0,0.0,11838.0,0.0,0.0,0.0,0.0
2023-03-29 03:57:58.725000+00:00,2830336.0,33329152.0,36851712.0,36851712.0,23.21,1.786180296,77.88,1844370.0,0.0,0.0,9764.0,9686635.0,0.0,0.0,11843.0,0.0,0.0,0.0,0.0
2023-03-29 03:58:04.335000+00:00,2830336.0,33329152.0,36851712.0,36851712.0,23.21,1.786180296,77.89,1845257.0,0.0,0.0,9770.0,9691225.0,0.0,0.0,11850.0,0.0,0.0,0.0,0.0
2023-03-29 03:58:08.493000+00:00,2830336.0,32649216.0,37060608.0,37060608.0,23.25,1.786180296,78.06,1877233.0,0.0,0.0,9966.0,9731459.0,0.0,0.0,12053.0,0.0,0.0,0.0,0.0
2023-03-29 03:58:14.852000+00:00,2830336.0,32894976.0,37105664.0,37105664.0,23.25,1.786180296,78.12,1897005.0,0.0,0.0,10093.0,9757439.0,0.0,0.0,12181.0,0.0,0.0,0.0,0.0
2023-03-29 03:58:19.797000+00:00,2830336.0,33038336.0,37330944.0,37330944.0,23.27,1.786180296,78.18,1897808.0,0.0,0.0,10097.0,9761945.0,0.0,0.0,12186.0,0.0,0.0,0.0,0.0
2023-03-29 03:58:23.200000+00:00,2830336.0,33038336.0,37330944.0,37330944.0,23.27,1.786180296,78.19,1897808.0,0.0,0.0,10097.0,9766135.0,0.0,0.0,12187.0,0.0,0.0,0.0,0.0
2023-03-29 03:58:29.319000+00:00,2830336.0,33255424.0,37834752.0,37834752.0,23.3,1.786180296,78.3,1915664.0,0.0,0.0,10205.0,9789493.0,0.0,0.0,12299.0,0.0,0.0,0.0,0.0
2023-03-29 03:58:34.552000+00:00,2830336.0,33255424.0,36814848.0,36814848.0,23.3,1.786180296,78.31,1916467.0,0.0,0.0,10209.0,9793999.0,0.0,0.0,12304.0,0.0,0.0,0.0,0.0
2023-03-29 03:58:39.678000+00:00,2830336.0,33099776.0,37330944.0,37330944.0,23.31,1.786180296,78.39,1926754.0,0.0,0.0,10275.0,9809719.0,0.0,0.0,12375.0,0.0,0.0,0.0,0.0
2023-03-29 03:58:44.414000+00:00,2830336.0,33214464.0,37330944.0,37330944.0,23.32,1.786180296,78.44,1926754.0,0.0,0.0,10275.0,9809719.0,0.0,0.0,12375.0,0.0,0.0,0.0,0.0
2023-03-29 03:58:48.824000+00:00,2830336.0,32497664.0,37482496.0,37482496.0,23.34,1.786180296,78.5,1943726.0,0.0,0.0,10375.0,9836045.0,0.0,0.0,12479.0,0.0,0.0,0.0,0.0
2023-03-29 03:58:53.449000+00:00,2830336.0,32497664.0,36950016.0,36950016.0,23.34,1.786180296,78.5,1959479.0,0.0,0.0,10469.0,9857556.0,0.0,0.0,12574.0,0.0,0.0,0.0,0.0
2023-03-29 03:58:59.134000+00:00,2945024.0,32796672.0,37265408.0,37265408.0,23.38,1.786180296,78.66,1977067.0,0.0,0.0,10578.0,9880970.0,0.0,0.0,12688.0,0.0,0.0,0.0,0.0
2023-03-29 03:59:04.636000+00:00,2945024.0,32796672.0,37265408.0,36663296.0,23.39,1.786180296,78.68,1985569.0,0.0,0.0,10628.0,9894163.0,0.0,0.0,12740.0,0.0,0.0,0.0,0.0
2023-03-29 03:59:08.065000+00:00,2945024.0,32972800.0,37232640.0,37232640.0,23.39,1.786180296,78.7,1994547.0,0.0,0.0,10684.0,9908282.0,0.0,0.0,12797.0,0.0,0.0,0.0,0.0
2023-03-29 03:59:13.629000+00:00,2945024.0,32972800.0,37232640.0,37232640.0,23.42,1.786180296,78.77,1994547.0,0.0,0.0,10684.0,9908282.0,0.0,0.0,12797.0,0.0,0.0,0.0,0.0
2023-03-29 03:59:19.695000+00:00,2945024.0,33251328.0,37466112.0,37466112.0,23.44,1.786180296,78.82,2013059.0,0.0,0.0,10794.0,9936317.0,0.0,0.0,12913.0,0.0,0.0,0.0,0.0
2023-03-29 03:59:24.254000+00:00,2945024.0,33251328.0,37466112.0,37466112.0,23.46,1.806285963,78.92,2013059.0,0.0,0.0,10852.0,9950671.0,0.0,0.0,12974.0,0.0,0.0,0.0,0.0
2023-03-29 03:59:29.420000+00:00,2945024.0,32948224.0,37158912.0,37158912.0,23.46,1.806285963,78.96,2031725.0,0.0,0.0,10910.0,9965031.0,0.0,0.0,13035.0,0.0,0.0,0.0,0.0
2023-03-29 03:59:34.373000+00:00,2945024.0,33394688.0,37646336.0,37646336.0,23.49,1.806285963,79.06,2055685.0,0.0,0.0,11052.0,9995619.0,0.0,0.0,13181.0,0.0,0.0,0.0,0.0
2023-03-29 03:59:39.799000+00:00,2945024.0,33509376.0,37724160.0,37724160.0,23.52,1.806285963,79.12,2089099.0,0.0,0.0,11256.0,10037434.0,0.0,0.0,13394.0,0.0,0.0,0.0,0.0
2023-03-29 03:59:43.388000+00:00,2945024.0,33509376.0,37724160.0,37724160.0,23.54,1.806285963,79.2,2089099.0,0.0,0.0,11256.0,10037434.0,0.0,0.0,13394.0,0.0,0.0,0.0,0.0
2023-03-29 03:59:48.219000+00:00,2945024.0,32894976.0,37236736.0,37236736.0,23.56,1.806285963,79.29,2123124.0,0.0,0.0,11463.0,10083452.0,0.0,0.0,13605.0,0.0,0.0,0.0,0.0
2023-03-29 03:59:54.310000+00:00,3133440.0,33210368.0,37515264.0,37515264.0,23.63,1.806285963,79.4,2141629.0,0.0,0.0,11578.0,10108195.0,0.0,0.0,13727.0,0.0,0.0,0.0,0.0
2023-03-29 03:59:58.975000+00:00,3133440.0,33300480.0,37634048.0,37634048.0,23.65,1.806285963,79.43,2158765.0,0.0,0.0,11684.0,10131335.0,0.0,0.0,13837.0,0.0,0.0,0.0,0.0
2023-03-29 04:00:03.450000+00:00,3133440.0,33300480.0,37634048.0,37228544.0,23.65,1.806285963,79.55,2166809.0,0.0,0.0,11732.0,10144189.0,0.0,0.0,13885.0,0.0,0.0,0.0,0.0
2023-03-29 04:00:08.284000+00:00,3133440.0,32686080.0,36900864.0,36900864.0,23.66,1.806285963,79.57,2176297.0,0.0,0.0,11791.0,10158582.0,0.0,0.0,13945.0,0.0,0.0,0.0,0.0
2023-03-29 04:00:14.849000+00:00,3133440.0,32686080.0,36900864.0,36900864.0,23.69,1.806285963,79.72,2176297.0,0.0,0.0,11791.0,10158582.0,0.0,0.0,13945.0,0.0,0.0,0.0,0.0
2023-03-29 04:00:19.709000+00:00,3133440.0,33333248.0,37560320.0,37560320.0,23.7,1.806285963,79.75,2218679.0,0.0,0.0,12048.0,10213795.0,0.0,0.0,14212.0,0.0,0.0,0.0,0.0
2023-03-29 04:00:23.481000+00:00,3133440.0,33214464.0,37433344.0,37433344.0,23.73,1.806285963,79.85,2228662.0,0.0,0.0,12111.0,10229306.0,0.0,0.0,14278.0,0.0,0.0,0.0,0.0
2023-03-29 04:00:29.394000+00:00,3133440.0,33251328.0,37466112.0,37466112.0,23.75,1.806285963,79.9,2245453.0,0.0,0.0,12210.0,10251503.0,0.0,0.0,14380.0,0.0,0.0,0.0,0.0
2023-03-29 04:00:34.360000+00:00,3133440.0,33251328.0,37466112.0,37466112.0,23.77,1.806285963,80.0,2245453.0,0.0,0.0,12210.0,10273584.0,0.0,0.0,14480.0,0.0,0.0,0.0,0.0
2023-03-29 04:00:39.871000+00:00,3133440.0,32964608.0,37203968.0,37203968.0,23.8,1.806285963,80.1,2302773.0,0.0,0.0,12556.0,10323781.0,0.0,0.0,14738.0,0.0,0.0,0.0,0.0
2023-03-29 04:00:44.136000+00:00,3133440.0,33103872.0,37507072.0,37507072.0,23.82,1.806285963,80.16,2303576.0,0.0,0.0,12560.0,10328306.0,0.0,0.0,14743.0,0.0,0.0,0.0,0.0
2023-03-29 04:00:48.987000+00:00,3133440.0,32944128.0,37183488.0,37183488.0,23.83,1.806285963,80.23,2330260.0,0.0,0.0,12726.0,10362657.0,0.0,0.0,14916.0,0.0,0.0,0.0,0.0
2023-03-29 04:00:53.383000+00:00,3133440.0,33509376.0,37859328.0,37859328.0,23.86,1.806285963,80.3,2339183.0,0.0,0.0,12782.0,10376866.0,0.0,0.0,14975.0,0.0,0.0,0.0,0.0
2023-03-29 04:00:59.822000+00:00,3342336.0,33386496.0,37609472.0,37609472.0,23.89,1.806285963,80.4,2366420.0,0.0,0.0,12953.0,10411526.0,0.0,0.0,15153.0,0.0,0.0,0.0,0.0
2023-03-29 04:01:04.357000+00:00,3342336.0,33386496.0,37609472.0,37945344.0,23.91,1.806285963,80.46,2367223.0,0.0,0.0,12957.0,10416051.0,0.0,0.0,15158.0,0.0,0.0,0.0,0.0
2023-03-29 04:01:08.798000+00:00,3342336.0,33218560.0,37564416.0,37564416.0,23.92,1.806285963,80.49,2376594.0,0.0,0.0,13015.0,10430460.0,0.0,0.0,15219.0,0.0,0.0,0.0,0.0
2023-03-29 04:01:13.818000+00:00,3342336.0,33263616.0,37576704.0,37576704.0,23.94,1.806285963,80.57,2392980.0,0.0,0.0,13113.0,10452618.0,0.0,0.0,15319.0,0.0,0.0,0.0,0.0
2023-03-29 04:01:19.087000+00:00,3342336.0,33484800.0,37744640.0,37744640.0,23.94,1.806285963,80.58,2395571.0,0.0,0.0,13131.0,10459443.0,0.0,0.0,15340.0,0.0,0.0,0.0,0.0
2023-03-29 04:01:23.914000+00:00,3342336.0,33484800.0,37744640.0,37744640.0,23.97,1.806285963,80.7,2395571.0,0.0,0.0,13131.0,10459443.0,0.0,0.0,15495.0,0.0,0.0,0.0,0.0
2023-03-29 04:01:29.654000+00:00,3342336.0,33275904.0,37511168.0,37511168.0,23.99,1.806285963,80.78,2446782.0,0.0,0.0,13447.0,10524842.0,0.0,0.0,15662.0,0.0,0.0,0.0,0.0
2023-03-29 04:01:34.195000+00:00,3342336.0,33275904.0,39432192.0,39432192.0,24.0,1.806285963,80.78,2447585.0,0.0,0.0,13451.0,10529367.0,0.0,0.0,15667.0,0.0,0.0,0.0,0.0
2023-03-29 04:01:38.642000+00:00,3342336.0,33583104.0,37822464.0,37822464.0,24.01,1.806285963,80.89,2464205.0,0.0,0.0,13553.0,10552119.0,0.0,0.0,15771.0,0.0,0.0,0.0,0.0
2023-03-29 04:01:44.193000+00:00,3342336.0,33583104.0,37822464.0,37822464.0,24.04,1.806285963,81.05,2464205.0,0.0,0.0,13553.0,10552119.0,0.0,0.0,15771.0,0.0,0.0,0.0,0.0
2023-03-29 04:01:49.823000+00:00,3342336.0,33947648.0,38182912.0,38182912.0,24.08,1.806285963,81.2,2522186.0,0.0,0.0,13901.0,10624688.0,0.0,0.0,16129.0,0.0,0.0,0.0,0.0
2023-03-29 04:01:54.144000+00:00,3538944.0,33947648.0,38182912.0,38424576.0,24.11,1.806285963,81.27,2554774.0,0.0,0.0,14099.0,10665238.0,0.0,0.0,16333.0,0.0,0.0,0.0,0.0
2023-03-29 04:01:59.653000+00:00,3538944.0,33435648.0,37670912.0,37670912.0,24.14,1.806285963,81.36,2563470.0,0.0,0.0,14151.0,10678635.0,0.0,0.0,16387.0,0.0,0.0,0.0,0.0
2023-03-29 04:02:04.268000+00:00,3538944.0,33452032.0,37670912.0,37670912.0,24.14,1.806285963,81.4,2563470.0,0.0,0.0,14151.0,10678635.0,0.0,0.0,16486.0,0.0,0.0,0.0,0.0
2023-03-29 04:02:08.679000+00:00,3538944.0,33587200.0,37834752.0,37834752.0,24.16,1.806285963,81.46,2580330.0,0.0,0.0,14249.0,10705027.0,0.0,0.0,16487.0,0.0,0.0,0.0,0.0
2023-03-29 04:02:13.449000+00:00,3538944.0,33587200.0,37834752.0,37834752.0,24.17,1.806285963,81.52,2580330.0,0.0,0.0,14249.0,10705027.0,0.0,0.0,16487.0,0.0,0.0,0.0,0.0
2023-03-29 04:02:18.499000+00:00,3538944.0,33382400.0,37650432.0,37650432.0,24.19,1.806285963,81.61,2607729.0,0.0,0.0,14420.0,10743695.0,0.0,0.0,16664.0,0.0,0.0,0.0,0.0
2023-03-29 04:02:23.464000+00:00,3538944.0,33382400.0,38125568.0,38125568.0,24.22,1.806285963,81.72,2633538.0,0.0,0.0,14578.0,10776712.0,0.0,0.0,16826.0,0.0,0.0,0.0,0.0
2023-03-29 04:02:29.538000+00:00,3538944.0,33931264.0,38166528.0,38166528.0,24.25,1.806285963,81.88,2667477.0,0.0,0.0,14784.0,10818946.0,0.0,0.0,17043.0,0.0,0.0,0.0,0.0
2023-03-29 04:02:34.629000+00:00,3538944.0,33931264.0,38166528.0,38219776.0,24.26,1.806285963,81.94,2684665.0,0.0,0.0,14888.0,10842233.0,0.0,0.0,17152.0,0.0,0.0,0.0,0.0
2023-03-29 04:02:39.323000+00:00,3538944.0,33173504.0,37478400.0,37478400.0,24.3,1.806285963,82.1,2720061.0,0.0,0.0,15108.0,10886621.0,0.0,0.0,17381.0,0.0,0.0,0.0,0.0
2023-03-29 04:02:44.149000+00:00,3538944.0,33251328.0,37515264.0,37515264.0,24.31,1.806285963,82.14,2737124.0,0.0,0.0,15212.0,10909688.0,0.0,0.0,17489.0,0.0,0.0,0.0,0.0
2023-03-29 04:02:48.414000+00:00,3538944.0,33816576.0,38064128.0,38064128.0,24.33,1.806285963,82.22,2746185.0,0.0,0.0,15268.0,10923910.0,0.0,0.0,17546.0,0.0,0.0,0.0,0.0
2023-03-29 04:02:53.662000+00:00,3538944.0,33816576.0,38064128.0,38064128.0,24.36,1.806285963,82.22,2746185.0,0.0,0.0,15268.0,10973896.0,0.0,0.0,17800.0,0.0,0.0,0.0,0.0
2023-03-29 04:02:58.403000+00:00,3780608.0,33189888.0,37433344.0,37433344.0,24.4,1.806285963,82.41,2795751.0,0.0,0.0,15570.0,10987074.0,0.0,0.0,17852.0,0.0,0.0,0.0,0.0
2023-03-29 04:03:03.140000+00:00,3780608.0,33292288.0,37433344.0,37433344.0,24.4,1.806285963,82.42,2795751.0,0.0,0.0,15570.0,10987074.0,0.0,0.0,17859.0,0.0,0.0,0.0,0.0
2023-03-29 04:03:09.236000+00:00,3780608.0,33054720.0,37494784.0,37494784.0,24.42,1.806285963,82.51,2806458.0,0.0,0.0,15636.0,11006451.0,0.0,0.0,17924.0,0.0,0.0,0.0,0.0
2023-03-29 04:03:14.179000+00:00,3780608.0,33697792.0,38113280.0,38113280.0,24.42,1.806285963,82.55,2815070.0,0.0,0.0,15686.0,11019780.0,0.0,0.0,17976.0,0.0,0.0,0.0,0.0
2023-03-29 04:03:19.328000+00:00,3780608.0,33800192.0,38203392.0,38203392.0,24.46,1.807268649,82.64,2832250.0,0.0,0.0,15790.0,11042980.0,0.0,0.0,18084.0,0.0,0.0,0.0,0.0
2023-03-29 04:03:24.341000+00:00,3780608.0,33800192.0,38203392.0,38158336.0,24.46,1.807268649,82.7,2848439.0,0.0,0.0,15887.0,11064712.0,0.0,0.0,18182.0,0.0,0.0,0.0,0.0
2023-03-29 04:03:29.600000+00:00,3780608.0,33955840.0,38227968.0,38227968.0,24.48,1.807810521,82.76,2849242.0,0.0,0.0,15891.0,11069254.0,0.0,0.0,18187.0,0.0,0.0,0.0,0.0
2023-03-29 04:03:34.841000+00:00,3780608.0,33955840.0,38227968.0,38166528.0,24.48,1.807810521,82.8,2862844.0,0.0,0.0,15965.0,11087793.0,0.0,0.0,18262.0,0.0,0.0,0.0,0.0
2023-03-29 04:03:38.736000+00:00,3780608.0,33751040.0,38039552.0,38039552.0,24.52,1.807810521,82.93,2891807.0,0.0,0.0,16152.0,11125166.0,0.0,0.0,18454.0,0.0,0.0,0.0,0.0
2023-03-29 04:03:44.403000+00:00,3780608.0,33390592.0,37736448.0,37736448.0,24.52,1.807810521,82.99,2916918.0,0.0,0.0,16304.0,11157013.0,0.0,0.0,18611.0,0.0,0.0,0.0,0.0
2023-03-29 04:03:49.557000+00:00,3780608.0,33959936.0,38363136.0,38363136.0,24.55,1.807810521,83.06,2926289.0,0.0,0.0,16362.0,11171439.0,0.0,0.0,18672.0,0.0,0.0,0.0,0.0
2023-03-29 04:03:53.997000+00:00,3948544.0,33738752.0,38346752.0,38346752.0,24.58,1.807810521,83.09,2935747.0,0.0,0.0,16421.0,11185966.0,0.0,0.0,18734.0,0.0,0.0,0.0,0.0
2023-03-29 04:03:59.667000+00:00,3948544.0,33804288.0,38133760.0,38133760.0,24.6,1.807810521,83.18,2952032.0,0.0,0.0,16519.0,11207916.0,0.0,0.0,18835.0,0.0,0.0,0.0,0.0
2023-03-29 04:04:04.629000+00:00,3948544.0,33804288.0,38133760.0,38264832.0,24.61,1.807810521,83.18,2971496.0,0.0,0.0,16643.0,11233792.0,0.0,0.0,18961.0,0.0,0.0,0.0,0.0
2023-03-29 04:04:08.789000+00:00,3948544.0,33382400.0,37634048.0,37634048.0,24.63,1.807810521,83.3,2989917.0,0.0,0.0,16761.0,11259238.0,0.0,0.0,19086.0,0.0,0.0,0.0,0.0
2023-03-29 04:04:14.892000+00:00,3948544.0,33939456.0,38174720.0,38174720.0,24.66,1.807810521,83.42,3016080.0,0.0,0.0,16921.0,11293087.0,0.0,0.0,19261.0,0.0,0.0,0.0,0.0
2023-03-29 04:04:19.693000+00:00,3948544.0,33705984.0,38174720.0,38174720.0,24.67,1.807810521,83.51,3045771.0,0.0,0.0,17095.0,11330387.0,0.0,0.0,19445.0,0.0,0.0,0.0,0.0
2023-03-29 04:04:23.237000+00:00,3948544.0,33665024.0,37904384.0,37904384.0,24.7,1.807810521,83.59,3058577.0,0.0,0.0,17181.0,11349723.0,0.0,0.0,19539.0,0.0,0.0,0.0,0.0
2023-03-29 04:04:28.890000+00:00,3948544.0,33370112.0,37613568.0,37613568.0,24.72,1.807810521,83.68,3101326.0,0.0,0.0,17442.0,11402215.0,0.0,0.0,19815.0,0.0,0.0,0.0,0.0
2023-03-29 04:04:34.221000+00:00,3948544.0,33370112.0,38297600.0,38297600.0,24.75,1.807810521,83.83,3127873.0,0.0,0.0,17608.0,11436837.0,0.0,0.0,19994.0,0.0,0.0,0.0,0.0
2023-03-29 04:04:39.032000+00:00,3948544.0,33710080.0,38162432.0,38162432.0,24.76,1.807810521,83.9,3153553.0,0.0,0.0,17766.0,11470102.0,0.0,0.0,20162.0,0.0,0.0,0.0,0.0
2023-03-29 04:04:43.750000+00:00,3948544.0,33710080.0,38162432.0,38162432.0,24.77,1.807810521,84.0,3153553.0,0.0,0.0,17766.0,11470102.0,0.0,0.0,20162.0,0.0,0.0,0.0,0.0
2023-03-29 04:04:49.108000+00:00,3948544.0,33656832.0,38019072.0,38019072.0,24.78,1.807810521,84.06,3181845.0,0.0,0.0,17944.0,11510291.0,0.0,0.0,20351.0,0.0,0.0,0.0,0.0
2023-03-29 04:04:53.851000+00:00,3948544.0,33656832.0,38019072.0,38019072.0,24.81,1.807810521,84.14,3181845.0,0.0,0.0,17944.0,11510291.0,0.0,0.0,20401.0,0.0,0.0,0.0,0.0
2023-03-29 04:04:58.711000+00:00,4218880.0,33562624.0,37814272.0,37814272.0,24.84,1.807810521,84.2,3208257.0,0.0,0.0,18105.0,11548310.0,0.0,0.0,20523.0,0.0,0.0,0.0,0.0
2023-03-29 04:05:03.994000+00:00,4218880.0,33714176.0,37814272.0,37814272.0,24.85,1.807810521,84.27,3208257.0,0.0,0.0,18105.0,11548310.0,0.0,0.0,20534.0,0.0,0.0,0.0,0.0
2023-03-29 04:05:08.513000+00:00,4218880.0,33808384.0,38092800.0,38092800.0,24.85,1.807810521,84.27,3209947.0,0.0,0.0,18115.0,11557480.0,0.0,0.0,20535.0,0.0,0.0,0.0,0.0
2023-03-29 04:05:14.302000+00:00,4218880.0,33861632.0,38105088.0,38105088.0,24.87,1.807810521,84.42,3243009.0,0.0,0.0,18314.0,11598549.0,0.0,0.0,20745.0,0.0,0.0,0.0,0.0
2023-03-29 04:05:19.855000+00:00,4218880.0,33964032.0,38203392.0,38203392.0,24.87,1.807810521,84.43,3243812.0,0.0,0.0,18318.0,11603092.0,0.0,0.0,20750.0,0.0,0.0,0.0,0.0
2023-03-29 04:05:24.372000+00:00,4218880.0,33370112.0,37789696.0,37789696.0,24.9,1.807810521,84.54,3262257.0,0.0,0.0,18431.0,11627981.0,0.0,0.0,20869.0,0.0,0.0,0.0,0.0
2023-03-29 04:05:29.718000+00:00,4218880.0,33681408.0,38043648.0,38043648.0,24.92,1.807810521,84.61,3286045.0,0.0,0.0,18573.0,11658869.0,0.0,0.0,21022.0,0.0,0.0,0.0,0.0
2023-03-29 04:05:34.151000+00:00,4218880.0,33681408.0,38043648.0,38043648.0,24.94,1.807810521,84.67,3286045.0,0.0,0.0,18577.0,11663412.0,0.0,0.0,21027.0,0.0,0.0,0.0,0.0
2023-03-29 04:05:39.723000+00:00,4218880.0,33927168.0,38301696.0,38301696.0,24.94,1.807810521,84.68,3287651.0,0.0,0.0,18581.0,11667955.0,0.0,0.0,21032.0,0.0,0.0,0.0,0.0
2023-03-29 04:05:44.615000+00:00,4218880.0,33927168.0,38174720.0,38174720.0,24.96,1.807810521,84.81,3304745.0,0.0,0.0,18685.0,11691405.0,0.0,0.0,21145.0,0.0,0.0,0.0,0.0
2023-03-29 04:05:49.505000+00:00,4218880.0,33566720.0,37822464.0,37822464.0,24.96,1.807810521,84.83,3313285.0,0.0,0.0,18736.0,11704771.0,0.0,0.0,21200.0,0.0,0.0,0.0,0.0
2023-03-29 04:05:54.308000+00:00,4349952.0,33566720.0,38400000.0,38400000.0,24.99,1.807810521,84.9,3314142.0,0.0,0.0,18741.0,11709388.0,0.0,0.0,21206.0,0.0,0.0,0.0,0.0
2023-03-29 04:05:58.865000+00:00,4349952.0,33456128.0,37695488.0,37695488.0,25.0,1.807810521,84.96,3322320.0,0.0,0.0,18789.0,11722534.0,0.0,0.0,21256.0,0.0,0.0,0.0,0.0
2023-03-29 04:06:04.765000+00:00,4349952.0,33456128.0,37695488.0,38285312.0,25.01,1.807810521,85.06,3331314.0,0.0,0.0,18843.0,11736302.0,0.0,0.0,21317.0,0.0,0.0,0.0,0.0
2023-03-29 04:06:09.021000+00:00,4349952.0,33210368.0,37597184.0,37597184.0,25.01,1.807810521,85.06,3332117.0,0.0,0.0,18847.0,11740845.0,0.0,0.0,21322.0,0.0,0.0,0.0,0.0
2023-03-29 04:06:13.476000+00:00,4349952.0,33210368.0,37597184.0,37597184.0,25.02,1.807810521,85.16,3332117.0,0.0,0.0,18847.0,11740845.0,0.0,0.0,21322.0,0.0,0.0,0.0,0.0
2023-03-29 04:06:19.614000+00:00,4349952.0,33673216.0,38039552.0,38039552.0,25.05,1.807810521,85.29,3402924.0,0.0,0.0,19289.0,11830091.0,0.0,0.0,21789.0,0.0,0.0,0.0,0.0
2023-03-29 04:06:24.798000+00:00,4349952.0,33673216.0,38060032.0,38060032.0,25.11,1.807810521,85.29,3452932.0,0.0,0.0,19595.0,11891137.0,0.0,0.0,22109.0,0.0,0.0,0.0,0.0
2023-03-29 04:06:29.039000+00:00,4349952.0,34017280.0,38379520.0,38379520.0,25.11,1.807810521,85.57,3455753.0,0.0,0.0,19614.0,11898208.0,0.0,0.0,22131.0,0.0,0.0,0.0,0.0
2023-03-29 04:06:34.610000+00:00,4349952.0,33669120.0,37916672.0,37916672.0,25.13,1.807810521,85.69,3480411.0,0.0,0.0,19764.0,11930392.0,0.0,0.0,22294.0,0.0,0.0,0.0,0.0
2023-03-29 04:06:39.356000+00:00,4349952.0,33767424.0,38047744.0,38047744.0,25.13,1.807810521,85.7,3481214.0,0.0,0.0,19768.0,11934936.0,0.0,0.0,22299.0,0.0,0.0,0.0,0.0
2023-03-29 04:06:44.068000+00:00,4349952.0,33767424.0,38047744.0,38047744.0,25.15,1.807810521,85.8,3481214.0,0.0,0.0,19768.0,11934936.0,0.0,0.0,22299.0,0.0,0.0,0.0,0.0
2023-03-29 04:06:49.005000+00:00,4349952.0,33910784.0,38232064.0,38232064.0,25.16,1.807810521,85.86,3515422.0,0.0,0.0,19977.0,11981517.0,0.0,0.0,22521.0,0.0,0.0,0.0,0.0
2023-03-29 04:06:54.226000+00:00,4579328.0,33910784.0,38232064.0,38232064.0,25.2,1.807810521,86.01,3515422.0,0.0,0.0,19977.0,11981517.0,0.0,0.0,22696.0,0.0,0.0,0.0,0.0
2023-03-29 04:06:59.158000+00:00,4579328.0,33914880.0,38158336.0,38158336.0,25.21,1.807810521,86.08,3560064.0,0.0,0.0,20259.0,12040257.0,0.0,0.0,22816.0,0.0,0.0,0.0,0.0
2023-03-29 04:07:04.808000+00:00,4579328.0,34058240.0,38158336.0,38158336.0,25.23,1.807810521,86.14,3560064.0,0.0,0.0,20259.0,12040257.0,0.0,0.0,22821.0,0.0,0.0,0.0,0.0
2023-03-29 04:07:09.426000+00:00,4579328.0,33312768.0,37679104.0,37679104.0,25.24,1.807810521,86.2,3578164.0,0.0,0.0,20367.0,12068456.0,0.0,0.0,22934.0,0.0,0.0,0.0,0.0
2023-03-29 04:07:14.758000+00:00,4579328.0,35930112.0,40808448.0,40808448.0,25.24,1.807810521,86.25,3578967.0,0.0,0.0,20371.0,12073000.0,0.0,0.0,22939.0,0.0,0.0,0.0,0.0
2023-03-29 04:07:18.943000+00:00,4579328.0,33923072.0,38289408.0,38289408.0,25.26,1.807810521,86.28,3587437.0,0.0,0.0,20421.0,12086361.0,0.0,0.0,22994.0,0.0,0.0,0.0,0.0
2023-03-29 04:07:23.625000+00:00,4579328.0,33923072.0,38289408.0,38289408.0,25.27,1.807810521,86.35,3603116.0,0.0,0.0,20515.0,12108237.0,0.0,0.0,23095.0,0.0,0.0,0.0,0.0
2023-03-29 04:07:29.491000+00:00,4579328.0,33689600.0,37937152.0,37937152.0,25.29,1.807810521,86.44,3612936.0,0.0,0.0,20575.0,12123128.0,0.0,0.0,23162.0,0.0,0.0,0.0,0.0
2023-03-29 04:07:34.837000+00:00,4579328.0,33652736.0,37900288.0,37900288.0,25.31,1.807810521,86.46,3629255.0,0.0,0.0,20672.0,12145522.0,0.0,0.0,23268.0,0.0,0.0,0.0,0.0
2023-03-29 04:07:39.890000+00:00,4579328.0,33439744.0,37687296.0,37687296.0,25.36,1.807810521,86.59,3654813.0,0.0,0.0,20830.0,12178852.0,0.0,0.0,23439.0,0.0,0.0,0.0,0.0
2023-03-29 04:07:44.394000+00:00,4579328.0,33902592.0,38264832.0,38264832.0,25.36,1.807810521,86.63,3664164.0,0.0,0.0,20888.0,12193405.0,0.0,0.0,23502.0,0.0,0.0,0.0,0.0
2023-03-29 04:07:48.934000+00:00,4579328.0,33984512.0,38244352.0,38244352.0,25.4,1.807810521,86.72,3681265.0,0.0,0.0,20992.0,12216803.0,0.0,0.0,23614.0,0.0,0.0,0.0,0.0
2023-03-29 04:07:52.972000+00:00,4579328.0,33984512.0,38244352.0,38281216.0,25.4,1.807810521,86.72,3681632.0,0.0,0.0,20994.0,12221049.0,0.0,0.0,23615.0,0.0,0.0,0.0,0.0
2023-03-29 04:07:58.517000+00:00,4730880.0,34058240.0,38313984.0,38313984.0,25.45,1.807810521,86.81,3691067.0,0.0,0.0,21053.0,12235704.0,0.0,0.0,23679.0,0.0,0.0,0.0,0.0
2023-03-29 04:08:03.941000+00:00,4730880.0,34058240.0,38313984.0,38150144.0,25.46,1.807810521,86.83,3700091.0,0.0,0.0,21107.0,12249395.0,0.0,0.0,23738.0,0.0,0.0,0.0,0.0
2023-03-29 04:08:08.088000+00:00,4730880.0,33505280.0,37900288.0,37900288.0,25.48,1.807810521,86.9,3709111.0,0.0,0.0,21164.0,12263606.0,0.0,0.0,23796.0,0.0,0.0,0.0,0.0
2023-03-29 04:08:14.915000+00:00,4730880.0,34119680.0,38363136.0,38363136.0,25.5,1.807810521,87.02,3736106.0,0.0,0.0,21332.0,12298501.0,0.0,0.0,23978.0,0.0,0.0,0.0,0.0
2023-03-29 04:08:18.553000+00:00,4730880.0,33935360.0,38244352.0,38244352.0,25.51,1.807810521,87.12,3745950.0,0.0,0.0,21396.0,12313946.0,0.0,0.0,24045.0,0.0,0.0,0.0,0.0
2023-03-29 04:08:23.498000+00:00,4730880.0,33955840.0,38203392.0,38203392.0,25.52,1.807810521,87.2,3779311.0,0.0,0.0,21601.0,12356099.0,0.0,0.0,24264.0,0.0,0.0,0.0,0.0
2023-03-29 04:08:29.221000+00:00,4730880.0,33603584.0,37863424.0,37863424.0,25.57,1.807810521,87.31,3804773.0,0.0,0.0,21754.0,12388365.0,0.0,0.0,24423.0,0.0,0.0,0.0,0.0
2023-03-29 04:08:33.507000+00:00,4730880.0,34123776.0,38408192.0,38408192.0,25.57,1.807810521,87.34,3813967.0,0.0,0.0,21810.0,12402895.0,0.0,0.0,24482.0,0.0,0.0,0.0,0.0
2023-03-29 04:08:39.786000+00:00,4730880.0,33837056.0,38084608.0,38084608.0,25.59,1.807810521,87.46,3839986.0,0.0,0.0,21970.0,12436597.0,0.0,0.0,24657.0,0.0,0.0,0.0,0.0
2023-03-29 04:08:44.524000+00:00,4730880.0,33837056.0,38084608.0,38084608.0,25.59,1.807810521,87.47,3839986.0,0.0,0.0,21970.0,12436597.0,0.0,0.0,24657.0,0.0,0.0,0.0,0.0
2023-03-29 04:08:49.372000+00:00,4730880.0,33902592.0,38391808.0,38391808.0,25.62,1.807810521,87.61,3868267.0,0.0,0.0,22148.0,12476950.0,0.0,0.0,24848.0,0.0,0.0,0.0,0.0
2023-03-29 04:08:54.248000+00:00,4927488.0,33902592.0,38391808.0,38391808.0,25.64,1.807810521,87.68,3868267.0,0.0,0.0,22148.0,12476950.0,0.0,0.0,24953.0,0.0,0.0,0.0,0.0
2023-03-29 04:08:58.798000+00:00,4927488.0,34062336.0,38457344.0,38457344.0,25.68,1.807810521,87.77,3901032.0,0.0,0.0,22347.0,12522179.0,0.0,0.0,25061.0,0.0,0.0,0.0,0.0
2023-03-29 04:09:03.989000+00:00,4927488.0,33681408.0,38457344.0,38457344.0,25.7,1.807810521,87.78,3901032.0,0.0,0.0,22347.0,12522179.0,0.0,0.0,25120.0,0.0,0.0,0.0,0.0
2023-03-29 04:09:09.850000+00:00,4927488.0,34246656.0,38510592.0,38510592.0,25.72,1.807810521,87.88,3919552.0,0.0,0.0,22459.0,12550587.0,0.0,0.0,25183.0,0.0,0.0,0.0,0.0
2023-03-29 04:09:14.358000+00:00,4927488.0,34353152.0,38735872.0,38735872.0,25.72,1.807810521,87.89,3920355.0,0.0,0.0,22463.0,12555149.0,0.0,0.0,25188.0,0.0,0.0,0.0,0.0
2023-03-29 04:09:18.911000+00:00,4927488.0,34123776.0,38604800.0,38604800.0,25.74,1.807810521,87.98,3929353.0,0.0,0.0,22519.0,12569471.0,0.0,0.0,25247.0,0.0,0.0,0.0,0.0
2023-03-29 04:09:24.408000+00:00,4927488.0,34123776.0,38604800.0,38494208.0,25.74,1.807810521,87.99,3930592.0,0.0,0.0,22525.0,12574349.0,0.0,0.0,25256.0,0.0,0.0,0.0,0.0
2023-03-29 04:09:29.475000+00:00,4927488.0,33959936.0,38490112.0,38490112.0,25.77,1.807810521,88.14,3956278.0,0.0,0.0,22683.0,12607569.0,0.0,0.0,25423.0,0.0,0.0,0.0,0.0
2023-03-29 04:09:34.172000+00:00,4927488.0,33959936.0,38490112.0,38490112.0,25.77,1.807810521,88.14,3956278.0,0.0,0.0,22687.0,12612131.0,0.0,0.0,25428.0,0.0,0.0,0.0,0.0
2023-03-29 04:09:39.627000+00:00,4927488.0,33783808.0,38158336.0,38158336.0,25.78,1.807810521,88.23,3969470.0,0.0,0.0,22753.0,12629541.0,0.0,0.0,25498.0,0.0,0.0,0.0,0.0
2023-03-29 04:09:43.863000+00:00,4927488.0,33783808.0,38158336.0,38158336.0,25.78,1.807810521,88.27,3969470.0,0.0,0.0,22753.0,12629541.0,0.0,0.0,25498.0,0.0,0.0,0.0,0.0
2023-03-29 04:09:49.667000+00:00,4927488.0,33804288.0,38322176.0,38322176.0,25.81,1.807810521,88.4,4018075.0,0.0,0.0,23061.0,12693345.0,0.0,0.0,25824.0,0.0,0.0,0.0,0.0
2023-03-29 04:09:54.425000+00:00,4927488.0,33804288.0,37928960.0,37928960.0,25.83,1.807810521,88.4,4028631.0,0.0,0.0,23128.0,12709408.0,0.0,0.0,25896.0,0.0,0.0,0.0,0.0
2023-03-29 04:09:58.837000+00:00,5083136.0,33759232.0,38064128.0,38064128.0,25.83,1.807810521,88.43,4028998.0,0.0,0.0,23130.0,12713654.0,0.0,0.0,25897.0,0.0,0.0,0.0,0.0
2023-03-29 04:10:03.756000+00:00,5083136.0,33865728.0,38109184.0,38109184.0,25.85,1.807810521,88.54,4047174.0,0.0,0.0,23244.0,12738484.0,0.0,0.0,26020.0,0.0,0.0,0.0,0.0
2023-03-29 04:10:08.650000+00:00,5083136.0,33968128.0,38342656.0,38342656.0,25.86,1.807810521,88.59,4064456.0,0.0,0.0,23349.0,12761965.0,0.0,0.0,26132.0,0.0,0.0,0.0,0.0
2023-03-29 04:10:14.657000+00:00,5083136.0,34127872.0,38522880.0,38522880.0,25.88,1.807810521,88.7,4099447.0,0.0,0.0,23563.0,12806050.0,0.0,0.0,26364.0,0.0,0.0,0.0,0.0
2023-03-29 04:10:19.099000+00:00,5083136.0,34230272.0,38600704.0,38600704.0,25.88,1.807810521,88.7,4100250.0,0.0,0.0,23567.0,12810612.0,0.0,0.0,26369.0,0.0,0.0,0.0,0.0
2023-03-29 04:10:24.085000+00:00,5083136.0,33546240.0,37912576.0,37912576.0,25.91,1.807810521,88.82,4118287.0,0.0,0.0,23679.0,12835288.0,0.0,0.0,26490.0,0.0,0.0,0.0,0.0
2023-03-29 04:10:29.399000+00:00,5083136.0,33554432.0,38076416.0,38076416.0,25.91,1.807810521,88.87,4134664.0,0.0,0.0,23776.0,12857494.0,0.0,0.0,26592.0,0.0,0.0,0.0,0.0
2023-03-29 04:10:34.769000+00:00,5083136.0,33566720.0,38076416.0,38076416.0,25.96,1.807810521,88.98,4134664.0,0.0,0.0,23776.0,12857494.0,0.0,0.0,26592.0,0.0,0.0,0.0,0.0
2023-03-29 04:10:39.406000+00:00,5083136.0,34099200.0,38465536.0,38465536.0,25.96,1.807810521,89.0,4175683.0,0.0,0.0,24022.0,12911925.0,0.0,0.0,26857.0,0.0,0.0,0.0,0.0
2023-03-29 04:10:44.528000+00:00,5083136.0,34099200.0,38465536.0,38465536.0,25.99,1.879202824,89.1,4175683.0,0.0,0.0,24022.0,12911925.0,0.0,0.0,26857.0,0.0,0.0,0.0,0.0
2023-03-29 04:10:49.112000+00:00,5083136.0,34312192.0,38592512.0,38592512.0,25.99,1.879202824,89.19,4209171.0,0.0,0.0,24222.0,12957685.0,0.0,0.0,27072.0,0.0,0.0,0.0,0.0
2023-03-29 04:10:53.099000+00:00,5287936.0,34312192.0,38592512.0,38592512.0,26.01,1.879202824,89.34,4209171.0,0.0,0.0,24332.0,12981873.0,0.0,0.0,27189.0,0.0,0.0,0.0,0.0
2023-03-29 04:10:59.671000+00:00,5287936.0,34349056.0,38600704.0,38600704.0,26.02,1.879202824,89.41,4236590.0,0.0,0.0,24395.0,12996958.0,0.0,0.0,27259.0,0.0,0.0,0.0,0.0
2023-03-29 04:11:03.913000+00:00,5287936.0,34349056.0,38600704.0,38600704.0,26.04,1.879202824,89.51,4236590.0,0.0,0.0,24443.0,13010011.0,0.0,0.0,27310.0,0.0,0.0,0.0,0.0
2023-03-29 04:11:08.989000+00:00,5287936.0,34394112.0,38645760.0,38645760.0,26.05,1.879202824,89.52,4253218.0,0.0,0.0,24493.0,13023532.0,0.0,0.0,27365.0,0.0,0.0,0.0,0.0
2023-03-29 04:11:14.868000+00:00,5287936.0,34394112.0,38645760.0,38645760.0,26.08,1.879202824,89.52,4253218.0,0.0,0.0,24493.0,13023532.0,0.0,0.0,27365.0,0.0,0.0,0.0,0.0
2023-03-29 04:11:19.526000+00:00,5287936.0,34107392.0,38354944.0,38354944.0,26.09,1.879202824,89.64,4279342.0,0.0,0.0,24650.0,13060629.0,0.0,0.0,27535.0,0.0,0.0,0.0,0.0
2023-03-29 04:11:24.399000+00:00,5287936.0,33964032.0,38322176.0,38322176.0,26.12,1.879202824,89.64,4287870.0,0.0,0.0,24700.0,13074082.0,0.0,0.0,27590.0,0.0,0.0,0.0,0.0
2023-03-29 04:11:28.341000+00:00,5287936.0,34050048.0,38301696.0,38301696.0,26.12,1.879202824,89.74,4288237.0,0.0,0.0,24702.0,13078328.0,0.0,0.0,27591.0,0.0,0.0,0.0,0.0
2023-03-29 04:11:33.828000+00:00,5287936.0,34050048.0,38440960.0,38440960.0,26.16,1.879202824,89.85,4304532.0,0.0,0.0,24798.0,13100716.0,0.0,0.0,27696.0,0.0,0.0,0.0,0.0
2023-03-29 04:11:39.238000+00:00,5287936.0,34172928.0,38453248.0,38453248.0,26.18,1.879202824,90.01,4322109.0,0.0,0.0,24904.0,13124474.0,0.0,0.0,27812.0,0.0,0.0,0.0,0.0
2023-03-29 04:11:44.614000+00:00,5287936.0,34172928.0,38453248.0,38453248.0,26.21,1.879202824,90.12,4322109.0,0.0,0.0,24904.0,13124474.0,0.0,0.0,27812.0,0.0,0.0,0.0,0.0
2023-03-29 04:11:49.705000+00:00,5287936.0,34267136.0,38649856.0,38649856.0,26.22,1.879202824,90.16,4356432.0,0.0,0.0,25112.0,13171253.0,0.0,0.0,28034.0,0.0,0.0,0.0,0.0
2023-03-29 04:11:53.600000+00:00,5431296.0,34406400.0,38772736.0,38772736.0,26.23,1.879202824,90.24,4356799.0,0.0,0.0,25114.0,13175499.0,0.0,0.0,28035.0,0.0,0.0,0.0,0.0
2023-03-29 04:11:58.688000+00:00,5431296.0,34516992.0,38825984.0,38825984.0,26.25,1.879202824,90.28,4373968.0,0.0,0.0,25219.0,13198985.0,0.0,0.0,28148.0,0.0,0.0,0.0,0.0
2023-03-29 04:12:03.650000+00:00,5431296.0,34267136.0,38572032.0,38572032.0,26.28,1.879202824,90.42,4402405.0,0.0,0.0,25403.0,13235797.0,0.0,0.0,28341.0,0.0,0.0,0.0,0.0
2023-03-29 04:12:09.800000+00:00,5431296.0,34742272.0,38998016.0,38998016.0,26.28,1.879202824,90.45,4411301.0,0.0,0.0,25455.0,13249498.0,0.0,0.0,28400.0,0.0,0.0,0.0,0.0
2023-03-29 04:12:14.832000+00:00,5431296.0,34742272.0,38998016.0,38998016.0,26.32,1.879202824,90.56,4411301.0,0.0,0.0,25455.0,13249498.0,0.0,0.0,28400.0,0.0,0.0,0.0,0.0
2023-03-29 04:12:19.400000+00:00,5431296.0,34512896.0,38895616.0,38895616.0,26.34,1.879202824,90.64,4460958.0,0.0,0.0,25756.0,13313768.0,0.0,0.0,28720.0,0.0,0.0,0.0,0.0
2023-03-29 04:12:23.434000+00:00,5431296.0,34512896.0,38895616.0,38895616.0,26.36,1.879202824,90.71,4460958.0,0.0,0.0,25758.0,13318014.0,0.0,0.0,28721.0,0.0,0.0,0.0,0.0
2023-03-29 04:12:29.561000+00:00,5431296.0,34652160.0,38907904.0,38907904.0,26.37,1.879202824,90.76,4479040.0,0.0,0.0,25865.0,13341789.0,0.0,0.0,28836.0,0.0,0.0,0.0,0.0
2023-03-29 04:12:34.128000+00:00,5431296.0,34652160.0,38907904.0,38907904.0,26.39,1.879202824,90.86,4479040.0,0.0,0.0,25970.0,13365314.0,0.0,0.0,28947.0,0.0,0.0,0.0,0.0
2023-03-29 04:12:39.767000+00:00,5431296.0,34369536.0,38633472.0,38633472.0,26.39,1.879202824,90.89,4505839.0,0.0,0.0,26029.0,13379897.0,0.0,0.0,29010.0,0.0,0.0,0.0,0.0
2023-03-29 04:12:44.053000+00:00,5431296.0,34369536.0,38633472.0,38633472.0,26.41,1.879202824,90.98,4505839.0,0.0,0.0,26029.0,13379897.0,0.0,0.0,29010.0,0.0,0.0,0.0,0.0
2023-03-29 04:12:48.005000+00:00,5431296.0,34693120.0,38948864.0,38948864.0,26.41,1.879202824,91.0,4525067.0,0.0,0.0,26151.0,13409935.0,0.0,0.0,29140.0,0.0,0.0,0.0,0.0
2023-03-29 04:12:54.313000+00:00,5431296.0,34516992.0,39272448.0,39272448.0,26.47,1.879202824,91.0,4534928.0,0.0,0.0,26212.0,13424903.0,0.0,0.0,29208.0,0.0,0.0,0.0,0.0
2023-03-29 04:12:59.377000+00:00,5615616.0,34623488.0,39014400.0,39014400.0,26.47,1.879202824,91.1,4535815.0,0.0,0.0,26218.0,13429549.0,0.0,0.0,29215.0,0.0,0.0,0.0,0.0
2023-03-29 04:13:04.230000+00:00,5615616.0,34623488.0,39165952.0,39165952.0,26.5,1.879202824,91.19,4553360.0,0.0,0.0,26322.0,13453476.0,0.0,0.0,29328.0,0.0,0.0,0.0,0.0
2023-03-29 04:13:09.245000+00:00,5615616.0,34000896.0,38387712.0,38387712.0,26.5,1.879202824,91.2,4554163.0,0.0,0.0,26326.0,13458038.0,0.0,0.0,29333.0,0.0,0.0,0.0,0.0
2023-03-29 04:13:14.318000+00:00,5615616.0,34103296.0,38387712.0,38387712.0,26.5,1.879202824,91.2,4554966.0,0.0,0.0,26330.0,13462600.0,0.0,0.0,29338.0,0.0,0.0,0.0,0.0
2023-03-29 04:13:18.506000+00:00,5615616.0,34234368.0,38510592.0,38510592.0,26.51,1.879202824,91.27,4555333.0,0.0,0.0,26332.0,13466846.0,0.0,0.0,29339.0,0.0,0.0,0.0,0.0
2023-03-29 04:13:23.673000+00:00,5615616.0,34697216.0,38993920.0,38993920.0,26.52,1.879202824,91.28,4563811.0,0.0,0.0,26382.0,13480185.0,0.0,0.0,29393.0,0.0,0.0,0.0,0.0
2023-03-29 04:13:29.627000+00:00,5615616.0,34422784.0,38809600.0,38809600.0,26.53,1.879202824,91.38,4573636.0,0.0,0.0,26442.0,13495097.0,0.0,0.0,29460.0,0.0,0.0,0.0,0.0
2023-03-29 04:13:33.958000+00:00,5615616.0,34422784.0,38809600.0,38809600.0,26.55,1.879202824,91.44,4573636.0,0.0,0.0,26442.0,13495097.0,0.0,0.0,29460.0,0.0,0.0,0.0,0.0
2023-03-29 04:13:38.572000+00:00,5615616.0,34336768.0,38670336.0,38670336.0,26.59,1.879202824,91.58,4635084.0,0.0,0.0,26827.0,13573958.0,0.0,0.0,29868.0,0.0,0.0,0.0,0.0
2023-03-29 04:13:44.210000+00:00,5615616.0,34447360.0,38825984.0,38825984.0,26.59,1.879202824,91.62,4653666.0,0.0,0.0,26941.0,13599065.0,0.0,0.0,29993.0,0.0,0.0,0.0,0.0
2023-03-29 04:13:49.248000+00:00,5615616.0,34152448.0,38662144.0,38662144.0,26.64,1.879202824,91.73,4679455.0,0.0,0.0,27099.0,13632542.0,0.0,0.0,30162.0,0.0,0.0,0.0,0.0
2023-03-29 04:13:53.738000+00:00,5615616.0,34152448.0,38662144.0,38662144.0,26.66,1.879202824,91.8,4679455.0,0.0,0.0,27317.0,13676834.0,0.0,0.0,30394.0,0.0,0.0,0.0,0.0
2023-03-29 04:13:59.491000+00:00,5771264.0,34459648.0,38957056.0,38957056.0,26.7,1.945479795,91.91,4731860.0,0.0,0.0,27427.0,13700665.0,0.0,0.0,30513.0,0.0,0.0,0.0,0.0
2023-03-29 04:14:04.504000+00:00,5771264.0,34459648.0,38957056.0,38957056.0,26.7,1.945479795,91.92,4731860.0,0.0,0.0,27427.0,13705227.0,0.0,0.0,30518.0,0.0,0.0,0.0,0.0
2023-03-29 04:14:09.074000+00:00,5771264.0,34250752.0,38674432.0,38674432.0,26.72,1.945479795,92.01,4741157.0,0.0,0.0,27481.0,13718652.0,0.0,0.0,30573.0,0.0,0.0,0.0,0.0
2023-03-29 04:14:13.904000+00:00,5771264.0,34344960.0,38612992.0,38612992.0,26.72,1.945479795,92.01,4741524.0,0.0,0.0,27483.0,13722898.0,0.0,0.0,30574.0,0.0,0.0,0.0,0.0
2023-03-29 04:14:19.333000+00:00,5771264.0,34185216.0,38576128.0,38576128.0,26.76,1.945479795,92.1,4750404.0,0.0,0.0,27535.0,13736507.0,0.0,0.0,30632.0,0.0,0.0,0.0,0.0
2023-03-29 04:14:23.665000+00:00,5771264.0,34779136.0,39034880.0,39034880.0,26.76,1.945479795,92.12,4758412.0,0.0,0.0,27583.0,13749554.0,0.0,0.0,30683.0,0.0,0.0,0.0,0.0
2023-03-29 04:14:29.738000+00:00,5771264.0,34451456.0,38830080.0,38830080.0,26.82,1.945479795,92.27,4801076.0,0.0,0.0,27844.0,13801926.0,0.0,0.0,30958.0,0.0,0.0,0.0,0.0
2023-03-29 04:14:34.673000+00:00,5771264.0,34451456.0,38830080.0,38821888.0,26.82,1.945479795,92.27,4801879.0,0.0,0.0,27848.0,13806488.0,0.0,0.0,30963.0,0.0,0.0,0.0,0.0
2023-03-29 04:14:39.299000+00:00,5771264.0,35115008.0,39501824.0,39501824.0,26.83,1.945479795,92.35,4811244.0,0.0,0.0,27906.0,13821045.0,0.0,0.0,31026.0,0.0,0.0,0.0,0.0
2023-03-29 04:14:44.168000+00:00,5771264.0,35115008.0,39501824.0,39501824.0,26.83,1.945479795,92.36,4811244.0,0.0,0.0,27906.0,13821045.0,0.0,0.0,31026.0,0.0,0.0,0.0,0.0
2023-03-29 04:14:48.946000+00:00,5771264.0,34865152.0,39399424.0,39399424.0,26.88,1.945479795,92.51,4853623.0,0.0,0.0,28166.0,13877533.0,0.0,0.0,31303.0,0.0,0.0,0.0,0.0
2023-03-29 04:14:53.553000+00:00,5951488.0,34512896.0,39399424.0,39399424.0,26.88,1.945479795,92.52,4853623.0,0.0,0.0,28166.0,13877533.0,0.0,0.0,31303.0,0.0,0.0,0.0,0.0
2023-03-29 04:14:58.814000+00:00,5951488.0,34742272.0,39059456.0,39059456.0,26.92,1.945479795,92.59,4863132.0,0.0,0.0,28221.0,13895756.0,0.0,0.0,31364.0,0.0,0.0,0.0,0.0
2023-03-29 04:15:03.939000+00:00,5951488.0,34742272.0,39059456.0,39059456.0,26.92,1.945479795,92.59,4863132.0,0.0,0.0,28221.0,13895756.0,0.0,0.0,31364.0,0.0,0.0,0.0,0.0
2023-03-29 04:15:09.034000+00:00,5951488.0,34840576.0,39378944.0,39378944.0,26.95,1.945479795,92.71,4896667.0,0.0,0.0,28423.0,13941609.0,0.0,0.0,31582.0,0.0,0.0,0.0,0.0
2023-03-29 04:15:14.930000+00:00,5951488.0,34476032.0,38739968.0,38739968.0,26.95,1.945479795,92.73,4905599.0,0.0,0.0,28476.0,13955220.0,0.0,0.0,31640.0,0.0,0.0,0.0,0.0
2023-03-29 04:15:19.843000+00:00,5951488.0,34574336.0,38903808.0,38903808.0,27.0,1.945479795,92.81,4922644.0,0.0,0.0,28580.0,13978629.0,0.0,0.0,31753.0,0.0,0.0,0.0,0.0
2023-03-29 04:15:24.786000+00:00,5951488.0,34574336.0,38903808.0,39358464.0,27.01,1.945479795,92.83,4932058.0,0.0,0.0,28638.0,13993244.0,0.0,0.0,31816.0,0.0,0.0,0.0,0.0
2023-03-29 04:15:28.566000+00:00,5951488.0,34492416.0,38993920.0,38993920.0,27.03,1.945816255,93.02,4957002.0,0.0,0.0,28790.0,14025481.0,0.0,0.0,31974.0,0.0,0.0,0.0,0.0
2023-03-29 04:15:34.797000+00:00,5951488.0,34492416.0,38993920.0,38928384.0,27.03,1.945816255,93.03,4958806.0,0.0,0.0,28800.0,14031506.0,0.0,0.0,31991.0,0.0,0.0,0.0,0.0
2023-03-29 04:15:39.629000+00:00,5951488.0,34344960.0,38752256.0,38752256.0,27.06,1.945816255,93.13,4983578.0,0.0,0.0,28950.0,14063754.0,0.0,0.0,32153.0,0.0,0.0,0.0,0.0
2023-03-29 04:15:43.278000+00:00,5951488.0,34344960.0,38752256.0,38752256.0,27.06,1.945816255,93.19,4983578.0,0.0,0.0,28950.0,14063754.0,0.0,0.0,32153.0,0.0,0.0,0.0,0.0
2023-03-29 04:15:49.916000+00:00,5951488.0,34938880.0,39219200.0,39219200.0,27.1,2.013395983,93.34,5043550.0,0.0,0.0,29320.0,14140685.0,0.0,0.0,32551.0,0.0,0.0,0.0,0.0
2023-03-29 04:15:54.603000+00:00,6160384.0,34938880.0,39219200.0,39219200.0,27.12,2.013395983,93.34,5043550.0,0.0,0.0,29320.0,14140685.0,0.0,0.0,32551.0,0.0,0.0,0.0,0.0
2023-03-29 04:15:59.539000+00:00,6160384.0,34238464.0,38809600.0,38809600.0,27.16,2.013395983,93.57,5127633.0,0.0,0.0,29839.0,14245174.0,0.0,0.0,33105.0,0.0,0.0,0.0,0.0
2023-03-29 04:16:04.682000+00:00,6160384.0,34238464.0,38809600.0,38809600.0,27.16,2.013395983,93.57,5127633.0,0.0,0.0,29839.0,14245174.0,0.0,0.0,33105.0,0.0,0.0,0.0,0.0
2023-03-29 04:16:08.843000+00:00,6160384.0,34332672.0,38588416.0,38588416.0,27.17,2.013395983,93.61,5144327.0,0.0,0.0,29938.0,14271708.0,0.0,0.0,33210.0,0.0,0.0,0.0,0.0
2023-03-29 04:16:13.825000+00:00,6160384.0,34332672.0,38588416.0,38588416.0,27.2,2.013395983,93.67,5144327.0,0.0,0.0,29938.0,14271708.0,0.0,0.0,33210.0,0.0,0.0,0.0,0.0
2023-03-29 04:16:19.435000+00:00,6160384.0,34938880.0,39313408.0,39313408.0,27.21,2.013395983,93.68,5154190.0,0.0,0.0,29994.0,14290077.0,0.0,0.0,33273.0,0.0,0.0,0.0,0.0
2023-03-29 04:16:23.926000+00:00,6160384.0,34938880.0,39313408.0,39313408.0,27.23,2.013395983,93.78,5154190.0,0.0,0.0,30166.0,14325554.0,0.0,0.0,33456.0,0.0,0.0,0.0,0.0
2023-03-29 04:16:28.606000+00:00,6160384.0,34848768.0,39219200.0,39219200.0,27.25,2.013395983,93.83,5199548.0,0.0,0.0,30281.0,14350343.0,0.0,0.0,33580.0,0.0,0.0,0.0,0.0
2023-03-29 04:16:34.868000+00:00,6160384.0,34848768.0,39219200.0,39219200.0,27.28,2.013395983,93.94,5199548.0,0.0,0.0,30379.0,14372929.0,0.0,0.0,33689.0,0.0,0.0,0.0,0.0
2023-03-29 04:16:39.280000+00:00,6160384.0,34492416.0,38961152.0,38961152.0,27.35,2.013395983,94.1,5259322.0,0.0,0.0,30645.0,14426524.0,0.0,0.0,33972.0,0.0,0.0,0.0,0.0
2023-03-29 04:16:43.438000+00:00,6160384.0,35065856.0,39350272.0,39350272.0,27.37,2.013395983,94.17,5268628.0,0.0,0.0,30701.0,14441166.0,0.0,0.0,34031.0,0.0,0.0,0.0,0.0
2023-03-29 04:16:49.428000+00:00,6160384.0,25657344.0,29802496.0,29802496.0,27.38,2.013395983,94.41,5277558.0,0.0,0.0,30753.0,14454901.0,0.0,0.0,34090.0,0.0,0.0,0.0,0.0
2023-03-29 04:16:54.388000+00:00,6385664.0,25960448.0,30253056.0,30253056.0,27.42,2.013395983,94.48,5278415.0,0.0,0.0,30758.0,14459537.0,0.0,0.0,34096.0,0.0,0.0,0.0,0.0
2023-03-29 04:16:58.421000+00:00,6385664.0,26071040.0,30056448.0,30056448.0,27.43,2.013395983,94.48,5278782.0,0.0,0.0,30760.0,14463783.0,0.0,0.0,34097.0,0.0,0.0,0.0,0.0
2023-03-29 04:17:03.915000+00:00,6385664.0,25784320.0,30056448.0,30056448.0,27.45,2.013395983,94.55,5278782.0,0.0,0.0,30760.0,14463783.0,0.0,0.0,34097.0,0.0,0.0,0.0,0.0
2023-03-29 04:17:09.453000+00:00,6385664.0,25927680.0,30023680.0,30023680.0,27.46,2.013395983,94.56,5288579.0,0.0,0.0,30818.0,14482142.0,0.0,0.0,34163.0,0.0,0.0,0.0,0.0
2023-03-29 04:17:13.998000+00:00,6385664.0,25927680.0,30023680.0,30023680.0,27.5,2.013395983,94.71,5288579.0,0.0,0.0,30818.0,14482142.0,0.0,0.0,34163.0,0.0,0.0,0.0,0.0
2023-03-29 04:17:19.067000+00:00,6385664.0,25980928.0,29958144.0,29958144.0,27.52,2.013395983,94.73,5331923.0,0.0,0.0,31086.0,14539466.0,0.0,0.0,34442.0,0.0,0.0,0.0,0.0
2023-03-29 04:17:24.538000+00:00,6385664.0,25980928.0,29958144.0,29958144.0,27.55,2.013395983,94.79,5331923.0,0.0,0.0,31092.0,14544344.0,0.0,0.0,34451.0,0.0,0.0,0.0,0.0
2023-03-29 04:17:29.607000+00:00,6385664.0,26247168.0,30236672.0,30236672.0,27.56,2.013395983,94.9,5366694.0,0.0,0.0,31296.0,14586839.0,0.0,0.0,34672.0,0.0,0.0,0.0,0.0
2023-03-29 04:17:33.250000+00:00,6385664.0,26247168.0,30236672.0,30236672.0,27.58,2.013395983,94.96,5366694.0,0.0,0.0,31298.0,14591085.0,0.0,0.0,34673.0,0.0,0.0,0.0,0.0
2023-03-29 04:17:38.805000+00:00,6385664.0,25776128.0,29868032.0,29868032.0,27.59,2.013395983,95.08,5401317.0,0.0,0.0,31511.0,14634325.0,0.0,0.0,34899.0,0.0,0.0,0.0,0.0
2023-03-29 04:17:44.048000+00:00,6385664.0,25776128.0,29868032.0,29868032.0,27.61,2.013395983,95.15,5401317.0,0.0,0.0,31511.0,14634325.0,0.0,0.0,34899.0,0.0,0.0,0.0,0.0
2023-03-29 04:17:49.465000+00:00,6385664.0,26353664.0,30425088.0,30425088.0,27.62,2.013395983,95.26,5440228.0,0.0,0.0,31740.0,14685583.0,0.0,0.0,35145.0,0.0,0.0,0.0,0.0
2023-03-29 04:17:54.594000+00:00,6557696.0,26353664.0,30425088.0,30425088.0,27.65,2.013395983,95.35,5440228.0,0.0,0.0,31740.0,14685583.0,0.0,0.0,35145.0,0.0,0.0,0.0,0.0
2023-03-29 04:17:59.472000+00:00,6557696.0,26804224.0,30810112.0,30810112.0,27.66,2.013395983,95.4,5453007.0,0.0,0.0,31824.0,14708436.0,0.0,0.0,35241.0,0.0,0.0,0.0,0.0
2023-03-29 04:18:03.549000+00:00,6557696.0,26804224.0,30810112.0,30810112.0,27.7,2.013395983,95.52,5453007.0,0.0,0.0,31824.0,14708436.0,0.0,0.0,35241.0,0.0,0.0,0.0,0.0
2023-03-29 04:18:09.760000+00:00,6557696.0,26828800.0,30855168.0,30855168.0,27.72,2.013395983,95.65,5504176.0,0.0,0.0,32140.0,14774668.0,0.0,0.0,35575.0,0.0,0.0,0.0,0.0
2023-03-29 04:18:14.814000+00:00,6557696.0,27025408.0,31199232.0,31199232.0,27.75,2.013395983,95.79,5535781.0,0.0,0.0,32328.0,14814310.0,0.0,0.0,35774.0,0.0,0.0,0.0,0.0
2023-03-29 04:18:19.243000+00:00,6557696.0,27729920.0,31776768.0,31776768.0,27.77,2.013395983,95.84,5561384.0,0.0,0.0,32486.0,14847648.0,0.0,0.0,35944.0,0.0,0.0,0.0,0.0
2023-03-29 04:18:24.202000+00:00,6557696.0,27729920.0,31776768.0,31776768.0,27.79,2.013395983,95.9,5561384.0,0.0,0.0,32490.0,14852210.0,0.0,0.0,35949.0,0.0,0.0,0.0,0.0
2023-03-29 04:18:29.269000+00:00,6557696.0,28155904.0,32198656.0,32198656.0,27.8,2.013395983,95.99,5594882.0,0.0,0.0,32688.0,14893726.0,0.0,0.0,36160.0,0.0,0.0,0.0,0.0
2023-03-29 04:18:33.658000+00:00,6557696.0,28155904.0,32198656.0,32198656.0,27.82,2.013395983,96.08,5594882.0,0.0,0.0,32766.0,14911629.0,0.0,0.0,36245.0,0.0,0.0,0.0,0.0
2023-03-29 04:18:39.785000+00:00,6557696.0,28127232.0,32186368.0,32186368.0,27.84,2.013395983,96.11,5617424.0,0.0,0.0,32834.0,14927667.0,0.0,0.0,36320.0,0.0,0.0,0.0,0.0
2023-03-29 04:18:44.264000+00:00,6557696.0,28106752.0,32649216.0,32649216.0,27.85,2.013395983,96.21,5626862.0,0.0,0.0,32892.0,14942312.0,0.0,0.0,36383.0,0.0,0.0,0.0,0.0
2023-03-29 04:18:49.034000+00:00,6557696.0,28336128.0,32407552.0,32407552.0,27.85,2.013395983,96.23,5643600.0,0.0,0.0,32994.0,14965543.0,0.0,0.0,36492.0,0.0,0.0,0.0,0.0
2023-03-29 04:18:53.619000+00:00,6557696.0,28336128.0,32407552.0,32407552.0,27.86,2.013395983,96.24,5643600.0,0.0,0.0,32994.0,14965543.0,0.0,0.0,36492.0,0.0,0.0,0.0,0.0
2023-03-29 04:18:58.548000+00:00,6766592.0,28360704.0,32649216.0,32649216.0,27.89,2.013395983,96.34,5653081.0,0.0,0.0,33049.0,14983736.0,0.0,0.0,36553.0,0.0,0.0,0.0,0.0
2023-03-29 04:19:03.458000+00:00,6766592.0,28983296.0,32649216.0,32649216.0,27.9,2.013395983,96.37,5653081.0,0.0,0.0,33049.0,14983736.0,0.0,0.0,36553.0,0.0,0.0,0.0,0.0
2023-03-29 04:19:08.403000+00:00,6766592.0,28872704.0,33202176.0,33202176.0,27.94,2.013395983,96.5,5688261.0,0.0,0.0,33267.0,15031331.0,0.0,0.0,36780.0,0.0,0.0,0.0,0.0
2023-03-29 04:19:13.389000+00:00,6766592.0,28987392.0,33079296.0,33079296.0,27.94,2.013395983,96.5,5689064.0,0.0,0.0,33271.0,15035893.0,0.0,0.0,36785.0,0.0,0.0,0.0,0.0
2023-03-29 04:19:19.705000+00:00,6766592.0,28741632.0,32874496.0,32874496.0,27.96,2.013395983,96.62,5699088.0,0.0,0.0,33331.0,15050999.0,0.0,0.0,36852.0,0.0,0.0,0.0,0.0
2023-03-29 04:19:24.641000+00:00,6766592.0,28741632.0,32874496.0,32874496.0,27.96,2.013395983,96.65,5699088.0,0.0,0.0,33381.0,15064452.0,0.0,0.0,36907.0,0.0,0.0,0.0,0.0
2023-03-29 04:19:29.104000+00:00,6766592.0,29437952.0,33705984.0,33705984.0,27.99,2.013395983,96.8,5732434.0,0.0,0.0,33530.0,15096023.0,0.0,0.0,37053.0,0.0,0.0,0.0,0.0
2023-03-29 04:19:34.899000+00:00,6766592.0,29437952.0,33705984.0,33705984.0,28.0,2.013395983,96.83,5732434.0,0.0,0.0,33629.0,15118459.0,0.0,0.0,37160.0,0.0,0.0,0.0,0.0
2023-03-29 04:19:39.794000+00:00,6766592.0,29728768.0,34082816.0,34082816.0,28.04,2.013395983,97.06,5792153.0,0.0,0.0,33897.0,15171949.0,0.0,0.0,37445.0,0.0,0.0,0.0,0.0
2023-03-29 04:19:44.353000+00:00,6766592.0,29728768.0,34082816.0,34082816.0,28.05,2.013395983,97.1,5792153.0,0.0,0.0,33897.0,15171949.0,0.0,0.0,37445.0,0.0,0.0,0.0,0.0
2023-03-29 04:19:49.806000+00:00,6766592.0,29966336.0,34385920.0,34385920.0,28.09,2.013395983,97.22,5835987.0,0.0,0.0,34167.0,15229242.0,0.0,0.0,37722.0,0.0,0.0,0.0,0.0
2023-03-29 04:19:54.207000+00:00,6971392.0,29966336.0,34385920.0,34385920.0,28.12,2.013395983,97.32,5835987.0,0.0,0.0,34167.0,15229242.0,0.0,0.0,37722.0,0.0,0.0,0.0,0.0
2023-03-29 04:19:58.515000+00:00,6971392.0,30846976.0,35110912.0,35110912.0,28.12,2.013395983,97.39,5862046.0,0.0,0.0,34328.0,15266825.0,0.0,0.0,37894.0,0.0,0.0,0.0,0.0
2023-03-29 04:20:04.272000+00:00,6971392.0,31887360.0,36102144.0,35110912.0,28.17,2.013395983,97.52,5862046.0,0.0,0.0,34328.0,15266825.0,0.0,0.0,37894.0,0.0,0.0,0.0,0.0
2023-03-29 04:20:08.934000+00:00,6971392.0,30760960.0,34926592.0,34926592.0,28.19,2.013395983,97.63,5920304.0,0.0,0.0,34684.0,15341579.0,0.0,0.0,38278.0,0.0,0.0,0.0,0.0
2023-03-29 04:20:13.068000+00:00,6971392.0,31019008.0,35192832.0,35192832.0,28.2,2.013395983,97.67,5938266.0,0.0,0.0,34796.0,15366179.0,0.0,0.0,38399.0,0.0,0.0,0.0,0.0
2023-03-29 04:20:18.236000+00:00,6971392.0,30937088.0,35127296.0,35127296.0,28.22,2.013395983,97.78,5948543.0,0.0,0.0,34862.0,15381940.0,0.0,0.0,38470.0,0.0,0.0,0.0,0.0
2023-03-29 04:20:23.054000+00:00,6971392.0,30937088.0,35127296.0,35127296.0,28.24,2.013395983,97.82,5948543.0,0.0,0.0,34966.0,15405478.0,0.0,0.0,38583.0,0.0,0.0,0.0,0.0
2023-03-29 04:20:28.140000+00:00,6971392.0,31367168.0,35680256.0,35680256.0,28.27,2.013395983,97.9,5982709.0,0.0,0.0,35070.0,15428717.0,0.0,0.0,38694.0,0.0,0.0,0.0,0.0
2023-03-29 04:20:34.897000+00:00,6971392.0,31625216.0,35868672.0,35868672.0,28.28,2.013395983,97.98,6015724.0,0.0,0.0,35269.0,15469983.0,0.0,0.0,38907.0,0.0,0.0,0.0,0.0
2023-03-29 04:20:38.537000+00:00,6971392.0,31760384.0,35962880.0,35962880.0,28.3,2.013395983,98.04,6016091.0,0.0,0.0,35271.0,15474229.0,0.0,0.0,38908.0,0.0,0.0,0.0,0.0
2023-03-29 04:20:44.871000+00:00,6971392.0,31903744.0,36098048.0,36098048.0,28.31,2.013395983,98.08,6032952.0,0.0,0.0,35369.0,15497001.0,0.0,0.0,39016.0,0.0,0.0,0.0,0.0
2023-03-29 04:20:48.662000+00:00,6971392.0,31854592.0,36077568.0,36077568.0,28.34,2.013395983,98.19,6040990.0,0.0,0.0,35417.0,15510016.0,0.0,0.0,39066.0,0.0,0.0,0.0,0.0
2023-03-29 04:20:54.125000+00:00,7176192.0,31952896.0,36212736.0,36212736.0,28.34,2.013395983,98.2,6041793.0,0.0,0.0,35421.0,15514578.0,0.0,0.0,39071.0,0.0,0.0,0.0,0.0
2023-03-29 04:20:59.668000+00:00,7176192.0,32088064.0,36532224.0,36532224.0,28.37,2.080663116,98.31,6059401.0,0.0,0.0,35530.0,15538391.0,0.0,0.0,39190.0,0.0,0.0,0.0,0.0
2023-03-29 04:21:04.015000+00:00,7176192.0,31911936.0,36532224.0,36532224.0,28.37,2.080663116,98.36,6059401.0,0.0,0.0,35530.0,15538391.0,0.0,0.0,39190.0,0.0,0.0,0.0,0.0
2023-03-29 04:21:08.922000+00:00,7176192.0,31776768.0,36048896.0,36048896.0,28.41,2.080663116,98.48,6093333.0,0.0,0.0,35736.0,15584968.0,0.0,0.0,39409.0,0.0,0.0,0.0,0.0
2023-03-29 04:21:14.523000+00:00,7176192.0,31776768.0,36048896.0,36048896.0,28.42,2.080663116,98.55,6093333.0,0.0,0.0,35736.0,15584968.0,0.0,0.0,39409.0,0.0,0.0,0.0,0.0
2023-03-29 04:21:19.247000+00:00,7176192.0,32649216.0,37027840.0,37027840.0,28.44,2.080663116,98.73,6145180.0,0.0,0.0,36054.0,15652307.0,0.0,0.0,39755.0,0.0,0.0,0.0,0.0
2023-03-29 04:21:23.941000+00:00,7176192.0,32649216.0,37027840.0,37240832.0,28.44,2.080663116,98.77,6162680.0,0.0,0.0,36164.0,15676234.0,0.0,0.0,39867.0,0.0,0.0,0.0,0.0
2023-03-29 04:21:29.837000+00:00,7176192.0,34291712.0,38559744.0,38559744.0,28.46,2.081963469,98.86,6168752.0,0.0,0.0,36194.0,15686315.0,0.0,0.0,39899.0,0.0,0.0,0.0,0.0
2023-03-29 04:21:34.012000+00:00,7176192.0,34291712.0,38559744.0,33361920.0,28.48,2.081963469,98.99,6188663.0,0.0,0.0,36320.0,15712785.0,0.0,0.0,40026.0,0.0,0.0,0.0,0.0
2023-03-29 04:21:39.666000+00:00,7176192.0,29368320.0,33603584.0,33603584.0,28.52,2.081963469,99.09,6206308.0,0.0,0.0,36426.0,15736691.0,0.0,0.0,40143.0,0.0,0.0,0.0,0.0
2023-03-29 04:21:44.727000+00:00,7176192.0,29368320.0,33603584.0,33603584.0,28.55,2.081963469,99.15,6206308.0,0.0,0.0,36426.0,15736691.0,0.0,0.0,40143.0,0.0,0.0,0.0,0.0
2023-03-29 04:21:48.566000+00:00,7176192.0,29442048.0,33509376.0,33509376.0,28.55,2.081963469,99.15,6239216.0,0.0,0.0,36624.0,15781919.0,0.0,0.0,40353.0,0.0,0.0,0.0,0.0
2023-03-29 04:21:53.471000+00:00,7389184.0,28995584.0,33112064.0,33112064.0,28.59,2.081963469,99.28,6264144.0,0.0,0.0,36775.0,15813759.0,0.0,0.0,40508.0,0.0,0.0,0.0,0.0
2023-03-29 04:21:59.264000+00:00,7389184.0,29278208.0,33779712.0,33779712.0,28.64,2.081963469,99.44,6299250.0,0.0,0.0,36992.0,15857228.0,0.0,0.0,40732.0,0.0,0.0,0.0,0.0
2023-03-29 04:22:04.746000+00:00,7389184.0,29151232.0,33779712.0,33779712.0,28.67,2.081963469,99.57,6299250.0,0.0,0.0,36992.0,15857228.0,0.0,0.0,40950.0,0.0,0.0,0.0,0.0
2023-03-29 04:22:09.128000+00:00,7389184.0,29270016.0,33456128.0,33456128.0,28.67,2.081963469,99.63,6351142.0,0.0,0.0,37316.0,15924828.0,0.0,0.0,41075.0,0.0,0.0,0.0,0.0
2023-03-29 04:22:13.293000+00:00,7389184.0,29372416.0,33574912.0,33574912.0,28.68,2.081963469,99.76,6369084.0,0.0,0.0,37429.0,15949309.0,0.0,0.0,41195.0,0.0,0.0,0.0,0.0
2023-03-29 04:22:18.077000+00:00,7389184.0,28942336.0,33054720.0,33054720.0,28.7,2.081963469,99.84,6394813.0,0.0,0.0,37586.0,15982759.0,0.0,0.0,41364.0,0.0,0.0,0.0,0.0
2023-03-29 04:22:23.404000+00:00,7389184.0,28942336.0,33054720.0,33103872.0,28.72,2.081963469,99.92,6395616.0,0.0,0.0,37590.0,15987321.0,0.0,0.0,41369.0,0.0,0.0,0.0,0.0
2023-03-29 04:22:28.631000+00:00,7389184.0,28749824.0,32825344.0,32825344.0,28.75,2.081963469,99.98,6423195.0,0.0,0.0,37764.0,16023221.0,0.0,0.0,41555.0,0.0,0.0,0.0,0.0
2023-03-29 04:22:33.868000+00:00,7389184.0,28749824.0,32825344.0,32980992.0,28.78,2.081963469,100.08,6439302.0,0.0,0.0,37860.0,16045275.0,0.0,0.0,41658.0,0.0,0.0,0.0,0.0
2023-03-29 04:22:38.587000+00:00,7389184.0,29421568.0,33497088.0,33497088.0,28.78,2.081963469,100.1,6448683.0,0.0,0.0,37918.0,16059856.0,0.0,0.0,41721.0,0.0,0.0,0.0,0.0
2023-03-29 04:22:44.526000+00:00,7389184.0,28737536.0,33071104.0,33071104.0,28.79,2.081963469,100.17,6449922.0,0.0,0.0,37924.0,16064734.0,0.0,0.0,41730.0,0.0,0.0,0.0,0.0
2023-03-29 04:22:49.096000+00:00,7389184.0,29253632.0,33325056.0,33325056.0,28.79,2.081963469,100.2,6458854.0,0.0,0.0,37980.0,16078985.0,0.0,0.0,41789.0,0.0,0.0,0.0,0.0
2023-03-29 04:22:54.840000+00:00,7606272.0,29110272.0,33325056.0,33325056.0,28.84,2.10156158,100.31,6458854.0,0.0,0.0,37980.0,16078985.0,0.0,0.0,41789.0,0.0,0.0,0.0,0.0
2023-03-29 04:22:59.732000+00:00,7606272.0,29270016.0,33349632.0,33349632.0,28.88,2.10156158,100.38,6505325.0,0.0,0.0,38271.0,16140254.0,0.0,0.0,42102.0,0.0,0.0,0.0,0.0
2023-03-29 04:23:04.310000+00:00,7606272.0,29065216.0,33349632.0,33349632.0,28.9,2.10156158,100.46,6505325.0,0.0,0.0,38271.0,16140254.0,0.0,0.0,42157.0,0.0,0.0,0.0,0.0
2023-03-29 04:23:09.533000+00:00,7606272.0,28983296.0,33181696.0,33181696.0,28.92,2.10156158,100.55,6548067.0,0.0,0.0,38533.0,16197013.0,0.0,0.0,42384.0,0.0,0.0,0.0,0.0
2023-03-29 04:23:14.195000+00:00,7606272.0,28983296.0,33181696.0,33181696.0,28.94,2.10170713,100.62,6548067.0,0.0,0.0,38533.0,16197013.0,0.0,0.0,42384.0,0.0,0.0,0.0,0.0
2023-03-29 04:23:18.350000+00:00,7606272.0,29241344.0,33329152.0,33329152.0,28.94,2.10170713,100.68,6565620.0,0.0,0.0,38639.0,16224737.0,0.0,0.0,42497.0,0.0,0.0,0.0,0.0
2023-03-29 04:23:24.262000+00:00,7606272.0,29048832.0,33325056.0,33325056.0,28.98,2.10170713,100.75,6574650.0,0.0,0.0,38691.0,16238574.0,0.0,0.0,42556.0,0.0,0.0,0.0,0.0
2023-03-29 04:23:28.644000+00:00,7606272.0,29564928.0,33652736.0,33652736.0,28.99,2.10170713,100.77,6583618.0,0.0,0.0,38747.0,16252863.0,0.0,0.0,42615.0,0.0,0.0,0.0,0.0
2023-03-29 04:23:34.567000+00:00,7606272.0,29564928.0,33939456.0,33939456.0,29.03,2.10170713,100.77,6617741.0,0.0,0.0,38953.0,16295798.0,0.0,0.0,42839.0,0.0,0.0,0.0,0.0
2023-03-29 04:23:38.859000+00:00,7606272.0,29405184.0,33640448.0,33640448.0,29.04,2.10170713,100.94,6636133.0,0.0,0.0,39071.0,16321230.0,0.0,0.0,42964.0,0.0,0.0,0.0,0.0
2023-03-29 04:23:44.154000+00:00,7606272.0,29949952.0,33640448.0,33640448.0,29.07,2.10170713,101.06,6636133.0,0.0,0.0,39071.0,16321230.0,0.0,0.0,42964.0,0.0,0.0,0.0,0.0
2023-03-29 04:23:49.068000+00:00,7606272.0,29933568.0,34070528.0,34070528.0,29.1,2.10170713,101.14,6686565.0,0.0,0.0,39379.0,16386801.0,0.0,0.0,43295.0,0.0,0.0,0.0,0.0
2023-03-29 04:23:53.983000+00:00,7852032.0,29933568.0,34070528.0,34070528.0,29.12,2.10170713,101.32,6686565.0,0.0,0.0,39379.0,16386801.0,0.0,0.0,43572.0,0.0,0.0,0.0,0.0
2023-03-29 04:23:58.883000+00:00,7852032.0,30216192.0,34512896.0,34512896.0,29.14,2.10170713,101.33,6729214.0,0.0,0.0,39642.0,16443479.0,0.0,0.0,43578.0,0.0,0.0,0.0,0.0
2023-03-29 04:24:04.627000+00:00,7852032.0,30711808.0,34512896.0,34512896.0,29.18,2.102694781,101.54,6729214.0,0.0,0.0,39642.0,16443479.0,0.0,0.0,43853.0,0.0,0.0,0.0,0.0
2023-03-29 04:24:09.379000+00:00,7852032.0,30396416.0,34684928.0,34684928.0,29.18,2.102694781,101.57,6776345.0,0.0,0.0,39941.0,16505643.0,0.0,0.0,43899.0,0.0,0.0,0.0,0.0
2023-03-29 04:24:13.605000+00:00,7852032.0,30961664.0,35500032.0,35500032.0,29.19,2.102694781,101.64,6785260.0,0.0,0.0,39997.0,16519874.0,0.0,0.0,43958.0,0.0,0.0,0.0,0.0
2023-03-29 04:24:18.722000+00:00,7852032.0,30801920.0,35172352.0,35172352.0,29.21,2.102694781,101.7,6810061.0,0.0,0.0,40147.0,16552144.0,0.0,0.0,44120.0,0.0,0.0,0.0,0.0
2023-03-29 04:24:23.519000+00:00,7852032.0,30801920.0,35164160.0,35164160.0,29.22,2.102694781,101.76,6810864.0,0.0,0.0,40151.0,16556706.0,0.0,0.0,44125.0,0.0,0.0,0.0,0.0
2023-03-29 04:24:28.882000+00:00,7852032.0,31121408.0,35307520.0,35307520.0,29.22,2.102694781,101.82,6827978.0,0.0,0.0,40256.0,16580038.0,0.0,0.0,44237.0,0.0,0.0,0.0,0.0
2023-03-29 04:24:34.031000+00:00,7852032.0,30932992.0,35450880.0,35450880.0,29.24,2.102694781,101.9,6836614.0,0.0,0.0,40306.0,16593471.0,0.0,0.0,44290.0,0.0,0.0,0.0,0.0
2023-03-29 04:24:39.927000+00:00,7852032.0,31485952.0,35672064.0,35672064.0,29.24,2.102694781,101.92,6846680.0,0.0,0.0,40366.0,16608633.0,0.0,0.0,44357.0,0.0,0.0,0.0,0.0
2023-03-29 04:24:44.300000+00:00,7852032.0,31485952.0,35672064.0,35672064.0,29.26,2.102694781,101.99,6846680.0,0.0,0.0,40366.0,16608633.0,0.0,0.0,44357.0,0.0,0.0,0.0,0.0
2023-03-29 04:24:49.242000+00:00,7852032.0,30953472.0,35373056.0,35373056.0,29.26,2.102694781,101.99,6847850.0,0.0,0.0,40372.0,16617441.0,0.0,0.0,44363.0,0.0,0.0,0.0,0.0
2023-03-29 04:24:54.631000+00:00,8028160.0,30953472.0,35373056.0,35373056.0,29.32,2.102694781,102.1,6847850.0,0.0,0.0,40479.0,16641150.0,0.0,0.0,44480.0,0.0,0.0,0.0,0.0
2023-03-29 04:24:59.586000+00:00,8028160.0,31330304.0,35729408.0,35729408.0,29.34,2.102694781,102.13,6879854.0,0.0,0.0,40563.0,16661082.0,0.0,0.0,44568.0,0.0,0.0,0.0,0.0
2023-03-29 04:25:03.877000+00:00,8028160.0,31330304.0,35729408.0,35729408.0,29.34,2.102694781,102.2,6879854.0,0.0,0.0,40749.0,16698687.0,0.0,0.0,44765.0,0.0,0.0,0.0,0.0
2023-03-29 04:25:09.854000+00:00,8028160.0,31608832.0,35860480.0,35860480.0,29.36,2.102694781,102.27,6909857.0,0.0,0.0,40755.0,16703565.0,0.0,0.0,44774.0,0.0,0.0,0.0,0.0
2023-03-29 04:25:14.746000+00:00,8028160.0,32190464.0,36990976.0,36990976.0,29.38,2.102694781,102.38,6934594.0,0.0,0.0,40905.0,16735756.0,0.0,0.0,44936.0,0.0,0.0,0.0,0.0
2023-03-29 04:25:19.511000+00:00,8028160.0,32440320.0,36917248.0,36917248.0,29.38,2.102694781,102.39,6935397.0,0.0,0.0,40909.0,16740318.0,0.0,0.0,44941.0,0.0,0.0,0.0,0.0
2023-03-29 04:25:23.905000+00:00,8028160.0,31789056.0,36016128.0,36016128.0,29.38,2.102694781,102.39,6935764.0,0.0,0.0,40911.0,16744564.0,0.0,0.0,44942.0,0.0,0.0,0.0,0.0
2023-03-29 04:25:29.619000+00:00,8028160.0,32043008.0,36638720.0,36638720.0,29.42,2.102694781,102.51,6953188.0,0.0,0.0,41017.0,16768229.0,0.0,0.0,45059.0,0.0,0.0,0.0,0.0
2023-03-29 04:25:34.016000+00:00,8028160.0,32251904.0,36638720.0,36638720.0,29.44,2.102694781,102.59,6953188.0,0.0,0.0,41017.0,16768229.0,0.0,0.0,45059.0,0.0,0.0,0.0,0.0
2023-03-29 04:25:38.699000+00:00,8028160.0,32391168.0,36704256.0,36704256.0,29.45,2.102901445,102.66,6971703.0,0.0,0.0,41131.0,16797281.0,0.0,0.0,45181.0,0.0,0.0,0.0,0.0
2023-03-29 04:25:43.577000+00:00,8028160.0,33038336.0,37588992.0,37588992.0,29.48,2.102901445,102.78,7012949.0,0.0,0.0,41381.0,16848595.0,0.0,0.0,45451.0,0.0,0.0,0.0,0.0
2023-03-29 04:25:48.887000+00:00,8028160.0,33325056.0,37584896.0,37584896.0,29.5,2.102901445,102.88,7030260.0,0.0,0.0,41485.0,16872284.0,0.0,0.0,45564.0,0.0,0.0,0.0,0.0
2023-03-29 04:25:53.848000+00:00,8228864.0,33325056.0,37584896.0,37584896.0,29.52,2.102901445,102.98,7056180.0,0.0,0.0,41644.0,16905732.0,0.0,0.0,45732.0,0.0,0.0,0.0,0.0
2023-03-29 04:25:59.772000+00:00,8228864.0,33374208.0,38006784.0,38006784.0,29.56,2.102901445,103.08,7072925.0,0.0,0.0,41745.0,16928462.0,0.0,0.0,45844.0,0.0,0.0,0.0,0.0
2023-03-29 04:26:04.431000+00:00,8228864.0,33374208.0,38006784.0,37572608.0,29.56,2.102901445,103.1,7081431.0,0.0,0.0,41795.0,16941831.0,0.0,0.0,45898.0,0.0,0.0,0.0,0.0
2023-03-29 04:26:09.719000+00:00,8228864.0,31301632.0,35885056.0,35885056.0,29.61,2.102901445,103.29,7097642.0,0.0,0.0,41892.0,16963995.0,0.0,0.0,46002.0,0.0,0.0,0.0,0.0
2023-03-29 04:26:14.822000+00:00,8228864.0,31404032.0,35639296.0,35639296.0,29.61,2.102901445,103.3,7098445.0,0.0,0.0,41896.0,16968557.0,0.0,0.0,46007.0,0.0,0.0,0.0,0.0
2023-03-29 04:26:18.203000+00:00,8228864.0,31539200.0,35917824.0,35917824.0,29.66,2.102901445,103.35,7098812.0,0.0,0.0,41898.0,16972803.0,0.0,0.0,46008.0,0.0,0.0,0.0,0.0
2023-03-29 04:26:24.678000+00:00,8228864.0,32067584.0,36315136.0,36315136.0,29.68,2.102901445,103.49,7147927.0,0.0,0.0,42196.0,17032626.0,0.0,0.0,46326.0,0.0,0.0,0.0,0.0
2023-03-29 04:26:29.177000+00:00,8228864.0,31670272.0,35966976.0,35966976.0,29.7,2.102901445,103.57,7156147.0,0.0,0.0,42244.0,17045831.0,0.0,0.0,46376.0,0.0,0.0,0.0,0.0
2023-03-29 04:26:33.855000+00:00,8228864.0,31211520.0,35966976.0,35966976.0,29.72,2.102901445,103.62,7156147.0,0.0,0.0,42244.0,17045831.0,0.0,0.0,46376.0,0.0,0.0,0.0,0.0
2023-03-29 04:26:38.755000+00:00,8228864.0,31776768.0,36052992.0,36052992.0,29.74,2.102901445,103.71,7190261.0,0.0,0.0,42452.0,17092616.0,0.0,0.0,46601.0,0.0,0.0,0.0,0.0
2023-03-29 04:26:43.235000+00:00,8228864.0,31821824.0,36155392.0,36155392.0,29.74,2.102901445,103.76,7207437.0,0.0,0.0,42556.0,17115641.0,0.0,0.0,46706.0,0.0,0.0,0.0,0.0
2023-03-29 04:26:48.540000+00:00,8228864.0,31961088.0,36409344.0,36409344.0,29.76,2.102901445,103.84,7208240.0,0.0,0.0,42560.0,17120203.0,0.0,0.0,46711.0,0.0,0.0,0.0,0.0
2023-03-29 04:26:53.807000+00:00,8392704.0,31961088.0,36409344.0,35938304.0,29.76,2.102901445,103.87,7218458.0,0.0,0.0,42626.0,17135886.0,0.0,0.0,46782.0,0.0,0.0,0.0,0.0
2023-03-29 04:26:58.787000+00:00,8392704.0,31641600.0,36188160.0,36188160.0,29.79,2.102901445,103.98,7228797.0,0.0,0.0,42693.0,17151724.0,0.0,0.0,46854.0,0.0,0.0,0.0,0.0
2023-03-29 04:27:04.489000+00:00,8392704.0,31641600.0,36188160.0,36429824.0,29.79,2.102901445,104.04,7254202.0,0.0,0.0,42847.0,17184407.0,0.0,0.0,47021.0,0.0,0.0,0.0,0.0
2023-03-29 04:27:09.155000+00:00,8392704.0,31670272.0,35958784.0,35958784.0,29.81,2.102901445,104.13,7263113.0,0.0,0.0,42903.0,17198630.0,0.0,0.0,47080.0,0.0,0.0,0.0,0.0
2023-03-29 04:27:13.917000+00:00,8392704.0,31670272.0,35958784.0,35958784.0,29.81,2.102901445,104.13,7263113.0,0.0,0.0,42903.0,17198630.0,0.0,0.0,47080.0,0.0,0.0,0.0,0.0
2023-03-29 04:27:18.359000+00:00,8392704.0,31793152.0,35999744.0,35999744.0,29.82,2.102901445,104.15,7264719.0,0.0,0.0,42911.0,17207754.0,0.0,0.0,47090.0,0.0,0.0,0.0,0.0
2023-03-29 04:27:23.883000+00:00,8392704.0,31494144.0,35774464.0,35774464.0,29.83,2.102901445,104.24,7274096.0,0.0,0.0,42969.0,17222342.0,0.0,0.0,47153.0,0.0,0.0,0.0,0.0
2023-03-29 04:27:28.443000+00:00,8392704.0,31948800.0,36179968.0,36179968.0,29.84,2.102901445,104.3,7299915.0,0.0,0.0,43127.0,17255967.0,0.0,0.0,47324.0,0.0,0.0,0.0,0.0
2023-03-29 04:27:34.106000+00:00,8392704.0,31948800.0,36179968.0,36179968.0,29.87,2.102901445,104.46,7299915.0,0.0,0.0,43127.0,17255967.0,0.0,0.0,47445.0,0.0,0.0,0.0,0.0
2023-03-29 04:27:39.646000+00:00,8392704.0,31735808.0,36179968.0,36179968.0,29.9,2.102901445,104.54,7326743.0,0.0,0.0,43291.0,17294252.0,0.0,0.0,47504.0,0.0,0.0,0.0,0.0
2023-03-29 04:27:43.516000+00:00,8392704.0,31735808.0,36179968.0,36179968.0,29.9,2.102901445,104.58,7326743.0,0.0,0.0,43291.0,17294252.0,0.0,0.0,47504.0,0.0,0.0,0.0,0.0
2023-03-29 04:27:49.274000+00:00,8392704.0,32014336.0,36212736.0,36212736.0,29.92,2.102901445,104.67,7361307.0,0.0,0.0,43505.0,17341879.0,0.0,0.0,47733.0,0.0,0.0,0.0,0.0
2023-03-29 04:27:53.425000+00:00,8552448.0,31686656.0,35962880.0,35962880.0,29.94,2.102901445,104.76,7370005.0,0.0,0.0,43556.0,17355378.0,0.0,0.0,47787.0,0.0,0.0,0.0,0.0
2023-03-29 04:27:58.883000+00:00,8552448.0,31580160.0,35979264.0,35979264.0,29.96,2.102901445,104.79,7383917.0,0.0,0.0,43634.0,17374421.0,0.0,0.0,47869.0,0.0,0.0,0.0,0.0
2023-03-29 04:28:03.993000+00:00,8552448.0,31580160.0,35979264.0,35770368.0,30.02,2.102901445,104.92,7412893.0,0.0,0.0,43821.0,17412443.0,0.0,0.0,48074.0,0.0,0.0,0.0,0.0
2023-03-29 04:28:09.197000+00:00,8552448.0,31608832.0,35815424.0,35815424.0,30.04,2.102901445,104.96,7430926.0,0.0,0.0,43933.0,17437127.0,0.0,0.0,48195.0,0.0,0.0,0.0,0.0
2023-03-29 04:28:14.190000+00:00,8552448.0,31608832.0,35815424.0,35815424.0,30.06,2.102901445,105.05,7430926.0,0.0,0.0,43933.0,17437127.0,0.0,0.0,48195.0,0.0,0.0,0.0,0.0
2023-03-29 04:28:18.712000+00:00,8552448.0,31727616.0,36044800.0,36044800.0,30.08,2.102901445,105.1,7464249.0,0.0,0.0,44134.0,17482575.0,0.0,0.0,48409.0,0.0,0.0,0.0,0.0
2023-03-29 04:28:24.883000+00:00,8552448.0,31727616.0,36044800.0,36044800.0,30.14,2.102901445,105.17,7464249.0,0.0,0.0,44134.0,17482575.0,0.0,0.0,48533.0,0.0,0.0,0.0,0.0
2023-03-29 04:28:29.522000+00:00,8552448.0,31825920.0,36012032.0,36012032.0,30.16,2.102901445,105.23,7515217.0,0.0,0.0,44444.0,17548306.0,0.0,0.0,48740.0,0.0,0.0,0.0,0.0
2023-03-29 04:28:34.877000+00:00,8552448.0,31825920.0,36012032.0,36012032.0,30.17,2.102901445,105.34,7515217.0,0.0,0.0,44548.0,17571646.0,0.0,0.0,48852.0,0.0,0.0,0.0,0.0
2023-03-29 04:28:39.876000+00:00,8552448.0,31535104.0,35721216.0,35721216.0,30.17,2.102901445,105.35,7540770.0,0.0,0.0,44599.0,17584883.0,0.0,0.0,48905.0,0.0,0.0,0.0,0.0
2023-03-29 04:28:44.705000+00:00,8552448.0,31629312.0,35991552.0,35991552.0,30.19,2.102901445,105.46,7558021.0,0.0,0.0,44703.0,17608514.0,0.0,0.0,49018.0,0.0,0.0,0.0,0.0
2023-03-29 04:28:48.796000+00:00,8552448.0,32075776.0,36306944.0,36306944.0,30.19,2.102901445,105.48,7566033.0,0.0,0.0,44751.0,17621577.0,0.0,0.0,49069.0,0.0,0.0,0.0,0.0
2023-03-29 04:28:54.659000+00:00,8753152.0,32075776.0,36618240.0,36618240.0,30.23,2.102901445,105.57,7582735.0,0.0,0.0,44851.0,17644321.0,0.0,0.0,49178.0,0.0,0.0,0.0,0.0
2023-03-29 04:28:59.409000+00:00,8753152.0,31547392.0,35741696.0,35741696.0,30.24,2.102901445,105.58,7585410.0,0.0,0.0,44870.0,17651259.0,0.0,0.0,49200.0,0.0,0.0,0.0,0.0
2023-03-29 04:29:04.381000+00:00,8753152.0,31625216.0,35942400.0,35942400.0,30.27,2.102901445,105.72,7601621.0,0.0,0.0,44968.0,17673547.0,0.0,0.0,49307.0,0.0,0.0,0.0,0.0
2023-03-29 04:29:08.958000+00:00,8753152.0,31715328.0,35966976.0,35966976.0,30.27,2.102901445,105.72,7601988.0,0.0,0.0,44970.0,17677793.0,0.0,0.0,49308.0,0.0,0.0,0.0,0.0
2023-03-29 04:29:13.456000+00:00,8753152.0,31858688.0,36118528.0,36118528.0,30.29,2.102901445,105.78,7602791.0,0.0,0.0,44974.0,17682355.0,0.0,0.0,49313.0,0.0,0.0,0.0,0.0
2023-03-29 04:29:18.070000+00:00,8753152.0,32313344.0,36589568.0,36589568.0,30.29,2.102901445,105.8,7611227.0,0.0,0.0,45024.0,17695714.0,0.0,0.0,49368.0,0.0,0.0,0.0,0.0
2023-03-29 04:29:24.714000+00:00,8753152.0,32313344.0,36589568.0,36589568.0,30.3,2.156261141,105.92,7611227.0,0.0,0.0,45024.0,17710736.0,0.0,0.0,49437.0,0.0,0.0,0.0,0.0
2023-03-29 04:29:29.780000+00:00,8753152.0,32043008.0,36233216.0,36233216.0,30.31,2.156261141,105.95,7637432.0,0.0,0.0,45182.0,17733034.0,0.0,0.0,49541.0,0.0,0.0,0.0,0.0
2023-03-29 04:29:34.750000+00:00,8753152.0,32043008.0,36233216.0,36233216.0,30.35,2.156261141,105.95,7637432.0,0.0,0.0,45240.0,17747630.0,0.0,0.0,49604.0,0.0,0.0,0.0,0.0
2023-03-29 04:29:39.417000+00:00,8753152.0,31883264.0,36114432.0,36114432.0,30.36,2.156261141,106.04,7647631.0,0.0,0.0,45244.0,17752192.0,0.0,0.0,49609.0,0.0,0.0,0.0,0.0
2023-03-29 04:29:43.298000+00:00,8753152.0,31883264.0,36114432.0,36114432.0,30.38,2.15710933,106.16,7647631.0,0.0,0.0,45244.0,17752192.0,0.0,0.0,49609.0,0.0,0.0,0.0,0.0
2023-03-29 04:29:49.066000+00:00,8753152.0,32116736.0,36315136.0,36315136.0,30.4,2.15710933,106.25,7716052.0,0.0,0.0,45666.0,17838968.0,0.0,0.0,50059.0,0.0,0.0,0.0,0.0
2023-03-29 04:29:54.581000+00:00,8908800.0,32354304.0,36761600.0,36761600.0,30.44,2.15710933,106.32,7717345.0,0.0,0.0,45673.0,17843920.0,0.0,0.0,50069.0,0.0,0.0,0.0,0.0
2023-03-29 04:29:59.173000+00:00,8908800.0,32264192.0,36458496.0,36458496.0,30.44,2.15710933,106.39,7734067.0,0.0,0.0,45775.0,17867127.0,0.0,0.0,50178.0,0.0,0.0,0.0,0.0
2023-03-29 04:30:03.889000+00:00,8908800.0,31965184.0,36458496.0,36458496.0,30.48,2.15710933,106.52,7734067.0,0.0,0.0,45775.0,17867127.0,0.0,0.0,50178.0,0.0,0.0,0.0,0.0
2023-03-29 04:30:09.270000+00:00,8908800.0,32096256.0,36458496.0,36458496.0,30.5,2.15710933,106.63,7792459.0,0.0,0.0,46133.0,17941537.0,0.0,0.0,50559.0,0.0,0.0,0.0,0.0
2023-03-29 04:30:14.317000+00:00,8908800.0,32096256.0,36458496.0,36458496.0,30.52,2.15710933,106.7,7792459.0,0.0,0.0,46133.0,17941537.0,0.0,0.0,50559.0,0.0,0.0,0.0,0.0
2023-03-29 04:30:19.603000+00:00,8908800.0,32419840.0,36679680.0,36679680.0,30.54,2.15710933,106.79,7828298.0,0.0,0.0,46351.0,17990149.0,0.0,0.0,50795.0,0.0,0.0,0.0,0.0
2023-03-29 04:30:24.643000+00:00,8908800.0,32419840.0,36679680.0,36679680.0,30.56,2.15710933,106.88,7828298.0,0.0,0.0,46447.0,18012133.0,0.0,0.0,50894.0,0.0,0.0,0.0,0.0
2023-03-29 04:30:28.193000+00:00,8908800.0,32157696.0,36564992.0,36564992.0,30.56,2.15710933,106.9,7852595.0,0.0,0.0,46495.0,18025196.0,0.0,0.0,50945.0,0.0,0.0,0.0,0.0
2023-03-29 04:30:34.499000+00:00,8908800.0,32337920.0,36995072.0,36995072.0,30.6,2.15710933,106.99,7870253.0,0.0,0.0,46601.0,18048964.0,0.0,0.0,51060.0,0.0,0.0,0.0,0.0
2023-03-29 04:30:39.332000+00:00,8908800.0,32423936.0,36749312.0,36749312.0,30.62,2.15710933,107.06,7901978.0,0.0,0.0,46791.0,18088909.0,0.0,0.0,51260.0,0.0,0.0,0.0,0.0
2023-03-29 04:30:44.431000+00:00,8908800.0,32423936.0,36749312.0,36749312.0,30.62,2.15710933,107.07,7901978.0,0.0,0.0,46791.0,18088909.0,0.0,0.0,51260.0,0.0,0.0,0.0,0.0
2023-03-29 04:30:48.886000+00:00,8908800.0,32776192.0,37064704.0,37064704.0,30.65,2.182826487,107.13,7905051.0,0.0,0.0,46811.0,18100193.0,0.0,0.0,51284.0,0.0,0.0,0.0,0.0
2023-03-29 04:30:53.895000+00:00,9105408.0,32776192.0,37064704.0,37064704.0,30.65,2.182826487,107.15,7905051.0,0.0,0.0,46811.0,18100193.0,0.0,0.0,51284.0,0.0,0.0,0.0,0.0
2023-03-29 04:30:58.758000+00:00,9105408.0,33259520.0,37498880.0,37498880.0,30.7,2.251872989,107.22,7923899.0,0.0,0.0,46928.0,18129470.0,0.0,0.0,51411.0,0.0,0.0,0.0,0.0
2023-03-29 04:31:04.682000+00:00,9105408.0,33259520.0,37498880.0,37498880.0,30.7,2.251872989,107.29,7923899.0,0.0,0.0,46928.0,18129470.0,0.0,0.0,51411.0,0.0,0.0,0.0,0.0
2023-03-29 04:31:09.757000+00:00,9105408.0,33501184.0,37761024.0,37761024.0,30.74,2.251872989,107.38,7969968.0,0.0,0.0,47219.0,18190239.0,0.0,0.0,51723.0,0.0,0.0,0.0,0.0
2023-03-29 04:31:14.720000+00:00,9105408.0,33603584.0,37982208.0,37982208.0,30.74,2.251872989,107.38,7970771.0,0.0,0.0,47223.0,18194802.0,0.0,0.0,51728.0,0.0,0.0,0.0,0.0
2023-03-29 04:31:19.860000+00:00,9105408.0,33034240.0,37343232.0,37343232.0,30.76,2.251872989,107.44,7971574.0,0.0,0.0,47227.0,18199365.0,0.0,0.0,51733.0,0.0,0.0,0.0,0.0
2023-03-29 04:31:24.042000+00:00,9105408.0,33034240.0,37343232.0,37376000.0,30.76,2.251872989,107.45,7971941.0,0.0,0.0,47229.0,18203612.0,0.0,0.0,51734.0,0.0,0.0,0.0,0.0
2023-03-29 04:31:29.193000+00:00,9105408.0,33722368.0,38318080.0,38318080.0,30.8,2.251872989,107.59,7996951.0,0.0,0.0,47380.0,18235975.0,0.0,0.0,51895.0,0.0,0.0,0.0,0.0
2023-03-29 04:31:34.226000+00:00,9105408.0,33722368.0,38318080.0,37134336.0,30.83,2.251872989,107.74,8023514.0,0.0,0.0,47546.0,18270629.0,0.0,0.0,52074.0,0.0,0.0,0.0,0.0
2023-03-29 04:31:39.545000+00:00,9105408.0,32931840.0,37208064.0,37208064.0,30.86,2.251872989,107.8,8024753.0,0.0,0.0,47552.0,18275508.0,0.0,0.0,52083.0,0.0,0.0,0.0,0.0
2023-03-29 04:31:44.833000+00:00,9105408.0,33390592.0,37752832.0,37752832.0,30.86,2.251872989,107.81,8033189.0,0.0,0.0,47602.0,18288862.0,0.0,0.0,52138.0,0.0,0.0,0.0,0.0
2023-03-29 04:31:49.163000+00:00,9105408.0,32997376.0,37294080.0,37294080.0,30.87,2.318304669,107.88,8041247.0,0.0,0.0,47650.0,18301890.0,0.0,0.0,52188.0,0.0,0.0,0.0,0.0
2023-03-29 04:31:53.129000+00:00,9248768.0,33095680.0,37347328.0,37347328.0,30.87,2.318304669,107.89,8042050.0,0.0,0.0,47654.0,18306453.0,0.0,0.0,52193.0,0.0,0.0,0.0,0.0
2023-03-29 04:31:58.439000+00:00,9248768.0,33153024.0,37441536.0,37441536.0,30.93,2.318304669,107.98,8058359.0,0.0,0.0,47751.0,18328816.0,0.0,0.0,52298.0,0.0,0.0,0.0,0.0
2023-03-29 04:32:04.292000+00:00,9248768.0,33255424.0,37441536.0,37441536.0,30.94,2.318304669,107.98,8058359.0,0.0,0.0,47751.0,18328816.0,0.0,0.0,52305.0,0.0,0.0,0.0,0.0
2023-03-29 04:32:09.358000+00:00,9248768.0,33394688.0,37650432.0,37650432.0,30.94,2.318304669,108.06,8060049.0,0.0,0.0,47761.0,18338026.0,0.0,0.0,52310.0,0.0,0.0,0.0,0.0
2023-03-29 04:32:14.244000+00:00,9248768.0,33394688.0,37650432.0,37650432.0,30.94,2.318304669,108.06,8060049.0,0.0,0.0,47761.0,18338026.0,0.0,0.0,52310.0,0.0,0.0,0.0,0.0
2023-03-29 04:32:18.487000+00:00,9248768.0,32980992.0,37253120.0,37253120.0,30.97,2.318304669,108.18,8085714.0,0.0,0.0,47915.0,18374857.0,0.0,0.0,52476.0,0.0,0.0,0.0,0.0
2023-03-29 04:32:23.317000+00:00,9248768.0,32980992.0,37253120.0,37658624.0,30.98,2.318304669,108.23,8110444.0,0.0,0.0,48065.0,18407055.0,0.0,0.0,52638.0,0.0,0.0,0.0,0.0
2023-03-29 04:32:29.245000+00:00,9248768.0,33038336.0,37289984.0,37289984.0,31.01,2.3184776,108.31,8119799.0,0.0,0.0,48123.0,18421608.0,0.0,0.0,52701.0,0.0,0.0,0.0,0.0
2023-03-29 04:32:34.008000+00:00,9248768.0,33382400.0,37634048.0,37634048.0,31.02,2.3184776,108.32,8126443.0,0.0,0.0,48159.0,18432580.0,0.0,0.0,52738.0,0.0,0.0,0.0,0.0
2023-03-29 04:32:38.349000+00:00,9248768.0,33075200.0,37326848.0,37326848.0,31.04,2.3184776,108.39,8155687.0,0.0,0.0,48347.0,18470410.0,0.0,0.0,52937.0,0.0,0.0,0.0,0.0
2023-03-29 04:32:44.667000+00:00,9248768.0,33075200.0,37326848.0,37326848.0,31.08,2.3184776,108.57,8155687.0,0.0,0.0,48347.0,18470410.0,0.0,0.0,52937.0,0.0,0.0,0.0,0.0
2023-03-29 04:32:49.247000+00:00,9248768.0,33320960.0,37605376.0,37605376.0,31.09,2.3184776,108.68,8231068.0,0.0,0.0,48809.0,18564343.0,0.0,0.0,53424.0,0.0,0.0,0.0,0.0
2023-03-29 04:32:53.833000+00:00,9445376.0,33320960.0,37605376.0,37605376.0,31.1,2.3184776,108.73,8231068.0,0.0,0.0,48809.0,18589100.0,0.0,0.0,53544.0,0.0,0.0,0.0,0.0
2023-03-29 04:32:58.742000+00:00,9445376.0,32763904.0,37036032.0,37036032.0,31.11,2.3184776,108.74,8250091.0,0.0,0.0,48926.0,18593737.0,0.0,0.0,53550.0,0.0,0.0,0.0,0.0
2023-03-29 04:33:04.654000+00:00,9445376.0,32763904.0,37036032.0,37036032.0,31.16,2.3184776,108.84,8250091.0,0.0,0.0,49042.0,18618760.0,0.0,0.0,53677.0,0.0,0.0,0.0,0.0
2023-03-29 04:33:09.296000+00:00,9445376.0,32665600.0,36900864.0,36900864.0,31.16,2.3184776,108.86,8278424.0,0.0,0.0,49106.0,18634194.0,0.0,0.0,53744.0,0.0,0.0,0.0,0.0
2023-03-29 04:33:14.129000+00:00,9445376.0,32665600.0,36900864.0,36900864.0,31.19,2.3184776,108.92,8278424.0,0.0,0.0,49106.0,18634194.0,0.0,0.0,53744.0,0.0,0.0,0.0,0.0
2023-03-29 04:33:18.560000+00:00,9445376.0,33259520.0,37494784.0,37494784.0,31.2,2.3184776,108.94,8287701.0,0.0,0.0,49160.0,18652161.0,0.0,0.0,53804.0,0.0,0.0,0.0,0.0
2023-03-29 04:33:23.656000+00:00,9445376.0,33259520.0,37277696.0,37277696.0,31.22,2.318504672,108.94,8313313.0,0.0,0.0,49319.0,18685431.0,0.0,0.0,53973.0,0.0,0.0,0.0,0.0
2023-03-29 04:33:28.644000+00:00,9445376.0,32751616.0,36986880.0,36986880.0,31.22,2.318504672,109.08,8323582.0,0.0,0.0,49385.0,18701152.0,0.0,0.0,54044.0,0.0,0.0,0.0,0.0
2023-03-29 04:33:34.228000+00:00,9445376.0,32890880.0,37228544.0,37228544.0,31.25,2.318504672,109.13,8324385.0,0.0,0.0,49389.0,18705715.0,0.0,0.0,54049.0,0.0,0.0,0.0,0.0
2023-03-29 04:33:38.682000+00:00,9445376.0,32894976.0,37130240.0,37130240.0,31.26,2.318504672,109.16,8340654.0,0.0,0.0,49485.0,18727954.0,0.0,0.0,54152.0,0.0,0.0,0.0,0.0
2023-03-29 04:33:43.587000+00:00,9445376.0,33034240.0,37330944.0,37330944.0,31.28,2.318504672,109.23,8341457.0,0.0,0.0,49489.0,18732517.0,0.0,0.0,54157.0,0.0,0.0,0.0,0.0
2023-03-29 04:33:48.769000+00:00,9445376.0,32641024.0,36933632.0,36933632.0,31.28,2.318504672,109.24,8350067.0,0.0,0.0,49539.0,18746055.0,0.0,0.0,54212.0,0.0,0.0,0.0,0.0
2023-03-29 04:33:53.756000+00:00,9445376.0,32641024.0,36933632.0,36933632.0,31.34,2.318504672,109.34,8350067.0,0.0,0.0,49644.0,18769287.0,0.0,0.0,54321.0,0.0,0.0,0.0,0.0
