timestamp,container_fs_usage_bytes,container_memory_rss,container_memory_usage_bytes,container_memory_working_set_bytes,container_cpu_system_seconds_total,container_cpu_usage_seconds_total,container_cpu_user_seconds_total,container_network_receive_bytes_total,container_network_receive_errors_total,container_network_receive_packets_dropped_total,container_network_receive_packets_total,container_network_transmit_bytes_total,container_network_transmit_errors_total,container_network_transmit_packets_dropped_total,container_network_transmit_packets_total,container_fs_io_time_seconds_total,container_memory_failures_total,container_memory_failcnt,container_fs_write_seconds_total
2023-03-20 09:33:34.280000+00:00,,50270208.0,64430080.0,62455808.0,0.6,0.000470238,,8550188.0,0.0,0.0,3254.0,8714749.0,0.0,0.0,3872.0,,0.0,,
2023-03-20 09:33:39.119000+00:00,,50421760.0,64339968.0,62365696.0,0.62,0.000470238,0.76,10072390.0,0.0,0.0,3725.0,10259001.0,0.0,0.0,4466.0,0.0,0.0,0.0,
2023-03-20 09:33:43.778000+00:00,,50421760.0,64339968.0,62738432.0,0.65,0.000470238,0.82,10744228.0,0.0,0.0,3902.0,10938725.0,0.0,0.0,4699.0,0.0,0.0,0.0,
2023-03-20 09:33:48.957000+00:00,,50544640.0,64917504.0,62943232.0,0.65,0.000470238,0.82,10753588.0,0.0,0.0,3963.0,10954227.0,0.0,0.0,4767.0,0.0,0.0,0.0,
2023-03-20 09:33:54.553000+00:00,434176.0,50651136.0,64667648.0,62693376.0,0.69,0.000470238,0.87,11764844.0,0.0,0.0,4273.0,11976152.0,0.0,0.0,5123.0,0.0,0.0,0.0,0.0
2023-03-20 09:33:58.788000+00:00,434176.0,50651136.0,64700416.0,62726144.0,0.69,0.000470238,0.87,11769107.0,0.0,0.0,4298.0,11981031.0,0.0,0.0,5150.0,0.0,0.0,0.0,0.0
2023-03-20 09:34:04.008000+00:00,434176.0,50675712.0,65138688.0,63164416.0,0.7,0.000470238,0.92,11786107.0,0.0,0.0,4388.0,12007382.0,0.0,0.0,5255.0,0.0,0.0,0.0,0.0
2023-03-20 09:34:08.773000+00:00,434176.0,50745344.0,65040384.0,63066112.0,0.73,0.000470238,0.92,13136141.0,0.0,0.0,4804.0,13373504.0,0.0,0.0,5746.0,0.0,0.0,0.0,0.0
2023-03-20 09:34:13.895000+00:00,434176.0,50769920.0,65052672.0,63078400.0,0.76,0.000470238,0.92,13144269.0,0.0,0.0,4852.0,13387801.0,0.0,0.0,5801.0,0.0,0.0,0.0,0.0
2023-03-20 09:34:18.659000+00:00,434176.0,50810880.0,64782336.0,62808064.0,0.77,0.000470238,0.98,13487691.0,0.0,0.0,4980.0,13740336.0,0.0,0.0,5968.0,0.0,0.0,0.0,0.0
2023-03-20 09:34:22.684000+00:00,434176.0,50810880.0,64749568.0,62775296.0,0.77,0.000470238,0.98,13489258.0,0.0,0.0,4991.0,13742359.0,0.0,0.0,5979.0,0.0,0.0,0.0,0.0
2023-03-20 09:34:29.784000+00:00,434176.0,50905088.0,64847872.0,62873600.0,0.81,0.000470238,1.06,15685332.0,0.0,0.0,5624.0,15971621.0,0.0,0.0,6792.0,0.0,0.0,0.0,0.0
2023-03-20 09:34:34.454000+00:00,434176.0,50929664.0,64929792.0,62955520.0,0.84,0.002688337,1.06,16876739.0,0.0,0.0,6047.0,17181449.0,0.0,0.0,7292.0,0.0,0.0,0.0,0.0
2023-03-20 09:34:39.555000+00:00,434176.0,50970624.0,64925696.0,62951424.0,0.86,0.000470238,1.06,18067327.0,0.0,0.0,6441.0,18390256.0,0.0,0.0,7794.0,0.0,0.0,0.0,0.0
2023-03-20 09:34:43.502000+00:00,434176.0,50970624.0,64974848.0,63000576.0,0.88,0.000470238,1.12,18919369.0,0.0,0.0,6744.0,19258452.0,0.0,0.0,8148.0,0.0,0.0,0.0,0.0
2023-03-20 09:34:49.396000+00:00,544768.0,51064832.0,65163264.0,63188992.0,0.92,0.000470238,1.2,19935729.0,0.0,0.0,7079.0,20292381.0,0.0,0.0,8552.0,0.0,0.0,0.0,0.0
2023-03-20 09:34:54.084000+00:00,544768.0,51068928.0,65179648.0,63205376.0,0.92,0.000470238,1.2,19957028.0,0.0,0.0,7194.0,20329330.0,0.0,0.0,8691.0,0.0,0.0,0.0,0.0
2023-03-20 09:34:58.528000+00:00,544768.0,51068928.0,65179648.0,63102976.0,0.95,0.000470238,1.26,19986434.0,0.0,0.0,7345.0,20368027.0,0.0,0.0,8880.0,0.0,0.0,0.0,0.0
2023-03-20 09:35:04.356000+00:00,544768.0,51097600.0,65073152.0,63098880.0,0.96,0.000470238,1.27,20010860.0,0.0,0.0,7479.0,20406116.0,0.0,0.0,9048.0,0.0,0.0,0.0,0.0
2023-03-20 09:35:09.701000+00:00,544768.0,51150848.0,65531904.0,63557632.0,0.98,0.000470238,1.33,20025135.0,0.0,0.0,7565.0,20429613.0,0.0,0.0,9147.0,0.0,0.0,0.0,0.0
2023-03-20 09:35:14.732000+00:00,544768.0,51150848.0,65531904.0,63557632.0,1.0,0.000470238,1.33,20025135.0,0.0,0.0,7743.0,20478961.0,0.0,0.0,9371.0,0.0,0.0,0.0,0.0
2023-03-20 09:35:19.187000+00:00,544768.0,51183616.0,65183744.0,63209472.0,1.03,0.000470238,1.4,20105626.0,0.0,0.0,7977.0,20538936.0,0.0,0.0,9672.0,0.0,0.0,0.0,0.0
2023-03-20 09:35:24.533000+00:00,544768.0,51204096.0,65191936.0,63217664.0,1.05,0.000470238,1.4,21515901.0,0.0,0.0,8389.0,21955913.0,0.0,0.0,10102.0,0.0,0.0,0.0,0.0
2023-03-20 09:35:29.083000+00:00,544768.0,51257344.0,65253376.0,63279104.0,1.08,0.000470238,1.46,21613178.0,0.0,0.0,8550.0,22063459.0,0.0,0.0,10298.0,0.0,0.0,0.0,0.0
2023-03-20 09:35:34.276000+00:00,544768.0,51257344.0,65372160.0,63397888.0,1.17,0.000470238,1.49,32335112.0,0.0,0.0,11260.0,32797091.0,0.0,0.0,13062.0,0.0,0.0,0.0,0.0
2023-03-20 09:35:39.849000+00:00,643072.0,51281920.0,65433600.0,63459328.0,1.26,0.003440497,1.55,38873077.0,0.0,0.0,13130.0,39351142.0,0.0,0.0,15011.0,0.0,0.0,0.0,0.0
2023-03-20 09:35:44.467000+00:00,643072.0,51281920.0,65433600.0,63459328.0,1.37,0.003440497,1.55,38873077.0,0.0,0.0,13130.0,39351142.0,0.0,0.0,15011.0,0.0,0.0,0.0,0.0
2023-03-20 09:35:48.817000+00:00,643072.0,51347456.0,65617920.0,63643648.0,1.45,0.003440497,1.64,67494736.0,0.0,0.0,20318.0,67990159.0,0.0,0.0,22294.0,0.0,0.0,0.0,0.0
2023-03-20 09:35:53.935000+00:00,643072.0,51347456.0,65343488.0,63369216.0,1.47,0.003440497,1.64,69970337.0,0.0,0.0,20960.0,70476317.0,0.0,0.0,22979.0,0.0,0.0,0.0,0.0
2023-03-20 09:35:59.471000+00:00,643072.0,51372032.0,65556480.0,63582208.0,1.49,0.003440497,1.7,70050159.0,0.0,0.0,21040.0,70556883.0,0.0,0.0,23068.0,0.0,0.0,0.0,0.0
2023-03-20 09:36:04.676000+00:00,643072.0,51372032.0,65630208.0,63655936.0,1.56,0.003440497,1.71,74499197.0,0.0,0.0,22429.0,75028220.0,0.0,0.0,24552.0,0.0,0.0,0.0,0.0
2023-03-20 09:36:08.832000+00:00,643072.0,51372032.0,65638400.0,63664128.0,1.59,0.003440497,1.77,76893925.0,0.0,0.0,23170.0,77433456.0,0.0,0.0,25329.0,0.0,0.0,0.0,0.0
2023-03-20 09:36:14.319000+00:00,643072.0,51372032.0,65638400.0,63664128.0,1.6,0.003440497,1.77,76893925.0,0.0,0.0,23170.0,77433456.0,0.0,0.0,25329.0,0.0,0.0,0.0,0.0
2023-03-20 09:36:18.736000+00:00,643072.0,51462144.0,65736704.0,63762432.0,1.68,0.003440497,1.87,88517767.0,0.0,0.0,26255.0,89074115.0,0.0,0.0,28503.0,0.0,0.0,0.0,0.0
2023-03-20 09:36:24.165000+00:00,643072.0,51470336.0,65515520.0,63541248.0,1.72,0.003440497,1.88,90801055.0,0.0,0.0,26948.0,91364937.0,0.0,0.0,29226.0,0.0,0.0,0.0,0.0
2023-03-20 09:36:28.744000+00:00,643072.0,51523584.0,66146304.0,64172032.0,1.78,0.003440497,1.94,97302382.0,0.0,0.0,28844.0,97886045.0,0.0,0.0,31216.0,0.0,0.0,0.0,0.0
2023-03-20 09:36:33.744000+00:00,643072.0,51523584.0,65683456.0,63709184.0,1.87,0.003440497,1.94,105296115.0,0.0,0.0,31179.0,105899569.0,0.0,0.0,33681.0,0.0,0.0,0.0,0.0
2023-03-20 09:36:39.167000+00:00,745472.0,51560448.0,65761280.0,63787008.0,2.02,0.003440497,2.04,128087981.0,0.0,0.0,36992.0,128711562.0,0.0,0.0,39593.0,0.0,0.0,0.0,0.0
2023-03-20 09:36:44.806000+00:00,745472.0,51560448.0,65761280.0,63787008.0,2.04,0.003440497,2.04,128087981.0,0.0,0.0,36992.0,128711562.0,0.0,0.0,39593.0,0.0,0.0,0.0,0.0
2023-03-20 09:36:49.498000+00:00,745472.0,51621888.0,65941504.0,63967232.0,2.1,0.003440497,2.1,129344073.0,0.0,0.0,37496.0,129986033.0,0.0,0.0,40134.0,0.0,0.0,0.0,0.0
2023-03-20 09:36:53.876000+00:00,745472.0,51621888.0,65941504.0,63967232.0,2.11,0.003440497,2.11,131103540.0,0.0,0.0,38078.0,131755820.0,0.0,0.0,40750.0,0.0,0.0,0.0,0.0
2023-03-20 09:36:59.718000+00:00,745472.0,51621888.0,65941504.0,63967232.0,2.35,0.003440497,2.23,131103540.0,0.0,0.0,38078.0,131755820.0,0.0,0.0,40750.0,0.0,0.0,0.0,0.0
2023-03-20 09:37:04.535000+00:00,745472.0,51621888.0,65941504.0,63967232.0,2.35,0.003440497,2.23,131103540.0,0.0,0.0,45480.0,160119702.0,0.0,0.0,48351.0,0.0,0.0,0.0,0.0
2023-03-20 09:37:09.416000+00:00,745472.0,51732480.0,65843200.0,63868928.0,2.48,0.003440497,2.32,169825271.0,0.0,0.0,48148.0,170534312.0,0.0,0.0,51111.0,0.0,0.0,0.0,0.0
2023-03-20 09:37:14.331000+00:00,745472.0,51732480.0,65843200.0,63868928.0,2.56,0.003440497,2.32,169825271.0,0.0,0.0,48148.0,170534312.0,0.0,0.0,51111.0,0.0,0.0,0.0,0.0
2023-03-20 09:37:18.398000+00:00,745472.0,51765248.0,65802240.0,63827968.0,2.57,0.003440497,2.34,180445076.0,0.0,0.0,50906.0,181165746.0,0.0,0.0,53919.0,0.0,0.0,0.0,0.0
2023-03-20 09:37:24.046000+00:00,745472.0,51798016.0,65835008.0,63860736.0,2.6,0.003440497,2.39,180541988.0,0.0,0.0,51060.0,181272492.0,0.0,0.0,54101.0,0.0,0.0,0.0,0.0
2023-03-20 09:37:29.071000+00:00,745472.0,51802112.0,66011136.0,64036864.0,2.88,0.003440497,2.43,221339149.0,0.0,0.0,61023.0,222090985.0,0.0,0.0,64229.0,0.0,0.0,0.0,0.0
2023-03-20 09:37:33.649000+00:00,745472.0,51802112.0,65994752.0,64020480.0,2.94,0.004940254,2.43,225015481.0,0.0,0.0,62072.0,225783416.0,0.0,0.0,65320.0,0.0,0.0,0.0,0.0
2023-03-20 09:37:39.430000+00:00,851968.0,51806208.0,65835008.0,63860736.0,2.96,0.004940254,2.48,227079800.0,0.0,0.0,62710.0,227860593.0,0.0,0.0,65991.0,0.0,0.0,0.0,0.0
2023-03-20 09:37:43.032000+00:00,851968.0,51806208.0,65835008.0,63860736.0,3.05,0.004940254,2.48,227079800.0,0.0,0.0,62710.0,227860593.0,0.0,0.0,65991.0,0.0,0.0,0.0,0.0
2023-03-20 09:37:47.956000+00:00,851968.0,51843072.0,66138112.0,64163840.0,3.06,0.004940254,2.55,238415583.0,0.0,0.0,65485.0,239210068.0,0.0,0.0,68870.0,0.0,0.0,0.0,0.0
2023-03-20 09:37:53.380000+00:00,851968.0,51855360.0,66158592.0,64184320.0,3.18,0.005086222,2.62,245207501.0,0.0,0.0,67477.0,246024796.0,0.0,0.0,70962.0,0.0,0.0,0.0,0.0
2023-03-20 09:37:58.435000+00:00,851968.0,51855360.0,66002944.0,64028672.0,3.25,0.005086222,2.64,252366412.0,0.0,0.0,69534.0,253198707.0,0.0,0.0,73117.0,0.0,0.0,0.0,0.0
2023-03-20 09:38:04.100000+00:00,851968.0,51855360.0,65916928.0,63942656.0,3.28,0.005086222,2.64,255885205.0,0.0,0.0,70605.0,256732137.0,0.0,0.0,74247.0,0.0,0.0,0.0,0.0
2023-03-20 09:38:09.329000+00:00,851968.0,51859456.0,66031616.0,64057344.0,3.5,0.005086222,2.76,284775958.0,0.0,0.0,77262.0,285649770.0,0.0,0.0,81168.0,0.0,0.0,0.0,0.0
2023-03-20 09:38:14.188000+00:00,851968.0,51859456.0,66031616.0,64057344.0,3.71,0.005086222,2.76,284775958.0,0.0,0.0,77262.0,285649770.0,0.0,0.0,81168.0,0.0,0.0,0.0,0.0
2023-03-20 09:38:19.855000+00:00,851968.0,51896320.0,65957888.0,63983616.0,3.94,0.005086222,2.94,349038164.0,0.0,0.0,92831.0,349939345.0,0.0,0.0,96920.0,0.0,0.0,0.0,0.0
2023-03-20 09:38:24.802000+00:00,851968.0,51896320.0,65957888.0,64249856.0,3.99,0.005086222,3.0,353551742.0,0.0,0.0,94172.0,354468240.0,0.0,0.0,98328.0,0.0,0.0,0.0,0.0
2023-03-20 09:38:28.797000+00:00,851968.0,51900416.0,66076672.0,64102400.0,4.06,0.005086222,3.02,359149510.0,0.0,0.0,95922.0,360089999.0,0.0,0.0,100199.0,0.0,0.0,0.0,0.0
2023-03-20 09:38:34.011000+00:00,851968.0,51900416.0,66633728.0,64659456.0,4.31,0.069795507,3.02,395220865.0,0.0,0.0,104562.0,396175518.0,0.0,0.0,108906.0,0.0,0.0,0.0,0.0
2023-03-20 09:38:39.614000+00:00,974848.0,51900416.0,66097152.0,64122880.0,4.35,0.069795507,3.1,399055303.0,0.0,0.0,105673.0,400019286.0,0.0,0.0,110073.0,0.0,0.0,0.0,0.0
2023-03-20 09:38:44.442000+00:00,974848.0,51900416.0,66162688.0,64188416.0,4.45,0.069795507,3.17,406593738.0,0.0,0.0,107820.0,407575521.0,0.0,0.0,112324.0,0.0,0.0,0.0,0.0
2023-03-20 09:38:49.652000+00:00,974848.0,51900416.0,66097152.0,64122880.0,4.47,0.069795507,3.17,409081794.0,0.0,0.0,108574.0,410076385.0,0.0,0.0,113110.0,0.0,0.0,0.0,0.0
2023-03-20 09:38:54.830000+00:00,974848.0,51900416.0,66097152.0,64176128.0,4.52,0.069795507,3.23,411858998.0,0.0,0.0,109408.0,412866863.0,0.0,0.0,113982.0,0.0,0.0,0.0,0.0
2023-03-20 09:38:59.154000+00:00,974848.0,51904512.0,66080768.0,64106496.0,4.57,0.069795507,3.24,420677552.0,0.0,0.0,111698.0,421701682.0,0.0,0.0,116318.0,0.0,0.0,0.0,0.0
2023-03-20 09:39:03.721000+00:00,974848.0,51904512.0,66420736.0,64446464.0,4.69,0.069795507,3.24,430718621.0,0.0,0.0,114408.0,431767131.0,0.0,0.0,119200.0,0.0,0.0,0.0,0.0
2023-03-20 09:39:09.831000+00:00,974848.0,51933184.0,66387968.0,64413696.0,4.73,0.069795507,3.32,433421586.0,0.0,0.0,115259.0,434483802.0,0.0,0.0,120096.0,0.0,0.0,0.0,0.0
2023-03-20 09:39:14.291000+00:00,974848.0,51933184.0,66387968.0,64413696.0,4.84,0.069795507,3.4,433421586.0,0.0,0.0,115259.0,434483802.0,0.0,0.0,120096.0,0.0,0.0,0.0,0.0
2023-03-20 09:39:18.715000+00:00,974848.0,51937280.0,66121728.0,64147456.0,4.86,0.069795507,3.4,445476232.0,0.0,0.0,118685.0,446566751.0,0.0,0.0,123683.0,0.0,0.0,0.0,0.0
2023-03-20 09:39:23.933000+00:00,974848.0,51937280.0,66453504.0,64479232.0,5.1,0.071188664,3.5,479991001.0,0.0,0.0,127331.0,481110477.0,0.0,0.0,132523.0,0.0,0.0,0.0,0.0
2023-03-20 09:39:29.333000+00:00,974848.0,51937280.0,66269184.0,64294912.0,5.12,0.071188664,3.5,481214704.0,0.0,0.0,127759.0,482341796.0,0.0,0.0,132983.0,0.0,0.0,0.0,0.0
2023-03-20 09:39:33.925000+00:00,974848.0,51937280.0,66502656.0,64528384.0,5.26,0.071188664,3.5,492828991.0,0.0,0.0,130770.0,493968791.0,0.0,0.0,136061.0,0.0,0.0,0.0,0.0
2023-03-20 09:39:38.598000+00:00,1101824.0,51941376.0,66043904.0,64069632.0,5.28,0.071188664,3.58,494795982.0,0.0,0.0,131367.0,495949326.0,0.0,0.0,136701.0,0.0,0.0,0.0,0.0
2023-03-20 09:39:43.578000+00:00,1101824.0,51941376.0,66043904.0,64069632.0,5.34,0.071188664,3.58,494795982.0,0.0,0.0,131367.0,495949326.0,0.0,0.0,136701.0,0.0,0.0,0.0,0.0
2023-03-20 09:39:49.827000+00:00,1101824.0,51941376.0,66142208.0,64167936.0,5.57,0.071188664,3.72,537325202.0,0.0,0.0,142100.0,538526672.0,0.0,0.0,147626.0,0.0,0.0,0.0,0.0
2023-03-20 09:39:54.493000+00:00,1101824.0,51941376.0,66285568.0,64311296.0,5.64,0.071188664,3.72,547231496.0,0.0,0.0,144702.0,548448444.0,0.0,0.0,150300.0,0.0,0.0,0.0,0.0
2023-03-20 09:39:58.576000+00:00,1101824.0,51941376.0,66166784.0,64192512.0,5.71,0.071188664,3.8,556296762.0,0.0,0.0,147023.0,557524316.0,0.0,0.0,152659.0,0.0,0.0,0.0,0.0
2023-03-20 09:40:03.141000+00:00,1101824.0,51941376.0,66146304.0,64172032.0,5.78,0.071188664,3.82,569832664.0,0.0,0.0,150495.0,571072799.0,0.0,0.0,156196.0,0.0,0.0,0.0,0.0
2023-03-20 09:40:08.116000+00:00,1101824.0,51941376.0,66297856.0,64323584.0,5.8,0.071188664,3.88,572256906.0,0.0,0.0,151270.0,573507176.0,0.0,0.0,157039.0,0.0,0.0,0.0,0.0
2023-03-20 09:40:14.608000+00:00,1101824.0,51941376.0,66121728.0,64323584.0,5.83,0.071188664,3.89,572256906.0,0.0,0.0,151270.0,573507176.0,0.0,0.0,157039.0,0.0,0.0,0.0,0.0
2023-03-20 09:40:19.261000+00:00,1101824.0,51941376.0,66191360.0,64217088.0,5.88,0.071188664,3.96,578929665.0,0.0,0.0,153369.0,580212807.0,0.0,0.0,159269.0,0.0,0.0,0.0,0.0
2023-03-20 09:40:23.443000+00:00,1101824.0,51941376.0,66420736.0,64446464.0,5.91,0.071188664,3.98,584260633.0,0.0,0.0,154807.0,585554017.0,0.0,0.0,160739.0,0.0,0.0,0.0,0.0
2023-03-20 09:40:28.938000+00:00,1101824.0,51941376.0,66338816.0,64364544.0,5.99,0.071188664,4.06,591280668.0,0.0,0.0,156795.0,592601140.0,0.0,0.0,162861.0,0.0,0.0,0.0,0.0
2023-03-20 09:40:34.213000+00:00,1101824.0,51941376.0,66285568.0,64311296.0,6.34,0.071188664,4.06,647028267.0,0.0,0.0,170460.0,648366236.0,0.0,0.0,176622.0,0.0,0.0,0.0,0.0
2023-03-20 09:40:39.208000+00:00,1101824.0,51941376.0,66179072.0,64204800.0,6.4,0.071188664,4.19,650171596.0,0.0,0.0,171382.0,651525410.0,0.0,0.0,177583.0,0.0,0.0,0.0,0.0
2023-03-20 09:40:44.192000+00:00,1101824.0,51941376.0,66179072.0,64204800.0,6.46,0.071188664,4.2,650171596.0,0.0,0.0,171382.0,651525410.0,0.0,0.0,177583.0,0.0,0.0,0.0,0.0
2023-03-20 09:40:49.594000+00:00,1220608.0,51945472.0,66527232.0,64552960.0,6.52,0.071188664,4.27,667462794.0,0.0,0.0,176099.0,668844338.0,0.0,0.0,182468.0,0.0,0.0,0.0,0.0
2023-03-20 09:40:53.760000+00:00,1220608.0,51945472.0,66039808.0,64065536.0,6.56,0.07163789,4.28,669801118.0,0.0,0.0,176947.0,671201310.0,0.0,0.0,183397.0,0.0,0.0,0.0,0.0
2023-03-20 09:40:58.754000+00:00,1220608.0,51970048.0,66183168.0,64126976.0,6.84,0.07163789,4.38,708383305.0,0.0,0.0,184576.0,709792297.0,0.0,0.0,191251.0,0.0,0.0,0.0,0.0
2023-03-20 09:41:04.081000+00:00,1220608.0,51970048.0,66555904.0,64581632.0,6.9,0.07163789,4.38,714369213.0,0.0,0.0,186297.0,715801656.0,0.0,0.0,193046.0,0.0,0.0,0.0,0.0
2023-03-20 09:41:08.188000+00:00,1220608.0,51970048.0,66240512.0,64266240.0,6.98,0.07163789,4.48,720043603.0,0.0,0.0,187869.0,721486069.0,0.0,0.0,194686.0,0.0,0.0,0.0,0.0
2023-03-20 09:41:13.644000+00:00,1220608.0,51970048.0,66314240.0,64339968.0,7.0,0.07163789,4.48,721647747.0,0.0,0.0,188416.0,723105751.0,0.0,0.0,195267.0,0.0,0.0,0.0,0.0
2023-03-20 09:41:18.420000+00:00,1220608.0,51970048.0,66428928.0,64454656.0,7.04,0.07163789,4.54,724464497.0,0.0,0.0,189237.0,725927727.0,0.0,0.0,196123.0,0.0,0.0,0.0,0.0
2023-03-20 09:41:24.856000+00:00,1220608.0,51970048.0,66428928.0,64217088.0,7.1,0.07163789,4.54,729043355.0,0.0,0.0,190577.0,730525147.0,0.0,0.0,197540.0,0.0,0.0,0.0,0.0
2023-03-20 09:41:29.569000+00:00,1220608.0,51970048.0,66215936.0,64241664.0,7.14,0.07163789,4.62,732065216.0,0.0,0.0,191562.0,733564958.0,0.0,0.0,198593.0,0.0,0.0,0.0,0.0
2023-03-20 09:41:33.141000+00:00,1220608.0,51970048.0,66199552.0,64225280.0,7.17,0.07163789,4.62,735802177.0,0.0,0.0,192660.0,737313977.0,0.0,0.0,199750.0,0.0,0.0,0.0,0.0
2023-03-20 09:41:39.384000+00:00,1347584.0,51970048.0,66220032.0,64245760.0,7.25,0.07163789,4.69,742769950.0,0.0,0.0,194688.0,744306871.0,0.0,0.0,201873.0,0.0,0.0,0.0,0.0
2023-03-20 09:41:44.274000+00:00,1347584.0,51970048.0,66220032.0,64245760.0,7.27,0.07163789,4.7,742769950.0,0.0,0.0,194688.0,744306871.0,0.0,0.0,201873.0,0.0,0.0,0.0,0.0
2023-03-20 09:41:49.231000+00:00,1347584.0,51970048.0,66347008.0,64372736.0,7.44,0.07163789,4.82,768457217.0,0.0,0.0,201503.0,770033945.0,0.0,0.0,208881.0,0.0,0.0,0.0,0.0
2023-03-20 09:41:54.449000+00:00,1347584.0,51970048.0,66056192.0,64081920.0,7.58,0.07163789,4.86,788683005.0,0.0,0.0,206432.0,790288066.0,0.0,0.0,214074.0,0.0,0.0,0.0,0.0
2023-03-20 09:41:58.705000+00:00,1347584.0,51970048.0,66318336.0,64344064.0,7.64,0.07163789,4.92,791437871.0,0.0,0.0,207338.0,793055470.0,0.0,0.0,215044.0,0.0,0.0,0.0,0.0
2023-03-20 09:42:04.653000+00:00,1347584.0,51970048.0,66318336.0,64344064.0,7.68,0.07163789,4.94,791437871.0,0.0,0.0,207338.0,793055470.0,0.0,0.0,216617.0,0.0,0.0,0.0,0.0
2023-03-20 09:42:08.681000+00:00,1347584.0,51970048.0,66248704.0,64274432.0,7.77,0.07163789,5.0,803960271.0,0.0,0.0,210898.0,805612700.0,0.0,0.0,218761.0,0.0,0.0,0.0,0.0
2023-03-20 09:42:13.566000+00:00,1347584.0,51970048.0,66248704.0,64274432.0,7.86,0.07163789,5.02,803960271.0,0.0,0.0,210898.0,805612700.0,0.0,0.0,218761.0,0.0,0.0,0.0,0.0
2023-03-20 09:42:19.024000+00:00,1347584.0,51970048.0,66465792.0,64491520.0,7.92,0.07163789,5.08,822975422.0,0.0,0.0,215765.0,824651907.0,0.0,0.0,223707.0,0.0,0.0,0.0,0.0
2023-03-20 09:42:24.174000+00:00,1347584.0,51970048.0,66289664.0,64315392.0,7.97,0.07163789,5.09,826456736.0,0.0,0.0,216923.0,828160472.0,0.0,0.0,224957.0,0.0,0.0,0.0,0.0
2023-03-20 09:42:28.401000+00:00,1347584.0,51970048.0,66039808.0,64065536.0,8.0,0.07163789,5.1,831410893.0,0.0,0.0,218189.0,833117169.0,0.0,0.0,226219.0,0.0,0.0,0.0,0.0
2023-03-20 09:42:34.496000+00:00,1347584.0,51970048.0,66039808.0,64065536.0,8.05,0.07163789,5.17,831410893.0,0.0,0.0,218189.0,833117169.0,0.0,0.0,227223.0,0.0,0.0,0.0,0.0
2023-03-20 09:42:38.814000+00:00,1466368.0,51970048.0,66170880.0,64196608.0,8.05,0.07163789,5.17,834262298.0,0.0,0.0,219190.0,835992253.0,0.0,0.0,227294.0,0.0,0.0,0.0,0.0
2023-03-20 09:42:44.679000+00:00,1466368.0,51970048.0,66170880.0,64196608.0,8.08,0.07163789,5.17,834262298.0,0.0,0.0,219190.0,835992253.0,0.0,0.0,227294.0,0.0,0.0,0.0,0.0
2023-03-20 09:42:48.667000+00:00,1466368.0,51970048.0,66031616.0,64057344.0,8.15,0.07163789,5.24,839286303.0,0.0,0.0,220739.0,841039809.0,0.0,0.0,228955.0,0.0,0.0,0.0,0.0
2023-03-20 09:42:53.293000+00:00,1466368.0,51970048.0,66031616.0,64192512.0,8.28,0.07163789,5.32,859783352.0,0.0,0.0,225374.0,861549042.0,0.0,0.0,233690.0,0.0,0.0,0.0,0.0
2023-03-20 09:42:58.568000+00:00,1466368.0,51986432.0,66060288.0,64086016.0,8.3,0.07163789,5.33,859946683.0,0.0,0.0,225602.0,861710771.0,0.0,0.0,233971.0,0.0,0.0,0.0,0.0
2023-03-20 09:43:04.268000+00:00,1466368.0,51986432.0,66043904.0,64069632.0,8.48,0.07163789,5.42,881801459.0,0.0,0.0,231001.0,883588406.0,0.0,0.0,239437.0,0.0,0.0,0.0,0.0
2023-03-20 09:43:08.874000+00:00,1466368.0,51986432.0,66043904.0,64069632.0,8.67,0.07163789,5.49,906537097.0,0.0,0.0,237156.0,908336539.0,0.0,0.0,245658.0,0.0,0.0,0.0,0.0
2023-03-20 09:43:14.749000+00:00,1466368.0,51986432.0,66535424.0,64561152.0,8.82,0.07163789,5.56,920512441.0,0.0,0.0,240912.0,922330293.0,0.0,0.0,245658.0,0.0,0.0,0.0,0.0
2023-03-20 09:43:17.160000+00:00,1466368.0,51986432.0,66039808.0,64065536.0,8.82,0.07163789,5.56,920595742.0,0.0,0.0,240936.0,922413687.0,0.0,0.0,249548.0,0.0,0.0,0.0,0.0
2023-03-20 09:43:24.153000+00:00,1466368.0,51986432.0,66039808.0,64471040.0,8.9,0.07163789,5.64,927015841.0,0.0,0.0,242688.0,928850293.0,0.0,0.0,251385.0,0.0,0.0,0.0,0.0
2023-03-20 09:43:29.008000+00:00,1466368.0,52002816.0,66183168.0,64208896.0,8.92,0.07163789,5.64,928207051.0,0.0,0.0,243143.0,930057119.0,0.0,0.0,251875.0,0.0,0.0,0.0,0.0
2023-03-20 09:43:34.632000+00:00,1466368.0,52002816.0,66420736.0,64446464.0,8.98,0.07163789,5.69,932196063.0,0.0,0.0,244376.0,934064597.0,0.0,0.0,253184.0,0.0,0.0,0.0,0.0
2023-03-20 09:43:38.317000+00:00,1564672.0,52002816.0,66072576.0,64098304.0,9.04,0.07163789,5.7,940573957.0,0.0,0.0,246565.0,942456392.0,0.0,0.0,255421.0,0.0,0.0,0.0,0.0
2023-03-20 09:43:43.619000+00:00,1564672.0,52002816.0,66072576.0,64098304.0,9.09,0.07163789,5.7,940573957.0,0.0,0.0,246565.0,942456392.0,0.0,0.0,255421.0,0.0,0.0,0.0,0.0
2023-03-20 09:43:48.112000+00:00,1564672.0,52002816.0,66412544.0,64438272.0,9.13,0.07163789,5.77,947012826.0,0.0,0.0,248391.0,948919973.0,0.0,0.0,257390.0,0.0,0.0,0.0,0.0
2023-03-20 09:43:54.742000+00:00,1564672.0,52002816.0,66412544.0,64438272.0,9.3,0.07163789,5.86,947012826.0,0.0,0.0,254522.0,975620164.0,0.0,0.0,263800.0,0.0,0.0,0.0,0.0
2023-03-20 09:43:59.529000+00:00,1564672.0,52002816.0,66334720.0,64360448.0,9.3,0.07163789,5.86,973713218.0,0.0,0.0,254654.0,975654698.0,0.0,0.0,263964.0,0.0,0.0,0.0,0.0
2023-03-20 09:44:03.854000+00:00,1564672.0,52011008.0,66502656.0,64487424.0,9.65,0.07163789,5.98,1025893059.0,0.0,0.0,266837.0,1027848621.0,0.0,0.0,276336.0,0.0,0.0,0.0,0.0
2023-03-20 09:44:09.224000+00:00,1564672.0,52011008.0,66211840.0,64237568.0,9.72,0.07163789,6.02,1036112400.0,0.0,0.0,269388.0,1038095166.0,0.0,0.0,279036.0,0.0,0.0,0.0,0.0
2023-03-20 09:44:14.262000+00:00,1564672.0,52011008.0,66211840.0,64237568.0,9.76,0.07163789,6.08,1036112400.0,0.0,0.0,269388.0,1038095166.0,0.0,0.0,279036.0,0.0,0.0,0.0,0.0
2023-03-20 09:44:19.177000+00:00,1564672.0,52011008.0,66088960.0,64114688.0,9.8,0.07163789,6.08,1037871694.0,0.0,0.0,270105.0,1039878136.0,0.0,0.0,279829.0,0.0,0.0,0.0,0.0
2023-03-20 09:44:24.545000+00:00,1564672.0,52011008.0,66088960.0,64114688.0,9.82,0.07163789,6.13,1037871694.0,0.0,0.0,270158.0,1039972460.0,0.0,0.0,279884.0,0.0,0.0,0.0,0.0
2023-03-20 09:44:28.433000+00:00,1564672.0,52011008.0,66084864.0,64110592.0,9.86,0.07163789,6.16,1041707897.0,0.0,0.0,271261.0,1043729590.0,0.0,0.0,281053.0,0.0,0.0,0.0,0.0
2023-03-20 09:44:33.303000+00:00,1564672.0,52015104.0,66318336.0,64344064.0,9.88,0.07163789,6.21,1041799698.0,0.0,0.0,271325.0,1043824418.0,0.0,0.0,281122.0,0.0,0.0,0.0,0.0
2023-03-20 09:44:39.817000+00:00,1679360.0,52015104.0,66338816.0,64364544.0,10.09,0.07163789,6.24,1074301482.0,0.0,0.0,279374.0,1076346308.0,0.0,0.0,289232.0,0.0,0.0,0.0,0.0
2023-03-20 09:44:44.041000+00:00,1679360.0,52015104.0,66338816.0,64364544.0,10.11,0.07163789,6.24,1074301482.0,0.0,0.0,279374.0,1076346308.0,0.0,0.0,289232.0,0.0,0.0,0.0,0.0
2023-03-20 09:44:49.147000+00:00,1679360.0,52015104.0,66088960.0,64114688.0,10.15,0.07163789,6.31,1078472179.0,0.0,0.0,280659.0,1080540355.0,0.0,0.0,290586.0,0.0,0.0,0.0,0.0
2023-03-20 09:44:54.288000+00:00,1679360.0,52015104.0,66088960.0,64114688.0,10.18,0.07163789,6.36,1078472179.0,0.0,0.0,280727.0,1080631579.0,0.0,0.0,290660.0,0.0,0.0,0.0,0.0
2023-03-20 09:44:58.436000+00:00,1679360.0,52015104.0,66203648.0,64229376.0,10.18,0.07163789,6.36,1078651709.0,0.0,0.0,280780.0,1080720827.0,0.0,0.0,290718.0,0.0,0.0,0.0,0.0
2023-03-20 09:45:03.267000+00:00,1679360.0,53657600.0,68554752.0,66580480.0,10.23,0.07163789,6.4,1082902330.0,0.0,0.0,281964.0,1084985154.0,0.0,0.0,291948.0,0.0,0.0,0.0,0.0
2023-03-20 09:45:09.498000+00:00,1679360.0,52039680.0,66306048.0,64331776.0,10.42,0.07163789,6.48,1105478064.0,0.0,0.0,286748.0,1107641519.0,0.0,0.0,297649.0,0.0,0.0,0.0,0.0
2023-03-20 09:45:14.006000+00:00,1679360.0,52039680.0,66306048.0,64331776.0,10.5,0.07163789,6.55,1105478064.0,0.0,0.0,286748.0,1107641519.0,0.0,0.0,297649.0,0.0,0.0,0.0,0.0
2023-03-20 09:45:18.671000+00:00,1679360.0,52039680.0,66961408.0,64987136.0,10.51,0.07163789,6.56,1116683117.0,0.0,0.0,289668.0,1118870109.0,0.0,0.0,300740.0,0.0,0.0,0.0,0.0
2023-03-20 09:45:24.749000+00:00,1679360.0,52039680.0,66961408.0,64987136.0,10.6,0.07163789,6.62,1121678705.0,0.0,0.0,291118.0,1123880798.0,0.0,0.0,302253.0,0.0,0.0,0.0,0.0
2023-03-20 09:45:28.631000+00:00,1679360.0,52039680.0,66121728.0,64147456.0,10.6,0.07163789,6.62,1121679812.0,0.0,0.0,291125.0,1123881985.0,0.0,0.0,302261.0,0.0,0.0,0.0,0.0
2023-03-20 09:45:33.937000+00:00,1679360.0,52039680.0,66383872.0,64409600.0,10.68,0.07163789,6.63,1131444175.0,0.0,0.0,293652.0,1133671426.0,0.0,0.0,304888.0,0.0,0.0,0.0,0.0
2023-03-20 09:45:39.179000+00:00,1789952.0,52039680.0,66387968.0,64413696.0,10.72,0.07163789,6.68,1131539913.0,0.0,0.0,293743.0,1133775478.0,0.0,0.0,304985.0,0.0,0.0,0.0,0.0
2023-03-20 09:45:43.681000+00:00,1789952.0,52039680.0,66387968.0,64413696.0,10.73,0.07163789,6.68,1131539913.0,0.0,0.0,293743.0,1133775478.0,0.0,0.0,304985.0,0.0,0.0,0.0,0.0
2023-03-20 09:45:49.574000+00:00,1789952.0,52039680.0,66695168.0,64712704.0,10.99,0.07163789,6.77,1160655825.0,0.0,0.0,300822.0,1162940015.0,0.0,0.0,312334.0,0.0,0.0,0.0,0.0
2023-03-20 09:45:53.702000+00:00,1789952.0,52039680.0,66695168.0,64712704.0,11.08,0.07163789,6.8,1160655825.0,0.0,0.0,305471.0,1184797437.0,0.0,0.0,317139.0,0.0,0.0,0.0,0.0
2023-03-20 09:45:58.395000+00:00,1789952.0,52039680.0,66523136.0,64548864.0,11.12,0.07163789,6.86,1184111366.0,0.0,0.0,305987.0,1186411845.0,0.0,0.0,317693.0,0.0,0.0,0.0,0.0
2023-03-20 09:46:03.762000+00:00,1789952.0,52039680.0,66129920.0,64155648.0,11.13,0.07163789,6.86,1184198530.0,0.0,0.0,306034.0,1186499353.0,0.0,0.0,317744.0,0.0,0.0,0.0,0.0
2023-03-20 09:46:08.396000+00:00,1789952.0,52039680.0,66514944.0,64540672.0,11.2,0.07163789,6.94,1187229319.0,0.0,0.0,307063.0,1189547081.0,0.0,0.0,318864.0,0.0,0.0,0.0,0.0
2023-03-20 09:46:14.736000+00:00,1789952.0,52039680.0,66514944.0,64540672.0,11.35,0.07163789,6.95,1187229319.0,0.0,0.0,307063.0,1189547081.0,0.0,0.0,318864.0,0.0,0.0,0.0,0.0
2023-03-20 09:46:18.862000+00:00,1789952.0,52039680.0,66408448.0,64434176.0,11.41,0.07163789,7.02,1207590526.0,0.0,0.0,312565.0,1209945153.0,0.0,0.0,324551.0,0.0,0.0,0.0,0.0
2023-03-20 09:46:23.410000+00:00,1789952.0,52039680.0,66408448.0,64258048.0,11.42,0.07163789,7.02,1207698184.0,0.0,0.0,312708.0,1210062416.0,0.0,0.0,324719.0,0.0,0.0,0.0,0.0
2023-03-20 09:46:28.445000+00:00,1789952.0,52039680.0,66539520.0,64565248.0,11.62,0.07163789,7.1,1236607807.0,0.0,0.0,319646.0,1238985865.0,0.0,0.0,331754.0,0.0,0.0,0.0,0.0
2023-03-20 09:46:34.473000+00:00,1789952.0,52039680.0,66637824.0,64663552.0,11.66,0.07163789,7.11,1238932462.0,0.0,0.0,320392.0,1241324404.0,0.0,0.0,332549.0,0.0,0.0,0.0,0.0
2023-03-20 09:46:38.544000+00:00,1900544.0,52039680.0,66269184.0,64294912.0,11.73,0.07163789,7.18,1251205192.0,0.0,0.0,323538.0,1253611646.0,0.0,0.0,335790.0,0.0,0.0,0.0,0.0
2023-03-20 09:46:43.410000+00:00,1900544.0,52039680.0,66269184.0,64294912.0,11.75,0.07163789,7.18,1251205192.0,0.0,0.0,323538.0,1253611646.0,0.0,0.0,335790.0,0.0,0.0,0.0,0.0
2023-03-20 09:46:49.109000+00:00,1900544.0,52039680.0,66482176.0,64507904.0,11.8,0.07163789,7.25,1254069543.0,0.0,0.0,324521.0,1256494481.0,0.0,0.0,336848.0,0.0,0.0,0.0,0.0
2023-03-20 09:46:53.134000+00:00,1900544.0,52039680.0,66482176.0,64155648.0,11.82,0.07163789,7.26,1257145542.0,0.0,0.0,325502.0,1259585984.0,0.0,0.0,337901.0,0.0,0.0,0.0,0.0
2023-03-20 09:46:58.150000+00:00,1900544.0,52039680.0,66363392.0,64389120.0,11.86,0.07163789,7.31,1257236442.0,0.0,0.0,325565.0,1259682373.0,0.0,0.0,337966.0,0.0,0.0,0.0,0.0
2023-03-20 09:47:02.978000+00:00,1900544.0,52039680.0,66248704.0,64274432.0,11.86,0.07163789,7.32,1257338195.0,0.0,0.0,325682.0,1259791036.0,0.0,0.0,338107.0,0.0,0.0,0.0,0.0
2023-03-20 09:47:09.819000+00:00,1900544.0,52039680.0,66330624.0,64356352.0,12.21,0.07163789,7.42,1293818846.0,0.0,0.0,334603.0,1296311040.0,0.0,0.0,347367.0,0.0,0.0,0.0,0.0
2023-03-20 09:47:14.435000+00:00,1900544.0,52039680.0,66330624.0,64356352.0,12.34,0.07163789,7.46,1293818846.0,0.0,0.0,334603.0,1296311040.0,0.0,0.0,347367.0,0.0,0.0,0.0,0.0
2023-03-20 09:47:18.953000+00:00,1900544.0,52043776.0,66412544.0,64438272.0,12.39,0.07163789,7.52,1319428018.0,0.0,0.0,341048.0,1321947459.0,0.0,0.0,353982.0,0.0,0.0,0.0,0.0
2023-03-20 09:47:24.759000+00:00,1900544.0,52043776.0,66412544.0,64811008.0,12.45,0.07163789,7.54,1326306714.0,0.0,0.0,342982.0,1328842138.0,0.0,0.0,355993.0,0.0,0.0,0.0,0.0
2023-03-20 09:47:29.330000+00:00,1900544.0,52043776.0,66392064.0,64417792.0,12.48,0.07163789,7.6,1326331909.0,0.0,0.0,343111.0,1328874570.0,0.0,0.0,356151.0,0.0,0.0,0.0,0.0
2023-03-20 09:47:34.511000+00:00,1900544.0,52043776.0,66265088.0,64290816.0,12.66,0.07163789,7.62,1349860883.0,0.0,0.0,348888.0,1352414603.0,0.0,0.0,361972.0,0.0,0.0,0.0,0.0
2023-03-20 09:47:39.022000+00:00,2011136.0,52043776.0,66510848.0,64536576.0,12.7,0.082081469,7.68,1354012834.0,0.0,0.0,349823.0,1356580423.0,0.0,0.0,363003.0,0.0,0.0,0.0,0.0
2023-03-20 09:47:43.808000+00:00,2011136.0,52043776.0,66510848.0,64536576.0,12.7,0.082081469,7.68,1354012834.0,0.0,0.0,349823.0,1356580423.0,0.0,0.0,363003.0,0.0,0.0,0.0,0.0
2023-03-20 09:47:49.297000+00:00,2011136.0,52043776.0,66461696.0,64487424.0,12.8,0.082081469,7.75,1361096718.0,0.0,0.0,351809.0,1363688256.0,0.0,0.0,365069.0,0.0,0.0,0.0,0.0
2023-03-20 09:47:53.434000+00:00,2011136.0,52060160.0,66285568.0,64311296.0,12.81,0.082081469,7.75,1363922702.0,0.0,0.0,352616.0,1366522126.0,0.0,0.0,365913.0,0.0,0.0,0.0,0.0
2023-03-20 09:47:58.660000+00:00,2011136.0,52060160.0,66248704.0,64274432.0,12.82,0.082081469,7.77,1364042832.0,0.0,0.0,352789.0,1366652505.0,0.0,0.0,366121.0,0.0,0.0,0.0,0.0
2023-03-20 09:48:03.954000+00:00,2011136.0,52060160.0,66248704.0,64274432.0,12.95,0.082081469,7.84,1364042832.0,0.0,0.0,352789.0,1383285224.0,0.0,0.0,370442.0,0.0,0.0,0.0,0.0
2023-03-20 09:48:09.439000+00:00,2011136.0,52060160.0,66502656.0,64528384.0,13.06,0.083203957,7.9,1388927394.0,0.0,0.0,359195.0,1391556704.0,0.0,0.0,372661.0,0.0,0.0,0.0,0.0
2023-03-20 09:48:13.662000+00:00,2011136.0,52060160.0,66502656.0,64528384.0,13.14,0.083203957,7.91,1388927394.0,0.0,0.0,359195.0,1391556704.0,0.0,0.0,372661.0,0.0,0.0,0.0,0.0
2023-03-20 09:48:18.422000+00:00,2011136.0,52060160.0,66150400.0,64176128.0,13.22,0.083203957,7.93,1405512893.0,0.0,0.0,363522.0,1408174544.0,0.0,0.0,377108.0,0.0,0.0,0.0,0.0
2023-03-20 09:48:23.841000+00:00,2011136.0,52060160.0,66396160.0,64421888.0,13.29,0.083203957,8.0,1412289008.0,0.0,0.0,365320.0,1414959902.0,0.0,0.0,378963.0,0.0,0.0,0.0,0.0
2023-03-20 09:48:28.430000+00:00,2011136.0,52060160.0,66273280.0,64299008.0,13.38,0.083203957,8.01,1422359422.0,0.0,0.0,367981.0,1425045456.0,0.0,0.0,381689.0,0.0,0.0,0.0,0.0
2023-03-20 09:48:34.513000+00:00,2011136.0,52060160.0,66293760.0,64319488.0,13.4,0.084118286,8.07,1422451258.0,0.0,0.0,368053.0,1425140400.0,0.0,0.0,381767.0,0.0,0.0,0.0,0.0
2023-03-20 09:48:39.610000+00:00,2097152.0,52060160.0,66547712.0,64573440.0,13.55,0.084118286,8.08,1439514224.0,0.0,0.0,372612.0,1442241662.0,0.0,0.0,386575.0,0.0,0.0,0.0,0.0
2023-03-20 09:48:43.920000+00:00,2097152.0,52060160.0,66547712.0,64573440.0,13.61,0.084118286,8.14,1439514224.0,0.0,0.0,372612.0,1442241662.0,0.0,0.0,386575.0,0.0,0.0,0.0,0.0
2023-03-20 09:48:49.525000+00:00,2097152.0,52060160.0,66285568.0,64311296.0,13.62,0.084118286,8.15,1448219454.0,0.0,0.0,374106.0,1450954520.0,0.0,0.0,388111.0,0.0,0.0,0.0,0.0
2023-03-20 09:48:54.658000+00:00,2097152.0,52060160.0,66293760.0,64319488.0,13.65,0.084118286,8.21,1448329917.0,0.0,0.0,374274.0,1451072711.0,0.0,0.0,388315.0,0.0,0.0,0.0,0.0
2023-03-20 09:48:59.402000+00:00,2097152.0,52060160.0,66568192.0,64593920.0,13.79,0.084118286,8.23,1461392016.0,0.0,0.0,377721.0,1464159445.0,0.0,0.0,391853.0,0.0,0.0,0.0,0.0
2023-03-20 09:49:04.126000+00:00,2097152.0,52060160.0,66568192.0,64593920.0,14.02,0.084118286,8.23,1461392016.0,0.0,0.0,386590.0,1506091405.0,0.0,0.0,401008.0,0.0,0.0,0.0,0.0
2023-03-20 09:49:09.807000+00:00,2097152.0,52084736.0,66314240.0,64339968.0,14.18,0.084893142,8.41,1525402348.0,0.0,0.0,392105.0,1528348097.0,0.0,0.0,406651.0,0.0,0.0,0.0,0.0
2023-03-20 09:49:14.315000+00:00,2097152.0,52084736.0,66584576.0,64610304.0,14.25,0.084893142,8.48,1528676766.0,0.0,0.0,393094.0,1531637060.0,0.0,0.0,407699.0,0.0,0.0,0.0,0.0
2023-03-20 09:49:19.662000+00:00,2097152.0,52084736.0,66203648.0,64229376.0,14.42,0.084893142,8.51,1561329300.0,0.0,0.0,400361.0,1564309613.0,0.0,0.0,415216.0,0.0,0.0,0.0,0.0
2023-03-20 09:49:23.609000+00:00,2097152.0,52084736.0,66678784.0,64704512.0,14.46,0.085079593,8.57,1563109540.0,0.0,0.0,400974.0,1566099015.0,0.0,0.0,415884.0,0.0,0.0,0.0,0.0
2023-03-20 09:49:29.181000+00:00,2097152.0,52084736.0,66322432.0,64348160.0,14.56,0.085079593,8.59,1575930284.0,0.0,0.0,404256.0,1578936470.0,0.0,0.0,419255.0,0.0,0.0,0.0,0.0
2023-03-20 09:49:34.760000+00:00,2097152.0,52084736.0,66605056.0,64630784.0,14.62,0.109345142,8.64,1578655362.0,0.0,0.0,405039.0,1581669340.0,0.0,0.0,420074.0,0.0,0.0,0.0,0.0
2023-03-20 09:49:38.860000+00:00,2228224.0,52084736.0,66310144.0,64335872.0,14.62,0.109345142,8.65,1578662446.0,0.0,0.0,405077.0,1581679346.0,0.0,0.0,420116.0,0.0,0.0,0.0,0.0
2023-03-20 09:49:44.163000+00:00,2228224.0,52084736.0,66310144.0,64335872.0,14.66,0.109345142,8.65,1578662446.0,0.0,0.0,405077.0,1581679346.0,0.0,0.0,420116.0,0.0,0.0,0.0,0.0
2023-03-20 09:49:49.716000+00:00,2228224.0,52084736.0,66310144.0,64319488.0,14.71,0.109345142,8.72,1586110010.0,0.0,0.0,406972.0,1589153967.0,0.0,0.0,422102.0,0.0,0.0,0.0,0.0
2023-03-20 09:49:54.595000+00:00,2228224.0,52084736.0,66310144.0,64319488.0,14.75,0.109345142,8.72,1586110010.0,0.0,0.0,406972.0,1589153967.0,0.0,0.0,422600.0,0.0,0.0,0.0,0.0
2023-03-20 09:49:58.961000+00:00,2228224.0,52084736.0,66199552.0,64225280.0,14.77,0.109345142,8.8,1590557417.0,0.0,0.0,408323.0,1593622486.0,0.0,0.0,423528.0,0.0,0.0,0.0,0.0
2023-03-20 09:50:04.194000+00:00,2228224.0,52084736.0,66428928.0,64454656.0,14.88,0.109345142,8.8,1599445410.0,0.0,0.0,410575.0,1602518203.0,0.0,0.0,425814.0,0.0,0.0,0.0,0.0
2023-03-20 09:50:09.002000+00:00,2228224.0,52084736.0,66310144.0,64335872.0,14.91,0.109345142,8.84,1602274093.0,0.0,0.0,411254.0,1605357676.0,0.0,0.0,426594.0,0.0,0.0,0.0,0.0
2023-03-20 09:50:14.018000+00:00,2228224.0,52084736.0,66310144.0,64335872.0,15.05,0.110534152,8.91,1602274093.0,0.0,0.0,411254.0,1605357676.0,0.0,0.0,426594.0,0.0,0.0,0.0,0.0
2023-03-20 09:50:19.809000+00:00,2228224.0,52101120.0,66437120.0,64462848.0,15.22,0.110534152,8.94,1630433793.0,0.0,0.0,418558.0,1633553637.0,0.0,0.0,434112.0,0.0,0.0,0.0,0.0
2023-03-20 09:50:24.227000+00:00,2228224.0,52101120.0,66437120.0,64462848.0,15.34,0.110534152,9.02,1630433793.0,0.0,0.0,421570.0,1644955017.0,0.0,0.0,437228.0,0.0,0.0,0.0,0.0
2023-03-20 09:50:28.565000+00:00,2228224.0,52117504.0,66215936.0,64241664.0,15.42,0.110772492,9.03,1650498050.0,0.0,0.0,423902.0,1653644787.0,0.0,0.0,439575.0,0.0,0.0,0.0,0.0
2023-03-20 09:50:34.760000+00:00,2228224.0,52117504.0,66338816.0,64364544.0,15.45,0.110772492,9.08,1650675695.0,0.0,0.0,424022.0,1653823280.0,0.0,0.0,439705.0,0.0,0.0,0.0,0.0
2023-03-20 09:50:38.036000+00:00,2322432.0,52137984.0,66330624.0,64356352.0,15.45,0.110772492,9.08,1650676896.0,0.0,0.0,424031.0,1653824561.0,0.0,0.0,439715.0,0.0,0.0,0.0,0.0
2023-03-20 09:50:41.455000+00:00,2322432.0,52137984.0,66330624.0,64356352.0,15.45,0.110772492,9.08,1650676896.0,0.0,0.0,424031.0,1653824561.0,0.0,0.0,439715.0,0.0,0.0,0.0,0.0
2023-03-20 09:50:48.494000+00:00,2322432.0,52146176.0,66490368.0,64516096.0,15.46,0.110772492,9.14,1650856554.0,0.0,0.0,424147.0,1654012428.0,0.0,0.0,439835.0,0.0,0.0,0.0,0.0
2023-03-20 09:50:53.585000+00:00,2322432.0,52146176.0,66490368.0,64679936.0,15.52,0.110772492,9.22,1655563273.0,0.0,0.0,425264.0,1658731424.0,0.0,0.0,441041.0,0.0,0.0,0.0,0.0
2023-03-20 09:50:58.714000+00:00,2322432.0,52146176.0,66502656.0,64528384.0,15.56,0.110772492,9.23,1662113139.0,0.0,0.0,426849.0,1665299204.0,0.0,0.0,442782.0,0.0,0.0,0.0,0.0
2023-03-20 09:51:03.350000+00:00,2322432.0,52146176.0,66502656.0,64528384.0,15.56,0.110772492,9.23,1662113139.0,0.0,0.0,426849.0,1665299204.0,0.0,0.0,442849.0,0.0,0.0,0.0,0.0
2023-03-20 09:51:09.827000+00:00,2322432.0,52150272.0,66232320.0,64258048.0,15.58,0.110772492,9.29,1662378587.0,0.0,0.0,427007.0,1665565844.0,0.0,0.0,442954.0,0.0,0.0,0.0,0.0
2023-03-20 09:51:14.711000+00:00,2322432.0,52150272.0,66494464.0,64520192.0,15.61,0.110772492,9.35,1664280916.0,0.0,0.0,427649.0,1667477100.0,0.0,0.0,443649.0,0.0,0.0,0.0,0.0
2023-03-20 09:51:19.323000+00:00,2322432.0,52150272.0,66629632.0,64655360.0,15.66,0.110772492,9.38,1672833794.0,0.0,0.0,429893.0,1676041424.0,0.0,0.0,445941.0,0.0,0.0,0.0,0.0
2023-03-20 09:51:23.485000+00:00,2322432.0,52154368.0,66248704.0,64274432.0,15.8,0.110772492,9.4,1692974609.0,0.0,0.0,434322.0,1696187763.0,0.0,0.0,450436.0,0.0,0.0,0.0,0.0
2023-03-20 09:51:29.579000+00:00,2322432.0,52158464.0,66355200.0,64380928.0,15.9,0.110772492,9.48,1700160487.0,0.0,0.0,436483.0,1703398652.0,0.0,0.0,452765.0,0.0,0.0,0.0,0.0
2023-03-20 09:51:34.672000+00:00,2322432.0,52158464.0,66355200.0,64380928.0,16.06,0.110772492,9.56,1700160487.0,0.0,0.0,440907.0,1720108784.0,0.0,0.0,457317.0,0.0,0.0,0.0,0.0
2023-03-20 09:51:39.242000+00:00,2428928.0,52158464.0,66666496.0,64692224.0,16.1,0.110772492,9.56,1721813946.0,0.0,0.0,442210.0,1725079024.0,0.0,0.0,458650.0,0.0,0.0,0.0,0.0
2023-03-20 09:51:43.713000+00:00,2428928.0,52158464.0,66666496.0,64692224.0,16.24,0.110772492,9.6,1721813946.0,0.0,0.0,442210.0,1725079024.0,0.0,0.0,458650.0,0.0,0.0,0.0,0.0
2023-03-20 09:51:48.861000+00:00,2428928.0,52178944.0,66572288.0,64598016.0,16.32,0.110772492,9.7,1747914041.0,0.0,0.0,449011.0,1751208964.0,0.0,0.0,465612.0,0.0,0.0,0.0,0.0
2023-03-20 09:51:54.432000+00:00,2428928.0,52178944.0,66568192.0,64593920.0,16.36,0.110772492,9.7,1754483589.0,0.0,0.0,450885.0,1757799794.0,0.0,0.0,467563.0,0.0,0.0,0.0,0.0
2023-03-20 09:51:58.518000+00:00,2428928.0,52183040.0,66441216.0,64466944.0,16.4,0.110772492,9.76,1756982642.0,0.0,0.0,451638.0,1760314304.0,0.0,0.0,468349.0,0.0,0.0,0.0,0.0
2023-03-20 09:52:03.642000+00:00,2428928.0,52183040.0,66441216.0,64462848.0,16.41,0.110772492,9.76,1757088071.0,0.0,0.0,451726.0,1760430627.0,0.0,0.0,468443.0,0.0,0.0,0.0,0.0
2023-03-20 09:52:09.586000+00:00,2428928.0,52187136.0,66465792.0,64491520.0,16.42,0.110772492,9.83,1757176032.0,0.0,0.0,451777.0,1760518932.0,0.0,0.0,468498.0,0.0,0.0,0.0,0.0
2023-03-20 09:52:14.697000+00:00,2428928.0,52187136.0,66506752.0,64532480.0,16.59,0.110772492,9.83,1781511603.0,0.0,0.0,457810.0,1784881796.0,0.0,0.0,474740.0,0.0,0.0,0.0,0.0
2023-03-20 09:52:19.325000+00:00,2428928.0,52195328.0,66506752.0,64532480.0,16.7,0.110772492,9.95,1792796373.0,0.0,0.0,460728.0,1796183314.0,0.0,0.0,477708.0,0.0,0.0,0.0,0.0
2023-03-20 09:52:23.759000+00:00,2428928.0,52195328.0,66506752.0,64532480.0,16.72,0.110772492,9.95,1792796373.0,0.0,0.0,460728.0,1796183314.0,0.0,0.0,477929.0,0.0,0.0,0.0,0.0
2023-03-20 09:52:28.711000+00:00,2428928.0,52215808.0,66695168.0,64720896.0,16.83,0.110772492,10.05,1807332488.0,0.0,0.0,464318.0,1810753404.0,0.0,0.0,481528.0,0.0,0.0,0.0,0.0
2023-03-20 09:52:33.869000+00:00,2428928.0,52215808.0,66367488.0,64393216.0,16.84,0.110772492,10.05,1807422558.0,0.0,0.0,464382.0,1810846502.0,0.0,0.0,481597.0,0.0,0.0,0.0,0.0
2023-03-20 09:52:38.400000+00:00,2535424.0,52215808.0,66641920.0,64667648.0,16.86,0.110772492,10.1,1807511141.0,0.0,0.0,464438.0,1810935509.0,0.0,0.0,481658.0,0.0,0.0,0.0,0.0
2023-03-20 09:52:43.742000+00:00,2535424.0,52215808.0,66641920.0,64667648.0,16.86,0.110772492,10.1,1807511141.0,0.0,0.0,464438.0,1810935509.0,0.0,0.0,481658.0,0.0,0.0,0.0,0.0
2023-03-20 09:52:49.218000+00:00,2535424.0,52232192.0,66400256.0,64425984.0,16.94,0.110772492,10.19,1812560182.0,0.0,0.0,466219.0,1816019586.0,0.0,0.0,483601.0,0.0,0.0,0.0,0.0
2023-03-20 09:52:54.875000+00:00,2535424.0,52232192.0,66400256.0,64425984.0,17.12,0.110772492,10.22,1842182156.0,0.0,0.0,473245.0,1845657239.0,0.0,0.0,490741.0,0.0,0.0,0.0,0.0
2023-03-20 09:52:59.021000+00:00,2535424.0,52301824.0,66596864.0,64622592.0,17.38,0.110772492,10.32,1873035976.0,0.0,0.0,480763.0,1876525491.0,0.0,0.0,498317.0,0.0,0.0,0.0,0.0
2023-03-20 09:53:04.358000+00:00,2535424.0,52301824.0,66580480.0,64606208.0,17.4,0.110772492,10.32,1875366351.0,0.0,0.0,481558.0,1878865842.0,0.0,0.0,499176.0,0.0,0.0,0.0,0.0
2023-03-20 09:53:09.720000+00:00,2535424.0,52301824.0,66637824.0,64663552.0,17.41,0.110772492,10.39,1875460671.0,0.0,0.0,481647.0,1878966019.0,0.0,0.0,499273.0,0.0,0.0,0.0,0.0
2023-03-20 09:53:13.613000+00:00,2535424.0,52301824.0,66637824.0,64663552.0,17.45,0.110772492,10.4,1875460671.0,0.0,0.0,481647.0,1878966019.0,0.0,0.0,499273.0,0.0,0.0,0.0,0.0
2023-03-20 09:53:18.298000+00:00,2535424.0,52301824.0,66994176.0,65019904.0,17.57,0.110772492,10.48,1892336730.0,0.0,0.0,486297.0,1895876713.0,0.0,0.0,504118.0,0.0,0.0,0.0,0.0
2023-03-20 09:53:23.261000+00:00,2535424.0,52301824.0,66994176.0,64921600.0,17.73,0.110772492,10.48,1919882986.0,0.0,0.0,492953.0,1923433486.0,0.0,0.0,510843.0,0.0,0.0,0.0,0.0
2023-03-20 09:53:28.736000+00:00,2535424.0,52314112.0,66781184.0,64806912.0,17.87,0.110772492,10.59,1930558794.0,0.0,0.0,495872.0,1934131301.0,0.0,0.0,513850.0,0.0,0.0,0.0,0.0
2023-03-20 09:53:34.906000+00:00,2535424.0,52314112.0,66781184.0,64806912.0,18.15,0.110772492,10.63,1930558794.0,0.0,0.0,495872.0,1974072061.0,0.0,0.0,523860.0,0.0,0.0,0.0,0.0
2023-03-20 09:53:39.402000+00:00,2674688.0,52314112.0,66785280.0,64811008.0,18.25,0.110772492,10.7,1978818793.0,0.0,0.0,508006.0,1982456444.0,0.0,0.0,526441.0,0.0,0.0,0.0,0.0
2023-03-20 09:53:44.056000+00:00,2674688.0,52314112.0,67002368.0,65028096.0,18.33,0.110772492,10.72,1978818793.0,0.0,0.0,508006.0,1982456444.0,0.0,0.0,526441.0,0.0,0.0,0.0,0.0
2023-03-20 09:53:48.730000+00:00,2674688.0,52314112.0,66891776.0,64917504.0,18.43,0.110772492,10.76,2003969676.0,0.0,0.0,514650.0,2007641961.0,0.0,0.0,533314.0,0.0,0.0,0.0,0.0
2023-03-20 09:53:54.440000+00:00,2674688.0,52314112.0,66654208.0,64679936.0,18.48,0.110772492,10.83,2007662756.0,0.0,0.0,515730.0,2011356432.0,0.0,0.0,534438.0,0.0,0.0,0.0,0.0
2023-03-20 09:53:59.652000+00:00,2674688.0,52314112.0,66654208.0,64679936.0,18.59,0.110772492,10.92,2007662756.0,0.0,0.0,515730.0,2011356432.0,0.0,0.0,534438.0,0.0,0.0,0.0,0.0
2023-03-20 09:54:03.399000+00:00,2674688.0,52314112.0,66654208.0,64679936.0,18.77,0.110772492,10.92,2007662756.0,0.0,0.0,522844.0,2039584224.0,0.0,0.0,541674.0,0.0,0.0,0.0,0.0
2023-03-20 09:54:08.382000+00:00,2674688.0,52318208.0,66613248.0,64638976.0,18.77,0.110772492,10.94,2035959832.0,0.0,0.0,522947.0,2039691382.0,0.0,0.0,541783.0,0.0,0.0,0.0,0.0
2023-03-20 09:54:14.182000+00:00,2674688.0,52318208.0,66887680.0,64913408.0,18.81,0.110772492,11.01,2037198200.0,0.0,0.0,523401.0,2040942768.0,0.0,0.0,542272.0,0.0,0.0,0.0,0.0
2023-03-20 09:54:18.825000+00:00,2674688.0,52318208.0,66748416.0,64774144.0,18.81,0.110772492,11.01,2037291531.0,0.0,0.0,523481.0,2041046779.0,0.0,0.0,542355.0,0.0,0.0,0.0,0.0
2023-03-20 09:54:23.749000+00:00,2674688.0,52318208.0,66748416.0,64774144.0,18.91,0.110772492,11.09,2037291531.0,0.0,0.0,523481.0,2041046779.0,0.0,0.0,542355.0,0.0,0.0,0.0,0.0
2023-03-20 09:54:28.814000+00:00,2674688.0,52318208.0,66490368.0,64516096.0,18.99,0.110772492,11.11,2057911649.0,0.0,0.0,529257.0,2061708857.0,0.0,0.0,548350.0,0.0,0.0,0.0,0.0
2023-03-20 09:54:33.630000+00:00,2674688.0,52318208.0,66736128.0,64761856.0,19.22,0.110772492,11.24,2085429660.0,0.0,0.0,535758.0,2089232173.0,0.0,0.0,554915.0,0.0,0.0,0.0,0.0
2023-03-20 09:54:38.279000+00:00,2801664.0,52318208.0,66473984.0,64499712.0,19.27,0.110772492,11.25,2088121930.0,0.0,0.0,536629.0,2091934453.0,0.0,0.0,555852.0,0.0,0.0,0.0,0.0
2023-03-20 09:54:44.707000+00:00,2801664.0,52318208.0,66473984.0,64499712.0,19.29,0.110772492,11.32,2088121930.0,0.0,0.0,536629.0,2091934453.0,0.0,0.0,555852.0,0.0,0.0,0.0,0.0
2023-03-20 09:54:48.829000+00:00,2801664.0,52318208.0,66560000.0,64585728.0,19.33,0.110772492,11.34,2094572980.0,0.0,0.0,538523.0,2098405341.0,0.0,0.0,557840.0,0.0,0.0,0.0,0.0
2023-03-20 09:54:53.748000+00:00,2801664.0,52318208.0,66560000.0,64585728.0,19.38,0.110772492,11.34,2094572980.0,0.0,0.0,540748.0,2107295482.0,0.0,0.0,560111.0,0.0,0.0,0.0,0.0
2023-03-20 09:54:59.617000+00:00,2801664.0,52322304.0,66572288.0,64598016.0,19.39,0.110772492,11.41,2103562406.0,0.0,0.0,540886.0,2107409760.0,0.0,0.0,560267.0,0.0,0.0,0.0,0.0
2023-03-20 09:55:03.510000+00:00,2801664.0,52322304.0,66461696.0,64487424.0,19.46,0.110772492,11.41,2110203982.0,0.0,0.0,542685.0,2114063341.0,0.0,0.0,562123.0,0.0,0.0,0.0,0.0
2023-03-20 09:55:08.672000+00:00,2801664.0,52322304.0,66457600.0,64483328.0,19.57,0.110772492,11.49,2119473809.0,0.0,0.0,545218.0,2123347864.0,0.0,0.0,564751.0,0.0,0.0,0.0,0.0
2023-03-20 09:55:14.468000+00:00,2801664.0,52322304.0,66457600.0,64483328.0,19.85,0.110772492,11.58,2119473809.0,0.0,0.0,545218.0,2123347864.0,0.0,0.0,564751.0,0.0,0.0,0.0,0.0
2023-03-20 09:55:19.774000+00:00,2801664.0,52326400.0,66600960.0,64626688.0,19.85,0.110772492,11.59,2154071034.0,0.0,0.0,553865.0,2157969940.0,0.0,0.0,573528.0,0.0,0.0,0.0,0.0
2023-03-20 09:55:24.152000+00:00,2801664.0,52326400.0,66625536.0,64651264.0,19.94,0.110772492,11.59,2165322953.0,0.0,0.0,556868.0,2169241675.0,0.0,0.0,576630.0,0.0,0.0,0.0,0.0
2023-03-20 09:55:28.589000+00:00,2801664.0,52326400.0,66732032.0,64757760.0,19.98,0.110772492,11.68,2172913772.0,0.0,0.0,558902.0,2176848801.0,0.0,0.0,578746.0,0.0,0.0,0.0,0.0
2023-03-20 09:55:34.035000+00:00,2801664.0,52326400.0,66732032.0,64757760.0,20.08,0.110772492,11.76,2172913772.0,0.0,0.0,558902.0,2191301646.0,0.0,0.0,582542.0,0.0,0.0,0.0,0.0
2023-03-20 09:55:38.898000+00:00,2899968.0,52326400.0,66748416.0,64774144.0,20.12,0.110772492,11.76,2188950230.0,0.0,0.0,563124.0,2192910140.0,0.0,0.0,583059.0,0.0,0.0,0.0,0.0
2023-03-20 09:55:44.863000+00:00,2899968.0,52326400.0,66531328.0,64774144.0,20.29,0.110772492,11.85,2188950230.0,0.0,0.0,563124.0,2192910140.0,0.0,0.0,583059.0,0.0,0.0,0.0,0.0
2023-03-20 09:55:48.711000+00:00,2899968.0,52326400.0,66596864.0,64622592.0,20.32,0.110772492,11.87,2208134874.0,0.0,0.0,568410.0,2212134230.0,0.0,0.0,588576.0,0.0,0.0,0.0,0.0
2023-03-20 09:55:54.657000+00:00,2899968.0,52326400.0,66654208.0,64679936.0,20.38,0.110772492,11.87,2210639517.0,0.0,0.0,569194.0,2214652304.0,0.0,0.0,589401.0,0.0,0.0,0.0,0.0
2023-03-20 09:55:59.613000+00:00,2899968.0,52330496.0,66646016.0,64671744.0,20.38,0.110772492,11.92,2210739504.0,0.0,0.0,569241.0,2214757797.0,0.0,0.0,589452.0,0.0,0.0,0.0,0.0
2023-03-20 09:56:04.681000+00:00,2899968.0,52330496.0,66646016.0,64774144.0,20.4,0.110772492,11.92,2210829061.0,0.0,0.0,569305.0,2214850380.0,0.0,0.0,589521.0,0.0,0.0,0.0,0.0
2023-03-20 09:56:08.441000+00:00,2899968.0,52330496.0,67002368.0,65028096.0,20.41,0.110772492,11.98,2210919736.0,0.0,0.0,569366.0,2214946526.0,0.0,0.0,589585.0,0.0,0.0,0.0,0.0
2023-03-20 09:56:14.704000+00:00,2899968.0,52330496.0,67002368.0,65028096.0,20.66,0.110772492,12.08,2210919736.0,0.0,0.0,569366.0,2214946526.0,0.0,0.0,589585.0,0.0,0.0,0.0,0.0
2023-03-20 09:56:19.409000+00:00,2899968.0,52338688.0,66592768.0,64618496.0,20.66,0.110772492,12.08,2238376619.0,0.0,0.0,576745.0,2242464246.0,0.0,0.0,597287.0,0.0,0.0,0.0,0.0
2023-03-20 09:56:24.502000+00:00,2899968.0,52338688.0,66592768.0,64618496.0,20.72,0.110772492,12.13,2238376619.0,0.0,0.0,577433.0,2244766987.0,0.0,0.0,598008.0,0.0,0.0,0.0,0.0
2023-03-20 09:56:29.356000+00:00,2899968.0,52338688.0,66641920.0,64667648.0,20.72,0.110772492,12.14,2240764640.0,0.0,0.0,577510.0,2244862985.0,0.0,0.0,598090.0,0.0,0.0,0.0,0.0
2023-03-20 09:56:33.604000+00:00,2899968.0,52338688.0,66621440.0,64647168.0,20.75,0.110772492,12.14,2244290075.0,0.0,0.0,578483.0,2248396413.0,0.0,0.0,599101.0,0.0,0.0,0.0,0.0
2023-03-20 09:56:38.834000+00:00,3010560.0,52342784.0,66768896.0,64794624.0,20.8,0.110772492,12.2,2248569272.0,0.0,0.0,579663.0,2252698313.0,0.0,0.0,600377.0,0.0,0.0,0.0,0.0
2023-03-20 09:56:44.202000+00:00,3010560.0,52342784.0,66768896.0,64794624.0,20.86,0.110772492,12.21,2248569272.0,0.0,0.0,579663.0,2252698313.0,0.0,0.0,600377.0,0.0,0.0,0.0,0.0
2023-03-20 09:56:48.896000+00:00,3010560.0,52342784.0,66625536.0,64651264.0,20.9,0.110772492,12.27,2258419449.0,0.0,0.0,582281.0,2262566008.0,0.0,0.0,603057.0,0.0,0.0,0.0,0.0
2023-03-20 09:56:54.269000+00:00,3010560.0,52342784.0,66715648.0,64741376.0,20.94,0.110772492,12.27,2259659334.0,0.0,0.0,582739.0,2263816774.0,0.0,0.0,603557.0,0.0,0.0,0.0,0.0
2023-03-20 09:56:58.276000+00:00,3010560.0,52346880.0,68087808.0,64868352.0,21.08,0.110772492,12.36,2280150833.0,0.0,0.0,587641.0,2282394229.0,0.0,0.0,608641.0,0.0,0.0,0.0,0.0
2023-03-20 09:57:03.276000+00:00,3010560.0,52346880.0,68087808.0,64868352.0,21.23,0.110772492,12.39,2280150833.0,0.0,0.0,591840.0,2305637660.0,0.0,0.0,613193.0,0.0,0.0,0.0,0.0
2023-03-20 09:57:08.870000+00:00,3010560.0,52346880.0,66781184.0,64806912.0,21.26,0.110772492,12.46,2301556327.0,0.0,0.0,592071.0,2305772127.0,0.0,0.0,613472.0,0.0,0.0,0.0,0.0
2023-03-20 09:57:13.879000+00:00,3010560.0,52346880.0,66781184.0,64806912.0,21.45,0.110772492,12.46,2301556327.0,0.0,0.0,592071.0,2305772127.0,0.0,0.0,613472.0,0.0,0.0,0.0,0.0
2023-03-20 09:57:19.050000+00:00,3010560.0,52363264.0,66723840.0,64749568.0,21.71,0.110772492,12.6,2363242666.0,0.0,0.0,606772.0,2367510174.0,0.0,0.0,628666.0,0.0,0.0,0.0,0.0
2023-03-20 09:57:24.704000+00:00,3010560.0,52363264.0,66723840.0,64749568.0,21.78,0.110772492,12.62,2363242666.0,0.0,0.0,606772.0,2367510174.0,0.0,0.0,630980.0,0.0,0.0,0.0,0.0
2023-03-20 09:57:28.614000+00:00,3010560.0,52363264.0,66629632.0,64655360.0,21.85,0.110772492,12.68,2377586259.0,0.0,0.0,610612.0,2381879366.0,0.0,0.0,632606.0,0.0,0.0,0.0,0.0
2023-03-20 09:57:34.786000+00:00,3010560.0,52363264.0,66813952.0,64839680.0,21.89,0.110772492,12.69,2382928442.0,0.0,0.0,612178.0,2387248377.0,0.0,0.0,634299.0,0.0,0.0,0.0,0.0
2023-03-20 09:57:39.569000+00:00,3145728.0,52383744.0,66838528.0,64864256.0,22.23,0.110772492,12.83,2432827931.0,0.0,0.0,624329.0,2437170480.0,0.0,0.0,646643.0,0.0,0.0,0.0,0.0
2023-03-20 09:57:44.321000+00:00,3145728.0,52383744.0,66838528.0,64864256.0,22.33,0.110772492,12.83,2432827931.0,0.0,0.0,624329.0,2437170480.0,0.0,0.0,646643.0,0.0,0.0,0.0,0.0
2023-03-20 09:57:49.405000+00:00,3145728.0,52383744.0,66772992.0,64798720.0,22.39,0.110772492,12.92,2447936958.0,0.0,0.0,628412.0,2452310240.0,0.0,0.0,650863.0,0.0,0.0,0.0,0.0
2023-03-20 09:57:53.313000+00:00,3145728.0,52383744.0,66772992.0,64798720.0,22.44,0.110772492,12.92,2450588575.0,0.0,0.0,629264.0,2454978389.0,0.0,0.0,651764.0,0.0,0.0,0.0,0.0
2023-03-20 09:57:59.202000+00:00,3145728.0,52387840.0,66994176.0,65019904.0,22.49,0.110772492,12.97,2453567047.0,0.0,0.0,630102.0,2457968177.0,0.0,0.0,652651.0,0.0,0.0,0.0,0.0
2023-03-20 09:58:03.929000+00:00,3145728.0,52387840.0,66994176.0,65019904.0,22.54,0.110772492,12.97,2453567047.0,0.0,0.0,630102.0,2457968177.0,0.0,0.0,652651.0,0.0,0.0,0.0,0.0
2023-03-20 09:58:07.141000+00:00,3145728.0,52387840.0,66838528.0,64864256.0,22.56,0.110772492,12.99,2461725994.0,0.0,0.0,632296.0,2466146234.0,0.0,0.0,654891.0,0.0,0.0,0.0,0.0
2023-03-20 09:58:14.166000+00:00,3145728.0,52387840.0,66838528.0,64864256.0,22.84,0.110772492,13.1,2461725994.0,0.0,0.0,641519.0,2504222210.0,0.0,0.0,664408.0,0.0,0.0,0.0,0.0
2023-03-20 09:58:18.589000+00:00,3145728.0,52408320.0,66883584.0,64909312.0,23.02,0.110772492,13.16,2522661712.0,0.0,0.0,647422.0,2527152337.0,0.0,0.0,670519.0,0.0,0.0,0.0,0.0
2023-03-20 09:58:24.725000+00:00,3145728.0,52408320.0,66625536.0,64651264.0,23.04,0.110772492,13.2,2522766254.0,0.0,0.0,647492.0,2527262626.0,0.0,0.0,670596.0,0.0,0.0,0.0,0.0
2023-03-20 09:58:29.159000+00:00,3145728.0,52416512.0,67018752.0,65044480.0,23.06,0.110772492,13.26,2522873956.0,0.0,0.0,647578.0,2527376236.0,0.0,0.0,670691.0,0.0,0.0,0.0,0.0
2023-03-20 09:58:33.873000+00:00,3145728.0,52416512.0,67018752.0,65044480.0,23.06,0.110772492,13.26,2522965350.0,0.0,0.0,647649.0,2527470736.0,0.0,0.0,670768.0,0.0,0.0,0.0,0.0
2023-03-20 09:58:39.658000+00:00,3276800.0,52416512.0,66863104.0,64790528.0,23.18,0.110772492,13.37,2534520260.0,0.0,0.0,650641.0,2539044568.0,0.0,0.0,673845.0,0.0,0.0,0.0,0.0
2023-03-20 09:58:44.386000+00:00,3276800.0,52416512.0,67178496.0,65204224.0,23.32,0.110772492,13.4,2557464577.0,0.0,0.0,656307.0,2561999818.0,0.0,0.0,679554.0,0.0,0.0,0.0,0.0
2023-03-20 09:58:49.296000+00:00,3276800.0,52416512.0,66998272.0,65024000.0,23.32,0.110772492,13.4,2557563217.0,0.0,0.0,656412.0,2562106933.0,0.0,0.0,679667.0,0.0,0.0,0.0,0.0
2023-03-20 09:58:54.591000+00:00,3276800.0,52416512.0,66998272.0,65024000.0,23.44,0.110772492,13.49,2557563217.0,0.0,0.0,656412.0,2575528888.0,0.0,0.0,683342.0,0.0,0.0,0.0,0.0
2023-03-20 09:58:59.013000+00:00,3276800.0,52416512.0,66621440.0,64647168.0,23.47,0.110772492,13.5,2572200747.0,0.0,0.0,660426.0,2576772772.0,0.0,0.0,683821.0,0.0,0.0,0.0,0.0
2023-03-20 09:59:03.168000+00:00,3276800.0,52416512.0,66748416.0,64774144.0,23.48,0.110772492,13.56,2573010119.0,0.0,0.0,660759.0,2577590017.0,0.0,0.0,684190.0,0.0,0.0,0.0,0.0
2023-03-20 09:59:09.745000+00:00,3276800.0,52416512.0,67231744.0,65257472.0,23.68,0.110772492,13.6,2601707967.0,0.0,0.0,668008.0,2606306796.0,0.0,0.0,691557.0,0.0,0.0,0.0,0.0
2023-03-20 09:59:13.654000+00:00,3276800.0,52416512.0,67231744.0,65257472.0,23.81,0.110772492,13.69,2601707967.0,0.0,0.0,668008.0,2606306796.0,0.0,0.0,691557.0,0.0,0.0,0.0,0.0
2023-03-20 09:59:18.306000+00:00,3276800.0,52432896.0,66760704.0,64786432.0,24.05,0.110772492,13.74,2648445938.0,0.0,0.0,679790.0,2653095969.0,0.0,0.0,703698.0,0.0,0.0,0.0,0.0
2023-03-20 09:59:24.532000+00:00,3276800.0,52445184.0,66662400.0,64688128.0,24.08,0.110772492,13.81,2653640443.0,0.0,0.0,681282.0,2658303133.0,0.0,0.0,705257.0,0.0,0.0,0.0,0.0
2023-03-20 09:59:28.875000+00:00,3276800.0,52445184.0,66777088.0,64802816.0,24.14,0.110772492,13.83,2664713985.0,0.0,0.0,684249.0,2669405164.0,0.0,0.0,708406.0,0.0,0.0,0.0,0.0
2023-03-20 09:59:34.283000+00:00,3276800.0,52445184.0,66777088.0,64802816.0,24.31,0.110772492,13.9,2688528801.0,0.0,0.0,690084.0,2693242179.0,0.0,0.0,714394.0,0.0,0.0,0.0,0.0
2023-03-20 09:59:39.324000+00:00,3420160.0,52445184.0,66777088.0,64802816.0,24.35,0.110772492,13.91,2691059333.0,0.0,0.0,690881.0,2695776431.0,0.0,0.0,715248.0,0.0,0.0,0.0,0.0
2023-03-20 09:59:43.582000+00:00,3420160.0,52445184.0,66936832.0,64962560.0,24.46,0.111752235,13.99,2701828908.0,0.0,0.0,693902.0,2706580832.0,0.0,0.0,718385.0,0.0,0.0,0.0,0.0
2023-03-20 09:59:49.030000+00:00,3420160.0,52445184.0,66760704.0,64786432.0,24.63,0.111752235,14.03,2731237507.0,0.0,0.0,700796.0,2736001342.0,0.0,0.0,725381.0,0.0,0.0,0.0,0.0
2023-03-20 09:59:54.505000+00:00,3420160.0,52445184.0,66760704.0,64786432.0,24.8,0.111752235,14.15,2731237507.0,0.0,0.0,700796.0,2736001342.0,0.0,0.0,733212.0,0.0,0.0,0.0,0.0
2023-03-20 09:59:59.297000+00:00,3420160.0,52445184.0,66760704.0,64786432.0,24.84,0.111752235,14.16,2731237507.0,0.0,0.0,700796.0,2736001342.0,0.0,0.0,733212.0,0.0,0.0,0.0,0.0
2023-03-20 10:00:04.723000+00:00,3420160.0,52445184.0,66949120.0,64974848.0,25.14,0.111752235,14.16,2806361051.0,0.0,0.0,719774.0,2811201256.0,0.0,0.0,744657.0,0.0,0.0,0.0,0.0
2023-03-20 10:00:09.354000+00:00,3420160.0,52445184.0,66805760.0,64831488.0,25.17,0.111752235,14.29,2809385860.0,0.0,0.0,720673.0,2814236905.0,0.0,0.0,745596.0,0.0,0.0,0.0,0.0
2023-03-20 10:00:14.105000+00:00,3420160.0,52445184.0,66789376.0,64815104.0,25.27,0.111752235,14.37,2819183186.0,0.0,0.0,723351.0,2824054396.0,0.0,0.0,748372.0,0.0,0.0,0.0,0.0
2023-03-20 10:00:19.560000+00:00,3420160.0,52445184.0,66777088.0,64802816.0,25.27,0.111752235,14.38,2820016061.0,0.0,0.0,723712.0,2824900632.0,0.0,0.0,748773.0,0.0,0.0,0.0,0.0
2023-03-20 10:00:24.063000+00:00,3420160.0,52445184.0,66777088.0,65056768.0,25.28,0.111752235,14.38,2820106814.0,0.0,0.0,723779.0,2824996936.0,0.0,0.0,748844.0,0.0,0.0,0.0,0.0
2023-03-20 10:00:29.403000+00:00,3420160.0,52445184.0,66809856.0,64835584.0,25.29,0.111752235,14.44,2820194305.0,0.0,0.0,723826.0,2825084771.0,0.0,0.0,748895.0,0.0,0.0,0.0,0.0
2023-03-20 10:00:34.891000+00:00,3420160.0,52445184.0,66809856.0,64835584.0,25.38,0.111752235,14.51,2820194305.0,0.0,0.0,723826.0,2835255511.0,0.0,0.0,751687.0,0.0,0.0,0.0,0.0
2023-03-20 10:00:38.202000+00:00,3543040.0,52445184.0,66924544.0,64950272.0,25.39,0.111752235,14.51,2830344705.0,0.0,0.0,726523.0,2835267910.0,0.0,0.0,751723.0,0.0,0.0,0.0,0.0
2023-03-20 10:00:43.040000+00:00,3543040.0,52445184.0,66924544.0,64950272.0,25.4,0.111752235,14.51,2830344705.0,0.0,0.0,726523.0,2835267910.0,0.0,0.0,751723.0,0.0,0.0,0.0,0.0
2023-03-20 10:00:49.384000+00:00,3543040.0,52445184.0,66904064.0,64929792.0,25.44,0.111752235,14.57,2834455723.0,0.0,0.0,727845.0,2839402796.0,0.0,0.0,753122.0,0.0,0.0,0.0,0.0
2023-03-20 10:00:54.678000+00:00,3543040.0,52445184.0,66904064.0,64929792.0,25.51,0.111752235,14.64,2834455723.0,0.0,0.0,727845.0,2839402796.0,0.0,0.0,754351.0,0.0,0.0,0.0,0.0
2023-03-20 10:00:59.545000+00:00,3543040.0,52445184.0,67399680.0,65425408.0,25.53,0.111752235,14.64,2839729972.0,0.0,0.0,729513.0,2844694975.0,0.0,0.0,754892.0,0.0,0.0,0.0,0.0
2023-03-20 10:01:04.539000+00:00,3543040.0,52445184.0,70070272.0,65122304.0,25.7,0.111752235,14.75,2864094174.0,0.0,0.0,735213.0,2867409613.0,0.0,0.0,760830.0,0.0,0.0,0.0,0.0
2023-03-20 10:01:09.643000+00:00,3543040.0,52469760.0,67014656.0,65040384.0,25.76,0.111752235,14.76,2869344817.0,0.0,0.0,736994.0,2874361380.0,0.0,0.0,762786.0,0.0,0.0,0.0,0.0
2023-03-20 10:01:14.187000+00:00,3543040.0,52617216.0,67063808.0,65089536.0,25.99,0.111752235,14.76,2899325739.0,0.0,0.0,744416.0,2904360409.0,0.0,0.0,770273.0,0.0,0.0,0.0,0.0
2023-03-20 10:01:19.372000+00:00,3543040.0,52469760.0,66949120.0,64974848.0,26.08,0.111752235,14.86,2911608250.0,0.0,0.0,747587.0,2916655466.0,0.0,0.0,773507.0,0.0,0.0,0.0,0.0
2023-03-20 10:01:23.480000+00:00,3543040.0,52469760.0,66949120.0,65204224.0,26.13,0.111752235,14.86,2918147131.0,0.0,0.0,749386.0,2923211825.0,0.0,0.0,775367.0,0.0,0.0,0.0,0.0
2023-03-20 10:01:29.661000+00:00,3543040.0,52469760.0,66822144.0,64847872.0,26.27,0.111752235,14.97,2940879795.0,0.0,0.0,755279.0,2945973062.0,0.0,0.0,781443.0,0.0,0.0,0.0,0.0
2023-03-20 10:01:34.229000+00:00,3543040.0,52469760.0,66822144.0,64847872.0,26.27,0.111752235,14.98,2940879795.0,0.0,0.0,755279.0,2946080683.0,0.0,0.0,781591.0,0.0,0.0,0.0,0.0
2023-03-20 10:01:38.878000+00:00,3690496.0,52473856.0,67067904.0,65093632.0,26.44,0.111752235,15.09,2965376639.0,0.0,0.0,760999.0,2970506401.0,0.0,0.0,787531.0,0.0,0.0,0.0,0.0
2023-03-20 10:01:44.682000+00:00,3690496.0,52473856.0,67067904.0,65093632.0,26.52,0.111752235,15.12,2965376639.0,0.0,0.0,760999.0,2970506401.0,0.0,0.0,787531.0,0.0,0.0,0.0,0.0
2023-03-20 10:01:49.518000+00:00,3690496.0,52473856.0,66801664.0,64827392.0,26.56,0.112269256,15.18,2979132922.0,0.0,0.0,764523.0,2984284838.0,0.0,0.0,791106.0,0.0,0.0,0.0,0.0
2023-03-20 10:01:54.099000+00:00,3690496.0,52473856.0,66957312.0,64983040.0,26.64,0.112269256,15.18,2988210452.0,0.0,0.0,766846.0,2993370829.0,0.0,0.0,793474.0,0.0,0.0,0.0,0.0
2023-03-20 10:01:59.487000+00:00,3690496.0,52473856.0,67174400.0,65200128.0,26.78,0.112269256,15.29,3002634662.0,0.0,0.0,770770.0,3007830937.0,0.0,0.0,797576.0,0.0,0.0,0.0,0.0
2023-03-20 10:02:04.350000+00:00,3690496.0,52473856.0,66703360.0,64729088.0,26.82,0.112269256,15.29,3007577836.0,0.0,0.0,771813.0,3012779823.0,0.0,0.0,798672.0,0.0,0.0,0.0,0.0
2023-03-20 10:02:09.001000+00:00,3690496.0,52473856.0,66826240.0,64851968.0,26.83,0.112269256,15.35,3007669351.0,0.0,0.0,771887.0,3012876967.0,0.0,0.0,798751.0,0.0,0.0,0.0,0.0
2023-03-20 10:02:13.841000+00:00,3690496.0,52473856.0,66805760.0,64831488.0,26.83,0.112269256,15.35,3007761795.0,0.0,0.0,771961.0,3012975043.0,0.0,0.0,798830.0,0.0,0.0,0.0,0.0
2023-03-20 10:02:19.128000+00:00,3690496.0,52473856.0,66723840.0,64749568.0,26.94,0.112269256,15.42,3019241418.0,0.0,0.0,774944.0,3024467340.0,0.0,0.0,801882.0,0.0,0.0,0.0,0.0
2023-03-20 10:02:24.217000+00:00,3690496.0,52473856.0,66691072.0,64716800.0,27.04,0.112269256,15.42,3029444737.0,0.0,0.0,777825.0,3034699849.0,0.0,0.0,804959.0,0.0,0.0,0.0,0.0
2023-03-20 10:02:29.765000+00:00,3690496.0,52473856.0,67190784.0,65216512.0,27.09,0.112269256,15.51,3032598316.0,0.0,0.0,778814.0,3037868388.0,0.0,0.0,806011.0,0.0,0.0,0.0,0.0
2023-03-20 10:02:33.658000+00:00,3690496.0,52473856.0,67190784.0,65216512.0,27.15,0.112269256,15.51,3032598316.0,0.0,0.0,778814.0,3037868388.0,0.0,0.0,808119.0,0.0,0.0,0.0,0.0
2023-03-20 10:02:39.846000+00:00,3792896.0,52473856.0,66809856.0,64835584.0,27.18,0.112269256,15.58,3042289233.0,0.0,0.0,781444.0,3047578283.0,0.0,0.0,808721.0,0.0,0.0,0.0,0.0
2023-03-20 10:02:44.716000+00:00,3792896.0,52473856.0,66809856.0,64835584.0,27.19,0.112269256,15.58,3042289233.0,0.0,0.0,781444.0,3047578283.0,0.0,0.0,808721.0,0.0,0.0,0.0,0.0
2023-03-20 10:02:48.190000+00:00,3792896.0,52473856.0,67031040.0,65056768.0,27.22,0.112269256,15.64,3042407259.0,0.0,0.0,781552.0,3047704848.0,0.0,0.0,808838.0,0.0,0.0,0.0,0.0
2023-03-20 10:02:53.553000+00:00,3792896.0,52473856.0,66809856.0,64835584.0,27.32,0.112269256,15.66,3057234034.0,0.0,0.0,785432.0,3062554126.0,0.0,0.0,812817.0,0.0,0.0,0.0,0.0
2023-03-20 10:02:58.477000+00:00,3792896.0,52473856.0,66838528.0,64864256.0,27.35,0.112269256,15.71,3057322875.0,0.0,0.0,785487.0,3062646046.0,0.0,0.0,812878.0,0.0,0.0,0.0,0.0
2023-03-20 10:03:04.234000+00:00,3792896.0,52473856.0,66838528.0,64983040.0,27.44,0.112269256,15.73,3067139045.0,0.0,0.0,788093.0,3072477228.0,0.0,0.0,815546.0,0.0,0.0,0.0,0.0
2023-03-20 10:03:09.071000+00:00,3792896.0,52473856.0,67162112.0,65187840.0,27.54,0.112269256,15.8,3077911447.0,0.0,0.0,790898.0,3083264286.0,0.0,0.0,818410.0,0.0,0.0,0.0,0.0
2023-03-20 10:03:13.828000+00:00,3792896.0,52473856.0,67162112.0,65187840.0,27.58,0.112269256,15.81,3077911447.0,0.0,0.0,790898.0,3083264286.0,0.0,0.0,818410.0,0.0,0.0,0.0,0.0
2023-03-20 10:03:18.944000+00:00,3792896.0,52473856.0,66822144.0,64847872.0,27.65,0.112269256,15.88,3088786213.0,0.0,0.0,793934.0,3094162477.0,0.0,0.0,821589.0,0.0,0.0,0.0,0.0
2023-03-20 10:03:24.629000+00:00,3792896.0,52473856.0,66822144.0,64847872.0,27.69,0.112269256,15.89,3088786213.0,0.0,0.0,794826.0,3096955328.0,0.0,0.0,822549.0,0.0,0.0,0.0,0.0
2023-03-20 10:03:28.801000+00:00,3792896.0,52473856.0,66891776.0,64917504.0,27.7,0.112269256,15.95,3091652067.0,0.0,0.0,794873.0,3097043887.0,0.0,0.0,822600.0,0.0,0.0,0.0,0.0
2023-03-20 10:03:34.521000+00:00,3792896.0,52473856.0,66924544.0,64950272.0,27.81,0.112269256,15.99,3105074483.0,0.0,0.0,798415.0,3110483685.0,0.0,0.0,826238.0,0.0,0.0,0.0,0.0
2023-03-20 10:03:39.282000+00:00,3883008.0,52473856.0,66916352.0,64942080.0,27.92,0.112269256,16.07,3116207253.0,0.0,0.0,800614.0,3121639219.0,0.0,0.0,828650.0,0.0,0.0,0.0,0.0
2023-03-20 10:03:44.105000+00:00,3883008.0,52473856.0,66805760.0,64831488.0,27.92,0.112269256,16.07,3116299315.0,0.0,0.0,800688.0,3121741813.0,0.0,0.0,828725.0,0.0,0.0,0.0,0.0
2023-03-20 10:03:49.657000+00:00,3883008.0,52486144.0,66904064.0,64929792.0,28.06,0.112269256,16.18,3141851023.0,0.0,0.0,806959.0,3147333421.0,0.0,0.0,835268.0,0.0,0.0,0.0,0.0
2023-03-20 10:03:54.915000+00:00,3883008.0,52486144.0,66965504.0,64991232.0,28.14,0.112269256,16.19,3146889034.0,0.0,0.0,808347.0,3152381879.0,0.0,0.0,836730.0,0.0,0.0,0.0,0.0
2023-03-20 10:03:58.568000+00:00,3883008.0,52486144.0,66830336.0,64856064.0,28.15,0.112269256,16.19,3146923338.0,0.0,0.0,808431.0,3152424743.0,0.0,0.0,836823.0,0.0,0.0,0.0,0.0
2023-03-20 10:04:04.159000+00:00,3883008.0,52486144.0,66891776.0,64917504.0,28.19,0.112269256,16.26,3151039298.0,0.0,0.0,809669.0,3156558254.0,0.0,0.0,838123.0,0.0,0.0,0.0,0.0
2023-03-20 10:04:08.920000+00:00,3883008.0,52486144.0,66707456.0,64733184.0,28.2,0.112269256,16.26,3151125739.0,0.0,0.0,809710.0,3156644889.0,0.0,0.0,838166.0,0.0,0.0,0.0,0.0
2023-03-20 10:04:14.535000+00:00,3883008.0,52486144.0,66707456.0,64733184.0,28.25,0.112269256,16.35,3151125739.0,0.0,0.0,809710.0,3156644889.0,0.0,0.0,838166.0,0.0,0.0,0.0,0.0
2023-03-20 10:04:19.167000+00:00,3883008.0,52486144.0,66957312.0,64983040.0,28.28,0.112269256,16.36,3159890783.0,0.0,0.0,812196.0,3165435691.0,0.0,0.0,840756.0,0.0,0.0,0.0,0.0
2023-03-20 10:04:23.841000+00:00,3883008.0,52486144.0,66957312.0,64983040.0,28.35,0.112269256,16.36,3159890783.0,0.0,0.0,812196.0,3168824067.0,0.0,0.0,841957.0,0.0,0.0,0.0,0.0
2023-03-20 10:04:28.393000+00:00,3883008.0,52486144.0,66707456.0,64733184.0,28.39,0.112269256,16.44,3169087583.0,0.0,0.0,814747.0,3174656417.0,0.0,0.0,843422.0,0.0,0.0,0.0,0.0
2023-03-20 10:04:34.494000+00:00,3883008.0,52486144.0,66961408.0,64987136.0,28.45,0.112269256,16.44,3173333301.0,0.0,0.0,815919.0,3178910062.0,0.0,0.0,844631.0,0.0,0.0,0.0,0.0
2023-03-20 10:04:39.317000+00:00,3993600.0,52486144.0,66785280.0,64811008.0,28.5,0.112269256,16.54,3179074643.0,0.0,0.0,817545.0,3184664210.0,0.0,0.0,846326.0,0.0,0.0,0.0,0.0
2023-03-20 10:04:44.710000+00:00,3993600.0,52486144.0,66785280.0,64811008.0,28.54,0.112269256,16.54,3179074643.0,0.0,0.0,817545.0,3184664210.0,0.0,0.0,846326.0,0.0,0.0,0.0,0.0
2023-03-20 10:04:49.670000+00:00,3993600.0,52486144.0,66818048.0,64843776.0,28.72,0.112269256,16.66,3210307203.0,0.0,0.0,825170.0,3215938562.0,0.0,0.0,854298.0,0.0,0.0,0.0,0.0
2023-03-20 10:04:54.138000+00:00,3993600.0,52486144.0,66875392.0,64901120.0,28.74,0.112269256,16.66,3210399243.0,0.0,0.0,825243.0,3216033578.0,0.0,0.0,854375.0,0.0,0.0,0.0,0.0
2023-03-20 10:04:59.789000+00:00,3993600.0,52486144.0,66682880.0,64708608.0,28.79,0.112269256,16.74,3218156178.0,0.0,0.0,827377.0,3223805942.0,0.0,0.0,856577.0,0.0,0.0,0.0,0.0
2023-03-20 10:05:04.565000+00:00,3993600.0,52486144.0,66682880.0,64847872.0,28.82,0.112269256,16.81,3220378944.0,0.0,0.0,828089.0,3226038603.0,0.0,0.0,857357.0,0.0,0.0,0.0,0.0
2023-03-20 10:05:08.596000+00:00,3993600.0,52486144.0,68366336.0,64057344.0,28.97,0.112269256,16.84,3248556634.0,0.0,0.0,834150.0,3254224095.0,0.0,0.0,863565.0,0.0,0.0,0.0,0.0
2023-03-20 10:05:13.585000+00:00,3993600.0,52486144.0,66981888.0,65007616.0,29.03,0.112269256,16.91,3251463292.0,0.0,0.0,835167.0,3257152803.0,0.0,0.0,864674.0,0.0,0.0,0.0,0.0
2023-03-20 10:05:18.713000+00:00,3993600.0,52486144.0,66969600.0,64995328.0,29.15,0.112269256,16.93,3261062978.0,0.0,0.0,837837.0,3266773163.0,0.0,0.0,867450.0,0.0,0.0,0.0,0.0
2023-03-20 10:05:24.661000+00:00,3993600.0,52486144.0,66969600.0,64995328.0,29.2,0.112269256,17.02,3261062978.0,0.0,0.0,837837.0,3274500255.0,0.0,0.0,869512.0,0.0,0.0,0.0,0.0
2023-03-20 10:05:28.836000+00:00,3993600.0,52486144.0,66813952.0,64839680.0,29.25,0.112269256,17.02,3273605452.0,0.0,0.0,841091.0,3279342009.0,0.0,0.0,870935.0,0.0,0.0,0.0,0.0
2023-03-20 10:05:34.668000+00:00,3993600.0,52486144.0,66703360.0,64729088.0,29.31,0.112269256,17.02,3276517796.0,0.0,0.0,842016.0,3282269954.0,0.0,0.0,871931.0,0.0,0.0,0.0,0.0
2023-03-20 10:05:38.476000+00:00,4100096.0,52486144.0,67055616.0,65081344.0,29.31,0.112269256,17.1,3276634815.0,0.0,0.0,842208.0,3282402723.0,0.0,0.0,872163.0,0.0,0.0,0.0,0.0
2023-03-20 10:05:44.550000+00:00,4100096.0,52486144.0,66748416.0,64774144.0,29.45,0.112269256,17.1,3288505754.0,0.0,0.0,842208.0,3282402723.0,0.0,0.0,872163.0,0.0,0.0,0.0,0.0
2023-03-20 10:05:49.178000+00:00,4100096.0,52486144.0,66945024.0,64970752.0,29.49,0.112269256,17.19,3294838263.0,0.0,0.0,847204.0,3300639781.0,0.0,0.0,877336.0,0.0,0.0,0.0,0.0
2023-03-20 10:05:53.197000+00:00,4100096.0,52486144.0,67121152.0,65146880.0,29.52,0.112269256,17.2,3299491853.0,0.0,0.0,848476.0,3305312540.0,0.0,0.0,878702.0,0.0,0.0,0.0,0.0
2023-03-20 10:05:59.835000+00:00,4100096.0,52486144.0,66723840.0,64749568.0,29.56,0.112269256,17.26,3299678542.0,0.0,0.0,848622.0,3305515396.0,0.0,0.0,878854.0,0.0,0.0,0.0,0.0
2023-03-20 10:06:03.965000+00:00,4100096.0,52486144.0,66723840.0,64749568.0,29.59,0.112269256,17.3,3299679650.0,0.0,0.0,848629.0,3305516584.0,0.0,0.0,878862.0,0.0,0.0,0.0,0.0
2023-03-20 10:06:08.938000+00:00,4100096.0,52486144.0,67223552.0,65249280.0,29.6,0.112269256,17.31,3300914431.0,0.0,0.0,849071.0,3306763825.0,0.0,0.0,879331.0,0.0,0.0,0.0,0.0
2023-03-20 10:06:14.830000+00:00,4100096.0,52486144.0,67223552.0,65249280.0,29.69,0.112269256,17.38,3300914431.0,0.0,0.0,849071.0,3306763825.0,0.0,0.0,879331.0,0.0,0.0,0.0,0.0
2023-03-20 10:06:19.467000+00:00,4100096.0,52486144.0,67235840.0,65261568.0,29.7,0.112269256,17.39,3308100640.0,0.0,0.0,851211.0,3313980685.0,0.0,0.0,881609.0,0.0,0.0,0.0,0.0
2023-03-20 10:06:24.883000+00:00,4100096.0,52486144.0,67235840.0,65261568.0,29.78,0.112269256,17.48,3308100640.0,0.0,0.0,851211.0,3322917604.0,0.0,0.0,884093.0,0.0,0.0,0.0,0.0
2023-03-20 10:06:27.901000+00:00,4100096.0,52486144.0,66883584.0,64909312.0,29.78,0.112269256,17.48,3317025453.0,0.0,0.0,853629.0,3322918790.0,0.0,0.0,884101.0,0.0,0.0,0.0,0.0
2023-03-20 10:06:33.460000+00:00,4100096.0,52486144.0,66797568.0,64823296.0,29.86,0.112269256,17.49,3323135752.0,0.0,0.0,855425.0,3329046231.0,0.0,0.0,885990.0,0.0,0.0,0.0,0.0
2023-03-20 10:06:39.064000+00:00,4198400.0,52486144.0,66711552.0,64737280.0,29.88,0.112269256,17.54,3323245824.0,0.0,0.0,855488.0,3329161841.0,0.0,0.0,886057.0,0.0,0.0,0.0,0.0
2023-03-20 10:06:43.396000+00:00,4198400.0,52486144.0,66826240.0,64851968.0,29.94,0.112269256,17.54,3328443763.0,0.0,0.0,855488.0,3329161841.0,0.0,0.0,886057.0,0.0,0.0,0.0,0.0
2023-03-20 10:06:48.847000+00:00,4198400.0,52486144.0,66953216.0,64978944.0,30.02,0.112269256,17.62,3337115233.0,0.0,0.0,859222.0,3343057027.0,0.0,0.0,889893.0,0.0,0.0,0.0,0.0
2023-03-20 10:06:54.030000+00:00,4198400.0,52486144.0,66822144.0,64847872.0,30.04,0.112269256,17.62,3340184912.0,0.0,0.0,860195.0,3346136600.0,0.0,0.0,890930.0,0.0,0.0,0.0,0.0
2023-03-20 10:06:58.891000+00:00,4198400.0,52486144.0,66932736.0,64958464.0,30.09,0.112269256,17.68,3342818565.0,0.0,0.0,860956.0,3348780296.0,0.0,0.0,891721.0,0.0,0.0,0.0,0.0
2023-03-20 10:07:04.232000+00:00,4198400.0,52486144.0,66932736.0,64983040.0,30.12,0.112269256,17.7,3346846166.0,0.0,0.0,862132.0,3352811829.0,0.0,0.0,892957.0,0.0,0.0,0.0,0.0
2023-03-20 10:07:09.350000+00:00,4198400.0,52486144.0,67002368.0,65028096.0,30.16,0.113957801,17.77,3350273171.0,0.0,0.0,863080.0,3356258804.0,0.0,0.0,893965.0,0.0,0.0,0.0,0.0
2023-03-20 10:07:14.822000+00:00,4198400.0,52486144.0,67002368.0,65028096.0,30.22,0.113957801,17.77,3350273171.0,0.0,0.0,863080.0,3356258804.0,0.0,0.0,893965.0,0.0,0.0,0.0,0.0
2023-03-20 10:07:19.397000+00:00,4198400.0,52486144.0,66916352.0,64942080.0,30.3,0.113957801,17.84,3359776291.0,0.0,0.0,865827.0,3365790892.0,0.0,0.0,896861.0,0.0,0.0,0.0,0.0
2023-03-20 10:07:24.778000+00:00,4198400.0,52486144.0,66916352.0,64942080.0,30.34,0.113957801,17.84,3359776291.0,0.0,0.0,867240.0,3370425463.0,0.0,0.0,898359.0,0.0,0.0,0.0,0.0
2023-03-20 10:07:28.727000+00:00,4198400.0,52486144.0,66842624.0,64868352.0,30.45,0.113957801,17.93,3377707312.0,0.0,0.0,870802.0,3383757457.0,0.0,0.0,902042.0,0.0,0.0,0.0,0.0
2023-03-20 10:07:33.775000+00:00,4198400.0,52486144.0,66842624.0,64868352.0,30.64,0.113957801,17.97,3377707312.0,0.0,0.0,870802.0,3383757457.0,0.0,0.0,902042.0,0.0,0.0,0.0,0.0
2023-03-20 10:07:38.804000+00:00,4300800.0,52486144.0,66785280.0,64811008.0,30.66,0.113957801,18.02,3401307703.0,0.0,0.0,876569.0,3407371187.0,0.0,0.0,907847.0,0.0,0.0,0.0,0.0
2023-03-20 10:07:44.252000+00:00,4300800.0,52486144.0,66785280.0,64811008.0,30.72,0.113957801,18.04,3401307703.0,0.0,0.0,876569.0,3407371187.0,0.0,0.0,907847.0,0.0,0.0,0.0,0.0
2023-03-20 10:07:48.767000+00:00,4300800.0,52486144.0,66961408.0,64987136.0,30.77,0.113957801,18.12,3412338055.0,0.0,0.0,879786.0,3418447527.0,0.0,0.0,911309.0,0.0,0.0,0.0,0.0
2023-03-20 10:07:53.833000+00:00,4300800.0,52486144.0,67088384.0,65114112.0,30.82,0.113957801,18.14,3419955486.0,0.0,0.0,881534.0,3426083333.0,0.0,0.0,913245.0,0.0,0.0,0.0,0.0
2023-03-20 10:07:58.114000+00:00,4300800.0,52486144.0,66928640.0,64954368.0,30.83,0.113957801,18.21,3420044609.0,0.0,0.0,881580.0,3426175325.0,0.0,0.0,913294.0,0.0,0.0,0.0,0.0
2023-03-20 10:08:03.528000+00:00,4300800.0,52486144.0,66928640.0,64921600.0,30.86,0.113957801,18.22,3421644913.0,0.0,0.0,881945.0,3427788116.0,0.0,0.0,913706.0,0.0,0.0,0.0,0.0
2023-03-20 10:08:08.949000+00:00,4300800.0,52486144.0,66904064.0,64929792.0,30.92,0.113957801,18.28,3423955362.0,0.0,0.0,882716.0,3430110597.0,0.0,0.0,914538.0,0.0,0.0,0.0,0.0
2023-03-20 10:08:14.321000+00:00,4300800.0,52486144.0,66904064.0,64929792.0,31.14,0.113957801,18.3,3423955362.0,0.0,0.0,882716.0,3430110597.0,0.0,0.0,914538.0,0.0,0.0,0.0,0.0
2023-03-20 10:08:18.829000+00:00,4300800.0,52486144.0,67031040.0,65056768.0,31.16,0.113957801,18.37,3455514910.0,0.0,0.0,890305.0,3461710362.0,0.0,0.0,922381.0,0.0,0.0,0.0,0.0
2023-03-20 10:08:23.477000+00:00,4300800.0,52486144.0,67031040.0,65056768.0,31.18,0.113957801,18.37,3455514910.0,0.0,0.0,890469.0,3461831952.0,0.0,0.0,922570.0,0.0,0.0,0.0,0.0
2023-03-20 10:08:29.414000+00:00,4300800.0,52486144.0,66863104.0,64888832.0,31.25,0.113957801,18.44,3461321907.0,0.0,0.0,892000.0,3467547615.0,0.0,0.0,924226.0,0.0,0.0,0.0,0.0
2023-03-20 10:08:33.801000+00:00,4300800.0,52486144.0,66842624.0,64868352.0,31.45,0.113957801,18.47,3488836820.0,0.0,0.0,898630.0,3495065007.0,0.0,0.0,930890.0,0.0,0.0,0.0,0.0
2023-03-20 10:08:39.796000+00:00,4419584.0,52486144.0,67063808.0,65089536.0,31.58,0.113957801,18.55,3499994948.0,0.0,0.0,901185.0,3506241294.0,0.0,0.0,933648.0,0.0,0.0,0.0,0.0
2023-03-20 10:08:44.916000+00:00,4419584.0,52486144.0,67063808.0,65089536.0,31.6,0.113957801,18.55,3499994948.0,0.0,0.0,901290.0,3506344496.0,0.0,0.0,933771.0,0.0,0.0,0.0,0.0
2023-03-20 10:08:48.540000+00:00,4419584.0,52486144.0,66850816.0,64876544.0,31.64,0.113957801,18.56,3503775603.0,0.0,0.0,902351.0,3510037242.0,0.0,0.0,934882.0,0.0,0.0,0.0,0.0
2023-03-20 10:08:54.748000+00:00,4419584.0,52486144.0,67080192.0,65105920.0,31.66,0.113957801,18.56,3503966930.0,0.0,0.0,902532.0,3510236012.0,0.0,0.0,935094.0,0.0,0.0,0.0,0.0
2023-03-20 10:08:59.868000+00:00,4419584.0,52486144.0,67280896.0,65306624.0,31.8,0.113957801,18.69,3517730355.0,0.0,0.0,906193.0,3524022780.0,0.0,0.0,938861.0,0.0,0.0,0.0,0.0
2023-03-20 10:09:03.962000+00:00,4419584.0,52486144.0,66953216.0,64978944.0,31.84,0.113957801,18.69,3519951637.0,0.0,0.0,906957.0,3526258864.0,0.0,0.0,939685.0,0.0,0.0,0.0,0.0
2023-03-20 10:09:08.707000+00:00,4419584.0,52486144.0,66842624.0,64868352.0,31.87,0.113957801,18.7,3522447557.0,0.0,0.0,907693.0,3528764999.0,0.0,0.0,940454.0,0.0,0.0,0.0,0.0
2023-03-20 10:09:13.957000+00:00,4419584.0,52486144.0,67100672.0,65126400.0,31.91,0.113957801,18.7,3526708124.0,0.0,0.0,908938.0,3533039858.0,0.0,0.0,941753.0,0.0,0.0,0.0,0.0
2023-03-20 10:09:19.512000+00:00,4419584.0,52486144.0,66990080.0,65015808.0,31.99,0.113957801,18.78,3536692668.0,0.0,0.0,911502.0,3543032977.0,0.0,0.0,944362.0,0.0,0.0,0.0,0.0
2023-03-20 10:09:24.443000+00:00,4419584.0,52486144.0,66990080.0,64851968.0,32.23,0.113957801,18.87,3564150222.0,0.0,0.0,917142.0,3570501151.0,0.0,0.0,950194.0,0.0,0.0,0.0,0.0
2023-03-20 10:09:29.257000+00:00,4419584.0,52502528.0,66932736.0,64958464.0,32.33,0.113957801,18.89,3574786563.0,0.0,0.0,919562.0,3581161567.0,0.0,0.0,952801.0,0.0,0.0,0.0,0.0
2023-03-20 10:09:34.765000+00:00,4419584.0,52502528.0,66932736.0,64958464.0,32.36,0.113957801,18.96,3574786563.0,0.0,0.0,919562.0,3581161567.0,0.0,0.0,953372.0,0.0,0.0,0.0,0.0
2023-03-20 10:09:39.121000+00:00,4513792.0,52510720.0,66732032.0,64757760.0,32.41,0.113957801,18.98,3583735116.0,0.0,0.0,921846.0,3590130642.0,0.0,0.0,955212.0,0.0,0.0,0.0,0.0
2023-03-20 10:09:44.037000+00:00,4513792.0,52510720.0,66732032.0,64757760.0,32.43,0.113957801,19.04,3583735116.0,0.0,0.0,921846.0,3590130642.0,0.0,0.0,955212.0,0.0,0.0,0.0,0.0
2023-03-20 10:09:48.958000+00:00,4513792.0,52518912.0,67002368.0,65028096.0,32.44,0.113957801,19.06,3588746055.0,0.0,0.0,923119.0,3595155243.0,0.0,0.0,956587.0,0.0,0.0,0.0,0.0
2023-03-20 10:09:53.347000+00:00,4513792.0,52518912.0,67002368.0,65028096.0,32.46,0.113957801,19.06,3588746055.0,0.0,0.0,923119.0,3595155243.0,0.0,0.0,956587.0,0.0,0.0,0.0,0.0
2023-03-20 10:09:58.422000+00:00,4513792.0,52518912.0,67026944.0,65052672.0,32.48,0.113957801,19.13,3594737842.0,0.0,0.0,924821.0,3601159710.0,0.0,0.0,958355.0,0.0,0.0,0.0,0.0
2023-03-20 10:10:04.026000+00:00,4513792.0,52523008.0,66867200.0,64892928.0,32.49,0.113957801,19.13,3594828978.0,0.0,0.0,924890.0,3601251430.0,0.0,0.0,958431.0,0.0,0.0,0.0,0.0
2023-03-20 10:10:08.906000+00:00,4513792.0,52523008.0,66871296.0,64897024.0,32.49,0.113957801,19.2,3594919174.0,0.0,0.0,924955.0,3601342130.0,0.0,0.0,958502.0,0.0,0.0,0.0,0.0
2023-03-20 10:10:13.364000+00:00,4513792.0,52523008.0,66871296.0,64897024.0,32.51,0.113957801,19.26,3594919174.0,0.0,0.0,924955.0,3601342130.0,0.0,0.0,958502.0,0.0,0.0,0.0,0.0
2023-03-20 10:10:18.421000+00:00,4513792.0,52523008.0,66748416.0,64774144.0,32.55,0.113957801,19.27,3598522150.0,0.0,0.0,925987.0,3604968164.0,0.0,0.0,959639.0,0.0,0.0,0.0,0.0
2023-03-20 10:10:24.254000+00:00,4513792.0,52523008.0,66748416.0,64774144.0,32.69,0.113957801,19.34,3610886926.0,0.0,0.0,929135.0,3617351755.0,0.0,0.0,962889.0,0.0,0.0,0.0,0.0
2023-03-20 10:10:29.805000+00:00,4513792.0,52531200.0,67002368.0,65028096.0,32.72,0.113957801,19.35,3613665589.0,0.0,0.0,930053.0,3620140459.0,0.0,0.0,963873.0,0.0,0.0,0.0,0.0
2023-03-20 10:10:33.420000+00:00,4513792.0,52531200.0,66924544.0,64950272.0,32.84,0.113957801,19.35,3625879751.0,0.0,0.0,933384.0,3632376645.0,0.0,0.0,967333.0,0.0,0.0,0.0,0.0
2023-03-20 10:10:38.336000+00:00,4612096.0,52531200.0,66883584.0,64909312.0,33.03,0.113957801,19.44,3649873337.0,0.0,0.0,939412.0,3656380879.0,0.0,0.0,973433.0,0.0,0.0,0.0,0.0
2023-03-20 10:10:44.787000+00:00,4612096.0,52531200.0,66883584.0,64909312.0,33.07,0.113957801,19.52,3649873337.0,0.0,0.0,939412.0,3656380879.0,0.0,0.0,973433.0,0.0,0.0,0.0,0.0
2023-03-20 10:10:49.823000+00:00,4612096.0,52535296.0,67039232.0,65064960.0,33.16,0.113957801,19.53,3666705224.0,0.0,0.0,943851.0,3673238401.0,0.0,0.0,977975.0,0.0,0.0,0.0,0.0
2023-03-20 10:10:53.825000+00:00,4612096.0,52535296.0,67039232.0,65064960.0,33.22,0.113957801,19.58,3666705224.0,0.0,0.0,943851.0,3673238401.0,0.0,0.0,979140.0,0.0,0.0,0.0,0.0
2023-03-20 10:10:59.075000+00:00,4612096.0,52535296.0,67039232.0,65064960.0,33.33,0.113957801,19.59,3666705224.0,0.0,0.0,943851.0,3673238401.0,0.0,0.0,979140.0,0.0,0.0,0.0,0.0
2023-03-20 10:11:04.111000+00:00,4612096.0,52535296.0,67125248.0,65150976.0,33.35,0.113957801,19.59,3689800092.0,0.0,0.0,949483.0,3696373958.0,0.0,0.0,983784.0,0.0,0.0,0.0,0.0
2023-03-20 10:11:09.654000+00:00,4612096.0,52543488.0,67190784.0,65216512.0,33.51,0.113957801,19.68,3712328099.0,0.0,0.0,955137.0,3718922197.0,0.0,0.0,989540.0,0.0,0.0,0.0,0.0
2023-03-20 10:11:14.624000+00:00,4612096.0,52543488.0,67190784.0,65216512.0,33.54,0.113957801,19.74,3712328099.0,0.0,0.0,955137.0,3718922197.0,0.0,0.0,989540.0,0.0,0.0,0.0,0.0
2023-03-20 10:11:18.662000+00:00,4612096.0,52547584.0,67321856.0,65347584.0,33.7,0.113957801,19.78,3732761191.0,0.0,0.0,960337.0,3739375974.0,0.0,0.0,994807.0,0.0,0.0,0.0,0.0
2023-03-20 10:11:24.550000+00:00,4612096.0,52547584.0,67321856.0,65060864.0,33.8,0.113957801,19.78,3742952055.0,0.0,0.0,963023.0,3749581921.0,0.0,0.0,997560.0,0.0,0.0,0.0,0.0
2023-03-20 10:11:28.839000+00:00,4612096.0,52551680.0,66940928.0,64966656.0,33.86,0.113957801,19.86,3749171171.0,0.0,0.0,964820.0,3755815026.0,0.0,0.0,999443.0,0.0,0.0,0.0,0.0
2023-03-20 10:11:33.820000+00:00,4612096.0,52551680.0,66940928.0,64966656.0,33.87,0.113957801,19.87,3749171171.0,0.0,0.0,964921.0,3755942435.0,0.0,0.0,999553.0,0.0,0.0,0.0,0.0
2023-03-20 10:11:39.717000+00:00,4706304.0,52551680.0,67072000.0,65097728.0,33.9,0.113957801,19.93,3749405173.0,0.0,0.0,965101.0,3756067725.0,0.0,0.0,999766.0,0.0,0.0,0.0,0.0
2023-03-20 10:11:43.668000+00:00,4706304.0,52551680.0,66809856.0,64835584.0,34.12,0.113957801,19.93,3781084802.0,0.0,0.0,972830.0,3787759954.0,0.0,0.0,1007600.0,0.0,0.0,0.0,0.0
2023-03-20 10:11:49.334000+00:00,4706304.0,52555776.0,67317760.0,65343488.0,34.16,0.114677622,20.0,3784599775.0,0.0,0.0,973825.0,3791282594.0,0.0,0.0,1008628.0,0.0,0.0,0.0,0.0
2023-03-20 10:11:54.138000+00:00,4706304.0,52555776.0,67317760.0,65343488.0,34.19,0.114677622,20.0,3784599775.0,0.0,0.0,973825.0,3791282594.0,0.0,0.0,1009542.0,0.0,0.0,0.0,0.0
2023-03-20 10:11:59.269000+00:00,4706304.0,52563968.0,66953216.0,64978944.0,34.32,0.114677622,20.1,3799724332.0,0.0,0.0,977900.0,3806440942.0,0.0,0.0,1012887.0,0.0,0.0,0.0,0.0
2023-03-20 10:12:04.651000+00:00,4706304.0,52563968.0,67190784.0,65216512.0,34.48,0.114677622,20.1,3819933364.0,0.0,0.0,983088.0,3826667379.0,0.0,0.0,1018170.0,0.0,0.0,0.0,0.0
2023-03-20 10:12:09.183000+00:00,4706304.0,52563968.0,67350528.0,65376256.0,34.56,0.114677622,20.2,3829050591.0,0.0,0.0,985496.0,3835801663.0,0.0,0.0,1020633.0,0.0,0.0,0.0,0.0
2023-03-20 10:12:14.064000+00:00,4706304.0,52563968.0,66822144.0,64847872.0,34.6,0.114677622,20.2,3833421968.0,0.0,0.0,986732.0,3840183283.0,0.0,0.0,1020633.0,0.0,0.0,0.0,0.0
2023-03-20 10:12:19.114000+00:00,4706304.0,52563968.0,66846720.0,64872448.0,34.6,0.114677622,20.27,3833536868.0,0.0,0.0,986801.0,3840301343.0,0.0,0.0,1022015.0,0.0,0.0,0.0,0.0
2023-03-20 10:12:23.814000+00:00,4706304.0,52563968.0,67080192.0,65105920.0,34.67,0.114677622,20.28,3841680715.0,0.0,0.0,988985.0,3848463995.0,0.0,0.0,1024280.0,0.0,0.0,0.0,0.0
2023-03-20 10:12:28.845000+00:00,4706304.0,52563968.0,67330048.0,65355776.0,34.72,0.114677622,20.35,3844526370.0,0.0,0.0,989888.0,3851323704.0,0.0,0.0,1025233.0,0.0,0.0,0.0,0.0
2023-03-20 10:12:33.976000+00:00,4706304.0,52563968.0,67330048.0,64983040.0,34.84,0.114677622,20.37,3865697778.0,0.0,0.0,995465.0,3872518538.0,0.0,0.0,1030953.0,0.0,0.0,0.0,0.0
2023-03-20 10:12:38.910000+00:00,4820992.0,52568064.0,66846720.0,64872448.0,34.97,0.114677622,20.44,3878009064.0,0.0,0.0,998638.0,3884844786.0,0.0,0.0,1034191.0,0.0,0.0,0.0,0.0
2023-03-20 10:12:44.644000+00:00,4820992.0,52568064.0,66846720.0,64872448.0,35.1,0.114677622,20.46,3878009064.0,0.0,0.0,998638.0,3884844786.0,0.0,0.0,1034191.0,0.0,0.0,0.0,0.0
2023-03-20 10:12:49.132000+00:00,4820992.0,52568064.0,67002368.0,65028096.0,35.24,0.114677622,20.54,3902871716.0,0.0,0.0,1005385.0,3909756716.0,0.0,0.0,1041231.0,0.0,0.0,0.0,0.0
2023-03-20 10:12:54.426000+00:00,4820992.0,52568064.0,67002368.0,65028096.0,35.31,0.114677622,20.54,3902871716.0,0.0,0.0,1007269.0,3916639522.0,0.0,0.0,1043172.0,0.0,0.0,0.0,0.0
2023-03-20 10:12:58.372000+00:00,4820992.0,52568064.0,67186688.0,65212416.0,35.35,0.114677622,20.61,3911228088.0,0.0,0.0,1007769.0,3918137637.0,0.0,0.0,1043701.0,0.0,0.0,0.0,0.0
2023-03-20 10:13:04.182000+00:00,4820992.0,52568064.0,67186688.0,65212416.0,35.5,0.114677622,20.61,3911228088.0,0.0,0.0,1007769.0,3918137637.0,0.0,0.0,1043701.0,0.0,0.0,0.0,0.0
2023-03-20 10:13:09.199000+00:00,4820992.0,52568064.0,67121152.0,65146880.0,35.54,0.114677622,20.72,3933004687.0,0.0,0.0,1013372.0,3939960187.0,0.0,0.0,1049580.0,0.0,0.0,0.0,0.0
2023-03-20 10:13:12.457000+00:00,4820992.0,52568064.0,66871296.0,64897024.0,35.55,0.114677622,20.72,3933119906.0,0.0,0.0,1013435.0,3940081139.0,0.0,0.0,1049650.0,0.0,0.0,0.0,0.0
2023-03-20 10:13:18.999000+00:00,4820992.0,52568064.0,67485696.0,65511424.0,35.57,0.114677622,20.77,3933244989.0,0.0,0.0,1013561.0,3940225135.0,0.0,0.0,1049785.0,0.0,0.0,0.0,0.0
2023-03-20 10:13:24.310000+00:00,4820992.0,52568064.0,66981888.0,65007616.0,35.58,0.114677622,20.78,3934514394.0,0.0,0.0,1014059.0,3941510351.0,0.0,0.0,1050320.0,0.0,0.0,0.0,0.0
2023-03-20 10:13:28.994000+00:00,4820992.0,52568064.0,67149824.0,65175552.0,35.65,0.117529366,20.88,3945507327.0,0.0,0.0,1016895.0,3952525009.0,0.0,0.0,1053316.0,0.0,0.0,0.0,0.0
2023-03-20 10:13:33.710000+00:00,4820992.0,52568064.0,67149824.0,64950272.0,35.67,0.117529366,20.88,3949664389.0,0.0,0.0,1018154.0,3956699431.0,0.0,0.0,1054634.0,0.0,0.0,0.0,0.0
2023-03-20 10:13:38.599000+00:00,4960256.0,52576256.0,67006464.0,65032192.0,35.69,0.117529366,20.94,3949753711.0,0.0,0.0,1018213.0,3956791435.0,0.0,0.0,1054693.0,0.0,0.0,0.0,0.0
2023-03-20 10:13:43.713000+00:00,4960256.0,52576256.0,67006464.0,65032192.0,35.69,0.117529366,20.94,3949753711.0,0.0,0.0,1018213.0,3956791435.0,0.0,0.0,1054693.0,0.0,0.0,0.0,0.0
2023-03-20 10:13:48.312000+00:00,4960256.0,52576256.0,66945024.0,64970752.0,35.73,0.117529366,20.94,3951828278.0,0.0,0.0,1018940.0,3958877941.0,0.0,0.0,1055477.0,0.0,0.0,0.0,0.0
2023-03-20 10:13:54.407000+00:00,4960256.0,52576256.0,66945024.0,65085440.0,35.8,0.117529366,21.01,3959016862.0,0.0,0.0,1020874.0,3966078236.0,0.0,0.0,1057464.0,0.0,0.0,0.0,0.0
2023-03-20 10:13:59.448000+00:00,4960256.0,52580352.0,67153920.0,65179648.0,35.89,0.117529366,21.07,3967694326.0,0.0,0.0,1023137.0,3974766943.0,0.0,0.0,1059775.0,0.0,0.0,0.0,0.0
2023-03-20 10:14:04.488000+00:00,4960256.0,52580352.0,67153920.0,65179648.0,36.01,0.117529366,21.07,3967694326.0,0.0,0.0,1029919.0,4002312987.0,0.0,0.0,1066603.0,0.0,0.0,0.0,0.0
2023-03-20 10:14:08.906000+00:00,4960256.0,52977664.0,67866624.0,65892352.0,36.13,0.117529366,21.12,4008822244.0,0.0,0.0,1033528.0,4015919986.0,0.0,0.0,1070335.0,0.0,0.0,0.0,0.0
2023-03-20 10:14:13.338000+00:00,4960256.0,52977664.0,67866624.0,65892352.0,36.23,0.117529366,21.19,4008822244.0,0.0,0.0,1033528.0,4015919986.0,0.0,0.0,1070335.0,0.0,0.0,0.0,0.0
2023-03-20 10:14:19.704000+00:00,4960256.0,52584448.0,67346432.0,65372160.0,36.3,0.117529366,21.26,4036937762.0,0.0,0.0,1040539.0,4044055804.0,0.0,0.0,1077408.0,0.0,0.0,0.0,0.0
2023-03-20 10:14:24.351000+00:00,4960256.0,52584448.0,67346432.0,65372160.0,36.42,0.117529366,21.27,4036937762.0,0.0,0.0,1040539.0,4044055804.0,0.0,0.0,1081522.0,0.0,0.0,0.0,0.0
2023-03-20 10:14:28.988000+00:00,4960256.0,52592640.0,66961408.0,64987136.0,36.42,0.117529366,21.27,4052584339.0,0.0,0.0,1044423.0,4059732504.0,0.0,0.0,1081566.0,0.0,0.0,0.0,0.0
2023-03-20 10:14:33.645000+00:00,4960256.0,52592640.0,66875392.0,64901120.0,36.51,0.117529366,21.35,4060920047.0,0.0,0.0,1046850.0,4068087933.0,0.0,0.0,1084125.0,0.0,0.0,0.0,0.0
2023-03-20 10:14:38.975000+00:00,5062656.0,52600832.0,67002368.0,65028096.0,36.58,0.117529366,21.36,4067931174.0,0.0,0.0,1048648.0,4075120473.0,0.0,0.0,1086011.0,0.0,0.0,0.0,0.0
2023-03-20 10:14:43.964000+00:00,5062656.0,52600832.0,67002368.0,65028096.0,36.64,0.117529366,21.42,4067931174.0,0.0,0.0,1048648.0,4075120473.0,0.0,0.0,1086011.0,0.0,0.0,0.0,0.0
2023-03-20 10:14:48.944000+00:00,5062656.0,52600832.0,67006464.0,65032192.0,36.77,0.117529366,21.45,4092226064.0,0.0,0.0,1054798.0,4099455146.0,0.0,0.0,1092330.0,0.0,0.0,0.0,0.0
2023-03-20 10:14:54.366000+00:00,5062656.0,52600832.0,67096576.0,65122304.0,36.84,0.117529366,21.52,4096037193.0,0.0,0.0,1055956.0,4103276514.0,0.0,0.0,1093556.0,0.0,0.0,0.0,0.0
2023-03-20 10:14:59.250000+00:00,5062656.0,52600832.0,66891776.0,64917504.0,36.87,0.117529366,21.52,4100767540.0,0.0,0.0,1055956.0,4103276514.0,0.0,0.0,1093556.0,0.0,0.0,0.0,0.0
2023-03-20 10:15:04.076000+00:00,5062656.0,52600832.0,66891776.0,64917504.0,37.02,0.117529366,21.52,4112428578.0,0.0,0.0,1060312.0,4119698601.0,0.0,0.0,1098093.0,0.0,0.0,0.0,0.0
2023-03-20 10:15:08.448000+00:00,5062656.0,52600832.0,67272704.0,65298432.0,37.02,0.117529366,21.59,4112523110.0,0.0,0.0,1060397.0,4119803959.0,0.0,0.0,1098183.0,0.0,0.0,0.0,0.0
2023-03-20 10:15:13.772000+00:00,5062656.0,52600832.0,67006464.0,65032192.0,37.06,0.117529366,21.64,4114254743.0,0.0,0.0,1061068.0,4121548678.0,0.0,0.0,1098927.0,0.0,0.0,0.0,0.0
2023-03-20 10:15:18.398000+00:00,5062656.0,52600832.0,67112960.0,65138688.0,37.1,0.117529366,21.66,4117021361.0,0.0,0.0,1061980.0,4124330033.0,0.0,0.0,1099897.0,0.0,0.0,0.0,0.0
2023-03-20 10:15:23.926000+00:00,5062656.0,52600832.0,67112960.0,65138688.0,37.12,0.117529366,21.66,4117021361.0,0.0,0.0,1062063.0,4124433311.0,0.0,0.0,1099985.0,0.0,0.0,0.0,0.0
2023-03-20 10:15:28.701000+00:00,5062656.0,52600832.0,67018752.0,65044480.0,37.18,0.117529366,21.74,4128931619.0,0.0,0.0,1065244.0,4136270859.0,0.0,0.0,1103259.0,0.0,0.0,0.0,0.0
2023-03-20 10:15:33.504000+00:00,5062656.0,52600832.0,67022848.0,65048576.0,37.25,0.117529366,21.81,4132826443.0,0.0,0.0,1066407.0,4140180528.0,0.0,0.0,1104483.0,0.0,0.0,0.0,0.0
2023-03-20 10:15:39.147000+00:00,5173248.0,52604928.0,67006464.0,65032192.0,37.26,0.117529366,21.81,4132919107.0,0.0,0.0,1066481.0,4140278822.0,0.0,0.0,1104562.0,0.0,0.0,0.0,0.0
2023-03-20 10:15:44.262000+00:00,5173248.0,52604928.0,67006464.0,65032192.0,37.37,0.117529366,21.88,4132919107.0,0.0,0.0,1066481.0,4140278822.0,0.0,0.0,1104562.0,0.0,0.0,0.0,0.0
2023-03-20 10:15:49.109000+00:00,5173248.0,52604928.0,67268608.0,65294336.0,37.47,0.117529366,21.89,4152798862.0,0.0,0.0,1071714.0,4160181246.0,0.0,0.0,1109929.0,0.0,0.0,0.0,0.0
2023-03-20 10:15:54.767000+00:00,5173248.0,52604928.0,67182592.0,65208320.0,37.51,0.117529366,21.89,4154147547.0,0.0,0.0,1072186.0,4161542905.0,0.0,0.0,1110436.0,0.0,0.0,0.0,0.0
2023-03-20 10:15:58.688000+00:00,5173248.0,52609024.0,67145728.0,65171456.0,37.52,0.117529366,21.96,4154183916.0,0.0,0.0,1072235.0,4161582542.0,0.0,0.0,1110494.0,0.0,0.0,0.0,0.0
2023-03-20 10:16:04.823000+00:00,5173248.0,52609024.0,67145728.0,64933888.0,37.6,0.117529366,21.96,4160772467.0,0.0,0.0,1074110.0,4168188062.0,0.0,0.0,1112462.0,0.0,0.0,0.0,0.0
2023-03-20 10:16:07.178000+00:00,5173248.0,52609024.0,66879488.0,64905216.0,37.66,0.117529366,22.03,4169558238.0,0.0,0.0,1076249.0,4176974580.0,0.0,0.0,1114610.0,0.0,0.0,0.0,0.0
2023-03-20 10:16:14.723000+00:00,5173248.0,52609024.0,67174400.0,65200128.0,37.86,0.117529366,22.03,4194373022.0,0.0,0.0,1082756.0,4201824721.0,0.0,0.0,1121321.0,0.0,0.0,0.0,0.0
2023-03-20 10:16:18.844000+00:00,5173248.0,52609024.0,66965504.0,64991232.0,37.93,0.117529366,22.13,4203821206.0,0.0,0.0,1085356.0,4211292447.0,0.0,0.0,1124012.0,0.0,0.0,0.0,0.0
2023-03-20 10:16:23.612000+00:00,5173248.0,52609024.0,66965504.0,65093632.0,38.02,0.117529366,22.13,4209664570.0,0.0,0.0,1086878.0,4217141022.0,0.0,0.0,1125568.0,0.0,0.0,0.0,0.0
2023-03-20 10:16:29.577000+00:00,5173248.0,52609024.0,67117056.0,65142784.0,38.06,0.117529366,22.2,4215523236.0,0.0,0.0,1088664.0,4223024622.0,0.0,0.0,1127486.0,0.0,0.0,0.0,0.0
2023-03-20 10:16:33.787000+00:00,5173248.0,52609024.0,67117056.0,65142784.0,38.22,0.117529366,22.29,4215523236.0,0.0,0.0,1094612.0,4247717257.0,0.0,0.0,1133441.0,0.0,0.0,0.0,0.0
2023-03-20 10:16:39.780000+00:00,5279744.0,52613120.0,67117056.0,65142784.0,38.33,0.117529366,22.32,4251855823.0,0.0,0.0,1097741.0,4259382068.0,0.0,0.0,1136654.0,0.0,0.0,0.0,0.0
2023-03-20 10:16:44.860000+00:00,5279744.0,52613120.0,67117056.0,65142784.0,38.44,0.117529366,22.39,4251855823.0,0.0,0.0,1097741.0,4259382068.0,0.0,0.0,1136654.0,0.0,0.0,0.0,0.0
2023-03-20 10:16:49.794000+00:00,5279744.0,52613120.0,67039232.0,65064960.0,38.47,0.117529366,22.39,4263243273.0,0.0,0.0,1100808.0,4270799359.0,0.0,0.0,1139808.0,0.0,0.0,0.0,0.0
2023-03-20 10:16:54.841000+00:00,5279744.0,52613120.0,67039232.0,65064960.0,38.56,0.117529366,22.47,4263243273.0,0.0,0.0,1100808.0,4270799359.0,0.0,0.0,1141553.0,0.0,0.0,0.0,0.0
2023-03-20 10:16:59.448000+00:00,5279744.0,52621312.0,67330048.0,65355776.0,38.67,0.117529366,22.48,4280151998.0,0.0,0.0,1105557.0,4287755652.0,0.0,0.0,1144831.0,0.0,0.0,0.0,0.0
2023-03-20 10:17:03.893000+00:00,5279744.0,52621312.0,67072000.0,65097728.0,38.89,0.117529366,22.48,4311262634.0,0.0,0.0,1113187.0,4318877464.0,0.0,0.0,1152503.0,0.0,0.0,0.0,0.0
2023-03-20 10:17:09.480000+00:00,5279744.0,52621312.0,67072000.0,65712128.0,38.94,0.117529366,22.6,4314030969.0,0.0,0.0,1114109.0,4321668543.0,0.0,0.0,1153489.0,0.0,0.0,0.0,0.0
2023-03-20 10:17:13.027000+00:00,5279744.0,52637696.0,67076096.0,65101824.0,39.01,0.117529366,22.6,4323074140.0,0.0,0.0,1116150.0,4330713350.0,0.0,0.0,1153489.0,0.0,0.0,0.0,0.0
2023-03-20 10:17:19.016000+00:00,5279744.0,52641792.0,67076096.0,65101824.0,39.05,0.117529366,22.67,4326752050.0,0.0,0.0,1117161.0,4334396255.0,0.0,0.0,1156612.0,0.0,0.0,0.0,0.0
2023-03-20 10:17:24.010000+00:00,5279744.0,52641792.0,67080192.0,65105920.0,39.13,0.117529366,22.68,4336405506.0,0.0,0.0,1119752.0,4344070756.0,0.0,0.0,1159320.0,0.0,0.0,0.0,0.0
2023-03-20 10:17:29.466000+00:00,5279744.0,52641792.0,66949120.0,64974848.0,39.18,0.117999258,22.76,4342324372.0,0.0,0.0,1121365.0,4350007636.0,0.0,0.0,1161004.0,0.0,0.0,0.0,0.0
2023-03-20 10:17:33.728000+00:00,5279744.0,52641792.0,66949120.0,64974848.0,39.19,0.117999258,22.77,4342436112.0,0.0,0.0,1121535.0,4350128950.0,0.0,0.0,1161197.0,0.0,0.0,0.0,0.0
2023-03-20 10:17:39.747000+00:00,5402624.0,52645888.0,67375104.0,65400832.0,39.33,0.117999258,22.86,4364783233.0,0.0,0.0,1126915.0,4372494584.0,0.0,0.0,1166670.0,0.0,0.0,0.0,0.0
2023-03-20 10:17:43.812000+00:00,5402624.0,52645888.0,67375104.0,65400832.0,39.37,0.117999258,22.87,4364783233.0,0.0,0.0,1126915.0,4372494584.0,0.0,0.0,1166670.0,0.0,0.0,0.0,0.0
2023-03-20 10:17:49.335000+00:00,5402624.0,52645888.0,66953216.0,64978944.0,39.45,0.117999258,22.92,4373948157.0,0.0,0.0,1129599.0,4381687409.0,0.0,0.0,1169487.0,0.0,0.0,0.0,0.0
2023-03-20 10:17:54.800000+00:00,5402624.0,52645888.0,66953216.0,64978944.0,39.49,0.117999258,22.93,4373948157.0,0.0,0.0,1130516.0,4384623188.0,0.0,0.0,1170460.0,0.0,0.0,0.0,0.0
2023-03-20 10:17:59.094000+00:00,5402624.0,52645888.0,67096576.0,65114112.0,39.72,0.117999258,23.04,4407320163.0,0.0,0.0,1137630.0,4415081186.0,0.0,0.0,1177681.0,0.0,0.0,0.0,0.0
2023-03-20 10:18:03.032000+00:00,5402624.0,52645888.0,67096576.0,65114112.0,39.8,0.117999258,23.05,4407320163.0,0.0,0.0,1137630.0,4415081186.0,0.0,0.0,1180168.0,0.0,0.0,0.0,0.0
2023-03-20 10:18:08.767000+00:00,5402624.0,52645888.0,67256320.0,65282048.0,39.87,0.117999258,23.12,4425511215.0,0.0,0.0,1142318.0,4433296661.0,0.0,0.0,1182454.0,0.0,0.0,0.0,0.0
2023-03-20 10:18:13.626000+00:00,5402624.0,52645888.0,67256320.0,65282048.0,39.94,0.117999258,23.12,4425511215.0,0.0,0.0,1142318.0,4433296661.0,0.0,0.0,1182454.0,0.0,0.0,0.0,0.0
2023-03-20 10:18:19.683000+00:00,5402624.0,52658176.0,67043328.0,65069056.0,40.4,0.117999258,23.31,4506554298.0,0.0,0.0,1161790.0,4514407495.0,0.0,0.0,1202536.0,0.0,0.0,0.0,0.0
2023-03-20 10:18:23.706000+00:00,5402624.0,52658176.0,67108864.0,65134592.0,40.43,0.117999258,23.34,4508873412.0,0.0,0.0,1162513.0,4516739763.0,0.0,0.0,1203296.0,0.0,0.0,0.0,0.0
2023-03-20 10:18:29.156000+00:00,5402624.0,52658176.0,67584000.0,65609728.0,40.56,0.117999258,23.43,4523938360.0,0.0,0.0,1166195.0,4531844058.0,0.0,0.0,1207266.0,0.0,0.0,0.0,0.0
2023-03-20 10:18:33.137000+00:00,5402624.0,52658176.0,67584000.0,65265664.0,40.58,0.117999258,23.43,4529970962.0,0.0,0.0,1167736.0,4537877729.0,0.0,0.0,1208818.0,0.0,0.0,0.0,0.0
2023-03-20 10:18:39.880000+00:00,5562368.0,52658176.0,67448832.0,65474560.0,40.67,0.117999258,23.51,4537685829.0,0.0,0.0,1169826.0,4545630371.0,0.0,0.0,1211131.0,0.0,0.0,0.0,0.0
2023-03-20 10:18:43.809000+00:00,5562368.0,52658176.0,67448832.0,65474560.0,40.72,0.117999258,23.52,4537685829.0,0.0,0.0,1169826.0,4545630371.0,0.0,0.0,1211131.0,0.0,0.0,0.0,0.0
2023-03-20 10:18:48.154000+00:00,5562368.0,52658176.0,67436544.0,65462272.0,40.77,0.117999258,23.58,4546819050.0,0.0,0.0,1172444.0,4554793899.0,0.0,0.0,1213881.0,0.0,0.0,0.0,0.0
2023-03-20 10:18:53.731000+00:00,5562368.0,52670464.0,67436544.0,65482752.0,40.95,0.117999258,23.58,4574339583.0,0.0,0.0,1179050.0,4582331453.0,0.0,0.0,1220546.0,0.0,0.0,0.0,0.0
2023-03-20 10:18:59.593000+00:00,5562368.0,52670464.0,67485696.0,65511424.0,41.06,0.117999258,23.71,4586207879.0,0.0,0.0,1182278.0,4594225425.0,0.0,0.0,1223880.0,0.0,0.0,0.0,0.0
2023-03-20 10:19:04.682000+00:00,5562368.0,52670464.0,67485696.0,65511424.0,41.09,0.117999258,23.72,4588841076.0,0.0,0.0,1183043.0,4596866388.0,0.0,0.0,1224680.0,0.0,0.0,0.0,0.0
2023-03-20 10:19:09.355000+00:00,5562368.0,52670464.0,67342336.0,65368064.0,41.13,0.117999258,23.78,4591658341.0,0.0,0.0,1183657.0,4599698333.0,0.0,0.0,1225367.0,0.0,0.0,0.0,0.0
2023-03-20 10:19:14.843000+00:00,5562368.0,52670464.0,67342336.0,65368064.0,41.2,0.117999258,23.8,4591658341.0,0.0,0.0,1183657.0,4599698333.0,0.0,0.0,1225367.0,0.0,0.0,0.0,0.0
2023-03-20 10:19:18.550000+00:00,5562368.0,52670464.0,67522560.0,65548288.0,41.28,0.117999258,23.88,4601729328.0,0.0,0.0,1186404.0,4609799783.0,0.0,0.0,1228294.0,0.0,0.0,0.0,0.0
2023-03-20 10:19:23.863000+00:00,5562368.0,52670464.0,67522560.0,65548288.0,41.34,0.117999258,23.88,4601729328.0,0.0,0.0,1189112.0,4620570981.0,0.0,0.0,1231158.0,0.0,0.0,0.0,0.0
2023-03-20 10:19:29.310000+00:00,5562368.0,52674560.0,67481600.0,65507328.0,41.41,0.117999258,23.94,4616788741.0,0.0,0.0,1190356.0,4624890155.0,0.0,0.0,1232465.0,0.0,0.0,0.0,0.0
2023-03-20 10:19:34.373000+00:00,5562368.0,52674560.0,67108864.0,65134592.0,41.44,0.117999258,23.94,4618415851.0,0.0,0.0,1190963.0,4626531775.0,0.0,0.0,1233130.0,0.0,0.0,0.0,0.0
2023-03-20 10:19:38.552000+00:00,5689344.0,52674560.0,67854336.0,65880064.0,41.58,0.117999258,24.02,4640652400.0,0.0,0.0,1196460.0,4648774087.0,0.0,0.0,1238668.0,0.0,0.0,0.0,0.0
2023-03-20 10:19:43.636000+00:00,5689344.0,52674560.0,67854336.0,65880064.0,41.7,0.117999258,24.04,4640652400.0,0.0,0.0,1196460.0,4648774087.0,0.0,0.0,1238668.0,0.0,0.0,0.0,0.0
2023-03-20 10:19:49.444000+00:00,5689344.0,52674560.0,67260416.0,65286144.0,41.79,0.117999258,24.11,4662980778.0,0.0,0.0,1202249.0,4671148456.0,0.0,0.0,1244706.0,0.0,0.0,0.0,0.0
2023-03-20 10:19:54.711000+00:00,5689344.0,52674560.0,67371008.0,65396736.0,41.81,0.117999258,24.12,4665092854.0,0.0,0.0,1202885.0,4673274873.0,0.0,0.0,1245397.0,0.0,0.0,0.0,0.0
2023-03-20 10:19:58.167000+00:00,5689344.0,52674560.0,67006464.0,65032192.0,41.88,0.117999258,24.13,4670322193.0,0.0,0.0,1204356.0,4678513744.0,0.0,0.0,1246928.0,0.0,0.0,0.0,0.0
2023-03-20 10:20:03.162000+00:00,5689344.0,52674560.0,67006464.0,65323008.0,41.96,0.117999258,24.13,4679267140.0,0.0,0.0,1206721.0,4687473509.0,0.0,0.0,1249354.0,0.0,0.0,0.0,0.0
2023-03-20 10:20:09.825000+00:00,5689344.0,52674560.0,67362816.0,65388544.0,42.05,0.117999258,24.27,4686217334.0,0.0,0.0,1208654.0,4694439676.0,0.0,0.0,1251362.0,0.0,0.0,0.0,0.0
2023-03-20 10:20:13.808000+00:00,5689344.0,52674560.0,67362816.0,65388544.0,42.06,0.117999258,24.27,4686217334.0,0.0,0.0,1208654.0,4694439676.0,0.0,0.0,1251362.0,0.0,0.0,0.0,0.0
2023-03-20 10:20:19.398000+00:00,5689344.0,52674560.0,67248128.0,65273856.0,42.08,0.117999258,24.28,4691048211.0,0.0,0.0,1210195.0,4699301567.0,0.0,0.0,1253052.0,0.0,0.0,0.0,0.0
2023-03-20 10:20:24.164000+00:00,5689344.0,52674560.0,67248128.0,65167360.0,42.27,0.117999258,24.36,4708668298.0,0.0,0.0,1214914.0,4716958689.0,0.0,0.0,1257965.0,0.0,0.0,0.0,0.0
2023-03-20 10:20:29.507000+00:00,5689344.0,52674560.0,67006464.0,65032192.0,42.31,0.117999258,24.37,4717477001.0,0.0,0.0,1216995.0,4725782602.0,0.0,0.0,1260141.0,0.0,0.0,0.0,0.0
2023-03-20 10:20:34.273000+00:00,5689344.0,52674560.0,67006464.0,65032192.0,42.37,0.117999258,24.42,4717477001.0,0.0,0.0,1216995.0,4725782602.0,0.0,0.0,1260725.0,0.0,0.0,0.0,0.0
2023-03-20 10:20:39.502000+00:00,5820416.0,52674560.0,67145728.0,65171456.0,42.45,0.117999258,24.43,4726659049.0,0.0,0.0,1219555.0,4734989464.0,0.0,0.0,1262831.0,0.0,0.0,0.0,0.0
2023-03-20 10:20:44.627000+00:00,5820416.0,52674560.0,67145728.0,65171456.0,42.55,0.117999258,24.5,4734043509.0,0.0,0.0,1221713.0,4742395257.0,0.0,0.0,1265106.0,0.0,0.0,0.0,0.0
2023-03-20 10:20:49.008000+00:00,5820416.0,52674560.0,67141632.0,65167360.0,42.63,0.117999258,24.53,4745364019.0,0.0,0.0,1224592.0,4753730074.0,0.0,0.0,1268040.0,0.0,0.0,0.0,0.0
2023-03-20 10:20:54.192000+00:00,5820416.0,52674560.0,67141632.0,65167360.0,42.71,0.117999258,24.6,4745364019.0,0.0,0.0,1224592.0,4753730074.0,0.0,0.0,1268040.0,0.0,0.0,0.0,0.0
2023-03-20 10:20:59.173000+00:00,5820416.0,52690944.0,67014656.0,65040384.0,42.74,0.117999258,24.6,4756539587.0,0.0,0.0,1227598.0,4764922782.0,0.0,0.0,1271141.0,0.0,0.0,0.0,0.0
2023-03-20 10:21:04.111000+00:00,5820416.0,52690944.0,67407872.0,65433600.0,42.84,0.117999258,24.66,4763655059.0,0.0,0.0,1229572.0,4772054047.0,0.0,0.0,1273190.0,0.0,0.0,0.0,0.0
2023-03-20 10:21:09.217000+00:00,5820416.0,52690944.0,67248128.0,65273856.0,42.9,0.117999258,24.7,4771129952.0,0.0,0.0,1231569.0,4779549374.0,0.0,0.0,1275293.0,0.0,0.0,0.0,0.0
2023-03-20 10:21:13.929000+00:00,5820416.0,52690944.0,67248128.0,65273856.0,42.9,0.117999258,24.76,4771129952.0,0.0,0.0,1231569.0,4779549374.0,0.0,0.0,1275293.0,0.0,0.0,0.0,0.0
2023-03-20 10:21:19.658000+00:00,5820416.0,52690944.0,67133440.0,65159168.0,42.96,0.117999258,24.78,4780185272.0,0.0,0.0,1233909.0,4788621109.0,0.0,0.0,1277680.0,0.0,0.0,0.0,0.0
2023-03-20 10:21:24.162000+00:00,5820416.0,52690944.0,67616768.0,65642496.0,42.99,0.117999258,24.78,4782308642.0,0.0,0.0,1234612.0,4790761248.0,0.0,0.0,1278434.0,0.0,0.0,0.0,0.0
2023-03-20 10:21:28.441000+00:00,5820416.0,52690944.0,67280896.0,65306624.0,43.06,0.117999258,24.87,4786299498.0,0.0,0.0,1235841.0,4794768284.0,0.0,0.0,1279743.0,0.0,0.0,0.0,0.0
2023-03-20 10:21:34.572000+00:00,5820416.0,52690944.0,67280896.0,65306624.0,43.14,0.117999258,24.93,4786299498.0,0.0,0.0,1238805.0,4806296960.0,0.0,0.0,1282776.0,0.0,0.0,0.0,0.0
2023-03-20 10:21:38.605000+00:00,5922816.0,52690944.0,67350528.0,65376256.0,43.27,0.117999258,24.96,4819862667.0,0.0,0.0,1243998.0,4828363228.0,0.0,0.0,1288113.0,0.0,0.0,0.0,0.0
2023-03-20 10:21:43.996000+00:00,5922816.0,52690944.0,67661824.0,65687552.0,43.3,0.117999258,24.96,4819964047.0,0.0,0.0,1244121.0,4828471186.0,0.0,0.0,1288254.0,0.0,0.0,0.0,0.0
2023-03-20 10:21:48.714000+00:00,5922816.0,52690944.0,67137536.0,65163264.0,43.44,0.117999258,25.03,4841238899.0,0.0,0.0,1249425.0,4849755494.0,0.0,0.0,1293616.0,0.0,0.0,0.0,0.0
2023-03-20 10:21:53.606000+00:00,5922816.0,52690944.0,67137536.0,65163264.0,43.56,0.117999258,25.11,4841238899.0,0.0,0.0,1251584.0,4857123528.0,0.0,0.0,1295910.0,0.0,0.0,0.0,0.0
2023-03-20 10:21:59.435000+00:00,5922816.0,52690944.0,67137536.0,65163264.0,43.76,0.117999258,25.15,4879282849.0,0.0,0.0,1258847.0,4887844205.0,0.0,0.0,1303326.0,0.0,0.0,0.0,0.0
2023-03-20 10:22:03.964000+00:00,5922816.0,52690944.0,67137536.0,65163264.0,43.78,0.117999258,25.21,4879282849.0,0.0,0.0,1258847.0,4887844205.0,0.0,0.0,1303326.0,0.0,0.0,0.0,0.0
2023-03-20 10:22:08.600000+00:00,5922816.0,52690944.0,67137536.0,65163264.0,43.81,0.117999258,25.22,4882093065.0,0.0,0.0,1259738.0,4890670528.0,0.0,0.0,1304257.0,0.0,0.0,0.0,0.0
2023-03-20 10:22:13.362000+00:00,5922816.0,52690944.0,67137536.0,65163264.0,43.85,0.117999258,25.23,4882093065.0,0.0,0.0,1259738.0,4890670528.0,0.0,0.0,1304257.0,0.0,0.0,0.0,0.0
2023-03-20 10:22:18.494000+00:00,5922816.0,52690944.0,67260416.0,65286144.0,43.86,0.117999258,25.29,4887153373.0,0.0,0.0,1261117.0,4895739116.0,0.0,0.0,1305678.0,0.0,0.0,0.0,0.0
2023-03-20 10:22:23.764000+00:00,5922816.0,52690944.0,67530752.0,65556480.0,43.94,0.117999258,25.29,4898242357.0,0.0,0.0,1264212.0,4906851166.0,0.0,0.0,1308914.0,0.0,0.0,0.0,0.0
2023-03-20 10:22:29.162000+00:00,5922816.0,52690944.0,67297280.0,65323008.0,43.98,0.117999258,25.38,4900960046.0,0.0,0.0,1265023.0,4909579300.0,0.0,0.0,1309759.0,0.0,0.0,0.0,0.0
2023-03-20 10:22:34.720000+00:00,5922816.0,52690944.0,67338240.0,65363968.0,44.02,0.117999258,25.44,4902454273.0,0.0,0.0,1265527.0,4911084103.0,0.0,0.0,1310301.0,0.0,0.0,0.0,0.0
2023-03-20 10:22:39.359000+00:00,6025216.0,52690944.0,67039232.0,65064960.0,44.04,0.117999258,25.44,4904528826.0,0.0,0.0,1266155.0,4913166616.0,0.0,0.0,1310967.0,0.0,0.0,0.0,0.0
2023-03-20 10:22:41.447000+00:00,6025216.0,52690944.0,67039232.0,65064960.0,44.04,0.117999258,25.44,4904615238.0,0.0,0.0,1266196.0,4913253292.0,0.0,0.0,1311011.0,0.0,0.0,0.0,0.0
2023-03-20 10:22:49.736000+00:00,6025216.0,52690944.0,67330048.0,65355776.0,44.3,0.120177496,25.55,4934137660.0,0.0,0.0,1272864.0,4942815498.0,0.0,0.0,1318063.0,0.0,0.0,0.0,0.0
2023-03-20 10:22:54.375000+00:00,6025216.0,52690944.0,67330048.0,65130496.0,44.36,0.120177496,25.55,4943109915.0,0.0,0.0,1274879.0,4951799332.0,0.0,0.0,1320193.0,0.0,0.0,0.0,0.0
2023-03-20 10:22:59.075000+00:00,6025216.0,52690944.0,67129344.0,65155072.0,44.44,0.120177496,25.63,4949174654.0,0.0,0.0,1276603.0,4957884929.0,0.0,0.0,1321989.0,0.0,0.0,0.0,0.0
2023-03-20 10:23:04.197000+00:00,6025216.0,52690944.0,67129344.0,65155072.0,44.52,0.120177496,25.63,4949174654.0,0.0,0.0,1276603.0,4965690526.0,0.0,0.0,1324042.0,0.0,0.0,0.0,0.0
2023-03-20 10:23:09.569000+00:00,6025216.0,52690944.0,67526656.0,65552384.0,44.57,0.120177496,25.72,4966041906.0,0.0,0.0,1280848.0,4974786903.0,0.0,0.0,1326411.0,0.0,0.0,0.0,0.0
2023-03-20 10:23:14.364000+00:00,6025216.0,52690944.0,67526656.0,65552384.0,44.58,0.120177496,25.73,4966041906.0,0.0,0.0,1280848.0,4974786903.0,0.0,0.0,1326411.0,0.0,0.0,0.0,0.0
2023-03-20 10:23:19.373000+00:00,6025216.0,52695040.0,67051520.0,65077248.0,44.62,0.120177496,25.79,4972460118.0,0.0,0.0,1282720.0,4981220568.0,0.0,0.0,1328391.0,0.0,0.0,0.0,0.0
2023-03-20 10:23:24.269000+00:00,6025216.0,52695040.0,67051520.0,65077248.0,44.63,0.120177496,25.79,4972460118.0,0.0,0.0,1282720.0,4981318836.0,0.0,0.0,1328471.0,0.0,0.0,0.0,0.0
2023-03-20 10:23:29.043000+00:00,6025216.0,52695040.0,67514368.0,65540096.0,44.77,0.120177496,25.88,4991218220.0,0.0,0.0,1287412.0,4999999192.0,0.0,0.0,1333153.0,0.0,0.0,0.0,0.0
2023-03-20 10:23:34.321000+00:00,6025216.0,52695040.0,67141632.0,65167360.0,44.86,0.120177496,25.88,4997120327.0,0.0,0.0,1289125.0,5005920661.0,0.0,0.0,1334992.0,0.0,0.0,0.0,0.0
2023-03-20 10:23:39.420000+00:00,6144000.0,52695040.0,67092480.0,65118208.0,44.98,0.120177496,25.95,5008903352.0,0.0,0.0,1292081.0,5017730478.0,0.0,0.0,1338088.0,0.0,0.0,0.0,0.0
2023-03-20 10:23:44.377000+00:00,6144000.0,52695040.0,67092480.0,65118208.0,45.06,0.120177496,25.96,5008903352.0,0.0,0.0,1292081.0,5017730478.0,0.0,0.0,1338088.0,0.0,0.0,0.0,0.0
2023-03-20 10:23:48.871000+00:00,6144000.0,52695040.0,67674112.0,65699840.0,45.11,0.120177496,26.02,5019679076.0,0.0,0.0,1294991.0,5028525644.0,0.0,0.0,1341086.0,0.0,0.0,0.0,0.0
2023-03-20 10:23:53.901000+00:00,6144000.0,52695040.0,67387392.0,65413120.0,45.12,0.120177496,26.02,5020241803.0,0.0,0.0,1295290.0,5029099037.0,0.0,0.0,1341424.0,0.0,0.0,0.0,0.0
2023-03-20 10:23:59.461000+00:00,6144000.0,52695040.0,67465216.0,65490944.0,45.16,0.120177496,26.08,5022737669.0,0.0,0.0,1296028.0,5031607626.0,0.0,0.0,1342194.0,0.0,0.0,0.0,0.0
2023-03-20 10:24:04.025000+00:00,6144000.0,52695040.0,67465216.0,65429504.0,45.17,0.120177496,26.08,5022845687.0,0.0,0.0,1296175.0,5031722692.0,0.0,0.0,1342367.0,0.0,0.0,0.0,0.0
2023-03-20 10:24:08.209000+00:00,6144000.0,52695040.0,67407872.0,65433600.0,45.34,0.120177496,26.11,5050360945.0,0.0,0.0,1302803.0,5059245537.0,0.0,0.0,1349029.0,0.0,0.0,0.0,0.0
2023-03-20 10:24:14.594000+00:00,6144000.0,52695040.0,67391488.0,65417216.0,45.43,0.120177496,26.11,5058193762.0,0.0,0.0,1304931.0,5067093196.0,0.0,0.0,1351218.0,0.0,0.0,0.0,0.0
2023-03-20 10:24:19.817000+00:00,6144000.0,52695040.0,67538944.0,65564672.0,45.58,0.120177496,26.24,5075092048.0,0.0,0.0,1309322.0,5084011404.0,0.0,0.0,1355706.0,0.0,0.0,0.0,0.0
2023-03-20 10:24:24.394000+00:00,6144000.0,52695040.0,67538944.0,65564672.0,45.58,0.120177496,26.24,5075092048.0,0.0,0.0,1309360.0,5084021385.0,0.0,0.0,1355750.0,0.0,0.0,0.0,0.0
2023-03-20 10:24:28.539000+00:00,6144000.0,52695040.0,67260416.0,65286144.0,45.62,0.120177496,26.25,5081087793.0,0.0,0.0,1311189.0,5090028886.0,0.0,0.0,1357696.0,0.0,0.0,0.0,0.0
2023-03-20 10:24:33.732000+00:00,6144000.0,52695040.0,67260416.0,65286144.0,45.68,0.120177496,26.31,5081087793.0,0.0,0.0,1311189.0,5090028886.0,0.0,0.0,1358645.0,0.0,0.0,0.0,0.0
2023-03-20 10:24:39.165000+00:00,6246400.0,52695040.0,67149824.0,65175552.0,45.73,0.120177496,26.33,5090431330.0,0.0,0.0,1313604.0,5099400748.0,0.0,0.0,1360277.0,0.0,0.0,0.0,0.0
2023-03-20 10:24:43.298000+00:00,6246400.0,52695040.0,67149824.0,65175552.0,45.78,0.120177496,26.4,5090431330.0,0.0,0.0,1313604.0,5099400748.0,0.0,0.0,1360277.0,0.0,0.0,0.0,0.0
2023-03-20 10:24:49.495000+00:00,6246400.0,52695040.0,67018752.0,65044480.0,45.83,0.120177496,26.4,5101287754.0,0.0,0.0,1316577.0,5110279960.0,0.0,0.0,1363349.0,0.0,0.0,0.0,0.0
2023-03-20 10:24:54.156000+00:00,6246400.0,52695040.0,67018752.0,65044480.0,45.91,0.120177496,26.4,5101287754.0,0.0,0.0,1316577.0,5110279960.0,0.0,0.0,1363349.0,0.0,0.0,0.0,0.0
2023-03-20 10:24:56.905000+00:00,6246400.0,52695040.0,67153920.0,65179648.0,45.91,0.120177496,26.45,5102874410.0,0.0,0.0,1317166.0,5111882866.0,0.0,0.0,1363982.0,0.0,0.0,0.0,0.0
2023-03-20 10:25:04.019000+00:00,6246400.0,52695040.0,67174400.0,65200128.0,45.96,0.120177496,26.53,5106555718.0,0.0,0.0,1318011.0,5115581566.0,0.0,0.0,1364994.0,0.0,0.0,0.0,0.0
2023-03-20 10:25:09.308000+00:00,6246400.0,52703232.0,67170304.0,65196032.0,46.11,0.120177496,26.54,5124939960.0,0.0,0.0,1322512.0,5133995538.0,0.0,0.0,1369739.0,0.0,0.0,0.0,0.0
2023-03-20 10:25:13.855000+00:00,6246400.0,52703232.0,67170304.0,65196032.0,46.3,0.120177496,26.54,5124939960.0,0.0,0.0,1322512.0,5133995538.0,0.0,0.0,1369739.0,0.0,0.0,0.0,0.0
2023-03-20 10:25:18.514000+00:00,6246400.0,52727808.0,67063808.0,65089536.0,46.3,0.120177496,26.64,5152532537.0,0.0,0.0,1328790.0,5161612277.0,0.0,0.0,1376199.0,0.0,0.0,0.0,0.0
2023-03-20 10:25:24.755000+00:00,6246400.0,52727808.0,67063808.0,65880064.0,46.64,0.120177496,26.64,5200190063.0,0.0,0.0,1340159.0,5209306568.0,0.0,0.0,1387897.0,0.0,0.0,0.0,0.0
2023-03-20 10:25:29.817000+00:00,6246400.0,52740096.0,67612672.0,65638400.0,46.71,0.120177496,26.78,5207355999.0,0.0,0.0,1342220.0,5216508778.0,0.0,0.0,1390060.0,0.0,0.0,0.0,0.0
2023-03-20 10:25:33.796000+00:00,6246400.0,52740096.0,67129344.0,65155072.0,46.73,0.120177496,26.84,5207396830.0,0.0,0.0,1342245.0,5216555012.0,0.0,0.0,1390088.0,0.0,0.0,0.0,0.0
2023-03-20 10:25:38.395000+00:00,6373376.0,52740096.0,67338240.0,65363968.0,46.78,0.120177496,26.87,5216104318.0,0.0,0.0,1344477.0,5225273313.0,0.0,0.0,1392361.0,0.0,0.0,0.0,0.0
2023-03-20 10:25:43.341000+00:00,6373376.0,52740096.0,67092480.0,65118208.0,46.85,0.120177496,26.91,5217708864.0,0.0,0.0,1344968.0,5226885365.0,0.0,0.0,1392885.0,0.0,0.0,0.0,0.0
2023-03-20 10:25:48.729000+00:00,6373376.0,52740096.0,67203072.0,65228800.0,46.9,0.120177496,26.93,5221229991.0,0.0,0.0,1345997.0,5230424860.0,0.0,0.0,1393951.0,0.0,0.0,0.0,0.0
2023-03-20 10:25:54.258000+00:00,6373376.0,52740096.0,67276800.0,65302528.0,46.98,0.120177496,26.93,5225706877.0,0.0,0.0,1347258.0,5234916136.0,0.0,0.0,1395306.0,0.0,0.0,0.0,0.0
2023-03-20 10:25:58.789000+00:00,6373376.0,52740096.0,67088384.0,65114112.0,47.0,0.120177496,27.0,5231553053.0,0.0,0.0,1348802.0,5240774962.0,0.0,0.0,1396880.0,0.0,0.0,0.0,0.0
2023-03-20 10:26:03.438000+00:00,6373376.0,52740096.0,67268608.0,65294336.0,47.07,0.120177496,27.08,5238975550.0,0.0,0.0,1350895.0,5248216195.0,0.0,0.0,1399089.0,0.0,0.0,0.0,0.0
2023-03-20 10:26:08.715000+00:00,6373376.0,52740096.0,67211264.0,65236992.0,47.1,0.120177496,27.08,5240675847.0,0.0,0.0,1351525.0,5249933859.0,0.0,0.0,1399780.0,0.0,0.0,0.0,0.0
2023-03-20 10:26:13.321000+00:00,6373376.0,52740096.0,67211264.0,65236992.0,47.14,0.466061135,27.08,5240675847.0,0.0,0.0,1351525.0,5249933859.0,0.0,0.0,1399780.0,0.0,0.0,0.0,0.0
2023-03-20 10:26:19.386000+00:00,6373376.0,52740096.0,67235840.0,65261568.0,47.19,0.120177496,27.16,5250802998.0,0.0,0.0,1353775.0,5260087324.0,0.0,0.0,1402307.0,0.0,0.0,0.0,0.0
2023-03-20 10:26:23.552000+00:00,6373376.0,52740096.0,67354624.0,65380352.0,47.25,0.120177496,27.23,5255044870.0,0.0,0.0,1354926.0,5264334559.0,0.0,0.0,1403496.0,0.0,0.0,0.0,0.0
2023-03-20 10:26:29.801000+00:00,6373376.0,52740096.0,67239936.0,65265664.0,47.33,0.120177496,27.24,5266226448.0,0.0,0.0,1357532.0,5275538670.0,0.0,0.0,1406227.0,0.0,0.0,0.0,0.0
2023-03-20 10:26:33.712000+00:00,6373376.0,52740096.0,67301376.0,65327104.0,47.35,0.120177496,27.24,5266235806.0,0.0,0.0,1357582.0,5275556141.0,0.0,0.0,1406281.0,0.0,0.0,0.0,0.0
2023-03-20 10:26:39.466000+00:00,6467584.0,52740096.0,67182592.0,65208320.0,47.36,0.120177496,27.3,5266346543.0,0.0,0.0,1357744.0,5275676612.0,0.0,0.0,1406470.0,0.0,0.0,0.0,0.0
2023-03-20 10:26:44.437000+00:00,6467584.0,52740096.0,67383296.0,65409024.0,47.54,0.120177496,27.3,5293870828.0,0.0,0.0,1364443.0,5303209817.0,0.0,0.0,1413182.0,0.0,0.0,0.0,0.0
2023-03-20 10:26:48.788000+00:00,6467584.0,52740096.0,67211264.0,65236992.0,47.61,0.120177496,27.4,5302755800.0,0.0,0.0,1366679.0,5312099906.0,0.0,0.0,1415453.0,0.0,0.0,0.0,0.0
2023-03-20 10:26:53.628000+00:00,6467584.0,52740096.0,67211264.0,65662976.0,47.74,0.120177496,27.49,5320917754.0,0.0,0.0,1371097.0,5328557131.0,0.0,0.0,1419995.0,0.0,0.0,0.0,0.0
2023-03-20 10:26:58.770000+00:00,6467584.0,52760576.0,67362816.0,65388544.0,47.77,0.120177496,27.5,5325413333.0,0.0,0.0,1372065.0,5334784553.0,0.0,0.0,1421045.0,0.0,0.0,0.0,0.0
2023-03-20 10:27:03.678000+00:00,6467584.0,52760576.0,67362816.0,65388544.0,47.78,0.120177496,27.5,5325413333.0,0.0,0.0,1372215.0,5334899141.0,0.0,0.0,1421222.0,0.0,0.0,0.0,0.0
2023-03-20 10:27:09.516000+00:00,6467584.0,52760576.0,67244032.0,65269760.0,47.97,0.120177496,27.59,5349256141.0,0.0,0.0,1378173.0,5358650202.0,0.0,0.0,1427291.0,0.0,0.0,0.0,0.0
2023-03-20 10:27:13.829000+00:00,6467584.0,52760576.0,67244032.0,65232896.0,48.09,0.120177496,27.63,5366222550.0,0.0,0.0,1382497.0,5375638910.0,0.0,0.0,1431778.0,0.0,0.0,0.0,0.0
2023-03-20 10:27:19.527000+00:00,6467584.0,52760576.0,67121152.0,65146880.0,48.14,0.120177496,27.69,5368883856.0,0.0,0.0,1383403.0,5378318430.0,0.0,0.0,1432758.0,0.0,0.0,0.0,0.0
2023-03-20 10:27:24.726000+00:00,6467584.0,52760576.0,67121152.0,65146880.0,48.4,0.120177496,27.69,5368883856.0,0.0,0.0,1383403.0,5378318430.0,0.0,0.0,1441740.0,0.0,0.0,0.0,0.0
2023-03-20 10:27:29.243000+00:00,6467584.0,52760576.0,67366912.0,65392640.0,48.49,0.120177496,27.8,5416951861.0,0.0,0.0,1395192.0,5426401183.0,0.0,0.0,1444639.0,0.0,0.0,0.0,0.0
2023-03-20 10:27:34.018000+00:00,6467584.0,52760576.0,67244032.0,65269760.0,48.55,0.120177496,27.82,5422454264.0,0.0,0.0,1396748.0,5431924217.0,0.0,0.0,1446264.0,0.0,0.0,0.0,0.0
2023-03-20 10:27:39.853000+00:00,6565888.0,52760576.0,67362816.0,65388544.0,48.61,0.120177496,27.88,5428823438.0,0.0,0.0,1398209.0,5438318053.0,0.0,0.0,1447921.0,0.0,0.0,0.0,0.0
2023-03-20 10:27:43.872000+00:00,6565888.0,52760576.0,67362816.0,65388544.0,48.64,0.120177496,27.88,5428823438.0,0.0,0.0,1398209.0,5438318053.0,0.0,0.0,1447921.0,0.0,0.0,0.0,0.0
2023-03-20 10:27:49.208000+00:00,6565888.0,52760576.0,67543040.0,65568768.0,48.78,0.120177496,27.96,5445676239.0,0.0,0.0,1402816.0,5455212790.0,0.0,0.0,1452755.0,0.0,0.0,0.0,0.0
2023-03-20 10:27:53.287000+00:00,6565888.0,52760576.0,67129344.0,65155072.0,48.79,0.120177496,27.96,5445765622.0,0.0,0.0,1402875.0,5455305140.0,0.0,0.0,1452816.0,0.0,0.0,0.0,0.0
2023-03-20 10:27:58.255000+00:00,6565888.0,52760576.0,67133440.0,65159168.0,48.91,0.120177496,28.04,5466826059.0,0.0,0.0,1408135.0,5476374960.0,0.0,0.0,1458133.0,0.0,0.0,0.0,0.0
2023-03-20 10:28:03.529000+00:00,6565888.0,52760576.0,67133440.0,65159168.0,48.93,0.120177496,28.05,5468603859.0,0.0,0.0,1408749.0,5478166054.0,0.0,0.0,1458786.0,0.0,0.0,0.0,0.0
2023-03-20 10:28:08.578000+00:00,6565888.0,52760576.0,67485696.0,65511424.0,48.97,0.120177496,28.11,5470123713.0,0.0,0.0,1409380.0,5479704221.0,0.0,0.0,1459493.0,0.0,0.0,0.0,0.0
2023-03-20 10:28:13.335000+00:00,6565888.0,52760576.0,67485696.0,65511424.0,49.21,0.120177496,28.14,5470123713.0,0.0,0.0,1409380.0,5479704221.0,0.0,0.0,1459493.0,0.0,0.0,0.0,0.0
2023-03-20 10:28:19.639000+00:00,6565888.0,52760576.0,67244032.0,65269760.0,49.24,0.120177496,28.2,5504374848.0,0.0,0.0,1417019.0,5513983988.0,0.0,0.0,1467457.0,0.0,0.0,0.0,0.0
2023-03-20 10:28:23.704000+00:00,6565888.0,52760576.0,67244032.0,65269760.0,49.26,0.120177496,28.2,5504374848.0,0.0,0.0,1417234.0,5514684370.0,0.0,0.0,1467678.0,0.0,0.0,0.0,0.0
2023-03-20 10:28:28.972000+00:00,6565888.0,52760576.0,67235840.0,65261568.0,49.3,0.120177496,28.26,5507365268.0,0.0,0.0,1417973.0,5516991667.0,0.0,0.0,1468424.0,0.0,0.0,0.0,0.0
2023-03-20 10:28:34.166000+00:00,6565888.0,52760576.0,67235840.0,65261568.0,49.32,0.120177496,28.27,5507365268.0,0.0,0.0,1417973.0,5516991667.0,0.0,0.0,1468424.0,0.0,0.0,0.0,0.0
2023-03-20 10:28:38.497000+00:00,6668288.0,52805632.0,67416064.0,65441792.0,49.37,0.120177496,28.34,5512156660.0,0.0,0.0,1419548.0,5521801327.0,0.0,0.0,1470105.0,0.0,0.0,0.0,0.0
2023-03-20 10:28:43.818000+00:00,6668288.0,52805632.0,67260416.0,65286144.0,49.38,0.120177496,28.34,5512246726.0,0.0,0.0,1419615.0,5521894422.0,0.0,0.0,1470177.0,0.0,0.0,0.0,0.0
2023-03-20 10:28:48.834000+00:00,6668288.0,52809728.0,67358720.0,65384448.0,49.39,0.120177496,28.39,5512333052.0,0.0,0.0,1419656.0,5521981012.0,0.0,0.0,1470221.0,0.0,0.0,0.0,0.0
2023-03-20 10:28:54.355000+00:00,6668288.0,52809728.0,67358720.0,65384448.0,49.39,0.120177496,28.4,5512333052.0,0.0,0.0,1419656.0,5521981012.0,0.0,0.0,1470221.0,0.0,0.0,0.0,0.0
2023-03-20 10:28:59.601000+00:00,6668288.0,52813824.0,67297280.0,65323008.0,49.4,0.120177496,28.45,5512515595.0,0.0,0.0,1419794.0,5522167166.0,0.0,0.0,1470371.0,0.0,0.0,0.0,0.0
2023-03-20 10:29:03.760000+00:00,6668288.0,52813824.0,67633152.0,65658880.0,49.41,0.120177496,28.45,5512608889.0,0.0,0.0,1419875.0,5522263646.0,0.0,0.0,1470459.0,0.0,0.0,0.0,0.0
2023-03-20 10:29:09.841000+00:00,6668288.0,52817920.0,67633152.0,65658880.0,49.46,0.120177496,28.5,5515410946.0,0.0,0.0,1420718.0,5525076165.0,0.0,0.0,1471338.0,0.0,0.0,0.0,0.0
2023-03-20 10:29:13.068000+00:00,6668288.0,52817920.0,67633152.0,65658880.0,49.48,0.120177496,28.51,5515410946.0,0.0,0.0,1420718.0,5525076165.0,0.0,0.0,1471338.0,0.0,0.0,0.0,0.0
2023-03-20 10:29:19.698000+00:00,6668288.0,52822016.0,67538944.0,65564672.0,49.53,0.120177496,28.58,5523037257.0,0.0,0.0,1422850.0,5532726709.0,0.0,0.0,1473668.0,0.0,0.0,0.0,0.0
2023-03-20 10:29:24.205000+00:00,6668288.0,52822016.0,67538944.0,65544192.0,49.55,0.120177496,28.58,5525126936.0,0.0,0.0,1423630.0,5534831995.0,0.0,0.0,1474527.0,0.0,0.0,0.0,0.0
2023-03-20 10:29:28.837000+00:00,6668288.0,52842496.0,67641344.0,65667072.0,49.8,0.120528133,28.69,5561591935.0,0.0,0.0,1432651.0,5571311090.0,0.0,0.0,1483667.0,0.0,0.0,0.0,0.0
2023-03-20 10:29:34.534000+00:00,6668288.0,52842496.0,67641344.0,65667072.0,50.03,0.120528133,28.69,5561591935.0,0.0,0.0,1439537.0,5602392134.0,0.0,0.0,1490745.0,0.0,0.0,0.0,0.0
2023-03-20 10:29:39.482000+00:00,6750208.0,52858880.0,67375104.0,65400832.0,50.16,0.120698309,28.82,5608894338.0,0.0,0.0,1443819.0,5618649347.0,0.0,0.0,1495207.0,0.0,0.0,0.0,0.0
2023-03-20 10:29:43.972000+00:00,6750208.0,52858880.0,67375104.0,65400832.0,50.2,0.120698309,28.82,5608894338.0,0.0,0.0,1443819.0,5618649347.0,0.0,0.0,1495207.0,0.0,0.0,0.0,0.0
2023-03-20 10:29:48.182000+00:00,6750208.0,52862976.0,67469312.0,65495040.0,50.29,0.120698309,28.85,5623342373.0,0.0,0.0,1447867.0,5633134564.0,0.0,0.0,1499412.0,0.0,0.0,0.0,0.0
2023-03-20 10:29:53.902000+00:00,6750208.0,52862976.0,67469312.0,65495040.0,50.38,0.120698309,28.85,5623342373.0,0.0,0.0,1447867.0,5642904232.0,0.0,0.0,1501989.0,0.0,0.0,0.0,0.0
2023-03-20 10:29:58.863000+00:00,6750208.0,52871168.0,67223552.0,65249280.0,50.46,0.120698309,28.9,5641983687.0,0.0,0.0,1452641.0,5651796876.0,0.0,0.0,1504257.0,0.0,0.0,0.0,0.0
2023-03-20 10:30:03.570000+00:00,6750208.0,52871168.0,67223552.0,65249280.0,50.54,0.120698309,28.97,5641983687.0,0.0,0.0,1452641.0,5651796876.0,0.0,0.0,1504257.0,0.0,0.0,0.0,0.0
2023-03-20 10:30:08.707000+00:00,6750208.0,52871168.0,67362816.0,65388544.0,50.57,0.120698309,28.97,5652282077.0,0.0,0.0,1455481.0,5662124360.0,0.0,0.0,1507175.0,0.0,0.0,0.0,0.0
2023-03-20 10:30:14.146000+00:00,6750208.0,52871168.0,67362816.0,65388544.0,50.63,0.120698309,29.03,5652282077.0,0.0,0.0,1455481.0,5662124360.0,0.0,0.0,1507175.0,0.0,0.0,0.0,0.0
2023-03-20 10:30:18.346000+00:00,6750208.0,52875264.0,67248128.0,65273856.0,50.8,0.120698309,29.05,5679198122.0,0.0,0.0,1461793.0,5689070608.0,0.0,0.0,1513678.0,0.0,0.0,0.0,0.0
2023-03-20 10:30:23.441000+00:00,6750208.0,52875264.0,67248128.0,65273856.0,50.87,0.120698309,29.11,5682880818.0,0.0,0.0,1462830.0,5692763650.0,0.0,0.0,1514749.0,0.0,0.0,0.0,0.0
2023-03-20 10:30:28.126000+00:00,6750208.0,52875264.0,67244032.0,65269760.0,50.88,0.120698309,29.11,5682971342.0,0.0,0.0,1462893.0,5692857203.0,0.0,0.0,1514817.0,0.0,0.0,0.0,0.0
2023-03-20 10:30:33.911000+00:00,6750208.0,52875264.0,67244032.0,65400832.0,50.9,0.120698309,29.11,5683070004.0,0.0,0.0,1463004.0,5692964339.0,0.0,0.0,1514936.0,0.0,0.0,0.0,0.0
2023-03-20 10:30:38.726000+00:00,6840320.0,52879360.0,67493888.0,65519616.0,51.04,0.120698309,29.22,5698346144.0,0.0,0.0,1467093.0,5708262936.0,0.0,0.0,1519156.0,0.0,0.0,0.0,0.0
2023-03-20 10:30:44.771000+00:00,6840320.0,52887552.0,67493888.0,65519616.0,51.26,0.120698309,29.22,5698346144.0,0.0,0.0,1467093.0,5708262936.0,0.0,0.0,1519156.0,0.0,0.0,0.0,0.0
2023-03-20 10:30:49.655000+00:00,6840320.0,52887552.0,67637248.0,65662976.0,51.39,0.120698309,29.34,5744274090.0,0.0,0.0,1478176.0,5754213706.0,0.0,0.0,1530440.0,0.0,0.0,0.0,0.0
2023-03-20 10:30:54.394000+00:00,6840320.0,52887552.0,67637248.0,65421312.0,51.42,0.120698309,29.38,5744408747.0,0.0,0.0,1478277.0,5754357010.0,0.0,0.0,1530552.0,0.0,0.0,0.0,0.0
2023-03-20 10:30:59.854000+00:00,6840320.0,52899840.0,67489792.0,65515520.0,51.45,0.120698309,29.4,5747211677.0,0.0,0.0,1479121.0,5757168174.0,0.0,0.0,1531436.0,0.0,0.0,0.0,0.0
2023-03-20 10:31:04.117000+00:00,6840320.0,52899840.0,67489792.0,65515520.0,51.47,0.120698309,29.45,5747211677.0,0.0,0.0,1479227.0,5757197065.0,0.0,0.0,1531567.0,0.0,0.0,0.0,0.0
2023-03-20 10:31:08.580000+00:00,6840320.0,52899840.0,67391488.0,65417216.0,51.54,0.120698309,29.47,5755615882.0,0.0,0.0,1481398.0,5765591488.0,0.0,0.0,1533797.0,0.0,0.0,0.0,0.0
2023-03-20 10:31:14.899000+00:00,6840320.0,52899840.0,67411968.0,65417216.0,51.57,0.120698309,29.47,5755615882.0,0.0,0.0,1481398.0,5765591488.0,0.0,0.0,1533797.0,0.0,0.0,0.0,0.0
2023-03-20 10:31:19.402000+00:00,6840320.0,52899840.0,67272704.0,65298432.0,51.68,0.120698309,29.56,5776552424.0,0.0,0.0,1486388.0,5786545098.0,0.0,0.0,1538906.0,0.0,0.0,0.0,0.0
2023-03-20 10:31:24.400000+00:00,6840320.0,52899840.0,67395584.0,65421312.0,51.79,0.120698309,29.64,5785911592.0,0.0,0.0,1489016.0,5795932211.0,0.0,0.0,1541670.0,0.0,0.0,0.0,0.0
2023-03-20 10:31:28.640000+00:00,6840320.0,52899840.0,67485696.0,65511424.0,51.9,0.120698309,29.68,5794819676.0,0.0,0.0,1491696.0,5804880589.0,0.0,0.0,1544597.0,0.0,0.0,0.0,0.0
2023-03-20 10:31:34.295000+00:00,6840320.0,52899840.0,67567616.0,65593344.0,52.09,0.120698309,29.68,5825372938.0,0.0,0.0,1498678.0,5835459167.0,0.0,0.0,1551876.0,0.0,0.0,0.0,0.0
2023-03-20 10:31:39.211000+00:00,6979584.0,52928512.0,67612672.0,65638400.0,52.28,0.120698309,29.84,5858173519.0,0.0,0.0,1506462.0,5868325975.0,0.0,0.0,1560385.0,0.0,0.0,0.0,0.0
2023-03-20 10:31:44.147000+00:00,6979584.0,52928512.0,67612672.0,65638400.0,52.64,0.120698309,29.84,5858173519.0,0.0,0.0,1506462.0,5868325975.0,0.0,0.0,1560385.0,0.0,0.0,0.0,0.0
2023-03-20 10:31:48.760000+00:00,6979584.0,52944896.0,67612672.0,65638400.0,52.77,0.120698309,30.0,5935269336.0,0.0,0.0,1523692.0,5945486140.0,0.0,0.0,1578594.0,0.0,0.0,0.0,0.0
2023-03-20 10:31:53.590000+00:00,6979584.0,52944896.0,67612672.0,65638400.0,52.88,0.120698309,30.07,5935269336.0,0.0,0.0,1523692.0,5945486140.0,0.0,0.0,1578594.0,0.0,0.0,0.0,0.0
2023-03-20 10:31:59.093000+00:00,6979584.0,52969472.0,67727360.0,65753088.0,53.06,0.120698309,30.1,5976184155.0,0.0,0.0,1533918.0,5986453246.0,0.0,0.0,1589018.0,0.0,0.0,0.0,0.0
2023-03-20 10:32:03.780000+00:00,6979584.0,52969472.0,67727360.0,65699840.0,53.13,0.120698309,30.16,5982034252.0,0.0,0.0,1535487.0,5992309168.0,0.0,0.0,1590630.0,0.0,0.0,0.0,0.0
2023-03-20 10:32:09.216000+00:00,6979584.0,52969472.0,67489792.0,65515520.0,53.18,0.120698309,30.17,5985251249.0,0.0,0.0,1536496.0,5995543363.0,0.0,0.0,1591697.0,0.0,0.0,0.0,0.0
2023-03-20 10:32:13.834000+00:00,6979584.0,52969472.0,67489792.0,65515520.0,53.19,0.120698309,30.23,5985251249.0,0.0,0.0,1536496.0,5995543363.0,0.0,0.0,1591697.0,0.0,0.0,0.0,0.0
2023-03-20 10:32:18.889000+00:00,6979584.0,52973568.0,67383296.0,65409024.0,53.25,0.120698309,30.24,5991187484.0,0.0,0.0,1537969.0,6001507034.0,0.0,0.0,1593238.0,0.0,0.0,0.0,0.0
2023-03-20 10:32:24.411000+00:00,6979584.0,52973568.0,67383296.0,65703936.0,53.35,0.120698309,30.32,6003420645.0,0.0,0.0,1541045.0,6013768599.0,0.0,0.0,1596518.0,0.0,0.0,0.0,0.0
2023-03-20 10:32:29.531000+00:00,6979584.0,52973568.0,67379200.0,65404928.0,53.42,0.120698309,30.34,6012117690.0,0.0,0.0,1543237.0,6022471354.0,0.0,0.0,1598714.0,0.0,0.0,0.0,0.0
2023-03-20 10:32:34.216000+00:00,6979584.0,52973568.0,67379200.0,65404928.0,53.43,0.120698309,30.4,6012117690.0,0.0,0.0,1543388.0,6022586128.0,0.0,0.0,1598892.0,0.0,0.0,0.0,0.0
2023-03-20 10:32:39.684000+00:00,7110656.0,52977664.0,67584000.0,65609728.0,53.52,0.120698309,30.44,6025171785.0,0.0,0.0,1546783.0,6035549242.0,0.0,0.0,1602372.0,0.0,0.0,0.0,0.0
2023-03-20 10:32:44.085000+00:00,7110656.0,52977664.0,67584000.0,65773568.0,53.58,0.120698309,30.44,6029139739.0,0.0,0.0,1547952.0,6039532032.0,0.0,0.0,1603602.0,0.0,0.0,0.0,0.0
2023-03-20 10:32:49.392000+00:00,7110656.0,52977664.0,67477504.0,65503232.0,53.58,0.120698309,30.5,6029228450.0,0.0,0.0,1548009.0,6039620969.0,0.0,0.0,1603661.0,0.0,0.0,0.0,0.0
2023-03-20 10:32:54.649000+00:00,7110656.0,52977664.0,67477504.0,65503232.0,53.74,0.120698309,30.5,6029228450.0,0.0,0.0,1552317.0,6057154466.0,0.0,0.0,1608084.0,0.0,0.0,0.0,0.0
2023-03-20 10:32:58.289000+00:00,7110656.0,52989952.0,67493888.0,65519616.0,53.94,0.120698309,30.62,6074893885.0,0.0,0.0,1559166.0,6085311527.0,0.0,0.0,1614965.0,0.0,0.0,0.0,0.0
2023-03-20 10:33:03.732000+00:00,7110656.0,52989952.0,67493888.0,65519616.0,53.95,0.120698309,30.62,6074893885.0,0.0,0.0,1559166.0,6085311527.0,0.0,0.0,1615016.0,0.0,0.0,0.0,0.0
2023-03-20 10:33:09.390000+00:00,7110656.0,52989952.0,67457024.0,65482752.0,54.05,0.120698309,30.7,6082376630.0,0.0,0.0,1561388.0,6092814462.0,0.0,0.0,1617325.0,0.0,0.0,0.0,0.0
2023-03-20 10:33:14.768000+00:00,7110656.0,52989952.0,67633152.0,65658880.0,54.08,0.120698309,30.72,6084785941.0,0.0,0.0,1562159.0,6095239433.0,0.0,0.0,1618132.0,0.0,0.0,0.0,0.0
2023-03-20 10:33:18.911000+00:00,7110656.0,52994048.0,67563520.0,65589248.0,54.16,0.120698309,30.78,6092630371.0,0.0,0.0,1564359.0,6103098653.0,0.0,0.0,1620431.0,0.0,0.0,0.0,0.0
2023-03-20 10:33:23.982000+00:00,7110656.0,52994048.0,67563520.0,65589248.0,54.19,0.120698309,30.78,6092630371.0,0.0,0.0,1564359.0,6103098653.0,0.0,0.0,1620431.0,0.0,0.0,0.0,0.0
2023-03-20 10:33:28.552000+00:00,7110656.0,52994048.0,67497984.0,65523712.0,54.28,0.120698309,30.86,6106958016.0,0.0,0.0,1568159.0,6117446570.0,0.0,0.0,1624331.0,0.0,0.0,0.0,0.0
2023-03-20 10:33:33.386000+00:00,7110656.0,52994048.0,67366912.0,65392640.0,54.32,0.120698309,30.86,6112875858.0,0.0,0.0,1569810.0,6123376519.0,0.0,0.0,1626042.0,0.0,0.0,0.0,0.0
2023-03-20 10:33:38.902000+00:00,7217152.0,52994048.0,67366912.0,65392640.0,54.44,0.120698309,30.95,6112875858.0,0.0,0.0,1573064.0,6134488190.0,0.0,0.0,1629494.0,0.0,0.0,0.0,0.0
2023-03-20 10:33:43.504000+00:00,7217152.0,52994048.0,67366912.0,65392640.0,54.7,0.120698309,30.95,6112875858.0,0.0,0.0,1573064.0,6134488190.0,0.0,0.0,1629494.0,0.0,0.0,0.0,0.0
2023-03-20 10:33:48.688000+00:00,7217152.0,53002240.0,67768320.0,65794048.0,54.78,0.120698309,31.06,6164996435.0,0.0,0.0,1583101.0,6175585160.0,0.0,0.0,1639930.0,0.0,0.0,0.0,0.0
2023-03-20 10:33:54.344000+00:00,7217152.0,53002240.0,67403776.0,65429504.0,54.8,0.120698309,31.06,6166233755.0,0.0,0.0,1583552.0,6176830411.0,0.0,0.0,1640418.0,0.0,0.0,0.0,0.0
2023-03-20 10:33:58.845000+00:00,7217152.0,53002240.0,67756032.0,65781760.0,54.86,0.120698309,31.12,6172079809.0,0.0,0.0,1585084.0,6182686669.0,0.0,0.0,1641983.0,0.0,0.0,0.0,0.0
2023-03-20 10:34:04.326000+00:00,7217152.0,53002240.0,67756032.0,65781760.0,54.9,0.120698309,31.13,6178688461.0,0.0,0.0,1586907.0,6189313300.0,0.0,0.0,1643874.0,0.0,0.0,0.0,0.0
2023-03-20 10:34:09.566000+00:00,7217152.0,53002240.0,67657728.0,65683456.0,54.96,0.120698309,31.19,6180994220.0,0.0,0.0,1587657.0,6191645253.0,0.0,0.0,1644663.0,0.0,0.0,0.0,0.0
2023-03-20 10:34:13.966000+00:00,7217152.0,53002240.0,67657728.0,65683456.0,54.96,0.120698309,31.19,6180994220.0,0.0,0.0,1587657.0,6191645253.0,0.0,0.0,1644663.0,0.0,0.0,0.0,0.0
2023-03-20 10:34:19.092000+00:00,7217152.0,53010432.0,67612672.0,65638400.0,54.99,0.120698309,31.24,6181195168.0,0.0,0.0,1587884.0,6191861658.0,0.0,0.0,1644923.0,0.0,0.0,0.0,0.0
2023-03-20 10:34:23.714000+00:00,7217152.0,53010432.0,67653632.0,65679360.0,55.01,0.120698309,31.24,6185420690.0,0.0,0.0,1588955.0,6196088258.0,0.0,0.0,1646007.0,0.0,0.0,0.0,0.0
2023-03-20 10:34:28.034000+00:00,7217152.0,54808576.0,69992448.0,68018176.0,55.01,0.120698309,31.26,6185508778.0,0.0,0.0,1589006.0,6196176558.0,0.0,0.0,1646060.0,0.0,0.0,0.0,0.0
2023-03-20 10:34:34.360000+00:00,7217152.0,54808576.0,69992448.0,68018176.0,55.09,0.120698309,31.26,6185508778.0,0.0,0.0,1589006.0,6196176558.0,0.0,0.0,1648583.0,0.0,0.0,0.0,0.0
2023-03-20 10:34:38.755000+00:00,7315456.0,53014528.0,67809280.0,65835008.0,55.14,0.120698309,31.4,6200034223.0,0.0,0.0,1593028.0,6210737163.0,0.0,0.0,1650321.0,0.0,0.0,0.0,0.0
2023-03-20 10:34:44.099000+00:00,7315456.0,53014528.0,67809280.0,65835008.0,55.18,0.120698309,31.41,6200034223.0,0.0,0.0,1593028.0,6210737163.0,0.0,0.0,1650321.0,0.0,0.0,0.0,0.0
2023-03-20 10:34:49.134000+00:00,7315456.0,53014528.0,67563520.0,65589248.0,55.18,0.120698309,31.48,6202241375.0,0.0,0.0,1593736.0,6212955416.0,0.0,0.0,1651073.0,0.0,0.0,0.0,0.0
2023-03-20 10:34:54.603000+00:00,7315456.0,53014528.0,67563520.0,65589248.0,55.22,0.120698309,31.48,6202241375.0,0.0,0.0,1593736.0,6212955416.0,0.0,0.0,1651073.0,0.0,0.0,0.0,0.0
2023-03-20 10:34:58.872000+00:00,7315456.0,53014528.0,67649536.0,65675264.0,55.26,0.120698309,31.49,6211255822.0,0.0,0.0,1596256.0,6221998782.0,0.0,0.0,1653750.0,0.0,0.0,0.0,0.0
2023-03-20 10:35:04.283000+00:00,7315456.0,53014528.0,67534848.0,65560576.0,55.28,0.120698309,31.49,6212784798.0,0.0,0.0,1596847.0,6223540325.0,0.0,0.0,1654406.0,0.0,0.0,0.0,0.0
2023-03-20 10:35:07.618000+00:00,7315456.0,53014528.0,67518464.0,65544192.0,55.28,0.120698309,31.56,6212873853.0,0.0,0.0,1596904.0,6223629672.0,0.0,0.0,1654466.0,0.0,0.0,0.0,0.0
2023-03-20 10:35:12.477000+00:00,7315456.0,53014528.0,67518464.0,65544192.0,55.34,0.120698309,31.64,6212873853.0,0.0,0.0,1596904.0,6229825040.0,0.0,0.0,1656342.0,0.0,0.0,0.0,0.0
2023-03-20 10:35:19.699000+00:00,7315456.0,53051392.0,67932160.0,65957888.0,55.62,0.120698309,31.82,6260859154.0,0.0,0.0,1608995.0,6271665169.0,0.0,0.0,1666881.0,0.0,0.0,0.0,0.0
2023-03-20 10:35:23.886000+00:00,7315456.0,53051392.0,67706880.0,65732608.0,55.67,0.120698309,31.83,6266407060.0,0.0,0.0,1610486.0,6277221208.0,0.0,0.0,1668411.0,0.0,0.0,0.0,0.0
2023-03-20 10:35:28.591000+00:00,7315456.0,53051392.0,67772416.0,65798144.0,55.8,0.120698309,31.86,6279813052.0,0.0,0.0,1614156.0,6290655278.0,0.0,0.0,1672223.0,0.0,0.0,0.0,0.0
2023-03-20 10:35:34.801000+00:00,7315456.0,53051392.0,67772416.0,65884160.0,56.0,0.120698309,31.94,6302986116.0,0.0,0.0,1620199.0,6313862227.0,0.0,0.0,1678448.0,0.0,0.0,0.0,0.0
2023-03-20 10:35:38.643000+00:00,7442432.0,53051392.0,67710976.0,65736704.0,56.0,0.120698309,31.94,6302990404.0,0.0,0.0,1620223.0,6313869277.0,0.0,0.0,1678474.0,0.0,0.0,0.0,0.0
2023-03-20 10:35:44.924000+00:00,7442432.0,53051392.0,67710976.0,65736704.0,56.09,0.120698309,32.04,6302990404.0,0.0,0.0,1620223.0,6313869277.0,0.0,0.0,1678474.0,0.0,0.0,0.0,0.0
2023-03-20 10:35:48.633000+00:00,7442432.0,53051392.0,67489792.0,65515520.0,56.12,0.120698309,32.05,6313834409.0,0.0,0.0,1623669.0,6324766666.0,0.0,0.0,1682158.0,0.0,0.0,0.0,0.0
2023-03-20 10:35:53.352000+00:00,7442432.0,53051392.0,67489792.0,65851392.0,56.43,0.120698309,32.05,6359946004.0,0.0,0.0,1634567.0,6370891925.0,0.0,0.0,1693171.0,0.0,0.0,0.0,0.0
2023-03-20 10:35:59.287000+00:00,7442432.0,53051392.0,67473408.0,65499136.0,56.52,0.120698309,32.21,6376437616.0,0.0,0.0,1638771.0,6387396165.0,0.0,0.0,1697441.0,0.0,0.0,0.0,0.0
2023-03-20 10:36:04.391000+00:00,7442432.0,53051392.0,67473408.0,65499136.0,56.54,0.120698309,32.21,6376437616.0,0.0,0.0,1638771.0,6387510957.0,0.0,0.0,1697569.0,0.0,0.0,0.0,0.0
2023-03-20 10:36:06.865000+00:00,7442432.0,53063680.0,67481600.0,65507328.0,56.54,0.120698309,32.26,6376626762.0,0.0,0.0,1638937.0,6387601700.0,0.0,0.0,1697616.0,0.0,0.0,0.0,0.0
2023-03-20 10:36:14.450000+00:00,7442432.0,53067776.0,67670016.0,65507328.0,56.59,0.120698309,32.33,6376626762.0,0.0,0.0,1638937.0,6387601700.0,0.0,0.0,1697616.0,0.0,0.0,0.0,0.0
2023-03-20 10:36:19.263000+00:00,7442432.0,53067776.0,67485696.0,65511424.0,56.62,0.120698309,32.34,6381586675.0,0.0,0.0,1640482.0,6392590872.0,0.0,0.0,1699240.0,0.0,0.0,0.0,0.0
2023-03-20 10:36:24.063000+00:00,7442432.0,53067776.0,67485696.0,65511424.0,56.72,0.120698309,32.42,6381586675.0,0.0,0.0,1640482.0,6403888171.0,0.0,0.0,1702253.0,0.0,0.0,0.0,0.0
2023-03-20 10:36:29.439000+00:00,7442432.0,53075968.0,67604480.0,65630208.0,56.8,0.120698309,32.44,6401943063.0,0.0,0.0,1645735.0,6412973077.0,0.0,0.0,1704600.0,0.0,0.0,0.0,0.0
2023-03-20 10:36:33.703000+00:00,7442432.0,53075968.0,67604480.0,65630208.0,56.85,0.120698309,32.52,6401943063.0,0.0,0.0,1645735.0,6412973077.0,0.0,0.0,1704600.0,0.0,0.0,0.0,0.0
2023-03-20 10:36:38.530000+00:00,7553024.0,53080064.0,67592192.0,65617920.0,56.9,0.120698309,32.53,6412206774.0,0.0,0.0,1648890.0,6423272172.0,0.0,0.0,1707957.0,0.0,0.0,0.0,0.0
2023-03-20 10:36:43.934000+00:00,7553024.0,53080064.0,67592192.0,65617920.0,57.03,0.120698309,32.59,6412206774.0,0.0,0.0,1648890.0,6423272172.0,0.0,0.0,1707957.0,0.0,0.0,0.0,0.0
2023-03-20 10:36:48.768000+00:00,7553024.0,53080064.0,67735552.0,65761280.0,57.04,0.120698309,32.59,6425324458.0,0.0,0.0,1652242.0,6436398316.0,0.0,0.0,1711351.0,0.0,0.0,0.0,0.0
2023-03-20 10:36:53.971000+00:00,7553024.0,53080064.0,67735552.0,65761280.0,57.07,0.120698309,32.59,6425324458.0,0.0,0.0,1652242.0,6436398316.0,0.0,0.0,1711351.0,0.0,0.0,0.0,0.0
2023-03-20 10:36:58.719000+00:00,7553024.0,53080064.0,67723264.0,65748992.0,57.18,0.120698309,32.65,6436342461.0,0.0,0.0,1654885.0,6447439026.0,0.0,0.0,1714113.0,0.0,0.0,0.0,0.0
2023-03-20 10:37:04.223000+00:00,7553024.0,53080064.0,67854336.0,65880064.0,57.29,0.120698309,32.65,6447203906.0,0.0,0.0,1657962.0,6458331485.0,0.0,0.0,1717331.0,0.0,0.0,0.0,0.0
2023-03-20 10:37:08.774000+00:00,7553024.0,53092352.0,67969024.0,65994752.0,57.36,0.120698309,32.73,6453461991.0,0.0,0.0,1659776.0,6464606935.0,0.0,0.0,1719243.0,0.0,0.0,0.0,0.0
2023-03-20 10:37:13.483000+00:00,7553024.0,53092352.0,67969024.0,65994752.0,57.46,0.121055899,32.8,6453461991.0,0.0,0.0,1659776.0,6464606935.0,0.0,0.0,1719243.0,0.0,0.0,0.0,0.0
2023-03-20 10:37:18.510000+00:00,7553024.0,53092352.0,67739648.0,65765376.0,57.54,0.121055899,32.82,6470153724.0,0.0,0.0,1664457.0,6481333109.0,0.0,0.0,1724111.0,0.0,0.0,0.0,0.0
2023-03-20 10:37:23.880000+00:00,7553024.0,53092352.0,67674112.0,65699840.0,57.58,0.121055899,32.82,6471643221.0,0.0,0.0,1664950.0,6482830166.0,0.0,0.0,1724636.0,0.0,0.0,0.0,0.0
2023-03-20 10:37:29.148000+00:00,7553024.0,53092352.0,67756032.0,65781760.0,57.61,0.121055899,32.86,6473152128.0,0.0,0.0,1665544.0,6484351367.0,0.0,0.0,1725293.0,0.0,0.0,0.0,0.0
2023-03-20 10:37:33.919000+00:00,7553024.0,53092352.0,67756032.0,65896448.0,57.82,0.121055899,32.94,6497515612.0,0.0,0.0,1671644.0,6508738367.0,0.0,0.0,1731467.0,0.0,0.0,0.0,0.0
2023-03-20 10:37:38.610000+00:00,7667712.0,53116928.0,67792896.0,65818624.0,57.91,0.121055899,32.96,6510290638.0,0.0,0.0,1674914.0,6521544762.0,0.0,0.0,1734896.0,0.0,0.0,0.0,0.0
2023-03-20 10:37:44.608000+00:00,7667712.0,53116928.0,67792896.0,65818624.0,58.06,0.121055899,32.96,6510290638.0,0.0,0.0,1674914.0,6521544762.0,0.0,0.0,1734896.0,0.0,0.0,0.0,0.0
2023-03-20 10:37:49.654000+00:00,7667712.0,53116928.0,67883008.0,65908736.0,58.1,0.121055899,32.96,6529950885.0,0.0,0.0,1680522.0,6541259863.0,0.0,0.0,1740798.0,0.0,0.0,0.0,0.0
2023-03-20 10:37:54.910000+00:00,7667712.0,53116928.0,67997696.0,66023424.0,58.23,0.121055899,33.21,6557536704.0,0.0,0.0,1686904.0,6568863432.0,0.0,0.0,1747288.0,0.0,0.0,0.0,0.0
2023-03-20 10:37:59.386000+00:00,7667712.0,53116928.0,67682304.0,65708032.0,58.31,0.121055899,33.22,6565293218.0,0.0,0.0,1689009.0,6576631629.0,0.0,0.0,1749484.0,0.0,0.0,0.0,0.0
2023-03-20 10:38:04.416000+00:00,7667712.0,53116928.0,67682304.0,65708032.0,58.45,0.121055899,33.22,6565293218.0,0.0,0.0,1689009.0,6576631629.0,0.0,0.0,1754574.0,0.0,0.0,0.0,0.0
2023-03-20 10:38:08.420000+00:00,7667712.0,53129216.0,67833856.0,65859584.0,58.48,0.121055899,33.3,6588420543.0,0.0,0.0,1694995.0,6599790565.0,0.0,0.0,1755581.0,0.0,0.0,0.0,0.0
2023-03-20 10:38:14.438000+00:00,7667712.0,53129216.0,67833856.0,65859584.0,58.53,0.121055899,33.36,6588420543.0,0.0,0.0,1694995.0,6599790565.0,0.0,0.0,1755581.0,0.0,0.0,0.0,0.0
2023-03-20 10:38:19.469000+00:00,7667712.0,53129216.0,67903488.0,65929216.0,58.58,0.121055899,33.4,6597472938.0,0.0,0.0,1697602.0,6608872451.0,0.0,0.0,1758310.0,0.0,0.0,0.0,0.0
2023-03-20 10:38:24.593000+00:00,7667712.0,53129216.0,67903488.0,65929216.0,58.61,0.121055899,33.4,6597472938.0,0.0,0.0,1697602.0,6608872451.0,0.0,0.0,1759306.0,0.0,0.0,0.0,0.0
2023-03-20 10:38:28.741000+00:00,7667712.0,53129216.0,67796992.0,65822720.0,58.64,0.121055899,33.46,6600442471.0,0.0,0.0,1698644.0,6611865367.0,0.0,0.0,1759420.0,0.0,0.0,0.0,0.0
2023-03-20 10:38:34.367000+00:00,7667712.0,53129216.0,67796992.0,65822720.0,58.67,0.121055899,33.46,6600442471.0,0.0,0.0,1698644.0,6611865367.0,0.0,0.0,1759420.0,0.0,0.0,0.0,0.0
2023-03-20 10:38:38.253000+00:00,7798784.0,53129216.0,67559424.0,65585152.0,58.7,0.121055899,33.52,6604831123.0,0.0,0.0,1699969.0,6616271879.0,0.0,0.0,1760810.0,0.0,0.0,0.0,0.0
2023-03-20 10:38:44.024000+00:00,7798784.0,53129216.0,67559424.0,65585152.0,58.78,0.121055899,33.52,6604831123.0,0.0,0.0,1699969.0,6616271879.0,0.0,0.0,1760810.0,0.0,0.0,0.0,0.0
2023-03-20 10:38:48.824000+00:00,7798784.0,53129216.0,67796992.0,65822720.0,58.8,0.121055899,33.6,6615814035.0,0.0,0.0,1702963.0,6627281023.0,0.0,0.0,1763877.0,0.0,0.0,0.0,0.0
2023-03-20 10:38:53.074000+00:00,7798784.0,53129216.0,67674112.0,65699840.0,58.83,0.121055899,33.6,6617423294.0,0.0,0.0,1703483.0,6628900051.0,0.0,0.0,1764423.0,0.0,0.0,0.0,0.0
2023-03-20 10:38:58.848000+00:00,7798784.0,53129216.0,67674112.0,65699840.0,58.94,0.121055899,33.68,6617423294.0,0.0,0.0,1703483.0,6628900051.0,0.0,0.0,1764423.0,0.0,0.0,0.0,0.0
2023-03-20 10:39:03.716000+00:00,7798784.0,53129216.0,67674112.0,65699840.0,59.16,0.121055899,33.73,6617423294.0,0.0,0.0,1703483.0,6628900051.0,0.0,0.0,1764423.0,0.0,0.0,0.0,0.0
2023-03-20 10:39:09.528000+00:00,7798784.0,53145600.0,67612672.0,65638400.0,59.7,0.121055899,33.92,6737308693.0,0.0,0.0,1729479.0,6748871822.0,0.0,0.0,1791581.0,0.0,0.0,0.0,0.0
2023-03-20 10:39:14.686000+00:00,7798784.0,53145600.0,67571712.0,65597440.0,59.73,0.121055899,33.92,6740146247.0,0.0,0.0,1730341.0,6751718174.0,0.0,0.0,1792493.0,0.0,0.0,0.0,0.0
2023-03-20 10:39:18.996000+00:00,7798784.0,53145600.0,68009984.0,66035712.0,59.83,0.121055899,33.99,6748332835.0,0.0,0.0,1732633.0,6759921959.0,0.0,0.0,1794878.0,0.0,0.0,0.0,0.0
2023-03-20 10:39:24.662000+00:00,7798784.0,53145600.0,67633152.0,65658880.0,59.91,0.121055899,33.99,6755154738.0,0.0,0.0,1734699.0,6766773443.0,0.0,0.0,1797107.0,0.0,0.0,0.0,0.0
2023-03-20 10:39:29.435000+00:00,7798784.0,53145600.0,67584000.0,65609728.0,60.12,0.121055899,34.12,6788816551.0,0.0,0.0,1743046.0,6800454554.0,0.0,0.0,1805538.0,0.0,0.0,0.0,0.0
2023-03-20 10:39:32.449000+00:00,7798784.0,53145600.0,67584000.0,65576960.0,60.12,0.121055899,34.12,6788905071.0,0.0,0.0,1743108.0,6800543012.0,0.0,0.0,1805597.0,0.0,0.0,0.0,0.0
2023-03-20 10:39:38.854000+00:00,7933952.0,53145600.0,67657728.0,65683456.0,60.24,0.121055899,34.22,6808011268.0,0.0,0.0,1748033.0,6819679383.0,0.0,0.0,1810616.0,0.0,0.0,0.0,0.0
2023-03-20 10:39:44.541000+00:00,7933952.0,53145600.0,67657728.0,65683456.0,60.4,0.121055899,34.22,6808011268.0,0.0,0.0,1748033.0,6819679383.0,0.0,0.0,1810616.0,0.0,0.0,0.0,0.0
2023-03-20 10:39:48.590000+00:00,7933952.0,53145600.0,67850240.0,65875968.0,60.43,0.121055899,34.3,6826654117.0,0.0,0.0,1752788.0,6838339922.0,0.0,0.0,1815471.0,0.0,0.0,0.0,0.0
2023-03-20 10:39:53.274000+00:00,7933952.0,53145600.0,67850240.0,65982464.0,60.53,0.121055899,34.3,6838262851.0,0.0,0.0,1755636.0,6849967205.0,0.0,0.0,1818448.0,0.0,0.0,0.0,0.0
2023-03-20 10:39:59.341000+00:00,7933952.0,53145600.0,68239360.0,66265088.0,60.56,0.121055899,34.39,6839504438.0,0.0,0.0,1756102.0,6851224215.0,0.0,0.0,1818946.0,0.0,0.0,0.0,0.0
2023-03-20 10:40:03.727000+00:00,7933952.0,53145600.0,68239360.0,66265088.0,60.57,0.610950102,34.39,6839504438.0,0.0,0.0,1756102.0,6851224215.0,0.0,0.0,1819657.0,0.0,0.0,0.0,0.0
2023-03-20 10:40:09.150000+00:00,7933952.0,53145600.0,67629056.0,65654784.0,60.62,0.121055899,34.48,6844494614.0,0.0,0.0,1757523.0,6856231266.0,0.0,0.0,1820457.0,0.0,0.0,0.0,0.0
2023-03-20 10:40:14.425000+00:00,7933952.0,53145600.0,67629056.0,65654784.0,60.64,0.121055899,34.49,6844494614.0,0.0,0.0,1757523.0,6856231266.0,0.0,0.0,1820457.0,0.0,0.0,0.0,0.0
2023-03-20 10:40:19.237000+00:00,7933952.0,53145600.0,67747840.0,65773568.0,60.88,0.121055899,34.58,6892738322.0,0.0,0.0,1768321.0,6904513879.0,0.0,0.0,1831610.0,0.0,0.0,0.0,0.0
2023-03-20 10:40:24.360000+00:00,7933952.0,53145600.0,67747840.0,65773568.0,60.91,0.121055899,34.6,6892738322.0,0.0,0.0,1768321.0,6904513879.0,0.0,0.0,1832367.0,0.0,0.0,0.0,0.0
2023-03-20 10:40:29.838000+00:00,7933952.0,53145600.0,67792896.0,65818624.0,60.96,0.121055899,34.67,6897452073.0,0.0,0.0,1769828.0,6909250603.0,0.0,0.0,1833217.0,0.0,0.0,0.0,0.0
2023-03-20 10:40:33.446000+00:00,7933952.0,53145600.0,67776512.0,65802240.0,61.03,0.121055899,34.69,6915987203.0,0.0,0.0,1773989.0,6927794476.0,0.0,0.0,1837506.0,0.0,0.0,0.0,0.0
2023-03-20 10:40:38.470000+00:00,8040448.0,53145600.0,67547136.0,65572864.0,61.04,0.121055899,34.69,6916561554.0,0.0,0.0,1774353.0,6928378481.0,0.0,0.0,1837933.0,0.0,0.0,0.0,0.0
2023-03-20 10:40:44.574000+00:00,8040448.0,53145600.0,67547136.0,65572864.0,61.16,0.121055899,34.75,6916561554.0,0.0,0.0,1774353.0,6928378481.0,0.0,0.0,1837933.0,0.0,0.0,0.0,0.0
2023-03-20 10:40:48.863000+00:00,8040448.0,53145600.0,67952640.0,65978368.0,61.24,0.121055899,34.77,6938798842.0,0.0,0.0,1780069.0,6950638830.0,0.0,0.0,1843751.0,0.0,0.0,0.0,0.0
2023-03-20 10:40:54.156000+00:00,8040448.0,53145600.0,68190208.0,65978368.0,61.29,0.121055899,34.77,6938798842.0,0.0,0.0,1780069.0,6950638830.0,0.0,0.0,1843751.0,0.0,0.0,0.0,0.0
2023-03-20 10:40:58.673000+00:00,8040448.0,53145600.0,67940352.0,65966080.0,61.52,0.121055899,34.86,6968471594.0,0.0,0.0,1787551.0,6980336389.0,0.0,0.0,1851324.0,0.0,0.0,0.0,0.0
2023-03-20 10:41:04.681000+00:00,8040448.0,53145600.0,67780608.0,65806336.0,61.65,0.121055899,34.86,6982537916.0,0.0,0.0,1791462.0,6994433358.0,0.0,0.0,1855372.0,0.0,0.0,0.0,0.0
2023-03-20 10:41:09.111000+00:00,8040448.0,53145600.0,68071424.0,66097152.0,61.77,0.121055899,34.96,7004180770.0,0.0,0.0,1796837.0,7016084504.0,0.0,0.0,1860824.0,0.0,0.0,0.0,0.0
2023-03-20 10:41:13.566000+00:00,8040448.0,53145600.0,68071424.0,66097152.0,61.8,0.121055899,34.96,7004180770.0,0.0,0.0,1796837.0,7016084504.0,0.0,0.0,1860824.0,0.0,0.0,0.0,0.0
2023-03-20 10:41:19.839000+00:00,8040448.0,53145600.0,67821568.0,65847296.0,61.94,0.121055899,35.04,7022040513.0,0.0,0.0,1801376.0,7033959935.0,0.0,0.0,1865436.0,0.0,0.0,0.0,0.0
2023-03-20 10:41:24.761000+00:00,8040448.0,53153792.0,67780608.0,65806336.0,62.22,0.121055899,35.04,7060695909.0,0.0,0.0,1809357.0,7072701741.0,0.0,0.0,1874652.0,0.0,0.0,0.0,0.0
2023-03-20 10:41:29.009000+00:00,8040448.0,53153792.0,67567616.0,65593344.0,62.26,0.121055899,35.17,7064303987.0,0.0,0.0,1810422.0,7076323294.0,0.0,0.0,1875756.0,0.0,0.0,0.0,0.0
2023-03-20 10:41:34.197000+00:00,8040448.0,53153792.0,67567616.0,65597440.0,62.32,0.121055899,35.22,7065796719.0,0.0,0.0,1810934.0,7077824119.0,0.0,0.0,1876308.0,0.0,0.0,0.0,0.0
2023-03-20 10:41:38.728000+00:00,8155136.0,53153792.0,67702784.0,65728512.0,62.4,0.121055899,35.25,7077368942.0,0.0,0.0,1814028.0,7089416467.0,0.0,0.0,1879502.0,0.0,0.0,0.0,0.0
2023-03-20 10:41:43.482000+00:00,8155136.0,53153792.0,67702784.0,65728512.0,62.44,0.121055899,35.25,7077368942.0,0.0,0.0,1814028.0,7089416467.0,0.0,0.0,1879502.0,0.0,0.0,0.0,0.0
2023-03-20 10:41:48.684000+00:00,8155136.0,53153792.0,67694592.0,65720320.0,62.58,0.168027973,35.35,7098547263.0,0.0,0.0,1819114.0,7110621534.0,0.0,0.0,1884784.0,0.0,0.0,0.0,0.0
2023-03-20 10:41:53.530000+00:00,8155136.0,53153792.0,67694592.0,65908736.0,62.6,0.168027973,35.41,7099104929.0,0.0,0.0,1819391.0,7111186838.0,0.0,0.0,1885094.0,0.0,0.0,0.0,0.0
2023-03-20 10:41:59.140000+00:00,8155136.0,53153792.0,67579904.0,65605632.0,62.68,0.16983918,35.42,7108190061.0,0.0,0.0,1821755.0,7120287706.0,0.0,0.0,1887494.0,0.0,0.0,0.0,0.0
2023-03-20 10:42:03.917000+00:00,8155136.0,53153792.0,67579904.0,65605632.0,62.71,0.16983918,35.47,7108190061.0,0.0,0.0,1821755.0,7120383209.0,0.0,0.0,1887559.0,0.0,0.0,0.0,0.0
2023-03-20 10:42:08.507000+00:00,8155136.0,53153792.0,67825664.0,65851392.0,62.77,0.171565274,35.48,7113252437.0,0.0,0.0,1823158.0,7125370766.0,0.0,0.0,1888931.0,0.0,0.0,0.0,0.0
2023-03-20 10:42:13.844000+00:00,8155136.0,53153792.0,67825664.0,65851392.0,62.82,0.233357134,35.57,7113252437.0,0.0,0.0,1823158.0,7125370766.0,0.0,0.0,1888931.0,0.0,0.0,0.0,0.0
2023-03-20 10:42:18.470000+00:00,8155136.0,53153792.0,67702784.0,65728512.0,62.88,0.233357134,35.58,7129895413.0,0.0,0.0,1827507.0,7142036408.0,0.0,0.0,1893376.0,0.0,0.0,0.0,0.0
2023-03-20 10:42:24.805000+00:00,8155136.0,53153792.0,67977216.0,66002944.0,62.92,0.233357134,35.58,7131485315.0,0.0,0.0,1828109.0,7143635401.0,0.0,0.0,1894032.0,0.0,0.0,0.0,0.0
2023-03-20 10:42:28.682000+00:00,8155136.0,53153792.0,67579904.0,65605632.0,62.92,0.233357134,35.63,7132992357.0,0.0,0.0,1828508.0,7145143256.0,0.0,0.0,1894441.0,0.0,0.0,0.0,0.0
2023-03-20 10:42:33.484000+00:00,8155136.0,53153792.0,67579904.0,65605632.0,62.97,0.233357134,35.7,7132992357.0,0.0,0.0,1828508.0,7145143256.0,0.0,0.0,1894441.0,0.0,0.0,0.0,0.0
2023-03-20 10:42:38.964000+00:00,8228864.0,53153792.0,67670016.0,65695744.0,62.97,0.233357134,35.72,7136260446.0,0.0,0.0,1829601.0,7148426873.0,0.0,0.0,1895603.0,0.0,0.0,0.0,0.0
2023-03-20 10:42:44.136000+00:00,8228864.0,53153792.0,67670016.0,65695744.0,63.04,0.233357134,35.79,7136260446.0,0.0,0.0,1829601.0,7148426873.0,0.0,0.0,1895603.0,0.0,0.0,0.0,0.0
2023-03-20 10:42:48.871000+00:00,8228864.0,53153792.0,67551232.0,65576960.0,63.11,0.233357134,35.79,7149496939.0,0.0,0.0,1833312.0,7161689362.0,0.0,0.0,1899457.0,0.0,0.0,0.0,0.0
2023-03-20 10:42:54.031000+00:00,8228864.0,53153792.0,67551232.0,65576960.0,63.23,0.233357134,35.79,7149496939.0,0.0,0.0,1833312.0,7161689362.0,0.0,0.0,1899457.0,0.0,0.0,0.0,0.0
2023-03-20 10:42:59.848000+00:00,8228864.0,53153792.0,67801088.0,65826816.0,63.34,0.233357134,35.9,7175539741.0,0.0,0.0,1840090.0,7187775090.0,0.0,0.0,1906515.0,0.0,0.0,0.0,0.0
2023-03-20 10:43:04.134000+00:00,8228864.0,53153792.0,67940352.0,65966080.0,63.46,0.233357134,35.9,7186285578.0,0.0,0.0,1842937.0,7198537473.0,0.0,0.0,1909450.0,0.0,0.0,0.0,0.0
2023-03-20 10:43:09.457000+00:00,8228864.0,53153792.0,67858432.0,65884160.0,63.58,0.233357134,36.0,7204901513.0,0.0,0.0,1847013.0,7217157955.0,0.0,0.0,1913607.0,0.0,0.0,0.0,0.0
2023-03-20 10:43:13.645000+00:00,8228864.0,53153792.0,67858432.0,65884160.0,63.62,0.233357134,36.0,7204901513.0,0.0,0.0,1847013.0,7217157955.0,0.0,0.0,1913607.0,0.0,0.0,0.0,0.0
2023-03-20 10:43:19.094000+00:00,8228864.0,53153792.0,67825664.0,65851392.0,63.68,0.233357134,36.05,7209641813.0,0.0,0.0,1848637.0,7221933729.0,0.0,0.0,1915362.0,0.0,0.0,0.0,0.0
2023-03-20 10:43:23.971000+00:00,8228864.0,53153792.0,67801088.0,65826816.0,63.73,0.233357134,36.05,7215459436.0,0.0,0.0,1850304.0,7227775125.0,0.0,0.0,1917108.0,0.0,0.0,0.0,0.0
2023-03-20 10:43:27.978000+00:00,8228864.0,53153792.0,67846144.0,65871872.0,63.79,0.233357134,36.12,7219841796.0,0.0,0.0,1851542.0,7232168993.0,0.0,0.0,1918397.0,0.0,0.0,0.0,0.0
2023-03-20 10:43:34.315000+00:00,8228864.0,53153792.0,67846144.0,65671168.0,63.92,0.233357134,36.17,7236052595.0,0.0,0.0,1855324.0,7248416978.0,0.0,0.0,1922479.0,0.0,0.0,0.0,0.0
2023-03-20 10:43:39.019000+00:00,8372224.0,53194752.0,67674112.0,65699840.0,63.94,0.233357134,36.24,7238009054.0,0.0,0.0,1855847.0,7250376897.0,0.0,0.0,1923012.0,0.0,0.0,0.0,0.0
2023-03-20 10:43:42.512000+00:00,8372224.0,53194752.0,67674112.0,65699840.0,63.96,0.233357134,36.24,7238009054.0,0.0,0.0,1855847.0,7250376897.0,0.0,0.0,1923012.0,0.0,0.0,0.0,0.0
2023-03-20 10:43:49.554000+00:00,8372224.0,53194752.0,67874816.0,65900544.0,64.04,0.233357134,36.31,7247151013.0,0.0,0.0,1858419.0,7259546318.0,0.0,0.0,1925674.0,0.0,0.0,0.0,0.0
2023-03-20 10:43:53.982000+00:00,8372224.0,53194752.0,67874816.0,65654784.0,64.04,0.233357134,36.32,7247247155.0,0.0,0.0,1858509.0,7259648252.0,0.0,0.0,1925771.0,0.0,0.0,0.0,0.0
2023-03-20 10:43:58.983000+00:00,8372224.0,53194752.0,67616768.0,65642496.0,64.07,0.233357134,36.37,7247336545.0,0.0,0.0,1858568.0,7259740588.0,0.0,0.0,1925834.0,0.0,0.0,0.0,0.0
2023-03-20 10:44:03.799000+00:00,8372224.0,53194752.0,67616768.0,65642496.0,64.11,0.233357134,36.37,7247336545.0,0.0,0.0,1859706.0,7263211469.0,0.0,0.0,1927063.0,0.0,0.0,0.0,0.0
2023-03-20 10:44:08.265000+00:00,8372224.0,53194752.0,68378624.0,66404352.0,64.28,0.233357134,36.45,7271090156.0,0.0,0.0,1864332.0,7283527389.0,0.0,0.0,1931863.0,0.0,0.0,0.0,0.0
2023-03-20 10:44:13.785000+00:00,8372224.0,53194752.0,68378624.0,66404352.0,64.29,0.233357134,36.45,7271090156.0,0.0,0.0,1864332.0,7283527389.0,0.0,0.0,1931863.0,0.0,0.0,0.0,0.0
2023-03-20 10:44:18.854000+00:00,8372224.0,53194752.0,67948544.0,65974272.0,64.31,0.233357134,36.5,7271275049.0,0.0,0.0,1864481.0,7283720823.0,0.0,0.0,1932020.0,0.0,0.0,0.0,0.0
2023-03-20 10:44:24.286000+00:00,8372224.0,53194752.0,67948544.0,65974272.0,64.35,0.233357134,36.5,7271275049.0,0.0,0.0,1865311.0,7286606016.0,0.0,0.0,1932886.0,0.0,0.0,0.0,0.0
2023-03-20 10:44:29.346000+00:00,8372224.0,53194752.0,67756032.0,65781760.0,64.48,0.233357134,36.59,7283987119.0,0.0,0.0,1868009.0,7296460815.0,0.0,0.0,1935681.0,0.0,0.0,0.0,0.0
2023-03-20 10:44:34.462000+00:00,8372224.0,53194752.0,67756032.0,65781760.0,64.54,0.233357134,36.62,7283987119.0,0.0,0.0,1868009.0,7296460815.0,0.0,0.0,1937955.0,0.0,0.0,0.0,0.0
2023-03-20 10:44:39.795000+00:00,8445952.0,53194752.0,67604480.0,65630208.0,64.56,0.233357134,36.69,7292639005.0,0.0,0.0,1870323.0,7305132937.0,0.0,0.0,1938174.0,0.0,0.0,0.0,0.0
2023-03-20 10:44:44.324000+00:00,8445952.0,53194752.0,67858432.0,65884160.0,64.68,0.233357134,36.73,7315219406.0,0.0,0.0,1875248.0,7327732739.0,0.0,0.0,1943312.0,0.0,0.0,0.0,0.0
2023-03-20 10:44:49.293000+00:00,8445952.0,53194752.0,67620864.0,65646592.0,64.73,0.233357134,36.78,7320204630.0,0.0,0.0,1876645.0,7332727094.0,0.0,0.0,1944763.0,0.0,0.0,0.0,0.0
2023-03-20 10:44:53.803000+00:00,8445952.0,53194752.0,67620864.0,65646592.0,64.8,0.233357134,36.81,7320204630.0,0.0,0.0,1876645.0,7332727094.0,0.0,0.0,1947611.0,0.0,0.0,0.0,0.0
2023-03-20 10:44:59.811000+00:00,8445952.0,53194752.0,68104192.0,66129920.0,64.88,0.233357134,36.88,7341765039.0,0.0,0.0,1882094.0,7354319202.0,0.0,0.0,1950442.0,0.0,0.0,0.0,0.0
2023-03-20 10:45:03.363000+00:00,8445952.0,53194752.0,67993600.0,66019328.0,64.98,0.233357134,36.9,7353124281.0,0.0,0.0,1885134.0,7365697258.0,0.0,0.0,1953600.0,0.0,0.0,0.0,0.0
2023-03-20 10:45:08.915000+00:00,8445952.0,53194752.0,67948544.0,65974272.0,65.11,0.233357134,36.97,7363184103.0,0.0,0.0,1887878.0,7375778929.0,0.0,0.0,1956430.0,0.0,0.0,0.0,0.0
2023-03-20 10:45:14.672000+00:00,8445952.0,53194752.0,67948544.0,65974272.0,65.29,0.233357134,36.99,7363184103.0,0.0,0.0,1887878.0,7375778929.0,0.0,0.0,1956430.0,0.0,0.0,0.0,0.0
2023-03-20 10:45:19.306000+00:00,8445952.0,53194752.0,68005888.0,66031616.0,65.37,0.233357134,37.07,7397183908.0,0.0,0.0,1896448.0,7409816509.0,0.0,0.0,1965218.0,0.0,0.0,0.0,0.0
2023-03-20 10:45:23.542000+00:00,8445952.0,53194752.0,67813376.0,65839104.0,65.37,0.233357134,37.07,7397275445.0,0.0,0.0,1896513.0,7409913534.0,0.0,0.0,1965285.0,0.0,0.0,0.0,0.0
2023-03-20 10:45:28.878000+00:00,8445952.0,53194752.0,68005888.0,66031616.0,65.41,0.233357134,37.14,7399882506.0,0.0,0.0,1897267.0,7412533380.0,0.0,0.0,1966072.0,0.0,0.0,0.0,0.0
2023-03-20 10:45:33.927000+00:00,8445952.0,53223424.0,67801088.0,65826816.0,65.45,0.233357134,37.14,7405998230.0,0.0,0.0,1898836.0,7418670383.0,0.0,0.0,1967723.0,0.0,0.0,0.0,0.0
2023-03-20 10:45:39.004000+00:00,8572928.0,55209984.0,70402048.0,68427776.0,65.5,0.233357134,37.19,7410719171.0,0.0,0.0,1900269.0,7423413670.0,0.0,0.0,1969253.0,0.0,0.0,0.0,0.0
2023-03-20 10:45:44.258000+00:00,8572928.0,55209984.0,70402048.0,68427776.0,65.68,0.233357134,37.19,7410719171.0,0.0,0.0,1900269.0,7423413670.0,0.0,0.0,1969253.0,0.0,0.0,0.0,0.0
2023-03-20 10:45:48.624000+00:00,8572928.0,53223424.0,67809280.0,65835008.0,65.7,0.233357134,37.27,7434401814.0,0.0,0.0,1906236.0,7447112536.0,0.0,0.0,1975298.0,0.0,0.0,0.0,0.0
2023-03-20 10:45:54.910000+00:00,8572928.0,53223424.0,67919872.0,65945600.0,65.77,0.233357134,37.27,7438130212.0,0.0,0.0,1907410.0,7450861227.0,0.0,0.0,1976537.0,0.0,0.0,0.0,0.0
2023-03-20 10:45:58.966000+00:00,8572928.0,53223424.0,67674112.0,65699840.0,65.86,0.233357134,37.35,7446632762.0,0.0,0.0,1909704.0,7459376403.0,0.0,0.0,1978897.0,0.0,0.0,0.0,0.0
2023-03-20 10:46:04.333000+00:00,8572928.0,53223424.0,67674112.0,65884160.0,65.88,0.233357134,37.35,7448120755.0,0.0,0.0,1910115.0,7460874339.0,0.0,0.0,1979417.0,0.0,0.0,0.0,0.0
2023-03-20 10:46:09.478000+00:00,8572928.0,53223424.0,67788800.0,65814528.0,65.88,0.233357134,37.42,7448210071.0,0.0,0.0,1910173.0,7460969074.0,0.0,0.0,1979477.0,0.0,0.0,0.0,0.0
2023-03-20 10:46:13.720000+00:00,8572928.0,53223424.0,67788800.0,65814528.0,65.91,0.233357134,37.48,7448210071.0,0.0,0.0,1910173.0,7460969074.0,0.0,0.0,1979477.0,0.0,0.0,0.0,0.0
2023-03-20 10:46:19.747000+00:00,8572928.0,53223424.0,67915776.0,65941504.0,65.94,0.233357134,37.48,7451861115.0,0.0,0.0,1911320.0,7464639939.0,0.0,0.0,1980680.0,0.0,0.0,0.0,0.0
2023-03-20 10:46:24.801000+00:00,8572928.0,53223424.0,67915776.0,65949696.0,65.99,0.233357134,37.54,7454340833.0,0.0,0.0,1911810.0,7467127644.0,0.0,0.0,1981255.0,0.0,0.0,0.0,0.0
2023-03-20 10:46:29.135000+00:00,8572928.0,53223424.0,67911680.0,65937408.0,65.99,0.233357134,37.54,7454349800.0,0.0,0.0,1911855.0,7467139614.0,0.0,0.0,1981255.0,0.0,0.0,0.0,0.0
2023-03-20 10:46:34.790000+00:00,8572928.0,53223424.0,67911680.0,65937408.0,66.12,1.392398842,37.54,7454349800.0,0.0,0.0,1914836.0,7478868398.0,0.0,0.0,1984422.0,0.0,0.0,0.0,0.0
2023-03-20 10:46:39.563000+00:00,8663040.0,53223424.0,67883008.0,65908736.0,66.24,0.233357134,37.62,7480192690.0,0.0,0.0,1918162.0,7493016333.0,0.0,0.0,1987880.0,0.0,0.0,0.0,0.0
2023-03-20 10:46:43.634000+00:00,8663040.0,53223424.0,67653632.0,65679360.0,66.26,0.233357134,37.68,7480287490.0,0.0,0.0,1918248.0,7493119367.0,0.0,0.0,1987971.0,0.0,0.0,0.0,0.0
2023-03-20 10:46:49.218000+00:00,8663040.0,53223424.0,67756032.0,65781760.0,66.3,0.233357134,37.69,7483950421.0,0.0,0.0,1919030.0,7496788969.0,0.0,0.0,1988811.0,0.0,0.0,0.0,0.0
2023-03-20 10:46:54.092000+00:00,8663040.0,53223424.0,67756032.0,65781760.0,66.37,0.233357134,37.75,7483950421.0,0.0,0.0,1920951.0,7503781401.0,0.0,0.0,1990799.0,0.0,0.0,0.0,0.0
2023-03-20 10:46:59.537000+00:00,8663040.0,53223424.0,67653632.0,65679360.0,66.43,0.233357134,37.76,7496994216.0,0.0,0.0,1922714.0,7509861782.0,0.0,0.0,1992645.0,0.0,0.0,0.0,0.0
2023-03-20 10:47:04.628000+00:00,8663040.0,53223424.0,67653632.0,65679360.0,66.48,0.233357134,37.84,7496994216.0,0.0,0.0,1922714.0,7509861782.0,0.0,0.0,1993960.0,0.0,0.0,0.0,0.0
2023-03-20 10:47:09.278000+00:00,8663040.0,53227520.0,71065600.0,65884160.0,66.88,0.233357134,37.94,7560538321.0,0.0,0.0,1938119.0,7573468103.0,0.0,0.0,2008560.0,0.0,0.0,0.0,0.0
2023-03-20 10:47:13.899000+00:00,8663040.0,53227520.0,67743744.0,65769472.0,66.99,0.233357134,38.01,7575623178.0,0.0,0.0,1941660.0,7588596194.0,0.0,0.0,2012610.0,0.0,0.0,0.0,0.0
2023-03-20 10:47:19.858000+00:00,8663040.0,53227520.0,67682304.0,65708032.0,67.15,0.233357134,38.03,7604900451.0,0.0,0.0,1948666.0,7617893202.0,0.0,0.0,2019808.0,0.0,0.0,0.0,0.0
2023-03-20 10:47:24.080000+00:00,8663040.0,53227520.0,67682304.0,65708032.0,67.18,0.233357134,38.1,7604900451.0,0.0,0.0,1948666.0,7617893202.0,0.0,0.0,2019904.0,0.0,0.0,0.0,0.0
2023-03-20 10:47:29.747000+00:00,8663040.0,53227520.0,67670016.0,65695744.0,67.35,0.233357134,38.13,7628115533.0,0.0,0.0,1954230.0,7641147937.0,0.0,0.0,2025644.0,0.0,0.0,0.0,0.0
2023-03-20 10:47:34.024000+00:00,8663040.0,53227520.0,67969024.0,65994752.0,67.38,0.233357134,38.19,7629647458.0,0.0,0.0,1954777.0,7642685037.0,0.0,0.0,2026226.0,0.0,0.0,0.0,0.0
2023-03-20 10:47:38.615000+00:00,8794112.0,53272576.0,67846144.0,65871872.0,67.38,0.233357134,38.19,7629748264.0,0.0,0.0,1954895.0,7642794601.0,0.0,0.0,2026357.0,0.0,0.0,0.0,0.0
2023-03-20 10:47:44.655000+00:00,8794112.0,53276672.0,67756032.0,65781760.0,67.44,0.233357134,38.19,7634705967.0,0.0,0.0,1956155.0,7647756325.0,0.0,0.0,2027635.0,0.0,0.0,0.0,0.0
2023-03-20 10:47:48.897000+00:00,8794112.0,53276672.0,67706880.0,65732608.0,67.44,0.233357134,38.28,7634791935.0,0.0,0.0,1956193.0,7647844867.0,0.0,0.0,2027672.0,0.0,0.0,0.0,0.0
2023-03-20 10:47:53.858000+00:00,8794112.0,53276672.0,67706880.0,65732608.0,67.49,0.233357134,38.36,7634791935.0,0.0,0.0,1956193.0,7647844867.0,0.0,0.0,2027672.0,0.0,0.0,0.0,0.0
2023-03-20 10:47:58.785000+00:00,8794112.0,53276672.0,67710976.0,65736704.0,67.5,0.233357134,38.36,7640728319.0,0.0,0.0,1957792.0,7653789172.0,0.0,0.0,2029306.0,0.0,0.0,0.0,0.0
2023-03-20 10:48:04.038000+00:00,8794112.0,53276672.0,67837952.0,65863680.0,67.52,0.233357134,38.36,7640841061.0,0.0,0.0,1957969.0,7653912002.0,0.0,0.0,2029515.0,0.0,0.0,0.0,0.0
2023-03-20 10:48:09.268000+00:00,8794112.0,53276672.0,67829760.0,65855488.0,67.59,0.233357134,38.44,7649713106.0,0.0,0.0,1960147.0,7662784992.0,0.0,0.0,2031704.0,0.0,0.0,0.0,0.0
2023-03-20 10:48:13.968000+00:00,8794112.0,53276672.0,67829760.0,65855488.0,67.62,0.233357134,38.44,7649713106.0,0.0,0.0,1960147.0,7662784992.0,0.0,0.0,2031704.0,0.0,0.0,0.0,0.0
2023-03-20 10:48:18.662000+00:00,8794112.0,53280768.0,67796992.0,65822720.0,67.64,0.233357134,38.51,7652297507.0,0.0,0.0,1960938.0,7665374636.0,0.0,0.0,2032530.0,0.0,0.0,0.0,0.0
2023-03-20 10:48:24.666000+00:00,8794112.0,53280768.0,67723264.0,65748992.0,67.73,0.233357134,38.51,7664555234.0,0.0,0.0,1964091.0,7677645301.0,0.0,0.0,2035754.0,0.0,0.0,0.0,0.0
2023-03-20 10:48:29.047000+00:00,8794112.0,53280768.0,67817472.0,65843200.0,67.78,0.233357134,38.58,7668234571.0,0.0,0.0,1965103.0,7681332236.0,0.0,0.0,2036798.0,0.0,0.0,0.0,0.0
2023-03-20 10:48:34.419000+00:00,8794112.0,53280768.0,67817472.0,65933312.0,67.8,0.233357134,38.58,7668325892.0,0.0,0.0,1965177.0,7681424141.0,0.0,0.0,2036879.0,0.0,0.0,0.0,0.0
2023-03-20 10:48:38.917000+00:00,8843264.0,53288960.0,67977216.0,66002944.0,68.04,0.233357134,38.72,7699484930.0,0.0,0.0,1973012.0,7712620099.0,0.0,0.0,2045025.0,0.0,0.0,0.0,0.0
2023-03-20 10:48:44.010000+00:00,8843264.0,53288960.0,67977216.0,66002944.0,68.16,0.233357134,38.72,7699484930.0,0.0,0.0,1973012.0,7712620099.0,0.0,0.0,2045025.0,0.0,0.0,0.0,0.0
2023-03-20 10:48:48.864000+00:00,8843264.0,53338112.0,68403200.0,66428928.0,68.52,0.233357134,38.83,7758434855.0,0.0,0.0,1987236.0,7771647221.0,0.0,0.0,2059971.0,0.0,0.0,0.0,0.0
2023-03-20 10:48:53.496000+00:00,8843264.0,53338112.0,68403200.0,66072576.0,68.57,0.233357134,38.83,7761084730.0,0.0,0.0,1988093.0,7774308850.0,0.0,0.0,2060880.0,0.0,0.0,0.0,0.0
2023-03-20 10:48:58.514000+00:00,8843264.0,53346304.0,67932160.0,65957888.0,68.63,0.233357134,38.9,7765313148.0,0.0,0.0,1989166.0,7778543392.0,0.0,0.0,2061964.0,0.0,0.0,0.0,0.0
2023-03-20 10:49:02.477000+00:00,8843264.0,53346304.0,67932160.0,66080768.0,68.66,0.233357134,38.92,7768022669.0,0.0,0.0,1989936.0,7781257629.0,0.0,0.0,2062762.0,0.0,0.0,0.0,0.0
2023-03-20 10:49:08.901000+00:00,8843264.0,53346304.0,67960832.0,65986560.0,68.82,0.233357134,39.01,7783537770.0,0.0,0.0,1994173.0,7796806272.0,0.0,0.0,2067140.0,0.0,0.0,0.0,0.0
2023-03-20 10:49:14.021000+00:00,8843264.0,53346304.0,67960832.0,65986560.0,69.02,0.233357134,39.01,7783537770.0,0.0,0.0,1994173.0,7796806272.0,0.0,0.0,2067140.0,0.0,0.0,0.0,0.0
2023-03-20 10:49:18.552000+00:00,8843264.0,53350400.0,68096000.0,66121728.0,69.17,0.233357134,39.14,7833121533.0,0.0,0.0,2004874.0,7846454542.0,0.0,0.0,2078532.0,0.0,0.0,0.0,0.0
2023-03-20 10:49:24.405000+00:00,8843264.0,53350400.0,68096000.0,66121728.0,69.17,0.233357134,39.14,7833216869.0,0.0,0.0,2004961.0,7846558178.0,0.0,0.0,2078625.0,0.0,0.0,0.0,0.0
2023-03-20 10:49:29.748000+00:00,8843264.0,53350400.0,67829760.0,65855488.0,69.23,0.233357134,39.21,7837777693.0,0.0,0.0,2006271.0,7851133347.0,0.0,0.0,2079990.0,0.0,0.0,0.0,0.0
2023-03-20 10:49:34.487000+00:00,8843264.0,53350400.0,67829760.0,65855488.0,69.29,0.233357134,39.24,7837777693.0,0.0,0.0,2006271.0,7851133347.0,0.0,0.0,2081499.0,0.0,0.0,0.0,0.0
2023-03-20 10:49:38.855000+00:00,8990720.0,53354496.0,68075520.0,66101248.0,69.34,0.233357134,39.31,7845566880.0,0.0,0.0,2008518.0,7858950787.0,0.0,0.0,2082340.0,0.0,0.0,0.0,0.0
2023-03-20 10:49:44.773000+00:00,8990720.0,53354496.0,68075520.0,66101248.0,69.35,0.233357134,39.31,7845566880.0,0.0,0.0,2008518.0,7858950787.0,0.0,0.0,2082340.0,0.0,0.0,0.0,0.0
2023-03-20 10:49:48.156000+00:00,8990720.0,53354496.0,68075520.0,66330624.0,69.38,0.233357134,39.31,7848568627.0,0.0,0.0,2009501.0,7861972831.0,0.0,0.0,2083388.0,0.0,0.0,0.0,0.0
2023-03-20 10:49:53.538000+00:00,8990720.0,53362688.0,67829760.0,65855488.0,69.38,0.233357134,39.37,7848665056.0,0.0,0.0,2009606.0,7862072687.0,0.0,0.0,2083503.0,0.0,0.0,0.0,0.0
2023-03-20 10:49:58.741000+00:00,8990720.0,53362688.0,67977216.0,66002944.0,69.43,0.233357134,39.44,7852179354.0,0.0,0.0,2010597.0,7865594555.0,0.0,0.0,2084526.0,0.0,0.0,0.0,0.0
2023-03-20 10:50:03.899000+00:00,8990720.0,53362688.0,67977216.0,66002944.0,69.44,0.233357134,39.44,7852179354.0,0.0,0.0,2010597.0,7865594555.0,0.0,0.0,2084526.0,0.0,0.0,0.0,0.0
2023-03-20 10:50:09.644000+00:00,8990720.0,53362688.0,68063232.0,66088960.0,69.67,0.295122081,39.52,7871920853.0,0.0,0.0,2016012.0,7885372290.0,0.0,0.0,2090116.0,0.0,0.0,0.0,0.0
2023-03-20 10:50:14.662000+00:00,8990720.0,53362688.0,68063232.0,66088960.0,69.69,0.295122081,39.54,7871920853.0,0.0,0.0,2016012.0,7885372290.0,0.0,0.0,2090116.0,0.0,0.0,0.0,0.0
2023-03-20 10:50:19.864000+00:00,8990720.0,53366784.0,67973120.0,65998848.0,69.8,0.295392455,39.62,7885847013.0,0.0,0.0,2019848.0,7899322791.0,0.0,0.0,2094071.0,0.0,0.0,0.0,0.0
2023-03-20 10:50:23.023000+00:00,8990720.0,53366784.0,67973120.0,65998848.0,69.84,3.437567176,39.62,7885847013.0,0.0,0.0,2019848.0,7899322791.0,0.0,0.0,2094071.0,0.0,0.0,0.0,0.0
2023-03-20 10:50:29.282000+00:00,8990720.0,53366784.0,67989504.0,66015232.0,69.88,0.3035742,39.69,7892371308.0,0.0,0.0,2021792.0,7905864239.0,0.0,0.0,2096106.0,0.0,0.0,0.0,0.0
2023-03-20 10:50:33.909000+00:00,8990720.0,53366784.0,68026368.0,66052096.0,69.92,0.3035742,39.7,7897721159.0,0.0,0.0,2023372.0,7911229381.0,0.0,0.0,2097753.0,0.0,0.0,0.0,0.0
2023-03-20 10:50:38.405000+00:00,9089024.0,53366784.0,68104192.0,66129920.0,69.98,0.3035742,39.76,7899488963.0,0.0,0.0,2023935.0,7913010074.0,0.0,0.0,2098351.0,0.0,0.0,0.0,0.0
2023-03-20 10:50:44.821000+00:00,9089024.0,53366784.0,68104192.0,66129920.0,70.16,0.3035742,39.76,7899488963.0,0.0,0.0,2023935.0,7913010074.0,0.0,0.0,2098351.0,0.0,0.0,0.0,0.0
2023-03-20 10:50:49.753000+00:00,9089024.0,53366784.0,67993600.0,66019328.0,70.19,0.3035742,39.87,7924835725.0,0.0,0.0,2030741.0,7938398104.0,0.0,0.0,2105330.0,0.0,0.0,0.0,0.0
2023-03-20 10:50:54.204000+00:00,9089024.0,53366784.0,67874816.0,65900544.0,70.35,0.3035742,39.87,7945556965.0,0.0,0.0,2036122.0,7959139948.0,0.0,0.0,2110816.0,0.0,0.0,0.0,0.0
2023-03-20 10:50:58.883000+00:00,9089024.0,53366784.0,68030464.0,66056192.0,70.41,0.3035742,39.98,7947067958.0,0.0,0.0,2036718.0,7960662525.0,0.0,0.0,2111463.0,0.0,0.0,0.0,0.0
2023-03-20 10:51:04.765000+00:00,9089024.0,53366784.0,68132864.0,66158592.0,70.52,0.3035742,39.98,7959499045.0,0.0,0.0,2040272.0,7973127606.0,0.0,0.0,2115161.0,0.0,0.0,0.0,0.0
2023-03-20 10:51:08.953000+00:00,9089024.0,53370880.0,67993600.0,66019328.0,70.59,0.3035742,40.03,7966410814.0,0.0,0.0,2042187.0,7980054235.0,0.0,0.0,2117136.0,0.0,0.0,0.0,0.0
2023-03-20 10:51:13.810000+00:00,9089024.0,53370880.0,67993600.0,66019328.0,70.73,0.3035742,40.03,7966410814.0,0.0,0.0,2042187.0,7980054235.0,0.0,0.0,2117136.0,0.0,0.0,0.0,0.0
2023-03-20 10:51:18.941000+00:00,9089024.0,53370880.0,67878912.0,65904640.0,70.79,0.3035742,40.12,7991138153.0,0.0,0.0,2048639.0,8004819131.0,0.0,0.0,2123708.0,0.0,0.0,0.0,0.0
2023-03-20 10:51:23.359000+00:00,9089024.0,53370880.0,68030464.0,66056192.0,70.84,0.3035742,40.12,7994662824.0,0.0,0.0,2049655.0,8008353224.0,0.0,0.0,2124785.0,0.0,0.0,0.0,0.0
2023-03-20 10:51:28.732000+00:00,9089024.0,53370880.0,68362240.0,66387968.0,70.93,0.3035742,40.2,8005017489.0,0.0,0.0,2052241.0,8018732510.0,0.0,0.0,2127549.0,0.0,0.0,0.0,0.0
2023-03-20 10:51:34.886000+00:00,9089024.0,53370880.0,68362240.0,65892352.0,71.04,0.3035742,40.2,8015625771.0,0.0,0.0,2055044.0,8029358240.0,0.0,0.0,2130396.0,0.0,0.0,0.0,0.0
2023-03-20 10:51:39.715000+00:00,9232384.0,53379072.0,67858432.0,65884160.0,71.08,0.3035742,40.28,8017863930.0,0.0,0.0,2055758.0,8031604706.0,0.0,0.0,2131153.0,0.0,0.0,0.0,0.0
2023-03-20 10:51:44.259000+00:00,9232384.0,53379072.0,67858432.0,65884160.0,71.1,0.3035742,40.34,8017863930.0,0.0,0.0,2055758.0,8031604706.0,0.0,0.0,2131153.0,0.0,0.0,0.0,0.0
2023-03-20 10:51:49.438000+00:00,9232384.0,53383168.0,67858432.0,65884160.0,71.11,0.3035742,40.34,8018043631.0,0.0,0.0,2055876.0,8031790237.0,0.0,0.0,2131278.0,0.0,0.0,0.0,0.0
2023-03-20 10:51:52.988000+00:00,9232384.0,53383168.0,67858432.0,66158592.0,71.17,0.3035742,40.34,8020756208.0,0.0,0.0,2056669.0,8034510017.0,0.0,0.0,2132097.0,0.0,0.0,0.0,0.0
2023-03-20 10:51:59.262000+00:00,9232384.0,53383168.0,68104192.0,66129920.0,71.23,0.3035742,40.4,8026287565.0,0.0,0.0,2058308.0,8040055450.0,0.0,0.0,2133821.0,0.0,0.0,0.0,0.0
2023-03-20 10:52:04.786000+00:00,9232384.0,53387264.0,68104192.0,66129920.0,71.31,0.3035742,40.4,8032836372.0,0.0,0.0,2060091.0,8046622754.0,0.0,0.0,2135682.0,0.0,0.0,0.0,0.0
2023-03-20 10:52:08.499000+00:00,9232384.0,53387264.0,68104192.0,66129920.0,71.31,0.3035742,40.46,8032836372.0,0.0,0.0,2060091.0,8046622754.0,0.0,0.0,2135682.0,0.0,0.0,0.0,0.0
2023-03-20 10:52:14.424000+00:00,9232384.0,53387264.0,68104192.0,66129920.0,71.39,0.3035742,40.46,8032836372.0,0.0,0.0,2060091.0,8046622754.0,0.0,0.0,2135682.0,0.0,0.0,0.0,0.0
2023-03-20 10:52:19.482000+00:00,9232384.0,53387264.0,67837952.0,65863680.0,71.42,0.3035742,40.54,8042088830.0,0.0,0.0,2062939.0,8055904567.0,0.0,0.0,2138682.0,0.0,0.0,0.0,0.0
2023-03-20 10:52:23.855000+00:00,9232384.0,53387264.0,67837952.0,65863680.0,71.47,0.3035742,40.59,8042956270.0,0.0,0.0,2063327.0,8056783736.0,0.0,0.0,2139127.0,0.0,0.0,0.0,0.0
2023-03-20 10:52:29.334000+00:00,9232384.0,53387264.0,68096000.0,66121728.0,71.54,0.3035742,40.61,8048007832.0,0.0,0.0,2064790.0,8061845940.0,0.0,0.0,2140663.0,0.0,0.0,0.0,0.0
2023-03-20 10:52:34.425000+00:00,9232384.0,53387264.0,68096000.0,66121728.0,71.59,0.3035742,40.68,8048007832.0,0.0,0.0,2064790.0,8061845940.0,0.0,0.0,2141739.0,0.0,0.0,0.0,0.0
2023-03-20 10:52:39.184000+00:00,9322496.0,53403648.0,68075520.0,66101248.0,71.62,0.3035742,40.69,8053782026.0,0.0,0.0,2066665.0,8067650263.0,0.0,0.0,2142667.0,0.0,0.0,0.0,0.0
2023-03-20 10:52:43.760000+00:00,9322496.0,53403648.0,68075520.0,66101248.0,71.64,0.3035742,40.76,8053782026.0,0.0,0.0,2066665.0,8067650263.0,0.0,0.0,2142667.0,0.0,0.0,0.0,0.0
2023-03-20 10:52:49.685000+00:00,9322496.0,53403648.0,67964928.0,65990656.0,71.7,0.3035742,40.79,8064516799.0,0.0,0.0,2069730.0,8078411692.0,0.0,0.0,2145847.0,0.0,0.0,0.0,0.0
2023-03-20 10:52:53.565000+00:00,9322496.0,53403648.0,68337664.0,66363392.0,71.85,2.381979221,40.79,8079542845.0,0.0,0.0,2073409.0,8093472211.0,0.0,0.0,2149867.0,0.0,0.0,0.0,0.0
2023-03-20 10:52:59.449000+00:00,9322496.0,53403648.0,68001792.0,66027520.0,71.88,0.3035742,40.89,8081626966.0,0.0,0.0,2074093.0,8095569401.0,0.0,0.0,2150585.0,0.0,0.0,0.0,0.0
2023-03-20 10:53:03.532000+00:00,9322496.0,53403648.0,68001792.0,66027520.0,71.98,0.3035742,40.89,8081626966.0,0.0,0.0,2074093.0,8095569401.0,0.0,0.0,2150585.0,0.0,0.0,0.0,0.0
2023-03-20 10:53:08.456000+00:00,9322496.0,53403648.0,67883008.0,65908736.0,72.04,0.3035742,40.96,8098281084.0,0.0,0.0,2078567.0,8112258900.0,0.0,0.0,2155191.0,0.0,0.0,0.0,0.0
2023-03-20 10:53:14.231000+00:00,9322496.0,53403648.0,67883008.0,65908736.0,72.13,0.3035742,41.02,8098281084.0,0.0,0.0,2078567.0,8112258900.0,0.0,0.0,2155191.0,0.0,0.0,0.0,0.0
2023-03-20 10:53:18.772000+00:00,9322496.0,53407744.0,67883008.0,65908736.0,72.15,0.3035742,41.02,8105904515.0,0.0,0.0,2080802.0,8119905286.0,0.0,0.0,2157526.0,0.0,0.0,0.0,0.0
2023-03-20 10:53:23.736000+00:00,9322496.0,53407744.0,68411392.0,66437120.0,72.18,0.3035742,41.02,8107517676.0,0.0,0.0,2081343.0,8121528686.0,0.0,0.0,2158101.0,0.0,0.0,0.0,0.0
2023-03-20 10:53:29.817000+00:00,9322496.0,53407744.0,68268032.0,66293760.0,72.24,0.3035742,41.1,8112568183.0,0.0,0.0,2082922.0,8126600982.0,0.0,0.0,2159763.0,0.0,0.0,0.0,0.0
2023-03-20 10:53:33.900000+00:00,9322496.0,53407744.0,68235264.0,66260992.0,72.26,0.3035742,41.1,8112576275.0,0.0,0.0,2082965.0,8126614523.0,0.0,0.0,2159809.0,0.0,0.0,0.0,0.0
2023-03-20 10:53:39.757000+00:00,9428992.0,53411840.0,68268032.0,66293760.0,72.28,0.3035742,41.17,8113887676.0,0.0,0.0,2083313.0,8127936981.0,0.0,0.0,2160209.0,0.0,0.0,0.0,0.0
2023-03-20 10:53:44.055000+00:00,9428992.0,53411840.0,68268032.0,66293760.0,72.35,0.3035742,41.24,8113887676.0,0.0,0.0,2083313.0,8127936981.0,0.0,0.0,2160209.0,0.0,0.0,0.0,0.0
2023-03-20 10:53:48.370000+00:00,9428992.0,53411840.0,67874816.0,65900544.0,72.4,0.3035742,41.24,8124482957.0,0.0,0.0,2086295.0,8138554006.0,0.0,0.0,2163310.0,0.0,0.0,0.0,0.0
2023-03-20 10:53:53.550000+00:00,9428992.0,53411840.0,68124672.0,66150400.0,72.48,0.3035742,41.24,8135036339.0,0.0,0.0,2089147.0,8149123726.0,0.0,0.0,2166249.0,0.0,0.0,0.0,0.0
2023-03-20 10:53:58.421000+00:00,9428992.0,53411840.0,68280320.0,66306048.0,72.63,0.3035742,41.33,8148893158.0,0.0,0.0,2092743.0,8163001700.0,0.0,0.0,2169914.0,0.0,0.0,0.0,0.0
2023-03-20 10:54:04.245000+00:00,9428992.0,53411840.0,68108288.0,66134016.0,72.66,0.3035742,41.33,8150662179.0,0.0,0.0,2093309.0,8164778258.0,0.0,0.0,2170511.0,0.0,0.0,0.0,0.0
2023-03-20 10:54:08.969000+00:00,9428992.0,53411840.0,68259840.0,66285568.0,72.68,0.3035742,41.39,8150754968.0,0.0,0.0,2093386.0,8164871645.0,0.0,0.0,2170595.0,0.0,0.0,0.0,0.0
2023-03-20 10:54:14.365000+00:00,9428992.0,53411840.0,68259840.0,66285568.0,72.75,0.3035742,41.39,8150754968.0,0.0,0.0,2093386.0,8164871645.0,0.0,0.0,2170595.0,0.0,0.0,0.0,0.0
2023-03-20 10:54:18.367000+00:00,9428992.0,53411840.0,68259840.0,66285568.0,72.78,0.3035742,41.44,8150754968.0,0.0,0.0,2093386.0,8164871645.0,0.0,0.0,2172763.0,0.0,0.0,0.0,0.0
2023-03-20 10:54:24.248000+00:00,9428992.0,53411840.0,67887104.0,65912832.0,72.83,0.3035742,41.44,8164440131.0,0.0,0.0,2097150.0,8178592640.0,0.0,0.0,2174497.0,0.0,0.0,0.0,0.0
2023-03-20 10:54:29.182000+00:00,9428992.0,53415936.0,68141056.0,66166784.0,72.9,0.3035742,41.51,8167566830.0,0.0,0.0,2098209.0,8181739674.0,0.0,0.0,2175618.0,0.0,0.0,0.0,0.0
2023-03-20 10:54:34.200000+00:00,9428992.0,53415936.0,68141056.0,66043904.0,73.02,0.3035742,41.54,8179587590.0,0.0,0.0,2101446.0,8193777142.0,0.0,0.0,2178940.0,0.0,0.0,0.0,0.0
2023-03-20 10:54:38.639000+00:00,9527296.0,53415936.0,68022272.0,66048000.0,73.09,0.3035742,41.62,8188049432.0,0.0,0.0,2103582.0,8202243719.0,0.0,0.0,2181106.0,0.0,0.0,0.0,0.0
2023-03-20 10:54:43.412000+00:00,9527296.0,53415936.0,68026368.0,66052096.0,73.12,0.3035742,41.62,8189864371.0,0.0,0.0,2104176.0,8204063830.0,0.0,0.0,2181733.0,0.0,0.0,0.0,0.0
2023-03-20 10:54:49.752000+00:00,9527296.0,53415936.0,68288512.0,66314240.0,73.35,0.3035742,41.75,8219497588.0,0.0,0.0,2111922.0,8233741025.0,0.0,0.0,2189770.0,0.0,0.0,0.0,0.0
2023-03-20 10:54:54.721000+00:00,9527296.0,53415936.0,68288512.0,65929216.0,73.38,0.3035742,41.75,8222242910.0,0.0,0.0,2112722.0,8236498837.0,0.0,0.0,2190599.0,0.0,0.0,0.0,0.0
2023-03-20 10:54:58.192000+00:00,9527296.0,53415936.0,68014080.0,66039808.0,73.41,0.3035742,41.82,8224496748.0,0.0,0.0,2113575.0,8238772613.0,0.0,0.0,2191550.0,0.0,0.0,0.0,0.0
2023-03-20 10:55:04.285000+00:00,9527296.0,53415936.0,68014080.0,66101248.0,73.66,0.3035742,41.82,8266006967.0,0.0,0.0,2123405.0,8280315671.0,0.0,0.0,2201666.0,0.0,0.0,0.0,0.0
2023-03-20 10:55:09.653000+00:00,9527296.0,53448704.0,68333568.0,66359296.0,73.82,0.303625603,41.94,8281632975.0,0.0,0.0,2127581.0,8295975444.0,0.0,0.0,2206026.0,0.0,0.0,0.0,0.0
2023-03-20 10:55:13.979000+00:00,9527296.0,53448704.0,67977216.0,66002944.0,73.86,0.303625603,41.94,8283691979.0,0.0,0.0,2128227.0,8298042735.0,0.0,0.0,2206715.0,0.0,0.0,0.0,0.0
2023-03-20 10:55:18.915000+00:00,9527296.0,53456896.0,68091904.0,66117632.0,73.87,0.303625603,42.02,8283841109.0,0.0,0.0,2128335.0,8298208269.0,0.0,0.0,2206834.0,0.0,0.0,0.0,0.0
2023-03-20 10:55:23.637000+00:00,9527296.0,53456896.0,68091904.0,66117632.0,73.94,0.303625603,42.02,8294853589.0,0.0,0.0,2131222.0,8309235922.0,0.0,0.0,2209786.0,0.0,0.0,0.0,0.0
2023-03-20 10:55:29.389000+00:00,9527296.0,53465088.0,67981312.0,66007040.0,74.0,0.303625603,42.1,8298549260.0,0.0,0.0,2132312.0,8312945720.0,0.0,0.0,2210928.0,0.0,0.0,0.0,0.0
2023-03-20 10:55:33.583000+00:00,9527296.0,53465088.0,67981312.0,66007040.0,74.18,0.303625603,42.1,8298549260.0,0.0,0.0,2132312.0,8312945720.0,0.0,0.0,2217633.0,0.0,0.0,0.0,0.0
2023-03-20 10:55:38.626000+00:00,9662464.0,53469184.0,68493312.0,66519040.0,74.24,0.303625603,42.19,8327371277.0,0.0,0.0,2139514.0,8341788032.0,0.0,0.0,2218193.0,0.0,0.0,0.0,0.0
2023-03-20 10:55:43.356000+00:00,9662464.0,53469184.0,68493312.0,66117632.0,74.28,0.303625603,42.19,8336443450.0,0.0,0.0,2141793.0,8350872125.0,0.0,0.0,2220492.0,0.0,0.0,0.0,0.0
2023-03-20 10:55:49.807000+00:00,9662464.0,53469184.0,68231168.0,66256896.0,74.39,0.326186495,42.28,8349490551.0,0.0,0.0,2145256.0,8363942865.0,0.0,0.0,2224067.0,0.0,0.0,0.0,0.0
2023-03-20 10:55:54.748000+00:00,9662464.0,53469184.0,68231168.0,66256896.0,74.42,0.327566773,42.28,8349490551.0,0.0,0.0,2146405.0,8368242662.0,0.0,0.0,2225250.0,0.0,0.0,0.0,0.0
2023-03-20 10:55:59.544000+00:00,9662464.0,53469184.0,68132864.0,66158592.0,74.48,0.349147521,42.36,8357967111.0,0.0,0.0,2147434.0,8372440482.0,0.0,0.0,2226379.0,0.0,0.0,0.0,0.0
2023-03-20 10:56:04.728000+00:00,9662464.0,53469184.0,68132864.0,66158592.0,74.56,0.349147521,42.37,8357967111.0,0.0,0.0,2147434.0,8372440482.0,0.0,0.0,2226379.0,0.0,0.0,0.0,0.0
2023-03-20 10:56:09.223000+00:00,9662464.0,53485568.0,68304896.0,66330624.0,74.65,0.349147521,42.43,8366047301.0,0.0,0.0,2149997.0,8380555189.0,0.0,0.0,2229137.0,0.0,0.0,0.0,0.0
2023-03-20 10:56:13.730000+00:00,9662464.0,53485568.0,68304896.0,66330624.0,74.82,0.349147521,42.52,8366047301.0,0.0,0.0,2149997.0,8380555189.0,0.0,0.0,2229137.0,0.0,0.0,0.0,0.0
2023-03-20 10:56:19.552000+00:00,9662464.0,53497856.0,68227072.0,66252800.0,74.93,0.349147521,42.6,8415161896.0,0.0,0.0,2159510.0,8429684113.0,0.0,0.0,2238891.0,0.0,0.0,0.0,0.0
2023-03-20 10:56:24.070000+00:00,9662464.0,53497856.0,68116480.0,66142208.0,75.05,0.350099837,42.6,8428903579.0,0.0,0.0,2163058.0,8443443571.0,0.0,0.0,2242505.0,0.0,0.0,0.0,0.0
2023-03-20 10:56:29.766000+00:00,9662464.0,53497856.0,68300800.0,66326528.0,75.26,0.563834944,42.72,8461968122.0,0.0,0.0,2171175.0,8476515940.0,0.0,0.0,2250656.0,0.0,0.0,0.0,0.0
2023-03-20 10:56:34.642000+00:00,9662464.0,53497856.0,68116480.0,66142208.0,75.33,0.563834944,42.72,8470773441.0,0.0,0.0,2173416.0,8485326106.0,0.0,0.0,2252927.0,0.0,0.0,0.0,0.0
2023-03-20 10:56:38.479000+00:00,9768960.0,53497856.0,68116480.0,66142208.0,75.36,0.563834944,42.74,8473081490.0,0.0,0.0,2174149.0,8487648263.0,0.0,0.0,2253712.0,0.0,0.0,0.0,0.0
2023-03-20 10:56:44.342000+00:00,9768960.0,53497856.0,68116480.0,66142208.0,75.52,0.565810947,42.81,8473081490.0,0.0,0.0,2178653.0,8504019509.0,0.0,0.0,2258380.0,0.0,0.0,0.0,0.0
2023-03-20 10:56:48.920000+00:00,9768960.0,53497856.0,68239360.0,66265088.0,75.63,0.633853302,42.82,8498522316.0,0.0,0.0,2180954.0,8513133180.0,0.0,0.0,2260773.0,0.0,0.0,0.0,0.0
2023-03-20 10:56:54.317000+00:00,9768960.0,53501952.0,68239360.0,66265088.0,76.04,0.633853302,42.82,8498522316.0,0.0,0.0,2180954.0,8513133180.0,0.0,0.0,2260773.0,0.0,0.0,0.0,0.0
2023-03-20 10:56:58.941000+00:00,9768960.0,53501952.0,70201344.0,66236416.0,76.11,0.666375042,43.0,8561405961.0,0.0,0.0,2196399.0,8573485545.0,0.0,0.0,2276429.0,0.0,0.0,0.0,0.0
2023-03-20 10:57:04.144000+00:00,9768960.0,53501952.0,68005888.0,66031616.0,76.17,0.666375042,43.08,8572074494.0,0.0,0.0,2199085.0,8586739726.0,0.0,0.0,2279194.0,0.0,0.0,0.0,0.0
2023-03-20 10:57:09.901000+00:00,9768960.0,53501952.0,68284416.0,66310144.0,76.4,0.666375042,43.12,8601209690.0,0.0,0.0,2206546.0,8615917613.0,0.0,0.0,2286982.0,0.0,0.0,0.0,0.0
2023-03-20 10:57:13.386000+00:00,9768960.0,53501952.0,68284416.0,66310144.0,76.6,0.666615806,43.12,8601209690.0,0.0,0.0,2206546.0,8615917613.0,0.0,0.0,2286982.0,0.0,0.0,0.0,0.0
2023-03-20 10:57:18.575000+00:00,9768960.0,53542912.0,68222976.0,66195456.0,76.65,0.666615806,43.24,8635670815.0,0.0,0.0,2213584.0,8650449036.0,0.0,0.0,2294829.0,0.0,0.0,0.0,0.0
2023-03-20 10:57:23.403000+00:00,9768960.0,53542912.0,68296704.0,66322432.0,76.88,0.667049439,43.24,8665577493.0,0.0,0.0,2220630.0,8680370343.0,0.0,0.0,2301964.0,0.0,0.0,0.0,0.0
2023-03-20 10:57:29.037000+00:00,9768960.0,53542912.0,68218880.0,66244608.0,76.94,0.667049439,43.34,8672517764.0,0.0,0.0,2222545.0,8687325838.0,0.0,0.0,2303944.0,0.0,0.0,0.0,0.0
2023-03-20 10:57:34.701000+00:00,9768960.0,53542912.0,68218880.0,66224128.0,76.98,0.667049439,43.34,8676038277.0,0.0,0.0,2223566.0,8690861952.0,0.0,0.0,2305000.0,0.0,0.0,0.0,0.0
2023-03-20 10:57:39.684000+00:00,9768960.0,53542912.0,68218880.0,66224128.0,76.99,0.667049439,43.4,8676038277.0,0.0,0.0,2223566.0,8690861952.0,0.0,0.0,2305078.0,0.0,0.0,0.0,0.0
2023-03-20 10:57:44.838000+00:00,9768960.0,53542912.0,68341760.0,66367488.0,77.02,0.667049439,43.47,8676771027.0,0.0,0.0,2223934.0,8691605247.0,0.0,0.0,2305403.0,0.0,0.0,0.0,0.0
2023-03-20 10:57:49.174000+00:00,9928704.0,53542912.0,68378624.0,66404352.0,77.14,0.667049439,43.51,8688317354.0,0.0,0.0,2227054.0,8703174168.0,0.0,0.0,2308619.0,0.0,0.0,0.0,0.0
2023-03-20 10:57:53.484000+00:00,9928704.0,53542912.0,68378624.0,66613248.0,77.18,0.667049439,43.51,8689929072.0,0.0,0.0,2227506.0,8704805785.0,0.0,0.0,2309133.0,0.0,0.0,0.0,0.0
2023-03-20 10:57:59.911000+00:00,9928704.0,53542912.0,68194304.0,66220032.0,77.22,0.667049439,43.58,8693510039.0,0.0,0.0,2228625.0,8708398932.0,0.0,0.0,2310311.0,0.0,0.0,0.0,0.0
2023-03-20 10:58:03.866000+00:00,9928704.0,53542912.0,68194304.0,66220032.0,77.26,0.667049439,43.58,8693510039.0,0.0,0.0,2229162.0,8710090465.0,0.0,0.0,2310877.0,0.0,0.0,0.0,0.0
2023-03-20 10:58:09.102000+00:00,9928704.0,53542912.0,68272128.0,66297856.0,77.31,0.667049439,43.65,8699418263.0,0.0,0.0,2230390.0,8714326164.0,0.0,0.0,2312160.0,0.0,0.0,0.0,0.0
2023-03-20 10:58:14.344000+00:00,9928704.0,53542912.0,68272128.0,66297856.0,77.43,0.667049439,43.65,8699418263.0,0.0,0.0,2230390.0,8714326164.0,0.0,0.0,2312160.0,0.0,0.0,0.0,0.0
2023-03-20 10:58:18.943000+00:00,9928704.0,53542912.0,68538368.0,66564096.0,77.46,0.667049439,43.73,8712426087.0,0.0,0.0,2233918.0,8727352388.0,0.0,0.0,2315796.0,0.0,0.0,0.0,0.0
2023-03-20 10:58:24.409000+00:00,9928704.0,53542912.0,68538368.0,66564096.0,77.53,0.667049439,43.78,8714193050.0,0.0,0.0,2234473.0,8729129263.0,0.0,0.0,2316380.0,0.0,0.0,0.0,0.0
2023-03-20 10:58:28.987000+00:00,9928704.0,53542912.0,68165632.0,66191360.0,77.53,0.667049439,43.78,8714284436.0,0.0,0.0,2234548.0,8729226414.0,0.0,0.0,2316462.0,0.0,0.0,0.0,0.0
2023-03-20 10:58:34.435000+00:00,9928704.0,53542912.0,68165632.0,66191360.0,77.62,0.667049439,43.78,8714284436.0,0.0,0.0,2236607.0,8736871728.0,0.0,0.0,2318567.0,0.0,0.0,0.0,0.0
2023-03-20 10:58:39.037000+00:00,10014720.0,53542912.0,68288512.0,66314240.0,77.66,0.668951123,43.78,8727187914.0,0.0,0.0,2238163.0,8742156426.0,0.0,0.0,2320190.0,0.0,0.0,0.0,0.0
2023-03-20 10:58:43.819000+00:00,10014720.0,53542912.0,68288512.0,66314240.0,77.81,0.669221596,43.99,8727187914.0,0.0,0.0,2238163.0,8742156426.0,0.0,0.0,2320190.0,0.0,0.0,0.0,0.0
2023-03-20 10:58:49.323000+00:00,10014720.0,53579776.0,68329472.0,66355200.0,77.92,0.70190814,44.03,8757230986.0,0.0,0.0,2245793.0,8772265932.0,0.0,0.0,2328378.0,0.0,0.0,0.0,0.0
2023-03-20 10:58:53.780000+00:00,10014720.0,53579776.0,68587520.0,66613248.0,77.98,0.70190814,44.03,8761401468.0,0.0,0.0,2247012.0,8776450569.0,0.0,0.0,2329649.0,0.0,0.0,0.0,0.0
2023-03-20 10:58:58.300000+00:00,10014720.0,53579776.0,68382720.0,66408448.0,77.98,0.70190814,44.09,8761491914.0,0.0,0.0,2247070.0,8776543962.0,0.0,0.0,2329711.0,0.0,0.0,0.0,0.0
2023-03-20 10:59:03.913000+00:00,10014720.0,53579776.0,68382720.0,66408448.0,78.02,0.70190814,44.15,8761491914.0,0.0,0.0,2247070.0,8776543962.0,0.0,0.0,2329711.0,0.0,0.0,0.0,0.0
2023-03-20 10:59:09.702000+00:00,10014720.0,53579776.0,68165632.0,66191360.0,78.05,0.70190814,44.15,8763281560.0,0.0,0.0,2247755.0,8778348353.0,0.0,0.0,2330455.0,0.0,0.0,0.0,0.0
2023-03-20 10:59:14.212000+00:00,10014720.0,53579776.0,68190208.0,66215936.0,78.21,0.70212283,44.24,8778953406.0,0.0,0.0,2251882.0,8794044941.0,0.0,0.0,2334670.0,0.0,0.0,0.0,0.0
2023-03-20 10:59:18.653000+00:00,10014720.0,53579776.0,68214784.0,66240512.0,78.22,0.70212283,44.24,8780244808.0,0.0,0.0,2252348.0,8795349163.0,0.0,0.0,2335168.0,0.0,0.0,0.0,0.0
2023-03-20 10:59:24.053000+00:00,10014720.0,53579776.0,68214784.0,66240512.0,78.41,0.70212283,44.24,8780244808.0,0.0,0.0,2252348.0,8795349163.0,0.0,0.0,2341057.0,0.0,0.0,0.0,0.0
2023-03-20 10:59:29.387000+00:00,10014720.0,53579776.0,68415488.0,66441216.0,78.52,0.702774936,44.34,8811574720.0,0.0,0.0,2260378.0,8826719399.0,0.0,0.0,2343436.0,0.0,0.0,0.0,0.0
2023-03-20 10:59:33.314000+00:00,10014720.0,53579776.0,68112384.0,66125824.0,78.59,0.702774936,44.34,8821057595.0,0.0,0.0,2262369.0,8836214693.0,0.0,0.0,2345538.0,0.0,0.0,0.0,0.0
2023-03-20 10:59:38.940000+00:00,10141696.0,53583872.0,68345856.0,66371584.0,78.62,0.702774936,44.39,8821150020.0,0.0,0.0,2262442.0,8836310225.0,0.0,0.0,2345617.0,0.0,0.0,0.0,0.0
2023-03-20 10:59:42.492000+00:00,10141696.0,53583872.0,68345856.0,66371584.0,78.62,0.702774936,44.39,8821150020.0,0.0,0.0,2262442.0,8836310225.0,0.0,0.0,2345617.0,0.0,0.0,0.0,0.0
2023-03-20 10:59:48.717000+00:00,10141696.0,53583872.0,68194304.0,66220032.0,78.64,0.702774936,44.46,8822107987.0,0.0,0.0,2262861.0,8837289422.0,0.0,0.0,2346078.0,0.0,0.0,0.0,0.0
2023-03-20 10:59:53.890000+00:00,10141696.0,53583872.0,68194304.0,66220032.0,78.68,0.702774936,44.48,8822107987.0,0.0,0.0,2262861.0,8837289422.0,0.0,0.0,2346078.0,0.0,0.0,0.0,0.0
2023-03-20 10:59:58.714000+00:00,10141696.0,53583872.0,68448256.0,66473984.0,78.86,0.702774936,44.57,8852763775.0,0.0,0.0,2270813.0,8867987891.0,0.0,0.0,2354265.0,0.0,0.0,0.0,0.0
2023-03-20 11:00:04.188000+00:00,10141696.0,53583872.0,68083712.0,66109440.0,78.9,0.702774936,44.57,8854432981.0,0.0,0.0,2271374.0,8869667510.0,0.0,0.0,2354860.0,0.0,0.0,0.0,0.0
2023-03-20 11:00:09.349000+00:00,10141696.0,53583872.0,68464640.0,66490368.0,78.94,0.702774936,44.63,8854533980.0,0.0,0.0,2271487.0,8869774957.0,0.0,0.0,2354991.0,0.0,0.0,0.0,0.0
2023-03-20 11:00:13.862000+00:00,10141696.0,53583872.0,68464640.0,66490368.0,78.98,0.702774936,44.64,8854533980.0,0.0,0.0,2271487.0,8869774957.0,0.0,0.0,2354991.0,0.0,0.0,0.0,0.0
2023-03-20 11:00:19.604000+00:00,10141696.0,53583872.0,68435968.0,66461696.0,79.01,0.702774936,44.7,8861886072.0,0.0,0.0,2273573.0,8877151333.0,0.0,0.0,2357243.0,0.0,0.0,0.0,0.0
2023-03-20 11:00:23.957000+00:00,10141696.0,53583872.0,68460544.0,66486272.0,79.06,0.702774936,44.71,8867741948.0,0.0,0.0,2275152.0,8883021608.0,0.0,0.0,2358878.0,0.0,0.0,0.0,0.0
2023-03-20 11:00:29.665000+00:00,10141696.0,53583872.0,68161536.0,66187264.0,79.12,0.702774936,44.77,8871554761.0,0.0,0.0,2276313.0,8886846998.0,0.0,0.0,2360104.0,0.0,0.0,0.0,0.0
2023-03-20 11:00:34.153000+00:00,10141696.0,53583872.0,68083712.0,66109440.0,79.12,0.702774936,44.77,8871644469.0,0.0,0.0,2276372.0,8886939588.0,0.0,0.0,2360166.0,0.0,0.0,0.0,0.0
2023-03-20 11:00:38.313000+00:00,10231808.0,53583872.0,68296704.0,66322432.0,79.2,0.702774936,44.84,8876017078.0,0.0,0.0,2277615.0,8891321112.0,0.0,0.0,2361459.0,0.0,0.0,0.0,0.0
2023-03-20 11:00:43.393000+00:00,10231808.0,53583872.0,68296704.0,66322432.0,79.2,0.702774936,44.85,8876017078.0,0.0,0.0,2277615.0,8891321112.0,0.0,0.0,2361459.0,0.0,0.0,0.0,0.0
2023-03-20 11:00:49.254000+00:00,10231808.0,53583872.0,68296704.0,66322432.0,79.3,0.702774936,44.93,8876017078.0,0.0,0.0,2277615.0,8891321112.0,0.0,0.0,2364295.0,0.0,0.0,0.0,0.0
2023-03-20 11:00:54.702000+00:00,10231808.0,53583872.0,68296704.0,66318336.0,79.37,0.702774936,44.93,8897165342.0,0.0,0.0,2283246.0,8912505570.0,0.0,0.0,2367228.0,0.0,0.0,0.0,0.0
2023-03-20 11:00:59.404000+00:00,10231808.0,53583872.0,68136960.0,66162688.0,79.44,0.702774936,45.02,8904995649.0,0.0,0.0,2285347.0,8920350932.0,0.0,0.0,2369394.0,0.0,0.0,0.0,0.0
2023-03-20 11:01:04.901000+00:00,10231808.0,53583872.0,68136960.0,66162688.0,79.54,0.702774936,45.02,8915820182.0,0.0,0.0,2288248.0,8931189449.0,0.0,0.0,2372380.0,0.0,0.0,0.0,0.0
2023-03-20 11:01:08.634000+00:00,10231808.0,53583872.0,68177920.0,66203648.0,79.62,0.702774936,45.12,8922474998.0,0.0,0.0,2290097.0,8937854510.0,0.0,0.0,2374297.0,0.0,0.0,0.0,0.0
2023-03-20 11:01:14.501000+00:00,10231808.0,53583872.0,68177920.0,66203648.0,79.74,0.702774936,45.12,8922474998.0,0.0,0.0,2290097.0,8937854510.0,0.0,0.0,2374297.0,0.0,0.0,0.0,0.0
2023-03-20 11:01:19.114000+00:00,10231808.0,53583872.0,68435968.0,66461696.0,79.77,0.702774936,45.19,8941348357.0,0.0,0.0,2295090.0,8956755047.0,0.0,0.0,2379413.0,0.0,0.0,0.0,0.0
2023-03-20 11:01:24.632000+00:00,10231808.0,53583872.0,68304896.0,66330624.0,79.81,0.702774936,45.19,8947464119.0,0.0,0.0,2296419.0,8962888518.0,0.0,0.0,2380912.0,0.0,0.0,0.0,0.0
2023-03-20 11:01:29.022000+00:00,10231808.0,53583872.0,68460544.0,66486272.0,79.85,0.702774936,45.29,8950181761.0,0.0,0.0,2297235.0,8965616462.0,0.0,0.0,2381760.0,0.0,0.0,0.0,0.0
2023-03-20 11:01:34.827000+00:00,10231808.0,53583872.0,68460544.0,66486272.0,79.92,0.702774936,45.29,8950181761.0,0.0,0.0,2297235.0,8975782007.0,0.0,0.0,2384482.0,0.0,0.0,0.0,0.0
2023-03-20 11:01:39.419000+00:00,10338304.0,53583872.0,68677632.0,66703360.0,79.98,0.702774936,45.39,8967445658.0,0.0,0.0,2301851.0,8982909489.0,0.0,0.0,2386488.0,0.0,0.0,0.0,0.0
2023-03-20 11:01:43.455000+00:00,10338304.0,53583872.0,68214784.0,66240512.0,80.0,0.702774936,45.39,8971244233.0,0.0,0.0,2302903.0,8986724147.0,0.0,0.0,2387583.0,0.0,0.0,0.0,0.0
2023-03-20 11:01:49.307000+00:00,10338304.0,53583872.0,68796416.0,66822144.0,80.09,0.702774936,45.46,8976629485.0,0.0,0.0,2304545.0,8992132822.0,0.0,0.0,2389336.0,0.0,0.0,0.0,0.0
2023-03-20 11:01:54.159000+00:00,10338304.0,53583872.0,68796416.0,66822144.0,80.26,0.702774936,45.46,8976629485.0,0.0,0.0,2311637.0,9021171194.0,0.0,0.0,2396449.0,0.0,0.0,0.0,0.0
2023-03-20 11:01:59.802000+00:00,10338304.0,53583872.0,68403200.0,66428928.0,80.28,0.702774936,45.56,9005835835.0,0.0,0.0,2311731.0,9021349182.0,0.0,0.0,2396547.0,0.0,0.0,0.0,0.0
2023-03-20 11:02:04.163000+00:00,10338304.0,53583872.0,68403200.0,66428928.0,80.36,0.702774936,45.56,9005835835.0,0.0,0.0,2311731.0,9021349182.0,0.0,0.0,2398518.0,0.0,0.0,0.0,0.0
2023-03-20 11:02:08.120000+00:00,10338304.0,53583872.0,68198400.0,66224128.0,80.36,0.702774936,45.58,9012075882.0,0.0,0.0,2313643.0,9027617705.0,0.0,0.0,2398603.0,0.0,0.0,0.0,0.0
2023-03-20 11:02:14.418000+00:00,10338304.0,53583872.0,68198400.0,66224128.0,80.4,0.702774936,45.66,9012075882.0,0.0,0.0,2313643.0,9027617705.0,0.0,0.0,2398603.0,0.0,0.0,0.0,0.0
2023-03-20 11:02:19.521000+00:00,10338304.0,53583872.0,68169728.0,66195456.0,80.41,0.702774936,45.66,9013804327.0,0.0,0.0,2314370.0,9029369265.0,0.0,0.0,2399397.0,0.0,0.0,0.0,0.0
2023-03-20 11:02:23.909000+00:00,10338304.0,53583872.0,68169728.0,66195456.0,80.52,0.702774936,45.66,9013804327.0,0.0,0.0,2314370.0,9029369265.0,0.0,0.0,2401637.0,0.0,0.0,0.0,0.0
2023-03-20 11:02:29.237000+00:00,10338304.0,53583872.0,68214784.0,66240512.0,80.67,0.702774936,45.8,9049128946.0,0.0,0.0,2322126.0,9064721530.0,0.0,0.0,2407466.0,0.0,0.0,0.0,0.0
2023-03-20 11:02:33.860000+00:00,10338304.0,53583872.0,68354048.0,66379776.0,80.87,0.702774936,45.88,9076648277.0,0.0,0.0,2328628.0,9092261576.0,0.0,0.0,2414159.0,0.0,0.0,0.0,0.0
2023-03-20 11:02:39.335000+00:00,10436608.0,53583872.0,68222976.0,66248704.0,81.0,0.702774936,45.92,9098998940.0,0.0,0.0,2334048.0,9114636642.0,0.0,0.0,2419810.0,0.0,0.0,0.0,0.0
2023-03-20 11:02:44.568000+00:00,10436608.0,53583872.0,68222976.0,66248704.0,81.06,0.702774936,45.92,9098998940.0,0.0,0.0,2334048.0,9114636642.0,0.0,0.0,2419810.0,0.0,0.0,0.0,0.0
2023-03-20 11:02:49.844000+00:00,10436608.0,53583872.0,68198400.0,66224128.0,81.07,0.702774936,45.98,9111735073.0,0.0,0.0,2337410.0,9127391270.0,0.0,0.0,2423244.0,0.0,0.0,0.0,0.0
2023-03-20 11:02:54.623000+00:00,10436608.0,53583872.0,68198400.0,66224128.0,81.16,0.702774936,46.06,9111735073.0,0.0,0.0,2337410.0,9127391270.0,0.0,0.0,2423244.0,0.0,0.0,0.0,0.0
2023-03-20 11:02:59.460000+00:00,10436608.0,53583872.0,68083712.0,66109440.0,81.18,0.702774936,46.06,9124516309.0,0.0,0.0,2340840.0,9140189937.0,0.0,0.0,2426771.0,0.0,0.0,0.0,0.0
2023-03-20 11:03:04.604000+00:00,10436608.0,53583872.0,68083712.0,66109440.0,81.28,0.702774936,46.06,9124516309.0,0.0,0.0,2340840.0,9140189937.0,0.0,0.0,2426771.0,0.0,0.0,0.0,0.0
2023-03-20 11:03:09.884000+00:00,10436608.0,53583872.0,68358144.0,66383872.0,81.5,0.702774936,46.16,9160471741.0,0.0,0.0,2349054.0,9176194022.0,0.0,0.0,2435389.0,0.0,0.0,0.0,0.0
2023-03-20 11:03:14.106000+00:00,10436608.0,53583872.0,68358144.0,66383872.0,81.56,0.702774936,46.16,9160471741.0,0.0,0.0,2349054.0,9176194022.0,0.0,0.0,2435389.0,0.0,0.0,0.0,0.0
2023-03-20 11:03:19.570000+00:00,10436608.0,53583872.0,68456448.0,66482176.0,81.56,0.702774936,46.24,9167512140.0,0.0,0.0,2350929.0,9183254686.0,0.0,0.0,2437377.0,0.0,0.0,0.0,0.0
2023-03-20 11:03:23.886000+00:00,10436608.0,53583872.0,68087808.0,66113536.0,81.6,0.702774936,46.24,9169487621.0,0.0,0.0,2351550.0,9185238219.0,0.0,0.0,2438037.0,0.0,0.0,0.0,0.0
2023-03-20 11:03:29.162000+00:00,10436608.0,53583872.0,68227072.0,66252800.0,81.62,0.702774936,46.31,9171988185.0,0.0,0.0,2352146.0,9187754840.0,0.0,0.0,2438717.0,0.0,0.0,0.0,0.0
2023-03-20 11:03:33.840000+00:00,10436608.0,53583872.0,68227072.0,66314240.0,81.88,0.703162245,46.31,9204510808.0,0.0,0.0,2359811.0,9220325711.0,0.0,0.0,2446961.0,0.0,0.0,0.0,0.0
2023-03-20 11:03:39.187000+00:00,10563584.0,53583872.0,68464640.0,66490368.0,81.98,0.703162245,46.44,9214673740.0,0.0,0.0,2362612.0,9230513869.0,0.0,0.0,2449858.0,0.0,0.0,0.0,0.0
2023-03-20 11:03:44.368000+00:00,10563584.0,53583872.0,68464640.0,66490368.0,82.0,0.703162245,46.44,9214673740.0,0.0,0.0,2362612.0,9230513869.0,0.0,0.0,2449858.0,0.0,0.0,0.0,0.0
2023-03-20 11:03:49.150000+00:00,10563584.0,53583872.0,68464640.0,66490368.0,82.04,0.704555866,46.44,9214673740.0,0.0,0.0,2362612.0,9230513869.0,0.0,0.0,2449858.0,0.0,0.0,0.0,0.0
2023-03-20 11:03:53.640000+00:00,10563584.0,53583872.0,68190208.0,66215936.0,82.07,0.704555866,46.59,9222386912.0,0.0,0.0,2364857.0,9238244433.0,0.0,0.0,2452197.0,0.0,0.0,0.0,0.0
2023-03-20 11:03:58.615000+00:00,10563584.0,53583872.0,68235264.0,66260992.0,82.08,0.704555866,46.6,9224701990.0,0.0,0.0,2365539.0,9240571739.0,0.0,0.0,2452904.0,0.0,0.0,0.0,0.0
2023-03-20 11:04:02.625000+00:00,10563584.0,53583872.0,68100096.0,66125824.0,82.1,0.704555866,46.6,9226302743.0,0.0,0.0,2365909.0,9242178882.0,0.0,0.0,2453326.0,0.0,0.0,0.0,0.0
2023-03-20 11:04:09.624000+00:00,10563584.0,53592064.0,68489216.0,66514944.0,82.2,0.747785022,46.68,9240770455.0,0.0,0.0,2369159.0,9256672320.0,0.0,0.0,2456781.0,0.0,0.0,0.0,0.0
2023-03-20 11:04:14.299000+00:00,10563584.0,53592064.0,68489216.0,66514944.0,82.25,0.747785022,46.75,9240770455.0,0.0,0.0,2369159.0,9256672320.0,0.0,0.0,2456781.0,0.0,0.0,0.0,0.0
2023-03-20 11:04:19.057000+00:00,10563584.0,53592064.0,68239360.0,66265088.0,82.36,0.747785022,46.76,9253421879.0,0.0,0.0,2372533.0,9269354933.0,0.0,0.0,2460264.0,0.0,0.0,0.0,0.0
2023-03-20 11:04:23.937000+00:00,10563584.0,53592064.0,68235264.0,66260992.0,82.38,0.747785022,46.76,9253507264.0,0.0,0.0,2372567.0,9269440502.0,0.0,0.0,2460300.0,0.0,0.0,0.0,0.0
2023-03-20 11:04:29.552000+00:00,10563584.0,53592064.0,68104192.0,66129920.0,82.44,0.747785022,46.8,9257350781.0,0.0,0.0,2373578.0,9273304192.0,0.0,0.0,2461462.0,0.0,0.0,0.0,0.0
2023-03-20 11:04:34.294000+00:00,10563584.0,53592064.0,68104192.0,66674688.0,82.47,0.747785022,46.8,9257481894.0,0.0,0.0,2373849.0,9273449492.0,0.0,0.0,2461786.0,0.0,0.0,0.0,0.0
2023-03-20 11:04:39.295000+00:00,10657792.0,53592064.0,68227072.0,66252800.0,82.66,0.747785022,46.9,9291178839.0,0.0,0.0,2381473.0,9307170322.0,0.0,0.0,2469613.0,0.0,0.0,0.0,0.0
2023-03-20 11:04:43.959000+00:00,10657792.0,53592064.0,68227072.0,66252800.0,82.7,0.747785022,46.9,9291178839.0,0.0,0.0,2381473.0,9307170322.0,0.0,0.0,2469613.0,0.0,0.0,0.0,0.0
2023-03-20 11:04:49.696000+00:00,10657792.0,53592064.0,68218880.0,66244608.0,82.74,0.747785022,46.97,9293636523.0,0.0,0.0,2382408.0,9309644881.0,0.0,0.0,2470637.0,0.0,0.0,0.0,0.0
2023-03-20 11:04:54.673000+00:00,10657792.0,53592064.0,68218880.0,66428928.0,82.86,0.747785022,47.05,9303695862.0,0.0,0.0,2385174.0,9319724434.0,0.0,0.0,2473500.0,0.0,0.0,0.0,0.0
2023-03-20 11:04:59.100000+00:00,10657792.0,53616640.0,68300800.0,66326528.0,83.06,0.747785022,47.08,9331203438.0,0.0,0.0,2391553.0,9347244063.0,0.0,0.0,2473500.0,0.0,0.0,0.0,0.0
2023-03-20 11:05:04.385000+00:00,10657792.0,53616640.0,68300800.0,66326528.0,83.06,2.405809409,47.08,9331203438.0,0.0,0.0,2391639.0,9347338848.0,0.0,0.0,2480097.0,0.0,0.0,0.0,0.0
2023-03-20 11:05:09.766000+00:00,10657792.0,53616640.0,68300800.0,66326528.0,83.14,0.747785022,47.15,9331203438.0,0.0,0.0,2391639.0,9347338848.0,0.0,0.0,2480097.0,0.0,0.0,0.0,0.0
2023-03-20 11:05:14.515000+00:00,10657792.0,53616640.0,68300800.0,66326528.0,83.24,0.747785022,47.16,9331203438.0,0.0,0.0,2391639.0,9347338848.0,0.0,0.0,2480097.0,0.0,0.0,0.0,0.0
2023-03-20 11:05:19.536000+00:00,10657792.0,53616640.0,68276224.0,66301952.0,83.31,0.747785022,47.24,9354088412.0,0.0,0.0,2397813.0,9370175858.0,0.0,0.0,2486478.0,0.0,0.0,0.0,0.0
2023-03-20 11:05:24.203000+00:00,10657792.0,53616640.0,68276224.0,66301952.0,83.38,0.747785022,47.25,9365645370.0,0.0,0.0,2400553.0,9381749299.0,0.0,0.0,2489329.0,0.0,0.0,0.0,0.0
2023-03-20 11:05:28.687000+00:00,10657792.0,53616640.0,68292608.0,66318336.0,83.39,0.747785022,47.31,9365739690.0,0.0,0.0,2400629.0,9381849250.0,0.0,0.0,2489410.0,0.0,0.0,0.0,0.0
2023-03-20 11:05:34.413000+00:00,10657792.0,53616640.0,68292608.0,66318336.0,83.46,0.747785022,47.31,9365739690.0,0.0,0.0,2400629.0,9381849250.0,0.0,0.0,2492673.0,0.0,0.0,0.0,0.0
2023-03-20 11:05:39.684000+00:00,10760192.0,53616640.0,68288512.0,66314240.0,83.5,0.747785022,47.38,9379770534.0,0.0,0.0,2404283.0,9395907084.0,0.0,0.0,2493264.0,0.0,0.0,0.0,0.0
2023-03-20 11:05:44.293000+00:00,10760192.0,53616640.0,68358144.0,66383872.0,83.68,0.747785022,47.38,9400758071.0,0.0,0.0,2409761.0,9416918784.0,0.0,0.0,2498860.0,0.0,0.0,0.0,0.0
2023-03-20 11:05:49.280000+00:00,10760192.0,53620736.0,68202496.0,66228224.0,83.78,0.747785022,47.47,9413423763.0,0.0,0.0,2413007.0,9429601299.0,0.0,0.0,2502197.0,0.0,0.0,0.0,0.0
2023-03-20 11:05:53.999000+00:00,10760192.0,53620736.0,68202496.0,66228224.0,83.78,0.747785022,47.47,9413423763.0,0.0,0.0,2413104.0,9429710798.0,0.0,0.0,2502297.0,0.0,0.0,0.0,0.0
2023-03-20 11:05:58.705000+00:00,10760192.0,53620736.0,68345856.0,66371584.0,83.81,0.747785022,47.52,9413628453.0,0.0,0.0,2413243.0,9429826304.0,0.0,0.0,2502461.0,0.0,0.0,0.0,0.0
2023-03-20 11:06:04.129000+00:00,10760192.0,53620736.0,68345856.0,66371584.0,84.12,0.752083273,47.52,9413628453.0,0.0,0.0,2413243.0,9429826304.0,0.0,0.0,2502461.0,0.0,0.0,0.0,0.0
2023-03-20 11:06:09.631000+00:00,10760192.0,53620736.0,68345856.0,66576384.0,84.2,0.781440756,47.68,9483181387.0,0.0,0.0,2430502.0,9499428222.0,0.0,0.0,2520009.0,0.0,0.0,0.0,0.0
2023-03-20 11:06:14.039000+00:00,10760192.0,53620736.0,68415488.0,66441216.0,84.21,0.781440756,47.68,9483271039.0,0.0,0.0,2430502.0,9499428222.0,0.0,0.0,2520009.0,0.0,0.0,0.0,0.0
2023-03-20 11:06:18.317000+00:00,10760192.0,53620736.0,68194304.0,66220032.0,84.22,0.782426003,47.75,9483361362.0,0.0,0.0,2430621.0,9499613826.0,0.0,0.0,2520132.0,0.0,0.0,0.0,0.0
2023-03-20 11:06:24.084000+00:00,10760192.0,53620736.0,68194304.0,66220032.0,84.3,0.782426003,47.76,9483361362.0,0.0,0.0,2430621.0,9499613826.0,0.0,0.0,2521896.0,0.0,0.0,0.0,0.0
2023-03-20 11:06:28.866000+00:00,10760192.0,53620736.0,68337664.0,66363392.0,84.34,0.782583344,47.82,9492187035.0,0.0,0.0,2432943.0,9508475554.0,0.0,0.0,2522727.0,0.0,0.0,0.0,0.0
2023-03-20 11:06:33.258000+00:00,10760192.0,53620736.0,68263936.0,66289664.0,84.34,0.782583344,47.82,9492283398.0,0.0,0.0,2433080.0,9508570931.0,0.0,0.0,2522847.0,0.0,0.0,0.0,0.0
2023-03-20 11:06:38.570000+00:00,10858496.0,53669888.0,68583424.0,66609152.0,84.37,0.782583344,47.88,9492842727.0,0.0,0.0,2433353.0,9509138642.0,0.0,0.0,2523203.0,0.0,0.0,0.0,0.0
2023-03-20 11:06:44.712000+00:00,10858496.0,53669888.0,68583424.0,66609152.0,84.45,0.782583344,47.88,9492842727.0,0.0,0.0,2433353.0,9509138642.0,0.0,0.0,2523203.0,0.0,0.0,0.0,0.0
2023-03-20 11:06:49.650000+00:00,10858496.0,53669888.0,68366336.0,66392064.0,84.56,0.782583344,47.96,9520575360.0,0.0,0.0,2440239.0,9536888275.0,0.0,0.0,2530181.0,0.0,0.0,0.0,0.0
2023-03-20 11:06:54.526000+00:00,10858496.0,53669888.0,68165632.0,66191360.0,84.59,0.782583344,47.96,9524815502.0,0.0,0.0,2441378.0,9541133456.0,0.0,0.0,2531353.0,0.0,0.0,0.0,0.0
2023-03-20 11:06:59.386000+00:00,10858496.0,53669888.0,68468736.0,66494464.0,84.62,0.782583344,48.01,9524902795.0,0.0,0.0,2441420.0,9541220881.0,0.0,0.0,2531396.0,0.0,0.0,0.0,0.0
2023-03-20 11:07:04.548000+00:00,10858496.0,53669888.0,68161536.0,66187264.0,84.63,0.782583344,48.01,9524990577.0,0.0,0.0,2441471.0,9541308941.0,0.0,0.0,2531450.0,0.0,0.0,0.0,0.0
2023-03-20 11:07:08.986000+00:00,10858496.0,53669888.0,68558848.0,66584576.0,84.67,0.782583344,48.07,9528284229.0,0.0,0.0,2442524.0,9544612535.0,0.0,0.0,2532567.0,0.0,0.0,0.0,0.0
2023-03-20 11:07:14.205000+00:00,10858496.0,53669888.0,68558848.0,66584576.0,84.68,0.782583344,48.07,9528284229.0,0.0,0.0,2442524.0,9544612535.0,0.0,0.0,2532567.0,0.0,0.0,0.0,0.0
2023-03-20 11:07:19.860000+00:00,10858496.0,53673984.0,68681728.0,66707456.0,84.71,0.782583344,48.12,9530182336.0,0.0,0.0,2443024.0,9546527427.0,0.0,0.0,2533208.0,0.0,0.0,0.0,0.0
2023-03-20 11:07:24.197000+00:00,10858496.0,53673984.0,68509696.0,66535424.0,84.73,0.782583344,48.12,9531861712.0,0.0,0.0,2443532.0,9548213850.0,0.0,0.0,2533742.0,0.0,0.0,0.0,0.0
2023-03-20 11:07:29.115000+00:00,10858496.0,53673984.0,68304896.0,66330624.0,84.83,0.782583344,48.14,9543499001.0,0.0,0.0,2446632.0,9559867936.0,0.0,0.0,2536932.0,0.0,0.0,0.0,0.0
2023-03-20 11:07:33.788000+00:00,10858496.0,53673984.0,68304896.0,66469888.0,84.94,0.782583344,48.22,9549975280.0,0.0,0.0,2448720.0,9566371075.0,0.0,0.0,2539179.0,0.0,0.0,0.0,0.0
2023-03-20 11:07:38.773000+00:00,10948608.0,53686272.0,68378624.0,66404352.0,85.18,0.782583344,48.27,9574103257.0,0.0,0.0,2454885.0,9590529425.0,0.0,0.0,2545523.0,0.0,0.0,0.0,0.0
2023-03-20 11:07:44.455000+00:00,10948608.0,53686272.0,68378624.0,66404352.0,85.29,0.782583344,48.34,9574103257.0,0.0,0.0,2454885.0,9590529425.0,0.0,0.0,2545523.0,0.0,0.0,0.0,0.0
2023-03-20 11:07:49.284000+00:00,10948608.0,53690368.0,68218880.0,66244608.0,85.3,0.782583344,48.34,9587046838.0,0.0,0.0,2458488.0,9603497737.0,0.0,0.0,2549248.0,0.0,0.0,0.0,0.0
2023-03-20 11:07:54.112000+00:00,10948608.0,53690368.0,68374528.0,66400256.0,85.32,0.782583344,48.4,9587141795.0,0.0,0.0,2458571.0,9603600719.0,0.0,0.0,2549333.0,0.0,0.0,0.0,0.0
2023-03-20 11:07:59.484000+00:00,10948608.0,53702656.0,68378624.0,66404352.0,85.36,0.782583344,48.42,9591986265.0,0.0,0.0,2460062.0,9608464542.0,0.0,0.0,2550913.0,0.0,0.0,0.0,0.0
2023-03-20 11:08:04.508000+00:00,10948608.0,53702656.0,68378624.0,66404352.0,85.56,0.782583344,48.42,9620225091.0,0.0,0.0,2466995.0,9636716477.0,0.0,0.0,2557882.0,0.0,0.0,0.0,0.0
2023-03-20 11:08:09.436000+00:00,10948608.0,53710848.0,68268032.0,66293760.0,85.59,0.782583344,48.52,9622309984.0,0.0,0.0,2467662.0,9638819040.0,0.0,0.0,2558576.0,0.0,0.0,0.0,0.0
2023-03-20 11:08:13.492000+00:00,10948608.0,53710848.0,68268032.0,66293760.0,85.62,0.782583344,48.52,9622309984.0,0.0,0.0,2467662.0,9638819040.0,0.0,0.0,2558576.0,0.0,805932.0,0.0,0.0
2023-03-20 11:08:18.707000+00:00,10948608.0,53710848.0,68382720.0,66408448.0,85.65,0.782583344,48.58,9624685204.0,0.0,0.0,2468577.0,9641221019.0,0.0,0.0,2559573.0,0.0,805932.0,0.0,0.0
2023-03-20 11:08:24.799000+00:00,10948608.0,53710848.0,68382720.0,66437120.0,85.77,0.782583344,48.63,9637443156.0,0.0,0.0,2471508.0,9653988979.0,0.0,0.0,2562620.0,0.0,805932.0,0.0,0.0
2023-03-20 11:08:28.641000+00:00,10948608.0,53714944.0,68386816.0,66412544.0,85.77,0.782583344,48.64,9637465253.0,0.0,0.0,2471623.0,9654018084.0,0.0,0.0,2562761.0,0.0,0.0,0.0,0.0
2023-03-20 11:08:34.670000+00:00,10948608.0,53714944.0,68386816.0,66412544.0,85.82,0.782583344,48.64,9637465253.0,0.0,0.0,2472619.0,9657695368.0,0.0,0.0,2563778.0,0.0,0.0,0.0,0.0
2023-03-20 11:08:39.290000+00:00,11046912.0,53714944.0,68509696.0,66535424.0,85.84,0.782583344,48.7,9641696722.0,0.0,0.0,2472899.0,9658263756.0,0.0,0.0,2564087.0,0.0,0.0,0.0,0.0
2023-03-20 11:08:44.713000+00:00,11046912.0,53719040.0,68706304.0,66732032.0,85.93,0.782583344,48.7,9650588945.0,0.0,0.0,2475156.0,9667165542.0,0.0,0.0,2566405.0,0.0,0.0,0.0,0.0
2023-03-20 11:08:49.121000+00:00,11046912.0,53719040.0,68268032.0,66293760.0,85.98,0.782583344,48.77,9655555016.0,0.0,0.0,2476451.0,9672141349.0,0.0,0.0,2567727.0,0.0,0.0,0.0,0.0
2023-03-20 11:08:54.119000+00:00,11046912.0,53719040.0,68268032.0,66293760.0,86.03,0.782583344,48.77,9655555016.0,0.0,0.0,2477283.0,9674866384.0,0.0,0.0,2568596.0,0.0,0.0,0.0,0.0
2023-03-20 11:08:59.104000+00:00,11046912.0,53727232.0,68517888.0,66543616.0,86.06,0.782583344,48.83,9659884565.0,0.0,0.0,2477810.0,9676484181.0,0.0,0.0,2569160.0,0.0,0.0,0.0,0.0
2023-03-20 11:09:03.801000+00:00,11046912.0,53727232.0,68517888.0,66543616.0,86.17,0.782583344,48.83,9659884565.0,0.0,0.0,2477810.0,9676484181.0,0.0,0.0,2572347.0,0.0,0.0,0.0,0.0
2023-03-20 11:09:09.876000+00:00,11046912.0,53727232.0,68411392.0,66437120.0,86.21,0.782583344,48.93,9676961107.0,0.0,0.0,2482492.0,9693587163.0,0.0,0.0,2573988.0,0.0,0.0,0.0,0.0
2023-03-20 11:09:14.445000+00:00,11046912.0,53727232.0,68411392.0,66437120.0,86.26,0.782615258,48.98,9676961107.0,0.0,0.0,2482492.0,9693587163.0,0.0,0.0,2573988.0,0.0,0.0,0.0,0.0
2023-03-20 11:09:18.890000+00:00,11046912.0,53731328.0,68751360.0,66777088.0,86.34,0.782615258,49.0,9688311072.0,0.0,0.0,2485651.0,9704968717.0,0.0,0.0,2577299.0,0.0,0.0,0.0,0.0
2023-03-20 11:09:23.588000+00:00,11046912.0,53731328.0,68751360.0,66777088.0,86.39,0.782615258,49.0,9688311072.0,0.0,0.0,2487308.0,9710844636.0,0.0,0.0,2579075.0,0.0,0.0,0.0,0.0
2023-03-20 11:09:29.101000+00:00,11046912.0,53735424.0,68427776.0,66453504.0,86.46,0.782615258,49.1,9703416900.0,0.0,0.0,2490037.0,9720126971.0,0.0,0.0,2581944.0,0.0,0.0,0.0,0.0
2023-03-20 11:09:34.870000+00:00,11046912.0,53735424.0,68427776.0,66453504.0,86.66,0.782615258,49.19,9703416900.0,0.0,0.0,2490037.0,9720126971.0,0.0,0.0,2581944.0,0.0,0.0,0.0,0.0
2023-03-20 11:09:39.864000+00:00,11190272.0,53735424.0,68571136.0,66596864.0,86.8,0.782615258,49.23,9744108064.0,0.0,0.0,2500620.0,9760876566.0,0.0,0.0,2592910.0,0.0,0.0,0.0,0.0
2023-03-20 11:09:44.317000+00:00,11190272.0,53735424.0,68571136.0,66596864.0,86.96,0.782615258,49.31,9744108064.0,0.0,0.0,2500620.0,9760876566.0,0.0,0.0,2592910.0,0.0,0.0,0.0,0.0
2023-03-20 11:09:48.752000+00:00,11190272.0,53735424.0,68452352.0,66478080.0,87.01,0.782615258,49.32,9764564699.0,0.0,0.0,2505933.0,9781371093.0,0.0,0.0,2598470.0,0.0,0.0,0.0,0.0
2023-03-20 11:09:53.469000+00:00,11190272.0,53735424.0,68452352.0,66478080.0,87.07,0.782615258,49.32,9764564699.0,0.0,0.0,2505933.0,9781371093.0,0.0,0.0,2599716.0,0.0,0.0,0.0,0.0
2023-03-20 11:09:58.244000+00:00,11190272.0,53747712.0,68337664.0,66363392.0,87.1,0.782615258,49.38,9768572477.0,0.0,0.0,2507162.0,9785404225.0,0.0,0.0,2599761.0,0.0,0.0,0.0,0.0
2023-03-20 11:10:03.861000+00:00,11190272.0,53747712.0,68337664.0,66363392.0,87.12,0.782615258,49.38,9768572477.0,0.0,0.0,2507162.0,9785404225.0,0.0,0.0,2599761.0,0.0,0.0,0.0,0.0
2023-03-20 11:10:09.512000+00:00,11190272.0,53764096.0,68341760.0,66367488.0,87.24,0.782615258,49.46,9782173133.0,0.0,0.0,2511049.0,9799060798.0,0.0,0.0,2603810.0,0.0,0.0,0.0,0.0
2023-03-20 11:10:14.308000+00:00,11190272.0,53764096.0,68341760.0,66367488.0,87.27,0.782615258,49.47,9782173133.0,0.0,0.0,2511049.0,9799060798.0,0.0,0.0,2603810.0,0.0,0.0,0.0,0.0
2023-03-20 11:10:19.700000+00:00,11190272.0,53768192.0,68599808.0,66625536.0,87.3,0.782615258,49.53,9787235495.0,0.0,0.0,2512454.0,9804143161.0,0.0,0.0,2605236.0,0.0,0.0,0.0,0.0
2023-03-20 11:10:23.030000+00:00,11190272.0,53768192.0,68599808.0,66625536.0,87.3,0.782615258,49.53,9787235495.0,0.0,0.0,2512454.0,9804143161.0,0.0,0.0,2605299.0,0.0,0.0,0.0,0.0
2023-03-20 11:10:29.841000+00:00,11190272.0,53772288.0,68599808.0,66625536.0,87.32,0.782615258,49.59,9787520644.0,0.0,0.0,2512713.0,9804438760.0,0.0,0.0,2605531.0,0.0,0.0,0.0,0.0
2023-03-20 11:10:33.908000+00:00,11190272.0,53772288.0,68562944.0,66588672.0,87.37,0.782615258,49.61,9796318205.0,0.0,0.0,2514938.0,9813241554.0,0.0,0.0,2607753.0,0.0,0.0,0.0,0.0
2023-03-20 11:10:37.956000+00:00,11190272.0,53772288.0,68562944.0,66338816.0,87.4,0.782615258,49.67,9798630672.0,0.0,0.0,2515587.0,9815564791.0,0.0,0.0,2608443.0,0.0,0.0,0.0,0.0
2023-03-20 11:10:44.582000+00:00,11190272.0,53772288.0,68562944.0,66338816.0,87.46,0.782615258,49.68,9798630672.0,0.0,0.0,2515587.0,9815564791.0,0.0,0.0,2608443.0,0.0,0.0,0.0,0.0
2023-03-20 11:10:49.390000+00:00,11276288.0,53776384.0,68362240.0,66387968.0,87.46,0.782615258,49.74,9801516325.0,0.0,0.0,2516562.0,9818460827.0,0.0,0.0,2609489.0,0.0,0.0,0.0,0.0
2023-03-20 11:10:53.745000+00:00,11276288.0,53776384.0,68362240.0,66387968.0,87.5,0.782615258,49.74,9801516325.0,0.0,0.0,2516562.0,9818460827.0,0.0,0.0,2609489.0,0.0,0.0,0.0,0.0
2023-03-20 11:10:59.443000+00:00,11276288.0,53776384.0,68362240.0,66387968.0,87.53,0.782615258,49.82,9801516325.0,0.0,0.0,2516562.0,9818460827.0,0.0,0.0,2609489.0,0.0,0.0,0.0,0.0
2023-03-20 11:11:04.669000+00:00,11276288.0,53776384.0,68427776.0,66453504.0,87.57,0.782615258,49.82,9809492786.0,0.0,0.0,2518911.0,9826452102.0,0.0,0.0,2611932.0,0.0,0.0,0.0,0.0
2023-03-20 11:11:09.501000+00:00,11276288.0,53776384.0,68427776.0,66453504.0,87.71,0.782615258,49.94,9828615097.0,0.0,0.0,2523776.0,9845588786.0,0.0,0.0,2616890.0,0.0,0.0,0.0,0.0
2023-03-20 11:11:14.303000+00:00,11276288.0,53776384.0,68427776.0,66453504.0,87.79,0.782615258,49.94,9828615097.0,0.0,0.0,2523776.0,9845588786.0,0.0,0.0,2616890.0,0.0,0.0,0.0,0.0
2023-03-20 11:11:19.753000+00:00,11276288.0,53784576.0,68775936.0,66801664.0,87.94,0.782615258,50.06,9864638701.0,0.0,0.0,2533018.0,9881655058.0,0.0,0.0,2626403.0,0.0,0.0,0.0,0.0
2023-03-20 11:11:24.440000+00:00,11276288.0,53784576.0,68571136.0,66596864.0,87.97,0.782615258,50.06,9867045161.0,0.0,0.0,2533695.0,9884068639.0,0.0,0.0,2627107.0,0.0,0.0,0.0,0.0
2023-03-20 11:11:28.731000+00:00,11276288.0,53784576.0,68575232.0,66600960.0,88.03,0.782615258,50.13,9870724068.0,0.0,0.0,2534707.0,9887754731.0,0.0,0.0,2628145.0,0.0,0.0,0.0,0.0
2023-03-20 11:11:33.218000+00:00,11276288.0,53784576.0,68710400.0,66736128.0,88.17,0.782615258,50.13,9887883785.0,0.0,0.0,2538648.0,9904935817.0,0.0,0.0,2632296.0,0.0,0.0,0.0,0.0
2023-03-20 11:11:38.767000+00:00,11276288.0,53784576.0,68382720.0,66408448.0,88.3,0.782615258,50.25,9900833218.0,0.0,0.0,2542203.0,9917923043.0,0.0,0.0,2636056.0,0.0,0.0,0.0,0.0
2023-03-20 11:11:44.583000+00:00,11386880.0,53784576.0,68382720.0,66408448.0,88.3,0.782615258,50.26,9900833218.0,0.0,0.0,2542203.0,9917923043.0,0.0,0.0,2636056.0,0.0,0.0,0.0,0.0
2023-03-20 11:11:48.758000+00:00,11386880.0,53800960.0,68399104.0,66424832.0,88.46,0.782615258,50.33,9921740621.0,0.0,0.0,2547357.0,9938871659.0,0.0,0.0,2641519.0,0.0,0.0,0.0,0.0
2023-03-20 11:11:53.636000+00:00,11386880.0,53800960.0,68640768.0,66666496.0,88.49,0.782615258,50.33,9924380111.0,0.0,0.0,2548164.0,9941524069.0,0.0,0.0,2642359.0,0.0,0.0,0.0,0.0
2023-03-20 11:11:58.681000+00:00,11386880.0,53805056.0,68407296.0,66433024.0,88.62,0.78580641,50.4,9938167357.0,0.0,0.0,2551790.0,9955327666.0,0.0,0.0,2646068.0,0.0,0.0,0.0,0.0
2023-03-20 11:12:04.460000+00:00,11386880.0,53805056.0,68407296.0,66658304.0,88.86,0.78580641,50.4,9966848375.0,0.0,0.0,2558846.0,9984022787.0,0.0,0.0,2653174.0,0.0,0.0,0.0,0.0
2023-03-20 11:12:08.970000+00:00,11386880.0,53805056.0,68730880.0,66756608.0,88.89,0.78580641,50.5,9969629926.0,0.0,0.0,2559753.0,9986821466.0,0.0,0.0,2654137.0,0.0,0.0,0.0,0.0
2023-03-20 11:12:13.787000+00:00,11386880.0,53809152.0,68730880.0,66756608.0,88.94,0.78580641,50.5,9969629926.0,0.0,0.0,2559753.0,9986821466.0,0.0,0.0,2654137.0,0.0,0.0,0.0,0.0
2023-03-20 11:12:18.594000+00:00,11386880.0,53809152.0,68505600.0,66531328.0,88.94,0.78580641,50.52,9976601165.0,0.0,0.0,2561695.0,9993826242.0,0.0,0.0,2656191.0,0.0,0.0,0.0,0.0
2023-03-20 11:12:24.250000+00:00,11386880.0,53809152.0,68505600.0,66523136.0,88.95,0.78580641,50.52,9976690347.0,0.0,0.0,2561751.0,9993915716.0,0.0,0.0,2656250.0,0.0,0.0,0.0,0.0
2023-03-20 11:12:29.081000+00:00,11386880.0,53813248.0,68366336.0,66392064.0,88.96,0.78580641,50.58,9976787205.0,0.0,0.0,2561848.0,9994018447.0,0.0,0.0,2656355.0,0.0,0.0,0.0,0.0
2023-03-20 11:12:33.629000+00:00,11386880.0,53813248.0,68366336.0,66531328.0,89.03,0.78580641,50.65,9985460962.0,0.0,0.0,2564090.0,10002705440.0,0.0,0.0,2658635.0,0.0,0.0,0.0,0.0
2023-03-20 11:12:39.634000+00:00,11489280.0,53813248.0,68366336.0,66531328.0,89.08,0.78580641,50.72,9985460962.0,0.0,0.0,2564090.0,10002705440.0,0.0,0.0,2658635.0,0.0,0.0,0.0,0.0
2023-03-20 11:12:44.317000+00:00,11489280.0,53813248.0,68620288.0,66646016.0,89.1,0.78580641,50.72,9992537088.0,0.0,0.0,2566097.0,10009802226.0,0.0,0.0,2660710.0,0.0,0.0,0.0,0.0
2023-03-20 11:12:48.854000+00:00,11489280.0,53817344.0,68358144.0,66383872.0,89.15,0.78580641,50.74,9998379734.0,0.0,0.0,2567579.0,10015654835.0,0.0,0.0,2662260.0,0.0,0.0,0.0,0.0
2023-03-20 11:12:53.762000+00:00,11489280.0,53817344.0,68358144.0,66396160.0,89.24,0.78580641,50.81,10004854580.0,0.0,0.0,2569412.0,10022139790.0,0.0,0.0,2664159.0,0.0,0.0,0.0,0.0
2023-03-20 11:12:59.253000+00:00,11489280.0,53817344.0,68464640.0,66490368.0,89.36,0.810501257,50.83,10013742949.0,0.0,0.0,2571938.0,10031049510.0,0.0,0.0,2666802.0,0.0,0.0,0.0,0.0
2023-03-20 11:13:03.286000+00:00,11489280.0,53817344.0,68464640.0,66490368.0,89.41,0.811334289,50.83,10013742949.0,0.0,0.0,2572557.0,10033125848.0,0.0,0.0,2667449.0,0.0,0.0,0.0,0.0
2023-03-20 11:13:09.258000+00:00,11489280.0,53829632.0,68374528.0,66400256.0,89.54,0.811334289,50.91,10031228779.0,0.0,0.0,2576495.0,10048550052.0,0.0,0.0,2671454.0,0.0,0.0,0.0,0.0
2023-03-20 11:13:13.519000+00:00,11489280.0,53829632.0,68509696.0,66535424.0,89.59,0.813213581,50.91,10033789874.0,0.0,0.0,2577254.0,10051121652.0,0.0,0.0,2672251.0,0.0,0.0,0.0,0.0
2023-03-20 11:13:19.386000+00:00,11489280.0,53829632.0,68632576.0,66658304.0,89.84,0.813213581,51.0,10061328691.0,0.0,0.0,2584026.0,10078670881.0,0.0,0.0,2679058.0,0.0,0.0,0.0,0.0
2023-03-20 11:13:24.543000+00:00,11489280.0,53829632.0,68632576.0,66658304.0,89.94,0.815267575,51.0,10073137763.0,0.0,0.0,2587051.0,10090492997.0,0.0,0.0,2682156.0,0.0,0.0,0.0,0.0
2023-03-20 11:13:28.761000+00:00,11489280.0,53833728.0,68534272.0,66560000.0,90.03,0.815267575,51.09,10079354141.0,0.0,0.0,2588878.0,10096728624.0,0.0,0.0,2684068.0,0.0,0.0,0.0,0.0
2023-03-20 11:13:33.569000+00:00,11489280.0,53833728.0,68534272.0,66560000.0,90.22,0.815267575,51.18,10079354141.0,0.0,0.0,2588878.0,10096728624.0,0.0,0.0,2688797.0,0.0,0.0,0.0,0.0
2023-03-20 11:13:38.166000+00:00,11608064.0,53837824.0,68538368.0,66564096.0,90.34,0.816935692,51.22,10114880708.0,0.0,0.0,2597644.0,10132305783.0,0.0,0.0,2693227.0,0.0,0.0,0.0,0.0
2023-03-20 11:13:44.490000+00:00,11608064.0,53837824.0,68796416.0,66822144.0,90.36,0.817726273,51.22,10115036984.0,0.0,0.0,2597724.0,10132470334.0,0.0,0.0,2693313.0,0.0,0.0,0.0,0.0
2023-03-20 11:13:49.403000+00:00,11608064.0,53837824.0,68763648.0,66789376.0,90.52,0.817726273,51.31,10137058859.0,0.0,0.0,2603633.0,10154525466.0,0.0,0.0,2699434.0,0.0,0.0,0.0,0.0
2023-03-20 11:13:54.589000+00:00,11608064.0,53837824.0,68763648.0,66789376.0,90.55,0.817726273,51.31,10137058859.0,0.0,0.0,2603633.0,10154639626.0,0.0,0.0,2699566.0,0.0,0.0,0.0,0.0
2023-03-20 11:13:59.549000+00:00,11608064.0,53837824.0,68804608.0,66830336.0,90.62,0.817726273,51.38,10144040662.0,0.0,0.0,2605701.0,10161536966.0,0.0,0.0,2701586.0,0.0,0.0,0.0,0.0
2023-03-20 11:14:04.686000+00:00,11608064.0,53837824.0,68804608.0,66830336.0,90.74,0.817726273,51.46,10144040662.0,0.0,0.0,2605701.0,10161536966.0,0.0,0.0,2701586.0,0.0,0.0,0.0,0.0
2023-03-20 11:14:08.337000+00:00,11608064.0,53862400.0,68833280.0,66859008.0,90.88,0.817726273,51.48,10172688113.0,0.0,0.0,2613048.0,10190219733.0,0.0,0.0,2709097.0,0.0,0.0,0.0,0.0
2023-03-20 11:14:13.515000+00:00,11608064.0,53862400.0,68833280.0,66859008.0,90.98,0.817726273,51.53,10172688113.0,0.0,0.0,2613048.0,10190219733.0,0.0,0.0,2709097.0,0.0,0.0,0.0,0.0
2023-03-20 11:14:18.528000+00:00,11608064.0,53866496.0,68829184.0,66854912.0,90.99,0.817726273,51.53,10175831087.0,0.0,0.0,2614188.0,10193384700.0,0.0,0.0,2710322.0,0.0,0.0,0.0,0.0
2023-03-20 11:14:23.570000+00:00,11608064.0,53866496.0,68829184.0,66854912.0,91.02,0.817726273,51.53,10175831087.0,0.0,0.0,2614188.0,10193563585.0,0.0,0.0,2710471.0,0.0,0.0,0.0,0.0
2023-03-20 11:14:29.101000+00:00,11608064.0,53866496.0,68808704.0,66834432.0,91.12,0.817726273,51.59,10190281572.0,0.0,0.0,2618059.0,10207874716.0,0.0,0.0,2714308.0,0.0,0.0,0.0,0.0
2023-03-20 11:14:34.736000+00:00,11608064.0,53866496.0,68808704.0,66834432.0,91.13,0.817726273,51.59,10190281572.0,0.0,0.0,2618059.0,10207874716.0,0.0,0.0,2714308.0,0.0,0.0,0.0,0.0
2023-03-20 11:14:38.933000+00:00,11710464.0,53870592.0,68562944.0,66588672.0,91.16,0.817726273,51.68,10196140912.0,0.0,0.0,2619767.0,10213754333.0,0.0,0.0,2716078.0,0.0,0.0,0.0,0.0
2023-03-20 11:14:43.776000+00:00,11710464.0,53870592.0,68562944.0,66588672.0,91.21,0.817726273,51.68,10196140912.0,0.0,0.0,2619767.0,10213754333.0,0.0,0.0,2716078.0,0.0,0.0,0.0,0.0
2023-03-20 11:14:48.052000+00:00,11710464.0,53870592.0,68562944.0,66588672.0,91.25,0.817726273,51.74,10196140912.0,0.0,0.0,2622142.0,10221931332.0,0.0,0.0,2718560.0,0.0,0.0,0.0,0.0
2023-03-20 11:14:54.413000+00:00,11710464.0,53870592.0,68562944.0,66588672.0,91.34,0.817726273,51.81,10196140912.0,0.0,0.0,2622142.0,10221931332.0,0.0,0.0,2718560.0,0.0,0.0,0.0,0.0
2023-03-20 11:14:59.252000+00:00,11710464.0,53870592.0,68706304.0,66732032.0,91.37,0.817726273,51.82,10212844835.0,0.0,0.0,2624719.0,10230504669.0,0.0,0.0,2721273.0,0.0,0.0,0.0,0.0
2023-03-20 11:15:03.788000+00:00,11710464.0,53895168.0,68702208.0,66727936.0,91.42,0.817726273,51.82,10220135630.0,0.0,0.0,2626799.0,10237815905.0,0.0,0.0,2723459.0,0.0,0.0,0.0,0.0
2023-03-20 11:15:08.854000+00:00,11710464.0,53895168.0,68722688.0,66748416.0,91.46,0.817726273,51.88,10220366012.0,0.0,0.0,2626934.0,10238058174.0,0.0,0.0,2723613.0,0.0,0.0,0.0,0.0
2023-03-20 11:15:13.743000+00:00,11710464.0,53895168.0,68722688.0,66748416.0,91.5,0.802083965,51.89,10220366012.0,0.0,0.0,2626934.0,10238058174.0,0.0,0.0,2723613.0,0.0,0.0,0.0,0.0
2023-03-20 11:15:19.379000+00:00,11710464.0,53911552.0,68726784.0,66752512.0,91.8,0.817726273,51.99,10263963889.0,0.0,0.0,2637305.0,10281726617.0,0.0,0.0,2734731.0,0.0,0.0,0.0,0.0
2023-03-20 11:15:24.318000+00:00,11710464.0,53911552.0,68726784.0,66752512.0,91.89,0.817726273,52.01,10263963889.0,0.0,0.0,2637305.0,10281726617.0,0.0,0.0,2734731.0,0.0,0.0,0.0,0.0
2023-03-20 11:15:29.111000+00:00,11710464.0,53911552.0,68759552.0,66785280.0,91.92,0.817726273,52.06,10276032542.0,0.0,0.0,2640765.0,10293826727.0,0.0,0.0,2738336.0,0.0,0.0,0.0,0.0
2023-03-20 11:15:33.695000+00:00,11710464.0,53911552.0,68628480.0,66654208.0,91.99,0.817726273,52.06,10280559671.0,0.0,0.0,2642165.0,10298369838.0,0.0,0.0,2739853.0,0.0,0.0,0.0,0.0
2023-03-20 11:15:38.746000+00:00,11849728.0,53911552.0,68595712.0,66621440.0,92.08,0.818295961,52.15,10285387104.0,0.0,0.0,2643627.0,10303213579.0,0.0,0.0,2741396.0,0.0,0.0,0.0,0.0
2023-03-20 11:15:43.231000+00:00,11849728.0,53911552.0,68595712.0,66621440.0,92.09,0.818295961,52.15,10285387104.0,0.0,0.0,2643627.0,10303213579.0,0.0,0.0,2741396.0,0.0,0.0,0.0,0.0
2023-03-20 11:15:48.211000+00:00,11849728.0,53911552.0,68808704.0,66834432.0,92.2,0.818295961,52.22,10297061825.0,0.0,0.0,2646843.0,10314919013.0,0.0,0.0,2744712.0,0.0,0.0,0.0,0.0
2023-03-20 11:15:54.046000+00:00,11849728.0,53911552.0,68882432.0,66908160.0,92.27,0.818295961,52.22,10300816217.0,0.0,0.0,2648186.0,10318704906.0,0.0,0.0,2746168.0,0.0,0.0,0.0,0.0
2023-03-20 11:15:58.285000+00:00,11849728.0,53911552.0,68882432.0,66908160.0,92.6,0.818295961,52.22,10300816217.0,0.0,0.0,2648186.0,10318704906.0,0.0,0.0,2746168.0,0.0,0.0,0.0,0.0
2023-03-20 11:16:04.039000+00:00,11849728.0,53911552.0,68882432.0,66928640.0,92.81,0.818295961,52.38,10367016182.0,0.0,0.0,2664034.0,10384952780.0,0.0,0.0,2762293.0,0.0,0.0,0.0,0.0
2023-03-20 11:16:08.440000+00:00,11849728.0,53911552.0,68919296.0,66945024.0,92.87,0.818295961,52.44,10371827834.0,0.0,0.0,2665422.0,10389776513.0,0.0,0.0,2763740.0,0.0,0.0,0.0,0.0
2023-03-20 11:16:14.637000+00:00,11849728.0,53911552.0,68919296.0,66945024.0,92.95,0.818295961,52.44,10371827834.0,0.0,0.0,2665422.0,10389776513.0,0.0,0.0,2763740.0,0.0,0.0,0.0,0.0
2023-03-20 11:16:18.980000+00:00,11849728.0,53911552.0,68689920.0,66715648.0,92.97,0.818295961,52.51,10381866669.0,0.0,0.0,2668101.0,10399834233.0,0.0,0.0,2766499.0,0.0,0.0,0.0,0.0
2023-03-20 11:16:23.762000+00:00,11849728.0,53911552.0,68767744.0,66793472.0,92.98,0.818295961,52.51,10382031793.0,0.0,0.0,2668211.0,10400010738.0,0.0,0.0,2766622.0,0.0,0.0,0.0,0.0
2023-03-20 11:16:29.587000+00:00,11849728.0,53911552.0,68591616.0,66617344.0,93.0,0.818295961,52.58,10382132728.0,0.0,0.0,2668336.0,10400127672.0,0.0,0.0,2766751.0,0.0,0.0,0.0,0.0
2023-03-20 11:16:33.895000+00:00,11849728.0,53911552.0,68591616.0,66617344.0,93.02,0.818295961,52.58,10382253626.0,0.0,0.0,2668556.0,10400257115.0,0.0,0.0,2767019.0,0.0,0.0,0.0,0.0
2023-03-20 11:16:39.536000+00:00,11968512.0,53911552.0,68677632.0,66703360.0,93.1,0.818295961,52.67,10390286767.0,0.0,0.0,2670702.0,10408310884.0,0.0,0.0,2769270.0,0.0,0.0,0.0,0.0
2023-03-20 11:16:44.457000+00:00,11968512.0,53911552.0,68677632.0,66703360.0,93.22,0.818295961,52.67,10390286767.0,0.0,0.0,2670702.0,10408310884.0,0.0,0.0,2769270.0,0.0,0.0,0.0,0.0
2023-03-20 11:16:49.522000+00:00,11968512.0,53911552.0,68898816.0,66924544.0,93.34,0.818295961,52.76,10419673612.0,0.0,0.0,2678252.0,10437735724.0,0.0,0.0,2777061.0,0.0,0.0,0.0,0.0
2023-03-20 11:16:53.533000+00:00,11968512.0,53911552.0,68767744.0,66793472.0,93.34,0.818295961,52.76,10419764027.0,0.0,0.0,2678315.0,10437826511.0,0.0,0.0,2777128.0,0.0,0.0,0.0,0.0
2023-03-20 11:16:59.630000+00:00,11968512.0,53911552.0,68997120.0,67022848.0,93.41,0.818295961,52.82,10425877540.0,0.0,0.0,2678315.0,10437826511.0,0.0,0.0,2777128.0,0.0,0.0,0.0,0.0
2023-03-20 11:17:04.229000+00:00,11968512.0,53911552.0,68997120.0,67022848.0,93.46,0.818295961,52.82,10429195671.0,0.0,0.0,2681088.0,10447291466.0,0.0,0.0,2780076.0,0.0,0.0,0.0,0.0
2023-03-20 11:17:09.335000+00:00,11968512.0,53911552.0,68997120.0,67022848.0,93.76,0.818295961,52.96,10429195671.0,0.0,0.0,2681088.0,10447291466.0,0.0,0.0,2789160.0,0.0,0.0,0.0,0.0
2023-03-20 11:17:13.501000+00:00,11968512.0,53911552.0,68997120.0,67022848.0,93.92,0.818295961,52.98,10429195671.0,0.0,0.0,2681088.0,10447291466.0,0.0,0.0,2789160.0,0.0,0.0,0.0,0.0
2023-03-20 11:17:18.423000+00:00,11968512.0,53932032.0,68599808.0,66625536.0,93.98,0.818295961,52.99,10491140426.0,0.0,0.0,2696619.0,10509294546.0,0.0,0.0,2795923.0,0.0,0.0,0.0,0.0
2023-03-20 11:17:23.175000+00:00,11968512.0,53932032.0,68534272.0,66560000.0,94.0,0.818295961,52.99,10491229769.0,0.0,0.0,2696674.0,10509389279.0,0.0,0.0,2795980.0,0.0,0.0,0.0,0.0
2023-03-20 11:17:29.433000+00:00,11968512.0,53932032.0,68624384.0,66650112.0,94.06,0.818295961,53.12,10495071053.0,0.0,0.0,2697862.0,10513243103.0,0.0,0.0,2797232.0,0.0,0.0,0.0,0.0
2023-03-20 11:17:34.768000+00:00,11968512.0,53932032.0,68624384.0,66650112.0,94.11,0.818295961,53.12,10495071053.0,0.0,0.0,2699749.0,10519865802.0,0.0,0.0,2799212.0,0.0,0.0,0.0,0.0
2023-03-20 11:17:39.675000+00:00,12099584.0,53932032.0,69136384.0,67162112.0,94.15,0.818295961,53.2,10504420501.0,0.0,0.0,2700552.0,10522622161.0,0.0,0.0,2800045.0,0.0,0.0,0.0,0.0
2023-03-20 11:17:43.676000+00:00,12099584.0,53932032.0,69136384.0,67162112.0,94.3,0.818295961,53.2,10504420501.0,0.0,0.0,2700552.0,10522622161.0,0.0,0.0,2800045.0,0.0,0.0,0.0,0.0
2023-03-20 11:17:49.414000+00:00,12099584.0,56610816.0,72048640.0,70074368.0,94.4,0.818295961,53.34,10537231977.0,0.0,0.0,2709290.0,10555477097.0,0.0,0.0,2809025.0,0.0,0.0,0.0,0.0
2023-03-20 11:17:54.883000+00:00,12099584.0,56610816.0,72048640.0,70074368.0,94.42,0.818295961,53.34,10537478344.0,0.0,0.0,2709411.0,10555734724.0,0.0,0.0,2809157.0,0.0,0.0,0.0,0.0
2023-03-20 11:17:59.485000+00:00,12099584.0,53940224.0,68747264.0,66772992.0,94.46,0.818295961,53.38,10540850425.0,0.0,0.0,2710445.0,10559116470.0,0.0,0.0,2810256.0,0.0,0.0,0.0,0.0
2023-03-20 11:18:04.712000+00:00,12099584.0,53940224.0,68747264.0,66772992.0,94.56,0.818295961,53.38,10540850425.0,0.0,0.0,2710445.0,10559116470.0,0.0,0.0,2811589.0,0.0,0.0,0.0,0.0
2023-03-20 11:18:09.521000+00:00,12099584.0,53940224.0,68632576.0,66658304.0,94.58,0.818295961,53.43,10547058437.0,0.0,0.0,2712333.0,10565352359.0,0.0,0.0,2812241.0,0.0,0.0,0.0,0.0
2023-03-20 11:18:14.854000+00:00,12099584.0,53940224.0,68632576.0,66658304.0,94.63,0.818295961,53.49,10547058437.0,0.0,0.0,2712333.0,10565352359.0,0.0,0.0,2812241.0,0.0,0.0,0.0,0.0
2023-03-20 11:18:19.773000+00:00,12099584.0,53940224.0,68759552.0,66785280.0,94.7,0.818295961,53.49,10557271293.0,0.0,0.0,2715093.0,10575588057.0,0.0,0.0,2815062.0,0.0,0.0,0.0,0.0
2023-03-20 11:18:24.456000+00:00,12099584.0,53940224.0,68759552.0,66785280.0,94.71,0.818295961,53.49,10557271293.0,0.0,0.0,2715142.0,10575601613.0,0.0,0.0,2815113.0,0.0,0.0,0.0,0.0
2023-03-20 11:18:29.630000+00:00,12099584.0,53940224.0,68628480.0,66654208.0,94.78,0.818295961,53.58,10566135361.0,0.0,0.0,2716906.0,10584467123.0,0.0,0.0,2816965.0,0.0,0.0,0.0,0.0
