timestamp,rt_catalogue_get_mongo_categories_count,rt_catalogue_get_mongo_categories_sum,rt_catalogue_get_mongo_products_count,rt_catalogue_get_mongo_products_sum,rt_catalogue_get_mongo_productscat_count,rt_catalogue_get_mongo_productscat_sum,rt_catalogue_get_mongo_productsku_count,rt_catalogue_get_mongo_productsku_sum,rt_catalogue_get_mongo_search_count,rt_catalogue_get_mongo_search_sum,rt_user_get_mongo_checkid_count,rt_user_get_mongo_checkid_sum,rt_user_get_mongo_history_count,rt_user_get_mongo_history_sum,rt_user_get_mongo_users_count,rt_user_get_mongo_users_sum,rt_user_post_mongo_login_count,rt_user_post_mongo_login_sum,rt_user_post_mongo_order_count,rt_user_post_mongo_order_sum,rt_user_post_mongo_register_count,rt_user_post_mongo_register_sum
2023-03-20 09:33:32.678000+00:00,20.0,,20.0,,0.0,,80.0,,0.0,,0.0,,16.0,,0.0,,26.0,,0.0,,25.0,
2023-03-20 09:33:37.678000+00:00,23.0,3.0,23.0,3.0,0.0,0.0,92.0,3.0,0.0,0.0,0.0,0.0,16.0,0.0,0.0,0.0,26.0,0.0,0.0,0.0,28.0,3.0
2023-03-20 09:33:42.678000+00:00,24.0,0.0,24.0,1.0,0.0,0.0,96.0,0.0,0.0,0.0,0.0,0.0,17.0,2.0,0.0,0.0,28.0,2.0,0.0,0.0,32.0,3.0
2023-03-20 09:33:47.678000+00:00,24.0,0.0,24.0,0.0,0.0,0.0,96.0,0.0,0.0,0.0,0.0,0.0,18.0,1.0,0.0,0.0,29.0,1.0,0.0,0.0,33.0,1.0
2023-03-20 09:33:52.678000+00:00,25.0,1.0,25.0,0.0,0.0,0.0,100.0,0.0,0.0,0.0,0.0,0.0,19.0,1.0,0.0,0.0,31.0,2.0,0.0,0.0,35.0,1.0
2023-03-20 09:33:57.678000+00:00,26.0,1.0,26.0,1.0,0.0,0.0,104.0,0.0,0.0,0.0,0.0,0.0,19.0,0.0,0.0,0.0,34.0,2.0,0.0,0.0,36.0,1.0
2023-03-20 09:34:02.678000+00:00,26.0,0.0,26.0,0.0,0.0,0.0,104.0,0.0,0.0,0.0,0.0,0.0,21.0,2.0,0.0,0.0,36.0,2.0,0.0,0.0,37.0,1.0
2023-03-20 09:34:07.678000+00:00,29.0,0.0,29.0,3.0,0.0,0.0,113.0,2.0,0.0,0.0,0.0,0.0,21.0,0.0,0.0,0.0,41.0,5.0,0.0,0.0,38.0,1.0
2023-03-20 09:34:12.678000+00:00,29.0,0.0,29.0,0.0,0.0,0.0,116.0,0.0,0.0,0.0,0.0,0.0,22.0,1.0,0.0,0.0,44.0,3.0,0.0,0.0,40.0,2.0
2023-03-20 09:34:17.678000+00:00,30.0,0.0,30.0,0.0,0.0,0.0,120.0,0.0,0.0,0.0,0.0,0.0,25.0,1.0,0.0,0.0,47.0,3.0,0.0,0.0,40.0,0.0
2023-03-20 09:34:22.678000+00:00,30.0,0.0,30.0,0.0,0.0,0.0,120.0,0.0,0.0,0.0,0.0,0.0,25.0,0.0,0.0,0.0,47.0,0.0,0.0,0.0,41.0,1.0
2023-03-20 09:34:27.678000+00:00,35.0,3.0,35.0,2.0,0.0,0.0,137.0,0.0,0.0,0.0,0.0,0.0,25.0,0.0,0.0,0.0,47.0,0.0,0.0,0.0,41.0,0.0
2023-03-20 09:34:32.678000+00:00,38.0,2.0,38.0,2.0,0.0,0.0,152.0,1.0,0.0,0.0,0.0,0.0,27.0,1.0,0.0,0.0,48.0,1.0,0.0,0.0,43.0,2.0
2023-03-20 09:34:37.678000+00:00,40.0,0.0,40.0,1.0,0.0,0.0,157.0,0.0,0.0,0.0,0.0,0.0,27.0,0.0,0.0,0.0,50.0,3.0,0.0,0.0,43.0,0.0
2023-03-20 09:34:42.678000+00:00,43.0,2.0,43.0,2.0,0.0,0.0,172.0,0.0,0.0,0.0,0.0,0.0,29.0,2.0,0.0,0.0,51.0,1.0,0.0,0.0,47.0,5.0
2023-03-20 09:34:47.678000+00:00,44.0,1.0,44.0,0.0,0.0,0.0,176.0,0.0,0.0,0.0,0.0,0.0,30.0,1.0,0.0,0.0,52.0,1.0,0.0,0.0,47.0,0.0
2023-03-20 09:34:52.678000+00:00,46.0,2.0,46.0,1.0,0.0,0.0,184.0,0.0,0.0,0.0,0.0,0.0,34.0,4.0,0.0,0.0,53.0,1.0,0.0,0.0,48.0,1.0
2023-03-20 09:34:57.678000+00:00,48.0,1.0,48.0,1.0,0.0,0.0,190.0,0.0,0.0,0.0,0.0,0.0,35.0,1.0,0.0,0.0,54.0,1.0,0.0,0.0,49.0,2.0
2023-03-20 09:35:02.678000+00:00,49.0,2.0,49.0,1.0,0.0,0.0,199.0,0.0,0.0,0.0,0.0,0.0,36.0,1.0,0.0,0.0,55.0,1.0,0.0,0.0,50.0,1.0
2023-03-20 09:35:07.678000+00:00,49.0,0.0,49.0,0.0,0.0,0.0,199.0,0.0,0.0,0.0,0.0,0.0,39.0,3.0,0.0,0.0,56.0,1.0,0.0,0.0,52.0,3.0
2023-03-20 09:35:12.678000+00:00,50.0,0.0,50.0,1.0,0.0,0.0,200.0,0.0,0.0,0.0,0.0,0.0,42.0,3.0,0.0,0.0,60.0,5.0,0.0,0.0,55.0,3.0
2023-03-20 09:35:17.678000+00:00,53.0,2.0,53.0,1.0,0.0,0.0,218.0,2.0,0.0,0.0,0.0,0.0,43.0,1.0,0.0,0.0,61.0,1.0,0.0,0.0,57.0,2.0
2023-03-20 09:35:22.678000+00:00,54.0,0.0,54.0,1.0,0.0,0.0,223.0,0.0,0.0,0.0,0.0,0.0,45.0,3.0,0.0,0.0,61.0,0.0,0.0,0.0,58.0,1.0
2023-03-20 09:35:27.678000+00:00,54.0,0.0,54.0,0.0,0.0,0.0,223.0,0.0,0.0,0.0,1.0,1.0,45.0,0.0,0.0,0.0,62.0,1.0,1.0,2.0,61.0,3.0
2023-03-20 09:35:32.678000+00:00,56.0,0.0,56.0,1.0,0.0,0.0,232.0,1.0,0.0,0.0,2.0,1.0,48.0,3.0,0.0,0.0,64.0,5.0,2.0,1.0,62.0,1.0
2023-03-20 09:35:37.678000+00:00,57.0,1.0,57.0,0.0,0.0,0.0,237.0,0.0,0.0,0.0,2.0,0.0,49.0,1.0,0.0,0.0,64.0,0.0,2.0,0.0,66.0,5.0
2023-03-20 09:35:42.678000+00:00,60.0,2.0,60.0,1.0,0.0,0.0,250.0,0.0,0.0,0.0,4.0,2.0,50.0,1.0,0.0,0.0,67.0,3.0,4.0,2.0,69.0,3.0
2023-03-20 09:35:47.678000+00:00,61.0,1.0,61.0,1.0,0.0,0.0,255.0,1.0,0.0,0.0,6.0,2.0,51.0,1.0,0.0,0.0,69.0,2.0,6.0,3.0,69.0,0.0
2023-03-20 09:35:52.678000+00:00,62.0,1.0,62.0,0.0,0.0,0.0,259.0,0.0,0.0,0.0,7.0,1.0,53.0,2.0,0.0,0.0,70.0,1.0,7.0,1.0,70.0,1.0
2023-03-20 09:35:57.678000+00:00,62.0,0.0,62.0,0.0,0.0,0.0,259.0,0.0,0.0,0.0,7.0,0.0,54.0,1.0,0.0,0.0,72.0,2.0,7.0,0.0,72.0,2.0
2023-03-20 09:36:02.678000+00:00,64.0,2.0,64.0,1.0,0.0,0.0,270.0,0.0,0.0,0.0,7.0,0.0,55.0,1.0,0.0,0.0,77.0,5.0,7.0,0.0,74.0,4.0
2023-03-20 09:36:07.678000+00:00,66.0,2.0,66.0,0.0,0.0,0.0,279.0,1.0,0.0,0.0,10.0,1.0,58.0,3.0,0.0,0.0,77.0,0.0,10.0,3.0,77.0,2.0
2023-03-20 09:36:12.678000+00:00,67.0,1.0,67.0,0.0,0.0,0.0,280.0,0.0,0.0,0.0,10.0,0.0,59.0,0.0,0.0,0.0,79.0,3.0,10.0,0.0,78.0,1.0
2023-03-20 09:36:17.678000+00:00,68.0,0.0,68.0,1.0,0.0,0.0,287.0,0.0,0.0,0.0,11.0,1.0,60.0,1.0,0.0,0.0,81.0,2.0,11.0,1.0,79.0,1.0
2023-03-20 09:36:22.678000+00:00,70.0,1.0,70.0,1.0,0.0,0.0,295.0,0.0,0.0,0.0,13.0,1.0,60.0,0.0,0.0,0.0,81.0,0.0,13.0,2.0,79.0,0.0
2023-03-20 09:36:27.678000+00:00,72.0,0.0,72.0,1.0,0.0,0.0,304.0,1.0,0.0,0.0,14.0,1.0,61.0,1.0,0.0,0.0,83.0,3.0,14.0,1.0,81.0,2.0
2023-03-20 09:36:32.678000+00:00,77.0,1.0,77.0,2.0,0.0,0.0,325.0,3.0,0.0,0.0,16.0,2.0,63.0,2.0,0.0,0.0,86.0,2.0,16.0,2.0,84.0,3.0
2023-03-20 09:36:37.678000+00:00,79.0,1.0,79.0,1.0,0.0,0.0,335.0,1.0,0.0,0.0,18.0,1.0,64.0,1.0,0.0,0.0,89.0,1.0,17.0,0.0,86.0,1.0
2023-03-20 09:36:42.678000+00:00,80.0,1.0,80.0,0.0,0.0,0.0,340.0,0.0,0.0,0.0,21.0,2.0,68.0,3.0,0.0,0.0,90.0,1.0,20.0,3.0,86.0,0.0
2023-03-20 09:36:47.678000+00:00,80.0,0.0,80.0,0.0,0.0,0.0,340.0,0.0,0.0,0.0,21.0,0.0,70.0,2.0,0.0,0.0,90.0,0.0,20.0,0.0,88.0,2.0
2023-03-20 09:36:52.678000+00:00,82.0,1.0,82.0,0.0,0.0,0.0,350.0,0.0,0.0,0.0,23.0,2.0,71.0,0.0,0.0,0.0,91.0,1.0,21.0,1.0,92.0,4.0
2023-03-20 09:36:57.678000+00:00,86.0,3.0,86.0,2.0,0.0,0.0,368.0,2.0,0.0,0.0,24.0,1.0,73.0,3.0,0.0,0.0,92.0,1.0,21.0,0.0,92.0,0.0
2023-03-20 09:37:02.678000+00:00,87.0,1.0,87.0,1.0,0.0,0.0,372.0,0.0,0.0,0.0,28.0,2.0,74.0,1.0,0.0,0.0,94.0,2.0,24.0,3.0,93.0,1.0
2023-03-20 09:37:07.678000+00:00,89.0,1.0,89.0,1.0,0.0,0.0,381.0,1.0,0.0,0.0,28.0,0.0,75.0,1.0,0.0,0.0,97.0,3.0,24.0,0.0,94.0,1.0
2023-03-20 09:37:12.678000+00:00,91.0,1.0,91.0,2.0,0.0,0.0,391.0,0.0,0.0,0.0,31.0,3.0,78.0,3.0,0.0,0.0,98.0,0.0,26.0,3.0,96.0,2.0
2023-03-20 09:37:17.678000+00:00,91.0,0.0,91.0,0.0,0.0,0.0,391.0,0.0,0.0,0.0,31.0,0.0,80.0,0.0,0.0,0.0,101.0,3.0,27.0,1.0,97.0,0.0
2023-03-20 09:37:22.678000+00:00,92.0,1.0,92.0,1.0,0.0,0.0,395.0,0.0,0.0,0.0,31.0,0.0,82.0,2.0,0.0,0.0,103.0,1.0,27.0,0.0,102.0,4.0
2023-03-20 09:37:27.678000+00:00,95.0,1.0,95.0,1.0,0.0,0.0,409.0,1.0,0.0,0.0,32.0,1.0,83.0,1.0,0.0,0.0,104.0,1.0,27.0,0.0,102.0,0.0
2023-03-20 09:37:32.678000+00:00,96.0,1.0,96.0,1.0,0.0,0.0,413.0,0.0,0.0,0.0,36.0,4.0,85.0,2.0,0.0,0.0,105.0,1.0,30.0,3.0,105.0,2.0
2023-03-20 09:37:37.678000+00:00,97.0,1.0,97.0,0.0,0.0,0.0,417.0,0.0,0.0,0.0,37.0,1.0,89.0,3.0,0.0,0.0,107.0,2.0,31.0,1.0,108.0,2.0
2023-03-20 09:37:42.678000+00:00,98.0,1.0,98.0,1.0,0.0,0.0,421.0,3.0,0.0,0.0,37.0,0.0,90.0,1.0,0.0,0.0,109.0,1.0,31.0,0.0,109.0,1.0
2023-03-20 09:37:47.678000+00:00,99.0,1.0,99.0,1.0,0.0,0.0,426.0,0.0,0.0,0.0,37.0,0.0,91.0,1.0,0.0,0.0,110.0,0.0,31.0,0.0,110.0,1.0
2023-03-20 09:37:52.678000+00:00,102.0,2.0,102.0,2.0,0.0,0.0,441.0,0.0,0.0,0.0,38.0,0.0,94.0,2.0,0.0,0.0,112.0,1.0,32.0,1.0,113.0,3.0
2023-03-20 09:37:57.678000+00:00,104.0,0.0,104.0,0.0,0.0,0.0,449.0,0.0,0.0,0.0,41.0,2.0,94.0,0.0,0.0,0.0,115.0,3.0,35.0,3.0,116.0,2.0
2023-03-20 09:38:02.678000+00:00,107.0,4.0,107.0,1.0,0.0,0.0,461.0,1.0,0.0,0.0,43.0,1.0,94.0,0.0,0.0,0.0,118.0,2.0,36.0,1.0,118.0,1.0
2023-03-20 09:38:07.678000+00:00,108.0,1.0,108.0,2.0,0.0,0.0,467.0,1.0,0.0,0.0,44.0,1.0,96.0,2.0,0.0,0.0,120.0,1.0,37.0,2.0,120.0,1.0
2023-03-20 09:38:12.678000+00:00,110.0,1.0,110.0,1.0,0.0,0.0,475.0,0.0,0.0,0.0,46.0,2.0,99.0,2.0,0.0,0.0,121.0,0.0,38.0,1.0,122.0,2.0
2023-03-20 09:38:17.678000+00:00,112.0,0.0,112.0,2.0,0.0,0.0,483.0,1.0,0.0,0.0,47.0,0.0,99.0,0.0,0.0,0.0,122.0,1.0,39.0,1.0,124.0,2.0
2023-03-20 09:38:22.678000+00:00,112.0,0.0,112.0,0.0,0.0,0.0,483.0,0.0,0.0,0.0,50.0,2.0,100.0,1.0,0.0,0.0,126.0,4.0,42.0,2.0,127.0,3.0
2023-03-20 09:38:27.678000+00:00,116.0,3.0,116.0,5.0,0.0,0.0,503.0,0.0,0.0,0.0,52.0,2.0,103.0,4.0,0.0,0.0,127.0,1.0,43.0,1.0,128.0,1.0
2023-03-20 09:38:32.678000+00:00,118.0,1.0,118.0,1.0,0.0,0.0,513.0,0.0,0.0,0.0,54.0,1.0,104.0,1.0,0.0,0.0,129.0,1.0,45.0,2.0,131.0,3.0
2023-03-20 09:38:37.678000+00:00,119.0,1.0,119.0,1.0,0.0,0.0,518.0,0.0,0.0,0.0,56.0,1.0,108.0,4.0,0.0,0.0,132.0,2.0,47.0,2.0,132.0,1.0
2023-03-20 09:38:42.678000+00:00,123.0,4.0,123.0,4.0,0.0,0.0,537.0,0.0,0.0,0.0,57.0,0.0,108.0,0.0,0.0,0.0,135.0,4.0,48.0,1.0,135.0,4.0
2023-03-20 09:38:47.678000+00:00,124.0,1.0,124.0,1.0,0.0,0.0,541.0,0.0,0.0,0.0,59.0,2.0,112.0,4.0,0.0,0.0,136.0,1.0,50.0,1.0,135.0,0.0
2023-03-20 09:38:52.678000+00:00,125.0,0.0,125.0,0.0,0.0,0.0,545.0,2.0,0.0,0.0,61.0,1.0,112.0,0.0,0.0,0.0,140.0,2.0,52.0,1.0,138.0,2.0
2023-03-20 09:38:57.678000+00:00,126.0,0.0,126.0,0.0,0.0,0.0,549.0,0.0,0.0,0.0,61.0,0.0,116.0,4.0,0.0,0.0,141.0,1.0,52.0,0.0,140.0,2.0
2023-03-20 09:39:02.678000+00:00,129.0,1.0,129.0,2.0,0.0,0.0,564.0,2.0,0.0,0.0,63.0,1.0,118.0,1.0,0.0,0.0,143.0,2.0,54.0,4.0,140.0,0.0
2023-03-20 09:39:07.678000+00:00,131.0,1.0,131.0,0.0,0.0,0.0,572.0,0.0,0.0,0.0,65.0,1.0,120.0,2.0,0.0,0.0,143.0,0.0,56.0,2.0,141.0,0.0
2023-03-20 09:39:12.678000+00:00,134.0,1.0,134.0,3.0,0.0,0.0,586.0,0.0,0.0,0.0,66.0,1.0,123.0,1.0,0.0,0.0,146.0,3.0,57.0,1.0,146.0,4.0
2023-03-20 09:39:17.678000+00:00,136.0,1.0,136.0,1.0,0.0,0.0,593.0,2.0,0.0,0.0,68.0,0.0,123.0,0.0,0.0,0.0,149.0,1.0,59.0,2.0,148.0,2.0
2023-03-20 09:39:22.678000+00:00,141.0,2.0,141.0,1.0,0.0,0.0,618.0,2.0,0.0,0.0,70.0,2.0,123.0,0.0,0.0,0.0,150.0,1.0,61.0,1.0,150.0,2.0
2023-03-20 09:39:27.678000+00:00,142.0,1.0,142.0,0.0,0.0,0.0,622.0,0.0,0.0,0.0,74.0,1.0,124.0,1.0,0.0,0.0,152.0,2.0,63.0,1.0,151.0,0.0
2023-03-20 09:39:32.678000+00:00,144.0,2.0,144.0,1.0,0.0,0.0,630.0,0.0,0.0,0.0,74.0,0.0,126.0,2.0,0.0,0.0,154.0,2.0,63.0,0.0,154.0,2.0
2023-03-20 09:39:37.678000+00:00,145.0,1.0,145.0,0.0,0.0,0.0,634.0,0.0,0.0,0.0,77.0,1.0,128.0,0.0,0.0,0.0,156.0,2.0,66.0,3.0,158.0,3.0
2023-03-20 09:39:42.678000+00:00,148.0,2.0,148.0,2.0,0.0,0.0,646.0,1.0,0.0,0.0,78.0,1.0,131.0,2.0,0.0,0.0,158.0,2.0,67.0,1.0,159.0,1.0
2023-03-20 09:39:47.678000+00:00,150.0,1.0,150.0,1.0,0.0,0.0,654.0,0.0,0.0,0.0,78.0,0.0,136.0,4.0,0.0,0.0,158.0,0.0,67.0,0.0,162.0,2.0
2023-03-20 09:39:52.678000+00:00,152.0,1.0,152.0,0.0,0.0,0.0,664.0,0.0,0.0,0.0,81.0,2.0,138.0,2.0,0.0,0.0,161.0,2.0,69.0,2.0,162.0,0.0
2023-03-20 09:39:57.678000+00:00,153.0,0.0,153.0,0.0,0.0,0.0,668.0,0.0,0.0,0.0,82.0,1.0,141.0,3.0,0.0,0.0,164.0,1.0,70.0,1.0,165.0,1.0
2023-03-20 09:40:02.678000+00:00,155.0,0.0,155.0,1.0,0.0,0.0,676.0,0.0,0.0,0.0,83.0,0.0,142.0,1.0,0.0,0.0,166.0,1.0,71.0,1.0,165.0,0.0
2023-03-20 09:40:07.678000+00:00,157.0,1.0,157.0,0.0,0.0,0.0,685.0,1.0,0.0,0.0,86.0,2.0,143.0,1.0,0.0,0.0,168.0,2.0,74.0,3.0,167.0,2.0
2023-03-20 09:40:12.678000+00:00,157.0,0.0,157.0,0.0,0.0,0.0,685.0,0.0,0.0,0.0,87.0,1.0,145.0,2.0,0.0,0.0,171.0,1.0,75.0,1.0,169.0,2.0
2023-03-20 09:40:17.678000+00:00,160.0,1.0,160.0,1.0,0.0,0.0,699.0,1.0,0.0,0.0,89.0,1.0,148.0,1.0,0.0,0.0,172.0,1.0,76.0,0.0,173.0,2.0
2023-03-20 09:40:22.678000+00:00,161.0,1.0,161.0,1.0,0.0,0.0,703.0,0.0,0.0,0.0,91.0,2.0,149.0,0.0,0.0,0.0,174.0,2.0,78.0,2.0,174.0,1.0
2023-03-20 09:40:27.678000+00:00,165.0,3.0,165.0,2.0,0.0,0.0,721.0,1.0,0.0,0.0,91.0,0.0,151.0,2.0,0.0,0.0,174.0,0.0,78.0,0.0,179.0,3.0
2023-03-20 09:40:32.678000+00:00,167.0,2.0,167.0,1.0,0.0,0.0,731.0,0.0,0.0,0.0,93.0,2.0,154.0,2.0,0.0,0.0,178.0,3.0,79.0,0.0,180.0,1.0
2023-03-20 09:40:37.678000+00:00,169.0,2.0,169.0,1.0,0.0,0.0,739.0,3.0,0.0,0.0,95.0,1.0,156.0,1.0,0.0,0.0,181.0,2.0,82.0,3.0,183.0,1.0
2023-03-20 09:40:42.678000+00:00,170.0,0.0,170.0,0.0,0.0,0.0,743.0,0.0,0.0,0.0,95.0,0.0,159.0,0.0,0.0,0.0,184.0,3.0,82.0,0.0,184.0,1.0
2023-03-20 09:40:47.678000+00:00,173.0,2.0,173.0,2.0,0.0,0.0,758.0,1.0,0.0,0.0,97.0,2.0,160.0,1.0,0.0,0.0,185.0,1.0,84.0,2.0,185.0,0.0
2023-03-20 09:40:52.678000+00:00,176.0,2.0,176.0,1.0,0.0,0.0,771.0,1.0,0.0,0.0,99.0,1.0,161.0,1.0,0.0,0.0,188.0,2.0,86.0,1.0,191.0,5.0
2023-03-20 09:40:57.678000+00:00,178.0,1.0,178.0,1.0,0.0,0.0,780.0,2.0,0.0,0.0,100.0,0.0,163.0,2.0,0.0,0.0,190.0,2.0,87.0,4.0,192.0,1.0
2023-03-20 09:41:02.678000+00:00,181.0,0.0,181.0,2.0,0.0,0.0,795.0,1.0,0.0,0.0,102.0,2.0,166.0,2.0,0.0,0.0,193.0,2.0,88.0,0.0,193.0,1.0
2023-03-20 09:41:07.678000+00:00,183.0,1.0,183.0,1.0,0.0,0.0,805.0,1.0,0.0,0.0,102.0,0.0,168.0,2.0,0.0,0.0,193.0,0.0,88.0,0.0,197.0,3.0
2023-03-20 09:41:12.678000+00:00,184.0,0.0,184.0,1.0,0.0,0.0,809.0,0.0,0.0,0.0,103.0,1.0,170.0,1.0,0.0,0.0,194.0,0.0,89.0,0.0,198.0,1.0
2023-03-20 09:41:17.678000+00:00,185.0,0.0,185.0,0.0,0.0,0.0,813.0,0.0,0.0,0.0,105.0,2.0,172.0,2.0,0.0,0.0,199.0,4.0,91.0,2.0,198.0,0.0
2023-03-20 09:41:22.678000+00:00,187.0,0.0,187.0,0.0,0.0,0.0,821.0,0.0,0.0,0.0,105.0,0.0,174.0,2.0,0.0,0.0,202.0,2.0,91.0,0.0,200.0,0.0
2023-03-20 09:41:27.678000+00:00,189.0,0.0,189.0,0.0,0.0,0.0,830.0,0.0,0.0,0.0,107.0,1.0,175.0,0.0,0.0,0.0,204.0,1.0,92.0,1.0,202.0,2.0
2023-03-20 09:41:32.678000+00:00,191.0,1.0,191.0,1.0,0.0,0.0,838.0,1.0,0.0,0.0,109.0,2.0,179.0,2.0,0.0,0.0,207.0,3.0,94.0,2.0,203.0,1.0
2023-03-20 09:41:37.678000+00:00,194.0,0.0,194.0,2.0,0.0,0.0,851.0,0.0,0.0,0.0,111.0,2.0,181.0,2.0,0.0,0.0,208.0,0.0,96.0,2.0,205.0,1.0
2023-03-20 09:41:42.678000+00:00,195.0,0.0,195.0,0.0,0.0,0.0,855.0,0.0,0.0,0.0,112.0,1.0,183.0,2.0,0.0,0.0,209.0,0.0,96.0,0.0,209.0,3.0
2023-03-20 09:41:47.678000+00:00,197.0,1.0,197.0,1.0,0.0,0.0,864.0,0.0,0.0,0.0,113.0,0.0,185.0,1.0,0.0,0.0,212.0,3.0,97.0,0.0,211.0,1.0
2023-03-20 09:41:52.678000+00:00,202.0,1.0,202.0,0.0,0.0,0.0,887.0,0.0,0.0,0.0,116.0,2.0,187.0,2.0,0.0,0.0,213.0,0.0,100.0,3.0,212.0,0.0
2023-03-20 09:41:57.678000+00:00,204.0,1.0,204.0,2.0,0.0,0.0,897.0,0.0,0.0,0.0,118.0,2.0,189.0,2.0,0.0,0.0,215.0,1.0,101.0,1.0,215.0,3.0
2023-03-20 09:42:02.678000+00:00,207.0,2.0,207.0,2.0,0.0,0.0,909.0,1.0,0.0,0.0,121.0,1.0,190.0,0.0,0.0,0.0,216.0,1.0,103.0,2.0,215.0,0.0
2023-03-20 09:42:07.678000+00:00,209.0,0.0,209.0,1.0,0.0,0.0,918.0,2.0,0.0,0.0,122.0,0.0,193.0,3.0,0.0,0.0,219.0,3.0,105.0,1.0,219.0,4.0
2023-03-20 09:42:12.678000+00:00,211.0,1.0,211.0,0.0,0.0,0.0,926.0,1.0,0.0,0.0,124.0,2.0,194.0,0.0,0.0,0.0,220.0,1.0,106.0,1.0,223.0,3.0
2023-03-20 09:42:17.678000+00:00,212.0,0.0,212.0,1.0,0.0,0.0,930.0,0.0,0.0,0.0,125.0,1.0,197.0,1.0,0.0,0.0,223.0,3.0,107.0,1.0,225.0,2.0
2023-03-20 09:42:22.678000+00:00,214.0,1.0,214.0,2.0,0.0,0.0,940.0,2.0,0.0,0.0,126.0,1.0,200.0,2.0,0.0,0.0,225.0,1.0,108.0,1.0,225.0,0.0
2023-03-20 09:42:27.678000+00:00,215.0,0.0,215.0,1.0,0.0,0.0,945.0,0.0,0.0,0.0,127.0,0.0,204.0,2.0,0.0,0.0,227.0,2.0,109.0,1.0,226.0,0.0
2023-03-20 09:42:32.678000+00:00,217.0,0.0,217.0,0.0,0.0,0.0,954.0,0.0,0.0,0.0,128.0,1.0,205.0,0.0,0.0,0.0,230.0,2.0,110.0,1.0,228.0,2.0
2023-03-20 09:42:37.678000+00:00,217.0,0.0,217.0,0.0,0.0,0.0,954.0,0.0,0.0,0.0,129.0,0.0,207.0,2.0,0.0,0.0,230.0,0.0,111.0,1.0,231.0,3.0
2023-03-20 09:42:42.678000+00:00,217.0,0.0,217.0,0.0,0.0,0.0,954.0,0.0,0.0,0.0,129.0,0.0,210.0,1.0,0.0,0.0,234.0,10.0,111.0,0.0,231.0,0.0
2023-03-20 09:42:47.678000+00:00,220.0,2.0,220.0,1.0,0.0,0.0,968.0,2.0,0.0,0.0,129.0,0.0,212.0,2.0,0.0,0.0,237.0,3.0,111.0,0.0,234.0,3.0
2023-03-20 09:42:52.678000+00:00,221.0,1.0,221.0,1.0,0.0,0.0,973.0,0.0,0.0,0.0,131.0,1.0,213.0,0.0,0.0,0.0,237.0,0.0,113.0,2.0,236.0,2.0
2023-03-20 09:42:57.678000+00:00,221.0,0.0,221.0,0.0,0.0,0.0,973.0,0.0,0.0,0.0,132.0,0.0,213.0,0.0,0.0,0.0,240.0,3.0,114.0,0.0,238.0,2.0
2023-03-20 09:43:02.678000+00:00,225.0,3.0,225.0,3.0,0.0,0.0,989.0,0.0,0.0,0.0,134.0,1.0,213.0,0.0,0.0,0.0,241.0,1.0,116.0,2.0,239.0,0.0
2023-03-20 09:43:07.678000+00:00,227.0,1.0,227.0,0.0,0.0,0.0,999.0,0.0,0.0,0.0,136.0,1.0,214.0,0.0,0.0,0.0,241.0,0.0,117.0,1.0,241.0,1.0
2023-03-20 09:43:12.678000+00:00,229.0,2.0,229.0,1.0,0.0,0.0,1009.0,1.0,0.0,0.0,138.0,1.0,216.0,1.0,0.0,0.0,243.0,2.0,119.0,3.0,243.0,1.0
2023-03-20 09:43:17.678000+00:00,230.0,0.0,230.0,0.0,0.0,0.0,1014.0,0.0,0.0,0.0,140.0,1.0,216.0,0.0,0.0,0.0,246.0,2.0,120.0,1.0,246.0,1.0
2023-03-20 09:43:22.678000+00:00,232.0,2.0,232.0,1.0,0.0,0.0,1022.0,0.0,0.0,0.0,141.0,1.0,217.0,1.0,0.0,0.0,246.0,0.0,121.0,1.0,248.0,2.0
2023-03-20 09:43:27.678000+00:00,233.0,0.0,233.0,0.0,0.0,0.0,1026.0,0.0,0.0,0.0,143.0,2.0,220.0,3.0,0.0,0.0,249.0,1.0,123.0,1.0,248.0,0.0
2023-03-20 09:43:32.678000+00:00,233.0,0.0,233.0,0.0,0.0,0.0,1026.0,0.0,0.0,0.0,143.0,0.0,223.0,3.0,0.0,0.0,252.0,2.0,123.0,0.0,250.0,2.0
2023-03-20 09:43:37.678000+00:00,237.0,3.0,237.0,2.0,0.0,0.0,1044.0,1.0,0.0,0.0,145.0,1.0,226.0,2.0,0.0,0.0,253.0,1.0,125.0,2.0,251.0,1.0
2023-03-20 09:43:42.678000+00:00,238.0,1.0,238.0,0.0,0.0,0.0,1048.0,0.0,0.0,0.0,147.0,2.0,227.0,1.0,0.0,0.0,257.0,2.0,127.0,2.0,251.0,0.0
2023-03-20 09:43:47.678000+00:00,240.0,3.0,240.0,0.0,0.0,0.0,1058.0,0.0,0.0,0.0,148.0,1.0,229.0,2.0,0.0,0.0,259.0,1.0,128.0,0.0,251.0,0.0
2023-03-20 09:43:52.678000+00:00,243.0,1.0,243.0,1.0,0.0,0.0,1072.0,1.0,0.0,0.0,150.0,1.0,231.0,1.0,0.0,0.0,259.0,0.0,130.0,1.0,251.0,0.0
2023-03-20 09:43:57.678000+00:00,244.0,1.0,244.0,1.0,0.0,0.0,1076.0,0.0,0.0,0.0,152.0,0.0,232.0,0.0,0.0,0.0,260.0,1.0,132.0,1.0,254.0,2.0
2023-03-20 09:44:02.678000+00:00,247.0,2.0,247.0,2.0,0.0,0.0,1091.0,0.0,0.0,0.0,152.0,0.0,234.0,1.0,0.0,0.0,261.0,1.0,132.0,0.0,258.0,3.0
2023-03-20 09:44:07.678000+00:00,251.0,3.0,251.0,3.0,0.0,0.0,1107.0,1.0,0.0,0.0,157.0,4.0,235.0,1.0,0.0,0.0,262.0,0.0,136.0,5.0,261.0,2.0
2023-03-20 09:44:12.678000+00:00,251.0,0.0,251.0,0.0,0.0,0.0,1107.0,0.0,0.0,0.0,159.0,0.0,235.0,0.0,0.0,0.0,263.0,0.0,138.0,2.0,263.0,2.0
2023-03-20 09:44:17.678000+00:00,252.0,0.0,252.0,1.0,0.0,0.0,1112.0,0.0,0.0,0.0,160.0,1.0,239.0,1.0,0.0,0.0,263.0,0.0,139.0,0.0,264.0,0.0
2023-03-20 09:44:22.678000+00:00,253.0,1.0,253.0,1.0,0.0,0.0,1117.0,1.0,0.0,0.0,160.0,0.0,242.0,1.0,0.0,0.0,264.0,0.0,139.0,0.0,267.0,3.0
2023-03-20 09:44:27.678000+00:00,255.0,0.0,255.0,0.0,0.0,0.0,1126.0,1.0,0.0,0.0,160.0,0.0,242.0,0.0,0.0,0.0,266.0,0.0,139.0,0.0,268.0,1.0
2023-03-20 09:44:32.678000+00:00,255.0,0.0,255.0,0.0,0.0,0.0,1126.0,0.0,0.0,0.0,160.0,0.0,243.0,1.0,0.0,0.0,269.0,3.0,139.0,0.0,269.0,1.0
2023-03-20 09:44:37.678000+00:00,257.0,2.0,257.0,2.0,0.0,0.0,1134.0,0.0,0.0,0.0,160.0,0.0,246.0,3.0,0.0,0.0,273.0,0.0,139.0,0.0,270.0,0.0
2023-03-20 09:44:42.678000+00:00,257.0,0.0,257.0,0.0,0.0,0.0,1134.0,0.0,0.0,0.0,162.0,0.0,249.0,2.0,0.0,0.0,275.0,1.0,141.0,1.0,270.0,0.0
2023-03-20 09:44:47.678000+00:00,258.0,1.0,258.0,0.0,0.0,0.0,1138.0,0.0,0.0,0.0,162.0,0.0,252.0,1.0,0.0,0.0,277.0,1.0,141.0,0.0,270.0,0.0
2023-03-20 09:44:52.678000+00:00,259.0,1.0,259.0,0.0,0.0,0.0,1142.0,0.0,0.0,0.0,164.0,0.0,252.0,0.0,0.0,0.0,277.0,0.0,142.0,1.0,273.0,1.0
2023-03-20 09:44:57.678000+00:00,259.0,0.0,259.0,0.0,0.0,0.0,1142.0,0.0,0.0,0.0,164.0,0.0,252.0,0.0,0.0,0.0,280.0,1.0,142.0,0.0,277.0,6.0
2023-03-20 09:45:02.678000+00:00,260.0,1.0,260.0,0.0,0.0,0.0,1147.0,0.0,0.0,0.0,164.0,0.0,253.0,1.0,0.0,0.0,281.0,0.0,142.0,0.0,279.0,1.0
2023-03-20 09:45:07.678000+00:00,265.0,3.0,265.0,1.0,0.0,0.0,1168.0,3.0,0.0,0.0,168.0,3.0,255.0,0.0,0.0,0.0,282.0,0.0,145.0,3.0,282.0,3.0
2023-03-20 09:45:12.678000+00:00,269.0,2.0,269.0,2.0,0.0,0.0,1186.0,1.0,0.0,0.0,171.0,1.0,255.0,0.0,0.0,0.0,282.0,0.0,148.0,3.0,284.0,1.0
2023-03-20 09:45:17.678000+00:00,272.0,0.0,272.0,0.0,0.0,0.0,1200.0,0.0,0.0,0.0,174.0,2.0,255.0,0.0,0.0,0.0,283.0,0.0,151.0,0.0,285.0,1.0
2023-03-20 09:45:22.678000+00:00,274.0,1.0,274.0,2.0,0.0,0.0,1208.0,0.0,0.0,0.0,176.0,0.0,257.0,2.0,0.0,0.0,287.0,4.0,153.0,1.0,287.0,0.0
2023-03-20 09:45:27.678000+00:00,274.0,0.0,274.0,0.0,0.0,0.0,1208.0,0.0,0.0,0.0,177.0,0.0,258.0,1.0,0.0,0.0,290.0,3.0,154.0,0.0,288.0,0.0
2023-03-20 09:45:32.678000+00:00,276.0,1.0,276.0,2.0,0.0,0.0,1218.0,0.0,0.0,0.0,178.0,1.0,259.0,1.0,0.0,0.0,290.0,0.0,155.0,0.0,289.0,1.0
2023-03-20 09:45:37.678000+00:00,276.0,0.0,276.0,0.0,0.0,0.0,1218.0,0.0,0.0,0.0,179.0,1.0,264.0,1.0,0.0,0.0,291.0,0.0,156.0,0.0,289.0,0.0
2023-03-20 09:45:42.678000+00:00,276.0,0.0,276.0,0.0,0.0,0.0,1218.0,0.0,0.0,0.0,179.0,0.0,267.0,1.0,0.0,0.0,296.0,3.0,156.0,0.0,290.0,0.0
2023-03-20 09:45:47.678000+00:00,281.0,3.0,281.0,2.0,0.0,0.0,1240.0,1.0,0.0,0.0,180.0,0.0,269.0,2.0,0.0,0.0,299.0,1.0,157.0,1.0,291.0,0.0
2023-03-20 09:45:52.678000+00:00,283.0,2.0,283.0,2.0,0.0,0.0,1250.0,3.0,0.0,0.0,183.0,2.0,273.0,3.0,0.0,0.0,299.0,0.0,160.0,3.0,292.0,1.0
2023-03-20 09:45:57.678000+00:00,284.0,1.0,284.0,1.0,0.0,0.0,1255.0,0.0,0.0,0.0,184.0,1.0,274.0,1.0,0.0,0.0,300.0,0.0,161.0,0.0,294.0,1.0
2023-03-20 09:46:02.678000+00:00,284.0,0.0,284.0,0.0,0.0,0.0,1255.0,0.0,0.0,0.0,185.0,1.0,274.0,0.0,0.0,0.0,300.0,0.0,162.0,1.0,297.0,2.0
2023-03-20 09:46:07.678000+00:00,286.0,1.0,286.0,0.0,0.0,0.0,1264.0,0.0,0.0,0.0,187.0,0.0,274.0,0.0,0.0,0.0,300.0,0.0,164.0,1.0,300.0,2.0
2023-03-20 09:46:12.678000+00:00,289.0,1.0,289.0,5.0,0.0,0.0,1277.0,0.0,0.0,0.0,189.0,1.0,275.0,1.0,0.0,0.0,302.0,2.0,165.0,0.0,300.0,0.0
2023-03-20 09:46:17.678000+00:00,292.0,2.0,292.0,1.0,0.0,0.0,1291.0,1.0,0.0,0.0,192.0,1.0,276.0,1.0,0.0,0.0,305.0,2.0,168.0,2.0,304.0,3.0
2023-03-20 09:46:22.678000+00:00,293.0,0.0,293.0,0.0,0.0,0.0,1295.0,1.0,0.0,0.0,193.0,0.0,280.0,1.0,0.0,0.0,306.0,0.0,169.0,1.0,307.0,1.0
2023-03-20 09:46:27.678000+00:00,293.0,0.0,293.0,0.0,0.0,0.0,1295.0,0.0,0.0,0.0,193.0,0.0,282.0,2.0,0.0,0.0,310.0,2.0,169.0,0.0,309.0,1.0
2023-03-20 09:46:32.678000+00:00,294.0,0.0,294.0,1.0,0.0,0.0,1299.0,0.0,0.0,0.0,194.0,0.0,284.0,1.0,0.0,0.0,310.0,0.0,170.0,0.0,309.0,0.0
2023-03-20 09:46:37.678000+00:00,298.0,3.0,298.0,2.0,0.0,0.0,1314.0,0.0,0.0,0.0,194.0,0.0,285.0,0.0,0.0,0.0,312.0,1.0,170.0,0.0,309.0,0.0
2023-03-20 09:46:42.678000+00:00,299.0,0.0,299.0,1.0,0.0,0.0,1322.0,1.0,0.0,0.0,197.0,1.0,287.0,1.0,0.0,0.0,313.0,1.0,173.0,1.0,310.0,1.0
2023-03-20 09:46:47.678000+00:00,300.0,1.0,300.0,0.0,0.0,0.0,1326.0,0.0,0.0,0.0,197.0,0.0,288.0,0.0,0.0,0.0,316.0,1.0,173.0,0.0,314.0,1.0
2023-03-20 09:46:52.678000+00:00,302.0,1.0,302.0,0.0,0.0,0.0,1334.0,1.0,0.0,0.0,197.0,0.0,291.0,0.0,0.0,0.0,318.0,2.0,173.0,0.0,315.0,0.0
2023-03-20 09:46:57.678000+00:00,302.0,0.0,302.0,0.0,0.0,0.0,1336.0,0.0,0.0,0.0,199.0,1.0,293.0,2.0,0.0,0.0,321.0,2.0,175.0,0.0,317.0,1.0
2023-03-20 09:47:02.678000+00:00,303.0,0.0,303.0,1.0,0.0,0.0,1340.0,1.0,0.0,0.0,199.0,0.0,294.0,0.0,0.0,0.0,321.0,0.0,175.0,0.0,318.0,3.0
2023-03-20 09:47:07.678000+00:00,306.0,1.0,306.0,1.0,0.0,0.0,1355.0,0.0,0.0,0.0,200.0,1.0,296.0,1.0,0.0,0.0,322.0,1.0,176.0,0.0,320.0,0.0
2023-03-20 09:47:12.678000+00:00,308.0,1.0,308.0,0.0,0.0,0.0,1364.0,0.0,0.0,0.0,204.0,2.0,298.0,1.0,0.0,0.0,323.0,0.0,180.0,2.0,320.0,0.0
2023-03-20 09:47:17.678000+00:00,311.0,3.0,311.0,1.0,0.0,0.0,1376.0,0.0,0.0,0.0,208.0,1.0,298.0,0.0,0.0,0.0,324.0,0.0,184.0,2.0,322.0,2.0
2023-03-20 09:47:22.678000+00:00,312.0,1.0,312.0,0.0,0.0,0.0,1381.0,0.0,0.0,0.0,208.0,0.0,298.0,0.0,0.0,0.0,325.0,1.0,184.0,0.0,323.0,1.0
2023-03-20 09:47:27.678000+00:00,314.0,1.0,314.0,1.0,0.0,0.0,1391.0,0.0,0.0,0.0,210.0,0.0,300.0,0.0,0.0,0.0,329.0,3.0,186.0,1.0,328.0,3.0
2023-03-20 09:47:32.678000+00:00,315.0,1.0,315.0,1.0,0.0,0.0,1396.0,0.0,0.0,0.0,210.0,0.0,301.0,0.0,0.0,0.0,330.0,1.0,186.0,0.0,329.0,0.0
2023-03-20 09:47:37.678000+00:00,317.0,2.0,317.0,1.0,0.0,0.0,1405.0,0.0,0.0,0.0,211.0,0.0,304.0,1.0,0.0,0.0,330.0,0.0,187.0,1.0,331.0,0.0
2023-03-20 09:47:42.678000+00:00,317.0,0.0,317.0,0.0,0.0,0.0,1405.0,0.0,0.0,0.0,212.0,0.0,306.0,1.0,0.0,0.0,331.0,1.0,188.0,0.0,331.0,0.0
2023-03-20 09:47:47.678000+00:00,318.0,1.0,318.0,0.0,0.0,0.0,1411.0,0.0,0.0,0.0,212.0,0.0,307.0,0.0,0.0,0.0,333.0,2.0,188.0,0.0,331.0,0.0
2023-03-20 09:47:52.678000+00:00,320.0,2.0,320.0,0.0,0.0,0.0,1420.0,0.0,0.0,0.0,214.0,1.0,309.0,1.0,0.0,0.0,335.0,2.0,190.0,2.0,335.0,2.0
2023-03-20 09:47:57.678000+00:00,320.0,0.0,320.0,0.0,0.0,0.0,1420.0,0.0,0.0,0.0,214.0,0.0,312.0,1.0,0.0,0.0,338.0,1.0,190.0,0.0,335.0,0.0
2023-03-20 09:48:02.678000+00:00,323.0,1.0,323.0,0.0,0.0,0.0,1436.0,0.0,0.0,0.0,216.0,2.0,313.0,0.0,0.0,0.0,340.0,1.0,192.0,1.0,336.0,0.0
2023-03-20 09:48:07.678000+00:00,323.0,0.0,323.0,0.0,0.0,0.0,1436.0,0.0,0.0,0.0,216.0,0.0,314.0,1.0,0.0,0.0,342.0,1.0,192.0,0.0,339.0,3.0
2023-03-20 09:48:12.678000+00:00,327.0,2.0,327.0,0.0,0.0,0.0,1453.0,0.0,0.0,0.0,217.0,1.0,315.0,1.0,0.0,0.0,343.0,0.0,193.0,0.0,340.0,0.0
2023-03-20 09:48:17.678000+00:00,328.0,0.0,328.0,1.0,0.0,0.0,1457.0,0.0,0.0,0.0,217.0,0.0,318.0,2.0,0.0,0.0,345.0,0.0,193.0,0.0,343.0,2.0
2023-03-20 09:48:22.678000+00:00,329.0,1.0,329.0,0.0,0.0,0.0,1461.0,0.0,0.0,0.0,217.0,0.0,318.0,0.0,0.0,0.0,345.0,0.0,193.0,0.0,345.0,1.0
2023-03-20 09:48:27.678000+00:00,332.0,1.0,332.0,1.0,0.0,0.0,1473.0,0.0,0.0,0.0,218.0,1.0,318.0,0.0,0.0,0.0,347.0,1.0,194.0,0.0,347.0,2.0
2023-03-20 09:48:32.678000+00:00,332.0,0.0,332.0,0.0,0.0,0.0,1473.0,0.0,0.0,0.0,218.0,0.0,321.0,0.0,0.0,0.0,349.0,1.0,194.0,0.0,350.0,1.0
2023-03-20 09:48:37.678000+00:00,337.0,1.0,337.0,3.0,0.0,0.0,1494.0,0.0,0.0,0.0,220.0,2.0,321.0,0.0,0.0,0.0,351.0,1.0,196.0,0.0,350.0,0.0
2023-03-20 09:48:42.678000+00:00,339.0,2.0,339.0,0.0,0.0,0.0,1504.0,2.0,0.0,0.0,225.0,1.0,322.0,1.0,0.0,0.0,354.0,3.0,201.0,9.0,350.0,0.0
2023-03-20 09:48:47.678000+00:00,339.0,0.0,339.0,0.0,0.0,0.0,1504.0,0.0,0.0,0.0,225.0,0.0,325.0,2.0,0.0,0.0,356.0,1.0,201.0,0.0,350.0,0.0
2023-03-20 09:48:52.678000+00:00,339.0,0.0,339.0,0.0,0.0,0.0,1504.0,0.0,0.0,0.0,225.0,0.0,327.0,2.0,0.0,0.0,357.0,0.0,201.0,0.0,352.0,0.0
2023-03-20 09:48:57.678000+00:00,341.0,0.0,341.0,1.0,0.0,0.0,1514.0,1.0,0.0,0.0,226.0,0.0,328.0,1.0,0.0,0.0,360.0,2.0,202.0,1.0,354.0,2.0
2023-03-20 09:49:02.678000+00:00,344.0,1.0,344.0,2.0,0.0,0.0,1528.0,0.0,0.0,0.0,226.0,0.0,331.0,2.0,0.0,0.0,361.0,1.0,202.0,0.0,355.0,1.0
2023-03-20 09:49:07.678000+00:00,347.0,1.0,347.0,1.0,0.0,0.0,1541.0,0.0,0.0,0.0,230.0,1.0,335.0,3.0,0.0,0.0,361.0,0.0,205.0,1.0,357.0,3.0
2023-03-20 09:49:12.678000+00:00,349.0,1.0,349.0,0.0,0.0,0.0,1550.0,0.0,0.0,0.0,232.0,1.0,337.0,1.0,0.0,0.0,362.0,1.0,208.0,2.0,359.0,1.0
2023-03-20 09:49:17.678000+00:00,351.0,2.0,351.0,0.0,0.0,0.0,1561.0,1.0,0.0,0.0,233.0,1.0,338.0,1.0,0.0,0.0,363.0,0.0,209.0,1.0,362.0,1.0
2023-03-20 09:49:22.678000+00:00,352.0,1.0,352.0,1.0,0.0,0.0,1565.0,0.0,0.0,0.0,234.0,1.0,339.0,0.0,0.0,0.0,365.0,1.0,210.0,0.0,362.0,0.0
2023-03-20 09:49:27.678000+00:00,355.0,2.0,355.0,0.0,0.0,0.0,1578.0,0.0,0.0,0.0,236.0,0.0,340.0,0.0,0.0,0.0,365.0,0.0,212.0,2.0,365.0,3.0
2023-03-20 09:49:32.678000+00:00,356.0,0.0,356.0,1.0,0.0,0.0,1583.0,0.0,0.0,0.0,236.0,0.0,341.0,0.0,0.0,0.0,367.0,1.0,212.0,0.0,366.0,0.0
2023-03-20 09:49:37.678000+00:00,356.0,0.0,356.0,0.0,0.0,0.0,1583.0,0.0,0.0,0.0,236.0,0.0,342.0,0.0,0.0,0.0,368.0,1.0,212.0,0.0,369.0,2.0
2023-03-20 09:49:42.678000+00:00,357.0,1.0,357.0,1.0,0.0,0.0,1587.0,0.0,0.0,0.0,236.0,0.0,345.0,2.0,0.0,0.0,370.0,3.0,212.0,0.0,371.0,2.0
2023-03-20 09:49:47.678000+00:00,357.0,0.0,357.0,0.0,0.0,0.0,1587.0,0.0,0.0,0.0,237.0,0.0,347.0,1.0,0.0,0.0,373.0,1.0,213.0,1.0,373.0,1.0
2023-03-20 09:49:52.678000+00:00,360.0,0.0,360.0,1.0,0.0,0.0,1599.0,0.0,0.0,0.0,238.0,0.0,350.0,3.0,0.0,0.0,375.0,2.0,214.0,0.0,375.0,1.0
2023-03-20 09:49:57.678000+00:00,361.0,1.0,361.0,0.0,0.0,0.0,1604.0,0.0,0.0,0.0,240.0,0.0,353.0,2.0,0.0,0.0,378.0,1.0,216.0,1.0,376.0,0.0
2023-03-20 09:50:02.678000+00:00,362.0,0.0,362.0,0.0,0.0,0.0,1608.0,1.0,0.0,0.0,240.0,0.0,354.0,0.0,0.0,0.0,379.0,1.0,216.0,0.0,376.0,0.0
2023-03-20 09:50:07.678000+00:00,363.0,1.0,363.0,0.0,0.0,0.0,1613.0,0.0,0.0,0.0,241.0,0.0,354.0,0.0,0.0,0.0,380.0,1.0,217.0,0.0,380.0,1.0
2023-03-20 09:50:12.678000+00:00,364.0,0.0,364.0,0.0,0.0,0.0,1618.0,0.0,0.0,0.0,243.0,1.0,356.0,2.0,0.0,0.0,381.0,0.0,219.0,1.0,381.0,0.0
2023-03-20 09:50:17.678000+00:00,368.0,1.0,368.0,1.0,0.0,0.0,1633.0,1.0,0.0,0.0,245.0,1.0,357.0,0.0,0.0,0.0,383.0,1.0,221.0,2.0,383.0,1.0
2023-03-20 09:50:22.678000+00:00,371.0,2.0,371.0,0.0,0.0,0.0,1646.0,0.0,0.0,0.0,248.0,0.0,357.0,0.0,0.0,0.0,386.0,0.0,224.0,2.0,383.0,0.0
2023-03-20 09:50:27.678000+00:00,373.0,0.0,373.0,0.0,0.0,0.0,1658.0,0.0,0.0,0.0,251.0,3.0,359.0,1.0,0.0,0.0,387.0,1.0,227.0,3.0,386.0,3.0
2023-03-20 09:50:32.678000+00:00,373.0,0.0,373.0,0.0,0.0,0.0,1658.0,0.0,0.0,0.0,251.0,0.0,360.0,0.0,0.0,0.0,387.0,0.0,227.0,0.0,398.0,8.0
2023-03-20 09:50:37.678000+00:00,373.0,0.0,373.0,0.0,0.0,0.0,1658.0,0.0,0.0,0.0,251.0,0.0,360.0,0.0,0.0,0.0,388.0,1.0,227.0,0.0,400.0,2.0
2023-03-20 09:50:42.678000+00:00,373.0,0.0,373.0,0.0,0.0,0.0,1658.0,0.0,0.0,0.0,251.0,0.0,360.0,0.0,0.0,0.0,388.0,0.0,227.0,0.0,401.0,0.0
2023-03-20 09:50:47.678000+00:00,373.0,0.0,373.0,0.0,0.0,0.0,1658.0,0.0,0.0,0.0,251.0,0.0,362.0,1.0,0.0,0.0,388.0,0.0,227.0,0.0,402.0,1.0
2023-03-20 09:50:52.678000+00:00,375.0,1.0,375.0,1.0,0.0,0.0,1666.0,0.0,0.0,0.0,252.0,1.0,364.0,2.0,0.0,0.0,389.0,1.0,228.0,1.0,404.0,1.0
2023-03-20 09:50:57.678000+00:00,377.0,1.0,377.0,1.0,0.0,0.0,1676.0,0.0,0.0,0.0,254.0,0.0,365.0,1.0,0.0,0.0,395.0,2.0,230.0,0.0,405.0,0.0
2023-03-20 09:51:02.678000+00:00,377.0,0.0,377.0,0.0,0.0,0.0,1676.0,0.0,0.0,0.0,254.0,0.0,365.0,0.0,0.0,0.0,399.0,0.0,230.0,0.0,406.0,0.0
2023-03-20 09:51:07.678000+00:00,377.0,0.0,377.0,0.0,0.0,0.0,1676.0,0.0,0.0,0.0,254.0,0.0,365.0,0.0,0.0,0.0,404.0,4.0,230.0,0.0,406.0,0.0
2023-03-20 09:51:12.678000+00:00,378.0,7.0,378.0,1.0,0.0,0.0,1682.0,0.0,0.0,0.0,254.0,0.0,365.0,0.0,0.0,0.0,404.0,0.0,230.0,0.0,410.0,0.0
2023-03-20 09:51:17.678000+00:00,380.0,1.0,380.0,1.0,0.0,0.0,1690.0,0.0,0.0,0.0,257.0,1.0,365.0,0.0,0.0,0.0,407.0,2.0,233.0,2.0,411.0,0.0
2023-03-20 09:51:22.678000+00:00,383.0,1.0,383.0,2.0,0.0,0.0,1702.0,0.0,0.0,0.0,257.0,0.0,367.0,2.0,0.0,0.0,408.0,0.0,233.0,0.0,412.0,0.0
2023-03-20 09:51:27.678000+00:00,386.0,1.0,386.0,1.0,0.0,0.0,1718.0,0.0,0.0,0.0,260.0,2.0,367.0,0.0,0.0,0.0,410.0,1.0,236.0,0.0,414.0,2.0
2023-03-20 09:51:32.678000+00:00,389.0,1.0,389.0,1.0,0.0,0.0,1732.0,0.0,0.0,0.0,263.0,2.0,368.0,0.0,0.0,0.0,410.0,0.0,239.0,1.0,416.0,1.0
2023-03-20 09:51:37.678000+00:00,392.0,2.0,392.0,1.0,0.0,0.0,1747.0,1.0,0.0,0.0,266.0,1.0,369.0,0.0,0.0,0.0,411.0,0.0,242.0,1.0,416.0,0.0
2023-03-20 09:51:42.678000+00:00,394.0,1.0,394.0,1.0,0.0,0.0,1756.0,0.0,0.0,0.0,266.0,0.0,370.0,0.0,0.0,0.0,413.0,1.0,242.0,0.0,418.0,2.0
2023-03-20 09:51:47.678000+00:00,396.0,0.0,396.0,1.0,0.0,0.0,1765.0,0.0,0.0,0.0,269.0,2.0,370.0,0.0,0.0,0.0,415.0,2.0,245.0,1.0,418.0,0.0
2023-03-20 09:51:52.678000+00:00,399.0,0.0,399.0,1.0,0.0,0.0,1779.0,3.0,0.0,0.0,273.0,2.0,372.0,1.0,0.0,0.0,416.0,0.0,249.0,2.0,422.0,2.0
2023-03-20 09:51:57.678000+00:00,400.0,0.0,400.0,1.0,0.0,0.0,1783.0,0.0,0.0,0.0,273.0,0.0,377.0,3.0,0.0,0.0,419.0,0.0,249.0,0.0,423.0,0.0
2023-03-20 09:52:02.678000+00:00,400.0,0.0,400.0,0.0,0.0,0.0,1783.0,0.0,0.0,0.0,274.0,1.0,382.0,2.0,0.0,0.0,420.0,0.0,250.0,1.0,424.0,1.0
2023-03-20 09:52:07.678000+00:00,400.0,0.0,400.0,0.0,0.0,0.0,1783.0,0.0,0.0,0.0,274.0,0.0,383.0,0.0,0.0,0.0,421.0,1.0,250.0,0.0,425.0,1.0
2023-03-20 09:52:12.678000+00:00,401.0,1.0,401.0,1.0,0.0,0.0,1788.0,0.0,0.0,0.0,274.0,0.0,383.0,0.0,0.0,0.0,422.0,0.0,250.0,0.0,427.0,1.0
2023-03-20 09:52:17.678000+00:00,405.0,1.0,405.0,1.0,0.0,0.0,1808.0,1.0,0.0,0.0,277.0,1.0,384.0,1.0,0.0,0.0,425.0,2.0,252.0,2.0,429.0,1.0
2023-03-20 09:52:22.678000+00:00,405.0,0.0,405.0,0.0,0.0,0.0,1808.0,0.0,0.0,0.0,278.0,1.0,389.0,2.0,0.0,0.0,426.0,1.0,254.0,2.0,432.0,3.0
2023-03-20 09:52:27.678000+00:00,410.0,2.0,410.0,1.0,0.0,0.0,1828.0,0.0,0.0,0.0,281.0,2.0,391.0,1.0,0.0,0.0,427.0,1.0,257.0,3.0,435.0,1.0
2023-03-20 09:52:32.678000+00:00,410.0,0.0,410.0,0.0,0.0,0.0,1828.0,0.0,0.0,0.0,283.0,1.0,392.0,1.0,0.0,0.0,427.0,0.0,259.0,2.0,441.0,4.0
2023-03-20 09:52:37.678000+00:00,410.0,0.0,410.0,0.0,0.0,0.0,1828.0,0.0,0.0,0.0,283.0,0.0,392.0,0.0,0.0,0.0,429.0,1.0,259.0,0.0,441.0,0.0
2023-03-20 09:52:42.678000+00:00,410.0,0.0,410.0,0.0,0.0,0.0,1828.0,0.0,0.0,0.0,283.0,0.0,392.0,0.0,0.0,0.0,432.0,2.0,259.0,0.0,445.0,0.0
2023-03-20 09:52:47.678000+00:00,414.0,0.0,414.0,3.0,0.0,0.0,1846.0,0.0,0.0,0.0,284.0,1.0,395.0,1.0,0.0,0.0,435.0,2.0,260.0,0.0,447.0,0.0
2023-03-20 09:52:52.678000+00:00,416.0,2.0,416.0,0.0,0.0,0.0,1855.0,0.0,0.0,0.0,288.0,3.0,397.0,2.0,0.0,0.0,438.0,0.0,264.0,3.0,453.0,4.0
2023-03-20 09:52:57.678000+00:00,418.0,0.0,418.0,1.0,0.0,0.0,1864.0,0.0,0.0,0.0,289.0,0.0,399.0,1.0,0.0,0.0,441.0,3.0,265.0,1.0,453.0,0.0
2023-03-20 09:53:02.678000+00:00,420.0,0.0,420.0,1.0,0.0,0.0,1873.0,0.0,0.0,0.0,292.0,8.0,401.0,1.0,0.0,0.0,443.0,1.0,268.0,1.0,454.0,1.0
2023-03-20 09:53:07.678000+00:00,420.0,0.0,420.0,0.0,0.0,0.0,1873.0,0.0,0.0,0.0,292.0,0.0,402.0,0.0,0.0,0.0,445.0,0.0,268.0,0.0,455.0,0.0
2023-03-20 09:53:12.678000+00:00,421.0,1.0,421.0,0.0,0.0,0.0,1878.0,0.0,0.0,0.0,292.0,0.0,403.0,1.0,0.0,0.0,451.0,3.0,268.0,0.0,456.0,1.0
2023-03-20 09:53:17.678000+00:00,426.0,0.0,426.0,1.0,0.0,0.0,1900.0,0.0,0.0,0.0,295.0,0.0,404.0,1.0,0.0,0.0,453.0,1.0,271.0,2.0,456.0,0.0
2023-03-20 09:53:22.678000+00:00,427.0,0.0,427.0,1.0,0.0,0.0,1905.0,0.0,0.0,0.0,297.0,0.0,405.0,0.0,0.0,0.0,455.0,2.0,273.0,1.0,458.0,2.0
2023-03-20 09:53:27.678000+00:00,429.0,2.0,429.0,2.0,0.0,0.0,1913.0,0.0,0.0,0.0,300.0,1.0,409.0,2.0,0.0,0.0,456.0,1.0,276.0,2.0,463.0,4.0
2023-03-20 09:53:32.678000+00:00,433.0,1.0,433.0,3.0,0.0,0.0,1930.0,0.0,0.0,0.0,301.0,0.0,410.0,1.0,0.0,0.0,458.0,2.0,277.0,0.0,466.0,2.0
2023-03-20 09:53:37.678000+00:00,435.0,1.0,435.0,0.0,0.0,0.0,1941.0,1.0,0.0,0.0,304.0,1.0,411.0,1.0,0.0,0.0,460.0,2.0,280.0,2.0,468.0,1.0
2023-03-20 09:53:42.678000+00:00,441.0,0.0,441.0,2.0,0.0,0.0,1969.0,0.0,0.0,0.0,309.0,4.0,414.0,3.0,0.0,0.0,460.0,0.0,285.0,1.0,468.0,0.0
2023-03-20 09:53:47.678000+00:00,444.0,1.0,444.0,2.0,0.0,0.0,1983.0,0.0,0.0,0.0,312.0,1.0,414.0,0.0,0.0,0.0,462.0,1.0,288.0,2.0,468.0,0.0
2023-03-20 09:53:52.678000+00:00,445.0,0.0,445.0,0.0,0.0,0.0,1988.0,0.0,0.0,0.0,313.0,0.0,419.0,3.0,0.0,0.0,463.0,0.0,289.0,0.0,472.0,3.0
2023-03-20 09:53:57.678000+00:00,447.0,0.0,447.0,1.0,0.0,0.0,1997.0,0.0,0.0,0.0,313.0,0.0,421.0,1.0,0.0,0.0,464.0,1.0,289.0,0.0,473.0,0.0
2023-03-20 09:54:02.678000+00:00,448.0,2.0,448.0,1.0,0.0,0.0,2001.0,0.0,0.0,0.0,314.0,0.0,423.0,1.0,0.0,0.0,468.0,2.0,290.0,1.0,476.0,2.0
2023-03-20 09:54:07.678000+00:00,448.0,0.0,448.0,0.0,0.0,0.0,2001.0,0.0,0.0,0.0,315.0,1.0,428.0,1.0,0.0,0.0,470.0,1.0,291.0,1.0,479.0,2.0
2023-03-20 09:54:12.678000+00:00,449.0,0.0,449.0,1.0,0.0,0.0,2005.0,0.0,0.0,0.0,316.0,1.0,429.0,1.0,0.0,0.0,473.0,1.0,292.0,0.0,481.0,0.0
2023-03-20 09:54:17.678000+00:00,449.0,0.0,449.0,0.0,0.0,0.0,2005.0,0.0,0.0,0.0,316.0,0.0,433.0,0.0,0.0,0.0,475.0,3.0,292.0,0.0,481.0,0.0
2023-03-20 09:54:22.678000+00:00,452.0,1.0,452.0,2.0,0.0,0.0,2019.0,0.0,0.0,0.0,318.0,0.0,436.0,3.0,0.0,0.0,476.0,1.0,294.0,0.0,484.0,2.0
2023-03-20 09:54:27.678000+00:00,456.0,3.0,456.0,1.0,0.0,0.0,2038.0,2.0,0.0,0.0,322.0,2.0,437.0,1.0,0.0,0.0,479.0,1.0,298.0,3.0,488.0,1.0
2023-03-20 09:54:32.678000+00:00,457.0,1.0,457.0,0.0,0.0,0.0,2042.0,0.0,0.0,0.0,323.0,0.0,439.0,0.0,0.0,0.0,481.0,0.0,299.0,0.0,491.0,1.0
2023-03-20 09:54:37.678000+00:00,459.0,2.0,459.0,1.0,0.0,0.0,2051.0,0.0,0.0,0.0,325.0,1.0,439.0,0.0,0.0,0.0,483.0,0.0,301.0,1.0,493.0,1.0
2023-03-20 09:54:42.678000+00:00,459.0,0.0,459.0,0.0,0.0,0.0,2051.0,0.0,0.0,0.0,325.0,0.0,440.0,0.0,0.0,0.0,484.0,0.0,301.0,0.0,495.0,2.0
2023-03-20 09:54:47.678000+00:00,462.0,1.0,462.0,2.0,0.0,0.0,2064.0,0.0,0.0,0.0,326.0,1.0,440.0,0.0,0.0,0.0,486.0,2.0,302.0,1.0,496.0,1.0
2023-03-20 09:54:52.678000+00:00,463.0,0.0,463.0,0.0,0.0,0.0,2069.0,1.0,0.0,0.0,327.0,0.0,441.0,0.0,0.0,0.0,488.0,2.0,303.0,1.0,497.0,1.0
2023-03-20 09:54:57.678000+00:00,463.0,0.0,463.0,0.0,0.0,0.0,2069.0,0.0,0.0,0.0,328.0,0.0,442.0,0.0,0.0,0.0,491.0,0.0,304.0,1.0,502.0,2.0
2023-03-20 09:55:02.678000+00:00,465.0,0.0,465.0,2.0,0.0,0.0,2079.0,0.0,0.0,0.0,330.0,2.0,443.0,1.0,0.0,0.0,492.0,1.0,305.0,0.0,502.0,0.0
2023-03-20 09:55:07.678000+00:00,468.0,2.0,468.0,2.0,0.0,0.0,2091.0,1.0,0.0,0.0,332.0,0.0,445.0,1.0,0.0,0.0,496.0,3.0,308.0,3.0,503.0,1.0
2023-03-20 09:55:12.678000+00:00,471.0,0.0,471.0,1.0,0.0,0.0,2107.0,1.0,0.0,0.0,332.0,0.0,445.0,0.0,0.0,0.0,498.0,2.0,308.0,0.0,504.0,0.0
2023-03-20 09:55:17.678000+00:00,471.0,0.0,471.0,0.0,0.0,0.0,2107.0,0.0,0.0,0.0,334.0,1.0,448.0,2.0,0.0,0.0,501.0,2.0,310.0,0.0,505.0,0.0
2023-03-20 09:55:22.678000+00:00,473.0,0.0,473.0,0.0,0.0,0.0,2113.0,0.0,0.0,0.0,334.0,0.0,448.0,0.0,0.0,0.0,502.0,0.0,310.0,0.0,506.0,0.0
2023-03-20 09:55:27.678000+00:00,476.0,0.0,476.0,1.0,0.0,0.0,2131.0,4.0,0.0,0.0,335.0,1.0,451.0,1.0,0.0,0.0,503.0,1.0,311.0,0.0,507.0,0.0
2023-03-20 09:55:32.678000+00:00,477.0,0.0,477.0,1.0,0.0,0.0,2136.0,2.0,0.0,0.0,336.0,1.0,454.0,2.0,0.0,0.0,504.0,1.0,312.0,1.0,510.0,3.0
2023-03-20 09:55:37.678000+00:00,479.0,1.0,479.0,1.0,0.0,0.0,2144.0,0.0,0.0,0.0,338.0,0.0,455.0,1.0,0.0,0.0,507.0,2.0,314.0,1.0,511.0,1.0
2023-03-20 09:55:42.678000+00:00,482.0,1.0,482.0,4.0,0.0,0.0,2159.0,2.0,0.0,0.0,339.0,1.0,456.0,1.0,0.0,0.0,508.0,1.0,315.0,1.0,511.0,0.0
2023-03-20 09:55:47.678000+00:00,486.0,1.0,486.0,1.0,0.0,0.0,2176.0,2.0,0.0,0.0,343.0,1.0,458.0,0.0,0.0,0.0,510.0,1.0,319.0,2.0,511.0,0.0
2023-03-20 09:55:52.678000+00:00,486.0,0.0,486.0,0.0,0.0,0.0,2176.0,0.0,0.0,0.0,344.0,1.0,459.0,0.0,0.0,0.0,512.0,1.0,320.0,1.0,517.0,1.0
2023-03-20 09:55:57.678000+00:00,487.0,1.0,487.0,0.0,0.0,0.0,2181.0,0.0,0.0,0.0,345.0,0.0,461.0,1.0,0.0,0.0,514.0,2.0,321.0,0.0,519.0,1.0
2023-03-20 09:56:02.678000+00:00,487.0,0.0,487.0,0.0,0.0,0.0,2181.0,0.0,0.0,0.0,345.0,0.0,463.0,1.0,0.0,0.0,514.0,0.0,321.0,0.0,520.0,1.0
2023-03-20 09:56:07.678000+00:00,487.0,0.0,487.0,0.0,0.0,0.0,2181.0,0.0,0.0,0.0,345.0,0.0,465.0,1.0,0.0,0.0,514.0,0.0,321.0,0.0,523.0,2.0
2023-03-20 09:56:12.678000+00:00,493.0,2.0,493.0,1.0,0.0,0.0,2208.0,2.0,0.0,0.0,348.0,2.0,467.0,0.0,0.0,0.0,516.0,1.0,324.0,1.0,525.0,2.0
2023-03-20 09:56:17.678000+00:00,496.0,1.0,496.0,1.0,0.0,0.0,2222.0,1.0,0.0,0.0,353.0,1.0,471.0,2.0,0.0,0.0,517.0,0.0,329.0,2.0,525.0,0.0
2023-03-20 09:56:22.678000+00:00,496.0,0.0,496.0,0.0,0.0,0.0,2222.0,0.0,0.0,0.0,353.0,0.0,472.0,1.0,0.0,0.0,519.0,1.0,329.0,0.0,525.0,0.0
2023-03-20 09:56:27.678000+00:00,497.0,1.0,497.0,1.0,0.0,0.0,2226.0,0.0,0.0,0.0,354.0,0.0,473.0,1.0,0.0,0.0,522.0,3.0,330.0,1.0,529.0,1.0
2023-03-20 09:56:32.678000+00:00,498.0,1.0,498.0,0.0,0.0,0.0,2230.0,1.0,0.0,0.0,354.0,0.0,474.0,0.0,0.0,0.0,524.0,2.0,330.0,0.0,531.0,0.0
2023-03-20 09:56:37.678000+00:00,500.0,1.0,500.0,2.0,0.0,0.0,2235.0,0.0,0.0,0.0,356.0,1.0,477.0,2.0,0.0,0.0,526.0,1.0,332.0,1.0,535.0,3.0
2023-03-20 09:56:42.678000+00:00,501.0,0.0,501.0,1.0,0.0,0.0,2242.0,0.0,0.0,0.0,356.0,0.0,479.0,1.0,0.0,0.0,528.0,1.0,332.0,0.0,537.0,0.0
2023-03-20 09:56:47.678000+00:00,501.0,0.0,501.0,0.0,0.0,0.0,2242.0,0.0,0.0,0.0,356.0,0.0,482.0,2.0,0.0,0.0,530.0,0.0,332.0,0.0,539.0,1.0
2023-03-20 09:56:52.678000+00:00,503.0,1.0,503.0,2.0,0.0,0.0,2250.0,0.0,0.0,0.0,356.0,0.0,482.0,0.0,0.0,0.0,530.0,0.0,332.0,0.0,542.0,3.0
2023-03-20 09:56:57.678000+00:00,507.0,1.0,507.0,1.0,0.0,0.0,2267.0,2.0,0.0,0.0,358.0,2.0,484.0,0.0,0.0,0.0,532.0,1.0,334.0,1.0,544.0,1.0
2023-03-20 09:57:02.678000+00:00,509.0,0.0,509.0,1.0,0.0,0.0,2276.0,0.0,0.0,0.0,362.0,0.0,484.0,0.0,0.0,0.0,538.0,5.0,338.0,2.0,544.0,0.0
2023-03-20 09:57:07.678000+00:00,509.0,0.0,509.0,0.0,0.0,0.0,2276.0,0.0,0.0,0.0,362.0,0.0,486.0,1.0,0.0,0.0,540.0,0.0,338.0,0.0,547.0,1.0
2023-03-20 09:57:12.678000+00:00,513.0,0.0,512.0,0.0,0.0,0.0,2287.0,1.0,0.0,0.0,363.0,1.0,489.0,2.0,0.0,0.0,542.0,0.0,339.0,1.0,551.0,1.0
2023-03-20 09:57:17.678000+00:00,514.0,0.0,514.0,0.0,0.0,0.0,2296.0,0.0,0.0,0.0,364.0,0.0,489.0,0.0,0.0,0.0,544.0,2.0,340.0,1.0,553.0,2.0
2023-03-20 09:57:22.678000+00:00,516.0,0.0,516.0,2.0,0.0,0.0,2305.0,0.0,0.0,0.0,367.0,1.0,489.0,0.0,0.0,0.0,547.0,2.0,343.0,0.0,554.0,0.0
2023-03-20 09:57:27.678000+00:00,518.0,0.0,518.0,1.0,0.0,0.0,2315.0,0.0,0.0,0.0,369.0,2.0,492.0,1.0,0.0,0.0,547.0,0.0,344.0,0.0,554.0,0.0
2023-03-20 09:57:32.678000+00:00,520.0,1.0,520.0,1.0,0.0,0.0,2323.0,0.0,0.0,0.0,371.0,0.0,494.0,1.0,0.0,0.0,549.0,1.0,347.0,3.0,557.0,2.0
2023-03-20 09:57:37.678000+00:00,526.0,4.0,526.0,3.0,0.0,0.0,2350.0,1.0,0.0,0.0,372.0,1.0,496.0,1.0,0.0,0.0,551.0,0.0,348.0,1.0,558.0,0.0
2023-03-20 09:57:42.678000+00:00,528.0,1.0,528.0,0.0,0.0,0.0,2359.0,0.0,0.0,0.0,376.0,3.0,497.0,1.0,0.0,0.0,553.0,0.0,352.0,0.0,559.0,0.0
2023-03-20 09:57:47.678000+00:00,529.0,1.0,529.0,0.0,0.0,0.0,2363.0,0.0,0.0,0.0,377.0,1.0,498.0,0.0,0.0,0.0,555.0,2.0,353.0,0.0,560.0,0.0
2023-03-20 09:57:52.678000+00:00,531.0,1.0,531.0,0.0,0.0,0.0,2373.0,0.0,0.0,0.0,379.0,1.0,501.0,2.0,0.0,0.0,558.0,0.0,355.0,0.0,562.0,1.0
2023-03-20 09:57:57.678000+00:00,532.0,1.0,532.0,0.0,0.0,0.0,2377.0,0.0,0.0,0.0,381.0,1.0,503.0,0.0,0.0,0.0,560.0,0.0,357.0,2.0,564.0,1.0
2023-03-20 09:58:02.678000+00:00,533.0,1.0,533.0,0.0,0.0,0.0,2382.0,0.0,0.0,0.0,382.0,0.0,505.0,0.0,0.0,0.0,560.0,0.0,358.0,0.0,567.0,3.0
2023-03-20 09:58:07.678000+00:00,535.0,0.0,535.0,1.0,0.0,0.0,2391.0,0.0,0.0,0.0,383.0,0.0,510.0,2.0,0.0,0.0,562.0,1.0,359.0,0.0,569.0,2.0
2023-03-20 09:58:12.678000+00:00,538.0,2.0,538.0,0.0,0.0,0.0,2403.0,3.0,0.0,0.0,384.0,1.0,511.0,0.0,0.0,0.0,564.0,0.0,360.0,0.0,570.0,0.0
2023-03-20 09:58:17.678000+00:00,544.0,4.0,544.0,1.0,0.0,0.0,2432.0,0.0,0.0,0.0,387.0,2.0,515.0,1.0,0.0,0.0,564.0,0.0,363.0,0.0,572.0,1.0
2023-03-20 09:58:22.678000+00:00,544.0,0.0,544.0,0.0,0.0,0.0,2432.0,0.0,0.0,0.0,389.0,1.0,515.0,0.0,0.0,0.0,567.0,3.0,365.0,0.0,575.0,0.0
2023-03-20 09:58:27.678000+00:00,544.0,0.0,544.0,0.0,0.0,0.0,2432.0,0.0,0.0,0.0,389.0,0.0,518.0,1.0,0.0,0.0,567.0,0.0,365.0,0.0,578.0,1.0
2023-03-20 09:58:32.678000+00:00,544.0,0.0,544.0,0.0,0.0,0.0,2432.0,0.0,0.0,0.0,389.0,0.0,519.0,1.0,0.0,0.0,568.0,1.0,365.0,0.0,583.0,3.0
2023-03-20 09:58:37.678000+00:00,546.0,1.0,546.0,0.0,0.0,0.0,2442.0,0.0,0.0,0.0,390.0,1.0,521.0,2.0,0.0,0.0,571.0,1.0,365.0,0.0,584.0,1.0
2023-03-20 09:58:42.678000+00:00,547.0,0.0,547.0,1.0,0.0,0.0,2447.0,0.0,0.0,0.0,390.0,0.0,524.0,1.0,0.0,0.0,574.0,2.0,366.0,0.0,586.0,2.0
2023-03-20 09:58:47.678000+00:00,547.0,0.0,547.0,0.0,0.0,0.0,2447.0,0.0,0.0,0.0,391.0,0.0,527.0,0.0,0.0,0.0,576.0,0.0,367.0,0.0,589.0,0.0
2023-03-20 09:58:52.678000+00:00,550.0,1.0,550.0,0.0,0.0,0.0,2462.0,0.0,0.0,0.0,392.0,1.0,530.0,1.0,0.0,0.0,580.0,0.0,367.0,0.0,593.0,2.0
2023-03-20 09:58:57.678000+00:00,551.0,0.0,551.0,0.0,0.0,0.0,2467.0,0.0,0.0,0.0,394.0,0.0,531.0,0.0,0.0,0.0,584.0,0.0,370.0,1.0,595.0,2.0
2023-03-20 09:59:02.678000+00:00,552.0,0.0,552.0,1.0,0.0,0.0,2471.0,0.0,0.0,0.0,395.0,0.0,532.0,0.0,0.0,0.0,587.0,0.0,371.0,1.0,596.0,1.0
2023-03-20 09:59:07.678000+00:00,555.0,1.0,555.0,2.0,0.0,0.0,2485.0,2.0,0.0,0.0,395.0,0.0,532.0,0.0,0.0,0.0,590.0,2.0,371.0,0.0,597.0,1.0
2023-03-20 09:59:12.678000+00:00,560.0,2.0,560.0,1.0,0.0,0.0,2505.0,0.0,0.0,0.0,399.0,2.0,532.0,0.0,0.0,0.0,590.0,0.0,375.0,3.0,599.0,1.0
2023-03-20 09:59:17.678000+00:00,562.0,1.0,562.0,0.0,0.0,0.0,2514.0,0.0,0.0,0.0,403.0,2.0,534.0,1.0,0.0,0.0,593.0,1.0,379.0,2.0,604.0,3.0
2023-03-20 09:59:22.678000+00:00,564.0,2.0,564.0,0.0,0.0,0.0,2524.0,0.0,0.0,0.0,406.0,2.0,537.0,0.0,0.0,0.0,595.0,2.0,382.0,1.0,606.0,0.0
2023-03-20 09:59:27.678000+00:00,568.0,3.0,568.0,1.0,0.0,0.0,2543.0,1.0,0.0,0.0,409.0,2.0,538.0,1.0,0.0,0.0,597.0,0.0,385.0,1.0,606.0,0.0
2023-03-20 09:59:32.678000+00:00,572.0,0.0,572.0,0.0,0.0,0.0,2560.0,1.0,0.0,0.0,414.0,0.0,539.0,0.0,0.0,0.0,600.0,2.0,390.0,5.0,606.0,0.0
2023-03-20 09:59:37.678000+00:00,573.0,1.0,573.0,1.0,0.0,0.0,2564.0,0.0,0.0,0.0,415.0,0.0,540.0,0.0,0.0,0.0,602.0,1.0,391.0,1.0,607.0,1.0
2023-03-20 09:59:42.678000+00:00,577.0,2.0,577.0,0.0,0.0,0.0,2581.0,0.0,0.0,0.0,418.0,1.0,542.0,0.0,0.0,0.0,603.0,0.0,394.0,2.0,609.0,2.0
2023-03-20 09:59:47.678000+00:00,579.0,2.0,579.0,0.0,0.0,0.0,2590.0,0.0,0.0,0.0,419.0,0.0,545.0,0.0,0.0,0.0,607.0,1.0,395.0,1.0,609.0,0.0
2023-03-20 09:59:52.678000+00:00,580.0,0.0,580.0,0.0,0.0,0.0,2595.0,0.0,0.0,0.0,421.0,2.0,551.0,1.0,0.0,0.0,608.0,2.0,397.0,2.0,610.0,0.0
2023-03-20 09:59:57.678000+00:00,583.0,1.0,583.0,0.0,0.0,0.0,2609.0,1.0,0.0,0.0,422.0,1.0,557.0,1.0,0.0,0.0,610.0,0.0,398.0,1.0,613.0,2.0
2023-03-20 10:00:02.678000+00:00,585.0,0.0,585.0,1.0,0.0,0.0,2618.0,0.0,0.0,0.0,424.0,1.0,558.0,0.0,0.0,0.0,610.0,0.0,400.0,1.0,615.0,1.0
2023-03-20 10:00:07.678000+00:00,588.0,1.0,588.0,0.0,0.0,0.0,2632.0,2.0,0.0,0.0,427.0,2.0,560.0,1.0,0.0,0.0,611.0,1.0,403.0,2.0,618.0,2.0
2023-03-20 10:00:12.678000+00:00,589.0,0.0,589.0,0.0,0.0,0.0,2636.0,0.0,0.0,0.0,429.0,4.0,562.0,0.0,0.0,0.0,611.0,0.0,405.0,1.0,623.0,4.0
2023-03-20 10:00:17.678000+00:00,592.0,1.0,592.0,1.0,0.0,0.0,2648.0,0.0,0.0,0.0,431.0,1.0,563.0,1.0,0.0,0.0,614.0,3.0,407.0,1.0,625.0,1.0
2023-03-20 10:00:22.678000+00:00,592.0,0.0,592.0,0.0,0.0,0.0,2648.0,0.0,0.0,0.0,432.0,1.0,567.0,2.0,0.0,0.0,614.0,0.0,408.0,1.0,628.0,1.0
2023-03-20 10:00:27.678000+00:00,592.0,0.0,592.0,0.0,0.0,0.0,2648.0,0.0,0.0,0.0,432.0,0.0,568.0,0.0,0.0,0.0,616.0,1.0,408.0,0.0,630.0,1.0
2023-03-20 10:00:32.678000+00:00,594.0,1.0,594.0,1.0,0.0,0.0,2656.0,0.0,0.0,0.0,432.0,0.0,569.0,2.0,0.0,0.0,620.0,0.0,408.0,0.0,633.0,0.0
2023-03-20 10:00:37.678000+00:00,595.0,1.0,595.0,0.0,0.0,0.0,2662.0,0.0,0.0,0.0,434.0,1.0,572.0,1.0,0.0,0.0,624.0,2.0,410.0,1.0,634.0,0.0
2023-03-20 10:00:42.678000+00:00,596.0,0.0,596.0,1.0,0.0,0.0,2666.0,0.0,0.0,0.0,434.0,0.0,576.0,0.0,0.0,0.0,625.0,0.0,410.0,0.0,635.0,0.0
2023-03-20 10:00:47.678000+00:00,597.0,0.0,597.0,0.0,0.0,0.0,2672.0,0.0,0.0,0.0,436.0,0.0,579.0,1.0,0.0,0.0,628.0,0.0,412.0,1.0,638.0,2.0
2023-03-20 10:00:52.678000+00:00,598.0,0.0,598.0,0.0,0.0,0.0,2677.0,0.0,0.0,0.0,436.0,0.0,579.0,0.0,0.0,0.0,634.0,2.0,412.0,0.0,639.0,0.0
2023-03-20 10:00:57.678000+00:00,599.0,1.0,599.0,0.0,0.0,0.0,2682.0,0.0,0.0,0.0,438.0,0.0,579.0,0.0,0.0,0.0,636.0,0.0,414.0,1.0,642.0,2.0
2023-03-20 10:01:02.678000+00:00,603.0,2.0,603.0,2.0,0.0,0.0,2699.0,0.0,0.0,0.0,439.0,0.0,580.0,1.0,0.0,0.0,638.0,1.0,415.0,1.0,645.0,1.0
2023-03-20 10:01:07.678000+00:00,607.0,3.0,607.0,0.0,0.0,0.0,2717.0,5.0,0.0,0.0,444.0,2.0,581.0,0.0,0.0,0.0,639.0,0.0,420.0,2.0,647.0,0.0
2023-03-20 10:01:12.678000+00:00,610.0,0.0,610.0,1.0,0.0,0.0,2731.0,0.0,0.0,0.0,446.0,0.0,583.0,0.0,0.0,0.0,639.0,0.0,422.0,2.0,649.0,2.0
2023-03-20 10:01:17.678000+00:00,613.0,1.0,613.0,0.0,0.0,0.0,2743.0,0.0,0.0,0.0,450.0,1.0,583.0,0.0,0.0,0.0,641.0,2.0,426.0,2.0,651.0,1.0
2023-03-20 10:01:22.678000+00:00,615.0,1.0,615.0,1.0,0.0,0.0,2751.0,1.0,0.0,0.0,451.0,0.0,586.0,0.0,0.0,0.0,642.0,1.0,427.0,1.0,652.0,0.0
2023-03-20 10:01:27.678000+00:00,618.0,1.0,618.0,1.0,0.0,0.0,2765.0,0.0,0.0,0.0,453.0,4.0,588.0,2.0,0.0,0.0,646.0,3.0,429.0,0.0,654.0,0.0
2023-03-20 10:01:32.678000+00:00,620.0,2.0,620.0,0.0,0.0,0.0,2774.0,0.0,0.0,0.0,456.0,1.0,589.0,1.0,0.0,0.0,650.0,2.0,432.0,1.0,655.0,0.0
2023-03-20 10:01:37.678000+00:00,622.0,2.0,622.0,0.0,0.0,0.0,2783.0,0.0,0.0,0.0,456.0,0.0,590.0,1.0,0.0,0.0,650.0,0.0,432.0,0.0,656.0,1.0
2023-03-20 10:01:42.678000+00:00,624.0,1.0,624.0,1.0,0.0,0.0,2792.0,0.0,0.0,0.0,459.0,2.0,591.0,1.0,0.0,0.0,650.0,0.0,435.0,2.0,659.0,1.0
2023-03-20 10:01:47.678000+00:00,624.0,0.0,624.0,0.0,0.0,0.0,2792.0,0.0,0.0,0.0,459.0,0.0,597.0,1.0,0.0,0.0,653.0,2.0,435.0,0.0,659.0,0.0
2023-03-20 10:01:52.678000+00:00,626.0,1.0,626.0,2.0,0.0,0.0,2801.0,0.0,0.0,0.0,460.0,0.0,597.0,0.0,0.0,0.0,654.0,1.0,436.0,0.0,660.0,0.0
2023-03-20 10:01:57.678000+00:00,629.0,1.0,629.0,0.0,0.0,0.0,2815.0,1.0,0.0,0.0,462.0,1.0,599.0,1.0,0.0,0.0,656.0,2.0,437.0,1.0,661.0,1.0
2023-03-20 10:02:02.678000+00:00,631.0,0.0,631.0,0.0,0.0,0.0,2824.0,0.0,0.0,0.0,466.0,2.0,602.0,0.0,0.0,0.0,657.0,1.0,442.0,4.0,662.0,0.0
2023-03-20 10:02:07.678000+00:00,631.0,0.0,631.0,0.0,0.0,0.0,2824.0,0.0,0.0,0.0,466.0,0.0,605.0,0.0,0.0,0.0,659.0,2.0,442.0,0.0,663.0,1.0
2023-03-20 10:02:12.678000+00:00,631.0,0.0,631.0,0.0,0.0,0.0,2824.0,0.0,0.0,0.0,466.0,0.0,605.0,0.0,0.0,0.0,661.0,1.0,442.0,0.0,667.0,3.0
2023-03-20 10:02:17.678000+00:00,633.0,2.0,633.0,2.0,0.0,0.0,2835.0,0.0,0.0,0.0,466.0,0.0,607.0,1.0,0.0,0.0,662.0,0.0,442.0,0.0,668.0,1.0
2023-03-20 10:02:22.678000+00:00,635.0,1.0,635.0,0.0,0.0,0.0,2845.0,0.0,0.0,0.0,468.0,1.0,609.0,3.0,0.0,0.0,663.0,1.0,444.0,2.0,672.0,0.0
2023-03-20 10:02:27.678000+00:00,638.0,3.0,638.0,0.0,0.0,0.0,2858.0,0.0,0.0,0.0,469.0,0.0,610.0,0.0,0.0,0.0,664.0,0.0,445.0,1.0,674.0,1.0
2023-03-20 10:02:32.678000+00:00,641.0,1.0,641.0,1.0,0.0,0.0,2872.0,0.0,0.0,0.0,470.0,0.0,611.0,0.0,0.0,0.0,667.0,1.0,446.0,0.0,675.0,1.0
2023-03-20 10:02:37.678000+00:00,642.0,0.0,642.0,0.0,0.0,0.0,2876.0,1.0,0.0,0.0,472.0,1.0,614.0,1.0,0.0,0.0,668.0,0.0,448.0,1.0,675.0,0.0
2023-03-20 10:02:42.678000+00:00,642.0,0.0,642.0,0.0,0.0,0.0,2876.0,0.0,0.0,0.0,472.0,0.0,614.0,0.0,0.0,0.0,670.0,2.0,448.0,0.0,679.0,3.0
2023-03-20 10:02:47.678000+00:00,642.0,0.0,642.0,0.0,0.0,0.0,2876.0,0.0,0.0,0.0,472.0,0.0,615.0,0.0,0.0,0.0,671.0,0.0,448.0,0.0,682.0,2.0
2023-03-20 10:02:52.678000+00:00,645.0,3.0,645.0,0.0,0.0,0.0,2891.0,0.0,0.0,0.0,472.0,0.0,619.0,6.0,0.0,0.0,675.0,1.0,448.0,0.0,683.0,0.0
2023-03-20 10:02:57.678000+00:00,645.0,0.0,645.0,0.0,0.0,0.0,2891.0,0.0,0.0,0.0,472.0,0.0,621.0,0.0,0.0,0.0,675.0,0.0,448.0,0.0,684.0,0.0
2023-03-20 10:03:02.678000+00:00,646.0,1.0,646.0,0.0,0.0,0.0,2895.0,0.0,0.0,0.0,472.0,0.0,622.0,0.0,0.0,0.0,677.0,1.0,448.0,0.0,687.0,3.0
2023-03-20 10:03:07.678000+00:00,649.0,0.0,649.0,1.0,0.0,0.0,2904.0,0.0,0.0,0.0,474.0,1.0,624.0,2.0,0.0,0.0,678.0,0.0,450.0,1.0,688.0,1.0
2023-03-20 10:03:12.678000+00:00,650.0,1.0,650.0,0.0,0.0,0.0,2912.0,0.0,0.0,0.0,476.0,1.0,625.0,0.0,0.0,0.0,680.0,0.0,452.0,1.0,689.0,1.0
2023-03-20 10:03:17.678000+00:00,653.0,1.0,653.0,0.0,0.0,0.0,2924.0,0.0,0.0,0.0,478.0,3.0,626.0,0.0,0.0,0.0,683.0,1.0,453.0,0.0,690.0,0.0
2023-03-20 10:03:22.678000+00:00,655.0,0.0,655.0,1.0,0.0,0.0,2934.0,1.0,0.0,0.0,479.0,1.0,626.0,0.0,0.0,0.0,684.0,0.0,455.0,1.0,693.0,1.0
2023-03-20 10:03:27.678000+00:00,655.0,0.0,655.0,0.0,0.0,0.0,2934.0,0.0,0.0,0.0,480.0,0.0,628.0,0.0,0.0,0.0,686.0,0.0,456.0,0.0,695.0,1.0
2023-03-20 10:03:32.678000+00:00,657.0,0.0,657.0,1.0,0.0,0.0,2943.0,1.0,0.0,0.0,481.0,0.0,628.0,0.0,0.0,0.0,688.0,1.0,457.0,0.0,695.0,0.0
2023-03-20 10:03:37.678000+00:00,660.0,3.0,660.0,1.0,0.0,0.0,2956.0,1.0,0.0,0.0,484.0,3.0,630.0,1.0,0.0,0.0,689.0,0.0,460.0,2.0,696.0,0.0
2023-03-20 10:03:42.678000+00:00,661.0,0.0,661.0,0.0,0.0,0.0,2960.0,0.0,0.0,0.0,486.0,1.0,632.0,2.0,0.0,0.0,691.0,2.0,462.0,2.0,698.0,1.0
2023-03-20 10:03:47.678000+00:00,666.0,4.0,666.0,2.0,0.0,0.0,2984.0,3.0,0.0,0.0,486.0,0.0,635.0,4.0,0.0,0.0,693.0,1.0,462.0,0.0,699.0,0.0
2023-03-20 10:03:52.678000+00:00,667.0,1.0,667.0,0.0,0.0,0.0,2989.0,1.0,0.0,0.0,490.0,2.0,638.0,0.0,0.0,0.0,694.0,0.0,466.0,2.0,700.0,1.0
2023-03-20 10:03:57.678000+00:00,668.0,0.0,668.0,0.0,0.0,0.0,2993.0,0.0,0.0,0.0,492.0,0.0,639.0,0.0,0.0,0.0,696.0,1.0,468.0,0.0,702.0,0.0
2023-03-20 10:04:02.678000+00:00,670.0,0.0,670.0,0.0,0.0,0.0,3002.0,0.0,0.0,0.0,494.0,0.0,643.0,2.0,0.0,0.0,699.0,2.0,470.0,1.0,704.0,2.0
2023-03-20 10:04:07.678000+00:00,670.0,0.0,670.0,0.0,0.0,0.0,3002.0,0.0,0.0,0.0,494.0,0.0,644.0,0.0,0.0,0.0,700.0,0.0,470.0,0.0,705.0,0.0
2023-03-20 10:04:12.678000+00:00,672.0,0.0,672.0,0.0,0.0,0.0,3013.0,0.0,0.0,0.0,496.0,1.0,644.0,0.0,0.0,0.0,700.0,0.0,472.0,0.0,707.0,1.0
2023-03-20 10:04:17.678000+00:00,673.0,0.0,673.0,1.0,0.0,0.0,3017.0,0.0,0.0,0.0,496.0,0.0,646.0,1.0,0.0,0.0,700.0,0.0,472.0,0.0,709.0,1.0
2023-03-20 10:04:22.678000+00:00,675.0,1.0,675.0,0.0,0.0,0.0,3026.0,1.0,0.0,0.0,498.0,1.0,650.0,1.0,0.0,0.0,701.0,0.0,474.0,0.0,712.0,1.0
2023-03-20 10:04:27.678000+00:00,676.0,0.0,676.0,0.0,0.0,0.0,3030.0,0.0,0.0,0.0,500.0,0.0,650.0,0.0,0.0,0.0,702.0,1.0,476.0,1.0,714.0,0.0
2023-03-20 10:04:32.678000+00:00,677.0,0.0,677.0,1.0,0.0,0.0,3035.0,0.0,0.0,0.0,500.0,0.0,652.0,1.0,0.0,0.0,703.0,1.0,476.0,0.0,715.0,0.0
2023-03-20 10:04:37.678000+00:00,679.0,0.0,679.0,1.0,0.0,0.0,3044.0,0.0,0.0,0.0,501.0,1.0,652.0,0.0,0.0,0.0,706.0,2.0,477.0,2.0,718.0,1.0
2023-03-20 10:04:42.678000+00:00,680.0,1.0,680.0,0.0,0.0,0.0,3049.0,0.0,0.0,0.0,504.0,2.0,653.0,0.0,0.0,0.0,708.0,0.0,480.0,3.0,718.0,0.0
2023-03-20 10:04:47.678000+00:00,682.0,0.0,682.0,2.0,0.0,0.0,3058.0,0.0,0.0,0.0,504.0,0.0,656.0,1.0,0.0,0.0,710.0,1.0,480.0,0.0,722.0,3.0
2023-03-20 10:04:52.678000+00:00,682.0,0.0,682.0,0.0,0.0,0.0,3058.0,0.0,0.0,0.0,505.0,0.0,657.0,1.0,0.0,0.0,713.0,1.0,481.0,1.0,723.0,1.0
2023-03-20 10:04:57.678000+00:00,684.0,1.0,684.0,1.0,0.0,0.0,3062.0,0.0,0.0,0.0,505.0,0.0,659.0,0.0,0.0,0.0,717.0,3.0,481.0,0.0,723.0,0.0
2023-03-20 10:05:02.678000+00:00,685.0,1.0,685.0,0.0,0.0,0.0,3073.0,0.0,0.0,0.0,508.0,1.0,660.0,0.0,0.0,0.0,718.0,1.0,484.0,2.0,727.0,2.0
2023-03-20 10:05:07.678000+00:00,687.0,0.0,687.0,1.0,0.0,0.0,3083.0,0.0,0.0,0.0,509.0,0.0,660.0,0.0,0.0,0.0,720.0,1.0,485.0,0.0,727.0,0.0
2023-03-20 10:05:12.678000+00:00,688.0,1.0,688.0,0.0,0.0,0.0,3087.0,0.0,0.0,0.0,509.0,0.0,661.0,0.0,0.0,0.0,723.0,2.0,485.0,0.0,728.0,1.0
2023-03-20 10:05:17.678000+00:00,692.0,2.0,692.0,1.0,0.0,0.0,3106.0,0.0,0.0,0.0,511.0,2.0,663.0,1.0,0.0,0.0,724.0,1.0,486.0,1.0,730.0,1.0
2023-03-20 10:05:22.678000+00:00,695.0,2.0,695.0,0.0,0.0,0.0,3119.0,0.0,0.0,0.0,514.0,2.0,664.0,0.0,0.0,0.0,726.0,1.0,490.0,4.0,733.0,2.0
2023-03-20 10:05:27.678000+00:00,696.0,0.0,696.0,0.0,0.0,0.0,3123.0,0.0,0.0,0.0,514.0,0.0,665.0,0.0,0.0,0.0,726.0,0.0,490.0,0.0,734.0,0.0
2023-03-20 10:05:32.678000+00:00,698.0,1.0,698.0,1.0,0.0,0.0,3132.0,0.0,0.0,0.0,516.0,0.0,666.0,0.0,0.0,0.0,728.0,2.0,492.0,1.0,734.0,0.0
2023-03-20 10:05:37.678000+00:00,699.0,1.0,699.0,0.0,0.0,0.0,3137.0,2.0,0.0,0.0,517.0,0.0,670.0,3.0,0.0,0.0,729.0,0.0,493.0,1.0,735.0,1.0
2023-03-20 10:05:42.678000+00:00,703.0,1.0,703.0,3.0,0.0,0.0,3156.0,1.0,0.0,0.0,518.0,1.0,670.0,0.0,0.0,0.0,730.0,0.0,494.0,0.0,735.0,0.0
2023-03-20 10:05:47.678000+00:00,706.0,0.0,706.0,0.0,0.0,0.0,3170.0,0.0,0.0,0.0,520.0,0.0,671.0,0.0,0.0,0.0,731.0,1.0,496.0,1.0,736.0,0.0
2023-03-20 10:05:52.678000+00:00,708.0,1.0,708.0,1.0,0.0,0.0,3179.0,0.0,0.0,0.0,523.0,0.0,674.0,2.0,0.0,0.0,733.0,2.0,498.0,1.0,739.0,1.0
2023-03-20 10:05:57.678000+00:00,708.0,0.0,708.0,0.0,0.0,0.0,3179.0,0.0,0.0,0.0,523.0,0.0,679.0,5.0,0.0,0.0,734.0,0.0,499.0,0.0,740.0,0.0
2023-03-20 10:06:02.678000+00:00,708.0,0.0,708.0,0.0,0.0,0.0,3179.0,0.0,0.0,0.0,523.0,0.0,682.0,1.0,0.0,0.0,736.0,0.0,499.0,0.0,742.0,0.0
2023-03-20 10:06:07.678000+00:00,709.0,0.0,709.0,1.0,0.0,0.0,3183.0,1.0,0.0,0.0,524.0,1.0,683.0,0.0,0.0,0.0,738.0,1.0,500.0,0.0,742.0,0.0
2023-03-20 10:06:12.678000+00:00,711.0,0.0,711.0,1.0,0.0,0.0,3192.0,0.0,0.0,0.0,526.0,0.0,687.0,0.0,0.0,0.0,738.0,0.0,502.0,1.0,744.0,1.0
2023-03-20 10:06:17.678000+00:00,712.0,1.0,712.0,0.0,0.0,0.0,3196.0,0.0,0.0,0.0,526.0,0.0,688.0,0.0,0.0,0.0,739.0,1.0,502.0,0.0,747.0,0.0
2023-03-20 10:06:22.678000+00:00,714.0,0.0,714.0,1.0,0.0,0.0,3206.0,0.0,0.0,0.0,528.0,2.0,690.0,0.0,0.0,0.0,741.0,1.0,504.0,1.0,751.0,1.0
2023-03-20 10:06:27.678000+00:00,715.0,0.0,715.0,0.0,0.0,0.0,3210.0,0.0,0.0,0.0,529.0,1.0,690.0,0.0,0.0,0.0,743.0,1.0,505.0,1.0,752.0,0.0
2023-03-20 10:06:32.678000+00:00,718.0,2.0,718.0,0.0,0.0,0.0,3223.0,0.0,0.0,0.0,531.0,1.0,691.0,1.0,0.0,0.0,743.0,0.0,507.0,2.0,754.0,1.0
2023-03-20 10:06:37.678000+00:00,718.0,0.0,718.0,0.0,0.0,0.0,3223.0,0.0,0.0,0.0,531.0,0.0,692.0,1.0,0.0,0.0,744.0,1.0,507.0,0.0,756.0,1.0
2023-03-20 10:06:42.678000+00:00,720.0,0.0,720.0,2.0,0.0,0.0,3231.0,0.0,0.0,0.0,532.0,0.0,694.0,0.0,0.0,0.0,745.0,0.0,508.0,0.0,759.0,2.0
2023-03-20 10:06:47.678000+00:00,721.0,0.0,721.0,0.0,0.0,0.0,3235.0,0.0,0.0,0.0,533.0,1.0,696.0,0.0,0.0,0.0,750.0,2.0,509.0,0.0,762.0,1.0
2023-03-20 10:06:52.678000+00:00,722.0,0.0,722.0,0.0,0.0,0.0,3240.0,0.0,0.0,0.0,535.0,0.0,697.0,0.0,0.0,0.0,752.0,1.0,511.0,1.0,763.0,0.0
2023-03-20 10:06:57.678000+00:00,724.0,1.0,724.0,2.0,0.0,0.0,3248.0,0.0,0.0,0.0,536.0,0.0,697.0,0.0,0.0,0.0,753.0,0.0,512.0,0.0,765.0,2.0
2023-03-20 10:07:02.678000+00:00,725.0,1.0,725.0,0.0,0.0,0.0,3253.0,0.0,0.0,0.0,537.0,1.0,699.0,0.0,0.0,0.0,753.0,0.0,513.0,0.0,765.0,0.0
2023-03-20 10:07:07.678000+00:00,726.0,0.0,726.0,0.0,0.0,0.0,3257.0,0.0,0.0,0.0,539.0,0.0,700.0,0.0,0.0,0.0,757.0,1.0,515.0,1.0,766.0,1.0
2023-03-20 10:07:12.678000+00:00,729.0,0.0,729.0,0.0,0.0,0.0,3271.0,0.0,0.0,0.0,541.0,2.0,703.0,1.0,0.0,0.0,760.0,0.0,516.0,0.0,767.0,0.0
2023-03-20 10:07:17.678000+00:00,731.0,2.0,731.0,0.0,0.0,0.0,3279.0,1.0,0.0,0.0,543.0,1.0,703.0,0.0,0.0,0.0,764.0,2.0,519.0,2.0,769.0,0.0
2023-03-20 10:07:22.678000+00:00,733.0,1.0,733.0,0.0,0.0,0.0,3289.0,0.0,0.0,0.0,543.0,0.0,705.0,0.0,0.0,0.0,766.0,1.0,519.0,0.0,772.0,1.0
2023-03-20 10:07:27.678000+00:00,737.0,2.0,736.0,1.0,0.0,0.0,3302.0,0.0,0.0,0.0,547.0,2.0,706.0,0.0,0.0,0.0,766.0,0.0,523.0,1.0,773.0,0.0
2023-03-20 10:07:32.678000+00:00,738.0,1.0,738.0,1.0,0.0,0.0,3311.0,0.0,0.0,0.0,549.0,1.0,707.0,1.0,0.0,0.0,767.0,1.0,525.0,1.0,773.0,0.0
2023-03-20 10:07:37.678000+00:00,738.0,0.0,738.0,0.0,0.0,0.0,3311.0,0.0,0.0,0.0,550.0,0.0,709.0,0.0,0.0,0.0,768.0,0.0,526.0,1.0,774.0,0.0
2023-03-20 10:07:42.678000+00:00,740.0,3.0,740.0,5.0,0.0,0.0,3319.0,0.0,0.0,0.0,550.0,0.0,711.0,1.0,0.0,0.0,770.0,1.0,526.0,0.0,776.0,1.0
2023-03-20 10:07:47.678000+00:00,744.0,1.0,744.0,2.0,0.0,0.0,3337.0,2.0,0.0,0.0,554.0,2.0,714.0,0.0,0.0,0.0,771.0,0.0,530.0,3.0,777.0,0.0
2023-03-20 10:07:52.678000+00:00,746.0,1.0,746.0,0.0,0.0,0.0,3345.0,0.0,0.0,0.0,556.0,0.0,715.0,1.0,0.0,0.0,773.0,1.0,532.0,2.0,778.0,0.0
2023-03-20 10:07:57.678000+00:00,747.0,1.0,747.0,1.0,0.0,0.0,3349.0,0.0,0.0,0.0,556.0,0.0,715.0,0.0,0.0,0.0,775.0,0.0,532.0,0.0,780.0,1.0
2023-03-20 10:08:02.678000+00:00,748.0,0.0,748.0,1.0,0.0,0.0,3353.0,0.0,0.0,0.0,556.0,0.0,719.0,3.0,0.0,0.0,776.0,1.0,532.0,0.0,780.0,0.0
2023-03-20 10:08:07.678000+00:00,749.0,0.0,749.0,0.0,0.0,0.0,3359.0,0.0,0.0,0.0,557.0,0.0,720.0,0.0,0.0,0.0,776.0,0.0,533.0,0.0,782.0,2.0
2023-03-20 10:08:12.678000+00:00,751.0,1.0,751.0,0.0,0.0,0.0,3369.0,0.0,0.0,0.0,558.0,0.0,723.0,1.0,0.0,0.0,778.0,0.0,534.0,1.0,785.0,2.0
2023-03-20 10:08:17.678000+00:00,751.0,0.0,751.0,0.0,0.0,0.0,3369.0,0.0,0.0,0.0,558.0,0.0,727.0,2.0,0.0,0.0,779.0,0.0,534.0,0.0,787.0,1.0
2023-03-20 10:08:22.678000+00:00,752.0,1.0,752.0,0.0,0.0,0.0,3375.0,1.0,0.0,0.0,559.0,1.0,729.0,1.0,0.0,0.0,781.0,1.0,535.0,1.0,790.0,1.0
2023-03-20 10:08:27.678000+00:00,755.0,1.0,755.0,1.0,0.0,0.0,3389.0,2.0,0.0,0.0,560.0,1.0,730.0,1.0,0.0,0.0,781.0,0.0,536.0,1.0,793.0,1.0
2023-03-20 10:08:32.678000+00:00,756.0,0.0,756.0,1.0,0.0,0.0,3393.0,0.0,0.0,0.0,560.0,0.0,731.0,0.0,0.0,0.0,783.0,1.0,536.0,0.0,794.0,1.0
2023-03-20 10:08:37.678000+00:00,758.0,0.0,758.0,1.0,0.0,0.0,3403.0,0.0,0.0,0.0,563.0,2.0,731.0,0.0,0.0,0.0,786.0,1.0,539.0,0.0,797.0,1.0
2023-03-20 10:08:42.678000+00:00,759.0,0.0,759.0,0.0,0.0,0.0,3408.0,0.0,0.0,0.0,563.0,0.0,731.0,0.0,0.0,0.0,787.0,0.0,539.0,0.0,799.0,1.0
2023-03-20 10:08:47.678000+00:00,761.0,2.0,761.0,2.0,0.0,0.0,3418.0,0.0,0.0,0.0,564.0,1.0,732.0,0.0,0.0,0.0,790.0,1.0,540.0,1.0,801.0,1.0
2023-03-20 10:08:52.678000+00:00,761.0,0.0,761.0,0.0,0.0,0.0,3418.0,0.0,0.0,0.0,564.0,0.0,733.0,0.0,0.0,0.0,792.0,3.0,540.0,0.0,803.0,1.0
2023-03-20 10:08:57.678000+00:00,763.0,2.0,763.0,0.0,0.0,0.0,3427.0,1.0,0.0,0.0,565.0,0.0,735.0,1.0,0.0,0.0,794.0,1.0,541.0,1.0,803.0,0.0
2023-03-20 10:09:02.678000+00:00,767.0,3.0,767.0,3.0,0.0,0.0,3445.0,0.0,0.0,0.0,568.0,0.0,737.0,0.0,0.0,0.0,797.0,2.0,544.0,1.0,805.0,0.0
2023-03-20 10:09:07.678000+00:00,768.0,0.0,768.0,0.0,0.0,0.0,3450.0,0.0,0.0,0.0,571.0,0.0,740.0,3.0,0.0,0.0,798.0,0.0,546.0,0.0,805.0,0.0
2023-03-20 10:09:12.678000+00:00,769.0,0.0,769.0,0.0,0.0,0.0,3455.0,0.0,0.0,0.0,571.0,0.0,743.0,2.0,0.0,0.0,800.0,2.0,547.0,0.0,806.0,1.0
2023-03-20 10:09:17.678000+00:00,771.0,2.0,771.0,2.0,0.0,0.0,3464.0,0.0,0.0,0.0,573.0,1.0,743.0,0.0,0.0,0.0,802.0,0.0,549.0,1.0,806.0,0.0
2023-03-20 10:09:22.678000+00:00,772.0,0.0,772.0,0.0,0.0,0.0,3468.0,0.0,0.0,0.0,574.0,0.0,745.0,0.0,0.0,0.0,804.0,1.0,550.0,1.0,808.0,1.0
2023-03-20 10:09:27.678000+00:00,774.0,1.0,774.0,2.0,0.0,0.0,3478.0,0.0,0.0,0.0,575.0,1.0,746.0,0.0,0.0,0.0,805.0,1.0,551.0,0.0,810.0,2.0
2023-03-20 10:09:32.678000+00:00,775.0,0.0,775.0,1.0,0.0,0.0,3483.0,0.0,0.0,0.0,578.0,0.0,748.0,0.0,0.0,0.0,806.0,0.0,554.0,1.0,819.0,4.0
2023-03-20 10:09:37.678000+00:00,777.0,2.0,777.0,0.0,0.0,0.0,3492.0,0.0,0.0,0.0,578.0,0.0,750.0,0.0,0.0,0.0,807.0,1.0,554.0,0.0,823.0,3.0
2023-03-20 10:09:42.678000+00:00,777.0,0.0,777.0,0.0,0.0,0.0,3492.0,0.0,0.0,0.0,579.0,1.0,750.0,0.0,0.0,0.0,807.0,0.0,555.0,0.0,825.0,0.0
2023-03-20 10:09:47.678000+00:00,779.0,1.0,779.0,1.0,0.0,0.0,3501.0,0.0,0.0,0.0,580.0,0.0,750.0,0.0,0.0,0.0,807.0,0.0,556.0,1.0,825.0,0.0
2023-03-20 10:09:52.678000+00:00,780.0,0.0,780.0,1.0,0.0,0.0,3506.0,0.0,0.0,0.0,582.0,0.0,750.0,0.0,0.0,0.0,809.0,2.0,558.0,2.0,827.0,1.0
2023-03-20 10:09:57.678000+00:00,781.0,4.0,781.0,1.0,0.0,0.0,3511.0,0.0,0.0,0.0,583.0,0.0,752.0,1.0,0.0,0.0,811.0,1.0,558.0,0.0,827.0,0.0
2023-03-20 10:10:02.678000+00:00,781.0,0.0,781.0,0.0,0.0,0.0,3511.0,0.0,0.0,0.0,583.0,0.0,752.0,0.0,0.0,0.0,814.0,1.0,559.0,1.0,829.0,2.0
2023-03-20 10:10:07.678000+00:00,781.0,0.0,781.0,0.0,0.0,0.0,3511.0,0.0,0.0,0.0,583.0,0.0,752.0,0.0,0.0,0.0,818.0,2.0,559.0,0.0,830.0,0.0
2023-03-20 10:10:12.678000+00:00,781.0,0.0,781.0,0.0,0.0,0.0,3511.0,0.0,0.0,0.0,583.0,0.0,752.0,0.0,0.0,0.0,823.0,3.0,559.0,0.0,832.0,0.0
2023-03-20 10:10:17.678000+00:00,783.0,0.0,783.0,0.0,0.0,0.0,3521.0,0.0,0.0,0.0,584.0,0.0,755.0,1.0,0.0,0.0,824.0,1.0,560.0,0.0,833.0,2.0
2023-03-20 10:10:22.678000+00:00,786.0,2.0,786.0,2.0,0.0,0.0,3533.0,0.0,0.0,0.0,587.0,0.0,758.0,1.0,0.0,0.0,824.0,0.0,563.0,1.0,835.0,1.0
2023-03-20 10:10:27.678000+00:00,786.0,0.0,786.0,0.0,0.0,0.0,3533.0,0.0,0.0,0.0,587.0,0.0,758.0,0.0,0.0,0.0,826.0,2.0,563.0,0.0,835.0,0.0
2023-03-20 10:10:32.678000+00:00,792.0,3.0,792.0,2.0,0.0,0.0,3556.0,0.0,0.0,0.0,589.0,0.0,758.0,0.0,0.0,0.0,828.0,1.0,565.0,1.0,838.0,1.0
2023-03-20 10:10:37.678000+00:00,794.0,0.0,794.0,1.0,0.0,0.0,3568.0,1.0,0.0,0.0,593.0,3.0,758.0,0.0,0.0,0.0,829.0,1.0,568.0,2.0,839.0,0.0
2023-03-20 10:10:42.678000+00:00,796.0,0.0,796.0,2.0,0.0,0.0,3577.0,0.0,0.0,0.0,594.0,0.0,759.0,1.0,0.0,0.0,831.0,1.0,570.0,2.0,842.0,2.0
2023-03-20 10:10:47.678000+00:00,798.0,1.0,798.0,0.0,0.0,0.0,3587.0,0.0,0.0,0.0,594.0,0.0,760.0,1.0,0.0,0.0,834.0,2.0,570.0,0.0,842.0,0.0
2023-03-20 10:10:52.678000+00:00,800.0,0.0,800.0,1.0,0.0,0.0,3598.0,1.0,0.0,0.0,594.0,0.0,762.0,0.0,0.0,0.0,834.0,0.0,570.0,0.0,845.0,1.0
2023-03-20 10:10:57.678000+00:00,802.0,0.0,802.0,0.0,0.0,0.0,3608.0,0.0,0.0,0.0,597.0,2.0,763.0,1.0,0.0,0.0,835.0,1.0,573.0,1.0,846.0,1.0
2023-03-20 10:11:02.678000+00:00,802.0,0.0,802.0,0.0,0.0,0.0,3608.0,0.0,0.0,0.0,598.0,0.0,767.0,0.0,0.0,0.0,837.0,0.0,574.0,1.0,848.0,2.0
2023-03-20 10:11:07.678000+00:00,804.0,2.0,804.0,1.0,0.0,0.0,3617.0,0.0,0.0,0.0,598.0,0.0,769.0,1.0,0.0,0.0,840.0,1.0,574.0,0.0,848.0,0.0
2023-03-20 10:11:12.678000+00:00,805.0,0.0,805.0,0.0,0.0,0.0,3621.0,0.0,0.0,0.0,600.0,1.0,771.0,0.0,0.0,0.0,841.0,0.0,576.0,0.0,850.0,1.0
2023-03-20 10:11:17.678000+00:00,807.0,1.0,807.0,2.0,0.0,0.0,3630.0,0.0,0.0,0.0,601.0,1.0,771.0,0.0,0.0,0.0,843.0,1.0,577.0,1.0,853.0,0.0
2023-03-20 10:11:22.678000+00:00,809.0,0.0,809.0,2.0,0.0,0.0,3641.0,0.0,0.0,0.0,602.0,1.0,775.0,0.0,0.0,0.0,845.0,1.0,578.0,1.0,854.0,0.0
2023-03-20 10:11:27.678000+00:00,812.0,1.0,812.0,3.0,0.0,0.0,3655.0,1.0,0.0,0.0,602.0,0.0,777.0,2.0,0.0,0.0,845.0,0.0,578.0,0.0,856.0,0.0
2023-03-20 10:11:32.678000+00:00,812.0,0.0,812.0,0.0,0.0,0.0,3655.0,0.0,0.0,0.0,604.0,1.0,779.0,0.0,0.0,0.0,846.0,1.0,580.0,2.0,860.0,1.0
2023-03-20 10:11:37.678000+00:00,813.0,1.0,813.0,1.0,0.0,0.0,3660.0,0.0,0.0,0.0,604.0,0.0,781.0,0.0,0.0,0.0,848.0,2.0,580.0,0.0,861.0,1.0
2023-03-20 10:11:42.678000+00:00,814.0,1.0,814.0,1.0,0.0,0.0,3664.0,0.0,0.0,0.0,604.0,0.0,782.0,1.0,0.0,0.0,851.0,0.0,580.0,0.0,867.0,0.0
2023-03-20 10:11:47.678000+00:00,815.0,1.0,815.0,0.0,0.0,0.0,3668.0,1.0,0.0,0.0,607.0,2.0,782.0,0.0,0.0,0.0,852.0,1.0,583.0,2.0,869.0,1.0
2023-03-20 10:11:52.678000+00:00,817.0,1.0,817.0,0.0,0.0,0.0,3678.0,0.0,0.0,0.0,608.0,0.0,785.0,1.0,0.0,0.0,853.0,0.0,584.0,1.0,873.0,1.0
2023-03-20 10:11:57.678000+00:00,819.0,1.0,819.0,1.0,0.0,0.0,3688.0,0.0,0.0,0.0,608.0,0.0,785.0,0.0,0.0,0.0,855.0,1.0,584.0,0.0,874.0,1.0
2023-03-20 10:12:02.678000+00:00,822.0,1.0,822.0,1.0,0.0,0.0,3700.0,1.0,0.0,0.0,611.0,1.0,788.0,1.0,0.0,0.0,857.0,1.0,586.0,0.0,875.0,0.0
2023-03-20 10:12:07.678000+00:00,824.0,0.0,824.0,1.0,0.0,0.0,3709.0,1.0,0.0,0.0,614.0,0.0,789.0,0.0,0.0,0.0,862.0,1.0,589.0,2.0,878.0,0.0
2023-03-20 10:12:12.678000+00:00,826.0,1.0,826.0,0.0,0.0,0.0,3719.0,0.0,0.0,0.0,617.0,2.0,792.0,0.0,0.0,0.0,866.0,1.0,592.0,0.0,882.0,1.0
2023-03-20 10:12:17.678000+00:00,826.0,0.0,826.0,0.0,0.0,0.0,3719.0,0.0,0.0,0.0,617.0,0.0,792.0,0.0,0.0,0.0,869.0,0.0,592.0,0.0,882.0,0.0
2023-03-20 10:12:22.678000+00:00,828.0,1.0,828.0,0.0,0.0,0.0,3728.0,0.0,0.0,0.0,617.0,0.0,795.0,0.0,0.0,0.0,870.0,1.0,592.0,0.0,883.0,0.0
2023-03-20 10:12:27.678000+00:00,829.0,0.0,829.0,0.0,0.0,0.0,3729.0,0.0,0.0,0.0,619.0,1.0,797.0,2.0,0.0,0.0,874.0,2.0,594.0,0.0,886.0,3.0
2023-03-20 10:12:32.678000+00:00,834.0,2.0,834.0,1.0,0.0,0.0,3752.0,0.0,0.0,0.0,623.0,2.0,798.0,0.0,0.0,0.0,875.0,0.0,598.0,0.0,890.0,0.0
2023-03-20 10:12:37.678000+00:00,835.0,1.0,835.0,0.0,0.0,0.0,3760.0,0.0,0.0,0.0,625.0,1.0,800.0,1.0,0.0,0.0,877.0,0.0,599.0,0.0,891.0,0.0
2023-03-20 10:12:42.678000+00:00,838.0,2.0,838.0,1.0,0.0,0.0,3776.0,0.0,0.0,0.0,626.0,0.0,802.0,0.0,0.0,0.0,879.0,2.0,600.0,0.0,891.0,0.0
2023-03-20 10:12:47.678000+00:00,844.0,3.0,844.0,3.0,0.0,0.0,3806.0,0.0,0.0,0.0,630.0,2.0,804.0,1.0,0.0,0.0,880.0,1.0,603.0,0.0,893.0,2.0
2023-03-20 10:12:52.678000+00:00,846.0,1.0,846.0,1.0,0.0,0.0,3815.0,0.0,0.0,0.0,633.0,0.0,805.0,1.0,0.0,0.0,883.0,1.0,607.0,2.0,895.0,0.0
2023-03-20 10:12:57.678000+00:00,847.0,0.0,847.0,0.0,0.0,0.0,3819.0,0.0,0.0,0.0,633.0,0.0,808.0,0.0,0.0,0.0,886.0,0.0,607.0,0.0,897.0,1.0
2023-03-20 10:13:02.678000+00:00,850.0,1.0,850.0,1.0,0.0,0.0,3833.0,0.0,0.0,0.0,635.0,1.0,809.0,0.0,0.0,0.0,887.0,1.0,609.0,0.0,901.0,1.0
2023-03-20 10:13:07.678000+00:00,853.0,0.0,853.0,2.0,0.0,0.0,3847.0,0.0,0.0,0.0,635.0,0.0,812.0,1.0,0.0,0.0,888.0,0.0,609.0,0.0,902.0,0.0
2023-03-20 10:13:12.678000+00:00,854.0,1.0,854.0,0.0,0.0,0.0,3851.0,0.0,0.0,0.0,636.0,0.0,814.0,0.0,0.0,0.0,891.0,2.0,610.0,1.0,904.0,1.0
2023-03-20 10:13:17.678000+00:00,854.0,0.0,854.0,0.0,0.0,0.0,3851.0,0.0,0.0,0.0,636.0,0.0,817.0,2.0,0.0,0.0,891.0,0.0,610.0,0.0,905.0,0.0
2023-03-20 10:13:22.678000+00:00,854.0,0.0,854.0,0.0,0.0,0.0,3851.0,0.0,0.0,0.0,636.0,0.0,823.0,0.0,0.0,0.0,894.0,0.0,610.0,0.0,909.0,1.0
2023-03-20 10:13:27.678000+00:00,859.0,1.0,859.0,4.0,0.0,0.0,3875.0,0.0,0.0,0.0,640.0,2.0,825.0,0.0,0.0,0.0,896.0,1.0,614.0,2.0,911.0,1.0
2023-03-20 10:13:32.678000+00:00,861.0,1.0,861.0,1.0,0.0,0.0,3884.0,0.0,0.0,0.0,641.0,0.0,828.0,0.0,0.0,0.0,898.0,1.0,615.0,0.0,912.0,0.0
2023-03-20 10:13:37.678000+00:00,861.0,0.0,861.0,0.0,0.0,0.0,3884.0,0.0,0.0,0.0,643.0,0.0,828.0,0.0,0.0,0.0,899.0,0.0,617.0,0.0,916.0,1.0
2023-03-20 10:13:42.678000+00:00,861.0,0.0,861.0,0.0,0.0,0.0,3884.0,0.0,0.0,0.0,643.0,0.0,829.0,0.0,0.0,0.0,900.0,0.0,617.0,0.0,919.0,3.0
2023-03-20 10:13:47.678000+00:00,862.0,1.0,862.0,0.0,0.0,0.0,3890.0,0.0,0.0,0.0,643.0,0.0,830.0,0.0,0.0,0.0,904.0,3.0,617.0,0.0,920.0,0.0
2023-03-20 10:13:52.678000+00:00,864.0,2.0,864.0,0.0,0.0,0.0,3900.0,0.0,0.0,0.0,645.0,1.0,831.0,1.0,0.0,0.0,905.0,1.0,619.0,1.0,922.0,0.0
2023-03-20 10:13:57.678000+00:00,864.0,0.0,864.0,0.0,0.0,0.0,3900.0,0.0,0.0,0.0,646.0,0.0,833.0,1.0,0.0,0.0,907.0,1.0,620.0,0.0,925.0,1.0
2023-03-20 10:14:02.678000+00:00,866.0,0.0,866.0,2.0,0.0,0.0,3908.0,1.0,0.0,0.0,647.0,1.0,833.0,0.0,0.0,0.0,911.0,4.0,621.0,0.0,926.0,0.0
2023-03-20 10:14:07.678000+00:00,869.0,1.0,869.0,1.0,0.0,0.0,3922.0,1.0,0.0,0.0,648.0,0.0,833.0,0.0,0.0,0.0,913.0,1.0,622.0,1.0,927.0,0.0
2023-03-20 10:14:12.678000+00:00,871.0,2.0,871.0,0.0,0.0,0.0,3931.0,0.0,0.0,0.0,649.0,1.0,836.0,3.0,0.0,0.0,915.0,1.0,623.0,1.0,929.0,2.0
2023-03-20 10:14:17.678000+00:00,871.0,0.0,871.0,0.0,0.0,0.0,3931.0,0.0,0.0,0.0,650.0,1.0,837.0,1.0,0.0,0.0,917.0,8.0,624.0,0.0,930.0,0.0
2023-03-20 10:14:22.678000+00:00,875.0,2.0,875.0,1.0,0.0,0.0,3949.0,0.0,0.0,0.0,651.0,1.0,837.0,0.0,0.0,0.0,920.0,2.0,625.0,1.0,933.0,1.0
2023-03-20 10:14:27.678000+00:00,876.0,1.0,876.0,0.0,0.0,0.0,3953.0,0.0,0.0,0.0,654.0,2.0,838.0,1.0,0.0,0.0,922.0,0.0,628.0,2.0,933.0,0.0
2023-03-20 10:14:32.678000+00:00,880.0,4.0,880.0,0.0,0.0,0.0,3975.0,0.0,0.0,0.0,656.0,2.0,838.0,0.0,0.0,0.0,922.0,0.0,630.0,1.0,934.0,1.0
2023-03-20 10:14:37.678000+00:00,882.0,2.0,882.0,1.0,0.0,0.0,3983.0,1.0,0.0,0.0,659.0,1.0,839.0,0.0,0.0,0.0,923.0,0.0,633.0,1.0,937.0,0.0
2023-03-20 10:14:42.678000+00:00,884.0,1.0,884.0,0.0,0.0,0.0,3992.0,0.0,0.0,0.0,661.0,1.0,842.0,1.0,0.0,0.0,927.0,1.0,635.0,0.0,938.0,1.0
2023-03-20 10:14:47.678000+00:00,886.0,0.0,886.0,2.0,0.0,0.0,4000.0,0.0,0.0,0.0,661.0,0.0,846.0,1.0,0.0,0.0,927.0,0.0,635.0,0.0,939.0,0.0
2023-03-20 10:14:52.678000+00:00,887.0,0.0,887.0,0.0,0.0,0.0,4000.0,0.0,0.0,0.0,663.0,0.0,849.0,2.0,0.0,0.0,928.0,0.0,637.0,0.0,941.0,0.0
2023-03-20 10:14:57.678000+00:00,890.0,1.0,890.0,1.0,0.0,0.0,4014.0,0.0,0.0,0.0,665.0,1.0,851.0,0.0,0.0,0.0,931.0,1.0,639.0,0.0,941.0,0.0
2023-03-20 10:15:02.678000+00:00,893.0,3.0,893.0,3.0,0.0,0.0,4032.0,0.0,0.0,0.0,667.0,2.0,851.0,0.0,0.0,0.0,932.0,0.0,641.0,3.0,941.0,0.0
2023-03-20 10:15:07.678000+00:00,893.0,0.0,893.0,0.0,0.0,0.0,4032.0,0.0,0.0,0.0,669.0,0.0,852.0,0.0,0.0,0.0,933.0,1.0,643.0,0.0,943.0,2.0
2023-03-20 10:15:12.678000+00:00,895.0,1.0,895.0,0.0,0.0,0.0,4042.0,0.0,0.0,0.0,670.0,0.0,856.0,0.0,0.0,0.0,935.0,2.0,644.0,0.0,946.0,2.0
2023-03-20 10:15:17.678000+00:00,897.0,1.0,897.0,1.0,0.0,0.0,4050.0,0.0,0.0,0.0,672.0,2.0,857.0,0.0,0.0,0.0,937.0,1.0,646.0,0.0,949.0,0.0
2023-03-20 10:15:22.678000+00:00,897.0,0.0,897.0,0.0,0.0,0.0,4050.0,0.0,0.0,0.0,673.0,0.0,860.0,1.0,0.0,0.0,937.0,0.0,647.0,0.0,952.0,0.0
2023-03-20 10:15:27.678000+00:00,900.0,3.0,900.0,2.0,0.0,0.0,4063.0,0.0,0.0,0.0,674.0,0.0,864.0,1.0,0.0,0.0,939.0,1.0,648.0,0.0,954.0,0.0
2023-03-20 10:15:32.678000+00:00,902.0,1.0,902.0,1.0,0.0,0.0,4073.0,0.0,0.0,0.0,677.0,0.0,865.0,0.0,0.0,0.0,939.0,0.0,651.0,1.0,958.0,1.0
2023-03-20 10:15:37.678000+00:00,902.0,0.0,902.0,0.0,0.0,0.0,4073.0,0.0,0.0,0.0,677.0,0.0,866.0,0.0,0.0,0.0,941.0,1.0,651.0,0.0,960.0,1.0
2023-03-20 10:15:42.678000+00:00,904.0,2.0,904.0,1.0,0.0,0.0,4081.0,0.0,0.0,0.0,678.0,0.0,868.0,0.0,0.0,0.0,943.0,1.0,651.0,0.0,961.0,0.0
2023-03-20 10:15:47.678000+00:00,906.0,1.0,906.0,2.0,0.0,0.0,4091.0,1.0,0.0,0.0,678.0,0.0,869.0,0.0,0.0,0.0,946.0,2.0,652.0,1.0,962.0,1.0
2023-03-20 10:15:52.678000+00:00,907.0,0.0,907.0,0.0,0.0,0.0,4095.0,0.0,0.0,0.0,679.0,0.0,869.0,0.0,0.0,0.0,949.0,1.0,653.0,1.0,966.0,2.0
2023-03-20 10:15:57.678000+00:00,907.0,0.0,907.0,0.0,0.0,0.0,4095.0,0.0,0.0,0.0,679.0,0.0,872.0,0.0,0.0,0.0,950.0,1.0,653.0,0.0,967.0,0.0
2023-03-20 10:16:02.678000+00:00,909.0,0.0,909.0,2.0,0.0,0.0,4104.0,0.0,0.0,0.0,679.0,0.0,873.0,0.0,0.0,0.0,954.0,4.0,653.0,0.0,970.0,1.0
2023-03-20 10:16:07.678000+00:00,911.0,1.0,911.0,0.0,0.0,0.0,4112.0,1.0,0.0,0.0,680.0,0.0,874.0,0.0,0.0,0.0,956.0,1.0,654.0,4.0,972.0,0.0
2023-03-20 10:16:12.678000+00:00,915.0,2.0,915.0,1.0,0.0,0.0,4126.0,0.0,0.0,0.0,683.0,1.0,875.0,0.0,0.0,0.0,958.0,1.0,656.0,1.0,974.0,1.0
2023-03-20 10:16:17.678000+00:00,919.0,2.0,919.0,1.0,0.0,0.0,4148.0,0.0,0.0,0.0,685.0,1.0,878.0,0.0,0.0,0.0,960.0,0.0,659.0,2.0,975.0,1.0
2023-03-20 10:16:22.678000+00:00,920.0,1.0,920.0,1.0,0.0,0.0,4152.0,0.0,0.0,0.0,689.0,3.0,878.0,0.0,0.0,0.0,960.0,0.0,662.0,1.0,977.0,0.0
2023-03-20 10:16:27.678000+00:00,921.0,1.0,921.0,1.0,0.0,0.0,4156.0,0.0,0.0,0.0,690.0,1.0,880.0,0.0,0.0,0.0,963.0,0.0,664.0,2.0,978.0,0.0
2023-03-20 10:16:32.678000+00:00,924.0,2.0,924.0,0.0,0.0,0.0,4168.0,1.0,0.0,0.0,691.0,1.0,880.0,0.0,0.0,0.0,967.0,0.0,665.0,1.0,981.0,2.0
2023-03-20 10:16:37.678000+00:00,925.0,1.0,925.0,1.0,0.0,0.0,4173.0,0.0,0.0,0.0,692.0,0.0,882.0,1.0,0.0,0.0,970.0,1.0,666.0,0.0,981.0,0.0
2023-03-20 10:16:42.678000+00:00,928.0,2.0,928.0,2.0,0.0,0.0,4186.0,0.0,0.0,0.0,693.0,0.0,886.0,0.0,0.0,0.0,972.0,0.0,667.0,1.0,982.0,1.0
2023-03-20 10:16:47.678000+00:00,929.0,1.0,929.0,1.0,0.0,0.0,4190.0,0.0,0.0,0.0,694.0,0.0,888.0,0.0,0.0,0.0,974.0,0.0,667.0,0.0,985.0,2.0
2023-03-20 10:16:52.678000+00:00,929.0,0.0,929.0,0.0,0.0,0.0,4190.0,0.0,0.0,0.0,694.0,0.0,892.0,0.0,0.0,0.0,975.0,0.0,668.0,0.0,987.0,0.0
2023-03-20 10:16:57.678000+00:00,933.0,2.0,933.0,1.0,0.0,0.0,4209.0,1.0,0.0,0.0,697.0,2.0,892.0,0.0,0.0,0.0,977.0,1.0,671.0,1.0,987.0,0.0
2023-03-20 10:17:02.678000+00:00,938.0,1.0,938.0,2.0,0.0,0.0,4231.0,0.0,0.0,0.0,701.0,0.0,894.0,0.0,0.0,0.0,977.0,0.0,675.0,1.0,989.0,0.0
2023-03-20 10:17:07.678000+00:00,939.0,1.0,939.0,0.0,0.0,0.0,4236.0,0.0,0.0,0.0,703.0,0.0,897.0,1.0,0.0,0.0,977.0,0.0,677.0,2.0,992.0,2.0
2023-03-20 10:17:12.678000+00:00,940.0,0.0,940.0,1.0,0.0,0.0,4240.0,1.0,0.0,0.0,703.0,0.0,901.0,0.0,0.0,0.0,981.0,3.0,677.0,0.0,997.0,3.0
2023-03-20 10:17:17.678000+00:00,941.0,1.0,941.0,0.0,0.0,0.0,4246.0,1.0,0.0,0.0,703.0,0.0,901.0,0.0,0.0,0.0,982.0,1.0,677.0,0.0,997.0,0.0
2023-03-20 10:17:22.678000+00:00,944.0,1.0,944.0,0.0,0.0,0.0,4261.0,0.0,0.0,0.0,703.0,0.0,902.0,1.0,0.0,0.0,985.0,2.0,677.0,0.0,999.0,1.0
2023-03-20 10:17:27.678000+00:00,945.0,1.0,945.0,0.0,0.0,0.0,4266.0,0.0,0.0,0.0,706.0,0.0,905.0,2.0,0.0,0.0,986.0,0.0,680.0,3.0,1003.0,1.0
2023-03-20 10:17:32.678000+00:00,947.0,1.0,947.0,0.0,0.0,0.0,4275.0,0.0,0.0,0.0,708.0,2.0,908.0,1.0,0.0,0.0,986.0,0.0,682.0,1.0,1004.0,0.0
2023-03-20 10:17:37.678000+00:00,947.0,0.0,947.0,0.0,0.0,0.0,4275.0,0.0,0.0,0.0,708.0,0.0,910.0,1.0,0.0,0.0,988.0,1.0,682.0,0.0,1009.0,4.0
2023-03-20 10:17:42.678000+00:00,950.0,2.0,950.0,2.0,0.0,0.0,4289.0,1.0,0.0,0.0,710.0,0.0,912.0,0.0,0.0,0.0,991.0,0.0,684.0,0.0,1012.0,0.0
2023-03-20 10:17:47.678000+00:00,951.0,1.0,951.0,0.0,0.0,0.0,4293.0,0.0,0.0,0.0,713.0,0.0,913.0,0.0,0.0,0.0,997.0,5.0,687.0,3.0,1013.0,0.0
2023-03-20 10:17:52.678000+00:00,953.0,1.0,953.0,1.0,0.0,0.0,4302.0,0.0,0.0,0.0,714.0,0.0,915.0,0.0,0.0,0.0,999.0,1.0,688.0,1.0,1015.0,0.0
2023-03-20 10:17:57.678000+00:00,955.0,1.0,955.0,1.0,0.0,0.0,4310.0,0.0,0.0,0.0,716.0,1.0,915.0,0.0,0.0,0.0,1000.0,0.0,689.0,0.0,1016.0,0.0
2023-03-20 10:18:02.678000+00:00,958.0,2.0,958.0,2.0,0.0,0.0,4324.0,0.0,0.0,0.0,718.0,1.0,917.0,0.0,0.0,0.0,1002.0,2.0,692.0,1.0,1017.0,0.0
2023-03-20 10:18:07.678000+00:00,958.0,0.0,958.0,0.0,0.0,0.0,4324.0,0.0,0.0,0.0,719.0,0.0,921.0,1.0,0.0,0.0,1004.0,0.0,693.0,1.0,1019.0,0.0
2023-03-20 10:18:12.678000+00:00,963.0,0.0,963.0,1.0,0.0,0.0,4346.0,0.0,0.0,0.0,720.0,1.0,922.0,0.0,0.0,0.0,1009.0,2.0,694.0,0.0,1023.0,1.0
2023-03-20 10:18:17.678000+00:00,967.0,0.0,967.0,2.0,0.0,0.0,4364.0,1.0,0.0,0.0,725.0,3.0,922.0,0.0,0.0,0.0,1012.0,0.0,698.0,2.0,1025.0,1.0
2023-03-20 10:18:22.678000+00:00,967.0,0.0,967.0,0.0,0.0,0.0,4364.0,0.0,0.0,0.0,728.0,0.0,925.0,0.0,0.0,0.0,1013.0,0.0,702.0,2.0,1026.0,0.0
2023-03-20 10:18:27.678000+00:00,970.0,2.0,970.0,1.0,0.0,0.0,4373.0,0.0,0.0,0.0,729.0,0.0,928.0,1.0,0.0,0.0,1015.0,0.0,703.0,0.0,1027.0,0.0
2023-03-20 10:18:32.678000+00:00,973.0,1.0,973.0,1.0,0.0,0.0,4390.0,0.0,0.0,0.0,732.0,0.0,929.0,0.0,0.0,0.0,1015.0,0.0,706.0,0.0,1028.0,0.0
2023-03-20 10:18:37.678000+00:00,977.0,1.0,977.0,2.0,0.0,0.0,4408.0,1.0,0.0,0.0,732.0,0.0,929.0,0.0,0.0,0.0,1018.0,2.0,706.0,0.0,1030.0,0.0
2023-03-20 10:18:42.678000+00:00,980.0,2.0,980.0,1.0,0.0,0.0,4421.0,3.0,0.0,0.0,734.0,0.0,934.0,0.0,0.0,0.0,1019.0,0.0,708.0,2.0,1032.0,1.0
2023-03-20 10:18:47.678000+00:00,982.0,1.0,982.0,1.0,0.0,0.0,4430.0,0.0,0.0,0.0,737.0,0.0,937.0,2.0,0.0,0.0,1021.0,0.0,711.0,2.0,1035.0,2.0
2023-03-20 10:18:52.678000+00:00,982.0,0.0,982.0,0.0,0.0,0.0,4430.0,0.0,0.0,0.0,737.0,0.0,941.0,1.0,0.0,0.0,1023.0,1.0,711.0,0.0,1037.0,0.0
2023-03-20 10:18:57.678000+00:00,984.0,1.0,984.0,1.0,0.0,0.0,4441.0,1.0,0.0,0.0,737.0,0.0,943.0,1.0,0.0,0.0,1024.0,0.0,711.0,0.0,1038.0,0.0
2023-03-20 10:19:02.678000+00:00,986.0,1.0,986.0,1.0,0.0,0.0,4451.0,0.0,0.0,0.0,739.0,1.0,946.0,2.0,0.0,0.0,1026.0,2.0,713.0,0.0,1041.0,3.0
2023-03-20 10:19:07.678000+00:00,987.0,0.0,987.0,0.0,0.0,0.0,4454.0,0.0,0.0,0.0,739.0,0.0,948.0,0.0,0.0,0.0,1027.0,0.0,713.0,0.0,1044.0,1.0
2023-03-20 10:19:12.678000+00:00,989.0,2.0,989.0,1.0,0.0,0.0,4464.0,0.0,0.0,0.0,740.0,0.0,950.0,4.0,0.0,0.0,1029.0,1.0,714.0,0.0,1046.0,2.0
2023-03-20 10:19:17.678000+00:00,990.0,1.0,990.0,0.0,0.0,0.0,4469.0,0.0,0.0,0.0,741.0,0.0,953.0,1.0,0.0,0.0,1033.0,0.0,715.0,1.0,1047.0,1.0
2023-03-20 10:19:22.678000+00:00,991.0,0.0,991.0,0.0,0.0,0.0,4474.0,1.0,0.0,0.0,743.0,3.0,954.0,1.0,0.0,0.0,1034.0,2.0,717.0,0.0,1050.0,2.0
2023-03-20 10:19:27.678000+00:00,994.0,2.0,994.0,1.0,0.0,0.0,4489.0,2.0,0.0,0.0,746.0,6.0,956.0,1.0,0.0,0.0,1035.0,0.0,720.0,3.0,1052.0,2.0
2023-03-20 10:19:32.678000+00:00,995.0,0.0,995.0,1.0,0.0,0.0,4494.0,0.0,0.0,0.0,746.0,0.0,956.0,0.0,0.0,0.0,1039.0,4.0,720.0,0.0,1056.0,3.0
2023-03-20 10:19:37.678000+00:00,997.0,0.0,997.0,1.0,0.0,0.0,4503.0,0.0,0.0,0.0,747.0,0.0,958.0,1.0,0.0,0.0,1041.0,0.0,721.0,1.0,1057.0,0.0
2023-03-20 10:19:42.678000+00:00,1000.0,1.0,1000.0,0.0,0.0,0.0,4519.0,2.0,0.0,0.0,750.0,3.0,960.0,1.0,0.0,0.0,1043.0,2.0,724.0,3.0,1060.0,1.0
2023-03-20 10:19:47.678000+00:00,1003.0,1.0,1003.0,2.0,0.0,0.0,4532.0,0.0,0.0,0.0,751.0,1.0,960.0,0.0,0.0,0.0,1045.0,1.0,725.0,0.0,1062.0,2.0
2023-03-20 10:19:52.678000+00:00,1003.0,0.0,1003.0,0.0,0.0,0.0,4532.0,0.0,0.0,0.0,753.0,2.0,964.0,2.0,0.0,0.0,1046.0,0.0,727.0,0.0,1066.0,4.0
2023-03-20 10:19:57.678000+00:00,1006.0,1.0,1006.0,0.0,0.0,0.0,4545.0,0.0,0.0,0.0,755.0,1.0,966.0,1.0,0.0,0.0,1049.0,0.0,729.0,0.0,1066.0,0.0
2023-03-20 10:20:02.678000+00:00,1007.0,0.0,1007.0,0.0,0.0,0.0,4549.0,1.0,0.0,0.0,756.0,1.0,967.0,0.0,0.0,0.0,1053.0,1.0,729.0,0.0,1068.0,1.0
2023-03-20 10:20:07.678000+00:00,1010.0,1.0,1010.0,1.0,0.0,0.0,4562.0,0.0,0.0,0.0,759.0,1.0,969.0,1.0,0.0,0.0,1054.0,0.0,733.0,4.0,1070.0,1.0
2023-03-20 10:20:12.678000+00:00,1011.0,0.0,1011.0,0.0,0.0,0.0,4567.0,0.0,0.0,0.0,760.0,0.0,971.0,2.0,0.0,0.0,1054.0,0.0,734.0,1.0,1072.0,1.0
2023-03-20 10:20:17.678000+00:00,1013.0,2.0,1013.0,0.0,0.0,0.0,4577.0,1.0,0.0,0.0,761.0,1.0,973.0,0.0,0.0,0.0,1059.0,1.0,735.0,0.0,1072.0,0.0
2023-03-20 10:20:22.678000+00:00,1017.0,1.0,1017.0,0.0,0.0,0.0,4595.0,0.0,0.0,0.0,764.0,1.0,975.0,1.0,0.0,0.0,1062.0,2.0,738.0,2.0,1072.0,0.0
2023-03-20 10:20:27.678000+00:00,1020.0,0.0,1020.0,1.0,0.0,0.0,4609.0,2.0,0.0,0.0,766.0,1.0,979.0,2.0,0.0,0.0,1064.0,1.0,740.0,2.0,1077.0,2.0
2023-03-20 10:20:32.678000+00:00,1022.0,0.0,1022.0,1.0,0.0,0.0,4618.0,0.0,0.0,0.0,768.0,2.0,980.0,1.0,0.0,0.0,1064.0,0.0,742.0,2.0,1078.0,0.0
2023-03-20 10:20:37.678000+00:00,1024.0,1.0,1024.0,1.0,0.0,0.0,4627.0,1.0,0.0,0.0,768.0,0.0,982.0,3.0,0.0,0.0,1067.0,3.0,742.0,0.0,1079.0,1.0
2023-03-20 10:20:42.678000+00:00,1026.0,0.0,1026.0,1.0,0.0,0.0,4638.0,0.0,0.0,0.0,771.0,0.0,983.0,1.0,0.0,0.0,1068.0,1.0,745.0,2.0,1082.0,2.0
2023-03-20 10:20:47.678000+00:00,1029.0,2.0,1029.0,1.0,0.0,0.0,4649.0,1.0,0.0,0.0,772.0,1.0,985.0,2.0,0.0,0.0,1070.0,0.0,746.0,1.0,1084.0,2.0
2023-03-20 10:20:52.678000+00:00,1030.0,0.0,1030.0,0.0,0.0,0.0,4656.0,0.0,0.0,0.0,772.0,0.0,987.0,0.0,0.0,0.0,1071.0,0.0,746.0,0.0,1087.0,1.0
2023-03-20 10:20:57.678000+00:00,1031.0,1.0,1031.0,0.0,0.0,0.0,4662.0,1.0,0.0,0.0,774.0,1.0,987.0,0.0,0.0,0.0,1071.0,0.0,748.0,0.0,1087.0,0.0
2023-03-20 10:21:02.678000+00:00,1034.0,0.0,1034.0,0.0,0.0,0.0,4677.0,0.0,0.0,0.0,774.0,0.0,990.0,1.0,0.0,0.0,1074.0,1.0,748.0,0.0,1090.0,1.0
2023-03-20 10:21:07.678000+00:00,1036.0,1.0,1036.0,0.0,0.0,0.0,4686.0,0.0,0.0,0.0,775.0,1.0,992.0,1.0,0.0,0.0,1076.0,2.0,749.0,0.0,1091.0,0.0
2023-03-20 10:21:12.678000+00:00,1037.0,1.0,1037.0,0.0,0.0,0.0,4691.0,0.0,0.0,0.0,776.0,1.0,992.0,0.0,0.0,0.0,1076.0,0.0,750.0,1.0,1092.0,1.0
2023-03-20 10:21:17.678000+00:00,1037.0,0.0,1037.0,0.0,0.0,0.0,4691.0,0.0,0.0,0.0,776.0,0.0,994.0,2.0,0.0,0.0,1078.0,0.0,750.0,0.0,1093.0,1.0
2023-03-20 10:21:22.678000+00:00,1039.0,1.0,1039.0,1.0,0.0,0.0,4700.0,0.0,0.0,0.0,777.0,1.0,998.0,3.0,0.0,0.0,1083.0,2.0,751.0,0.0,1094.0,1.0
2023-03-20 10:21:27.678000+00:00,1041.0,0.0,1041.0,0.0,0.0,0.0,4708.0,0.0,0.0,0.0,778.0,1.0,1000.0,2.0,0.0,0.0,1084.0,0.0,752.0,0.0,1097.0,2.0
2023-03-20 10:21:32.678000+00:00,1043.0,2.0,1043.0,1.0,0.0,0.0,4717.0,0.0,0.0,0.0,781.0,2.0,1002.0,1.0,0.0,0.0,1084.0,0.0,755.0,1.0,1099.0,0.0
2023-03-20 10:21:37.678000+00:00,1044.0,0.0,1044.0,1.0,0.0,0.0,4721.0,0.0,0.0,0.0,781.0,0.0,1004.0,2.0,0.0,0.0,1084.0,0.0,755.0,0.0,1099.0,0.0
2023-03-20 10:21:42.678000+00:00,1045.0,0.0,1045.0,0.0,0.0,0.0,4726.0,0.0,0.0,0.0,783.0,2.0,1005.0,0.0,0.0,0.0,1086.0,1.0,757.0,2.0,1101.0,0.0
2023-03-20 10:21:47.678000+00:00,1047.0,2.0,1047.0,0.0,0.0,0.0,4737.0,0.0,0.0,0.0,784.0,0.0,1007.0,1.0,0.0,0.0,1088.0,2.0,758.0,1.0,1105.0,3.0
2023-03-20 10:21:52.678000+00:00,1051.0,1.0,1051.0,2.0,0.0,0.0,4756.0,1.0,0.0,0.0,785.0,0.0,1007.0,0.0,0.0,0.0,1089.0,1.0,759.0,1.0,1107.0,1.0
2023-03-20 10:21:57.678000+00:00,1052.0,0.0,1052.0,1.0,0.0,0.0,4760.0,0.0,0.0,0.0,788.0,2.0,1009.0,1.0,0.0,0.0,1091.0,2.0,762.0,2.0,1107.0,0.0
2023-03-20 10:22:02.678000+00:00,1053.0,0.0,1053.0,0.0,0.0,0.0,4766.0,0.0,0.0,0.0,791.0,2.0,1011.0,1.0,0.0,0.0,1093.0,1.0,765.0,0.0,1108.0,0.0
2023-03-20 10:22:07.678000+00:00,1054.0,0.0,1054.0,0.0,0.0,0.0,4771.0,0.0,0.0,0.0,791.0,0.0,1014.0,1.0,0.0,0.0,1094.0,1.0,765.0,0.0,1111.0,1.0
2023-03-20 10:22:12.678000+00:00,1055.0,0.0,1055.0,0.0,0.0,0.0,4777.0,1.0,0.0,0.0,793.0,2.0,1015.0,1.0,0.0,0.0,1095.0,1.0,767.0,2.0,1112.0,0.0
2023-03-20 10:22:17.678000+00:00,1055.0,0.0,1055.0,0.0,0.0,0.0,4777.0,0.0,0.0,0.0,793.0,0.0,1016.0,1.0,0.0,0.0,1097.0,2.0,767.0,0.0,1113.0,1.0
2023-03-20 10:22:22.678000+00:00,1059.0,4.0,1059.0,2.0,0.0,0.0,4796.0,1.0,0.0,0.0,795.0,1.0,1017.0,1.0,0.0,0.0,1097.0,0.0,769.0,0.0,1115.0,1.0
2023-03-20 10:22:27.678000+00:00,1059.0,0.0,1059.0,0.0,0.0,0.0,4796.0,0.0,0.0,0.0,797.0,2.0,1018.0,1.0,0.0,0.0,1103.0,5.0,771.0,2.0,1117.0,1.0
2023-03-20 10:22:32.678000+00:00,1060.0,0.0,1060.0,1.0,0.0,0.0,4800.0,0.0,0.0,0.0,798.0,1.0,1020.0,1.0,0.0,0.0,1104.0,0.0,772.0,1.0,1120.0,2.0
2023-03-20 10:22:37.678000+00:00,1062.0,0.0,1062.0,0.0,0.0,0.0,4810.0,0.0,0.0,0.0,800.0,1.0,1021.0,1.0,0.0,0.0,1106.0,1.0,774.0,1.0,1121.0,0.0
2023-03-20 10:22:42.678000+00:00,1064.0,0.0,1064.0,0.0,0.0,0.0,4819.0,0.0,0.0,0.0,800.0,0.0,1022.0,0.0,0.0,0.0,1107.0,1.0,774.0,0.0,1122.0,0.0
2023-03-20 10:22:47.678000+00:00,1067.0,1.0,1067.0,1.0,0.0,0.0,4832.0,0.0,0.0,0.0,802.0,0.0,1024.0,2.0,0.0,0.0,1109.0,1.0,776.0,2.0,1124.0,1.0
2023-03-20 10:22:52.678000+00:00,1068.0,1.0,1068.0,0.0,0.0,0.0,4836.0,0.0,0.0,0.0,804.0,0.0,1024.0,0.0,0.0,0.0,1111.0,1.0,778.0,1.0,1125.0,1.0
2023-03-20 10:22:57.678000+00:00,1070.0,0.0,1070.0,0.0,0.0,0.0,4845.0,0.0,0.0,0.0,805.0,1.0,1025.0,0.0,0.0,0.0,1113.0,0.0,779.0,0.0,1126.0,1.0
2023-03-20 10:23:02.678000+00:00,1072.0,1.0,1072.0,2.0,0.0,0.0,4854.0,0.0,0.0,0.0,809.0,1.0,1029.0,2.0,0.0,0.0,1115.0,2.0,782.0,3.0,1129.0,1.0
2023-03-20 10:23:07.678000+00:00,1074.0,0.0,1074.0,0.0,0.0,0.0,4863.0,1.0,0.0,0.0,810.0,0.0,1031.0,2.0,0.0,0.0,1115.0,0.0,784.0,1.0,1129.0,0.0
2023-03-20 10:23:12.678000+00:00,1076.0,1.0,1076.0,1.0,0.0,0.0,4873.0,1.0,0.0,0.0,812.0,1.0,1034.0,0.0,0.0,0.0,1118.0,2.0,786.0,1.0,1130.0,0.0
2023-03-20 10:23:17.678000+00:00,1076.0,0.0,1076.0,0.0,0.0,0.0,4873.0,0.0,0.0,0.0,812.0,0.0,1034.0,0.0,0.0,0.0,1119.0,1.0,786.0,0.0,1132.0,2.0
2023-03-20 10:23:22.678000+00:00,1077.0,0.0,1077.0,0.0,0.0,0.0,4878.0,0.0,0.0,0.0,812.0,0.0,1035.0,1.0,0.0,0.0,1120.0,0.0,786.0,0.0,1133.0,1.0
2023-03-20 10:23:27.678000+00:00,1078.0,0.0,1078.0,0.0,0.0,0.0,4883.0,0.0,0.0,0.0,812.0,0.0,1037.0,2.0,0.0,0.0,1121.0,1.0,786.0,0.0,1135.0,2.0
2023-03-20 10:23:32.678000+00:00,1081.0,1.0,1081.0,0.0,0.0,0.0,4896.0,0.0,0.0,0.0,814.0,0.0,1038.0,0.0,0.0,0.0,1122.0,0.0,787.0,1.0,1136.0,1.0
2023-03-20 10:23:37.678000+00:00,1084.0,2.0,1084.0,1.0,0.0,0.0,4909.0,1.0,0.0,0.0,816.0,2.0,1041.0,2.0,0.0,0.0,1123.0,1.0,790.0,1.0,1139.0,1.0
2023-03-20 10:23:42.678000+00:00,1086.0,0.0,1086.0,1.0,0.0,0.0,4917.0,0.0,0.0,0.0,818.0,2.0,1043.0,0.0,0.0,0.0,1126.0,3.0,792.0,3.0,1141.0,2.0
2023-03-20 10:23:47.678000+00:00,1088.0,1.0,1088.0,0.0,0.0,0.0,4925.0,0.0,0.0,0.0,819.0,1.0,1045.0,0.0,0.0,0.0,1126.0,0.0,793.0,1.0,1141.0,0.0
2023-03-20 10:23:52.678000+00:00,1089.0,1.0,1089.0,0.0,0.0,0.0,4928.0,0.0,0.0,0.0,819.0,0.0,1046.0,0.0,0.0,0.0,1129.0,2.0,793.0,0.0,1142.0,1.0
2023-03-20 10:23:57.678000+00:00,1090.0,0.0,1090.0,1.0,0.0,0.0,4934.0,0.0,0.0,0.0,820.0,0.0,1049.0,1.0,0.0,0.0,1131.0,2.0,794.0,1.0,1145.0,3.0
2023-03-20 10:24:02.678000+00:00,1091.0,1.0,1091.0,0.0,0.0,0.0,4939.0,0.0,0.0,0.0,820.0,0.0,1050.0,1.0,0.0,0.0,1133.0,2.0,794.0,0.0,1146.0,1.0
2023-03-20 10:24:07.678000+00:00,1091.0,0.0,1091.0,0.0,0.0,0.0,4939.0,0.0,0.0,0.0,820.0,0.0,1052.0,1.0,0.0,0.0,1135.0,1.0,794.0,0.0,1148.0,2.0
2023-03-20 10:24:12.678000+00:00,1093.0,0.0,1093.0,0.0,0.0,0.0,4948.0,0.0,0.0,0.0,820.0,0.0,1054.0,0.0,0.0,0.0,1137.0,2.0,794.0,0.0,1151.0,1.0
2023-03-20 10:24:17.678000+00:00,1094.0,0.0,1094.0,0.0,0.0,0.0,4952.0,0.0,0.0,0.0,821.0,0.0,1056.0,1.0,0.0,0.0,1138.0,1.0,795.0,0.0,1152.0,1.0
2023-03-20 10:24:22.678000+00:00,1096.0,1.0,1096.0,2.0,0.0,0.0,4964.0,0.0,0.0,0.0,823.0,1.0,1058.0,1.0,0.0,0.0,1139.0,1.0,797.0,2.0,1154.0,1.0
2023-03-20 10:24:27.678000+00:00,1099.0,0.0,1099.0,1.0,0.0,0.0,4979.0,1.0,0.0,0.0,823.0,0.0,1058.0,0.0,0.0,0.0,1141.0,1.0,797.0,0.0,1157.0,7.0
2023-03-20 10:24:32.678000+00:00,1101.0,1.0,1101.0,1.0,0.0,0.0,4989.0,0.0,0.0,0.0,826.0,3.0,1060.0,1.0,0.0,0.0,1142.0,1.0,800.0,1.0,1160.0,3.0
2023-03-20 10:24:37.678000+00:00,1103.0,1.0,1103.0,0.0,0.0,0.0,5000.0,0.0,0.0,0.0,827.0,2.0,1060.0,0.0,0.0,0.0,1144.0,2.0,801.0,0.0,1160.0,0.0
2023-03-20 10:24:42.678000+00:00,1104.0,1.0,1104.0,0.0,0.0,0.0,5005.0,0.0,0.0,0.0,828.0,1.0,1064.0,2.0,0.0,0.0,1145.0,1.0,802.0,0.0,1161.0,1.0
2023-03-20 10:24:47.678000+00:00,1106.0,1.0,1106.0,0.0,0.0,0.0,5014.0,0.0,0.0,0.0,830.0,1.0,1064.0,0.0,0.0,0.0,1147.0,2.0,804.0,2.0,1164.0,2.0
2023-03-20 10:24:52.678000+00:00,1107.0,1.0,1107.0,0.0,0.0,0.0,5015.0,0.0,0.0,0.0,830.0,0.0,1066.0,2.0,0.0,0.0,1149.0,2.0,804.0,0.0,1164.0,0.0
2023-03-20 10:24:57.678000+00:00,1107.0,0.0,1107.0,0.0,0.0,0.0,5020.0,0.0,0.0,0.0,831.0,1.0,1069.0,2.0,0.0,0.0,1154.0,2.0,805.0,1.0,1167.0,2.0
2023-03-20 10:25:02.678000+00:00,1108.0,0.0,1108.0,1.0,0.0,0.0,5025.0,0.0,0.0,0.0,832.0,1.0,1069.0,0.0,0.0,0.0,1155.0,1.0,806.0,0.0,1167.0,0.0
2023-03-20 10:25:07.678000+00:00,1114.0,3.0,1114.0,1.0,0.0,0.0,5054.0,2.0,0.0,0.0,834.0,1.0,1070.0,1.0,0.0,0.0,1157.0,1.0,808.0,0.0,1168.0,1.0
2023-03-20 10:25:12.678000+00:00,1114.0,0.0,1114.0,0.0,0.0,0.0,5054.0,0.0,0.0,0.0,837.0,1.0,1070.0,0.0,0.0,0.0,1159.0,2.0,811.0,2.0,1172.0,3.0
2023-03-20 10:25:17.678000+00:00,1115.0,0.0,1115.0,0.0,0.0,0.0,5058.0,0.0,0.0,0.0,838.0,1.0,1073.0,2.0,0.0,0.0,1160.0,1.0,812.0,1.0,1173.0,0.0
2023-03-20 10:25:22.678000+00:00,1120.0,1.0,1120.0,2.0,0.0,0.0,5080.0,0.0,0.0,0.0,840.0,2.0,1075.0,2.0,0.0,0.0,1161.0,1.0,813.0,1.0,1174.0,0.0
2023-03-20 10:25:27.678000+00:00,1123.0,2.0,1123.0,0.0,0.0,0.0,5093.0,0.0,0.0,0.0,844.0,2.0,1076.0,1.0,0.0,0.0,1163.0,1.0,817.0,3.0,1177.0,4.0
2023-03-20 10:25:32.678000+00:00,1124.0,0.0,1124.0,1.0,0.0,0.0,5098.0,0.0,0.0,0.0,846.0,2.0,1077.0,0.0,0.0,0.0,1163.0,0.0,820.0,3.0,1178.0,1.0
2023-03-20 10:25:37.678000+00:00,1125.0,0.0,1125.0,0.0,0.0,0.0,5102.0,0.0,0.0,0.0,846.0,0.0,1078.0,1.0,0.0,0.0,1164.0,1.0,820.0,0.0,1178.0,0.0
2023-03-20 10:25:42.678000+00:00,1126.0,1.0,1126.0,0.0,0.0,0.0,5107.0,0.0,0.0,0.0,847.0,1.0,1080.0,1.0,0.0,0.0,1166.0,2.0,821.0,1.0,1179.0,1.0
2023-03-20 10:25:47.678000+00:00,1127.0,0.0,1127.0,0.0,0.0,0.0,5111.0,0.0,0.0,0.0,848.0,0.0,1083.0,2.0,0.0,0.0,1169.0,0.0,821.0,0.0,1180.0,1.0
2023-03-20 10:25:52.678000+00:00,1129.0,1.0,1129.0,1.0,0.0,0.0,5120.0,1.0,0.0,0.0,848.0,0.0,1086.0,2.0,0.0,0.0,1170.0,1.0,822.0,1.0,1183.0,3.0
2023-03-20 10:25:57.678000+00:00,1130.0,0.0,1130.0,0.0,0.0,0.0,5124.0,0.0,0.0,0.0,849.0,1.0,1088.0,2.0,0.0,0.0,1171.0,1.0,823.0,0.0,1183.0,0.0
2023-03-20 10:26:02.678000+00:00,1133.0,1.0,1133.0,0.0,0.0,0.0,5137.0,0.0,0.0,0.0,851.0,1.0,1091.0,3.0,0.0,0.0,1171.0,0.0,825.0,0.0,1187.0,1.0
2023-03-20 10:26:07.678000+00:00,1134.0,1.0,1134.0,0.0,0.0,0.0,5142.0,0.0,0.0,0.0,853.0,2.0,1093.0,1.0,0.0,0.0,1173.0,2.0,827.0,1.0,1188.0,1.0
2023-03-20 10:26:12.678000+00:00,1136.0,1.0,1136.0,1.0,0.0,0.0,5150.0,0.0,0.0,0.0,855.0,2.0,1095.0,2.0,0.0,0.0,1173.0,0.0,829.0,1.0,1190.0,1.0
2023-03-20 10:26:17.678000+00:00,1138.0,1.0,1138.0,0.0,0.0,0.0,5159.0,1.0,0.0,0.0,855.0,0.0,1095.0,0.0,0.0,0.0,1175.0,2.0,829.0,0.0,1190.0,0.0
2023-03-20 10:26:22.678000+00:00,1139.0,0.0,1139.0,1.0,0.0,0.0,5164.0,0.0,0.0,0.0,857.0,1.0,1095.0,0.0,0.0,0.0,1175.0,0.0,831.0,1.0,1193.0,3.0
2023-03-20 10:26:27.678000+00:00,1141.0,1.0,1141.0,1.0,0.0,0.0,5171.0,0.0,0.0,0.0,858.0,1.0,1097.0,0.0,0.0,0.0,1178.0,1.0,832.0,0.0,1195.0,2.0
2023-03-20 10:26:32.678000+00:00,1141.0,0.0,1141.0,0.0,0.0,0.0,5174.0,0.0,0.0,0.0,860.0,1.0,1101.0,4.0,0.0,0.0,1180.0,2.0,834.0,1.0,1198.0,2.0
2023-03-20 10:26:37.678000+00:00,1141.0,0.0,1141.0,0.0,0.0,0.0,5174.0,0.0,0.0,0.0,860.0,0.0,1104.0,3.0,0.0,0.0,1182.0,2.0,834.0,0.0,1200.0,2.0
2023-03-20 10:26:42.678000+00:00,1142.0,0.0,1142.0,0.0,0.0,0.0,5179.0,0.0,0.0,0.0,860.0,0.0,1106.0,1.0,0.0,0.0,1184.0,1.0,834.0,0.0,1201.0,1.0
2023-03-20 10:26:47.678000+00:00,1143.0,1.0,1143.0,0.0,0.0,0.0,5183.0,0.0,0.0,0.0,861.0,0.0,1107.0,1.0,0.0,0.0,1187.0,3.0,835.0,0.0,1203.0,2.0
2023-03-20 10:26:52.678000+00:00,1146.0,1.0,1146.0,0.0,0.0,0.0,5198.0,1.0,0.0,0.0,861.0,0.0,1107.0,0.0,0.0,0.0,1189.0,6.0,835.0,0.0,1207.0,4.0
2023-03-20 10:26:57.678000+00:00,1147.0,0.0,1147.0,0.0,0.0,0.0,5204.0,0.0,0.0,0.0,865.0,3.0,1108.0,1.0,0.0,0.0,1191.0,1.0,839.0,2.0,1209.0,1.0
2023-03-20 10:27:02.678000+00:00,1147.0,0.0,1147.0,0.0,0.0,0.0,5204.0,0.0,0.0,0.0,865.0,0.0,1110.0,0.0,0.0,0.0,1193.0,0.0,839.0,0.0,1210.0,0.0
2023-03-20 10:27:07.678000+00:00,1150.0,1.0,1150.0,1.0,0.0,0.0,5217.0,0.0,0.0,0.0,866.0,1.0,1110.0,0.0,0.0,0.0,1193.0,0.0,840.0,0.0,1212.0,1.0
2023-03-20 10:27:12.678000+00:00,1154.0,1.0,1154.0,0.0,0.0,0.0,5237.0,0.0,0.0,0.0,869.0,3.0,1111.0,1.0,0.0,0.0,1198.0,5.0,843.0,3.0,1215.0,2.0
2023-03-20 10:27:17.678000+00:00,1156.0,1.0,1156.0,0.0,0.0,0.0,5247.0,1.0,0.0,0.0,871.0,1.0,1111.0,0.0,0.0,0.0,1199.0,0.0,845.0,1.0,1215.0,0.0
2023-03-20 10:27:22.678000+00:00,1157.0,0.0,1157.0,0.0,0.0,0.0,5251.0,0.0,0.0,0.0,871.0,0.0,1113.0,3.0,0.0,0.0,1200.0,1.0,845.0,0.0,1215.0,0.0
2023-03-20 10:27:27.678000+00:00,1159.0,1.0,1159.0,1.0,0.0,0.0,5259.0,0.0,0.0,0.0,873.0,1.0,1114.0,1.0,0.0,0.0,1201.0,1.0,847.0,0.0,1215.0,0.0
2023-03-20 10:27:32.678000+00:00,1160.0,0.0,1160.0,0.0,0.0,0.0,5263.0,0.0,0.0,0.0,875.0,1.0,1117.0,1.0,0.0,0.0,1206.0,3.0,849.0,0.0,1216.0,1.0
2023-03-20 10:27:37.678000+00:00,1162.0,1.0,1162.0,1.0,0.0,0.0,5273.0,1.0,0.0,0.0,877.0,0.0,1120.0,2.0,0.0,0.0,1207.0,0.0,851.0,3.0,1218.0,2.0
2023-03-20 10:27:42.678000+00:00,1164.0,0.0,1164.0,0.0,0.0,0.0,5280.0,0.0,0.0,0.0,879.0,1.0,1121.0,0.0,0.0,0.0,1208.0,0.0,853.0,2.0,1219.0,0.0
2023-03-20 10:27:47.678000+00:00,1167.0,2.0,1167.0,0.0,0.0,0.0,5297.0,0.0,0.0,0.0,881.0,0.0,1123.0,1.0,0.0,0.0,1209.0,1.0,855.0,2.0,1220.0,0.0
2023-03-20 10:27:52.678000+00:00,1169.0,1.0,1169.0,0.0,0.0,0.0,5306.0,0.0,0.0,0.0,883.0,1.0,1125.0,1.0,0.0,0.0,1210.0,1.0,857.0,1.0,1221.0,1.0
2023-03-20 10:27:57.678000+00:00,1171.0,1.0,1171.0,0.0,0.0,0.0,5315.0,0.0,0.0,0.0,884.0,1.0,1126.0,0.0,0.0,0.0,1211.0,0.0,858.0,0.0,1221.0,0.0
2023-03-20 10:28:02.678000+00:00,1172.0,0.0,1172.0,0.0,0.0,0.0,5320.0,0.0,0.0,0.0,886.0,0.0,1127.0,0.0,0.0,0.0,1211.0,0.0,860.0,2.0,1225.0,4.0
2023-03-20 10:28:07.678000+00:00,1173.0,0.0,1173.0,0.0,0.0,0.0,5324.0,0.0,0.0,0.0,886.0,0.0,1129.0,1.0,0.0,0.0,1213.0,1.0,860.0,0.0,1227.0,2.0
2023-03-20 10:28:12.678000+00:00,1176.0,1.0,1176.0,1.0,0.0,0.0,5339.0,2.0,0.0,0.0,887.0,1.0,1133.0,1.0,0.0,0.0,1214.0,0.0,861.0,1.0,1230.0,2.0
2023-03-20 10:28:17.678000+00:00,1176.0,0.0,1176.0,0.0,0.0,0.0,5339.0,0.0,0.0,0.0,889.0,1.0,1136.0,1.0,0.0,0.0,1215.0,1.0,863.0,1.0,1232.0,1.0
2023-03-20 10:28:22.678000+00:00,1177.0,0.0,1177.0,0.0,0.0,0.0,5343.0,0.0,0.0,0.0,890.0,0.0,1137.0,1.0,0.0,0.0,1216.0,1.0,864.0,1.0,1233.0,1.0
2023-03-20 10:28:27.678000+00:00,1178.0,1.0,1178.0,1.0,0.0,0.0,5348.0,0.0,0.0,0.0,891.0,0.0,1139.0,2.0,0.0,0.0,1217.0,0.0,865.0,1.0,1234.0,1.0
2023-03-20 10:28:32.678000+00:00,1179.0,0.0,1179.0,0.0,0.0,0.0,5352.0,0.0,0.0,0.0,892.0,1.0,1140.0,0.0,0.0,0.0,1217.0,0.0,866.0,0.0,1242.0,4.0
2023-03-20 10:28:37.678000+00:00,1180.0,1.0,1180.0,0.0,0.0,0.0,5356.0,1.0,0.0,0.0,893.0,0.0,1140.0,0.0,0.0,0.0,1217.0,0.0,867.0,0.0,1249.0,1.0
2023-03-20 10:28:42.678000+00:00,1181.0,1.0,1181.0,0.0,0.0,0.0,5360.0,0.0,0.0,0.0,894.0,0.0,1141.0,1.0,0.0,0.0,1219.0,2.0,868.0,1.0,1250.0,0.0
2023-03-20 10:28:47.678000+00:00,1181.0,0.0,1181.0,0.0,0.0,0.0,5360.0,0.0,0.0,0.0,894.0,0.0,1141.0,0.0,0.0,0.0,1221.0,1.0,868.0,0.0,1252.0,2.0
2023-03-20 10:28:52.678000+00:00,1181.0,0.0,1181.0,0.0,0.0,0.0,5360.0,0.0,0.0,0.0,894.0,0.0,1141.0,0.0,0.0,0.0,1221.0,0.0,868.0,0.0,1254.0,2.0
2023-03-20 10:28:57.678000+00:00,1181.0,0.0,1181.0,0.0,0.0,0.0,5360.0,0.0,0.0,0.0,894.0,0.0,1142.0,1.0,0.0,0.0,1226.0,4.0,868.0,0.0,1255.0,0.0
2023-03-20 10:29:02.678000+00:00,1181.0,0.0,1181.0,0.0,0.0,0.0,5360.0,0.0,0.0,0.0,894.0,0.0,1143.0,0.0,0.0,0.0,1229.0,3.0,868.0,0.0,1256.0,1.0
2023-03-20 10:29:07.678000+00:00,1181.0,0.0,1181.0,0.0,0.0,0.0,5360.0,0.0,0.0,0.0,894.0,0.0,1144.0,0.0,0.0,0.0,1233.0,2.0,868.0,0.0,1258.0,2.0
2023-03-20 10:29:12.678000+00:00,1184.0,1.0,1184.0,0.0,0.0,0.0,5373.0,0.0,0.0,0.0,895.0,1.0,1145.0,1.0,0.0,0.0,1236.0,1.0,869.0,1.0,1260.0,0.0
2023-03-20 10:29:17.678000+00:00,1186.0,0.0,1186.0,0.0,0.0,0.0,5381.0,0.0,0.0,0.0,897.0,1.0,1145.0,0.0,0.0,0.0,1237.0,0.0,871.0,1.0,1260.0,0.0
2023-03-20 10:29:22.678000+00:00,1188.0,1.0,1188.0,1.0,0.0,0.0,5389.0,1.0,0.0,0.0,897.0,0.0,1145.0,0.0,0.0,0.0,1241.0,2.0,871.0,0.0,1261.0,1.0
2023-03-20 10:29:27.678000+00:00,1192.0,1.0,1192.0,1.0,0.0,0.0,5407.0,0.0,0.0,0.0,899.0,0.0,1145.0,0.0,0.0,0.0,1242.0,1.0,873.0,0.0,1261.0,0.0
2023-03-20 10:29:32.678000+00:00,1194.0,2.0,1194.0,1.0,0.0,0.0,5415.0,0.0,0.0,0.0,900.0,0.0,1145.0,0.0,0.0,0.0,1243.0,1.0,874.0,0.0,1265.0,3.0
2023-03-20 10:29:37.678000+00:00,1198.0,3.0,1198.0,1.0,0.0,0.0,5435.0,1.0,0.0,0.0,903.0,1.0,1145.0,0.0,0.0,0.0,1243.0,0.0,877.0,2.0,1265.0,0.0
2023-03-20 10:29:42.678000+00:00,1200.0,1.0,1200.0,0.0,0.0,0.0,5443.0,0.0,0.0,0.0,907.0,2.0,1145.0,0.0,0.0,0.0,1244.0,1.0,881.0,1.0,1268.0,3.0
2023-03-20 10:29:47.678000+00:00,1203.0,1.0,1203.0,0.0,0.0,0.0,5457.0,0.0,0.0,0.0,908.0,0.0,1148.0,2.0,0.0,0.0,1246.0,2.0,882.0,1.0,1268.0,0.0
2023-03-20 10:29:52.678000+00:00,1204.0,0.0,1204.0,0.0,0.0,0.0,5465.0,0.0,0.0,0.0,912.0,1.0,1151.0,1.0,0.0,0.0,1248.0,1.0,886.0,4.0,1270.0,1.0
2023-03-20 10:29:57.678000+00:00,1205.0,0.0,1205.0,0.0,0.0,0.0,5469.0,0.0,0.0,0.0,912.0,0.0,1154.0,1.0,0.0,0.0,1248.0,0.0,886.0,0.0,1270.0,0.0
2023-03-20 10:30:02.678000+00:00,1207.0,0.0,1207.0,0.0,0.0,0.0,5477.0,0.0,0.0,0.0,913.0,1.0,1157.0,2.0,0.0,0.0,1249.0,1.0,887.0,1.0,1271.0,0.0
2023-03-20 10:30:07.678000+00:00,1207.0,0.0,1207.0,0.0,0.0,0.0,5477.0,0.0,0.0,0.0,914.0,1.0,1159.0,1.0,0.0,0.0,1252.0,1.0,888.0,2.0,1272.0,0.0
2023-03-20 10:30:12.678000+00:00,1208.0,0.0,1208.0,1.0,0.0,0.0,5481.0,0.0,0.0,0.0,915.0,1.0,1162.0,1.0,0.0,0.0,1253.0,1.0,889.0,1.0,1275.0,1.0
2023-03-20 10:30:17.678000+00:00,1211.0,1.0,1211.0,0.0,0.0,0.0,5497.0,1.0,0.0,0.0,917.0,0.0,1165.0,1.0,0.0,0.0,1254.0,0.0,890.0,1.0,1275.0,0.0
2023-03-20 10:30:22.678000+00:00,1212.0,1.0,1212.0,0.0,0.0,0.0,5501.0,0.0,0.0,0.0,919.0,0.0,1166.0,1.0,0.0,0.0,1255.0,0.0,893.0,2.0,1279.0,4.0
2023-03-20 10:30:27.678000+00:00,1212.0,0.0,1212.0,0.0,0.0,0.0,5501.0,0.0,0.0,0.0,919.0,0.0,1168.0,3.0,0.0,0.0,1257.0,1.0,893.0,0.0,1282.0,2.0
2023-03-20 10:30:32.678000+00:00,1212.0,0.0,1212.0,0.0,0.0,0.0,5501.0,0.0,0.0,0.0,919.0,0.0,1171.0,1.0,0.0,0.0,1257.0,0.0,893.0,0.0,1287.0,3.0
2023-03-20 10:30:37.678000+00:00,1215.0,2.0,1215.0,0.0,0.0,0.0,5513.0,0.0,0.0,0.0,919.0,0.0,1171.0,0.0,0.0,0.0,1258.0,1.0,893.0,0.0,1292.0,3.0
2023-03-20 10:30:42.678000+00:00,1218.0,2.0,1218.0,1.0,0.0,0.0,5527.0,1.0,0.0,0.0,924.0,2.0,1172.0,1.0,0.0,0.0,1261.0,2.0,898.0,2.0,1294.0,1.0
2023-03-20 10:30:47.678000+00:00,1220.0,1.0,1220.0,1.0,0.0,0.0,5532.0,0.0,0.0,0.0,924.0,0.0,1172.0,0.0,0.0,0.0,1261.0,0.0,898.0,0.0,1296.0,1.0
2023-03-20 10:30:52.678000+00:00,1220.0,0.0,1220.0,0.0,0.0,0.0,5536.0,0.0,0.0,0.0,926.0,2.0,1173.0,0.0,0.0,0.0,1263.0,1.0,900.0,1.0,1302.0,3.0
2023-03-20 10:30:57.678000+00:00,1220.0,0.0,1220.0,0.0,0.0,0.0,5536.0,0.0,0.0,0.0,926.0,0.0,1176.0,2.0,0.0,0.0,1265.0,1.0,900.0,0.0,1302.0,0.0
2023-03-20 10:31:02.678000+00:00,1221.0,0.0,1221.0,0.0,0.0,0.0,5540.0,0.0,0.0,0.0,927.0,0.0,1176.0,0.0,0.0,0.0,1273.0,4.0,901.0,1.0,1302.0,0.0
2023-03-20 10:31:07.678000+00:00,1223.0,0.0,1223.0,1.0,0.0,0.0,5548.0,0.0,0.0,0.0,928.0,1.0,1178.0,1.0,0.0,0.0,1275.0,1.0,902.0,0.0,1304.0,2.0
2023-03-20 10:31:12.678000+00:00,1223.0,0.0,1223.0,0.0,0.0,0.0,5548.0,0.0,0.0,0.0,929.0,0.0,1179.0,0.0,0.0,0.0,1279.0,2.0,903.0,1.0,1307.0,3.0
2023-03-20 10:31:17.678000+00:00,1225.0,1.0,1225.0,1.0,0.0,0.0,5557.0,0.0,0.0,0.0,930.0,0.0,1181.0,2.0,0.0,0.0,1286.0,3.0,904.0,0.0,1307.0,0.0
2023-03-20 10:31:22.678000+00:00,1229.0,1.0,1229.0,1.0,0.0,0.0,5575.0,1.0,0.0,0.0,930.0,0.0,1183.0,2.0,0.0,0.0,1287.0,1.0,904.0,0.0,1309.0,2.0
2023-03-20 10:31:27.678000+00:00,1234.0,1.0,1234.0,0.0,0.0,0.0,5600.0,1.0,0.0,0.0,935.0,2.0,1184.0,1.0,0.0,0.0,1288.0,1.0,908.0,4.0,1310.0,0.0
2023-03-20 10:31:32.678000+00:00,1237.0,0.0,1237.0,0.0,0.0,0.0,5614.0,0.0,0.0,0.0,937.0,2.0,1186.0,1.0,0.0,0.0,1288.0,0.0,911.0,2.0,1313.0,1.0
2023-03-20 10:31:37.678000+00:00,1240.0,0.0,1240.0,2.0,0.0,0.0,5628.0,3.0,0.0,0.0,939.0,1.0,1187.0,1.0,0.0,0.0,1289.0,5.0,913.0,1.0,1314.0,0.0
2023-03-20 10:31:42.678000+00:00,1244.0,0.0,1244.0,2.0,0.0,0.0,5647.0,1.0,0.0,0.0,942.0,2.0,1187.0,0.0,0.0,0.0,1290.0,0.0,916.0,2.0,1316.0,2.0
2023-03-20 10:31:47.678000+00:00,1247.0,2.0,1247.0,0.0,0.0,0.0,5661.0,2.0,0.0,0.0,945.0,3.0,1188.0,0.0,0.0,0.0,1292.0,2.0,919.0,2.0,1318.0,1.0
2023-03-20 10:31:52.678000+00:00,1250.0,1.0,1250.0,0.0,0.0,0.0,5674.0,1.0,0.0,0.0,947.0,1.0,1193.0,0.0,0.0,0.0,1293.0,1.0,921.0,1.0,1319.0,1.0
2023-03-20 10:31:57.678000+00:00,1251.0,0.0,1251.0,0.0,0.0,0.0,5679.0,0.0,0.0,0.0,949.0,2.0,1197.0,2.0,0.0,0.0,1295.0,1.0,923.0,1.0,1320.0,0.0
2023-03-20 10:32:02.678000+00:00,1253.0,1.0,1253.0,1.0,0.0,0.0,5688.0,0.0,0.0,0.0,951.0,1.0,1199.0,1.0,0.0,0.0,1298.0,2.0,925.0,1.0,1323.0,2.0
2023-03-20 10:32:07.678000+00:00,1254.0,0.0,1254.0,0.0,0.0,0.0,5692.0,0.0,0.0,0.0,952.0,0.0,1200.0,1.0,0.0,0.0,1301.0,5.0,926.0,1.0,1324.0,1.0
2023-03-20 10:32:12.678000+00:00,1255.0,0.0,1255.0,1.0,0.0,0.0,5697.0,0.0,0.0,0.0,952.0,0.0,1203.0,1.0,0.0,0.0,1302.0,0.0,926.0,0.0,1326.0,1.0
2023-03-20 10:32:17.678000+00:00,1256.0,0.0,1256.0,0.0,0.0,0.0,5701.0,0.0,0.0,0.0,953.0,1.0,1209.0,2.0,0.0,0.0,1303.0,0.0,927.0,0.0,1327.0,1.0
2023-03-20 10:32:22.678000+00:00,1258.0,1.0,1258.0,1.0,0.0,0.0,5710.0,0.0,0.0,0.0,953.0,0.0,1211.0,0.0,0.0,0.0,1305.0,1.0,927.0,0.0,1329.0,1.0
2023-03-20 10:32:27.678000+00:00,1260.0,0.0,1260.0,1.0,0.0,0.0,5719.0,0.0,0.0,0.0,955.0,0.0,1213.0,1.0,0.0,0.0,1308.0,2.0,929.0,2.0,1334.0,7.0
2023-03-20 10:32:32.678000+00:00,1260.0,0.0,1260.0,0.0,0.0,0.0,5719.0,0.0,0.0,0.0,955.0,0.0,1214.0,0.0,0.0,0.0,1308.0,0.0,929.0,0.0,1336.0,1.0
2023-03-20 10:32:37.678000+00:00,1263.0,3.0,1263.0,0.0,0.0,0.0,5733.0,0.0,0.0,0.0,957.0,2.0,1215.0,1.0,0.0,0.0,1310.0,1.0,931.0,1.0,1341.0,3.0
2023-03-20 10:32:42.678000+00:00,1265.0,2.0,1265.0,1.0,0.0,0.0,5742.0,0.0,0.0,0.0,958.0,0.0,1218.0,0.0,0.0,0.0,1311.0,1.0,932.0,1.0,1344.0,2.0
2023-03-20 10:32:47.678000+00:00,1265.0,0.0,1265.0,0.0,0.0,0.0,5742.0,0.0,0.0,0.0,960.0,5.0,1219.0,0.0,0.0,0.0,1311.0,0.0,934.0,0.0,1345.0,0.0
2023-03-20 10:32:52.678000+00:00,1267.0,1.0,1267.0,0.0,0.0,0.0,5751.0,0.0,0.0,0.0,960.0,0.0,1219.0,0.0,0.0,0.0,1312.0,1.0,934.0,0.0,1348.0,1.0
2023-03-20 10:32:57.678000+00:00,1268.0,0.0,1268.0,0.0,0.0,0.0,5756.0,0.0,0.0,0.0,962.0,1.0,1220.0,1.0,0.0,0.0,1319.0,2.0,936.0,0.0,1349.0,0.0
2023-03-20 10:33:02.678000+00:00,1268.0,0.0,1268.0,0.0,0.0,0.0,5756.0,0.0,0.0,0.0,963.0,0.0,1222.0,0.0,0.0,0.0,1320.0,0.0,937.0,1.0,1350.0,0.0
2023-03-20 10:33:07.678000+00:00,1271.0,3.0,1271.0,1.0,0.0,0.0,5772.0,0.0,0.0,0.0,964.0,1.0,1222.0,0.0,0.0,0.0,1322.0,1.0,938.0,1.0,1351.0,0.0
2023-03-20 10:33:12.678000+00:00,1273.0,0.0,1273.0,0.0,0.0,0.0,5781.0,0.0,0.0,0.0,965.0,0.0,1224.0,1.0,0.0,0.0,1323.0,0.0,939.0,1.0,1354.0,1.0
2023-03-20 10:33:17.678000+00:00,1276.0,0.0,1276.0,0.0,0.0,0.0,5797.0,0.0,0.0,0.0,965.0,0.0,1226.0,1.0,0.0,0.0,1329.0,4.0,939.0,0.0,1354.0,0.0
2023-03-20 10:33:22.678000+00:00,1276.0,0.0,1276.0,0.0,0.0,0.0,5797.0,0.0,0.0,0.0,967.0,1.0,1227.0,0.0,0.0,0.0,1332.0,3.0,941.0,2.0,1355.0,0.0
2023-03-20 10:33:27.678000+00:00,1279.0,1.0,1279.0,2.0,0.0,0.0,5812.0,0.0,0.0,0.0,970.0,1.0,1228.0,0.0,0.0,0.0,1332.0,0.0,943.0,1.0,1356.0,1.0
2023-03-20 10:33:32.678000+00:00,1281.0,1.0,1281.0,0.0,0.0,0.0,5822.0,1.0,0.0,0.0,971.0,0.0,1228.0,0.0,0.0,0.0,1335.0,2.0,945.0,0.0,1357.0,1.0
2023-03-20 10:33:37.678000+00:00,1285.0,2.0,1285.0,1.0,0.0,0.0,5837.0,0.0,0.0,0.0,971.0,0.0,1231.0,2.0,0.0,0.0,1336.0,1.0,945.0,0.0,1359.0,2.0
2023-03-20 10:33:42.678000+00:00,1290.0,2.0,1290.0,0.0,0.0,0.0,5865.0,0.0,0.0,0.0,975.0,1.0,1234.0,0.0,0.0,0.0,1336.0,0.0,949.0,4.0,1360.0,1.0
2023-03-20 10:33:47.678000+00:00,1292.0,1.0,1292.0,1.0,0.0,0.0,5874.0,0.0,0.0,0.0,977.0,2.0,1235.0,0.0,0.0,0.0,1336.0,0.0,951.0,1.0,1361.0,1.0
2023-03-20 10:33:52.678000+00:00,1293.0,0.0,1293.0,1.0,0.0,0.0,5879.0,0.0,0.0,0.0,979.0,1.0,1236.0,1.0,0.0,0.0,1337.0,0.0,953.0,1.0,1364.0,1.0
2023-03-20 10:33:57.678000+00:00,1294.0,0.0,1294.0,0.0,0.0,0.0,5884.0,0.0,0.0,0.0,979.0,0.0,1238.0,0.0,0.0,0.0,1338.0,1.0,953.0,0.0,1366.0,1.0
2023-03-20 10:34:02.678000+00:00,1296.0,0.0,1296.0,1.0,0.0,0.0,5892.0,0.0,0.0,0.0,981.0,2.0,1239.0,1.0,0.0,0.0,1340.0,1.0,955.0,2.0,1367.0,0.0
2023-03-20 10:34:07.678000+00:00,1296.0,0.0,1296.0,0.0,0.0,0.0,5892.0,0.0,0.0,0.0,982.0,0.0,1243.0,2.0,0.0,0.0,1340.0,0.0,956.0,0.0,1367.0,0.0
2023-03-20 10:34:12.678000+00:00,1297.0,0.0,1297.0,0.0,0.0,0.0,5897.0,0.0,0.0,0.0,982.0,0.0,1250.0,3.0,0.0,0.0,1342.0,2.0,956.0,0.0,1371.0,3.0
2023-03-20 10:34:17.678000+00:00,1297.0,0.0,1297.0,0.0,0.0,0.0,5897.0,0.0,0.0,0.0,982.0,0.0,1251.0,1.0,0.0,0.0,1344.0,0.0,956.0,0.0,1374.0,1.0
2023-03-20 10:34:22.678000+00:00,1298.0,0.0,1298.0,0.0,0.0,0.0,5901.0,0.0,0.0,0.0,983.0,0.0,1254.0,1.0,0.0,0.0,1346.0,2.0,957.0,0.0,1375.0,1.0
2023-03-20 10:34:27.678000+00:00,1298.0,0.0,1298.0,0.0,0.0,0.0,5901.0,0.0,0.0,0.0,983.0,0.0,1254.0,0.0,0.0,0.0,1346.0,0.0,957.0,0.0,1379.0,2.0
2023-03-20 10:34:32.678000+00:00,1300.0,1.0,1300.0,1.0,0.0,0.0,5908.0,0.0,0.0,0.0,983.0,0.0,1255.0,0.0,0.0,0.0,1350.0,2.0,957.0,0.0,1380.0,0.0
2023-03-20 10:34:37.678000+00:00,1303.0,2.0,1303.0,2.0,0.0,0.0,5924.0,0.0,0.0,0.0,987.0,2.0,1255.0,0.0,0.0,0.0,1351.0,0.0,961.0,0.0,1383.0,0.0
2023-03-20 10:34:42.678000+00:00,1304.0,0.0,1304.0,0.0,0.0,0.0,5928.0,0.0,0.0,0.0,988.0,1.0,1256.0,0.0,0.0,0.0,1353.0,1.0,962.0,0.0,1389.0,2.0
2023-03-20 10:34:47.678000+00:00,1304.0,0.0,1304.0,0.0,0.0,0.0,5928.0,0.0,0.0,0.0,989.0,1.0,1257.0,0.0,0.0,0.0,1355.0,1.0,963.0,0.0,1392.0,1.0
2023-03-20 10:34:52.678000+00:00,1307.0,2.0,1307.0,2.0,0.0,0.0,5938.0,0.0,0.0,0.0,991.0,0.0,1258.0,3.0,0.0,0.0,1357.0,1.0,964.0,0.0,1394.0,1.0
2023-03-20 10:34:57.678000+00:00,1308.0,1.0,1308.0,0.0,0.0,0.0,5947.0,0.0,0.0,0.0,992.0,1.0,1261.0,1.0,0.0,0.0,1359.0,1.0,966.0,0.0,1395.0,1.0
2023-03-20 10:35:02.678000+00:00,1310.0,2.0,1310.0,1.0,0.0,0.0,5955.0,1.0,0.0,0.0,994.0,0.0,1261.0,0.0,0.0,0.0,1362.0,2.0,968.0,1.0,1395.0,0.0
2023-03-20 10:35:07.678000+00:00,1310.0,0.0,1310.0,0.0,0.0,0.0,5955.0,0.0,0.0,0.0,995.0,0.0,1262.0,0.0,0.0,0.0,1366.0,3.0,969.0,0.0,1397.0,1.0
2023-03-20 10:35:12.678000+00:00,1313.0,4.0,1313.0,1.0,0.0,0.0,5970.0,0.0,0.0,0.0,997.0,0.0,1263.0,0.0,0.0,0.0,1370.0,3.0,971.0,2.0,1398.0,1.0
2023-03-20 10:35:17.678000+00:00,1317.0,2.0,1317.0,1.0,0.0,0.0,5988.0,0.0,0.0,0.0,998.0,1.0,1264.0,0.0,0.0,0.0,1374.0,3.0,972.0,1.0,1398.0,0.0
2023-03-20 10:35:22.678000+00:00,1319.0,0.0,1319.0,1.0,0.0,0.0,5997.0,0.0,0.0,0.0,1001.0,2.0,1266.0,0.0,0.0,0.0,1377.0,3.0,975.0,2.0,1400.0,2.0
2023-03-20 10:35:27.678000+00:00,1323.0,2.0,1323.0,3.0,0.0,0.0,6017.0,0.0,0.0,0.0,1003.0,1.0,1267.0,0.0,0.0,0.0,1378.0,0.0,977.0,1.0,1402.0,0.0
2023-03-20 10:35:32.678000+00:00,1327.0,1.0,1327.0,3.0,0.0,0.0,6033.0,0.0,0.0,0.0,1006.0,2.0,1269.0,1.0,0.0,0.0,1378.0,0.0,980.0,2.0,1405.0,5.0
2023-03-20 10:35:37.678000+00:00,1328.0,0.0,1328.0,0.0,0.0,0.0,6042.0,1.0,0.0,0.0,1009.0,2.0,1272.0,2.0,0.0,0.0,1378.0,0.0,983.0,2.0,1405.0,0.0
2023-03-20 10:35:42.678000+00:00,1331.0,1.0,1331.0,0.0,0.0,0.0,6056.0,1.0,0.0,0.0,1010.0,1.0,1276.0,1.0,0.0,0.0,1379.0,1.0,984.0,1.0,1406.0,1.0
2023-03-20 10:35:47.678000+00:00,1335.0,1.0,1335.0,2.0,0.0,0.0,6075.0,0.0,0.0,0.0,1013.0,2.0,1277.0,0.0,0.0,0.0,1382.0,3.0,987.0,1.0,1407.0,0.0
2023-03-20 10:35:52.678000+00:00,1337.0,0.0,1337.0,2.0,0.0,0.0,6082.0,0.0,0.0,0.0,1015.0,1.0,1280.0,1.0,0.0,0.0,1382.0,0.0,989.0,1.0,1410.0,2.0
2023-03-20 10:35:57.678000+00:00,1339.0,1.0,1339.0,0.0,0.0,0.0,6094.0,1.0,0.0,0.0,1017.0,0.0,1282.0,1.0,0.0,0.0,1382.0,0.0,991.0,2.0,1410.0,0.0
2023-03-20 10:36:02.678000+00:00,1339.0,0.0,1339.0,0.0,0.0,0.0,6094.0,0.0,0.0,0.0,1017.0,0.0,1283.0,1.0,0.0,0.0,1385.0,1.0,991.0,0.0,1414.0,3.0
2023-03-20 10:36:07.678000+00:00,1339.0,0.0,1339.0,0.0,0.0,0.0,6094.0,0.0,0.0,0.0,1017.0,0.0,1288.0,1.0,0.0,0.0,1387.0,1.0,991.0,0.0,1415.0,1.0
2023-03-20 10:36:12.678000+00:00,1340.0,0.0,1340.0,0.0,0.0,0.0,6098.0,0.0,0.0,0.0,1018.0,0.0,1290.0,0.0,0.0,0.0,1388.0,1.0,992.0,1.0,1420.0,4.0
2023-03-20 10:36:17.678000+00:00,1340.0,0.0,1340.0,0.0,0.0,0.0,6098.0,0.0,0.0,0.0,1018.0,0.0,1293.0,3.0,0.0,0.0,1390.0,1.0,992.0,0.0,1424.0,4.0
2023-03-20 10:36:22.678000+00:00,1343.0,1.0,1343.0,0.0,0.0,0.0,6113.0,0.0,0.0,0.0,1020.0,2.0,1296.0,2.0,0.0,0.0,1392.0,1.0,994.0,0.0,1424.0,0.0
2023-03-20 10:36:27.678000+00:00,1344.0,1.0,1343.0,0.0,0.0,0.0,6113.0,0.0,0.0,0.0,1020.0,0.0,1298.0,1.0,0.0,0.0,1392.0,0.0,994.0,0.0,1429.0,3.0
2023-03-20 10:36:32.678000+00:00,1347.0,1.0,1347.0,0.0,0.0,0.0,6130.0,0.0,0.0,0.0,1021.0,0.0,1300.0,1.0,0.0,0.0,1395.0,3.0,995.0,1.0,1432.0,1.0
2023-03-20 10:36:37.678000+00:00,1349.0,0.0,1349.0,1.0,0.0,0.0,6141.0,0.0,0.0,0.0,1025.0,2.0,1301.0,1.0,0.0,0.0,1398.0,1.0,999.0,2.0,1435.0,2.0
2023-03-20 10:36:42.678000+00:00,1351.0,0.0,1351.0,1.0,0.0,0.0,6150.0,0.0,0.0,0.0,1025.0,0.0,1301.0,0.0,0.0,0.0,1401.0,1.0,999.0,0.0,1436.0,0.0
2023-03-20 10:36:47.678000+00:00,1351.0,0.0,1351.0,0.0,0.0,0.0,6150.0,0.0,0.0,0.0,1026.0,0.0,1302.0,0.0,0.0,0.0,1404.0,2.0,1000.0,0.0,1441.0,2.0
2023-03-20 10:36:52.678000+00:00,1351.0,0.0,1351.0,0.0,0.0,0.0,6150.0,0.0,0.0,0.0,1026.0,0.0,1302.0,0.0,0.0,0.0,1407.0,1.0,1000.0,0.0,1443.0,2.0
2023-03-20 10:36:57.678000+00:00,1353.0,1.0,1353.0,1.0,0.0,0.0,6159.0,0.0,0.0,0.0,1027.0,1.0,1305.0,2.0,0.0,0.0,1408.0,0.0,1001.0,0.0,1443.0,0.0
2023-03-20 10:37:02.678000+00:00,1357.0,0.0,1357.0,1.0,0.0,0.0,6179.0,0.0,0.0,0.0,1030.0,2.0,1306.0,0.0,0.0,0.0,1410.0,0.0,1003.0,1.0,1444.0,1.0
2023-03-20 10:37:07.678000+00:00,1361.0,0.0,1361.0,2.0,0.0,0.0,6198.0,0.0,0.0,0.0,1032.0,0.0,1309.0,2.0,0.0,0.0,1416.0,5.0,1006.0,2.0,1444.0,0.0
2023-03-20 10:37:12.678000+00:00,1363.0,0.0,1363.0,0.0,0.0,0.0,6206.0,0.0,0.0,0.0,1035.0,3.0,1311.0,0.0,0.0,0.0,1418.0,0.0,1008.0,1.0,1446.0,1.0
2023-03-20 10:37:17.678000+00:00,1367.0,1.0,1367.0,2.0,0.0,0.0,6224.0,0.0,0.0,0.0,1038.0,2.0,1311.0,0.0,0.0,0.0,1421.0,0.0,1011.0,1.0,1448.0,0.0
2023-03-20 10:37:22.678000+00:00,1367.0,0.0,1367.0,0.0,0.0,0.0,6224.0,0.0,0.0,0.0,1038.0,0.0,1312.0,0.0,0.0,0.0,1425.0,3.0,1011.0,0.0,1448.0,0.0
2023-03-20 10:37:27.678000+00:00,1369.0,0.0,1369.0,0.0,0.0,0.0,6234.0,0.0,0.0,0.0,1039.0,1.0,1313.0,0.0,0.0,0.0,1425.0,0.0,1012.0,0.0,1450.0,1.0
2023-03-20 10:37:32.678000+00:00,1372.0,0.0,1372.0,0.0,0.0,0.0,6248.0,0.0,0.0,0.0,1041.0,1.0,1315.0,2.0,0.0,0.0,1426.0,1.0,1013.0,0.0,1453.0,2.0
2023-03-20 10:37:37.678000+00:00,1375.0,2.0,1375.0,1.0,0.0,0.0,6262.0,1.0,0.0,0.0,1042.0,0.0,1320.0,3.0,0.0,0.0,1427.0,0.0,1015.0,2.0,1455.0,0.0
2023-03-20 10:37:42.678000+00:00,1379.0,2.0,1379.0,1.0,0.0,0.0,6278.0,0.0,0.0,0.0,1046.0,2.0,1326.0,2.0,0.0,0.0,1427.0,0.0,1019.0,3.0,1455.0,0.0
2023-03-20 10:37:47.678000+00:00,1383.0,2.0,1383.0,1.0,0.0,0.0,6297.0,0.0,0.0,0.0,1049.0,2.0,1327.0,1.0,0.0,0.0,1430.0,0.0,1022.0,1.0,1458.0,1.0
2023-03-20 10:37:52.678000+00:00,1384.0,1.0,1384.0,0.0,0.0,0.0,6302.0,0.0,0.0,0.0,1051.0,2.0,1328.0,0.0,0.0,0.0,1432.0,1.0,1024.0,0.0,1458.0,0.0
2023-03-20 10:37:57.678000+00:00,1386.0,0.0,1386.0,1.0,0.0,0.0,6311.0,0.0,0.0,0.0,1052.0,0.0,1331.0,0.0,0.0,0.0,1435.0,3.0,1025.0,1.0,1460.0,0.0
2023-03-20 10:38:02.678000+00:00,1388.0,1.0,1388.0,0.0,0.0,0.0,6316.0,0.0,0.0,0.0,1054.0,1.0,1331.0,0.0,0.0,0.0,1436.0,2.0,1027.0,0.0,1461.0,0.0
2023-03-20 10:38:07.678000+00:00,1390.0,1.0,1390.0,0.0,0.0,0.0,6324.0,0.0,0.0,0.0,1055.0,0.0,1333.0,0.0,0.0,0.0,1437.0,1.0,1028.0,0.0,1467.0,3.0
2023-03-20 10:38:12.678000+00:00,1391.0,0.0,1391.0,0.0,0.0,0.0,6332.0,0.0,0.0,0.0,1057.0,0.0,1339.0,0.0,0.0,0.0,1438.0,1.0,1030.0,0.0,1471.0,3.0
2023-03-20 10:38:17.678000+00:00,1392.0,0.0,1392.0,0.0,0.0,0.0,6337.0,0.0,0.0,0.0,1057.0,0.0,1340.0,1.0,0.0,0.0,1440.0,0.0,1030.0,0.0,1473.0,2.0
2023-03-20 10:38:22.678000+00:00,1396.0,2.0,1396.0,1.0,0.0,0.0,6354.0,0.0,0.0,0.0,1060.0,0.0,1343.0,0.0,0.0,0.0,1440.0,0.0,1033.0,2.0,1474.0,1.0
2023-03-20 10:38:27.678000+00:00,1396.0,0.0,1396.0,0.0,0.0,0.0,6354.0,0.0,0.0,0.0,1061.0,0.0,1345.0,1.0,0.0,0.0,1442.0,2.0,1034.0,0.0,1476.0,1.0
2023-03-20 10:38:32.678000+00:00,1397.0,0.0,1397.0,0.0,0.0,0.0,6358.0,0.0,0.0,0.0,1062.0,1.0,1346.0,0.0,0.0,0.0,1445.0,2.0,1034.0,0.0,1478.0,1.0
2023-03-20 10:38:37.678000+00:00,1398.0,0.0,1398.0,1.0,0.0,0.0,6362.0,1.0,0.0,0.0,1063.0,0.0,1348.0,0.0,0.0,0.0,1449.0,3.0,1036.0,1.0,1479.0,0.0
2023-03-20 10:38:42.678000+00:00,1400.0,2.0,1400.0,1.0,0.0,0.0,6371.0,0.0,0.0,0.0,1064.0,0.0,1351.0,0.0,0.0,0.0,1451.0,1.0,1037.0,1.0,1480.0,0.0
2023-03-20 10:38:47.678000+00:00,1400.0,0.0,1400.0,0.0,0.0,0.0,6371.0,0.0,0.0,0.0,1064.0,0.0,1354.0,2.0,0.0,0.0,1455.0,0.0,1037.0,0.0,1486.0,4.0
2023-03-20 10:38:52.678000+00:00,1401.0,0.0,1401.0,0.0,0.0,0.0,6375.0,0.0,0.0,0.0,1065.0,1.0,1355.0,0.0,0.0,0.0,1455.0,0.0,1038.0,0.0,1491.0,2.0
2023-03-20 10:38:57.678000+00:00,1405.0,1.0,1405.0,1.0,0.0,0.0,6390.0,0.0,0.0,0.0,1065.0,0.0,1357.0,1.0,0.0,0.0,1457.0,2.0,1038.0,0.0,1491.0,0.0
2023-03-20 10:39:02.678000+00:00,1408.0,2.0,1408.0,1.0,0.0,0.0,6407.0,1.0,0.0,0.0,1068.0,2.0,1358.0,0.0,0.0,0.0,1460.0,3.0,1041.0,2.0,1491.0,0.0
2023-03-20 10:39:07.678000+00:00,1411.0,0.0,1411.0,0.0,0.0,0.0,6423.0,0.0,0.0,0.0,1070.0,1.0,1359.0,0.0,0.0,0.0,1462.0,2.0,1043.0,1.0,1494.0,4.0
2023-03-20 10:39:12.678000+00:00,1412.0,0.0,1412.0,1.0,0.0,0.0,6427.0,0.0,0.0,0.0,1073.0,0.0,1359.0,0.0,0.0,0.0,1466.0,3.0,1046.0,0.0,1498.0,0.0
2023-03-20 10:39:17.678000+00:00,1415.0,2.0,1415.0,1.0,0.0,0.0,6441.0,0.0,0.0,0.0,1075.0,2.0,1360.0,1.0,0.0,0.0,1469.0,2.0,1048.0,2.0,1498.0,0.0
2023-03-20 10:39:22.678000+00:00,1418.0,1.0,1418.0,0.0,0.0,0.0,6454.0,1.0,0.0,0.0,1078.0,1.0,1362.0,1.0,0.0,0.0,1472.0,0.0,1051.0,0.0,1500.0,1.0
2023-03-20 10:39:27.678000+00:00,1421.0,2.0,1421.0,1.0,0.0,0.0,6468.0,1.0,0.0,0.0,1080.0,0.0,1363.0,1.0,0.0,0.0,1475.0,1.0,1053.0,0.0,1502.0,1.0
2023-03-20 10:39:32.678000+00:00,1422.0,1.0,1422.0,0.0,0.0,0.0,6472.0,0.0,0.0,0.0,1083.0,2.0,1366.0,2.0,0.0,0.0,1475.0,0.0,1056.0,1.0,1504.0,2.0
2023-03-20 10:39:37.678000+00:00,1425.0,0.0,1425.0,3.0,0.0,0.0,6485.0,0.0,0.0,0.0,1084.0,1.0,1370.0,2.0,0.0,0.0,1476.0,0.0,1057.0,0.0,1504.0,0.0
2023-03-20 10:39:42.678000+00:00,1427.0,1.0,1427.0,1.0,0.0,0.0,6494.0,0.0,0.0,0.0,1087.0,1.0,1374.0,1.0,0.0,0.0,1480.0,2.0,1059.0,3.0,1504.0,0.0
2023-03-20 10:39:47.678000+00:00,1427.0,0.0,1427.0,0.0,0.0,0.0,6494.0,0.0,0.0,0.0,1088.0,1.0,1374.0,0.0,0.0,0.0,1481.0,0.0,1061.0,1.0,1506.0,2.0
2023-03-20 10:39:52.678000+00:00,1429.0,2.0,1429.0,0.0,0.0,0.0,6504.0,1.0,0.0,0.0,1089.0,1.0,1375.0,1.0,0.0,0.0,1483.0,2.0,1061.0,0.0,1507.0,0.0
2023-03-20 10:39:57.678000+00:00,1430.0,0.0,1430.0,1.0,0.0,0.0,6508.0,0.0,0.0,0.0,1089.0,0.0,1378.0,3.0,0.0,0.0,1485.0,1.0,1062.0,1.0,1508.0,0.0
2023-03-20 10:40:02.678000+00:00,1431.0,0.0,1431.0,0.0,0.0,0.0,6512.0,0.0,0.0,0.0,1090.0,0.0,1380.0,2.0,0.0,0.0,1486.0,1.0,1063.0,0.0,1511.0,3.0
2023-03-20 10:40:07.678000+00:00,1432.0,1.0,1432.0,1.0,0.0,0.0,6517.0,1.0,0.0,0.0,1092.0,0.0,1382.0,3.0,0.0,0.0,1486.0,0.0,1065.0,1.0,1516.0,2.0
2023-03-20 10:40:12.678000+00:00,1433.0,0.0,1433.0,0.0,0.0,0.0,6522.0,0.0,0.0,0.0,1092.0,0.0,1382.0,0.0,0.0,0.0,1486.0,0.0,1065.0,0.0,1518.0,0.0
2023-03-20 10:40:17.678000+00:00,1436.0,2.0,1436.0,1.0,0.0,0.0,6535.0,0.0,0.0,0.0,1093.0,1.0,1385.0,1.0,0.0,0.0,1487.0,1.0,1066.0,0.0,1518.0,0.0
2023-03-20 10:40:22.678000+00:00,1437.0,1.0,1437.0,1.0,0.0,0.0,6539.0,0.0,0.0,0.0,1096.0,1.0,1385.0,0.0,0.0,0.0,1490.0,2.0,1069.0,1.0,1520.0,1.0
2023-03-20 10:40:27.678000+00:00,1439.0,0.0,1439.0,0.0,0.0,0.0,6549.0,1.0,0.0,0.0,1098.0,2.0,1388.0,2.0,0.0,0.0,1491.0,2.0,1071.0,0.0,1524.0,1.0
2023-03-20 10:40:32.678000+00:00,1440.0,0.0,1440.0,1.0,0.0,0.0,6553.0,0.0,0.0,0.0,1098.0,0.0,1388.0,0.0,0.0,0.0,1496.0,2.0,1071.0,0.0,1527.0,2.0
2023-03-20 10:40:37.678000+00:00,1441.0,0.0,1441.0,0.0,0.0,0.0,6558.0,0.0,0.0,0.0,1099.0,1.0,1389.0,0.0,0.0,0.0,1498.0,4.0,1072.0,0.0,1527.0,0.0
2023-03-20 10:40:42.678000+00:00,1443.0,0.0,1443.0,1.0,0.0,0.0,6569.0,0.0,0.0,0.0,1100.0,1.0,1390.0,1.0,0.0,0.0,1499.0,1.0,1073.0,1.0,1528.0,0.0
2023-03-20 10:40:47.678000+00:00,1445.0,1.0,1445.0,0.0,0.0,0.0,6577.0,1.0,0.0,0.0,1101.0,0.0,1392.0,1.0,0.0,0.0,1500.0,0.0,1074.0,1.0,1530.0,1.0
2023-03-20 10:40:52.678000+00:00,1447.0,0.0,1447.0,0.0,0.0,0.0,6583.0,0.0,0.0,0.0,1101.0,0.0,1393.0,1.0,0.0,0.0,1504.0,2.0,1074.0,0.0,1531.0,1.0
2023-03-20 10:40:57.678000+00:00,1448.0,0.0,1448.0,0.0,0.0,0.0,6591.0,0.0,0.0,0.0,1102.0,0.0,1394.0,1.0,0.0,0.0,1505.0,0.0,1075.0,0.0,1532.0,1.0
2023-03-20 10:41:02.678000+00:00,1451.0,0.0,1451.0,2.0,0.0,0.0,6604.0,0.0,0.0,0.0,1106.0,3.0,1398.0,0.0,0.0,0.0,1506.0,1.0,1079.0,2.0,1533.0,1.0
2023-03-20 10:41:07.678000+00:00,1454.0,1.0,1454.0,0.0,0.0,0.0,6617.0,0.0,0.0,0.0,1108.0,4.0,1399.0,1.0,0.0,0.0,1510.0,3.0,1081.0,2.0,1534.0,1.0
2023-03-20 10:41:12.678000+00:00,1454.0,0.0,1454.0,0.0,0.0,0.0,6621.0,0.0,0.0,0.0,1110.0,2.0,1399.0,0.0,0.0,0.0,1512.0,2.0,1083.0,2.0,1535.0,1.0
2023-03-20 10:41:17.678000+00:00,1455.0,0.0,1455.0,1.0,0.0,0.0,6626.0,0.0,0.0,0.0,1110.0,0.0,1399.0,0.0,0.0,0.0,1513.0,1.0,1083.0,0.0,1537.0,1.0
2023-03-20 10:41:22.678000+00:00,1458.0,0.0,1458.0,2.0,0.0,0.0,6640.0,0.0,0.0,0.0,1111.0,1.0,1402.0,1.0,0.0,0.0,1513.0,0.0,1084.0,0.0,1538.0,0.0
2023-03-20 10:41:27.678000+00:00,1461.0,2.0,1461.0,2.0,0.0,0.0,6653.0,0.0,0.0,0.0,1116.0,3.0,1406.0,4.0,0.0,0.0,1513.0,0.0,1089.0,2.0,1539.0,0.0
2023-03-20 10:41:32.678000+00:00,1462.0,1.0,1462.0,0.0,0.0,0.0,6659.0,0.0,0.0,0.0,1117.0,0.0,1408.0,2.0,0.0,0.0,1514.0,1.0,1090.0,0.0,1540.0,0.0
2023-03-20 10:41:37.678000+00:00,1465.0,2.0,1465.0,2.0,0.0,0.0,6673.0,0.0,0.0,0.0,1118.0,0.0,1409.0,1.0,0.0,0.0,1516.0,2.0,1090.0,0.0,1544.0,3.0
2023-03-20 10:41:42.678000+00:00,1467.0,0.0,1467.0,2.0,0.0,0.0,6681.0,0.0,0.0,0.0,1120.0,1.0,1412.0,1.0,0.0,0.0,1516.0,0.0,1093.0,1.0,1545.0,1.0
2023-03-20 10:41:47.678000+00:00,1468.0,1.0,1468.0,1.0,0.0,0.0,6685.0,0.0,0.0,0.0,1122.0,2.0,1413.0,0.0,0.0,0.0,1518.0,2.0,1094.0,1.0,1545.0,0.0
2023-03-20 10:41:52.678000+00:00,1469.0,0.0,1469.0,0.0,0.0,0.0,6690.0,0.0,0.0,0.0,1122.0,0.0,1414.0,1.0,0.0,0.0,1519.0,1.0,1095.0,1.0,1546.0,1.0
2023-03-20 10:41:57.678000+00:00,1470.0,1.0,1470.0,1.0,0.0,0.0,6694.0,0.0,0.0,0.0,1123.0,1.0,1417.0,0.0,0.0,0.0,1522.0,1.0,1096.0,1.0,1550.0,4.0
2023-03-20 10:42:02.678000+00:00,1470.0,0.0,1470.0,0.0,0.0,0.0,6694.0,0.0,0.0,0.0,1124.0,1.0,1419.0,2.0,0.0,0.0,1522.0,0.0,1097.0,1.0,1555.0,1.0
2023-03-20 10:42:07.678000+00:00,1471.0,0.0,1471.0,0.0,0.0,0.0,6699.0,1.0,0.0,0.0,1124.0,0.0,1422.0,2.0,0.0,0.0,1523.0,0.0,1097.0,0.0,1555.0,0.0
2023-03-20 10:42:12.678000+00:00,1472.0,1.0,1472.0,1.0,0.0,0.0,6704.0,0.0,0.0,0.0,1125.0,0.0,1423.0,1.0,0.0,0.0,1526.0,1.0,1098.0,1.0,1555.0,0.0
2023-03-20 10:42:17.678000+00:00,1474.0,1.0,1474.0,0.0,0.0,0.0,6712.0,0.0,0.0,0.0,1127.0,1.0,1425.0,1.0,0.0,0.0,1527.0,1.0,1100.0,0.0,1556.0,1.0
2023-03-20 10:42:22.678000+00:00,1475.0,1.0,1475.0,0.0,0.0,0.0,6717.0,0.0,0.0,0.0,1127.0,0.0,1427.0,2.0,0.0,0.0,1530.0,1.0,1100.0,0.0,1558.0,1.0
2023-03-20 10:42:27.678000+00:00,1476.0,0.0,1476.0,0.0,0.0,0.0,6721.0,0.0,0.0,0.0,1128.0,0.0,1427.0,0.0,0.0,0.0,1535.0,5.0,1101.0,1.0,1561.0,0.0
2023-03-20 10:42:32.678000+00:00,1477.0,0.0,1477.0,0.0,0.0,0.0,6722.0,0.0,0.0,0.0,1128.0,0.0,1428.0,0.0,0.0,0.0,1536.0,1.0,1101.0,0.0,1562.0,1.0
2023-03-20 10:42:37.678000+00:00,1477.0,0.0,1477.0,0.0,0.0,0.0,6726.0,0.0,0.0,0.0,1129.0,1.0,1429.0,1.0,0.0,0.0,1538.0,2.0,1102.0,0.0,1567.0,1.0
2023-03-20 10:42:42.678000+00:00,1479.0,1.0,1479.0,1.0,0.0,0.0,6734.0,1.0,0.0,0.0,1130.0,0.0,1429.0,0.0,0.0,0.0,1539.0,0.0,1103.0,0.0,1570.0,2.0
2023-03-20 10:42:47.678000+00:00,1483.0,1.0,1483.0,1.0,0.0,0.0,6754.0,1.0,0.0,0.0,1133.0,0.0,1430.0,0.0,0.0,0.0,1540.0,1.0,1106.0,4.0,1570.0,0.0
2023-03-20 10:42:52.678000+00:00,1486.0,1.0,1486.0,0.0,0.0,0.0,6768.0,1.0,0.0,0.0,1134.0,1.0,1431.0,1.0,0.0,0.0,1540.0,0.0,1107.0,0.0,1570.0,0.0
2023-03-20 10:42:57.678000+00:00,1488.0,1.0,1488.0,1.0,0.0,0.0,6780.0,0.0,0.0,0.0,1136.0,0.0,1433.0,2.0,0.0,0.0,1541.0,0.0,1109.0,0.0,1572.0,1.0
2023-03-20 10:43:02.678000+00:00,1490.0,1.0,1490.0,0.0,0.0,0.0,6789.0,1.0,0.0,0.0,1138.0,1.0,1433.0,0.0,0.0,0.0,1546.0,2.0,1111.0,1.0,1573.0,1.0
2023-03-20 10:43:07.678000+00:00,1492.0,1.0,1492.0,0.0,0.0,0.0,6798.0,0.0,0.0,0.0,1138.0,0.0,1435.0,0.0,0.0,0.0,1548.0,2.0,1111.0,0.0,1574.0,0.0
2023-03-20 10:43:12.678000+00:00,1494.0,0.0,1494.0,0.0,0.0,0.0,6808.0,0.0,0.0,0.0,1139.0,1.0,1437.0,2.0,0.0,0.0,1552.0,2.0,1112.0,0.0,1575.0,0.0
2023-03-20 10:43:17.678000+00:00,1496.0,1.0,1496.0,1.0,0.0,0.0,6818.0,1.0,0.0,0.0,1142.0,0.0,1440.0,1.0,0.0,0.0,1552.0,0.0,1115.0,3.0,1575.0,0.0
2023-03-20 10:43:22.678000+00:00,1498.0,0.0,1498.0,0.0,0.0,0.0,6827.0,0.0,0.0,0.0,1143.0,1.0,1443.0,2.0,0.0,0.0,1553.0,1.0,1116.0,0.0,1576.0,0.0
2023-03-20 10:43:27.678000+00:00,1500.0,1.0,1500.0,1.0,0.0,0.0,6837.0,0.0,0.0,0.0,1144.0,0.0,1446.0,0.0,0.0,0.0,1553.0,0.0,1117.0,0.0,1578.0,1.0
2023-03-20 10:43:32.678000+00:00,1504.0,1.0,1504.0,2.0,0.0,0.0,6856.0,1.0,0.0,0.0,1146.0,1.0,1448.0,1.0,0.0,0.0,1556.0,1.0,1119.0,1.0,1579.0,0.0
2023-03-20 10:43:37.678000+00:00,1505.0,0.0,1505.0,1.0,0.0,0.0,6861.0,0.0,0.0,0.0,1150.0,1.0,1450.0,1.0,0.0,0.0,1557.0,1.0,1123.0,4.0,1581.0,2.0
2023-03-20 10:43:42.678000+00:00,1506.0,1.0,1506.0,0.0,0.0,0.0,6865.0,0.0,0.0,0.0,1151.0,1.0,1452.0,1.0,0.0,0.0,1557.0,0.0,1124.0,0.0,1582.0,0.0
2023-03-20 10:43:47.678000+00:00,1507.0,0.0,1507.0,1.0,0.0,0.0,6870.0,0.0,0.0,0.0,1152.0,0.0,1455.0,2.0,0.0,0.0,1557.0,0.0,1125.0,0.0,1584.0,1.0
2023-03-20 10:43:52.678000+00:00,1508.0,0.0,1508.0,1.0,0.0,0.0,6874.0,0.0,0.0,0.0,1153.0,0.0,1457.0,1.0,0.0,0.0,1559.0,0.0,1126.0,1.0,1586.0,1.0
2023-03-20 10:43:57.678000+00:00,1508.0,0.0,1508.0,0.0,0.0,0.0,6874.0,0.0,0.0,0.0,1153.0,0.0,1458.0,0.0,0.0,0.0,1559.0,0.0,1126.0,0.0,1591.0,1.0
2023-03-20 10:44:02.678000+00:00,1511.0,4.0,1511.0,0.0,0.0,0.0,6887.0,0.0,0.0,0.0,1154.0,1.0,1459.0,0.0,0.0,0.0,1561.0,0.0,1127.0,1.0,1593.0,0.0
2023-03-20 10:44:07.678000+00:00,1512.0,0.0,1512.0,1.0,0.0,0.0,6892.0,0.0,0.0,0.0,1156.0,1.0,1460.0,0.0,0.0,0.0,1562.0,1.0,1129.0,0.0,1595.0,2.0
2023-03-20 10:44:12.678000+00:00,1512.0,0.0,1512.0,0.0,0.0,0.0,6892.0,0.0,0.0,0.0,1156.0,0.0,1465.0,1.0,0.0,0.0,1563.0,0.0,1129.0,0.0,1596.0,1.0
2023-03-20 10:44:17.678000+00:00,1512.0,0.0,1512.0,0.0,0.0,0.0,6892.0,0.0,0.0,0.0,1156.0,0.0,1465.0,0.0,0.0,0.0,1565.0,2.0,1129.0,0.0,1599.0,1.0
2023-03-20 10:44:22.678000+00:00,1513.0,1.0,1513.0,0.0,0.0,0.0,6896.0,0.0,0.0,0.0,1156.0,0.0,1465.0,0.0,0.0,0.0,1569.0,2.0,1129.0,0.0,1603.0,3.0
2023-03-20 10:44:27.678000+00:00,1516.0,2.0,1516.0,0.0,0.0,0.0,6910.0,0.0,0.0,0.0,1158.0,1.0,1467.0,2.0,0.0,0.0,1570.0,1.0,1131.0,0.0,1604.0,1.0
2023-03-20 10:44:32.678000+00:00,1517.0,1.0,1517.0,1.0,0.0,0.0,6915.0,0.0,0.0,0.0,1160.0,1.0,1468.0,1.0,0.0,0.0,1574.0,2.0,1133.0,0.0,1604.0,0.0
2023-03-20 10:44:37.678000+00:00,1518.0,0.0,1518.0,0.0,0.0,0.0,6919.0,0.0,0.0,0.0,1162.0,0.0,1468.0,0.0,0.0,0.0,1576.0,1.0,1135.0,1.0,1605.0,0.0
2023-03-20 10:44:42.678000+00:00,1520.0,1.0,1520.0,2.0,0.0,0.0,6930.0,0.0,0.0,0.0,1162.0,0.0,1469.0,1.0,0.0,0.0,1580.0,3.0,1135.0,0.0,1609.0,1.0
2023-03-20 10:44:47.678000+00:00,1522.0,1.0,1522.0,1.0,0.0,0.0,6939.0,0.0,0.0,0.0,1164.0,2.0,1470.0,1.0,0.0,0.0,1582.0,1.0,1137.0,2.0,1610.0,1.0
2023-03-20 10:44:52.678000+00:00,1524.0,1.0,1524.0,2.0,0.0,0.0,6947.0,2.0,0.0,0.0,1166.0,1.0,1471.0,1.0,0.0,0.0,1584.0,0.0,1139.0,2.0,1611.0,1.0
2023-03-20 10:44:57.678000+00:00,1526.0,0.0,1526.0,1.0,0.0,0.0,6957.0,0.0,0.0,0.0,1167.0,1.0,1471.0,0.0,0.0,0.0,1585.0,0.0,1140.0,1.0,1611.0,0.0
2023-03-20 10:45:02.678000+00:00,1530.0,2.0,1530.0,1.0,0.0,0.0,6977.0,0.0,0.0,0.0,1170.0,1.0,1472.0,0.0,0.0,0.0,1585.0,0.0,1143.0,2.0,1613.0,1.0
2023-03-20 10:45:07.678000+00:00,1532.0,0.0,1532.0,1.0,0.0,0.0,6986.0,0.0,0.0,0.0,1174.0,2.0,1476.0,2.0,0.0,0.0,1587.0,2.0,1147.0,0.0,1613.0,0.0
2023-03-20 10:45:12.678000+00:00,1536.0,0.0,1536.0,0.0,0.0,0.0,7002.0,0.0,0.0,0.0,1176.0,1.0,1477.0,0.0,0.0,0.0,1589.0,1.0,1149.0,1.0,1614.0,1.0
2023-03-20 10:45:17.678000+00:00,1538.0,2.0,1538.0,0.0,0.0,0.0,7013.0,0.0,0.0,0.0,1179.0,2.0,1478.0,0.0,0.0,0.0,1590.0,0.0,1152.0,1.0,1615.0,0.0
2023-03-20 10:45:22.678000+00:00,1539.0,0.0,1539.0,0.0,0.0,0.0,7019.0,0.0,0.0,0.0,1180.0,1.0,1479.0,1.0,0.0,0.0,1593.0,0.0,1153.0,0.0,1616.0,1.0
2023-03-20 10:45:27.678000+00:00,1539.0,0.0,1539.0,0.0,0.0,0.0,7019.0,0.0,0.0,0.0,1180.0,0.0,1481.0,2.0,0.0,0.0,1595.0,1.0,1153.0,0.0,1619.0,2.0
2023-03-20 10:45:32.678000+00:00,1541.0,0.0,1541.0,0.0,0.0,0.0,7028.0,0.0,0.0,0.0,1181.0,0.0,1485.0,1.0,0.0,0.0,1595.0,0.0,1154.0,0.0,1620.0,1.0
2023-03-20 10:45:37.678000+00:00,1544.0,0.0,1544.0,3.0,0.0,0.0,7040.0,0.0,0.0,0.0,1181.0,0.0,1490.0,1.0,0.0,0.0,1596.0,1.0,1154.0,0.0,1621.0,1.0
2023-03-20 10:45:42.678000+00:00,1545.0,0.0,1545.0,0.0,0.0,0.0,7048.0,0.0,0.0,0.0,1183.0,1.0,1492.0,1.0,0.0,0.0,1596.0,0.0,1156.0,0.0,1622.0,1.0
2023-03-20 10:45:47.678000+00:00,1546.0,1.0,1546.0,0.0,0.0,0.0,7053.0,0.0,0.0,0.0,1184.0,0.0,1494.0,1.0,0.0,0.0,1598.0,1.0,1157.0,0.0,1623.0,0.0
2023-03-20 10:45:52.678000+00:00,1547.0,0.0,1547.0,0.0,0.0,0.0,7057.0,0.0,0.0,0.0,1185.0,0.0,1495.0,4.0,0.0,0.0,1599.0,0.0,1158.0,1.0,1626.0,2.0
2023-03-20 10:45:57.678000+00:00,1550.0,1.0,1550.0,1.0,0.0,0.0,7074.0,0.0,0.0,0.0,1188.0,0.0,1499.0,2.0,0.0,0.0,1599.0,0.0,1161.0,1.0,1630.0,0.0
2023-03-20 10:46:02.678000+00:00,1550.0,0.0,1550.0,0.0,0.0,0.0,7074.0,0.0,0.0,0.0,1189.0,0.0,1499.0,0.0,0.0,0.0,1600.0,0.0,1162.0,0.0,1634.0,0.0
2023-03-20 10:46:07.678000+00:00,1551.0,0.0,1551.0,1.0,0.0,0.0,7079.0,0.0,0.0,0.0,1190.0,0.0,1500.0,0.0,0.0,0.0,1604.0,3.0,1163.0,1.0,1636.0,1.0
2023-03-20 10:46:12.678000+00:00,1551.0,0.0,1551.0,0.0,0.0,0.0,7079.0,0.0,0.0,0.0,1190.0,0.0,1503.0,2.0,0.0,0.0,1604.0,0.0,1163.0,0.0,1637.0,0.0
2023-03-20 10:46:17.678000+00:00,1553.0,2.0,1553.0,1.0,0.0,0.0,7088.0,1.0,0.0,0.0,1191.0,1.0,1505.0,1.0,0.0,0.0,1605.0,1.0,1164.0,0.0,1638.0,1.0
2023-03-20 10:46:22.678000+00:00,1554.0,0.0,1554.0,0.0,0.0,0.0,7092.0,1.0,0.0,0.0,1192.0,1.0,1505.0,0.0,0.0,0.0,1606.0,0.0,1165.0,1.0,1641.0,1.0
2023-03-20 10:46:27.678000+00:00,1554.0,0.0,1554.0,0.0,0.0,0.0,7092.0,0.0,0.0,0.0,1193.0,0.0,1506.0,1.0,0.0,0.0,1608.0,1.0,1166.0,0.0,1643.0,2.0
2023-03-20 10:46:32.678000+00:00,1556.0,1.0,1556.0,0.0,0.0,0.0,7103.0,0.0,0.0,0.0,1193.0,0.0,1507.0,0.0,0.0,0.0,1613.0,1.0,1166.0,0.0,1645.0,0.0
2023-03-20 10:46:37.678000+00:00,1559.0,2.0,1559.0,1.0,0.0,0.0,7117.0,0.0,0.0,0.0,1196.0,2.0,1507.0,0.0,0.0,0.0,1618.0,6.0,1168.0,1.0,1645.0,0.0
2023-03-20 10:46:42.678000+00:00,1559.0,0.0,1559.0,0.0,0.0,0.0,7117.0,0.0,0.0,0.0,1196.0,0.0,1509.0,0.0,0.0,0.0,1619.0,1.0,1169.0,0.0,1647.0,0.0
2023-03-20 10:46:47.678000+00:00,1560.0,1.0,1560.0,0.0,0.0,0.0,7122.0,0.0,0.0,0.0,1196.0,0.0,1511.0,0.0,0.0,0.0,1621.0,2.0,1169.0,0.0,1648.0,0.0
2023-03-20 10:46:52.678000+00:00,1562.0,4.0,1562.0,2.0,0.0,0.0,7133.0,0.0,0.0,0.0,1199.0,0.0,1511.0,0.0,0.0,0.0,1621.0,0.0,1172.0,1.0,1651.0,1.0
2023-03-20 10:46:57.678000+00:00,1564.0,0.0,1564.0,0.0,0.0,0.0,7141.0,0.0,0.0,0.0,1200.0,0.0,1513.0,0.0,0.0,0.0,1626.0,1.0,1173.0,0.0,1651.0,0.0
2023-03-20 10:47:02.678000+00:00,1567.0,0.0,1567.0,1.0,0.0,0.0,7155.0,0.0,0.0,0.0,1201.0,0.0,1514.0,0.0,0.0,0.0,1627.0,1.0,1174.0,0.0,1651.0,0.0
2023-03-20 10:47:07.678000+00:00,1573.0,2.0,1573.0,1.0,0.0,0.0,7182.0,0.0,0.0,0.0,1204.0,2.0,1515.0,0.0,0.0,0.0,1627.0,0.0,1176.0,0.0,1652.0,1.0
2023-03-20 10:47:12.678000+00:00,1575.0,0.0,1575.0,0.0,0.0,0.0,7191.0,0.0,0.0,0.0,1210.0,7.0,1516.0,1.0,0.0,0.0,1629.0,1.0,1183.0,4.0,1654.0,1.0
2023-03-20 10:47:17.678000+00:00,1578.0,0.0,1578.0,1.0,0.0,0.0,7205.0,0.0,0.0,0.0,1212.0,0.0,1517.0,0.0,0.0,0.0,1630.0,0.0,1185.0,2.0,1656.0,1.0
2023-03-20 10:47:22.678000+00:00,1578.0,0.0,1578.0,0.0,0.0,0.0,7205.0,0.0,0.0,0.0,1212.0,0.0,1518.0,1.0,0.0,0.0,1633.0,2.0,1185.0,0.0,1656.0,0.0
2023-03-20 10:47:27.678000+00:00,1580.0,0.0,1580.0,0.0,0.0,0.0,7215.0,1.0,0.0,0.0,1212.0,0.0,1523.0,2.0,0.0,0.0,1634.0,0.0,1185.0,0.0,1658.0,1.0
2023-03-20 10:47:32.678000+00:00,1582.0,0.0,1582.0,0.0,0.0,0.0,7224.0,0.0,0.0,0.0,1214.0,2.0,1524.0,0.0,0.0,0.0,1634.0,0.0,1187.0,2.0,1662.0,2.0
2023-03-20 10:47:37.678000+00:00,1582.0,0.0,1582.0,0.0,0.0,0.0,7224.0,0.0,0.0,0.0,1214.0,0.0,1526.0,2.0,0.0,0.0,1635.0,1.0,1187.0,0.0,1671.0,2.0
2023-03-20 10:47:42.678000+00:00,1583.0,0.0,1583.0,1.0,0.0,0.0,7228.0,0.0,0.0,0.0,1215.0,1.0,1527.0,0.0,0.0,0.0,1635.0,0.0,1188.0,0.0,1672.0,0.0
2023-03-20 10:47:47.678000+00:00,1583.0,0.0,1583.0,0.0,0.0,0.0,7228.0,0.0,0.0,0.0,1215.0,0.0,1528.0,0.0,0.0,0.0,1635.0,0.0,1188.0,0.0,1672.0,0.0
2023-03-20 10:47:52.678000+00:00,1584.0,0.0,1584.0,0.0,0.0,0.0,7232.0,0.0,0.0,0.0,1215.0,0.0,1528.0,0.0,0.0,0.0,1635.0,0.0,1188.0,0.0,1674.0,1.0
2023-03-20 10:47:57.678000+00:00,1584.0,0.0,1584.0,0.0,0.0,0.0,7232.0,0.0,0.0,0.0,1216.0,0.0,1528.0,0.0,0.0,0.0,1637.0,2.0,1189.0,1.0,1676.0,1.0
2023-03-20 10:48:02.678000+00:00,1584.0,0.0,1584.0,0.0,0.0,0.0,7232.0,0.0,0.0,0.0,1216.0,0.0,1530.0,2.0,0.0,0.0,1643.0,3.0,1189.0,0.0,1678.0,1.0
2023-03-20 10:48:07.678000+00:00,1585.0,0.0,1585.0,0.0,0.0,0.0,7237.0,0.0,0.0,0.0,1217.0,1.0,1531.0,1.0,0.0,0.0,1644.0,1.0,1190.0,0.0,1678.0,0.0
2023-03-20 10:48:12.678000+00:00,1585.0,0.0,1585.0,0.0,0.0,0.0,7237.0,0.0,0.0,0.0,1217.0,0.0,1531.0,0.0,0.0,0.0,1647.0,0.0,1190.0,0.0,1682.0,3.0
2023-03-20 10:48:17.678000+00:00,1586.0,1.0,1586.0,0.0,0.0,0.0,7241.0,0.0,0.0,0.0,1217.0,0.0,1531.0,0.0,0.0,0.0,1650.0,2.0,1190.0,0.0,1683.0,0.0
2023-03-20 10:48:22.678000+00:00,1588.0,2.0,1588.0,0.0,0.0,0.0,7250.0,0.0,0.0,0.0,1218.0,1.0,1532.0,1.0,0.0,0.0,1653.0,1.0,1190.0,0.0,1684.0,1.0
2023-03-20 10:48:27.678000+00:00,1589.0,0.0,1589.0,1.0,0.0,0.0,7254.0,1.0,0.0,0.0,1220.0,1.0,1532.0,0.0,0.0,0.0,1654.0,1.0,1192.0,0.0,1685.0,1.0
2023-03-20 10:48:32.678000+00:00,1589.0,0.0,1589.0,0.0,0.0,0.0,7254.0,0.0,0.0,0.0,1220.0,0.0,1533.0,0.0,0.0,0.0,1655.0,1.0,1193.0,0.0,1688.0,1.0
2023-03-20 10:48:37.678000+00:00,1594.0,1.0,1594.0,1.0,0.0,0.0,7278.0,0.0,0.0,0.0,1220.0,0.0,1534.0,0.0,0.0,0.0,1657.0,1.0,1193.0,0.0,1689.0,0.0
2023-03-20 10:48:42.678000+00:00,1598.0,2.0,1598.0,1.0,0.0,0.0,7296.0,0.0,0.0,0.0,1225.0,4.0,1534.0,0.0,0.0,0.0,1660.0,3.0,1197.0,3.0,1690.0,0.0
2023-03-20 10:48:47.678000+00:00,1602.0,1.0,1602.0,3.0,0.0,0.0,7314.0,1.0,0.0,0.0,1228.0,0.0,1534.0,0.0,0.0,0.0,1663.0,0.0,1201.0,3.0,1690.0,0.0
2023-03-20 10:48:52.678000+00:00,1604.0,2.0,1604.0,1.0,0.0,0.0,7323.0,0.0,0.0,0.0,1232.0,4.0,1535.0,0.0,0.0,0.0,1664.0,1.0,1205.0,4.0,1692.0,1.0
2023-03-20 10:48:57.678000+00:00,1605.0,1.0,1605.0,0.0,0.0,0.0,7327.0,0.0,0.0,0.0,1234.0,1.0,1537.0,2.0,0.0,0.0,1664.0,0.0,1207.0,1.0,1693.0,1.0
2023-03-20 10:49:02.678000+00:00,1606.0,0.0,1606.0,0.0,0.0,0.0,7331.0,0.0,0.0,0.0,1235.0,0.0,1538.0,1.0,0.0,0.0,1666.0,0.0,1208.0,0.0,1695.0,2.0
2023-03-20 10:49:07.678000+00:00,1609.0,1.0,1609.0,3.0,0.0,0.0,7345.0,0.0,0.0,0.0,1236.0,1.0,1541.0,2.0,0.0,0.0,1667.0,0.0,1209.0,0.0,1695.0,0.0
2023-03-20 10:49:12.678000+00:00,1613.0,0.0,1613.0,2.0,0.0,0.0,7361.0,0.0,0.0,0.0,1239.0,2.0,1543.0,1.0,0.0,0.0,1669.0,2.0,1212.0,8.0,1697.0,1.0
2023-03-20 10:49:17.678000+00:00,1614.0,0.0,1614.0,1.0,0.0,0.0,7365.0,0.0,0.0,0.0,1242.0,2.0,1546.0,1.0,0.0,0.0,1669.0,0.0,1215.0,2.0,1699.0,2.0
2023-03-20 10:49:22.678000+00:00,1614.0,0.0,1614.0,0.0,0.0,0.0,7365.0,0.0,0.0,0.0,1243.0,0.0,1551.0,1.0,0.0,0.0,1670.0,1.0,1216.0,0.0,1702.0,1.0
2023-03-20 10:49:27.678000+00:00,1614.0,0.0,1614.0,0.0,0.0,0.0,7365.0,0.0,0.0,0.0,1243.0,0.0,1553.0,1.0,0.0,0.0,1670.0,0.0,1216.0,0.0,1703.0,0.0
2023-03-20 10:49:32.678000+00:00,1617.0,0.0,1617.0,0.0,0.0,0.0,7379.0,1.0,0.0,0.0,1243.0,0.0,1555.0,0.0,0.0,0.0,1674.0,1.0,1216.0,0.0,1708.0,3.0
2023-03-20 10:49:37.678000+00:00,1619.0,1.0,1619.0,1.0,0.0,0.0,7388.0,0.0,0.0,0.0,1244.0,0.0,1557.0,1.0,0.0,0.0,1676.0,1.0,1217.0,0.0,1708.0,0.0
2023-03-20 10:49:42.678000+00:00,1620.0,0.0,1620.0,1.0,0.0,0.0,7393.0,0.0,0.0,0.0,1245.0,0.0,1559.0,1.0,0.0,0.0,1677.0,0.0,1218.0,0.0,1711.0,1.0
2023-03-20 10:49:47.678000+00:00,1621.0,1.0,1621.0,0.0,0.0,0.0,7397.0,0.0,0.0,0.0,1245.0,0.0,1563.0,2.0,0.0,0.0,1680.0,0.0,1218.0,0.0,1713.0,0.0
2023-03-20 10:49:52.678000+00:00,1621.0,0.0,1621.0,0.0,0.0,0.0,7397.0,0.0,0.0,0.0,1245.0,0.0,1564.0,1.0,0.0,0.0,1681.0,0.0,1218.0,0.0,1718.0,2.0
2023-03-20 10:49:57.678000+00:00,1622.0,0.0,1622.0,1.0,0.0,0.0,7401.0,0.0,0.0,0.0,1245.0,0.0,1564.0,0.0,0.0,0.0,1684.0,1.0,1218.0,0.0,1722.0,3.0
2023-03-20 10:50:02.678000+00:00,1622.0,0.0,1622.0,0.0,0.0,0.0,7401.0,0.0,0.0,0.0,1245.0,0.0,1566.0,1.0,0.0,0.0,1687.0,0.0,1218.0,0.0,1727.0,2.0
2023-03-20 10:50:07.678000+00:00,1626.0,1.0,1626.0,1.0,0.0,0.0,7418.0,0.0,0.0,0.0,1248.0,1.0,1567.0,0.0,0.0,0.0,1688.0,0.0,1221.0,0.0,1727.0,0.0
2023-03-20 10:50:12.678000+00:00,1630.0,0.0,1630.0,1.0,0.0,0.0,7435.0,1.0,0.0,0.0,1252.0,1.0,1569.0,0.0,0.0,0.0,1689.0,0.0,1225.0,4.0,1729.0,0.0
2023-03-20 10:50:17.678000+00:00,1631.0,0.0,1631.0,0.0,0.0,0.0,7440.0,0.0,0.0,0.0,1253.0,1.0,1569.0,0.0,0.0,0.0,1692.0,1.0,1226.0,1.0,1730.0,1.0
2023-03-20 10:50:22.678000+00:00,1634.0,0.0,1634.0,1.0,0.0,0.0,7453.0,1.0,0.0,0.0,1253.0,0.0,1571.0,1.0,0.0,0.0,1694.0,1.0,1226.0,0.0,1733.0,2.0
2023-03-20 10:50:27.678000+00:00,1635.0,1.0,1635.0,1.0,0.0,0.0,7458.0,1.0,0.0,0.0,1255.0,3.0,1571.0,0.0,0.0,0.0,1699.0,3.0,1228.0,1.0,1736.0,8.0
2023-03-20 10:50:32.678000+00:00,1637.0,1.0,1637.0,1.0,0.0,0.0,7469.0,1.0,0.0,0.0,1256.0,0.0,1571.0,0.0,0.0,0.0,1702.0,1.0,1229.0,0.0,1738.0,0.0
2023-03-20 10:50:37.678000+00:00,1637.0,0.0,1637.0,0.0,0.0,0.0,7469.0,0.0,0.0,0.0,1258.0,1.0,1575.0,1.0,0.0,0.0,1707.0,1.0,1230.0,0.0,1738.0,0.0
2023-03-20 10:50:42.678000+00:00,1642.0,2.0,1642.0,1.0,0.0,0.0,7491.0,0.0,0.0,0.0,1260.0,0.0,1578.0,0.0,0.0,0.0,1708.0,1.0,1232.0,2.0,1741.0,1.0
2023-03-20 10:50:47.678000+00:00,1643.0,0.0,1643.0,0.0,0.0,0.0,7497.0,0.0,0.0,0.0,1263.0,0.0,1580.0,0.0,0.0,0.0,1710.0,0.0,1235.0,2.0,1742.0,0.0
2023-03-20 10:50:52.678000+00:00,1648.0,1.0,1648.0,2.0,0.0,0.0,7519.0,0.0,0.0,0.0,1263.0,0.0,1582.0,2.0,0.0,0.0,1711.0,1.0,1235.0,0.0,1743.0,0.0
2023-03-20 10:50:57.678000+00:00,1649.0,1.0,1649.0,0.0,0.0,0.0,7523.0,0.0,0.0,0.0,1267.0,3.0,1583.0,0.0,0.0,0.0,1715.0,2.0,1238.0,1.0,1745.0,1.0
2023-03-20 10:51:02.678000+00:00,1652.0,0.0,1652.0,1.0,0.0,0.0,7538.0,0.0,0.0,0.0,1270.0,0.0,1583.0,0.0,0.0,0.0,1716.0,0.0,1242.0,1.0,1745.0,0.0
2023-03-20 10:51:07.678000+00:00,1657.0,2.0,1657.0,1.0,0.0,0.0,7558.0,0.0,0.0,0.0,1272.0,0.0,1588.0,2.0,0.0,0.0,1718.0,1.0,1244.0,1.0,1747.0,1.0
2023-03-20 10:51:12.678000+00:00,1660.0,1.0,1660.0,2.0,0.0,0.0,7570.0,1.0,0.0,0.0,1276.0,1.0,1592.0,3.0,0.0,0.0,1719.0,0.0,1248.0,3.0,1752.0,4.0
2023-03-20 10:51:17.678000+00:00,1661.0,0.0,1661.0,0.0,0.0,0.0,7574.0,1.0,0.0,0.0,1277.0,0.0,1596.0,0.0,0.0,0.0,1721.0,2.0,1249.0,0.0,1755.0,1.0
2023-03-20 10:51:22.678000+00:00,1663.0,0.0,1663.0,1.0,0.0,0.0,7578.0,0.0,0.0,0.0,1278.0,0.0,1596.0,0.0,0.0,0.0,1722.0,0.0,1250.0,0.0,1755.0,0.0
2023-03-20 10:51:27.678000+00:00,1664.0,1.0,1664.0,0.0,0.0,0.0,7588.0,0.0,0.0,0.0,1279.0,0.0,1598.0,0.0,0.0,0.0,1723.0,0.0,1251.0,0.0,1756.0,1.0
2023-03-20 10:51:32.678000+00:00,1666.0,1.0,1666.0,1.0,0.0,0.0,7598.0,0.0,0.0,0.0,1281.0,2.0,1599.0,0.0,0.0,0.0,1725.0,1.0,1253.0,1.0,1759.0,0.0
2023-03-20 10:51:37.678000+00:00,1668.0,0.0,1668.0,0.0,0.0,0.0,7609.0,0.0,0.0,0.0,1281.0,0.0,1603.0,0.0,0.0,0.0,1728.0,1.0,1253.0,0.0,1762.0,2.0
2023-03-20 10:51:42.678000+00:00,1668.0,0.0,1668.0,0.0,0.0,0.0,7609.0,0.0,0.0,0.0,1282.0,1.0,1604.0,1.0,0.0,0.0,1731.0,0.0,1254.0,0.0,1765.0,2.0
2023-03-20 10:51:47.678000+00:00,1668.0,0.0,1668.0,0.0,0.0,0.0,7609.0,0.0,0.0,0.0,1282.0,0.0,1605.0,0.0,0.0,0.0,1731.0,0.0,1254.0,0.0,1767.0,1.0
2023-03-20 10:51:52.678000+00:00,1669.0,1.0,1669.0,0.0,0.0,0.0,7613.0,0.0,0.0,0.0,1282.0,0.0,1605.0,0.0,0.0,0.0,1733.0,1.0,1254.0,0.0,1770.0,2.0
2023-03-20 10:51:57.678000+00:00,1671.0,1.0,1671.0,1.0,0.0,0.0,7621.0,0.0,0.0,0.0,1283.0,1.0,1606.0,0.0,0.0,0.0,1735.0,0.0,1255.0,1.0,1773.0,0.0
2023-03-20 10:52:02.678000+00:00,1674.0,0.0,1674.0,1.0,0.0,0.0,7634.0,1.0,0.0,0.0,1286.0,1.0,1607.0,0.0,0.0,0.0,1735.0,0.0,1258.0,2.0,1773.0,0.0
2023-03-20 10:52:07.678000+00:00,1674.0,0.0,1674.0,0.0,0.0,0.0,7634.0,0.0,0.0,0.0,1286.0,0.0,1609.0,0.0,0.0,0.0,1741.0,3.0,1258.0,0.0,1774.0,0.0
2023-03-20 10:52:12.678000+00:00,1677.0,1.0,1677.0,2.0,0.0,0.0,7648.0,0.0,0.0,0.0,1288.0,1.0,1609.0,0.0,0.0,0.0,1742.0,1.0,1260.0,1.0,1779.0,3.0
2023-03-20 10:52:17.678000+00:00,1679.0,1.0,1679.0,0.0,0.0,0.0,7657.0,0.0,0.0,0.0,1289.0,1.0,1611.0,0.0,0.0,0.0,1746.0,4.0,1261.0,1.0,1780.0,0.0
2023-03-20 10:52:22.678000+00:00,1680.0,0.0,1680.0,0.0,0.0,0.0,7664.0,0.0,0.0,0.0,1291.0,1.0,1611.0,0.0,0.0,0.0,1746.0,0.0,1263.0,1.0,1780.0,0.0
2023-03-20 10:52:27.678000+00:00,1683.0,0.0,1683.0,1.0,0.0,0.0,7676.0,0.0,0.0,0.0,1293.0,1.0,1612.0,0.0,0.0,0.0,1749.0,2.0,1265.0,2.0,1781.0,0.0
2023-03-20 10:52:32.678000+00:00,1685.0,0.0,1685.0,0.0,0.0,0.0,7686.0,0.0,0.0,0.0,1295.0,0.0,1612.0,0.0,0.0,0.0,1750.0,1.0,1267.0,0.0,1782.0,0.0
2023-03-20 10:52:37.678000+00:00,1686.0,1.0,1686.0,1.0,0.0,0.0,7691.0,0.0,0.0,0.0,1297.0,0.0,1615.0,0.0,0.0,0.0,1752.0,1.0,1269.0,1.0,1784.0,0.0
2023-03-20 10:52:42.678000+00:00,1687.0,0.0,1687.0,0.0,0.0,0.0,7695.0,0.0,0.0,0.0,1298.0,0.0,1616.0,0.0,0.0,0.0,1753.0,0.0,1270.0,0.0,1785.0,0.0
2023-03-20 10:52:47.678000+00:00,1690.0,1.0,1690.0,0.0,0.0,0.0,7710.0,1.0,0.0,0.0,1300.0,0.0,1619.0,1.0,0.0,0.0,1756.0,2.0,1272.0,1.0,1785.0,0.0
2023-03-20 10:52:52.678000+00:00,1693.0,2.0,1693.0,3.0,0.0,0.0,7723.0,0.0,0.0,0.0,1302.0,1.0,1620.0,0.0,0.0,0.0,1757.0,0.0,1274.0,0.0,1789.0,2.0
2023-03-20 10:52:57.678000+00:00,1694.0,0.0,1694.0,1.0,0.0,0.0,7727.0,1.0,0.0,0.0,1304.0,1.0,1621.0,0.0,0.0,0.0,1757.0,0.0,1276.0,1.0,1791.0,1.0
2023-03-20 10:53:02.678000+00:00,1698.0,1.0,1698.0,1.0,0.0,0.0,7749.0,0.0,0.0,0.0,1305.0,1.0,1624.0,1.0,0.0,0.0,1758.0,0.0,1277.0,0.0,1792.0,0.0
2023-03-20 10:53:07.678000+00:00,1699.0,1.0,1699.0,1.0,0.0,0.0,7753.0,0.0,0.0,0.0,1307.0,0.0,1629.0,2.0,0.0,0.0,1760.0,0.0,1279.0,1.0,1793.0,0.0
2023-03-20 10:53:12.678000+00:00,1700.0,0.0,1700.0,0.0,0.0,0.0,7757.0,0.0,0.0,0.0,1307.0,0.0,1630.0,1.0,0.0,0.0,1761.0,1.0,1279.0,0.0,1796.0,1.0
2023-03-20 10:53:17.678000+00:00,1702.0,0.0,1702.0,0.0,0.0,0.0,7767.0,0.0,0.0,0.0,1309.0,0.0,1632.0,1.0,0.0,0.0,1763.0,1.0,1281.0,0.0,1796.0,0.0
2023-03-20 10:53:22.678000+00:00,1703.0,0.0,1703.0,0.0,0.0,0.0,7772.0,0.0,0.0,0.0,1310.0,1.0,1633.0,1.0,0.0,0.0,1767.0,3.0,1282.0,1.0,1798.0,1.0
2023-03-20 10:53:27.678000+00:00,1705.0,1.0,1705.0,1.0,0.0,0.0,7781.0,0.0,0.0,0.0,1311.0,1.0,1635.0,1.0,0.0,0.0,1769.0,0.0,1282.0,0.0,1800.0,0.0
2023-03-20 10:53:32.678000+00:00,1706.0,0.0,1706.0,0.0,0.0,0.0,7785.0,0.0,0.0,0.0,1313.0,2.0,1637.0,0.0,0.0,0.0,1771.0,2.0,1285.0,3.0,1803.0,2.0
2023-03-20 10:53:37.678000+00:00,1707.0,1.0,1707.0,0.0,0.0,0.0,7789.0,0.0,0.0,0.0,1313.0,0.0,1639.0,0.0,0.0,0.0,1771.0,0.0,1285.0,0.0,1806.0,2.0
2023-03-20 10:53:42.678000+00:00,1708.0,0.0,1708.0,0.0,0.0,0.0,7793.0,0.0,0.0,0.0,1314.0,1.0,1642.0,2.0,0.0,0.0,1772.0,1.0,1286.0,1.0,1809.0,1.0
2023-03-20 10:53:47.678000+00:00,1711.0,1.0,1711.0,0.0,0.0,0.0,7806.0,1.0,0.0,0.0,1317.0,3.0,1642.0,0.0,0.0,0.0,1773.0,1.0,1289.0,2.0,1812.0,1.0
2023-03-20 10:53:52.678000+00:00,1714.0,1.0,1714.0,1.0,0.0,0.0,7818.0,0.0,0.0,0.0,1319.0,1.0,1643.0,1.0,0.0,0.0,1775.0,1.0,1291.0,1.0,1813.0,0.0
2023-03-20 10:53:57.678000+00:00,1716.0,2.0,1716.0,1.0,0.0,0.0,7827.0,0.0,0.0,0.0,1322.0,2.0,1645.0,0.0,0.0,0.0,1775.0,0.0,1294.0,0.0,1816.0,2.0
2023-03-20 10:54:02.678000+00:00,1717.0,0.0,1717.0,0.0,0.0,0.0,7831.0,1.0,0.0,0.0,1324.0,0.0,1647.0,0.0,0.0,0.0,1778.0,2.0,1296.0,0.0,1817.0,1.0
2023-03-20 10:54:07.678000+00:00,1717.0,0.0,1717.0,0.0,0.0,0.0,7831.0,0.0,0.0,0.0,1324.0,0.0,1648.0,0.0,0.0,0.0,1781.0,2.0,1296.0,0.0,1822.0,2.0
2023-03-20 10:54:12.678000+00:00,1718.0,0.0,1718.0,0.0,0.0,0.0,7835.0,0.0,0.0,0.0,1324.0,0.0,1650.0,1.0,0.0,0.0,1785.0,2.0,1296.0,0.0,1823.0,1.0
2023-03-20 10:54:17.678000+00:00,1719.0,3.0,1719.0,0.0,0.0,0.0,7841.0,1.0,0.0,0.0,1324.0,0.0,1652.0,0.0,0.0,0.0,1786.0,0.0,1296.0,0.0,1825.0,1.0
2023-03-20 10:54:22.678000+00:00,1720.0,1.0,1720.0,1.0,0.0,0.0,7846.0,0.0,0.0,0.0,1324.0,0.0,1653.0,0.0,0.0,0.0,1789.0,1.0,1296.0,0.0,1826.0,1.0
2023-03-20 10:54:27.678000+00:00,1723.0,2.0,1723.0,0.0,0.0,0.0,7858.0,0.0,0.0,0.0,1327.0,1.0,1656.0,1.0,0.0,0.0,1789.0,0.0,1299.0,2.0,1827.0,1.0
2023-03-20 10:54:32.678000+00:00,1726.0,1.0,1726.0,0.0,0.0,0.0,7871.0,1.0,0.0,0.0,1329.0,1.0,1658.0,0.0,0.0,0.0,1796.0,2.0,1301.0,1.0,1830.0,1.0
2023-03-20 10:54:37.678000+00:00,1727.0,0.0,1727.0,1.0,0.0,0.0,7876.0,1.0,0.0,0.0,1331.0,0.0,1659.0,1.0,0.0,0.0,1798.0,1.0,1303.0,1.0,1832.0,1.0
2023-03-20 10:54:42.678000+00:00,1728.0,1.0,1728.0,1.0,0.0,0.0,7880.0,1.0,0.0,0.0,1333.0,0.0,1659.0,0.0,0.0,0.0,1801.0,3.0,1305.0,1.0,1832.0,0.0
2023-03-20 10:54:47.678000+00:00,1735.0,3.0,1735.0,4.0,0.0,0.0,7910.0,3.0,0.0,0.0,1335.0,0.0,1661.0,1.0,0.0,0.0,1803.0,0.0,1307.0,1.0,1833.0,1.0
2023-03-20 10:54:52.678000+00:00,1735.0,0.0,1735.0,0.0,0.0,0.0,7911.0,0.0,0.0,0.0,1339.0,0.0,1663.0,0.0,0.0,0.0,1805.0,2.0,1311.0,2.0,1837.0,3.0
2023-03-20 10:54:57.678000+00:00,1739.0,0.0,1739.0,0.0,0.0,0.0,7930.0,0.0,0.0,0.0,1340.0,0.0,1665.0,0.0,0.0,0.0,1806.0,0.0,1312.0,0.0,1839.0,1.0
2023-03-20 10:55:02.678000+00:00,1743.0,1.0,1743.0,0.0,0.0,0.0,7949.0,3.0,0.0,0.0,1343.0,3.0,1667.0,0.0,0.0,0.0,1807.0,0.0,1315.0,1.0,1840.0,1.0
2023-03-20 10:55:07.678000+00:00,1745.0,0.0,1745.0,1.0,0.0,0.0,7957.0,0.0,0.0,0.0,1344.0,1.0,1668.0,0.0,0.0,0.0,1807.0,0.0,1316.0,0.0,1842.0,2.0
2023-03-20 10:55:12.678000+00:00,1749.0,1.0,1749.0,2.0,0.0,0.0,7976.0,1.0,0.0,0.0,1347.0,2.0,1672.0,0.0,0.0,0.0,1809.0,1.0,1319.0,1.0,1844.0,1.0
2023-03-20 10:55:17.678000+00:00,1749.0,0.0,1749.0,0.0,0.0,0.0,7976.0,0.0,0.0,0.0,1347.0,0.0,1674.0,1.0,0.0,0.0,1810.0,0.0,1319.0,0.0,1847.0,2.0
2023-03-20 10:55:22.678000+00:00,1751.0,0.0,1751.0,0.0,0.0,0.0,7985.0,0.0,0.0,0.0,1348.0,0.0,1678.0,1.0,0.0,0.0,1812.0,1.0,1320.0,0.0,1848.0,1.0
2023-03-20 10:55:27.678000+00:00,1753.0,2.0,1753.0,1.0,0.0,0.0,7994.0,0.0,0.0,0.0,1350.0,1.0,1681.0,0.0,0.0,0.0,1814.0,2.0,1321.0,1.0,1850.0,1.0
2023-03-20 10:55:32.678000+00:00,1753.0,0.0,1753.0,0.0,0.0,0.0,7994.0,0.0,0.0,0.0,1350.0,0.0,1682.0,1.0,0.0,0.0,1816.0,1.0,1322.0,0.0,1852.0,1.0
2023-03-20 10:55:37.678000+00:00,1754.0,0.0,1754.0,1.0,0.0,0.0,7998.0,0.0,0.0,0.0,1351.0,0.0,1685.0,0.0,0.0,0.0,1819.0,0.0,1323.0,1.0,1853.0,0.0
2023-03-20 10:55:42.678000+00:00,1755.0,0.0,1755.0,1.0,0.0,0.0,8002.0,0.0,0.0,0.0,1351.0,0.0,1688.0,1.0,0.0,0.0,1820.0,3.0,1323.0,0.0,1857.0,5.0
2023-03-20 10:55:47.678000+00:00,1758.0,0.0,1758.0,1.0,0.0,0.0,8016.0,0.0,0.0,0.0,1353.0,2.0,1690.0,0.0,0.0,0.0,1823.0,1.0,1324.0,0.0,1859.0,2.0
2023-03-20 10:55:52.678000+00:00,1759.0,0.0,1759.0,0.0,0.0,0.0,8020.0,0.0,0.0,0.0,1353.0,0.0,1693.0,1.0,0.0,0.0,1825.0,1.0,1325.0,1.0,1862.0,2.0
2023-03-20 10:55:57.678000+00:00,1761.0,1.0,1761.0,1.0,0.0,0.0,8030.0,0.0,0.0,0.0,1355.0,1.0,1694.0,1.0,0.0,0.0,1827.0,1.0,1327.0,2.0,1865.0,1.0
2023-03-20 10:56:02.678000+00:00,1763.0,0.0,1763.0,1.0,0.0,0.0,8040.0,0.0,0.0,0.0,1356.0,0.0,1697.0,4.0,0.0,0.0,1827.0,0.0,1328.0,0.0,1870.0,1.0
2023-03-20 10:56:07.678000+00:00,1765.0,2.0,1765.0,1.0,0.0,0.0,8052.0,1.0,0.0,0.0,1357.0,1.0,1697.0,0.0,0.0,0.0,1828.0,0.0,1329.0,0.0,1873.0,1.0
2023-03-20 10:56:12.678000+00:00,1767.0,1.0,1767.0,2.0,0.0,0.0,8061.0,1.0,0.0,0.0,1358.0,1.0,1697.0,0.0,0.0,0.0,1832.0,1.0,1330.0,0.0,1873.0,0.0
2023-03-20 10:56:17.678000+00:00,1768.0,1.0,1768.0,0.0,0.0,0.0,8065.0,0.0,0.0,0.0,1360.0,1.0,1699.0,0.0,0.0,0.0,1835.0,0.0,1332.0,1.0,1875.0,2.0
2023-03-20 10:56:22.678000+00:00,1771.0,0.0,1771.0,0.0,0.0,0.0,8078.0,0.0,0.0,0.0,1361.0,1.0,1701.0,1.0,0.0,0.0,1838.0,0.0,1333.0,0.0,1877.0,0.0
2023-03-20 10:56:27.678000+00:00,1772.0,0.0,1772.0,1.0,0.0,0.0,8083.0,0.0,0.0,0.0,1362.0,0.0,1704.0,1.0,0.0,0.0,1841.0,2.0,1334.0,0.0,1880.0,3.0
2023-03-20 10:56:32.678000+00:00,1773.0,1.0,1773.0,1.0,0.0,0.0,8087.0,0.0,0.0,0.0,1362.0,0.0,1705.0,0.0,0.0,0.0,1847.0,2.0,1334.0,0.0,1880.0,0.0
2023-03-20 10:56:37.678000+00:00,1774.0,1.0,1774.0,0.0,0.0,0.0,8091.0,0.0,0.0,0.0,1363.0,0.0,1705.0,0.0,0.0,0.0,1849.0,0.0,1335.0,0.0,1882.0,1.0
2023-03-20 10:56:42.678000+00:00,1778.0,0.0,1778.0,1.0,0.0,0.0,8113.0,2.0,0.0,0.0,1364.0,0.0,1707.0,1.0,0.0,0.0,1852.0,2.0,1336.0,0.0,1884.0,0.0
2023-03-20 10:56:47.678000+00:00,1782.0,2.0,1782.0,0.0,0.0,0.0,8131.0,0.0,0.0,0.0,1368.0,2.0,1707.0,0.0,0.0,0.0,1854.0,1.0,1340.0,2.0,1886.0,1.0
2023-03-20 10:56:52.678000+00:00,1786.0,2.0,1786.0,3.0,0.0,0.0,8148.0,0.0,0.0,0.0,1369.0,0.0,1709.0,0.0,0.0,0.0,1854.0,0.0,1341.0,1.0,1888.0,3.0
2023-03-20 10:56:57.678000+00:00,1789.0,1.0,1789.0,1.0,0.0,0.0,8161.0,0.0,0.0,0.0,1374.0,3.0,1712.0,2.0,0.0,0.0,1854.0,0.0,1346.0,2.0,1888.0,0.0
2023-03-20 10:57:02.678000+00:00,1790.0,1.0,1790.0,0.0,0.0,0.0,8167.0,0.0,0.0,0.0,1375.0,0.0,1714.0,1.0,0.0,0.0,1857.0,3.0,1347.0,1.0,1891.0,2.0
2023-03-20 10:57:07.678000+00:00,1794.0,1.0,1794.0,2.0,0.0,0.0,8185.0,0.0,0.0,0.0,1376.0,0.0,1716.0,0.0,0.0,0.0,1858.0,0.0,1347.0,0.0,1892.0,0.0
2023-03-20 10:57:12.678000+00:00,1798.0,2.0,1798.0,2.0,0.0,0.0,8204.0,0.0,0.0,0.0,1380.0,0.0,1718.0,1.0,0.0,0.0,1862.0,4.0,1352.0,1.0,1893.0,1.0
2023-03-20 10:57:17.678000+00:00,1800.0,1.0,1800.0,0.0,0.0,0.0,8213.0,1.0,0.0,0.0,1383.0,1.0,1724.0,4.0,0.0,0.0,1862.0,0.0,1355.0,1.0,1894.0,1.0
2023-03-20 10:57:22.678000+00:00,1801.0,1.0,1801.0,1.0,0.0,0.0,8218.0,0.0,0.0,0.0,1383.0,0.0,1727.0,1.0,0.0,0.0,1862.0,0.0,1355.0,0.0,1895.0,0.0
2023-03-20 10:57:27.678000+00:00,1803.0,2.0,1803.0,0.0,0.0,0.0,8226.0,0.0,0.0,0.0,1386.0,2.0,1730.0,1.0,0.0,0.0,1865.0,0.0,1358.0,1.0,1896.0,0.0
2023-03-20 10:57:32.678000+00:00,1804.0,0.0,1804.0,1.0,0.0,0.0,8231.0,0.0,0.0,0.0,1386.0,0.0,1732.0,0.0,0.0,0.0,1865.0,0.0,1358.0,0.0,1898.0,2.0
2023-03-20 10:57:37.678000+00:00,1804.0,0.0,1804.0,0.0,0.0,0.0,8231.0,0.0,0.0,0.0,1387.0,0.0,1734.0,1.0,0.0,0.0,1868.0,1.0,1359.0,1.0,1900.0,0.0
2023-03-20 10:57:42.678000+00:00,1804.0,0.0,1804.0,0.0,0.0,0.0,8231.0,0.0,0.0,0.0,1387.0,0.0,1736.0,0.0,0.0,0.0,1869.0,0.0,1359.0,0.0,1904.0,2.0
2023-03-20 10:57:47.678000+00:00,1807.0,1.0,1807.0,1.0,0.0,0.0,8244.0,0.0,0.0,0.0,1388.0,1.0,1738.0,1.0,0.0,0.0,1869.0,0.0,1360.0,1.0,1909.0,0.0
2023-03-20 10:57:52.678000+00:00,1808.0,1.0,1808.0,0.0,0.0,0.0,8248.0,0.0,0.0,0.0,1391.0,1.0,1740.0,1.0,0.0,0.0,1871.0,0.0,1363.0,1.0,1912.0,1.0
2023-03-20 10:57:57.678000+00:00,1811.0,1.0,1811.0,2.0,0.0,0.0,8263.0,2.0,0.0,0.0,1392.0,0.0,1744.0,2.0,0.0,0.0,1872.0,0.0,1364.0,1.0,1916.0,1.0
2023-03-20 10:58:02.678000+00:00,1812.0,0.0,1812.0,0.0,0.0,0.0,8268.0,0.0,0.0,0.0,1393.0,0.0,1745.0,0.0,0.0,0.0,1874.0,1.0,1365.0,0.0,1917.0,0.0
2023-03-20 10:58:07.678000+00:00,1813.0,0.0,1813.0,0.0,0.0,0.0,8273.0,0.0,0.0,0.0,1394.0,0.0,1746.0,0.0,0.0,0.0,1876.0,1.0,1366.0,1.0,1918.0,0.0
2023-03-20 10:58:12.678000+00:00,1815.0,1.0,1815.0,0.0,0.0,0.0,8282.0,0.0,0.0,0.0,1396.0,1.0,1747.0,1.0,0.0,0.0,1882.0,2.0,1366.0,0.0,1919.0,0.0
2023-03-20 10:58:17.678000+00:00,1817.0,0.0,1817.0,1.0,0.0,0.0,8290.0,0.0,0.0,0.0,1396.0,0.0,1747.0,0.0,0.0,0.0,1887.0,6.0,1367.0,1.0,1922.0,2.0
2023-03-20 10:58:22.678000+00:00,1817.0,0.0,1817.0,0.0,0.0,0.0,8290.0,0.0,0.0,0.0,1397.0,1.0,1748.0,0.0,0.0,0.0,1892.0,1.0,1368.0,1.0,1924.0,0.0
2023-03-20 10:58:27.678000+00:00,1818.0,0.0,1818.0,0.0,0.0,0.0,8294.0,0.0,0.0,0.0,1397.0,0.0,1751.0,1.0,0.0,0.0,1892.0,0.0,1368.0,0.0,1926.0,2.0
2023-03-20 10:58:32.678000+00:00,1819.0,0.0,1819.0,0.0,0.0,0.0,8298.0,0.0,0.0,0.0,1398.0,0.0,1753.0,1.0,0.0,0.0,1893.0,0.0,1369.0,1.0,1929.0,1.0
2023-03-20 10:58:37.678000+00:00,1821.0,1.0,1821.0,1.0,0.0,0.0,8309.0,0.0,0.0,0.0,1399.0,0.0,1755.0,2.0,0.0,0.0,1895.0,1.0,1370.0,1.0,1929.0,0.0
2023-03-20 10:58:42.678000+00:00,1825.0,1.0,1825.0,2.0,0.0,0.0,8327.0,0.0,0.0,0.0,1401.0,1.0,1755.0,0.0,0.0,0.0,1898.0,2.0,1372.0,0.0,1931.0,2.0
2023-03-20 10:58:47.678000+00:00,1830.0,2.0,1830.0,1.0,0.0,0.0,8350.0,0.0,0.0,0.0,1405.0,0.0,1757.0,0.0,0.0,0.0,1898.0,0.0,1376.0,3.0,1932.0,1.0
2023-03-20 10:58:52.678000+00:00,1831.0,0.0,1831.0,1.0,0.0,0.0,8355.0,0.0,0.0,0.0,1407.0,0.0,1759.0,1.0,0.0,0.0,1900.0,1.0,1378.0,0.0,1935.0,2.0
2023-03-20 10:58:57.678000+00:00,1832.0,1.0,1832.0,0.0,0.0,0.0,8359.0,0.0,0.0,0.0,1408.0,0.0,1761.0,1.0,0.0,0.0,1901.0,1.0,1379.0,1.0,1937.0,1.0
2023-03-20 10:59:02.678000+00:00,1832.0,0.0,1832.0,0.0,0.0,0.0,8359.0,0.0,0.0,0.0,1408.0,0.0,1762.0,0.0,0.0,0.0,1904.0,0.0,1379.0,0.0,1938.0,1.0
2023-03-20 10:59:07.678000+00:00,1833.0,0.0,1833.0,1.0,0.0,0.0,8363.0,0.0,0.0,0.0,1408.0,0.0,1763.0,1.0,0.0,0.0,1905.0,1.0,1379.0,0.0,1939.0,1.0
2023-03-20 10:59:12.678000+00:00,1836.0,1.0,1836.0,0.0,0.0,0.0,8376.0,0.0,0.0,0.0,1411.0,2.0,1765.0,1.0,0.0,0.0,1907.0,1.0,1382.0,1.0,1939.0,0.0
2023-03-20 10:59:17.678000+00:00,1838.0,0.0,1838.0,0.0,0.0,0.0,8385.0,0.0,0.0,0.0,1414.0,2.0,1768.0,1.0,0.0,0.0,1909.0,2.0,1385.0,1.0,1942.0,0.0
2023-03-20 10:59:22.678000+00:00,1839.0,0.0,1839.0,0.0,0.0,0.0,8389.0,0.0,0.0,0.0,1414.0,0.0,1771.0,1.0,0.0,0.0,1909.0,0.0,1385.0,0.0,1942.0,0.0
2023-03-20 10:59:27.678000+00:00,1842.0,1.0,1842.0,1.0,0.0,0.0,8403.0,0.0,0.0,0.0,1417.0,0.0,1772.0,0.0,0.0,0.0,1910.0,1.0,1388.0,0.0,1944.0,1.0
2023-03-20 10:59:32.678000+00:00,1846.0,2.0,1846.0,0.0,0.0,0.0,8421.0,2.0,0.0,0.0,1421.0,1.0,1774.0,2.0,0.0,0.0,1913.0,0.0,1392.0,4.0,1946.0,0.0
2023-03-20 10:59:37.678000+00:00,1846.0,0.0,1846.0,0.0,0.0,0.0,8421.0,0.0,0.0,0.0,1421.0,0.0,1774.0,0.0,0.0,0.0,1914.0,0.0,1392.0,0.0,1948.0,2.0
2023-03-20 10:59:42.678000+00:00,1846.0,0.0,1846.0,0.0,0.0,0.0,8421.0,0.0,0.0,0.0,1421.0,0.0,1778.0,2.0,0.0,0.0,1916.0,0.0,1392.0,0.0,1949.0,0.0
2023-03-20 10:59:47.678000+00:00,1847.0,1.0,1847.0,0.0,0.0,0.0,8426.0,0.0,0.0,0.0,1421.0,0.0,1781.0,1.0,0.0,0.0,1917.0,0.0,1392.0,0.0,1950.0,0.0
2023-03-20 10:59:52.678000+00:00,1848.0,1.0,1848.0,0.0,0.0,0.0,8430.0,0.0,0.0,0.0,1422.0,1.0,1781.0,0.0,0.0,0.0,1919.0,1.0,1393.0,1.0,1955.0,1.0
2023-03-20 10:59:57.678000+00:00,1853.0,0.0,1853.0,2.0,0.0,0.0,8452.0,1.0,0.0,0.0,1423.0,0.0,1784.0,2.0,0.0,0.0,1921.0,1.0,1394.0,1.0,1957.0,0.0
2023-03-20 11:00:02.678000+00:00,1853.0,0.0,1853.0,0.0,0.0,0.0,8452.0,0.0,0.0,0.0,1426.0,1.0,1785.0,0.0,0.0,0.0,1921.0,0.0,1397.0,1.0,1959.0,0.0
2023-03-20 11:00:07.678000+00:00,1854.0,0.0,1854.0,0.0,0.0,0.0,8456.0,0.0,0.0,0.0,1427.0,0.0,1788.0,1.0,0.0,0.0,1922.0,0.0,1398.0,1.0,1959.0,0.0
2023-03-20 11:00:12.678000+00:00,1856.0,1.0,1856.0,0.0,0.0,0.0,8466.0,0.0,0.0,0.0,1428.0,0.0,1788.0,0.0,0.0,0.0,1923.0,0.0,1399.0,0.0,1962.0,1.0
2023-03-20 11:00:17.678000+00:00,1858.0,0.0,1858.0,0.0,0.0,0.0,8476.0,0.0,0.0,0.0,1430.0,0.0,1788.0,0.0,0.0,0.0,1925.0,0.0,1401.0,0.0,1963.0,1.0
2023-03-20 11:00:22.678000+00:00,1859.0,1.0,1859.0,1.0,0.0,0.0,8482.0,0.0,0.0,0.0,1431.0,0.0,1790.0,1.0,0.0,0.0,1927.0,2.0,1402.0,0.0,1965.0,0.0
2023-03-20 11:00:27.678000+00:00,1860.0,0.0,1860.0,0.0,0.0,0.0,8487.0,0.0,0.0,0.0,1432.0,1.0,1794.0,1.0,0.0,0.0,1930.0,0.0,1403.0,0.0,1968.0,1.0
2023-03-20 11:00:32.678000+00:00,1861.0,0.0,1861.0,0.0,0.0,0.0,8491.0,0.0,0.0,0.0,1434.0,0.0,1794.0,0.0,0.0,0.0,1933.0,0.0,1405.0,2.0,1969.0,2.0
2023-03-20 11:00:37.678000+00:00,1863.0,1.0,1863.0,0.0,0.0,0.0,8499.0,0.0,0.0,0.0,1434.0,0.0,1795.0,0.0,0.0,0.0,1935.0,1.0,1405.0,0.0,1970.0,1.0
2023-03-20 11:00:42.678000+00:00,1863.0,0.0,1863.0,0.0,0.0,0.0,8499.0,0.0,0.0,0.0,1436.0,0.0,1795.0,0.0,0.0,0.0,1935.0,0.0,1407.0,0.0,1971.0,0.0
2023-03-20 11:00:47.678000+00:00,1865.0,0.0,1865.0,0.0,0.0,0.0,8508.0,1.0,0.0,0.0,1438.0,1.0,1798.0,1.0,0.0,0.0,1937.0,0.0,1409.0,1.0,1974.0,2.0
2023-03-20 11:00:52.678000+00:00,1867.0,2.0,1867.0,0.0,0.0,0.0,8515.0,0.0,0.0,0.0,1438.0,0.0,1799.0,0.0,0.0,0.0,1941.0,2.0,1409.0,0.0,1976.0,0.0
2023-03-20 11:00:57.678000+00:00,1869.0,4.0,1869.0,0.0,0.0,0.0,8527.0,0.0,0.0,0.0,1440.0,1.0,1802.0,0.0,0.0,0.0,1944.0,1.0,1411.0,1.0,1976.0,0.0
2023-03-20 11:01:02.678000+00:00,1871.0,1.0,1871.0,1.0,0.0,0.0,8532.0,0.0,0.0,0.0,1441.0,0.0,1803.0,1.0,0.0,0.0,1944.0,0.0,1412.0,0.0,1977.0,0.0
2023-03-20 11:01:07.678000+00:00,1874.0,1.0,1874.0,1.0,0.0,0.0,8549.0,1.0,0.0,0.0,1444.0,2.0,1803.0,0.0,0.0,0.0,1944.0,0.0,1415.0,1.0,1980.0,0.0
2023-03-20 11:01:12.678000+00:00,1877.0,0.0,1877.0,0.0,0.0,0.0,8564.0,2.0,0.0,0.0,1446.0,1.0,1805.0,1.0,0.0,0.0,1947.0,0.0,1417.0,1.0,1980.0,0.0
2023-03-20 11:01:17.678000+00:00,1878.0,1.0,1878.0,0.0,0.0,0.0,8568.0,0.0,0.0,0.0,1449.0,0.0,1806.0,1.0,0.0,0.0,1948.0,0.0,1419.0,0.0,1982.0,1.0
2023-03-20 11:01:22.678000+00:00,1879.0,1.0,1879.0,0.0,0.0,0.0,8572.0,0.0,0.0,0.0,1450.0,0.0,1806.0,0.0,0.0,0.0,1949.0,1.0,1420.0,1.0,1982.0,0.0
2023-03-20 11:01:27.678000+00:00,1881.0,0.0,1881.0,0.0,0.0,0.0,8580.0,0.0,0.0,0.0,1453.0,0.0,1807.0,0.0,0.0,0.0,1952.0,2.0,1423.0,1.0,1985.0,1.0
2023-03-20 11:01:32.678000+00:00,1882.0,0.0,1882.0,1.0,0.0,0.0,8584.0,0.0,0.0,0.0,1453.0,0.0,1811.0,1.0,0.0,0.0,1953.0,1.0,1423.0,0.0,1986.0,1.0
2023-03-20 11:01:37.678000+00:00,1885.0,1.0,1885.0,1.0,0.0,0.0,8597.0,1.0,0.0,0.0,1455.0,1.0,1811.0,0.0,0.0,0.0,1954.0,0.0,1425.0,1.0,1987.0,0.0
2023-03-20 11:01:42.678000+00:00,1886.0,0.0,1886.0,0.0,0.0,0.0,8602.0,0.0,0.0,0.0,1457.0,1.0,1816.0,2.0,0.0,0.0,1955.0,0.0,1427.0,2.0,1989.0,0.0
2023-03-20 11:01:47.678000+00:00,1889.0,0.0,1889.0,1.0,0.0,0.0,8616.0,1.0,0.0,0.0,1460.0,0.0,1818.0,1.0,0.0,0.0,1956.0,1.0,1430.0,3.0,1989.0,0.0
2023-03-20 11:01:52.678000+00:00,1890.0,0.0,1890.0,1.0,0.0,0.0,8620.0,0.0,0.0,0.0,1461.0,0.0,1821.0,0.0,0.0,0.0,1957.0,0.0,1431.0,1.0,1990.0,1.0
2023-03-20 11:01:57.678000+00:00,1890.0,0.0,1890.0,0.0,0.0,0.0,8620.0,0.0,0.0,0.0,1462.0,0.0,1821.0,0.0,0.0,0.0,1960.0,1.0,1432.0,1.0,1991.0,1.0
2023-03-20 11:02:02.678000+00:00,1893.0,1.0,1893.0,2.0,0.0,0.0,8634.0,1.0,0.0,0.0,1463.0,0.0,1822.0,0.0,0.0,0.0,1960.0,0.0,1433.0,0.0,1993.0,1.0
2023-03-20 11:02:07.678000+00:00,1894.0,0.0,1894.0,0.0,0.0,0.0,8638.0,0.0,0.0,0.0,1465.0,1.0,1824.0,0.0,0.0,0.0,1962.0,0.0,1435.0,0.0,1994.0,0.0
2023-03-20 11:02:12.678000+00:00,1895.0,1.0,1895.0,0.0,0.0,0.0,8643.0,0.0,0.0,0.0,1465.0,0.0,1825.0,1.0,0.0,0.0,1964.0,0.0,1435.0,0.0,1999.0,3.0
2023-03-20 11:02:17.678000+00:00,1895.0,0.0,1895.0,0.0,0.0,0.0,8643.0,0.0,0.0,0.0,1466.0,0.0,1830.0,1.0,0.0,0.0,1964.0,0.0,1436.0,0.0,2001.0,0.0
2023-03-20 11:02:22.678000+00:00,1897.0,1.0,1897.0,0.0,0.0,0.0,8651.0,0.0,0.0,0.0,1467.0,0.0,1830.0,0.0,0.0,0.0,1968.0,2.0,1437.0,3.0,2004.0,1.0
2023-03-20 11:02:27.678000+00:00,1899.0,1.0,1899.0,1.0,0.0,0.0,8659.0,0.0,0.0,0.0,1469.0,0.0,1831.0,0.0,0.0,0.0,1969.0,0.0,1439.0,1.0,2005.0,1.0
2023-03-20 11:02:32.678000+00:00,1900.0,0.0,1900.0,0.0,0.0,0.0,8663.0,0.0,0.0,0.0,1469.0,0.0,1834.0,2.0,0.0,0.0,1970.0,0.0,1439.0,0.0,2006.0,0.0
2023-03-20 11:02:37.678000+00:00,1902.0,2.0,1902.0,1.0,0.0,0.0,8672.0,0.0,0.0,0.0,1470.0,1.0,1835.0,1.0,0.0,0.0,1972.0,1.0,1440.0,1.0,2007.0,0.0
2023-03-20 11:02:42.678000+00:00,1904.0,0.0,1904.0,0.0,0.0,0.0,8680.0,0.0,0.0,0.0,1472.0,2.0,1836.0,0.0,0.0,0.0,1974.0,0.0,1442.0,1.0,2009.0,1.0
2023-03-20 11:02:47.678000+00:00,1905.0,0.0,1905.0,0.0,0.0,0.0,8684.0,0.0,0.0,0.0,1474.0,1.0,1838.0,2.0,0.0,0.0,1977.0,0.0,1444.0,1.0,2013.0,1.0
2023-03-20 11:02:52.678000+00:00,1906.0,0.0,1906.0,0.0,0.0,0.0,8688.0,0.0,0.0,0.0,1474.0,0.0,1839.0,0.0,0.0,0.0,1978.0,0.0,1444.0,0.0,2014.0,1.0
2023-03-20 11:02:57.678000+00:00,1908.0,1.0,1908.0,2.0,0.0,0.0,8698.0,1.0,0.0,0.0,1475.0,0.0,1840.0,0.0,0.0,0.0,1980.0,1.0,1445.0,0.0,2018.0,3.0
2023-03-20 11:03:02.678000+00:00,1910.0,2.0,1910.0,0.0,0.0,0.0,8704.0,0.0,0.0,0.0,1476.0,1.0,1840.0,0.0,0.0,0.0,1981.0,1.0,1446.0,0.0,2019.0,1.0
2023-03-20 11:03:07.678000+00:00,1913.0,1.0,1913.0,3.0,0.0,0.0,8721.0,2.0,0.0,0.0,1477.0,0.0,1845.0,3.0,0.0,0.0,1983.0,2.0,1447.0,0.0,2019.0,0.0
2023-03-20 11:03:12.678000+00:00,1915.0,0.0,1915.0,1.0,0.0,0.0,8729.0,0.0,0.0,0.0,1479.0,2.0,1847.0,0.0,0.0,0.0,1985.0,0.0,1449.0,1.0,2019.0,0.0
2023-03-20 11:03:17.678000+00:00,1916.0,0.0,1916.0,0.0,0.0,0.0,8735.0,0.0,0.0,0.0,1481.0,0.0,1847.0,0.0,0.0,0.0,1986.0,0.0,1451.0,1.0,2020.0,0.0
2023-03-20 11:03:22.678000+00:00,1916.0,0.0,1916.0,0.0,0.0,0.0,8735.0,0.0,0.0,0.0,1481.0,0.0,1848.0,0.0,0.0,0.0,1988.0,0.0,1451.0,0.0,2023.0,1.0
2023-03-20 11:03:27.678000+00:00,1918.0,1.0,1918.0,0.0,0.0,0.0,8745.0,0.0,0.0,0.0,1482.0,0.0,1849.0,1.0,0.0,0.0,1990.0,2.0,1452.0,0.0,2025.0,1.0
2023-03-20 11:03:32.678000+00:00,1922.0,0.0,1922.0,0.0,0.0,0.0,8762.0,1.0,0.0,0.0,1483.0,1.0,1852.0,0.0,0.0,0.0,1994.0,0.0,1453.0,1.0,2025.0,0.0
2023-03-20 11:03:37.678000+00:00,1924.0,2.0,1924.0,0.0,0.0,0.0,8771.0,0.0,0.0,0.0,1488.0,3.0,1855.0,1.0,0.0,0.0,1994.0,0.0,1458.0,2.0,2026.0,0.0
2023-03-20 11:03:42.678000+00:00,1925.0,1.0,1925.0,0.0,0.0,0.0,8775.0,0.0,0.0,0.0,1490.0,0.0,1857.0,2.0,0.0,0.0,1994.0,0.0,1460.0,2.0,2029.0,2.0
2023-03-20 11:03:47.678000+00:00,1927.0,0.0,1927.0,0.0,0.0,0.0,8784.0,0.0,0.0,0.0,1491.0,0.0,1857.0,0.0,0.0,0.0,1995.0,0.0,1461.0,0.0,2032.0,2.0
2023-03-20 11:03:52.678000+00:00,1928.0,0.0,1928.0,0.0,0.0,0.0,8789.0,0.0,0.0,0.0,1492.0,0.0,1857.0,0.0,0.0,0.0,1998.0,0.0,1462.0,0.0,2033.0,0.0
2023-03-20 11:03:57.678000+00:00,1928.0,0.0,1928.0,0.0,0.0,0.0,8789.0,0.0,0.0,0.0,1493.0,0.0,1860.0,1.0,0.0,0.0,2000.0,0.0,1463.0,0.0,2034.0,1.0
2023-03-20 11:04:02.678000+00:00,1931.0,2.0,1931.0,1.0,0.0,0.0,8797.0,0.0,0.0,0.0,1495.0,1.0,1861.0,0.0,0.0,0.0,2000.0,0.0,1465.0,0.0,2035.0,0.0
2023-03-20 11:04:07.678000+00:00,1933.0,2.0,1933.0,0.0,0.0,0.0,8810.0,0.0,0.0,0.0,1497.0,0.0,1863.0,0.0,0.0,0.0,2000.0,0.0,1467.0,4.0,2040.0,4.0
2023-03-20 11:04:12.678000+00:00,1934.0,0.0,1934.0,0.0,0.0,0.0,8814.0,0.0,0.0,0.0,1498.0,0.0,1865.0,1.0,0.0,0.0,2003.0,1.0,1468.0,1.0,2041.0,1.0
2023-03-20 11:04:17.678000+00:00,1936.0,1.0,1936.0,1.0,0.0,0.0,8823.0,0.0,0.0,0.0,1499.0,0.0,1867.0,1.0,0.0,0.0,2007.0,3.0,1469.0,1.0,2041.0,0.0
2023-03-20 11:04:22.678000+00:00,1936.0,0.0,1936.0,0.0,0.0,0.0,8823.0,0.0,0.0,0.0,1499.0,0.0,1869.0,0.0,0.0,0.0,2008.0,0.0,1469.0,0.0,2041.0,0.0
2023-03-20 11:04:27.678000+00:00,1938.0,2.0,1938.0,0.0,0.0,0.0,8831.0,0.0,0.0,0.0,1499.0,0.0,1871.0,0.0,0.0,0.0,2009.0,1.0,1469.0,0.0,2041.0,0.0
2023-03-20 11:04:32.678000+00:00,1939.0,0.0,1939.0,0.0,0.0,0.0,8836.0,0.0,0.0,0.0,1499.0,0.0,1871.0,0.0,0.0,0.0,2011.0,0.0,1469.0,0.0,2045.0,1.0
2023-03-20 11:04:37.678000+00:00,1941.0,2.0,1941.0,0.0,0.0,0.0,8844.0,0.0,0.0,0.0,1499.0,0.0,1874.0,1.0,0.0,0.0,2014.0,0.0,1469.0,0.0,2048.0,1.0
2023-03-20 11:04:42.678000+00:00,1944.0,0.0,1944.0,2.0,0.0,0.0,8858.0,1.0,0.0,0.0,1502.0,1.0,1877.0,0.0,0.0,0.0,2016.0,2.0,1472.0,0.0,2050.0,0.0
2023-03-20 11:04:47.678000+00:00,1944.0,0.0,1944.0,0.0,0.0,0.0,8858.0,0.0,0.0,0.0,1504.0,0.0,1877.0,0.0,0.0,0.0,2016.0,0.0,1474.0,1.0,2051.0,1.0
2023-03-20 11:04:52.678000+00:00,1947.0,2.0,1947.0,2.0,0.0,0.0,8870.0,0.0,0.0,0.0,1505.0,1.0,1879.0,1.0,0.0,0.0,2016.0,0.0,1475.0,1.0,2054.0,1.0
2023-03-20 11:04:57.678000+00:00,1949.0,0.0,1949.0,0.0,0.0,0.0,8879.0,0.0,0.0,0.0,1508.0,1.0,1880.0,1.0,0.0,0.0,2017.0,1.0,1478.0,2.0,2054.0,0.0
2023-03-20 11:05:02.678000+00:00,1949.0,0.0,1949.0,0.0,0.0,0.0,8879.0,0.0,0.0,0.0,1509.0,1.0,1880.0,0.0,0.0,0.0,2019.0,0.0,1479.0,1.0,2056.0,1.0
2023-03-20 11:05:07.678000+00:00,1950.0,1.0,1950.0,0.0,0.0,0.0,8884.0,0.0,0.0,0.0,1509.0,0.0,1880.0,0.0,0.0,0.0,2022.0,0.0,1479.0,0.0,2059.0,2.0
2023-03-20 11:05:12.678000+00:00,1954.0,0.0,1954.0,1.0,0.0,0.0,8897.0,0.0,0.0,0.0,1512.0,0.0,1882.0,0.0,0.0,0.0,2025.0,1.0,1482.0,1.0,2060.0,0.0
2023-03-20 11:05:17.678000+00:00,1955.0,0.0,1955.0,0.0,0.0,0.0,8905.0,1.0,0.0,0.0,1514.0,0.0,1883.0,1.0,0.0,0.0,2026.0,0.0,1484.0,0.0,2061.0,1.0
2023-03-20 11:05:22.678000+00:00,1957.0,0.0,1957.0,1.0,0.0,0.0,8915.0,0.0,0.0,0.0,1515.0,0.0,1888.0,1.0,0.0,0.0,2027.0,0.0,1485.0,0.0,2063.0,2.0
2023-03-20 11:05:27.678000+00:00,1957.0,0.0,1957.0,0.0,0.0,0.0,8915.0,0.0,0.0,0.0,1517.0,1.0,1888.0,0.0,0.0,0.0,2028.0,0.0,1487.0,1.0,2064.0,0.0
2023-03-20 11:05:32.678000+00:00,1960.0,2.0,1960.0,0.0,0.0,0.0,8929.0,0.0,0.0,0.0,1517.0,0.0,1890.0,2.0,0.0,0.0,2033.0,0.0,1487.0,0.0,2064.0,0.0
2023-03-20 11:05:37.678000+00:00,1961.0,0.0,1961.0,1.0,0.0,0.0,8933.0,0.0,0.0,0.0,1520.0,1.0,1890.0,0.0,0.0,0.0,2033.0,0.0,1490.0,0.0,2064.0,0.0
2023-03-20 11:05:42.678000+00:00,1964.0,0.0,1964.0,1.0,0.0,0.0,8943.0,0.0,0.0,0.0,1522.0,1.0,1892.0,1.0,0.0,0.0,2035.0,0.0,1492.0,0.0,2068.0,2.0
2023-03-20 11:05:47.678000+00:00,1966.0,1.0,1966.0,1.0,0.0,0.0,8956.0,0.0,0.0,0.0,1525.0,1.0,1893.0,0.0,0.0,0.0,2037.0,1.0,1495.0,1.0,2070.0,1.0
2023-03-20 11:05:52.678000+00:00,1967.0,1.0,1967.0,0.0,0.0,0.0,8961.0,1.0,0.0,0.0,1527.0,2.0,1896.0,1.0,0.0,0.0,2037.0,0.0,1497.0,1.0,2072.0,1.0
2023-03-20 11:05:57.678000+00:00,1968.0,1.0,1968.0,1.0,0.0,0.0,8966.0,0.0,0.0,0.0,1527.0,0.0,1899.0,0.0,0.0,0.0,2037.0,0.0,1497.0,0.0,2072.0,0.0
2023-03-20 11:06:02.678000+00:00,1971.0,2.0,1971.0,1.0,0.0,0.0,8981.0,1.0,0.0,0.0,1527.0,0.0,1901.0,1.0,0.0,0.0,2038.0,0.0,1497.0,0.0,2073.0,0.0
2023-03-20 11:06:07.678000+00:00,1975.0,2.0,1975.0,1.0,0.0,0.0,9001.0,0.0,0.0,0.0,1530.0,2.0,1903.0,0.0,0.0,0.0,2041.0,0.0,1500.0,0.0,2075.0,1.0
2023-03-20 11:06:12.678000+00:00,1975.0,0.0,1975.0,0.0,0.0,0.0,9001.0,0.0,0.0,0.0,1532.0,1.0,1906.0,1.0,0.0,0.0,2041.0,0.0,1502.0,1.0,2077.0,1.0
2023-03-20 11:06:17.678000+00:00,1975.0,0.0,1975.0,0.0,0.0,0.0,9001.0,0.0,0.0,0.0,1532.0,0.0,1907.0,0.0,0.0,0.0,2043.0,0.0,1502.0,0.0,2077.0,0.0
2023-03-20 11:06:22.678000+00:00,1977.0,1.0,1977.0,0.0,0.0,0.0,9009.0,0.0,0.0,0.0,1534.0,1.0,1907.0,0.0,0.0,0.0,2046.0,2.0,1504.0,2.0,2081.0,1.0
2023-03-20 11:06:27.678000+00:00,1978.0,1.0,1978.0,0.0,0.0,0.0,9015.0,0.0,0.0,0.0,1535.0,0.0,1910.0,1.0,0.0,0.0,2047.0,0.0,1505.0,0.0,2082.0,0.0
2023-03-20 11:06:32.678000+00:00,1978.0,0.0,1978.0,0.0,0.0,0.0,9015.0,0.0,0.0,0.0,1535.0,0.0,1911.0,0.0,0.0,0.0,2049.0,1.0,1505.0,0.0,2083.0,1.0
2023-03-20 11:06:37.678000+00:00,1979.0,0.0,1979.0,1.0,0.0,0.0,9021.0,0.0,0.0,0.0,1535.0,0.0,1911.0,0.0,0.0,0.0,2049.0,0.0,1505.0,0.0,2097.0,6.0
2023-03-20 11:06:42.678000+00:00,1980.0,1.0,1980.0,0.0,0.0,0.0,9025.0,0.0,0.0,0.0,1536.0,0.0,1912.0,0.0,0.0,0.0,2049.0,0.0,1506.0,1.0,2098.0,1.0
2023-03-20 11:06:47.678000+00:00,1981.0,0.0,1981.0,0.0,0.0,0.0,9031.0,0.0,0.0,0.0,1537.0,0.0,1912.0,0.0,0.0,0.0,2050.0,0.0,1507.0,0.0,2100.0,1.0
2023-03-20 11:06:52.678000+00:00,1982.0,1.0,1982.0,0.0,0.0,0.0,9035.0,0.0,0.0,0.0,1538.0,0.0,1913.0,1.0,0.0,0.0,2052.0,0.0,1508.0,1.0,2100.0,0.0
2023-03-20 11:06:57.678000+00:00,1982.0,0.0,1982.0,0.0,0.0,0.0,9035.0,0.0,0.0,0.0,1539.0,1.0,1913.0,0.0,0.0,0.0,2052.0,0.0,1509.0,0.0,2102.0,1.0
2023-03-20 11:07:02.678000+00:00,1982.0,0.0,1982.0,0.0,0.0,0.0,9035.0,0.0,0.0,0.0,1539.0,0.0,1913.0,0.0,0.0,0.0,2056.0,0.0,1509.0,0.0,2102.0,0.0
2023-03-20 11:07:07.678000+00:00,1984.0,0.0,1984.0,0.0,0.0,0.0,9043.0,0.0,0.0,0.0,1540.0,0.0,1913.0,0.0,0.0,0.0,2059.0,1.0,1510.0,0.0,2103.0,1.0
2023-03-20 11:07:12.678000+00:00,1985.0,1.0,1985.0,0.0,0.0,0.0,9048.0,0.0,0.0,0.0,1541.0,0.0,1913.0,0.0,0.0,0.0,2066.0,3.0,1511.0,0.0,2106.0,1.0
2023-03-20 11:07:17.678000+00:00,1985.0,0.0,1985.0,0.0,0.0,0.0,9048.0,0.0,0.0,0.0,1541.0,0.0,1914.0,1.0,0.0,0.0,2069.0,0.0,1511.0,0.0,2108.0,1.0
2023-03-20 11:07:22.678000+00:00,1985.0,0.0,1985.0,0.0,0.0,0.0,9048.0,0.0,0.0,0.0,1541.0,0.0,1915.0,0.0,0.0,0.0,2070.0,1.0,1511.0,0.0,2108.0,0.0
2023-03-20 11:07:27.678000+00:00,1988.0,1.0,1988.0,1.0,0.0,0.0,9062.0,0.0,0.0,0.0,1542.0,1.0,1917.0,0.0,0.0,0.0,2071.0,1.0,1511.0,0.0,2109.0,0.0
2023-03-20 11:07:32.678000+00:00,1993.0,1.0,1993.0,1.0,0.0,0.0,9084.0,0.0,0.0,0.0,1544.0,0.0,1917.0,0.0,0.0,0.0,2071.0,0.0,1514.0,0.0,2109.0,0.0
2023-03-20 11:07:37.678000+00:00,1998.0,2.0,1998.0,0.0,0.0,0.0,9108.0,0.0,0.0,0.0,1547.0,2.0,1918.0,0.0,0.0,0.0,2074.0,0.0,1517.0,2.0,2111.0,1.0
2023-03-20 11:07:42.678000+00:00,2003.0,0.0,2003.0,0.0,0.0,0.0,9130.0,0.0,0.0,0.0,1551.0,0.0,1919.0,0.0,0.0,0.0,2076.0,1.0,1521.0,0.0,2111.0,0.0
2023-03-20 11:07:47.678000+00:00,2004.0,1.0,2004.0,0.0,0.0,0.0,9134.0,0.0,0.0,0.0,1552.0,0.0,1921.0,1.0,0.0,0.0,2078.0,0.0,1522.0,0.0,2113.0,0.0
2023-03-20 11:07:52.678000+00:00,2004.0,0.0,2004.0,0.0,0.0,0.0,9134.0,0.0,0.0,0.0,1553.0,0.0,1921.0,0.0,0.0,0.0,2078.0,0.0,1523.0,0.0,2115.0,4.0
2023-03-20 11:07:57.678000+00:00,2006.0,2.0,2006.0,1.0,0.0,0.0,9144.0,1.0,0.0,0.0,1555.0,0.0,1925.0,2.0,0.0,0.0,2078.0,0.0,1525.0,1.0,2117.0,1.0
2023-03-20 11:08:02.678000+00:00,2008.0,1.0,2008.0,1.0,0.0,0.0,9153.0,1.0,0.0,0.0,1556.0,0.0,1927.0,0.0,0.0,0.0,2080.0,2.0,1526.0,0.0,2118.0,1.0
2023-03-20 11:08:07.678000+00:00,2008.0,0.0,2008.0,0.0,0.0,0.0,9153.0,0.0,0.0,0.0,1556.0,0.0,1932.0,1.0,0.0,0.0,2081.0,0.0,1526.0,0.0,2119.0,1.0
2023-03-20 11:08:12.678000+00:00,2009.0,0.0,2009.0,0.0,0.0,0.0,9157.0,1.0,0.0,0.0,1557.0,0.0,1936.0,3.0,0.0,0.0,2082.0,1.0,1527.0,0.0,2121.0,0.0
2023-03-20 11:08:17.678000+00:00,2010.0,0.0,2010.0,0.0,0.0,0.0,9161.0,0.0,0.0,0.0,1557.0,0.0,1938.0,2.0,0.0,0.0,2083.0,0.0,1527.0,0.0,2124.0,2.0
2023-03-20 11:08:22.678000+00:00,2013.0,1.0,2013.0,0.0,0.0,0.0,9173.0,0.0,0.0,0.0,1560.0,0.0,1940.0,1.0,0.0,0.0,2084.0,1.0,1530.0,0.0,2125.0,0.0
2023-03-20 11:08:27.678000+00:00,2013.0,0.0,2013.0,0.0,0.0,0.0,9173.0,0.0,0.0,0.0,1561.0,0.0,1940.0,0.0,0.0,0.0,2085.0,0.0,1531.0,1.0,2128.0,2.0
2023-03-20 11:08:32.678000+00:00,2014.0,0.0,2014.0,0.0,0.0,0.0,9178.0,0.0,0.0,0.0,1561.0,0.0,1942.0,1.0,0.0,0.0,2088.0,2.0,1531.0,0.0,2131.0,2.0
2023-03-20 11:08:37.678000+00:00,2015.0,0.0,2015.0,0.0,0.0,0.0,9182.0,0.0,0.0,0.0,1561.0,0.0,1943.0,1.0,0.0,0.0,2091.0,0.0,1531.0,0.0,2137.0,1.0
2023-03-20 11:08:42.678000+00:00,2016.0,0.0,2016.0,0.0,0.0,0.0,9186.0,0.0,0.0,0.0,1561.0,0.0,1944.0,0.0,0.0,0.0,2091.0,0.0,1531.0,0.0,2143.0,2.0
2023-03-20 11:08:47.678000+00:00,2016.0,0.0,2016.0,0.0,0.0,0.0,9186.0,0.0,0.0,0.0,1562.0,0.0,1946.0,1.0,0.0,0.0,2093.0,0.0,1532.0,0.0,2148.0,4.0
2023-03-20 11:08:52.678000+00:00,2018.0,1.0,2018.0,0.0,0.0,0.0,9195.0,0.0,0.0,0.0,1564.0,0.0,1947.0,1.0,0.0,0.0,2094.0,1.0,1533.0,1.0,2148.0,0.0
2023-03-20 11:08:57.678000+00:00,2019.0,0.0,2019.0,0.0,0.0,0.0,9200.0,0.0,0.0,0.0,1564.0,0.0,1947.0,0.0,0.0,0.0,2099.0,1.0,1534.0,0.0,2150.0,3.0
2023-03-20 11:09:02.678000+00:00,2021.0,2.0,2021.0,1.0,0.0,0.0,9208.0,1.0,0.0,0.0,1564.0,0.0,1948.0,0.0,0.0,0.0,2104.0,2.0,1534.0,0.0,2152.0,2.0
2023-03-20 11:09:07.678000+00:00,2024.0,2.0,2024.0,2.0,0.0,0.0,9220.0,1.0,0.0,0.0,1567.0,1.0,1949.0,0.0,0.0,0.0,2108.0,0.0,1537.0,1.0,2154.0,1.0
2023-03-20 11:09:12.678000+00:00,2024.0,0.0,2024.0,0.0,0.0,0.0,9220.0,0.0,0.0,0.0,1568.0,0.0,1950.0,0.0,0.0,0.0,2113.0,4.0,1538.0,1.0,2154.0,0.0
2023-03-20 11:09:17.678000+00:00,2027.0,1.0,2027.0,0.0,0.0,0.0,9233.0,0.0,0.0,0.0,1570.0,0.0,1952.0,0.0,0.0,0.0,2116.0,1.0,1540.0,1.0,2155.0,1.0
2023-03-20 11:09:22.678000+00:00,2032.0,0.0,2032.0,1.0,0.0,0.0,9256.0,0.0,0.0,0.0,1574.0,0.0,1953.0,0.0,0.0,0.0,2119.0,2.0,1544.0,2.0,2157.0,0.0
2023-03-20 11:09:27.678000+00:00,2035.0,1.0,2035.0,0.0,0.0,0.0,9270.0,0.0,0.0,0.0,1576.0,0.0,1955.0,1.0,0.0,0.0,2120.0,1.0,1546.0,1.0,2158.0,1.0
2023-03-20 11:09:32.678000+00:00,2040.0,1.0,2040.0,2.0,0.0,0.0,9290.0,0.0,0.0,0.0,1581.0,0.0,1957.0,0.0,0.0,0.0,2121.0,0.0,1551.0,3.0,2158.0,0.0
2023-03-20 11:09:37.678000+00:00,2046.0,2.0,2046.0,0.0,0.0,0.0,9316.0,2.0,0.0,0.0,1585.0,1.0,1957.0,0.0,0.0,0.0,2123.0,0.0,1555.0,2.0,2160.0,0.0
2023-03-20 11:09:42.678000+00:00,2049.0,1.0,2049.0,1.0,0.0,0.0,9329.0,0.0,0.0,0.0,1587.0,0.0,1959.0,1.0,0.0,0.0,2124.0,1.0,1557.0,1.0,2163.0,2.0
2023-03-20 11:09:47.678000+00:00,2052.0,0.0,2052.0,3.0,0.0,0.0,9344.0,1.0,0.0,0.0,1589.0,1.0,1961.0,0.0,0.0,0.0,2125.0,1.0,1559.0,1.0,2164.0,1.0
2023-03-20 11:09:52.678000+00:00,2054.0,1.0,2054.0,0.0,0.0,0.0,9352.0,1.0,0.0,0.0,1591.0,1.0,1964.0,1.0,0.0,0.0,2125.0,0.0,1561.0,2.0,2165.0,1.0
2023-03-20 11:09:57.678000+00:00,2054.0,0.0,2054.0,0.0,0.0,0.0,9352.0,0.0,0.0,0.0,1591.0,0.0,1968.0,0.0,0.0,0.0,2126.0,1.0,1561.0,0.0,2168.0,1.0
2023-03-20 11:10:02.678000+00:00,2055.0,1.0,2054.0,0.0,0.0,0.0,9352.0,0.0,0.0,0.0,1591.0,0.0,1972.0,0.0,0.0,0.0,2127.0,1.0,1561.0,0.0,2169.0,0.0
2023-03-20 11:10:07.678000+00:00,2058.0,1.0,2058.0,0.0,0.0,0.0,9368.0,1.0,0.0,0.0,1593.0,1.0,1977.0,4.0,0.0,0.0,2128.0,0.0,1563.0,0.0,2171.0,1.0
2023-03-20 11:10:12.678000+00:00,2059.0,1.0,2059.0,0.0,0.0,0.0,9374.0,0.0,0.0,0.0,1596.0,0.0,1983.0,1.0,0.0,0.0,2130.0,0.0,1566.0,0.0,2171.0,0.0
2023-03-20 11:10:17.678000+00:00,2059.0,0.0,2059.0,0.0,0.0,0.0,9374.0,0.0,0.0,0.0,1596.0,0.0,1984.0,1.0,0.0,0.0,2134.0,3.0,1566.0,0.0,2174.0,1.0
2023-03-20 11:10:22.678000+00:00,2059.0,0.0,2059.0,0.0,0.0,0.0,9374.0,0.0,0.0,0.0,1596.0,0.0,1987.0,0.0,0.0,0.0,2134.0,0.0,1566.0,0.0,2181.0,2.0
2023-03-20 11:10:27.678000+00:00,2059.0,0.0,2059.0,0.0,0.0,0.0,9374.0,0.0,0.0,0.0,1596.0,0.0,1988.0,0.0,0.0,0.0,2134.0,0.0,1566.0,0.0,2184.0,0.0
2023-03-20 11:10:32.678000+00:00,2060.0,1.0,2060.0,0.0,0.0,0.0,9380.0,1.0,0.0,0.0,1597.0,0.0,1990.0,1.0,0.0,0.0,2137.0,2.0,1567.0,0.0,2187.0,1.0
2023-03-20 11:10:37.678000+00:00,2061.0,1.0,2061.0,1.0,0.0,0.0,9385.0,0.0,0.0,0.0,1597.0,0.0,1993.0,1.0,0.0,0.0,2139.0,1.0,1567.0,0.0,2191.0,3.0
2023-03-20 11:10:42.678000+00:00,2062.0,0.0,2062.0,1.0,0.0,0.0,9390.0,0.0,0.0,0.0,1599.0,1.0,1993.0,0.0,0.0,0.0,2143.0,0.0,1569.0,1.0,2195.0,3.0
2023-03-20 11:10:47.678000+00:00,2063.0,1.0,2063.0,0.0,0.0,0.0,9395.0,0.0,0.0,0.0,1599.0,0.0,1993.0,0.0,0.0,0.0,2146.0,1.0,1569.0,0.0,2196.0,1.0
2023-03-20 11:10:52.678000+00:00,2064.0,1.0,2064.0,0.0,0.0,0.0,9400.0,1.0,0.0,0.0,1599.0,0.0,1993.0,0.0,0.0,0.0,2148.0,1.0,1569.0,0.0,2199.0,1.0
2023-03-20 11:10:57.678000+00:00,2064.0,0.0,2064.0,0.0,0.0,0.0,9400.0,0.0,0.0,0.0,1600.0,1.0,1993.0,0.0,0.0,0.0,2150.0,0.0,1570.0,1.0,2201.0,1.0
2023-03-20 11:11:02.678000+00:00,2066.0,0.0,2066.0,0.0,0.0,0.0,9409.0,0.0,0.0,0.0,1600.0,0.0,1993.0,0.0,0.0,0.0,2154.0,1.0,1570.0,0.0,2204.0,3.0
2023-03-20 11:11:07.678000+00:00,2067.0,1.0,2067.0,0.0,0.0,0.0,9410.0,0.0,0.0,0.0,1601.0,0.0,1993.0,0.0,0.0,0.0,2158.0,0.0,1571.0,1.0,2204.0,0.0
2023-03-20 11:11:12.678000+00:00,2071.0,4.0,2071.0,1.0,0.0,0.0,9431.0,0.0,0.0,0.0,1604.0,2.0,1995.0,0.0,0.0,0.0,2160.0,2.0,1574.0,1.0,2205.0,0.0
2023-03-20 11:11:17.678000+00:00,2075.0,0.0,2075.0,0.0,0.0,0.0,9452.0,1.0,0.0,0.0,1606.0,1.0,1996.0,1.0,0.0,0.0,2161.0,1.0,1576.0,0.0,2207.0,0.0
2023-03-20 11:11:22.678000+00:00,2076.0,0.0,2076.0,0.0,0.0,0.0,9456.0,0.0,0.0,0.0,1609.0,1.0,1996.0,0.0,0.0,0.0,2163.0,1.0,1578.0,1.0,2207.0,0.0
2023-03-20 11:11:27.678000+00:00,2077.0,0.0,2077.0,1.0,0.0,0.0,9460.0,0.0,0.0,0.0,1610.0,1.0,1997.0,0.0,0.0,0.0,2166.0,2.0,1578.0,0.0,2207.0,0.0
2023-03-20 11:11:32.678000+00:00,2081.0,3.0,2081.0,2.0,0.0,0.0,9482.0,0.0,0.0,0.0,1611.0,0.0,1998.0,1.0,0.0,0.0,2168.0,1.0,1580.0,1.0,2207.0,0.0
2023-03-20 11:11:37.678000+00:00,2085.0,1.0,2085.0,2.0,0.0,0.0,9495.0,2.0,0.0,0.0,1614.0,1.0,1999.0,0.0,0.0,0.0,2170.0,0.0,1583.0,0.0,2209.0,2.0
2023-03-20 11:11:42.678000+00:00,2087.0,0.0,2087.0,1.0,0.0,0.0,9509.0,0.0,0.0,0.0,1618.0,3.0,2004.0,2.0,0.0,0.0,2170.0,0.0,1587.0,2.0,2209.0,0.0
2023-03-20 11:11:47.678000+00:00,2090.0,2.0,2090.0,1.0,0.0,0.0,9523.0,0.0,0.0,0.0,1619.0,0.0,2006.0,0.0,0.0,0.0,2172.0,1.0,1588.0,0.0,2210.0,1.0
2023-03-20 11:11:52.678000+00:00,2091.0,1.0,2091.0,0.0,0.0,0.0,9528.0,0.0,0.0,0.0,1621.0,1.0,2007.0,1.0,0.0,0.0,2172.0,0.0,1590.0,1.0,2212.0,1.0
2023-03-20 11:11:57.678000+00:00,2094.0,1.0,2094.0,1.0,0.0,0.0,9543.0,0.0,0.0,0.0,1622.0,0.0,2010.0,1.0,0.0,0.0,2172.0,0.0,1591.0,1.0,2214.0,0.0
2023-03-20 11:12:02.678000+00:00,2095.0,0.0,2095.0,1.0,0.0,0.0,9548.0,0.0,0.0,0.0,1625.0,0.0,2012.0,0.0,0.0,0.0,2174.0,1.0,1594.0,1.0,2215.0,0.0
2023-03-20 11:12:07.678000+00:00,2097.0,1.0,2097.0,0.0,0.0,0.0,9557.0,0.0,0.0,0.0,1626.0,0.0,2014.0,1.0,0.0,0.0,2174.0,0.0,1595.0,1.0,2218.0,0.0
2023-03-20 11:12:12.678000+00:00,2099.0,2.0,2099.0,0.0,0.0,0.0,9566.0,0.0,0.0,0.0,1628.0,1.0,2017.0,0.0,0.0,0.0,2175.0,0.0,1597.0,1.0,2219.0,0.0
2023-03-20 11:12:17.678000+00:00,2100.0,0.0,2100.0,1.0,0.0,0.0,9571.0,0.0,0.0,0.0,1631.0,2.0,2023.0,1.0,0.0,0.0,2176.0,1.0,1600.0,0.0,2223.0,2.0
2023-03-20 11:12:22.678000+00:00,2100.0,0.0,2100.0,0.0,0.0,0.0,9571.0,0.0,0.0,0.0,1631.0,0.0,2023.0,0.0,0.0,0.0,2176.0,0.0,1600.0,0.0,2224.0,0.0
2023-03-20 11:12:27.678000+00:00,2100.0,0.0,2100.0,0.0,0.0,0.0,9571.0,0.0,0.0,0.0,1631.0,0.0,2024.0,0.0,0.0,0.0,2180.0,3.0,1600.0,0.0,2227.0,2.0
2023-03-20 11:12:32.678000+00:00,2101.0,0.0,2101.0,1.0,0.0,0.0,9575.0,0.0,0.0,0.0,1631.0,0.0,2027.0,0.0,0.0,0.0,2182.0,1.0,1600.0,0.0,2231.0,1.0
2023-03-20 11:12:37.678000+00:00,2102.0,0.0,2102.0,1.0,0.0,0.0,9580.0,0.0,0.0,0.0,1632.0,0.0,2030.0,1.0,0.0,0.0,2184.0,1.0,1601.0,0.0,2234.0,1.0
2023-03-20 11:12:42.678000+00:00,2103.0,1.0,2103.0,0.0,0.0,0.0,9584.0,0.0,0.0,0.0,1633.0,0.0,2031.0,0.0,0.0,0.0,2185.0,1.0,1602.0,0.0,2236.0,0.0
2023-03-20 11:12:47.678000+00:00,2104.0,0.0,2104.0,0.0,0.0,0.0,9588.0,0.0,0.0,0.0,1635.0,1.0,2033.0,0.0,0.0,0.0,2187.0,0.0,1604.0,0.0,2238.0,2.0
2023-03-20 11:12:52.678000+00:00,2106.0,0.0,2106.0,2.0,0.0,0.0,9597.0,0.0,0.0,0.0,1635.0,0.0,2033.0,0.0,0.0,0.0,2189.0,2.0,1604.0,0.0,2241.0,1.0
2023-03-20 11:12:57.678000+00:00,2109.0,3.0,2109.0,1.0,0.0,0.0,9609.0,1.0,0.0,0.0,1637.0,0.0,2033.0,0.0,0.0,0.0,2196.0,5.0,1606.0,0.0,2243.0,1.0
2023-03-20 11:13:02.678000+00:00,2111.0,0.0,2111.0,1.0,0.0,0.0,9620.0,0.0,0.0,0.0,1639.0,0.0,2034.0,0.0,0.0,0.0,2197.0,1.0,1608.0,1.0,2246.0,0.0
2023-03-20 11:13:07.678000+00:00,2112.0,0.0,2112.0,1.0,0.0,0.0,9626.0,0.0,0.0,0.0,1641.0,2.0,2034.0,0.0,0.0,0.0,2198.0,0.0,1609.0,1.0,2247.0,0.0
2023-03-20 11:13:12.678000+00:00,2113.0,0.0,2113.0,0.0,0.0,0.0,9630.0,0.0,0.0,0.0,1641.0,0.0,2035.0,2.0,0.0,0.0,2199.0,0.0,1609.0,0.0,2250.0,0.0
2023-03-20 11:13:17.678000+00:00,2115.0,1.0,2115.0,1.0,0.0,0.0,9640.0,0.0,0.0,0.0,1641.0,0.0,2036.0,0.0,0.0,0.0,2203.0,1.0,1609.0,0.0,2252.0,1.0
2023-03-20 11:13:22.678000+00:00,2117.0,0.0,2117.0,0.0,0.0,0.0,9648.0,0.0,0.0,0.0,1642.0,0.0,2038.0,1.0,0.0,0.0,2203.0,0.0,1610.0,1.0,2252.0,0.0
2023-03-20 11:13:27.678000+00:00,2120.0,1.0,2120.0,1.0,0.0,0.0,9661.0,0.0,0.0,0.0,1646.0,2.0,2039.0,1.0,0.0,0.0,2209.0,2.0,1614.0,2.0,2253.0,0.0
2023-03-20 11:13:32.678000+00:00,2125.0,0.0,2125.0,1.0,0.0,0.0,9686.0,0.0,0.0,0.0,1647.0,0.0,2041.0,2.0,0.0,0.0,2210.0,0.0,1615.0,1.0,2253.0,0.0
2023-03-20 11:13:37.678000+00:00,2127.0,0.0,2127.0,0.0,0.0,0.0,9696.0,0.0,0.0,0.0,1650.0,0.0,2044.0,2.0,0.0,0.0,2213.0,1.0,1618.0,2.0,2256.0,3.0
2023-03-20 11:13:42.678000+00:00,2127.0,0.0,2127.0,0.0,0.0,0.0,9696.0,0.0,0.0,0.0,1650.0,0.0,2044.0,0.0,0.0,0.0,2215.0,1.0,1618.0,0.0,2257.0,0.0
2023-03-20 11:13:47.678000+00:00,2132.0,2.0,2132.0,0.0,0.0,0.0,9719.0,2.0,0.0,0.0,1651.0,0.0,2047.0,1.0,0.0,0.0,2216.0,0.0,1618.0,0.0,2258.0,0.0
2023-03-20 11:13:52.678000+00:00,2134.0,1.0,2134.0,1.0,0.0,0.0,9727.0,0.0,0.0,0.0,1655.0,1.0,2047.0,0.0,0.0,0.0,2218.0,1.0,1623.0,4.0,2259.0,0.0
2023-03-20 11:13:57.678000+00:00,2135.0,1.0,2135.0,0.0,0.0,0.0,9731.0,0.0,0.0,0.0,1655.0,0.0,2051.0,1.0,0.0,0.0,2218.0,0.0,1623.0,0.0,2261.0,1.0
2023-03-20 11:14:02.678000+00:00,2138.0,2.0,2138.0,0.0,0.0,0.0,9744.0,1.0,0.0,0.0,1657.0,0.0,2054.0,2.0,0.0,0.0,2219.0,0.0,1625.0,0.0,2262.0,0.0
2023-03-20 11:14:07.678000+00:00,2141.0,1.0,2141.0,0.0,0.0,0.0,9756.0,1.0,0.0,0.0,1660.0,0.0,2056.0,0.0,0.0,0.0,2219.0,0.0,1628.0,2.0,2264.0,2.0
2023-03-20 11:14:12.678000+00:00,2142.0,0.0,2142.0,0.0,0.0,0.0,9760.0,0.0,0.0,0.0,1662.0,0.0,2060.0,2.0,0.0,0.0,2222.0,2.0,1630.0,0.0,2267.0,1.0
2023-03-20 11:14:17.678000+00:00,2144.0,0.0,2144.0,0.0,0.0,0.0,9765.0,0.0,0.0,0.0,1663.0,0.0,2060.0,0.0,0.0,0.0,2223.0,0.0,1631.0,0.0,2269.0,2.0
2023-03-20 11:14:22.678000+00:00,2144.0,0.0,2144.0,0.0,0.0,0.0,9768.0,0.0,0.0,0.0,1664.0,0.0,2065.0,0.0,0.0,0.0,2226.0,2.0,1632.0,0.0,2272.0,0.0
2023-03-20 11:14:27.678000+00:00,2146.0,0.0,2146.0,0.0,0.0,0.0,9776.0,0.0,0.0,0.0,1665.0,1.0,2068.0,1.0,0.0,0.0,2227.0,1.0,1633.0,1.0,2275.0,1.0
2023-03-20 11:14:32.678000+00:00,2147.0,0.0,2147.0,0.0,0.0,0.0,9780.0,0.0,0.0,0.0,1666.0,1.0,2072.0,3.0,0.0,0.0,2228.0,0.0,1634.0,1.0,2276.0,0.0
2023-03-20 11:14:37.678000+00:00,2149.0,0.0,2149.0,0.0,0.0,0.0,9788.0,0.0,0.0,0.0,1666.0,0.0,2073.0,0.0,0.0,0.0,2232.0,1.0,1634.0,0.0,2279.0,1.0
2023-03-20 11:14:42.678000+00:00,2150.0,0.0,2150.0,1.0,0.0,0.0,9793.0,0.0,0.0,0.0,1668.0,0.0,2074.0,0.0,0.0,0.0,2235.0,1.0,1636.0,1.0,2283.0,2.0
2023-03-20 11:14:47.678000+00:00,2152.0,2.0,2152.0,0.0,0.0,0.0,9804.0,1.0,0.0,0.0,1671.0,1.0,2075.0,1.0,0.0,0.0,2237.0,0.0,1639.0,1.0,2285.0,0.0
2023-03-20 11:14:52.678000+00:00,2154.0,0.0,2154.0,1.0,0.0,0.0,9814.0,0.0,0.0,0.0,1672.0,1.0,2077.0,1.0,0.0,0.0,2239.0,1.0,1640.0,1.0,2288.0,0.0
2023-03-20 11:14:57.678000+00:00,2156.0,1.0,2156.0,0.0,0.0,0.0,9822.0,0.0,0.0,0.0,1674.0,1.0,2077.0,0.0,0.0,0.0,2241.0,1.0,1642.0,1.0,2291.0,1.0
2023-03-20 11:15:02.678000+00:00,2158.0,0.0,2158.0,0.0,0.0,0.0,9827.0,0.0,0.0,0.0,1675.0,1.0,2078.0,0.0,0.0,0.0,2243.0,1.0,1643.0,0.0,2295.0,1.0
2023-03-20 11:15:07.678000+00:00,2159.0,1.0,2159.0,0.0,0.0,0.0,9837.0,0.0,0.0,0.0,1677.0,0.0,2081.0,1.0,0.0,0.0,2247.0,0.0,1645.0,1.0,2296.0,0.0
2023-03-20 11:15:12.678000+00:00,2159.0,0.0,2159.0,0.0,0.0,0.0,9837.0,0.0,0.0,0.0,1677.0,0.0,2084.0,1.0,0.0,0.0,2250.0,1.0,1645.0,0.0,2297.0,0.0
2023-03-20 11:15:17.678000+00:00,2165.0,1.0,2165.0,1.0,0.0,0.0,9864.0,1.0,0.0,0.0,1679.0,0.0,2086.0,1.0,0.0,0.0,2252.0,2.0,1647.0,2.0,2298.0,0.0
2023-03-20 11:15:22.678000+00:00,2167.0,2.0,2167.0,1.0,0.0,0.0,9876.0,2.0,0.0,0.0,1684.0,3.0,2087.0,1.0,0.0,0.0,2253.0,0.0,1652.0,2.0,2301.0,2.0
2023-03-20 11:15:27.678000+00:00,2171.0,3.0,2171.0,0.0,0.0,0.0,9893.0,0.0,0.0,0.0,1687.0,1.0,2088.0,0.0,0.0,0.0,2256.0,1.0,1655.0,1.0,2301.0,0.0
2023-03-20 11:15:32.678000+00:00,2173.0,0.0,2173.0,0.0,0.0,0.0,9903.0,0.0,0.0,0.0,1689.0,1.0,2090.0,0.0,0.0,0.0,2260.0,2.0,1657.0,0.0,2302.0,1.0
2023-03-20 11:15:37.678000+00:00,2176.0,0.0,2176.0,2.0,0.0,0.0,9916.0,1.0,0.0,0.0,1690.0,0.0,2090.0,0.0,0.0,0.0,2262.0,1.0,1658.0,0.0,2306.0,1.0
2023-03-20 11:15:42.678000+00:00,2177.0,0.0,2177.0,0.0,0.0,0.0,9921.0,0.0,0.0,0.0,1691.0,0.0,2092.0,1.0,0.0,0.0,2262.0,0.0,1659.0,0.0,2308.0,1.0
2023-03-20 11:15:47.678000+00:00,2180.0,1.0,2180.0,2.0,0.0,0.0,9936.0,0.0,0.0,0.0,1694.0,1.0,2095.0,0.0,0.0,0.0,2264.0,0.0,1662.0,2.0,2310.0,2.0
2023-03-20 11:15:52.678000+00:00,2184.0,0.0,2184.0,0.0,0.0,0.0,9954.0,1.0,0.0,0.0,1695.0,1.0,2099.0,2.0,0.0,0.0,2265.0,1.0,1663.0,0.0,2311.0,1.0
2023-03-20 11:15:57.678000+00:00,2185.0,6.0,2185.0,1.0,0.0,0.0,9958.0,1.0,0.0,0.0,1697.0,2.0,2101.0,2.0,0.0,0.0,2265.0,0.0,1664.0,0.0,2312.0,1.0
2023-03-20 11:16:02.678000+00:00,2189.0,0.0,2189.0,0.0,0.0,0.0,9976.0,1.0,0.0,0.0,1699.0,3.0,2106.0,3.0,0.0,0.0,2266.0,0.0,1667.0,0.0,2312.0,0.0
2023-03-20 11:16:07.678000+00:00,2191.0,0.0,2191.0,1.0,0.0,0.0,9985.0,0.0,0.0,0.0,1702.0,0.0,2110.0,1.0,0.0,0.0,2269.0,1.0,1670.0,2.0,2317.0,4.0
2023-03-20 11:16:12.678000+00:00,2193.0,0.0,2193.0,2.0,0.0,0.0,9993.0,1.0,0.0,0.0,1703.0,0.0,2111.0,0.0,0.0,0.0,2272.0,2.0,1671.0,0.0,2320.0,1.0
2023-03-20 11:16:17.678000+00:00,2193.0,0.0,2193.0,0.0,0.0,0.0,9993.0,0.0,0.0,0.0,1704.0,1.0,2112.0,1.0,0.0,0.0,2275.0,3.0,1672.0,1.0,2321.0,1.0
2023-03-20 11:16:22.678000+00:00,2193.0,0.0,2193.0,0.0,0.0,0.0,9993.0,0.0,0.0,0.0,1704.0,0.0,2114.0,1.0,0.0,0.0,2276.0,0.0,1672.0,0.0,2322.0,0.0
2023-03-20 11:16:27.678000+00:00,2193.0,0.0,2193.0,0.0,0.0,0.0,9993.0,0.0,0.0,0.0,1704.0,0.0,2121.0,1.0,0.0,0.0,2277.0,0.0,1672.0,0.0,2327.0,1.0
2023-03-20 11:16:32.678000+00:00,2193.0,0.0,2193.0,0.0,0.0,0.0,9993.0,0.0,0.0,0.0,1704.0,0.0,2123.0,0.0,0.0,0.0,2279.0,1.0,1672.0,0.0,2328.0,0.0
2023-03-20 11:16:37.678000+00:00,2197.0,1.0,2197.0,0.0,0.0,0.0,10011.0,0.0,0.0,0.0,1707.0,1.0,2123.0,0.0,0.0,0.0,2279.0,0.0,1675.0,2.0,2333.0,3.0
2023-03-20 11:16:42.678000+00:00,2201.0,2.0,2201.0,1.0,0.0,0.0,10028.0,1.0,0.0,0.0,1709.0,1.0,2126.0,2.0,0.0,0.0,2283.0,1.0,1677.0,2.0,2333.0,0.0
2023-03-20 11:16:47.678000+00:00,2204.0,1.0,2204.0,1.0,0.0,0.0,10042.0,0.0,0.0,0.0,1713.0,2.0,2126.0,0.0,0.0,0.0,2285.0,1.0,1681.0,3.0,2334.0,0.0
2023-03-20 11:16:52.678000+00:00,2204.0,0.0,2204.0,0.0,0.0,0.0,10042.0,0.0,0.0,0.0,1714.0,0.0,2126.0,0.0,0.0,0.0,2289.0,3.0,1682.0,1.0,2337.0,1.0
2023-03-20 11:16:57.678000+00:00,2206.0,1.0,2206.0,0.0,0.0,0.0,10051.0,0.0,0.0,0.0,1716.0,1.0,2126.0,0.0,0.0,0.0,2290.0,0.0,1683.0,0.0,2342.0,3.0
2023-03-20 11:17:02.678000+00:00,2208.0,0.0,2208.0,1.0,0.0,0.0,10059.0,1.0,0.0,0.0,1717.0,1.0,2126.0,0.0,0.0,0.0,2292.0,1.0,1685.0,1.0,2347.0,1.0
2023-03-20 11:17:07.678000+00:00,2212.0,3.0,2212.0,1.0,0.0,0.0,10075.0,0.0,0.0,0.0,1719.0,1.0,2129.0,1.0,0.0,0.0,2295.0,0.0,1687.0,2.0,2348.0,0.0
2023-03-20 11:17:12.678000+00:00,2215.0,2.0,2215.0,0.0,0.0,0.0,10088.0,0.0,0.0,0.0,1721.0,0.0,2133.0,0.0,0.0,0.0,2299.0,1.0,1688.0,0.0,2349.0,0.0
2023-03-20 11:17:17.678000+00:00,2217.0,1.0,2217.0,1.0,0.0,0.0,10098.0,0.0,0.0,0.0,1724.0,2.0,2135.0,2.0,0.0,0.0,2301.0,0.0,1692.0,3.0,2350.0,1.0
2023-03-20 11:17:22.678000+00:00,2217.0,0.0,2217.0,0.0,0.0,0.0,10098.0,0.0,0.0,0.0,1725.0,0.0,2136.0,0.0,0.0,0.0,2303.0,1.0,1693.0,1.0,2350.0,0.0
2023-03-20 11:17:27.678000+00:00,2218.0,1.0,2218.0,1.0,0.0,0.0,10100.0,0.0,0.0,0.0,1725.0,0.0,2137.0,1.0,0.0,0.0,2306.0,1.0,1693.0,0.0,2351.0,0.0
2023-03-20 11:17:32.678000+00:00,2220.0,0.0,2220.0,1.0,0.0,0.0,10111.0,0.0,0.0,0.0,1727.0,1.0,2139.0,1.0,0.0,0.0,2311.0,0.0,1695.0,1.0,2352.0,0.0
2023-03-20 11:17:37.678000+00:00,2223.0,2.0,2223.0,0.0,0.0,0.0,10124.0,0.0,0.0,0.0,1727.0,0.0,2141.0,1.0,0.0,0.0,2311.0,0.0,1695.0,0.0,2354.0,1.0
2023-03-20 11:17:42.678000+00:00,2227.0,1.0,2227.0,0.0,0.0,0.0,10144.0,0.0,0.0,0.0,1728.0,1.0,2142.0,0.0,0.0,0.0,2312.0,0.0,1696.0,1.0,2355.0,0.0
2023-03-20 11:17:47.678000+00:00,2229.0,1.0,2229.0,2.0,0.0,0.0,10154.0,0.0,0.0,0.0,1732.0,3.0,2144.0,0.0,0.0,0.0,2313.0,0.0,1700.0,1.0,2355.0,0.0
2023-03-20 11:17:52.678000+00:00,2231.0,1.0,2231.0,2.0,0.0,0.0,10163.0,0.0,0.0,0.0,1735.0,1.0,2147.0,1.0,0.0,0.0,2314.0,0.0,1703.0,1.0,2359.0,0.0
2023-03-20 11:17:57.678000+00:00,2232.0,0.0,2232.0,1.0,0.0,0.0,10167.0,0.0,0.0,0.0,1735.0,0.0,2148.0,0.0,0.0,0.0,2315.0,0.0,1703.0,0.0,2361.0,1.0
2023-03-20 11:18:02.678000+00:00,2233.0,1.0,2233.0,0.0,0.0,0.0,10175.0,0.0,0.0,0.0,1736.0,1.0,2148.0,0.0,0.0,0.0,2316.0,1.0,1704.0,0.0,2364.0,1.0
2023-03-20 11:18:07.678000+00:00,2236.0,0.0,2236.0,1.0,0.0,0.0,10189.0,0.0,0.0,0.0,1738.0,0.0,2151.0,1.0,0.0,0.0,2318.0,2.0,1706.0,0.0,2364.0,0.0
2023-03-20 11:18:12.678000+00:00,2237.0,0.0,2237.0,0.0,0.0,0.0,10194.0,0.0,0.0,0.0,1739.0,2.0,2154.0,2.0,0.0,0.0,2318.0,0.0,1707.0,0.0,2365.0,0.0
2023-03-20 11:18:17.678000+00:00,2238.0,1.0,2238.0,0.0,0.0,0.0,10199.0,1.0,0.0,0.0,1739.0,0.0,2156.0,0.0,0.0,0.0,2319.0,0.0,1707.0,0.0,2368.0,2.0
2023-03-20 11:18:22.678000+00:00,2238.0,0.0,2238.0,0.0,0.0,0.0,10199.0,0.0,0.0,0.0,1740.0,1.0,2158.0,0.0,0.0,0.0,2322.0,3.0,1708.0,0.0,2370.0,0.0
2023-03-20 11:18:27.678000+00:00,2239.0,1.0,2239.0,0.0,0.0,0.0,10203.0,0.0,0.0,0.0,1740.0,0.0,2160.0,1.0,0.0,0.0,2323.0,0.0,1708.0,0.0,2371.0,0.0
