timestamp,rt_web_get_shipping_calcid_seconds_count,rt_web_get_shipping_calcid_seconds_sum,rt_web_get_shipping_code_seconds_count,rt_web_get_shipping_code_seconds_sum,rt_web_get_shipping_postconfirm_seconds_count,rt_web_get_shipping_postconfirm_seconds_sum
2023-03-20 09:35:24.729000+00:00,1.0,,1.0,,1.0,
2023-03-20 09:35:29.729000+00:00,1.0,0.0,1.0,0.0,1.0,0.0
2023-03-20 09:35:34.729000+00:00,3.0,0.013999999999999999,2.0,0.010999999999999982,2.0,0.016000000000000014
2023-03-20 09:35:39.729000+00:00,5.0,0.017,3.0,0.008000000000000007,3.0,0.018000000000000016
2023-03-20 09:35:44.729000+00:00,7.0,0.016,5.0,0.015000000000000013,6.0,0.03500000000000003
2023-03-20 09:35:49.729000+00:00,8.0,0.02099999999999999,7.0,0.02099999999999999,7.0,0.0119999999999999
2023-03-20 09:35:54.729000+00:00,9.0,0.006000000000000005,8.0,0.006000000000000005,7.0,0.0
2023-03-20 09:35:59.729000+00:00,9.0,0.0,9.0,0.0069999999999999785,7.0,0.0
2023-03-20 09:36:04.729000+00:00,11.0,0.012999999999999998,9.0,0.0,8.0,0.010000000000000009
2023-03-20 09:36:09.729000+00:00,13.0,0.013000000000000012,12.0,0.02200000000000002,10.0,0.018000000000000016
2023-03-20 09:36:14.729000+00:00,14.0,0.00799999999999998,13.0,0.007000000000000006,11.0,0.009000000000000008
2023-03-20 09:36:19.729000+00:00,16.0,0.017000000000000015,14.0,0.006000000000000005,12.0,0.010000000000000009
2023-03-20 09:36:24.729000+00:00,17.0,0.006000000000000005,17.0,0.022999999999999965,13.0,0.010000000000000009
2023-03-20 09:36:29.729000+00:00,20.0,0.024999999999999994,17.0,0.0,15.0,0.02100000000000002
2023-03-20 09:36:34.729000+00:00,24.0,0.023999999999999994,20.0,0.019000000000000017,18.0,0.026999999999999913
2023-03-20 09:36:39.729000+00:00,27.0,0.019000000000000017,25.0,0.03199999999999997,21.0,0.026000000000000023
2023-03-20 09:36:44.729000+00:00,27.0,0.0,27.0,0.013000000000000012,21.0,0.0
2023-03-20 09:36:49.729000+00:00,28.0,0.004999999999999977,27.0,0.0,22.0,0.010000000000000009
2023-03-20 09:36:54.729000+00:00,29.0,0.0050000000000000044,28.0,0.007000000000000006,23.0,0.008000000000000007
2023-03-20 09:36:59.729000+00:00,33.0,0.02400000000000002,29.0,0.006000000000000005,27.0,0.040000000000000036
2023-03-20 09:37:04.729000+00:00,34.0,0.006000000000000005,34.0,0.031000000000000028,28.0,0.008000000000000007
2023-03-20 09:37:09.729000+00:00,36.0,0.011999999999999955,35.0,0.0050000000000000044,29.0,0.008000000000000007
2023-03-20 09:37:14.729000+00:00,38.0,0.010000000000000009,37.0,0.010999999999999954,31.0,0.02200000000000002
2023-03-20 09:37:19.729000+00:00,38.0,0.0,38.0,0.006000000000000005,31.0,0.0
2023-03-20 09:37:24.729000+00:00,38.0,0.0,38.0,0.0,31.0,0.0
2023-03-20 09:37:29.729000+00:00,42.0,0.02300000000000002,39.0,0.008000000000000007,35.0,0.04200000000000004
2023-03-20 09:37:34.729000+00:00,43.0,0.006000000000000005,42.0,0.02300000000000002,36.0,0.008000000000000007
2023-03-20 09:37:39.729000+00:00,44.0,0.0050000000000000044,44.0,0.01200000000000001,37.0,0.008000000000000007
2023-03-20 09:37:44.729000+00:00,45.0,0.007000000000000006,44.0,0.0,37.0,0.0
2023-03-20 09:37:49.729000+00:00,47.0,0.009999999999999953,46.0,0.010999999999999954,38.0,0.010000000000000009
2023-03-20 09:37:54.729000+00:00,49.0,0.01100000000000001,47.0,0.0050000000000000044,40.0,0.014999999999999902
2023-03-20 09:37:59.729000+00:00,52.0,0.014000000000000012,49.0,0.010000000000000009,43.0,0.030000000000000027
2023-03-20 09:38:04.729000+00:00,53.0,0.006000000000000005,52.0,0.017000000000000015,44.0,0.010999999999999899
2023-03-20 09:38:09.729000+00:00,55.0,0.01100000000000001,54.0,0.009000000000000008,46.0,0.018000000000000016
2023-03-20 09:38:14.729000+00:00,56.0,0.006000000000000005,56.0,0.01200000000000001,47.0,0.010000000000000009
2023-03-20 09:38:19.729000+00:00,59.0,0.01899999999999996,58.0,0.01100000000000001,50.0,0.025000000000000133
2023-03-20 09:38:24.729000+00:00,61.0,0.008000000000000007,59.0,0.006000000000000005,52.0,0.018999999999999906
2023-03-20 09:38:29.729000+00:00,64.0,0.017000000000000015,61.0,0.01100000000000001,54.0,0.07400000000000007
2023-03-20 09:38:34.729000+00:00,66.0,0.016000000000000014,65.0,0.02299999999999991,56.0,0.02499999999999991
2023-03-20 09:38:39.729000+00:00,67.0,0.006000000000000005,66.0,0.008000000000000007,57.0,0.006000000000000005
2023-03-20 09:38:44.729000+00:00,70.0,0.014999999999999958,67.0,0.006000000000000005,59.0,0.020000000000000018
2023-03-20 09:38:49.729000+00:00,71.0,0.0050000000000000044,70.0,0.08400000000000007,60.0,0.007000000000000117
2023-03-20 09:38:54.729000+00:00,72.0,0.006000000000000005,71.0,0.0050000000000000044,61.0,0.010999999999999899
2023-03-20 09:38:59.729000+00:00,73.0,0.006000000000000005,72.0,0.004999999999999893,62.0,0.0129999999999999
2023-03-20 09:39:04.729000+00:00,78.0,0.028000000000000025,74.0,0.010000000000000009,65.0,0.037000000000000144
2023-03-20 09:39:09.729000+00:00,78.0,0.0,78.0,0.02400000000000002,65.0,0.0
2023-03-20 09:39:14.729000+00:00,82.0,0.02200000000000002,79.0,0.0040000000000000036,68.0,0.026000000000000023
2023-03-20 09:39:19.729000+00:00,84.0,0.010000000000000009,82.0,0.015000000000000013,69.0,0.010000000000000009
2023-03-20 09:39:24.729000+00:00,89.0,0.02399999999999991,85.0,0.015000000000000013,74.0,0.04699999999999993
2023-03-20 09:39:29.729000+00:00,89.0,0.0,89.0,0.028000000000000025,74.0,0.0
2023-03-20 09:39:34.729000+00:00,91.0,0.01100000000000001,89.0,0.0,76.0,0.020000000000000018
2023-03-20 09:39:39.729000+00:00,92.0,0.006000000000000005,91.0,0.010000000000000009,77.0,0.008000000000000007
2023-03-20 09:39:44.729000+00:00,94.0,0.01200000000000001,93.0,0.01100000000000001,78.0,0.010999999999999899
2023-03-20 09:39:49.729000+00:00,97.0,0.016000000000000014,95.0,0.010999999999999899,81.0,0.029000000000000137
2023-03-20 09:39:54.729000+00:00,99.0,0.013000000000000012,97.0,0.008000000000000007,82.0,0.01200000000000001
2023-03-20 09:39:59.729000+00:00,100.0,0.0040000000000000036,99.0,0.010000000000000009,83.0,0.010999999999999899
2023-03-20 09:40:04.729000+00:00,103.0,0.013000000000000012,100.0,0.007000000000000006,86.0,0.02200000000000002
2023-03-20 09:40:09.729000+00:00,104.0,0.0040000000000000036,103.0,0.014000000000000012,87.0,0.006999999999999895
2023-03-20 09:40:14.729000+00:00,105.0,0.0050000000000000044,104.0,0.0050000000000000044,88.0,0.006000000000000005
2023-03-20 09:40:19.729000+00:00,107.0,0.009000000000000008,106.0,0.009000000000000008,90.0,0.017000000000000126
2023-03-20 09:40:24.729000+00:00,109.0,0.008000000000000007,108.0,0.009000000000000008,91.0,0.008999999999999897
2023-03-20 09:40:29.729000+00:00,111.0,0.008000000000000007,110.0,0.008000000000000007,92.0,0.2160000000000002
2023-03-20 09:40:34.729000+00:00,115.0,0.018999999999999906,113.0,0.014000000000000012,95.0,0.020999999999999908
2023-03-20 09:40:39.729000+00:00,116.0,0.006000000000000005,115.0,0.010000000000000009,95.0,0.0
2023-03-20 09:40:44.729000+00:00,118.0,0.009000000000000008,116.0,0.0040000000000000036,97.0,0.015000000000000124
2023-03-20 09:40:49.729000+00:00,121.0,0.017000000000000015,119.0,0.015000000000000013,99.0,0.016999999999999904
2023-03-20 09:40:54.729000+00:00,122.0,0.006000000000000005,121.0,0.008999999999999897,99.0,0.0
2023-03-20 09:40:59.729000+00:00,126.0,0.019000000000000017,124.0,0.016000000000000014,102.0,0.0259999999999998
2023-03-20 09:41:04.729000+00:00,128.0,0.014000000000000012,126.0,0.009000000000000008,102.0,0.0
2023-03-20 09:41:09.729000+00:00,130.0,0.009000000000000008,128.0,0.010000000000000009,103.0,0.010000000000000231
2023-03-20 09:41:14.729000+00:00,132.0,0.01100000000000001,130.0,0.01200000000000001,105.0,0.016999999999999904
2023-03-20 09:41:19.729000+00:00,132.0,0.0,132.0,0.010000000000000009,105.0,0.0
2023-03-20 09:41:24.729000+00:00,134.0,0.009000000000000008,133.0,0.004999999999999893,106.0,0.010000000000000231
2023-03-20 09:41:29.729000+00:00,136.0,0.015999999999999903,134.0,0.009000000000000119,108.0,0.021999999999999797
2023-03-20 09:41:34.729000+00:00,139.0,0.014000000000000012,136.0,0.010999999999999899,110.0,0.016999999999999904
2023-03-20 09:41:39.729000+00:00,141.0,0.01100000000000001,139.0,0.013000000000000123,112.0,0.016999999999999904
2023-03-20 09:41:44.729000+00:00,142.0,0.0050000000000000044,141.0,0.008000000000000007,113.0,0.009000000000000341
2023-03-20 09:41:49.729000+00:00,147.0,0.020000000000000018,142.0,0.006000000000000005,115.0,0.017999999999999794
2023-03-20 09:41:54.729000+00:00,150.0,0.01200000000000001,147.0,0.020000000000000018,117.0,0.020999999999999908
2023-03-20 09:41:59.729000+00:00,152.0,0.009000000000000008,150.0,0.014000000000000012,119.0,0.017000000000000348
2023-03-20 09:42:04.729000+00:00,154.0,0.013000000000000012,152.0,0.008000000000000007,121.0,0.016999999999999904
2023-03-20 09:42:09.729000+00:00,157.0,0.019000000000000017,154.0,0.010000000000000009,123.0,0.02400000000000002
2023-03-20 09:42:14.729000+00:00,158.0,0.0050000000000000044,157.0,0.014999999999999902,124.0,0.008999999999999897
2023-03-20 09:42:19.729000+00:00,159.0,0.0040000000000000036,159.0,0.010999999999999899,124.0,0.0
2023-03-20 09:42:24.729000+00:00,161.0,0.009999999999999898,159.0,0.0,125.0,0.009999999999999787
2023-03-20 09:42:29.729000+00:00,163.0,0.009000000000000008,162.0,0.014000000000000012,127.0,0.03100000000000014
2023-03-20 09:42:34.729000+00:00,164.0,0.0050000000000000044,163.0,0.0040000000000000036,128.0,0.008999999999999897
2023-03-20 09:42:39.729000+00:00,164.0,0.0,164.0,0.0050000000000001155,128.0,0.0
2023-03-20 09:42:44.729000+00:00,164.0,0.0,164.0,0.0,128.0,0.0
2023-03-20 09:42:49.729000+00:00,166.0,0.010000000000000009,164.0,0.0,129.0,0.009000000000000341
2023-03-20 09:42:54.729000+00:00,168.0,0.008000000000000007,167.0,0.014999999999999902,131.0,0.020999999999999908
2023-03-20 09:42:59.729000+00:00,169.0,0.0050000000000000044,168.0,0.0040000000000000036,132.0,0.004999999999999893
2023-03-20 09:43:04.729000+00:00,172.0,0.014000000000000012,170.0,0.009000000000000119,134.0,0.020999999999999908
2023-03-20 09:43:09.729000+00:00,173.0,0.006000000000000005,173.0,0.016999999999999904,135.0,0.010000000000000231
2023-03-20 09:43:14.729000+00:00,177.0,0.017000000000000015,174.0,0.0040000000000000036,139.0,0.030999999999999694
2023-03-20 09:43:19.729000+00:00,178.0,0.0040000000000000036,177.0,0.013000000000000123,140.0,0.010000000000000231
2023-03-20 09:43:24.729000+00:00,179.0,0.0040000000000000036,178.0,0.0040000000000000036,141.0,0.01100000000000012
2023-03-20 09:43:29.729000+00:00,180.0,0.0040000000000000036,179.0,0.0040000000000000036,142.0,0.006999999999999673
2023-03-20 09:43:34.729000+00:00,182.0,0.008999999999999897,180.0,0.0040000000000000036,144.0,0.014000000000000234
2023-03-20 09:43:39.729000+00:00,185.0,0.014000000000000012,183.0,0.010000000000000009,146.0,0.1429999999999998
2023-03-20 09:43:44.729000+00:00,185.0,0.0,185.0,0.008000000000000007,146.0,0.0
2023-03-20 09:43:49.729000+00:00,188.0,0.01200000000000001,185.0,0.0,149.0,0.02400000000000002
2023-03-20 09:43:54.729000+00:00,190.0,0.009000000000000119,188.0,0.010999999999999899,151.0,0.016000000000000014
2023-03-20 09:43:59.729000+00:00,190.0,0.0,190.0,0.010999999999999899,151.0,0.0
2023-03-20 09:44:04.729000+00:00,195.0,0.020999999999999908,191.0,0.0040000000000000036,154.0,0.028000000000000025
2023-03-20 09:44:09.729000+00:00,198.0,0.01200000000000001,195.0,0.025000000000000133,158.0,0.028999999999999915
2023-03-20 09:44:14.729000+00:00,199.0,0.0040000000000000036,198.0,0.01200000000000001,159.0,0.006000000000000227
2023-03-20 09:44:19.729000+00:00,200.0,0.0040000000000000036,199.0,0.0040000000000000036,159.0,0.0
2023-03-20 09:44:24.729000+00:00,200.0,0.0,200.0,0.0040000000000000036,159.0,0.0
2023-03-20 09:44:29.729000+00:00,202.0,0.009000000000000119,200.0,0.0,159.0,0.0
2023-03-20 09:44:34.729000+00:00,202.0,0.0,202.0,0.008000000000000007,159.0,0.0
2023-03-20 09:44:39.729000+00:00,203.0,0.004999999999999893,203.0,0.0029999999999998916,160.0,0.009999999999999787
2023-03-20 09:44:44.729000+00:00,204.0,0.004999999999999893,204.0,0.0040000000000000036,161.0,0.009000000000000341
2023-03-20 09:44:49.729000+00:00,206.0,0.01100000000000012,204.0,0.0,163.0,0.011999999999999567
2023-03-20 09:44:54.729000+00:00,206.0,0.0,206.0,0.008000000000000007,163.0,0.0
2023-03-20 09:44:59.729000+00:00,206.0,0.0,206.0,0.0,163.0,0.0
2023-03-20 09:45:04.729000+00:00,208.0,0.008999999999999897,206.0,0.0,165.0,0.017000000000000348
2023-03-20 09:45:09.729000+00:00,214.0,0.025000000000000133,208.0,0.010000000000000009,169.0,0.03299999999999992
2023-03-20 09:45:14.729000+00:00,218.0,0.014999999999999902,215.0,0.029000000000000137,173.0,0.03500000000000014
2023-03-20 09:45:19.729000+00:00,220.0,0.018000000000000016,218.0,0.009999999999999787,175.0,0.020000000000000018
2023-03-20 09:45:24.729000+00:00,221.0,0.0040000000000000036,220.0,0.009000000000000119,176.0,0.008000000000000007
2023-03-20 09:45:29.729000+00:00,222.0,0.0040000000000000036,221.0,0.004999999999999893,177.0,0.006999999999999673
2023-03-20 09:45:34.729000+00:00,223.0,0.0040000000000000036,222.0,0.0040000000000000036,178.0,0.010000000000000231
2023-03-20 09:45:39.729000+00:00,223.0,0.0,223.0,0.0040000000000000036,178.0,0.0
2023-03-20 09:45:44.729000+00:00,224.0,0.0040000000000000036,223.0,0.0,179.0,0.009999999999999787
2023-03-20 09:45:49.729000+00:00,227.0,0.01200000000000001,225.0,0.009000000000000119,181.0,0.016000000000000014
2023-03-20 09:45:54.729000+00:00,230.0,0.01200000000000001,230.0,0.020000000000000018,183.0,0.016999999999999904
2023-03-20 09:45:59.729000+00:00,231.0,0.0040000000000000036,230.0,0.0,184.0,0.006000000000000227
2023-03-20 09:46:04.729000+00:00,232.0,0.0040000000000000036,231.0,0.0040000000000000036,185.0,0.008999999999999897
2023-03-20 09:46:09.729000+00:00,234.0,0.008000000000000007,232.0,0.0040000000000000036,187.0,0.016000000000000014
2023-03-20 09:46:14.729000+00:00,237.0,0.014000000000000012,234.0,0.008000000000000007,190.0,0.08199999999999985
2023-03-20 09:46:19.729000+00:00,239.0,0.008999999999999897,237.0,0.010999999999999899,192.0,0.014000000000000234
2023-03-20 09:46:24.729000+00:00,239.0,0.0,239.0,0.008000000000000007,192.0,0.0
2023-03-20 09:46:29.729000+00:00,241.0,0.013000000000000123,240.0,0.0040000000000000036,193.0,0.01399999999999979
2023-03-20 09:46:34.729000+00:00,242.0,0.0040000000000000036,241.0,0.0040000000000000036,193.0,0.0
2023-03-20 09:46:39.729000+00:00,245.0,0.014000000000000012,243.0,0.009000000000000119,195.0,0.018000000000000238
2023-03-20 09:46:44.729000+00:00,246.0,0.0029999999999998916,245.0,0.006999999999999895,196.0,0.005999999999999783
2023-03-20 09:46:49.729000+00:00,247.0,0.0040000000000000036,246.0,0.0040000000000000036,196.0,0.0
2023-03-20 09:46:54.729000+00:00,249.0,0.008000000000000007,247.0,0.0040000000000000036,198.0,0.016000000000000014
2023-03-20 09:46:59.729000+00:00,249.0,0.0,249.0,0.006000000000000005,198.0,0.0
2023-03-20 09:47:04.729000+00:00,250.0,0.0040000000000000036,249.0,0.0,199.0,0.01200000000000001
2023-03-20 09:47:09.729000+00:00,253.0,0.01100000000000012,251.0,0.008999999999999897,202.0,0.020000000000000018
2023-03-20 09:47:14.729000+00:00,257.0,0.0259999999999998,254.0,0.01100000000000012,206.0,0.03100000000000014
2023-03-20 09:47:19.729000+00:00,258.0,0.0040000000000000036,258.0,0.02299999999999991,207.0,0.007000000000000117
2023-03-20 09:47:24.729000+00:00,260.0,0.008000000000000007,258.0,0.0,209.0,0.018999999999999684
2023-03-20 09:47:29.729000+00:00,260.0,0.0,260.0,0.008000000000000007,209.0,0.0
2023-03-20 09:47:34.729000+00:00,262.0,0.009000000000000119,261.0,0.0030000000000001137,210.0,0.009000000000000341
2023-03-20 09:47:39.729000+00:00,264.0,0.008000000000000007,262.0,0.0040000000000000036,211.0,0.008999999999999897
2023-03-20 09:47:44.729000+00:00,264.0,0.0,264.0,0.008000000000000007,211.0,0.0
2023-03-20 09:47:49.729000+00:00,266.0,0.008000000000000007,264.0,0.0,212.0,0.008000000000000007
2023-03-20 09:47:54.729000+00:00,267.0,0.0040000000000000036,267.0,0.010999999999999899,213.0,0.005999999999999783
2023-03-20 09:47:59.729000+00:00,268.0,0.0040000000000000036,267.0,0.0,214.0,0.009000000000000341
2023-03-20 09:48:04.729000+00:00,270.0,0.008000000000000007,268.0,0.0040000000000000036,215.0,0.006999999999999673
2023-03-20 09:48:09.729000+00:00,271.0,0.0040000000000000036,270.0,0.008000000000000007,215.0,0.0
2023-03-20 09:48:14.729000+00:00,274.0,0.010000000000000009,272.0,0.008000000000000007,216.0,0.010000000000000231
2023-03-20 09:48:19.729000+00:00,275.0,0.004999999999999893,274.0,0.008000000000000007,216.0,0.0
2023-03-20 09:48:24.729000+00:00,277.0,0.007000000000000117,275.0,0.0040000000000000036,217.0,0.008000000000000007
2023-03-20 09:48:29.729000+00:00,279.0,0.008000000000000007,277.0,0.007000000000000117,217.0,0.0
2023-03-20 09:48:34.729000+00:00,279.0,0.0,279.0,0.006999999999999895,217.0,0.0
2023-03-20 09:48:39.729000+00:00,285.0,0.02200000000000002,279.0,0.0,223.0,0.041999999999999815
2023-03-20 09:48:44.729000+00:00,286.0,0.0040000000000000036,286.0,0.026999999999999913,224.0,0.008000000000000007
2023-03-20 09:48:49.729000+00:00,286.0,0.0,286.0,0.0,224.0,0.0
2023-03-20 09:48:54.729000+00:00,286.0,0.0,286.0,0.0,224.0,0.0
2023-03-20 09:48:59.729000+00:00,288.0,0.006999999999999895,287.0,0.0040000000000000036,225.0,0.008999999999999897
2023-03-20 09:49:04.729000+00:00,289.0,0.0040000000000000036,290.0,0.01100000000000012,226.0,0.010000000000000231
2023-03-20 09:49:09.729000+00:00,294.0,0.020000000000000018,291.0,0.0040000000000000036,231.0,0.03500000000000014
2023-03-20 09:49:14.729000+00:00,295.0,0.0040000000000000036,294.0,0.010999999999999899,231.0,0.0
2023-03-20 09:49:19.729000+00:00,298.0,0.0129999999999999,296.0,0.009000000000000119,233.0,0.01599999999999957
2023-03-20 09:49:24.729000+00:00,301.0,0.013000000000000123,298.0,0.008000000000000007,234.0,0.009000000000000341
2023-03-20 09:49:29.729000+00:00,302.0,0.004999999999999893,302.0,0.014999999999999902,235.0,0.009999999999999787
2023-03-20 09:49:34.729000+00:00,303.0,0.0050000000000001155,302.0,0.0,235.0,0.0
2023-03-20 09:49:39.729000+00:00,303.0,0.0,303.0,0.0040000000000000036,235.0,0.0
2023-03-20 09:49:44.729000+00:00,304.0,0.0040000000000000036,303.0,0.0,236.0,0.007000000000000117
2023-03-20 09:49:49.729000+00:00,305.0,0.0040000000000000036,304.0,0.0040000000000000036,237.0,0.008999999999999897
2023-03-20 09:49:54.729000+00:00,307.0,0.008000000000000007,306.0,0.008000000000000007,238.0,0.006000000000000227
2023-03-20 09:49:59.729000+00:00,308.0,0.0040000000000000036,308.0,0.008000000000000007,239.0,0.010999999999999677
2023-03-20 09:50:04.729000+00:00,309.0,0.004999999999999893,308.0,0.0,240.0,0.008000000000000007
2023-03-20 09:50:09.729000+00:00,310.0,0.0050000000000001155,309.0,0.0040000000000000036,241.0,0.01100000000000012
2023-03-20 09:50:14.729000+00:00,312.0,0.008000000000000007,311.0,0.008999999999999897,243.0,0.014000000000000234
2023-03-20 09:50:19.729000+00:00,316.0,0.016000000000000014,313.0,0.008000000000000007,247.0,0.030999999999999694
2023-03-20 09:50:24.729000+00:00,319.0,0.01399999999999979,316.0,0.010000000000000009,250.0,0.028999999999999915
2023-03-20 09:50:29.729000+00:00,320.0,0.007000000000000117,320.0,0.015000000000000124,250.0,0.0
2023-03-20 09:50:34.729000+00:00,320.0,0.0,320.0,0.0,250.0,0.0
2023-03-20 09:50:39.729000+00:00,320.0,0.0,320.0,0.0,250.0,0.0
2023-03-20 09:50:44.729000+00:00,320.0,0.0,320.0,0.0,250.0,0.0
2023-03-20 09:50:49.729000+00:00,320.0,0.0,320.0,0.0,250.0,0.0
2023-03-20 09:50:54.729000+00:00,322.0,0.008999999999999897,320.0,0.0,252.0,0.018000000000000238
2023-03-20 09:50:59.729000+00:00,324.0,0.007000000000000117,323.0,0.010999999999999899,253.0,0.009999999999999787
2023-03-20 09:51:04.729000+00:00,324.0,0.0,324.0,0.0040000000000000036,253.0,0.0
2023-03-20 09:51:09.729000+00:00,324.0,0.0,324.0,0.0,253.0,0.0
2023-03-20 09:51:14.729000+00:00,325.0,0.0029999999999998916,324.0,0.0,254.0,0.008000000000000007
2023-03-20 09:51:19.729000+00:00,327.0,0.009000000000000119,326.0,0.006000000000000005,256.0,0.018000000000000238
2023-03-20 09:51:24.729000+00:00,330.0,0.01200000000000001,327.0,0.0040000000000000036,258.0,0.03600000000000003
2023-03-20 09:51:29.729000+00:00,334.0,0.014999999999999902,330.0,0.010000000000000009,262.0,0.028000000000000025
2023-03-20 09:51:34.729000+00:00,338.0,0.015000000000000124,334.0,0.016000000000000014,265.0,0.020999999999999908
2023-03-20 09:51:39.729000+00:00,339.0,0.0029999999999998916,338.0,0.014000000000000012,265.0,0.0
2023-03-20 09:51:44.729000+00:00,342.0,0.010000000000000009,339.0,0.0040000000000000036,268.0,0.02300000000000013
2023-03-20 09:51:49.729000+00:00,344.0,0.007000000000000117,342.0,0.010000000000000009,270.0,0.01399999999999979
2023-03-20 09:51:54.729000+00:00,346.0,0.006999999999999895,345.0,0.01200000000000001,272.0,0.018000000000000238
2023-03-20 09:51:59.729000+00:00,347.0,0.0050000000000001155,346.0,0.0029999999999998916,273.0,0.010999999999999677
2023-03-20 09:52:04.729000+00:00,347.0,0.0,347.0,0.0040000000000000036,273.0,0.0
2023-03-20 09:52:09.729000+00:00,347.0,0.0,347.0,0.0,273.0,0.0
2023-03-20 09:52:14.729000+00:00,350.0,0.01200000000000001,347.0,0.0,275.0,0.016000000000000014
2023-03-20 09:52:19.729000+00:00,352.0,0.008999999999999897,351.0,0.015000000000000124,277.0,0.014000000000000234
2023-03-20 09:52:24.729000+00:00,354.0,0.006999999999999895,352.0,0.0040000000000000036,279.0,0.01499999999999968
2023-03-20 09:52:29.729000+00:00,357.0,0.013000000000000123,354.0,0.008000000000000007,282.0,0.1080000000000001
2023-03-20 09:52:34.729000+00:00,357.0,0.0,357.0,0.010000000000000009,282.0,0.0
2023-03-20 09:52:39.729000+00:00,357.0,0.0,357.0,0.0,282.0,0.0
2023-03-20 09:52:44.729000+00:00,358.0,0.0040000000000000036,357.0,0.0,283.0,0.006000000000000227
2023-03-20 09:52:49.729000+00:00,360.0,0.008000000000000007,358.0,0.004999999999999893,285.0,0.020000000000000018
2023-03-20 09:52:54.729000+00:00,363.0,0.010999999999999899,362.0,0.014000000000000012,288.0,0.020999999999999908
2023-03-20 09:52:59.729000+00:00,366.0,0.01200000000000001,364.0,0.006000000000000005,290.0,0.016999999999999904
2023-03-20 09:53:04.729000+00:00,367.0,0.0030000000000001137,366.0,0.007000000000000117,291.0,0.006000000000000227
2023-03-20 09:53:09.729000+00:00,367.0,0.0,367.0,0.0029999999999998916,291.0,0.0
2023-03-20 09:53:14.729000+00:00,370.0,0.010999999999999899,367.0,0.0,294.0,0.020999999999999908
2023-03-20 09:53:19.729000+00:00,373.0,0.010000000000000009,370.0,0.01100000000000012,296.0,0.018999999999999684
2023-03-20 09:53:24.729000+00:00,374.0,0.0040000000000000036,374.0,0.014999999999999902,297.0,0.009999999999999787
2023-03-20 09:53:29.729000+00:00,377.0,0.01200000000000001,376.0,0.006000000000000005,300.0,0.02600000000000069
2023-03-20 09:53:34.729000+00:00,380.0,0.010000000000000009,378.0,0.006000000000000005,302.0,0.016000000000000014
2023-03-20 09:53:39.729000+00:00,384.0,0.018000000000000016,380.0,0.007999999999999785,306.0,0.030999999999999694
2023-03-20 09:53:44.729000+00:00,389.0,0.020000000000000018,385.0,0.018000000000000238,311.0,0.040000000000000036
2023-03-20 09:53:49.729000+00:00,391.0,0.008000000000000007,390.0,0.017999999999999794,311.0,0.0
2023-03-20 09:53:54.729000+00:00,392.0,0.0040000000000000036,392.0,0.007000000000000117,312.0,0.009000000000000341
2023-03-20 09:53:59.729000+00:00,394.0,0.006999999999999895,393.0,0.0040000000000000036,313.0,0.02400000000000002
2023-03-20 09:54:04.729000+00:00,395.0,0.0040000000000000036,395.0,0.007000000000000117,314.0,0.009999999999999787
2023-03-20 09:54:09.729000+00:00,395.0,0.0,395.0,0.0,314.0,0.0
2023-03-20 09:54:14.729000+00:00,396.0,0.0040000000000000036,395.0,0.0,315.0,0.006000000000000227
2023-03-20 09:54:19.729000+00:00,396.0,0.0,396.0,0.0030000000000001137,315.0,0.0
2023-03-20 09:54:24.729000+00:00,400.0,0.014000000000000012,396.0,0.0,319.0,0.030999999999999694
2023-03-20 09:54:29.729000+00:00,403.0,0.01200000000000001,401.0,0.016000000000000014,322.0,0.025000000000000355
2023-03-20 09:54:34.729000+00:00,404.0,0.007000000000000117,403.0,0.005999999999999783,323.0,0.0129999999999999
2023-03-20 09:54:39.729000+00:00,406.0,0.006999999999999895,404.0,0.0040000000000000036,324.0,0.004999999999999893
2023-03-20 09:54:44.729000+00:00,406.0,0.0,406.0,0.007000000000000117,324.0,0.0
2023-03-20 09:54:49.729000+00:00,409.0,0.014000000000000012,407.0,0.0040000000000000036,326.0,0.017999999999999794
2023-03-20 09:54:54.729000+00:00,410.0,0.0040000000000000036,409.0,0.008000000000000007,327.0,0.009000000000000341
2023-03-20 09:54:59.729000+00:00,410.0,0.0,410.0,0.0030000000000001137,327.0,0.0
2023-03-20 09:55:04.729000+00:00,413.0,0.01100000000000012,410.0,0.0,329.0,0.013999999999999346
2023-03-20 09:55:09.729000+00:00,415.0,0.007999999999999785,414.0,0.01499999999999968,331.0,0.019000000000000128
2023-03-20 09:55:14.729000+00:00,417.0,0.008000000000000007,416.0,0.006000000000000227,332.0,0.008000000000000007
2023-03-20 09:55:19.729000+00:00,418.0,0.0040000000000000036,418.0,0.005999999999999783,333.0,0.008000000000000007
2023-03-20 09:55:24.729000+00:00,421.0,0.008999999999999897,418.0,0.0,334.0,0.008000000000000007
2023-03-20 09:55:29.729000+00:00,423.0,0.007000000000000117,421.0,0.008999999999999897,335.0,0.007000000000000561
2023-03-20 09:55:34.729000+00:00,426.0,0.010000000000000231,423.0,0.008000000000000007,337.0,0.01699999999999946
2023-03-20 09:55:39.729000+00:00,426.0,0.0,426.0,0.009000000000000341,337.0,0.0
2023-03-20 09:55:44.729000+00:00,431.0,0.017999999999999794,427.0,0.0029999999999996696,342.0,0.03699999999999992
2023-03-20 09:55:49.729000+00:00,433.0,0.006000000000000227,431.0,0.01100000000000012,343.0,0.006000000000000227
2023-03-20 09:55:54.729000+00:00,434.0,0.0029999999999996696,433.0,0.007000000000000117,344.0,0.009000000000000341
2023-03-20 09:55:59.729000+00:00,434.0,0.0,434.0,0.0030000000000001137,344.0,0.0
2023-03-20 09:56:04.729000+00:00,434.0,0.0,434.0,0.0,344.0,0.0
2023-03-20 09:56:09.729000+00:00,437.0,0.007000000000000117,434.0,0.0,346.0,0.013999999999999346
2023-03-20 09:56:14.729000+00:00,442.0,0.018000000000000238,437.0,0.008999999999999897,351.0,0.038000000000000256
2023-03-20 09:56:19.729000+00:00,443.0,0.0040000000000000036,442.0,0.016999999999999904,352.0,0.006000000000000227
2023-03-20 09:56:24.729000+00:00,444.0,0.0029999999999996696,443.0,0.0040000000000000036,353.0,0.006000000000000227
2023-03-20 09:56:29.729000+00:00,444.0,0.0,444.0,0.0030000000000001137,353.0,0.0
2023-03-20 09:56:34.729000+00:00,445.0,0.0040000000000000036,444.0,0.0,354.0,0.008000000000000007
2023-03-20 09:56:39.729000+00:00,447.0,0.007000000000000117,446.0,0.007000000000000117,355.0,0.006999999999999673
2023-03-20 09:56:44.729000+00:00,448.0,0.0040000000000000036,447.0,0.0029999999999996696,355.0,0.0
2023-03-20 09:56:49.729000+00:00,449.0,0.0030000000000001137,448.0,0.0030000000000001137,355.0,0.0
2023-03-20 09:56:54.729000+00:00,450.0,0.0030000000000001137,449.0,0.004999999999999893,356.0,0.009000000000000341
2023-03-20 09:56:59.729000+00:00,453.0,0.01399999999999979,451.0,0.006000000000000227,359.0,0.026999999999999247
2023-03-20 09:57:04.729000+00:00,456.0,0.009999999999999787,454.0,0.01399999999999979,361.0,0.014000000000000234
2023-03-20 09:57:09.729000+00:00,457.0,0.0030000000000001137,456.0,0.008000000000000007,362.0,0.008000000000000007
2023-03-20 09:57:14.729000+00:00,459.0,0.007000000000000117,458.0,0.007000000000000117,363.0,0.008000000000000007
2023-03-20 09:57:19.729000+00:00,462.0,0.01200000000000001,460.0,0.005999999999999783,366.0,0.020999999999999908
2023-03-20 09:57:24.729000+00:00,463.0,0.0040000000000000036,462.0,0.007000000000000117,367.0,0.008000000000000007
2023-03-20 09:57:29.729000+00:00,465.0,0.008000000000000007,463.0,0.0040000000000000036,369.0,0.014000000000000234
2023-03-20 09:57:34.729000+00:00,468.0,0.009999999999999787,465.0,0.007000000000000117,371.0,0.01499999999999968
2023-03-20 09:57:39.729000+00:00,472.0,0.014000000000000234,469.0,0.01200000000000001,375.0,0.03000000000000025
2023-03-20 09:57:44.729000+00:00,475.0,0.008999999999999897,473.0,0.01200000000000001,376.0,0.009000000000000341
2023-03-20 09:57:49.729000+00:00,477.0,0.007000000000000117,475.0,0.005999999999999783,378.0,0.01499999999999968
2023-03-20 09:57:54.729000+00:00,479.0,0.008000000000000007,477.0,0.007000000000000117,380.0,0.0129999999999999
2023-03-20 09:57:59.729000+00:00,480.0,0.004999999999999893,479.0,0.006000000000000227,381.0,0.009999999999999787
2023-03-20 09:58:04.729000+00:00,481.0,0.0040000000000000036,480.0,0.0040000000000000036,382.0,0.010000000000000675
2023-03-20 09:58:09.729000+00:00,482.0,0.0030000000000001137,481.0,0.0040000000000000036,383.0,0.009999999999999787
2023-03-20 09:58:14.729000+00:00,486.0,0.01499999999999968,483.0,0.005999999999999783,386.0,0.027000000000000135
2023-03-20 09:58:19.729000+00:00,491.0,0.019000000000000128,487.0,0.01200000000000001,388.0,0.01699999999999946
2023-03-20 09:58:24.729000+00:00,491.0,0.0,491.0,0.01200000000000001,388.0,0.0
2023-03-20 09:58:29.729000+00:00,491.0,0.0,491.0,0.0,388.0,0.0
2023-03-20 09:58:34.729000+00:00,491.0,0.0,491.0,0.0,388.0,0.0
2023-03-20 09:58:39.729000+00:00,492.0,0.0040000000000000036,491.0,0.0,389.0,0.008000000000000007
2023-03-20 09:58:44.729000+00:00,494.0,0.010000000000000231,493.0,0.005999999999999783,390.0,0.009999999999999787
2023-03-20 09:58:49.729000+00:00,494.0,0.0,494.0,0.0050000000000003375,390.0,0.0
2023-03-20 09:58:54.729000+00:00,497.0,0.0129999999999999,495.0,0.0029999999999996696,392.0,0.019000000000000128
2023-03-20 09:58:59.729000+00:00,498.0,0.0040000000000000036,497.0,0.007000000000000117,393.0,0.006000000000000227
2023-03-20 09:59:04.729000+00:00,499.0,0.0030000000000001137,498.0,0.004999999999999893,394.0,0.006000000000000227
2023-03-20 09:59:09.729000+00:00,502.0,0.009999999999999787,501.0,0.007000000000000117,397.0,0.019000000000000128
2023-03-20 09:59:14.729000+00:00,506.0,0.016000000000000014,502.0,0.0030000000000001137,401.0,0.02799999999999958
2023-03-20 09:59:19.729000+00:00,510.0,0.0129999999999999,507.0,0.01399999999999979,405.0,0.030999999999999694
2023-03-20 09:59:24.729000+00:00,511.0,0.0040000000000000036,510.0,0.010000000000000231,406.0,0.008000000000000007
2023-03-20 09:59:29.729000+00:00,517.0,0.02400000000000002,512.0,0.005999999999999783,412.0,0.12300000000000022
2023-03-20 09:59:34.729000+00:00,519.0,0.006000000000000227,517.0,0.015000000000000124,414.0,0.015000000000000568
2023-03-20 09:59:39.729000+00:00,521.0,0.008000000000000007,519.0,0.007000000000000117,416.0,0.01499999999999968
2023-03-20 09:59:44.729000+00:00,524.0,0.009999999999999787,521.0,0.005999999999999783,418.0,0.01499999999999968
2023-03-20 09:59:49.729000+00:00,525.0,0.0030000000000001137,525.0,0.01100000000000012,419.0,0.008000000000000007
2023-03-20 09:59:54.729000+00:00,527.0,0.009999999999999787,526.0,0.0040000000000000036,421.0,0.015000000000000568
2023-03-20 09:59:59.729000+00:00,529.0,0.007000000000000117,527.0,0.0030000000000001137,423.0,0.017999999999999794
2023-03-20 10:00:04.729000+00:00,533.0,0.016000000000000014,531.0,0.01399999999999979,425.0,0.017999999999999794
2023-03-20 10:00:09.729000+00:00,535.0,0.007000000000000117,534.0,0.008999999999999897,427.0,0.017999999999999794
2023-03-20 10:00:14.729000+00:00,538.0,0.009999999999999787,535.0,0.0030000000000001137,430.0,0.02200000000000024
2023-03-20 10:00:19.729000+00:00,539.0,0.0030000000000001137,538.0,0.008999999999999897,431.0,0.004999999999999893
2023-03-20 10:00:24.729000+00:00,539.0,0.0,539.0,0.0040000000000000036,431.0,0.0
2023-03-20 10:00:29.729000+00:00,539.0,0.0,539.0,0.0,431.0,0.0
2023-03-20 10:00:34.729000+00:00,542.0,0.01100000000000012,539.0,0.0,433.0,0.017999999999999794
2023-03-20 10:00:39.729000+00:00,542.0,0.0,542.0,0.009000000000000341,433.0,0.0
2023-03-20 10:00:44.729000+00:00,544.0,0.005999999999999783,542.0,0.0,435.0,0.016000000000000014
2023-03-20 10:00:49.729000+00:00,544.0,0.0,544.0,0.005999999999999783,435.0,0.0
2023-03-20 10:00:54.729000+00:00,546.0,0.009000000000000341,544.0,0.0,437.0,0.16300000000000026
2023-03-20 10:00:59.729000+00:00,547.0,0.0029999999999996696,546.0,0.007000000000000117,438.0,0.004999999999999893
2023-03-20 10:01:04.729000+00:00,552.0,0.015000000000000124,547.0,0.0030000000000001137,442.0,0.03300000000000036
2023-03-20 10:01:09.729000+00:00,555.0,0.01100000000000012,552.0,0.017999999999999794,445.0,0.019999999999999574
2023-03-20 10:01:14.729000+00:00,558.0,0.008999999999999897,557.0,0.016000000000000014,447.0,0.015000000000000568
2023-03-20 10:01:19.729000+00:00,561.0,0.008999999999999897,559.0,0.004999999999999893,450.0,0.024999999999999467
2023-03-20 10:01:24.729000+00:00,563.0,0.006000000000000227,561.0,0.008000000000000007,452.0,0.014000000000000234
2023-03-20 10:01:29.729000+00:00,567.0,0.01200000000000001,564.0,0.010000000000000231,455.0,0.02200000000000024
2023-03-20 10:01:34.729000+00:00,567.0,0.0,567.0,0.008999999999999897,455.0,0.0
2023-03-20 10:01:39.729000+00:00,570.0,0.009999999999999787,568.0,0.0030000000000001137,457.0,0.016000000000000014
2023-03-20 10:01:44.729000+00:00,571.0,0.0040000000000000036,571.0,0.008999999999999897,458.0,0.008000000000000007
2023-03-20 10:01:49.729000+00:00,572.0,0.0040000000000000036,571.0,0.0,459.0,0.020999999999999908
2023-03-20 10:01:54.729000+00:00,573.0,0.0030000000000001137,572.0,0.0030000000000001137,460.0,0.008999999999999453
2023-03-20 10:01:59.729000+00:00,577.0,0.0129999999999999,573.0,0.0040000000000000036,464.0,0.027000000000000135
2023-03-20 10:02:04.729000+00:00,578.0,0.0030000000000001137,578.0,0.016000000000000014,465.0,0.006000000000000227
2023-03-20 10:02:09.729000+00:00,578.0,0.0,578.0,0.0,465.0,0.0
2023-03-20 10:02:14.729000+00:00,578.0,0.0,578.0,0.0,465.0,0.0
2023-03-20 10:02:19.729000+00:00,580.0,0.007000000000000117,578.0,0.0,466.0,0.006000000000000227
2023-03-20 10:02:24.729000+00:00,585.0,0.016999999999999904,580.0,0.006999999999999673,468.0,0.01699999999999946
2023-03-20 10:02:29.729000+00:00,586.0,0.0040000000000000036,585.0,0.016000000000000014,468.0,0.0
2023-03-20 10:02:34.729000+00:00,589.0,0.008999999999999897,587.0,0.0050000000000003375,471.0,0.02800000000000047
2023-03-20 10:02:39.729000+00:00,589.0,0.0,589.0,0.005999999999999783,471.0,0.0
2023-03-20 10:02:44.729000+00:00,589.0,0.0,589.0,0.0,471.0,0.0
2023-03-20 10:02:49.729000+00:00,589.0,0.0,589.0,0.0,471.0,0.0
2023-03-20 10:02:54.729000+00:00,592.0,0.009999999999999787,590.0,0.0030000000000001137,471.0,0.0
2023-03-20 10:02:59.729000+00:00,592.0,0.0,592.0,0.007000000000000117,471.0,0.0
2023-03-20 10:03:04.729000+00:00,594.0,0.006000000000000227,592.0,0.0,473.0,0.014000000000000234
2023-03-20 10:03:09.729000+00:00,596.0,0.007000000000000117,594.0,0.004999999999999893,474.0,0.008999999999999453
2023-03-20 10:03:14.729000+00:00,598.0,0.006999999999999673,597.0,0.008999999999999897,476.0,0.012000000000000455
2023-03-20 10:03:19.729000+00:00,600.0,0.008000000000000007,598.0,0.0040000000000000036,478.0,0.01499999999999968
2023-03-20 10:03:24.729000+00:00,602.0,0.006000000000000227,600.0,0.004999999999999893,479.0,0.009999999999999787
2023-03-20 10:03:29.729000+00:00,602.0,0.0,602.0,0.006000000000000227,479.0,0.0
2023-03-20 10:03:34.729000+00:00,605.0,0.009999999999999787,603.0,0.0030000000000001137,482.0,0.020000000000000462
2023-03-20 10:03:39.729000+00:00,608.0,0.010000000000000231,605.0,0.005999999999999783,485.0,0.10799999999999965
2023-03-20 10:03:44.729000+00:00,608.0,0.0,608.0,0.01100000000000012,485.0,0.0
2023-03-20 10:03:49.729000+00:00,613.0,0.016000000000000014,608.0,0.0,489.0,0.03300000000000036
2023-03-20 10:03:54.729000+00:00,614.0,0.0019999999999997797,613.0,0.01499999999999968,490.0,0.006000000000000227
2023-03-20 10:03:59.729000+00:00,616.0,0.006000000000000227,615.0,0.007000000000000117,492.0,0.016000000000000014
2023-03-20 10:04:04.729000+00:00,617.0,0.0040000000000000036,616.0,0.0030000000000001137,493.0,0.005999999999999339
2023-03-20 10:04:09.729000+00:00,618.0,0.0030000000000001137,617.0,0.0030000000000001137,494.0,0.009000000000000341
2023-03-20 10:04:14.729000+00:00,619.0,0.0040000000000000036,618.0,0.01399999999999979,495.0,0.006000000000000227
2023-03-20 10:04:19.729000+00:00,620.0,0.0040000000000000036,619.0,0.0030000000000001137,496.0,0.008000000000000007
2023-03-20 10:04:24.729000+00:00,623.0,0.010999999999999677,621.0,0.005999999999999783,499.0,0.019999999999999574
2023-03-20 10:04:29.729000+00:00,623.0,0.0,623.0,0.006000000000000227,499.0,0.0
2023-03-20 10:04:34.729000+00:00,624.0,0.0050000000000003375,623.0,0.0,500.0,0.01100000000000012
2023-03-20 10:04:39.729000+00:00,626.0,0.006999999999999673,624.0,0.0040000000000000036,502.0,0.014000000000000234
2023-03-20 10:04:44.729000+00:00,627.0,0.0040000000000000036,626.0,0.007000000000000117,503.0,0.006999999999999673
2023-03-20 10:04:49.729000+00:00,629.0,0.006000000000000227,628.0,0.006999999999999673,504.0,0.008000000000000007
2023-03-20 10:04:54.729000+00:00,629.0,0.0,629.0,0.0030000000000001137,504.0,0.0
2023-03-20 10:04:59.729000+00:00,631.0,0.005999999999999783,629.0,0.0,506.0,0.01499999999999968
2023-03-20 10:05:04.729000+00:00,632.0,0.0030000000000001137,631.0,0.006000000000000227,507.0,0.008000000000000007
2023-03-20 10:05:09.729000+00:00,634.0,0.007000000000000117,633.0,0.005999999999999783,508.0,0.007000000000000561
2023-03-20 10:05:14.729000+00:00,637.0,0.010999999999999677,634.0,0.0040000000000000036,509.0,0.01100000000000012
2023-03-20 10:05:19.729000+00:00,642.0,0.017000000000000348,637.0,0.008999999999999897,513.0,0.0389999999999997
2023-03-20 10:05:24.729000+00:00,642.0,0.0,642.0,0.016000000000000014,513.0,0.0
2023-03-20 10:05:29.729000+00:00,644.0,0.010999999999999677,642.0,0.0,514.0,0.009000000000000341
2023-03-20 10:05:34.729000+00:00,646.0,0.006000000000000227,644.0,0.006000000000000227,516.0,0.011999999999999567
2023-03-20 10:05:39.729000+00:00,648.0,0.007000000000000117,646.0,0.008000000000000007,517.0,0.009000000000000341
2023-03-20 10:05:44.729000+00:00,651.0,0.008999999999999897,648.0,0.008000000000000007,519.0,0.011999999999999567
2023-03-20 10:05:49.729000+00:00,653.0,0.005999999999999783,651.0,0.008999999999999897,520.0,0.008000000000000007
2023-03-20 10:05:54.729000+00:00,655.0,0.006000000000000227,654.0,0.008999999999999897,522.0,0.04499999999999993
2023-03-20 10:05:59.729000+00:00,655.0,0.0,655.0,0.0030000000000001137,522.0,0.0
2023-03-20 10:06:04.729000+00:00,655.0,0.0,655.0,0.0,522.0,0.0
2023-03-20 10:06:09.729000+00:00,656.0,0.0030000000000001137,655.0,0.0,523.0,0.006000000000000227
2023-03-20 10:06:14.729000+00:00,659.0,0.008999999999999897,657.0,0.016999999999999904,525.0,0.016000000000000014
2023-03-20 10:06:19.729000+00:00,659.0,0.0,659.0,0.006000000000000227,525.0,0.0
2023-03-20 10:06:24.729000+00:00,662.0,0.008999999999999897,660.0,0.0029999999999996696,528.0,0.019999999999999574
2023-03-20 10:06:29.729000+00:00,663.0,0.0040000000000000036,662.0,0.0040000000000000036,529.0,0.005000000000000782
2023-03-20 10:06:34.729000+00:00,665.0,0.007000000000000117,663.0,0.0030000000000001137,530.0,0.008999999999999453
2023-03-20 10:06:39.729000+00:00,665.0,0.0,665.0,0.006000000000000227,530.0,0.0
2023-03-20 10:06:44.729000+00:00,667.0,0.008999999999999897,666.0,0.0029999999999996696,532.0,0.016000000000000014
2023-03-20 10:06:49.729000+00:00,668.0,0.0040000000000000036,667.0,0.0040000000000000036,533.0,0.009000000000000341
2023-03-20 10:06:54.729000+00:00,670.0,0.007000000000000117,668.0,0.0030000000000001137,535.0,0.0129999999999999
2023-03-20 10:06:59.729000+00:00,671.0,0.0029999999999996696,670.0,0.007000000000000117,536.0,0.004999999999999893
2023-03-20 10:07:04.729000+00:00,673.0,0.010000000000000231,671.0,0.0030000000000001137,538.0,0.014000000000000234
2023-03-20 10:07:09.729000+00:00,674.0,0.0040000000000000036,673.0,0.006999999999999673,539.0,0.008000000000000007
2023-03-20 10:07:14.729000+00:00,677.0,0.008000000000000007,674.0,0.0030000000000001137,541.0,0.016000000000000014
2023-03-20 10:07:19.729000+00:00,678.0,0.0040000000000000036,677.0,0.008999999999999897,542.0,0.008000000000000007
2023-03-20 10:07:24.729000+00:00,680.0,0.005999999999999783,678.0,0.0030000000000001137,544.0,0.017999999999999794
2023-03-20 10:07:29.729000+00:00,684.0,0.015000000000000124,680.0,0.006000000000000227,548.0,0.02799999999999958
2023-03-20 10:07:34.729000+00:00,685.0,0.0030000000000001137,685.0,0.016999999999999904,549.0,0.008000000000000007
2023-03-20 10:07:39.729000+00:00,685.0,0.0,685.0,0.0,549.0,0.0
2023-03-20 10:07:44.729000+00:00,688.0,0.01100000000000012,685.0,0.0,552.0,0.018000000000000682
2023-03-20 10:07:49.729000+00:00,692.0,0.0129999999999999,688.0,0.008999999999999897,554.0,0.016000000000000014
2023-03-20 10:07:54.729000+00:00,694.0,0.005999999999999783,693.0,0.016000000000000014,555.0,0.056999999999999496
2023-03-20 10:07:59.729000+00:00,694.0,0.0,694.0,0.0030000000000001137,555.0,0.0
2023-03-20 10:08:04.729000+00:00,695.0,0.0030000000000001137,694.0,0.0,556.0,0.008000000000000007
2023-03-20 10:08:09.729000+00:00,696.0,0.0030000000000001137,695.0,0.0029999999999996696,556.0,0.0
2023-03-20 10:08:14.729000+00:00,698.0,0.007000000000000117,697.0,0.007000000000000117,557.0,0.007000000000000561
2023-03-20 10:08:19.729000+00:00,699.0,0.0029999999999996696,698.0,0.0040000000000000036,558.0,0.008000000000000007
2023-03-20 10:08:24.729000+00:00,700.0,0.0030000000000001137,699.0,0.004999999999999893,559.0,0.008000000000000007
2023-03-20 10:08:29.729000+00:00,702.0,0.005999999999999783,700.0,0.0040000000000000036,559.0,0.0
2023-03-20 10:08:34.729000+00:00,703.0,0.0030000000000001137,703.0,0.01100000000000012,560.0,0.008000000000000007
2023-03-20 10:08:39.729000+00:00,706.0,0.010000000000000231,703.0,0.0,562.0,0.013999999999999346
2023-03-20 10:08:44.729000+00:00,706.0,0.0,706.0,0.01100000000000012,562.0,0.0
2023-03-20 10:08:49.729000+00:00,708.0,0.005999999999999783,706.0,0.0,563.0,0.009000000000000341
2023-03-20 10:08:54.729000+00:00,708.0,0.0,708.0,0.005999999999999783,563.0,0.0
2023-03-20 10:08:59.729000+00:00,712.0,0.0129999999999999,709.0,0.0030000000000001137,567.0,0.027000000000000135
2023-03-20 10:09:04.729000+00:00,714.0,0.007000000000000117,712.0,0.010000000000000231,569.0,0.016000000000000014
2023-03-20 10:09:09.729000+00:00,715.0,0.0030000000000001137,714.0,0.005999999999999783,570.0,0.15499999999999936
2023-03-20 10:09:14.729000+00:00,717.0,0.007000000000000117,715.0,0.004999999999999893,572.0,0.015000000000000568
2023-03-20 10:09:19.729000+00:00,718.0,0.0029999999999996696,717.0,0.0050000000000003375,573.0,0.008000000000000007
2023-03-20 10:09:24.729000+00:00,718.0,0.0,718.0,0.0029999999999996696,573.0,0.0
2023-03-20 10:09:29.729000+00:00,721.0,0.009000000000000341,719.0,0.0030000000000001137,576.0,0.022999999999999687
2023-03-20 10:09:34.729000+00:00,722.0,0.0029999999999996696,722.0,0.008999999999999897,577.0,0.004999999999999893
2023-03-20 10:09:39.729000+00:00,724.0,0.007000000000000117,722.0,0.0,578.0,0.007000000000000561
2023-03-20 10:09:44.729000+00:00,725.0,0.0030000000000001137,724.0,0.007000000000000117,579.0,0.07399999999999984
2023-03-20 10:09:49.729000+00:00,727.0,0.005999999999999783,725.0,0.0030000000000001137,580.0,0.008000000000000007
2023-03-20 10:09:54.729000+00:00,727.0,0.0,727.0,0.005999999999999783,581.0,0.1509999999999998
2023-03-20 10:09:59.729000+00:00,728.0,0.0030000000000001137,727.0,0.0,582.0,0.01100000000000012
2023-03-20 10:10:04.729000+00:00,728.0,0.0,728.0,0.002000000000000224,582.0,0.0
2023-03-20 10:10:09.729000+00:00,728.0,0.0,728.0,0.0,582.0,0.0
2023-03-20 10:10:14.729000+00:00,729.0,0.0030000000000001137,728.0,0.0,583.0,0.006000000000000227
2023-03-20 10:10:19.729000+00:00,730.0,0.0030000000000001137,729.0,0.0029999999999996696,584.0,0.004999999999999893
2023-03-20 10:10:24.729000+00:00,733.0,0.008999999999999897,733.0,0.01200000000000001,586.0,0.016000000000000014
2023-03-20 10:10:29.729000+00:00,735.0,0.004999999999999893,733.0,0.0,588.0,0.013999999999999346
2023-03-20 10:10:34.729000+00:00,739.0,0.014000000000000234,735.0,0.006000000000000227,590.0,0.017000000000000348
2023-03-20 10:10:39.729000+00:00,742.0,0.009999999999999787,740.0,0.016000000000000014,593.0,0.02200000000000024
2023-03-20 10:10:44.729000+00:00,743.0,0.0030000000000001137,743.0,0.01100000000000012,593.0,0.0
2023-03-20 10:10:49.729000+00:00,745.0,0.005999999999999783,744.0,0.0029999999999996696,593.0,0.0
2023-03-20 10:10:54.729000+00:00,747.0,0.006000000000000227,745.0,0.0030000000000001137,595.0,0.017999999999999794
2023-03-20 10:10:59.729000+00:00,749.0,0.005999999999999783,748.0,0.010000000000000231,597.0,0.012000000000000455
2023-03-20 10:11:04.729000+00:00,749.0,0.0,749.0,0.0029999999999996696,597.0,0.0
2023-03-20 10:11:09.729000+00:00,752.0,0.010000000000000231,749.0,0.0,599.0,0.013999999999999346
2023-03-20 10:11:14.729000+00:00,752.0,0.0,752.0,0.009000000000000341,599.0,0.0
2023-03-20 10:11:19.729000+00:00,755.0,0.010999999999999677,752.0,0.0,601.0,0.015000000000000568
2023-03-20 10:11:24.729000+00:00,756.0,0.0030000000000001137,755.0,0.008000000000000007,601.0,0.0
2023-03-20 10:11:29.729000+00:00,759.0,0.008999999999999897,756.0,0.0029999999999996696,603.0,0.013999999999999346
2023-03-20 10:11:34.729000+00:00,759.0,0.0,759.0,0.008999999999999897,603.0,0.0
2023-03-20 10:11:39.729000+00:00,759.0,0.0,759.0,0.0,603.0,0.0
2023-03-20 10:11:44.729000+00:00,762.0,0.010000000000000231,760.0,0.0030000000000001137,606.0,0.017000000000000348
2023-03-20 10:11:49.729000+00:00,763.0,0.0030000000000001137,762.0,0.007000000000000117,606.0,0.0
2023-03-20 10:11:54.729000+00:00,764.0,0.0029999999999996696,764.0,0.005999999999999783,607.0,0.008000000000000007
2023-03-20 10:11:59.729000+00:00,767.0,0.010000000000000231,764.0,0.0,609.0,0.02400000000000002
2023-03-20 10:12:04.729000+00:00,770.0,0.01100000000000012,767.0,0.008000000000000007,612.0,0.017000000000000348
2023-03-20 10:12:09.729000+00:00,772.0,0.006999999999999673,770.0,0.010000000000000231,614.0,0.011999999999999567
2023-03-20 10:12:14.729000+00:00,773.0,0.0030000000000001137,772.0,0.005999999999999783,615.0,0.006000000000000227
2023-03-20 10:12:19.729000+00:00,773.0,0.0,773.0,0.0030000000000001137,615.0,0.0
2023-03-20 10:12:24.729000+00:00,775.0,0.004999999999999893,773.0,0.0,617.0,0.01100000000000012
2023-03-20 10:12:29.729000+00:00,777.0,0.0050000000000003375,775.0,0.007000000000000117,619.0,0.0129999999999999
2023-03-20 10:12:34.729000+00:00,781.0,0.0129999999999999,779.0,0.01399999999999979,622.0,0.020999999999999908
2023-03-20 10:12:39.729000+00:00,783.0,0.0259999999999998,781.0,0.006000000000000227,622.0,0.0
2023-03-20 10:12:44.729000+00:00,787.0,0.0129999999999999,784.0,0.008999999999999897,626.0,0.02200000000000024
2023-03-20 10:12:49.729000+00:00,791.0,0.010000000000000231,788.0,0.01100000000000012,629.0,0.01699999999999946
2023-03-20 10:12:54.729000+00:00,793.0,0.005999999999999783,792.0,0.01200000000000001,630.0,0.004999999999999893
2023-03-20 10:12:59.729000+00:00,795.0,0.006000000000000227,793.0,0.0030000000000001137,631.0,0.004999999999999893
2023-03-20 10:13:04.729000+00:00,800.0,0.01399999999999979,795.0,0.006999999999999673,632.0,0.009000000000000341
2023-03-20 10:13:09.729000+00:00,801.0,0.0030000000000001137,800.0,0.016000000000000014,633.0,0.004999999999999893
2023-03-20 10:13:14.729000+00:00,801.0,0.0,801.0,0.0030000000000001137,633.0,0.0
2023-03-20 10:13:19.729000+00:00,801.0,0.0,801.0,0.0,633.0,0.0
2023-03-20 10:13:24.729000+00:00,802.0,0.0030000000000001137,801.0,0.0,634.0,0.004999999999999893
2023-03-20 10:13:29.729000+00:00,806.0,0.01100000000000012,803.0,0.007000000000000117,638.0,0.02400000000000002
2023-03-20 10:13:34.729000+00:00,808.0,0.005999999999999783,806.0,0.008000000000000007,640.0,0.01100000000000012
2023-03-20 10:13:39.729000+00:00,808.0,0.0,808.0,0.004999999999999893,640.0,0.0
2023-03-20 10:13:44.729000+00:00,808.0,0.0,808.0,0.0,640.0,0.0
2023-03-20 10:13:49.729000+00:00,810.0,0.006000000000000227,808.0,0.0,642.0,0.26400000000000023
2023-03-20 10:13:54.729000+00:00,811.0,0.0029999999999996696,810.0,0.005999999999999783,643.0,0.006000000000000227
2023-03-20 10:13:59.729000+00:00,812.0,0.0030000000000001137,811.0,0.0030000000000001137,644.0,0.009999999999999787
2023-03-20 10:14:04.729000+00:00,813.0,0.0030000000000001137,813.0,0.004999999999999893,644.0,0.0
2023-03-20 10:14:09.729000+00:00,817.0,0.01200000000000001,814.0,0.0030000000000001137,646.0,0.011999999999999567
2023-03-20 10:14:14.729000+00:00,818.0,0.0029999999999996696,818.0,0.01100000000000012,647.0,0.008000000000000007
2023-03-20 10:14:19.729000+00:00,819.0,0.0030000000000001137,818.0,0.0,648.0,0.004999999999999893
2023-03-20 10:14:24.729000+00:00,823.0,0.01100000000000012,819.0,0.0040000000000000036,651.0,0.019000000000000128
2023-03-20 10:14:29.729000+00:00,824.0,0.0030000000000001137,823.0,0.009999999999999787,652.0,0.004999999999999893
2023-03-20 10:14:34.729000+00:00,828.0,0.01200000000000001,824.0,0.0030000000000001137,655.0,0.023000000000000576
2023-03-20 10:14:39.729000+00:00,829.0,0.0029999999999996696,829.0,0.016000000000000014,656.0,0.006999999999999673
2023-03-20 10:14:44.729000+00:00,831.0,0.006000000000000227,829.0,0.0,658.0,0.015000000000000568
2023-03-20 10:14:49.729000+00:00,833.0,0.007000000000000117,831.0,0.006000000000000227,660.0,0.0129999999999999
2023-03-20 10:14:54.729000+00:00,835.0,0.006999999999999673,833.0,0.005999999999999783,662.0,0.010999999999999233
2023-03-20 10:14:59.729000+00:00,837.0,0.0050000000000003375,835.0,0.004999999999999893,664.0,0.014000000000000234
2023-03-20 10:15:04.729000+00:00,840.0,0.009999999999999787,837.0,0.007000000000000117,666.0,0.014000000000000234
2023-03-20 10:15:09.729000+00:00,841.0,0.0040000000000000036,840.0,0.008999999999999897,667.0,0.006999999999999673
2023-03-20 10:15:14.729000+00:00,843.0,0.006000000000000227,841.0,0.0030000000000001137,669.0,0.01100000000000012
2023-03-20 10:15:19.729000+00:00,844.0,0.0019999999999997797,843.0,0.005999999999999783,670.0,0.004999999999999893
2023-03-20 10:15:24.729000+00:00,844.0,0.0,844.0,0.0030000000000001137,670.0,0.0
2023-03-20 10:15:29.729000+00:00,847.0,0.008999999999999897,844.0,0.0,673.0,0.019000000000000128
2023-03-20 10:15:34.729000+00:00,849.0,0.006000000000000227,849.0,0.016999999999999904,674.0,0.004999999999999893
2023-03-20 10:15:39.729000+00:00,849.0,0.0,849.0,0.0,674.0,0.0
2023-03-20 10:15:44.729000+00:00,852.0,0.009999999999999787,849.0,0.0,675.0,0.007000000000000561
2023-03-20 10:15:49.729000+00:00,853.0,0.0040000000000000036,852.0,0.009000000000000341,676.0,0.008999999999999453
2023-03-20 10:15:54.729000+00:00,854.0,0.002000000000000224,853.0,0.0040000000000000036,676.0,0.0
2023-03-20 10:15:59.729000+00:00,854.0,0.0,854.0,0.0029999999999996696,676.0,0.0
2023-03-20 10:16:04.729000+00:00,856.0,0.01399999999999979,854.0,0.0,676.0,0.0
2023-03-20 10:16:09.729000+00:00,859.0,0.007000000000000117,857.0,0.01200000000000001,679.0,0.020000000000000462
2023-03-20 10:16:14.729000+00:00,863.0,0.01200000000000001,860.0,0.010000000000000231,682.0,0.020999999999999908
2023-03-20 10:16:19.729000+00:00,866.0,0.008000000000000007,863.0,0.008999999999999897,685.0,0.01699999999999946
2023-03-20 10:16:24.729000+00:00,867.0,0.0030000000000001137,866.0,0.008999999999999897,686.0,0.007000000000000561
2023-03-20 10:16:29.729000+00:00,870.0,0.008999999999999897,867.0,0.0030000000000001137,688.0,0.011999999999999567
2023-03-20 10:16:34.729000+00:00,870.0,0.0,871.0,0.008999999999999897,688.0,0.0
2023-03-20 10:16:39.729000+00:00,872.0,0.007000000000000117,871.0,0.0,689.0,0.008000000000000007
2023-03-20 10:16:44.729000+00:00,875.0,0.009999999999999787,874.0,0.010000000000000231,690.0,0.007000000000000561
2023-03-20 10:16:49.729000+00:00,876.0,0.0030000000000001137,875.0,0.0030000000000001137,691.0,0.005999999999999339
2023-03-20 10:16:54.729000+00:00,878.0,0.005999999999999783,876.0,0.0029999999999996696,693.0,0.015000000000000568
2023-03-20 10:16:59.729000+00:00,883.0,0.016000000000000014,878.0,0.006000000000000227,698.0,0.03599999999999959
2023-03-20 10:17:04.729000+00:00,885.0,0.006000000000000227,884.0,0.020000000000000018,700.0,0.013999999999999346
2023-03-20 10:17:09.729000+00:00,886.0,0.0040000000000000036,885.0,0.0029999999999996696,700.0,0.0
2023-03-20 10:17:14.729000+00:00,887.0,0.0030000000000001137,887.0,0.006000000000000227,700.0,0.0
2023-03-20 10:17:19.729000+00:00,888.0,0.0029999999999996696,887.0,0.0,700.0,0.0
2023-03-20 10:17:24.729000+00:00,891.0,0.009000000000000341,888.0,0.0030000000000001137,703.0,0.019000000000000128
2023-03-20 10:17:29.729000+00:00,893.0,0.008000000000000007,891.0,0.008999999999999897,705.0,0.011000000000001009
2023-03-20 10:17:34.729000+00:00,893.0,0.0,893.0,0.007000000000000117,705.0,0.0
2023-03-20 10:17:39.729000+00:00,895.0,0.006999999999999673,894.0,0.0040000000000000036,707.0,0.013999999999999346
2023-03-20 10:17:44.729000+00:00,898.0,0.010000000000000231,895.0,0.0029999999999996696,710.0,0.018000000000000682
2023-03-20 10:17:49.729000+00:00,899.0,0.0029999999999996696,898.0,0.013000000000000345,711.0,0.004999999999999005
2023-03-20 10:17:54.729000+00:00,900.0,0.0030000000000001137,899.0,0.0029999999999996696,712.0,0.008000000000000895
2023-03-20 10:17:59.729000+00:00,903.0,0.010000000000000231,901.0,0.006000000000000227,715.0,0.023999999999999133
2023-03-20 10:18:04.729000+00:00,905.0,0.006999999999999673,903.0,0.007000000000000117,716.0,0.008000000000000895
2023-03-20 10:18:09.729000+00:00,905.0,0.0,905.0,0.006999999999999673,716.0,0.0
2023-03-20 10:18:14.729000+00:00,909.0,0.013000000000000345,905.0,0.0,720.0,0.025000000000000355
2023-03-20 10:18:19.729000+00:00,913.0,0.0129999999999999,912.0,0.025000000000000355,724.0,0.02999999999999936
2023-03-20 10:18:24.729000+00:00,915.0,0.005999999999999783,914.0,0.005999999999999783,726.0,0.012000000000000455
2023-03-20 10:18:29.729000+00:00,919.0,0.01200000000000001,915.0,0.0030000000000001137,728.0,0.013999999999999346
2023-03-20 10:18:34.729000+00:00,921.0,0.007000000000000117,920.0,0.01399999999999979,729.0,0.006999999999999673
2023-03-20 10:18:39.729000+00:00,924.0,0.008999999999999897,921.0,0.0030000000000001137,731.0,0.015000000000000568
2023-03-20 10:18:44.729000+00:00,928.0,0.013000000000000345,925.0,0.0129999999999999,734.0,0.01699999999999946
2023-03-20 10:18:49.729000+00:00,928.0,0.0,928.0,0.008999999999999897,734.0,0.0
2023-03-20 10:18:54.729000+00:00,929.0,0.0029999999999996696,929.0,0.0040000000000000036,734.0,0.0
2023-03-20 10:18:59.729000+00:00,932.0,0.009000000000000341,929.0,0.0,736.0,0.017000000000001236
2023-03-20 10:19:04.729000+00:00,933.0,0.0029999999999996696,932.0,0.009000000000000341,736.0,0.0
2023-03-20 10:19:09.729000+00:00,934.0,0.0030000000000001137,933.0,0.0029999999999996696,737.0,0.007999999999999119
2023-03-20 10:19:14.729000+00:00,936.0,0.005999999999999783,934.0,0.002000000000000224,738.0,0.006999999999999673
2023-03-20 10:19:19.729000+00:00,938.0,0.007000000000000117,936.0,0.005999999999999783,740.0,0.015000000000000568
2023-03-20 10:19:24.729000+00:00,940.0,0.004999999999999893,938.0,0.006000000000000227,742.0,0.0129999999999999
2023-03-20 10:19:29.729000+00:00,941.0,0.0030000000000001137,941.0,0.008999999999999897,743.0,0.006000000000000227
2023-03-20 10:19:34.729000+00:00,942.0,0.0030000000000001137,941.0,0.0,744.0,0.004999999999999005
2023-03-20 10:19:39.729000+00:00,944.0,0.005999999999999783,943.0,0.007000000000000117,746.0,0.013000000000001677
2023-03-20 10:19:44.729000+00:00,947.0,0.008000000000000007,944.0,0.0040000000000000036,748.0,0.011999999999998678
2023-03-20 10:19:49.729000+00:00,950.0,0.010000000000000231,947.0,0.009999999999999787,750.0,0.04499999999999993
2023-03-20 10:19:54.729000+00:00,951.0,0.0030000000000001137,950.0,0.010000000000000231,751.0,0.006999999999999673
2023-03-20 10:19:59.729000+00:00,953.0,0.008000000000000007,951.0,0.0030000000000001137,752.0,0.005000000000000782
2023-03-20 10:20:04.729000+00:00,955.0,0.005999999999999783,954.0,0.010999999999999677,754.0,0.012000000000000455
2023-03-20 10:20:09.729000+00:00,957.0,0.006000000000000227,955.0,0.0040000000000000036,756.0,0.012000000000000455
2023-03-20 10:20:14.729000+00:00,959.0,0.006999999999999673,957.0,0.006000000000000227,758.0,0.010999999999999233
2023-03-20 10:20:19.729000+00:00,961.0,0.006000000000000227,959.0,0.005999999999999783,760.0,0.0129999999999999
2023-03-20 10:20:24.729000+00:00,965.0,0.0129999999999999,961.0,0.007000000000000117,762.0,0.0129999999999999
2023-03-20 10:20:29.729000+00:00,968.0,0.007000000000000117,966.0,0.016000000000000014,765.0,0.019999999999999574
2023-03-20 10:20:34.729000+00:00,969.0,0.004999999999999893,968.0,0.005999999999999783,765.0,0.0
2023-03-20 10:20:39.729000+00:00,971.0,0.004999999999999893,969.0,0.0040000000000000036,767.0,0.015000000000000568
2023-03-20 10:20:44.729000+00:00,974.0,0.008999999999999897,971.0,0.006000000000000227,769.0,0.012000000000000455
2023-03-20 10:20:49.729000+00:00,976.0,0.006000000000000227,975.0,0.01200000000000001,769.0,0.0
2023-03-20 10:20:54.729000+00:00,977.0,0.0030000000000001137,976.0,0.0019999999999997797,770.0,0.006999999999999673
2023-03-20 10:20:59.729000+00:00,979.0,0.005999999999999783,978.0,0.007000000000000117,771.0,0.004999999999999005
2023-03-20 10:21:04.729000+00:00,981.0,0.006000000000000227,979.0,0.0030000000000001137,772.0,0.0070000000000014495
2023-03-20 10:21:09.729000+00:00,984.0,0.008000000000000007,981.0,0.007000000000000117,773.0,0.006000000000000227
2023-03-20 10:21:14.729000+00:00,984.0,0.0,984.0,0.008999999999999897,773.0,0.0
2023-03-20 10:21:19.729000+00:00,985.0,0.0029999999999996696,984.0,0.0,773.0,0.0
2023-03-20 10:21:24.729000+00:00,986.0,0.002000000000000224,985.0,0.0030000000000001137,775.0,0.0129999999999999
2023-03-20 10:21:29.729000+00:00,989.0,0.008999999999999897,986.0,0.0040000000000000036,777.0,0.009999999999999787
2023-03-20 10:21:34.729000+00:00,990.0,0.0030000000000001137,989.0,0.009999999999999787,778.0,0.006999999999999673
2023-03-20 10:21:39.729000+00:00,992.0,0.005999999999999783,991.0,0.006000000000000227,780.0,0.012000000000000455
2023-03-20 10:21:44.729000+00:00,992.0,0.0,992.0,0.0029999999999996696,780.0,0.0
2023-03-20 10:21:49.729000+00:00,994.0,0.006000000000000227,994.0,0.007000000000000117,782.0,0.017999999999998906
2023-03-20 10:21:54.729000+00:00,997.0,0.008000000000000007,994.0,0.0,785.0,0.021000000000000796
2023-03-20 10:21:59.729000+00:00,1000.0,0.008999999999999897,998.0,0.05600000000000005,788.0,0.017999999999998906
2023-03-20 10:22:04.729000+00:00,1000.0,0.0,1000.0,0.006000000000000227,788.0,0.0
2023-03-20 10:22:09.729000+00:00,1001.0,0.0030000000000001137,1000.0,0.0,789.0,0.0070000000000014495
2023-03-20 10:22:14.729000+00:00,1002.0,0.0030000000000001137,1002.0,0.006999999999999673,790.0,0.006999999999999673
2023-03-20 10:22:19.729000+00:00,1003.0,0.0029999999999996696,1002.0,0.0,791.0,0.006000000000000227
2023-03-20 10:22:24.729000+00:00,1006.0,0.010000000000000231,1003.0,0.0030000000000001137,794.0,0.016000000000000014
2023-03-20 10:22:29.729000+00:00,1007.0,0.0030000000000001137,1006.0,0.009000000000000341,795.0,0.007999999999999119
2023-03-20 10:22:34.729000+00:00,1008.0,0.0029999999999996696,1007.0,0.0029999999999992255,796.0,0.011000000000001009
2023-03-20 10:22:39.729000+00:00,1009.0,0.0030000000000001137,1008.0,0.0030000000000001137,797.0,0.005999999999998451
2023-03-20 10:22:44.729000+00:00,1011.0,0.006000000000000227,1009.0,0.0030000000000001137,799.0,0.016000000000000014
2023-03-20 10:22:49.729000+00:00,1014.0,0.008999999999999897,1012.0,0.01100000000000012,801.0,0.015000000000000568
2023-03-20 10:22:54.729000+00:00,1015.0,0.0030000000000001137,1014.0,0.006000000000000227,802.0,0.008000000000000895
2023-03-20 10:22:59.729000+00:00,1017.0,0.005999999999999339,1015.0,0.0030000000000001137,804.0,0.0129999999999999
2023-03-20 10:23:04.729000+00:00,1020.0,0.008000000000000007,1017.0,0.004999999999999893,807.0,0.019000000000000128
2023-03-20 10:23:09.729000+00:00,1021.0,0.0030000000000001137,1020.0,0.008999999999999453,808.0,0.006999999999999673
2023-03-20 10:23:14.729000+00:00,1023.0,0.006000000000000227,1021.0,0.0030000000000001137,809.0,0.004999999999999005
2023-03-20 10:23:19.729000+00:00,1024.0,0.004000000000000448,1023.0,0.006000000000000227,809.0,0.0
2023-03-20 10:23:24.729000+00:00,1024.0,0.0,1024.0,0.0030000000000001137,809.0,0.0
2023-03-20 10:23:29.729000+00:00,1026.0,0.004999999999999893,1024.0,0.0,810.0,0.009000000000000341
2023-03-20 10:23:34.729000+00:00,1029.0,0.008000000000000007,1026.0,0.006000000000000227,813.0,0.018000000000000682
2023-03-20 10:23:39.729000+00:00,1032.0,0.008999999999999453,1029.0,0.008999999999999453,815.0,0.0129999999999999
2023-03-20 10:23:44.729000+00:00,1034.0,0.007000000000000561,1032.0,0.008000000000000007,816.0,0.009000000000000341
2023-03-20 10:23:49.729000+00:00,1035.0,0.0030000000000001137,1034.0,0.007000000000000561,816.0,0.0
2023-03-20 10:23:54.729000+00:00,1036.0,0.0029999999999992255,1035.0,0.0039999999999995595,817.0,0.006999999999999673
2023-03-20 10:23:59.729000+00:00,1037.0,0.004000000000000448,1037.0,0.006999999999999673,817.0,0.0
2023-03-20 10:24:04.729000+00:00,1037.0,0.0,1037.0,0.0,817.0,0.0
2023-03-20 10:24:09.729000+00:00,1038.0,0.0030000000000001137,1038.0,0.004000000000000448,817.0,0.0
2023-03-20 10:24:14.729000+00:00,1040.0,0.006000000000000227,1038.0,0.0,818.0,0.007999999999999119
2023-03-20 10:24:19.729000+00:00,1042.0,0.005999999999999339,1040.0,0.006000000000000227,820.0,0.014000000000001123
2023-03-20 10:24:24.729000+00:00,1043.0,0.0030000000000001137,1043.0,0.008999999999999453,820.0,0.0
2023-03-20 10:24:29.729000+00:00,1047.0,0.0129999999999999,1043.0,0.0,823.0,0.019999999999999574
2023-03-20 10:24:34.729000+00:00,1048.0,0.004000000000000448,1047.0,0.012000000000000455,823.0,0.0
2023-03-20 10:24:39.729000+00:00,1050.0,0.006000000000000227,1048.0,0.0030000000000001137,825.0,0.0129999999999999
2023-03-20 10:24:44.729000+00:00,1052.0,0.006999999999999673,1050.0,0.004999999999999893,826.0,0.006999999999999673
2023-03-20 10:24:49.729000+00:00,1053.0,0.0030000000000001137,1053.0,0.006999999999999673,827.0,0.006999999999999673
2023-03-20 10:24:54.729000+00:00,1054.0,0.0039999999999995595,1053.0,0.0,828.0,0.005000000000000782
2023-03-20 10:24:59.729000+00:00,1055.0,0.0030000000000001137,1054.0,0.0019999999999997797,829.0,0.009999999999999787
2023-03-20 10:25:04.729000+00:00,1056.0,0.0030000000000001137,1055.0,0.0030000000000001137,830.0,0.006999999999999673
2023-03-20 10:25:09.729000+00:00,1060.0,0.011999999999999567,1056.0,0.0030000000000001137,834.0,0.02400000000000091
2023-03-20 10:25:14.729000+00:00,1061.0,0.004000000000000448,1061.0,0.015000000000000568,835.0,0.009000000000000341
2023-03-20 10:25:19.729000+00:00,1061.0,0.0,1061.0,0.0,835.0,0.0
2023-03-20 10:25:24.729000+00:00,1067.0,0.07800000000000029,1062.0,0.0039999999999995595,840.0,0.24599999999999866
2023-03-20 10:25:29.729000+00:00,1071.0,0.01100000000000012,1068.0,0.019999999999999574,843.0,0.019000000000000128
2023-03-20 10:25:34.729000+00:00,1071.0,0.0,1071.0,0.009000000000000341,843.0,0.0
2023-03-20 10:25:39.729000+00:00,1072.0,0.0029999999999992255,1071.0,0.0,844.0,0.006999999999999673
2023-03-20 10:25:44.729000+00:00,1073.0,0.0030000000000001137,1072.0,0.0030000000000001137,844.0,0.0
2023-03-20 10:25:49.729000+00:00,1074.0,0.0030000000000001137,1073.0,0.0039999999999995595,845.0,0.008000000000000895
2023-03-20 10:25:54.729000+00:00,1076.0,0.006000000000000227,1074.0,0.0030000000000001137,846.0,0.007999999999999119
2023-03-20 10:25:59.729000+00:00,1077.0,0.0030000000000001137,1076.0,0.006000000000000227,847.0,0.008000000000000895
2023-03-20 10:26:04.729000+00:00,1080.0,0.008999999999999453,1078.0,0.006999999999999673,850.0,0.017999999999998906
2023-03-20 10:26:09.729000+00:00,1082.0,0.004999999999999893,1080.0,0.006000000000000227,852.0,0.011000000000001009
2023-03-20 10:26:14.729000+00:00,1083.0,0.0030000000000001137,1082.0,0.006000000000000227,852.0,0.0
2023-03-20 10:26:19.729000+00:00,1085.0,0.004999999999999893,1083.0,0.0030000000000001137,854.0,0.0129999999999999
2023-03-20 10:26:24.729000+00:00,1086.0,0.0030000000000001137,1085.0,0.006999999999999673,855.0,0.006000000000000227
2023-03-20 10:26:29.729000+00:00,1088.0,0.004999999999999893,1086.0,0.0030000000000001137,857.0,0.0129999999999999
2023-03-20 10:26:34.729000+00:00,1088.0,0.0,1088.0,0.008000000000000007,857.0,0.0
2023-03-20 10:26:39.729000+00:00,1088.0,0.0,1088.0,0.0,857.0,0.0
2023-03-20 10:26:44.729000+00:00,1089.0,0.004000000000000448,1089.0,0.0030000000000001137,858.0,0.006999999999999673
2023-03-20 10:26:49.729000+00:00,1090.0,0.0039999999999995595,1089.0,0.0,858.0,0.0
2023-03-20 10:26:54.729000+00:00,1093.0,0.01100000000000012,1090.0,0.0030000000000001137,861.0,0.018000000000000682
2023-03-20 10:26:59.729000+00:00,1094.0,0.0030000000000001137,1094.0,0.01499999999999968,862.0,0.006999999999999673
2023-03-20 10:27:04.729000+00:00,1095.0,0.0030000000000001137,1094.0,0.0,862.0,0.0
2023-03-20 10:27:09.729000+00:00,1097.0,0.006000000000000227,1095.0,0.0030000000000001137,864.0,0.013999999999999346
2023-03-20 10:27:14.729000+00:00,1101.0,0.01100000000000012,1098.0,0.009999999999999787,868.0,0.027000000000001023
2023-03-20 10:27:19.729000+00:00,1102.0,0.0030000000000001137,1101.0,0.009000000000000341,868.0,0.0
2023-03-20 10:27:24.729000+00:00,1104.0,0.005999999999999339,1104.0,0.009999999999999787,870.0,0.014999999999998792
2023-03-20 10:27:29.729000+00:00,1106.0,0.006000000000000227,1104.0,0.0,872.0,0.0129999999999999
2023-03-20 10:27:34.729000+00:00,1108.0,0.006000000000000227,1106.0,0.004999999999999893,874.0,0.012000000000000455
2023-03-20 10:27:39.729000+00:00,1109.0,0.0039999999999995595,1108.0,0.007000000000000561,875.0,0.008000000000000895
2023-03-20 10:27:44.729000+00:00,1111.0,0.006000000000000227,1110.0,0.005999999999999339,877.0,0.013999999999999346
2023-03-20 10:27:49.729000+00:00,1116.0,0.016000000000000014,1112.0,0.006000000000000227,880.0,0.019999999999999574
2023-03-20 10:27:54.729000+00:00,1117.0,0.0030000000000001137,1116.0,0.012000000000000455,881.0,0.005000000000000782
2023-03-20 10:27:59.729000+00:00,1118.0,0.0030000000000001137,1118.0,0.008000000000000007,882.0,0.007999999999999119
2023-03-20 10:28:04.729000+00:00,1119.0,0.0030000000000001137,1118.0,0.0,883.0,0.005000000000000782
2023-03-20 10:28:09.729000+00:00,1121.0,0.005999999999999339,1119.0,0.0029999999999992255,884.0,0.007999999999999119
2023-03-20 10:28:14.729000+00:00,1123.0,0.007000000000000561,1122.0,0.01100000000000012,886.0,0.012000000000000455
2023-03-20 10:28:19.729000+00:00,1123.0,0.0,1123.0,0.0030000000000001137,886.0,0.0
2023-03-20 10:28:24.729000+00:00,1124.0,0.0039999999999995595,1124.0,0.0019999999999997797,887.0,0.0039999999999995595
2023-03-20 10:28:29.729000+00:00,1125.0,0.004000000000000448,1125.0,0.002000000000000668,888.0,0.009000000000000341
2023-03-20 10:28:34.729000+00:00,1126.0,0.0030000000000001137,1125.0,0.0,889.0,0.006000000000000227
2023-03-20 10:28:39.729000+00:00,1128.0,0.005999999999999339,1126.0,0.0030000000000001137,891.0,0.012000000000000455
2023-03-20 10:28:44.729000+00:00,1128.0,0.0,1128.0,0.005999999999999339,891.0,0.0
2023-03-20 10:28:49.729000+00:00,1128.0,0.0,1128.0,0.0,891.0,0.0
2023-03-20 10:28:54.729000+00:00,1128.0,0.0,1128.0,0.0,891.0,0.0
2023-03-20 10:28:59.729000+00:00,1128.0,0.0,1128.0,0.0,891.0,0.0
2023-03-20 10:29:04.729000+00:00,1128.0,0.0,1128.0,0.0,891.0,0.0
2023-03-20 10:29:09.729000+00:00,1129.0,0.002000000000000668,1128.0,0.0,892.0,0.006000000000000227
2023-03-20 10:29:14.729000+00:00,1131.0,0.005999999999999339,1129.0,0.0030000000000001137,894.0,0.014999999999998792
2023-03-20 10:29:19.729000+00:00,1133.0,0.006000000000000227,1131.0,0.006000000000000227,894.0,0.0
2023-03-20 10:29:24.729000+00:00,1135.0,0.006000000000000227,1133.0,0.006000000000000227,895.0,0.0070000000000014495
2023-03-20 10:29:29.729000+00:00,1139.0,0.011999999999999567,1137.0,0.011999999999999567,897.0,0.013999999999999346
2023-03-20 10:29:34.729000+00:00,1140.0,0.0030000000000001137,1140.0,0.009000000000000341,898.0,0.013999999999999346
2023-03-20 10:29:39.729000+00:00,1145.0,0.016000000000000014,1141.0,0.0030000000000001137,903.0,0.03200000000000003
2023-03-20 10:29:44.729000+00:00,1147.0,0.006000000000000227,1145.0,0.011999999999999567,905.0,0.011000000000001009
2023-03-20 10:29:49.729000+00:00,1151.0,0.0129999999999999,1147.0,0.006000000000000227,909.0,0.026999999999999247
2023-03-20 10:29:54.729000+00:00,1151.0,0.0,1151.0,0.011999999999999567,909.0,0.0
2023-03-20 10:29:59.729000+00:00,1152.0,0.0030000000000001137,1151.0,0.0,910.0,0.006999999999999673
2023-03-20 10:30:04.729000+00:00,1154.0,0.006999999999999673,1152.0,0.002000000000000668,911.0,0.006999999999999673
2023-03-20 10:30:09.729000+00:00,1155.0,0.007000000000000561,1154.0,0.005999999999999339,912.0,0.011000000000001009
2023-03-20 10:30:14.729000+00:00,1155.0,0.0,1155.0,0.004000000000000448,912.0,0.0
2023-03-20 10:30:19.729000+00:00,1158.0,0.009999999999999787,1156.0,0.0039999999999995595,915.0,0.025000000000000355
2023-03-20 10:30:24.729000+00:00,1159.0,0.0039999999999995595,1158.0,0.004999999999999893,916.0,0.004999999999999005
2023-03-20 10:30:29.729000+00:00,1159.0,0.0,1159.0,0.0030000000000001137,916.0,0.0
2023-03-20 10:30:34.729000+00:00,1159.0,0.0,1159.0,0.0,916.0,0.0
2023-03-20 10:30:39.729000+00:00,1163.0,0.014000000000000234,1159.0,0.0,920.0,0.027000000000001023
2023-03-20 10:30:44.729000+00:00,1164.0,0.0030000000000001137,1164.0,0.015000000000000568,921.0,0.004999999999999005
2023-03-20 10:30:49.729000+00:00,1167.0,0.009999999999999787,1165.0,0.0030000000000001137,923.0,0.017000000000001236
2023-03-20 10:30:54.729000+00:00,1167.0,0.0,1167.0,0.005999999999999339,923.0,0.0
2023-03-20 10:30:59.729000+00:00,1168.0,0.0030000000000001137,1167.0,0.0,924.0,0.005999999999998451
2023-03-20 10:31:04.729000+00:00,1169.0,0.0030000000000001137,1168.0,0.002000000000000668,925.0,0.005000000000000782
2023-03-20 10:31:09.729000+00:00,1170.0,0.0030000000000001137,1169.0,0.0029999999999992255,926.0,0.006999999999999673
2023-03-20 10:31:14.729000+00:00,1171.0,0.0030000000000001137,1170.0,0.0030000000000001137,927.0,0.006999999999999673
2023-03-20 10:31:19.729000+00:00,1172.0,0.0030000000000001137,1171.0,0.0030000000000001137,927.0,0.0
2023-03-20 10:31:24.729000+00:00,1176.0,0.0129999999999999,1172.0,0.004000000000000448,930.0,0.02000000000000135
2023-03-20 10:31:29.729000+00:00,1182.0,0.01699999999999946,1176.0,0.011999999999999567,934.0,0.06799999999999962
2023-03-20 10:31:34.729000+00:00,1184.0,0.006000000000000227,1183.0,0.019000000000000128,936.0,0.016000000000000014
2023-03-20 10:31:39.729000+00:00,1188.0,0.0129999999999999,1185.0,0.006999999999999673,938.0,0.01699999999999946
2023-03-20 10:31:44.729000+00:00,1191.0,0.007000000000000561,1191.0,0.02200000000000024,941.0,0.021000000000000796
2023-03-20 10:31:49.729000+00:00,1194.0,0.006999999999999673,1193.0,0.004999999999999893,944.0,0.019999999999999574
2023-03-20 10:31:54.729000+00:00,1197.0,0.009999999999999787,1194.0,0.0030000000000001137,946.0,0.0129999999999999
2023-03-20 10:31:59.729000+00:00,1198.0,0.0030000000000001137,1198.0,0.012000000000000455,946.0,0.0
2023-03-20 10:32:04.729000+00:00,1200.0,0.006999999999999673,1200.0,0.005999999999999339,948.0,0.010999999999999233
2023-03-20 10:32:09.729000+00:00,1202.0,0.006000000000000227,1200.0,0.0,949.0,0.0070000000000014495
2023-03-20 10:32:14.729000+00:00,1202.0,0.0,1202.0,0.006000000000000227,949.0,0.0
2023-03-20 10:32:19.729000+00:00,1203.0,0.004000000000000448,1203.0,0.0030000000000001137,950.0,0.006999999999999673
2023-03-20 10:32:24.729000+00:00,1206.0,0.008000000000000007,1203.0,0.0,951.0,0.007999999999999119
2023-03-20 10:32:29.729000+00:00,1207.0,0.0029999999999992255,1207.0,0.0129999999999999,952.0,0.006999999999999673
2023-03-20 10:32:34.729000+00:00,1207.0,0.0,1207.0,0.0,952.0,0.0
2023-03-20 10:32:39.729000+00:00,1210.0,0.009000000000000341,1208.0,0.0030000000000001137,955.0,0.02000000000000135
2023-03-20 10:32:44.729000+00:00,1212.0,0.006000000000000227,1210.0,0.006000000000000227,957.0,0.010999999999999233
2023-03-20 10:32:49.729000+00:00,1212.0,0.0,1212.0,0.005999999999999339,957.0,0.0
2023-03-20 10:32:54.729000+00:00,1213.0,0.0030000000000001137,1212.0,0.0,958.0,0.006000000000000227
2023-03-20 10:32:59.729000+00:00,1215.0,0.005999999999999339,1215.0,0.009000000000000341,960.0,0.012000000000000455
2023-03-20 10:33:04.729000+00:00,1217.0,0.006000000000000227,1215.0,0.0,961.0,0.0039999999999995595
2023-03-20 10:33:09.729000+00:00,1219.0,0.004999999999999893,1217.0,0.006000000000000227,962.0,0.006999999999999673
2023-03-20 10:33:14.729000+00:00,1220.0,0.004000000000000448,1219.0,0.006999999999999673,962.0,0.0
2023-03-20 10:33:19.729000+00:00,1223.0,0.008000000000000007,1220.0,0.0030000000000001137,964.0,0.011000000000001009
2023-03-20 10:33:24.729000+00:00,1224.0,0.0030000000000001137,1223.0,0.006999999999999673,965.0,0.005999999999998451
2023-03-20 10:33:29.729000+00:00,1226.0,0.005999999999999339,1225.0,0.006000000000000227,967.0,0.012000000000000455
2023-03-20 10:33:34.729000+00:00,1228.0,0.006000000000000227,1227.0,0.006000000000000227,968.0,0.005000000000000782
2023-03-20 10:33:39.729000+00:00,1234.0,0.07600000000000051,1229.0,0.006000000000000227,972.0,0.027999999999998693
2023-03-20 10:33:44.729000+00:00,1237.0,0.010999999999999233,1235.0,0.01699999999999946,973.0,0.0070000000000014495
2023-03-20 10:33:49.729000+00:00,1239.0,0.005000000000000782,1238.0,0.009000000000000341,975.0,0.10799999999999876
2023-03-20 10:33:54.729000+00:00,1240.0,0.0019999999999997797,1239.0,0.0030000000000001137,976.0,0.004000000000001336
2023-03-20 10:33:59.729000+00:00,1241.0,0.0030000000000001137,1240.0,0.0030000000000001137,977.0,0.007999999999999119
2023-03-20 10:34:04.729000+00:00,1243.0,0.005999999999999339,1241.0,0.0029999999999992255,979.0,0.013999999999999346
2023-03-20 10:34:09.729000+00:00,1244.0,0.002000000000000668,1243.0,0.006000000000000227,979.0,0.0
2023-03-20 10:34:14.729000+00:00,1244.0,0.0,1244.0,0.0030000000000001137,979.0,0.0
2023-03-20 10:34:19.729000+00:00,1245.0,0.0030000000000001137,1244.0,0.0,980.0,0.0070000000000014495
2023-03-20 10:34:24.729000+00:00,1245.0,0.0,1245.0,0.004000000000000448,980.0,0.0
2023-03-20 10:34:29.729000+00:00,1245.0,0.0,1245.0,0.0,980.0,0.0
2023-03-20 10:34:34.729000+00:00,1248.0,0.006999999999999673,1245.0,0.0,983.0,0.014999999999998792
2023-03-20 10:34:39.729000+00:00,1250.0,0.006000000000000227,1249.0,0.013999999999999346,985.0,0.012000000000000455
2023-03-20 10:34:44.729000+00:00,1251.0,0.0019999999999997797,1250.0,0.004000000000000448,986.0,0.006999999999999673
2023-03-20 10:34:49.729000+00:00,1251.0,0.0,1251.0,0.0039999999999995595,986.0,0.0
2023-03-20 10:34:54.729000+00:00,1254.0,0.01100000000000012,1252.0,0.0030000000000001137,989.0,0.017000000000001236
2023-03-20 10:34:59.729000+00:00,1255.0,0.0030000000000001137,1254.0,0.006000000000000227,990.0,0.0039999999999995595
2023-03-20 10:35:04.729000+00:00,1257.0,0.021999999999999353,1255.0,0.0039999999999995595,992.0,0.009000000000000341
2023-03-20 10:35:09.729000+00:00,1260.0,0.007000000000000561,1257.0,0.007000000000000561,994.0,0.011999999999998678
2023-03-20 10:35:14.729000+00:00,1260.0,0.0,1260.0,0.008999999999999453,994.0,0.0
2023-03-20 10:35:19.729000+00:00,1264.0,0.0129999999999999,1262.0,0.006000000000000227,998.0,0.027000000000001023
2023-03-20 10:35:24.729000+00:00,1266.0,0.006000000000000227,1265.0,0.01100000000000012,999.0,0.006999999999999673
2023-03-20 10:35:29.729000+00:00,1271.0,0.0129999999999999,1266.0,0.0030000000000001137,1002.0,0.015000000000000568
2023-03-20 10:35:34.729000+00:00,1275.0,0.01100000000000012,1271.0,0.01499999999999968,1006.0,0.1689999999999987
2023-03-20 10:35:39.729000+00:00,1275.0,0.0,1275.0,0.0129999999999999,1006.0,0.0
2023-03-20 10:35:44.729000+00:00,1279.0,0.0129999999999999,1275.0,0.0,1010.0,0.02400000000000091
2023-03-20 10:35:49.729000+00:00,1281.0,0.005999999999999339,1279.0,0.012000000000000455,1011.0,0.006999999999999673
2023-03-20 10:35:54.729000+00:00,1285.0,0.01100000000000012,1283.0,0.011999999999999567,1014.0,0.2989999999999995
2023-03-20 10:35:59.729000+00:00,1286.0,0.0030000000000001137,1285.0,0.006000000000000227,1014.0,0.0
2023-03-20 10:36:04.729000+00:00,1286.0,0.0,1286.0,0.004000000000000448,1014.0,0.0
2023-03-20 10:36:09.729000+00:00,1286.0,0.0,1286.0,0.0,1014.0,0.0
2023-03-20 10:36:14.729000+00:00,1287.0,0.0030000000000001137,1287.0,0.0019999999999997797,1015.0,0.008000000000000895
2023-03-20 10:36:19.729000+00:00,1288.0,0.0030000000000001137,1287.0,0.0,1016.0,0.006000000000000227
2023-03-20 10:36:24.729000+00:00,1290.0,0.006999999999999673,1289.0,0.006000000000000227,1017.0,0.004999999999999005
2023-03-20 10:36:29.729000+00:00,1291.0,0.002000000000000668,1290.0,0.0029999999999992255,1018.0,0.006999999999999673
2023-03-20 10:36:34.729000+00:00,1294.0,0.009999999999999787,1292.0,0.006000000000000227,1020.0,0.014000000000001123
2023-03-20 10:36:39.729000+00:00,1297.0,0.009999999999999787,1295.0,0.009999999999999787,1022.0,0.016000000000000014
2023-03-20 10:36:44.729000+00:00,1298.0,0.0030000000000001137,1298.0,0.009000000000000341,1023.0,0.009999999999999787
2023-03-20 10:36:49.729000+00:00,1298.0,0.0,1298.0,0.0,1023.0,0.0
2023-03-20 10:36:54.729000+00:00,1298.0,0.0,1298.0,0.0,1023.0,0.0
2023-03-20 10:36:59.729000+00:00,1301.0,0.008999999999999453,1299.0,0.0030000000000001137,1025.0,0.012000000000000455
2023-03-20 10:37:04.729000+00:00,1305.0,0.012000000000000455,1301.0,0.006000000000000227,1029.0,0.08399999999999963
2023-03-20 10:37:09.729000+00:00,1309.0,0.01100000000000012,1305.0,0.01100000000000012,1031.0,0.009999999999999787
2023-03-20 10:37:14.729000+00:00,1311.0,0.004999999999999893,1309.0,0.013999999999999346,1033.0,0.012000000000000455
2023-03-20 10:37:19.729000+00:00,1314.0,0.009000000000000341,1313.0,0.012000000000000455,1035.0,0.012000000000000455
2023-03-20 10:37:24.729000+00:00,1315.0,0.0019999999999997797,1314.0,0.0030000000000001137,1036.0,0.0039999999999995595
2023-03-20 10:37:29.729000+00:00,1316.0,0.0030000000000001137,1315.0,0.0029999999999992255,1037.0,0.006000000000000227
2023-03-20 10:37:34.729000+00:00,1320.0,0.0129999999999999,1318.0,0.08000000000000007,1039.0,0.013999999999999346
2023-03-20 10:37:39.729000+00:00,1323.0,0.006999999999999673,1320.0,0.006000000000000227,1042.0,0.016000000000000014
2023-03-20 10:37:44.729000+00:00,1327.0,0.012000000000000455,1323.0,0.009000000000000341,1046.0,0.023999999999999133
2023-03-20 10:37:49.729000+00:00,1330.0,0.006999999999999673,1327.0,0.01100000000000012,1048.0,0.008000000000000895
2023-03-20 10:37:54.729000+00:00,1331.0,0.0030000000000001137,1331.0,0.010999999999999233,1049.0,0.006000000000000227
2023-03-20 10:37:59.729000+00:00,1333.0,0.004999999999999893,1331.0,0.0,1051.0,0.012000000000000455
2023-03-20 10:38:04.729000+00:00,1335.0,0.006000000000000227,1334.0,0.015000000000000568,1052.0,0.054999999999999716
2023-03-20 10:38:09.729000+00:00,1337.0,0.004999999999999893,1335.0,0.0030000000000001137,1054.0,0.009999999999999787
2023-03-20 10:38:14.729000+00:00,1338.0,0.0030000000000001137,1337.0,0.005999999999999339,1054.0,0.0
2023-03-20 10:38:19.729000+00:00,1341.0,0.008000000000000007,1338.0,0.0030000000000001137,1056.0,0.013999999999999346
2023-03-20 10:38:24.729000+00:00,1343.0,0.004999999999999893,1341.0,0.009000000000000341,1058.0,0.012000000000000455
2023-03-20 10:38:29.729000+00:00,1343.0,0.0,1343.0,0.006000000000000227,1058.0,0.0
2023-03-20 10:38:34.729000+00:00,1344.0,0.0030000000000001137,1343.0,0.0,1059.0,0.006000000000000227
2023-03-20 10:38:39.729000+00:00,1345.0,0.0030000000000001137,1344.0,0.0030000000000001137,1060.0,0.006999999999999673
2023-03-20 10:38:44.729000+00:00,1347.0,0.008000000000000007,1346.0,0.006999999999999673,1061.0,0.008000000000000895
2023-03-20 10:38:49.729000+00:00,1348.0,0.0029999999999992255,1347.0,0.0030000000000001137,1062.0,0.008999999999998565
2023-03-20 10:38:54.729000+00:00,1348.0,0.0,1348.0,0.0030000000000001137,1062.0,0.0
2023-03-20 10:38:59.729000+00:00,1351.0,0.009000000000000341,1348.0,0.0,1065.0,0.015000000000000568
2023-03-20 10:39:04.729000+00:00,1353.0,0.006999999999999673,1352.0,0.0129999999999999,1067.0,0.016000000000000014
2023-03-20 10:39:09.729000+00:00,1358.0,0.016000000000000014,1357.0,0.017999999999999794,1070.0,0.019000000000000128
2023-03-20 10:39:14.729000+00:00,1359.0,0.0030000000000001137,1358.0,0.0030000000000001137,1071.0,0.006999999999999673
2023-03-20 10:39:19.729000+00:00,1363.0,0.01100000000000012,1359.0,0.0039999999999995595,1075.0,0.022999999999999687
2023-03-20 10:39:24.729000+00:00,1365.0,0.006000000000000227,1363.0,0.01100000000000012,1076.0,0.008000000000000895
2023-03-20 10:39:29.729000+00:00,1369.0,0.011999999999999567,1367.0,0.012000000000000455,1080.0,0.0259999999999998
2023-03-20 10:39:34.729000+00:00,1369.0,0.0,1369.0,0.008000000000000007,1080.0,0.0
2023-03-20 10:39:39.729000+00:00,1371.0,0.006000000000000227,1369.0,0.0,1082.0,0.015000000000000568
2023-03-20 10:39:44.729000+00:00,1374.0,0.009999999999999787,1372.0,0.009999999999999787,1085.0,0.014999999999998792
2023-03-20 10:39:49.729000+00:00,1374.0,0.0,1374.0,0.006000000000000227,1085.0,0.0
2023-03-20 10:39:54.729000+00:00,1376.0,0.006000000000000227,1374.0,0.0,1086.0,0.009000000000000341
2023-03-20 10:39:59.729000+00:00,1377.0,0.0030000000000001137,1376.0,0.005999999999999339,1087.0,0.005000000000000782
2023-03-20 10:40:04.729000+00:00,1378.0,0.0030000000000001137,1377.0,0.002000000000000668,1088.0,0.0039999999999995595
2023-03-20 10:40:09.729000+00:00,1379.0,0.0030000000000001137,1378.0,0.0030000000000001137,1089.0,0.006999999999999673
2023-03-20 10:40:14.729000+00:00,1379.0,0.0,1379.0,0.0029999999999992255,1089.0,0.0
2023-03-20 10:40:19.729000+00:00,1384.0,0.01499999999999968,1380.0,0.0030000000000001137,1093.0,0.025000000000000355
2023-03-20 10:40:24.729000+00:00,1386.0,0.004999999999999893,1384.0,0.010000000000000675,1095.0,0.015000000000000568
2023-03-20 10:40:29.729000+00:00,1386.0,0.0,1386.0,0.004999999999999893,1095.0,0.0
2023-03-20 10:40:34.729000+00:00,1387.0,0.0030000000000001137,1387.0,0.0030000000000001137,1095.0,0.0
2023-03-20 10:40:39.729000+00:00,1389.0,0.006000000000000227,1387.0,0.0,1097.0,0.0129999999999999
2023-03-20 10:40:44.729000+00:00,1390.0,0.0039999999999995595,1389.0,0.005999999999999339,1098.0,0.006999999999999673
2023-03-20 10:40:49.729000+00:00,1392.0,0.004999999999999893,1390.0,0.002000000000000668,1098.0,0.0
2023-03-20 10:40:54.729000+00:00,1393.0,0.0030000000000001137,1392.0,0.004999999999999893,1099.0,0.009000000000000341
2023-03-20 10:40:59.729000+00:00,1395.0,0.007000000000000561,1394.0,0.004999999999999893,1101.0,0.013999999999999346
2023-03-20 10:41:04.729000+00:00,1398.0,0.009999999999999787,1396.0,0.004999999999999893,1104.0,0.015000000000000568
2023-03-20 10:41:09.729000+00:00,1401.0,0.07200000000000006,1400.0,0.01499999999999968,1107.0,0.022999999999999687
2023-03-20 10:41:14.729000+00:00,1401.0,0.0,1401.0,0.004000000000000448,1107.0,0.0
2023-03-20 10:41:19.729000+00:00,1402.0,0.0030000000000001137,1401.0,0.0,1108.0,0.006999999999999673
2023-03-20 10:41:24.729000+00:00,1405.0,0.008000000000000007,1403.0,0.006000000000000227,1109.0,0.006999999999999673
2023-03-20 10:41:29.729000+00:00,1408.0,0.008000000000000007,1407.0,0.010999999999999233,1113.0,0.02400000000000091
2023-03-20 10:41:34.729000+00:00,1409.0,0.0030000000000001137,1409.0,0.006000000000000227,1114.0,0.004999999999999005
2023-03-20 10:41:39.729000+00:00,1412.0,0.008000000000000007,1409.0,0.0,1116.0,0.11800000000000033
2023-03-20 10:41:44.729000+00:00,1413.0,0.0029999999999992255,1412.0,0.009000000000000341,1117.0,0.006999999999999673
2023-03-20 10:41:49.729000+00:00,1415.0,0.006000000000000227,1415.0,0.008999999999999453,1119.0,0.0129999999999999
2023-03-20 10:41:54.729000+00:00,1416.0,0.0030000000000001137,1415.0,0.0,1120.0,0.004000000000001336
2023-03-20 10:41:59.729000+00:00,1417.0,0.0019999999999997797,1416.0,0.0030000000000001137,1121.0,0.007999999999999119
2023-03-20 10:42:04.729000+00:00,1417.0,0.0,1417.0,0.0030000000000001137,1121.0,0.0
2023-03-20 10:42:09.729000+00:00,1418.0,0.004999999999999893,1418.0,0.004000000000000448,1121.0,0.0
2023-03-20 10:42:14.729000+00:00,1420.0,0.008000000000000007,1419.0,0.0039999999999995595,1123.0,0.013999999999999346
2023-03-20 10:42:19.729000+00:00,1421.0,0.0030000000000001137,1420.0,0.0030000000000001137,1124.0,0.005000000000000782
2023-03-20 10:42:24.729000+00:00,1422.0,0.0030000000000001137,1421.0,0.0030000000000001137,1124.0,0.0
2023-03-20 10:42:29.729000+00:00,1423.0,0.0030000000000001137,1423.0,0.004999999999999893,1125.0,0.007999999999999119
2023-03-20 10:42:34.729000+00:00,1424.0,0.0019999999999997797,1423.0,0.0,1126.0,0.004000000000001336
2023-03-20 10:42:39.729000+00:00,1425.0,0.002000000000000668,1424.0,0.0030000000000001137,1127.0,0.0039999999999995595
2023-03-20 10:42:44.729000+00:00,1428.0,0.008000000000000007,1425.0,0.0030000000000001137,1129.0,0.0129999999999999
2023-03-20 10:42:49.729000+00:00,1430.0,0.006999999999999673,1428.0,0.006999999999999673,1131.0,0.0129999999999999
2023-03-20 10:42:54.729000+00:00,1433.0,0.01100000000000012,1430.0,0.006999999999999673,1132.0,0.009000000000000341
2023-03-20 10:42:59.729000+00:00,1436.0,0.008999999999999453,1434.0,0.012000000000000455,1135.0,0.019000000000000128
2023-03-20 10:43:04.729000+00:00,1438.0,0.006000000000000227,1436.0,0.006000000000000227,1135.0,0.0
2023-03-20 10:43:09.729000+00:00,1439.0,0.0030000000000001137,1439.0,0.008999999999999453,1136.0,0.006999999999999673
2023-03-20 10:43:14.729000+00:00,1442.0,0.009000000000000341,1439.0,0.0,1139.0,0.015000000000000568
2023-03-20 10:43:19.729000+00:00,1443.0,0.0030000000000001137,1442.0,0.009000000000000341,1140.0,0.008999999999998565
2023-03-20 10:43:24.729000+00:00,1446.0,0.013999999999999346,1443.0,0.0030000000000001137,1141.0,0.009000000000000341
2023-03-20 10:43:29.729000+00:00,1447.0,0.0030000000000001137,1446.0,0.009999999999999787,1142.0,0.006999999999999673
2023-03-20 10:43:34.729000+00:00,1452.0,0.01499999999999968,1447.0,0.0030000000000001137,1147.0,0.02800000000000047
2023-03-20 10:43:39.729000+00:00,1452.0,0.0,1452.0,0.016000000000000014,1147.0,0.0
2023-03-20 10:43:44.729000+00:00,1454.0,0.007000000000000561,1453.0,0.0030000000000001137,1149.0,0.015000000000000568
2023-03-20 10:43:49.729000+00:00,1455.0,0.0030000000000001137,1454.0,0.0030000000000001137,1150.0,0.004999999999999005
2023-03-20 10:43:54.729000+00:00,1455.0,0.0,1455.0,0.0039999999999995595,1150.0,0.0
2023-03-20 10:43:59.729000+00:00,1455.0,0.0,1455.0,0.0,1150.0,0.0
2023-03-20 10:44:04.729000+00:00,1457.0,0.005999999999999339,1455.0,0.0,1152.0,0.009000000000000341
2023-03-20 10:44:09.729000+00:00,1459.0,0.005000000000000782,1458.0,0.008000000000000007,1153.0,0.006999999999999673
2023-03-20 10:44:14.729000+00:00,1459.0,0.0,1459.0,0.0019999999999997797,1153.0,0.0
2023-03-20 10:44:19.729000+00:00,1459.0,0.0,1459.0,0.0,1153.0,0.0
2023-03-20 10:44:24.729000+00:00,1460.0,0.0029999999999992255,1459.0,0.0,1154.0,0.008000000000000895
2023-03-20 10:44:29.729000+00:00,1463.0,0.009000000000000341,1461.0,0.004999999999999893,1157.0,0.03500000000000014
2023-03-20 10:44:34.729000+00:00,1465.0,0.008000000000000007,1463.0,0.006000000000000227,1159.0,0.019999999999999574
2023-03-20 10:44:39.729000+00:00,1465.0,0.0,1465.0,0.006000000000000227,1159.0,0.0
2023-03-20 10:44:44.729000+00:00,1468.0,0.009999999999999787,1466.0,0.004999999999999893,1161.0,0.011000000000001009
2023-03-20 10:44:49.729000+00:00,1470.0,0.006000000000000227,1468.0,0.004999999999999893,1163.0,0.013999999999999346
2023-03-20 10:44:54.729000+00:00,1471.0,0.004000000000000448,1470.0,0.006000000000000227,1164.0,0.0730000000000004
2023-03-20 10:44:59.729000+00:00,1473.0,0.005999999999999339,1471.0,0.0030000000000001137,1166.0,0.0129999999999999
2023-03-20 10:45:04.729000+00:00,1478.0,0.014000000000000234,1474.0,0.008999999999999453,1170.0,0.019000000000000128
2023-03-20 10:45:09.729000+00:00,1480.0,0.006000000000000227,1478.0,0.012000000000000455,1172.0,0.011999999999998678
2023-03-20 10:45:14.729000+00:00,1482.0,0.008000000000000007,1480.0,0.01499999999999968,1174.0,0.014000000000001123
2023-03-20 10:45:19.729000+00:00,1486.0,0.011999999999999567,1483.0,0.009000000000000341,1177.0,0.019999999999999574
2023-03-20 10:45:24.729000+00:00,1486.0,0.0,1486.0,0.008999999999999453,1177.0,0.0
2023-03-20 10:45:29.729000+00:00,1487.0,0.0030000000000001137,1486.0,0.0,1178.0,0.006000000000000227
2023-03-20 10:45:34.729000+00:00,1488.0,0.006999999999999673,1487.0,0.0030000000000001137,1178.0,0.0
2023-03-20 10:45:39.729000+00:00,1490.0,0.007000000000000561,1489.0,0.007000000000000561,1179.0,0.009000000000000341
2023-03-20 10:45:44.729000+00:00,1492.0,0.006999999999999673,1492.0,0.009999999999999787,1181.0,0.010999999999999233
2023-03-20 10:45:49.729000+00:00,1493.0,0.0030000000000001137,1492.0,0.0,1182.0,0.006999999999999673
2023-03-20 10:45:54.729000+00:00,1494.0,0.0019999999999997797,1493.0,0.0030000000000001137,1183.0,0.005000000000000782
2023-03-20 10:45:59.729000+00:00,1497.0,0.010000000000000675,1495.0,0.004999999999999893,1186.0,0.02200000000000024
2023-03-20 10:46:04.729000+00:00,1498.0,0.0029999999999992255,1497.0,0.006000000000000227,1187.0,0.004999999999999005
2023-03-20 10:46:09.729000+00:00,1498.0,0.0,1498.0,0.0030000000000001137,1187.0,0.0
2023-03-20 10:46:14.729000+00:00,1499.0,0.0030000000000001137,1498.0,0.0,1188.0,0.004000000000001336
2023-03-20 10:46:19.729000+00:00,1500.0,0.0030000000000001137,1499.0,0.0029999999999992255,1189.0,0.005999999999998451
2023-03-20 10:46:24.729000+00:00,1501.0,0.0030000000000001137,1500.0,0.004000000000000448,1190.0,0.005000000000000782
2023-03-20 10:46:29.729000+00:00,1501.0,0.0,1501.0,0.0030000000000001137,1190.0,0.0
2023-03-20 10:46:34.729000+00:00,1503.0,0.006000000000000227,1501.0,0.0,1192.0,0.010999999999999233
2023-03-20 10:46:39.729000+00:00,1506.0,0.0129999999999999,1503.0,0.004999999999999893,1193.0,0.009000000000000341
2023-03-20 10:46:44.729000+00:00,1506.0,0.0,1506.0,0.009000000000000341,1193.0,0.0
2023-03-20 10:46:49.729000+00:00,1507.0,0.0030000000000001137,1506.0,0.0,1194.0,0.009999999999999787
2023-03-20 10:46:54.729000+00:00,1509.0,0.006999999999999673,1508.0,0.006999999999999673,1196.0,0.012000000000000455
2023-03-20 10:46:59.729000+00:00,1512.0,0.008000000000000007,1509.0,0.0030000000000001137,1198.0,0.012000000000000455
2023-03-20 10:47:04.729000+00:00,1514.0,0.006000000000000227,1512.0,0.008999999999999453,1200.0,0.23300000000000054
2023-03-20 10:47:09.729000+00:00,1519.0,0.017999999999999794,1516.0,0.013000000000000789,1205.0,0.034999999999998366
2023-03-20 10:47:14.729000+00:00,1523.0,0.0129999999999999,1521.0,0.01699999999999946,1209.0,0.023000000000001464
2023-03-20 10:47:19.729000+00:00,1524.0,0.0030000000000001137,1523.0,0.004999999999999893,1209.0,0.0
2023-03-20 10:47:24.729000+00:00,1525.0,0.0030000000000001137,1525.0,0.006000000000000227,1209.0,0.0
2023-03-20 10:47:29.729000+00:00,1528.0,0.009999999999999787,1525.0,0.0,1211.0,0.017999999999998906
2023-03-20 10:47:34.729000+00:00,1529.0,0.0030000000000001137,1528.0,0.009999999999999787,1211.0,0.0
2023-03-20 10:47:39.729000+00:00,1530.0,0.0030000000000001137,1529.0,0.0030000000000001137,1212.0,0.008000000000000895
2023-03-20 10:47:44.729000+00:00,1530.0,0.0,1530.0,0.0030000000000001137,1212.0,0.0
2023-03-20 10:47:49.729000+00:00,1530.0,0.0,1530.0,0.0,1212.0,0.0
2023-03-20 10:47:54.729000+00:00,1531.0,0.0030000000000001137,1530.0,0.0,1213.0,0.006999999999999673
2023-03-20 10:47:59.729000+00:00,1531.0,0.0,1531.0,0.0030000000000001137,1213.0,0.0
2023-03-20 10:48:04.729000+00:00,1531.0,0.0,1531.0,0.0,1213.0,0.0
2023-03-20 10:48:09.729000+00:00,1532.0,0.0030000000000001137,1532.0,0.0030000000000001137,1214.0,0.006999999999999673
2023-03-20 10:48:14.729000+00:00,1532.0,0.0,1532.0,0.0,1214.0,0.0
2023-03-20 10:48:19.729000+00:00,1533.0,0.0030000000000001137,1532.0,0.0,1214.0,0.0
2023-03-20 10:48:24.729000+00:00,1535.0,0.006999999999999673,1534.0,0.005999999999999339,1216.0,0.16000000000000014
2023-03-20 10:48:29.729000+00:00,1536.0,0.006000000000000227,1535.0,0.0030000000000001137,1217.0,0.010999999999999233
2023-03-20 10:48:34.729000+00:00,1536.0,0.0,1536.0,0.002000000000000668,1217.0,0.0
2023-03-20 10:48:39.729000+00:00,1541.0,0.016000000000000014,1536.0,0.0,1221.0,0.021000000000000796
2023-03-20 10:48:44.729000+00:00,1545.0,0.01100000000000012,1542.0,0.01699999999999946,1225.0,0.02200000000000024
2023-03-20 10:48:49.729000+00:00,1550.0,0.016000000000000014,1546.0,0.01100000000000012,1229.0,0.022999999999999687
2023-03-20 10:48:54.729000+00:00,1552.0,0.005999999999999339,1550.0,0.0129999999999999,1231.0,0.013999999999999346
2023-03-20 10:48:59.729000+00:00,1552.0,0.0,1552.0,0.006000000000000227,1231.0,0.0
2023-03-20 10:49:04.729000+00:00,1553.0,0.004000000000000448,1553.0,0.0030000000000001137,1232.0,0.006000000000000227
2023-03-20 10:49:09.729000+00:00,1557.0,0.011999999999999567,1553.0,0.0,1236.0,0.2110000000000003
2023-03-20 10:49:14.729000+00:00,1560.0,0.009000000000000341,1558.0,0.014000000000000234,1239.0,1.1140000000000008
2023-03-20 10:49:19.729000+00:00,1561.0,0.0039999999999995595,1561.0,0.008999999999999453,1240.0,0.006000000000000227
2023-03-20 10:49:24.729000+00:00,1561.0,0.0,1561.0,0.0,1240.0,0.0
2023-03-20 10:49:29.729000+00:00,1562.0,0.0030000000000001137,1561.0,0.0,1240.0,0.0
2023-03-20 10:49:34.729000+00:00,1565.0,0.009999999999999787,1563.0,0.006000000000000227,1241.0,0.005999999999998451
2023-03-20 10:49:39.729000+00:00,1567.0,0.006000000000000227,1565.0,0.006000000000000227,1242.0,0.005000000000000782
2023-03-20 10:49:44.729000+00:00,1567.0,0.0,1567.0,0.006999999999999673,1242.0,0.0
2023-03-20 10:49:49.729000+00:00,1568.0,0.0030000000000001137,1567.0,0.0,1242.0,0.0
2023-03-20 10:49:54.729000+00:00,1568.0,0.0,1568.0,0.0030000000000001137,1242.0,0.0
2023-03-20 10:49:59.729000+00:00,1569.0,0.0030000000000001137,1568.0,0.0,1242.0,0.0
2023-03-20 10:50:04.729000+00:00,1570.0,0.0039999999999995595,1569.0,0.0030000000000001137,1243.0,0.007999999999999119
2023-03-20 10:50:09.729000+00:00,1575.0,0.014000000000000234,1570.0,0.0030000000000001137,1248.0,0.025000000000000355
2023-03-20 10:50:14.729000+00:00,1577.0,0.006000000000000227,1575.0,0.016000000000000014,1250.0,0.008000000000000895
2023-03-20 10:50:19.729000+00:00,1579.0,0.006000000000000227,1577.0,0.005999999999999339,1250.0,0.0
2023-03-20 10:50:24.729000+00:00,1581.0,0.0039999999999995595,1579.0,0.006000000000000227,1252.0,0.009000000000000341
2023-03-20 10:50:29.729000+00:00,1582.0,0.0030000000000001137,1581.0,0.004999999999999893,1253.0,0.005999999999998451
2023-03-20 10:50:34.729000+00:00,1584.0,0.006000000000000227,1582.0,0.004000000000000448,1255.0,0.010000000000001563
2023-03-20 10:50:39.729000+00:00,1585.0,0.0030000000000001137,1584.0,0.006999999999999673,1256.0,0.006999999999999673
2023-03-20 10:50:44.729000+00:00,1590.0,0.01499999999999968,1586.0,0.006000000000000227,1260.0,0.02099999999999902
2023-03-20 10:50:49.729000+00:00,1591.0,0.0030000000000001137,1590.0,0.011999999999999567,1260.0,0.0
2023-03-20 10:50:54.729000+00:00,1595.0,0.011999999999999567,1591.0,0.0030000000000001137,1263.0,0.016000000000000014
2023-03-20 10:50:59.729000+00:00,1597.0,0.006000000000000227,1595.0,0.012000000000000455,1265.0,0.011000000000001009
2023-03-20 10:51:04.729000+00:00,1602.0,0.0129999999999999,1597.0,0.005999999999999339,1269.0,0.027999999999998693
2023-03-20 10:51:09.729000+00:00,1604.0,0.004999999999999893,1602.0,0.016000000000000014,1271.0,0.011000000000001009
2023-03-20 10:51:14.729000+00:00,1607.0,0.01100000000000012,1606.0,0.01100000000000012,1274.0,0.16000000000000014
2023-03-20 10:51:19.729000+00:00,1608.0,0.0030000000000001137,1607.0,0.0030000000000001137,1275.0,0.004999999999999005
2023-03-20 10:51:24.729000+00:00,1610.0,0.006999999999999673,1608.0,0.0030000000000001137,1276.0,0.005000000000000782
2023-03-20 10:51:29.729000+00:00,1613.0,0.008000000000000007,1610.0,0.006000000000000227,1278.0,0.009999999999999787
2023-03-20 10:51:34.729000+00:00,1613.0,0.0,1613.0,0.008000000000000007,1278.0,0.0
2023-03-20 10:51:39.729000+00:00,1615.0,0.006000000000000227,1614.0,0.0019999999999997797,1279.0,0.005000000000000782
2023-03-20 10:51:44.729000+00:00,1615.0,0.0,1615.0,0.0030000000000001137,1279.0,0.0
2023-03-20 10:51:49.729000+00:00,1615.0,0.0,1615.0,0.0,1279.0,0.0
2023-03-20 10:51:54.729000+00:00,1616.0,0.0030000000000001137,1615.0,0.0,1280.0,0.005999999999998451
2023-03-20 10:51:59.729000+00:00,1619.0,0.006999999999999673,1616.0,0.0030000000000001137,1283.0,0.015000000000000568
2023-03-20 10:52:04.729000+00:00,1621.0,0.005000000000000782,1619.0,0.008999999999999453,1283.0,0.0
2023-03-20 10:52:09.729000+00:00,1621.0,0.0,1621.0,0.006000000000000227,1283.0,0.0
2023-03-20 10:52:14.729000+00:00,1624.0,0.008999999999999453,1622.0,0.0030000000000001137,1286.0,0.01699999999999946
2023-03-20 10:52:19.729000+00:00,1626.0,0.004999999999999893,1624.0,0.004999999999999893,1288.0,0.011000000000001009
2023-03-20 10:52:24.729000+00:00,1628.0,0.004999999999999893,1626.0,0.004999999999999893,1289.0,0.006000000000000227
2023-03-20 10:52:29.729000+00:00,1630.0,0.006000000000000227,1629.0,0.009000000000000341,1291.0,0.010999999999999233
2023-03-20 10:52:34.729000+00:00,1632.0,0.006000000000000227,1630.0,0.0030000000000001137,1293.0,0.011000000000001009
2023-03-20 10:52:39.729000+00:00,1634.0,0.006999999999999673,1632.0,0.005999999999999339,1295.0,0.011999999999998678
2023-03-20 10:52:44.729000+00:00,1636.0,0.006000000000000227,1634.0,0.006000000000000227,1297.0,0.011000000000001009
2023-03-20 10:52:49.729000+00:00,1637.0,0.0030000000000001137,1636.0,0.006000000000000227,1298.0,0.006000000000000227
2023-03-20 10:52:54.729000+00:00,1641.0,0.0129999999999999,1638.0,0.004999999999999893,1301.0,0.1399999999999988
2023-03-20 10:52:59.729000+00:00,1642.0,0.004000000000000448,1641.0,0.009000000000000341,1302.0,0.009000000000000341
2023-03-20 10:53:04.729000+00:00,1645.0,0.008000000000000007,1642.0,0.0039999999999995595,1304.0,0.011000000000001009
2023-03-20 10:53:09.729000+00:00,1646.0,0.0029999999999992255,1645.0,0.009000000000000341,1304.0,0.0
2023-03-20 10:53:14.729000+00:00,1648.0,0.007000000000000561,1646.0,0.0030000000000001137,1306.0,0.0129999999999999
2023-03-20 10:53:19.729000+00:00,1649.0,0.0039999999999995595,1648.0,0.005999999999999339,1307.0,0.006000000000000227
2023-03-20 10:53:24.729000+00:00,1650.0,0.004000000000000448,1649.0,0.0030000000000001137,1307.0,0.0
2023-03-20 10:53:29.729000+00:00,1653.0,0.008999999999999453,1650.0,0.0030000000000001137,1310.0,0.13699999999999868
2023-03-20 10:53:34.729000+00:00,1653.0,0.0,1653.0,0.009000000000000341,1310.0,0.0
2023-03-20 10:53:39.729000+00:00,1654.0,0.0030000000000001137,1653.0,0.0,1311.0,0.006000000000000227
2023-03-20 10:53:44.729000+00:00,1657.0,0.009000000000000341,1654.0,0.0030000000000001137,1314.0,0.016000000000000014
2023-03-20 10:53:49.729000+00:00,1658.0,0.0030000000000001137,1657.0,0.009999999999999787,1315.0,0.006000000000000227
2023-03-20 10:53:54.729000+00:00,1662.0,0.011999999999999567,1658.0,0.0030000000000001137,1319.0,0.02200000000000024
2023-03-20 10:53:59.729000+00:00,1663.0,0.004000000000000448,1662.0,0.0129999999999999,1320.0,0.006999999999999673
2023-03-20 10:54:04.729000+00:00,1664.0,0.0030000000000001137,1663.0,0.0039999999999995595,1321.0,0.005000000000000782
2023-03-20 10:54:09.729000+00:00,1664.0,0.0,1664.0,0.0030000000000001137,1321.0,0.0
2023-03-20 10:54:14.729000+00:00,1665.0,0.0029999999999992255,1664.0,0.0,1321.0,0.0
2023-03-20 10:54:19.729000+00:00,1666.0,0.0030000000000001137,1665.0,0.0030000000000001137,1321.0,0.0
2023-03-20 10:54:24.729000+00:00,1668.0,0.006000000000000227,1666.0,0.0030000000000001137,1323.0,0.010999999999999233
2023-03-20 10:54:29.729000+00:00,1670.0,0.006999999999999673,1668.0,0.006000000000000227,1325.0,0.009999999999999787
2023-03-20 10:54:34.737000+00:00,1673.0,0.009000000000000341,1671.0,0.008000000000000007,1328.0,0.015000000000000568
2023-03-20 10:54:39.729000+00:00,1674.0,0.0030000000000001137,1673.0,0.006999999999999673,1329.0,0.006000000000000227
2023-03-20 10:54:44.729000+00:00,1676.0,0.004999999999999893,1674.0,0.0019999999999997797,1330.0,0.006000000000000227
2023-03-20 10:54:49.729000+00:00,1682.0,0.017999999999999794,1678.0,0.012000000000000455,1336.0,0.02999999999999936
2023-03-20 10:54:54.729000+00:00,1683.0,0.0030000000000001137,1682.0,0.01100000000000012,1336.0,0.0
2023-03-20 10:54:59.729000+00:00,1685.0,0.004999999999999893,1683.0,0.0030000000000001137,1338.0,0.010999999999999233
2023-03-20 10:55:04.729000+00:00,1690.0,0.015000000000000568,1688.0,0.013999999999999346,1341.0,0.016000000000000014
2023-03-20 10:55:09.729000+00:00,1694.0,0.010999999999999233,1690.0,0.006000000000000227,1344.0,0.1750000000000007
2023-03-20 10:55:14.729000+00:00,1696.0,0.005000000000000782,1695.0,0.01499999999999968,1344.0,0.0
2023-03-20 10:55:19.729000+00:00,1696.0,0.0,1696.0,0.0030000000000001137,1344.0,0.0
2023-03-20 10:55:24.729000+00:00,1698.0,0.006999999999999673,1697.0,0.0019999999999997797,1346.0,0.012000000000000455
2023-03-20 10:55:29.729000+00:00,1699.0,0.0030000000000001137,1698.0,0.0030000000000001137,1347.0,0.006999999999999673
2023-03-20 10:55:34.729000+00:00,1701.0,0.006000000000000227,1700.0,0.006000000000000227,1348.0,0.007999999999999119
2023-03-20 10:55:39.729000+00:00,1701.0,0.0,1701.0,0.0030000000000001137,1348.0,0.0
2023-03-20 10:55:44.729000+00:00,1703.0,0.004999999999999893,1702.0,0.0030000000000001137,1349.0,0.0070000000000014495
2023-03-20 10:55:49.729000+00:00,1705.0,0.005999999999999339,1703.0,0.0030000000000001137,1350.0,0.005999999999998451
2023-03-20 10:55:54.729000+00:00,1706.0,0.0030000000000001137,1705.0,0.004999999999999893,1351.0,0.0070000000000014495
2023-03-20 10:55:59.729000+00:00,1708.0,0.006000000000000227,1706.0,0.0030000000000001137,1352.0,0.006999999999999673
2023-03-20 10:56:04.729000+00:00,1711.0,0.009000000000000341,1708.0,0.004999999999999893,1354.0,0.0129999999999999
2023-03-20 10:56:09.729000+00:00,1712.0,0.0030000000000001137,1711.0,0.008000000000000007,1355.0,0.007999999999999119
2023-03-20 10:56:14.729000+00:00,1713.0,0.0029999999999992255,1714.0,0.008000000000000007,1355.0,0.0
2023-03-20 10:56:19.729000+00:00,1716.0,0.010000000000000675,1714.0,0.0,1358.0,0.02000000000000135
2023-03-20 10:56:24.729000+00:00,1717.0,0.0030000000000001137,1717.0,0.008000000000000007,1358.0,0.0
2023-03-20 10:56:29.729000+00:00,1719.0,0.005999999999999339,1718.0,0.0039999999999995595,1359.0,0.007999999999999119
2023-03-20 10:56:34.729000+00:00,1720.0,0.0030000000000001137,1719.0,0.0030000000000001137,1360.0,0.008000000000000895
2023-03-20 10:56:39.729000+00:00,1723.0,0.009000000000000341,1720.0,0.0030000000000001137,1361.0,0.004999999999999005
2023-03-20 10:56:44.729000+00:00,1727.0,0.011999999999999567,1723.0,0.008000000000000007,1365.0,0.02400000000000091
2023-03-20 10:56:49.729000+00:00,1728.0,0.0030000000000001137,1727.0,0.01100000000000012,1366.0,0.007999999999999119
2023-03-20 10:56:54.729000+00:00,1734.0,0.017000000000000348,1731.0,0.01100000000000012,1371.0,0.034000000000000696
2023-03-20 10:56:59.729000+00:00,1736.0,0.008000000000000007,1734.0,0.008999999999999453,1372.0,0.006999999999999673
2023-03-20 10:57:04.729000+00:00,1737.0,0.0019999999999997797,1737.0,0.009000000000000341,1372.0,0.0
2023-03-20 10:57:09.729000+00:00,1742.0,0.0129999999999999,1738.0,0.0030000000000001137,1377.0,0.1509999999999998
2023-03-20 10:57:14.729000+00:00,1746.0,0.012000000000000455,1742.0,0.01100000000000012,1380.0,0.015000000000000568
2023-03-20 10:57:19.729000+00:00,1746.0,0.0,1746.0,0.01100000000000012,1380.0,0.0
2023-03-20 10:57:24.729000+00:00,1748.0,0.005999999999999339,1747.0,0.0029999999999992255,1381.0,0.006999999999999673
2023-03-20 10:57:29.729000+00:00,1750.0,0.006000000000000227,1750.0,0.008000000000000007,1383.0,0.012000000000000455
2023-03-20 10:57:34.729000+00:00,1751.0,0.0030000000000001137,1750.0,0.0,1384.0,0.006999999999999673
2023-03-20 10:57:39.729000+00:00,1751.0,0.0,1751.0,0.0030000000000001137,1384.0,0.0
2023-03-20 10:57:44.729000+00:00,1752.0,0.0030000000000001137,1751.0,0.0,1385.0,0.004999999999999005
2023-03-20 10:57:49.729000+00:00,1755.0,0.008999999999999453,1752.0,0.002000000000000668,1388.0,0.017000000000001236
2023-03-20 10:57:54.729000+00:00,1756.0,0.0030000000000001137,1755.0,0.008999999999999453,1389.0,0.007999999999999119
2023-03-20 10:57:59.729000+00:00,1758.0,0.006000000000000227,1757.0,0.006000000000000227,1390.0,0.006999999999999673
2023-03-20 10:58:04.729000+00:00,1760.0,0.006000000000000227,1758.0,0.0030000000000001137,1391.0,0.005000000000000782
2023-03-20 10:58:09.729000+00:00,1761.0,0.0030000000000001137,1760.0,0.006000000000000227,1392.0,0.006999999999999673
2023-03-20 10:58:14.729000+00:00,1762.0,0.0030000000000001137,1761.0,0.0029999999999992255,1393.0,0.009000000000000341
2023-03-20 10:58:19.729000+00:00,1764.0,0.004999999999999893,1763.0,0.006000000000000227,1394.0,0.006999999999999673
2023-03-20 10:58:24.729000+00:00,1765.0,0.0030000000000001137,1764.0,0.004000000000000448,1394.0,0.0
2023-03-20 10:58:29.729000+00:00,1765.0,0.0,1765.0,0.0030000000000001137,1394.0,0.0
2023-03-20 10:58:34.729000+00:00,1766.0,0.0029999999999992255,1765.0,0.0,1395.0,0.006000000000000227
2023-03-20 10:58:39.729000+00:00,1769.0,0.008000000000000007,1767.0,0.005999999999999339,1398.0,0.021000000000000796
2023-03-20 10:58:44.729000+00:00,1774.0,0.014000000000000234,1769.0,0.006000000000000227,1402.0,0.023999999999999133
2023-03-20 10:58:49.729000+00:00,1777.0,0.009000000000000341,1774.0,0.0129999999999999,1404.0,0.015000000000000568
2023-03-20 10:58:54.729000+00:00,1779.0,0.005999999999999339,1777.0,0.009000000000000341,1405.0,0.006000000000000227
2023-03-20 10:58:59.729000+00:00,1779.0,0.0,1779.0,0.006000000000000227,1405.0,0.0
2023-03-20 10:59:04.729000+00:00,1779.0,0.0,1779.0,0.0,1405.0,0.0
2023-03-20 10:59:09.729000+00:00,1781.0,0.005000000000000782,1779.0,0.0,1407.0,0.013999999999999346
2023-03-20 10:59:14.729000+00:00,1784.0,0.009999999999999787,1781.0,0.005999999999999339,1410.0,0.019000000000000128
2023-03-20 10:59:19.729000+00:00,1785.0,0.0030000000000001137,1784.0,0.009000000000000341,1411.0,0.004999999999999005
2023-03-20 10:59:24.729000+00:00,1787.0,0.005999999999999339,1786.0,0.006000000000000227,1413.0,0.015000000000000568
2023-03-20 10:59:29.729000+00:00,1791.0,0.013000000000000789,1787.0,0.0029999999999992255,1417.0,0.02900000000000169
2023-03-20 10:59:34.729000+00:00,1793.0,0.006999999999999673,1792.0,0.015000000000000568,1418.0,0.006000000000000227
2023-03-20 10:59:39.729000+00:00,1793.0,0.0,1793.0,0.0039999999999995595,1418.0,0.0
2023-03-20 10:59:44.729000+00:00,1793.0,0.0,1793.0,0.0,1418.0,0.0
2023-03-20 10:59:49.729000+00:00,1794.0,0.0030000000000001137,1793.0,0.0,1418.0,0.0
2023-03-20 10:59:54.729000+00:00,1796.0,0.006000000000000227,1794.0,0.0030000000000001137,1419.0,0.006999999999997897
2023-03-20 10:59:59.729000+00:00,1800.0,0.011999999999999567,1796.0,0.006000000000000227,1423.0,0.030000000000001137
2023-03-20 11:00:04.729000+00:00,1801.0,0.0030000000000001137,1800.0,0.01100000000000012,1424.0,0.007999999999999119
2023-03-20 11:00:09.729000+00:00,1801.0,0.0,1801.0,0.0030000000000001137,1424.0,0.0
2023-03-20 11:00:14.729000+00:00,1804.0,0.006999999999999673,1802.0,0.0030000000000001137,1427.0,0.018000000000000682
2023-03-20 11:00:19.729000+00:00,1805.0,0.0030000000000001137,1804.0,0.005999999999999339,1428.0,0.004999999999999005
2023-03-20 11:00:24.729000+00:00,1806.0,0.0019999999999997797,1805.0,0.0030000000000001137,1429.0,0.007999999999999119
2023-03-20 11:00:29.729000+00:00,1808.0,0.006000000000000227,1806.0,0.0030000000000001137,1431.0,0.015000000000000568
2023-03-20 11:00:34.729000+00:00,1808.0,0.0,1808.0,0.006000000000000227,1431.0,0.0
2023-03-20 11:00:39.729000+00:00,1810.0,0.006000000000000227,1808.0,0.0,1433.0,0.013000000000001677
2023-03-20 11:00:44.729000+00:00,1810.0,0.0,1810.0,0.004999999999999893,1433.0,0.0
2023-03-20 11:00:49.729000+00:00,1812.0,0.004999999999999893,1811.0,0.0030000000000001137,1435.0,0.015000000000000568
2023-03-20 11:00:54.729000+00:00,1814.0,0.006000000000000227,1812.0,0.0030000000000001137,1437.0,0.013999999999999346
2023-03-20 11:00:59.729000+00:00,1816.0,0.004999999999999893,1814.0,0.005999999999999339,1438.0,0.006999999999997897
2023-03-20 11:01:04.729000+00:00,1818.0,0.004999999999999893,1816.0,0.005000000000000782,1440.0,0.014000000000002899
2023-03-20 11:01:09.729000+00:00,1821.0,0.009000000000000341,1818.0,0.005999999999999339,1443.0,0.015999999999998238
2023-03-20 11:01:14.729000+00:00,1824.0,0.008000000000000007,1821.0,0.008000000000000007,1446.0,0.019999999999999574
2023-03-20 11:01:19.729000+00:00,1825.0,0.0029999999999992255,1824.0,0.008000000000000007,1447.0,0.004999999999999005
2023-03-20 11:01:24.729000+00:00,1827.0,0.006000000000000227,1825.0,0.0030000000000001137,1449.0,0.012000000000000455
2023-03-20 11:01:29.729000+00:00,1828.0,0.0030000000000001137,1827.0,0.004999999999999893,1450.0,0.0070000000000014495
2023-03-20 11:01:34.729000+00:00,1830.0,0.004999999999999893,1828.0,0.004000000000000448,1452.0,0.015000000000000568
2023-03-20 11:01:39.729000+00:00,1832.0,0.004999999999999893,1830.0,0.005999999999999339,1454.0,0.012999999999998124
2023-03-20 11:01:44.729000+00:00,1834.0,0.006000000000000227,1832.0,0.006000000000000227,1456.0,0.012000000000000455
2023-03-20 11:01:49.729000+00:00,1835.0,0.0030000000000001137,1835.0,0.009000000000000341,1457.0,0.006000000000000227
2023-03-20 11:01:54.729000+00:00,1837.0,0.008000000000000007,1837.0,0.006999999999999673,1459.0,0.013999999999999346
2023-03-20 11:01:59.729000+00:00,1837.0,0.0,1837.0,0.0,1459.0,0.0
2023-03-20 11:02:04.729000+00:00,1841.0,0.011999999999999567,1837.0,0.0,1462.0,0.01699999999999946
2023-03-20 11:02:09.729000+00:00,1841.0,0.0,1841.0,0.01100000000000012,1462.0,0.0
2023-03-20 11:02:14.729000+00:00,1842.0,0.0030000000000001137,1841.0,0.0,1463.0,0.009000000000000341
2023-03-20 11:02:19.729000+00:00,1842.0,0.0,1842.0,0.0030000000000001137,1463.0,0.0
2023-03-20 11:02:24.729000+00:00,1844.0,0.004999999999999893,1843.0,0.0030000000000001137,1465.0,0.0519999999999996
2023-03-20 11:02:29.729000+00:00,1846.0,0.006000000000000227,1845.0,0.006000000000000227,1466.0,0.005000000000002558
2023-03-20 11:02:34.729000+00:00,1846.0,0.0,1847.0,0.005999999999999339,1466.0,0.0
2023-03-20 11:02:39.729000+00:00,1850.0,0.012000000000000455,1848.0,0.0030000000000001137,1469.0,0.018000000000000682
2023-03-20 11:02:44.729000+00:00,1852.0,0.005999999999999339,1850.0,0.006000000000000227,1471.0,0.013999999999999346
2023-03-20 11:02:49.729000+00:00,1852.0,0.0,1852.0,0.006000000000000227,1471.0,0.0
2023-03-20 11:02:54.729000+00:00,1854.0,0.006000000000000227,1852.0,0.0,1472.0,0.006999999999997897
2023-03-20 11:02:59.729000+00:00,1855.0,0.0030000000000001137,1854.0,0.005999999999999339,1473.0,0.006000000000000227
2023-03-20 11:03:04.729000+00:00,1856.0,0.0019999999999997797,1855.0,0.0030000000000001137,1474.0,0.006000000000000227
2023-03-20 11:03:09.729000+00:00,1860.0,0.012000000000000455,1858.0,0.010000000000000675,1476.0,0.013999999999999346
2023-03-20 11:03:14.729000+00:00,1863.0,0.006999999999999673,1860.0,0.005999999999999339,1478.0,0.015000000000000568
2023-03-20 11:03:19.729000+00:00,1863.0,0.0,1863.0,0.010000000000000675,1478.0,0.0
2023-03-20 11:03:24.729000+00:00,1864.0,0.0019999999999997797,1863.0,0.0,1479.0,0.006000000000000227
2023-03-20 11:03:29.729000+00:00,1865.0,0.0030000000000001137,1864.0,0.0029999999999992255,1480.0,0.0070000000000014495
2023-03-20 11:03:34.729000+00:00,1869.0,0.009000000000000341,1866.0,0.006000000000000227,1484.0,0.0799999999999983
2023-03-20 11:03:39.729000+00:00,1872.0,0.008000000000000007,1870.0,0.0129999999999999,1487.0,0.019000000000001904
2023-03-20 11:03:44.729000+00:00,1872.0,0.0,1872.0,0.007000000000000561,1487.0,0.0
2023-03-20 11:03:49.729000+00:00,1874.0,0.008999999999999453,1872.0,0.0,1489.0,0.015000000000000568
2023-03-20 11:03:54.729000+00:00,1875.0,0.0030000000000001137,1874.0,0.005999999999999339,1490.0,0.006999999999997897
2023-03-20 11:03:59.729000+00:00,1877.0,0.004999999999999893,1875.0,0.004000000000000448,1492.0,0.009000000000000341
2023-03-20 11:04:04.729000+00:00,1878.0,0.004000000000000448,1877.0,0.006000000000000227,1493.0,0.006000000000000227
2023-03-20 11:04:09.729000+00:00,1880.0,0.006000000000000227,1879.0,0.005999999999999339,1495.0,0.012999999999998124
2023-03-20 11:04:14.729000+00:00,1881.0,0.0030000000000001137,1880.0,0.0030000000000001137,1496.0,0.0070000000000014495
2023-03-20 11:04:19.729000+00:00,1883.0,0.0039999999999995595,1882.0,0.006000000000000227,1496.0,0.0
2023-03-20 11:04:24.729000+00:00,1884.0,0.0019999999999997797,1883.0,0.0030000000000001137,1496.0,0.0
2023-03-20 11:04:29.729000+00:00,1885.0,0.002000000000000668,1884.0,0.0030000000000001137,1496.0,0.0
2023-03-20 11:04:34.729000+00:00,1885.0,0.0,1885.0,0.0030000000000001137,1496.0,0.0
2023-03-20 11:04:39.729000+00:00,1889.0,0.010999999999999233,1886.0,0.0029999999999992255,1499.0,0.2890000000000015
2023-03-20 11:04:44.729000+00:00,1891.0,0.005000000000000782,1889.0,0.01100000000000012,1501.0,0.009000000000000341
2023-03-20 11:04:49.729000+00:00,1891.0,0.0,1891.0,0.004999999999999893,1501.0,0.0
2023-03-20 11:04:54.729000+00:00,1895.0,0.011999999999999567,1892.0,0.0030000000000001137,1505.0,0.02499999999999858
2023-03-20 11:04:59.729000+00:00,1895.0,0.0,1895.0,0.009000000000000341,1505.0,0.0
2023-03-20 11:05:04.729000+00:00,1896.0,0.004999999999999893,1896.0,0.0019999999999997797,1506.0,0.007999999999999119
2023-03-20 11:05:09.729000+00:00,1899.0,0.008000000000000007,1896.0,0.0,1509.0,0.019999999999999574
2023-03-20 11:05:14.729000+00:00,1901.0,0.006000000000000227,1899.0,0.012000000000000455,1511.0,0.014000000000002899
2023-03-20 11:05:19.729000+00:00,1902.0,0.0030000000000001137,1901.0,0.005999999999999339,1512.0,0.008999999999996788
2023-03-20 11:05:24.729000+00:00,1904.0,0.004999999999999893,1902.0,0.0030000000000001137,1514.0,0.017000000000003013
2023-03-20 11:05:29.729000+00:00,1904.0,0.0,1904.0,0.006000000000000227,1514.0,0.0
2023-03-20 11:05:34.729000+00:00,1907.0,0.006999999999999673,1905.0,0.0030000000000001137,1517.0,0.01799999999999713
2023-03-20 11:05:39.729000+00:00,1908.0,0.0030000000000001137,1907.0,0.006000000000000227,1518.0,0.008000000000002672
2023-03-20 11:05:44.729000+00:00,1912.0,0.01100000000000012,1908.0,0.0029999999999992255,1522.0,0.0259999999999998
2023-03-20 11:05:49.729000+00:00,1914.0,0.006000000000000227,1912.0,0.010000000000000675,1524.0,0.015000000000000568
2023-03-20 11:05:54.729000+00:00,1914.0,0.0,1914.0,0.006999999999999673,1524.0,0.0
2023-03-20 11:05:59.729000+00:00,1914.0,0.0,1914.0,0.0,1524.0,0.0
2023-03-20 11:06:04.729000+00:00,1918.0,0.008999999999999453,1916.0,0.006000000000000227,1527.0,0.01899999999999835
2023-03-20 11:06:09.729000+00:00,1922.0,0.012000000000000455,1918.0,0.006000000000000227,1529.0,0.018000000000000682
2023-03-20 11:06:14.729000+00:00,1922.0,0.0,1922.0,0.011999999999999567,1529.0,0.0
2023-03-20 11:06:19.729000+00:00,1923.0,0.0030000000000001137,1922.0,0.0,1530.0,0.006999999999997897
2023-03-20 11:06:24.729000+00:00,1924.0,0.0030000000000001137,1924.0,0.004999999999999893,1531.0,0.005000000000002558
2023-03-20 11:06:29.729000+00:00,1925.0,0.0019999999999997797,1924.0,0.0,1532.0,0.004999999999999005
2023-03-20 11:06:34.729000+00:00,1925.0,0.0,1925.0,0.0030000000000001137,1532.0,0.0
2023-03-20 11:06:39.729000+00:00,1926.0,0.0030000000000001137,1925.0,0.0,1533.0,0.11299999999999955
2023-03-20 11:06:44.729000+00:00,1927.0,0.0030000000000001137,1926.0,0.0019999999999997797,1534.0,0.007999999999999119
2023-03-20 11:06:49.729000+00:00,1928.0,0.0039999999999995595,1927.0,0.0030000000000001137,1535.0,0.013000000000001677
2023-03-20 11:06:54.729000+00:00,1929.0,0.0019999999999997797,1928.0,0.0030000000000001137,1536.0,0.006000000000000227
2023-03-20 11:06:59.729000+00:00,1929.0,0.0,1929.0,0.0030000000000001137,1536.0,0.0
2023-03-20 11:07:04.729000+00:00,1929.0,0.0,1929.0,0.0,1536.0,0.0
2023-03-20 11:07:09.729000+00:00,1931.0,0.006000000000000227,1930.0,0.0030000000000001137,1538.0,0.013999999999999346
2023-03-20 11:07:14.729000+00:00,1932.0,0.0030000000000001137,1931.0,0.0030000000000001137,1538.0,0.0
2023-03-20 11:07:19.729000+00:00,1932.0,0.0,1932.0,0.0030000000000001137,1538.0,0.0
2023-03-20 11:07:24.729000+00:00,1933.0,0.0019999999999997797,1932.0,0.0,1538.0,0.0
2023-03-20 11:07:29.729000+00:00,1936.0,0.007000000000000561,1933.0,0.0019999999999997797,1541.0,0.01699999999999946
2023-03-20 11:07:34.729000+00:00,1942.0,0.0129999999999999,1936.0,0.006999999999999673,1543.0,0.012000000000000455
2023-03-20 11:07:39.729000+00:00,1947.0,0.0129999999999999,1943.0,0.017000000000000348,1547.0,0.022999999999999687
2023-03-20 11:07:44.729000+00:00,1950.0,0.009999999999999787,1948.0,0.011999999999999567,1549.0,0.013000000000001677
2023-03-20 11:07:49.729000+00:00,1951.0,0.0030000000000001137,1950.0,0.004999999999999893,1550.0,0.004999999999999005
2023-03-20 11:07:54.729000+00:00,1951.0,0.0,1951.0,0.0030000000000001137,1550.0,0.0
2023-03-20 11:07:59.729000+00:00,1953.0,0.006000000000000227,1952.0,0.0030000000000001137,1552.0,0.012000000000000455
2023-03-20 11:08:04.729000+00:00,1955.0,0.005999999999999339,1954.0,0.006999999999999673,1553.0,0.009000000000000341
2023-03-20 11:08:09.729000+00:00,1956.0,0.0030000000000001137,1955.0,0.0030000000000001137,1554.0,0.007999999999999119
2023-03-20 11:08:14.729000+00:00,1956.0,0.0,1956.0,0.0030000000000001137,1554.0,0.0
2023-03-20 11:08:19.729000+00:00,1959.0,0.007000000000000561,1956.0,0.0,1557.0,0.028999999999999915
2023-03-20 11:08:24.729000+00:00,1960.0,0.0039999999999995595,1959.0,0.009999999999999787,1558.0,0.004999999999999005
2023-03-20 11:08:29.729000+00:00,1961.0,0.0030000000000001137,1960.0,0.002000000000000668,1558.0,0.0
2023-03-20 11:08:34.729000+00:00,1961.0,0.0,1961.0,0.0019999999999997797,1558.0,0.0
2023-03-20 11:08:39.729000+00:00,1962.0,0.0030000000000001137,1961.0,0.0,1558.0,0.0
2023-03-20 11:08:44.729000+00:00,1963.0,0.0030000000000001137,1962.0,0.0030000000000001137,1559.0,0.007999999999999119
2023-03-20 11:08:49.729000+00:00,1964.0,0.0030000000000001137,1963.0,0.0030000000000001137,1560.0,0.0070000000000014495
2023-03-20 11:08:54.729000+00:00,1965.0,0.0039999999999995595,1964.0,0.0030000000000001137,1561.0,0.006000000000000227
2023-03-20 11:08:59.729000+00:00,1966.0,0.008000000000000007,1966.0,0.005999999999999339,1561.0,0.0
2023-03-20 11:09:04.729000+00:00,1969.0,0.009000000000000341,1967.0,0.002000000000000668,1563.0,0.012000000000000455
2023-03-20 11:09:09.729000+00:00,1971.0,0.005999999999999339,1970.0,0.008000000000000007,1565.0,0.013999999999999346
2023-03-20 11:09:14.729000+00:00,1973.0,0.005000000000000782,1971.0,0.0029999999999992255,1567.0,0.06400000000000006
2023-03-20 11:09:19.729000+00:00,1976.0,0.008000000000000007,1973.0,0.005000000000000782,1570.0,0.01899999999999835
2023-03-20 11:09:24.729000+00:00,1979.0,0.008000000000000007,1976.0,0.006999999999999673,1572.0,0.012000000000000455
2023-03-20 11:09:29.729000+00:00,1984.0,0.0129999999999999,1979.0,0.008000000000000007,1577.0,0.028000000000002245
2023-03-20 11:09:34.729000+00:00,1990.0,0.016000000000000014,1984.0,0.014000000000000234,1581.0,0.0259999999999998
2023-03-20 11:09:39.729000+00:00,1994.0,0.010999999999999233,1991.0,0.01699999999999946,1584.0,0.018000000000000682
2023-03-20 11:09:44.729000+00:00,1997.0,0.009000000000000341,1994.0,0.008000000000000007,1586.0,0.02699999999999747
2023-03-20 11:09:49.729000+00:00,2000.0,0.008000000000000007,1997.0,0.009000000000000341,1587.0,0.005000000000002558
2023-03-20 11:09:54.729000+00:00,2001.0,0.0019999999999997797,2000.0,0.008000000000000007,1588.0,0.004999999999999005
2023-03-20 11:09:59.729000+00:00,2001.0,0.0,2001.0,0.0030000000000001137,1588.0,0.0
2023-03-20 11:10:04.729000+00:00,2003.0,0.004999999999999893,2001.0,0.0,1590.0,0.015999999999998238
2023-03-20 11:10:09.729000+00:00,2005.0,0.006000000000000227,2003.0,0.004999999999999893,1592.0,0.009000000000000341
2023-03-20 11:10:14.729000+00:00,2006.0,0.0019999999999997797,2006.0,0.008999999999999453,1593.0,0.008000000000002672
2023-03-20 11:10:19.729000+00:00,2006.0,0.0,2006.0,0.0,1593.0,0.0
2023-03-20 11:10:24.729000+00:00,2006.0,0.0,2006.0,0.0,1593.0,0.0
2023-03-20 11:10:29.729000+00:00,2006.0,0.0,2006.0,0.0,1593.0,0.0
2023-03-20 11:10:34.729000+00:00,2007.0,0.0030000000000001137,2007.0,0.0030000000000001137,1594.0,0.008999999999996788
2023-03-20 11:10:39.729000+00:00,2009.0,0.006000000000000227,2007.0,0.0,1596.0,0.012000000000000455
2023-03-20 11:10:44.729000+00:00,2010.0,0.0019999999999997797,2009.0,0.004999999999999893,1596.0,0.0
2023-03-20 11:10:49.729000+00:00,2010.0,0.0,2010.0,0.0030000000000001137,1596.0,0.0
2023-03-20 11:10:54.729000+00:00,2011.0,0.0030000000000001137,2010.0,0.0,1597.0,0.006000000000000227
2023-03-20 11:10:59.729000+00:00,2012.0,0.0030000000000001137,2011.0,0.0030000000000001137,1597.0,0.0
2023-03-20 11:11:04.729000+00:00,2013.0,0.0030000000000001137,2012.0,0.004000000000000448,1598.0,0.010000000000001563
2023-03-20 11:11:09.729000+00:00,2016.0,0.009000000000000341,2013.0,0.0030000000000001137,1601.0,0.01699999999999946
2023-03-20 11:11:14.729000+00:00,2019.0,0.008000000000000007,2016.0,0.008000000000000007,1603.0,0.012999999999998124
2023-03-20 11:11:19.729000+00:00,2022.0,0.008999999999999453,2019.0,0.008999999999999453,1606.0,0.14500000000000313
2023-03-20 11:11:24.729000+00:00,2023.0,0.006000000000000227,2022.0,0.009000000000000341,1606.0,0.0
2023-03-20 11:11:29.729000+00:00,2024.0,0.0019999999999997797,2023.0,0.0030000000000001137,1607.0,0.006000000000000227
2023-03-20 11:11:34.729000+00:00,2029.0,0.012000000000000455,2026.0,0.009999999999999787,1611.0,0.023999999999997357
2023-03-20 11:11:39.729000+00:00,2033.0,0.011999999999999567,2029.0,0.008000000000000007,1615.0,0.0259999999999998
2023-03-20 11:11:44.729000+00:00,2034.0,0.0030000000000001137,2033.0,0.01100000000000012,1616.0,0.005000000000002558
2023-03-20 11:11:49.729000+00:00,2037.0,0.009000000000000341,2035.0,0.004999999999999893,1618.0,0.013999999999999346
2023-03-20 11:11:54.729000+00:00,2038.0,0.0029999999999992255,2037.0,0.006000000000000227,1619.0,0.004999999999999005
2023-03-20 11:11:59.729000+00:00,2040.0,0.007000000000000561,2038.0,0.0030000000000001137,1621.0,0.013000000000001677
2023-03-20 11:12:04.729000+00:00,2042.0,0.006000000000000227,2042.0,0.011999999999999567,1623.0,0.01799999999999713
2023-03-20 11:12:09.729000+00:00,2044.0,0.006999999999999673,2042.0,0.0,1625.0,0.012000000000000455
2023-03-20 11:12:14.729000+00:00,2047.0,0.006999999999999673,2044.0,0.006000000000000227,1628.0,0.01600000000000179
2023-03-20 11:12:19.729000+00:00,2047.0,0.0,2047.0,0.006999999999999673,1628.0,0.0
2023-03-20 11:12:24.729000+00:00,2047.0,0.0,2047.0,0.0,1628.0,0.0
2023-03-20 11:12:29.729000+00:00,2047.0,0.0,2047.0,0.0,1628.0,0.0
2023-03-20 11:12:34.729000+00:00,2048.0,0.004999999999999893,2047.0,0.0,1629.0,0.010999999999999233
2023-03-20 11:12:39.729000+00:00,2049.0,0.0030000000000001137,2048.0,0.0030000000000001137,1630.0,0.0070000000000014495
2023-03-20 11:12:44.729000+00:00,2050.0,0.0030000000000001137,2049.0,0.0030000000000001137,1631.0,0.004999999999999005
2023-03-20 11:12:49.729000+00:00,2051.0,0.0019999999999997797,2051.0,0.006000000000000227,1632.0,0.006999999999997897
2023-03-20 11:12:54.729000+00:00,2053.0,0.006000000000000227,2051.0,0.0,1634.0,0.012000000000000455
2023-03-20 11:12:59.729000+00:00,2057.0,0.012000000000000455,2053.0,0.005999999999999339,1636.0,0.011000000000002785
2023-03-20 11:13:04.729000+00:00,2058.0,0.0030000000000001137,2057.0,0.010000000000000675,1637.0,0.006999999999997897
2023-03-20 11:13:09.729000+00:00,2060.0,0.005999999999999339,2058.0,0.0029999999999992255,1638.0,0.009000000000000341
2023-03-20 11:13:14.729000+00:00,2061.0,0.002000000000000668,2060.0,0.006000000000000227,1638.0,0.0
2023-03-20 11:13:19.729000+00:00,2062.0,0.0029999999999992255,2062.0,0.004999999999999893,1639.0,0.007999999999999119
2023-03-20 11:13:24.729000+00:00,2064.0,0.005000000000000782,2062.0,0.0,1640.0,0.0070000000000014495
2023-03-20 11:13:29.729000+00:00,2067.0,0.008000000000000007,2064.0,0.004000000000000448,1643.0,0.01699999999999946
2023-03-20 11:13:34.729000+00:00,2072.0,0.013999999999999346,2069.0,0.014000000000000234,1646.0,0.01699999999999946
2023-03-20 11:13:39.729000+00:00,2074.0,0.004999999999999893,2074.0,0.016000000000000014,1647.0,0.007999999999999119
2023-03-20 11:13:44.729000+00:00,2074.0,0.0,2074.0,0.0,1647.0,0.0
2023-03-20 11:13:49.729000+00:00,2081.0,0.019000000000000128,2074.0,0.0,1652.0,0.028999999999999915
2023-03-20 11:13:54.729000+00:00,2081.0,0.0,2081.0,0.019999999999999574,1652.0,0.0
2023-03-20 11:13:59.729000+00:00,2084.0,0.008000000000000007,2081.0,0.0,1654.0,0.012000000000000455
2023-03-20 11:14:04.729000+00:00,2086.0,0.004999999999999893,2084.0,0.009000000000000341,1655.0,0.005000000000002558
2023-03-20 11:14:09.729000+00:00,2088.0,0.006000000000000227,2088.0,0.009999999999999787,1658.0,0.020999999999997243
2023-03-20 11:14:14.729000+00:00,2090.0,0.004999999999999893,2089.0,0.0019999999999997797,1660.0,0.012000000000000455
2023-03-20 11:14:19.729000+00:00,2091.0,0.0030000000000001137,2090.0,0.0030000000000001137,1661.0,0.004000000000001336
2023-03-20 11:14:24.729000+00:00,2091.0,0.0,2091.0,0.0030000000000001137,1661.0,0.0
2023-03-20 11:14:29.729000+00:00,2094.0,0.008000000000000007,2092.0,0.0030000000000001137,1663.0,0.012000000000000455
2023-03-20 11:14:34.729000+00:00,2094.0,0.0,2094.0,0.004999999999999893,1663.0,0.0
2023-03-20 11:14:39.729000+00:00,2096.0,0.004999999999999893,2094.0,0.0,1665.0,0.015999999999998238
2023-03-20 11:14:44.729000+00:00,2097.0,0.0030000000000001137,2096.0,0.004999999999999893,1666.0,0.005000000000002558
2023-03-20 11:14:49.729000+00:00,2100.0,0.008000000000000007,2098.0,0.004999999999999893,1669.0,0.01699999999999946
2023-03-20 11:14:54.729000+00:00,2102.0,0.004999999999999893,2100.0,0.004999999999999893,1671.0,0.010999999999999233
2023-03-20 11:14:59.729000+00:00,2103.0,0.0030000000000001137,2102.0,0.006000000000000227,1672.0,0.006999999999997897
2023-03-20 11:15:04.729000+00:00,2106.0,0.006999999999999673,2103.0,0.0030000000000001137,1674.0,0.013000000000001677
2023-03-20 11:15:09.729000+00:00,2106.0,0.0,2106.0,0.008000000000000007,1674.0,0.0
2023-03-20 11:15:14.729000+00:00,2108.0,0.005000000000000782,2106.0,0.0,1676.0,0.013999999999999346
2023-03-20 11:15:19.729000+00:00,2113.0,0.016000000000000014,2109.0,0.008999999999999453,1681.0,0.027000000000001023
2023-03-20 11:15:24.729000+00:00,2117.0,0.009999999999999787,2113.0,0.01100000000000012,1684.0,0.015000000000000568
2023-03-20 11:15:29.729000+00:00,2118.0,0.0030000000000001137,2117.0,0.010000000000000675,1685.0,0.007999999999999119
2023-03-20 11:15:34.729000+00:00,2121.0,0.008000000000000007,2118.0,0.0019999999999997797,1687.0,0.007999999999999119
2023-03-20 11:15:39.729000+00:00,2124.0,0.004999999999999893,2121.0,0.008999999999999453,1688.0,0.0070000000000014495
2023-03-20 11:15:44.729000+00:00,2126.0,0.006000000000000227,2124.0,0.008000000000000007,1690.0,0.015000000000000568
2023-03-20 11:15:49.729000+00:00,2127.0,0.0029999999999992255,2127.0,0.007000000000000561,1691.0,0.004999999999999005
2023-03-20 11:15:54.729000+00:00,2130.0,0.006000000000000227,2127.0,0.0,1693.0,0.010000000000001563
2023-03-20 11:15:59.729000+00:00,2133.0,0.009000000000000341,2132.0,0.0129999999999999,1695.0,0.012999999999998124
2023-03-20 11:16:04.729000+00:00,2136.0,0.008000000000000007,2135.0,0.01100000000000012,1698.0,0.019000000000001904
2023-03-20 11:16:09.729000+00:00,2138.0,0.005999999999999339,2136.0,0.0030000000000001137,1699.0,0.003999999999997783
2023-03-20 11:16:14.729000+00:00,2140.0,0.006000000000000227,2138.0,0.004999999999999893,1701.0,0.01699999999999946
2023-03-20 11:16:19.729000+00:00,2140.0,0.0,2140.0,0.006999999999999673,1701.0,0.0
2023-03-20 11:16:24.729000+00:00,2140.0,0.0,2140.0,0.0,1701.0,0.0
2023-03-20 11:16:29.729000+00:00,2140.0,0.0,2140.0,0.0,1701.0,0.0
2023-03-20 11:16:34.729000+00:00,2142.0,0.004999999999999893,2140.0,0.0,1702.0,0.008000000000002672
2023-03-20 11:16:39.729000+00:00,2144.0,0.004999999999999893,2142.0,0.004999999999999893,1704.0,0.00999999999999801
2023-03-20 11:16:44.729000+00:00,2149.0,0.015000000000000568,2144.0,0.004999999999999893,1709.0,0.036999999999999034
2023-03-20 11:16:49.729000+00:00,2151.0,0.006000000000000227,2150.0,0.019000000000000128,1711.0,0.013000000000001677
2023-03-20 11:16:54.729000+00:00,2152.0,0.0029999999999992255,2151.0,0.0030000000000001137,1712.0,0.004999999999999005
2023-03-20 11:16:59.729000+00:00,2153.0,0.0030000000000001137,2152.0,0.0019999999999997797,1713.0,0.0070000000000014495
2023-03-20 11:17:04.729000+00:00,2155.0,0.004999999999999893,2153.0,0.0030000000000001137,1714.0,0.006000000000000227
2023-03-20 11:17:09.729000+00:00,2159.0,0.01100000000000012,2158.0,0.0129999999999999,1717.0,0.021999999999998465
2023-03-20 11:17:14.729000+00:00,2162.0,0.008000000000000007,2160.0,0.004999999999999893,1720.0,0.02500000000000213
2023-03-20 11:17:19.729000+00:00,2164.0,0.006000000000000227,2163.0,0.008000000000000007,1722.0,0.010999999999999233
2023-03-20 11:17:24.729000+00:00,2164.0,0.0,2164.0,0.0030000000000001137,1722.0,0.0
2023-03-20 11:17:29.729000+00:00,2166.0,0.006000000000000227,2164.0,0.0,1724.0,0.00999999999999801
2023-03-20 11:17:34.729000+00:00,2169.0,0.008000000000000007,2166.0,0.004999999999999893,1724.0,0.0
2023-03-20 11:17:39.729000+00:00,2170.0,0.0030000000000001137,2169.0,0.008000000000000007,1725.0,0.03100000000000236
2023-03-20 11:17:44.729000+00:00,2175.0,0.013999999999999346,2170.0,0.0030000000000001137,1729.0,0.023999999999997357
2023-03-20 11:17:49.729000+00:00,2178.0,0.009000000000000341,2175.0,0.0129999999999999,1732.0,0.015000000000000568
2023-03-20 11:17:54.729000+00:00,2178.0,0.0,2178.0,0.009000000000000341,1732.0,0.0
2023-03-20 11:17:59.729000+00:00,2180.0,0.004999999999999893,2178.0,0.0,1733.0,0.006000000000000227
2023-03-20 11:18:04.729000+00:00,2182.0,0.004999999999999893,2180.0,0.006000000000000227,1735.0,0.26200000000000045
2023-03-20 11:18:09.729000+00:00,2183.0,0.0030000000000001137,2182.0,0.0039999999999995595,1735.0,0.0
2023-03-20 11:18:14.729000+00:00,2184.0,0.0030000000000001137,2184.0,0.006000000000000227,1736.0,0.0070000000000014495
2023-03-20 11:18:19.729000+00:00,2185.0,0.004999999999999893,2184.0,0.0,1737.0,0.009000000000000341
2023-03-20 11:18:24.729000+00:00,2185.0,0.0,2185.0,0.0019999999999997797,1737.0,0.0
2023-03-20 11:18:29.729000+00:00,2186.0,0.0030000000000001137,2185.0,0.0,1738.0,0.005999999999996675
,,,2186.0,0.004000000000000448,,
