timestamp,container_fs_usage_bytes,container_memory_rss,container_memory_usage_bytes,container_memory_working_set_bytes,container_cpu_system_seconds_total,container_cpu_usage_seconds_total,container_cpu_user_seconds_total,container_network_receive_bytes_total,container_network_receive_errors_total,container_network_receive_packets_dropped_total,container_network_receive_packets_total,container_network_transmit_bytes_total,container_network_transmit_errors_total,container_network_transmit_packets_dropped_total,container_network_transmit_packets_total,container_fs_io_time_seconds_total,container_memory_failures_total,container_memory_failcnt,container_fs_write_seconds_total
2023-03-19 19:20:04.275000+00:00,45056.0,3067904.0,3952640.0,3948544.0,0.34,0.040797141,0.38,187678.0,0.0,0.0,1208.0,123231.0,0.0,0.0,677.0,0.0,0.0,0.0,0.0
2023-03-19 19:20:08.528000+00:00,45056.0,3072000.0,3956736.0,3952640.0,0.34,0.040797141,0.38,194416.0,0.0,0.0,1255.0,126910.0,0.0,0.0,704.0,0.0,0.0,0.0,0.0
2023-03-19 19:20:14.075000+00:00,45056.0,3072000.0,3956736.0,3948544.0,0.34,0.040797141,0.4,199087.0,0.0,0.0,1285.0,129482.0,0.0,0.0,721.0,0.0,0.0,0.0,0.0
2023-03-19 19:20:19.539000+00:00,45056.0,3072000.0,3956736.0,3948544.0,0.34,0.040797141,0.41,205900.0,0.0,0.0,1325.0,132501.0,0.0,0.0,744.0,0.0,0.0,0.0,0.0
2023-03-19 19:20:24.294000+00:00,45056.0,3067904.0,3952640.0,3940352.0,0.36,0.040797141,0.41,210325.0,0.0,0.0,1356.0,135156.0,0.0,0.0,763.0,0.0,0.0,0.0,0.0
2023-03-19 19:20:28.991000+00:00,45056.0,3072000.0,3960832.0,3948544.0,0.36,0.040797141,0.42,218700.0,0.0,0.0,1417.0,139653.0,0.0,0.0,798.0,0.0,0.0,0.0,0.0
2023-03-19 19:20:34.201000+00:00,45056.0,3067904.0,3952640.0,3940352.0,0.36,0.040797141,0.43,228146.0,0.0,0.0,1479.0,144950.0,0.0,0.0,836.0,0.0,0.0,0.0,0.0
2023-03-19 19:20:39.390000+00:00,45056.0,3067904.0,3952640.0,3940352.0,0.36,0.040797141,0.43,230450.0,0.0,0.0,1496.0,146431.0,0.0,0.0,846.0,0.0,0.0,0.0,0.0
2023-03-19 19:20:43.733000+00:00,45056.0,3059712.0,3948544.0,3944448.0,0.37,0.040797141,0.44,230450.0,0.0,0.0,1496.0,146431.0,0.0,0.0,846.0,0.0,0.0,0.0,0.0
2023-03-19 19:20:48.920000+00:00,45056.0,3059712.0,3940352.0,3936256.0,0.38,0.040797141,0.45,231228.0,0.0,0.0,1504.0,146715.0,0.0,0.0,850.0,0.0,0.0,0.0,0.0
2023-03-19 19:20:53.348000+00:00,45056.0,3059712.0,3956736.0,3952640.0,0.38,0.040797141,0.45,236853.0,0.0,0.0,1538.0,150630.0,0.0,0.0,870.0,0.0,0.0,0.0,0.0
2023-03-19 19:20:58.627000+00:00,45056.0,3059712.0,3944448.0,3940352.0,0.39,0.040797141,0.46,241479.0,0.0,0.0,1568.0,154066.0,0.0,0.0,886.0,0.0,0.0,0.0,0.0
2023-03-19 19:21:04.819000+00:00,45056.0,3059712.0,3944448.0,3940352.0,0.39,0.040797141,0.47,241479.0,0.0,0.0,1568.0,154066.0,0.0,0.0,886.0,0.0,0.0,0.0,0.0
2023-03-19 19:21:09.731000+00:00,45056.0,3059712.0,3944448.0,3940352.0,0.39,0.040797141,0.48,241479.0,0.0,0.0,1568.0,154066.0,0.0,0.0,886.0,0.0,0.0,0.0,0.0
2023-03-19 19:21:14.376000+00:00,45056.0,3059712.0,3944448.0,3940352.0,0.39,0.040797141,0.48,241479.0,0.0,0.0,1568.0,154066.0,0.0,0.0,886.0,0.0,0.0,0.0,0.0
2023-03-19 19:21:19.503000+00:00,45056.0,3059712.0,3944448.0,3940352.0,0.4,0.040797141,0.48,246023.0,0.0,0.0,1604.0,156730.0,0.0,0.0,906.0,0.0,0.0,0.0,0.0
2023-03-19 19:21:24.063000+00:00,45056.0,3059712.0,3960832.0,3956736.0,0.4,0.040797141,0.49,250397.0,0.0,0.0,1634.0,158927.0,0.0,0.0,923.0,0.0,0.0,0.0,0.0
2023-03-19 19:21:28.366000+00:00,45056.0,3059712.0,3944448.0,3940352.0,0.4,0.040797141,0.49,255550.0,0.0,0.0,1666.0,161945.0,0.0,0.0,941.0,0.0,0.0,0.0,0.0
2023-03-19 19:21:33.286000+00:00,45056.0,3059712.0,3944448.0,3940352.0,0.4,0.040797141,0.51,261105.0,0.0,0.0,1706.0,165055.0,0.0,0.0,963.0,0.0,0.0,0.0,0.0
2023-03-19 19:21:38.704000+00:00,45056.0,3055616.0,3944448.0,3940352.0,0.41,0.040797141,0.52,263517.0,0.0,0.0,1727.0,166468.0,0.0,0.0,975.0,0.0,0.0,0.0,0.0
2023-03-19 19:21:44.862000+00:00,45056.0,3055616.0,3944448.0,3940352.0,0.43,0.040797141,0.52,263517.0,0.0,0.0,1727.0,166468.0,0.0,0.0,975.0,0.0,0.0,0.0,0.0
2023-03-19 19:21:48.994000+00:00,45056.0,3063808.0,3952640.0,3948544.0,0.43,0.040797141,0.52,275769.0,0.0,0.0,1797.0,173747.0,0.0,0.0,1015.0,0.0,0.0,0.0,0.0
2023-03-19 19:21:53.949000+00:00,45056.0,3063808.0,3948544.0,3944448.0,0.43,0.040797141,0.53,281738.0,0.0,0.0,1833.0,176695.0,0.0,0.0,1035.0,0.0,0.0,0.0,0.0
2023-03-19 19:21:59.719000+00:00,45056.0,3063808.0,3948544.0,3944448.0,0.44,0.040797141,0.53,288547.0,0.0,0.0,1878.0,180277.0,0.0,0.0,1060.0,0.0,0.0,0.0,0.0
2023-03-19 19:22:03.829000+00:00,45056.0,3063808.0,3948544.0,3944448.0,0.44,0.040797141,0.53,294462.0,0.0,0.0,1920.0,183433.0,0.0,0.0,1084.0,0.0,0.0,0.0,0.0
2023-03-19 19:22:09.340000+00:00,45056.0,3063808.0,3948544.0,3944448.0,0.46,0.040797141,0.54,303120.0,0.0,0.0,1971.0,187675.0,0.0,0.0,1116.0,0.0,0.0,0.0,0.0
2023-03-19 19:22:14.723000+00:00,45056.0,3063808.0,3821568.0,3817472.0,0.46,0.040797141,0.54,309391.0,0.0,0.0,2016.0,191281.0,0.0,0.0,1142.0,0.0,0.0,0.0,0.0
2023-03-19 19:22:18.185000+00:00,45056.0,3055616.0,3809280.0,3805184.0,0.46,0.040797141,0.55,312628.0,0.0,0.0,2042.0,192854.0,0.0,0.0,1156.0,0.0,0.0,0.0,0.0
2023-03-19 19:22:24.520000+00:00,45056.0,3055616.0,3940352.0,3936256.0,0.47,0.040797141,0.55,316319.0,0.0,0.0,2070.0,194803.0,0.0,0.0,1171.0,0.0,0.0,0.0,0.0
2023-03-19 19:22:28.192000+00:00,45056.0,3051520.0,4100096.0,4096000.0,0.48,0.040797141,0.56,325500.0,0.0,0.0,2126.0,199979.0,0.0,0.0,1206.0,0.0,0.0,0.0,0.0
2023-03-19 19:22:34.709000+00:00,45056.0,3051520.0,4100096.0,3805184.0,0.49,0.040797141,0.56,339952.0,0.0,0.0,2211.0,207844.0,0.0,0.0,1255.0,0.0,0.0,0.0,0.0
2023-03-19 19:22:38.900000+00:00,45056.0,3055616.0,3940352.0,3936256.0,0.5,0.040797141,0.58,345231.0,0.0,0.0,2242.0,210837.0,0.0,0.0,1274.0,0.0,0.0,0.0,0.0
2023-03-19 19:22:43.467000+00:00,45056.0,3051520.0,3940352.0,3936256.0,0.52,0.040797141,0.58,345231.0,0.0,0.0,2242.0,210837.0,0.0,0.0,1274.0,0.0,0.0,0.0,0.0
2023-03-19 19:22:48.744000+00:00,45056.0,3051520.0,3932160.0,3928064.0,0.52,0.040797141,0.59,357509.0,0.0,0.0,2308.0,218713.0,0.0,0.0,1312.0,0.0,0.0,0.0,0.0
2023-03-19 19:22:54.365000+00:00,45056.0,3051520.0,3932160.0,3981312.0,0.54,0.040797141,0.59,362657.0,0.0,0.0,2342.0,221436.0,0.0,0.0,1330.0,0.0,0.0,0.0,0.0
2023-03-19 19:22:59.160000+00:00,45056.0,3051520.0,3936256.0,3932160.0,0.54,0.040797141,0.59,362657.0,0.0,0.0,2342.0,221436.0,0.0,0.0,1330.0,0.0,0.0,0.0,0.0
2023-03-19 19:23:04.543000+00:00,45056.0,3051520.0,3936256.0,3936256.0,0.54,0.040797141,0.6,363379.0,0.0,0.0,2348.0,221650.0,0.0,0.0,1333.0,0.0,0.0,0.0,0.0
2023-03-19 19:23:08.683000+00:00,45056.0,3051520.0,3936256.0,3932160.0,0.55,0.040797141,0.6,365645.0,0.0,0.0,2361.0,223029.0,0.0,0.0,1341.0,0.0,0.0,0.0,0.0
2023-03-19 19:23:14.830000+00:00,45056.0,3051520.0,3936256.0,3932160.0,0.56,0.040797141,0.6,365645.0,0.0,0.0,2361.0,223029.0,0.0,0.0,1341.0,0.0,0.0,0.0,0.0
2023-03-19 19:23:19.133000+00:00,45056.0,3055616.0,3932160.0,3928064.0,0.56,0.040797141,0.6,372381.0,0.0,0.0,2413.0,226406.0,0.0,0.0,1370.0,0.0,0.0,0.0,0.0
2023-03-19 19:23:24.692000+00:00,45056.0,3055616.0,3932160.0,3936256.0,0.58,0.040797141,0.61,375301.0,0.0,0.0,2435.0,228435.0,0.0,0.0,1383.0,0.0,0.0,0.0,0.0
2023-03-19 19:23:29.861000+00:00,45056.0,3051520.0,3936256.0,3932160.0,0.58,0.040797141,0.62,378308.0,0.0,0.0,2461.0,229977.0,0.0,0.0,1397.0,0.0,0.0,0.0,0.0
2023-03-19 19:23:34.548000+00:00,45056.0,3051520.0,3936256.0,3821568.0,0.58,0.040797141,0.62,382069.0,0.0,0.0,2489.0,231859.0,0.0,0.0,1412.0,0.0,0.0,0.0,0.0
2023-03-19 19:23:39.705000+00:00,45056.0,3051520.0,3936256.0,3932160.0,0.59,0.040797141,0.63,384749.0,0.0,0.0,2506.0,233534.0,0.0,0.0,1423.0,0.0,0.0,0.0,0.0
2023-03-19 19:23:44.781000+00:00,45056.0,3051520.0,3936256.0,3932160.0,0.6,0.040797141,0.64,384749.0,0.0,0.0,2506.0,233534.0,0.0,0.0,1423.0,0.0,0.0,0.0,0.0
2023-03-19 19:23:49.085000+00:00,45056.0,3051520.0,3940352.0,3936256.0,0.6,0.040797141,0.65,387232.0,0.0,0.0,2525.0,234844.0,0.0,0.0,1433.0,0.0,0.0,0.0,0.0
2023-03-19 19:23:54.353000+00:00,45056.0,3051520.0,3944448.0,3940352.0,0.6,0.040797141,0.65,398196.0,0.0,0.0,2588.0,240838.0,0.0,0.0,1472.0,0.0,0.0,0.0,0.0
2023-03-19 19:23:58.631000+00:00,45056.0,3063808.0,3948544.0,3944448.0,0.61,0.040797141,0.66,403924.0,0.0,0.0,2619.0,243861.0,0.0,0.0,1492.0,0.0,0.0,0.0,0.0
2023-03-19 19:24:03.956000+00:00,45056.0,3063808.0,3948544.0,3940352.0,0.62,0.040797141,0.66,416251.0,0.0,0.0,2705.0,250264.0,0.0,0.0,1542.0,0.0,0.0,0.0,0.0
2023-03-19 19:24:09.155000+00:00,45056.0,3063808.0,3948544.0,3944448.0,0.64,0.040797141,0.67,427359.0,0.0,0.0,2781.0,256369.0,0.0,0.0,1584.0,0.0,0.0,0.0,0.0
2023-03-19 19:24:14.812000+00:00,45056.0,3063808.0,3948544.0,3944448.0,0.64,0.040797141,0.68,427359.0,0.0,0.0,2781.0,256369.0,0.0,0.0,1584.0,0.0,0.0,0.0,0.0
2023-03-19 19:24:19.292000+00:00,45056.0,3055616.0,3813376.0,3805184.0,0.64,0.040797141,0.68,436061.0,0.0,0.0,2840.0,261808.0,0.0,0.0,1619.0,0.0,0.0,0.0,0.0
2023-03-19 19:24:24.207000+00:00,45056.0,3055616.0,3936256.0,3932160.0,0.64,0.040797141,0.7,436860.0,0.0,0.0,2846.0,262242.0,0.0,0.0,1622.0,0.0,0.0,0.0,0.0
2023-03-19 19:24:29.012000+00:00,45056.0,3047424.0,3932160.0,3928064.0,0.65,0.040797141,0.7,436860.0,0.0,0.0,2846.0,262242.0,0.0,0.0,1622.0,0.0,0.0,0.0,0.0
2023-03-19 19:24:33.350000+00:00,45056.0,3047424.0,3825664.0,3821568.0,0.65,0.040797141,0.7,443733.0,0.0,0.0,2898.0,265955.0,0.0,0.0,1653.0,0.0,0.0,0.0,0.0
2023-03-19 19:24:39.305000+00:00,45056.0,3051520.0,3936256.0,3932160.0,0.67,0.040797141,0.71,458282.0,0.0,0.0,2993.0,274493.0,0.0,0.0,1710.0,0.0,0.0,0.0,0.0
2023-03-19 19:24:44.739000+00:00,45056.0,3055616.0,3936256.0,3932160.0,0.68,0.040797141,0.72,458282.0,0.0,0.0,2993.0,274493.0,0.0,0.0,1710.0,0.0,0.0,0.0,0.0
2023-03-19 19:24:49.083000+00:00,45056.0,3055616.0,3985408.0,3973120.0,0.69,0.040797141,0.72,473026.0,0.0,0.0,3094.0,284710.0,0.0,0.0,1772.0,0.0,0.0,0.0,0.0
2023-03-19 19:24:54.547000+00:00,45056.0,3047424.0,3936256.0,3928064.0,0.7,0.040797141,0.72,475184.0,0.0,0.0,3107.0,286515.0,0.0,0.0,1780.0,0.0,0.0,0.0,0.0
2023-03-19 19:24:59.891000+00:00,45056.0,3047424.0,3944448.0,3936256.0,0.7,0.040797141,0.74,479671.0,0.0,0.0,3133.0,289405.0,0.0,0.0,1795.0,0.0,0.0,0.0,0.0
2023-03-19 19:25:03.360000+00:00,45056.0,3047424.0,3940352.0,3932160.0,0.7,0.040797141,0.74,482707.0,0.0,0.0,3156.0,291085.0,0.0,0.0,1808.0,0.0,0.0,0.0,0.0
2023-03-19 19:25:09.256000+00:00,45056.0,3047424.0,3940352.0,3932160.0,0.71,0.040797141,0.75,489792.0,0.0,0.0,3209.0,295315.0,0.0,0.0,1840.0,0.0,0.0,0.0,0.0
2023-03-19 19:25:14.731000+00:00,45056.0,3047424.0,3948544.0,3940352.0,0.72,0.040797141,0.76,491871.0,0.0,0.0,3209.0,295315.0,0.0,0.0,1840.0,0.0,0.0,0.0,0.0
2023-03-19 19:25:18.665000+00:00,45056.0,3047424.0,3936256.0,3928064.0,0.72,0.040797141,0.76,492041.0,0.0,0.0,3224.0,296690.0,0.0,0.0,1849.0,0.0,0.0,0.0,0.0
2023-03-19 19:25:24.686000+00:00,45056.0,3047424.0,3940352.0,3932160.0,0.73,0.040797141,0.76,496192.0,0.0,0.0,3256.0,299301.0,0.0,0.0,1868.0,0.0,0.0,0.0,0.0
2023-03-19 19:25:28.909000+00:00,45056.0,3047424.0,3944448.0,3936256.0,0.73,0.040797141,0.78,499375.0,0.0,0.0,3279.0,301232.0,0.0,0.0,1881.0,0.0,0.0,0.0,0.0
2023-03-19 19:25:34.788000+00:00,45056.0,3047424.0,3940352.0,3932160.0,0.73,0.040797141,0.78,499545.0,0.0,0.0,3281.0,301304.0,0.0,0.0,1882.0,0.0,0.0,0.0,0.0
2023-03-19 19:25:39.420000+00:00,45056.0,3055616.0,4083712.0,4075520.0,0.73,0.040797141,0.79,504541.0,0.0,0.0,3311.0,303814.0,0.0,0.0,1900.0,0.0,0.0,0.0,0.0
2023-03-19 19:25:44.414000+00:00,45056.0,3055616.0,4075520.0,4067328.0,0.74,0.040797141,0.8,508628.0,0.0,0.0,3340.0,305902.0,0.0,0.0,1915.0,0.0,0.0,0.0,0.0
2023-03-19 19:25:49.768000+00:00,45056.0,3047424.0,4063232.0,4055040.0,0.74,0.040797141,0.8,515163.0,0.0,0.0,3379.0,310066.0,0.0,0.0,1939.0,0.0,0.0,0.0,0.0
2023-03-19 19:25:53.954000+00:00,45056.0,3047424.0,4063232.0,4055040.0,0.74,0.040797141,0.8,515163.0,0.0,0.0,3400.0,311627.0,0.0,0.0,1951.0,0.0,0.0,0.0,0.0
2023-03-19 19:25:59.006000+00:00,45056.0,3051520.0,3940352.0,3932160.0,0.75,0.040797141,0.8,521748.0,0.0,0.0,3425.0,313426.0,0.0,0.0,1965.0,0.0,0.0,0.0,0.0
2023-03-19 19:26:04.198000+00:00,45056.0,3051520.0,3944448.0,3936256.0,0.76,0.040797141,0.8,525911.0,0.0,0.0,3455.0,316151.0,0.0,0.0,1983.0,0.0,0.0,0.0,0.0
2023-03-19 19:26:09.776000+00:00,45056.0,3051520.0,3809280.0,3801088.0,0.76,0.040797141,0.8,530636.0,0.0,0.0,3489.0,318612.0,0.0,0.0,2002.0,0.0,0.0,0.0,0.0
2023-03-19 19:26:14.640000+00:00,45056.0,3051520.0,3940352.0,3928064.0,0.76,0.040797141,0.8,538779.0,0.0,0.0,3544.0,323392.0,0.0,0.0,2035.0,0.0,0.0,0.0,0.0
2023-03-19 19:26:19.359000+00:00,45056.0,3051520.0,3940352.0,3928064.0,0.77,0.040797141,0.8,541834.0,0.0,0.0,3568.0,325041.0,0.0,0.0,2047.0,0.0,0.0,0.0,0.0
2023-03-19 19:26:23.514000+00:00,45056.0,3051520.0,3940352.0,3928064.0,0.78,0.040797141,0.8,541834.0,0.0,0.0,3568.0,325041.0,0.0,0.0,2047.0,0.0,0.0,0.0,0.0
2023-03-19 19:26:29.695000+00:00,45056.0,3047424.0,3977216.0,3969024.0,0.79,0.040797141,0.8,547842.0,0.0,0.0,3613.0,328903.0,0.0,0.0,2074.0,0.0,0.0,0.0,0.0
2023-03-19 19:26:34.453000+00:00,45056.0,3047424.0,3977216.0,3932160.0,0.8,0.040797141,0.8,552993.0,0.0,0.0,3655.0,331844.0,0.0,0.0,2097.0,0.0,0.0,0.0,0.0
2023-03-19 19:26:39.230000+00:00,45056.0,3051520.0,3940352.0,3932160.0,0.8,0.040797141,0.82,555196.0,0.0,0.0,3672.0,333215.0,0.0,0.0,2106.0,0.0,0.0,0.0,0.0
2023-03-19 19:26:43.879000+00:00,45056.0,3051520.0,3940352.0,3932160.0,0.81,0.040797141,0.82,555196.0,0.0,0.0,3672.0,333215.0,0.0,0.0,2126.0,0.0,0.0,0.0,0.0
2023-03-19 19:26:49.331000+00:00,45056.0,3047424.0,3936256.0,3928064.0,0.82,0.040797141,0.84,565656.0,0.0,0.0,3750.0,339923.0,0.0,0.0,2151.0,0.0,0.0,0.0,0.0
2023-03-19 19:26:53.365000+00:00,45056.0,3047424.0,3940352.0,3932160.0,0.83,0.040797141,0.84,568485.0,0.0,0.0,3767.0,341064.0,0.0,0.0,2160.0,0.0,0.0,0.0,0.0
2023-03-19 19:26:58.530000+00:00,45056.0,3051520.0,3940352.0,3932160.0,0.83,0.040797141,0.85,573624.0,0.0,0.0,3803.0,343267.0,0.0,0.0,2180.0,0.0,0.0,0.0,0.0
2023-03-19 19:27:03.086000+00:00,45056.0,3051520.0,3940352.0,3932160.0,0.84,0.040797141,0.86,580615.0,0.0,0.0,3838.0,346479.0,0.0,0.0,2201.0,0.0,0.0,0.0,0.0
2023-03-19 19:27:09.807000+00:00,45056.0,3051520.0,3936256.0,3928064.0,0.84,0.040797141,0.87,583861.0,0.0,0.0,3861.0,347817.0,0.0,0.0,2213.0,0.0,0.0,0.0,0.0
2023-03-19 19:27:13.628000+00:00,45056.0,3051520.0,3936256.0,3928064.0,0.84,0.040797141,0.88,583861.0,0.0,0.0,3861.0,347817.0,0.0,0.0,2213.0,0.0,0.0,0.0,0.0
2023-03-19 19:27:18.614000+00:00,45056.0,3043328.0,3936256.0,3928064.0,0.85,0.040797141,0.88,590137.0,0.0,0.0,3903.0,352023.0,0.0,0.0,2238.0,0.0,0.0,0.0,0.0
2023-03-19 19:27:24.121000+00:00,45056.0,3043328.0,3932160.0,3923968.0,0.85,0.040797141,0.88,590307.0,0.0,0.0,3905.0,352095.0,0.0,0.0,2239.0,0.0,0.0,0.0,0.0
2023-03-19 19:27:29.624000+00:00,45056.0,3043328.0,4116480.0,4108288.0,0.86,0.040797141,0.9,597715.0,0.0,0.0,3956.0,356224.0,0.0,0.0,2268.0,0.0,0.0,0.0,0.0
2023-03-19 19:27:34.703000+00:00,45056.0,3043328.0,3923968.0,3915776.0,0.86,0.040797141,0.9,599430.0,0.0,0.0,3969.0,357025.0,0.0,0.0,2275.0,0.0,0.0,0.0,0.0
2023-03-19 19:27:38.647000+00:00,45056.0,3043328.0,4079616.0,4071424.0,0.86,0.040797141,0.91,601954.0,0.0,0.0,3988.0,358569.0,0.0,0.0,2286.0,0.0,0.0,0.0,0.0
2023-03-19 19:27:44.691000+00:00,45056.0,3043328.0,4079616.0,4071424.0,0.86,0.040797141,0.92,601954.0,0.0,0.0,3988.0,358569.0,0.0,0.0,2286.0,0.0,0.0,0.0,0.0
2023-03-19 19:27:49.772000+00:00,45056.0,3043328.0,3932160.0,3923968.0,0.87,0.040797141,0.92,604837.0,0.0,0.0,4011.0,360254.0,0.0,0.0,2300.0,0.0,0.0,0.0,0.0
2023-03-19 19:27:53.530000+00:00,45056.0,3043328.0,3932160.0,3923968.0,0.87,0.040797141,0.92,606677.0,0.0,0.0,4024.0,361615.0,0.0,0.0,2308.0,0.0,0.0,0.0,0.0
2023-03-19 19:27:58.387000+00:00,45056.0,3047424.0,3936256.0,3928064.0,0.87,0.040797141,0.92,607398.0,0.0,0.0,4029.0,361829.0,0.0,0.0,2311.0,0.0,0.0,0.0,0.0
2023-03-19 19:28:03.374000+00:00,45056.0,3047424.0,3936256.0,3932160.0,0.87,0.040797141,0.92,617347.0,0.0,0.0,4091.0,366547.0,0.0,0.0,2347.0,0.0,0.0,0.0,0.0
2023-03-19 19:28:09.295000+00:00,45056.0,3043328.0,3932160.0,3923968.0,0.87,0.040797141,0.92,627944.0,0.0,0.0,4159.0,373254.0,0.0,0.0,2386.0,0.0,0.0,0.0,0.0
2023-03-19 19:28:13.131000+00:00,45056.0,3043328.0,3932160.0,3923968.0,0.88,0.040797141,0.93,627944.0,0.0,0.0,4159.0,373254.0,0.0,0.0,2386.0,0.0,0.0,0.0,0.0
2023-03-19 19:28:19.732000+00:00,45056.0,3043328.0,3932160.0,3923968.0,0.88,0.040797141,0.93,638686.0,0.0,0.0,4235.0,379235.0,0.0,0.0,2429.0,0.0,0.0,0.0,0.0
2023-03-19 19:28:24.235000+00:00,45056.0,3043328.0,3936256.0,3928064.0,0.88,0.040797141,0.94,641352.0,0.0,0.0,4250.0,380322.0,0.0,0.0,2437.0,0.0,0.0,0.0,0.0
2023-03-19 19:28:28.616000+00:00,45056.0,3043328.0,3932160.0,3923968.0,0.9,0.040797141,0.94,643812.0,0.0,0.0,4265.0,381562.0,0.0,0.0,2446.0,0.0,0.0,0.0,0.0
2023-03-19 19:28:33.976000+00:00,45056.0,3043328.0,3960832.0,3952640.0,0.9,0.040797141,0.95,649667.0,0.0,0.0,4307.0,384724.0,0.0,0.0,2470.0,0.0,0.0,0.0,0.0
2023-03-19 19:28:38.875000+00:00,45056.0,3043328.0,4067328.0,4059136.0,0.92,0.040797141,0.96,654071.0,0.0,0.0,4341.0,387125.0,0.0,0.0,2488.0,0.0,0.0,0.0,0.0
2023-03-19 19:28:43.344000+00:00,45056.0,3043328.0,3940352.0,3932160.0,0.92,0.040797141,0.97,657739.0,0.0,0.0,4367.0,389409.0,0.0,0.0,2504.0,0.0,0.0,0.0,0.0
2023-03-19 19:28:48.416000+00:00,45056.0,3051520.0,3813376.0,3805184.0,0.93,0.040797141,0.97,669927.0,0.0,0.0,4448.0,396126.0,0.0,0.0,2554.0,0.0,0.0,0.0,0.0
2023-03-19 19:28:54.164000+00:00,45056.0,3043328.0,3932160.0,3923968.0,0.94,0.040797141,0.98,672687.0,0.0,0.0,4470.0,397954.0,0.0,0.0,2567.0,0.0,0.0,0.0,0.0
2023-03-19 19:28:58.786000+00:00,45056.0,3047424.0,3936256.0,3928064.0,0.94,0.040797141,1.0,676713.0,0.0,0.0,4495.0,400894.0,0.0,0.0,2581.0,0.0,0.0,0.0,0.0
2023-03-19 19:29:04.173000+00:00,45056.0,3051520.0,4075520.0,4067328.0,0.94,0.040797141,1.0,681646.0,0.0,0.0,4525.0,404601.0,0.0,0.0,2598.0,0.0,0.0,0.0,0.0
2023-03-19 19:29:08.754000+00:00,45056.0,3043328.0,3936256.0,3928064.0,0.95,0.040797141,1.0,684005.0,0.0,0.0,4544.0,406046.0,0.0,0.0,2609.0,0.0,0.0,0.0,0.0
2023-03-19 19:29:14.648000+00:00,45056.0,3043328.0,4063232.0,4055040.0,0.95,0.040797141,1.01,684005.0,0.0,0.0,4544.0,406046.0,0.0,0.0,2609.0,0.0,0.0,0.0,0.0
2023-03-19 19:29:19.234000+00:00,45056.0,3043328.0,3932160.0,3923968.0,0.96,0.040797141,1.01,684005.0,0.0,0.0,4544.0,406046.0,0.0,0.0,2609.0,0.0,0.0,0.0,0.0
2023-03-19 19:29:24.219000+00:00,45056.0,3043328.0,3932160.0,3932160.0,0.96,0.040797141,1.01,685858.0,0.0,0.0,4561.0,407029.0,0.0,0.0,2618.0,0.0,0.0,0.0,0.0
2023-03-19 19:29:29.783000+00:00,45056.0,3047424.0,3936256.0,3928064.0,0.97,0.040797141,1.02,693595.0,0.0,0.0,4611.0,411184.0,0.0,0.0,2648.0,0.0,0.0,0.0,0.0
2023-03-19 19:29:33.153000+00:00,45056.0,3047424.0,3936256.0,3936256.0,0.98,0.040797141,1.02,694565.0,0.0,0.0,4621.0,411540.0,0.0,0.0,2653.0,0.0,0.0,0.0,0.0
2023-03-19 19:29:38.513000+00:00,45056.0,3043328.0,3932160.0,3923968.0,0.98,0.040797141,1.02,698227.0,0.0,0.0,4646.0,413665.0,0.0,0.0,2667.0,0.0,0.0,0.0,0.0
2023-03-19 19:29:44.432000+00:00,45056.0,3043328.0,3932160.0,3923968.0,0.98,0.040797141,1.02,698227.0,0.0,0.0,4646.0,413665.0,0.0,0.0,2667.0,0.0,0.0,0.0,0.0
2023-03-19 19:29:49.092000+00:00,45056.0,3043328.0,3805184.0,3796992.0,1.0,0.040797141,1.03,701214.0,0.0,0.0,4667.0,415268.0,0.0,0.0,2679.0,0.0,0.0,0.0,0.0
2023-03-19 19:29:54.541000+00:00,45056.0,3043328.0,3936256.0,3928064.0,1.01,0.040797141,1.03,705505.0,0.0,0.0,4701.0,417993.0,0.0,0.0,2699.0,0.0,0.0,0.0,0.0
2023-03-19 19:29:59.863000+00:00,45056.0,3051520.0,3940352.0,3932160.0,1.02,0.040797141,1.04,710740.0,0.0,0.0,4736.0,421600.0,0.0,0.0,2720.0,0.0,0.0,0.0,0.0
2023-03-19 19:30:03.488000+00:00,45056.0,3051520.0,3932160.0,3923968.0,1.02,0.040797141,1.04,712979.0,0.0,0.0,4755.0,422434.0,0.0,0.0,2729.0,0.0,0.0,0.0,0.0
2023-03-19 19:30:09.031000+00:00,45056.0,3043328.0,3932160.0,3923968.0,1.02,0.040797141,1.04,717820.0,0.0,0.0,4790.0,425751.0,0.0,0.0,2751.0,0.0,0.0,0.0,0.0
2023-03-19 19:30:14.865000+00:00,45056.0,3039232.0,3796992.0,3788800.0,1.03,0.040797141,1.05,724001.0,0.0,0.0,4832.0,428963.0,0.0,0.0,2775.0,0.0,0.0,0.0,0.0
2023-03-19 19:30:17.892000+00:00,45056.0,3043328.0,3801088.0,3792896.0,1.04,0.040797141,1.05,728834.0,0.0,0.0,4866.0,431871.0,0.0,0.0,2795.0,0.0,0.0,0.0,0.0
2023-03-19 19:30:23.617000+00:00,45056.0,3043328.0,3801088.0,3792896.0,1.04,0.040797141,1.06,728834.0,0.0,0.0,4881.0,432960.0,0.0,0.0,2803.0,0.0,0.0,0.0,0.0
2023-03-19 19:30:29.230000+00:00,45056.0,3039232.0,4046848.0,4038656.0,1.05,0.040797141,1.06,735364.0,0.0,0.0,4908.0,434785.0,0.0,0.0,2818.0,0.0,0.0,0.0,0.0
2023-03-19 19:30:33.375000+00:00,45056.0,3039232.0,4046848.0,4038656.0,1.07,0.040797141,1.06,735364.0,0.0,0.0,4940.0,437116.0,0.0,0.0,2836.0,0.0,0.0,0.0,0.0
2023-03-19 19:30:39.853000+00:00,45056.0,3039232.0,3932160.0,3923968.0,1.08,0.040797141,1.06,747144.0,0.0,0.0,4992.0,441835.0,0.0,0.0,2865.0,0.0,0.0,0.0,0.0
2023-03-19 19:30:44.919000+00:00,45056.0,3039232.0,3932160.0,3923968.0,1.08,0.040797141,1.07,747144.0,0.0,0.0,4992.0,441835.0,0.0,0.0,2865.0,0.0,0.0,0.0,0.0
2023-03-19 19:30:49.603000+00:00,45056.0,3047424.0,3932160.0,3923968.0,1.09,0.040797141,1.08,759517.0,0.0,0.0,5077.0,449168.0,0.0,0.0,2913.0,0.0,0.0,0.0,0.0
2023-03-19 19:30:54.178000+00:00,45056.0,3047424.0,3936256.0,3928064.0,1.1,0.040797141,1.08,764915.0,0.0,0.0,5112.0,452079.0,0.0,0.0,2932.0,0.0,0.0,0.0,0.0
2023-03-19 19:30:58.313000+00:00,45056.0,3039232.0,3928064.0,3919872.0,1.1,0.040797141,1.09,765085.0,0.0,0.0,5114.0,452151.0,0.0,0.0,2933.0,0.0,0.0,0.0,0.0
2023-03-19 19:31:04.290000+00:00,45056.0,3039232.0,3940352.0,3932160.0,1.12,0.040797141,1.1,774375.0,0.0,0.0,5167.0,456431.0,0.0,0.0,2965.0,0.0,0.0,0.0,0.0
2023-03-19 19:31:09.734000+00:00,45056.0,3039232.0,4059136.0,4050944.0,1.12,0.040797141,1.1,779764.0,0.0,0.0,5209.0,459827.0,0.0,0.0,2990.0,0.0,0.0,0.0,0.0
2023-03-19 19:31:14.244000+00:00,45056.0,3039232.0,4059136.0,4050944.0,1.12,0.040797141,1.11,779764.0,0.0,0.0,5209.0,459827.0,0.0,0.0,2990.0,0.0,0.0,0.0,0.0
2023-03-19 19:31:19.337000+00:00,45056.0,3039232.0,3928064.0,3919872.0,1.14,0.040797141,1.11,784568.0,0.0,0.0,5238.0,462227.0,0.0,0.0,3007.0,0.0,0.0,0.0,0.0
2023-03-19 19:31:24.651000+00:00,45056.0,3039232.0,3940352.0,3932160.0,1.14,0.040797141,1.11,786528.0,0.0,0.0,5253.0,463459.0,0.0,0.0,3016.0,0.0,0.0,0.0,0.0
2023-03-19 19:31:29.489000+00:00,45056.0,3039232.0,3928064.0,3919872.0,1.14,0.040797141,1.12,790748.0,0.0,0.0,5276.0,465443.0,0.0,0.0,3029.0,0.0,0.0,0.0,0.0
2023-03-19 19:31:33.759000+00:00,45056.0,3039232.0,3928064.0,3919872.0,1.15,0.040797141,1.12,792746.0,0.0,0.0,5291.0,466549.0,0.0,0.0,3037.0,0.0,0.0,0.0,0.0
2023-03-19 19:31:38.162000+00:00,45056.0,3043328.0,3801088.0,3792896.0,1.15,0.040797141,1.13,795093.0,0.0,0.0,5311.0,467742.0,0.0,0.0,3047.0,0.0,0.0,0.0,0.0
2023-03-19 19:31:44.189000+00:00,45056.0,3039232.0,3813376.0,3805184.0,1.15,0.040797141,1.14,800072.0,0.0,0.0,5347.0,470470.0,0.0,0.0,3068.0,0.0,0.0,0.0,0.0
2023-03-19 19:31:48.472000+00:00,45056.0,3039232.0,3948544.0,3940352.0,1.15,0.040797141,1.15,804023.0,0.0,0.0,5374.0,472668.0,0.0,0.0,3084.0,0.0,0.0,0.0,0.0
2023-03-19 19:31:54.651000+00:00,45056.0,3039232.0,3948544.0,3919872.0,1.16,0.040797141,1.15,804130.0,0.0,0.0,5375.0,472668.0,0.0,0.0,3084.0,0.0,0.0,0.0,0.0
2023-03-19 19:31:59.054000+00:00,45056.0,3039232.0,4059136.0,4050944.0,1.16,0.040797141,1.16,805724.0,0.0,0.0,5388.0,473716.0,0.0,0.0,3092.0,0.0,0.0,0.0,0.0
2023-03-19 19:32:03.536000+00:00,45056.0,3039232.0,4059136.0,3928064.0,1.16,0.040797141,1.16,807756.0,0.0,0.0,5406.0,474541.0,0.0,0.0,3101.0,0.0,0.0,0.0,0.0
2023-03-19 19:32:09.254000+00:00,45056.0,3043328.0,3928064.0,3919872.0,1.17,0.040797141,1.17,820350.0,0.0,0.0,5494.0,482233.0,0.0,0.0,3157.0,0.0,0.0,0.0,0.0
2023-03-19 19:32:14.859000+00:00,45056.0,3043328.0,3928064.0,3919872.0,1.17,0.040797141,1.18,820350.0,0.0,0.0,5494.0,482233.0,0.0,0.0,3157.0,0.0,0.0,0.0,0.0
2023-03-19 19:32:18.714000+00:00,45056.0,3047424.0,3936256.0,3928064.0,1.18,0.040797141,1.19,831024.0,0.0,0.0,5565.0,487876.0,0.0,0.0,3199.0,0.0,0.0,0.0,0.0
2023-03-19 19:32:23.946000+00:00,45056.0,3047424.0,3805184.0,3788800.0,1.18,0.040797141,1.19,835384.0,0.0,0.0,5591.0,490202.0,0.0,0.0,3215.0,0.0,0.0,0.0,0.0
2023-03-19 19:32:28.940000+00:00,45056.0,3047424.0,3805184.0,3788800.0,1.19,0.040797141,1.2,843339.0,0.0,0.0,5631.0,494691.0,0.0,0.0,3239.0,0.0,0.0,0.0,0.0
2023-03-19 19:32:34.278000+00:00,45056.0,3039232.0,3928064.0,3919872.0,1.2,0.040797141,1.2,844773.0,0.0,0.0,5644.0,495536.0,0.0,0.0,3246.0,0.0,0.0,0.0,0.0
2023-03-19 19:32:39.870000+00:00,45056.0,3039232.0,3940352.0,3932160.0,1.2,0.040797141,1.2,849573.0,0.0,0.0,5682.0,498380.0,0.0,0.0,3267.0,0.0,0.0,0.0,0.0
2023-03-19 19:32:43.703000+00:00,45056.0,3043328.0,3805184.0,3796992.0,1.2,0.040797141,1.21,856440.0,0.0,0.0,5724.0,502469.0,0.0,0.0,3291.0,0.0,0.0,0.0,0.0
2023-03-19 19:32:49.370000+00:00,45056.0,3043328.0,3940352.0,3932160.0,1.21,0.040797141,1.22,861658.0,0.0,0.0,5762.0,505294.0,0.0,0.0,3312.0,0.0,0.0,0.0,0.0
2023-03-19 19:32:54.775000+00:00,45056.0,3043328.0,3940352.0,3928064.0,1.21,0.040797141,1.22,862358.0,0.0,0.0,5768.0,505615.0,0.0,0.0,3315.0,0.0,0.0,0.0,0.0
2023-03-19 19:32:58.829000+00:00,45056.0,3043328.0,3940352.0,3932160.0,1.21,0.040797141,1.22,866388.0,0.0,0.0,5798.0,508204.0,0.0,0.0,3332.0,0.0,0.0,0.0,0.0
2023-03-19 19:33:03.762000+00:00,45056.0,3043328.0,3940352.0,3923968.0,1.21,0.040797141,1.24,868314.0,0.0,0.0,5811.0,509591.0,0.0,0.0,3340.0,0.0,0.0,0.0,0.0
2023-03-19 19:33:09.297000+00:00,45056.0,3043328.0,3801088.0,3792896.0,1.22,0.040797141,1.24,871755.0,0.0,0.0,5832.0,511180.0,0.0,0.0,3352.0,0.0,0.0,0.0,0.0
2023-03-19 19:33:13.565000+00:00,45056.0,3043328.0,3801088.0,3792896.0,1.22,0.040797141,1.24,871755.0,0.0,0.0,5832.0,511180.0,0.0,0.0,3352.0,0.0,0.0,0.0,0.0
2023-03-19 19:33:19.612000+00:00,45056.0,3043328.0,3948544.0,3940352.0,1.22,0.040797141,1.24,875758.0,0.0,0.0,5865.0,513227.0,0.0,0.0,3370.0,0.0,0.0,0.0,0.0
2023-03-19 19:33:24.646000+00:00,45056.0,3043328.0,3944448.0,3936256.0,1.24,0.040797141,1.25,883958.0,0.0,0.0,5917.0,518113.0,0.0,0.0,3403.0,0.0,0.0,0.0,0.0
2023-03-19 19:33:29.087000+00:00,45056.0,3043328.0,3932160.0,3923968.0,1.24,0.040797141,1.25,884128.0,0.0,0.0,5919.0,518185.0,0.0,0.0,3404.0,0.0,0.0,0.0,0.0
2023-03-19 19:33:33.911000+00:00,45056.0,3043328.0,3936256.0,3928064.0,1.24,0.040797141,1.25,886444.0,0.0,0.0,5936.0,519616.0,0.0,0.0,3414.0,0.0,0.0,0.0,0.0
2023-03-19 19:33:38.213000+00:00,45056.0,3043328.0,3932160.0,3923968.0,1.25,0.040797141,1.25,886614.0,0.0,0.0,5938.0,519688.0,0.0,0.0,3415.0,0.0,0.0,0.0,0.0
2023-03-19 19:33:44.797000+00:00,45056.0,3043328.0,3932160.0,3923968.0,1.26,0.040797141,1.25,886614.0,0.0,0.0,5938.0,519688.0,0.0,0.0,3415.0,0.0,0.0,0.0,0.0
2023-03-19 19:33:49.298000+00:00,45056.0,3051520.0,3940352.0,3932160.0,1.26,0.040797141,1.26,896012.0,0.0,0.0,5999.0,525214.0,0.0,0.0,3451.0,0.0,0.0,0.0,0.0
2023-03-19 19:33:53.563000+00:00,45056.0,3051520.0,3940352.0,3932160.0,1.27,0.040797141,1.26,899609.0,0.0,0.0,6021.0,527035.0,0.0,0.0,3464.0,0.0,0.0,0.0,0.0
2023-03-19 19:33:59.657000+00:00,45056.0,3047424.0,4067328.0,4059136.0,1.27,0.040797141,1.26,901289.0,0.0,0.0,6031.0,527780.0,0.0,0.0,3470.0,0.0,0.0,0.0,0.0
2023-03-19 19:34:04.375000+00:00,45056.0,3047424.0,3932160.0,3923968.0,1.28,0.040797141,1.27,901946.0,0.0,0.0,6034.0,528126.0,0.0,0.0,3472.0,0.0,0.0,0.0,0.0
2023-03-19 19:34:08.365000+00:00,45056.0,3043328.0,3932160.0,3923968.0,1.28,0.040797141,1.27,902286.0,0.0,0.0,6038.0,528270.0,0.0,0.0,3474.0,0.0,0.0,0.0,0.0
2023-03-19 19:34:13.570000+00:00,45056.0,3043328.0,3932160.0,3923968.0,1.29,0.040797141,1.27,902286.0,0.0,0.0,6038.0,528270.0,0.0,0.0,3474.0,0.0,0.0,0.0,0.0
2023-03-19 19:34:19.638000+00:00,45056.0,3043328.0,3932160.0,3923968.0,1.29,0.040797141,1.27,911720.0,0.0,0.0,6085.0,533129.0,0.0,0.0,3502.0,0.0,0.0,0.0,0.0
2023-03-19 19:34:24.090000+00:00,45056.0,3043328.0,3932160.0,3923968.0,1.29,0.040797141,1.28,911720.0,0.0,0.0,6085.0,533129.0,0.0,0.0,3502.0,0.0,0.0,0.0,0.0
2023-03-19 19:34:29.192000+00:00,45056.0,3043328.0,3932160.0,3923968.0,1.3,0.040797141,1.28,913355.0,0.0,0.0,6098.0,534224.0,0.0,0.0,3510.0,0.0,0.0,0.0,0.0
2023-03-19 19:34:33.986000+00:00,45056.0,3043328.0,3932160.0,3923968.0,1.3,0.040797141,1.29,913355.0,0.0,0.0,6100.0,534296.0,0.0,0.0,3511.0,0.0,0.0,0.0,0.0
2023-03-19 19:34:38.802000+00:00,45056.0,3047424.0,3932160.0,3923968.0,1.3,0.040797141,1.29,918530.0,0.0,0.0,6136.0,537261.0,0.0,0.0,3532.0,0.0,0.0,0.0,0.0
2023-03-19 19:34:43.356000+00:00,45056.0,3047424.0,3932160.0,3923968.0,1.3,0.040797141,1.3,918530.0,0.0,0.0,6136.0,537261.0,0.0,0.0,3532.0,0.0,0.0,0.0,0.0
2023-03-19 19:34:48.729000+00:00,45056.0,3043328.0,3936256.0,3923968.0,1.31,0.040797141,1.31,926248.0,0.0,0.0,6181.0,542201.0,0.0,0.0,3559.0,0.0,0.0,0.0,0.0
2023-03-19 19:34:54.102000+00:00,45056.0,3051520.0,4063232.0,4050944.0,1.32,0.040797141,1.31,935727.0,0.0,0.0,6241.0,547140.0,0.0,0.0,3595.0,0.0,0.0,0.0,0.0
2023-03-19 19:34:59.636000+00:00,45056.0,3051520.0,4075520.0,4063232.0,1.32,0.040797141,1.31,942629.0,0.0,0.0,6292.0,551383.0,0.0,0.0,3624.0,0.0,0.0,0.0,0.0
2023-03-19 19:35:04.221000+00:00,45056.0,3051520.0,4075520.0,4063232.0,1.33,0.040797141,1.31,942629.0,0.0,0.0,6334.0,554503.0,0.0,0.0,3648.0,0.0,0.0,0.0,0.0
2023-03-19 19:35:09.061000+00:00,45056.0,3055616.0,3948544.0,3923968.0,1.34,0.040797141,1.32,956670.0,0.0,0.0,6385.0,559399.0,0.0,0.0,3676.0,0.0,0.0,0.0,0.0
2023-03-19 19:35:13.867000+00:00,45056.0,3055616.0,3948544.0,3923968.0,1.34,0.040797141,1.32,956670.0,0.0,0.0,6385.0,559399.0,0.0,0.0,3676.0,0.0,0.0,0.0,0.0
2023-03-19 19:35:19.442000+00:00,45056.0,3047424.0,3960832.0,3948544.0,1.36,0.040797141,1.33,968195.0,0.0,0.0,6462.0,565904.0,0.0,0.0,3723.0,0.0,0.0,0.0,0.0
2023-03-19 19:35:23.919000+00:00,45056.0,3051520.0,3944448.0,3932160.0,1.36,0.040797141,1.33,969772.0,0.0,0.0,6474.0,566993.0,0.0,0.0,3731.0,0.0,0.0,0.0,0.0
2023-03-19 19:35:28.507000+00:00,45056.0,3051520.0,3944448.0,3923968.0,1.36,0.040797141,1.34,971268.0,0.0,0.0,6487.0,567623.0,0.0,0.0,3737.0,0.0,0.0,0.0,0.0
2023-03-19 19:35:33.307000+00:00,45056.0,3051520.0,3944448.0,3923968.0,1.36,0.040797141,1.34,971268.0,0.0,0.0,6506.0,569212.0,0.0,0.0,3748.0,0.0,0.0,0.0,0.0
2023-03-19 19:35:39.800000+00:00,45056.0,3043328.0,3936256.0,3923968.0,1.38,0.040797141,1.34,978229.0,0.0,0.0,6532.0,572065.0,0.0,0.0,3764.0,0.0,0.0,0.0,0.0
2023-03-19 19:35:44.417000+00:00,49152.0,3043328.0,3936256.0,3923968.0,1.38,0.040797141,1.34,978229.0,0.0,0.0,6532.0,572065.0,0.0,0.0,3764.0,0.0,0.0,0.0,0.0
2023-03-19 19:35:49+00:00,49152.0,3043328.0,3940352.0,3928064.0,1.38,0.040797141,1.35,978336.0,0.0,0.0,6533.0,572065.0,0.0,0.0,3764.0,0.0,0.0,0.0,0.0
2023-03-19 19:35:53.279000+00:00,49152.0,3051520.0,3944448.0,3932160.0,1.39,0.040797141,1.35,979844.0,0.0,0.0,6545.0,572493.0,0.0,0.0,3770.0,0.0,0.0,0.0,0.0
2023-03-19 19:35:58.978000+00:00,49152.0,3051520.0,3944448.0,3932160.0,1.4,0.040797141,1.35,984113.0,0.0,0.0,6571.0,574849.0,0.0,0.0,3785.0,0.0,0.0,0.0,0.0
2023-03-19 19:36:04.818000+00:00,49152.0,3051520.0,3944448.0,3932160.0,1.4,0.040797141,1.37,984113.0,0.0,0.0,6626.0,578877.0,0.0,0.0,3816.0,0.0,0.0,0.0,0.0
2023-03-19 19:36:08.810000+00:00,49152.0,3051520.0,3944448.0,3923968.0,1.41,0.040797141,1.38,1001070.0,0.0,0.0,6690.0,583695.0,0.0,0.0,3853.0,0.0,0.0,0.0,0.0
2023-03-19 19:36:14.743000+00:00,49152.0,3051520.0,3944448.0,3923968.0,1.41,0.040797141,1.38,1001070.0,0.0,0.0,6690.0,583695.0,0.0,0.0,3853.0,0.0,0.0,0.0,0.0
2023-03-19 19:36:19.817000+00:00,49152.0,3043328.0,3948544.0,3936256.0,1.42,0.040797141,1.39,1006002.0,0.0,0.0,6731.0,586774.0,0.0,0.0,3876.0,0.0,0.0,0.0,0.0
2023-03-19 19:36:23.867000+00:00,49152.0,3043328.0,3948544.0,3936256.0,1.42,0.040797141,1.39,1006002.0,0.0,0.0,6731.0,586774.0,0.0,0.0,3876.0,0.0,0.0,0.0,0.0
2023-03-19 19:36:29.447000+00:00,49152.0,3043328.0,3948544.0,3936256.0,1.43,0.040797141,1.4,1011370.0,0.0,0.0,6763.0,590187.0,0.0,0.0,3895.0,0.0,0.0,0.0,0.0
2023-03-19 19:36:34.635000+00:00,49152.0,3043328.0,3948544.0,3936256.0,1.44,0.040797141,1.4,1011370.0,0.0,0.0,6790.0,592063.0,0.0,0.0,3910.0,0.0,0.0,0.0,0.0
2023-03-19 19:36:38.381000+00:00,49152.0,3047424.0,3813376.0,3801088.0,1.44,0.040797141,1.41,1022359.0,0.0,0.0,6839.0,597108.0,0.0,0.0,3940.0,0.0,0.0,0.0,0.0
2023-03-19 19:36:44.906000+00:00,49152.0,3043328.0,3813376.0,3801088.0,1.45,0.040797141,1.42,1022359.0,0.0,0.0,6839.0,597108.0,0.0,0.0,3940.0,0.0,0.0,0.0,0.0
2023-03-19 19:36:48.297000+00:00,49152.0,3043328.0,3936256.0,3923968.0,1.45,0.040797141,1.42,1027076.0,0.0,0.0,6875.0,599653.0,0.0,0.0,3961.0,0.0,0.0,0.0,0.0
2023-03-19 19:36:54.913000+00:00,49152.0,3043328.0,3936256.0,3923968.0,1.46,0.040797141,1.43,1027076.0,0.0,0.0,7011.0,611366.0,0.0,0.0,4045.0,0.0,0.0,0.0,0.0
2023-03-19 19:36:59.799000+00:00,49152.0,3051520.0,3944448.0,3932160.0,1.48,0.040797141,1.44,1056871.0,0.0,0.0,7085.0,618482.0,0.0,0.0,4091.0,0.0,0.0,0.0,0.0
2023-03-19 19:37:04.305000+00:00,49152.0,3051520.0,3944448.0,3796992.0,1.48,0.040797141,1.45,1060178.0,0.0,0.0,7108.0,620090.0,0.0,0.0,4103.0,0.0,0.0,0.0,0.0
2023-03-19 19:37:09.567000+00:00,49152.0,3055616.0,3948544.0,3936256.0,1.49,0.040797141,1.46,1071727.0,0.0,0.0,7180.0,626099.0,0.0,0.0,4146.0,0.0,0.0,0.0,0.0
2023-03-19 19:37:14.881000+00:00,49152.0,3055616.0,3948544.0,3936256.0,1.49,0.040797141,1.46,1071727.0,0.0,0.0,7180.0,626099.0,0.0,0.0,4146.0,0.0,0.0,0.0,0.0
2023-03-19 19:37:19.539000+00:00,49152.0,3043328.0,3944448.0,3932160.0,1.49,0.040797141,1.46,1076107.0,0.0,0.0,7215.0,628526.0,0.0,0.0,4165.0,0.0,0.0,0.0,0.0
2023-03-19 19:37:23.332000+00:00,49152.0,3043328.0,3944448.0,3932160.0,1.49,0.040797141,1.48,1076107.0,0.0,0.0,7241.0,630446.0,0.0,0.0,4179.0,0.0,0.0,0.0,0.0
2023-03-19 19:37:28.709000+00:00,49152.0,3051520.0,4075520.0,4063232.0,1.49,0.040797141,1.48,1084231.0,0.0,0.0,7270.0,632275.0,0.0,0.0,4194.0,0.0,0.0,0.0,0.0
2023-03-19 19:37:33.946000+00:00,49152.0,3051520.0,4075520.0,3792896.0,1.49,0.040797141,1.5,1086107.0,0.0,0.0,7283.0,633553.0,0.0,0.0,4202.0,0.0,0.0,0.0,0.0
2023-03-19 19:37:38.335000+00:00,49152.0,3047424.0,3813376.0,3801088.0,1.49,0.040797141,1.5,1086617.0,0.0,0.0,7289.0,633769.0,0.0,0.0,4205.0,0.0,0.0,0.0,0.0
2023-03-19 19:37:44.256000+00:00,49152.0,3047424.0,3813376.0,3801088.0,1.5,0.040797141,1.51,1086617.0,0.0,0.0,7289.0,633769.0,0.0,0.0,4205.0,0.0,0.0,0.0,0.0
2023-03-19 19:37:49.064000+00:00,49152.0,3055616.0,3948544.0,3928064.0,1.5,0.040797141,1.51,1109161.0,0.0,0.0,7439.0,645666.0,0.0,0.0,4292.0,0.0,0.0,0.0,0.0
2023-03-19 19:37:54.784000+00:00,49152.0,3055616.0,3948544.0,3928064.0,1.5,0.040797141,1.52,1109161.0,0.0,0.0,7464.0,647221.0,0.0,0.0,4306.0,0.0,0.0,0.0,0.0
2023-03-19 19:37:58.623000+00:00,49152.0,3043328.0,3936256.0,3923968.0,1.5,0.040797141,1.52,1114374.0,0.0,0.0,7477.0,648578.0,0.0,0.0,4314.0,0.0,0.0,0.0,0.0
2023-03-19 19:38:03.765000+00:00,49152.0,3043328.0,3936256.0,3923968.0,1.51,0.040797141,1.52,1114374.0,0.0,0.0,7477.0,648578.0,0.0,0.0,4314.0,0.0,0.0,0.0,0.0
2023-03-19 19:38:08.512000+00:00,49152.0,3043328.0,3936256.0,3923968.0,1.52,0.040797141,1.52,1115217.0,0.0,0.0,7483.0,649008.0,0.0,0.0,4317.0,0.0,0.0,0.0,0.0
2023-03-19 19:38:13.430000+00:00,49152.0,3043328.0,3936256.0,3923968.0,1.53,0.040797141,1.52,1115217.0,0.0,0.0,7483.0,649008.0,0.0,0.0,4317.0,0.0,0.0,0.0,0.0
2023-03-19 19:38:18.373000+00:00,49152.0,3043328.0,3936256.0,3923968.0,1.53,0.040797141,1.53,1122860.0,0.0,0.0,7534.0,654196.0,0.0,0.0,4348.0,0.0,0.0,0.0,0.0
2023-03-19 19:38:24.498000+00:00,49152.0,3043328.0,3936256.0,3923968.0,1.54,0.040797141,1.53,1125956.0,0.0,0.0,7553.0,656557.0,0.0,0.0,4359.0,0.0,0.0,0.0,0.0
2023-03-19 19:38:29.911000+00:00,49152.0,3043328.0,3928064.0,3915776.0,1.54,0.040797141,1.54,1131657.0,0.0,0.0,7596.0,660131.0,0.0,0.0,4385.0,0.0,0.0,0.0,0.0
2023-03-19 19:38:34.336000+00:00,49152.0,3043328.0,3948544.0,3936256.0,1.54,0.040797141,1.56,1134654.0,0.0,0.0,7615.0,661716.0,0.0,0.0,4396.0,0.0,0.0,0.0,0.0
2023-03-19 19:38:39.216000+00:00,49152.0,3051520.0,3944448.0,3932160.0,1.55,0.040797141,1.56,1140209.0,0.0,0.0,7653.0,664513.0,0.0,0.0,4418.0,0.0,0.0,0.0,0.0
2023-03-19 19:38:43.477000+00:00,49152.0,3051520.0,3944448.0,3932160.0,1.56,0.040797141,1.56,1143018.0,0.0,0.0,7667.0,665906.0,0.0,0.0,4427.0,0.0,0.0,0.0,0.0
2023-03-19 19:38:49.682000+00:00,49152.0,3047424.0,3940352.0,3928064.0,1.56,0.040797141,1.56,1145043.0,0.0,0.0,7684.0,667180.0,0.0,0.0,4437.0,0.0,0.0,0.0,0.0
2023-03-19 19:38:54.726000+00:00,49152.0,3047424.0,3940352.0,3932160.0,1.58,0.040797141,1.56,1157764.0,0.0,0.0,7755.0,675342.0,0.0,0.0,4481.0,0.0,0.0,0.0,0.0
2023-03-19 19:38:58.527000+00:00,49152.0,3051520.0,3944448.0,3932160.0,1.58,0.040797141,1.56,1161015.0,0.0,0.0,7780.0,677147.0,0.0,0.0,4495.0,0.0,0.0,0.0,0.0
2023-03-19 19:39:03.856000+00:00,49152.0,3051520.0,3940352.0,3928064.0,1.59,0.040797141,1.58,1172051.0,0.0,0.0,7844.0,683632.0,0.0,0.0,4533.0,0.0,0.0,0.0,0.0
2023-03-19 19:39:08.542000+00:00,49152.0,3047424.0,3952640.0,3940352.0,1.6,0.040797141,1.59,1175846.0,0.0,0.0,7872.0,686158.0,0.0,0.0,4550.0,0.0,0.0,0.0,0.0
2023-03-19 19:39:13.821000+00:00,49152.0,3047424.0,3952640.0,3940352.0,1.6,0.040797141,1.6,1175846.0,0.0,0.0,7872.0,686158.0,0.0,0.0,4550.0,0.0,0.0,0.0,0.0
2023-03-19 19:39:19.402000+00:00,49152.0,3051520.0,3952640.0,3940352.0,1.61,0.040797141,1.6,1189173.0,0.0,0.0,7966.0,693664.0,0.0,0.0,4607.0,0.0,0.0,0.0,0.0
2023-03-19 19:39:23.830000+00:00,49152.0,3051520.0,3952640.0,3932160.0,1.62,0.040797141,1.6,1191404.0,0.0,0.0,7979.0,695559.0,0.0,0.0,4615.0,0.0,0.0,0.0,0.0
2023-03-19 19:39:29.072000+00:00,49152.0,3047424.0,3944448.0,3932160.0,1.62,0.040797141,1.6,1192388.0,0.0,0.0,7985.0,696180.0,0.0,0.0,4618.0,0.0,0.0,0.0,0.0
2023-03-19 19:39:34.485000+00:00,49152.0,3047424.0,3817472.0,3805184.0,1.63,0.040797141,1.62,1196127.0,0.0,0.0,8012.0,698073.0,0.0,0.0,4633.0,0.0,0.0,0.0,0.0
2023-03-19 19:39:39.139000+00:00,49152.0,3047424.0,3809280.0,3796992.0,1.64,0.040797141,1.63,1202724.0,0.0,0.0,8059.0,701758.0,0.0,0.0,4661.0,0.0,0.0,0.0,0.0
2023-03-19 19:39:43.272000+00:00,49152.0,3047424.0,3809280.0,3796992.0,1.65,0.040797141,1.64,1202724.0,0.0,0.0,8059.0,701758.0,0.0,0.0,4661.0,0.0,0.0,0.0,0.0
2023-03-19 19:39:49.368000+00:00,49152.0,3047424.0,4079616.0,4067328.0,1.66,0.040797141,1.65,1209303.0,0.0,0.0,8102.0,705062.0,0.0,0.0,4685.0,0.0,0.0,0.0,0.0
2023-03-19 19:39:54.738000+00:00,49152.0,3047424.0,3969024.0,3956736.0,1.67,0.040797141,1.65,1211891.0,0.0,0.0,8121.0,706595.0,0.0,0.0,4696.0,0.0,0.0,0.0,0.0
2023-03-19 19:39:59.610000+00:00,49152.0,3051520.0,3940352.0,3928064.0,1.67,0.040797141,1.65,1212908.0,0.0,0.0,8129.0,707097.0,0.0,0.0,4700.0,0.0,0.0,0.0,0.0
2023-03-19 19:40:04.012000+00:00,49152.0,3051520.0,3940352.0,3928064.0,1.68,0.040797141,1.66,1218113.0,0.0,0.0,8159.0,710189.0,0.0,0.0,4718.0,0.0,0.0,0.0,0.0
2023-03-19 19:40:09.176000+00:00,49152.0,3051520.0,4079616.0,4067328.0,1.68,0.040797141,1.67,1220435.0,0.0,0.0,8174.0,711603.0,0.0,0.0,4727.0,0.0,0.0,0.0,0.0
2023-03-19 19:40:13.348000+00:00,49152.0,3047424.0,4079616.0,4067328.0,1.68,0.040797141,1.68,1220435.0,0.0,0.0,8174.0,711603.0,0.0,0.0,4727.0,0.0,0.0,0.0,0.0
2023-03-19 19:40:18.278000+00:00,49152.0,3047424.0,3956736.0,3944448.0,1.69,0.040797141,1.68,1232323.0,0.0,0.0,8257.0,717691.0,0.0,0.0,4773.0,0.0,0.0,0.0,0.0
2023-03-19 19:40:24.170000+00:00,49152.0,3055616.0,3948544.0,3936256.0,1.69,0.040797141,1.69,1240181.0,0.0,0.0,8312.0,722230.0,0.0,0.0,4805.0,0.0,0.0,0.0,0.0
2023-03-19 19:40:29.394000+00:00,49152.0,3055616.0,3948544.0,3936256.0,1.69,0.040797141,1.7,1242419.0,0.0,0.0,8331.0,723522.0,0.0,0.0,4816.0,0.0,0.0,0.0,0.0
2023-03-19 19:40:34.174000+00:00,49152.0,3055616.0,3940352.0,3928064.0,1.69,0.040797141,1.7,1242419.0,0.0,0.0,8331.0,723522.0,0.0,0.0,4816.0,0.0,0.0,0.0,0.0
2023-03-19 19:40:39.064000+00:00,49152.0,3047424.0,3944448.0,3932160.0,1.7,0.040797141,1.7,1249452.0,0.0,0.0,8379.0,727477.0,0.0,0.0,4846.0,0.0,0.0,0.0,0.0
2023-03-19 19:40:42.925000+00:00,49152.0,3047424.0,3944448.0,3932160.0,1.7,0.040797141,1.7,1251991.0,0.0,0.0,8398.0,728972.0,0.0,0.0,4857.0,0.0,0.0,0.0,0.0
2023-03-19 19:40:48.109000+00:00,49152.0,3047424.0,3940352.0,3928064.0,1.7,0.040797141,1.7,1253225.0,0.0,0.0,8409.0,729710.0,0.0,0.0,4863.0,0.0,0.0,0.0,0.0
2023-03-19 19:40:54.810000+00:00,49152.0,3047424.0,3940352.0,3952640.0,1.72,0.040797141,1.71,1258577.0,0.0,0.0,8447.0,732781.0,0.0,0.0,4885.0,0.0,0.0,0.0,0.0
2023-03-19 19:40:58.966000+00:00,49152.0,3047424.0,3997696.0,3985408.0,1.73,0.040797141,1.72,1263826.0,0.0,0.0,8479.0,735510.0,0.0,0.0,4904.0,0.0,0.0,0.0,0.0
2023-03-19 19:41:04.836000+00:00,49152.0,3047424.0,3997696.0,3825664.0,1.74,0.040797141,1.73,1272659.0,0.0,0.0,8531.0,740209.0,0.0,0.0,4934.0,0.0,0.0,0.0,0.0
2023-03-19 19:41:08.722000+00:00,49152.0,3055616.0,3948544.0,3936256.0,1.74,0.040797141,1.74,1276004.0,0.0,0.0,8557.0,742396.0,0.0,0.0,4950.0,0.0,0.0,0.0,0.0
2023-03-19 19:41:13.168000+00:00,49152.0,3055616.0,3948544.0,3936256.0,1.74,0.040797141,1.74,1276004.0,0.0,0.0,8557.0,742396.0,0.0,0.0,4950.0,0.0,0.0,0.0,0.0
2023-03-19 19:41:18.726000+00:00,49152.0,3059712.0,3821568.0,3805184.0,1.75,0.040797141,1.74,1282518.0,0.0,0.0,8601.0,746008.0,0.0,0.0,4976.0,0.0,0.0,0.0,0.0
2023-03-19 19:41:23.724000+00:00,49152.0,3055616.0,3948544.0,3928064.0,1.77,0.040797141,1.74,1290276.0,0.0,0.0,8659.0,750519.0,0.0,0.0,5010.0,0.0,0.0,0.0,0.0
2023-03-19 19:41:29.091000+00:00,49152.0,3055616.0,3948544.0,3928064.0,1.78,0.040797141,1.74,1295100.0,0.0,0.0,8694.0,753606.0,0.0,0.0,5030.0,0.0,0.0,0.0,0.0
2023-03-19 19:41:34.465000+00:00,49152.0,3047424.0,3817472.0,3805184.0,1.78,0.040797141,1.75,1299922.0,0.0,0.0,8730.0,756098.0,0.0,0.0,5050.0,0.0,0.0,0.0,0.0
2023-03-19 19:41:38.275000+00:00,49152.0,3047424.0,3940352.0,3928064.0,1.78,0.040797141,1.76,1304839.0,0.0,0.0,8762.0,759318.0,0.0,0.0,5071.0,0.0,0.0,0.0,0.0
2023-03-19 19:41:44.371000+00:00,49152.0,3047424.0,3940352.0,3928064.0,1.78,0.040797141,1.76,1304839.0,0.0,0.0,8762.0,759318.0,0.0,0.0,5071.0,0.0,0.0,0.0,0.0
2023-03-19 19:41:48.634000+00:00,49152.0,3055616.0,3952640.0,3940352.0,1.78,0.040797141,1.76,1314359.0,0.0,0.0,8827.0,764052.0,0.0,0.0,5108.0,0.0,0.0,0.0,0.0
2023-03-19 19:41:53.363000+00:00,49152.0,3055616.0,4083712.0,4071424.0,1.8,0.040797141,1.77,1318755.0,0.0,0.0,8853.0,766475.0,0.0,0.0,5124.0,0.0,0.0,0.0,0.0
2023-03-19 19:41:58.946000+00:00,49152.0,3047424.0,3936256.0,3923968.0,1.81,0.040797141,1.78,1324190.0,0.0,0.0,8885.0,769174.0,0.0,0.0,5143.0,0.0,0.0,0.0,0.0
2023-03-19 19:42:03.732000+00:00,49152.0,3047424.0,3940352.0,3928064.0,1.81,0.040797141,1.79,1324190.0,0.0,0.0,8885.0,769174.0,0.0,0.0,5143.0,0.0,0.0,0.0,0.0
2023-03-19 19:42:09.344000+00:00,49152.0,3043328.0,3936256.0,3923968.0,1.82,0.040797141,1.8,1324530.0,0.0,0.0,8889.0,769318.0,0.0,0.0,5145.0,0.0,0.0,0.0,0.0
2023-03-19 19:42:14.830000+00:00,49152.0,3043328.0,3936256.0,3923968.0,1.82,0.040797141,1.81,1324530.0,0.0,0.0,8889.0,769318.0,0.0,0.0,5145.0,0.0,0.0,0.0,0.0
2023-03-19 19:42:19.381000+00:00,49152.0,3055616.0,3948544.0,3936256.0,1.82,0.040797141,1.82,1341677.0,0.0,0.0,8987.0,777850.0,0.0,0.0,5204.0,0.0,0.0,0.0,0.0
2023-03-19 19:42:23.593000+00:00,49152.0,3047424.0,3956736.0,3944448.0,1.83,0.040797141,1.84,1348879.0,0.0,0.0,9036.0,782150.0,0.0,0.0,5234.0,0.0,0.0,0.0,0.0
2023-03-19 19:42:28.562000+00:00,49152.0,3047424.0,3940352.0,3928064.0,1.83,0.040797141,1.84,1355729.0,0.0,0.0,9082.0,786208.0,0.0,0.0,5261.0,0.0,0.0,0.0,0.0
2023-03-19 19:42:34.357000+00:00,49152.0,3047424.0,3919872.0,3907584.0,1.84,0.040797141,1.85,1362760.0,0.0,0.0,9136.0,790537.0,0.0,0.0,5293.0,0.0,0.0,0.0,0.0
2023-03-19 19:42:39.621000+00:00,49152.0,3043328.0,3944448.0,3932160.0,1.84,0.040797141,1.85,1367746.0,0.0,0.0,9174.0,793413.0,0.0,0.0,5315.0,0.0,0.0,0.0,0.0
2023-03-19 19:42:44.084000+00:00,49152.0,3043328.0,3936256.0,3923968.0,1.84,0.040797141,1.86,1369984.0,0.0,0.0,9191.0,794581.0,0.0,0.0,5324.0,0.0,0.0,0.0,0.0
2023-03-19 19:42:49.207000+00:00,49152.0,3043328.0,3936256.0,3923968.0,1.85,0.040797141,1.86,1370154.0,0.0,0.0,9193.0,794653.0,0.0,0.0,5325.0,0.0,0.0,0.0,0.0
2023-03-19 19:42:53.639000+00:00,49152.0,3043328.0,3936256.0,3923968.0,1.85,0.040797141,1.86,1371942.0,0.0,0.0,9206.0,795762.0,0.0,0.0,5333.0,0.0,0.0,0.0,0.0
2023-03-19 19:42:59.756000+00:00,49152.0,3043328.0,4075520.0,4063232.0,1.85,0.040797141,1.88,1375647.0,0.0,0.0,9229.0,798282.0,0.0,0.0,5346.0,0.0,0.0,0.0,0.0
2023-03-19 19:43:03.925000+00:00,49152.0,3043328.0,4075520.0,3932160.0,1.86,0.040797141,1.88,1382895.0,0.0,0.0,9284.0,802647.0,0.0,0.0,5377.0,0.0,0.0,0.0,0.0
2023-03-19 19:43:09.515000+00:00,49152.0,3043328.0,3952640.0,3940352.0,1.86,0.040797141,1.9,1393936.0,0.0,0.0,9355.0,809101.0,0.0,0.0,5420.0,0.0,0.0,0.0,0.0
2023-03-19 19:43:14.817000+00:00,49152.0,3043328.0,3952640.0,3940352.0,1.86,0.040797141,1.9,1393936.0,0.0,0.0,9355.0,809101.0,0.0,0.0,5420.0,0.0,0.0,0.0,0.0
2023-03-19 19:43:19.584000+00:00,49152.0,3043328.0,3936256.0,3923968.0,1.86,0.040797141,1.9,1402957.0,0.0,0.0,9412.0,813900.0,0.0,0.0,5453.0,0.0,0.0,0.0,0.0
2023-03-19 19:43:24.756000+00:00,49152.0,3043328.0,3940352.0,3928064.0,1.87,0.040797141,1.91,1406190.0,0.0,0.0,9433.0,816162.0,0.0,0.0,5465.0,0.0,0.0,0.0,0.0
2023-03-19 19:43:29.783000+00:00,49152.0,3047424.0,3940352.0,3928064.0,1.88,0.040797141,1.92,1411861.0,0.0,0.0,9473.0,818761.0,0.0,0.0,5486.0,0.0,0.0,0.0,0.0
2023-03-19 19:43:34.408000+00:00,49152.0,3047424.0,3940352.0,3928064.0,1.88,0.040797141,1.93,1411861.0,0.0,0.0,9509.0,821642.0,0.0,0.0,5507.0,0.0,0.0,0.0,0.0
2023-03-19 19:43:38.833000+00:00,49152.0,3043328.0,3952640.0,3940352.0,1.89,0.040797141,1.94,1421957.0,0.0,0.0,9539.0,823915.0,0.0,0.0,5524.0,0.0,0.0,0.0,0.0
2023-03-19 19:43:44.414000+00:00,49152.0,3047424.0,3952640.0,3940352.0,1.89,0.040797141,1.94,1421957.0,0.0,0.0,9539.0,823915.0,0.0,0.0,5524.0,0.0,0.0,0.0,0.0
2023-03-19 19:43:49.030000+00:00,49152.0,3043328.0,3936256.0,3923968.0,1.89,0.040797141,1.95,1429993.0,0.0,0.0,9592.0,827621.0,0.0,0.0,5553.0,0.0,0.0,0.0,0.0
2023-03-19 19:43:54.551000+00:00,49152.0,3043328.0,3948544.0,3936256.0,1.9,0.040797141,1.97,1445937.0,0.0,0.0,9700.0,836847.0,0.0,0.0,5621.0,0.0,0.0,0.0,0.0
2023-03-19 19:43:59.366000+00:00,49152.0,3051520.0,3944448.0,3932160.0,1.9,0.040797141,1.97,1447755.0,0.0,0.0,9715.0,837969.0,0.0,0.0,5630.0,0.0,0.0,0.0,0.0
2023-03-19 19:44:03.990000+00:00,49152.0,3051520.0,3944448.0,3932160.0,1.91,0.040797141,1.98,1450617.0,0.0,0.0,9738.0,839505.0,0.0,0.0,5642.0,0.0,0.0,0.0,0.0
2023-03-19 19:44:08.847000+00:00,49152.0,3051520.0,3944448.0,3932160.0,1.91,0.040797141,1.98,1450617.0,0.0,0.0,9738.0,839505.0,0.0,0.0,5642.0,0.0,0.0,0.0,0.0
2023-03-19 19:44:14.571000+00:00,49152.0,3051520.0,3944448.0,3932160.0,1.91,0.040797141,1.98,1450617.0,0.0,0.0,9738.0,839505.0,0.0,0.0,5642.0,0.0,0.0,0.0,0.0
2023-03-19 19:44:19.291000+00:00,49152.0,3055616.0,3952640.0,3940352.0,1.91,0.040797141,2.0,1460814.0,0.0,0.0,9800.0,845012.0,0.0,0.0,5678.0,0.0,0.0,0.0,0.0
2023-03-19 19:44:23.735000+00:00,49152.0,3055616.0,3952640.0,3940352.0,1.91,0.040797141,2.0,1464044.0,0.0,0.0,9825.0,846634.0,0.0,0.0,5692.0,0.0,0.0,0.0,0.0
2023-03-19 19:44:29.820000+00:00,49152.0,3055616.0,3948544.0,3928064.0,1.91,0.040797141,2.01,1473807.0,0.0,0.0,9887.0,853165.0,0.0,0.0,5729.0,0.0,0.0,0.0,0.0
2023-03-19 19:44:34.793000+00:00,49152.0,3055616.0,3940352.0,3928064.0,1.92,0.040797141,2.02,1473962.0,0.0,0.0,9889.0,853235.0,0.0,0.0,5730.0,0.0,0.0,0.0,0.0
2023-03-19 19:44:39.309000+00:00,49152.0,3047424.0,3964928.0,3952640.0,1.93,0.040797141,2.02,1475300.0,0.0,0.0,9903.0,853737.0,0.0,0.0,5737.0,0.0,0.0,0.0,0.0
2023-03-19 19:44:43.480000+00:00,49152.0,3047424.0,3964928.0,3952640.0,1.93,0.040797141,2.03,1475300.0,0.0,0.0,9903.0,853737.0,0.0,0.0,5737.0,0.0,0.0,0.0,0.0
2023-03-19 19:44:49.617000+00:00,49152.0,3047424.0,3829760.0,3813376.0,1.94,0.040797141,2.04,1488203.0,0.0,0.0,9991.0,861440.0,0.0,0.0,5791.0,0.0,0.0,0.0,0.0
2023-03-19 19:44:54.409000+00:00,49152.0,3047424.0,3829760.0,3940352.0,1.96,0.040797141,2.04,1495741.0,0.0,0.0,10044.0,865642.0,0.0,0.0,5822.0,0.0,0.0,0.0,0.0
2023-03-19 19:44:58.356000+00:00,49152.0,3051520.0,3948544.0,3932160.0,1.96,0.040797141,2.05,1501696.0,0.0,0.0,10082.0,868573.0,0.0,0.0,5843.0,0.0,0.0,0.0,0.0
2023-03-19 19:45:03.178000+00:00,49152.0,3051520.0,3948544.0,3932160.0,1.97,0.040797141,2.05,1507740.0,0.0,0.0,10125.0,872214.0,0.0,0.0,5871.0,0.0,0.0,0.0,0.0
2023-03-19 19:45:09.298000+00:00,49152.0,3051520.0,3948544.0,3932160.0,1.97,0.040797141,2.06,1507806.0,0.0,0.0,10126.0,872214.0,0.0,0.0,5871.0,0.0,0.0,0.0,0.0
2023-03-19 19:45:13.627000+00:00,49152.0,3051520.0,3948544.0,3932160.0,1.98,0.040797141,2.07,1507806.0,0.0,0.0,10126.0,872214.0,0.0,0.0,5871.0,0.0,0.0,0.0,0.0
2023-03-19 19:45:19.922000+00:00,49152.0,3059712.0,3956736.0,3936256.0,1.99,0.040797141,2.07,1513537.0,0.0,0.0,10164.0,874952.0,0.0,0.0,5892.0,0.0,0.0,0.0,0.0
2023-03-19 19:45:23.537000+00:00,49152.0,3055616.0,3952640.0,3928064.0,1.99,0.040797141,2.08,1515756.0,0.0,0.0,10179.0,876031.0,0.0,0.0,5900.0,0.0,0.0,0.0,0.0
2023-03-19 19:45:28.551000+00:00,49152.0,3055616.0,3952640.0,3928064.0,1.99,0.040797141,2.08,1518418.0,0.0,0.0,10201.0,877591.0,0.0,0.0,5912.0,0.0,0.0,0.0,0.0
2023-03-19 19:45:33.083000+00:00,49152.0,3055616.0,3952640.0,3928064.0,2.0,0.040797141,2.08,1518418.0,0.0,0.0,10213.0,878426.0,0.0,0.0,5918.0,0.0,0.0,0.0,0.0
2023-03-19 19:45:39.628000+00:00,49152.0,3047424.0,3944448.0,3928064.0,2.0,0.040797141,2.09,1522231.0,0.0,0.0,10226.0,880110.0,0.0,0.0,5926.0,0.0,0.0,0.0,0.0
2023-03-19 19:45:44.648000+00:00,49152.0,3047424.0,3944448.0,3928064.0,2.01,0.040797141,2.1,1522231.0,0.0,0.0,10226.0,880110.0,0.0,0.0,5944.0,0.0,0.0,0.0,0.0
2023-03-19 19:45:49.853000+00:00,49152.0,3051520.0,3817472.0,3801088.0,2.02,0.040797141,2.1,1538736.0,0.0,0.0,10338.0,890878.0,0.0,0.0,5992.0,0.0,0.0,0.0,0.0
2023-03-19 19:45:54.707000+00:00,49152.0,3051520.0,3964928.0,3948544.0,2.02,0.040797141,2.11,1543630.0,0.0,0.0,10375.0,893459.0,0.0,0.0,6012.0,0.0,0.0,0.0,0.0
2023-03-19 19:45:59.499000+00:00,49152.0,3055616.0,3952640.0,3936256.0,2.02,0.040797141,2.11,1549986.0,0.0,0.0,10422.0,897042.0,0.0,0.0,6039.0,0.0,0.0,0.0,0.0
2023-03-19 19:46:04.789000+00:00,49152.0,3055616.0,3952640.0,3928064.0,2.04,0.040797141,2.12,1558633.0,0.0,0.0,10467.0,902661.0,0.0,0.0,6067.0,0.0,0.0,0.0,0.0
2023-03-19 19:46:09.702000+00:00,49152.0,3055616.0,3952640.0,3928064.0,2.04,0.040797141,2.13,1561354.0,0.0,0.0,10486.0,904205.0,0.0,0.0,6078.0,0.0,0.0,0.0,0.0
2023-03-19 19:46:14.084000+00:00,49152.0,3055616.0,3952640.0,3928064.0,2.04,0.040797141,2.14,1561354.0,0.0,0.0,10486.0,904205.0,0.0,0.0,6078.0,0.0,0.0,0.0,0.0
2023-03-19 19:46:19.552000+00:00,49152.0,3047424.0,3944448.0,3928064.0,2.04,0.040797141,2.14,1571233.0,0.0,0.0,10553.0,909260.0,0.0,0.0,6115.0,0.0,0.0,0.0,0.0
2023-03-19 19:46:24.713000+00:00,49152.0,3047424.0,3960832.0,3944448.0,2.04,0.040797141,2.15,1573578.0,0.0,0.0,10570.0,910447.0,0.0,0.0,6124.0,0.0,0.0,0.0,0.0
2023-03-19 19:46:28.876000+00:00,49152.0,3047424.0,3817472.0,3801088.0,2.05,0.040797141,2.16,1574576.0,0.0,0.0,10578.0,910959.0,0.0,0.0,6128.0,0.0,0.0,0.0,0.0
2023-03-19 19:46:33.920000+00:00,49152.0,3047424.0,3956736.0,3940352.0,2.05,0.040797141,2.16,1577329.0,0.0,0.0,10595.0,912404.0,0.0,0.0,6138.0,0.0,0.0,0.0,0.0
2023-03-19 19:46:39.535000+00:00,49152.0,3047424.0,3817472.0,3801088.0,2.05,0.040797141,2.17,1577329.0,0.0,0.0,10595.0,912404.0,0.0,0.0,6138.0,0.0,0.0,0.0,0.0
2023-03-19 19:46:43.770000+00:00,49152.0,3055616.0,3829760.0,3813376.0,2.05,0.040797141,2.17,1581369.0,0.0,0.0,10628.0,914274.0,0.0,0.0,6156.0,0.0,0.0,0.0,0.0
2023-03-19 19:46:48.768000+00:00,49152.0,3059712.0,3956736.0,3940352.0,2.06,0.040797141,2.18,1589858.0,0.0,0.0,10684.0,919315.0,0.0,0.0,6189.0,0.0,0.0,0.0,0.0
2023-03-19 19:46:54.572000+00:00,49152.0,3059712.0,3956736.0,3932160.0,2.06,0.040797141,2.18,1593336.0,0.0,0.0,10707.0,920800.0,0.0,0.0,6202.0,0.0,0.0,0.0,0.0
2023-03-19 19:46:59.145000+00:00,49152.0,3059712.0,3956736.0,3936256.0,2.06,0.040797141,2.18,1599020.0,0.0,0.0,10747.0,924156.0,0.0,0.0,6226.0,0.0,0.0,0.0,0.0
2023-03-19 19:47:03.860000+00:00,49152.0,3051520.0,3829760.0,3813376.0,2.06,0.040797141,2.18,1601822.0,0.0,0.0,10768.0,925673.0,0.0,0.0,6238.0,0.0,0.0,0.0,0.0
2023-03-19 19:47:08.992000+00:00,49152.0,3055616.0,3952640.0,3936256.0,2.06,0.040797141,2.18,1610773.0,0.0,0.0,10819.0,931016.0,0.0,0.0,6269.0,0.0,0.0,0.0,0.0
2023-03-19 19:47:13.986000+00:00,49152.0,3055616.0,3952640.0,3936256.0,2.06,0.040797141,2.19,1610773.0,0.0,0.0,10819.0,931016.0,0.0,0.0,6269.0,0.0,0.0,0.0,0.0
2023-03-19 19:47:19.449000+00:00,49152.0,3055616.0,4222976.0,4206592.0,2.07,0.040797141,2.19,1614955.0,0.0,0.0,10850.0,933126.0,0.0,0.0,6286.0,0.0,0.0,0.0,0.0
2023-03-19 19:47:23.030000+00:00,49152.0,3055616.0,4222976.0,3801088.0,2.07,0.040797141,2.2,1615021.0,0.0,0.0,10851.0,933126.0,0.0,0.0,6286.0,0.0,0.0,0.0,0.0
2023-03-19 19:47:29.402000+00:00,49152.0,3051520.0,4075520.0,4059136.0,2.08,0.040797141,2.21,1622273.0,0.0,0.0,10898.0,937392.0,0.0,0.0,6313.0,0.0,0.0,0.0,0.0
2023-03-19 19:47:34.497000+00:00,49152.0,3051520.0,4075520.0,3932160.0,2.09,0.040797141,2.21,1623285.0,0.0,0.0,10906.0,937901.0,0.0,0.0,6317.0,0.0,0.0,0.0,0.0
2023-03-19 19:47:39.126000+00:00,49152.0,3055616.0,3821568.0,3805184.0,2.1,0.040797141,2.21,1629321.0,0.0,0.0,10944.0,940888.0,0.0,0.0,6338.0,0.0,0.0,0.0,0.0
2023-03-19 19:47:44.493000+00:00,49152.0,3055616.0,3952640.0,3936256.0,2.1,0.040797141,2.21,1632140.0,0.0,0.0,10966.0,942527.0,0.0,0.0,6338.0,0.0,0.0,0.0,0.0
2023-03-19 19:47:48.870000+00:00,49152.0,3051520.0,3952640.0,3936256.0,2.1,0.040797141,2.22,1638995.0,0.0,0.0,11007.0,946809.0,0.0,0.0,6377.0,0.0,0.0,0.0,0.0
2023-03-19 19:47:53.967000+00:00,49152.0,3051520.0,3817472.0,3801088.0,2.1,0.040797141,2.22,1642447.0,0.0,0.0,11028.0,948427.0,0.0,0.0,6389.0,0.0,0.0,0.0,0.0
2023-03-19 19:47:59.905000+00:00,49152.0,3051520.0,3956736.0,3940352.0,2.11,0.040797141,2.24,1649524.0,0.0,0.0,11082.0,952693.0,0.0,0.0,6421.0,0.0,0.0,0.0,0.0
2023-03-19 19:48:03.484000+00:00,49152.0,3051520.0,3956736.0,3940352.0,2.12,0.040797141,2.24,1649524.0,0.0,0.0,11094.0,953123.0,0.0,0.0,6427.0,0.0,0.0,0.0,0.0
2023-03-19 19:48:08.970000+00:00,49152.0,3051520.0,4091904.0,4075520.0,2.12,0.040797141,2.25,1660542.0,0.0,0.0,11160.0,958830.0,0.0,0.0,6466.0,0.0,0.0,0.0,0.0
2023-03-19 19:48:13.339000+00:00,49152.0,3051520.0,4091904.0,4075520.0,2.13,0.040797141,2.26,1660542.0,0.0,0.0,11160.0,958830.0,0.0,0.0,6466.0,0.0,0.0,0.0,0.0
2023-03-19 19:48:19.671000+00:00,49152.0,3051520.0,3956736.0,3940352.0,2.14,0.040797141,2.27,1668698.0,0.0,0.0,11219.0,962996.0,0.0,0.0,6499.0,0.0,0.0,0.0,0.0
2023-03-19 19:48:24.151000+00:00,49152.0,3051520.0,3940352.0,3923968.0,2.14,0.040797141,2.28,1671042.0,0.0,0.0,11236.0,964210.0,0.0,0.0,6508.0,0.0,0.0,0.0,0.0
2023-03-19 19:48:29.757000+00:00,49152.0,3051520.0,3952640.0,3936256.0,2.14,0.040797141,2.28,1671680.0,0.0,0.0,11241.0,964753.0,0.0,0.0,6511.0,0.0,0.0,0.0,0.0
2023-03-19 19:48:34.592000+00:00,49152.0,3051520.0,3948544.0,3932160.0,2.14,0.040797141,2.29,1671680.0,0.0,0.0,11241.0,964753.0,0.0,0.0,6511.0,0.0,0.0,0.0,0.0
2023-03-19 19:48:39.198000+00:00,49152.0,3051520.0,3956736.0,3940352.0,2.15,0.040797141,2.29,1672020.0,0.0,0.0,11245.0,964897.0,0.0,0.0,6513.0,0.0,0.0,0.0,0.0
2023-03-19 19:48:43.778000+00:00,49152.0,3051520.0,3956736.0,3940352.0,2.15,0.040797141,2.29,1672020.0,0.0,0.0,11245.0,964897.0,0.0,0.0,6513.0,0.0,0.0,0.0,0.0
2023-03-19 19:48:49.677000+00:00,49152.0,3059712.0,3948544.0,3932160.0,2.15,0.040797141,2.3,1684417.0,0.0,0.0,11331.0,971867.0,0.0,0.0,6563.0,0.0,0.0,0.0,0.0
2023-03-19 19:48:54.496000+00:00,49152.0,3059712.0,3952640.0,3936256.0,2.16,0.040797141,2.3,1686812.0,0.0,0.0,11349.0,973074.0,0.0,0.0,6573.0,0.0,0.0,0.0,0.0
2023-03-19 19:48:59.197000+00:00,49152.0,3051520.0,3948544.0,3932160.0,2.16,0.040797141,2.31,1689938.0,0.0,0.0,11374.0,974706.0,0.0,0.0,6586.0,0.0,0.0,0.0,0.0
2023-03-19 19:49:03.784000+00:00,49152.0,3051520.0,3948544.0,3932160.0,2.18,0.040797141,2.32,1696452.0,0.0,0.0,11419.0,978895.0,0.0,0.0,6613.0,0.0,0.0,0.0,0.0
2023-03-19 19:49:09.411000+00:00,49152.0,3051520.0,3960832.0,3944448.0,2.18,0.040797141,2.32,1702298.0,0.0,0.0,11459.0,981736.0,0.0,0.0,6635.0,0.0,0.0,0.0,0.0
2023-03-19 19:49:14.406000+00:00,49152.0,3051520.0,3960832.0,3944448.0,2.19,0.040797141,2.32,1702298.0,0.0,0.0,11459.0,981736.0,0.0,0.0,6635.0,0.0,0.0,0.0,0.0
2023-03-19 19:49:19.694000+00:00,49152.0,3051520.0,3948544.0,3932160.0,2.2,0.040797141,2.32,1709163.0,0.0,0.0,11510.0,985795.0,0.0,0.0,6665.0,0.0,0.0,0.0,0.0
2023-03-19 19:49:23.923000+00:00,49152.0,3063808.0,3829760.0,3813376.0,2.2,0.040797141,2.32,1713699.0,0.0,0.0,11540.0,988237.0,0.0,0.0,6682.0,0.0,0.0,0.0,0.0
2023-03-19 19:49:28.485000+00:00,49152.0,3063808.0,4091904.0,4075520.0,2.21,0.040797141,2.32,1715204.0,0.0,0.0,11551.0,988976.0,0.0,0.0,6688.0,0.0,0.0,0.0,0.0
2023-03-19 19:49:34.594000+00:00,49152.0,3063808.0,3960832.0,3940352.0,2.22,0.040797141,2.33,1715204.0,0.0,0.0,11551.0,988976.0,0.0,0.0,6688.0,0.0,0.0,0.0,0.0
2023-03-19 19:49:39.740000+00:00,49152.0,3063808.0,4100096.0,4079616.0,2.22,0.040797141,2.34,1721331.0,0.0,0.0,11590.0,992271.0,0.0,0.0,6713.0,0.0,0.0,0.0,0.0
2023-03-19 19:49:43.783000+00:00,49152.0,3063808.0,4100096.0,4079616.0,2.23,0.040797141,2.34,1721331.0,0.0,0.0,11590.0,992271.0,0.0,0.0,6713.0,0.0,0.0,0.0,0.0
2023-03-19 19:49:49.126000+00:00,49152.0,3063808.0,3829760.0,3805184.0,2.23,0.040797141,2.35,1737596.0,0.0,0.0,11699.0,1001467.0,0.0,0.0,6778.0,0.0,0.0,0.0,0.0
2023-03-19 19:49:54.358000+00:00,49152.0,3063808.0,3829760.0,3944448.0,2.24,0.040797141,2.35,1740693.0,0.0,0.0,11722.0,1003153.0,0.0,0.0,6791.0,0.0,0.0,0.0,0.0
2023-03-19 19:49:58.928000+00:00,49152.0,3051520.0,3948544.0,3932160.0,2.24,0.040797141,2.36,1743176.0,0.0,0.0,11741.0,1004695.0,0.0,0.0,6802.0,0.0,0.0,0.0,0.0
2023-03-19 19:50:04.790000+00:00,49152.0,3059712.0,3956736.0,3940352.0,2.25,0.040797141,2.37,1749178.0,0.0,0.0,11788.0,1008239.0,0.0,0.0,6828.0,0.0,0.0,0.0,0.0
2023-03-19 19:50:08.925000+00:00,49152.0,3063808.0,3960832.0,3944448.0,2.25,0.040797141,2.37,1757994.0,0.0,0.0,11847.0,1013004.0,0.0,0.0,6861.0,0.0,0.0,0.0,0.0
2023-03-19 19:50:14.586000+00:00,49152.0,3063808.0,3960832.0,3944448.0,2.25,0.040797141,2.38,1757994.0,0.0,0.0,11847.0,1013004.0,0.0,0.0,6861.0,0.0,0.0,0.0,0.0
2023-03-19 19:50:18.752000+00:00,49152.0,3059712.0,3825664.0,3801088.0,2.25,0.040797141,2.38,1764407.0,0.0,0.0,11893.0,1016139.0,0.0,0.0,6886.0,0.0,0.0,0.0,0.0
2023-03-19 19:50:24.755000+00:00,49152.0,3059712.0,3825664.0,3932160.0,2.26,0.040797141,2.38,1770833.0,0.0,0.0,11934.0,1019900.0,0.0,0.0,6911.0,0.0,0.0,0.0,0.0
2023-03-19 19:50:29.606000+00:00,49152.0,3051520.0,3948544.0,3932160.0,2.27,0.040797141,2.38,1771003.0,0.0,0.0,11936.0,1019972.0,0.0,0.0,6912.0,0.0,0.0,0.0,0.0
2023-03-19 19:50:33.037000+00:00,49152.0,3051520.0,3948544.0,3940352.0,2.27,0.040797141,2.38,1774229.0,0.0,0.0,11953.0,1021351.0,0.0,0.0,6922.0,0.0,0.0,0.0,0.0
2023-03-19 19:50:38.427000+00:00,49152.0,3051520.0,3952640.0,3936256.0,2.28,0.040797141,2.39,1774889.0,0.0,0.0,11959.0,1021565.0,0.0,0.0,6925.0,0.0,0.0,0.0,0.0
2023-03-19 19:50:43.536000+00:00,49152.0,3051520.0,3948544.0,3932160.0,2.28,0.040797141,2.4,1776429.0,0.0,0.0,11970.0,1022549.0,0.0,0.0,6931.0,0.0,0.0,0.0,0.0
2023-03-19 19:50:48.227000+00:00,49152.0,3055616.0,3964928.0,3948544.0,2.28,0.040797141,2.4,1780166.0,0.0,0.0,11993.0,1024011.0,0.0,0.0,6944.0,0.0,0.0,0.0,0.0
2023-03-19 19:50:54.886000+00:00,49152.0,3055616.0,3964928.0,3948544.0,2.28,0.040797141,2.41,1786567.0,0.0,0.0,12034.0,1027579.0,0.0,0.0,6968.0,0.0,0.0,0.0,0.0
2023-03-19 19:50:59.404000+00:00,49152.0,3051520.0,3952640.0,3936256.0,2.28,0.040797141,2.42,1787193.0,0.0,0.0,12040.0,1027793.0,0.0,0.0,6971.0,0.0,0.0,0.0,0.0
2023-03-19 19:51:04.701000+00:00,49152.0,3051520.0,3952640.0,3936256.0,2.28,0.040797141,2.44,1791819.0,0.0,0.0,12072.0,1030145.0,0.0,0.0,6989.0,0.0,0.0,0.0,0.0
2023-03-19 19:51:08.907000+00:00,49152.0,3059712.0,3956736.0,3940352.0,2.29,0.040797141,2.45,1796755.0,0.0,0.0,12110.0,1033138.0,0.0,0.0,7010.0,0.0,0.0,0.0,0.0
2023-03-19 19:51:14.513000+00:00,49152.0,3059712.0,3956736.0,3940352.0,2.3,0.040797141,2.46,1796755.0,0.0,0.0,12110.0,1033138.0,0.0,0.0,7010.0,0.0,0.0,0.0,0.0
2023-03-19 19:51:18.656000+00:00,49152.0,3063808.0,4091904.0,4071424.0,2.3,0.040797141,2.46,1802980.0,0.0,0.0,12149.0,1036297.0,0.0,0.0,7033.0,0.0,0.0,0.0,0.0
2023-03-19 19:51:23.110000+00:00,49152.0,3063808.0,4091904.0,4071424.0,2.3,0.040797141,2.46,1802980.0,0.0,0.0,12204.0,1042449.0,0.0,0.0,7068.0,0.0,0.0,0.0,0.0
2023-03-19 19:51:29.877000+00:00,49152.0,3059712.0,3960832.0,3944448.0,2.31,0.040797141,2.46,1820052.0,0.0,0.0,12257.0,1046590.0,0.0,0.0,7098.0,0.0,0.0,0.0,0.0
2023-03-19 19:51:34.236000+00:00,49152.0,3059712.0,3960832.0,3940352.0,2.32,0.040797141,2.47,1820891.0,0.0,0.0,12264.0,1046804.0,0.0,0.0,7101.0,0.0,0.0,0.0,0.0
2023-03-19 19:51:39.704000+00:00,49152.0,3055616.0,3952640.0,3936256.0,2.32,0.040797141,2.48,1823899.0,0.0,0.0,12283.0,1048382.0,0.0,0.0,7112.0,0.0,0.0,0.0,0.0
2023-03-19 19:51:43.423000+00:00,49152.0,3055616.0,3952640.0,3936256.0,2.33,0.040797141,2.49,1823899.0,0.0,0.0,12283.0,1048382.0,0.0,0.0,7112.0,0.0,0.0,0.0,0.0
2023-03-19 19:51:49.416000+00:00,49152.0,3059712.0,3956736.0,3940352.0,2.33,0.040797141,2.49,1830959.0,0.0,0.0,12337.0,1052686.0,0.0,0.0,7143.0,0.0,0.0,0.0,0.0
2023-03-19 19:51:54.335000+00:00,49152.0,3059712.0,3956736.0,3940352.0,2.34,0.040797141,2.5,1830959.0,0.0,0.0,12388.0,1056700.0,0.0,0.0,7173.0,0.0,0.0,0.0,0.0
2023-03-19 19:51:58.655000+00:00,49152.0,3063808.0,3960832.0,3944448.0,2.35,0.040797141,2.51,1845076.0,0.0,0.0,12434.0,1060156.0,0.0,0.0,7200.0,0.0,0.0,0.0,0.0
2023-03-19 19:52:04.086000+00:00,49152.0,3063808.0,3960832.0,3944448.0,2.35,0.040797141,2.53,1860566.0,0.0,0.0,12526.0,1069733.0,0.0,0.0,7255.0,0.0,0.0,0.0,0.0
2023-03-19 19:52:09.011000+00:00,49152.0,3059712.0,3956736.0,3936256.0,2.35,0.040797141,2.53,1860566.0,0.0,0.0,12526.0,1069733.0,0.0,0.0,7255.0,0.0,0.0,0.0,0.0
2023-03-19 19:52:14.201000+00:00,49152.0,3059712.0,3956736.0,3936256.0,2.36,0.040797141,2.53,1860566.0,0.0,0.0,12526.0,1069733.0,0.0,0.0,7255.0,0.0,0.0,0.0,0.0
2023-03-19 19:52:18.947000+00:00,49152.0,3059712.0,3956736.0,3940352.0,2.36,0.040797141,2.53,1864380.0,0.0,0.0,12556.0,1072075.0,0.0,0.0,7273.0,0.0,0.0,0.0,0.0
2023-03-19 19:52:23.824000+00:00,49152.0,3063808.0,3960832.0,3944448.0,2.37,0.040797141,2.54,1872065.0,0.0,0.0,12601.0,1076848.0,0.0,0.0,7301.0,0.0,0.0,0.0,0.0
2023-03-19 19:52:29.396000+00:00,49152.0,3059712.0,3956736.0,3940352.0,2.37,0.040797141,2.55,1873141.0,0.0,0.0,12607.0,1077254.0,0.0,0.0,7304.0,0.0,0.0,0.0,0.0
2023-03-19 19:52:33.996000+00:00,49152.0,3059712.0,3956736.0,3940352.0,2.37,0.040797141,2.55,1873141.0,0.0,0.0,12607.0,1077254.0,0.0,0.0,7304.0,0.0,0.0,0.0,0.0
2023-03-19 19:52:38.676000+00:00,49152.0,3055616.0,3956736.0,3940352.0,2.38,0.040797141,2.56,1873311.0,0.0,0.0,12609.0,1077326.0,0.0,0.0,7305.0,0.0,0.0,0.0,0.0
2023-03-19 19:52:44.007000+00:00,49152.0,3055616.0,3956736.0,3940352.0,2.39,0.040797141,2.56,1873311.0,0.0,0.0,12609.0,1077326.0,0.0,0.0,7305.0,0.0,0.0,0.0,0.0
2023-03-19 19:52:49.814000+00:00,49152.0,3055616.0,3960832.0,3944448.0,2.39,0.040797141,2.56,1880483.0,0.0,0.0,12660.0,1081183.0,0.0,0.0,7335.0,0.0,0.0,0.0,0.0
2023-03-19 19:52:53.456000+00:00,49152.0,3055616.0,3960832.0,3944448.0,2.4,0.040797141,2.56,1880483.0,0.0,0.0,12660.0,1082504.0,0.0,0.0,7343.0,0.0,0.0,0.0,0.0
2023-03-19 19:52:59.481000+00:00,49152.0,3055616.0,3952640.0,3936256.0,2.41,0.040797141,2.56,1887729.0,0.0,0.0,12709.0,1086043.0,0.0,0.0,7364.0,0.0,0.0,0.0,0.0
2023-03-19 19:53:04.006000+00:00,49152.0,3055616.0,3952640.0,3936256.0,2.42,0.040797141,2.56,1887729.0,0.0,0.0,12709.0,1086043.0,0.0,0.0,7364.0,0.0,0.0,0.0,0.0
2023-03-19 19:53:09.405000+00:00,49152.0,3055616.0,3952640.0,3936256.0,2.42,0.040797141,2.57,1888069.0,0.0,0.0,12713.0,1086187.0,0.0,0.0,7366.0,0.0,0.0,0.0,0.0
2023-03-19 19:53:13.875000+00:00,49152.0,3055616.0,3952640.0,3936256.0,2.42,0.040797141,2.58,1888069.0,0.0,0.0,12713.0,1086187.0,0.0,0.0,7366.0,0.0,0.0,0.0,0.0
2023-03-19 19:53:18.559000+00:00,49152.0,3055616.0,3952640.0,3936256.0,2.42,0.040797141,2.58,1892701.0,0.0,0.0,12743.0,1088529.0,0.0,0.0,7384.0,0.0,0.0,0.0,0.0
2023-03-19 19:53:24.804000+00:00,49152.0,3055616.0,3952640.0,3936256.0,2.42,0.040797141,2.59,1893746.0,0.0,0.0,12750.0,1089462.0,0.0,0.0,7389.0,0.0,0.0,0.0,0.0
2023-03-19 19:53:29.740000+00:00,49152.0,3055616.0,3952640.0,3936256.0,2.43,0.040797141,2.59,1893746.0,0.0,0.0,12750.0,1089462.0,0.0,0.0,7389.0,0.0,0.0,0.0,0.0
2023-03-19 19:53:33.902000+00:00,49152.0,3055616.0,3952640.0,3940352.0,2.43,0.040797141,2.6,1894569.0,0.0,0.0,12758.0,1089748.0,0.0,0.0,7393.0,0.0,0.0,0.0,0.0
2023-03-19 19:53:39.256000+00:00,49152.0,3055616.0,3960832.0,3944448.0,2.45,0.040797141,2.6,1899053.0,0.0,0.0,12786.0,1092098.0,0.0,0.0,7409.0,0.0,0.0,0.0,0.0
2023-03-19 19:53:43.994000+00:00,49152.0,3055616.0,3952640.0,3936256.0,2.45,0.040797141,2.61,1899053.0,0.0,0.0,12786.0,1092098.0,0.0,0.0,7409.0,0.0,0.0,0.0,0.0
2023-03-19 19:53:49.587000+00:00,49152.0,3055616.0,3956736.0,3940352.0,2.46,0.040797141,2.61,1901321.0,0.0,0.0,12803.0,1093286.0,0.0,0.0,7418.0,0.0,0.0,0.0,0.0
2023-03-19 19:53:54.056000+00:00,49152.0,3055616.0,3960832.0,3944448.0,2.46,0.040797141,2.61,1901661.0,0.0,0.0,12807.0,1093430.0,0.0,0.0,7420.0,0.0,0.0,0.0,0.0
2023-03-19 19:53:59.012000+00:00,49152.0,3067904.0,3969024.0,3952640.0,2.47,0.040797141,2.62,1911292.0,0.0,0.0,12878.0,1099365.0,0.0,0.0,7460.0,0.0,0.0,0.0,0.0
2023-03-19 19:54:03.885000+00:00,49152.0,3072000.0,3837952.0,3821568.0,2.48,0.040797141,2.62,1923526.0,0.0,0.0,12955.0,1106417.0,0.0,0.0,7505.0,0.0,0.0,0.0,0.0
2023-03-19 19:54:08.284000+00:00,49152.0,3067904.0,3964928.0,3940352.0,2.48,0.040797141,2.64,1929289.0,0.0,0.0,12995.0,1109882.0,0.0,0.0,7528.0,0.0,0.0,0.0,0.0
2023-03-19 19:54:14.116000+00:00,49152.0,3067904.0,3964928.0,3940352.0,2.48,0.040797141,2.65,1929289.0,0.0,0.0,12995.0,1109882.0,0.0,0.0,7528.0,0.0,0.0,0.0,0.0
2023-03-19 19:54:19.241000+00:00,49152.0,3059712.0,3981312.0,3964928.0,2.48,0.040797141,2.66,1940342.0,0.0,0.0,13076.0,1115991.0,0.0,0.0,7572.0,0.0,0.0,0.0,0.0
2023-03-19 19:54:24.204000+00:00,49152.0,3059712.0,3969024.0,3952640.0,2.49,0.040797141,2.66,1948039.0,0.0,0.0,13132.0,1120555.0,0.0,0.0,7605.0,0.0,0.0,0.0,0.0
2023-03-19 19:54:29.471000+00:00,49152.0,3067904.0,3969024.0,3952640.0,2.5,0.040797141,2.68,1954612.0,0.0,0.0,13177.0,1124348.0,0.0,0.0,7631.0,0.0,0.0,0.0,0.0
2023-03-19 19:54:34.396000+00:00,49152.0,3067904.0,3969024.0,3952640.0,2.5,0.040797141,2.69,1954612.0,0.0,0.0,13177.0,1125931.0,0.0,0.0,7642.0,0.0,0.0,0.0,0.0
2023-03-19 19:54:39.761000+00:00,49152.0,3059712.0,3833856.0,3817472.0,2.51,0.040797141,2.69,1958011.0,0.0,0.0,13202.0,1126361.0,0.0,0.0,7645.0,0.0,0.0,0.0,0.0
2023-03-19 19:54:44.125000+00:00,49152.0,3059712.0,3829760.0,3813376.0,2.51,0.040797141,2.7,1958351.0,0.0,0.0,13206.0,1126505.0,0.0,0.0,7647.0,0.0,0.0,0.0,0.0
2023-03-19 19:54:48.135000+00:00,49152.0,3059712.0,3825664.0,3809280.0,2.52,0.040797141,2.7,1964156.0,0.0,0.0,13240.0,1130349.0,0.0,0.0,7668.0,0.0,0.0,0.0,0.0
2023-03-19 19:54:54.423000+00:00,49152.0,3059712.0,3825664.0,3936256.0,2.52,0.040797141,2.71,1969947.0,0.0,0.0,13282.0,1133439.0,0.0,0.0,7691.0,0.0,0.0,0.0,0.0
2023-03-19 19:54:58.482000+00:00,49152.0,3059712.0,3825664.0,3809280.0,2.52,0.040797141,2.72,1969947.0,0.0,0.0,13282.0,1133439.0,0.0,0.0,7691.0,0.0,0.0,0.0,0.0
2023-03-19 19:55:04.013000+00:00,49152.0,3059712.0,3956736.0,3940352.0,2.52,0.040797141,2.72,1970873.0,0.0,0.0,13290.0,1133725.0,0.0,0.0,7695.0,0.0,0.0,0.0,0.0
2023-03-19 19:55:08.018000+00:00,49152.0,3059712.0,3837952.0,3821568.0,2.53,0.040797141,2.73,1974032.0,0.0,0.0,13314.0,1135708.0,0.0,0.0,7709.0,0.0,0.0,0.0,0.0
2023-03-19 19:55:14.251000+00:00,49152.0,3063808.0,3960832.0,3944448.0,2.53,0.040797141,2.74,1979267.0,0.0,0.0,13353.0,1138867.0,0.0,0.0,7709.0,0.0,0.0,0.0,0.0
2023-03-19 19:55:19.356000+00:00,49152.0,3063808.0,3960832.0,3944448.0,2.53,0.040797141,2.75,1979437.0,0.0,0.0,13355.0,1138939.0,0.0,0.0,7734.0,0.0,0.0,0.0,0.0
2023-03-19 19:55:23.596000+00:00,49152.0,3063808.0,3960832.0,3940352.0,2.54,0.040797141,2.76,1982037.0,0.0,0.0,13372.0,1140683.0,0.0,0.0,7743.0,0.0,0.0,0.0,0.0
2023-03-19 19:55:28.416000+00:00,49152.0,3059712.0,3833856.0,3817472.0,2.54,0.040797141,2.76,1987285.0,0.0,0.0,13408.0,1143192.0,0.0,0.0,7764.0,0.0,0.0,0.0,0.0
2023-03-19 19:55:34.444000+00:00,49152.0,3059712.0,3837952.0,3821568.0,2.55,0.040797141,2.76,1989511.0,0.0,0.0,13425.0,1144406.0,0.0,0.0,7773.0,0.0,0.0,0.0,0.0
2023-03-19 19:55:39.267000+00:00,49152.0,3059712.0,3985408.0,3969024.0,2.56,0.040797141,2.76,1992558.0,0.0,0.0,13450.0,1145880.0,0.0,0.0,7786.0,0.0,0.0,0.0,0.0
2023-03-19 19:55:43.244000+00:00,49152.0,3059712.0,3985408.0,3969024.0,2.56,0.040797141,2.77,1992558.0,0.0,0.0,13450.0,1145880.0,0.0,0.0,7786.0,0.0,0.0,0.0,0.0
2023-03-19 19:55:48.090000+00:00,49152.0,3067904.0,3969024.0,3952640.0,2.56,0.040797141,2.78,2001968.0,0.0,0.0,13514.0,1150686.0,0.0,0.0,7822.0,0.0,0.0,0.0,0.0
2023-03-19 19:55:54.152000+00:00,49152.0,3063808.0,3829760.0,3813376.0,2.56,0.040797141,2.78,2006137.0,0.0,0.0,13548.0,1153242.0,0.0,0.0,7841.0,0.0,0.0,0.0,0.0
2023-03-19 19:55:58.475000+00:00,49152.0,3067904.0,4100096.0,4083712.0,2.57,0.040797141,2.79,2014895.0,0.0,0.0,13612.0,1158188.0,0.0,0.0,7879.0,0.0,0.0,0.0,0.0
2023-03-19 19:56:03.469000+00:00,49152.0,3059712.0,3956736.0,3940352.0,2.58,0.040797141,2.8,2020095.0,0.0,0.0,13649.0,1161345.0,0.0,0.0,7901.0,0.0,0.0,0.0,0.0
2023-03-19 19:56:08.636000+00:00,49152.0,3059712.0,3956736.0,3940352.0,2.58,0.040797141,2.82,2026294.0,0.0,0.0,13697.0,1164939.0,0.0,0.0,7927.0,0.0,0.0,0.0,0.0
2023-03-19 19:56:13.632000+00:00,49152.0,3059712.0,3956736.0,3940352.0,2.59,0.040797141,2.82,2026294.0,0.0,0.0,13697.0,1164939.0,0.0,0.0,7927.0,0.0,0.0,0.0,0.0
2023-03-19 19:56:19.871000+00:00,49152.0,3067904.0,3964928.0,3948544.0,2.6,0.040797141,2.84,2051749.0,0.0,0.0,13844.0,1178675.0,0.0,0.0,8017.0,0.0,0.0,0.0,0.0
2023-03-19 19:56:24.004000+00:00,49152.0,3067904.0,3964928.0,3948544.0,2.6,0.040797141,2.84,2051749.0,0.0,0.0,13844.0,1178675.0,0.0,0.0,8027.0,0.0,0.0,0.0,0.0
2023-03-19 19:56:29.906000+00:00,49152.0,3063808.0,3960832.0,3940352.0,2.6,0.040797141,2.86,2058997.0,0.0,0.0,13899.0,1182960.0,0.0,0.0,8048.0,0.0,0.0,0.0,0.0
2023-03-19 19:56:33.737000+00:00,49152.0,3063808.0,3960832.0,3944448.0,2.6,0.040797141,2.86,2061469.0,0.0,0.0,13918.0,1184509.0,0.0,0.0,8059.0,0.0,0.0,0.0,0.0
2023-03-19 19:56:39.768000+00:00,49152.0,3063808.0,4108288.0,4091904.0,2.61,0.040797141,2.87,2068639.0,0.0,0.0,13976.0,1188693.0,0.0,0.0,8091.0,0.0,0.0,0.0,0.0
2023-03-19 19:56:44.899000+00:00,49152.0,3063808.0,4108288.0,4091904.0,2.62,0.040797141,2.88,2068639.0,0.0,0.0,13976.0,1188693.0,0.0,0.0,8091.0,0.0,0.0,0.0,0.0
2023-03-19 19:56:49.620000+00:00,49152.0,3063808.0,3960832.0,3940352.0,2.62,0.040797141,2.88,2075191.0,0.0,0.0,14020.0,1192118.0,0.0,0.0,8116.0,0.0,0.0,0.0,0.0
2023-03-19 19:56:53.834000+00:00,49152.0,3063808.0,3960832.0,3940352.0,2.64,0.040797141,2.88,2075191.0,0.0,0.0,14020.0,1192118.0,0.0,0.0,8134.0,0.0,0.0,0.0,0.0
2023-03-19 19:56:58.844000+00:00,49152.0,3063808.0,3960832.0,3940352.0,2.64,0.040797141,2.89,2083292.0,0.0,0.0,14069.0,1197093.0,0.0,0.0,8145.0,0.0,0.0,0.0,0.0
2023-03-19 19:57:04.238000+00:00,49152.0,3063808.0,3960832.0,3936256.0,2.65,0.040797141,2.89,2087268.0,0.0,0.0,14095.0,1199144.0,0.0,0.0,8161.0,0.0,0.0,0.0,0.0
2023-03-19 19:57:08.686000+00:00,49152.0,3055616.0,3952640.0,3936256.0,2.66,0.040797141,2.91,2090170.0,0.0,0.0,14112.0,1200359.0,0.0,0.0,8170.0,0.0,0.0,0.0,0.0
2023-03-19 19:57:13.140000+00:00,49152.0,3055616.0,3952640.0,3936256.0,2.66,0.040797141,2.91,2093049.0,0.0,0.0,14131.0,1201646.0,0.0,0.0,8180.0,0.0,0.0,0.0,0.0
2023-03-19 19:57:19.261000+00:00,49152.0,3055616.0,3956736.0,3940352.0,2.66,0.040797141,2.92,2095534.0,0.0,0.0,14148.0,1202871.0,0.0,0.0,8189.0,0.0,0.0,0.0,0.0
2023-03-19 19:57:24.048000+00:00,49152.0,3055616.0,3952640.0,3936256.0,2.66,0.040797141,2.92,2097506.0,0.0,0.0,14165.0,1204039.0,0.0,0.0,8199.0,0.0,0.0,0.0,0.0
2023-03-19 19:57:28.759000+00:00,49152.0,3055616.0,3952640.0,3936256.0,2.67,0.040797141,2.92,2097676.0,0.0,0.0,14167.0,1204111.0,0.0,0.0,8200.0,0.0,0.0,0.0,0.0
2023-03-19 19:57:34.202000+00:00,49152.0,3055616.0,3952640.0,4087808.0,2.67,0.040797141,2.92,2105467.0,0.0,0.0,14216.0,1209733.0,0.0,0.0,8229.0,0.0,0.0,0.0,0.0
2023-03-19 19:57:38.905000+00:00,49152.0,3072000.0,3969024.0,3952640.0,2.67,0.040797141,2.94,2106994.0,0.0,0.0,14227.0,1210665.0,0.0,0.0,8235.0,0.0,0.0,0.0,0.0
2023-03-19 19:57:44.016000+00:00,49152.0,3063808.0,3960832.0,3944448.0,2.69,0.040797141,2.94,2110275.0,0.0,0.0,14251.0,1212410.0,0.0,0.0,8249.0,0.0,0.0,0.0,0.0
2023-03-19 19:57:49.769000+00:00,49152.0,3063808.0,3846144.0,3829760.0,2.7,0.040797141,2.94,2114092.0,0.0,0.0,14276.0,1214206.0,0.0,0.0,8263.0,0.0,0.0,0.0,0.0
2023-03-19 19:57:54.413000+00:00,49152.0,3063808.0,3960832.0,3944448.0,2.7,0.040797141,2.95,2119639.0,0.0,0.0,14315.0,1217895.0,0.0,0.0,8287.0,0.0,0.0,0.0,0.0
2023-03-19 19:57:58.618000+00:00,49152.0,3063808.0,3960832.0,3944448.0,2.7,0.040797141,2.96,2121015.0,0.0,0.0,14328.0,1218618.0,0.0,0.0,8294.0,0.0,0.0,0.0,0.0
2023-03-19 19:58:03.142000+00:00,49152.0,3072000.0,3964928.0,3948544.0,2.7,0.040797141,2.97,2125991.0,0.0,0.0,14363.0,1220750.0,0.0,0.0,8313.0,0.0,0.0,0.0,0.0
2023-03-19 19:58:09.519000+00:00,49152.0,3072000.0,3969024.0,3952640.0,2.71,0.040797141,2.97,2137938.0,0.0,0.0,14436.0,1227939.0,0.0,0.0,8357.0,0.0,0.0,0.0,0.0
2023-03-19 19:58:13.428000+00:00,49152.0,3067904.0,3837952.0,3817472.0,2.72,0.040797141,2.98,2138552.0,0.0,0.0,14443.0,1228227.0,0.0,0.0,8361.0,0.0,0.0,0.0,0.0
2023-03-19 19:58:19.739000+00:00,49152.0,3072000.0,3969024.0,3948544.0,2.73,0.040797141,2.99,2152494.0,0.0,0.0,14538.0,1235535.0,0.0,0.0,8417.0,0.0,0.0,0.0,0.0
2023-03-19 19:58:23.812000+00:00,49152.0,3072000.0,3960832.0,3944448.0,2.74,0.040797141,2.99,2158479.0,0.0,0.0,14577.0,1239873.0,0.0,0.0,8441.0,0.0,0.0,0.0,0.0
2023-03-19 19:58:29.605000+00:00,49152.0,3063808.0,3964928.0,3948544.0,2.74,0.040797141,3.0,2161092.0,0.0,0.0,14596.0,1241399.0,0.0,0.0,8452.0,0.0,0.0,0.0,0.0
2023-03-19 19:58:33.707000+00:00,49152.0,3063808.0,3964928.0,3948544.0,2.75,0.040797141,3.0,2161092.0,0.0,0.0,14596.0,1241399.0,0.0,0.0,8452.0,0.0,0.0,0.0,0.0
2023-03-19 19:58:38.898000+00:00,49152.0,3063808.0,3960832.0,3944448.0,2.75,0.040797141,3.01,2161092.0,0.0,0.0,14596.0,1241399.0,0.0,0.0,8452.0,0.0,0.0,0.0,0.0
2023-03-19 19:58:43.713000+00:00,49152.0,3067904.0,3964928.0,3948544.0,2.76,0.040797141,3.01,2164225.0,0.0,0.0,14615.0,1243141.0,0.0,0.0,8463.0,0.0,0.0,0.0,0.0
2023-03-19 19:58:49.740000+00:00,49152.0,3072000.0,3842048.0,3825664.0,2.76,0.040797141,3.02,2170282.0,0.0,0.0,14652.0,1247398.0,0.0,0.0,8485.0,0.0,0.0,0.0,0.0
2023-03-19 19:58:54.048000+00:00,49152.0,3072000.0,3969024.0,3948544.0,2.76,0.040797141,3.02,2174292.0,0.0,0.0,14675.0,1249047.0,0.0,0.0,8498.0,0.0,0.0,0.0,0.0
2023-03-19 19:58:59.796000+00:00,49152.0,3076096.0,3977216.0,3956736.0,2.76,0.040797141,3.04,2186426.0,0.0,0.0,14759.0,1255565.0,0.0,0.0,8546.0,0.0,0.0,0.0,0.0
2023-03-19 19:59:04.254000+00:00,49152.0,3072000.0,3973120.0,3948544.0,2.77,0.040797141,3.04,2187849.0,0.0,0.0,14771.0,1256187.0,0.0,0.0,8552.0,0.0,0.0,0.0,0.0
2023-03-19 19:59:09.733000+00:00,49152.0,3072000.0,3969024.0,3944448.0,2.78,0.040797141,3.05,2191835.0,0.0,0.0,14803.0,1258577.0,0.0,0.0,8571.0,0.0,0.0,0.0,0.0
2023-03-19 19:59:13.939000+00:00,49152.0,3063808.0,3960832.0,3944448.0,2.78,0.040797141,3.05,2192175.0,0.0,0.0,14807.0,1258721.0,0.0,0.0,8573.0,0.0,0.0,0.0,0.0
2023-03-19 19:59:18.955000+00:00,49152.0,3063808.0,3960832.0,3944448.0,2.8,0.040797141,3.06,2199043.0,0.0,0.0,14847.0,1261849.0,0.0,0.0,8596.0,0.0,0.0,0.0,0.0
2023-03-19 19:59:23.528000+00:00,49152.0,3063808.0,3829760.0,3813376.0,2.8,0.040797141,3.06,2203296.0,0.0,0.0,14872.0,1264293.0,0.0,0.0,8612.0,0.0,0.0,0.0,0.0
2023-03-19 19:59:29.088000+00:00,49152.0,3063808.0,4087808.0,4071424.0,2.8,0.040797141,3.09,2203466.0,0.0,0.0,14874.0,1264365.0,0.0,0.0,8613.0,0.0,0.0,0.0,0.0
2023-03-19 19:59:34.754000+00:00,49152.0,3063808.0,3977216.0,3960832.0,2.81,0.040797141,3.1,2205931.0,0.0,0.0,14891.0,1265533.0,0.0,0.0,8623.0,0.0,0.0,0.0,0.0
2023-03-19 19:59:39.454000+00:00,49152.0,3063808.0,3952640.0,3936256.0,2.81,0.040797141,3.11,2210764.0,0.0,0.0,14928.0,1268378.0,0.0,0.0,8645.0,0.0,0.0,0.0,0.0
2023-03-19 19:59:44.110000+00:00,49152.0,3063808.0,3952640.0,3936256.0,2.82,0.040797141,3.12,2210764.0,0.0,0.0,14928.0,1268378.0,0.0,0.0,8645.0,0.0,0.0,0.0,0.0
2023-03-19 19:59:48.913000+00:00,49152.0,3067904.0,3952640.0,3936256.0,2.82,0.040797141,3.12,2221959.0,0.0,0.0,15000.0,1275109.0,0.0,0.0,8687.0,0.0,0.0,0.0,0.0
2023-03-19 19:59:54.039000+00:00,49152.0,3067904.0,3907584.0,3887104.0,2.82,0.040797141,3.13,2228016.0,0.0,0.0,15036.0,1278343.0,0.0,0.0,8708.0,0.0,0.0,0.0,0.0
2023-03-19 19:59:58.674000+00:00,49152.0,3072000.0,3973120.0,3952640.0,2.83,0.040797141,3.13,2231555.0,0.0,0.0,15055.0,1279929.0,0.0,0.0,8719.0,0.0,0.0,0.0,0.0
2023-03-19 20:00:03.888000+00:00,49152.0,3072000.0,3973120.0,3952640.0,2.84,0.040797141,3.14,2231555.0,0.0,0.0,15055.0,1279929.0,0.0,0.0,8734.0,0.0,0.0,0.0,0.0
2023-03-19 20:00:09.202000+00:00,49152.0,3076096.0,3977216.0,3948544.0,2.84,0.040797141,3.15,2248184.0,0.0,0.0,15165.0,1289496.0,0.0,0.0,8783.0,0.0,0.0,0.0,0.0
2023-03-19 20:00:14.768000+00:00,49152.0,3076096.0,3977216.0,3948544.0,2.84,0.040797141,3.15,2248184.0,0.0,0.0,15165.0,1289496.0,0.0,0.0,8783.0,0.0,0.0,0.0,0.0
2023-03-19 20:00:18.910000+00:00,49152.0,3076096.0,3973120.0,3948544.0,2.85,0.040797141,3.16,2262060.0,0.0,0.0,15265.0,1297196.0,0.0,0.0,8840.0,0.0,0.0,0.0,0.0
2023-03-19 20:00:24.012000+00:00,49152.0,3076096.0,3981312.0,3956736.0,2.86,0.040797141,3.16,2272728.0,0.0,0.0,15326.0,1304124.0,0.0,0.0,8880.0,0.0,0.0,0.0,0.0
2023-03-19 20:00:28.892000+00:00,49152.0,3063808.0,3964928.0,3944448.0,2.86,0.040797141,3.18,2277811.0,0.0,0.0,15363.0,1307026.0,0.0,0.0,8900.0,0.0,0.0,0.0,0.0
2023-03-19 20:00:33.526000+00:00,49152.0,3063808.0,3964928.0,3944448.0,2.87,0.040797141,3.19,2277811.0,0.0,0.0,15363.0,1307026.0,0.0,0.0,8900.0,0.0,0.0,0.0,0.0
2023-03-19 20:00:39.315000+00:00,49152.0,3063808.0,3973120.0,3952640.0,2.87,0.040797141,3.19,2277981.0,0.0,0.0,15365.0,1307098.0,0.0,0.0,8901.0,0.0,0.0,0.0,0.0
2023-03-19 20:00:43.976000+00:00,49152.0,3063808.0,3981312.0,3960832.0,2.88,0.040797141,3.19,2282442.0,0.0,0.0,15395.0,1307098.0,0.0,0.0,8901.0,0.0,0.0,0.0,0.0
2023-03-19 20:00:49.628000+00:00,49152.0,3072000.0,3973120.0,3952640.0,2.88,0.040797141,3.2,2288922.0,0.0,0.0,15440.0,1313479.0,0.0,0.0,8946.0,0.0,0.0,0.0,0.0
2023-03-19 20:00:53.818000+00:00,49152.0,3072000.0,3977216.0,3956736.0,2.88,0.040797141,3.2,2289747.0,0.0,0.0,15446.0,1313884.0,0.0,0.0,8949.0,0.0,0.0,0.0,0.0
2023-03-19 20:00:58.539000+00:00,49152.0,3063808.0,4096000.0,4075520.0,2.88,0.040797141,3.2,2289747.0,0.0,0.0,15446.0,1313884.0,0.0,0.0,8949.0,0.0,0.0,0.0,0.0
2023-03-19 20:01:04.428000+00:00,49152.0,3063808.0,4096000.0,4075520.0,2.89,0.040797141,3.2,2289747.0,0.0,0.0,15446.0,1313884.0,0.0,0.0,8965.0,0.0,0.0,0.0,0.0
2023-03-19 20:01:09.707000+00:00,49152.0,3072000.0,3997696.0,3977216.0,2.9,0.040797141,3.21,2301317.0,0.0,0.0,15524.0,1319299.0,0.0,0.0,8992.0,0.0,0.0,0.0,0.0
2023-03-19 20:01:14.319000+00:00,49152.0,3072000.0,3997696.0,3977216.0,2.9,0.040797141,3.21,2301317.0,0.0,0.0,15524.0,1319299.0,0.0,0.0,8992.0,0.0,0.0,0.0,0.0
2023-03-19 20:01:18.615000+00:00,49152.0,3080192.0,3985408.0,3964928.0,2.9,0.040797141,3.22,2317048.0,0.0,0.0,15635.0,1328339.0,0.0,0.0,9057.0,0.0,0.0,0.0,0.0
2023-03-19 20:01:24.584000+00:00,49152.0,3080192.0,3985408.0,3948544.0,2.9,0.040797141,3.22,2319378.0,0.0,0.0,15652.0,1329860.0,0.0,0.0,9067.0,0.0,0.0,0.0,0.0
2023-03-19 20:01:29.145000+00:00,49152.0,3076096.0,3977216.0,3948544.0,2.9,0.040797141,3.23,2320100.0,0.0,0.0,15658.0,1330074.0,0.0,0.0,9070.0,0.0,0.0,0.0,0.0
2023-03-19 20:01:34.418000+00:00,49152.0,3067904.0,3964928.0,3944448.0,2.91,0.040797141,3.24,2322520.0,0.0,0.0,15673.0,1331488.0,0.0,0.0,9079.0,0.0,0.0,0.0,0.0
2023-03-19 20:01:38.884000+00:00,49152.0,3067904.0,3981312.0,3960832.0,2.91,0.040797141,3.24,2326050.0,0.0,0.0,15692.0,1333080.0,0.0,0.0,9090.0,0.0,0.0,0.0,0.0
2023-03-19 20:01:44.713000+00:00,49152.0,3067904.0,3981312.0,3960832.0,2.92,0.040797141,3.25,2326050.0,0.0,0.0,15692.0,1333080.0,0.0,0.0,9090.0,0.0,0.0,0.0,0.0
2023-03-19 20:01:49.266000+00:00,49152.0,3076096.0,3846144.0,3825664.0,2.92,0.040797141,3.26,2342730.0,0.0,0.0,15805.0,1342412.0,0.0,0.0,9160.0,0.0,0.0,0.0,0.0
2023-03-19 20:01:54.808000+00:00,49152.0,3076096.0,3846144.0,4079616.0,2.93,0.040797141,3.27,2349511.0,0.0,0.0,15852.0,1346763.0,0.0,0.0,9187.0,0.0,0.0,0.0,0.0
2023-03-19 20:01:58.814000+00:00,49152.0,3076096.0,3977216.0,3952640.0,2.94,0.040797141,3.27,2353038.0,0.0,0.0,15880.0,1348839.0,0.0,0.0,9203.0,0.0,0.0,0.0,0.0
2023-03-19 20:02:04.659000+00:00,49152.0,3067904.0,3973120.0,3952640.0,2.95,0.040797141,3.27,2355434.0,0.0,0.0,15902.0,1350114.0,0.0,0.0,9215.0,0.0,0.0,0.0,0.0
2023-03-19 20:02:08.924000+00:00,49152.0,3067904.0,3969024.0,3948544.0,2.96,0.040797141,3.28,2363637.0,0.0,0.0,15959.0,1354704.0,0.0,0.0,9247.0,0.0,0.0,0.0,0.0
2023-03-19 20:02:13.709000+00:00,49152.0,3072000.0,3969024.0,3948544.0,2.96,0.040797141,3.28,2363637.0,0.0,0.0,15959.0,1354704.0,0.0,0.0,9247.0,0.0,0.0,0.0,0.0
2023-03-19 20:02:18.486000+00:00,49152.0,3072000.0,3973120.0,3952640.0,2.96,0.040797141,3.29,2377023.0,0.0,0.0,16054.0,1362282.0,0.0,0.0,9303.0,0.0,0.0,0.0,0.0
2023-03-19 20:02:23.198000+00:00,49152.0,3072000.0,3973120.0,3821568.0,2.98,0.040797141,3.29,2379264.0,0.0,0.0,16069.0,1363611.0,0.0,0.0,9312.0,0.0,0.0,0.0,0.0
2023-03-19 20:02:28.310000+00:00,49152.0,3072000.0,3973120.0,3952640.0,2.98,0.040797141,3.29,2383477.0,0.0,0.0,16096.0,1365182.0,0.0,0.0,9326.0,0.0,0.0,0.0,0.0
2023-03-19 20:02:33.503000+00:00,49152.0,3076096.0,3981312.0,3960832.0,2.99,0.040797141,3.29,2390471.0,0.0,0.0,16144.0,1369319.0,0.0,0.0,9355.0,0.0,0.0,0.0,0.0
2023-03-19 20:02:38.444000+00:00,49152.0,3076096.0,3977216.0,3956736.0,3.0,0.040797141,3.29,2396140.0,0.0,0.0,16189.0,1372727.0,0.0,0.0,9381.0,0.0,0.0,0.0,0.0
2023-03-19 20:02:44.655000+00:00,49152.0,3076096.0,3977216.0,3956736.0,3.01,0.040797141,3.3,2396140.0,0.0,0.0,16189.0,1372727.0,0.0,0.0,9381.0,0.0,0.0,0.0,0.0
2023-03-19 20:02:49.630000+00:00,49152.0,3063808.0,4100096.0,4079616.0,3.02,0.040797141,3.31,2404705.0,0.0,0.0,16248.0,1377289.0,0.0,0.0,9414.0,0.0,0.0,0.0,0.0
2023-03-19 20:02:54.790000+00:00,49152.0,3063808.0,4100096.0,4079616.0,3.03,0.040797141,3.32,2404705.0,0.0,0.0,16282.0,1379925.0,0.0,0.0,9433.0,0.0,0.0,0.0,0.0
2023-03-19 20:02:59.892000+00:00,49152.0,3059712.0,3964928.0,3944448.0,3.04,0.040797141,3.32,2409280.0,0.0,0.0,16284.0,1379997.0,0.0,0.0,9434.0,0.0,0.0,0.0,0.0
2023-03-19 20:03:04.577000+00:00,49152.0,3059712.0,3837952.0,3817472.0,3.04,0.040797141,3.32,2413060.0,0.0,0.0,16312.0,1381922.0,0.0,0.0,9450.0,0.0,0.0,0.0,0.0
2023-03-19 20:03:08.841000+00:00,49152.0,3063808.0,3846144.0,3825664.0,3.05,0.040797141,3.33,2419571.0,0.0,0.0,16355.0,1385835.0,0.0,0.0,9475.0,0.0,0.0,0.0,0.0
2023-03-19 20:03:13.632000+00:00,49152.0,3059712.0,4096000.0,4075520.0,3.06,0.040797141,3.34,2423040.0,0.0,0.0,16382.0,1388056.0,0.0,0.0,9491.0,0.0,0.0,0.0,0.0
2023-03-19 20:03:18.503000+00:00,49152.0,3063808.0,3969024.0,3948544.0,3.08,0.040797141,3.34,2427753.0,0.0,0.0,16417.0,1390589.0,0.0,0.0,9511.0,0.0,0.0,0.0,0.0
2023-03-19 20:03:24.732000+00:00,49152.0,3063808.0,3969024.0,3948544.0,3.09,0.040797141,3.35,2433302.0,0.0,0.0,16460.0,1393996.0,0.0,0.0,9535.0,0.0,0.0,0.0,0.0
2023-03-19 20:03:29.057000+00:00,49152.0,3067904.0,3837952.0,3809280.0,3.1,0.040797141,3.36,2436019.0,0.0,0.0,16481.0,1395571.0,0.0,0.0,9546.0,0.0,0.0,0.0,0.0
2023-03-19 20:03:33.620000+00:00,49152.0,3067904.0,4100096.0,4071424.0,3.1,0.040797141,3.36,2436019.0,0.0,0.0,16481.0,1395571.0,0.0,0.0,9546.0,0.0,0.0,0.0,0.0
2023-03-19 20:03:39.317000+00:00,49152.0,3059712.0,4096000.0,4075520.0,3.1,0.040797141,3.37,2440837.0,0.0,0.0,16521.0,1398329.0,0.0,0.0,9567.0,0.0,0.0,0.0,0.0
2023-03-19 20:03:44.818000+00:00,49152.0,3059712.0,4096000.0,4075520.0,3.1,0.040797141,3.38,2440837.0,0.0,0.0,16521.0,1398329.0,0.0,0.0,9567.0,0.0,0.0,0.0,0.0
2023-03-19 20:03:49.367000+00:00,49152.0,3059712.0,3989504.0,3969024.0,3.1,0.040797141,3.39,2454398.0,0.0,0.0,16612.0,1405968.0,0.0,0.0,9619.0,0.0,0.0,0.0,0.0
2023-03-19 20:03:53.747000+00:00,49152.0,3059712.0,3989504.0,3969024.0,3.1,0.040797141,3.39,2454398.0,0.0,0.0,16647.0,1409584.0,0.0,0.0,9640.0,0.0,0.0,0.0,0.0
2023-03-19 20:03:58.001000+00:00,49152.0,3059712.0,3960832.0,3940352.0,3.11,0.040797141,3.4,2466516.0,0.0,0.0,16696.0,1414832.0,0.0,0.0,9670.0,0.0,0.0,0.0,0.0
2023-03-19 20:04:04.179000+00:00,49152.0,3059712.0,3989504.0,3969024.0,3.12,0.040797141,3.4,2470134.0,0.0,0.0,16721.0,1416964.0,0.0,0.0,9684.0,0.0,0.0,0.0,0.0
2023-03-19 20:04:09.699000+00:00,49152.0,3059712.0,3973120.0,3952640.0,3.13,0.040797141,3.41,2475935.0,0.0,0.0,16763.0,1420148.0,0.0,0.0,9708.0,0.0,0.0,0.0,0.0
2023-03-19 20:04:14.699000+00:00,49152.0,3059712.0,3960832.0,3940352.0,3.14,0.040797141,3.42,2481123.0,0.0,0.0,16795.0,1422730.0,0.0,0.0,9726.0,0.0,0.0,0.0,0.0
2023-03-19 20:04:19.650000+00:00,49152.0,3059712.0,4222976.0,4202496.0,3.16,0.040797141,3.42,2482815.0,0.0,0.0,16808.0,1423855.0,0.0,0.0,9734.0,0.0,0.0,0.0,0.0
2023-03-19 20:04:23.816000+00:00,49152.0,3059712.0,4222976.0,4202496.0,3.16,0.040797141,3.42,2482815.0,0.0,0.0,16808.0,1426537.0,0.0,0.0,9750.0,0.0,0.0,0.0,0.0
2023-03-19 20:04:28.665000+00:00,49152.0,3063808.0,3964928.0,3944448.0,3.16,0.040797141,3.42,2490950.0,0.0,0.0,16865.0,1429057.0,0.0,0.0,9765.0,0.0,0.0,0.0,0.0
2023-03-19 20:04:33.591000+00:00,49152.0,3063808.0,4100096.0,4079616.0,3.18,0.040797141,3.42,2499374.0,0.0,0.0,16916.0,1433764.0,0.0,0.0,9797.0,0.0,0.0,0.0,0.0
2023-03-19 20:04:39.593000+00:00,49152.0,3067904.0,3964928.0,3940352.0,3.18,0.040797141,3.44,2503261.0,0.0,0.0,16940.0,1435291.0,0.0,0.0,9809.0,0.0,0.0,0.0,0.0
2023-03-19 20:04:43.963000+00:00,49152.0,3067904.0,3964928.0,3940352.0,3.18,0.040797141,3.44,2503261.0,0.0,0.0,16940.0,1435291.0,0.0,0.0,9809.0,0.0,0.0,0.0,0.0
2023-03-19 20:04:49.226000+00:00,49152.0,3063808.0,3964928.0,3944448.0,3.18,0.040797141,3.46,2508466.0,0.0,0.0,16976.0,1437702.0,0.0,0.0,9828.0,0.0,0.0,0.0,0.0
2023-03-19 20:04:54.873000+00:00,49152.0,3072000.0,3969024.0,3948544.0,3.2,0.040797141,3.46,2518640.0,0.0,0.0,17035.0,1442989.0,0.0,0.0,9861.0,0.0,0.0,0.0,0.0
2023-03-19 20:04:58.519000+00:00,49152.0,3063808.0,3833856.0,3809280.0,3.22,0.040797141,3.47,2520538.0,0.0,0.0,17048.0,1443822.0,0.0,0.0,9868.0,0.0,0.0,0.0,0.0
2023-03-19 20:05:04.411000+00:00,49152.0,3063808.0,3964928.0,3940352.0,3.22,0.040797141,3.47,2527086.0,0.0,0.0,17090.0,1446930.0,0.0,0.0,9892.0,0.0,0.0,0.0,0.0
2023-03-19 20:05:08.709000+00:00,49152.0,3059712.0,3960832.0,3940352.0,3.22,0.040797141,3.48,2531433.0,0.0,0.0,17116.0,1449233.0,0.0,0.0,9908.0,0.0,0.0,0.0,0.0
2023-03-19 20:05:14.145000+00:00,49152.0,3059712.0,3960832.0,3940352.0,3.23,0.040797141,3.48,2531433.0,0.0,0.0,17116.0,1449233.0,0.0,0.0,9908.0,0.0,0.0,0.0,0.0
2023-03-19 20:05:18.800000+00:00,49152.0,3059712.0,3973120.0,3952640.0,3.23,0.040797141,3.49,2537284.0,0.0,0.0,17160.0,1452617.0,0.0,0.0,9933.0,0.0,0.0,0.0,0.0
2023-03-19 20:05:24.090000+00:00,49152.0,3059712.0,3973120.0,3952640.0,3.24,0.040797141,3.5,2537284.0,0.0,0.0,17160.0,1452617.0,0.0,0.0,9947.0,0.0,0.0,0.0,0.0
2023-03-19 20:05:29.488000+00:00,49152.0,3063808.0,3977216.0,3956736.0,3.25,0.040797141,3.5,2545859.0,0.0,0.0,17223.0,1457566.0,0.0,0.0,9970.0,0.0,0.0,0.0,0.0
2023-03-19 20:05:34.351000+00:00,49152.0,3063808.0,3833856.0,3813376.0,3.25,0.040797141,3.5,2550094.0,0.0,0.0,17253.0,1460118.0,0.0,0.0,9988.0,0.0,0.0,0.0,0.0
2023-03-19 20:05:39.117000+00:00,49152.0,3059712.0,3969024.0,3948544.0,3.26,0.040797141,3.51,2550434.0,0.0,0.0,17257.0,1460264.0,0.0,0.0,9990.0,0.0,0.0,0.0,0.0
2023-03-19 20:05:43.992000+00:00,49152.0,3059712.0,3973120.0,3952640.0,3.26,0.040797141,3.52,2553496.0,0.0,0.0,17279.0,1462061.0,0.0,0.0,10003.0,0.0,0.0,0.0,0.0
2023-03-19 20:05:49.440000+00:00,53248.0,3059712.0,3960832.0,3940352.0,3.26,0.040797141,3.52,2553666.0,0.0,0.0,17281.0,1462134.0,0.0,0.0,10004.0,0.0,0.0,0.0,0.0
2023-03-19 20:05:54.060000+00:00,53248.0,3059712.0,3960832.0,3940352.0,3.27,0.040797141,3.53,2553666.0,0.0,0.0,17281.0,1462134.0,0.0,0.0,10022.0,0.0,0.0,0.0,0.0
2023-03-19 20:05:58.722000+00:00,53248.0,3059712.0,3997696.0,3977216.0,3.28,0.040797141,3.53,2564737.0,0.0,0.0,17360.0,1468667.0,0.0,0.0,10051.0,0.0,0.0,0.0,0.0
2023-03-19 20:06:04.654000+00:00,53248.0,3059712.0,3997696.0,3944448.0,3.29,0.040797141,3.53,2569744.0,0.0,0.0,17394.0,1471987.0,0.0,0.0,10070.0,0.0,0.0,0.0,0.0
2023-03-19 20:06:09.365000+00:00,53248.0,3059712.0,4091904.0,4071424.0,3.3,0.040797141,3.54,2573354.0,0.0,0.0,17423.0,1473996.0,0.0,0.0,10086.0,0.0,0.0,0.0,0.0
2023-03-19 20:06:14.638000+00:00,53248.0,3059712.0,4091904.0,4071424.0,3.3,0.040797141,3.54,2573354.0,0.0,0.0,17423.0,1473996.0,0.0,0.0,10086.0,0.0,0.0,0.0,0.0
2023-03-19 20:06:19.490000+00:00,53248.0,3059712.0,3960832.0,3940352.0,3.3,0.040797141,3.54,2583693.0,0.0,0.0,17496.0,1479756.0,0.0,0.0,10128.0,0.0,0.0,0.0,0.0
2023-03-19 20:06:23.888000+00:00,53248.0,3059712.0,3960832.0,3940352.0,3.3,0.040797141,3.56,2583693.0,0.0,0.0,17496.0,1479756.0,0.0,0.0,10157.0,0.0,0.0,0.0,0.0
2023-03-19 20:06:28.318000+00:00,53248.0,3067904.0,3969024.0,3948544.0,3.31,0.040797141,3.56,2593361.0,0.0,0.0,17564.0,1485101.0,0.0,0.0,10166.0,0.0,0.0,0.0,0.0
2023-03-19 20:06:34.450000+00:00,53248.0,3067904.0,3969024.0,3944448.0,3.32,0.040797141,3.56,2599510.0,0.0,0.0,17599.0,1487954.0,0.0,0.0,10187.0,0.0,0.0,0.0,0.0
2023-03-19 20:06:39.652000+00:00,53248.0,3063808.0,3964928.0,3940352.0,3.32,0.040797141,3.58,2602199.0,0.0,0.0,17612.0,1489323.0,0.0,0.0,10195.0,0.0,0.0,0.0,0.0
2023-03-19 20:06:44.878000+00:00,53248.0,3063808.0,3964928.0,3940352.0,3.32,0.040797141,3.58,2602199.0,0.0,0.0,17612.0,1489323.0,0.0,0.0,10195.0,0.0,0.0,0.0,0.0
2023-03-19 20:06:48.568000+00:00,53248.0,3063808.0,3948544.0,3928064.0,3.33,0.040797141,3.58,2610161.0,0.0,0.0,17671.0,1493734.0,0.0,0.0,10230.0,0.0,0.0,0.0,0.0
2023-03-19 20:06:53.767000+00:00,53248.0,3063808.0,3948544.0,3928064.0,3.33,0.040797141,3.58,2610161.0,0.0,0.0,17671.0,1493734.0,0.0,0.0,10230.0,0.0,0.0,0.0,0.0
2023-03-19 20:06:59.663000+00:00,53248.0,3067904.0,4108288.0,4079616.0,3.34,0.040797141,3.59,2620402.0,0.0,0.0,17741.0,1499786.0,0.0,0.0,10269.0,0.0,0.0,0.0,0.0
2023-03-19 20:07:03.126000+00:00,53248.0,3067904.0,4108288.0,3809280.0,3.35,0.040797141,3.59,2621490.0,0.0,0.0,17749.0,1500280.0,0.0,0.0,10273.0,0.0,0.0,0.0,0.0
2023-03-19 20:07:09.678000+00:00,53248.0,3059712.0,3960832.0,3940352.0,3.36,0.040797141,3.6,2629576.0,0.0,0.0,17802.0,1504967.0,0.0,0.0,10303.0,0.0,0.0,0.0,0.0
2023-03-19 20:07:14.503000+00:00,53248.0,3063808.0,3964928.0,3944448.0,3.37,0.040797141,3.6,2633904.0,0.0,0.0,17838.0,1507438.0,0.0,0.0,10322.0,0.0,0.0,0.0,0.0
2023-03-19 20:07:19.833000+00:00,53248.0,3063808.0,3964928.0,3944448.0,3.37,0.040797141,3.62,2637252.0,0.0,0.0,17861.0,1509944.0,0.0,0.0,10335.0,0.0,0.0,0.0,0.0
2023-03-19 20:07:23.484000+00:00,53248.0,3059712.0,4091904.0,4071424.0,3.37,0.040797141,3.62,2639075.0,0.0,0.0,17874.0,1511033.0,0.0,0.0,10343.0,0.0,0.0,0.0,0.0
2023-03-19 20:07:28.938000+00:00,53248.0,3063808.0,3964928.0,3944448.0,3.37,0.040797141,3.62,2642087.0,0.0,0.0,17897.0,1512433.0,0.0,0.0,10355.0,0.0,0.0,0.0,0.0
2023-03-19 20:07:34.113000+00:00,53248.0,3063808.0,3964928.0,3944448.0,3.37,0.040797141,3.62,2643792.0,0.0,0.0,17908.0,1513416.0,0.0,0.0,10361.0,0.0,0.0,0.0,0.0
2023-03-19 20:07:39.744000+00:00,53248.0,3063808.0,3837952.0,3813376.0,3.38,0.040797141,3.62,2648482.0,0.0,0.0,17944.0,1516119.0,0.0,0.0,10381.0,0.0,0.0,0.0,0.0
2023-03-19 20:07:44.022000+00:00,53248.0,3063808.0,3964928.0,3940352.0,3.38,0.040797141,3.63,2648482.0,0.0,0.0,17944.0,1516119.0,0.0,0.0,10381.0,0.0,0.0,0.0,0.0
2023-03-19 20:07:48.347000+00:00,53248.0,3059712.0,3960832.0,3940352.0,3.38,0.040797141,3.63,2649222.0,0.0,0.0,17950.0,1516334.0,0.0,0.0,10384.0,0.0,0.0,0.0,0.0
2023-03-19 20:07:54.556000+00:00,53248.0,3059712.0,3837952.0,3817472.0,3.39,0.040797141,3.64,2653787.0,0.0,0.0,17980.0,1518871.0,0.0,0.0,10401.0,0.0,0.0,0.0,0.0
2023-03-19 20:07:59.323000+00:00,53248.0,3059712.0,3829760.0,3809280.0,3.39,0.040797141,3.64,2657163.0,0.0,0.0,18006.0,1521262.0,0.0,0.0,10416.0,0.0,0.0,0.0,0.0
2023-03-19 20:08:04.181000+00:00,53248.0,3059712.0,3964928.0,3944448.0,3.4,0.040797141,3.64,2663039.0,0.0,0.0,18048.0,1524503.0,0.0,0.0,10440.0,0.0,0.0,0.0,0.0
2023-03-19 20:08:08.174000+00:00,53248.0,3059712.0,4079616.0,4059136.0,3.41,0.040797141,3.65,2669161.0,0.0,0.0,18091.0,1528775.0,0.0,0.0,10465.0,0.0,0.0,0.0,0.0
2023-03-19 20:08:14.255000+00:00,53248.0,3059712.0,4079616.0,4059136.0,3.42,0.040797141,3.66,2669161.0,0.0,0.0,18091.0,1528775.0,0.0,0.0,10465.0,0.0,0.0,0.0,0.0
2023-03-19 20:08:19.345000+00:00,53248.0,3059712.0,3960832.0,3940352.0,3.43,0.040797141,3.67,2680781.0,0.0,0.0,18178.0,1535296.0,0.0,0.0,10515.0,0.0,0.0,0.0,0.0
2023-03-19 20:08:24.412000+00:00,53248.0,3063808.0,3985408.0,3964928.0,3.43,0.040797141,3.67,2686511.0,0.0,0.0,18216.0,1538395.0,0.0,0.0,10537.0,0.0,0.0,0.0,0.0
2023-03-19 20:08:28.240000+00:00,53248.0,3067904.0,3969024.0,3948544.0,3.44,0.040797141,3.68,2691078.0,0.0,0.0,18246.0,1541523.0,0.0,0.0,10554.0,0.0,0.0,0.0,0.0
2023-03-19 20:08:34.848000+00:00,53248.0,3067904.0,3969024.0,3940352.0,3.45,0.040797141,3.68,2693539.0,0.0,0.0,18265.0,1543068.0,0.0,0.0,10565.0,0.0,0.0,0.0,0.0
2023-03-19 20:08:39.679000+00:00,53248.0,3059712.0,3842048.0,3821568.0,3.45,0.040797141,3.69,2698750.0,0.0,0.0,18301.0,1545779.0,0.0,0.0,10585.0,0.0,0.0,0.0,0.0
2023-03-19 20:08:44.023000+00:00,53248.0,3059712.0,3842048.0,3821568.0,3.45,0.040797141,3.7,2698750.0,0.0,0.0,18301.0,1545779.0,0.0,0.0,10585.0,0.0,0.0,0.0,0.0
2023-03-19 20:08:49.459000+00:00,53248.0,3063808.0,3964928.0,3944448.0,3.46,0.040797141,3.7,2703812.0,0.0,0.0,18339.0,1548402.0,0.0,0.0,10606.0,0.0,0.0,0.0,0.0
2023-03-19 20:08:54.178000+00:00,53248.0,3063808.0,3960832.0,3940352.0,3.46,0.040797141,3.71,2708276.0,0.0,0.0,18369.0,1551231.0,0.0,0.0,10624.0,0.0,0.0,0.0,0.0
2023-03-19 20:08:59.078000+00:00,53248.0,3059712.0,3858432.0,3837952.0,3.46,0.040797141,3.72,2713130.0,0.0,0.0,18401.0,1553355.0,0.0,0.0,10642.0,0.0,0.0,0.0,0.0
2023-03-19 20:09:04.588000+00:00,53248.0,3059712.0,3973120.0,3952640.0,3.46,0.040797141,3.74,2717209.0,0.0,0.0,18431.0,1555937.0,0.0,0.0,10660.0,0.0,0.0,0.0,0.0
2023-03-19 20:09:09.766000+00:00,53248.0,3059712.0,3960832.0,3940352.0,3.46,0.040797141,3.76,2718911.0,0.0,0.0,18444.0,1557081.0,0.0,0.0,10668.0,0.0,0.0,0.0,0.0
2023-03-19 20:09:14.347000+00:00,53248.0,3059712.0,3964928.0,3944448.0,3.47,0.040797141,3.77,2724405.0,0.0,0.0,18482.0,1560351.0,0.0,0.0,10691.0,0.0,0.0,0.0,0.0
2023-03-19 20:09:19.833000+00:00,53248.0,3059712.0,3846144.0,3825664.0,3.47,0.040797141,3.78,2727883.0,0.0,0.0,18508.0,1562715.0,0.0,0.0,10705.0,0.0,0.0,0.0,0.0
2023-03-19 20:09:23.942000+00:00,53248.0,3059712.0,3960832.0,3940352.0,3.47,0.040797141,3.78,2728223.0,0.0,0.0,18512.0,1562861.0,0.0,0.0,10707.0,0.0,0.0,0.0,0.0
2023-03-19 20:09:28.443000+00:00,53248.0,3059712.0,3973120.0,3952640.0,3.48,0.040797141,3.78,2736027.0,0.0,0.0,18563.0,1566827.0,0.0,0.0,10736.0,0.0,0.0,0.0,0.0
2023-03-19 20:09:34.396000+00:00,53248.0,3059712.0,3973120.0,3940352.0,3.48,0.040797141,3.79,2738108.0,0.0,0.0,18576.0,1568186.0,0.0,0.0,10744.0,0.0,0.0,0.0,0.0
2023-03-19 20:09:39.343000+00:00,53248.0,3059712.0,3960832.0,3940352.0,3.49,0.040797141,3.79,2738108.0,0.0,0.0,18576.0,1568186.0,0.0,0.0,10744.0,0.0,0.0,0.0,0.0
2023-03-19 20:09:43.918000+00:00,53248.0,3059712.0,3960832.0,3940352.0,3.49,0.040797141,3.79,2738777.0,0.0,0.0,18581.0,1568401.0,0.0,0.0,10747.0,0.0,0.0,0.0,0.0
2023-03-19 20:09:49.183000+00:00,53248.0,3059712.0,3960832.0,3940352.0,3.49,0.040797141,3.8,2742182.0,0.0,0.0,18604.0,1570077.0,0.0,0.0,10760.0,0.0,0.0,0.0,0.0
2023-03-19 20:09:54.078000+00:00,53248.0,3059712.0,3837952.0,3817472.0,3.49,0.040797141,3.8,2748079.0,0.0,0.0,18642.0,1573114.0,0.0,0.0,10783.0,0.0,0.0,0.0,0.0
2023-03-19 20:09:59.263000+00:00,53248.0,3063808.0,3969024.0,3944448.0,3.5,0.040797141,3.8,2749743.0,0.0,0.0,18655.0,1574188.0,0.0,0.0,10790.0,0.0,0.0,0.0,0.0
2023-03-19 20:10:04.869000+00:00,53248.0,3063808.0,3969024.0,4071424.0,3.5,0.040797141,3.81,2755897.0,0.0,0.0,18700.0,1577945.0,0.0,0.0,10815.0,0.0,0.0,0.0,0.0
2023-03-19 20:10:08.229000+00:00,53248.0,3063808.0,3846144.0,3817472.0,3.5,0.040797141,3.81,2756673.0,0.0,0.0,18706.0,1578344.0,0.0,0.0,10818.0,0.0,0.0,0.0,0.0
2023-03-19 20:10:14.812000+00:00,53248.0,3063808.0,4116480.0,4091904.0,3.5,0.040797141,3.82,2764808.0,0.0,0.0,18770.0,1583036.0,0.0,0.0,10855.0,0.0,0.0,0.0,0.0
2023-03-19 20:10:19.803000+00:00,53248.0,3059712.0,3964928.0,3940352.0,3.5,0.040797141,3.82,2769156.0,0.0,0.0,18805.0,1585460.0,0.0,0.0,10874.0,0.0,0.0,0.0,0.0
2023-03-19 20:10:24.446000+00:00,53248.0,3059712.0,3969024.0,3944448.0,3.52,0.040797141,3.83,2777830.0,0.0,0.0,18863.0,1590613.0,0.0,0.0,10908.0,0.0,0.0,0.0,0.0
2023-03-19 20:10:29.335000+00:00,53248.0,3059712.0,3969024.0,3944448.0,3.52,0.040797141,3.83,2778000.0,0.0,0.0,18865.0,1590686.0,0.0,0.0,10909.0,0.0,0.0,0.0,0.0
2023-03-19 20:10:34.553000+00:00,53248.0,3059712.0,3969024.0,3940352.0,3.53,0.040797141,3.84,2782603.0,0.0,0.0,18895.0,1593903.0,0.0,0.0,10925.0,0.0,0.0,0.0,0.0
2023-03-19 20:10:39.127000+00:00,53248.0,3059712.0,3985408.0,3960832.0,3.53,0.040797141,3.84,2785051.0,0.0,0.0,18914.0,1595430.0,0.0,0.0,10936.0,0.0,0.0,0.0,0.0
2023-03-19 20:10:44.929000+00:00,53248.0,3059712.0,3842048.0,3817472.0,3.54,0.040797141,3.84,2791843.0,0.0,0.0,18957.0,1599609.0,0.0,0.0,10961.0,0.0,0.0,0.0,0.0
2023-03-19 20:10:48.423000+00:00,53248.0,3059712.0,3973120.0,3948544.0,3.54,0.040797141,3.85,2794908.0,0.0,0.0,18976.0,1601109.0,0.0,0.0,10972.0,0.0,0.0,0.0,0.0
2023-03-19 20:10:53.715000+00:00,53248.0,3059712.0,3842048.0,3817472.0,3.54,0.040797141,3.86,2802258.0,0.0,0.0,19027.0,1605775.0,0.0,0.0,11002.0,0.0,0.0,0.0,0.0
2023-03-19 20:10:59.854000+00:00,53248.0,3063808.0,4104192.0,4079616.0,3.55,0.040797141,3.87,2805905.0,0.0,0.0,19050.0,1607455.0,0.0,0.0,11015.0,0.0,0.0,0.0,0.0
2023-03-19 20:11:03.899000+00:00,53248.0,3063808.0,4104192.0,3952640.0,3.56,0.040797141,3.87,2811750.0,0.0,0.0,19089.0,1610899.0,0.0,0.0,11038.0,0.0,0.0,0.0,0.0
2023-03-19 20:11:08.209000+00:00,53248.0,3059712.0,3964928.0,3940352.0,3.56,0.040797141,3.88,2815216.0,0.0,0.0,19108.0,1612411.0,0.0,0.0,11049.0,0.0,0.0,0.0,0.0
2023-03-19 20:11:13.638000+00:00,53248.0,3059712.0,3964928.0,3940352.0,3.57,0.040797141,3.88,2815216.0,0.0,0.0,19108.0,1612411.0,0.0,0.0,11049.0,0.0,0.0,0.0,0.0
2023-03-19 20:11:18.547000+00:00,53248.0,3059712.0,3969024.0,3944448.0,3.58,0.040797141,3.89,2817817.0,0.0,0.0,19127.0,1614223.0,0.0,0.0,11060.0,0.0,0.0,0.0,0.0
2023-03-19 20:11:24.093000+00:00,53248.0,3059712.0,3969024.0,3944448.0,3.58,0.040797141,3.9,2820647.0,0.0,0.0,19148.0,1615879.0,0.0,0.0,11072.0,0.0,0.0,0.0,0.0
2023-03-19 20:11:29.301000+00:00,53248.0,3059712.0,3964928.0,3940352.0,3.59,0.040797141,3.9,2826612.0,0.0,0.0,19192.0,1619597.0,0.0,0.0,11099.0,0.0,0.0,0.0,0.0
2023-03-19 20:11:33.923000+00:00,53248.0,3059712.0,3964928.0,3948544.0,3.59,0.040797141,3.92,2830629.0,0.0,0.0,19221.0,1621874.0,0.0,0.0,11116.0,0.0,0.0,0.0,0.0
2023-03-19 20:11:39.200000+00:00,53248.0,3072000.0,3977216.0,3952640.0,3.59,0.040797141,3.93,2832500.0,0.0,0.0,19236.0,1622920.0,0.0,0.0,11124.0,0.0,0.0,0.0,0.0
2023-03-19 20:11:44.710000+00:00,53248.0,3072000.0,3977216.0,3948544.0,3.6,0.040797141,3.94,2832500.0,0.0,0.0,19236.0,1622920.0,0.0,0.0,11124.0,0.0,0.0,0.0,0.0
2023-03-19 20:11:49.364000+00:00,53248.0,3072000.0,3977216.0,3948544.0,3.61,0.040797141,3.94,2834329.0,0.0,0.0,19251.0,1624072.0,0.0,0.0,11132.0,0.0,0.0,0.0,0.0
2023-03-19 20:11:53.502000+00:00,53248.0,3072000.0,3969024.0,3944448.0,3.61,0.040797141,3.94,2834905.0,0.0,0.0,19256.0,1624287.0,0.0,0.0,11135.0,0.0,0.0,0.0,0.0
2023-03-19 20:11:59.853000+00:00,53248.0,3063808.0,3964928.0,3940352.0,3.62,0.040797141,3.94,2836641.0,0.0,0.0,19270.0,1625300.0,0.0,0.0,11142.0,0.0,0.0,0.0,0.0
2023-03-19 20:12:04.293000+00:00,53248.0,3063808.0,3964928.0,3940352.0,3.64,0.040797141,3.94,2842688.0,0.0,0.0,19306.0,1629897.0,0.0,0.0,11163.0,0.0,0.0,0.0,0.0
2023-03-19 20:12:09.131000+00:00,53248.0,3063808.0,4096000.0,4071424.0,3.64,0.040797141,3.94,2842858.0,0.0,0.0,19308.0,1629970.0,0.0,0.0,11164.0,0.0,0.0,0.0,0.0
2023-03-19 20:12:13.973000+00:00,53248.0,3063808.0,3969024.0,3944448.0,3.65,0.040797141,3.95,2846992.0,0.0,0.0,19338.0,1632572.0,0.0,0.0,11182.0,0.0,0.0,0.0,0.0
2023-03-19 20:12:19.691000+00:00,53248.0,3063808.0,3969024.0,3944448.0,3.65,0.040797141,3.95,2853706.0,0.0,0.0,19379.0,1635887.0,0.0,0.0,11207.0,0.0,0.0,0.0,0.0
2023-03-19 20:12:24.495000+00:00,53248.0,3063808.0,3969024.0,3944448.0,3.66,0.040797141,3.96,2856067.0,0.0,0.0,19398.0,1637156.0,0.0,0.0,11217.0,0.0,0.0,0.0,0.0
2023-03-19 20:12:29.525000+00:00,53248.0,3063808.0,4100096.0,4075520.0,3.66,0.040797141,3.96,2857895.0,0.0,0.0,19412.0,1638330.0,0.0,0.0,11225.0,0.0,0.0,0.0,0.0
2023-03-19 20:12:34.265000+00:00,53248.0,3063808.0,3981312.0,3956736.0,3.67,0.040797141,3.96,2861668.0,0.0,0.0,19435.0,1640112.0,0.0,0.0,11238.0,0.0,0.0,0.0,0.0
2023-03-19 20:12:39.219000+00:00,53248.0,3063808.0,3969024.0,3944448.0,3.68,0.040797141,3.98,2862517.0,0.0,0.0,19443.0,1640397.0,0.0,0.0,11242.0,0.0,0.0,0.0,0.0
2023-03-19 20:12:43.965000+00:00,53248.0,3063808.0,3985408.0,3960832.0,3.68,0.040797141,3.98,2864925.0,0.0,0.0,19462.0,1641901.0,0.0,0.0,11253.0,0.0,0.0,0.0,0.0
2023-03-19 20:12:49.532000+00:00,53248.0,3067904.0,3977216.0,3952640.0,3.69,0.040797141,3.98,2868030.0,0.0,0.0,19487.0,1643949.0,0.0,0.0,11268.0,0.0,0.0,0.0,0.0
2023-03-19 20:12:54.495000+00:00,53248.0,3063808.0,3969024.0,3944448.0,3.69,0.040797141,3.98,2871661.0,0.0,0.0,19516.0,1646174.0,0.0,0.0,11284.0,0.0,0.0,0.0,0.0
2023-03-19 20:12:59.453000+00:00,53248.0,3063808.0,3969024.0,3944448.0,3.7,0.040797141,3.98,2874571.0,0.0,0.0,19535.0,1647675.0,0.0,0.0,11295.0,0.0,0.0,0.0,0.0
2023-03-19 20:13:03.762000+00:00,53248.0,3063808.0,3969024.0,3944448.0,3.7,0.040797141,3.98,2879825.0,0.0,0.0,19570.0,1649992.0,0.0,0.0,11315.0,0.0,0.0,0.0,0.0
2023-03-19 20:13:08.874000+00:00,53248.0,3067904.0,3973120.0,3948544.0,3.71,0.040797141,3.99,2890478.0,0.0,0.0,19638.0,1655953.0,0.0,0.0,11355.0,0.0,0.0,0.0,0.0
2023-03-19 20:13:13.689000+00:00,53248.0,3067904.0,3973120.0,3948544.0,3.71,0.040797141,4.0,2896112.0,0.0,0.0,19677.0,1659212.0,0.0,0.0,11377.0,0.0,0.0,0.0,0.0
2023-03-19 20:13:19.580000+00:00,53248.0,3063808.0,3981312.0,3956736.0,3.72,0.040797141,4.0,2899719.0,0.0,0.0,19703.0,1661043.0,0.0,0.0,11391.0,0.0,0.0,0.0,0.0
2023-03-19 20:13:23.840000+00:00,53248.0,3063808.0,3969024.0,3944448.0,3.72,0.040797141,4.0,2900903.0,0.0,0.0,19711.0,1661453.0,0.0,0.0,11395.0,0.0,0.0,0.0,0.0
2023-03-19 20:13:28.867000+00:00,53248.0,3067904.0,3969024.0,3944448.0,3.72,0.040797141,4.02,2901540.0,0.0,0.0,19716.0,1661872.0,0.0,0.0,11398.0,0.0,0.0,0.0,0.0
2023-03-19 20:13:34.866000+00:00,53248.0,3067904.0,3969024.0,3952640.0,3.73,0.040797141,4.02,2904338.0,0.0,0.0,19736.0,1663690.0,0.0,0.0,11409.0,0.0,0.0,0.0,0.0
2023-03-19 20:13:39.499000+00:00,53248.0,3063808.0,4096000.0,4071424.0,3.74,0.040797141,4.03,2906575.0,0.0,0.0,19755.0,1664931.0,0.0,0.0,11419.0,0.0,0.0,0.0,0.0
2023-03-19 20:13:43.569000+00:00,53248.0,3063808.0,4001792.0,3977216.0,3.74,0.040797141,4.03,2913409.0,0.0,0.0,19798.0,1669109.0,0.0,0.0,11444.0,0.0,0.0,0.0,0.0
2023-03-19 20:13:49.290000+00:00,53248.0,3063808.0,3969024.0,3944448.0,3.74,0.040797141,4.04,2918492.0,0.0,0.0,19832.0,1672235.0,0.0,0.0,11463.0,0.0,0.0,0.0,0.0
2023-03-19 20:13:53.730000+00:00,53248.0,3063808.0,3973120.0,3948544.0,3.75,0.040797141,4.06,2923237.0,0.0,0.0,19864.0,1674948.0,0.0,0.0,11482.0,0.0,0.0,0.0,0.0
2023-03-19 20:13:59.548000+00:00,53248.0,3063808.0,3969024.0,3944448.0,3.76,0.040797141,4.06,2928859.0,0.0,0.0,19900.0,1677635.0,0.0,0.0,11502.0,0.0,0.0,0.0,0.0
2023-03-19 20:14:04.787000+00:00,53248.0,3063808.0,3969024.0,3944448.0,3.77,0.040797141,4.07,2929029.0,0.0,0.0,19902.0,1677708.0,0.0,0.0,11503.0,0.0,0.0,0.0,0.0
2023-03-19 20:14:08.838000+00:00,53248.0,3063808.0,4091904.0,4067328.0,3.77,0.040797141,4.07,2933841.0,0.0,0.0,19934.0,1680361.0,0.0,0.0,11522.0,0.0,0.0,0.0,0.0
2023-03-19 20:14:13.885000+00:00,53248.0,3063808.0,3969024.0,3944448.0,3.78,0.040797141,4.08,2936524.0,0.0,0.0,19949.0,1681461.0,0.0,0.0,11530.0,0.0,0.0,0.0,0.0
2023-03-19 20:14:19.034000+00:00,53248.0,3063808.0,3969024.0,3944448.0,3.78,0.040797141,4.08,2936524.0,0.0,0.0,19949.0,1681461.0,0.0,0.0,11530.0,0.0,0.0,0.0,0.0
2023-03-19 20:14:24.043000+00:00,53248.0,3063808.0,3969024.0,3944448.0,3.79,0.040797141,4.08,2936864.0,0.0,0.0,19953.0,1681607.0,0.0,0.0,11532.0,0.0,0.0,0.0,0.0
2023-03-19 20:14:28.932000+00:00,53248.0,3067904.0,3977216.0,3952640.0,3.79,0.040797141,4.1,2946807.0,0.0,0.0,20017.0,1686549.0,0.0,0.0,11569.0,0.0,0.0,0.0,0.0
2023-03-19 20:14:34.772000+00:00,53248.0,3067904.0,3977216.0,4091904.0,3.8,0.040797141,4.11,2957143.0,0.0,0.0,20092.0,1693270.0,0.0,0.0,11613.0,0.0,0.0,0.0,0.0
2023-03-19 20:14:38.870000+00:00,53248.0,3072000.0,3977216.0,3944448.0,3.8,0.040797141,4.12,2963381.0,0.0,0.0,20137.0,1696929.0,0.0,0.0,11639.0,0.0,0.0,0.0,0.0
2023-03-19 20:14:44.820000+00:00,53248.0,3072000.0,3981312.0,3948544.0,3.81,0.040797141,4.12,2967996.0,0.0,0.0,20166.0,1699422.0,0.0,0.0,11656.0,0.0,0.0,0.0,0.0
2023-03-19 20:14:49.214000+00:00,53248.0,3063808.0,3973120.0,3948544.0,3.82,0.040797141,4.12,2971253.0,0.0,0.0,20191.0,1701162.0,0.0,0.0,11670.0,0.0,0.0,0.0,0.0
2023-03-19 20:14:54.497000+00:00,53248.0,3063808.0,4112384.0,4087808.0,3.82,0.040797141,4.12,2974277.0,0.0,0.0,20210.0,1702896.0,0.0,0.0,11681.0,0.0,0.0,0.0,0.0
2023-03-19 20:14:59.560000+00:00,53248.0,3063808.0,3985408.0,3956736.0,3.83,0.040797141,4.14,2977739.0,0.0,0.0,20237.0,1704960.0,0.0,0.0,11696.0,0.0,0.0,0.0,0.0
2023-03-19 20:15:04.346000+00:00,53248.0,3063808.0,3985408.0,3833856.0,3.85,0.040797141,4.14,2988222.0,0.0,0.0,20315.0,1711765.0,0.0,0.0,11742.0,0.0,0.0,0.0,0.0
2023-03-19 20:15:09.353000+00:00,53248.0,3067904.0,4104192.0,4075520.0,3.85,0.040797141,4.16,2998852.0,0.0,0.0,20376.0,1717522.0,0.0,0.0,11781.0,0.0,0.0,0.0,0.0
2023-03-19 20:15:14.857000+00:00,53248.0,3067904.0,3981312.0,3952640.0,3.85,0.040797141,4.16,2999192.0,0.0,0.0,20380.0,1717668.0,0.0,0.0,11783.0,0.0,0.0,0.0,0.0
2023-03-19 20:15:18.992000+00:00,53248.0,3076096.0,4009984.0,3981312.0,3.86,0.040797141,4.16,3004488.0,0.0,0.0,20417.0,1720477.0,0.0,0.0,11805.0,0.0,0.0,0.0,0.0
2023-03-19 20:15:24.890000+00:00,53248.0,3076096.0,3854336.0,3825664.0,3.86,0.040797141,4.18,3012594.0,0.0,0.0,20471.0,1725453.0,0.0,0.0,11836.0,0.0,0.0,0.0,0.0
2023-03-19 20:15:28.996000+00:00,53248.0,3072000.0,3985408.0,3952640.0,3.86,0.040797141,4.18,3017288.0,0.0,0.0,20502.0,1727928.0,0.0,0.0,11853.0,0.0,0.0,0.0,0.0
2023-03-19 20:15:34.184000+00:00,53248.0,3072000.0,3985408.0,3948544.0,3.88,0.040797141,4.18,3026646.0,0.0,0.0,20562.0,1732906.0,0.0,0.0,11890.0,0.0,0.0,0.0,0.0
2023-03-19 20:15:39.787000+00:00,53248.0,3067904.0,3985408.0,3956736.0,3.88,0.040797141,4.19,3034384.0,0.0,0.0,20621.0,1737454.0,0.0,0.0,11925.0,0.0,0.0,0.0,0.0
2023-03-19 20:15:44.885000+00:00,53248.0,3067904.0,3846144.0,3817472.0,3.88,0.040797141,4.2,3034384.0,0.0,0.0,20621.0,1737454.0,0.0,0.0,11925.0,0.0,0.0,0.0,0.0
2023-03-19 20:15:48.545000+00:00,53248.0,3067904.0,3977216.0,3948544.0,3.88,0.040797141,4.21,3034384.0,0.0,0.0,20621.0,1737454.0,0.0,0.0,11925.0,0.0,0.0,0.0,0.0
2023-03-19 20:15:53.742000+00:00,53248.0,3067904.0,3977216.0,3948544.0,3.88,0.040797141,4.22,3034384.0,0.0,0.0,20621.0,1737454.0,0.0,0.0,11925.0,0.0,0.0,0.0,0.0
2023-03-19 20:15:58.972000+00:00,53248.0,3067904.0,3989504.0,3960832.0,3.89,0.040797141,4.22,3036876.0,0.0,0.0,20642.0,1738670.0,0.0,0.0,11937.0,0.0,0.0,0.0,0.0
2023-03-19 20:16:04.630000+00:00,53248.0,3067904.0,3989504.0,3952640.0,3.9,0.040797141,4.23,3042615.0,0.0,0.0,20686.0,1741997.0,0.0,0.0,11962.0,0.0,0.0,0.0,0.0
2023-03-19 20:16:08.779000+00:00,53248.0,3072000.0,3981312.0,3948544.0,3.9,0.040797141,4.24,3048220.0,0.0,0.0,20727.0,1745657.0,0.0,0.0,11987.0,0.0,0.0,0.0,0.0
2023-03-19 20:16:14.099000+00:00,53248.0,3072000.0,3850240.0,3817472.0,3.91,0.040797141,4.24,3048220.0,0.0,0.0,20727.0,1745657.0,0.0,0.0,11987.0,0.0,0.0,0.0,0.0
2023-03-19 20:16:19.100000+00:00,53248.0,3072000.0,3981312.0,3948544.0,3.91,0.040797141,4.25,3048390.0,0.0,0.0,20729.0,1745730.0,0.0,0.0,11988.0,0.0,0.0,0.0,0.0
2023-03-19 20:16:23.953000+00:00,53248.0,3072000.0,3981312.0,3948544.0,3.92,0.040797141,4.25,3048390.0,0.0,0.0,20729.0,1745730.0,0.0,0.0,12005.0,0.0,0.0,0.0,0.0
2023-03-19 20:16:28.096000+00:00,53248.0,3072000.0,3981312.0,3948544.0,3.92,0.040797141,4.26,3053219.0,0.0,0.0,20761.0,1747703.0,0.0,0.0,12005.0,0.0,0.0,0.0,0.0
2023-03-19 20:16:33.797000+00:00,53248.0,3072000.0,3981312.0,3948544.0,3.92,0.040797141,4.26,3053219.0,0.0,0.0,20761.0,1747703.0,0.0,0.0,12005.0,0.0,0.0,0.0,0.0
2023-03-19 20:16:39.228000+00:00,53248.0,3072000.0,3981312.0,3952640.0,3.93,0.040797141,4.27,3054557.0,0.0,0.0,20772.0,1748491.0,0.0,0.0,12011.0,0.0,0.0,0.0,0.0
2023-03-19 20:16:44.585000+00:00,53248.0,3072000.0,3981312.0,3952640.0,3.93,0.040797141,4.28,3054557.0,0.0,0.0,20772.0,1748491.0,0.0,0.0,12011.0,0.0,0.0,0.0,0.0
2023-03-19 20:16:49.721000+00:00,53248.0,3076096.0,3985408.0,3956736.0,3.93,0.040797141,4.29,3060334.0,0.0,0.0,20810.0,1751654.0,0.0,0.0,12033.0,0.0,0.0,0.0,0.0
2023-03-19 20:16:54.437000+00:00,53248.0,3076096.0,3985408.0,3956736.0,3.94,0.040797141,4.29,3060334.0,0.0,0.0,20810.0,1751654.0,0.0,0.0,12074.0,0.0,0.0,0.0,0.0
2023-03-19 20:16:59.110000+00:00,53248.0,3080192.0,3989504.0,3960832.0,3.95,0.040797141,4.29,3078384.0,0.0,0.0,20919.0,1760453.0,0.0,0.0,12100.0,0.0,0.0,0.0,0.0
2023-03-19 20:17:04.223000+00:00,53248.0,3080192.0,3993600.0,3956736.0,3.96,0.040797141,4.29,3083060.0,0.0,0.0,20954.0,1762967.0,0.0,0.0,12120.0,0.0,0.0,0.0,0.0
2023-03-19 20:17:09.847000+00:00,53248.0,3076096.0,4116480.0,4079616.0,3.96,0.040797141,4.31,3091782.0,0.0,0.0,21009.0,1768436.0,0.0,0.0,12152.0,0.0,0.0,0.0,0.0
2023-03-19 20:17:13.648000+00:00,53248.0,3076096.0,4116480.0,4079616.0,3.97,0.040797141,4.31,3091782.0,0.0,0.0,21009.0,1768436.0,0.0,0.0,12152.0,0.0,0.0,0.0,0.0
2023-03-19 20:17:18.749000+00:00,53248.0,3076096.0,3993600.0,3956736.0,3.98,0.040797141,4.32,3106218.0,0.0,0.0,21106.0,1776796.0,0.0,0.0,12208.0,0.0,0.0,0.0,0.0
2023-03-19 20:17:23.691000+00:00,53248.0,3080192.0,3989504.0,3952640.0,3.98,0.040797141,4.32,3111780.0,0.0,0.0,21142.0,1779788.0,0.0,0.0,12229.0,0.0,0.0,0.0,0.0
2023-03-19 20:17:28.552000+00:00,53248.0,3072000.0,3993600.0,3964928.0,3.98,0.040797141,4.34,3117700.0,0.0,0.0,21191.0,1783098.0,0.0,0.0,12256.0,0.0,0.0,0.0,0.0
2023-03-19 20:17:33.253000+00:00,53248.0,3072000.0,3981312.0,3952640.0,3.98,0.040797141,4.34,3120309.0,0.0,0.0,21212.0,1784581.0,0.0,0.0,12268.0,0.0,0.0,0.0,0.0
2023-03-19 20:17:39.125000+00:00,53248.0,3067904.0,3977216.0,3948544.0,3.98,0.040797141,4.34,3126690.0,0.0,0.0,21246.0,1787750.0,0.0,0.0,12288.0,0.0,0.0,0.0,0.0
2023-03-19 20:17:44.227000+00:00,53248.0,3067904.0,3973120.0,3944448.0,3.98,0.040797141,4.34,3130677.0,0.0,0.0,21271.0,1789558.0,0.0,0.0,12302.0,0.0,0.0,0.0,0.0
2023-03-19 20:17:49.723000+00:00,53248.0,3067904.0,3997696.0,3969024.0,3.98,0.040797141,4.35,3133068.0,0.0,0.0,21289.0,1791177.0,0.0,0.0,12313.0,0.0,0.0,0.0,0.0
2023-03-19 20:17:53.611000+00:00,53248.0,3067904.0,3997696.0,3969024.0,3.99,0.040797141,4.35,3133068.0,0.0,0.0,21289.0,1791177.0,0.0,0.0,12316.0,0.0,0.0,0.0,0.0
2023-03-19 20:17:59.617000+00:00,53248.0,3080192.0,3989504.0,3960832.0,4.0,0.040797141,4.37,3141482.0,0.0,0.0,21350.0,1795888.0,0.0,0.0,12347.0,0.0,0.0,0.0,0.0
2023-03-19 20:18:03.546000+00:00,53248.0,3080192.0,3989504.0,3829760.0,4.01,0.040797141,4.37,3148126.0,0.0,0.0,21387.0,1800100.0,0.0,0.0,12371.0,0.0,0.0,0.0,0.0
2023-03-19 20:18:09.239000+00:00,53248.0,3076096.0,3858432.0,3821568.0,4.01,0.040797141,4.37,3149150.0,0.0,0.0,21393.0,1800449.0,0.0,0.0,12374.0,0.0,0.0,0.0,0.0
2023-03-19 20:18:14.852000+00:00,53248.0,3067904.0,3977216.0,3948544.0,4.01,0.040797141,4.38,3149150.0,0.0,0.0,21393.0,1800449.0,0.0,0.0,12374.0,0.0,0.0,0.0,0.0
2023-03-19 20:18:18.319000+00:00,53248.0,3072000.0,3981312.0,3952640.0,4.02,0.040797141,4.38,3150975.0,0.0,0.0,21408.0,1801631.0,0.0,0.0,12383.0,0.0,0.0,0.0,0.0
2023-03-19 20:18:23.826000+00:00,53248.0,3072000.0,3981312.0,3952640.0,4.03,0.040797141,4.38,3150975.0,0.0,0.0,21408.0,1801631.0,0.0,0.0,12405.0,0.0,0.0,0.0,0.0
2023-03-19 20:18:29.690000+00:00,53248.0,3072000.0,3981312.0,3952640.0,4.03,0.040797141,4.38,3158160.0,0.0,0.0,21459.0,1805298.0,0.0,0.0,12411.0,0.0,0.0,0.0,0.0
2023-03-19 20:18:34.328000+00:00,53248.0,3072000.0,3981312.0,3948544.0,4.04,0.040797141,4.38,3159122.0,0.0,0.0,21467.0,1805801.0,0.0,0.0,12415.0,0.0,0.0,0.0,0.0
2023-03-19 20:18:39.602000+00:00,53248.0,3067904.0,3981312.0,3952640.0,4.04,0.040797141,4.4,3165368.0,0.0,0.0,21508.0,1809323.0,0.0,0.0,12438.0,0.0,0.0,0.0,0.0
2023-03-19 20:18:44.348000+00:00,53248.0,3076096.0,3985408.0,3956736.0,4.04,0.040797141,4.41,3173490.0,0.0,0.0,21565.0,1814047.0,0.0,0.0,12471.0,0.0,0.0,0.0,0.0
2023-03-19 20:18:49.501000+00:00,53248.0,3076096.0,3854336.0,3825664.0,4.04,0.040797141,4.43,3181140.0,0.0,0.0,21616.0,1818501.0,0.0,0.0,12503.0,0.0,0.0,0.0,0.0
2023-03-19 20:18:54.044000+00:00,53248.0,3076096.0,3854336.0,3825664.0,4.04,0.040797141,4.44,3181140.0,0.0,0.0,21616.0,1818501.0,0.0,0.0,12517.0,0.0,0.0,0.0,0.0
2023-03-19 20:18:59.465000+00:00,53248.0,3072000.0,3981312.0,3944448.0,4.06,0.040797141,4.45,3195024.0,0.0,0.0,21708.0,1825720.0,0.0,0.0,12554.0,0.0,0.0,0.0,0.0
2023-03-19 20:19:04.356000+00:00,53248.0,3072000.0,3981312.0,3944448.0,4.08,0.040797141,4.45,3202452.0,0.0,0.0,21767.0,1829764.0,0.0,0.0,12587.0,0.0,0.0,0.0,0.0
2023-03-19 20:19:09.009000+00:00,53248.0,3063808.0,3973120.0,3944448.0,4.08,0.040797141,4.45,3206650.0,0.0,0.0,21797.0,1832544.0,0.0,0.0,12604.0,0.0,0.0,0.0,0.0
2023-03-19 20:19:14.909000+00:00,53248.0,3063808.0,3842048.0,3813376.0,4.09,0.040797141,4.46,3207464.0,0.0,0.0,21803.0,1832759.0,0.0,0.0,12607.0,0.0,0.0,0.0,0.0
2023-03-19 20:19:19.014000+00:00,53248.0,3063808.0,3842048.0,3813376.0,4.09,0.040797141,4.47,3210104.0,0.0,0.0,21816.0,1834052.0,0.0,0.0,12615.0,0.0,0.0,0.0,0.0
2023-03-19 20:19:23.322000+00:00,53248.0,3063808.0,3842048.0,3813376.0,4.1,0.040797141,4.47,3210104.0,0.0,0.0,21816.0,1834052.0,0.0,0.0,12622.0,0.0,0.0,0.0,0.0
2023-03-19 20:19:28.655000+00:00,53248.0,3063808.0,3977216.0,3948544.0,4.1,0.040797141,4.48,3215504.0,0.0,0.0,21854.0,1836806.0,0.0,0.0,12635.0,0.0,0.0,0.0,0.0
2023-03-19 20:19:33.604000+00:00,53248.0,3063808.0,3993600.0,3964928.0,4.11,0.040797141,4.49,3223512.0,0.0,0.0,21912.0,1841417.0,0.0,0.0,12668.0,0.0,0.0,0.0,0.0
2023-03-19 20:19:39.439000+00:00,53248.0,3067904.0,4014080.0,3985408.0,4.12,0.040797141,4.49,3231730.0,0.0,0.0,21967.0,1846029.0,0.0,0.0,12700.0,0.0,0.0,0.0,0.0
2023-03-19 20:19:44.521000+00:00,53248.0,3072000.0,3981312.0,3952640.0,4.12,0.040797141,4.5,3242638.0,0.0,0.0,22042.0,1852145.0,0.0,0.0,12743.0,0.0,0.0,0.0,0.0
2023-03-19 20:19:49.073000+00:00,53248.0,3072000.0,3981312.0,3952640.0,4.12,0.040797141,4.5,3246127.0,0.0,0.0,22070.0,1853915.0,0.0,0.0,12758.0,0.0,0.0,0.0,0.0
2023-03-19 20:19:53.615000+00:00,53248.0,3072000.0,3981312.0,3952640.0,4.13,0.040797141,4.5,3246127.0,0.0,0.0,22091.0,1855324.0,0.0,0.0,12769.0,0.0,0.0,0.0,0.0
2023-03-19 20:19:58.868000+00:00,53248.0,3067904.0,3977216.0,3948544.0,4.14,0.040797141,4.51,3252669.0,0.0,0.0,22120.0,1857340.0,0.0,0.0,12784.0,0.0,0.0,0.0,0.0
2023-03-19 20:20:04.523000+00:00,53248.0,3067904.0,3854336.0,3825664.0,4.14,0.040797141,4.52,3260658.0,0.0,0.0,22167.0,1862715.0,0.0,0.0,12812.0,0.0,0.0,0.0,0.0
2023-03-19 20:20:08.649000+00:00,53248.0,3072000.0,3981312.0,3944448.0,4.15,0.040797141,4.52,3264854.0,0.0,0.0,22201.0,1865141.0,0.0,0.0,12831.0,0.0,0.0,0.0,0.0
2023-03-19 20:20:13.564000+00:00,53248.0,3072000.0,3981312.0,3944448.0,4.16,0.040797141,4.53,3264854.0,0.0,0.0,22201.0,1865141.0,0.0,0.0,12831.0,0.0,0.0,0.0,0.0
2023-03-19 20:20:19.799000+00:00,53248.0,3072000.0,4112384.0,4075520.0,4.17,0.040797141,4.53,3276322.0,0.0,0.0,22277.0,1871804.0,0.0,0.0,12875.0,0.0,0.0,0.0,0.0
2023-03-19 20:20:23.729000+00:00,53248.0,3072000.0,3981312.0,3944448.0,4.18,0.040797141,4.53,3279522.0,0.0,0.0,22294.0,1873262.0,0.0,0.0,12885.0,0.0,0.0,0.0,0.0
2023-03-19 20:20:29.358000+00:00,53248.0,3072000.0,3981312.0,3944448.0,4.18,0.040797141,4.53,3280638.0,0.0,0.0,22304.0,1873620.0,0.0,0.0,12890.0,0.0,0.0,0.0,0.0
2023-03-19 20:20:33.161000+00:00,53248.0,3072000.0,4112384.0,4075520.0,4.18,0.040797141,4.54,3286416.0,0.0,0.0,22343.0,1877439.0,0.0,0.0,12915.0,0.0,0.0,0.0,0.0
2023-03-19 20:20:39.649000+00:00,53248.0,3067904.0,3997696.0,3969024.0,4.19,0.040797141,4.54,3292955.0,0.0,0.0,22387.0,1881249.0,0.0,0.0,12940.0,0.0,0.0,0.0,0.0
2023-03-19 20:20:44.045000+00:00,53248.0,3067904.0,3997696.0,3969024.0,4.19,0.040797141,4.55,3292955.0,0.0,0.0,22387.0,1881249.0,0.0,0.0,12940.0,0.0,0.0,0.0,0.0
2023-03-19 20:20:48.905000+00:00,53248.0,3072000.0,3977216.0,3948544.0,4.2,0.040797141,4.56,3305708.0,0.0,0.0,22471.0,1888412.0,0.0,0.0,12991.0,0.0,0.0,0.0,0.0
2023-03-19 20:20:54.153000+00:00,53248.0,3072000.0,3977216.0,3948544.0,4.2,0.040797141,4.56,3305708.0,0.0,0.0,22484.0,1889565.0,0.0,0.0,12999.0,0.0,0.0,0.0,0.0
2023-03-19 20:20:59.346000+00:00,53248.0,3063808.0,3977216.0,3948544.0,4.21,0.040797141,4.58,3315892.0,0.0,0.0,22538.0,1893802.0,0.0,0.0,13031.0,0.0,0.0,0.0,0.0
2023-03-19 20:21:03.717000+00:00,53248.0,3063808.0,3985408.0,3956736.0,4.22,0.040797141,4.58,3325196.0,0.0,0.0,22600.0,1899864.0,0.0,0.0,13071.0,0.0,0.0,0.0,0.0
2023-03-19 20:21:08.564000+00:00,53248.0,3076096.0,3985408.0,3956736.0,4.22,0.040797141,4.58,3327840.0,0.0,0.0,22619.0,1901141.0,0.0,0.0,13080.0,0.0,0.0,0.0,0.0
2023-03-19 20:21:14.305000+00:00,53248.0,3076096.0,3985408.0,3956736.0,4.22,0.040797141,4.59,3327840.0,0.0,0.0,22619.0,1901141.0,0.0,0.0,13080.0,0.0,0.0,0.0,0.0
2023-03-19 20:21:18.369000+00:00,53248.0,3072000.0,3981312.0,3944448.0,4.22,0.040797141,4.6,3334693.0,0.0,0.0,22664.0,1905404.0,0.0,0.0,13107.0,0.0,0.0,0.0,0.0
2023-03-19 20:21:24.066000+00:00,53248.0,3063808.0,3981312.0,3952640.0,4.24,0.040797141,4.6,3336450.0,0.0,0.0,22675.0,1906161.0,0.0,0.0,13113.0,0.0,0.0,0.0,0.0
2023-03-19 20:21:28.904000+00:00,53248.0,3063808.0,3969024.0,3940352.0,4.24,0.040797141,4.6,3338982.0,0.0,0.0,22694.0,1907711.0,0.0,0.0,13124.0,0.0,0.0,0.0,0.0
2023-03-19 20:21:33.858000+00:00,53248.0,3063808.0,3854336.0,3825664.0,4.25,0.040797141,4.61,3343066.0,0.0,0.0,22724.0,1910037.0,0.0,0.0,13141.0,0.0,0.0,0.0,0.0
2023-03-19 20:21:38.702000+00:00,53248.0,3063808.0,3854336.0,3825664.0,4.26,0.040797141,4.61,3344459.0,0.0,0.0,22737.0,1910843.0,0.0,0.0,13148.0,0.0,0.0,0.0,0.0
2023-03-19 20:21:43.848000+00:00,53248.0,3067904.0,3989504.0,3960832.0,4.26,0.040797141,4.61,3353551.0,0.0,0.0,22795.0,1916358.0,0.0,0.0,13181.0,0.0,0.0,0.0,0.0
2023-03-19 20:21:48.892000+00:00,53248.0,3067904.0,3977216.0,3948544.0,4.27,0.040797141,4.62,3360832.0,0.0,0.0,22849.0,1920271.0,0.0,0.0,13211.0,0.0,0.0,0.0,0.0
2023-03-19 20:21:53.680000+00:00,53248.0,3067904.0,3977216.0,3948544.0,4.27,0.040797141,4.62,3364915.0,0.0,0.0,22877.0,1922822.0,0.0,0.0,13228.0,0.0,0.0,0.0,0.0
2023-03-19 20:21:58.054000+00:00,53248.0,3076096.0,3985408.0,3956736.0,4.27,0.040797141,4.63,3373572.0,0.0,0.0,22934.0,1927542.0,0.0,0.0,13262.0,0.0,0.0,0.0,0.0
2023-03-19 20:22:04.776000+00:00,53248.0,3080192.0,3989504.0,3960832.0,4.28,0.040797141,4.63,3378365.0,0.0,0.0,22970.0,1930729.0,0.0,0.0,13282.0,0.0,0.0,0.0,0.0
2023-03-19 20:22:09.272000+00:00,53248.0,3080192.0,3989504.0,3960832.0,4.28,0.040797141,4.64,3385710.0,0.0,0.0,23023.0,1935060.0,0.0,0.0,13313.0,0.0,0.0,0.0,0.0
2023-03-19 20:22:13.666000+00:00,53248.0,3076096.0,3989504.0,3960832.0,4.28,0.040797141,4.65,3385710.0,0.0,0.0,23023.0,1935060.0,0.0,0.0,13313.0,0.0,0.0,0.0,0.0
2023-03-19 20:22:18.571000+00:00,53248.0,3076096.0,3985408.0,3948544.0,4.28,0.040797141,4.66,3392505.0,0.0,0.0,23064.0,1938828.0,0.0,0.0,13337.0,0.0,0.0,0.0,0.0
2023-03-19 20:22:24.728000+00:00,53248.0,3076096.0,3985408.0,3956736.0,4.28,0.040797141,4.66,3397122.0,0.0,0.0,23097.0,1941210.0,0.0,0.0,13355.0,0.0,0.0,0.0,0.0
2023-03-19 20:22:29.418000+00:00,53248.0,3076096.0,3985408.0,3956736.0,4.29,0.040797141,4.66,3402438.0,0.0,0.0,23131.0,1944786.0,0.0,0.0,13375.0,0.0,0.0,0.0,0.0
2023-03-19 20:22:34.741000+00:00,53248.0,3072000.0,3981312.0,3948544.0,4.29,0.040797141,4.67,3406333.0,0.0,0.0,23158.0,1946654.0,0.0,0.0,13390.0,0.0,0.0,0.0,0.0
2023-03-19 20:22:39.076000+00:00,53248.0,3076096.0,3985408.0,3952640.0,4.3,0.040797141,4.68,3415792.0,0.0,0.0,23215.0,1952546.0,0.0,0.0,13424.0,0.0,0.0,0.0,0.0
2023-03-19 20:22:44.555000+00:00,53248.0,3067904.0,3985408.0,3952640.0,4.31,0.040797141,4.68,3415792.0,0.0,0.0,23215.0,1952546.0,0.0,0.0,13424.0,0.0,0.0,0.0,0.0
2023-03-19 20:22:49.686000+00:00,53248.0,3072000.0,3981312.0,3952640.0,4.32,0.040797141,4.69,3427118.0,0.0,0.0,23291.0,1958345.0,0.0,0.0,13466.0,0.0,0.0,0.0,0.0
2023-03-19 20:22:53.878000+00:00,53248.0,3072000.0,3981312.0,3952640.0,4.33,0.040797141,4.69,3427444.0,0.0,0.0,23295.0,1958488.0,0.0,0.0,13468.0,0.0,0.0,0.0,0.0
2023-03-19 20:22:59.224000+00:00,53248.0,3072000.0,3989504.0,3960832.0,4.33,0.040797141,4.7,3436455.0,0.0,0.0,23357.0,1963452.0,0.0,0.0,13504.0,0.0,0.0,0.0,0.0
2023-03-19 20:23:02.944000+00:00,53248.0,3076096.0,4116480.0,4087808.0,4.34,0.040797141,4.7,3442469.0,0.0,0.0,23396.0,1967172.0,0.0,0.0,13526.0,0.0,0.0,0.0,0.0
2023-03-19 20:23:09.034000+00:00,53248.0,3067904.0,3973120.0,3944448.0,4.34,0.040797141,4.7,3446282.0,0.0,0.0,23425.0,1969320.0,0.0,0.0,13542.0,0.0,0.0,0.0,0.0
2023-03-19 20:23:14.559000+00:00,53248.0,3067904.0,3973120.0,3944448.0,4.35,0.040797141,4.7,3446282.0,0.0,0.0,23425.0,1969320.0,0.0,0.0,13542.0,0.0,0.0,0.0,0.0
2023-03-19 20:23:19.129000+00:00,53248.0,3067904.0,3977216.0,3948544.0,4.35,0.040797141,4.7,3454380.0,0.0,0.0,23484.0,1974734.0,0.0,0.0,13574.0,0.0,0.0,0.0,0.0
2023-03-19 20:23:24.685000+00:00,53248.0,3067904.0,3977216.0,3952640.0,4.36,0.040797141,4.7,3456338.0,0.0,0.0,23495.0,1976454.0,0.0,0.0,13580.0,0.0,0.0,0.0,0.0
2023-03-19 20:23:29.779000+00:00,53248.0,3072000.0,3985408.0,3956736.0,4.36,0.040797141,4.71,3458682.0,0.0,0.0,23508.0,1977526.0,0.0,0.0,13588.0,0.0,0.0,0.0,0.0
2023-03-19 20:23:33.884000+00:00,53248.0,3072000.0,3985408.0,3956736.0,4.36,0.040797141,4.71,3458682.0,0.0,0.0,23508.0,1977526.0,0.0,0.0,13598.0,0.0,0.0,0.0,0.0
2023-03-19 20:23:39.563000+00:00,53248.0,3080192.0,3989504.0,3960832.0,4.38,0.040797141,4.72,3470749.0,0.0,0.0,23590.0,1983765.0,0.0,0.0,13635.0,0.0,0.0,0.0,0.0
2023-03-19 20:23:43.840000+00:00,53248.0,3080192.0,3989504.0,3960832.0,4.38,0.040797141,4.72,3470749.0,0.0,0.0,23590.0,1983765.0,0.0,0.0,13635.0,0.0,0.0,0.0,0.0
2023-03-19 20:23:49.783000+00:00,53248.0,3080192.0,3989504.0,3952640.0,4.38,0.040797141,4.73,3477614.0,0.0,0.0,23636.0,1987011.0,0.0,0.0,13661.0,0.0,0.0,0.0,0.0
2023-03-19 20:23:53.915000+00:00,53248.0,3080192.0,3989504.0,3952640.0,4.39,0.040797141,4.73,3477784.0,0.0,0.0,23638.0,1987084.0,0.0,0.0,13662.0,0.0,0.0,0.0,0.0
2023-03-19 20:23:59.504000+00:00,53248.0,3072000.0,3964928.0,3936256.0,4.39,0.040797141,4.74,3486472.0,0.0,0.0,23702.0,1991894.0,0.0,0.0,13699.0,0.0,0.0,0.0,0.0
2023-03-19 20:24:03.844000+00:00,53248.0,3072000.0,3964928.0,3936256.0,4.4,0.040797141,4.74,3486472.0,0.0,0.0,23702.0,1991894.0,0.0,0.0,13715.0,0.0,0.0,0.0,0.0
2023-03-19 20:24:09.872000+00:00,53248.0,3076096.0,3985408.0,3956736.0,4.41,0.040797141,4.75,3491812.0,0.0,0.0,23740.0,1994438.0,0.0,0.0,13721.0,0.0,0.0,0.0,0.0
2023-03-19 20:24:13.776000+00:00,53248.0,3076096.0,3985408.0,3956736.0,4.41,0.040797141,4.76,3491812.0,0.0,0.0,23740.0,1994438.0,0.0,0.0,13721.0,0.0,0.0,0.0,0.0
2023-03-19 20:24:19.540000+00:00,53248.0,3076096.0,3985408.0,3956736.0,4.41,0.040797141,4.76,3500848.0,0.0,0.0,23810.0,1999773.0,0.0,0.0,13761.0,0.0,0.0,0.0,0.0
2023-03-19 20:24:24.669000+00:00,53248.0,3080192.0,3862528.0,3833856.0,4.42,0.040797141,4.77,3505752.0,0.0,0.0,23844.0,2002393.0,0.0,0.0,13780.0,0.0,0.0,0.0,0.0
2023-03-19 20:24:29.409000+00:00,53248.0,3080192.0,3989504.0,3960832.0,4.42,0.040797141,4.78,3510170.0,0.0,0.0,23872.0,2004752.0,0.0,0.0,13796.0,0.0,0.0,0.0,0.0
2023-03-19 20:24:34.346000+00:00,53248.0,3080192.0,3989504.0,3960832.0,4.42,0.040797141,4.79,3510170.0,0.0,0.0,23872.0,2004752.0,0.0,0.0,13796.0,0.0,0.0,0.0,0.0
2023-03-19 20:24:38.596000+00:00,53248.0,3076096.0,3985408.0,3952640.0,4.42,0.040797141,4.79,3510170.0,0.0,0.0,23872.0,2004752.0,0.0,0.0,13796.0,0.0,0.0,0.0,0.0
2023-03-19 20:24:44.230000+00:00,53248.0,3076096.0,3985408.0,3952640.0,4.43,0.040797141,4.8,3510170.0,0.0,0.0,23872.0,2004752.0,0.0,0.0,13796.0,0.0,0.0,0.0,0.0
2023-03-19 20:24:49.654000+00:00,53248.0,3076096.0,3985408.0,3952640.0,4.43,0.040797141,4.81,3523755.0,0.0,0.0,23966.0,2013057.0,0.0,0.0,13851.0,0.0,0.0,0.0,0.0
2023-03-19 20:24:53.955000+00:00,53248.0,3080192.0,4124672.0,4091904.0,4.43,0.040797141,4.81,3527593.0,0.0,0.0,23993.0,2014809.0,0.0,0.0,13866.0,0.0,0.0,0.0,0.0
2023-03-19 20:24:58.718000+00:00,53248.0,3072000.0,3985408.0,3956736.0,4.45,0.040797141,4.81,3532973.0,0.0,0.0,24027.0,2017723.0,0.0,0.0,13886.0,0.0,0.0,0.0,0.0
2023-03-19 20:25:04.079000+00:00,53248.0,3072000.0,3985408.0,3956736.0,4.46,0.040797141,4.81,3532973.0,0.0,0.0,24046.0,2019235.0,0.0,0.0,13897.0,0.0,0.0,0.0,0.0
2023-03-19 20:25:09.734000+00:00,53248.0,3072000.0,3985408.0,3956736.0,4.46,0.040797141,4.82,3536489.0,0.0,0.0,24054.0,2019523.0,0.0,0.0,13901.0,0.0,0.0,0.0,0.0
2023-03-19 20:25:13.386000+00:00,53248.0,3076096.0,3997696.0,3969024.0,4.46,0.040797141,4.82,3541093.0,0.0,0.0,24088.0,2022195.0,0.0,0.0,13921.0,0.0,0.0,0.0,0.0
2023-03-19 20:25:18.924000+00:00,53248.0,3080192.0,3989504.0,3960832.0,4.47,0.040797141,4.82,3549688.0,0.0,0.0,24140.0,2027764.0,0.0,0.0,13954.0,0.0,0.0,0.0,0.0
2023-03-19 20:25:23.350000+00:00,53248.0,3076096.0,3989504.0,3960832.0,4.48,0.040797141,4.82,3549688.0,0.0,0.0,24140.0,2027764.0,0.0,0.0,13954.0,0.0,0.0,0.0,0.0
2023-03-19 20:25:29.862000+00:00,53248.0,3080192.0,3989504.0,3960832.0,4.48,0.040797141,4.83,3558763.0,0.0,0.0,24208.0,2032886.0,0.0,0.0,13992.0,0.0,0.0,0.0,0.0
2023-03-19 20:25:34.591000+00:00,53248.0,3080192.0,3989504.0,3960832.0,4.48,0.040797141,4.83,3558763.0,0.0,0.0,24233.0,2034467.0,0.0,0.0,14005.0,0.0,0.0,0.0,0.0
2023-03-19 20:25:39.905000+00:00,53248.0,3084288.0,3993600.0,3960832.0,4.49,0.040797141,4.84,3565818.0,0.0,0.0,24259.0,2036420.0,0.0,0.0,14020.0,0.0,0.0,0.0,0.0
2023-03-19 20:25:44.339000+00:00,53248.0,3080192.0,3989504.0,3952640.0,4.49,0.040797141,4.85,3567704.0,0.0,0.0,24274.0,2037556.0,0.0,0.0,14029.0,0.0,0.0,0.0,0.0
2023-03-19 20:25:48.579000+00:00,53248.0,3080192.0,3993600.0,3956736.0,4.49,0.040797141,4.86,3571986.0,0.0,0.0,24306.0,2040072.0,0.0,0.0,14047.0,0.0,0.0,0.0,0.0
2023-03-19 20:25:54.687000+00:00,53248.0,3072000.0,3981312.0,3952640.0,4.5,0.040797141,4.87,3575603.0,0.0,0.0,24327.0,2041636.0,0.0,0.0,14059.0,0.0,0.0,0.0,0.0
2023-03-19 20:25:59.333000+00:00,53248.0,3072000.0,3981312.0,3952640.0,4.5,0.040797141,4.88,3575773.0,0.0,0.0,24329.0,2041709.0,0.0,0.0,14060.0,0.0,0.0,0.0,0.0
2023-03-19 20:26:03.110000+00:00,53248.0,3072000.0,3981312.0,3952640.0,4.5,0.040797141,4.88,3578571.0,0.0,0.0,24346.0,2043333.0,0.0,0.0,14069.0,0.0,0.0,0.0,0.0
2023-03-19 20:26:07.999000+00:00,53248.0,3072000.0,3985408.0,3956736.0,4.51,0.040797141,4.88,3583161.0,0.0,0.0,24378.0,2045701.0,0.0,0.0,14088.0,0.0,0.0,0.0,0.0
2023-03-19 20:26:14.827000+00:00,53248.0,3084288.0,4128768.0,4100096.0,4.51,0.040797141,4.89,3596624.0,0.0,0.0,24467.0,2052832.0,0.0,0.0,14142.0,0.0,0.0,0.0,0.0
2023-03-19 20:26:19.568000+00:00,53248.0,3076096.0,4116480.0,4083712.0,4.52,0.040797141,4.89,3598819.0,0.0,0.0,24481.0,2054431.0,0.0,0.0,14151.0,0.0,0.0,0.0,0.0
2023-03-19 20:26:24.807000+00:00,53248.0,3076096.0,3989504.0,3956736.0,4.53,0.040797141,4.89,3601133.0,0.0,0.0,24498.0,2055670.0,0.0,0.0,14160.0,0.0,0.0,0.0,0.0
2023-03-19 20:26:29.713000+00:00,53248.0,3072000.0,3981312.0,3952640.0,4.53,0.040797141,4.9,3601133.0,0.0,0.0,24498.0,2055670.0,0.0,0.0,14160.0,0.0,0.0,0.0,0.0
2023-03-19 20:26:34.055000+00:00,53248.0,3072000.0,3981312.0,3956736.0,4.53,0.040797141,4.9,3601133.0,0.0,0.0,24498.0,2055670.0,0.0,0.0,14160.0,0.0,0.0,0.0,0.0
2023-03-19 20:26:38.668000+00:00,53248.0,3072000.0,3977216.0,3948544.0,4.53,0.040797141,4.91,3603646.0,0.0,0.0,24515.0,2056870.0,0.0,0.0,14170.0,0.0,0.0,0.0,0.0
2023-03-19 20:26:44.180000+00:00,53248.0,3067904.0,3887104.0,3858432.0,4.54,0.040797141,4.92,3613935.0,0.0,0.0,24587.0,2062617.0,0.0,0.0,14212.0,0.0,0.0,0.0,0.0
2023-03-19 20:26:48.464000+00:00,53248.0,3067904.0,3981312.0,3952640.0,4.55,0.040797141,4.92,3613935.0,0.0,0.0,24587.0,2062617.0,0.0,0.0,14212.0,0.0,0.0,0.0,0.0
2023-03-19 20:26:53.465000+00:00,53248.0,3072000.0,3850240.0,3821568.0,4.55,0.040797141,4.93,3614582.0,0.0,0.0,24593.0,2062832.0,0.0,0.0,14215.0,0.0,0.0,0.0,0.0
2023-03-19 20:26:59.659000+00:00,53248.0,3072000.0,3993600.0,3964928.0,4.56,0.040797141,4.94,3623770.0,0.0,0.0,24656.0,2068135.0,0.0,0.0,14253.0,0.0,0.0,0.0,0.0
2023-03-19 20:27:04.740000+00:00,53248.0,3072000.0,3993600.0,3952640.0,4.56,0.040797141,4.95,3626952.0,0.0,0.0,24673.0,2069846.0,0.0,0.0,14264.0,0.0,0.0,0.0,0.0
2023-03-19 20:27:09.888000+00:00,53248.0,3067904.0,3858432.0,3829760.0,4.56,0.040797141,4.95,3630618.0,0.0,0.0,24699.0,2071806.0,0.0,0.0,14279.0,0.0,0.0,0.0,0.0
2023-03-19 20:27:13.561000+00:00,53248.0,3067904.0,3985408.0,3956736.0,4.56,0.040797141,4.95,3631879.0,0.0,0.0,24708.0,2072489.0,0.0,0.0,14284.0,0.0,0.0,0.0,0.0
2023-03-19 20:27:18.714000+00:00,53248.0,3067904.0,3981312.0,3952640.0,4.57,0.040797141,4.96,3633466.0,0.0,0.0,24722.0,2072992.0,0.0,0.0,14291.0,0.0,0.0,0.0,0.0
2023-03-19 20:27:24.621000+00:00,53248.0,3067904.0,3981312.0,3952640.0,4.58,0.040797141,4.96,3633466.0,0.0,0.0,24722.0,2072992.0,0.0,0.0,14315.0,0.0,0.0,0.0,0.0
2023-03-19 20:27:29.547000+00:00,53248.0,3067904.0,3846144.0,3817472.0,4.58,0.040797141,4.97,3642913.0,0.0,0.0,24784.0,2079135.0,0.0,0.0,14328.0,0.0,0.0,0.0,0.0
2023-03-19 20:27:34.231000+00:00,53248.0,3067904.0,3981312.0,3952640.0,4.6,0.040797141,4.97,3647871.0,0.0,0.0,24823.0,2082109.0,0.0,0.0,14350.0,0.0,0.0,0.0,0.0
2023-03-19 20:27:38.939000+00:00,53248.0,3076096.0,3985408.0,3956736.0,4.6,0.040797141,4.98,3654969.0,0.0,0.0,24878.0,2086528.0,0.0,0.0,14382.0,0.0,0.0,0.0,0.0
2023-03-19 20:27:43.859000+00:00,53248.0,3076096.0,3985408.0,3956736.0,4.6,0.040797141,4.98,3654969.0,0.0,0.0,24878.0,2086528.0,0.0,0.0,14382.0,0.0,0.0,0.0,0.0
2023-03-19 20:27:48.884000+00:00,53248.0,3067904.0,3981312.0,3952640.0,4.6,0.040797141,4.98,3662041.0,0.0,0.0,24931.0,2091181.0,0.0,0.0,14413.0,0.0,0.0,0.0,0.0
2023-03-19 20:27:53.869000+00:00,53248.0,3067904.0,3981312.0,3952640.0,4.61,0.040797141,4.98,3662041.0,0.0,0.0,24931.0,2091181.0,0.0,0.0,14418.0,0.0,0.0,0.0,0.0
2023-03-19 20:27:59.503000+00:00,53248.0,3067904.0,3977216.0,3948544.0,4.61,0.040797141,4.99,3663088.0,0.0,0.0,24940.0,2091830.0,0.0,0.0,14418.0,0.0,0.0,0.0,0.0
2023-03-19 20:28:03.352000+00:00,53248.0,3067904.0,3981312.0,3952640.0,4.62,0.040797141,5.0,3663258.0,0.0,0.0,24942.0,2091903.0,0.0,0.0,14419.0,0.0,0.0,0.0,0.0
2023-03-19 20:28:09.774000+00:00,53248.0,3067904.0,3985408.0,3956736.0,4.64,0.040797141,5.0,3672451.0,0.0,0.0,25010.0,2096838.0,0.0,0.0,14458.0,0.0,0.0,0.0,0.0
2023-03-19 20:28:13.332000+00:00,53248.0,3067904.0,3985408.0,3956736.0,4.64,0.040797141,5.0,3672451.0,0.0,0.0,25010.0,2096838.0,0.0,0.0,14458.0,0.0,0.0,0.0,0.0
2023-03-19 20:28:19.287000+00:00,53248.0,3072000.0,3981312.0,3952640.0,4.64,0.040797141,5.01,3682856.0,0.0,0.0,25085.0,2103210.0,0.0,0.0,14502.0,0.0,0.0,0.0,0.0
2023-03-19 20:28:23.717000+00:00,53248.0,3072000.0,3981312.0,3952640.0,4.64,0.040797141,5.01,3682856.0,0.0,0.0,25085.0,2103210.0,0.0,0.0,14502.0,0.0,0.0,0.0,0.0
2023-03-19 20:28:29.712000+00:00,53248.0,3067904.0,3977216.0,3948544.0,4.64,0.040797141,5.01,3684251.0,0.0,0.0,25096.0,2103980.0,0.0,0.0,14508.0,0.0,0.0,0.0,0.0
2023-03-19 20:28:34.624000+00:00,53248.0,3072000.0,3981312.0,3952640.0,4.65,0.040797141,5.01,3687704.0,0.0,0.0,25115.0,2106647.0,0.0,0.0,14519.0,0.0,0.0,0.0,0.0
2023-03-19 20:28:38.410000+00:00,53248.0,3080192.0,3989504.0,3960832.0,4.66,0.040797141,5.01,3694561.0,0.0,0.0,25149.0,2111600.0,0.0,0.0,14539.0,0.0,0.0,0.0,0.0
2023-03-19 20:28:44.474000+00:00,53248.0,3080192.0,3989504.0,3960832.0,4.67,0.040797141,5.02,3699485.0,0.0,0.0,25182.0,2114042.0,0.0,0.0,14557.0,0.0,0.0,0.0,0.0
2023-03-19 20:28:49.667000+00:00,53248.0,3072000.0,3964928.0,3936256.0,4.68,0.040797141,5.03,3701956.0,0.0,0.0,25201.0,2115589.0,0.0,0.0,14568.0,0.0,0.0,0.0,0.0
2023-03-19 20:28:54.134000+00:00,53248.0,3072000.0,3981312.0,3952640.0,4.68,0.040797141,5.03,3706088.0,0.0,0.0,25234.0,2117626.0,0.0,0.0,14586.0,0.0,0.0,0.0,0.0
2023-03-19 20:28:59.436000+00:00,53248.0,3072000.0,4022272.0,3993600.0,4.69,0.040797141,5.04,3714180.0,0.0,0.0,25291.0,2122867.0,0.0,0.0,14620.0,0.0,0.0,0.0,0.0
2023-03-19 20:29:04.899000+00:00,53248.0,3076096.0,3985408.0,3956736.0,4.7,0.040797141,5.04,3715934.0,0.0,0.0,25302.0,2123621.0,0.0,0.0,14626.0,0.0,0.0,0.0,0.0
2023-03-19 20:29:08.943000+00:00,53248.0,3080192.0,3858432.0,3829760.0,4.7,0.040797141,5.05,3719194.0,0.0,0.0,25329.0,2125441.0,0.0,0.0,14641.0,0.0,0.0,0.0,0.0
2023-03-19 20:29:14.266000+00:00,53248.0,3080192.0,3858432.0,3829760.0,4.7,0.040797141,5.05,3719194.0,0.0,0.0,25329.0,2125441.0,0.0,0.0,14641.0,0.0,0.0,0.0,0.0
2023-03-19 20:29:19.265000+00:00,53248.0,3084288.0,3993600.0,3956736.0,4.7,0.040797141,5.06,3728761.0,0.0,0.0,25395.0,2131352.0,0.0,0.0,14678.0,0.0,0.0,0.0,0.0
2023-03-19 20:29:24.192000+00:00,53248.0,3084288.0,3993600.0,3956736.0,4.71,0.040797141,5.06,3728761.0,0.0,0.0,25425.0,2133905.0,0.0,0.0,14695.0,0.0,0.0,0.0,0.0
2023-03-19 20:29:29.356000+00:00,53248.0,3080192.0,3989504.0,3952640.0,4.72,0.040797141,5.06,3735332.0,0.0,0.0,25438.0,2135686.0,0.0,0.0,14703.0,0.0,0.0,0.0,0.0
2023-03-19 20:29:34.222000+00:00,53248.0,3080192.0,3989504.0,3952640.0,4.73,0.040797141,5.06,3740057.0,0.0,0.0,25474.0,2138590.0,0.0,0.0,14723.0,0.0,0.0,0.0,0.0
2023-03-19 20:29:39.627000+00:00,53248.0,3072000.0,3985408.0,3956736.0,4.74,0.040797141,5.07,3741023.0,0.0,0.0,25482.0,2139088.0,0.0,0.0,14727.0,0.0,0.0,0.0,0.0
2023-03-19 20:29:43.911000+00:00,53248.0,3072000.0,3985408.0,3956736.0,4.74,0.040797141,5.07,3741023.0,0.0,0.0,25482.0,2139088.0,0.0,0.0,14727.0,0.0,0.0,0.0,0.0
2023-03-19 20:29:49.123000+00:00,53248.0,3072000.0,4120576.0,4091904.0,4.75,0.040797141,5.07,3745642.0,0.0,0.0,25518.0,2141830.0,0.0,0.0,14747.0,0.0,0.0,0.0,0.0
2023-03-19 20:29:54.663000+00:00,53248.0,3080192.0,4001792.0,3973120.0,4.76,0.040797141,5.08,3751864.0,0.0,0.0,25564.0,2145490.0,0.0,0.0,14774.0,0.0,0.0,0.0,0.0
2023-03-19 20:29:59.305000+00:00,53248.0,3080192.0,4014080.0,3981312.0,4.77,0.040797141,5.08,3752100.0,0.0,0.0,25567.0,2145563.0,0.0,0.0,14775.0,0.0,0.0,0.0,0.0
2023-03-19 20:30:03.045000+00:00,53248.0,3080192.0,3997696.0,3964928.0,4.77,0.040797141,5.08,3754076.0,0.0,0.0,25583.0,2146667.0,0.0,0.0,14783.0,0.0,0.0,0.0,0.0
2023-03-19 20:30:09.672000+00:00,53248.0,3080192.0,3866624.0,3833856.0,4.78,0.040797141,5.09,3758416.0,0.0,0.0,25613.0,2148871.0,0.0,0.0,14800.0,0.0,0.0,0.0,0.0
2023-03-19 20:30:14.628000+00:00,53248.0,3080192.0,3993600.0,3952640.0,4.78,0.040797141,5.09,3759492.0,0.0,0.0,25623.0,2149232.0,0.0,0.0,14805.0,0.0,0.0,0.0,0.0
2023-03-19 20:30:18.505000+00:00,53248.0,3080192.0,3993600.0,3952640.0,4.78,0.040797141,5.09,3765584.0,0.0,0.0,25663.0,2152814.0,0.0,0.0,14828.0,0.0,0.0,0.0,0.0
2023-03-19 20:30:24.445000+00:00,53248.0,3080192.0,3993600.0,3952640.0,4.8,0.040797141,5.1,3770928.0,0.0,0.0,25697.0,2155559.0,0.0,0.0,14848.0,0.0,0.0,0.0,0.0
2023-03-19 20:30:29.166000+00:00,53248.0,3080192.0,3997696.0,3956736.0,4.8,0.040797141,5.1,3773893.0,0.0,0.0,25720.0,2157002.0,0.0,0.0,14860.0,0.0,0.0,0.0,0.0
2023-03-19 20:30:34.262000+00:00,53248.0,3080192.0,3993600.0,3952640.0,4.81,0.040797141,5.11,3778525.0,0.0,0.0,25750.0,2159442.0,0.0,0.0,14877.0,0.0,0.0,0.0,0.0
2023-03-19 20:30:39.274000+00:00,53248.0,3080192.0,3993600.0,3952640.0,4.82,0.040797141,5.11,3782983.0,0.0,0.0,25785.0,2162132.0,0.0,0.0,14897.0,0.0,0.0,0.0,0.0
2023-03-19 20:30:44.082000+00:00,53248.0,3080192.0,3993600.0,3952640.0,4.82,0.040797141,5.12,3782983.0,0.0,0.0,25785.0,2162132.0,0.0,0.0,14897.0,0.0,0.0,0.0,0.0
2023-03-19 20:30:49.217000+00:00,53248.0,3076096.0,3985408.0,3952640.0,4.82,0.040797141,5.12,3786077.0,0.0,0.0,25805.0,2163771.0,0.0,0.0,14910.0,0.0,0.0,0.0,0.0
2023-03-19 20:30:54.515000+00:00,53248.0,3076096.0,3985408.0,3960832.0,4.82,0.040797141,5.12,3790036.0,0.0,0.0,25839.0,2165617.0,0.0,0.0,14928.0,0.0,0.0,0.0,0.0
2023-03-19 20:30:59.161000+00:00,53248.0,3080192.0,3997696.0,3964928.0,4.85,0.040797141,5.14,3808880.0,0.0,0.0,25949.0,2176075.0,0.0,0.0,14995.0,0.0,0.0,0.0,0.0
2023-03-19 20:31:03.667000+00:00,53248.0,3080192.0,3997696.0,3964928.0,4.85,0.040797141,5.14,3808880.0,0.0,0.0,25949.0,2176075.0,0.0,0.0,15007.0,0.0,0.0,0.0,0.0
2023-03-19 20:31:09.169000+00:00,53248.0,3072000.0,3985408.0,3952640.0,4.86,0.040797141,5.15,3812078.0,0.0,0.0,25970.0,2177907.0,0.0,0.0,15007.0,0.0,0.0,0.0,0.0
2023-03-19 20:31:14.043000+00:00,53248.0,3072000.0,3985408.0,3952640.0,4.87,0.040797141,5.15,3812078.0,0.0,0.0,25970.0,2177907.0,0.0,0.0,15007.0,0.0,0.0,0.0,0.0
2023-03-19 20:31:18.666000+00:00,53248.0,3072000.0,3985408.0,3952640.0,4.87,0.040797141,5.16,3814208.0,0.0,0.0,25987.0,2179112.0,0.0,0.0,15016.0,0.0,0.0,0.0,0.0
2023-03-19 20:31:24.857000+00:00,53248.0,3072000.0,3985408.0,3825664.0,4.87,0.040797141,5.16,3814208.0,0.0,0.0,25987.0,2179112.0,0.0,0.0,15016.0,0.0,0.0,0.0,0.0
2023-03-19 20:31:29.192000+00:00,53248.0,3072000.0,3989504.0,3956736.0,4.88,0.040797141,5.17,3814548.0,0.0,0.0,25991.0,2179258.0,0.0,0.0,15018.0,0.0,0.0,0.0,0.0
2023-03-19 20:31:34.460000+00:00,53248.0,3072000.0,3985408.0,3952640.0,4.88,0.040797141,5.18,3819476.0,0.0,0.0,26025.0,2182262.0,0.0,0.0,15038.0,0.0,0.0,0.0,0.0
2023-03-19 20:31:39.242000+00:00,53248.0,3072000.0,4005888.0,3973120.0,4.88,0.040797141,5.19,3823053.0,0.0,0.0,26051.0,2184424.0,0.0,0.0,15054.0,0.0,0.0,0.0,0.0
2023-03-19 20:31:44.138000+00:00,53248.0,3076096.0,3989504.0,3956736.0,4.89,0.040797141,5.2,3825360.0,0.0,0.0,26063.0,2185523.0,0.0,0.0,15062.0,0.0,0.0,0.0,0.0
2023-03-19 20:31:48.786000+00:00,53248.0,3072000.0,3985408.0,3952640.0,4.89,0.040797141,5.2,3826525.0,0.0,0.0,26070.0,2185944.0,0.0,0.0,15065.0,0.0,0.0,0.0,0.0
2023-03-19 20:31:54.137000+00:00,53248.0,3072000.0,3977216.0,3944448.0,4.9,0.040797141,5.21,3828469.0,0.0,0.0,26083.0,2187070.0,0.0,0.0,15073.0,0.0,0.0,0.0,0.0
2023-03-19 20:31:59.261000+00:00,53248.0,3072000.0,3973120.0,3940352.0,4.9,0.040797141,5.22,3832226.0,0.0,0.0,26110.0,2189209.0,0.0,0.0,15089.0,0.0,0.0,0.0,0.0
2023-03-19 20:32:04.594000+00:00,53248.0,3072000.0,3973120.0,3940352.0,4.92,0.040797141,5.22,3832226.0,0.0,0.0,26110.0,2191869.0,0.0,0.0,15107.0,0.0,0.0,0.0,0.0
2023-03-19 20:32:09.276000+00:00,53248.0,3072000.0,4009984.0,3977216.0,4.92,0.040797141,5.22,3838978.0,0.0,0.0,26162.0,2193513.0,0.0,0.0,15119.0,0.0,0.0,0.0,0.0
2023-03-19 20:32:13.590000+00:00,53248.0,3072000.0,4009984.0,3977216.0,4.92,0.040797141,5.24,3838978.0,0.0,0.0,26162.0,2193513.0,0.0,0.0,15119.0,0.0,0.0,0.0,0.0
2023-03-19 20:32:19.070000+00:00,53248.0,3088384.0,4132864.0,4100096.0,4.93,0.040797141,5.24,3862111.0,0.0,0.0,26312.0,2208365.0,0.0,0.0,15211.0,0.0,0.0,0.0,0.0
2023-03-19 20:32:23.204000+00:00,53248.0,3084288.0,4132864.0,4091904.0,4.93,0.040797141,5.24,3866827.0,0.0,0.0,26340.0,2211525.0,0.0,0.0,15228.0,0.0,0.0,0.0,0.0
2023-03-19 20:32:28.517000+00:00,53248.0,3088384.0,4001792.0,3960832.0,4.94,0.040797141,5.24,3876308.0,0.0,0.0,26399.0,2215718.0,0.0,0.0,15262.0,0.0,0.0,0.0,0.0
2023-03-19 20:32:33.229000+00:00,53248.0,3076096.0,3989504.0,3956736.0,4.95,0.040797141,5.25,3880464.0,0.0,0.0,26429.0,2218283.0,0.0,0.0,15279.0,0.0,0.0,0.0,0.0
2023-03-19 20:32:38.498000+00:00,53248.0,3076096.0,4116480.0,4083712.0,4.95,0.040797141,5.25,3881995.0,0.0,0.0,26440.0,2219373.0,0.0,0.0,15286.0,0.0,0.0,0.0,0.0
2023-03-19 20:32:44.439000+00:00,53248.0,3076096.0,3993600.0,3960832.0,4.95,0.040797141,5.25,3884578.0,0.0,0.0,26457.0,2220577.0,0.0,0.0,15295.0,0.0,0.0,0.0,0.0
2023-03-19 20:32:49.073000+00:00,53248.0,3076096.0,3989504.0,3956736.0,4.95,0.040797141,5.25,3884578.0,0.0,0.0,26457.0,2220577.0,0.0,0.0,15295.0,0.0,0.0,0.0,0.0
2023-03-19 20:32:54.188000+00:00,53248.0,3076096.0,3989504.0,3956736.0,4.95,0.040797141,5.26,3884578.0,0.0,0.0,26457.0,2220577.0,0.0,0.0,15295.0,0.0,0.0,0.0,0.0
2023-03-19 20:32:58.897000+00:00,53248.0,3084288.0,4014080.0,3981312.0,4.95,0.040797141,5.26,3889015.0,0.0,0.0,26491.0,2223689.0,0.0,0.0,15315.0,0.0,0.0,0.0,0.0
2023-03-19 20:33:04.044000+00:00,53248.0,3084288.0,4014080.0,3969024.0,4.96,0.040797141,5.28,3895430.0,0.0,0.0,26535.0,2227099.0,0.0,0.0,15339.0,0.0,0.0,0.0,0.0
2023-03-19 20:33:09.304000+00:00,53248.0,3080192.0,3997696.0,3960832.0,4.96,0.040797141,5.28,3900787.0,0.0,0.0,26571.0,2230639.0,0.0,0.0,15359.0,0.0,0.0,0.0,0.0
2023-03-19 20:33:13.505000+00:00,53248.0,3080192.0,3993600.0,3956736.0,4.96,0.040797141,5.29,3903800.0,0.0,0.0,26590.0,2232632.0,0.0,0.0,15370.0,0.0,0.0,0.0,0.0
2023-03-19 20:33:19.560000+00:00,53248.0,3076096.0,3989504.0,3956736.0,4.98,0.040797141,5.31,3909262.0,0.0,0.0,26631.0,2236021.0,0.0,0.0,15393.0,0.0,0.0,0.0,0.0
2023-03-19 20:33:23.879000+00:00,53248.0,3076096.0,3989504.0,3956736.0,4.98,0.040797141,5.31,3910712.0,0.0,0.0,26643.0,2236660.0,0.0,0.0,15399.0,0.0,0.0,0.0,0.0
2023-03-19 20:33:29.894000+00:00,53248.0,3076096.0,4009984.0,3977216.0,4.99,0.040797141,5.33,3915003.0,0.0,0.0,26673.0,2239179.0,0.0,0.0,15416.0,0.0,0.0,0.0,0.0
2023-03-19 20:33:34.706000+00:00,53248.0,3076096.0,4009984.0,3977216.0,4.99,0.040797141,5.33,3915003.0,0.0,0.0,26673.0,2239179.0,0.0,0.0,15416.0,0.0,0.0,0.0,0.0
2023-03-19 20:33:39.017000+00:00,53248.0,3080192.0,3989504.0,3956736.0,4.99,0.040797141,5.34,3915817.0,0.0,0.0,26681.0,2239467.0,0.0,0.0,15420.0,0.0,0.0,0.0,0.0
2023-03-19 20:33:44.009000+00:00,53248.0,3080192.0,3862528.0,3829760.0,5.0,0.040797141,5.36,3924560.0,0.0,0.0,26741.0,2244126.0,0.0,0.0,15453.0,0.0,0.0,0.0,0.0
2023-03-19 20:33:49.269000+00:00,53248.0,3080192.0,4124672.0,4091904.0,5.0,0.040797141,5.36,3929371.0,0.0,0.0,26773.0,2246564.0,0.0,0.0,15472.0,0.0,0.0,0.0,0.0
2023-03-19 20:33:54.183000+00:00,53248.0,3076096.0,3989504.0,3956736.0,5.0,0.040797141,5.38,3934718.0,0.0,0.0,26806.0,2248987.0,0.0,0.0,15490.0,0.0,0.0,0.0,0.0
2023-03-19 20:33:59.909000+00:00,53248.0,3076096.0,4030464.0,3997696.0,5.02,0.040797141,5.38,3948172.0,0.0,0.0,26897.0,2257224.0,0.0,0.0,15544.0,0.0,0.0,0.0,0.0
2023-03-19 20:34:04.119000+00:00,53248.0,3076096.0,4030464.0,3997696.0,5.02,0.040797141,5.38,3948172.0,0.0,0.0,26897.0,2257224.0,0.0,0.0,15544.0,0.0,0.0,0.0,0.0
2023-03-19 20:34:08.785000+00:00,53248.0,3080192.0,3862528.0,3829760.0,5.02,0.040797141,5.39,3960921.0,0.0,0.0,26978.0,2264574.0,0.0,0.0,15595.0,0.0,0.0,0.0,0.0
2023-03-19 20:34:13.514000+00:00,53248.0,3084288.0,4128768.0,4096000.0,5.03,0.040797141,5.4,3973229.0,0.0,0.0,27053.0,2271480.0,0.0,0.0,15642.0,0.0,0.0,0.0,0.0
2023-03-19 20:34:19.239000+00:00,53248.0,3080192.0,4001792.0,3969024.0,5.03,0.040797141,5.41,3977414.0,0.0,0.0,27086.0,2273841.0,0.0,0.0,15659.0,0.0,0.0,0.0,0.0
2023-03-19 20:34:24.819000+00:00,53248.0,3088384.0,4001792.0,3969024.0,5.04,0.040797141,5.43,3994179.0,0.0,0.0,27203.0,2284028.0,0.0,0.0,15730.0,0.0,0.0,0.0,0.0
2023-03-19 20:34:29.220000+00:00,53248.0,3084288.0,3997696.0,3956736.0,5.04,0.040797141,5.44,3998249.0,0.0,0.0,27229.0,2286161.0,0.0,0.0,15745.0,0.0,0.0,0.0,0.0
2023-03-19 20:34:34.391000+00:00,53248.0,3084288.0,3997696.0,3956736.0,5.05,0.040797141,5.44,4000533.0,0.0,0.0,27245.0,2287323.0,0.0,0.0,15754.0,0.0,0.0,0.0,0.0
2023-03-19 20:34:38.463000+00:00,53248.0,3084288.0,3997696.0,3956736.0,5.05,0.040797141,5.45,4001217.0,0.0,0.0,27251.0,2287538.0,0.0,0.0,15757.0,0.0,0.0,0.0,0.0
2023-03-19 20:34:44.188000+00:00,53248.0,3084288.0,3997696.0,3956736.0,5.07,0.040797141,5.46,4001217.0,0.0,0.0,27251.0,2287538.0,0.0,0.0,15757.0,0.0,0.0,0.0,0.0
2023-03-19 20:34:48.735000+00:00,53248.0,3080192.0,3993600.0,3960832.0,5.08,0.040797141,5.46,4009430.0,0.0,0.0,27304.0,2291930.0,0.0,0.0,15787.0,0.0,0.0,0.0,0.0
2023-03-19 20:34:54.594000+00:00,53248.0,3080192.0,3993600.0,3960832.0,5.08,0.040797141,5.47,4009430.0,0.0,0.0,27304.0,2291930.0,0.0,0.0,15805.0,0.0,0.0,0.0,0.0
2023-03-19 20:34:58.376000+00:00,53248.0,3080192.0,3993600.0,3960832.0,5.08,0.040797141,5.48,4020427.0,0.0,0.0,27380.0,2298408.0,0.0,0.0,15831.0,0.0,0.0,0.0,0.0
2023-03-19 20:35:03.675000+00:00,53248.0,3080192.0,3993600.0,3960832.0,5.08,0.040797141,5.48,4024695.0,0.0,0.0,27408.0,2300746.0,0.0,0.0,15848.0,0.0,0.0,0.0,0.0
2023-03-19 20:35:09.366000+00:00,53248.0,3076096.0,3989504.0,3956736.0,5.09,0.040797141,5.48,4026739.0,0.0,0.0,27423.0,2301961.0,0.0,0.0,15857.0,0.0,0.0,0.0,0.0
2023-03-19 20:35:14.665000+00:00,53248.0,3076096.0,3989504.0,3956736.0,5.1,0.040797141,5.48,4026739.0,0.0,0.0,27423.0,2301961.0,0.0,0.0,15857.0,0.0,0.0,0.0,0.0
2023-03-19 20:35:19.191000+00:00,53248.0,3076096.0,3993600.0,3960832.0,5.1,0.040797141,5.5,4029023.0,0.0,0.0,27442.0,2303254.0,0.0,0.0,15868.0,0.0,0.0,0.0,0.0
2023-03-19 20:35:24.159000+00:00,53248.0,3080192.0,3993600.0,3960832.0,5.12,0.040797141,5.5,4034565.0,0.0,0.0,27477.0,2306120.0,0.0,0.0,15889.0,0.0,0.0,0.0,0.0
2023-03-19 20:35:29.372000+00:00,53248.0,3080192.0,3993600.0,3960832.0,5.12,0.040797141,5.51,4038074.0,0.0,0.0,27500.0,2308198.0,0.0,0.0,15903.0,0.0,0.0,0.0,0.0
2023-03-19 20:35:34.322000+00:00,53248.0,3076096.0,3989504.0,3956736.0,5.13,0.040797141,5.51,4038074.0,0.0,0.0,27500.0,2308198.0,0.0,0.0,15903.0,0.0,0.0,0.0,0.0
2023-03-19 20:35:39.306000+00:00,53248.0,3080192.0,3862528.0,3829760.0,5.14,0.040797141,5.51,4041292.0,0.0,0.0,27527.0,2309720.0,0.0,0.0,15917.0,0.0,0.0,0.0,0.0
2023-03-19 20:35:44.739000+00:00,57344.0,3084288.0,3997696.0,3964928.0,5.14,0.040797141,5.52,4048356.0,0.0,0.0,27574.0,2314759.0,0.0,0.0,15946.0,0.0,0.0,0.0,0.0
2023-03-19 20:35:49.634000+00:00,57344.0,3080192.0,3862528.0,3829760.0,5.15,0.040797141,5.53,4056608.0,0.0,0.0,27622.0,2318964.0,0.0,0.0,15974.0,0.0,0.0,0.0,0.0
2023-03-19 20:35:54.429000+00:00,57344.0,3080192.0,3862528.0,3829760.0,5.15,0.040797141,5.54,4056608.0,0.0,0.0,27622.0,2319462.0,0.0,0.0,15978.0,0.0,0.0,0.0,0.0
2023-03-19 20:35:59.856000+00:00,57344.0,3076096.0,3862528.0,3829760.0,5.16,0.040797141,5.54,4057744.0,0.0,0.0,27630.0,2319462.0,0.0,0.0,15978.0,0.0,0.0,0.0,0.0
2023-03-19 20:36:04.821000+00:00,57344.0,3076096.0,3858432.0,3825664.0,5.16,0.040797141,5.55,4063511.0,0.0,0.0,27670.0,2322668.0,0.0,0.0,16001.0,0.0,0.0,0.0,0.0
2023-03-19 20:36:09.530000+00:00,57344.0,3076096.0,4001792.0,3969024.0,5.16,0.040797141,5.56,4072897.0,0.0,0.0,27730.0,2327180.0,0.0,0.0,16037.0,0.0,0.0,0.0,0.0
2023-03-19 20:36:13.482000+00:00,57344.0,3080192.0,3993600.0,3960832.0,5.17,0.040797141,5.56,4082229.0,0.0,0.0,27793.0,2332929.0,0.0,0.0,16076.0,0.0,0.0,0.0,0.0
2023-03-19 20:36:19.138000+00:00,57344.0,3080192.0,3993600.0,3960832.0,5.18,0.040797141,5.58,4089428.0,0.0,0.0,27840.0,2336562.0,0.0,0.0,16106.0,0.0,0.0,0.0,0.0
2023-03-19 20:36:23.762000+00:00,57344.0,3080192.0,3993600.0,3960832.0,5.19,0.040797141,5.59,4100205.0,0.0,0.0,27914.0,2343237.0,0.0,0.0,16153.0,0.0,0.0,0.0,0.0
2023-03-19 20:36:28.770000+00:00,57344.0,3076096.0,3858432.0,3825664.0,5.2,0.040797141,5.6,4106743.0,0.0,0.0,27959.0,2346296.0,0.0,0.0,16178.0,0.0,0.0,0.0,0.0
2023-03-19 20:36:34.363000+00:00,57344.0,3076096.0,3989504.0,3956736.0,5.21,0.040797141,5.6,4116521.0,0.0,0.0,28019.0,2351951.0,0.0,0.0,16214.0,0.0,0.0,0.0,0.0
2023-03-19 20:36:39.604000+00:00,57344.0,3076096.0,3858432.0,3825664.0,5.21,0.040797141,5.61,4116521.0,0.0,0.0,28019.0,2351951.0,0.0,0.0,16214.0,0.0,0.0,0.0,0.0
2023-03-19 20:36:43.714000+00:00,57344.0,3076096.0,3989504.0,3948544.0,5.22,0.040797141,5.61,4116521.0,0.0,0.0,28019.0,2351951.0,0.0,0.0,16214.0,0.0,0.0,0.0,0.0
2023-03-19 20:36:48.510000+00:00,57344.0,3076096.0,3989504.0,3948544.0,5.22,0.040797141,5.61,4116691.0,0.0,0.0,28021.0,2352024.0,0.0,0.0,16215.0,0.0,0.0,0.0,0.0
2023-03-19 20:36:54.568000+00:00,57344.0,3076096.0,3989504.0,3948544.0,5.22,0.040797141,5.61,4116691.0,0.0,0.0,28051.0,2354214.0,0.0,0.0,16231.0,0.0,0.0,0.0,0.0
2023-03-19 20:36:58.424000+00:00,57344.0,3076096.0,3993600.0,3960832.0,5.22,0.040797141,5.61,4121666.0,0.0,0.0,28057.0,2354633.0,0.0,0.0,16234.0,0.0,0.0,0.0,0.0
2023-03-19 20:37:03.788000+00:00,57344.0,3072000.0,3870720.0,3837952.0,5.22,0.040797141,5.62,4123914.0,0.0,0.0,28073.0,2355876.0,0.0,0.0,16244.0,0.0,0.0,0.0,0.0
2023-03-19 20:37:08.665000+00:00,57344.0,3067904.0,4001792.0,3969024.0,5.23,0.040797141,5.62,4124163.0,0.0,0.0,28076.0,2355946.0,0.0,0.0,16245.0,0.0,0.0,0.0,0.0
2023-03-19 20:37:14.060000+00:00,57344.0,3067904.0,4001792.0,3969024.0,5.23,0.040797141,5.62,4124163.0,0.0,0.0,28076.0,2355946.0,0.0,0.0,16245.0,0.0,0.0,0.0,0.0
2023-03-19 20:37:18.737000+00:00,57344.0,3067904.0,4124672.0,4091904.0,5.25,0.040797141,5.64,4134528.0,0.0,0.0,28144.0,2361188.0,0.0,0.0,16285.0,0.0,0.0,0.0,0.0
2023-03-19 20:37:24.181000+00:00,57344.0,3067904.0,4124672.0,3821568.0,5.27,0.040797141,5.64,4142637.0,0.0,0.0,28199.0,2365948.0,0.0,0.0,16317.0,0.0,0.0,0.0,0.0
2023-03-19 20:37:29.092000+00:00,57344.0,3072000.0,3985408.0,3952640.0,5.28,0.040797141,5.64,4142793.0,0.0,0.0,28201.0,2366018.0,0.0,0.0,16318.0,0.0,0.0,0.0,0.0
2023-03-19 20:37:34.097000+00:00,57344.0,3067904.0,4247552.0,4214784.0,5.28,0.040797141,5.65,4143417.0,0.0,0.0,28207.0,2366233.0,0.0,0.0,16321.0,0.0,0.0,0.0,0.0
2023-03-19 20:37:39.664000+00:00,57344.0,3072000.0,3985408.0,3952640.0,5.28,0.040797141,5.65,4149568.0,0.0,0.0,28252.0,2370201.0,0.0,0.0,16348.0,0.0,0.0,0.0,0.0
2023-03-19 20:37:44.761000+00:00,57344.0,3084288.0,3985408.0,3952640.0,5.28,0.040797141,5.66,4149568.0,0.0,0.0,28252.0,2370201.0,0.0,0.0,16348.0,0.0,0.0,0.0,0.0
2023-03-19 20:37:48.697000+00:00,57344.0,3076096.0,3993600.0,3952640.0,5.28,0.040797141,5.66,4155748.0,0.0,0.0,28300.0,2373700.0,0.0,0.0,16376.0,0.0,0.0,0.0,0.0
2023-03-19 20:37:54.621000+00:00,57344.0,3076096.0,3993600.0,4083712.0,5.28,0.040797141,5.67,4170056.0,0.0,0.0,28383.0,2381356.0,0.0,0.0,16428.0,0.0,0.0,0.0,0.0
2023-03-19 20:37:58.537000+00:00,57344.0,3080192.0,4124672.0,4079616.0,5.29,0.040797141,5.68,4171042.0,0.0,0.0,28389.0,2381786.0,0.0,0.0,16431.0,0.0,0.0,0.0,0.0
2023-03-19 20:38:04.054000+00:00,57344.0,3080192.0,4124672.0,4079616.0,5.29,0.040797141,5.69,4171042.0,0.0,0.0,28389.0,2381786.0,0.0,0.0,16431.0,0.0,0.0,0.0,0.0
2023-03-19 20:38:09.114000+00:00,57344.0,3072000.0,4018176.0,3985408.0,5.3,0.040797141,5.7,4182437.0,0.0,0.0,28469.0,2387741.0,0.0,0.0,16476.0,0.0,0.0,0.0,0.0
2023-03-19 20:38:14.863000+00:00,57344.0,3072000.0,4018176.0,3985408.0,5.31,0.040797141,5.7,4182437.0,0.0,0.0,28469.0,2387741.0,0.0,0.0,16476.0,0.0,0.0,0.0,0.0
2023-03-19 20:38:18.854000+00:00,57344.0,3076096.0,3993600.0,3952640.0,5.32,0.040797141,5.71,4203606.0,0.0,0.0,28610.0,2399216.0,0.0,0.0,16561.0,0.0,0.0,0.0,0.0
2023-03-19 20:38:24.740000+00:00,57344.0,3076096.0,3989504.0,3948544.0,5.32,0.040797141,5.71,4210385.0,0.0,0.0,28657.0,2403235.0,0.0,0.0,16590.0,0.0,0.0,0.0,0.0
2023-03-19 20:38:28.847000+00:00,57344.0,3067904.0,3981312.0,3948544.0,5.33,0.040797141,5.72,4215362.0,0.0,0.0,28697.0,2406061.0,0.0,0.0,16612.0,0.0,0.0,0.0,0.0
2023-03-19 20:38:34.689000+00:00,57344.0,3067904.0,3981312.0,3948544.0,5.34,0.040797141,5.72,4215362.0,0.0,0.0,28697.0,2406061.0,0.0,0.0,16635.0,0.0,0.0,0.0,0.0
2023-03-19 20:38:39.125000+00:00,57344.0,3067904.0,3989504.0,3956736.0,5.34,0.040797141,5.73,4227485.0,0.0,0.0,28782.0,2412809.0,0.0,0.0,16661.0,0.0,0.0,0.0,0.0
2023-03-19 20:38:44.740000+00:00,57344.0,3067904.0,3989504.0,3956736.0,5.34,0.040797141,5.74,4227485.0,0.0,0.0,28782.0,2412809.0,0.0,0.0,16661.0,0.0,0.0,0.0,0.0
2023-03-19 20:38:48.762000+00:00,57344.0,3067904.0,3981312.0,3948544.0,5.35,0.040797141,5.74,4231622.0,0.0,0.0,28816.0,2415398.0,0.0,0.0,16681.0,0.0,0.0,0.0,0.0
2023-03-19 20:38:53.344000+00:00,57344.0,3067904.0,3981312.0,4079616.0,5.35,0.040797141,5.74,4235841.0,0.0,0.0,28846.0,2418485.0,0.0,0.0,16699.0,0.0,0.0,0.0,0.0
2023-03-19 20:38:58.737000+00:00,57344.0,3067904.0,3981312.0,3948544.0,5.35,0.040797141,5.74,4236733.0,0.0,0.0,28852.0,2418994.0,0.0,0.0,16702.0,0.0,0.0,0.0,0.0
2023-03-19 20:39:03.518000+00:00,57344.0,3067904.0,3981312.0,3948544.0,5.36,0.040797141,5.74,4236733.0,0.0,0.0,28852.0,2418994.0,0.0,0.0,16702.0,0.0,0.0,0.0,0.0
2023-03-19 20:39:09.451000+00:00,57344.0,3072000.0,4124672.0,4091904.0,5.36,0.040797141,5.75,4238730.0,0.0,0.0,28869.0,2420258.0,0.0,0.0,16712.0,0.0,0.0,0.0,0.0
2023-03-19 20:39:13.536000+00:00,57344.0,3080192.0,4124672.0,4091904.0,5.38,0.040797141,5.76,4246868.0,0.0,0.0,28921.0,2425788.0,0.0,0.0,16743.0,0.0,0.0,0.0,0.0
2023-03-19 20:39:19.531000+00:00,57344.0,3076096.0,3989504.0,3956736.0,5.38,0.040797141,5.77,4249771.0,0.0,0.0,28937.0,2427370.0,0.0,0.0,16752.0,0.0,0.0,0.0,0.0
2023-03-19 20:39:24.749000+00:00,57344.0,3080192.0,3866624.0,3833856.0,5.38,0.040797141,5.78,4252157.0,0.0,0.0,28954.0,2428495.0,0.0,0.0,16761.0,0.0,0.0,0.0,0.0
2023-03-19 20:39:29.740000+00:00,57344.0,3080192.0,3993600.0,3960832.0,5.38,0.040797141,5.78,4255484.0,0.0,0.0,28979.0,2430321.0,0.0,0.0,16775.0,0.0,0.0,0.0,0.0
2023-03-19 20:39:33.668000+00:00,57344.0,3080192.0,3993600.0,3960832.0,5.39,0.040797141,5.8,4255484.0,0.0,0.0,28979.0,2433087.0,0.0,0.0,16794.0,0.0,0.0,0.0,0.0
2023-03-19 20:39:39.076000+00:00,57344.0,3080192.0,3993600.0,3960832.0,5.4,0.040797141,5.8,4269840.0,0.0,0.0,29074.0,2437826.0,0.0,0.0,16830.0,0.0,0.0,0.0,0.0
2023-03-19 20:39:43.231000+00:00,57344.0,3080192.0,3993600.0,3960832.0,5.4,0.040797141,5.81,4271256.0,0.0,0.0,29084.0,2438866.0,0.0,0.0,16836.0,0.0,0.0,0.0,0.0
2023-03-19 20:39:49.927000+00:00,57344.0,3076096.0,3870720.0,3837952.0,5.4,0.040797141,5.81,4275163.0,0.0,0.0,29117.0,2440610.0,0.0,0.0,16854.0,0.0,0.0,0.0,0.0
2023-03-19 20:39:54.119000+00:00,57344.0,3076096.0,3993600.0,3960832.0,5.41,0.040797141,5.82,4282312.0,0.0,0.0,29158.0,2444367.0,0.0,0.0,16878.0,0.0,0.0,0.0,0.0
2023-03-19 20:39:59.718000+00:00,57344.0,3076096.0,3981312.0,3948544.0,5.42,0.040797141,5.82,4282652.0,0.0,0.0,29162.0,2444513.0,0.0,0.0,16880.0,0.0,0.0,0.0,0.0
2023-03-19 20:40:04.080000+00:00,57344.0,3084288.0,3997696.0,3964928.0,5.43,0.040797141,5.82,4292519.0,0.0,0.0,29222.0,2450930.0,0.0,0.0,16918.0,0.0,0.0,0.0,0.0
2023-03-19 20:40:08.810000+00:00,57344.0,3088384.0,4001792.0,3969024.0,5.43,0.040797141,5.83,4304608.0,0.0,0.0,29309.0,2458078.0,0.0,0.0,16971.0,0.0,0.0,0.0,0.0
2023-03-19 20:40:14.390000+00:00,57344.0,3088384.0,4005888.0,3964928.0,5.44,0.040797141,5.84,4317143.0,0.0,0.0,29393.0,2465880.0,0.0,0.0,17021.0,0.0,0.0,0.0,0.0
2023-03-19 20:40:19.373000+00:00,57344.0,3088384.0,4001792.0,3960832.0,5.44,0.040797141,5.85,4323816.0,0.0,0.0,29441.0,2469449.0,0.0,0.0,17049.0,0.0,0.0,0.0,0.0
2023-03-19 20:40:23.169000+00:00,57344.0,3088384.0,3989504.0,3956736.0,5.44,0.040797141,5.85,4325999.0,0.0,0.0,29454.0,2470820.0,0.0,0.0,17057.0,0.0,0.0,0.0,0.0
2023-03-19 20:40:28.721000+00:00,57344.0,3076096.0,3993600.0,3960832.0,5.44,0.040797141,5.87,4331295.0,0.0,0.0,29490.0,2473579.0,0.0,0.0,17077.0,0.0,0.0,0.0,0.0
2023-03-19 20:40:33.887000+00:00,57344.0,3076096.0,3989504.0,3956736.0,5.46,0.040797141,5.88,4334271.0,0.0,0.0,29510.0,2475203.0,0.0,0.0,17089.0,0.0,0.0,0.0,0.0
2023-03-19 20:40:38.608000+00:00,57344.0,3080192.0,3862528.0,3829760.0,5.47,0.040797141,5.88,4340792.0,0.0,0.0,29557.0,2479526.0,0.0,0.0,17116.0,0.0,0.0,0.0,0.0
2023-03-19 20:40:44.145000+00:00,57344.0,3080192.0,3993600.0,3960832.0,5.47,0.040797141,5.88,4348568.0,0.0,0.0,29616.0,2483852.0,0.0,0.0,17148.0,0.0,0.0,0.0,0.0
2023-03-19 20:40:49.568000+00:00,57344.0,3076096.0,4001792.0,3969024.0,5.47,0.040797141,5.89,4350195.0,0.0,0.0,29629.0,2484918.0,0.0,0.0,17156.0,0.0,0.0,0.0,0.0
2023-03-19 20:40:54.155000+00:00,57344.0,3076096.0,4001792.0,3969024.0,5.47,0.040797141,5.89,4350195.0,0.0,0.0,29629.0,2484918.0,0.0,0.0,17156.0,0.0,0.0,0.0,0.0
2023-03-19 20:40:58.565000+00:00,57344.0,3076096.0,3993600.0,3960832.0,5.47,0.040797141,5.9,4359974.0,0.0,0.0,29691.0,2489614.0,0.0,0.0,17192.0,0.0,0.0,0.0,0.0
2023-03-19 20:41:04.621000+00:00,57344.0,3076096.0,3993600.0,3956736.0,5.48,0.040797141,5.9,4360799.0,0.0,0.0,29698.0,2490292.0,0.0,0.0,17197.0,0.0,0.0,0.0,0.0
2023-03-19 20:41:09.360000+00:00,57344.0,3076096.0,3997696.0,3964928.0,5.48,0.040797141,5.91,4360969.0,0.0,0.0,29700.0,2490365.0,0.0,0.0,17198.0,0.0,0.0,0.0,0.0
2023-03-19 20:41:13.468000+00:00,57344.0,3076096.0,3997696.0,3964928.0,5.48,0.040797141,5.92,4360969.0,0.0,0.0,29700.0,2490365.0,0.0,0.0,17198.0,0.0,0.0,0.0,0.0
2023-03-19 20:41:19.812000+00:00,57344.0,3084288.0,4001792.0,3969024.0,5.5,0.040797141,5.94,4372580.0,0.0,0.0,29785.0,2496579.0,0.0,0.0,17246.0,0.0,0.0,0.0,0.0
2023-03-19 20:41:24.648000+00:00,57344.0,3084288.0,4001792.0,3969024.0,5.5,0.040797141,5.94,4372580.0,0.0,0.0,29785.0,2496579.0,0.0,0.0,17276.0,0.0,0.0,0.0,0.0
2023-03-19 20:41:29.016000+00:00,57344.0,3084288.0,3870720.0,3829760.0,5.5,0.040797141,5.94,4384335.0,0.0,0.0,29864.0,2503226.0,0.0,0.0,17292.0,0.0,0.0,0.0,0.0
2023-03-19 20:41:34.608000+00:00,57344.0,3084288.0,3997696.0,3956736.0,5.5,0.040797141,5.96,4387211.0,0.0,0.0,29883.0,2504705.0,0.0,0.0,17303.0,0.0,0.0,0.0,0.0
2023-03-19 20:41:39.065000+00:00,57344.0,3076096.0,3989504.0,3956736.0,5.5,0.040797141,5.96,4387871.0,0.0,0.0,29889.0,2504920.0,0.0,0.0,17306.0,0.0,0.0,0.0,0.0
2023-03-19 20:41:43.572000+00:00,57344.0,3076096.0,3989504.0,3956736.0,5.5,0.040797141,5.97,4387871.0,0.0,0.0,29889.0,2504920.0,0.0,0.0,17306.0,0.0,0.0,0.0,0.0
2023-03-19 20:41:48.694000+00:00,57344.0,3076096.0,3997696.0,3964928.0,5.51,0.040797141,5.97,4395139.0,0.0,0.0,29938.0,2508722.0,0.0,0.0,17333.0,0.0,0.0,0.0,0.0
2023-03-19 20:41:54.207000+00:00,57344.0,3076096.0,3997696.0,3964928.0,5.51,0.040797141,5.98,4395139.0,0.0,0.0,29955.0,2510236.0,0.0,0.0,17343.0,0.0,0.0,0.0,0.0
2023-03-19 20:41:58.582000+00:00,57344.0,3076096.0,3993600.0,3960832.0,5.52,0.040797141,5.98,4403577.0,0.0,0.0,29993.0,2512967.0,0.0,0.0,17363.0,0.0,0.0,0.0,0.0
2023-03-19 20:42:04.576000+00:00,57344.0,3076096.0,3993600.0,3960832.0,5.53,0.040797141,5.99,4410694.0,0.0,0.0,30041.0,2517875.0,0.0,0.0,17391.0,0.0,0.0,0.0,0.0
2023-03-19 20:42:09.099000+00:00,57344.0,3076096.0,3989504.0,3956736.0,5.53,0.040797141,5.99,4414380.0,0.0,0.0,30069.0,2520163.0,0.0,0.0,17407.0,0.0,0.0,0.0,0.0
2023-03-19 20:42:13.721000+00:00,57344.0,3076096.0,3993600.0,3960832.0,5.54,0.040797141,5.99,4415094.0,0.0,0.0,30075.0,2520512.0,0.0,0.0,17410.0,0.0,0.0,0.0,0.0
2023-03-19 20:42:18.502000+00:00,57344.0,3084288.0,3866624.0,3833856.0,5.55,0.040797141,6.0,4419930.0,0.0,0.0,30111.0,2522769.0,0.0,0.0,17431.0,0.0,0.0,0.0,0.0
2023-03-19 20:42:24.022000+00:00,57344.0,3084288.0,3866624.0,3833856.0,5.56,0.040797141,6.0,4419930.0,0.0,0.0,30156.0,2526979.0,0.0,0.0,17458.0,0.0,0.0,0.0,0.0
2023-03-19 20:42:29.349000+00:00,57344.0,3080192.0,3866624.0,3829760.0,5.56,0.040797141,6.01,4428999.0,0.0,0.0,30171.0,2527883.0,0.0,0.0,17466.0,0.0,0.0,0.0,0.0
2023-03-19 20:42:34.159000+00:00,57344.0,3080192.0,4128768.0,4091904.0,5.57,0.040797141,6.02,4438288.0,0.0,0.0,30231.0,2532857.0,0.0,0.0,17502.0,0.0,0.0,0.0,0.0
2023-03-19 20:42:38.910000+00:00,57344.0,3076096.0,3989504.0,3956736.0,5.58,0.040797141,6.02,4439499.0,0.0,0.0,30241.0,2533428.0,0.0,0.0,17507.0,0.0,0.0,0.0,0.0
2023-03-19 20:42:44.188000+00:00,57344.0,3084288.0,3993600.0,3960832.0,5.58,0.040797141,6.02,4444830.0,0.0,0.0,30280.0,2536442.0,0.0,0.0,17507.0,0.0,0.0,0.0,0.0
2023-03-19 20:42:49.888000+00:00,57344.0,3088384.0,4001792.0,3969024.0,5.6,0.040797141,6.03,4449324.0,0.0,0.0,30312.0,2539539.0,0.0,0.0,17549.0,0.0,0.0,0.0,0.0
2023-03-19 20:42:54.300000+00:00,57344.0,3084288.0,3866624.0,3825664.0,5.6,0.040797141,6.04,4451735.0,0.0,0.0,30331.0,2540867.0,0.0,0.0,17560.0,0.0,0.0,0.0,0.0
2023-03-19 20:42:58.625000+00:00,57344.0,3084288.0,3997696.0,3956736.0,5.61,0.040797141,6.04,4455697.0,0.0,0.0,30361.0,2543309.0,0.0,0.0,17578.0,0.0,0.0,0.0,0.0
2023-03-19 20:43:04.348000+00:00,57344.0,3084288.0,3993600.0,3960832.0,5.61,0.040797141,6.04,4459650.0,0.0,0.0,30392.0,2545528.0,0.0,0.0,17595.0,0.0,0.0,0.0,0.0
2023-03-19 20:43:08.814000+00:00,57344.0,3076096.0,3989504.0,3956736.0,5.61,0.040797141,6.04,4461509.0,0.0,0.0,30405.0,2546889.0,0.0,0.0,17603.0,0.0,0.0,0.0,0.0
2023-03-19 20:43:13.800000+00:00,57344.0,3076096.0,3989504.0,3956736.0,5.62,0.040797141,6.05,4461509.0,0.0,0.0,30405.0,2546889.0,0.0,0.0,17603.0,0.0,0.0,0.0,0.0
2023-03-19 20:43:19.234000+00:00,57344.0,3076096.0,4038656.0,4005888.0,5.63,0.040797141,6.05,4470628.0,0.0,0.0,30471.0,2552193.0,0.0,0.0,17642.0,0.0,0.0,0.0,0.0
2023-03-19 20:43:23.781000+00:00,57344.0,3076096.0,4038656.0,3956736.0,5.63,0.040797141,6.06,4471439.0,0.0,0.0,30477.0,2552631.0,0.0,0.0,17645.0,0.0,0.0,0.0,0.0
2023-03-19 20:43:28.232000+00:00,57344.0,3076096.0,4005888.0,3973120.0,5.64,0.040797141,6.06,4473285.0,0.0,0.0,30490.0,2553927.0,0.0,0.0,17652.0,0.0,0.0,0.0,0.0
2023-03-19 20:43:34.211000+00:00,57344.0,3076096.0,3989504.0,3956736.0,5.64,0.040797141,6.08,4476399.0,0.0,0.0,30515.0,2555701.0,0.0,0.0,17666.0,0.0,0.0,0.0,0.0
2023-03-19 20:43:38.709000+00:00,57344.0,3076096.0,4001792.0,3969024.0,5.64,0.040797141,6.08,4479147.0,0.0,0.0,30535.0,2557735.0,0.0,0.0,17679.0,0.0,0.0,0.0,0.0
2023-03-19 20:43:43.783000+00:00,57344.0,3076096.0,4001792.0,3969024.0,5.65,0.040797141,6.08,4479147.0,0.0,0.0,30535.0,2557735.0,0.0,0.0,17679.0,0.0,0.0,0.0,0.0
2023-03-19 20:43:49.214000+00:00,57344.0,3076096.0,3989504.0,3956736.0,5.66,0.040797141,6.09,4487155.0,0.0,0.0,30592.0,2561958.0,0.0,0.0,17711.0,0.0,0.0,0.0,0.0
2023-03-19 20:43:54.299000+00:00,57344.0,3076096.0,3989504.0,3956736.0,5.67,0.040797141,6.1,4487155.0,0.0,0.0,30592.0,2561958.0,0.0,0.0,17711.0,0.0,0.0,0.0,0.0
2023-03-19 20:43:58.887000+00:00,57344.0,3076096.0,4014080.0,3981312.0,5.67,0.040797141,6.1,4489205.0,0.0,0.0,30610.0,2563083.0,0.0,0.0,17720.0,0.0,0.0,0.0,0.0
2023-03-19 20:44:03.973000+00:00,57344.0,3076096.0,4014080.0,3981312.0,5.68,0.040797141,6.1,4489205.0,0.0,0.0,30610.0,2563083.0,0.0,0.0,17731.0,0.0,0.0,0.0,0.0
2023-03-19 20:44:09.049000+00:00,57344.0,3080192.0,4124672.0,4091904.0,5.68,0.040797141,6.11,4500542.0,0.0,0.0,30690.0,2569945.0,0.0,0.0,17767.0,0.0,0.0,0.0,0.0
2023-03-19 20:44:14.474000+00:00,57344.0,3080192.0,4124672.0,4091904.0,5.69,0.040797141,6.12,4500542.0,0.0,0.0,30690.0,2569945.0,0.0,0.0,17767.0,0.0,0.0,0.0,0.0
2023-03-19 20:44:19.286000+00:00,57344.0,3076096.0,3989504.0,3956736.0,5.69,0.040797141,6.12,4507502.0,0.0,0.0,30736.0,2573875.0,0.0,0.0,17795.0,0.0,0.0,0.0,0.0
2023-03-19 20:44:23.480000+00:00,57344.0,3076096.0,3989504.0,3964928.0,5.69,0.040797141,6.12,4509163.0,0.0,0.0,30751.0,2574901.0,0.0,0.0,17804.0,0.0,0.0,0.0,0.0
2023-03-19 20:44:28.403000+00:00,57344.0,3076096.0,4034560.0,4001792.0,5.7,0.040797141,6.12,4515949.0,0.0,0.0,30795.0,2579342.0,0.0,0.0,17829.0,0.0,0.0,0.0,0.0
2023-03-19 20:44:34.140000+00:00,57344.0,3072000.0,4034560.0,4001792.0,5.71,0.040797141,6.12,4515949.0,0.0,0.0,30795.0,2579342.0,0.0,0.0,17867.0,0.0,0.0,0.0,0.0
2023-03-19 20:44:38.661000+00:00,57344.0,3072000.0,4001792.0,3969024.0,5.72,0.040797141,6.13,4531780.0,0.0,0.0,30896.0,2588168.0,0.0,0.0,17891.0,0.0,0.0,0.0,0.0
2023-03-19 20:44:44.562000+00:00,57344.0,3072000.0,4001792.0,3969024.0,5.72,0.040797141,6.14,4531780.0,0.0,0.0,30896.0,2588168.0,0.0,0.0,17891.0,0.0,0.0,0.0,0.0
2023-03-19 20:44:49.147000+00:00,57344.0,3076096.0,3993600.0,3960832.0,5.72,0.040797141,6.14,4540070.0,0.0,0.0,30954.0,2592968.0,0.0,0.0,17925.0,0.0,0.0,0.0,0.0
2023-03-19 20:44:53.931000+00:00,57344.0,3067904.0,3981312.0,3948544.0,5.72,0.040797141,6.15,4540070.0,0.0,0.0,30954.0,2592968.0,0.0,0.0,17925.0,0.0,0.0,0.0,0.0
2023-03-19 20:44:58.952000+00:00,57344.0,3067904.0,4005888.0,3973120.0,5.73,0.040797141,6.15,4541923.0,0.0,0.0,30969.0,2594095.0,0.0,0.0,17934.0,0.0,0.0,0.0,0.0
2023-03-19 20:45:03.395000+00:00,57344.0,3067904.0,4005888.0,3973120.0,5.75,0.040797141,6.16,4541923.0,0.0,0.0,31028.0,2599845.0,0.0,0.0,17969.0,0.0,0.0,0.0,0.0
2023-03-19 20:45:08.169000+00:00,57344.0,3072000.0,4026368.0,3993600.0,5.76,0.040797141,6.17,4559263.0,0.0,0.0,31078.0,2604032.0,0.0,0.0,17999.0,0.0,0.0,0.0,0.0
2023-03-19 20:45:14.257000+00:00,57344.0,3072000.0,4116480.0,4083712.0,5.76,0.040797141,6.18,4567391.0,0.0,0.0,31135.0,2609130.0,0.0,0.0,18032.0,0.0,0.0,0.0,0.0
2023-03-19 20:45:19.918000+00:00,57344.0,3072000.0,3985408.0,3952640.0,5.76,0.040797141,6.19,4567391.0,0.0,0.0,31135.0,2609130.0,0.0,0.0,18032.0,0.0,0.0,0.0,0.0
2023-03-19 20:45:24.361000+00:00,57344.0,3072000.0,3985408.0,3952640.0,5.76,0.040797141,6.2,4567391.0,0.0,0.0,31135.0,2609130.0,0.0,0.0,18032.0,0.0,22948.0,0.0,0.0
2023-03-19 20:45:29.545000+00:00,57344.0,3076096.0,3944448.0,3911680.0,5.77,0.040797141,6.2,4572787.0,0.0,0.0,31175.0,2612317.0,0.0,0.0,18055.0,0.0,0.0,0.0,0.0
2023-03-19 20:45:34.007000+00:00,57344.0,3076096.0,3944448.0,3911680.0,5.78,0.040797141,6.2,4572787.0,0.0,0.0,31222.0,2617191.0,0.0,0.0,18084.0,0.0,0.0,0.0,0.0
2023-03-19 20:45:39.464000+00:00,57344.0,3072000.0,3985408.0,3952640.0,5.78,0.040797141,6.21,4581827.0,0.0,0.0,31235.0,2619006.0,0.0,0.0,18092.0,0.0,0.0,0.0,0.0
2023-03-19 20:45:43.779000+00:00,57344.0,3072000.0,3854336.0,3821568.0,5.78,0.040797141,6.22,4582796.0,0.0,0.0,31241.0,2619599.0,0.0,0.0,18095.0,0.0,0.0,0.0,0.0
2023-03-19 20:45:49.482000+00:00,57344.0,3076096.0,3989504.0,3956736.0,5.79,0.040797141,6.22,4587468.0,0.0,0.0,31270.0,2622251.0,0.0,0.0,18114.0,0.0,0.0,0.0,0.0
2023-03-19 20:45:54.078000+00:00,57344.0,3076096.0,3993600.0,3960832.0,5.8,0.040797141,6.23,4589057.0,0.0,0.0,31283.0,2622906.0,0.0,0.0,18120.0,0.0,0.0,0.0,0.0
2023-03-19 20:45:58.801000+00:00,57344.0,3072000.0,3985408.0,3952640.0,5.8,0.040797141,6.24,4595292.0,0.0,0.0,31326.0,2626468.0,0.0,0.0,18145.0,0.0,0.0,0.0,0.0
2023-03-19 20:46:04.051000+00:00,57344.0,3072000.0,3985408.0,3952640.0,5.81,0.040797141,6.25,4595292.0,0.0,0.0,31326.0,2626468.0,0.0,0.0,18145.0,0.0,0.0,0.0,0.0
2023-03-19 20:46:08.536000+00:00,57344.0,3072000.0,3993600.0,3960832.0,5.82,0.040797141,6.26,4595974.0,0.0,0.0,31332.0,2626683.0,0.0,0.0,18148.0,0.0,0.0,0.0,0.0
2023-03-19 20:46:14.793000+00:00,57344.0,3076096.0,3866624.0,3833856.0,5.83,0.040797141,6.26,4602710.0,0.0,0.0,31376.0,2630051.0,0.0,0.0,18173.0,0.0,0.0,0.0,0.0
2023-03-19 20:46:19.331000+00:00,57344.0,3072000.0,4009984.0,3977216.0,5.84,0.040797141,6.28,4609664.0,0.0,0.0,31422.0,2635066.0,0.0,0.0,18200.0,0.0,0.0,0.0,0.0
2023-03-19 20:46:23.834000+00:00,57344.0,3072000.0,3973120.0,3940352.0,5.85,0.040797141,6.28,4613162.0,0.0,0.0,31449.0,2636886.0,0.0,0.0,18215.0,0.0,0.0,0.0,0.0
2023-03-19 20:46:28.589000+00:00,57344.0,3084288.0,3997696.0,3964928.0,5.86,0.040797141,6.3,4619492.0,0.0,0.0,31493.0,2640704.0,0.0,0.0,18240.0,0.0,0.0,0.0,0.0
2023-03-19 20:46:34.123000+00:00,57344.0,3084288.0,3997696.0,3964928.0,5.88,0.040797141,6.3,4631063.0,0.0,0.0,31573.0,2647451.0,0.0,0.0,18288.0,0.0,0.0,0.0,0.0
2023-03-19 20:46:38.942000+00:00,57344.0,3084288.0,3866624.0,3825664.0,5.88,0.040797141,6.31,4638586.0,0.0,0.0,31622.0,2652117.0,0.0,0.0,18316.0,0.0,0.0,0.0,0.0
2023-03-19 20:46:44.081000+00:00,57344.0,3072000.0,3985408.0,3952640.0,5.88,0.040797141,6.31,4641606.0,0.0,0.0,31645.0,2653605.0,0.0,0.0,18328.0,0.0,0.0,0.0,0.0
2023-03-19 20:46:48.431000+00:00,57344.0,3076096.0,4001792.0,3969024.0,5.89,0.040797141,6.32,4644231.0,0.0,0.0,31664.0,2655179.0,0.0,0.0,18339.0,0.0,0.0,0.0,0.0
2023-03-19 20:46:54.107000+00:00,57344.0,3076096.0,4001792.0,3969024.0,5.9,0.040797141,6.32,4648944.0,0.0,0.0,31701.0,2657695.0,0.0,0.0,18359.0,0.0,0.0,0.0,0.0
2023-03-19 20:46:59.635000+00:00,57344.0,3076096.0,3989504.0,3956736.0,5.9,0.040797141,6.33,4651864.0,0.0,0.0,31718.0,2659150.0,0.0,0.0,18369.0,0.0,0.0,0.0,0.0
2023-03-19 20:47:03.746000+00:00,57344.0,3076096.0,3989504.0,3956736.0,5.9,0.040797141,6.33,4652034.0,0.0,0.0,31720.0,2659223.0,0.0,0.0,18370.0,0.0,0.0,0.0,0.0
2023-03-19 20:47:09.090000+00:00,57344.0,3076096.0,3989504.0,3956736.0,5.9,0.040797141,6.34,4654074.0,0.0,0.0,31737.0,2660403.0,0.0,0.0,18379.0,0.0,0.0,0.0,0.0
2023-03-19 20:47:14.458000+00:00,57344.0,3080192.0,3997696.0,3960832.0,5.91,0.040797141,6.34,4656544.0,0.0,0.0,31756.0,2661733.0,0.0,0.0,18390.0,0.0,0.0,0.0,0.0
2023-03-19 20:47:19.573000+00:00,57344.0,3072000.0,4005888.0,3973120.0,5.92,0.040797141,6.34,4662556.0,0.0,0.0,31794.0,2664997.0,0.0,0.0,18412.0,0.0,0.0,0.0,0.0
2023-03-19 20:47:24.014000+00:00,57344.0,3072000.0,4005888.0,3973120.0,5.93,0.040797141,6.34,4662556.0,0.0,0.0,31794.0,2664997.0,0.0,0.0,18424.0,0.0,0.0,0.0,0.0
2023-03-19 20:47:29.639000+00:00,57344.0,3072000.0,4136960.0,4104192.0,5.94,0.040797141,6.35,4677226.0,0.0,0.0,31892.0,2673793.0,0.0,0.0,18468.0,0.0,0.0,0.0,0.0
2023-03-19 20:47:33.456000+00:00,57344.0,3072000.0,3866624.0,3833856.0,5.94,0.040797141,6.35,4678114.0,0.0,0.0,31898.0,2674233.0,0.0,0.0,18471.0,0.0,0.0,0.0,0.0
2023-03-19 20:47:38.765000+00:00,57344.0,3072000.0,3993600.0,3960832.0,5.94,0.040797141,6.36,4678114.0,0.0,0.0,31898.0,2674233.0,0.0,0.0,18471.0,0.0,0.0,0.0,0.0
2023-03-19 20:47:43.645000+00:00,57344.0,3072000.0,4116480.0,4083712.0,5.95,0.040797141,6.36,4678751.0,0.0,0.0,31904.0,2674448.0,0.0,0.0,18474.0,0.0,0.0,0.0,0.0
2023-03-19 20:47:49.029000+00:00,57344.0,3072000.0,3858432.0,3825664.0,5.96,0.040797141,6.37,4684727.0,0.0,0.0,31950.0,2677638.0,0.0,0.0,18500.0,0.0,0.0,0.0,0.0
2023-03-19 20:47:54.771000+00:00,57344.0,3072000.0,3858432.0,3825664.0,5.96,0.040797141,6.39,4684727.0,0.0,0.0,31950.0,2677638.0,0.0,0.0,18540.0,0.0,0.0,0.0,0.0
2023-03-19 20:47:59.806000+00:00,57344.0,3072000.0,3985408.0,3952640.0,5.96,0.040797141,6.4,4696205.0,0.0,0.0,32031.0,2684550.0,0.0,0.0,18548.0,0.0,0.0,0.0,0.0
2023-03-19 20:48:04.807000+00:00,57344.0,3072000.0,4116480.0,4083712.0,5.97,0.040797141,6.4,4696375.0,0.0,0.0,32033.0,2684623.0,0.0,0.0,18549.0,0.0,0.0,0.0,0.0
2023-03-19 20:48:09.851000+00:00,57344.0,3084288.0,3997696.0,3964928.0,5.97,0.040797141,6.42,4703774.0,0.0,0.0,32085.0,2688764.0,0.0,0.0,18581.0,0.0,0.0,0.0,0.0
2023-03-19 20:48:14.054000+00:00,57344.0,3084288.0,3997696.0,3964928.0,5.98,0.040797141,6.42,4705808.0,0.0,0.0,32101.0,2690114.0,0.0,0.0,18590.0,0.0,0.0,0.0,0.0
2023-03-19 20:48:19.003000+00:00,57344.0,3080192.0,3993600.0,3952640.0,5.98,0.040797141,6.42,4709336.0,0.0,0.0,32129.0,2692232.0,0.0,0.0,18606.0,0.0,0.0,0.0,0.0
2023-03-19 20:48:23.447000+00:00,57344.0,3080192.0,3993600.0,3952640.0,5.98,0.040797141,6.42,4709336.0,0.0,0.0,32131.0,2692305.0,0.0,0.0,18607.0,0.0,0.0,0.0,0.0
2023-03-19 20:48:29.391000+00:00,57344.0,3072000.0,4005888.0,3973120.0,5.98,0.040797141,6.43,4720623.0,0.0,0.0,32207.0,2697788.0,0.0,0.0,18648.0,0.0,0.0,0.0,0.0
2023-03-19 20:48:33.632000+00:00,57344.0,3072000.0,4005888.0,3973120.0,5.98,0.040797141,6.44,4723399.0,0.0,0.0,32228.0,2699435.0,0.0,0.0,18660.0,0.0,0.0,0.0,0.0
2023-03-19 20:48:39.318000+00:00,57344.0,3072000.0,3993600.0,3960832.0,5.99,0.040797141,6.44,4728946.0,0.0,0.0,32271.0,2702783.0,0.0,0.0,18684.0,0.0,0.0,0.0,0.0
2023-03-19 20:48:43.414000+00:00,57344.0,3072000.0,3993600.0,3960832.0,5.99,0.040797141,6.44,4728946.0,0.0,0.0,32271.0,2702783.0,0.0,0.0,18684.0,0.0,0.0,0.0,0.0
2023-03-19 20:48:48.363000+00:00,57344.0,3076096.0,3989504.0,3956736.0,5.99,0.040797141,6.44,4737270.0,0.0,0.0,32332.0,2707503.0,0.0,0.0,18720.0,0.0,0.0,0.0,0.0
2023-03-19 20:48:53.496000+00:00,57344.0,3076096.0,3989504.0,3956736.0,6.0,0.040797141,6.44,4737270.0,0.0,0.0,32353.0,2709049.0,0.0,0.0,18732.0,0.0,0.0,0.0,0.0
2023-03-19 20:48:58.917000+00:00,57344.0,3076096.0,3993600.0,3960832.0,6.01,0.040797141,6.45,4743537.0,0.0,0.0,32376.0,2710747.0,0.0,0.0,18745.0,0.0,0.0,0.0,0.0
2023-03-19 20:49:04.073000+00:00,57344.0,3076096.0,4124672.0,4091904.0,6.02,0.040797141,6.45,4748238.0,0.0,0.0,32408.0,2713372.0,0.0,0.0,18763.0,0.0,0.0,0.0,0.0
2023-03-19 20:49:09.157000+00:00,57344.0,3080192.0,3989504.0,3956736.0,6.03,0.040797141,6.46,4752747.0,0.0,0.0,32437.0,2715629.0,0.0,0.0,18779.0,0.0,0.0,0.0,0.0
2023-03-19 20:49:13.572000+00:00,57344.0,3080192.0,3989504.0,3956736.0,6.03,0.040797141,6.46,4752747.0,0.0,0.0,32437.0,2715629.0,0.0,0.0,18779.0,0.0,0.0,0.0,0.0
2023-03-19 20:49:18.781000+00:00,57344.0,3076096.0,3989504.0,3956736.0,6.03,0.040797141,6.47,4757933.0,0.0,0.0,32475.0,2718464.0,0.0,0.0,18800.0,0.0,0.0,0.0,0.0
2023-03-19 20:49:23.573000+00:00,57344.0,3076096.0,3989504.0,3956736.0,6.04,0.040797141,6.48,4762715.0,0.0,0.0,32511.0,2720925.0,0.0,0.0,18820.0,0.0,0.0,0.0,0.0
2023-03-19 20:49:29.314000+00:00,57344.0,3076096.0,3989504.0,3956736.0,6.04,0.040797141,6.48,4767617.0,0.0,0.0,32545.0,2723647.0,0.0,0.0,18839.0,0.0,0.0,0.0,0.0
2023-03-19 20:49:33.738000+00:00,57344.0,3076096.0,3997696.0,3964928.0,6.04,0.040797141,6.49,4773552.0,0.0,0.0,32585.0,2726403.0,0.0,0.0,18862.0,0.0,0.0,0.0,0.0
2023-03-19 20:49:38.671000+00:00,57344.0,3080192.0,3993600.0,3960832.0,6.05,0.040797141,6.5,4780810.0,0.0,0.0,32631.0,2730424.0,0.0,0.0,18889.0,0.0,0.0,0.0,0.0
2023-03-19 20:49:43.418000+00:00,57344.0,3080192.0,3993600.0,3960832.0,6.06,0.040797141,6.5,4780810.0,0.0,0.0,32631.0,2730424.0,0.0,0.0,18889.0,0.0,0.0,0.0,0.0
2023-03-19 20:49:49.001000+00:00,57344.0,3076096.0,3989504.0,3956736.0,6.06,0.040797141,6.51,4788180.0,0.0,0.0,32680.0,2734244.0,0.0,0.0,18915.0,0.0,0.0,0.0,0.0
2023-03-19 20:49:54.620000+00:00,57344.0,3076096.0,3989504.0,3960832.0,6.07,0.040797141,6.52,4794078.0,0.0,0.0,32718.0,2737865.0,0.0,0.0,18936.0,0.0,0.0,0.0,0.0
2023-03-19 20:49:59.367000+00:00,57344.0,3080192.0,3993600.0,3960832.0,6.08,0.040797141,6.53,4798278.0,0.0,0.0,32743.0,2740324.0,0.0,0.0,18951.0,0.0,0.0,0.0,0.0
2023-03-19 20:50:04.064000+00:00,57344.0,3080192.0,3993600.0,3960832.0,6.08,0.040797141,6.54,4798278.0,0.0,0.0,32743.0,2740324.0,0.0,0.0,18960.0,0.0,0.0,0.0,0.0
2023-03-19 20:50:08.907000+00:00,57344.0,3076096.0,3989504.0,3956736.0,6.08,0.040797141,6.55,4802313.0,0.0,0.0,32771.0,2742439.0,0.0,0.0,18966.0,0.0,0.0,0.0,0.0
2023-03-19 20:50:13.748000+00:00,57344.0,3076096.0,3989504.0,3956736.0,6.08,0.040797141,6.56,4802313.0,0.0,0.0,32771.0,2742439.0,0.0,0.0,18966.0,0.0,0.0,0.0,0.0
2023-03-19 20:50:18.790000+00:00,57344.0,3076096.0,3993600.0,3960832.0,6.08,0.040797141,6.56,4802313.0,0.0,0.0,32771.0,2742439.0,0.0,0.0,18966.0,0.0,0.0,0.0,0.0
2023-03-19 20:50:24.144000+00:00,57344.0,3076096.0,3993600.0,3952640.0,6.08,0.040797141,6.58,4803459.0,0.0,0.0,32782.0,2743090.0,0.0,0.0,18972.0,0.0,0.0,0.0,0.0
2023-03-19 20:50:29.214000+00:00,57344.0,3076096.0,3989504.0,3956736.0,6.08,0.040797141,6.58,4804173.0,0.0,0.0,32788.0,2743414.0,0.0,0.0,18975.0,0.0,0.0,0.0,0.0
2023-03-19 20:50:33.733000+00:00,57344.0,3076096.0,3989504.0,3956736.0,6.09,0.040797141,6.58,4804173.0,0.0,0.0,32788.0,2746743.0,0.0,0.0,18995.0,0.0,0.0,0.0,0.0
2023-03-19 20:50:38.592000+00:00,57344.0,3080192.0,4026368.0,3993600.0,6.1,0.040797141,6.59,4812047.0,0.0,0.0,32842.0,2748319.0,0.0,0.0,19006.0,0.0,0.0,0.0,0.0
2023-03-19 20:50:44.178000+00:00,57344.0,3080192.0,4026368.0,3993600.0,6.1,0.040797141,6.6,4812047.0,0.0,0.0,32842.0,2748319.0,0.0,0.0,19006.0,0.0,0.0,0.0,0.0
2023-03-19 20:50:48.522000+00:00,57344.0,3076096.0,3989504.0,3956736.0,6.1,0.040797141,6.6,4813813.0,0.0,0.0,32852.0,2749275.0,0.0,0.0,19012.0,0.0,0.0,0.0,0.0
2023-03-19 20:50:54.854000+00:00,57344.0,3076096.0,4124672.0,4091904.0,6.11,0.040797141,6.61,4818584.0,0.0,0.0,32888.0,2752145.0,0.0,0.0,19034.0,0.0,0.0,0.0,0.0
2023-03-19 20:50:59.301000+00:00,57344.0,3080192.0,4136960.0,4104192.0,6.11,0.040797141,6.61,4823537.0,0.0,0.0,32921.0,2755132.0,0.0,0.0,19053.0,0.0,0.0,0.0,0.0
2023-03-19 20:51:03.194000+00:00,57344.0,3080192.0,4136960.0,4104192.0,6.12,0.040797141,6.62,4823537.0,0.0,0.0,32921.0,2758069.0,0.0,0.0,19068.0,0.0,0.0,0.0,0.0
2023-03-19 20:51:09.626000+00:00,57344.0,3076096.0,3989504.0,3956736.0,6.12,0.040797141,6.63,4835115.0,0.0,0.0,33002.0,2762909.0,0.0,0.0,19098.0,0.0,0.0,0.0,0.0
2023-03-19 20:51:13.447000+00:00,57344.0,3084288.0,3997696.0,3964928.0,6.13,0.040797141,6.64,4843219.0,0.0,0.0,33058.0,2767222.0,0.0,0.0,19131.0,0.0,0.0,0.0,0.0
2023-03-19 20:51:19.633000+00:00,57344.0,3088384.0,4001792.0,3969024.0,6.14,0.040797141,6.66,4857141.0,0.0,0.0,33152.0,2775453.0,0.0,0.0,19188.0,0.0,0.0,0.0,0.0
2023-03-19 20:51:24.847000+00:00,57344.0,3076096.0,3989504.0,3956736.0,6.15,0.040797141,6.67,4862751.0,0.0,0.0,33195.0,2778915.0,0.0,0.0,19213.0,0.0,0.0,0.0,0.0
2023-03-19 20:51:29.624000+00:00,57344.0,3076096.0,3997696.0,3964928.0,6.16,0.040797141,6.68,4867851.0,0.0,0.0,33233.0,2781858.0,0.0,0.0,19235.0,0.0,0.0,0.0,0.0
2023-03-19 20:51:33.957000+00:00,57344.0,3076096.0,3997696.0,3964928.0,6.16,0.040797141,6.68,4867851.0,0.0,0.0,33248.0,2782974.0,0.0,0.0,19243.0,0.0,0.0,0.0,0.0
2023-03-19 20:51:39.799000+00:00,57344.0,3076096.0,3989504.0,3956736.0,6.16,0.040797141,6.68,4870195.0,0.0,0.0,33250.0,2783047.0,0.0,0.0,19244.0,0.0,0.0,0.0,0.0
2023-03-19 20:51:44.468000+00:00,57344.0,3080192.0,3989504.0,3956736.0,6.17,0.040797141,6.68,4872836.0,0.0,0.0,33269.0,2784384.0,0.0,0.0,19255.0,0.0,0.0,0.0,0.0
2023-03-19 20:51:49.342000+00:00,57344.0,3084288.0,4128768.0,4096000.0,6.18,0.040797141,6.68,4881267.0,0.0,0.0,33333.0,2789048.0,0.0,0.0,19291.0,0.0,0.0,0.0,0.0
2023-03-19 20:51:54.187000+00:00,57344.0,3080192.0,4001792.0,3964928.0,6.19,0.040797141,6.69,4881267.0,0.0,0.0,33333.0,2789048.0,0.0,0.0,19291.0,0.0,0.0,0.0,0.0
2023-03-19 20:51:58.896000+00:00,57344.0,3080192.0,3993600.0,3956736.0,6.2,0.040797141,6.69,4882578.0,0.0,0.0,33344.0,2789834.0,0.0,0.0,19297.0,0.0,0.0,0.0,0.0
2023-03-19 20:52:03.304000+00:00,57344.0,3080192.0,3993600.0,3956736.0,6.2,0.040797141,6.69,4882578.0,0.0,0.0,33344.0,2789834.0,0.0,0.0,19297.0,0.0,0.0,0.0,0.0
2023-03-19 20:52:09.419000+00:00,57344.0,3076096.0,3989504.0,3956736.0,6.21,0.040797141,6.7,4882748.0,0.0,0.0,33346.0,2789907.0,0.0,0.0,19298.0,0.0,0.0,0.0,0.0
2023-03-19 20:52:13.825000+00:00,57344.0,3076096.0,3997696.0,3964928.0,6.21,0.040797141,6.7,4884682.0,0.0,0.0,33361.0,2791014.0,0.0,0.0,19306.0,0.0,0.0,0.0,0.0
2023-03-19 20:52:18.526000+00:00,57344.0,3080192.0,4009984.0,3977216.0,6.21,0.040797141,6.71,4887458.0,0.0,0.0,33382.0,2792436.0,0.0,0.0,19318.0,0.0,0.0,0.0,0.0
2023-03-19 20:52:23.531000+00:00,57344.0,3084288.0,3997696.0,3964928.0,6.23,0.040797141,6.72,4892013.0,0.0,0.0,33416.0,2795139.0,0.0,0.0,19337.0,0.0,0.0,0.0,0.0
2023-03-19 20:52:28.667000+00:00,57344.0,3076096.0,3989504.0,3956736.0,6.24,0.040797141,6.73,4896323.0,0.0,0.0,33446.0,2797955.0,0.0,0.0,19354.0,0.0,0.0,0.0,0.0
2023-03-19 20:52:34.098000+00:00,57344.0,3076096.0,3989504.0,3960832.0,6.24,0.040797141,6.73,4904385.0,0.0,0.0,33495.0,2801974.0,0.0,0.0,19382.0,0.0,0.0,0.0,0.0
2023-03-19 20:52:38.863000+00:00,57344.0,3080192.0,3993600.0,3960832.0,6.25,0.040797141,6.74,4906557.0,0.0,0.0,33512.0,2803202.0,0.0,0.0,19391.0,0.0,0.0,0.0,0.0
2023-03-19 20:52:43.536000+00:00,57344.0,3076096.0,3997696.0,3964928.0,6.25,0.040797141,6.76,4908828.0,0.0,0.0,33529.0,2804418.0,0.0,0.0,19400.0,0.0,0.0,0.0,0.0
2023-03-19 20:52:48.939000+00:00,57344.0,3076096.0,3993600.0,3960832.0,6.25,0.040797141,6.76,4910304.0,0.0,0.0,33536.0,2805350.0,0.0,0.0,19405.0,0.0,0.0,0.0,0.0
2023-03-19 20:52:53.910000+00:00,57344.0,3076096.0,3858432.0,3825664.0,6.26,0.040797141,6.77,4912180.0,0.0,0.0,33550.0,2806075.0,0.0,0.0,19412.0,0.0,0.0,0.0,0.0
2023-03-19 20:52:59.404000+00:00,57344.0,3076096.0,4014080.0,3981312.0,6.26,0.040797141,6.78,4916095.0,0.0,0.0,33578.0,2808537.0,0.0,0.0,19428.0,0.0,0.0,0.0,0.0
2023-03-19 20:53:03.930000+00:00,57344.0,3076096.0,4014080.0,4087808.0,6.26,0.040797141,6.78,4919053.0,0.0,0.0,33603.0,2809821.0,0.0,0.0,19441.0,0.0,0.0,0.0,0.0
2023-03-19 20:53:09.315000+00:00,57344.0,3084288.0,4055040.0,4022272.0,6.26,0.040797141,6.79,4930051.0,0.0,0.0,33681.0,2816227.0,0.0,0.0,19487.0,0.0,0.0,0.0,0.0
2023-03-19 20:53:14.408000+00:00,57344.0,3084288.0,4055040.0,4022272.0,6.28,0.040797141,6.8,4930051.0,0.0,0.0,33681.0,2816227.0,0.0,0.0,19487.0,0.0,0.0,0.0,0.0
2023-03-19 20:53:19.595000+00:00,57344.0,3088384.0,4001792.0,3964928.0,6.29,0.040797141,6.82,4957071.0,0.0,0.0,33869.0,2831418.0,0.0,0.0,19599.0,0.0,0.0,0.0,0.0
2023-03-19 20:53:24.759000+00:00,57344.0,3088384.0,4001792.0,3964928.0,6.3,0.040797141,6.82,4957071.0,0.0,0.0,33869.0,2831418.0,0.0,0.0,19627.0,0.0,0.0,0.0,0.0
2023-03-19 20:53:29.458000+00:00,57344.0,3076096.0,3993600.0,3960832.0,6.3,0.040797141,6.83,4966881.0,0.0,0.0,33933.0,2836399.0,0.0,0.0,19636.0,0.0,0.0,0.0,0.0
2023-03-19 20:53:34.640000+00:00,57344.0,3076096.0,4120576.0,4087808.0,6.3,0.040797141,6.84,4973054.0,0.0,0.0,33975.0,2840814.0,0.0,0.0,19661.0,0.0,0.0,0.0,0.0
2023-03-19 20:53:39.398000+00:00,57344.0,3084288.0,4009984.0,3977216.0,6.31,0.040797141,6.84,4977650.0,0.0,0.0,34014.0,2843036.0,0.0,0.0,19682.0,0.0,0.0,0.0,0.0
2023-03-19 20:53:44.847000+00:00,57344.0,3092480.0,4009984.0,3977216.0,6.31,0.040797141,6.85,4988484.0,0.0,0.0,34084.0,2849955.0,0.0,0.0,19727.0,0.0,0.0,0.0,0.0
2023-03-19 20:53:49.051000+00:00,57344.0,3088384.0,4005888.0,3964928.0,6.32,0.040797141,6.85,4989398.0,0.0,0.0,34090.0,2850378.0,0.0,0.0,19730.0,0.0,0.0,0.0,0.0
2023-03-19 20:53:54.400000+00:00,57344.0,3088384.0,4005888.0,3964928.0,6.32,0.040797141,6.86,4989398.0,0.0,0.0,34090.0,2852295.0,0.0,0.0,19744.0,0.0,0.0,0.0,0.0
2023-03-19 20:53:59.323000+00:00,57344.0,3080192.0,3866624.0,3833856.0,6.32,0.040797141,6.86,4993838.0,0.0,0.0,34117.0,2852368.0,0.0,0.0,19745.0,0.0,0.0,0.0,0.0
2023-03-19 20:54:03.622000+00:00,57344.0,3080192.0,3993600.0,3960832.0,6.33,0.040797141,6.87,4998651.0,0.0,0.0,34147.0,2854995.0,0.0,0.0,19763.0,0.0,0.0,0.0,0.0
2023-03-19 20:54:08.564000+00:00,57344.0,3080192.0,4009984.0,3977216.0,6.34,0.040797141,6.88,5001688.0,0.0,0.0,34166.0,2856258.0,0.0,0.0,19774.0,0.0,0.0,0.0,0.0
2023-03-19 20:54:13.141000+00:00,57344.0,3080192.0,4009984.0,3977216.0,6.35,0.040797141,6.88,5001688.0,0.0,0.0,34166.0,2856258.0,0.0,0.0,19774.0,0.0,0.0,0.0,0.0
2023-03-19 20:54:19.719000+00:00,57344.0,3084288.0,4005888.0,3973120.0,6.36,0.040797141,6.88,5008593.0,0.0,0.0,34211.0,2860469.0,0.0,0.0,19800.0,0.0,0.0,0.0,0.0
2023-03-19 20:54:23.755000+00:00,57344.0,3084288.0,4005888.0,3973120.0,6.37,0.040797141,6.89,5008593.0,0.0,0.0,34241.0,2862991.0,0.0,0.0,19817.0,0.0,0.0,0.0,0.0
2023-03-19 20:54:29.440000+00:00,57344.0,3088384.0,4005888.0,3964928.0,6.38,0.040797141,6.9,5017916.0,0.0,0.0,34271.0,2865646.0,0.0,0.0,19835.0,0.0,0.0,0.0,0.0
2023-03-19 20:54:34.695000+00:00,57344.0,3088384.0,3874816.0,3833856.0,6.38,0.040797141,6.91,5018699.0,0.0,0.0,34277.0,2866078.0,0.0,0.0,19838.0,0.0,0.0,0.0,0.0
2023-03-19 20:54:38.464000+00:00,57344.0,3088384.0,4001792.0,3960832.0,6.38,0.040797141,6.92,5018699.0,0.0,0.0,34277.0,2866078.0,0.0,0.0,19838.0,0.0,0.0,0.0,0.0
2023-03-19 20:54:44.536000+00:00,57344.0,3088384.0,4001792.0,3960832.0,6.39,0.040797141,6.92,5018699.0,0.0,0.0,34277.0,2866078.0,0.0,0.0,19838.0,0.0,0.0,0.0,0.0
2023-03-19 20:54:49.336000+00:00,57344.0,3080192.0,3993600.0,3960832.0,6.39,0.040797141,6.92,5023969.0,0.0,0.0,34315.0,2869485.0,0.0,0.0,19859.0,0.0,0.0,0.0,0.0
2023-03-19 20:54:54.502000+00:00,57344.0,3080192.0,3993600.0,3960832.0,6.39,0.040797141,6.94,5027067.0,0.0,0.0,34332.0,2871492.0,0.0,0.0,19869.0,0.0,0.0,0.0,0.0
2023-03-19 20:54:59.571000+00:00,57344.0,3080192.0,4001792.0,3969024.0,6.4,0.040797141,6.94,5029597.0,0.0,0.0,34351.0,2872992.0,0.0,0.0,19880.0,0.0,0.0,0.0,0.0
2023-03-19 20:55:03.947000+00:00,57344.0,3080192.0,3928064.0,3895296.0,6.4,0.040797141,6.96,5033190.0,0.0,0.0,34379.0,2874591.0,0.0,0.0,19895.0,0.0,0.0,0.0,0.0
2023-03-19 20:55:08.870000+00:00,57344.0,3088384.0,4001792.0,3969024.0,6.41,0.040797141,6.96,5038908.0,0.0,0.0,34420.0,2878341.0,0.0,0.0,19920.0,0.0,0.0,0.0,0.0
2023-03-19 20:55:14.588000+00:00,57344.0,3080192.0,4001792.0,3969024.0,6.42,0.040797141,6.96,5038908.0,0.0,0.0,34420.0,2878341.0,0.0,0.0,19920.0,0.0,0.0,0.0,0.0
2023-03-19 20:55:18.985000+00:00,57344.0,3092480.0,4005888.0,3973120.0,6.43,0.040797141,6.97,5059093.0,0.0,0.0,34561.0,2889722.0,0.0,0.0,20007.0,0.0,0.0,0.0,0.0
2023-03-19 20:55:24.056000+00:00,57344.0,3092480.0,4005888.0,3973120.0,6.45,0.040797141,6.98,5066699.0,0.0,0.0,34608.0,2893921.0,0.0,0.0,20034.0,0.0,0.0,0.0,0.0
2023-03-19 20:55:29.251000+00:00,57344.0,3092480.0,3878912.0,3833856.0,6.46,0.040797141,6.98,5071486.0,0.0,0.0,34646.0,2896711.0,0.0,0.0,20055.0,0.0,0.0,0.0,0.0
2023-03-19 20:55:34.832000+00:00,57344.0,3092480.0,3878912.0,3833856.0,6.48,0.040797141,6.99,5071486.0,0.0,0.0,34646.0,2896711.0,0.0,0.0,20055.0,0.0,0.0,0.0,0.0
2023-03-19 20:55:39.719000+00:00,57344.0,3080192.0,3989504.0,3956736.0,6.48,0.040797141,7.0,5082523.0,0.0,0.0,34725.0,2902850.0,0.0,0.0,20101.0,0.0,0.0,0.0,0.0
2023-03-19 20:55:43.782000+00:00,57344.0,3080192.0,4005888.0,3973120.0,6.48,0.040797141,7.0,5084375.0,0.0,0.0,34738.0,2903985.0,0.0,0.0,20101.0,0.0,0.0,0.0,0.0
2023-03-19 20:55:49.812000+00:00,57344.0,3080192.0,4005888.0,3973120.0,6.48,0.040797141,7.0,5089872.0,0.0,0.0,34773.0,2907076.0,0.0,0.0,20131.0,0.0,0.0,0.0,0.0
2023-03-19 20:55:54.302000+00:00,57344.0,3080192.0,4005888.0,3964928.0,6.49,0.040797141,7.01,5091930.0,0.0,0.0,34787.0,2907772.0,0.0,0.0,20138.0,0.0,0.0,0.0,0.0
2023-03-19 20:55:59.543000+00:00,57344.0,3080192.0,3993600.0,3960832.0,6.49,0.040797141,7.01,5098007.0,0.0,0.0,34825.0,2910898.0,0.0,0.0,20160.0,0.0,0.0,0.0,0.0
2023-03-19 20:56:03.316000+00:00,57344.0,3080192.0,3993600.0,3960832.0,6.49,0.040797141,7.02,5098007.0,0.0,0.0,34825.0,2910898.0,0.0,0.0,20179.0,0.0,0.0,0.0,0.0
2023-03-19 20:56:08.588000+00:00,57344.0,3080192.0,3862528.0,3829760.0,6.5,0.040797141,7.03,5103868.0,0.0,0.0,34867.0,2914962.0,0.0,0.0,20185.0,0.0,0.0,0.0,0.0
2023-03-19 20:56:14.711000+00:00,57344.0,3080192.0,3862528.0,3829760.0,6.5,0.040797141,7.03,5103868.0,0.0,0.0,34867.0,2914962.0,0.0,0.0,20185.0,0.0,0.0,0.0,0.0
2023-03-19 20:56:18.768000+00:00,57344.0,3080192.0,3862528.0,3829760.0,6.51,0.040797141,7.03,5105898.0,0.0,0.0,34880.0,2916111.0,0.0,0.0,20193.0,0.0,0.0,0.0,0.0
2023-03-19 20:56:23.728000+00:00,57344.0,3080192.0,3985408.0,3952640.0,6.51,0.040797141,7.03,5109200.0,0.0,0.0,34901.0,2917758.0,0.0,0.0,20205.0,0.0,0.0,0.0,0.0
2023-03-19 20:56:29.107000+00:00,57344.0,3084288.0,3993600.0,3960832.0,6.51,0.040797141,7.05,5112059.0,0.0,0.0,34920.0,2918987.0,0.0,0.0,20215.0,0.0,0.0,0.0,0.0
2023-03-19 20:56:33.881000+00:00,57344.0,3080192.0,3993600.0,3960832.0,6.52,0.040797141,7.06,5112059.0,0.0,0.0,34958.0,2922392.0,0.0,0.0,20236.0,0.0,0.0,0.0,0.0
2023-03-19 20:56:39.445000+00:00,57344.0,3084288.0,3870720.0,3837952.0,6.52,0.040797141,7.06,5124037.0,0.0,0.0,35004.0,2926431.0,0.0,0.0,20263.0,0.0,0.0,0.0,0.0
2023-03-19 20:56:44.569000+00:00,57344.0,3080192.0,4005888.0,3973120.0,6.53,0.040797141,7.06,5126116.0,0.0,0.0,35021.0,2927673.0,0.0,0.0,20273.0,0.0,0.0,0.0,0.0
2023-03-19 20:56:48.836000+00:00,57344.0,3080192.0,3997696.0,3964928.0,6.53,0.040797141,7.06,5129034.0,0.0,0.0,35038.0,2929110.0,0.0,0.0,20283.0,0.0,0.0,0.0,0.0
2023-03-19 20:56:54.762000+00:00,57344.0,3080192.0,3997696.0,3964928.0,6.54,0.040797141,7.07,5131367.0,0.0,0.0,35057.0,2930339.0,0.0,0.0,20294.0,0.0,0.0,0.0,0.0
2023-03-19 20:56:59.305000+00:00,57344.0,3076096.0,3981312.0,3948544.0,6.55,0.040797141,7.07,5132144.0,0.0,0.0,35063.0,2930554.0,0.0,0.0,20297.0,0.0,0.0,0.0,0.0
2023-03-19 20:57:04.087000+00:00,57344.0,3076096.0,3981312.0,3948544.0,6.56,0.040797141,7.08,5132144.0,0.0,0.0,35103.0,2933623.0,0.0,0.0,20320.0,0.0,0.0,0.0,0.0
2023-03-19 20:57:09.054000+00:00,57344.0,3076096.0,3989504.0,3956736.0,6.57,0.040797141,7.08,5145836.0,0.0,0.0,35149.0,2937711.0,0.0,0.0,20347.0,0.0,0.0,0.0,0.0
2023-03-19 20:57:13.637000+00:00,57344.0,3084288.0,4005888.0,3973120.0,6.58,0.040797141,7.09,5148282.0,0.0,0.0,35172.0,2938986.0,0.0,0.0,20360.0,0.0,0.0,0.0,0.0
2023-03-19 20:57:19.796000+00:00,57344.0,3092480.0,4005888.0,3973120.0,6.58,0.040797141,7.1,5162951.0,0.0,0.0,35262.0,2946813.0,0.0,0.0,20414.0,0.0,0.0,0.0,0.0
2023-03-19 20:57:24.600000+00:00,57344.0,3092480.0,3997696.0,3964928.0,6.6,0.040797141,7.1,5169000.0,0.0,0.0,35299.0,2950412.0,0.0,0.0,20436.0,0.0,0.0,0.0,0.0
2023-03-19 20:57:28.420000+00:00,57344.0,3076096.0,3862528.0,3829760.0,6.6,0.040797141,7.11,5172117.0,0.0,0.0,35320.0,2951980.0,0.0,0.0,20448.0,0.0,0.0,0.0,0.0
2023-03-19 20:57:33.097000+00:00,57344.0,3076096.0,3862528.0,3960832.0,6.61,0.040797141,7.11,5177690.0,0.0,0.0,35355.0,2955096.0,0.0,0.0,20468.0,0.0,0.0,0.0,0.0
2023-03-19 20:57:39.379000+00:00,57344.0,3088384.0,4001792.0,3969024.0,6.61,0.040797141,7.12,5186210.0,0.0,0.0,35416.0,2959504.0,0.0,0.0,20502.0,0.0,0.0,0.0,0.0
2023-03-19 20:57:44.884000+00:00,57344.0,3080192.0,4001792.0,3964928.0,6.62,0.040797141,7.12,5193841.0,0.0,0.0,35465.0,2963542.0,0.0,0.0,20530.0,0.0,0.0,0.0,0.0
2023-03-19 20:57:49.561000+00:00,57344.0,3084288.0,4001792.0,3964928.0,6.63,0.040797141,7.13,5198779.0,0.0,0.0,35501.0,2966011.0,0.0,0.0,20550.0,0.0,0.0,0.0,0.0
2023-03-19 20:57:53.361000+00:00,57344.0,3080192.0,4001792.0,3964928.0,6.64,0.040797141,7.13,5198779.0,0.0,0.0,35501.0,2966011.0,0.0,0.0,20550.0,0.0,0.0,0.0,0.0
2023-03-19 20:57:58.151000+00:00,57344.0,3084288.0,4132864.0,4100096.0,6.64,0.040797141,7.14,5210408.0,0.0,0.0,35578.0,2972890.0,0.0,0.0,20594.0,0.0,0.0,0.0,0.0
2023-03-19 20:58:04.747000+00:00,57344.0,3084288.0,4132864.0,3977216.0,6.65,0.040797141,7.14,5215019.0,0.0,0.0,35614.0,2975252.0,0.0,0.0,20613.0,0.0,0.0,0.0,0.0
2023-03-19 20:58:09.193000+00:00,57344.0,3080192.0,3993600.0,3960832.0,6.66,0.040797141,7.16,5219284.0,0.0,0.0,35637.0,2977972.0,0.0,0.0,20626.0,0.0,0.0,0.0,0.0
2023-03-19 20:58:14.317000+00:00,57344.0,3080192.0,3993600.0,3960832.0,6.66,0.040797141,7.16,5219284.0,0.0,0.0,35637.0,2977972.0,0.0,0.0,20626.0,0.0,0.0,0.0,0.0
2023-03-19 20:58:17.981000+00:00,57344.0,3080192.0,3862528.0,3829760.0,6.67,0.040797141,7.17,5223802.0,0.0,0.0,35663.0,2980708.0,0.0,0.0,20642.0,0.0,0.0,0.0,0.0
2023-03-19 20:58:23.434000+00:00,57344.0,3080192.0,3862528.0,3829760.0,6.68,0.040797141,7.18,5223802.0,0.0,0.0,35663.0,2980708.0,0.0,0.0,20662.0,0.0,0.0,0.0,0.0
2023-03-19 20:58:29.437000+00:00,57344.0,3084288.0,3997696.0,3960832.0,6.69,0.040797141,7.19,5239854.0,0.0,0.0,35779.0,2990105.0,0.0,0.0,20709.0,0.0,0.0,0.0,0.0
2023-03-19 20:58:33.770000+00:00,57344.0,3084288.0,4001792.0,3964928.0,6.69,0.040797141,7.2,5242874.0,0.0,0.0,35800.0,2991729.0,0.0,0.0,20721.0,0.0,0.0,0.0,0.0
2023-03-19 20:58:38.896000+00:00,57344.0,3084288.0,4001792.0,3969024.0,6.7,0.040797141,7.21,5245180.0,0.0,0.0,35815.0,2992871.0,0.0,0.0,20729.0,0.0,0.0,0.0,0.0
2023-03-19 20:58:43.314000+00:00,57344.0,3084288.0,4001792.0,3969024.0,6.7,0.040797141,7.21,5245180.0,0.0,0.0,35815.0,2992871.0,0.0,0.0,20729.0,0.0,0.0,0.0,0.0
2023-03-19 20:58:49.165000+00:00,57344.0,3076096.0,3858432.0,3825664.0,6.7,0.040797141,7.22,5251248.0,0.0,0.0,35854.0,2996816.0,0.0,0.0,20752.0,0.0,0.0,0.0,0.0
2023-03-19 20:58:53.739000+00:00,57344.0,3076096.0,3858432.0,3825664.0,6.7,0.040797141,7.22,5251248.0,0.0,0.0,35854.0,2997976.0,0.0,0.0,20761.0,0.0,0.0,0.0,0.0
2023-03-19 20:58:59.518000+00:00,57344.0,3084288.0,4001792.0,3969024.0,6.72,0.040797141,7.23,5262992.0,0.0,0.0,35942.0,3003070.0,0.0,0.0,20801.0,0.0,0.0,0.0,0.0
2023-03-19 20:59:03.934000+00:00,57344.0,3084288.0,3997696.0,3964928.0,6.72,0.040797141,7.23,5273316.0,0.0,0.0,36002.0,3008027.0,0.0,0.0,20836.0,0.0,0.0,0.0,0.0
2023-03-19 20:59:08.276000+00:00,57344.0,3080192.0,3993600.0,3956736.0,6.73,0.040797141,7.23,5277291.0,0.0,0.0,36032.0,3010486.0,0.0,0.0,20853.0,0.0,0.0,0.0,0.0
2023-03-19 20:59:13.959000+00:00,57344.0,3080192.0,3866624.0,3829760.0,6.74,0.040797141,7.24,5282799.0,0.0,0.0,36073.0,3013958.0,0.0,0.0,20878.0,0.0,0.0,0.0,0.0
2023-03-19 20:59:18.882000+00:00,57344.0,3076096.0,3989504.0,3956736.0,6.75,0.040797141,7.24,5284878.0,0.0,0.0,36090.0,3015174.0,0.0,0.0,20887.0,0.0,0.0,0.0,0.0
2023-03-19 20:59:24.167000+00:00,57344.0,3076096.0,3989504.0,3960832.0,6.75,0.040797141,7.24,5291145.0,0.0,0.0,36139.0,3019034.0,0.0,0.0,20917.0,0.0,0.0,0.0,0.0
2023-03-19 20:59:29.606000+00:00,57344.0,3080192.0,3997696.0,3964928.0,6.75,0.040797141,7.24,5292098.0,0.0,0.0,36147.0,3019513.0,0.0,0.0,20921.0,0.0,0.0,0.0,0.0
2023-03-19 20:59:34.147000+00:00,57344.0,3084288.0,3866624.0,3825664.0,6.75,0.040797141,7.25,5298340.0,0.0,0.0,36185.0,3022195.0,0.0,0.0,20942.0,0.0,0.0,0.0,0.0
2023-03-19 20:59:39.198000+00:00,57344.0,3084288.0,3997696.0,3956736.0,6.76,0.040797141,7.26,5300843.0,0.0,0.0,36204.0,3023508.0,0.0,0.0,20953.0,0.0,0.0,0.0,0.0
2023-03-19 20:59:44.460000+00:00,57344.0,3084288.0,3997696.0,3956736.0,6.76,0.040797141,7.27,5300843.0,0.0,0.0,36204.0,3023508.0,0.0,0.0,20953.0,0.0,0.0,0.0,0.0
2023-03-19 20:59:49.318000+00:00,57344.0,3076096.0,4001792.0,3969024.0,6.76,0.040797141,7.28,5310110.0,0.0,0.0,36273.0,3028558.0,0.0,0.0,20992.0,0.0,0.0,0.0,0.0
2023-03-19 20:59:54.659000+00:00,57344.0,3076096.0,4001792.0,3964928.0,6.77,0.040797141,7.29,5319641.0,0.0,0.0,36340.0,3034019.0,0.0,0.0,21032.0,0.0,0.0,0.0,0.0
2023-03-19 20:59:58.729000+00:00,57344.0,3088384.0,4001792.0,3969024.0,6.78,0.040797141,7.29,5328178.0,0.0,0.0,36401.0,3038901.0,0.0,0.0,21069.0,0.0,0.0,0.0,0.0
2023-03-19 21:00:03.721000+00:00,57344.0,3080192.0,3993600.0,3956736.0,6.78,0.040797141,7.29,5333057.0,0.0,0.0,36433.0,3041584.0,0.0,0.0,21087.0,0.0,0.0,0.0,0.0
2023-03-19 21:00:09.613000+00:00,57344.0,3080192.0,3993600.0,3956736.0,6.78,0.040797141,7.31,5337104.0,0.0,0.0,36463.0,3043914.0,0.0,0.0,21105.0,0.0,0.0,0.0,0.0
2023-03-19 21:00:13.534000+00:00,57344.0,3080192.0,3993600.0,3956736.0,6.78,0.040797141,7.31,5337104.0,0.0,0.0,36463.0,3043914.0,0.0,0.0,21105.0,0.0,0.0,0.0,0.0
2023-03-19 21:00:19.346000+00:00,57344.0,3076096.0,3989504.0,3956736.0,6.79,0.040797141,7.32,5344253.0,0.0,0.0,36512.0,3048147.0,0.0,0.0,21134.0,0.0,0.0,0.0,0.0
2023-03-19 21:00:23.710000+00:00,57344.0,3076096.0,3989504.0,3956736.0,6.8,0.040797141,7.33,5344253.0,0.0,0.0,36512.0,3048147.0,0.0,0.0,21134.0,0.0,0.0,0.0,0.0
2023-03-19 21:00:28.911000+00:00,57344.0,3076096.0,3989504.0,3956736.0,6.81,0.040797141,7.34,5349644.0,0.0,0.0,36552.0,3051305.0,0.0,0.0,21157.0,0.0,0.0,0.0,0.0
2023-03-19 21:00:33.687000+00:00,57344.0,3076096.0,3989504.0,3956736.0,6.81,0.040797141,7.34,5349644.0,0.0,0.0,36552.0,3051305.0,0.0,0.0,21178.0,0.0,0.0,0.0,0.0
2023-03-19 21:00:39.472000+00:00,57344.0,3088384.0,4001792.0,3969024.0,6.82,0.040797141,7.35,5359298.0,0.0,0.0,36619.0,3056242.0,0.0,0.0,21195.0,0.0,0.0,0.0,0.0
2023-03-19 21:00:44.413000+00:00,57344.0,3088384.0,4001792.0,3969024.0,6.82,0.040797141,7.36,5359298.0,0.0,0.0,36619.0,3056242.0,0.0,0.0,21195.0,0.0,0.0,0.0,0.0
2023-03-19 21:00:49.662000+00:00,57344.0,3084288.0,3997696.0,3960832.0,6.83,0.040797141,7.37,5370998.0,0.0,0.0,36697.0,3064267.0,0.0,0.0,21242.0,0.0,0.0,0.0,0.0
2023-03-19 21:00:53.511000+00:00,57344.0,3076096.0,3997696.0,3964928.0,6.83,0.040973938,7.38,5372015.0,0.0,0.0,36705.0,3064772.0,0.0,0.0,21246.0,0.0,0.0,0.0,0.0
2023-03-19 21:00:58.556000+00:00,57344.0,3076096.0,4132864.0,4100096.0,6.84,0.041462452,7.38,5378291.0,0.0,0.0,36750.0,3068629.0,0.0,0.0,21273.0,0.0,0.0,0.0,0.0
2023-03-19 21:01:03.487000+00:00,57344.0,3076096.0,4132864.0,4100096.0,6.84,0.041462452,7.4,5378291.0,0.0,0.0,36750.0,3070648.0,0.0,0.0,21291.0,0.0,0.0,0.0,0.0
2023-03-19 21:01:08.490000+00:00,57344.0,3084288.0,4001792.0,3969024.0,6.84,0.041462452,7.41,5390959.0,0.0,0.0,36844.0,3076290.0,0.0,0.0,21327.0,0.0,0.0,0.0,0.0
2023-03-19 21:01:14.349000+00:00,57344.0,3080192.0,3993600.0,3956736.0,6.85,0.041462452,7.41,5400530.0,0.0,0.0,36844.0,3076290.0,0.0,0.0,21327.0,0.0,0.0,0.0,0.0
2023-03-19 21:01:19.726000+00:00,57344.0,3084288.0,3993600.0,3956736.0,6.85,0.041462452,7.42,5403280.0,0.0,0.0,36933.0,3083064.0,0.0,0.0,21379.0,0.0,0.0,0.0,0.0
2023-03-19 21:01:24.112000+00:00,57344.0,3084288.0,3993600.0,3960832.0,6.86,0.041462452,7.43,5406486.0,0.0,0.0,36957.0,3085229.0,0.0,0.0,21394.0,0.0,0.0,0.0,0.0
2023-03-19 21:01:29.749000+00:00,57344.0,3076096.0,3870720.0,3837952.0,6.86,0.041462452,7.43,5407352.0,0.0,0.0,36965.0,3085621.0,0.0,0.0,21398.0,0.0,0.0,0.0,0.0
2023-03-19 21:01:34.822000+00:00,57344.0,3076096.0,3870720.0,3837952.0,6.87,0.041462452,7.44,5407352.0,0.0,0.0,36982.0,3087677.0,0.0,0.0,21408.0,0.0,0.0,0.0,0.0
2023-03-19 21:01:38.595000+00:00,57344.0,3076096.0,4124672.0,4091904.0,6.87,0.041462452,7.44,5410204.0,0.0,0.0,36984.0,3087750.0,0.0,0.0,21409.0,0.0,0.0,0.0,0.0
2023-03-19 21:01:43.549000+00:00,57344.0,3076096.0,3989504.0,3956736.0,6.88,0.041462452,7.45,5412625.0,0.0,0.0,37001.0,3088935.0,0.0,0.0,21418.0,0.0,0.0,0.0,0.0
2023-03-19 21:01:48.713000+00:00,57344.0,3076096.0,4005888.0,3973120.0,6.88,0.041462452,7.45,5415842.0,0.0,0.0,37024.0,3090400.0,0.0,0.0,21431.0,0.0,0.0,0.0,0.0
2023-03-19 21:01:53.858000+00:00,57344.0,3076096.0,3862528.0,3829760.0,6.88,0.041462452,7.46,5419541.0,0.0,0.0,37048.0,3092458.0,0.0,0.0,21445.0,0.0,0.0,0.0,0.0
2023-03-19 21:01:59.668000+00:00,57344.0,3076096.0,3993600.0,3960832.0,6.88,0.041462452,7.47,5427353.0,0.0,0.0,37098.0,3096646.0,0.0,0.0,21476.0,0.0,0.0,0.0,0.0
2023-03-19 21:02:03.942000+00:00,57344.0,3076096.0,3993600.0,3960832.0,6.89,0.041462452,7.48,5430610.0,0.0,0.0,37119.0,3098078.0,0.0,0.0,21487.0,0.0,0.0,0.0,0.0
2023-03-19 21:02:09.473000+00:00,57344.0,3076096.0,3989504.0,3956736.0,6.9,0.041462452,7.49,5432854.0,0.0,0.0,37138.0,3099383.0,0.0,0.0,21497.0,0.0,0.0,0.0,0.0
2023-03-19 21:02:14.001000+00:00,57344.0,3076096.0,3993600.0,3960832.0,6.92,0.041462452,7.51,5438892.0,0.0,0.0,37183.0,3103179.0,0.0,0.0,21524.0,0.0,0.0,0.0,0.0
2023-03-19 21:02:18.941000+00:00,57344.0,3076096.0,3989504.0,3956736.0,6.93,0.041462452,7.51,5440540.0,0.0,0.0,37196.0,3104093.0,0.0,0.0,21532.0,0.0,0.0,0.0,0.0
2023-03-19 21:02:23.919000+00:00,57344.0,3076096.0,3989504.0,3956736.0,6.93,0.041462452,7.51,5445010.0,0.0,0.0,37226.0,3106526.0,0.0,0.0,21550.0,0.0,0.0,0.0,0.0
2023-03-19 21:02:29.205000+00:00,57344.0,3076096.0,3989504.0,3956736.0,6.94,0.041462452,7.52,5445010.0,0.0,0.0,37226.0,3106526.0,0.0,0.0,21550.0,0.0,0.0,0.0,0.0
2023-03-19 21:02:33.866000+00:00,57344.0,3076096.0,4005888.0,3973120.0,6.94,0.041462452,7.52,5448367.0,0.0,0.0,37247.0,3108126.0,0.0,0.0,21562.0,0.0,0.0,0.0,0.0
2023-03-19 21:02:39.896000+00:00,57344.0,3076096.0,3993600.0,3960832.0,6.95,0.041462452,7.54,5451612.0,0.0,0.0,37271.0,3110030.0,0.0,0.0,21576.0,0.0,0.0,0.0,0.0
2023-03-19 21:02:44.031000+00:00,57344.0,3076096.0,3989504.0,3956736.0,6.95,0.041462452,7.54,5453030.0,0.0,0.0,37280.0,3111236.0,0.0,0.0,21581.0,0.0,0.0,0.0,0.0
2023-03-19 21:02:49.878000+00:00,57344.0,3076096.0,3997696.0,3964928.0,6.96,0.041462452,7.54,5455116.0,0.0,0.0,37295.0,3112408.0,0.0,0.0,21590.0,0.0,0.0,0.0,0.0
2023-03-19 21:02:53.440000+00:00,57344.0,3076096.0,3997696.0,3964928.0,6.96,0.041462452,7.55,5455116.0,0.0,0.0,37295.0,3112408.0,0.0,0.0,21617.0,0.0,0.0,0.0,0.0
2023-03-19 21:02:59.180000+00:00,57344.0,3080192.0,3993600.0,3960832.0,6.97,0.041462452,7.56,5466862.0,0.0,0.0,37369.0,3118842.0,0.0,0.0,21634.0,0.0,0.0,0.0,0.0
2023-03-19 21:03:04.825000+00:00,57344.0,3080192.0,3874816.0,3842048.0,6.97,0.041462452,7.57,5475183.0,0.0,0.0,37426.0,3123561.0,0.0,0.0,21668.0,0.0,0.0,0.0,0.0
2023-03-19 21:03:08.930000+00:00,57344.0,3096576.0,4009984.0,3977216.0,6.98,0.041462452,7.57,5480782.0,0.0,0.0,37462.0,3126585.0,0.0,0.0,21689.0,0.0,0.0,0.0,0.0
2023-03-19 21:03:13.786000+00:00,57344.0,3096576.0,4009984.0,3977216.0,6.98,0.041462452,7.58,5480782.0,0.0,0.0,37462.0,3126585.0,0.0,0.0,21689.0,0.0,0.0,0.0,0.0
2023-03-19 21:03:19.443000+00:00,57344.0,3096576.0,4009984.0,3969024.0,6.98,0.041462452,7.58,5492484.0,0.0,0.0,37547.0,3133062.0,0.0,0.0,21739.0,0.0,0.0,0.0,0.0
2023-03-19 21:03:24.205000+00:00,57344.0,3084288.0,4014080.0,3981312.0,6.99,0.041462452,7.6,5502210.0,0.0,0.0,37610.0,3138616.0,0.0,0.0,21778.0,0.0,0.0,0.0,0.0
2023-03-19 21:03:29.486000+00:00,57344.0,3084288.0,3997696.0,3964928.0,6.99,0.041462452,7.6,5503117.0,0.0,0.0,37616.0,3138935.0,0.0,0.0,21781.0,0.0,0.0,0.0,0.0
2023-03-19 21:03:34.306000+00:00,57344.0,3084288.0,4001792.0,3969024.0,7.0,0.041462452,7.6,5504903.0,0.0,0.0,37629.0,3140079.0,0.0,0.0,21789.0,0.0,0.0,0.0,0.0
2023-03-19 21:03:39.540000+00:00,57344.0,3088384.0,3997696.0,3964928.0,7.0,0.041462452,7.61,5507305.0,0.0,0.0,37649.0,3141024.0,0.0,0.0,21799.0,0.0,0.0,0.0,0.0
2023-03-19 21:03:44.777000+00:00,57344.0,3088384.0,4001792.0,3969024.0,7.0,0.041462452,7.62,5512198.0,0.0,0.0,37680.0,3143938.0,0.0,0.0,21818.0,0.0,0.0,0.0,0.0
2023-03-19 21:03:49.209000+00:00,57344.0,3088384.0,4001792.0,3969024.0,7.01,0.041462452,7.62,5512198.0,0.0,0.0,37680.0,3143938.0,0.0,0.0,21818.0,0.0,0.0,0.0,0.0
2023-03-19 21:03:53.335000+00:00,57344.0,3092480.0,4005888.0,3969024.0,7.01,0.041462452,7.63,5513001.0,0.0,0.0,37686.0,3144153.0,0.0,0.0,21821.0,0.0,0.0,0.0,0.0
2023-03-19 21:03:59.260000+00:00,57344.0,3092480.0,4009984.0,3973120.0,7.01,0.041462452,7.64,5518362.0,0.0,0.0,37718.0,3147076.0,0.0,0.0,21840.0,0.0,0.0,0.0,0.0
2023-03-19 21:04:04.445000+00:00,57344.0,3092480.0,3874816.0,3837952.0,7.02,0.041462452,7.64,5521702.0,0.0,0.0,37737.0,3148665.0,0.0,0.0,21851.0,0.0,0.0,0.0,0.0
2023-03-19 21:04:09.664000+00:00,57344.0,3084288.0,3997696.0,3964928.0,7.02,0.041462452,7.64,5521702.0,0.0,0.0,37737.0,3148665.0,0.0,0.0,21851.0,0.0,0.0,0.0,0.0
2023-03-19 21:04:13.832000+00:00,57344.0,3084288.0,3997696.0,3964928.0,7.02,0.041462452,7.65,5521702.0,0.0,0.0,37737.0,3148665.0,0.0,0.0,21851.0,0.0,0.0,0.0,0.0
2023-03-19 21:04:19.068000+00:00,57344.0,3092480.0,4005888.0,3973120.0,7.04,0.041462452,7.65,5538075.0,0.0,0.0,37848.0,3158080.0,0.0,0.0,21919.0,0.0,0.0,0.0,0.0
2023-03-19 21:04:24.008000+00:00,57344.0,3092480.0,4005888.0,3973120.0,7.04,0.041462452,7.65,5542864.0,0.0,0.0,37880.0,3160371.0,0.0,0.0,21936.0,0.0,0.0,0.0,0.0
2023-03-19 21:04:28.563000+00:00,57344.0,3088384.0,4005888.0,3969024.0,7.04,0.041462452,7.66,5542864.0,0.0,0.0,37880.0,3160371.0,0.0,0.0,21936.0,0.0,0.0,0.0,0.0
2023-03-19 21:04:34.832000+00:00,57344.0,3084288.0,4005888.0,3969024.0,7.06,0.041462452,7.66,5542864.0,0.0,0.0,37880.0,3160371.0,0.0,0.0,21936.0,0.0,0.0,0.0,0.0
2023-03-19 21:04:39.361000+00:00,57344.0,3084288.0,3997696.0,3964928.0,7.06,0.041462452,7.67,5542864.0,0.0,0.0,37880.0,3160371.0,0.0,0.0,21936.0,0.0,0.0,0.0,0.0
2023-03-19 21:04:43.788000+00:00,57344.0,3084288.0,3997696.0,3964928.0,7.06,0.041462452,7.68,5542864.0,0.0,0.0,37880.0,3160371.0,0.0,0.0,21936.0,0.0,0.0,0.0,0.0
2023-03-19 21:04:48.078000+00:00,57344.0,3092480.0,3874816.0,3842048.0,7.07,0.041462452,7.68,5545494.0,0.0,0.0,37898.0,3161609.0,0.0,0.0,21946.0,0.0,0.0,0.0,0.0
2023-03-19 21:04:54.300000+00:00,57344.0,3092480.0,3874816.0,3973120.0,7.07,0.041462452,7.69,5550122.0,0.0,0.0,37928.0,3163984.0,0.0,0.0,21963.0,0.0,0.0,0.0,0.0
2023-03-19 21:04:59.296000+00:00,57344.0,3092480.0,4005888.0,3964928.0,7.08,0.041462452,7.69,5551325.0,0.0,0.0,37939.0,3164697.0,0.0,0.0,21969.0,0.0,0.0,0.0,0.0
